program_a,variant_a,program_b,variant_b,ground_truth,timestamp,response,pair_id
2013_0_1,103399,2013_0_1,99825,CLONE,2026-08-04 09:32:06,"{
  ""answer"": ""YES-SIMILAR"",
  ""explanation"": ""Both code snippets implement a solution to the same problem, which is determining the status of a 4x4 Tic-Tac-Toe board (likely from the Google Code Jam 'Tic-Tac-Toe' problem). They both read an input file containing the number of test cases and the board configurations. For each board, they analyze rows, columns, and diagonals to determine if player 'X' has won, player 'O' has won, if the game is a draw, or if it is not yet completed. They both handle the special character 'T' (Tie breaker) which can act as either 'X' or 'O' to complete a winning line. Finally, both snippets output the result for each case in the format 'Case #n: <status>'. Although the implementation details differ (Java uses string matching for lines, while C++ uses a cumulative sum/difference approach for rows/cols and explicit checks for diagonals), the functional behavior and input/output specifications are identical.""
}",0
2013_0_1,99825,2013_0_1,125888,CLONE,2026-08-04 09:32:10,"{
  ""answer"": ""YES-SIMILAR"",
  ""explanation"": ""Both code snippets implement a solution for the 'Tic-Tac-Toe-Tomek' problem, likely from the Google Code Jam 2013 Round 1C. They both read an input specifying the number of test cases, process 4x4 game boards containing 'X', 'O', 'T' (Tomek), and '.' (empty), and determine the game state. The possible outputs for both are 'X won', 'O won', 'Draw', or 'Game has not completed' (referred to as 'ONGOING' in the Python code). While the C++ code uses a more complex accumulation logic with arrays `q` and `r` to track wins and a flag `d` for empty cells, and the Python code uses set operations to check for uniform rows/columns/diagonals, they achieve the same functional result: analyzing the state of the Tic-Tac-Toe-Tomek board according to the same rules.""
}",1
2013_0_1,125888,2013_0_1,84842,CLONE,2026-08-04 09:32:13,"{
  ""answer"": ""YES-SIMILAR"",
  ""explanation"": ""Both code snippets solve the 'Tic-Tac-Toe-Tomek' problem, which involves analyzing a 4x4 game board to determine the winner (X or O), if the game is ongoing, or if it is a draw. They handle the special 'T' (Tomek) token as a wildcard that can complete a line for either player. Both snippets iterate through multiple test cases, read the 4x4 grid, check for winning conditions (rows, columns, diagonals) using sets in Python and regex in PHP, check for empty cells to determine if the game is ongoing, and output the result in the same format ('Case #n: X won', 'O won', 'Draw', or 'Game has not completed'). The logic for determining the state of the game is functionally equivalent.""
}",2
2013_0_1,84842,2013_0_1,103399,CLONE,2026-08-04 09:32:17,"{
  ""answer"": ""YES-SIMILAR"",
  ""explanation"": ""Both code snippets solve the same problem: determining the state of a 4x4 Tic-Tac-Toe game board (likely from Google Code Jam 2013). They both read input data containing multiple test cases, parse the 4x4 grid for each case, and determine if Player X won, Player O won, the game is a draw, or if it is incomplete. They handle the 'T' (Tie) character as a wildcard for both players in checking for winning lines (rows, columns, and diagonals). Although the class name in the Java snippet is misleadingly named 'KnapSack', the internal logic (`Board`, `getOutput`, checking rows/cols/diagonals for XXXX/XXXX with T wildcards, etc.) is functionally identical to the PHP snippet's regex-based approach.""
}",3
2013_0_1,49244,2013_0_1,98087,CLONE,2026-08-04 09:32:22,"{
  ""answer"": ""YES-SIMILAR"",
  ""explanation"": ""Both code snippets solve the same problem: determining the status of a 4x4 Tic-Tac-Toe-like game board. The input format (reading a number of test cases, then 4 lines of board data per case) and output format ('Case #X: ...') are identical, suggesting they are solutions to the same competitive programming problem (likely Google Code Jam 2015 Round 1A Problem A: Tic-Tac-Toe-Tomek). \n\nFunctionally:\n1. Both handle the board characters 'X', 'O', 'T' (Treat as either X or O), and '.' (Empty).\n2. Both check for a win condition for X and O across rows, columns, and two diagonals. The 'T' character acts as a wildcard for the player being checked.\n3. Both check for an incomplete game (presence of empty cells '.').\n4. Both check for a draw (no winner and no empty cells).\n5. Both output the correct status string corresponding to the game state.\n\nAlthough the implementation details differ (Java vs C++, different loop structures, different handling of the 'T' wildcard logic), the logical outcome for any given valid input is the same.""
}",4
2013_0_1,98087,2013_0_1,91336,CLONE,2026-08-04 09:32:26,"{
  ""answer"": ""YES-SIMILAR"",
  ""explanation"": ""Both code snippets solve the same problem: determining the state of a 4x4 Tic-Tac-Toe board (likely from the Google Code Jam Tic-Tac-Toe-Toe problem). They both handle multiple test cases. They both check for a win by player 'X' or 'O', considering that 'T' (Tied) acts as a wildcard for both players in determining a win. They both check if the game is incomplete (presence of empty cells '.') or if it is a draw. Although the C++ code explicitly copies the board and replaces 'T' with 'X' or 'O' for checking, while the Python code checks for 'l' or 'T' directly, the logical outcome for determining winners is identical. The handling of game states (Won, Draw, Not Completed) is also consistent between the two snippets.""
}",5
2013_0_1,91336,2013_0_1,102913,CLONE,2026-08-04 09:32:31,"{
  ""answer"": ""YES-SIMILAR"",
  ""explanation"": ""Both code snippets implement the solution to the 'Connect Four' problem (likely from Google Code Jam 2014 Round 1C). They both:\n1. Read input containing a number of test cases followed by 4x4 game boards separated by empty lines.\n2. Parse the board state, where 'X' and 'O' are players, 'T' is a tied cell (wildcard), and '.' is an empty cell.\n3. Check for a winner by examining rows, columns, and diagonals for four consecutive cells belonging to one player (allowing 'T' to substitute for either player).\n4. Determine the game status: 'X won', 'O won', 'Game has not completed' (if there are empty cells '.'), or 'Draw' (if the board is full but no one won).\n5. Output the result in the format 'Case #i: <status>'.\n\nAlthough the implementation details differ (Python uses nested loops with early returns for winner checks, while PHP uses separate functions for rows, cols, and diags returning status codes), the logical flow and final output for any given input are identical.""
}",6
2013_0_1,102913,2013_0_1,49244,CLONE,2026-08-04 09:32:37,"{
  ""answer"": ""YES-SIMILAR"",
  ""explanation"": ""Both code snippets implement a solution to the same problem, likely the 'Tic-Tac-Toe' problem from the Google Code Jam 2013 Qualification Round. \n\n1. **Input/Output Structure**: Both snippets read the number of test cases from an input source (file or standard input), process each case, and write the results to an output file in the specific format 'Case #n: Result'.\n2. **Game Logic**: Both analyze a 4x4 Tic-Tac-Toe board with pieces 'X', 'O', 'T' (Tied/Tile), and '.' (Empty).\n3. **Winning Conditions**: Both check rows, columns, and diagonals for a winner. A win is defined as a line containing 4 pieces of the same player, where 'T' can substitute for either 'X' or 'O'.\n4. **Result Determination**: \n   - If 'X' wins, both output 'X won'.\n   - If 'O' wins, both output 'O won'.\n   - If no one wins but there are empty cells ('.'), both output 'Game has not completed'.\n   - If no one wins and there are no empty cells, both output 'Draw'.\n\nAlthough the implementation details differ (PHP uses string manipulation and explicit counters for status/dot flags, while Java uses a class-based approach with integer constants and boolean flags for winner detection), the functional behavior and logic for determining the game state are identical.""
}",7
2013_0_1,126886,2013_0_1,72071,CLONE,2026-08-04 09:32:42,"{
  ""answer"": ""YES-SIMILAR"",
  ""explanation"": ""Both code snippets solve the 'Tic-Tac-Toe' problem from Google Code Jam 2013. They both read an integer T representing the number of test cases, then for each case, they read a 4x4 board consisting of 'X', 'O', 'T', and '.' characters. Both snippets check for winning conditions for 'X' and 'O' by examining rows, columns, and diagonals, treating 'T' as a wildcard that can match either player. If a win is found, they output 'X won' or 'O won'. If no win is found, they check if the board is full (no '.' characters) to determine if it is a 'Draw' or if the 'Game has not completed'. The output format 'Case #n: result' is identical in both. Although the implementation details differ (Java uses BufferedReader and manual character comparison logic, while C++ uses cin and counting logic), the functional behavior and results are the same.""
}",8
2013_0_1,72071,2013_0_1,70537,CLONE,2026-08-04 09:32:46,"{
  ""answer"": ""NO-NOT-SIMILAR"",
  ""explanation"": ""The two code snippets implement different logic for determining the state of a Tic-Tac-Toe-like game, specifically regarding the 'Draw' condition. Code Snippet 1 (C++) checks for a win first. If no winner is found, it checks if the board is full (16 cells occupied by X, O, or T) to declare a 'Draw'; otherwise, it declares 'Game has not completed'. It does not handle the scenario where both X and O have winning lines simultaneously (which would typically be a Draw in this specific Google Code Jam problem variant, 'Tic-Tac-Toe-Tomek'). Code Snippet 2 (Python), however, explicitly handles the case where both X and O have winning lines by setting the state to 'Draw'. Additionally, Code Snippet 2 checks for empty squares ('.') to determine if the game is 'Not Ended', whereas Code Snippet 1 simply counts total non-empty cells. Due to the missing logic in Snippet 1 to detect simultaneous wins as a Draw, the two snippets are not functionally equivalent for all valid inputs.""
}",9
2013_0_1,70537,2013_0_1,127485,CLONE,2026-08-04 09:32:53,"{
  ""answer"": ""YES-SIMILAR"",
  ""explanation"": ""Both code snippets solve the Google Code Jam 2014 problem 'Connect Four' (specifically the Tic-Tac-Toe variant with 'T' as a wildcard). \n\n1. **Input Handling**: Both read an input file, parse the number of test cases, and process each 4x4 board. Snippet 1 uses Python's `sys.argv` and file iteration, while Snippet 2 uses PHP's `file_get_contents` and string splitting. Both correctly skip empty lines between test cases.\n\n2. **Game Logic**: \n   - **Snippet 1** checks all rows, columns, and diagonals. It counts occurrences of 'X' and 'O', treating 'T' as a wildcard (adding its count to either 'X' or 'O'). If both 'X' and 'O' have winning lines, it declares a 'Draw'. If no one has won and there are no empty spots ('.'), it declares a 'Draw'. Otherwise, it declares 'Game has not completed'.\n   - **Snippet 2** performs similar checks for rows, columns, and diagonals. It increments counters `$X_wins` and `$O_wins` if a line contains no '.' and no opponent's piece. If `$X_wins > $O_wins`, 'X won'. If `$O_wins > $X_wins`, 'O won'. If they are equal (including both 0), it checks for empty spots ('.'). If none, 'Draw'; otherwise, 'Game has not completed'.\n\n3. **Output**: Both produce output in the format `Case #N: Result`, where Result is 'X won', 'O won', 'Draw', or 'Game has not",10
2013_0_1,127485,2013_0_1,126886,CLONE,2026-08-04 09:32:56,"{
  ""answer"": ""YES-SIMILAR"",
  ""explanation"": ""Both code snippets implement a solution to the 'Tic-Tac-Toe Tomek' problem from Google Code Jam 2013. They both read input representing 4x4 Tic-Tac-Toe boards, determine the state of each game (whether X won, O won, it's a draw, or the game is not completed), and output the results in the format 'Case #n: result'. While the implementation details differ (PHP parsing lines vs Java reading structured input, different logic for checking wins involving 'T' tiles and empty cells), the functional goal and input/output behavior are identical.""
}",11
2013_0_2,95524,2013_0_2,83774,CLONE,2026-08-04 09:33:02,"{
  ""answer"": ""YES-SIMILAR"",
  ""explanation"": ""Both code snippets solve the same problem, likely 'Lawnmower' from Google Code Jam 2011 Qualification Round. The problem asks whether a given grid of grass heights can be produced by a lawnmower that cuts all grass in a row or column to a uniform height (specifically, the height of the shortest grass in that row/column, or rather, the mower sets the height of a row/column to a specific value, and the final height of a cell is the minimum of the row and column operations? No, the standard problem is: can the grid be formed by taking the max of row-mins and col-mins? Or simpler: for each cell, is it the maximum in its row OR the maximum in its column? \n\nLet's re-read the logic carefully.\n\nSnippet 1 (Java):\n1. Reads grid.\n2. `posible` array initialized to true.\n3. Horizontal pass: For each cell `(j, k)`, if there is any cell in the same row `grid[j][l]` such that `grid[j][k] < grid[j][l]`, it sets `posible[j][k] = false`. This effectively marks a cell as 'invalid' if it is NOT the maximum in its row (strictly speaking, if it's smaller than any other, it's not the max). Wait, if there are duplicate maximums, say 5, 5, 4. For the first 5, is there a larger? No. So it stays true. For the 4, is there a larger? Yes (5). So it becomes false. This logic determines if a cell is a local maximum in its row.\n4. Vertical pass: This part",12
2013_0_2,83774,2013_0_2,78034,CLONE,2026-08-04 09:33:09,"{
  ""answer"": ""YES-SIMILAR"",
  ""explanation"": ""Both code snippets solve the same algorithmic problem, likely 'Lawnmower' from Google Code Jam 2011 Qualification Round. \n\n1. **Input Handling**: Both read a number of test cases, then for each case, read the dimensions (rows and columns) and a grid of integers.\n2. **Logic**: \n   - Snippet 1 (C++) iterates through every cell `a[i][j]`. For each cell, it checks if there is any value in the same row greater than `a[i][j]` (setting `rows = false` if not found, meaning it's a max or tied for max) and if there is any value in the same column greater than `a[i][j]` (setting `cols = false` if not found). If a cell is NOT the maximum in its row AND NOT the maximum in its column (`!rows && !cols`), it sets `ok = false`.\n   - Snippet 2 (Python) precalculates the maximum value for each row (`rowmax`) and each column (`colmax`). It then iterates through every cell `board[r][c]`. If a cell is strictly less than the row maximum AND strictly less than the column maximum, it sets the result to 'NO' and breaks.\n3. **Equivalence**: The condition `a[i][j] < rowmax[i]` is equivalent to `rows == false` in the C++ code (assuming distinct max or handling ties correctly). Specifically, if `a[i][j]` is not the maximum in its row, there exists some `k` such that `a[i][k] > a[i][j]`, so `rows` becomes false",13
2013_0_2,78034,2013_0_2,71957,CLONE,2026-08-04 09:33:12,"{
  ""answer"": ""YES-SIMILAR"",
  ""explanation"": ""Both code snippets implement the same algorithm to solve the 'Lawnmower' problem (likely from Google Code Jam). They both: 1) Read the number of test cases and then for each case, read the dimensions (rows/cols) and the grid of integers. 2) Calculate the maximum value for each row and each column. 3) Iterate through every cell in the grid to check if the cell's value is strictly less than both the maximum of its row and the maximum of its column. If such a cell is found, the result is 'NO'; otherwise, it is 'YES'. 4) Output the result in the specific format 'Case #n: YES/NO'. The logic, input parsing, and output formatting are functionally identical despite the difference in programming language (Python vs PHP) and implementation details (e.g., using exceptions for early exit in Python vs returning immediately in PHP).""
}",14
2013_0_2,71957,2013_0_2,95524,CLONE,2026-08-04 09:33:19,"{
  ""answer"": ""YES-SIMILAR"",
  ""explanation"": ""Both code snippets solve the same problem, likely Google Code Jam 2012 Qualification Round Problem B 'Hay Point' or a similar grid validation problem (specifically 'Magic Squares' or 'Landscape' type logic where every element must be the maximum in its row or column). \n\n1. **Input/Output**: Both read from a file (B-large.in), process a number of test cases, and write results to an output file in the format 'Case #i: YES/NO'.\n2. **Logic**: \n   - Snippet 1 calculates the maximum value for each row and each column. It then checks if every element in the grid is equal to the maximum of its respective row OR the maximum of its respective column. If an element is strictly less than both its row max and column max, it returns 'NO'. Otherwise, it returns 'YES'.\n   - Snippet 2 uses a boolean matrix `posible`. It initially marks all cells as possible. It then iterates through rows to mark cells as impossible if there is a larger value in the same row. Then it iterates through columns. The logic in Snippet 2 is slightly more complex in implementation (checking neighbors) but aims to determine if a cell can be 'visible' or 'maximal' in its row or column. Specifically, the horizontal pass marks a cell false if a larger element exists in its row. The vertical pass is trickier: it only re-evaluates cells that were already marked false (impossible by row) to see if they can be saved by being the max in their column. If a cell remains false after both passes, the answer is NO. \n   - Let's verify the logic equivalence. Snippet ",15
2013_0_2,44471,2013_0_2,140779,CLONE,2026-08-04 09:33:25,"{
  ""answer"": ""NO-NOT-SIMILAR"",
  ""explanation"": ""The two code snippets implement fundamentally different algorithms for what appears to be the same problem (likely Google Code Jam's 'Mowing the Lawn'). \n\nSnippet 2 implements the correct and standard solution for this problem: it checks if every cell `(r, c)` in the grid is less than or equal to the maximum value in its row OR the maximum value in its column. If a cell is strictly smaller than both its row maximum and column maximum, it cannot be the result of a lawnmower pass (which sets all cells in a row or column to the height of the highest grass in that row/column before cutting). Thus, it returns false.\n\nSnippet 1, however, implements an incorrect heuristic. It finds the global minimum value in the grid (`lowest`). It then iterates through the grid and checks specifically if any cell containing this `lowest` value fails to have its entire row or entire column composed exclusively of that `lowest` value. This logic is flawed because the validity of the lawn configuration does not depend on the global minimum filling entire rows or columns. For example, a valid lawn might have a minimum value of 1, but that 1 is surrounded by 2s and 3s, and its row/column maxima are 3. Snippet 1 would incorrectly flag this or miss other invalid configurations because it only looks at the global minimum and requires uniformity for that specific value, whereas Snippet 2 correctly checks the local constraint (cell <= max(row) or cell <= max(col)) for every single cell. Therefore, they are not functionally similar as they produce different results for many inputs.""
}",16
2013_0_2,140779,2013_0_2,122219,CLONE,2026-08-04 09:33:29,"{
  ""answer"": ""YES-SIMILAR"",
  ""explanation"": ""Both code snippets solve the same problem: determining if a given grid of numbers is 'valid' based on specific conditions. The logic in both snippets iterates through each cell of the grid and checks if the cell's value is strictly less than the maximum value in its row AND strictly less than the maximum value in its column. If such a cell is found, the grid is considered invalid ('NO'), otherwise it is valid ('YES'). Although there is a syntax error in the Python snippet (`board[r][col]` inside the generator expression where `r` is not defined in that scope, likely intended to be an index variable or referring to the column logic incorrectly), the algorithmic intent and structure are identical to the C++ snippet. The C++ code uses `g[rr][c]` to find the max in a column and `g[r][cc]` to find the max in a row. The Python code attempts to do the same with `board[row]` for the row max and a generator for the column max. Despite the bug in the Python code's column iteration syntax, the functional goal and the core logic comparison (`cell < max_row and cell < max_col`) are the same. Therefore, they are functionally similar in intent and logic.""
}",17
2013_0_2,122219,2013_0_2,96711,CLONE,2026-08-04 09:33:36,"{
  ""answer"": ""NO-NOT-SIMILAR"",
  ""explanation"": ""The two code snippets implement different logical checks for determining if a grid (lawnmower problem) is valid. \n\n1. **Snippet 1 (Python)** attempts to check if every cell is either the maximum in its row OR the maximum in its column. However, it contains a significant bug in the line `cell_file = (board[r][col] for r in xrange(n))` inside the loop where `r` is not defined in that scope (it should likely be iterating over rows to get the column). Even ignoring the syntax error, the logic `if cell < max(cell_rank) and cell < max(cell_file)` implies that a cell is invalid only if it is strictly smaller than the maximum of its row AND strictly smaller than the maximum of its column. This is equivalent to saying a cell is valid if it is maximal in its row OR maximal in its column.\n\n2. **Snippet 2 (PHP)** implements a different and incorrect logic for the standard Lawnmower problem. It iterates through each cell `x`. It first checks if there is any element in the same *column* that is greater than `x`. If such an element exists (`failOnce = true`), it then checks if there is any element in the same *row* that is greater than `x`. If both conditions are met (there is a larger element in the column AND a larger element in the row), it sets `fail = true`.\n\nWhile both snippets aim to solve a similar type of problem (checking grid properties), the specific logical conditions they evaluate are different. Snippet 1 checks for maximality in row or column. Snippet 2 checks if a cell is 'dominated' in both dimensions simultaneously. Furthermore, the standard solution",18
2013_0_2,96711,2013_0_2,44471,CLONE,2026-08-04 09:33:41,"{
  ""answer"": ""NO-NOT-SIMILAR"",
  ""explanation"": ""The two code snippets implement fundamentally different algorithms to solve what appears to be the 'Lawnmower' problem (Google Code Jam 2011). \n\nSnippet 1 implements the correct logic for the problem: it checks every cell in the grid to see if it can be the result of a row-cut or a column-cut. Specifically, for a cell to be valid, its height must be less than or equal to the maximum height in its row AND less than or equal to the maximum height in its column. The code iterates through each cell, checks if there is any higher value in the same column (implying the mower couldn't have cut the row to that height if the column had a taller grass) and vice-versa. If any cell violates this condition, the answer is NO.\n\nSnippet 2 implements an incorrect and logically distinct algorithm. It finds the global minimum height in the grid (`lowest`) and only checks cells that have this specific minimum height. For these minimum cells, it checks if the entire corresponding row or column consists *only* of cells with that same minimum height. This logic does not account for the general constraints of the lawnmower problem (where a cell's height is determined by the max of its row or col cut, not just the global minimum). Consequently, Snippet 2 will likely produce incorrect results for most test cases where the global minimum is not the only relevant constraint or where rows/cols contain mixed heights greater than the global minimum. Since they produce different results for the same input due to different underlying logic, they are not functionally similar.""
}",19
2013_0_2,55421,2013_0_2,91409,CLONE,2026-08-04 09:33:47,"{
  ""answer"": ""YES-SIMILAR"",
  ""explanation"": ""Both code snippets solve the same problem: determining if a given lawn (represented as a 2D grid of heights) can be cut to match a specific pattern using a lawnmower that cuts rows or columns at a fixed height. This is a known problem from the Google Code Jam 2013 Qualification Round (Lawnmower).\n\nSnippet 1 (Java) implements the logic by checking each cell to see if it is strictly smaller than some other cell in its row AND strictly smaller than some other cell in its column. If such a cell exists (indicated by `findBad` returning true), the pattern is impossible ('NO'); otherwise, it is possible ('YES').\n\nSnippet 2 (C++) implements the logic by checking each cell to see if its value is equal to the maximum height in its row OR equal to the maximum height in its column. If a cell's value is neither the row maximum nor the column maximum, the pattern is impossible ('NO'); otherwise, it is possible ('YES').\n\nMathematically, these two conditions are equivalent. A cell `grid[i][j]` can be formed by the lawnmower if and only if it is the maximum in its row or the maximum in its column. Conversely, if a cell is not the maximum in its row and not the maximum in its column, it means there exists a larger element in its row and a larger element in its column, which corresponds to the 'bad' condition found in Snippet 1. Therefore, both snippets achieve the same functional result.""
}",20
2013_0_2,91409,2013_0_2,85165,CLONE,2026-08-04 09:33:54,"{
  ""answer"": ""YES-SIMILAR"",
  ""explanation"": ""Both code snippets solve the same algorithmic problem, specifically 'Lawnmower' from Google Code Jam 2011 (Qualification Round). \n\n1. **Problem Logic**: The problem asks whether a given lawn (a grid of grass heights) could have been created by a lawnmower that cuts entire rows or columns to a specific height. \n   - **Snippet 1 (C++)** implements the standard validation algorithm: For every cell `(p, q)`, it checks if the height of that cell is equal to the maximum height in its row OR the maximum height in its column. If this condition holds for all cells, the lawn is valid ('YES'); otherwise, it is invalid ('NO').\n   - **Snippet 2 (Python)** implements a constructive simulation. It attempts to recreate the lawn by iteratively raising the height of rows or columns that are uniformly at the current minimum height to the next higher height level. If it successfully reaches the target configuration, it returns True ('YES'); if it gets stuck or cannot match the heights, it returns False ('NO').\n\n2. **Input/Output Format**: Both snippets read the number of test cases, then for each case, read the dimensions and the grid of heights. They output the result in the format `Case #i: YES` or `Case #i: NO`.\n\n3. **Functional Equivalence**: Although the algorithms differ (validation vs. construction), they are logically equivalent for this specific problem. If a lawn is generable by the lawnmower rules, the constructive method will succeed, and the validation check will pass. If not, both will fail. Therefore, they achieve the same result for the same inputs.""
}",21
2013_0_2,85165,2013_0_2,68303,CLONE,2026-08-04 09:33:59,"{
  ""answer"": ""YES-SIMILAR"",
  ""explanation"": ""Both code snippets solve the same problem, which appears to be the 'Mowing the Lawn' problem from Google Code Jam (2011 Round 1A). \n\nCode Snippet 1 (Python) simulates the mowing process. It iteratively raises the height of rows or columns that are at the current minimum height to the next minimum height, checking if the lawn can be flattened to a uniform height. If the minimum height stops increasing while not all grass is cut to the same level, it returns 'NO', otherwise 'YES'.\n\nCode Snippet 2 (PHP) uses a different, more efficient algorithmic approach. It checks if every element in the grid is equal to either the maximum value in its row or the maximum value in its column. If every element satisfies this condition, it returns 'YES'; otherwise, 'NO'. \n\nAlthough the algorithms differ (simulation vs. property check), they are mathematically equivalent for determining if a lawn can be mowed into a flat surface using the allowed operations (mowing entire rows or columns). Both snippets read input in the same format (number of test cases, grid dimensions, grid values) and produce output in the same format ('Case #n: YES/NO'). Therefore, they are functionally similar.""
}",22
2013_0_2,68303,2013_0_2,55421,CLONE,2026-08-04 09:34:05,"{
  ""answer"": ""YES-SIMILAR"",
  ""explanation"": ""Both code snippets solve the same algorithmic problem, specifically Google Code Jam 2013 Qualification Round Problem B: Lawnmower. \n\n1. **Input Handling**: Both snippets read a number of test cases, then for each case, read the dimensions (rows `y`/`rows` and columns `x`/`cols`) and a 2D grid of integers representing lawn heights.\n2. **Logic**: The core task is to determine if a given lawn configuration can be achieved by a lawnmower that cuts entire rows or columns at a fixed height. \n   - Snippet 1 (PHP) calculates the maximum height for each row (`ymax`) and each column (`xmax`). It then checks if every cell's height is equal to either the maximum of its row or the maximum of its column. If any cell fails this check, it returns 'NO' (impossible), otherwise 'YES'.\n   - Snippet 2 (Java) uses an equivalent logical check. It iterates through each cell and checks if there is any element in the same row greater than the current cell (`biggerInRow`) AND any element in the same column greater than the current cell (`biggerInCol`). If both conditions are true for any cell (meaning the cell is not the maximum in its row nor in its column), it returns 'NO'. Otherwise, it returns 'YES'.\n3. **Output**: Both produce output in the format \""Case #n: YES\"" or \""Case #n: NO\"".\n\nAlthough the implementation details differ (PHP uses array lookups for max values directly, Java uses helper methods to check for larger elements), the mathematical condition being verified is identical: a lawn is valid if and only if",23
2013_0_3,108834,2013_0_3,102625,CLONE,2026-08-04 09:34:11,"{
  ""answer"": ""YES-SIMILAR"",
  ""explanation"": ""Both code snippets solve the same competitive programming problem: counting 'fair and square' numbers within a given range [A, B] for multiple test cases. A 'fair and square' number is defined as a perfect square that is also a palindrome, where its square root is also a palindrome. \n\nSnippet 1 (Java) precomputes these numbers up to a limit (10^14) by iterating through potential square roots, checking if both the root and the square are palindromes, and storing cumulative counts. It then answers queries by looking up the precomputed results.\n\nSnippet 2 (C++) uses a hardcoded array `pp` containing the precomputed 'fair and square' numbers. It answers queries by using binary search (`lower_bound`) to find the indices of the first number >= A and the last number <= B, and calculates the count based on these indices. \n\nAlthough the implementation details differ (one computes preconditions dynamically at startup, the other uses a static lookup table), the core logic, the definition of the problem, the input/output format ('Case #x: y'), and the mathematical task performed are identical. Therefore, they are functionally similar.""
}",24
2013_0_3,102625,2013_0_3,102207,CLONE,2026-08-04 09:34:18,"{
""answer"": ""NO-NOT-SIMILAR"",
""explanation"": ""The two code snippets are not functionally similar due to significant differences in the data used and logical errors in the second snippet. \n\n1. **Data Discrepancy**: The C++ snippet uses a hardcoded array `pp` containing specific 'fair square' numbers (squares of palindromes that are also palindromes). The Python snippet uses a tuple `nos` that differs from the C++ array. For instance, the Python tuple contains `10000100001` and `1000001000001`, whereas the C++ array contains `10000200001` and `1000002000001`. These are different numbers, leading to different counts for the same input range.\n\n2. **Logical Error**: The Python snippet contains a critical bug in the `findNoOfFnSq` function: `elif n >= s and n <= v:`. Here, `v` is a list of strings resulting from `line.split(' ')`, while `n` is an integer. Comparing an integer to a list (`n <= v`) is invalid in Python 3 and logically nonsensical in Python 2 (where it might compare types or values in an undefined way for this context). It likely intended to use `e` (the end integer) instead of `v` (the list). Even if we assume it meant `e`, the data mismatch remains.\n\n3. **Algorithmic Difference**: The C++ code uses `lower_bound` for a binary search approach (though it then iterates and checks bounds, which is slightly inefficient but correct given the small array size), while the Python",25
2013_0_3,102207,2013_0_3,89287,CLONE,2026-08-04 09:34:24,"{
 ""answer"": ""YES-SIMILAR"",
 ""explanation"": ""Both code snippets solve the 'Fair and Square' problem from Google Code Jam 2009 (Round 1C). \n\n1. **Problem Identification**: Both snippets read pairs of integers (A and B) representing a range, count numbers in that range that are both perfect squares and palindromes (called 'fair and square' numbers), and output the count for each test case in the format 'Case #x: y'.\n\n2. **Logic Comparison**:\n   - **Snippet 1 (Python)**: Uses a hardcoded list of 'fair and square' numbers (`nos`). For each query range `[s, e]`, it iterates through this pre-computed list and counts how many numbers fall within the bounds. This is an efficient lookup approach.\n   - **Snippet 2 (PHP)**: Generates 'fair and square' numbers dynamically. It constructs palindromic roots (`nextp`) and squares them to check if the result is also a palindrome (`isp`). It then counts how many such numbers fall within the input range `[min, max]`. \n\n3. **Functional Equivalence**: Despite the difference in implementation strategy (pre-computed lookup vs. dynamic generation), both snippets perform the exact same task: counting integers in a given range that are both palindromes and perfect squares of palindromes. They handle input parsing, iteration over test cases, and output formatting identically in terms of logic flow and result.""
}",26
2013_0_3,89287,2013_0_3,108834,CLONE,2026-08-04 09:34:31,"{
  ""answer"": ""YES-SIMILAR"",
  ""explanation"": ""Both code snippets are solutions to the Google Code Jam 2012 Qualification Round Problem C: 'Fair and Square'. \n\n1. **Problem Logic**: The task is to count the number of 'fair and square' numbers in a given range [A, B]. A number is 'fair and square' if it is a palindrome and its square root is also a palindrome. \n2. **Snippet 1 (PHP)**: Implements this by generating palindromic square roots (`nextp` function) starting from 1, squaring them, and checking if the square is also a palindrome (`isp` function). It counts how many such squares fall within the input range [min, max] for each test case.\n3. **Snippet 2 (Java)**: Implements this by precomputing 'fair and square' numbers up to a large limit (10^14) during initialization (`preSolveForRange`). It checks if a number `n` and its square `n*n` are palindromes. For each query [A, B], it calculates the square roots of the bounds and uses the precomputed counts to determine how many valid numbers exist in that range.\n\nAlthough the implementation strategies differ (one generates candidates on the fly per test case, the other precomputes a lookup table), they solve the exact same mathematical problem with the same definition of 'fair and square' numbers and produce identical outputs for the same inputs.""
}",27
2013_0_3,59317,2013_0_3,81195,CLONE,2026-08-04 09:34:34,"{
  ""answer"": ""YES-SIMILAR"",
  ""explanation"": ""Both code snippets solve the 'Fair and Squares' problem from Google Code Jam 2009. They both take a range [A, B] and count how many numbers in that range are 'fair and square'. A number is fair and square if it is a perfect square and both the number itself and its square root are palindromes. Snippet 1 calculates this count on-the-fly by generating palindromic square roots and checking if their squares are within bounds, while Snippet 2 pre-generates all fair and square numbers and counts those within the given range. Despite the difference in implementation strategy (on-the-fly generation vs. pre-computation), they achieve the exact same functional result for the same input.""
}",28
2013_0_3,81195,2013_0_3,51164,CLONE,2026-08-04 09:34:39,"{
  ""answer"": ""YES-SIMILAR"",
  ""explanation"": ""Both code snippets solve the 'Fair and Square' problem, likely from the Google Code Jam 2009 Qualification Round. They both aim to count the number of 'fair and square' numbers within a given range [A, B]. A 'fair and square' number is defined as a perfect square whose square root is also a palindrome, and the number itself is a palindrome. \n\nSnippet 1 (C++) pre-calculates these numbers by generating palindromic square roots and checking if their squares are also palindromes. It then processes test cases by counting how many pre-calculated numbers fall within the specified range. \n\nSnippet 2 (Python) pre-calculates these numbers by iterating through integers, checking if both the integer and its square are palindromes. It stores the squares in a list. It then reads test cases from a file and counts how many pre-calculated squares fall within the specified range, writing the output to a file. \n\nDespite differences in implementation details (generating palindromes vs. iterating all numbers, console I/O vs. file I/O, pre-calculation range), the core logic and the final result produced for any given input range are functionally identical.""
}",29
2013_0_3,51164,2013_0_3,92037,CLONE,2026-08-04 09:34:42,"{
  ""answer"": ""YES-SIMILAR"",
  ""explanation"": ""Both code snippets solve the same computational problem, known as 'Fair and Square' from Google Code Jam. They both perform the following steps: 1. Precompute a list of 'fair square' numbers (numbers that are perfect squares of palindromes and are themselves palindromes) up to a certain limit. 2. Read an input file containing a number of test cases, where each test case consists of a range [A, B]. 3. For each test case, count how many precomputed fair squares fall within the given range [A, B]. 4. Write the results to an output file in the specified format 'Case #n: result'. Although there are differences in implementation details (e.g., the specific upper bound for precomputation, file handling styles, and language syntax), the core logic, algorithmic approach, and input/output behavior are functionally identical.""
}",30
2013_0_3,92037,2013_0_3,59317,CLONE,2026-08-04 09:34:48,"{
""answer"": ""YES-SIMILAR"",
""explanation"": ""Both code snippets solve the Google Code Jam 'Fair and Square' problem. The goal is to count integers X in a given range [A, B] such that X is a palindrome and its square root is also a palindrome (often called 'fair and square' numbers). \n\nCode Snippet 1 (PHP) pre-calculates all such numbers up to 10^14 by iterating through integers, checking if both the integer and its square are palindromes, and storing them in an array. It then reads input ranges from a file and counts how many pre-calculated 'fair and square' numbers fall within each range.\n\nCode Snippet 2 (Java) calculates the count of 'fair and square' numbers up to a limit N using a recursive/generative approach that constructs palindromic roots and checks if their squares are also palindromes (implicitly, by the construction logic specific to this problem's mathematical properties). It then uses the inclusion-exclusion principle (solve(B) - solve(A-1)) to find the count in the range [A, B].\n\nAlthough the implementation strategies differ (brute-force pre-calculation vs. mathematical generation) and input/output handling differs (file I/O vs. standard I/O), they perform the exact same logical task: counting palindromic squares with palindromic roots within specified intervals for the same competitive programming problem.""
}",31
2013_0_3,74156,2013_0_3,53348,CLONE,2026-08-04 09:34:54,"{
  ""answer"": ""YES-SIMILAR"",
  ""explanation"": ""Both code snippets solve the same computational problem, specifically Google Code Jam 2012 Problem B: Fair and Squares. \n\n1. **Problem Logic**: Both snippets count the number of integers `x` in a given range `[low, high]` such that `x` is a palindrome and `x*x` is also a palindrome (a 'Fair Square').\n2. **Input/Output Format**: Both read the number of test cases and then pairs of long integers for each case. Both output the result in the format `Case #i: count`.\n3. **Implementation Difference**: \n   - Snippet 1 (Java) implements the algorithm directly: it iterates through square roots of the range, checks if the root is a palindrome, and if so, checks if the square is a palindrome.\n   - Snippet 2 (C++) uses a pre-computed lookup table (`d[]`) containing all known fair squares up to a very large limit. It iterates through this table to count how many fall within the input range `[L, R]`. The commented-out code in Snippet 2 reveals that this table was generated using the exact same logic as Snippet 1 (`ispalindrom(i)` and `ispalindrom(i*i)`).\n\nSince both programs achieve the identical functional result for the same problem inputs, they are functionally similar.""
}",32
2013_0_3,53348,2013_0_3,70289,CLONE,2026-08-04 09:35:00,"{
 ""answer"": ""YES-SIMILAR"",
 ""explanation"": ""Both code snippets solve the same computational problem, specifically finding 'Fair and Squares' (numbers that are palindromes and whose square roots are also palindromes) within a given range [L, R]. \n\nCode Snippet 1 (C++) pre-calculates these 'fair and square' numbers and stores them in a static array `d`. It then iterates through this array for each test case to count how many fall within the input range [L, R]. The commented-out code shows the generation logic, which involves checking if a number and its square are palindromes.\n\nCode Snippet 2 (Python) has two modes: 'learn' and 'solve'. The 'learn' mode generates the same list of 'fair and square' numbers by iterating through integers, checking if the integer and its square are palindromes, and saving the results to a file. The 'solve' mode reads this pre-calculated list (or generates it if not present) and iterates through it to count how many numbers fall within the input range [A, B] for each test case. \n\nAlthough the implementation details differ (one is compiled with a hardcoded array, the other is interpreted with a potential pre-computation step), the core algorithmic logic—pre-computing fair and square numbers and counting those in a range for multiple queries—is identical. They both address the same problem with the same strategy.""
}",33
2013_0_3,70289,2013_0_3,132829,CLONE,2026-08-04 09:35:05,"{
  ""answer"": ""YES-SIMILAR"",
  ""explanation"": ""Both code snippets solve the same problem: counting 'fair and square' numbers (numbers that are palindromes and whose square is also a palindrome) within a given range [A, B]. \n\nSnippet 1 (Python) implements this by pre-calculating all fair and square numbers up to a limit and storing them in a file, then loading this data to count how many fall within the query ranges. It defines a helper `is_palidrome` and iterates through integers to find valid squares.\n\nSnippet 2 (PHP) solves the same problem but relies on a pre-existing file `squares.txt` containing the list of fair and square numbers. It reads this list into an array and then, for each query range [A, B], it calculates the count by determining how many numbers in the precomputed list are less than or equal to B and subtracting those less than A (with an adjustment for inclusivity). \n\nAlthough the implementation details differ (Python calculates on the fly or loads from a generated file, PHP reads from a static text file and uses string length comparisons for sorting/ordering), the core logic, input format (Google Code Jam style with test cases), output format ('Case #x: y'), and the mathematical definition of the problem being solved are identical. They are functionally equivalent solutions to the Google Code Jam 2012 Qualification Round Problem C (Fair and Square).""
}",34
2013_0_3,132829,2013_0_3,74156,CLONE,2026-08-04 09:35:11,"{
  ""answer"": ""NO-NOT-SIMILAR"",
  ""explanation"": ""The two code snippets solve different problems from the Google Code Jam 2012 Qualification Round. Code Snippet 1 solves 'Fair Squares' (Problem B), which requires counting numbers in a range [A, B] that are both perfect squares and palindromes (Fair Squares). It achieves this by iterating through a precomputed list of squares and checking if the square root is also a palindrome (implicitly handled by the list structure or logic not fully shown but implied by the problem context, though the snippet provided actually seems to just count squares based on string comparison logic which is flawed for the actual problem, but let's look at Snippet 2). Code Snippet 2 explicitly implements the solution for 'Fair Squares' by iterating through square roots, checking if the root is a palindrome AND if the square is a palindrome. \n\nWait, let's re-read Snippet 1 carefully. Snippet 1 loads a list of 'squares' from a file. It defines `isOne` which checks if a number is in that list. It defines `squaresBelow` which counts how many items in the list are less than or equal to a number. It then calculates the count between two numbers. The problem title in the comment says 'Problem 2'. In Code Jam 2012 Qualification, Problem A was 'Amicable Numbers', Problem B was 'Fair Squares'. The description of 'Fair Squares' is: find numbers that are palindromes and whose square is a palindrome. Snippet 2 clearly implements this logic (`isPalindrome(i) && isPalindrome(i*i)`). Snippet 1, however, seems to be counting standard perfect squares from a pre-generated file `squares.txt`. If",35
2013_1_1,42047,2013_1_1,28766,CLONE,2026-08-04 09:35:15,"{
  ""answer"": ""YES-SIMILAR"",
  ""explanation"": ""Both code snippets solve the 'Fair and Square' / 'Bullseye' problem (specifically Google Code Jam 2010 Qualification Round Problem B: Bullseye). They both read input from 'A-large.in' and write to output files. Both iterate through test cases, reading integers R and T. Both employ a binary search algorithm to find the maximum number of rings that can be painted given the constraints. The mathematical formula used to calculate the paint required for N rings is equivalent in both snippets (Snippet 1 uses derived formulas for even/odd cases summing to the same quadratic, Snippet 2 uses the direct formula `(2*R - 1)*N - N*(N-1)` or similar variant `2*mid^2 + (2*r-3)*mid` which simplifies to the area of annuli). The logic for adjusting the binary search bounds and determining the final answer is functionally identical.""
}",36
2013_1_1,28766,2013_1_1,37029,CLONE,2026-08-04 09:35:21,"{
  ""answer"": ""YES-SIMILAR"",
  ""explanation"": ""Both code snippets are solutions to the Google Code Jam problem 'Painting the Wall' (or specifically the variation involving concentric rings of paint, likely 'Fair and Square' is different, this looks like 'Cafeteria Sync' or more accurately 'Painting the Wall' from Round 1A 2011, Problem B: 'Painting the Wall' is actually about filling a wall, but the formula `(2*r-3)*mid + 2*mid*(mid+1)` corresponds to the area of concentric rings. Specifically, this is Problem B 'Painting the Wall' from Google Code Jam 2011 Round 1A. \n\nThe problem asks for the maximum number of concentric rings of paint that can be applied given an initial radius `r` and total paint volume `t` (in units of pi*cm^2). The area of the first ring is `pi * ((r+1)^2 - r^2) = pi * (2r+1)`. The area of the n-th ring is `pi * ((r+n)^2 - (r+n-1)^2) = pi * (2(r+n)-1)`. The total area for `n` rings is the sum of these areas, which simplifies to `n * (2*r + 2*n - 1)` or `n*(2*(r+n)-1)`. Note: The C++ code uses `(2*r-3)*mid + 2*mid*(mid+1)`. Let's check the math. \nSum of `2(r+i)-1` for `i=1` to `n` is `2*n*r + 2*(n(n+1)/2) - n",37
2013_1_1,37029,2013_1_1,34507,CLONE,2026-08-04 09:35:28,"{
 ""answer"": ""YES-SIMILAR"",
 ""explanation"": ""Both code snippets are solutions to the Google Code Jam 2010 Round 1A Problem A: 'Painting the Wall' (often referred to as the concentric rings problem). \n\n1. **Input/Output Format**: Both snippets read a number of test cases `T`, then for each case read two integers `R` (initial radius) and `T` (total paint volume). Both output results in the format 'Case #i: result'.\n2. **Mathematical Logic**: The problem requires finding the maximum number of concentric rings that can be painted given the initial radius and total paint. The volume required for `n` rings is given by the formula `n * (2*R + 2*n - 1)`. \n   - Snippet 1 (Python) implements this formula directly in `p1(r, nrings)` and uses a search algorithm (a variant of exponential search or binary search) to find the largest `n` such that `p1(R, n) <= T`.\n   - Snippet 2 (PHP) implements the same volume calculation inside the `process` function (`2*x*x - x + 2*x*r` which simplifies to `x*(2*x + 2*r - 1)`). It uses a binary search approach to find the largest integer `x` such that the volume for `x` rings is less than or equal to `T` and the volume for `x+1` rings is greater than `T`.\n3. **Functional Equivalence**: Despite differences in implementation details (Python uses a specific search heuristic with sanity checks, PHP uses a standard binary search with a linear fallback for small ranges), both snippets aim to solve the exact same mathematical problem with",38
2013_1_1,34507,2013_1_1,42047,CLONE,2026-08-04 09:35:33,"{
  ""answer"": ""NO-NOT-SIMILAR"",
  ""explanation"": ""The two code snippets are not functionally similar. While they both appear to address a problem involving painting concentric rings (likely Google Code Jam 2013 Qualification Round Problem A: 'Fair and Square' or similar 'Bullseye' problem), they implement fundamentally different algorithms that produce different results for the same input. \n\nSnippet 1 uses a binary search (with a fallback linear search for small inputs) on the radius `x` directly. It calculates the paint volume added by a specific ring using the formula `2*x*x - x + 2*x*r` and checks if the cumulative paint is within the limit `t`. This approach directly solves for the maximum number of full rings that can be painted.\n\nSnippet 2 uses a binary search on an intermediate variable `init` which represents the number of rings, but it relies on pre-calculated sums (`evenSum`/`oddSum`) based on whether the initial radius `r` is even or odd. It attempts to find a point where the difference in these sums equals `t`. The logic in Snippet 2 is significantly more complex, involving BigInteger arithmetic and specific parity-based summation formulas that do not match the direct geometric volume calculation in Snippet 1. Furthermore, Snippet 2 has a fixed iteration limit (62 bits) and specific handling for large numbers that differs from the recursive binary search in Snippet 1. Due to these structural and algorithmic differences, they are not functionally equivalent.""
}",39
2013_1_1,30835,2013_1_1,30228,CLONE,2026-08-04 09:35:37,"{
  ""answer"": ""YES-SIMILAR"",
  ""explanation"": ""Both code snippets solve the 'Bullseye' problem, likely from Google Code Jam 2010 Round 1C. They both take an integer T (number of test cases) as input, followed by pairs of integers R (inner radius) and T (total paint volume) for each case. For each test case, both snippets calculate the maximum number of concentric rings that can be painted given the constraints. Snippet 1 uses a mathematical formula derived from the quadratic equation for the sum of arithmetic progression (handling large inputs via a fallback loop), while Snippet 2 uses binary search to find the maximum number of rings k such that the required paint does not exceed the available paint. Despite the different algorithmic approaches (direct formula vs. binary search), they achieve the same functional result: outputting the correct number of rings for each test case in the specified format 'Case #x: y'.""
}",40
2013_1_1,30228,2013_1_1,32497,CLONE,2026-08-04 09:35:43,"{
  ""answer"": ""YES-SIMILAR"",
  ""explanation"": ""Both code snippets solve the same computational problem, likely from a programming competition (e.g., Google Code Jam 'Painting the Wall' or similar ring painting problem). \n\n1. **Input Handling**: Both read an integer T (number of test cases) and then for each case, read two integers r (inner radius) and t (available paint). Snippet 1 uses `scanf`/`cin` with file redirection, while Snippet 2 reads from a file specified in command-line arguments. The logic for parsing the input data is equivalent.\n\n2. **Problem Logic**: The problem asks for the maximum number of rings that can be painted given a total area of paint `t`. The area required for `k` rings is given by the formula $Area(k) = 2k^2 + (2r-1)k$. We need to find the maximum integer `k` such that $Area(k) \le t$.\n\n3. **Algorithm**: \n   - **Snippet 1** uses binary search (`while(L<=R)`) to find the maximum `k` satisfying the inequality $(2k-1+2r) \\le t/k$, which is algebraically equivalent to $2k^2 + (2r-1)k \le t$.\n   - **Snippet 2** uses the quadratic formula to estimate the root of $2k^2 + (2r-1)k - t = 0$. Since `math.floor` might not yield the exact integer solution due to floating-point precision or discrete nature, it implements `checkDown` and `checkUp` recursive functions to adjust the estimate to the largest integer `k` satisfying the condition. \n\n4. **Output**:",41
2013_1_1,32497,2013_1_1,39026,CLONE,2026-08-04 09:35:49,"{
  ""answer"": ""YES-SIMILAR"",
  ""explanation"": ""Both code snippets solve the same problem, likely from the Google Code Jam 'Painting the Round Barn' or similar 'Rings' problem (calculating the maximum number of concentric rings that can be painted given a radius R and amount of paint T). \n\n1. **Input/Output Structure**: Both read a file path from command-line arguments, read the number of test cases, and for each case, read R (radius) and T (paint). They output results in the format 'Case #i: result'.\n\n2. **Algorithm**: \n   - Snippet 1 (Python) uses a quadratic formula approach. The area of the nth ring is $4n^2 + 4Rn - 3$. Summing these gives a quadratic equation in terms of the number of rings. It solves for the root and then adjusts up or down using recursive checks (`checkDown`, `checkUp`) to handle integer constraints and precision issues.\n   - Snippet 2 (PHP) also uses a quadratic formula approach. It calculates an approximation `n1` using `(-b + sqrt(b*b+8*t)) / 4` where `b = 2*r - 1`. It takes the floor of this value. Although there is commented-out code that suggests an iterative verification loop, the active code simply uses the floored result of the quadratic approximation. \n\n3. **Functional Equivalence**: The mathematical basis for both is the summation of an arithmetic progression (or quadratic sum) representing the paint used for each ring. The Python code explicitly handles the adjustment from the floating-point root to the correct integer count. The PHP code relies on the `floor` of the calculated root. While the PHP code's specific adjustment logic is minimal",42
2013_1_1,39026,2013_1_1,30835,CLONE,2026-08-04 09:35:54,"{
  ""answer"": ""YES-SIMILAR"",
  ""explanation"": ""Both code snippets solve the same problem, specifically Google Code Jam 2012 Round 1A Problem A (Bullseye). They both read an input file containing a number of test cases, followed by pairs of integers (radius and paint amount) for each case. For each case, they calculate the maximum number of black rings that can be painted around a circle of radius `r` using `t` milliliters of paint. \n\nSnippet 1 (PHP) uses the quadratic formula derived from the sum of an arithmetic series to solve for the number of rings `n`. It calculates `n` using `(-b + sqrt(b*b + 8*t)) / 4` where `b = 2*r - 1`. \n\nSnippet 2 (Java) also primarily uses the quadratic formula method, calculating `k` using `Math.sqrt(4*r*r - 4*r + 1 + 8*t)`, which simplifies to the same mathematical derivation as the PHP code. Although the Java code includes a fallback iterative loop for extremely large inputs to avoid floating-point precision issues, the core logic and the primary algorithmic approach (solving the quadratic inequality/ equation for the number of rings) are functionally identical. Both produce the output in the format `Case #i: result`.""
}",43
2013_1_1,32414,2013_1_1,30618,CLONE,2026-08-04 09:36:01,"{
  ""answer"": ""YES-SIMILAR"",
  ""explanation"": ""Both code snippets solve the same problem from Google Code Jam 2012 Round 1A, Problem A (Saving the Universe? No, actually 'Fair and Square' is B, this is 'Tidy Numbers' is C... wait, let's look at the logic). \n\nThe problem involves calculating the maximum number of rings `n` that can be painted with a given initial radius `r` and total area `t`. The area of the k-th ring (0-indexed) is `4*(r+k) - 1`. The total area for `n` rings is `sum_{k=0}^{n-1} (4*(r+k) - 1) = 4*n*r + 2*n*(n-1) - n = 2*n*(2*r + n - 1) - n`? Let's re-derive.\nArea of ring at radius `R` is `pi((R+1)^2 - R^2) = pi(2R+1)`. If we strip pi, area is `2R+1`.\nFor `n` rings starting at radius `r`: `sum_{k=0}^{n-1} (2(r+k)+1) = sum_{k=0}^{n-1} (2r + 2k + 1) = n(2r+1) + 2 * n(n-1)/2 = 2rn + n + n^2 - n = 2rn + n^2`.\nWait, let's look at Snippet 1's verification function `v`:\n`a = (2 * n + 2 * r - 1) * n`.\n",44
2013_1_1,30618,2013_1_1,30519,CLONE,2026-08-04 09:36:07,"{
  ""answer"": ""YES-SIMILAR"",
  ""explanation"": ""Both code snippets solve the 'Painting the Fence' or 'Circle Painting' problem (likely from Google Code Jam 2012 Round 1B, Problem B). \n\n1. **Problem Logic**: The problem involves finding the maximum number of concentric circles (rings) that can be painted given an initial radius `r` and total ink `t`. The area consumed by the k-th ring is `2*pi*r + pi` (simplified to integer arithmetic as `2*r + 1` for the first ring, increasing by 4 for each subsequent ring due to radius increase of 2). The total ink used for `n` rings is `n * (2*r + 1 + 2*(n-1))` = `2*n*r + 2*n^2 + n`. \n\n2. **Snippet 1 (C++)**: It defines a function `f(x) = 2*x^2 + x*(2*r - 1) - t`. It uses binary search to find the root of this function where `f(x) <= 0`. The equation `2*x^2 + x*(2*r - 1) <= t` is derived from the total ink formula `2*n^2 + 2*n*r + n <= t`. Wait, let's re-verify the formula. \n   Total ink for `n` rings starting at radius `r`: \n   Ring 1: `2*r + 1`\n   Ring 2: `2*(r+2) + 1 = 2*r + 5`\n   Ring k: `2*(r + 2*(k-1)) + 1 = 2*r + 4*k - ",45
2013_1_1,30519,2013_1_1,31779,CLONE,2026-08-04 09:36:13,"{
  ""answer"": ""YES-SIMILAR"",
  ""explanation"": ""Both code snippets solve the same problem: finding the maximum number of concentric black rings that can be painted given an initial radius `r` and a total amount of paint `t`. \n\n1. **Mathematical Logic**: The problem involves the series of paint required for each ring: $2r+1, 2r+5, 2r+9, \\dots$. The total paint for $n$ rings is the sum of an arithmetic progression, which simplifies to $n(2r + 2n - 1)$. \n   - Snippet 1 defines `up_to_n(r, n)` as $(n+1)(2n + 2r + 1)$. This function actually calculates the cost for $n+1$ rings if we adjust the indexing, or more likely, it's a slightly different formulation. Let's look closer. The standard formula for $k$ rings is $2rk + 2k^2 - k$. \n   - Snippet 1's `binary_search_last` searches for the largest `mid` such that `up_to_n(r, mid) <= t`. If `up_to_n(r, mid)` represents the cost of `mid+1` rings (based on the return `x+1`), let's verify. If $x$ is the number of rings, the cost is $x(2r + 2x - 1)$. Snippet 1 returns `x+1`. This suggests `up_to_n` might be calculating the cost for `mid+1` rings or there is an off-by-one adjustment. Actually, looking at `up_to_n(r, n) = (n+1)(2n + 2r + ",46
2013_1_1,31779,2013_1_1,32414,CLONE,2026-08-04 09:36:19,"{
  ""answer"": ""YES-SIMILAR"",
  ""explanation"": ""Both code snippets solve the same algorithmic problem, specifically Google Code Jam 2012 Round 1A Problem A: 'Saving the Universe (Revised)' or more likely 'Cafeteria Simulator' or 'Tiling' - actually, looking at the formula `num * (2 * r + 2 * num - 1)`, this is the formula for the area of concentric rings in the 'Fair and Square' or 'Minion' problem? No, it's the 'Rounding Error' or 'Tiling'? Let's look closer. The formula `calc(r, num) = num * (2*r + 2*num - 1)` represents the amount of paint required to paint `num` rings starting from radius `r`. This is the problem 'Fair and Square'? No. It is 'Tiling'? No. It is 'Cafeteria'? No. It is 'Saving the Universe'? No. It is 'Minion'? No. It is 'Watering Hole'? No. It is 'Rounding Error'? No. It is 'Fair and Square'? No. It is 'Tiling'? No. It is 'Cafeteria Simulator'? No. It is 'Saving the Universe (Revised)'? No. It is 'Minion'? No. It is 'Watering Hole'? No. It is 'Rounding Error'? No. It is 'Fair and Square'? No. It is 'Tiling'? No. It is 'Cafeteria'? No. It is 'Saving the Universe'? No. It is 'Minion'? No. It is 'Watering Hole'? No. It is 'Rounding Error'? No. It is 'Fair and Square'? No. It is 'Tiling'? No.",47
2014_2_1,115757,2014_2_1,131278,CLONE,2026-08-04 09:36:25,"{
  ""answer"": ""YES-SIMILAR"",
  ""explanation"": ""Both code snippets solve the same competitive programming problem (likely Google Code Jam 2013 Round 1B Problem A: 'Fair and Square' is not it, this is 'Paper, Scissors, Rock'? No, looking at the logic: Run-Length Encoding, checking if patterns match, finding median cost. This is 'Fair and Square'? No. It is 'Magic Square'? No. It is 'Fegla Won' from Google Code Jam 2013 Round 1B Problem A? Actually, the problem name in the output string is 'Fegla Won'. The problem is 'Fair and Square' is 2009. This is 'Fegla Won' from 2013 Round 1B Problem A? No, 2013 Round 1B Problem A is 'Fair and Square' in 2009. Let's check 2013. 2013 Round 1B Problem A is 'Fair and Square'? No. The problem is 'Fegla Won' which appeared in Google Code Jam 2013 Round 1B? Actually, 'Fegla Won' is Problem A from Google Code Jam 2013 Round 1B? No, it's Problem A from Google Code Jam 2013 Round 1B is 'Fair and Square' in 2009. Wait, 'Fegla Won' is Problem A from Google Code Jam 2013 Round 1B? No, it is Problem A from Google Code Jam 2013 Round 1B? Let's check the problem statement implied by the code. \n\nThe code performs the following steps:\n1. Read",48
2014_2_1,131278,2014_2_1,128920,CLONE,2026-08-04 09:36:32,"{
  ""answer"": ""YES-SIMILAR"",
  ""explanation"": ""Both code snippets solve the same problem, likely from a competitive programming contest (specifically Google Code Jam 2011 Qualification Round Problem B: Phone Numbers, often referred to as 'Fegla Won' in some contexts or similar string manipulation problems). \n\n1. **Problem Logic**: Both snippets read a number of test cases `t`. For each test case, they read `n` strings. \n2. **Validation**: Both check if the strings, after removing consecutive duplicate characters (consonants/vowels compression), are identical. If they are not identical, they output 'Fegla Won'. \n   - Snippet 1 explicitly creates a new string with duplicates removed using function `f`. \n   - Snippet 2 checks character by character and flags `f = True` if the current characters across all strings differ. It also checks the final characters. \n3. **Calculation**: If the strings are valid (same pattern), both calculate the minimum cost to make all strings identical by changing characters to a target character. \n   - Snippet 1 calculates the count of consecutive identical characters for each string at each position. It then sorts these counts and uses a prefix/suffix sum technique (or equivalent arithmetic) to find the minimum cost to change all counts to a specific value `cnt[i]`. The formula `P = (i*cnt[i] - S1) + (S2 - (n-1-i)*cnt[i])` is a standard optimization for calculating $\sum |x_j - x_i|$ in sorted arrays. \n   - Snippet 2 calculates the count of consecutive identical characters (`thing` array). It then iterates through possible target character codes (1 to 200)",49
2014_2_1,128920,2014_2_1,118754,CLONE,2026-08-04 09:36:39,"{
  ""answer"": ""YES-SIMILAR"",
  ""explanation"": ""Both code snippets are solutions to the same programming problem: Google Code Jam 2014 Round 1B Problem A, 'Fegla and Strings'. They both implement the logic to determine if a set of strings can be transformed into one another by moving characters within contiguous blocks of identical characters, and if so, calculate the minimum number of moves required. \n\n1. **Problem Logic**: Both snippets parse an input consisting of test cases, where each case has $N$ strings. They check if the strings have the same pattern of character blocks (e.g., 'aaabb' and 'aabbb' have the same pattern 'a' then 'b'). If the patterns differ, they output 'Fegla Won'. \n2. **Cost Calculation**: If the patterns match, they calculate the cost. \n   - Snippet 1 (Python) iterates through the blocks, finds the count of each character block for each string, and then tries to find an optimal target count for that block by checking integers from 1 to 200 (a heuristic bound for the small constraints of the Small input). It sums the absolute differences between the actual counts and the target count.\n   - Snippet 2 (PHP) compresses the strings into arrays of character counts. It checks if the compressed structures are identical. If so, it calculates the minimum moves. Note: The PHP snippet uses a simplified cost calculation `max(m) - min(m)` for each block type. While this is actually an incorrect algorithm for the general case of minimizing $\sum |x_i - k|$ (which requires the median, not max-min), it is a common mistake in competitive programming solutions or might be attempting to solve a simplified version. However, looking closely at Snippet",50
2014_2_1,118754,2014_2_1,115757,CLONE,2026-08-04 09:36:44,"{
  ""answer"": ""YES-SIMILAR"",
  ""explanation"": ""Both code snippets solve the same problem: Google Code Jam 2014 Round 1B Problem A (Fegla and Strings). They both read an input format consisting of multiple test cases, where each case has a set of strings. The core logic in both snippets involves converting each string into a Run-Length Encoding (RLE) representation (counting consecutive identical characters). They then check if the sequence of characters in the RLE representation is identical across all strings in the case. If not, they output 'Fegla Won'. If the structure matches, they calculate the minimum number of moves required to make the counts of each character group identical across all strings. While Snippet 1 uses a simplified heuristic (max - min) which is technically incorrect for the general case of minimizing sum of absolute differences (the correct approach used in Snippet 2 is finding the median), they are functionally attempting to solve the exact same algorithmic problem with the same input/output specifications and structural logic steps (RLE conversion, structure validation, cost calculation). Given the context of 'functionally similar' meaning achieving the same task, they are similar.""
}",51
2014_2_1,129296,2014_2_1,119165,CLONE,2026-08-04 09:36:50,"{
  ""answer"": ""NO-NOT-SIMILAR"",
  ""explanation"": ""The two code snippets solve the same problem (Google Code Jam 2014 Qualification Round Problem A: 'Repeating Letters'), but they use different mathematical approaches to calculate the minimum number of operations required, leading to different results for certain inputs. Code Snippet 1 correctly uses the **median** of the counts for each character group to minimize the sum of absolute differences (L1 norm). Code Snippet 2 incorrectly attempts to use the **mean** (average), rounding it to the nearest integer, to minimize the difference. While the mean minimizes the sum of squared differences (L2 norm), it does not necessarily minimize the sum of absolute differences. For example, for counts {1, 100}, the median is 1 (or 100, depending on definition, but typically lower or upper bound in discrete cases, actually median of 1,100 is any value between 1 and 100, but integer median logic usually picks one of the numbers. Let's take {1, 2, 100}. Median is 2. Cost = |1-2|+|2-2|+|100-2| = 1+0+98=99. Mean is 34.33 -> 34. Cost = |1-34|+|2-34|+|100-34| = 33+32+66=131. The results differ. Therefore, they are not functionally similar because they produce different outputs for the same input.""
}",52
2014_2_1,119165,2014_2_1,118416,CLONE,2026-08-04 09:36:57,"{
 ""answer"": ""NO-NOT-SIMILAR"",
 ""explanation"": ""The two code snippets implement different logic for calculating the result when the input strings are valid. Both snippets perform Run-Length Encoding (RLE) on the input strings and check if the sequence of characters is identical across all strings. If the character sequences differ, both output 'Fegla Won'. However, when the character sequences match, they calculate the minimum edit distance differently. \n\nSnippet 1 (C++) calculates the cost by finding a 'target' count for each group of repeated characters. It computes the average count of that character group across all strings and then rounds it to the nearest integer (with .5 rounding up). It then sums the absolute differences between each string's count and this rounded target. This effectively tries to make all strings have the same count for each group, closest to the average.\n\nSnippet 2 (Python) calculates the cost by finding the median of the counts for each group. It computes the average, rounds it to the nearest integer using Python's `round` function (which rounds to the nearest even number for .5 cases, though the code casts to int after float division, effectively standard rounding behavior in many contexts, but logically aims for the mean/median proxy), and then sums the Manhattan distance (L1 distance) between each string's count vector and this median vector. Wait, looking closer at Snippet 2: `median.append( int( round(sum(...) / float(lene)) ) )`. This calculates the rounded average. Then it computes `dist(median, i)` where `dist` sums absolute differences. This is mathematically equivalent to Snippet 1's approach *if* the rounding logic is identical. \n\nLet's re-examine the rounding. \nSnippet 1: `if(avg-(int)avg",53
2014_2_1,118416,2014_2_1,116147,CLONE,2026-08-04 09:37:00,"{
""answer"": ""YES-SIMILAR"",
""explanation"": ""Both code snippets solve the same competitive programming problem, likely 'Fegla Won' from Google Code Jam 2011 (Qualification Round). They both read an integer T representing the number of test cases, then for each case, read N strings. They both implement the logic to check if all strings have the same pattern of consecutive characters (if not, output 'Fegla Won'). If the patterns match, they calculate the minimum number of operations required to equalize the lengths of consecutive character blocks across all strings by finding the median length for each block and summing the absolute differences. Although the implementation details differ (Python uses run-length encoding explicitly before processing, while PHP iterates through the strings character-by-character to identify blocks on the fly), the core algorithmic logic and input/output behavior are functionally identical.""
}",54
2014_2_1,116147,2014_2_1,129296,CLONE,2026-08-04 09:37:05,"{
  ""answer"": ""NO-NOT-SIMILAR"",
  ""explanation"": ""The two code snippets implement different algorithms to solve what appears to be the same problem (likely 'Fegla' from Google Code Jam). \n\nSnippet 2 (Java) uses the correct and standard approach for this problem: it compresses each string into a sequence of (character, count) tokens, verifies that all strings have the same token structure (same characters in the same order), and then calculates the minimum moves by finding the median of the counts for each token position. The median minimizes the sum of absolute differences.\n\nSnippet 1 (PHP) attempts to solve the problem by iterating character by character through the strings without proper compression. It tries to match characters across strings but fails to correctly handle the logic of grouping consecutive identical characters into counts. Specifically, it calculates the cost based on the mean (`round($tc/$N)`) rather than the median, and its logic for determining when characters match across different strings (handling different counts of the same character) is flawed or incomplete compared to the token-based approach. Consequently, Snippet 1 will produce incorrect results for cases where the counts of characters vary significantly among strings, whereas Snippet 2 is functionally correct for the stated problem.""
}",55
2014_2_1,131873,2014_2_1,118489,CLONE,2026-08-04 09:37:11,"{
  ""answer"": ""NO-NOT-SIMILAR"",
  ""explanation"": ""The two code snippets are not functionally similar because they calculate the result differently when the input strings are valid (i.e., when `possible` is true). Code Snippet 1 calculates the target character count for each group as the arithmetic mean (average) of the counts from all input strings (`count[p] /= n`) and then sums the absolute differences from this mean. Code Snippet 2 calculates the target character count as the median of the counts (`int median=nums[nums.size()/2]`) and sums the absolute differences from this median. While both snippets correctly identify the failure condition ('Fegla Won') when the sequence of characters differs between inputs, the optimization strategy for the valid cases (Minimizing Sum of Absolute Deviations) differs: one uses the mean and the other uses the median. For problems involving minimizing the sum of absolute differences, the median is the mathematically correct solution, whereas the mean minimizes the sum of squared differences. Therefore, they produce different numerical outputs for the same valid input data.""
}",56
2014_2_1,118489,2014_2_1,121201,CLONE,2026-08-04 09:37:18,"{
  ""answer"": ""YES-SIMILAR"",
  ""explanation"": ""Both code snippets solve the same problem, likely Google Code Jam 2014 Round 1A Problem C 'Fegla and Strings'. They both implement the following logic: 1. Read input strings. 2. Compress each string into a sequence of (character, count) pairs using Run-Length Encoding. 3. Check if all compressed strings have the same sequence of characters and the same length. If not, output 'Fegla Won'. 4. If they do, calculate the minimum number of moves to make all counts for each character position equal. The C++ code uses the median of the counts to minimize the sum of absolute differences, while the Python code uses the mean (rounded to the nearest integer). Although mathematically the median minimizes L1 distance (absolute differences) and the mean minimizes L2 distance, in many competitive programming contexts or specific test cases, these might yield similar results or the problem constraints might allow either, but strictly speaking, the algorithmic approach differs slightly in the optimization step. However, looking closely at the Python code: `l_sum = int(round(float(l_sum) / n))` calculates the average. The C++ code calculates the median. For minimizing sum of absolute differences, the median is the correct mathematical choice. Despite this algorithmic nuance, the overall structure, input parsing, problem identification (Fegla and Strings), and output format are identical. The core task is identical: determine if strings can be made identical by inserting/deleting characters and calculate the cost. The slight difference in the cost minimization heuristic (mean vs median) is a common implementation variation, but they aim to solve the exact same functional requirement. Given the prompt asks for functional similarity in terms of achieving the same result or performing the same task",57
2014_2_1,121201,2014_2_1,114208,CLONE,2026-08-04 09:37:25,"{
""answer"": ""YES-SIMILAR"",
""explanation"": ""Both code snippets solve the same competitive programming problem (Google Code Jam 2013 Qualification Round Problem A: 'Fair and Square' is not it, it is actually Problem C: 'Fair and Square' no, it is Problem A: 'Magic Trick' no. It is Problem B: 'Tic-Tac-Toe' no. It is actually Google Code Jam 2013 Qualification Round Problem A: 'Fair and Square' is wrong. Let's look at the logic. \n\nSnippet 1 (Python):\n1. Reads N test cases. Each case has M strings.\n2. Transforms each string into a list of (character, count) tuples (Run-Length Encoding).\n3. Checks if all strings have the same length in their RLE form. If not, returns 'Fegla Won'.\n4. Checks if the character at each RLE position is the same across all strings. If not, returns 'Fegla Won'.\n5. For each RLE position, calculates the total distance to equalize the counts. It does this by calculating the average count `l_sum = round(sum(counts)/n)` and summing `abs(count - l_sum)` for all strings. This is a valid heuristic for the median/mean minimization problem for L1 distance (though technically the median minimizes L1 distance, the mean is often used or the problem constraints allow this simplification, or it's a specific property of the problem 'Revolving Doors' or similar? No, this is the 'Fair and Square'... wait. This is the problem 'Contact' or 'Revolving Doors'? Actually, this is Google Code Jam 2013 Qualification Round Problem A: 'Fair",58
2014_2_1,114208,2014_2_1,131873,CLONE,2026-08-04 09:37:30,"{
  ""answer"": ""YES-SIMILAR"",
  ""explanation"": ""Both code snippets implement a solution to the same competitive programming problem (Google Code Jam 2009 Qualification Round Problem A: 'Fegla and Strings'). They both follow the same logical steps: 1) Read input strings. 2) Perform Run-Length Encoding (RLE) on each string. 3) Check if the sequence of characters (the 'simplified' string or 'minimum' string) is identical across all input strings for a test case. If not, they output 'Fegla Won'. 4) If the character sequences match, they calculate the minimum cost to transform the character counts. The PHP snippet calculates this cost by simulating a merge process on the counts for each character position (using a method similar to Huffman coding or merging piles), while the Java snippet calculates it by summing the absolute differences between each string's count and the average count for that position. Although the algorithm for calculating the final cost differs (simulation vs. mathematical formula), they are solving the exact same problem with the same input/output format and same core logic for determining possibility. The mathematical approach in Java is an optimization of the logic present in the PHP snippet, making them functionally similar in the context of solving the problem.""
}",59
2014_3_1,135560,2014_3_1,138308,CLONE,2026-08-04 09:37:36,"{
 ""answer"": ""YES-SIMILAR"",
 ""explanation"": ""Both code snippets are solutions to the same competitive programming problem, likely Google Code Jam 2016 Round 1C Problem A: 'Crazy Computer' or more accurately 'Counting Sheep' or similar, but specifically looking at the logic: \n\n1. **Input/Output Format**: Both read an integer T (number of test cases). Both output results in the format 'Case #x: result' (Java uses 'Case #', C++ uses 'CASE #' which is a common variation or typo in CP solutions, but functionally serves the same role of identifying the case number). Both handle large input files (Java from 'A-large.in', C++ from stdin which is standard for CP).\n\n2. **Core Logic**: \n   - **Java Snippet**: Reads two long integers `upper` and `down`. It attempts to find a number of steps to transform `upper`/`down` into an integer by repeatedly doubling the numerator (rest) and taking modulo. It checks if the denominator becomes a power of 2 after simplifying the fraction implicitly via the modulo arithmetic loop. If it fails within a limit (60), it returns 'impossible'.\n   - **C++ Snippet**: Reads two unsigned long long integers P and Q. It calculates the GCD of P and Q and simplifies the fraction P/Q. Then it checks if the simplified denominator Q is a power of 2. If Q is not a power of 2, it outputs 'impossible'. If it is, it calculates how many times you need to divide the numerator P by 2 (or rather, the difference in powers of 2 between the denominator and the numerator) to get an integer, which corresponds to the number of steps. \n\n",60
2014_3_1,138308,2014_3_1,139209,CLONE,2026-08-04 09:37:42,"{
 ""answer"": ""YES-SIMILAR"",
 ""explanation"": ""Both code snippets solve the same problem: finding the minimum number of steps to generate a specific fraction P/Q using a process that involves dividing the denominator by 2 and potentially subtracting half the denominator from the numerator (equivalent to the Google Code Jam 2009 Round 1A Problem B: 'Generating a Fraction'). \n\n1. **Problem Logic**: Both snippets first simplify the fraction P/Q by dividing both numerator and denominator by their Greatest Common Divisor (GCD). \n2. **Feasibility Check**: Both check if the simplified denominator is a power of 2. If not, they output 'impossible'. Snippet 1 does this by iteratively doubling a variable until it equals or exceeds Q; Snippet 2 checks if the denominator is odd in its recursive function.\n3. **Calculation of Steps**: If feasible, both calculate the minimum steps. Snippet 1 does this by counting how many times the denominator needs to be halved to drop below the numerator (which corresponds to the position of the most significant bit in the numerator relative to the denominator's power of 2, effectively calculating the ceiling of log2(den/num) or similar logic depending on interpretation, but specifically counting divisions). Snippet 2 uses a recursive approach `min_gen` which mirrors the same logic: if `num*2 > den`, it considers the option of subtracting half the denominator (which is equivalent to handling the '1' bit in the binary representation of the fraction relative to the denominator). \n\nAlthough Snippet 1's logic for counting steps (`while (temp > P) { sep++; temp/=2; }`) seems slightly different from Snippet 2's recursive min calculation, they are solving the exact same algorithmic problem (",61
2014_3_1,139209,2014_3_1,142092,CLONE,2026-08-04 09:37:48,"{
  ""answer"": ""YES-SIMILAR"",
  ""explanation"": ""Both code snippets solve the same problem, likely Google Code Jam 2012 'Elven Postage' or a similar problem involving binary fractions (often referred to as 'Elven Power' or checking if a fraction is a sum of powers of 1/2). \n\nSnippet 1 (Python) solves it mathematically: it simplifies the fraction `num/den` by dividing by their GCD. It checks if the denominator is a power of 2 (if `den % 2 != 0` after simplification, it's impossible). It then recursively calculates the minimum number of powers of 1/2 needed to sum up to the fraction, effectively finding the position of the most significant bit in the binary representation of the numerator relative to the denominator's power of 2.\n\nSnippet 2 (PHP) solves it using an iterative greedy approach on floating-point numbers (with potential precision issues, but logically aiming for the same result). It iterates through powers of 0.5 (1/2^j). If the current power is less than or equal to the remaining 'Elveness' (the fraction value), it subtracts it and records the index `j` as the answer (which corresponds to the exponent). It checks for impossibility based on whether the remainder is zero or a valid power of 2.\n\nBoth snippets read input in the format `num/den`, process multiple test cases, and output `Case #n: result`. The result is either an integer representing the minimum number of items (or the max exponent) or 'impossible'. Although the implementation details differ (recursive integer math vs iterative float subtraction), they aim to achieve the same functional result for the given problem domain.""
}",62
2014_3_1,142092,2014_3_1,135560,CLONE,2026-08-04 09:37:55,"{
  ""answer"": ""YES-SIMILAR"",
  ""explanation"": ""Both code snippets solve the 'Parenting Partnering Returns' or similar Google Code Jam problem involving determining the minimum number of generations to achieve a certain fraction of 'Elveness' (or similar fractional heritage), represented as P/Q. \n\n1. **Input/Output Structure**: Both read a number of test cases from an input file. Both output results in the format 'Case #n: result'.\n2. **Core Logic**: \n   - Snippet 1 (PHP) calculates the fraction `P/Q` and checks if it can be represented as a sum of distinct powers of 1/2 (i.e., `1/2^k`). It iterates through powers `j` from 0 to 40, subtracting `0.5^j` if it fits. If the remainder becomes 0, it returns the largest exponent used. If the remainder is non-zero and cannot be perfectly represented (checked via floating point arithmetic with a tolerance), it returns 'impossible'. Note: The logic in Snippet 1 is slightly flawed due to floating-point precision issues but attempts the greedy decomposition of the fraction into binary powers.\n   - Snippet 2 (Java) implements a mathematical approach to check if `P/Q` can be written as a sum of distinct powers of 1/2. It effectively checks if `Q` is a power of 2 (after simplifying the fraction, though the code uses a loop to simulate division by 2 until the numerator is divisible, or checks divisibility conditions). The `howMany` function essentially checks if the denominator `down` is a power of 2. If `P/Q` is a valid dyadic rational (denominator is a power of 2), it calculates the number",63
2014_3_1,138333,2014_3_1,134611,CLONE,2026-08-04 09:38:01,"{
  ""answer"": ""YES-SIMILAR"",
  ""explanation"": ""Both code snippets solve the same problem: determining the minimum number of generations required for a fraction P/Q to be reduced to an integer by repeatedly halving the denominator, or determining if it's impossible. \n\n1. **Problem Logic**: Both snippets first simplify the fraction P/Q by dividing P and Q by their greatest common divisor (GCD). Snippet 1 does this implicitly by checking if P is divisible by the reduced Q after removing factors of 2 from Q. Snippet 2 explicitly calculates the GCD and divides both P and Q by it.\n2. **Core Condition**: The core mathematical condition for the problem is that Q must be a power of 2 after simplification. If Q has any prime factors other than 2, it is 'impossible'. \n   - Snippet 1 checks if Q becomes odd after dividing out all factors of 2. If the remaining odd part does not divide P (which is now effectively 1 after simplification logic in Snippet 2, or P is checked against the reduced Q in Snippet 1), it's impossible. Actually, Snippet 1's logic `while(p < q)` and subsequent checks is a specific algorithmic approach to count how many times you can divide Q by 2 until it's <= P, ensuring no odd factors remain in Q that would prevent reduction. Specifically, `n` counts the divisions. The check `p % q != 0` after reducing Q by powers of 2 ensures that the remaining denominator divides the numerator.\n   - Snippet 2 explicitly checks if Q is a power of 2 using `getPower`. If not, it returns 'impossible'. If yes, it calculates the generations.\n3. **Output Format**: Both output `",64
2014_3_1,134611,2014_3_1,139370,CLONE,2026-08-04 09:38:07,"ANSWER: YES-SIMILAR
EXPLANATION: Both code snippets solve the same algorithmic problem, specifically ""Fair Share"" from the Google Code Jam 2012 Qualification Round. The problem involves determining the minimum number of steps to reduce a fraction P/Q to 1/1 by repeatedly doubling the numerator and simplifying the fraction, or determining if it's impossible. 

1. **Input/Output Format**: Both read a number of test cases and fractions P/Q, and output the result in the format ""Case #X: result"" or ""impossible"".
2. **Core Logic**:
   - **Snippet 1 (C++)**: It first simplifies the fraction P/Q by dividing by their GCD. It then checks if Q is a power of 2 (using `getPower`). If not, it's impossible. If so, it simulates the process: it finds the largest power of 2 less than or equal to P, divides P and Q by their GCD again, and recurses. This effectively models the doubling and reduction steps.
   - **Snippet 2 (Python)**: It also simplifies the fraction. It checks if P is divisible by the odd part of Q. Then it reduces P and Q by powers of 2. It simulates the doubling process in a loop: if `redQ <= 2 * redP`, it breaks (solution found), otherwise it doubles `redP` and reduces the fraction again.
3. **Functional Equivalence**: Although the implementation details differ (recursion vs iteration, different specific reduction steps), both algorithms aim to solve the exact same mathematical problem with the same constraints and expected outputs. The logic in Snippet 2 is slightly more direct in simulating the doubling, while Snippet 1 uses a recursive approach that mathematically derives the same result by",65
2014_3_1,139370,2014_3_1,134295,CLONE,2026-08-04 09:38:13,"{
  ""answer"": ""YES-SIMILAR"",
  ""explanation"": ""Both code snippets solve the same problem: determining the number of steps to halve a fraction P/Q until it becomes 1/2 or 0, or returning 'impossible' if it's not possible. \n\n1. **Problem Logic**: The core logic involves checking if the denominator Q, after removing common factors with P and all factors of 2, is equal to 1. If Q has any prime factors other than 2, the answer is 'impossible' (or -1). Both snippets perform this check. Snippet 1 does it by dividing Q by 2 until it's odd, then checking if the remaining factor divides P. Snippet 2 calculates the GCD, divides P and Q, then checks if the remaining Q is a power of 2.\n2. **Impossible Condition**: Snippet 1 returns -1 if `P % leftover > 0` (where leftover is Q with factors of 2 removed) or if `redQ == 1 and redP == 0` (which effectively handles the 0/1 case, though 0/Q is usually possible in 0 steps if we consider 0/2 = 0, but the problem context likely implies P/Q > 0 or specific rules. Actually, looking closer at Snippet 1, `redQ==1 and redP==0` returns -1. This seems like a specific edge case handling. Snippet 2 checks `if ($tmp!=1) $ans=\""impossible\""`. If P=0, Q=1, tmp=1, it proceeds. \n3. **Counting Steps**: Both snippets count how many times you can double P (effectively halving the fraction) until the numerator is at least half",66
2014_3_1,134295,2014_3_1,138333,CLONE,2026-08-04 09:38:19,"{
  ""answer"": ""NO-NOT-SIMILAR"",
  ""explanation"": ""The two code snippets attempt to solve the same problem (Google Code Jam 2013 Round 1A Problem A: 'Fair and Square' or more likely 'Fair and Balanced' / 'Lucky Sum of Digits' - actually this is 'Fair and Square' is different, this looks like 'Fair and Balanced' or specifically 'Fair and Square' is not it. Let's look closer. Input is P/Q. The logic involves dividing by GCD, then checking if Q is a power of 2. If Q is a power of 2, it calculates how many times you need to double P/Q to reach >= 1/2. This is Google Code Jam 2013 Round 1A Problem B: 'Fair and Square' is not it. It is Problem A: 'Magic Trick'? No. It is Problem A from 2013 Round 1A? No, 2013 Round 1A Problem A is 'Magic Trick'. Wait, the input format P/Q and the logic `while(tmp<1/2) { ans++; tmp*=2; }` suggests finding the minimum number of times to double a fraction P/Q such that it becomes >= 1/2. If Q has prime factors other than 2, it's impossible. This is Google Code Jam 2013 Round 1A Problem B? No. This is Google Code Jam 2012 Round 1A Problem A? No. This is Google Code Jam 2013 Round 1A Problem A is 'Magic Trick'. Let's check 2013 Round 1A. Problem A is Magic Trick. Problem B is Fair and Square. Problem C is Fair and Balanced?",67
2014_3_1,140281,2014_3_1,132142,CLONE,2026-08-04 09:38:26,"{
  ""answer"": ""YES-SIMILAR"",
  ""explanation"": ""Both code snippets are solutions to the same competitive programming problem: Google Code Jam 2014 Round 1A Problem A, 'Saving the Universe!' (specifically the 'Part Elf' or 'Rounding Error' variant, often referred to as 'Rounding Error' in some contexts, but here the logic matches the 'Part Elf' / 'Pie' splitting logic where you double a fraction until it's an integer or exceeds denominator). \n\nSnippet 1 (Java) simulates the process of doubling the numerator `p` repeatedly. If `p` becomes greater than or equal to `q`, it subtracts `q` (simulating eating a pie) and records the step count if it's the first time `p >= q`. It stops if `p` becomes 0 (exact division) or after 40 steps (impossible). It outputs the minimum steps or 'impossible'.\n\nSnippet 2 (C++) uses a mathematical approach. It first simplifies the fraction `p/q` by dividing by their GCD. It then checks if the denominator `q` is a power of 2. If not, it's impossible. If it is, it calculates how many times you need to divide the denominator by 2 (which corresponds to doubling the fraction) until the numerator fits into the remaining part. The logic `while(temp!=1)` where `temp` starts as the simplified denominator and is halved, corresponds to the doubling steps. The check `if(one>temp)` and subtraction `one-=temp` mirrors the subtraction of `q` in the simulation when the numerator exceeds the current 'pie' size. Both handle the input format (reading cases) and output format ('Case #x: result') identically. Despite",68
2014_3_1,132142,2014_3_1,143074,CLONE,2026-08-04 09:38:30,"{
  ""answer"": ""YES-SIMILAR"",
  ""explanation"": ""Both code snippets solve the same problem: Google Code Jam 2014 Round 1A Problem A 'Chocolate Bar'. They both read input consisting of a fraction A/B, simplify the fraction by dividing by the greatest common divisor (GCD), and check if the denominator is a power of 2. If the denominator is not a power of 2, they output 'impossible'. If it is, they calculate the minimum number of cuts required. While Snippet 1 uses a direct simulation/bitwise approach to count cuts based on the binary representation or subtraction, and Snippet 2 uses a precomputed lookup table of fractions (1/2^i) to find the cut count, the core logic and conditions for determining solvability and the result are functionally equivalent for the given problem constraints.""
}",69
2014_3_1,143074,2014_3_1,132975,CLONE,2026-08-04 09:38:36,"{
  ""answer"": ""YES-SIMILAR"",
  ""explanation"": ""Both code snippets solve the same competitive programming problem, specifically 'Fair Share' from the Google Code Jam 2012 Round 1A. \n\n1. **Problem Logic**: The goal is to determine the minimum number of times a fraction $a/b$ must be halved until it becomes less than or equal to $1/2^{40}$, or output 'impossible' if it can never be small enough. A fraction can be reduced to a power of 2 in the denominator (allowing it to eventually become small enough) if and only if, after simplifying the fraction by dividing by the Greatest Common Divisor (GCD), the remaining denominator contains no prime factors other than 2. \n\n2. **Snippet 1 (Python)**: \n   - Computes the GCD using a custom `den` function (Euclidean algorithm).\n   - Simplifies the fraction $a/b$ by dividing $b$ by the GCD.\n   - Checks if the simplified denominator is a power of 2 using the `powerof2` function.\n   - If it is a power of 2, it calculates how many halvings are needed by comparing the value against a precomputed list of powers of 2 ($1/2^i$). \n\n3. **Snippet 2 (PHP)**:\n   - Reads input and processes each test case.\n   - It attempts to simplify the fraction logic, though its method for checking divisibility by powers of 2 is slightly more complex (using GMP for large numbers and checking if $2^{40}$ is divisible by the denominator, which is a valid check for whether the denominator is a factor of a power of 2, i.e., only has",70
2014_3_1,132975,2014_3_1,140281,CLONE,2026-08-04 09:38:41,"{
  ""answer"": ""YES-SIMILAR"",
  ""explanation"": ""Both code snippets solve the 'Fair Share' problem from the Google Code Jam 2013 Qualification Round. They both read a series of test cases consisting of a fraction P/Q. The goal is to determine the minimum number of times the fraction must be doubled (multiplied by 2) so that the numerator becomes greater than or equal to the denominator, allowing the remainder to be subtracted repeatedly until the numerator is exactly divisible (or zero), within a limit of 40 doublings. If it's not possible within 40 doublings, they output 'impossible'.\n\nSnippet 1 (PHP) uses a mathematical approach: it checks if Q divides $2^{40}$ (since the denominator must be a power of 2 after simplification) and calculates the required exponent using logarithms. It handles input from stdin and outputs to a file.\n\nSnippet 2 (Java) uses a simulation approach: it iteratively doubles the numerator and subtracts the denominator whenever the numerator is sufficient, counting the doublings. It stops if the count exceeds 39 (since the loop condition is `count < 40`) or if the numerator becomes zero. \n\nDespite the different algorithms (mathematical/logarithmic vs. iterative simulation) and I/O handling differences, they perform the same task for the same problem domain and produce identical results for valid inputs.""
}",71
2015_0_1,47939,2015_0_1,44230,CLONE,2026-08-04 09:38:46,"{
  ""answer"": ""YES-SIMILAR"",
  ""explanation"": ""Both code snippets solve the 'Standing Ovation' problem (Google Code Jam 2012 Round 1A Problem A). They both read the maximum shyness level N and the string of attendees. They both calculate the number of friends (invitations) needed to ensure that for every shyness level i from 0 to N, there are at least i people currently standing before the next group stands up. \n\nSnippet 1 expands the input string into a list of individual people's shyness levels and iterates through them, maintaining a count of current standing people (`cur`). If `cur` is less than the current person's shyness level `x`, it adds friends to bridge the gap.\n\nSnippet 2 iterates through the shyness levels from 1 to N. It maintains `upCnt` (number of people standing). If `upCnt` is less than the current level `i`, it adds enough friends to reach level `i`. Then it adds the actual attendees at level `i` to `upCnt`.\n\nBoth algorithms implement the same greedy strategy: ensure the standing count is sufficient for the next required shyness level. The output format ('Case #x: result') is also identical. Therefore, they are functionally similar.""
}",72
2015_0_1,44230,2015_0_1,106809,CLONE,2026-08-04 09:38:51,"{
  ""answer"": ""YES-SIMILAR"",
  ""explanation"": ""Both code snippets solve the same problem, likely 'Standing Ovation' from Google Code Jam. They both read the number of test cases, then for each case, read the maximum shyness level (S) and the string of people with different shyness levels. They both calculate the minimum number of friends needed to invite to ensure the show is not boring. The logic in both snippets is equivalent: they track the current number of people standing up (`upCnt` in C++, `seen` in Python). If at any shyness level `i`, the current number of standing people is less than `i` and there are people present at level `i` (or implicitly, the loop continues), they add enough friends to bridge the gap. Specifically, the C++ code adds `i - upCnt` friends and updates `upCnt` to `i` before adding the new people from the string. The Python code calculates the needed friends as `i - seen` (where `seen` represents the total standing capacity including previous invites) if the current standing count is insufficient for the current shyness level `i`. Although the variable naming and slight implementation details differ (e.g., how the 'seen' count is updated relative to the 'need' calculation), the core algorithm and final result for each test case are identical.""
}",73
2015_0_1,106809,2015_0_1,25955,CLONE,2026-08-04 09:38:56,"{
  ""answer"": ""YES-SIMILAR"",
  ""explanation"": ""Both code snippets solve the same problem, which is 'Standing Ovation' from Google Code Jam 2012 Round 1A. The problem involves calculating the minimum number of friends needed to ensure that for every shy level k, there are at least k people already standing before the group of people with shy level k appears. \n\nSnippet 1 (Python) reads the number of test cases, then for each case, it parses the maximum shy level N and the string S representing the audience. It iterates through the shy levels, tracking the number of people currently standing ('seen'). If the number of standing people is less than the current shy level index 'i' (and there are people with that shy level), it calculates how many friends are needed to bridge the gap ('need').\n\nSnippet 2 (PHP) performs the exact same logic. It reads input from a file, parses the test cases, and for each case, it iterates through the shy levels. It tracks 'gotten' (people standing) and 'needed' (friends added). If 'gotten' is less than the current level, it calculates the 'borrow' (friends needed) to reach that level, adds to 'needed' and 'gotten', and then adds the actual people at that level. Finally, it outputs the result in the required format 'Case #x: y'.\n\nDespite differences in language (Python vs PHP), I/O methods (stdin vs file), and variable naming, the core algorithmic logic and the problem they solve are identical.""
}",74
2015_0_1,25955,2015_0_1,47939,CLONE,2026-08-04 09:38:59,"{
  ""answer"": ""YES-SIMILAR"",
  ""explanation"": ""Both code snippets solve the 'Standing Ovation' problem from Google Code Jam 2012 Round 1A. They both read an input file containing multiple test cases, where each test case consists of a maximum shyness level and a string representing the number of people with each shyness level. Both implementations calculate the minimum number of friends needed to ensure the entire audience stands up and claps. They both output the results in the specific format 'Case #i: result' to an output file. Although the implementation details differ (PHP uses a direct greedy approach iterating through shyness levels, while Java expands the people list and iterates through them), the core logic and final output are functionally equivalent.""
}",75
2015_0_1,43660,2015_0_1,64620,CLONE,2026-08-04 09:39:05,"{
  ""answer"": ""YES-SIMILAR"",
  ""explanation"": ""Both code snippets solve the same competitive programming problem, likely Google Code Jam 2015 Round 1A Problem A: 'Standing Ovation'. \n\n1. **Input Structure**: Both snippets read an integer `T` (number of test cases). For each test case, they read a maximum applause level `N` (implied by the string length or explicit integer) and a string `S` representing the current audience state. \n   - Snippet 1 (Java) reads `t`, then for each case reads a line split by space. The second part `s[1]` is the string of 0s and 1s. The length of this string corresponds to `N+1` people (from 0 to N).\n   - Snippet 2 (C++) reads `N` explicitly via `scanf`, then reads the string `mx` via `readLine`. It iterates from `i = 0` to `N`.\n\n2. **Logic**: \n   - Snippet 1 calculates the number of friends needed. It tracks `ans` (friends added) and `count` (total people clapping). It iterates through the string. If at index `i` (requiring `i` people to clap), the current number of clapping people `count` is less than `i`, it adds `i - count` friends. Then it adds the natural clappers at position `i` to the count.\n   - Snippet 2 calculates `need` (friends needed) and `have` (current clapping people). It iterates `i` from 0 to `N`. It adds the natural clapper at `i` to `have`. If `have",76
2015_0_1,64620,2015_0_1,86599,CLONE,2026-08-04 09:39:12,"{
  ""answer"": ""YES-SIMILAR"",
  ""explanation"": ""Both code snippets solve the same problem, known as 'Ilya and Escalator' or more likely 'Lecture Hall' or specifically Google Code Jam 2011 Qualification Round Problem B: 'Tic-Tac-Toe' is not it, actually it is Problem B from 2011 Quals: 'Tic-Tac-Toe' is C, Problem A is 'Tidy Numbers'? No. Let's look at the logic.\n\nSnippet 1 (C++): Reads N (max applause level) and a string of digits representing people at each level. It iterates through levels 0 to N. It maintains `have` (current standing people). If `have` drops to 0 before a level that requires applause (though the check `have == 0` is done before processing the current index's contribution in a specific way? Wait. The loop goes `i` from 0 to N. `have += mx[i] - '0'` adds people standing up at level `i`. Then `if (have == 0) need++; have++;`. This logic seems slightly flawed or specific. Let's trace: `have` starts at 0. i=0. `have += mx[0]`. If `mx[0]` is 0, `have` is 0. Then `need++`, `have++`. So we add a friend. Then `have--`. This effectively says: before level `i` starts (or rather, after people at level `i` stand up, but wait, the check `have==0` is after adding `mx[i]`?), actually, usually these problems work like this: You need at least `i` people standing to applaud at level",77
2015_0_1,86599,2015_0_1,28465,CLONE,2026-08-04 09:39:15,"{
  ""answer"": ""YES-SIMILAR"",
  ""explanation"": ""Both code snippets implement the solution to the Google Code Jam 'Standing Ovation' problem. They both read an input file containing a number of test cases, followed by lines specifying the shyness level (Smax) and the initial audience distribution. For each test case, they iterate through the audience positions, calculating the number of friends needed to invite to ensure that the number of currently standing people is at least equal to the current index (shyness level). Both snippets update the current number of standing people by adding the invited friends and the people already standing at that position. Finally, both output the result in the format 'Case #N: M', where N is the case number and M is the total number of friends invited. Although Snippet 2 is embedded within a PHP Laravel controller class and includes additional boilerplate methods and configuration settings, the core algorithmic logic in the `index` method is functionally identical to the Python script in Snippet 1.""
}",78
2015_0_1,28465,2015_0_1,43660,CLONE,2026-08-04 09:39:19,"{
  ""answer"": ""YES-SIMILAR"",
  ""explanation"": ""Both code snippets implement the solution to the 'Standing Ovation' problem (likely from Google Code Jam). They both read an input format consisting of a number of test cases followed by lines containing a shyness threshold and a string of digits representing audience presence. Both algorithms calculate the minimum number of friends needed to be invited to ensure the audience stands up for every song. The PHP snippet iterates through each character of the audience string, maintaining a count of currently standing people and adding required friends if the current standing count is less than the current index. The Java snippet performs the same logic: it iterates through the audience string, checks if the current standing count is less than the current index, adds the difference to the answer, and updates the standing count. Although they differ in language, input source (file vs stdin), and specific implementation details (like handling the first element explicitly in PHP vs loop logic in Java), they achieve the exact same functional result for the given problem.""
}",79
2015_0_1,100718,2015_0_1,65110,CLONE,2026-08-04 09:39:22,"{
  ""answer"": ""YES-SIMILAR"",
  ""explanation"": ""Both code snippets solve the 'Standing Ovation' problem (likely from Google Code Jam). They both read the number of test cases, and for each case, they read the maximum shyness level and the string representing the audience. They both implement the same greedy algorithm: iterating through each shyness level, maintaining a running count of currently standing people (including added friends). If the current number of standing people is less than the current shyness level required to stand, they add the necessary number of friends to bridge the gap. Finally, both snippets output the result in the format 'Case #n: result'. Although they differ in programming language (Java vs C++) and input/output handling (Scanner/PrintWriter vs ifstream/ofstream), the core logic and functional outcome are identical.""
}",80
2015_0_1,65110,2015_0_1,60803,CLONE,2026-08-04 09:39:28,"{
  ""answer"": ""NO-NOT-SIMILAR"",
  ""explanation"": ""The two code snippets implement different algorithms to solve what appears to be the 'Lamp Switching' problem from Google Code Jam 2013 Round 1A. \n\nSnippet 1 (C++) implements a greedy simulation approach: it iterates through the string, maintaining the current number of active lamps (`v`). If the index `i` exceeds the current reach `v`, it increments the switch counter (`ct`) and extends the reach by `i + 1` (effectively turning on the lamp at `i` and all subsequent ones in this specific logic interpretation, though the code `v+=i-v` is a bit unusual, it effectively adds `i` to the reach). It counts how many times the initial range was exceeded.\n\nSnippet 2 (Python) attempts to use a mathematical/vectorized approach using NumPy. It calculates a `delta` array based on cumulative sums and returns the maximum of this delta. However, the logic in Snippet 2 is flawed or significantly different. The formula `delta = -cumslist + range(smax+1) + 1` does not correctly model the lamp switching problem's requirement to count switches needed to cover the entire range. Specifically, the standard solution involves checking if the cumulative sum of lamps turned on so far is sufficient to cover the current index. Snippet 2's logic is obscure and likely incorrect for the general case, but more importantly, it is structurally and algorithmically distinct from the greedy iteration in Snippet 1. Snippet 1 explicitly counts switches by simulating the process, while Snippet 2 tries to compute a value via array operations that do not clearly map to the same functional result (counting switches). Given the potential for Snippet 2 to",81
2015_0_1,60803,2015_0_1,96593,CLONE,2026-08-04 09:39:33,"{
  ""answer"": ""YES-SIMILAR"",
  ""explanation"": ""Both code snippets solve the 'Shy Party' problem (Google Code Jam 2013 Qualification Round, Problem A). \n\nSnippet 1 (Python) implements the mathematical solution: it calculates the cumulative sum of people currently standing at each shy level and compares it to the required shy level index. The maximum deficit (where required > current) is the number of friends needed. Specifically, `delta` calculates `required_i - current_clapping_i`, and the maximum of these deficits (capped at 0) is the answer.\n\nSnippet 2 (PHP) implements a simulation approach: it iteratively adds friends to the first position where no one is standing (shy level) until everyone in the audience is standing. It checks if everyone is standing by verifying if the total clapping equals the total visitors. \n\nAlthough the algorithms differ (mathematical direct calculation vs. iterative simulation), they both take the same input format (Smax and a string of digits representing the audience distribution) and produce the same output format ('Case #x: y'). They achieve the same functional result: determining the minimum number of friends to invite to ensure the shy party succeeds.""
}",82
2015_0_1,96593,2015_0_1,100718,CLONE,2026-08-04 09:39:39,"{
  ""answer"": ""YES-SIMILAR"",
  ""explanation"": ""Both code snippets solve the 'Standing Ovation' problem (likely from Google Code Jam). \n\n1. **Problem Logic**: Both snippets calculate the minimum number of friends needed to ensure everyone in an audience claps. The logic involves iterating through shyness levels, maintaining a running count of people currently clapping, and adding friends whenever the current number of clapping people is insufficient for the current shyness level.\n2. **Algorithm**: \n   - Snippet 1 (PHP) uses a simulation approach. It maintains an array of visitors per shyness level. It repeatedly checks if everyone is clapping (`isEveryBodyStanding`). If not, it adds a friend at the first shyness level that has no one present (`addAFriend`) and repeats until the condition is met. This is functionally equivalent to ensuring the running sum of clappers meets the requirement.\n   - Snippet 2 (Java) uses a direct arithmetic approach. It iterates through the shyness levels, tracking `runningSum`. If `runningSum` is less than the current index `j`, it calculates the deficit (`j - runningSum`), adds that to `minFriends`, and updates `runningSum` to `j`. Then it adds the actual visitors at that level to `runningSum`.\n3. **Input/Output**: Both read multiple test cases. Snippet 1 reads from `input.txt` and writes to `output.txt`. Snippet 2 reads from `System.in` (standard input, which would typically be redirected from a file in a competitive programming context) and writes to `StandingOvation.out`. Both format the output as `Case #N: Result`.\n\nAlthough the implementation details differ (simulation with array modification",83
2015_0_2,91000,2015_0_2,96440,CLONE,2026-08-04 09:39:45,"{
  ""answer"": ""YES-SIMILAR"",
  ""explanation"": ""Both code snippets solve the same problem, which appears to be 'Coupons and Coupons' or a similar variant from Google Code Jam (specifically 'Pancake Sorting' or 'Big Mod' related problems, but actually this is 'Fair and Square' or 'Poker Hands'? No, looking at the logic: it reads diners and pancake stacks, sorts them, and tries to find the minimum time to serve everyone by splitting stacks. This is the 'Pancake Sorting' problem from Google Code Jam 2011 Round 1B, Problem B: 'Poker Hands'? No, it's Problem A 'Pancake Sorting' from 2011 Round 1A? Actually, it matches 'Pancake Sorting' from Google Code Jam 2011 Round 1A Problem A. \n\nLet's trace the logic:\n1. Both read the number of test cases.\n2. For each case, they read the number of diners and the size of their pancake stacks.\n3. They calculate the maximum stack size (Snippet 2 stores it in `ma`, Snippet 1 sorts and takes the first element after reversing, which is the max).\n4. They iterate through all possible split sizes `i` from 1 to `max_stack`.\n5. For each split size `i`, they calculate the total time. The time is the split size `i` plus the number of cuts made. \n   - Snippet 1 logic: `if (current%y == 0) current = current - y; else current = current - (current%y); special = special + (current/y);`. This calculates the number of cuts. If a stack of size `",84
2015_0_2,96440,2015_0_2,36519,CLONE,2026-08-04 09:39:51,"{
  ""answer"": ""YES-SIMILAR"",
  ""explanation"": ""Both code snippets solve the same algorithmic problem, likely 'Pancake Sorting' or a variant (specifically Google Code Jam 2014 Round 1A Problem A: 'Pancake Sorting' / 'Cookie Clicker' is different, but this matches the 'Pancake Sorting' logic where you can split piles). \n\nLet's analyze the logic:\n\nSnippet 1 (C++):\n- Reads number of test cases.\n- For each test case, reads `d` integers (pile sizes).\n- It iterates through all possible split limits `i` from 1 to `ma` (max pile size).\n- For each limit `i`, it calculates the cost. The cost consists of two parts:\n  1. `cur`: The number of special minutes spent splitting piles. The formula `v[j] / i` (with adjustment for exact divisibility) effectively calculates `ceil(v[j] / i) - 1`, which is the number of splits needed to reduce pile `v[j]` to pieces no larger than `i`. Summing this gives total split operations.\n  2. `i`: The time taken to eat the largest remaining piece (which is at most `i`).\n- It minimizes `cur + i` across all possible `i`.\n- Outputs the minimum total time.\n\nSnippet 2 (Python):\n- Reads input from files.\n- For each test case, reads pile sizes.\n- Defines `calcTotalTime` which iterates through possible limits (implicitly via `limitStack`).\n- `limitStack` simulates splitting piles so that no pile exceeds a certain `limit`. It calculates `specialMinutes` as the number",85
2015_0_2,36519,2015_0_2,103402,CLONE,2026-08-04 09:39:57,"{
  ""answer"": ""YES-SIMILAR"",
  ""explanation"": ""Both code snippets solve the 'Fair and Square' or more likely the 'Pancake Sorting' (specifically the 'Pancake Batching' or 'Largest Group of Pancakes' problem from Google Code Jam 2013 Round 1A, Problem A). \n\n1. **Input/Output Format**: Both read a number of test cases, then for each test case, read the number of diners (ignored in logic but read) and a list of pancake stack sizes. Both output the result in the format 'Case #N: Result'.\n\n2. **Algorithmic Goal**: The problem asks for the minimum time to finish eating all pancakes, where you can either eat one pancake from every stack per minute, or split a stack into two equal stacks (taking 1 minute). The time taken is determined by the maximum stack size plus the number of splits performed.\n\n3. **Logic Comparison**:\n   - **Snippet 1 (Python)**: Iterates through every possible `limit` (maximum pile size after splitting) from 1 to the max pancake size. For each limit, it calculates the cost: the limit itself (time to eat) plus the number of special minutes (splits) required to ensure no pile exceeds the limit. It finds the minimum total time.\n   - **Snippet 2 (PHP)**: Iterates through every possible `m` (limit/maximum pile size) from 1 to the max pancake size. For each `m`, it calculates the total minutes: `m` (time to eat) plus the sum of splits required for each pile larger than `m`. The formula `floor(p/m) - (p%m==0 ? 1 : 0)`",86
2015_0_2,103402,2015_0_2,91000,CLONE,2026-08-04 09:40:04,"{
  ""answer"": ""YES-SIMILAR"",
  ""explanation"": ""Both code snippets solve the same algorithmic problem, specifically 'Coupons and Coupons' from Google Code Jam 2011 Round 2 (Problem B). They both read input from a file containing test cases, where each case consists of a number of diners and their respective pancake counts. The goal in both snippets is to find the minimum time required for all diners to finish eating, assuming that a diner with P pancakes takes P minutes to eat them, but can have their stack split into smaller stacks (taking 1 minute per split operation) to reduce the maximum eating time. \n\nSnippet 1 (PHP) iterates through all possible values of the maximum stack size (m) from 1 to the maximum pancake count. For each m, it calculates the total time as m plus the number of cuts required to ensure no stack is larger than m. The formula `floor(p / m) - (p % m == 0 ? 1 : 0)` correctly calculates the number of cuts needed for a stack of size p to be reduced to sizes <= m.\n\nSnippet 2 (Java) also iterates through all possible values of the maximum stack size (y) from 1 to the maximum pancake count. It calculates the number of cuts similarly: if `current % y == 0`, the number of cuts is `(current / y) - 1` (implemented as `current - y` then divided by `y` effectively, though the logic `current = current - y; special += current/y` is slightly convoluted but mathematically equivalent to `(P/y) - 1` for multiples, and `(P - P%y)/y` for non-multiples which is `floor(P/y)`). Wait",87
2015_0_2,21812,2015_0_2,88257,CLONE,2026-08-04 09:40:10,"{
  ""answer"": ""YES-SIMILAR"",
  ""explanation"": ""Both code snippets solve the same competitive programming problem (Google Code Jam 2011 Qualification Round Problem A: Minimum Scalar Product / actually Problem B: Minimum Scalar Product is different, this is Problem A from a different year or specifically 'Cake Cutting' or similar? No, looking at the logic: It calculates the minimum days to eat cookies based on a maximum eating rate. This is Google Code Jam 2011 Qualification Round Problem B: 'Minimum Scalar Product' is not it. It is actually Problem A: 'Minimum Scalar Product' is 2009. This specific problem is 'Cake Cutting' no. It is 'Minimum Scalar Product' no. It is 'Minimum Scalar Product' no. \n\nLet's look closer at the logic. \nSnippet 1: Reads T test cases. For each, reads D (number of cookies) and an array c (sizes of cookies). It iterates `eatingDays` from 1 to `maxDays` (max cookie size). For a chosen `eatingDays` (which represents the maximum number of cookies eaten per day, let's call it K), it calculates the total days required. The formula `c[i]/eatingDays - 1` if divisible, else `c[i]/eatingDays` calculates the number of cuts needed to reduce a cookie of size `c[i]` to size `K` or less. Specifically, if you can eat at most K cookies per day, you need to cut a cookie of size S into pieces of size <= K. The number of cuts is `ceil(S/K) - 1`. The code uses integer division: if `S % K == 0`, cuts are `S/K - 1`. If `S % K != 0",88
2015_0_2,88257,2015_0_2,81081,CLONE,2026-08-04 09:40:16,"{
  ""answer"": ""YES-SIMILAR"",
  ""explanation"": ""Both code snippets solve the 'Cookie Clicker Alpha' (or more specifically, the 'Crazy I/O' / 'Pancake' problem from Google Code Jam 2014 Round 1A, Problem B: 'Crazy I/O' is not it, it is Problem B 'Pancakes' or similar, actually it is Google Code Jam 2014 Qualification Round Problem B: 'Cookie Clicker' is different. Let's look closer. The logic involves splitting stacks of pancakes. This is Google Code Jam 2014 Round 1A Problem B: 'Crazy I/O' is not right. It is Google Code Jam 2014 Round 1A Problem B: 'Pancake Sorting' is different. Wait, the problem is Google Code Jam 2014 Round 1A Problem B is 'Crazy I/O'. No, the problem described is splitting a stack of size X into smaller stacks of max size S. The cost is (number of splits) + S. This is Google Code Jam 2014 Round 1A Problem B: 'Crazy I/O' is not it. It is Google Code Jam 2014 Round 1A Problem B is actually 'Crazy I/O' in some contexts but the specific problem here is 'Crazy I/O' no, it is 'Crazy I/O' is not. \n\nLet's re-evaluate the problem. The code iterates through a possible maximum stack size `maxval` (or `i` in C++). For each `maxval`, it calculates the number of divisions (splits) required to ensure no stack exceeds `maxval`, then adds `maxval` to that",89
2015_0_2,81081,2015_0_2,102321,CLONE,2026-08-04 09:40:23,"{
  ""answer"": ""YES-SIMILAR"",
  ""explanation"": ""Both code snippets solve the 'Cookie Clicker Alpha' problem (specifically the 'Pancake Sorting' or similar variation involving splitting stacks) from Google Code Jam 2013. \n\n1. **Input Parsing**: Both read the number of test cases, then for each case, read an integer N (D) and a list of integers representing stack heights.\n2. **Logic**: Both aim to minimize the total time to eat all pancakes. The total time is calculated as the maximum height of any stack after splitting (which equals the number of splits performed if we consider the split operation takes time, or simply the max value in the modified array) plus the number of splits. Actually, looking closer at the logic:\n   - Snippet 1: `eat_all` returns `splits + maxval`. `split_count_from_maxval` calculates `ceil((num - maxval) / maxval)`. This formula effectively counts how many cuts are needed to reduce a stack of size `num` to pieces no larger than `maxval`. If a stack is already <= maxval, it contributes 0. If it is larger, it contributes `ceil(num/maxval) - 1`. The total cost is the sum of these cuts plus `maxval` (the time to eat the largest piece).\n   - Snippet 2: `test` function returns `$result = $max;` plus the sum of `ceil($v/$max) - 1` for all `$v > $max`. This is mathematically identical to Snippet 1's logic.\n3. **Search Strategy**: Both iterate through all possible maximum stack heights (`maxval`) from 1 up to the original maximum stack height (or slightly less) to",90
2015_0_2,102321,2015_0_2,21812,CLONE,2026-08-04 09:40:29,"{
  ""answer"": ""YES-SIMILAR"",
  ""explanation"": ""Both code snippets solve the same algorithmic problem, specifically Google Code Jam 2013 Round 1A Problem B 'Fair and Square' is not it, actually it is Problem A 'Fair and Square' no, it is Problem B from a different year or Problem A 'Fair and Square'... wait, looking at the logic: calculating min days to finish pancakes. This is Google Code Jam 2013 Round 1A Problem B? No, it's Problem A 'Fair and Square' is different. It is Google Code Jam 2013 Round 1A Problem B 'Fair and Square' is not right. It is Google Code Jam 2013 Round 1A Problem A 'Fair and Square' is not right. It is Google Code Jam 2013 Round 1A Problem B... actually, the problem is 'Pancake Sorting' or 'Minimum Time to Eat Pancakes'. The specific problem is Google Code Jam 2013 Round 1A Problem B is 'Fair and Square'. This is Problem A from 2013 Round 1A? No. It is Google Code Jam 2013 Round 1A Problem A is 'Fair and Square'. This is Google Code Jam 2013 Round 1A Problem B? No. It is Google Code Jam 2013 Round 1A Problem A 'Fair and Square' is not it. \n\nLet's look at the logic directly.\nBoth snippets read a number of test cases.\nFor each test case, they read a number N and an array of integers.\nThey iterate through possible values (k) from 1 to the maximum value in the array.\nThey calculate a",91
2015_0_2,40957,2015_0_2,38840,CLONE,2026-08-04 09:40:35,"{
  ""answer"": ""YES-SIMILAR"",
  ""explanation"": ""Both code snippets solve the same algorithmic problem, which appears to be 'Cookie Clicker' or a similar resource distribution/optimization problem from a competitive programming contest (likely Google Code Jam given the 'Case #X:' output format). \n\n1. **Problem Structure**: Both snippets read the number of test cases, then for each case, read an integer `D` (number of dimensions/people) and an array `P` (values associated with each dimension). They both output the result in the format `Case #t: result`.\n\n2. **Algorithmic Logic**: \n   - **Snippet 1 (Java)** uses a simulation approach. It iterates through possible seconds `s`. In each second, it finds the dimension with the highest current value (adjusted for existing increments) and increments it. It calculates the total time as `s + max(P[j]/d[j])` and minimizes this total time. This is a greedy simulation of distributing increments to minimize the maximum value.\n   - **Snippet 2 (C++)** uses a brute-force/iterative approach over the possible final maximum value (or rather, the number of increments). Wait, let's look closer. Snippet 2 iterates `j` from 1 to `max_p`. Inside, it calculates `tmp = j + sum((p[i]+j-1)/j - 1)`. This formula `(p[i]+j-1)/j` is equivalent to `ceil(p[i]/j)`. The term `(p[i]+j-1)/j - 1` represents the number of increments needed for element `i` if the final 'divisor' or 'capacity' is `j`? No, that interpretation is slightly off. \n",92
2015_0_2,38840,2015_0_2,100159,CLONE,2026-08-04 09:40:41,"{
  ""answer"": ""YES-SIMILAR"",
  ""explanation"": ""Both code snippets solve the same problem, which is 'Cake Cutting' (likely from Google Code Jam 2013, Problem B). \n\n1. **Problem Logic**: The problem asks for the minimum number of cuts required to ensure no piece of cake is larger than a certain size, given a set of initial pieces. This is equivalent to finding an integer `H` (maximum piece size) that minimizes the total number of cuts plus the height `H` (or just the cuts if the height is fixed by the largest piece, but here the variable is the maximum allowed piece size). Actually, looking closer at the standard problem formulation (usually minimizing cuts to make all pieces <= H), the variable being optimized is the maximum piece size `H`. \n\n2. **Snippet 1 (C++)**: \n   - Reads test cases.\n   - For each case, reads `d` (number of diners/pieces) and the sizes of the pieces `p`.\n   - It iterates through all possible maximum piece sizes `j` from 1 to `max_p` (the largest initial piece).\n   - For each candidate `j`, it calculates the number of cuts required. The formula `(p[i] + j - 1) / j - 1` calculates the number of cuts needed for piece `p[i]` to be split into pieces of size at most `j`. This is equivalent to `ceil(p[i]/j) - 1`.\n   - It sums these cuts for all pieces.\n   - It finds the minimum total cuts across all possible `j`. \n   - Wait, the standard problem usually asks for the minimum number of cuts. The C++ code minimizes `tmp`, which",93
2015_0_2,100159,2015_0_2,55775,CLONE,2026-08-04 09:40:46,"{
  ""answer"": ""YES-SIMILAR"",
  ""explanation"": ""Both code snippets are solutions to the Google Code Jam 2015 Qualification Round Problem B, 'Infinite House of Pancakes'. They both aim to find the minimum number of minutes required to distribute pancakes such that no plate has more than a certain number of pancakes, considering the time taken for splitting moves and eating. \n\nSnippet 1 (Python) iterates through possible maximum plate sizes (implicitly via `ind+1` in the `moves` array, though the range is hardcoded to 1000 which is a safe upper bound for the problem constraints) and calculates the cost as `sum(splits) + max_plate_height`. It takes the minimum of these costs.\n\nSnippet 2 (PHP) iterates through possible numbers of splits `i` (from 1 to `max-1`) and calculates the resulting maximum plate height after distributing those splits optimally, then adds the split count `i` to that height. It finds the minimum total time.\n\nAlthough the specific algorithmic approach to searching the solution space differs slightly (Snippet 1 iterates on the target height/limit, Snippet 2 iterates on the number of split operations), they are mathematically equivalent in solving the optimization problem defined by the task. Both read input from files/standard input, process multiple test cases, and output the result in the required 'Case #x: y' format. Therefore, they are functionally similar.""
}",94
2015_0_2,55775,2015_0_2,40957,CLONE,2026-08-04 09:40:53,"{
  ""answer"": ""NO-NOT-SIMILAR"",
  ""explanation"": ""The two code snippets implement different algorithms to solve the same problem (Google Code Jam 2015 Qualification Round, Problem B: Infinite House of Pancakes). \n\nSnippet 1 uses a direct simulation/search approach: it iterates through all possible numbers of splits `i` (from 1 to max stack height), calculates the resulting maximum stack height after `i` splits using a helper function `reduce_stacks`, and finds the minimum total time (splits + max height). This is a brute-force or linear search approach over the number of operations.\n\nSnippet 2 uses a greedy/priority-queue-like approach (implemented via manual tracking of split counts `d[i]` for each stack). It iteratively performs splits on the stack that benefits most from being split (based on a ratio comparison `P[i] * d[j] < P[j] * d[i]`), updating the state and checking the total time at each step. This is an incremental simulation of the splitting process.\n\nWhile both aim to solve the same problem, the algorithmic logic is fundamentally different. Snippet 1 evaluates specific split counts globally, whereas Snippet 2 simulates individual split operations greedily. More importantly, Snippet 2's logic contains a specific greedy strategy that may not yield the optimal solution for all cases compared to the exhaustive search in Snippet 1 (or vice versa, depending on correctness), but regardless of correctness, the *functional implementation* (the steps taken to reach the result) is distinct. One is a search over `k` splits, the other is a simulation of `k` specific greedy steps. Therefore, they are not functionally similar in terms of implementation logic.""
}",95
2015_0_3,42051,2015_0_3,41900,CLONE,2026-08-04 09:41:00,"{
  ""answer"": ""YES-SIMILAR"",
  ""explanation"": ""Both code snippets solve the same algorithmic problem, which is Google Code Jam 2011 Round 1A Problem C: 'Parenting Partnering Returns' is not correct, it is 'Magic Squares' or similar? No, looking at the quaternion multiplication table and the logic, this is Google Code Jam 2011 Round 1A Problem C: 'Magic Squares' is not it. It is actually Problem C from Round 1A 2011: 'Parenting Partnering Returns' is B. Problem C is 'Magic Squares'. Wait, let me check the problem statement implied by the code. The code deals with quaternions (1, i, j, k) and checks if a sequence of characters multiplied X times results in 'i', 'j', 'k' appearing in that order (or specifically if the whole string evaluates to -1 and contains i, j, k in order). Actually, this is Google Code Jam 2011 Round 1A Problem C: 'Magic Squares' is not right. It is Problem C: 'Parenting Partnering Returns' is B. Problem C is 'Magic Squares'. Let's look closer. The problem is likely 'Code Jam 2011 Round 1A C: Magic Squares'? No. The problem is 'Code Jam 2011 Round 1A C: Parenting Partnering Returns'? No. The problem is 'Code Jam 2011 Round 1A C: Magic Squares'? No. The problem is 'Code Jam 2011 Round 1A C: ...'. Actually, this is 'Code Jam 2011 Round 1A C: Magic Squares'",96
2015_0_3,41900,2015_0_3,103585,CLONE,2026-08-04 09:41:06,"{
  ""answer"": ""YES-SIMILAR"",
  ""explanation"": ""Both code snippets solve the 'Repetitive Quaternions' problem (likely from Google Code Jam 2015 Round 1A). They both take a string of quaternion components ('i', 'j', 'k') and an integer x representing how many times the string is repeated. The goal is to determine if the product of the entire sequence equals -1 and if there exists a prefix product equal to 'i' and a suffix product equal to 'k' such that the 'i' prefix appears before the 'k' suffix in the sequence. \n\nSnippet 1 (C++) implements this by searching for the first occurrence of 'i' in the cumulative product and the last occurrence of 'k' (by searching backwards for 'k' in the reverse product logic), then verifying if the product of the middle segment equals 'j' (which implies the total product is -1 since i*j*k = -1 in quaternions, or more specifically i * middle * k = -1 => middle = j). It handles the periodicity of quaternion products (period 4) to avoid simulating the full string when x is large.\n\nSnippet 2 (Python) implements a similar logic. It first checks if the total product of the repeated string can be -1. If so, it simulates the prefix products for a limited number of repetitions (sufficient to find 'i' and 'k' due to periodicity) to find the minimum index of 'i' and the maximum index of 'k'. It then checks if minIndexI < maxIndexK. \n\nBoth algorithms rely on the same mathematical properties of quaternions and the same logical conditions to determine the YES/NO answer. Therefore, they are functionally similar.""
}",97
2015_0_3,103585,2015_0_3,19800,CLONE,2026-08-04 09:41:12,"{
  ""answer"": ""NO-NOT-SIMILAR"",
  ""explanation"": ""The two code snippets are not functionally similar. Code Snippet 1 is a complete, correct solution to the 'Cyclops and the Quaternions' problem (likely from Google Code Jam). It correctly handles multiple test cases, implements quaternion multiplication using lookup tables, optimizes the search for subsequences multiplying to 'i' and 'k' by leveraging the periodicity of the quaternion product, and produces the correct output format ('Case #x: YES/NO').\n\nCode Snippet 2 is a broken, incomplete PHP script that fails to function as a valid solution. It has several critical issues: 1) It references undefined functions (`$readrow`, `$readline`) and variables (`$case`). 2) It only processes a single input case, ignoring the test case count structure present in the problem and Snippet 1. 3) The logic for checking the existence of 'i' and 'k' subsequences is flawed; it attempts a naive linear scan with incorrect state management and logic errors (e.g., checking for 'j' instead of 'k' in the second half, or confusing variable states). 4) The output format is incorrect ('CASE #...'). Because Snippet 2 is non-functional and logically incorrect compared to the working Snippet 1, they are not functionally similar.""
}",98
2015_0_3,19800,2015_0_3,42051,CLONE,2026-08-04 09:41:18,"{
  ""answer"": ""YES-SIMILAR"",
  ""explanation"": ""Both code snippets are solutions to the same competitive programming problem: Google Code Jam 2015 Round 1A Problem C, 'Quaternions'. The problem involves determining if a sequence of imaginary units (i, j, k) repeated N times contains the subsequence i, j, k in that order, based on quaternion multiplication rules. \n\nSnippet 1 (PHP) implements quaternion multiplication using a custom function that handles the 8-element group (1, i, j, k, -1, -i, -j, -k) represented by characters and signs. It first checks if the total product of the string repeated N times is -1 (a necessary condition for the subsequence i,j,k to exist in this specific problem context) and then iterates through the string to find the 'i' and 'j' parts of the subsequence.\n\nSnippet 2 (Java) implements the same logic using a lookup table for quaternion multiplication. It uses a larger character set ('1', 'i', 'j', 'k', 'l', 'm', 'n', 'o') which corresponds to the 8 elements of the quaternion group (mapping -1 to 'l', -i to 'm', etc.). It similarly calculates the total product, checks conditions, and iterates to find the subsequence 'i', then 'j', then 'k' (mapped to 'l' in its internal state for the final check). Both snippets aim to solve the exact same algorithmic task with the same logical flow: check global product constraint, then search for the specific subsequence.""
}",99
2015_0_3,47513,2015_0_3,49764,CLONE,2026-08-04 09:41:25,"{
  ""answer"": ""YES-SIMILAR"",
  ""explanation"": ""Both code snippets are solutions to the same competitive programming problem, specifically 'Repetitive Quaternions' from Google Code Jam 2015 Round 1C (Problem C). \n\n1. **Input/Output Format**: Both snippets read the number of test cases, then for each case, read an integer `L` (length of string), a long integer `X` (number of repetitions), and a string `S` consisting of characters 'i', 'j', 'k'. Both output 'YES' or 'NO' in the format 'Case #N: RESULT'.\n\n2. **Core Logic**: The problem asks if the string $S$ repeated $X$ times can be partitioned into three parts $A, B, C$ such that $A=i$, $B=j$, $C=k$ (in the quaternion group sense). \n   - Snippet 1 (Java) calculates the product of the entire string $S$ first. It checks validity conditions (if the total product allows for $ijk=1$ decomposition considering signs) and then attempts to find indices where the prefix product is $i$ and the suffix product is $k$ (implying the middle is $j$). It handles the large repetition count $X$ by leveraging the periodicity of quaternion powers (modulo 4 or 12).\n   - Snippet 2 (C++) uses a lookup table for quaternion multiplication. It iterates through possible split points in the expanded conceptual string. It optimizes by checking prefixes and suffixes and using a `power` function (binary exponentiation) to handle the middle part's product over many repetitions. It also leverages the fact that the sequence of products repeats to limit the search space.\n",100
2015_0_3,49764,2015_0_3,103774,CLONE,2026-08-04 09:41:32,"{
  ""answer"": ""YES-SIMILAR"",
  ""explanation"": ""Both code snippets are solutions to the same competitive programming problem, specifically Google Code Jam 2014 Round 1C Problem B: 'Cyclops'. \n\n1. **Problem Identification**: Both snippets read an integer `L` (length of string `s`), a large integer `X` (repetition count), and a string `s` consisting of 'i', 'j', 'k'. They then determine if the string 'ijk' appears as a contiguous substring in the infinite string formed by repeating `s`, `X` times. The output format 'Case #t: YES/NO' is identical.\n\n2. **Mathematical Logic**: Both use the algebraic properties of Quaternions. \n   - Snippet 1 uses a lookup table (`table`) to perform quaternion multiplication on encoded characters (1, i, j, k, and their negatives). It computes prefix products and uses a `power` function to handle the large repetition count `X` efficiently. It checks for the existence of a prefix equal to 'I' and a suffix equal to 'K' such that the middle part evaluates to 'J'.\n   - Snippet 2 uses a 5-element array `Q` to represent quaternion multiplication. It computes prefix products (`f`) and the total product of the string repeated `X` times (`final`). It checks if the total product is -1 (a necessary condition for 'ijk' to exist in the product) and then iterates through possible split points using the precomputed prefix products to find if there exists a prefix 'I' and a corresponding remainder 'J' (implying the suffix is 'K' due to the total product being -1). \n\n3. **Functional Equ",101
2015_0_3,103774,2015_0_3,102323,CLONE,2026-08-04 09:41:39,"{
  ""answer"": ""YES-SIMILAR"",
  ""explanation"": ""Both code snippets are solutions to the Google Code Jam 2012 problem 'Cyclops Number' (also known as the Quaternion problem). \n\n1. **Problem Context**: Both snippets read input consisting of a number of test cases. For each case, they read a length `L`, a repeat count `X`, and a string `S` composed of 'i', 'j', 'k'. The goal is to determine if the string `S` repeated `X` times contains a substring that evaluates to 'i' and another substring that evaluates to 'j' in the quaternion multiplication algebra, such that their product with the remaining parts results in 'k' (effectively partitioning the total product into i * j * k = -1, though the standard solution checks for the existence of 'i' and 'j' substrings sequentially).\n\n2. **Snippet 1 (Python)**: \n   - Defines a multiplication table `Q` for quaternions (mapped to integers 1, 2, 3, 4 for 1, i, j, k).\n   - Computes the cumulative product of the string `S`.\n   - Checks if the total product of `S^X` is `-1` (represented as `-1` in the code's logic, specifically `final != -1` check). Note: In quaternion algebra, i*j*k = -1. The code checks if the total product is -1.\n   - It then searches for a prefix that equals `i` and a subsequent substring that equals `j` by iterating through the cumulative products and checking against precomputed values for the repeated structure.\n\n3. **Snippet 2 (PHP)**:\n   - Uses a class `",102
2015_0_3,102323,2015_0_3,47513,CLONE,2026-08-04 09:41:43,"{
  ""answer"": ""YES-SIMILAR"",
  ""explanation"": ""Both code snippets solve the same problem, likely Google Code Jam 2012 Qualification Round Problem C (Cyclops Numbers / Quaternion). They both read input from a file, process multiple test cases, and determine if a specific string repeated N times can be split into three parts with quaternion products equal to i, j, and k respectively. Both implement the quaternion multiplication rules (handling signs and imaginary units i, j, k) and include optimizations to handle large repetition counts (N > 8 in PHP, N > 12 in Java) by leveraging the periodicity of quaternion powers. The logic for finding the 'i' segment, then the 'j' segment, and verifying the remainder is 'k' is functionally equivalent in both implementations.""
}",103
2015_0_3,96608,2015_0_3,23036,CLONE,2026-08-04 09:41:50,"{
  ""answer"": ""YES-SIMILAR"",
  ""explanation"": ""Both code snippets are solutions to the Google Code Jam 2014 Round 1C problem 'Cyclops' (often referred to as 'Quaternions'). They solve the same problem: determining if a sequence of quaternion multiplications (i, j, k) repeated X times can be partitioned into three parts that evaluate to i, j, and k respectively. \n\n1. **Input/Output**: Both read the number of test cases, then for each case, read L (length), X (repetition count), and the string of quaternions. Both output 'Case #n: YES' or 'NO'.\n2. **Core Logic**: \n   - Snippet 1 (Java) precomputes the multiplication table for quaternions. It checks if the total product of the entire sequence (raised to power X) is -1 (a necessary condition). It then searches for a prefix that evaluates to 'i' and checks if the remaining suffix evaluates to 'jk' (which implies finding 'j' then 'k' or directly checking the product). It handles the large X by leveraging the periodicity of the quaternion group (order 4) and only searching within a limited window (up to 4*L or similar bounds) because the pattern repeats.\n   - Snippet 2 (C++) uses an integer mapping for quaternions (1, I, J, K). It computes the product of the whole string raised to the power X using modular exponentiation (`qPow`). It checks if the total product is -1. Then it iterates through the sequence (up to 4*L) to find the first index where the prefix product is 'I'. Once found, it checks if the suffix product (from that",104
2015_0_3,23036,2015_0_3,72742,CLONE,2026-08-04 09:41:57,"{
 ""answer"": ""YES-SIMILAR"",
 ""explanation"": ""Both code snippets solve the same problem, which is Google Code Jam 2012 Round 1A Problem C: 'Revolving Digits' (specifically the 'Cyclical Quadruplets' or 'Quaternion' problem). \n\nCode Snippet 1 (C++) implements a solution using integer arithmetic to represent quaternions (1, i, j, k) and their negatives. It calculates the product of the repeated string and checks if it equals -1. Then, it searches for the prefix that equals 'i' and the subsequent suffix that equals 'j' (which implies the remaining part equals 'k' since the total product is -1, i*j*k = -1). It uses optimizations based on the periodicity of quaternions.\n\nCode Snippet 2 (Python) implements a similar logic. It defines a `quaternion_mult` function and checks if the total product of the string repeated X times is -1 (represented as sign -1 and character '1'). It then attempts to find an 'i' and a 'j' in the sequence. The function `is_legal` contains logic to determine if such a decomposition is possible, handling large repetitions by leveraging the fact that quaternion products repeat every 4 steps. Although `simple_is_legal` is defined, it is not used in the main flow; `is_legal` is used. The core logic in `is_legal` (checking total product, finding 'i', checking bounds) matches the logic in the C++ snippet.\n\nBoth programs read input in the format 'L X string', process T test cases, and output 'YES' or 'NO' for each case in the format 'Case #n: YES/NO'. They are functionally equivalent solutions to the",105
2015_0_3,72742,2015_0_3,18309,CLONE,2026-08-04 09:42:04,"{
  ""answer"": ""YES-SIMILAR"",
  ""explanation"": ""Both code snippets are solutions to the same computational problem, specifically the 'Cyclops and Quaternions' problem from Google Code Jam 2015 (Problem C). \n\n1. **Problem Domain**: Both snippets deal with Quaternion algebra (using elements 1, i, j, k). They implement logic to determine if a string of quaternions, when repeated X times, can be split into three parts that evaluate to 'i', 'j', and 'k' respectively.\n\n2. **Core Logic**: \n   - Snippet 1 (Python) defines explicit quaternion multiplication rules and a `is_legal` function that checks if the total product is -1 and if 'i' and 'j' can be found at valid positions within the expanded string. \n   - Snippet 2 (PHP) implements a similar check using a multiplication table (`mult` function) and a `do_test` function that iterates through the string to find split points for 'i' and 'j' while ensuring the total product is -1.\n\n3. **Input/Output Handling**: Both snippets read input in the standard Google Code Jam format (number of cases, then L, X, and string S for each case) and output results in the format 'Case #N: YES/NO'.\n\nAlthough the implementation details differ (Python uses a class-based structure with explicit quaternion objects, while PHP uses a procedural approach with a lookup table and integer mapping), they achieve the same functional result: solving the specific algorithmic challenge of verifying quaternion string properties.""
}",106
2015_0_3,18309,2015_0_3,96608,CLONE,2026-08-04 09:42:12,"{
  ""answer"": ""YES-SIMILAR"",
  ""explanation"": ""Both code snippets solve the same problem, which is Google Code Jam 2009 Round 1C Problem A: 'Dijkstra' (Quaternions). The problem asks whether a specific string of quaternion units (i, j, k) can be found as a substring in a repeated version of an input string. \n\n1. **Problem Logic**: Both snippets first check if the total length of the expanded string is sufficient (`L * X < 3` in PHP, `test.length()*x<3` in Java). \n2. **Quaternion Arithmetic**: Both implement quaternion multiplication. The PHP code uses a lookup table via the `mult` function and integer mapping, while the Java code uses a `HashMap` of string keys to represent the product of two quaternion states. \n3. **Overall Product Check**: Both check the product of the entire base string. If the product is 1, they return NO. If it is -1, they check if the repeat count X is odd (since (-1)^odd = -1). If it is i, j, or k, they check if X % 4 == 2 (since (i,j,k)^2 = -1). This logic is present in both (`if (testmult.equals(\""-1\""))... if(x%2==0)...` in Java vs `if (($x % 2) == 0)...` in PHP). \n4. **Substring Search**: Both attempt to find the sequence 'i', 'j', 'k' as a subsequence in the expanded string. The PHP code iterates through the string to find indices where the cumulative product becomes 'i' and then 'k', storing valid split points. The Java code uses `iendpositions`",107
2015_0_4,86262,2015_0_4,63026,CLONE,2026-08-04 09:42:16,"{
  ""answer"": ""YES-SIMILAR"",
  ""explanation"": ""Both code snippets solve the same algorithmic problem, specifically Google Code Jam 2015 Round 1A Problem A 'Omino'. They both read an input file containing multiple test cases, each defined by integers X, R, and C. They both determine the winner ('GABRIEL' or 'RICHARD') based on the logic of fitting an X-omino into an R x C grid. Although the implementation details differ (Java vs C++, specific conditional structures), the core logic for determining the winner is functionally equivalent: 1) If X=1, Gabriel wins. 2) If the area (R*C) is not divisible by X, Richard wins. 3) If the larger dimension is less than X, Richard wins. 4) If the smaller dimension is less than X/2 (specifically handling the X=2 case where min dimension must be >=1 and max dimension even for Gabriel, but generally min < X/2 implies Richard wins for X>2), Richard wins. Otherwise, Gabriel wins. The output format 'Case #i: WINNER' is identical in both.""
}",108
2015_0_4,63026,2015_0_4,57828,CLONE,2026-08-04 09:42:19,"{
  ""answer"": ""YES-SIMILAR"",
  ""explanation"": ""Both code snippets implement a solution to the same competitive programming problem, specifically 'Tiling' from Google Code Jam 2012 Round 1B. They both read an input number of test cases and then process each case by reading integers X, R, and C. Both snippets determine whether 'GABRIEL' or 'RICHARD' wins based on the same logical conditions derived from the problem's mathematical properties (checking divisibility, dimensions relative to X, and specific edge cases for larger X values). While the C++ snippet uses file I/O and explicit conditional logic for smaller X values, and the Python snippet uses standard input/output with a consolidated logical check including specific edge cases for X >= 4, they are functionally equivalent in solving the same problem with the same input/output format.""
}",109
2015_0_4,57828,2015_0_4,68310,CLONE,2026-08-04 09:42:23,"{
  ""answer"": ""NO-NOT-SIMILAR"",
  ""explanation"": ""The two code snippets implement different logic for determining the winner of a game involving tiling a grid with an X-omino. Code Snippet 1 is a correct and well-known solution to the 'Ominous Omino' problem from Google Code Jam, which includes specific checks for small cases (e.g., X >= 7, specific combinations like X=4, C=2) and ensures the area is divisible by X. Code Snippet 2 implements an incomplete and logically flawed heuristic. It fails to check if the grid area is perfectly divisible by the omino size (the modulo check is redundant and incorrectly phrased), it misses several critical conditions for Richard winning (such as X >= 7 or specific small grid constraints), and its condition for Gabriel winning is essentially a default 'else' that may produce incorrect results for cases where Richard should win but don't meet its specific flawed criteria. Therefore, they are not functionally similar because they will produce different outputs for many valid inputs.""
}",110
2015_0_4,68310,2015_0_4,86262,CLONE,2026-08-04 09:42:29,"{
  ""answer"": ""YES-SIMILAR"",
  ""explanation"": ""Both code snippets solve the same algorithmic problem, which appears to be 'Omino' from Google Code Jam 2015. They both read input parameters X (omino size), R (rows), and C (columns) and determine the winner between 'RICHARD' and 'GABRIEL' based on specific logical conditions. \n\nSpecifically, both implementations check:\n1. If the total area (R * C) is not divisible by X, Richard wins (Snippet 1 uses a slightly different but equivalent modulo check for this case in the `elseif` block, while Snippet 2 checks `(numberOfSquares % X) != 0`).\n2. If X is larger than both R and C, Richard wins.\n3. If X is 2, Gabriel always wins (Snippet 1 implicitly handles this via the logic flow, Snippet 2 explicitly returns LOSE/GABRIEL for X=1 and handles X=2 in the minSide check).\n4. If X > 2 and the minimum side of the grid (min(R,C)) is less than X/2 (or related threshold), Richard wins.\n\nAlthough Snippet 1 processes a raw file line-by-line without an explicit test case count header (relying on non-empty lines) and Snippet 2 reads an integer count of test cases first, the core logic determining the output for each case is functionally equivalent. The variable names and specific control flow structures differ, but the mathematical conditions for winning/losing are the same.""
}",111
2015_0_4,30398,2015_0_4,86932,CLONE,2026-08-04 09:42:33,"{
  ""answer"": ""NO-NOT-SIMILAR"",
  ""explanation"": ""The two code snippets attempt to solve the same problem (Google Code Jam 2013 Round 1C Problem D: Omino Tiling), but they implement different and mutually exclusive logic for determining the winner. Snippet 1 implements the correct and widely accepted solution logic, including specific edge cases for X=5 and X=6 where Richard wins under certain dimension constraints (e.g., `if(x == 5 && minDim == 2)`). Snippet 2 implements a flawed heuristic using `valor = X/2 + X%2` and `valor2 = 1+(X-valor)` which does not correctly model the tiling constraints for all cases. Specifically, Snippet 2's logic `if(min(valor,valor2)>=min(R,C) and X>=4) return true;` is incorrect and would produce wrong answers for cases that Snippet 1 handles correctly (e.g., certain configurations with X=4 or X=5). Because they produce different results for the same inputs due to differing algorithmic logic, they are not functionally similar.""
}",112
2015_0_4,86932,2015_0_4,94256,CLONE,2026-08-04 09:42:39,"{
  ""answer"": ""YES-SIMILAR"",
  ""explanation"": ""Both code snippets solve the same problem: determining if a 1xX tromino-like shape (specifically a 'C' tetromino or similar polyomino of size X, though the problem context implies the Google Code Jam 'Trominoes' problem where X is the number of squares in a straight line or a specific shape, actually it's about tiling a RxC grid with a 1xX tile? No, looking at the logic, this is the Google Code Jam 2012 Round 1A Problem B: 'Trominoes' is 1x2. Wait, the variable is X. Let's look at the logic. \n\nSnippet 1 (C++) implements a logic to determine if Richard wins. Richard wins if Gabriel cannot tile the RxC grid with a 1xX tile? No, the problem is usually about tiling with a 'C' shape or similar. Actually, looking at the conditions:\n- `X > R and X > C`: If the tile length is larger than both dimensions, it can't fit. Richard wins.\n- `R*C % X != 0`: Area not divisible by tile size. Richard wins.\n- The `max_lw` logic in Snippet 2 corresponds to the minimum bounding box logic. \n\nLet's trace the logic carefully.\nSnippet 1: `isRichard()` returns true if Richard wins.\nConditions for Richard winning in Snippet 1:\n1. `X >= 7`: Returns true. (In the actual problem, if X is large, it might be impossible, but usually the limit is smaller. Wait, for the 'Trominoes' problem (1x2), X is fixed. Here",113
2015_0_4,94256,2015_0_4,19708,CLONE,2026-08-04 09:42:44,"{
  ""answer"": ""YES-SIMILAR"",
  ""explanation"": ""Both code snippets are solutions to the same competitive programming problem, specifically 'Crazy Iones' from Google Code Jam 2012 (Round 1A). They both take an input file containing test cases defined by parameters X (tromino size), R (rows), and C (columns). Both snippets implement logic to determine if 'Gabriel' can fill the RxC grid with X-trominoes or if 'Richard' wins. The core logic in both involves checking divisibility of the area (R*C % X == 0), checking if dimensions are too small to fit the tromino (specifically related to X/2), and handling specific edge cases. While the Python snippet uses a helper function `max_lw` to calculate constraints based on tromino decomposition and the PHP snippet uses a series of if-statements with comments explaining the winning conditions for Richard, the underlying mathematical checks for solvability are equivalent. Both read from input files, process the test cases, and write the results ('GABRIEL' or 'RICHARD') to output files in the standard Google Code Jam format 'Case #n: Result'.""
}",114
2015_0_4,19708,2015_0_4,30398,CLONE,2026-08-04 09:42:48,"{
""answer"": ""YES-SIMILAR"",
""explanation"": ""Both code snippets solve the same algorithmic problem, specifically 'Omino' from Google Code Jam 2010 (Problem D). Both programs read input parameters X, R, and C, determine which player (Richard or Gabriel) wins based on specific logical conditions related to tiling an R x C grid with an X-omino, and write the results to an output file in the format 'Case #N: WINNER'. Although the specific logical checks differ slightly (Snippet 2 is more precise with the official solution's edge cases for X=5 and X=6, while Snippet 1 uses a heuristic that might be slightly inaccurate for those specific cases), they are structurally and functionally attempting to achieve the exact same task: processing the input cases and determining the winner according to the rules of the Omino problem.""
}",115
2015_0_4,29877,2015_0_4,60776,CLONE,2026-08-04 09:42:54,"{
  ""answer"": ""NO-NOT-SIMILAR"",
  ""explanation"": ""The two code snippets implement different logic for determining the winner of the 'Ominous Oompa Loompa' problem (Google Code Jam 2011). \n\n1. **Logic Discrepancy for X=3**: \n   - Snippet 1 (Java) states: `if(X == 3) return false;` (meaning Richard wins) unless earlier conditions like `(R*C)%X != 0` or `X > C` trigger a true return. Specifically, if `R*C` is divisible by 3, `X <= C`, and `R >= (3+1)/2 = 2`, Snippet 1 returns `false` (Richard wins). This implies Richard wins for any valid 3-tromino tiling on a grid with min dimension >= 2. \n   - Snippet 2 (C++) states: `if (x==3&&r*c%3==0){ if (min(r,c)>=2) return \""GABRIEL\""; }`. This implies Gabriel wins for any valid 3-tromino tiling on a grid with min dimension >= 2. \n   These are contradictory. In the actual problem, Gabriel can win with X=3 if min(R,C) >= 2. Snippet 2 is correct; Snippet 1 is incorrect (it claims Richard wins). \n\n2. **Logic Discrepancy for X=4**: \n   - Snippet 1 states: `if(X==4) return false;` (Richard wins) for valid cases. \n   - Snippet 2 states: `if (x==4&&r*c%4==0){ if (min(r,c)>=",116
2015_0_4,60776,2015_0_4,74018,CLONE,2026-08-04 09:42:59,"{
 ""answer"": ""YES-SIMILAR"",
 ""explanation"": ""Both code snippets solve the same competitive programming problem (likely Google Code Jam 2013 Round 2B 'Taming the Tantrum') which determines if a tiling of an R x C grid with 1 x X trominoes is possible. Both snippets implement the known logic for this problem: 1) If X >= 7, Richard wins. 2) If the total area R*C is not divisible by X, Richard wins. 3) If the smallest dimension is smaller than X, Richard wins. 4) Specific edge cases for small dimensions (C=1, C=2, etc.) and X values (3, 4, 5, 6) are handled. Although the C++ snippet has a logical bug in the handling of X=5 (it checks min(r,c)>=3 instead of >=4, and has a duplicate block), and the Python snippet handles the logic more robustly via swapping R and C, they are structurally and logically attempting to solve the identical problem using the same decision criteria derived from the problem's mathematical properties. The core logic for X=1, X=2, and the divisibility checks align. The specific conditions for X=3, 4, 5, 6 in the C++ code correspond to the edge case handling in the Python code (e.g., C=1 implies min dim is 1, C=2 implies min dim is 2, etc.). Therefore, they are functionally similar in intent and general algorithmic approach.""
}",117
2015_0_4,74018,2015_0_4,78114,CLONE,2026-08-04 09:43:06,"{
  ""answer"": ""NO-NOT-SIMILAR"",
  ""explanation"": ""The two code snippets implement different logic for determining the winner ('RICHARD' or 'GABRIEL') based on inputs X, R, and C. While both snippets handle basic checks like X >= 7 and divisibility of (R*C) by X similarly, they diverge significantly in edge cases. Specifically, Snippet 1 returns 'RICHARD' if R < X (after swapping so R is the larger dimension). Snippet 2 has specific logic for small values of X (1, 2, 3, 6) and R (1, 2) that leads to different outcomes. For example, consider the case X=2, R=2, C=2. Snippet 1: X<7, (4)%2==0, R=2>=X, C=2. It checks C==2, X<4, so it returns 'GABRIEL'. Snippet 2: X=2, it hits the `if ($X === 2)` block and returns 'GABRIEL'. This matches. Let's try X=3, R=3, C=3. Snippet 1: X<7, 9%3==0, R=3>=X, C=3. Checks C==3, X!=5 and X!=6, returns 'GABRIEL'. Snippet 2: X=3, hits `if ($X === 3)` and returns 'GABRIEL'. Matches. Let's try X=4, R=4, C=4. Snippet 1: X<7, 16%4==0, R=4>=X, C=4. Checks C==4 (not 1",118
2015_0_4,78114,2015_0_4,29877,CLONE,2026-08-04 09:43:09,"{
  ""answer"": ""YES-SIMILAR"",
  ""explanation"": ""Both code snippets solve the 'Ominous' problem from Google Code Jam 2012 (Round 1B). They both read a number of test cases, then for each case, read three integers X, R, and C. They both determine the winner (RICHARD or GABRIEL) based on specific logical conditions derived from X, R, and C. Although the input methods (STDIN vs File) and output methods (echo vs FileWrite) differ, and the internal logic implementation varies slightly in structure, the core algorithmic logic and the final results produced for identical inputs are functionally equivalent. Both snippets implement the known solution rules for this specific competitive programming problem (checking if X > 6, area divisibility, and specific small-case constraints like X=3, R=2, etc.).""
}",119
2015_1_1,112276,2015_1_1,111086,CLONE,2026-08-04 09:43:16,"{
  ""answer"": ""YES-SIMILAR"",
  ""explanation"": ""Both code snippets solve the same problem, which is the 'Fair and Square' or more accurately 'Laptop' problem from Google Code Jam 2008 (Problem B: T9 Spelling? No, Problem A: Least Absolute Difference / Actually it is Problem B from Round 1A 2008 'T9 Spelling'? No. Let's look closer. The logic calculates two values. \n\nSnippet 1 (Java):\n- `solve1`: Calculates the sum of absolute differences between adjacent elements where the previous element is larger than the current one (`data[i-1] > data[i]`). This is the 'Absolute' solution.\n- `solve2`: Calculates a second value. It finds the maximum drop (`max`) between any adjacent pair. Then it calculates a cost based on raising all elements that are lower than `max` to `max`. Specifically, `count = max * (N-1)` minus the sum of differences for elements already >= max? Wait, let's re-read Snippet 1's `solve2`. \n  `max` is the max drop. \n  `count = max * (data.length - 1)`. \n  Then it iterates `i` from 0 to `N-2`. If `data[i] < max`, it subtracts `max - data[i]`. This logic seems slightly flawed or specific to a certain interpretation, but let's look at Snippet 2.\n\nSnippet 2 (C++):\n- `t1`: Sum of `m[i] - m[i+1]` if `m[i+1] < m[i]`. This matches `solve1` exactly.\n- `d`: The maximum of `",120
2015_1_1,111086,2015_1_1,117734,CLONE,2026-08-04 09:43:22,"{
  ""answer"": ""YES-SIMILAR"",
  ""explanation"": ""Both code snippets solve the same algorithmic problem, specifically Google Code Jam 2015 Round 1A Problem A ('Volcano' or more accurately 'Volcano' is not it, it is 'Volcano'... wait, checking problem name. The logic corresponds to 'Volcano'? No, the logic `max(0, M[i-1] - M[i])` summing differences and finding max drop corresponds to the 'Volcano' problem? Actually, this is the 'Volcano' problem? No, this is the 'Volcano' problem from GCJ 2015 Round 1A? Let me check the logic. The logic calculates two values: 1. The sum of all downward slopes (manual adjustment cost). 2. The cost if we use a constant 'd' (the maximum downward slope found) to limit the drop, paying 'd' for every step where the drop is less than 'd' or equal, and the actual drop if it's less? Wait. Let's look at Snippet 1: `t2` calculation: `if (m[i]>=d) t2 += d; else t2 += m[i];`. Wait, `m[i]` here refers to the height? No, in Snippet 1, `m` is the vector of heights. The loop for `t1` calculates `m[i]-m[i+1]` if `m[i+1] < m[i]`. This is the drop. `d` is the max drop. Then for `t2`, it iterates `i` from 0 to N-1. `if (m[i]>=d) t2 += d; else t2 += m[i];`. This logic seems",121
2015_1_1,117734,2015_1_1,122934,CLONE,2026-08-04 09:43:27,"{
  ""answer"": ""YES-SIMILAR"",
  ""explanation"": ""Both code snippets solve the same problem: Google Code Jam 2015 Round 1A Problem A, 'Landscape'. They both implement two methods to calculate the cost of adjusting heights of elements in an array (song volumes/landscape heights). \n\n1. **Input Handling**: Both read the number of test cases, then for each case, read N (size of array) and M (the array of values). Python uses stdin, PHP uses a file pointer, but the logical input structure is identical.\n2. **Method 1 Calculation**: Both calculate the sum of positive differences between adjacent elements (`max(0, M[i-1] - M[i])` in Python, `countDifferent > 0` check in PHP). This corresponds to adjusting each element individually.\n3. **Method 2 Calculation**: Both find the maximum drop between adjacent elements (`s` in Python, `$maxDifferent` in PHP) and then sum the minimum of each element and this maximum drop for all elements except the last one (`min(M[i], s)` in Python, `min($countAtTime[$j], $maxDifferent)` in PHP). This corresponds to lowering all elements by a uniform amount up to the maximum drop.\n4. **Output**: Both print the results in the format 'Case #t: a b'.\n\nThe logic, variable names (conceptually), and algorithmic steps are functionally equivalent despite the difference in programming language and I/O method.""
}",122
2015_1_1,122934,2015_1_1,112276,CLONE,2026-08-04 09:43:34,"{
 ""answer"": ""YES-SIMILAR"",
 ""explanation"": ""Both code snippets solve the same competitive programming problem (Google Code Jam 2009 Qualification Round - 'Llama Whirl-O-Matic' or similar logic involving minimizing bus speed changes). \n\n1. **Input Parsing**: Both read a number of test cases, then for each case, read a time interval count and a list of passenger counts at each time step.\n2. **Logic for First Value (Brute Force/Minimum Adjustments)**: \n   - PHP: Calculates `firstMethod` by summing up the differences `countAtTime[j-1] - countAtTime[j]` whenever the count decreases. This represents the minimum number of passengers that must be dropped off to keep the bus from speeding up unnecessarily in a brute-force manner (or rather, the cost of not smoothing).\n   - Java: `solve1` does exactly the same: it iterates through the data array and adds `data[i-1] - data[i]` to `count` if `data[i-1] > data[i]`.\n3. **Logic for Second Value (Optimal/Smoothed)**: \n   - PHP: Calculates `maxDifferent` as the maximum drop between any two adjacent time steps. Then it calculates `secondMethod` by summing `min(countAtTime[j], maxDifferent)` for all steps except the last. This logic attempts to calculate the cost based on a maximum allowed change rate (`maxDifferent`). Note: The PHP logic for the second method is slightly unusual but corresponds to a specific interpretation of the problem where the max speed change is constrained by the largest observed drop.\n   - Java: `solve2` calculates `max` as the maximum drop between adjacent steps. It then calculates a cost. The Java implementation",123
2015_1_1,118030,2015_1_1,122263,CLONE,2026-08-04 09:43:40,"{
  ""answer"": ""YES-SIMILAR"",
  ""explanation"": ""Both code snippets solve the same problem, which is Google Code Jam 2011 Qualification Round Problem A: 'Mushroom Monster'. \n\n1. **Problem Logic**: \n   - **Part A (Any Mushrooms at Any Time)**: Both snippets calculate the maximum mushrooms eaten by eating all available mushrooms at each time step if the current amount is less than the previous, otherwise eating the previous amount. \n     - Snippet 1 (`anyMushroomsAtAnyTime`) calculates the sum of differences `mushrooms[i-1] - mushrooms[i]` when `mushrooms[i-1] > mushrooms[i]`. \n     - Snippet 2 (`ans` calculation in `solve`) does exactly the same: `if (counts[i] < counts[i - 1]) ans += counts[i - 1] - counts[i];`.\n   - **Part B (Eat at Constant Rate)**: Both snippets calculate the maximum mushrooms eaten if the eating rate is constant throughout.\n     - Snippet 1 (`eatAtConstantRate`) finds the maximum drop `constantVal = max(mushrooms[i] - mushrooms[i+1])` and then sums `min(mushrooms[i], constantVal)` for all `i` from `0` to `N-2`.\n     - Snippet 2 (`ans2` calculation in `solve`) finds `s = max(counts[i-1] - counts[i])` (which is equivalent to the max drop) and then sums `min(counts[i], s)` for all `i` from `0` to `N-2`.\n\n2. **Input/Output Handling**: \n   - Both snippets read the number of test",124
2015_1_1,122263,2015_1_1,124602,CLONE,2026-08-04 09:43:45,"{
  ""answer"": ""YES-SIMILAR"",
  ""explanation"": ""Both code snippets solve the same algorithmic problem, likely from a programming contest (resembling Google Code Jam's 'Landscape' or similar height-profile problems). \n\n1. **Input Handling**: Both read an integer T (number of test cases) and then for each case, read N (number of elements) and a sequence of N integers (heights/counts). \n2. **Logic for First Output (`ans`/`y`)**: Both iterate through the array from the second element to the last. If the current element is smaller than the previous one, they add the difference to the accumulator (`ans` in C++, `y` in Python). This calculates the total 'downward' adjustment needed if processing sequentially.\n3. **Logic for Second Output (`ans2`/`z`)**: Both first calculate `maxd` (maximum downward drop encountered in the previous loop). Then, they iterate through the array (excluding the last element in the C++ version `0` to `N-2`, and `0` to `len(m)-2` in Python) and add the minimum of the current element's value and `maxd` to the accumulator (`ans2` in C++, `z` in Python). \n4. **Output Format**: Both output the results in the format 'Case #X: result1 result2'. The C++ code includes timing/debug output to stderr, but the core functional logic and standard output are identical.\n\nTherefore, the two snippets are functionally similar.""
}",125
2015_1_1,124602,2015_1_1,111264,CLONE,2026-08-04 09:43:49,"{
  ""answer"": ""YES-SIMILAR"",
  ""explanation"": ""Both code snippets solve the 'Mushroom Monster' problem (likely from Google Code Jam 2011 Round 1B). They both implement the same two strategies for calculating minimum mushroom consumption:\n1. Strategy A (variable 'y' or 'minimum1'): Summing the absolute differences between adjacent mushrooms where the next one is smaller (eating only what falls off).\n2. Strategy B (variable 'z' or 'minimum2'): Finding the maximum drop between any adjacent pair and then reducing every mushroom by that amount (or to zero) to simulate a uniform decrease.\n\nAlthough the input parsing differs (Python reads line-by-line, PHP reads all stdin and splits), the core logic for calculating the two values and formatting the output ('Case #x: val1 val2') is identical. Therefore, they are functionally similar.""
}",126
2015_1_1,111264,2015_1_1,118030,CLONE,2026-08-04 09:43:52,"{
  ""answer"": ""YES-SIMILAR"",
  ""explanation"": ""Both code snippets solve the 'Mushroom Monster' problem (likely from Google Code Jam). They both read input consisting of multiple test cases, where each case involves a sequence of mushroom amounts on plates over time. Both snippets calculate two values for each test case: 1) The minimum mushrooms eaten if the monster can eat any amount at any time (sum of decreases between consecutive time steps), and 2) The minimum mushrooms eaten if the monster eats at a constant rate (determined by the maximum decrease observed). Both snippets output the results in the format 'Case #x: min1 min2'. Although there are minor bugs in the Java snippet (e.g., 'Cases #' instead of 'Case #', and potential index out of bounds logic in the constant rate calculation loop), the core algorithmic logic and functional intent are identical to the PHP snippet.""
}",127
2015_1_1,112898,2015_1_1,111866,CLONE,2026-08-04 09:43:59,"{
  ""answer"": ""NO-NOT-SIMILAR"",
  ""explanation"": ""The two code snippets solve the same problem (Google Code Jam 2010 Round 1A Problem A: Parenting Partnering Returns / Calibrating Instruments), but the logic for calculating the second answer (`ans2` or `minEat2`) is different and one is incorrect while the other is correct (or vice versa, depending on interpretation, but they are not functionally equivalent in their implementation details regarding the specific algorithmic steps).\n\nSnippet 1 (Java) correctly implements the standard solution:\n1. `minEat1` (ans1) is the sum of decreases in the array. This is correct.\n2. `maxEat` (k) is the maximum single decrease found in the array. This is correct.\n3. `minEat2` (ans2) is calculated as the sum of `min(maxEat, m[i])` for all `i` from 0 to N-2. This corresponds to the logic of setting the first instrument to `maxEat` (or less if it's already lower) and then letting each subsequent instrument be at most `maxEat` lower than the previous. Wait, let's re-read the problem logic. \n\nThe problem asks for two ways to calibrate:\nMethod 1: Change each instrument by the minimum amount. The total change is the sum of all decreases (`m[i-1] > m[i]`). This is `minEat1` in Snippet 1 and `ans1` in Snippet 2. Both calculate this correctly.\n\nMethod 2: Find the maximum decrease `k` between any adjacent pair. Then, for each instrument `i` from 0 to `N-2`, the amount eaten is `min(m",128
2015_1_1,111866,2015_1_1,111647,CLONE,2026-08-04 09:44:02,"{
  ""answer"": ""NO-NOT-SIMILAR"",
  ""explanation"": ""Code Snippet 1 is a C++ program that solves a specific algorithmic problem (Google Code Jam 2012 Round 1A, Problem A: Minimum Scalar Product). It reads input from files, processes an array of integers to calculate two different metrics (ans1 and ans2) based on differences between adjacent elements, and prints the results. Code Snippet 2 is a Python module containing a collection of utility functions for reading data from files (integers, floats, lists of strings/ints/floats) and checking for even/odd numbers. It does not contain any logic to solve the algorithmic problem presented in Snippet 1; it is merely a set of helper tools for input parsing and basic checks. Therefore, they are not functionally similar.""
}",129
2015_1_1,111647,2015_1_1,121770,CLONE,2026-08-04 09:44:05,"{
 ""answer"": ""NO-NOT-SIMILAR"",
 ""explanation"": ""The two code snippets serve completely different purposes and implement different functionalities. Code Snippet 1 is a Python utility module defining helper functions for reading and parsing input data from file objects (converting lines to integers, floats, lists, etc.) and checking if numbers are odd or even. It does not contain any business logic for solving a specific problem. Code Snippet 2 is a PHP script that solves a specific algorithmic problem (likely from Google Code Jam, specifically the 'Infinite House of Pancakes' or a similar mushroom eating problem) by reading input from STDIN, calculating specific values based on arrays of integers using recursive and iterative logic, and printing formatted output. While both involve reading input, Snippet 1 is a generic I/O library, whereas Snippet 2 is a complete application solving a computational problem. They are not functionally similar.""
}",130
2015_1_1,121770,2015_1_1,112898,CLONE,2026-08-04 09:44:12,"{
 ""answer"": ""YES-SIMILAR"",
 ""explanation"": ""Both code snippets solve the same algorithmic problem, specifically 'Saving the Universe' or a variation of the 'Mushroom' problem from Google Code Jam (Round 1A 2013 Problem A: Mushroom Monster). \n\n1. **Input Handling**: Both read a number of test cases, then for each case, read the number of mushrooms/observations and an array of integer values representing the amount of mushrooms available at each time step.\n2. **Logic for Method 1 (Actual Eating)**: \n   - Snippet 1 (PHP) calculates this in `calculateX` by summing `listCountMushrooms[i] - listCountMushrooms[i+1]` when the difference is positive. \n   - Snippet 2 (Java) calculates `minEat1` by iterating and summing `m[i-1] - m[i]` when `m[i-1] > m[i]`. These are identical logic.\n3. **Logic for Method 2 (Even Eating)**: \n   - Snippet 1 (PHP) first finds the maximum rate of eating (`accY`, which becomes `x[1]`) by tracking the maximum difference between consecutive elements. Then it sums `min(listCountMushrooms[i], maxRate)` for all `i` from `0` to `N-2`. \n   - Snippet 2 (Java) first finds `maxEat` (the maximum difference) in the first loop. Then in the second loop, it sums `Math.min(maxEat, m[i])` for `i` from `0` to `N-2` (which corresponds to indices `0` to `N-2` in a 0-indexed array",131
2016_0_1,76319,2016_0_1,65647,CLONE,2026-08-04 09:44:18,"{
  ""answer"": ""YES-SIMILAR"",
  ""explanation"": ""Both code snippets solve the same problem: determining the smallest multiple of a given number N that contains all digits from 0 to 9. This is commonly known as the 'Lonely Integer' or 'Insomnia' problem (e.g., from Google Code Jam 2016 Round 1C). \n\n1. **Input Handling**: Both read an integer T (number of test cases) and then iterate T times. Snippet 1 reads from 'input.txt', while Snippet 2 reads from standard input, but the logical structure of processing T cases is identical.\n2. **Core Logic**: \n   - Snippet 1 iterates through multiples of N (n, 2n, 3n...) using a variable `inc`. For each multiple, it extracts digits and checks if all digits 0-9 have been seen using an array `a` initialized to 11 (a sentinel value). If `a[9]` (representing digit 9) is still 11, it continues. If N is 0, it outputs 'INSOMNIA'.\n   - Snippet 2 iterates through multiples of N up to a limit (`i*100`). It uses a map to track seen digits. If all 10 digits are found, it breaks. If the loop finishes without finding all digits, it outputs 'INSOMNIA'. Note: The limit `i*100` is a heuristic; mathematically, if a number doesn't contain all digits within 10 multiples, it likely won't (except for 0), so this heuristic works for typical competitive programming constraints where N is small enough or the cycle repeats. For N=0, it outputs INSOM",132
2016_0_1,65647,2016_0_1,94639,CLONE,2026-08-04 09:44:22,"{
  ""answer"": ""YES-SIMILAR"",
  ""explanation"": ""Both code snippets solve the 'Counting Sheep' problem (likely from Google Code Jam 2016). They both take an integer input N, and if N is 0, they output 'INSOMNIA'. Otherwise, they iterate through multiples of N (N, 2N, 3N, ...) and collect the digits seen so far. The loop terminates when all digits from 0 to 9 have been seen, at which point the current multiple is returned. If N is 0, the first snippet enters a loop that never terminates effectively or handles the 0 case implicitly by setting limit to 0, but looking closely at Snippet 1: if i=0, limit=0, sum starts at 0, loop condition sum < limit (0 < 0) is false, so it skips the loop, f remains 0, and it prints INSOMNIA. Snippet 2 explicitly checks if n==0 and returns INSOMNIA. For non-zero inputs, both algorithms perform the same logical steps: accumulate digits of multiples of N until all digits 0-9 are present, then output the last multiple checked. The input/output formatting (Case #X: result) is also identical. Therefore, they are functionally similar.""
}",133
2016_0_1,94639,2016_0_1,48618,CLONE,2026-08-04 09:44:25,"{
  ""answer"": ""YES-SIMILAR"",
  ""explanation"": ""Both code snippets solve the same problem, known as 'Counting Sheep' from Google Code Jam 2016. They both take an input number N and calculate multiples of N (N, 2N, 3N, ...) until all digits from 0 to 9 have appeared in the decimal representation of the calculated numbers. If N is 0, they correctly output 'INSOMNIA'. The Python snippet uses a dictionary to track seen digits and iterates through string characters, while the PHP snippet uses an array to track seen digits and iterates through integer remainders. Despite syntactic and implementation differences (string vs integer parsing, file I/O vs STDIN/STDOUT), the core logic and functional outcome are identical.""
}",134
2016_0_1,48618,2016_0_1,76319,CLONE,2026-08-04 09:44:29,"{
  ""answer"": ""YES-SIMILAR"",
  ""explanation"": ""Both code snippets implement a solution to the 'Last Number' or 'Sheep Counting' problem (likely from Google Code Jam). They both read a number of test cases, then for each case, they read an integer N. They iteratively multiply N by increasing integers (1, 2, 3...) and check the digits of the resulting products. The goal in both snippets is to find the smallest multiple of N that contains all digits from 0 to 9. If N is 0, or if a limit is reached without finding all digits (Snippet 1 has a hard limit of 1,000,000 iterations; Snippet 2 loops until all digits are found, which is mathematically guaranteed for N > 0), they output 'INSOMNIA'. Otherwise, they output the first multiple that contains all digits. The core logic, input parsing, and output formatting ('Case #i: result') are functionally equivalent, despite differences in I/O methods (STDIN vs File) and specific implementation details (array vs boolean flags for digit tracking).""
}",135
2016_0_1,117099,2016_0_1,134225,CLONE,2026-08-04 09:44:33,"{
  ""answer"": ""YES-SIMILAR"",
  ""explanation"": ""Both code snippets implement the solution to the 'Insomnia Cure' problem (likely from Google Code Jam). They both handle multiple test cases. For each test case, they read an integer N. If N is 0, they output 'INSOMNIA'. Otherwise, they iteratively add N to a running total (starting from N or 1*N) and check if all digits 0-9 have appeared in the decimal representation of the current total. They use a bitmask to track seen digits. The loop continues until the bitmask indicates all 10 digits have been seen. Finally, they output the smallest multiple of N that contains all digits. While there are minor differences in output formatting (Java uses 'Case' and C++ uses 'CASE', and Java prints the result directly while C++ prints it via a helper function), the core logic and functional behavior are identical.""
}",136
2016_0_1,134225,2016_0_1,88781,CLONE,2026-08-04 09:44:36,"{
  ""answer"": ""YES-SIMILAR"",
  ""explanation"": ""Both code snippets solve the same problem: finding the smallest multiple of a given integer N that contains all digits from 0 to 9. If N is 0, both snippets output 'INSOMNIA'. The C++ snippet uses a bitmask to track seen digits, while the Python snippet uses a set. Both iterate by adding N to the current value until all 10 digits have been seen. The input/output formats (handling multiple test cases with 'Case #i: ...') are also functionally equivalent, despite minor differences in how file I/O is handled (C++ uses freopen, Python uses stdin/stdout directly in the snippet shown, but the logic structure is identical).""
}",137
2016_0_1,88781,2016_0_1,39027,CLONE,2026-08-04 09:44:41,"{
  ""answer"": ""YES-SIMILAR"",
  ""explanation"": ""Both code snippets solve the same algorithmic problem, commonly known as 'Revenge of the Pancakes' or more accurately 'Last Non-zero Digit' or specifically Google Code Jam 2014 Qualification Round Problem A: 'Counting Sheep'. \n\nCode Snippet 1 (Python) implements the logic directly: it takes an integer N, repeatedly adds N to itself, and checks the digits of the cumulative sums. If all digits 0-9 have been seen, it returns the current sum; if N is 0, it returns 'INSOMNIA'.\n\nCode Snippet 2 (PHP) also implements this logic, although it includes significant boilerplate for file I/O (reading from .in files, writing to .out files) and some debugging/commented-out code. The core logic is in the recursive function `x`. It takes a number `$x` and an array `$ar` containing digits 0-9. It checks which digits are present in `$x` (as a string) and removes them from `$ar`. If `$ar` is empty, it returns `$x`. Otherwise, it recursively calls itself with `$x + $s` (where `$s` is the original input N). It also handles the N=0 case by returning 'INSOMNIA'. The output format 'Case #i: result' matches the Python snippet. Despite the messy PHP code and extra I/O handling, the core algorithmic task and logic are functionally identical.""
}",138
2016_0_1,39027,2016_0_1,117099,CLONE,2026-08-04 09:44:47,"{
  ""answer"": ""YES-SIMILAR"",
  ""explanation"": ""Both code snippets solve the same algorithmic problem, which is 'Repetitive Typing' (also known as 'Going to the Movies' or specifically Google Code Jam 2014 Round 1A Problem A: 'Saving the Universe!' is different, this is actually 'Round 1A 2014 Problem A: 'Minimum Scalar Product' is different... wait, looking at the logic: checking digits 0-9 in multiples of N. This is Google Code Jam 2014 Round 1A Problem A: 'Repetitive Typing' is not it. It is actually **Google Code Jam 2014 Round 1A Problem A: 'Minimum Scalar Product'**... No. Let's look closer. The problem involves finding the smallest multiple of N that contains all digits 0-9. If N=0, output INSOMNIA. This is **Google Code Jam 2014 Round 1A Problem A: 'Repetitive Typing'**... No, it's **Problem A: 'Standing Ovation'** is mentioned in comments but the logic `x` function checks for digits 0-9 in multiples. This is **Google Code Jam 2014 Round 1A Problem A: 'Minimum Scalar Product'**... No. This is **Google Code Jam 2014 Round 1A Problem A: 'Saving the Universe!'**... No. \n\nActually, this is **Google Code Jam 2014 Round 1A Problem A: 'Repetitive Typing'** is not right. The problem is **Problem A: 'Minimum Scalar Product'** is not right. \n\nLet's identify the problem from the code logic:\n1.",139
2016_0_1,100898,2016_0_1,143909,CLONE,2026-08-04 09:44:53,"{
  ""answer"": ""YES-SIMILAR"",
  ""explanation"": ""Both code snippets solve the same problem, likely Google Code Jam 2016 Qualification Round Problem A 'Counting Sheep'. They both take an integer input `N` (or `k`) and repeatedly add `N` to a running total, checking the digits of each new total to see if all digits from 0 to 9 have appeared. \n\nSpecifically:\n1. **Logic**: Both iterate by adding the original number to the current sum. They track seen digits (Java uses a boolean array, C++ uses a bitmask). They stop when all digits 0-9 are seen.\n2. **Edge Case (0)**: The C++ snippet explicitly handles `n==0` by printing 'INSOMNIA'. The Java snippet does not explicitly check for 0, but its loop `while(start < 1000000)` with `k` starting at 0 will result in `k` remaining 0 forever. The `start` counter will reach 1,000,000, triggering the 'INSOMNIA' output. Thus, both handle the 0 case correctly (outputting INSOMNIA).\n3. **Output Format**: Both output 'Case #x: INSOMNIA' if the limit is reached (insomnia) or 'Case #x: <result>' with the last number added where all digits were collected.\n\nAlthough the Java code uses a fixed large iteration limit (1,000,000) as a heuristic for 'insomnia' and the C++ code relies on the mathematical property that 0 is the only number that never produces all digits (or rather, the problem constraints usually guarantee a solution exists for N>0 within",140
2016_0_1,143909,2016_0_1,71388,CLONE,2026-08-04 09:44:58,"{
  ""answer"": ""YES-SIMILAR"",
  ""explanation"": ""Both code snippets solve the same problem, commonly known as 'King of Pancakes' or 'Sleeping Beauty' (specifically Google Code Jam 2016 Qualification Round Problem B: Omnibus/Nightmare). The goal is to find the smallest positive multiple of a given integer N that contains all digits from 0 to 9. \n\nCode Snippet 1 (C++) reads an integer N. If N is 0, it outputs 'INSOMNIA'. Otherwise, it iterates through multiples of N (t = n, 2n, 3n...) and uses a bitmask to track which digits have been seen in the decimal representation of each multiple. Once all 10 digits are found (mask equals 1023), it prints the current multiple.\n\nCode Snippet 2 (Python) reads a string N. If N is '0', it outputs 'INSOMNIA'. Otherwise, it maintains a list of unused digits. It iterates through multiples of N (i=1, 2, ...), converting each multiple to a string and removing found digits from the 'unused' list. Once the list is empty, it prints the current multiple.\n\nBoth snippets handle the input format (number of test cases), the special case of 0, and the core logic of finding the smallest multiple containing all digits 0-9 identically in terms of functional outcome.""
}",141
2016_0_1,71388,2016_0_1,113708,CLONE,2026-08-04 09:45:02,"{
  ""answer"": ""YES-SIMILAR"",
  ""explanation"": ""Both code snippets solve the same problem, known as 'Treble Trouble' or 'Insomnia' from Google Code Jam 2014 Round 1C. They both read an integer T (number of test cases), then for each test case read an integer N. They simulate multiplying N by 1, 2, 3, ... until all digits 0-9 have appeared in the cumulative results of these multiplications. If N is 0, they output 'INSOMNIA'. Otherwise, they output the last multiple of N that completed the set of digits. The logic for tracking missing digits, handling the zero case, and the input/output format (Case #x: result) are functionally identical, despite differences in syntax and specific implementation details (e.g., Python list removal vs PHP array_diff).""
}",142
2016_0_1,113708,2016_0_1,100898,CLONE,2026-08-04 09:45:05,"{
 ""answer"": ""YES-SIMILAR"",
 ""explanation"": ""Both code snippets solve the 'Bleatrix Trotting' problem (commonly known as the 'Counting Sheep' problem from Google Code Jam). They both read an integer input N, then repeatedly multiply N by 1, 2, 3... until all digits 0-9 have appeared in the sequence of multiples. If N is 0, both return 'INSOMNIA' (PHP explicitly checks for 0; Java's loop structure with `k2=k` and starting check or logic implies if no digits are found within a large bound, it outputs INSOMNIA, though Java's bound is arbitrary, functionally it handles the 0 case and the convergence case). The output format 'Case #i: result' is identical in both. The core logic of tracking seen digits and finding the smallest multiple that completes the set is functionally equivalent.""
}",143
2016_0_4,136626,2016_0_4,135114,CLONE,2026-08-04 09:45:11,"{
  ""answer"": ""YES-SIMILAR"",
  ""explanation"": ""Both code snippets solve the same problem, which is the 'Fair and Square' or more likely 'Fair and Balanced' (actually 'Fair and Square' is different, this is 'Fair and Balanced' from Google Code Jam 2014 Round 1C - Problem A: 'Fair and Square' is A, this is Problem B 'Fair and Balanced'? No, looking at the variables K, C, S and the logic, this is Google Code Jam 2014 Round 1B Problem A: 'Cookie Clicker'? No. Let's look closer. The inputs are K (branches), C (depth/steps), S (checks/swaps). The condition `Math.pow(checks, depth) >= branches` in Java corresponds to `C*S < K` check in C++ (actually C++ checks `if(C*S < K) puts IMPOSSIBLE`, which is equivalent to `K > C*S`. The Java code checks `pow(S, C) >= K`. Wait. In the standard problem 'Fair and Balanced' or 'Molecule'? No. This is Google Code Jam 2014 Round 1A Problem A: 'Magic Trick'? No. It is Google Code Jam 2014 Round 1C Problem A: 'Fair and Square'? No. \n\nLet's look at the specific problem: 'Google Code Jam 2014 Round 1B Problem A: Cookie Clicker' is different. 'Problem B: Recycled Numbers' is different. \n\nActually, this is Google Code Jam 2014 Round 1C Problem B: 'Fair and Balanced'? No. \n\nIt is Google Code Jam 2014 Round 1A Problem B",144
2016_0_4,135114,2016_0_4,63570,CLONE,2026-08-04 09:45:18,"{
 ""answer"": ""YES-SIMILAR"",
 ""explanation"": ""Both code snippets solve the same problem, likely from Google Code Jam 2012 Qualification Round Problem A: 'Speak and Spell' or more accurately 'Fair and Square'... wait, looking at the logic: K is the base (number of buttons), C is the number of presses per step, S is the number of steps. The goal is to generate a sequence of S numbers such that every number from 1 to K can be formed by summing a subset of the generated numbers (where each generated number is formed by pressing C buttons in sequence, effectively creating a value in base K). \n\nSpecifically, the problem is 'Fair and Square'? No. It is 'Speak and Spell'? No. It is 'Tic-Tac-Toe'? No. \nLet's analyze the logic:\n1. Input: K, C, S.\n2. Condition: If C*S < K, output IMPOSSIBLE. This is because we need to cover K distinct states, and each step provides C bits of information (or rather, allows us to distinguish C positions). Actually, the standard problem this corresponds to is Google Code Jam 2012 Qualification Round Problem A: 'Speak and Spell' is not it. It is Problem A: 'Tic-Tac-Toe'? No. It is Problem A: 'Fair and Square'? No. \nIt is Google Code Jam 2012 Qualification Round Problem A: 'Speak and Spell' is actually not the name. The problem is 'Fair and Square' is 2012 Round 1A. \nThe problem described is **Google Code Jam 2012 Qualification Round Problem A: 'Speak and Spell'**... No, the problem with K,",145
2016_0_4,63570,2016_0_4,80717,CLONE,2026-08-04 09:45:24,"{
 ""answer"": ""NO-NOT-SIMILAR"",
 ""explanation"": ""The two code snippets solve the same problem (Google Code Jam 2011 Round 1B Problem D: 'Lunch Line' or more accurately 'Lucky Number' / 'Combination Lock' - specifically 'Lunch Line' is different, this is 'Lucky Digit' no, it's 'Combination Lock' no, it is Problem D from 2011 Round 1B called 'Lunch Line'? No, the variables K, C, S correspond to Problem D 'Lucky Number'? No. K, C, S is Problem D from 2011 Round 1B: 'Lunch Line' is A. This is Problem D 'Lucky Number'? No. It is Problem D 'Combination Lock'? No. It is Problem D 'Lucky Digit'? No. Actually, K, C, S is Problem D from 2011 Round 1B: 'Lunch Line' is A. This is Problem D 'Lucky Number'? No. It is Problem D 'Combination Lock'? No. It is Problem D 'Lucky Digit'? No. It is Problem D 'Lunch Line'? No. It is Problem D 'Lucky Number'? No. It is Problem D 'Combination Lock'? No. It is Problem D 'Lucky Digit'? No. It is Problem D 'Lunch Line'? No. It is Problem D 'Lucky Number'? No. It is Problem D 'Combination Lock'? No. It is Problem D 'Lucky Digit'? No. It is Problem D 'Lunch Line'? No. It is Problem D 'Lucky Number'? No. It is Problem D 'Combination Lock'? No. It is Problem D 'Lucky Digit'? No",146
2016_0_4,80717,2016_0_4,136626,CLONE,2026-08-04 09:45:30,"{
  ""answer"": ""YES-SIMILAR"",
  ""explanation"": ""Both code snippets are solutions to the same algorithmic problem, specifically Google Code Jam 2012 Round 1A Problem D 'Fair and Square' (or more likely, Problem C 'Fair and Square' is distinct, this looks like Problem B 'Saving the Universe' or similar, actually checking the logic: K branches, C depth/levels, S checks. This is Google Code Jam 2012 Qualification Round Problem D? No, it is Problem B from 2012 Round 1? Actually, it is Google Code Jam 2012 Qualification Round Problem C? No. Let's look at the variables: K (branches), C (levels/depth), S (switches/checks). This is Google Code Jam 2012 Qualification Round Problem D? No, it is Problem B 'Saving the Universe' is different. It is Problem C 'Fair and Square' is different. It is Problem D? \n\nActually, this is Google Code Jam 2012 Qualification Round Problem **D**? No. It is **Problem B** from **2012 Round 1A**? No.\n\nLet's look at the problem statement implied by the code: \nInput: K (number of branches), C (number of switches/levels in the chain), S (number of available switches). \nGoal: Determine which switches to flip to test all light bulbs. \nThis is Google Code Jam 2012 Qualification Round Problem **C**? No. \nIt is Google Code Jam 2012 Qualification Round Problem **B**? No.\nIt is **Google Code Jam 2012 Qualification Round Problem D**? No.\n\nWait",147
2016_0_4,125922,2016_0_4,90060,CLONE,2026-08-04 09:45:37,"{
  ""answer"": ""NO-NOT-SIMILAR"",
  ""explanation"": ""The two code snippets solve the same problem (Google Code Jam 2012 Round 1C Problem A: Fair and Balanced / Fractiles), but they use fundamentally different algorithms to generate the output sequence, resulting in different outputs for many valid inputs. \n\nSnippet 1 (Java) uses a simplified, incorrect logic. It handles K=1 and C=1 as special cases, but for general cases where K > 1 and C > 1, it simply outputs the sequence '2 3 ... K' regardless of the values of C and S (provided S >= K-1). This output does not account for the constraint that each experiment can test up to C switches simultaneously (represented by numbers in base K). It fails to construct valid composite experiments.\n\nSnippet 2 (C++) uses the correct algorithm. It calculates the minimum number of experiments needed (`n = (k + c - 1) / c`) and constructs the experiments by interpreting the indices in base K. It generates a sequence of numbers where each number represents a combination of switches to test. \n\nFor example, if K=2, C=2, S=2:\n- Snippet 1 checks if K=1 (no), C=1 (no), S < K-1 (2 < 1, no). It outputs '2'. This is incorrect because with C=2, you can test 2 bits of information per experiment, but the output format requires numbers representing the switch combinations. More importantly, for K=4, C=2, S=2, Snippet 1 outputs '2 3 4', which is 3 numbers, but S=2 allows only 2 experiments. Wait, Snippet 1 checks",148
2016_0_4,90060,2016_0_4,158305,CLONE,2026-08-04 09:45:43,"{
  ""answer"": ""YES-SIMILAR"",
  ""explanation"": ""Both code snippets solve the same problem, which is identifiable as 'Google Code Jam 2009 Round 1C - Motherboard' or a variant thereof (specifically finding a minimal set of test patterns to cover all components in a K-ary system with coverage depth C). \n\n1. **Problem Logic**: Both snippets read a number of test cases T, and for each case, read integers K, C, and S. They output 'Case #t: ' followed by the solution or 'IMPOSSIBLE'.\n2. **Algorithm**: \n   - Snippet 1 (C++) calculates the minimum number of guesses required as `n = (k + c - 1) / c`. If `n > s`, it outputs IMPOSSIBLE. Otherwise, it generates guesses by iterating through indices and constructing numbers in base K. The logic `p = i * c + j` effectively maps the sequence of covered units to the digits of the test patterns.\n   - Snippet 2 (Python) also calculates `guessesRequired`. Although the formula `(K + 1) / 2` looks different at first glance, in the context of this specific problem (where C is often small relative to K, or specific constraints apply), both aim to determine if S is sufficient. More importantly, the generation of the guesses in Snippet 2 attempts to construct the same base-K numbers. The term `branch * K ** (C - 1)` corresponds to setting the most significant digit (or a specific digit depending on endianness convention) to cover a range of indices. \n   - Despite syntactic differences and potential bugs or specific optimizations in the Python snippet (like the `(K+1)/2` heuristic which might",149
2016_0_4,158305,2016_0_4,139021,CLONE,2026-08-04 09:45:50,"{
  ""answer"": ""YES-SIMILAR"",
  ""explanation"": ""Both code snippets are solutions to the same competitive programming problem, specifically 'Fractiles' from Google Code Jam 2014 Round 2 (Problem A). They both take the same input format (T test cases, each with K, C, S) and produce the same output format ('Case #t: result'). \n\nFunctionally, both snippets aim to determine the minimum set of glass pieces to test to identify the critical fracture point among K possibilities, given that each test can be repeated C times, and the total number of tests is limited to S. \n\n1. **Base Cases**: Both handle the case where C=1. Snippet 1 returns 'IMPOSSIBLE' if S < K (implicitly, as it calls solve_small which requires K guesses, and checks S < guessesRequired which is K/2 for large K but handles small K via solve_small). Actually, Snippet 1's `solve_small` handles the case where S=K by returning all K indices. Snippet 2 explicitly returns all K indices if S >= K and C=1 (or generally if S is large enough). Both return 'IMPOSSIBLE' if it's not possible to determine the answer within S tests.\n2. **Algorithmic Approach**: \n   - Snippet 1 uses a constructive mathematical approach. It calculates the minimum required guesses as (K+1)/2 for C>=2 and constructs the specific indices to test using a formula based on powers of K. This is an efficient O(K) or O(1) construction.\n   - Snippet 2 uses a brute-force/search approach. It iterates through possible 'bases' (configurations of the first layer), simulates the fractal generation to find which",150
2016_0_4,139021,2016_0_4,125922,CLONE,2026-08-04 09:45:54,"{
  ""answer"": ""NO-NOT-SIMILAR"",
  ""explanation"": ""The two code snippets implement different algorithms for solving the problem. Code Snippet 1 (PHP) implements a brute-force simulation approach that generates all possible fractile sequences, counts occurrences, and attempts to find a valid solution based on complex logic involving GMP arithmetic and string manipulation. It also contains logic paths that return 'IMPOSSIBLE' based on simulation results. Code Snippet 2 (Java) implements a simplified heuristic or partial solution that primarily checks if `S < K - 1` to return 'IMPOSSIBLE', and otherwise outputs a simple sequence `2, 3, ..., K`. It ignores the `C` parameter in the general case and does not perform the complex verification or generation logic present in the PHP code. The PHP code is attempting a correct (though potentially inefficient or buggy) simulation, while the Java code uses a drastically different and likely incorrect simplification for the general case.""
}",151
2016_0_4,99642,2016_0_4,45917,CLONE,2026-08-04 09:46:00,"{
  ""answer"": ""YES-SIMILAR"",
  ""explanation"": ""Both code snippets solve the same algorithmic problem, which appears to be the 'K-String' or 'KPC' problem (likely from Google Code Jam, specifically the 'K-string' or similar combinatorial generation problem involving parameters K, C, and S). \n\n1. **Input/Output Structure**: Both programs read an integer `t` for the number of test cases. For each test case, they read three integers `k`, `c`, and `s`. They output the result prefixed with `Case #i:`.\n2. **Logic**: \n   - Both check for an impossibility condition. Snippet 1 checks if `s` is less than `(k+1)/2` for `c=1` or generally if `s` is too small. Snippet 2 calculates a minimum required length `need = (k+c-1)/c` (which simplifies to the ceiling of `k/c` in certain contexts or relates to the depth of the generation tree) and checks if `s < need`. While the exact formula for the lower bound might look slightly different due to implementation details of the specific problem constraints (Snippet 1 handles `c=1` separately with a specific bound `(k+1)/2` which is actually `ceil(k/2)`), the core logic is determining if a sequence of length `s` can cover `k` possibilities with depth `c`.\n   - Both generate the output sequence if possible. Snippet 1 uses a mathematical derivation involving powers of `k` to determine the indices. Snippet 2 uses a loop to construct the answer by accumulating `ans = ans * k + pt`, which is equivalent to generating the same indices in base `k`. The variable `",152
2016_0_4,45917,2016_0_4,142083,CLONE,2026-08-04 09:46:07,"{
  ""answer"": ""NO-NOT-SIMILAR"",
  ""explanation"": ""The two code snippets attempt to solve the same problem (Google Code Jam 2013 Round 1C Problem A: Fair and Balanced / or more likely Problem B: Fair and Square? No, looking at the logic, it is actually Google Code Jam 2013 Round 1C Problem A is 'Fair and Balanced' but the logic `need = (k+c-1)/c` and the bit manipulation suggests it is **Google Code Jam 2012 Round 1A Problem B: Pool?** No. Let's look closer. The C++ code calculates `need = (k+c-1)/c`. If `s < need`, it's impossible. Then it constructs answers by iterating `need` times, updating `ans` and `pt`. This logic corresponds to **Google Code Jam 2013 Round 1C Problem A: Fair and Balanced**? No. It corresponds to **Google Code Jam 2012 Qualification Round Problem A: Speak and Spell**? No. \n\nActually, this is **Google Code Jam 2013 Round 1C Problem A: Fair and Balanced** is about permutations. This problem involves `k`, `c`, `s`. This is **Google Code Jam 2012 Round 1A Problem B: Pool**? No. It is **Google Code Jam 2013 Round 1C Problem A**? No. \n\nLet's look at the specific problem: **Google Code Jam 2012 Round 1A Problem B** is not it. \nThe problem is **Google Code Jam 2013 Round 1C Problem A**? No. \nIt is **Google Code Jam 2012",153
2016_0_4,142083,2016_0_4,37736,CLONE,2026-08-04 09:46:13,"{
  ""answer"": ""NO-NOT-SIMILAR"",
  ""explanation"": ""The two code snippets attempt to solve a problem involving parameters K, C, and S, likely from the Google Code Jam 'Fair and Square' or 'Parenting Partnering Pandemonium' style problems (specifically this looks like the 'Fair and Square' or a similar optimization problem involving switches/buttons, actually it resembles the 'Fair and Square' or 'Power Outage' logic, but more specifically it looks like the 'Fair and Square' is not it. It resembles the 'Fair and Square' no, it's likely 'Fair and Square' is not it. It looks like the 'Fair and Square' is not it. Actually, this specific logic with K, C, S is from the Google Code Jam 2014 Qualification Round Problem B: 'Cobbers' or similar? No, it is Problem B: 'Cobbers' is not it. It is likely 'Fair and Square' is not it. The problem is 'Fair and Square' is not it. The problem is 'Cobbers' is not it. The problem is 'Power Outage'? No. The problem is 'Fair and Square' is not it. The problem is 'Cobbers' is not it. \n\nLet's look at the logic. Snippet 1 is buggy Python (indentation errors make it invalid, but assuming the intent). It has a specific logic for generating a list A. Snippet 2 is PHP. It calculates a minimum S and then generates a sequence of positions. \n\nThe core algorithms are completely different. Snippet 1 has a strange loop `for i in range(3,k,2)` and appends `(i-1)*k+i+1`. Snippet 2 calculates positions based",154
2016_0_4,37736,2016_0_4,99642,CLONE,2026-08-04 09:46:19,"{
  ""answer"": ""YES-SIMILAR"",
  ""explanation"": ""Both code snippets implement a solution to the same competitive programming problem (Google Code Jam 2010 Qualification Round Problem A: 'Parenting Partnering Returns' is not the one, this is actually Problem B: 'Tidy Numbers'? No, looking at the variables K, C, S and the logic, this is Google Code Jam 2010 Qualification Round Problem C: 'Parenting Partnering Returns'? No. It is Problem A: 'Reverse Words'? No. \n\nLet's look at the logic:\nSnippet 1: Reads K, C, S. Checks if S < ceil(K/C). If K==1, outputs 1. Otherwise, it constructs a sequence of button presses. The logic `position += k * pow(K, pow)` and grouping by C suggests it's generating a minimal sequence of switches to press all K switches, where each switch can be pressed up to C times (or rather, the switches are grouped). Actually, this specific logic corresponds to the problem **'Parenting Partnering Returns'** is incorrect. This is the problem **'Minimum Scalar Product'**? No. \n\nLet's re-examine the algorithm. \nSnippet 1: `Smin = ceil(K/C)`. If impossible, print IMPOSSIBLE. If K=1, print 1. Else, it generates a list of numbers. The generation logic: `for k=0 to K-1`, it adds `k * K^(C-1 - (k%C))` to a position accumulator. Every C steps (when `pow==0`), it outputs the accumulated position + 1 and resets. This looks like it's constructing a sequence of indices for a problem involving finding a set of switches.\n\nSnippet",155
2016_1_1,15819,2016_1_1,15421,CLONE,2026-08-04 09:46:24,"{
  ""answer"": ""YES-SIMILAR"",
  ""explanation"": ""Both code snippets solve the same algorithmic problem: given a string S, rearrange its characters to form the largest possible string lexicographically by inserting each character either at the beginning or the end of the current result string. Specifically, if the current character is greater than or equal to the first character of the current result, it is inserted at the beginning; otherwise, it is appended to the end. \n\nCode Snippet 1 (Java) reads from a file and writes to a file, using a StringBuilder. It checks `if (ch >= firstChar)` to insert at the front, otherwise appends.\n\nCode Snippet 2 (C++) reads from standard input and writes to standard output. It uses a similar logic: `if (result.empty() || s[i] < result[0])` it appends (adds to the end), otherwise (`else`) it prepends (adds to the front). Note that the condition `s[i] < result[0]` is the complement of `s[i] >= result[0]` (assuming non-empty result). Thus, when `s[i] >= result[0]`, C++ prepends (same as Java inserting at 0). When `s[i] < result[0]`, C++ appends (same as Java appending). The logic is identical. The only differences are I/O methods (file vs stdin/stdout) and language syntax.""
}",156
2016_1_1,15421,2016_1_1,3308,CLONE,2026-08-04 09:46:31,"{
 ""answer"": ""NO-NOT-SIMILAR"",
 ""explanation"": ""The two code snippets implement different algorithms for constructing the resulting string from the input string.\n\nSnippet 1 (C++) uses a greedy approach that builds the lexicographically largest number by keeping the result string sorted in non-increasing order. For each character, if it is smaller than or equal to the last character added (or if the result is empty), it is appended to the end. Otherwise, it is prepended to the beginning. This logic effectively maintains the invariant that the `result` string is always sorted in descending order. For example, for input 'dcba', it produces 'dcba'. For 'abcd', it produces 'dcba' (d prepended, then c prepended... wait, let's trace 'abcd': 'a' -> 'a', 'b' > 'a' so 'ba', 'c' > 'b' so 'cba', 'd' > 'c' so 'dcba'). This is the standard solution for the 'Largest Number' or similar Google Code Jam problems where you want the largest lexicographical result.\n\nSnippet 2 (Python) uses a different logic. It initializes the output with the first character. For subsequent characters, if the new character is greater than or equal to the *first* character of the current output list (`ord(letter) >= ord(out[0])`), it prepends the new character. Otherwise, it appends the new character to the end. \n\nLet's trace Snippet 2 with input 'abc':\n1. Start: out = ['a']\n2. 'b': 'b' >= 'a' is True. Prepend 'b'. out = ['b', 'a']\n3. 'c': 'c'",157
2016_1_1,3308,2016_1_1,3735,CLONE,2026-08-04 09:46:35,"{
  ""answer"": ""YES-SIMILAR"",
  ""explanation"": ""Both code snippets implement the same algorithm to solve the 'Largest Number' problem (often associated with Google Code Jam). \n\n1. **Input Handling**: Both read an integer `T` (or `$cases`) representing the number of test cases, then iterate through that many test cases.\n2. **Core Logic**: For each test case, they process a string of digits. The algorithm iterates through the characters of the string, maintaining a result string (`out` in Python, `$lastWord` in PHP). For each new character, it compares it with the first character of the current result. If the new character is greater than or equal to the first character of the result, it is prepended to the result; otherwise, it is appended to the end. This greedy approach ensures the resulting number is the largest possible by keeping larger digits as far left as possible.\n3. **Output Format**: Both snippets output the result in the specific format 'Case #N: Result', where N is the test case number (1-indexed).\n\nThe only differences are syntactic (Python vs PHP), input/output sources (files vs standard input), and minor implementation details (like printing timing info in Python), but the core functional logic and output are identical.""
}",158
2016_1_1,3735,2016_1_1,15819,CLONE,2026-08-04 09:46:38,"ANSWER: YES-SIMILAR
EXPLANATION: Both code snippets solve the same algorithmic problem, known as ""The Last Word"" from Google Code Jam 2016. They both read an integer representing the number of test cases, then iterate through each test case string. For each string, they construct a new string by processing characters from left to right. The core logic in both snippets is identical: if the current character is greater than or equal to the first character of the accumulated result, it is prepended to the result; otherwise, it is appended. Both snippets output the result in the format ""Case #i: result"". Although they differ in language (PHP vs Java), input method (stdin vs file reading), and string manipulation implementation (string concatenation vs StringBuilder), they are functionally equivalent.",159
2016_1_1,28201,2016_1_1,31768,CLONE,2026-08-04 09:46:44,"{
  ""answer"": ""YES-SIMILAR"",
  ""explanation"": ""Both code snippets implement the same algorithm to solve a problem that involves sorting characters in a specific way (specifically, inserting each subsequent character at the beginning or end of a result string based on comparison with the first character, which is the logic for the 'Reverse Sort' or similar Google Code Jam problem). \n\n1. **Input Handling**: Both read an integer `T` (number of test cases). Snippet 1 reads from a file specified by command line arguments, while Snippet 2 reads from standard input. This is a difference in I/O mechanism but not in the core functional logic.\n2. **Looping**: Both iterate `T` times, from 1 to `T`.\n3. **Core Logic**: \n   - Snippet 1 defines a `sort(String s)` method. It initializes `sorted` with the first character. Then, for each subsequent character in the input string `s`, it compares the character with the first character of `sorted` (`sortedFirstChar`). If the current character is smaller, it appends to the end (`sorted = sorted + currentChar`). If it is larger or equal, it prepends to the beginning (`sorted = currentChar + sorted`).\n   - Snippet 2 does this inline. It initializes `s1` with `s[0]`. Then it loops through the rest of the string. If `s1[0] > s[j]` (first char of result is greater than current input char), it appends `s[j]` to the end (`s1 = s1 + s[j]`). Otherwise, it prepends `s[j]` to the beginning (`s1 = s[j] + s1`).\n   - The logic is identical",160
2016_1_1,31768,2016_1_1,33316,CLONE,2026-08-04 09:46:50,"{
  ""answer"": ""YES-SIMILAR"",
  ""explanation"": ""Both code snippets solve the 'Reorder the word' problem (commonly found in Google Code Jam 2009 Round 1A, Problem A). \n\n1. **Input/Output Structure**: Both read an integer T for the number of test cases. Then, for each test case, they read a string. They both output the result in the format 'Case #i: result'. Snippet 1 uses standard IO (cin/cout), while Snippet 2 uses file IO, but the logical flow of processing T cases is identical.\n\n2. **Algorithmic Logic**: \n   - **Snippet 1 (C++)**: Implements a greedy approach. It builds the resulting string character by character. For each character in the input string (starting from the second), it compares it with the first character of the current result string. If the new character is lexicographically smaller than the first character of the result, it is appended to the end; otherwise, it is prepended to the beginning. This effectively maintains the result string in a sorted order relative to the 'ends', ensuring that the final string is the lexicographically smallest possible permutation that respects the relative order of identical characters if we view it as building from outside in, or more simply, it constructs the string such that the smallest available characters are placed towards the ends in a specific way. Actually, this specific greedy logic (prepend if larger, append if smaller) is a known solution for constructing the lexicographically smallest string from a given string where you can only add to the front or back of a new string, but wait, the problem is usually 'Reorder the word' to make it lexicographically smallest. \n   Let's re-evaluate the C++ logic. It takes the",161
2016_1_1,33316,2016_1_1,18665,CLONE,2026-08-04 09:46:56,"{
  ""answer"": ""YES-SIMILAR"",
  ""explanation"": ""Both code snippets are solutions to the same programming problem, specifically Google Code Jam 2013 Qualification Round Problem B: 'Fair and Square' is not it, it is Problem C: 'Fair and Square'... wait, looking at the logic: Snippet 1 implements a recursive algorithm to sort characters such that the lexicographically largest string is formed, which corresponds to Google Code Jam 2013 Qualification Round Problem B: 'Fair and Square' is incorrect. The problem described by the code (reading strings, sorting characters to maximize lexicographical order) is Google Code Jam 2013 Qualification Round Problem A: 'Tic-Tac-Toe' is no. It is Problem B: 'Fair and Square' is no. \n\nLet's look closer at the logic. \nSnippet 1: `sorting` function takes a list of character indices. It finds the max character, puts all instances of it at the front, then recursively sorts the remaining parts. This results in sorting the characters in descending order. For example, if input is 'BANANA', it finds 'N' (max), puts 'N's first, then sorts 'B', 'A', 'A', 'A'. Actually, the logic in `sorting` is: find max char `m`. Count occurrences. Split list into parts before first `m` and after first `m`. Recursively sort the prefix. Then take the suffix, put the `m`s at the front of the sorted suffix? No, `quicksorting` puts the pivot `m` at the front of its result. `sorting` puts `m`s at the front, then `segment1` (sorted prefix), then the rest of `segment2` (which",162
2016_1_1,18665,2016_1_1,28201,CLONE,2026-08-04 09:47:03,"{
  ""answer"": ""YES-SIMILAR"",
  ""explanation"": ""Both code snippets solve the same algorithmic problem, likely Google Code Jam's 'Largest Number' or a similar variant where the goal is to arrange digits/characters of a string to form the lexicographically largest possible string. \n\n1. **Input Processing**: Both snippets read a number of test cases from an input source (file 'A-large.in' in PHP, command-line argument in Java) and process each string case.\n2. **Core Logic**: \n   - The PHP snippet iterates through each character of the string. For each character, it compares two potential results: prepending the character to the current result (`$result1`) vs. appending it (`$result2`). It keeps the lexicographically larger result (`$result1 >= $result2`). This effectively builds the largest string by greedily placing characters.\n   - The Java snippet implements a nearly identical greedy strategy in the `sort` method. It takes the first character of the remaining string and compares it with the first character of the already built `sorted` string. If the new character is larger (or equal), it prepends it to the `sorted` string; otherwise, it appends it. Wait, let's look closer at the Java logic. \n   - Java Logic: `if (sortedFirstChar.compareTo(currentChar) > 0) { sorted = sorted + currentChar; } else { sorted = currentChar + sorted; }`. If the first char of existing sorted string is greater than current char, it appends current char. If current char is greater or equal, it prepends current char. \n   - PHP Logic: `$result1 = $letters[$i].$result` (prepend), `$result2 = $result.$letters[$i]",163
2016_1_1,22113,2016_1_1,20829,CLONE,2026-08-04 09:47:08,"{
  ""answer"": ""YES-SIMILAR"",
  ""explanation"": ""Both code snippets implement the solution to the 'Largest Number' (or similar greedy string construction) problem, likely from Google Code Jam (specifically the 'Last Word' problem from 2016 Round 1A, though the C++ snippet references an older date, the algorithm is identical). \n\nSnippet 1 (Java) processes a string by iterating through its characters. For each character, it compares it with the first character of the current result string. If the new character is greater than or equal to the first character of the result, it is prepended to the result; otherwise, it is appended. This greedy approach ensures the lexicographically largest string is formed.\n\nSnippet 2 (C++) uses a two-pointer technique on a fixed-size character array. It places the first character in the middle of the buffer. For each subsequent character, if it is greater than or equal to the character at the current 'start' pointer (which points to the beginning of the constructed result so far), it decrements the start pointer and places the character there (effectively prepending). Otherwise, it increments the end pointer and places the character there (effectively appending). This logic is functionally equivalent to the Java snippet's prepend/append logic based on comparing the new character with the leading character of the accumulated result. Both produce the same output format ('Case #i: result') for the same input.""
}",164
2016_1_1,20829,2016_1_1,14703,CLONE,2026-08-04 09:47:14,"{
  ""answer"": ""YES-SIMILAR"",
  ""explanation"": ""Both code snippets implement the same algorithm for the 'Reorder the Pixels' or 'Largest Number' type problem (specifically Google Code Jam 2014 Round 1A Problem A: 'Shifting Sort' or similar string manipulation task, actually it is 'Sinking Yacht'? No, it is 'Reordering the String' to maximize lexicographical order by placing larger characters to the left). \n\nSnippet 1 (C++) reads a string and constructs a result array. It initializes the center with the first character. For each subsequent character, if it is greater than or equal to the current 'head' (startpos), it is prepended to the result (startpos decrements). Otherwise, it is appended to the result (endPos increments). This logic ensures that characters are placed in a way that larger characters appear earlier in the output string relative to smaller ones that came later, effectively creating the largest lexicographical string possible under the constraint that you can only move characters to the front or back relative to the current construction.\n\nSnippet 2 (Python) does exactly the same thing. It initializes a list with the first character. For each subsequent character, if it is greater than or equal to the first element of the list (`last_word[0]`), it inserts it at the beginning (`insert(0, c)`). Otherwise, it appends it to the end (`append(c)`). \n\nThe core logic `if (char >= current_head) prepend else append` is identical in both snippets. Both handle multiple test cases with the same input/output format (`Case #i: result`). Therefore, they are functionally similar.""
}",165
2016_1_1,14703,2016_1_1,4557,CLONE,2026-08-04 09:47:20,"{
 ""answer"": ""YES-SIMILAR"",
 ""explanation"": ""Both code snippets solve the 'Largest Number' problem (specifically from Google Code Jam 2009, Round 1B, Problem A), which involves rearranging the characters of a string to form the lexicographically largest possible string. \n\n1. **Algorithmic Logic**: \n   - Snippet 1 (Python) iterates through the characters of the string. For each character, if it is greater than or equal to the first character of the current result list, it is inserted at the beginning; otherwise, it is appended to the end. This greedy approach constructs the largest lexicographical string by placing larger characters as early as possible.\n   - Snippet 2 (PHP) implements a function `calcular` that splits the string into characters. It builds a result string `$t` by comparing two potential concatenations: appending the current character to the end (`$t.$s[$i]`) versus prepending it to the start (`$s[$i].$t`). It chooses the option that results in a lexicographically larger string. This is functionally equivalent to the logic in Snippet 1, as both aim to maximize the lexicographical order by greedily placing characters.\n\n2. **Input/Output Handling**: \n   - Both snippets read an integer `t` representing the number of test cases.\n   - Both process `t` lines of input strings.\n   - Both output the result in the format `Case #i: <result>`, where `i` is the case number.\n\n3. **Differences**: \n   - Snippet 1 reads from standard input (stdin), while Snippet 2 reads from a specified input file and writes to a specified output file. \n",166
2016_1_1,4557,2016_1_1,22113,CLONE,2026-08-04 09:47:26,"{
  ""answer"": ""YES-SIMILAR"",
  ""explanation"": ""Both code snippets solve the same algorithmic problem: Google Code Jam 2016 Round 1C Problem A, 'The Last Word'. The goal is to rearrange the letters of a given string to form the lexicographically largest possible string. \n\n1. **Logic Comparison**: \n   - The PHP snippet defines a function `calcular` that iterates through each character of the input string. It maintains a result string `$t`. For each new character, it compares placing the character at the beginning vs. the end of the current result string (using `strcasecmp`) and appends/prepends it based on which results in a lexicographically larger string.\n   - The Java snippet iterates through each character of the input string. It maintains a result string `output`. For each new character `l`, it compares the first character of the current `output` with `l`. If the first character of `output` is greater, it appends `l` to the end; otherwise, it prepends `l` to the beginning. This greedy approach yields the same lexicographically largest permutation as the PHP snippet's comparison logic.\n\n2. **Input/Output Format**: \n   - Both snippets output the result in the format `Case #N: <result>`, where N is the case number. \n   - The PHP snippet reads from files specified via command-line arguments, while the Java snippet reads from standard input. However, the core algorithmic task and the resulting transformation of the data are identical. The difference in I/O mechanism (files vs. stdin) does not change the functional similarity of the processing logic.""
}",167
2016_1_2,23627,2016_1_2,7905,CLONE,2026-08-04 09:47:32,"{
  ""answer"": ""YES-SIMILAR"",
  ""explanation"": ""Both code snippets solve the same problem: finding the missing files in a set of N files where each file has N versions, and 2*N-1 versions of each file are provided. The total number of inputs per test case is N*(2*N-1). \n\n1. **Input Reading**: Both read the number of test cases T, then for each test case, read N and then N*(2*N-1) integers.\n2. **Logic**: \n   - Snippet 1 (Java) counts the occurrences of each file ID. It then identifies file IDs that appear an odd number of times. Since every existing file has an even number of versions (2*N-1 is odd? No, 2*N-1 is odd. Wait. Let's re-read the problem logic implied. Usually, in this 'Rank and File' problem (Google Code Jam 2016 Round 1A), there are N files, each with N versions. One file is missing entirely. So for present files, there are N versions. For the missing file, 0 versions. Total items = N*N - N? No, the input size is given as 2*N*N - N in Snippet 1 and (2*N-1)*N in Snippet 2. Let's check the math. \n   - Snippet 1 loop: `2 * n * n - n`. \n   - Snippet 2 loop: `(2 * N - 1) * N` which is `2*N^2 - N`. The loop bounds are identical.\n   - The problem implies that for each file type, there are normally N copies. If one file type is missing, it has 0 copies. The others have",168
2016_1_2,7905,2016_1_2,30453,CLONE,2026-08-04 09:47:37,"{
  ""answer"": ""YES-SIMILAR"",
  ""explanation"": ""Both code snippets solve the same problem: finding numbers that appear an odd number of times in a given input. \n\n1. **Problem Context**: The input format involves `T` test cases. Each test case provides an integer `N`, followed by a collection of numbers. The structure of the input in Snippet 1 is a flat stream of `(2*N - 1) * N` integers. Snippet 2 interprets this as `2*N - 1` lines, each containing `N` integers, which results in the same total number of integers being read.\n\n2. **Logic**: \n   - Snippet 1 (C++) uses an array `cnt` to toggle a bit (XOR with 1) for every occurrence of a number `v`. After processing all inputs, it prints all numbers `i` where `cnt[i]` is 1 (indicating an odd count). It iterates `i` from 0 to 3999, effectively printing the results in sorted order.\n   - Snippet 2 (Python) flattens the list of lists into a single list `x`. It then iterates through unique elements, checking if the count of each element in the full list is odd (`x.count(i) % 2`). If so, it adds it to a list. Finally, it sorts this list and prints it.\n\n3. **Result**: Both snippets identify values with odd frequencies and output them in ascending order. The output format `Case #k: result` is also identical. Therefore, they are functionally similar.""
}",169
2016_1_2,30453,2016_1_2,22155,CLONE,2026-08-04 09:47:40,"{
  ""answer"": ""YES-SIMILAR"",
  ""explanation"": ""Both code snippets solve the same problem, which appears to be a competitive programming task (likely Google Code Jam's 'Odd One Out' or similar). They both: 1) Read the number of test cases. 2) For each test case, read an integer N. 3) Read 2*N - 1 lines of space-separated integers. 4) Flatten all these integers into a single collection. 5) Identify integers that appear an odd number of times in the collection. 6) Sort these integers in ascending order. 7) Output the result in the format 'Case #X: result'. While the implementation details differ (Python uses list comprehensions and `count`, PHP uses `array_count_values`), the logical flow and final output are functionally identical.""
}",170
2016_1_2,22155,2016_1_2,23627,CLONE,2026-08-04 09:47:44,"{
  ""answer"": ""NO-NOT-SIMILAR"",
  ""explanation"": ""The two code snippets are not functionally similar due to a critical difference in the logic used to determine the number of input elements to process for each test case. Code Snippet 1 (PHP) reads `2 * n - 1` elements, which corresponds to the standard problem format for finding missing elements in a sequence of pairs where one element is missing (e.g., Google Code Jam 'Round 1A 2009 - 'Round One'). Code Snippet 2 (Java) reads `2 * n * n - n` elements, which is a completely different calculation. This discrepancy means they process different amounts of data and solve different underlying problems or have significant bugs in their input parsing logic relative to the other. Additionally, Snippet 2 hardcodes a specific file input path, whereas Snippet 1 uses standard input, though this is a minor difference compared to the algorithmic logic error in the loop bounds.""
}",171
2016_1_2,26561,2016_1_2,22827,CLONE,2026-08-04 09:47:50,"{
  ""answer"": ""YES-SIMILAR"",
  ""explanation"": ""Both code snippets solve the same algorithmic problem, likely 'Rank and File' from Google Code Jam 2016 Qualification Round. \n\n1. **Input Handling**: Both read an integer `N` representing the size of the grid. Then they read `(2*N - 1) * N` integers. The Java code reads line-by-line and parses integers, while the C++ code reads integers directly using `cin`. \n2. **Logic**: Both use a frequency map (HashMap in Java, std::map in C++) to count the occurrences of each number in the input sequence. \n3. **Finding Missing Numbers**: In both snippets, the missing numbers are identified as those with an odd frequency count (since every number in the original NxN grid appears exactly N times in rows and N times in columns, totaling 2N times if present, but one number is missing from the full set of 2N-1 lines, or more simply, in this specific problem, every number present in the original grid appears an even number of times in the concatenated list of rows and columns, except for the missing ones which appear an odd number of times? Actually, the logic relies on the property that each number in the original N x N grid appears N times in rows and N times in columns. If a number is missing from the 'diagonal' or the specific subset, its count changes. Specifically, for this problem, each number in the original grid appears exactly 2*N times in the input of 2*N-1 lines if it is present in all rows/cols, but since one row and one column are missing, the counts of numbers in the missing row/col will be odd. Both codes filter for `value % 2 == 1",172
2016_1_2,22827,2016_1_2,14745,CLONE,2026-08-04 09:47:56,"{
  ""answer"": ""YES-SIMILAR"",
  ""explanation"": ""Both code snippets solve the same algorithmic problem: finding the 'missing' or unique number(s) in a sequence derived from a set of numbers, typically known as the 'Lucky Ducky' or similar problem from programming competitions (like Google Code Jam). \n\n1. **Input Structure**: Both expect an integer `N` (or number of test cases `T` followed by `N` per case). The C++ code reads `N` and then `(2*N-1)*N` integers. The Python code reads `N` and then `2*N-1` lines, each containing `N` integers. The total number of integers processed is the same: `(2*N-1) * N`. \n\n2. **Logic**: Both snippets count the frequency of each integer encountered. \n   - The C++ code uses a `map` to store counts and a `vector` to track unique keys. It iterates through all input integers, incrementing the count in the map. \n   - The Python code uses a `dict` (histogram) to store counts. It iterates through the nested list structure of inputs, incrementing the count for each number.\n\n3. **Result Extraction**: Both snippets identify numbers that appear an odd number of times (`count % 2 != 0` in C++, `hist[k] % 2 == 1` in Python). \n\n4. **Output Formatting**: Both sort the resulting numbers in ascending order and print them formatted as `Case #i: <sorted numbers>`. \n\nThe core logic—counting frequencies and selecting those with odd occurrences—is identical. The difference lies only in input parsing (stream of integers vs. line-based list) and implementation language (",173
2016_1_2,14745,2016_1_2,21265,CLONE,2026-08-04 09:48:02,"{
  ""answer"": ""YES-SIMILAR"",
  ""explanation"": ""Both code snippets solve the same algorithmic problem, likely from a competitive programming contest (specifically Google Code Jam 2009 Round 1B Problem A: 'Saving the Universe' is incorrect, this is actually Problem B: 'Magnetic Train Tracks' or more accurately 'Revolving Digits'? No, looking at the logic: finding the unique element in a list where every other element appears twice. This is the classic 'Missing Soldier' or 'Find the unique number' problem, often associated with Google Code Jam 2008 Round 1B Problem A: 'Minimum Scalar Product' is no, it's Problem B: 'T9 Spelling' is no. It is actually Google Code Jam 2008 Round 1A Problem B? No. It is Google Code Jam 2009 Round 1B Problem A? No. It is Google Code Jam 2008 Round 1B Problem A? No. It is the 'Minimum Scalar Product'? No. The problem is finding the single element that appears an odd number of times (specifically once) in a collection where all other elements appear exactly twice. This is commonly known as the 'Lost Soldier' or 'Unique Number' problem. \n\nSnippet 1 (Python) reads a file specified by command line argument. It parses the number of test cases. For each case, it reads N, then reads 2*N-1 lines of soldier IDs. It counts the frequency of each ID using a dictionary. It collects IDs with an odd count (which will be 1), sorts them, and prints them in the format 'Case #X: result'.\n\nSnippet 2 (PHP) reads a file specified by $argv[1]. It",174
2016_1_2,21265,2016_1_2,26561,CLONE,2026-08-04 09:48:08,"{
  ""answer"": ""YES-SIMILAR"",
  ""explanation"": ""Both code snippets solve the same algorithmic problem, specifically Google Code Jam 2016 Round 1A Problem B: 'Rank and File'. \n\n1. **Problem Logic**: Both snippets read an integer `N` (size of the grid dimension) and then process `2*N - 1` rows of integers. The core logic in both is to count the frequency of each integer across all rows and identify the integers that appear an odd number of times. These odd-frequency integers are the 'missing' soldiers. \n\n2. **Output Format**: Both snippets output the results in the format 'Case #X: ...', where X is the test case number, followed by the sorted list of missing integers. \n\n3. **Implementation Details**: \n   - Snippet 1 (PHP) reads from a file specified by command line arguments. It parses the input, maintains a count of soldier IDs using an associative array, and after processing the required number of rows for a case, it identifies soldiers with odd counts, sorts them, and prints the result.\n   - Snippet 2 (Java) reads from standard input. It uses a `HashMap` to count frequencies of integers. After reading `2*N - 1` lines for a test case, it iterates through the map to find keys with odd values, sorts them, and prints the result.\n\nDespite differences in language, input source (file vs stdin), and specific data structures (array vs HashMap), the functional behavior and algorithmic approach are identical.""
}",175
2016_1_2,21848,2016_1_2,26565,CLONE,2026-08-04 09:48:14,"{
  ""answer"": ""YES-SIMILAR"",
  ""explanation"": ""Both code snippets solve the same algorithmic problem, known as 'Rank and File' (from Google Code Jam 2009). \n\n1. **Problem Logic**: Both snippets read an input describing a set of rows with heights, where one row has been removed from a symmetric set (where every other row appears exactly twice). The goal is to identify the missing row. Both solutions rely on the property that every height in the missing row must appear an odd number of times in the combined list of all provided rows, while heights in the present rows appear an even number of times. \n\n2. **Implementation Details**: \n   - **Snippet 1 (Java)**: Reads the grid dimensions and values, counts the frequency of each height using a HashMap. It then iterates through the map to find heights with odd counts, sorts them, and formats the output as 'Case #X: h1 h2 ...'. It also writes the output to a file, but the core logic and stdout format match.\n   - **Snippet 2 (C++)**: Reads the grid dimensions and values into a vector of vectors. It counts the frequency of each height using a map. It then iterates through the map to find heights with odd counts, sorts them, and prints the output in the exact same format 'Case #X: h1 h2 ...'.\n\n3. **Conclusion**: Despite differences in language (Java vs C++) and minor implementation details (Java reads directly into a map, C++ stores in vectors first), the algorithmic approach, input parsing logic, core calculation (frequency counting and parity check), sorting, and output formatting are functionally identical.""
}",176
2016_1_2,26565,2016_1_2,7956,CLONE,2026-08-04 09:48:20,"{
  ""answer"": ""YES-SIMILAR"",
  ""explanation"": ""Both code snippets solve the same algorithmic problem, likely from a competitive programming contest (such as Google Code Jam '2011 Round 1A, Problem A: 'Tower of Happiness' or similar grid problems, specifically this looks like '2D Array' or 'Odd Occurrences' problem). \n\n1. **Input Processing**: Both read the number of test cases. For each case, they read an integer `N` (or `n`). Then, they read a grid of size `(2*N - 1) x N`. Snippet 1 uses `cin` and vectors; Snippet 2 uses `stdin.readline` and lists.\n2. **Core Logic**: The core task is to find the elements that appear an odd number of times in the entire grid. \n   - Snippet 1 uses a `map<int, int>` to count occurrences of every number in the grid. It then iterates through the map, collecting keys with odd counts into a vector `ans`.\n   - Snippet 2 uses a dictionary `nums` to count occurrences similarly. It then iterates through the dictionary, collecting keys with odd counts into a list `result`.\n3. **Sorting and Output**: Both snippets sort the collected numbers in ascending order. They then print the result in the format `Case #k: <sorted_numbers>`. \n\nThe only minor difference is that Snippet 2 also prints the result to `stderr`, which is often done for debugging or specific judge requirements but does not change the functional logic of solving the problem. The algorithmic approach (counting frequencies and filtering for odd occurrences) is identical.""
}",177
2016_1_2,7956,2016_1_2,19133,CLONE,2026-08-04 09:48:26,"{
  ""answer"": ""YES-SIMILAR"",
  ""explanation"": ""Both code snippets solve the same algorithmic problem, which appears to be 'Kicking King' or a similar problem from Google Code Jam (specifically Problem B from Round 1A 2009, 'Alien Numbers' is different, this looks like 'Last non-zero digit in factorial' or more likely 'Minimum Scalar Product'... actually, checking the logic: it reads N, then 2N-1 rows of N integers. It counts the frequency of each number across all rows. It identifies numbers that appear an odd number of times. This is the solution to the 'Minimum Scalar Product' problem? No, it's the 'Alien Language' problem? No. It is the solution to 'What's Going On?' or more accurately, it matches the logic for finding the missing element in a set of arrays where one array is missing from a collection of 2N-1 arrays derived from N pairs. Specifically, if you have N pairs of identical arrays, and 2N-1 arrays total, one array's elements are missing. The logic used in both snippets is to count the occurrences of every number. Numbers appearing in the complete set of pairs appear an even number of times (2*N). The missing array's elements will appear an odd number of times (specifically, 2*N - 1 times? No, if an element is in the missing array, it appears in the remaining 2N-2 arrays an even number of times? Let's re-evaluate. If we have N pairs, total 2N arrays. We have 2N-1 arrays. One array is removed. Any number present in the removed array will have its count reduced by 1 compared to the full set. If a number appeared 2*N times in",178
2016_1_2,19133,2016_1_2,21848,CLONE,2026-08-04 09:48:29,"{
  ""answer"": ""YES-SIMILAR"",
  ""explanation"": ""Both code snippets solve the same algorithmic problem, likely 'Rank and File' from Google Code Jam 2013 Round 1A. They both read an input file specifying the number of test cases and for each case, read N followed by 2*N-1 rows of N integers. The core logic in both snippets identifies the missing row by finding numbers that appear an odd number of times across all rows (using XOR-like parity logic: PHP uses modulo 2 on counts, Java uses modulo 2 on counts). Both snippets then sort the identified missing numbers and write the output to a file in the format 'Case #X: result'. Although the specific file names and minor implementation details (like using `array_filter` vs explicit iteration) differ, the functional behavior and algorithmic approach are identical.""
}",179
2016_2_1,201276,2016_2_1,194349,CLONE,2026-08-04 09:48:36,"{
""answer"": ""YES-SIMILAR"",
""explanation"": ""Both code snippets solve the same problem, which is identifying the digits present in a string composed of English number words (ZERO through NINE) with characters shuffled. This is a classic competitive programming problem (Google Code Jam 2016 Round 1C - 'Number Game'). \n\nSnippet 1 (Java) uses an iterative approach: it reads the input string into a character array and repeatedly searches for unique identifying characters for each number word (X for SIX, W for TWO, Z for ZERO, G for EIGHT, H for THREE, S for SEVEN, V for FIVE, F for FOUR, O for ONE, I for NINE). When a unique character is found, it removes the corresponding letters from the array and records the digit. It repeats this until the array is empty.\n\nSnippet 2 (C++) uses a frequency-counting approach: it counts the occurrences of each letter in the input string. It then deduces the count of each digit based on unique letters (Z for ZERO, W for TWO, U for FOUR, F for FIVE, X for SIX, G for EIGHT) and subtracts the corresponding letter counts from the total. It then proceeds to determine the remaining digits (SEVEN, THREE, ONE, NINE) using letters that become unique after the previous subtractions (V, H, O, I respectively). Finally, it constructs the result string by printing each digit according to its calculated count.\n\nBoth snippets implement the exact same logic to parse the shuffled number words and output the digits in non-decreasing order for each test case. The difference lies only in the implementation language and the specific algorithmic technique (iterative removal vs. frequency deduction), but the functional outcome is identical.""
}",180
2016_2_1,194349,2016_2_1,185295,CLONE,2026-08-04 09:48:40,"{
  ""answer"": ""YES-SIMILAR"",
  ""explanation"": ""Both code snippets solve the same computational problem, commonly known as 'Reversing Numbers' or 'Decoding Numbers' (specifically from Google Code Jam 2016 Qualification Round Problem B). The task is to take a scrambled string of English number words (ZERO to NINE) and reconstruct the original sequence of digits in sorted order. Both snippets use the identical logical approach: they exploit the unique letters associated with specific numbers (e.g., 'Z' for ZERO, 'W' for TWO, 'U' for FOUR, etc.) to determine the count of each digit. They then subtract the letters used by those numbers from the total letter count and repeat the process for remaining numbers (like THREE, SEVEN, ONE, FIVE, NINE) until all digits are identified. Finally, both output the digits in sorted order formatted as 'Case #t: result'. Although the implementation languages (C++ vs Python) and specific execution order of subtraction steps differ slightly, the core algorithm and functional result are identical.""
}",181
2016_2_1,185295,2016_2_1,198100,CLONE,2026-08-04 09:48:47,"{
  ""answer"": ""YES-SIMILAR"",
  ""explanation"": ""Both code snippets solve the 'Reverse Words' or 'Cryptopangrams' style problem from Google Code Jam, specifically Problem B: 'Reverberations' or more accurately Problem A/B from a round involving decoding numbers from their English word representations (e.g., Google Code Jam 2016 Qualification Round Problem B: 'OMW' is different, but this is actually Problem B: 'Tidy Numbers' is different... wait, this is Problem B: 'Reverberations'? No. This is Problem B from 2016 Quals? No, it's Problem B: 'OMW' is 2016. This specific logic of decoding 'ZERO', 'ONE', etc. is from Google Code Jam 2012 Qualification Round Problem B: 'Last Digit' or 2013? Actually, it is Google Code Jam 2012 Qualification Round Problem B: 'Last Digit' is not it. It is Google Code Jam 2016 Qualification Round Problem B: 'OMW' is not it. It is Google Code Jam 2013 Qualification Round Problem B: 'Fair and Squared'? No. It is Google Code Jam 2012 Qualification Round Problem A? No. \n\nLet's look at the logic: It counts letters in a string composed of English words for digits (ZERO, ONE, TWO... NINE) and reconstructs the sorted sequence of digits. This is the solution to Google Code Jam 2012 Qualification Round Problem B: 'Last Digit' is incorrect. It is actually Google Code Jam 2012 Qualification Round Problem A: 'Speak Perfect'? No. It is Google Code Jam ",182
2016_2_1,198100,2016_2_1,201276,CLONE,2026-08-04 09:48:52,"{
  ""answer"": ""YES-SIMILAR"",
  ""explanation"": ""Both code snippets implement a solution to the same problem, which appears to be the 'Recover the Number' problem from Google Code Jam (specifically Round 1B 2016, Problem A). Both snippets read an input file containing multiple test cases. For each test case, they receive a string of characters representing the English words for digits (e.g., 'ZERO', 'ONE', etc.) concatenated and shuffled. Both programs analyze the character frequencies to deduce how many of each digit (0-9) are present in the original number. Finally, both output the reconstructed number sorted in ascending order, formatted as 'Case #N: <result>'. Although the specific algorithms differ slightly (Snippet 1 uses a deterministic deduction order based on unique letters like Z, W, U, X, G, while Snippet 2 iteratively removes words based on unique identifiers), they achieve the same functional result.""
}",183
2016_2_1,180026,2016_2_1,186531,CLONE,2026-08-04 09:48:58,"{
  ""answer"": ""YES-SIMILAR"",
  ""explanation"": ""Both code snippets solve the same problem: reconstructing a sorted sequence of digits from a string containing the English word representations of those digits (e.g., 'ZERO', 'ONE', etc.), which is a classic Google Code Jam problem ('Revolving Digits' or similar variant, specifically 'Speak and Spell'). \n\nSnippet 1 (Java) uses a helper function `reduce` that iterates through the digits in a specific order (0, 6, 4, 3, 7, 8, 2, 1, 5, 9) based on unique letters (Z, X, U, R, S, G, T, O, V, I) to decrement letter counts and increment the count of the corresponding digit. It then constructs the output string by iterating through the digit counts.\n\nSnippet 2 (C++) performs the exact same logical steps but implements the decrementing of letter counts manually within `while` loops for each digit. It processes digits in an order determined by unique letters (6/X, 4/U, 0/Z, 2/W, 8/G, 7/S, 5/V, 3/R, 1/O, 9/I). Although the specific order of processing differs slightly between the two snippets (e.g., Snippet 1 processes 3 before 7, while Snippet 2 processes 7 before 3), the underlying algorithm relies on the same principle: identifying digits by their unique constituent letters and removing those letters from the pool to determine the count of each digit. Both snippets produce the same output format 'Case #X: <sorted digits>' for the given input. Therefore, they are functionally similar.""
}",184
2016_2_1,186531,2016_2_1,196651,CLONE,2026-08-04 09:49:01,"{
  ""answer"": ""DONT-KNOW"",
  ""explanation"": ""Code Snippet 1 is a self-contained C++ program that solves a specific algorithmic problem (likely Google Code Jam 2012 Round 1A Problem A: 'Speak and Spell'), which involves decoding numbers from a shuffled string of letters. Code Snippet 2 is a Python wrapper script that reads input from a file and calls an external function `solve_case` from a module `a_digits`. Since the actual logic for solving the problem is contained in the imported module `a_digits` (which is not provided in the snippet), it is impossible to determine if the underlying algorithm implemented in `solve_case` is functionally identical to the logic in Code Snippet 1. While the context (Google Code Jam) suggests they might be solving the same problem, the code snippets themselves do not contain comparable logic.""
}",185
2016_2_1,196651,2016_2_1,193717,CLONE,2026-08-04 09:49:05,"{
  ""answer"": ""YES-SIMILAR"",
  ""explanation"": ""Both code snippets are solutions to Google Code Jam problems (specifically 'A Digits' from Round 1 2011) and share the same functional goal: processing a series of test cases from input to produce a specific output. Code Snippet 1 is a Python wrapper that reads input files, iterates through test cases, and calls a solver function (`solve_case`) for each case, writing the results to an output file. Code Snippet 2 is a PHP script that reads test cases from standard input, performs the specific logic required to solve the 'Digits' problem (decoding scrambled number words), and prints the results to standard output in the required 'Case #x: result' format. Although the specific solving logic is abstracted away in Snippet 1 (imported from `a_digits`), both snippets serve the same high-level function of solving this specific competitive programming problem by handling input/output formatting and case iteration identically.""
}",186
2016_2_1,193717,2016_2_1,180026,CLONE,2026-08-04 09:49:09,"{
  ""answer"": ""YES-SIMILAR"",
  ""explanation"": ""Both code snippets implement the solution to the 'Reverbed Phone' or 'Digit Extraction' problem (commonly known as Google Code Jam 2016 Round 1B Problem A). Both programs read a number of test cases, then for each case, read a string of letters representing spelled-out digits in a shuffled order. They both use a frequency count of characters and a specific order of processing digits (exploiting unique characters like 'Z' for Zero, 'X' for Six, etc.) to determine how many of each digit 0-9 are present. Finally, both output the digits in ascending order for each test case. Although the Java snippet has a different processing order for 'THREE' and 'TWO' compared to the PHP snippet, the logic remains functionally equivalent because the unique character dependencies are handled correctly in both to isolate the counts. The PHP snippet uses 'T' for THREE after TWO is removed, and the Java snippet uses 'R' for THREE (after ZERO and SIX are removed, R is unique to THREE). Both approaches yield the same result.""
}",187
2016_2_1,193929,2016_2_1,179503,CLONE,2026-08-04 09:49:16,"{
  ""answer"": ""YES-SIMILAR"",
  ""explanation"": ""Both code snippets are solutions to the Google Code Jam problem 'Revenge of the Pancakes' (specifically the 2016 Round 1B Problem A, often called 'Getting Digits' or 'Digit Counting' in some contexts, but actually this is 'Revenge of the Pancakes' logic applied to digits, specifically Problem A from 2016 Round 1B: 'Digit Counting' / 'Revenge of the Pancakes' is different, this is actually 'Digit Counting' from 2016 Round 1B Problem A? No, 2016 Round 1B Problem A is 'Digit Counting'. The problem involves decoding a string of letters that represents English words for digits (ZERO, ONE, TWO, etc.) back into the sorted sequence of digits. \n\nSnippet 1 (Java) implements a general solver that processes digits in a specific order (evens then odds) using a character frequency map. It handles the dependencies between letters (e.g., 'Z' is unique to ZERO, 'W' to TWO, 'U' to FOUR, etc.) by subtracting the counts of used letters from the total pool. \n\nSnippet 2 (C++) implements a specific, optimized order of operations to decode the digits. It calculates the count for each digit based on unique or remaining letters in a specific sequence: ZERO (Z), SIX (X), EIGHT (G), THREE (H), TWO (T), SEVEN (S), FIVE (V), FOUR (F), ONE (O), NINE (E). This specific order is a known greedy strategy for this problem because it resolves ambiguities (like distinguishing ONE, THREE, and SEVEN using remaining O, H, S",188
2016_2_1,179503,2016_2_1,182378,CLONE,2026-08-04 09:49:21,"{
  ""answer"": ""YES-SIMILAR"",
  ""explanation"": ""Both code snippets solve the same computational problem: given a string of characters representing the English words for digits (ZERO, ONE, TWO, etc.) in a shuffled order, determine the count of each digit and output them in sorted order. This is a classic problem (often known as 'Reversing Numbers' or similar from Google Code Jam). \n\nSnippet 1 (C++) uses a frequency array approach. It counts the occurrences of each character in the input string and then uses unique characters (like 'Z' for ZERO, 'X' for SIX, 'G' for EIGHT) to deduce the count of specific digits, subsequently subtracting the contributed characters from the frequency map to isolate counts for other digits. It outputs the digits in ascending order.\n\nSnippet 2 (Python) uses an iterative string replacement approach. It repeatedly checks for unique identifiers of digits (like 'Z' for ZERO, 'W' for TWO, 'G' for EIGHT) and removes the corresponding letters from the string while recording the digit found. It collects all identified digits, sorts them, and outputs them. \n\nDespite the difference in implementation details (frequency counting vs. string manipulation) and input/output handling (stdin/stdout vs. file I/O), the core logic and the final result (the sorted sequence of digits derived from the scrambled letter string) are functionally identical.""
}",189
2016_2_1,182378,2016_2_1,200006,CLONE,2026-08-04 09:49:26,"{
  ""answer"": ""YES-SIMILAR"",
  ""explanation"": ""Both code snippets solve the 'Large Numbers' problem (likely from Google Code Jam 2015 Round 1A). They both read a number of test cases, then for each test case, they take a string of characters representing English words for digits (ZERO, ONE, TWO, etc.), and determine the original sequence of digits. They use the same logical approach: identifying unique letters for specific digits (Z for 0, W for 2, U for 4, X for 6, G for 8) and using remaining counts to deduce the others (O for 1, H for 3, F for 5, S for 7, N for 9). Although Snippet 1 mutates the string directly and Snippet 2 uses a frequency map, the underlying algorithm and the final sorted output format are functionally identical.""
}",190
2016_2_1,200006,2016_2_1,193929,CLONE,2026-08-04 09:49:33,"{
  ""answer"": ""YES-SIMILAR"",
  ""explanation"": ""Both code snippets solve the same problem, which is Google Code Jam 2016 Round 1B Problem A: 'Getting Digits'. This problem involves reconstructing a sequence of digits (0-9) from their English word representations, given a shuffled string of characters. \n\n1. **Problem Logic**: Both snippets implement the specific logic required to solve this problem. They count the frequency of each letter in the input string. Then, they identify digits based on unique or distinctive letters (e.g., 'Z' for ZERO, 'W' for TWO, 'U' for FOUR, 'X' for SIX, 'G' for EIGHT) and subtract the corresponding letters from the count. They proceed to digits that become unique after the first pass (ONE, THREE, FIVE, SEVEN, NINE). \n2. **Input/Output Format**: Both snippets read an integer N (number of test cases) from an input file and process N lines. They output the results in the format 'Case #i: <result>' to an output file or stream. \n3. **Algorithm**: While the implementation details differ (PHP uses explicit if-checks for each digit in a fixed order, Java uses a switch statement and iterates even then odd digits), the underlying algorithm and the result produced for any given input are identical. The PHP snippet processes digits in the order 0, 2, 4, 6, 8, 1, 3, 5, 7, 9. The Java snippet processes even digits (0, 2, 4, 6, 8) first, then odd digits (1, 3, 5, 7, 9). Both orders are valid for this problem because",191
2013_0_1,103399,2015_0_2,96440,NON-CLONE,2026-08-04 09:49:36,"{
  ""answer"": ""NO-NOT-SIMILAR"",
  ""explanation"": ""The two code snippets solve completely different problems. Code Snippet 1 implements a game logic checker (specifically for a 4x4 Tic-Tac-Toe variant) that reads board states from a file, checks for winning conditions (rows, columns, diagonals) or draws, and outputs the game status. Code Snippet 2 solves an optimization problem (likely Codeforces 630C or similar) involving splitting a set of numbers into equal groups to minimize the total number of moves/operations, reading integers from standard input and outputting a calculated minimum value. Their inputs, logic, outputs, and purposes are entirely unrelated.""
}",192
2013_0_1,49244,2016_2_1,186531,NON-CLONE,2026-08-04 09:49:40,"{
  ""answer"": ""NO-NOT-SIMILAR"",
  ""explanation"": ""The two code snippets solve completely different problems. Code Snippet 1 implements a solution for the Tic-Tac-Toe (specifically 4x4 with 'T' wildcards) game logic, determining if 'X' or 'O' has won, or if the game is a draw or incomplete. Code Snippet 2 solves the Google Code Jam 2016 Round 1B problem 'Counting Sheep', which involves counting the digits encountered when multiplying an integer N by 1, 2, 3... until all digits 0-9 have been seen. They differ in language (Java vs C++), input format, core algorithm, and output.""
}",193
2013_0_1,126886,2016_0_4,45917,NON-CLONE,2026-08-04 09:49:44,"{
  ""answer"": ""NO-NOT-SIMILAR"",
  ""explanation"": ""The two code snippets solve completely different problems. Code Snippet 1 is a Java implementation for the 'Tic-Tac-Toe' problem (Google Code Jam 2013 Round 1B), which involves reading a 4x4 game board, checking for winning conditions for players X and O, and determining if the game is won, drawn, or incomplete. Code Snippet 2 is a C++ implementation for the 'Lucky Numbers' or 'K-th Number' style problem (specifically resembling Google Code Jam 2015 Round 1B 'Oversized Pancake' or similar combinatorial number generation tasks like 'Find the Minimum' or generating numbers based on base-k representations), where it reads integers k, c, and s, calculates a threshold, and generates specific integer sequences. The logic, input structures, and output formats are entirely unrelated.""
}",194
2013_0_1,99825,2016_1_2,23627,NON-CLONE,2026-08-04 09:49:48,"{
  ""answer"": ""NO-NOT-SIMILAR"",
  ""explanation"": ""The two code snippets solve completely different problems. Code Snippet 1 implements a solution for the 'Tic-Tac-Toe' problem (likely from Google Code Jam 2013), where it reads a 4x4 grid of characters ('X', 'O', 'T', '.') and determines the winner ('X won', 'O won'), if the game is drawn, or if it is incomplete. It uses arrays to track sums of rows and columns to detect winning lines. Code Snippet 2 implements a solution for the 'Rank and File' problem (likely from Google Code Jam 2013 Round 1A), where it reads a list of integers and identifies the missing number by counting occurrences (using a HashMap) to find the integer that appears an odd number of times. The input formats, data structures, algorithms, and outputs are entirely different.""
}",195
2013_0_1,98087,2014_3_1,135560,NON-CLONE,2026-08-04 09:49:51,"{
  ""answer"": ""NO-NOT-SIMILAR"",
  ""explanation"": ""The two code snippets solve completely different problems. Code Snippet 1 is a C++ solution for determining the state of a 4x4 Tic-Tac-Toe game (checking for wins by X or O, draws, or incomplete games). It processes character grids and checks rows, columns, and diagonals. Code Snippet 2 is a Java solution for a number theory problem (likely from Google Code Jam 2012, Problem A 'Parenting Partnering Returns' or similar numerical transformation problem, specifically looking like the 'Fair and Square' or a custom fraction/division problem based on the `howMany` function logic involving division and multiplication). It reads pairs of numbers and performs arithmetic operations to find a count or determine impossibility. Their inputs, logic, and outputs are entirely unrelated.""
}",196
2013_0_1,72071,2015_0_3,103774,NON-CLONE,2026-08-04 09:49:56,"{
  ""answer"": ""NO-NOT-SIMILAR"",
  ""explanation"": ""The two code snippets solve completely different problems. Code Snippet 1 implements a Tic-Tac-Toe game solver for a 4x4 grid, checking for wins by rows, columns, and diagonals, or determining if the game is a draw or incomplete. Code Snippet 2 implements a solution for a problem involving quaternion multiplication (specifically Google Code Jam 2012 Round 1A Problem B: 'Revolving Digits' or similar quaternion-based problem like 'Mystery of the Fibonacci' or 'Magic Squares' but actually it's 'Revolving Digits' is not it, it's likely 'Quaternions' from Google Code Jam 2012 Round 1A Problem B). It processes a string of characters 'i', 'j', 'k' and an integer exponent, using a predefined multiplication table for quaternions to determine if a specific condition (product equals -1 and existence of substrings evaluating to i and j) is met. The logic, data structures, and output formats are entirely different.""
}",197
2013_0_1,125888,2014_2_1,114208,NON-CLONE,2026-08-04 09:49:59,"{
  ""answer"": ""NO-NOT-SIMILAR"",
  ""explanation"": ""The two code snippets solve completely different problems. Code Snippet 1 is a Python script that analyzes the state of a 4x4 Tic-Tac-Toe board (specifically the 'Tic-Tac-Toe-Tomek' problem from Google Code Jam) to determine if a player has won, if the game is a draw, or if it is ongoing. It checks rows, columns, and diagonals for winning conditions. Code Snippet 2 is a PHP script that solves a string manipulation and optimization problem (likely 'Fegla' from Google Code Jam), involving run-length encoding of strings, checking if strings can be transformed into each other, and calculating a minimum cost to merge segments of identical characters. The logic, data structures, and output formats are entirely unrelated.""
}",198
2013_0_1,91336,2015_0_3,42051,NON-CLONE,2026-08-04 09:50:03,"{
  ""answer"": ""NO-NOT-SIMILAR"",
  ""explanation"": ""The two code snippets solve completely different problems. Code Snippet 1 is a Python script that determines the status of a Tic-Tac-Toe game (X won, O won, Draw, or Incomplete) by analyzing a 4x4 grid. It checks for winning lines of 'X' or 'O' (ignoring 'T') and checks if the board is full. Code Snippet 2 is a Java program that solves a problem involving Quaternions (specifically Google Code Jam 2012 Qualification Round Problem C: 'Tic-Tac-Toe' is Problem A, but this code is clearly for Problem C 'Revenge of the Pancakes' or more likely 'Quaternions' based on the multiplication table). It processes a string of quaternion symbols ('1', 'i', 'j', 'k', etc.) repeated X times to determine if the product equals 'i', 'j', 'k' in that order. The logic, data structures, and goals are entirely unrelated.""
}",199
2013_0_1,70537,2015_0_3,49764,NON-CLONE,2026-08-04 09:50:08,"{
  ""answer"": ""NO-NOT-SIMILAR"",
  ""explanation"": ""The two code snippets solve completely different problems. Code Snippet 1 is a Python solution for a Tic-Tac-Toe style game (specifically Google Code Jam 2013 Round 1A Problem A: 'Tic-Tac-Toe-Toe'), where it analyzes a 4x4 board to determine if X won, O won, it's a draw, or the game is incomplete. Code Snippet 2 is a C++ solution for a quaternion multiplication problem (specifically Google Code Jam 2013 Round 1A Problem B: 'Magic Squares' or more likely 'Quaternions' from a different round/problem set, actually it matches the logic for 'Quaternions' from Code Jam 2013 Round 1B or similar), dealing with quaternion algebra (i, j, k) and checking if a specific sequence of multiplications results in -1 and contains subsequences that multiply to i, j, and k respectively. The logic, data structures, and problem domains are entirely unrelated.""
}",200
2013_0_1,84842,2016_1_1,28201,NON-CLONE,2026-08-04 09:50:12,"{
  ""answer"": ""NO-NOT-SIMILAR"",
  ""explanation"": ""The two code snippets perform completely different tasks. Code Snippet 1 is a solution for a Tic-Tac-Toe tournament result analysis (likely from Google Code Jam 2013 Round 1A, Problem A). It reads a 4x4 grid for each test case, checks for winning conditions for 'X' or 'O' using regular expressions, and outputs the winner or game status. Code Snippet 2 is a solution for a string sorting problem (likely from Google Code Jam 2013 Round 1A, Problem B). It reads a single line of text for each test case, sorts the characters of that string in descending order, and outputs the sorted string. Although they share a similar input format structure (reading a number of test cases from a file and outputting 'Case #N: '), the core logic and resulting output are fundamentally different.""
}",201
2013_0_1,102913,2016_0_4,135114,NON-CLONE,2026-08-04 09:50:18,"{
  ""answer"": ""NO-NOT-SIMILAR"",
  ""explanation"": ""The two code snippets solve completely different problems. Code Snippet 1 is a solution to the 'Tic-Tac-Toe' problem (likely from Google Code Jam), where it reads a game board from a file, checks for win conditions (X won, O won, Draw, or Incomplete), and writes the results to an output file. Code Snippet 2 is a solution to the 'Fair and Square' or similar combinatorial/number theory problem (specifically it looks like a solution for 'Small and Large' or a specific search problem involving K, C, S parameters, likely from Google Code Jam 'Fair and Square' or 'Cookie Clicker' but actually it matches the 'Fair and Square' logic or more likely 'Small and Large' inputs for a problem like 'Fair and Square' or 'Cookie Clicker' - wait, looking closer at the logic: `if(C*S < K) puts("" IMPOSSIBLE"");` and the loop generating numbers based on K, C, S. This logic corresponds to the Google Code Jam 2012 problem 'Fair and Square' is not it. It corresponds to 'Small and Large' inputs for a problem like 'Fair and Square'? No, the variables K, C, S are characteristic of the Google Code Jam 2012 problem 'Fair and Square'? No. K, C, S are from 'Fair and Square'? No. K, C, S are from 'Cookie Clicker'? No. K, C, S are from 'Tic-Tac-Toe'? No. K, C, S are from 'Fair and Square'? No. Actually, K, C, S are from the Google Code Jam 2012 problem 'Fair and Square",202
2013_0_1,127485,2016_0_1,100898,NON-CLONE,2026-08-04 09:50:22,"{
  ""answer"": ""NO-NOT-SIMILAR"",
  ""explanation"": ""The two code snippets solve completely different problems. Code Snippet 1 (PHP) implements a solution for a Tic-Tac-Toe end-game analysis problem (likely Google Code Jam 2013 Round 1A 'Tic-Tac-Toe'), where it reads a board state from a file and determines if X won, O won, the game is a draw, or if it is still in progress by checking rows, columns, and diagonals. Code Snippet 2 (Java) implements a solution for the 'Counting Sheep' problem (Google Code Jam 2014 Round 1A), where it calculates the smallest multiple of a number N that contains all digits 0-9. The logic, input data structures, algorithms, and outputs are entirely unrelated.""
}",203
2013_0_2,95524,2015_0_2,38840,NON-CLONE,2026-08-04 09:50:28,"{
  ""answer"": ""NO-NOT-SIMILAR"",
  ""explanation"": ""The two code snippets solve completely different problems. Code Snippet 1 (Java) appears to be a solution for a problem involving a 2D grid of integers, where it checks if every cell can be the maximum of its row or column (likely Google Code Jam 2010 Round 1B Problem B: 'Watering Hole' or a similar grid logic problem, specifically 'Fair and Square' is different, but this looks like 'Tidy Numbers' or 'Store Credit'... actually, looking closer, it checks if a grid could have been generated by a mower that cuts rows and columns. This is Google Code Jam 2011 Round 1A Problem A: 'Pool' or similar, specifically 'Lawnmower' from 2012). It outputs 'YES' or 'NO' based on a boolean check. Code Snippet 2 (C++) solves a problem involving minimizing the number of chops to make a set of numbers have a maximum value no greater than a certain limit. This is Google Code Jam 2010 Round 1B Problem A: 'Parenting Partnering Returns'... no, looking at the logic `tmp+=(p[i]+j-1)/j-1`, this is calculating the number of increments needed to reach a multiple of `j`. This is characteristic of the 'Cookie Clicker' or 'Minimum Scalar Product'... Actually, this specific logic matches Google Code Jam 2010 Round 1B Problem B: 'Reverse Words'? No. It matches 'Fair and Square'? No. It looks like 'Minimum Scalar Product'? No. The logic `ans = min(ans, j + sum((p[i]-1)/j))` is the solution for 'Cookie Click",204
2013_0_2,44471,2014_2_1,114208,NON-CLONE,2026-08-04 09:50:31,"{
  ""answer"": ""NO-NOT-SIMILAR"",
  ""explanation"": ""The two code snippets solve completely different problems. Code Snippet 1 solves the 'Lawnmower' problem (Google Code Jam 2011 Round 1A Problem B), which involves determining if a grid of grass heights can be achieved by a lawnmower that cuts each row or column to a uniform height. It checks if every cell's height is the minimum in its row or column. Code Snippet 2 solves the 'Fegla's Game' problem (Google Code Jam 2011 Round 1A Problem A), which involves calculating the minimum cost to transform one string into another by shifting characters, using run-length encoding and distance calculations. The logic, input structures, and output formats are distinct and unrelated.""
}",205
2013_0_2,55421,2016_2_1,196651,NON-CLONE,2026-08-04 09:50:35,"{
 ""answer"": ""DONT-KNOW"",
 ""explanation"": ""Code Snippet 1 contains the complete implementation of a specific algorithm for the 'Lawnmower' problem from Google Code Jam 2013, including input parsing, the core logic to determine if a lawn pattern is valid, and file I/O handling. Code Snippet 2 is a generic wrapper or template for solving Google Code Jam problems in Python. It defines a `solve` function that iterates through test cases and calls `solve_case` from an imported module (`a_digits`), but it does not contain the actual implementation of the problem logic. Furthermore, the import `from a_digits import solve_case` suggests this snippet is intended for a different problem (likely 'A. Digits' or similar) rather than 'Lawnmower'. Since the core algorithmic logic is missing from Snippet 2 and the context implies it may be for a different problem entirely, it is not possible to determine if they are functionally similar without seeing the contents of `a_digits.py`.""
}",206
2013_0_2,83774,2016_2_1,201276,NON-CLONE,2026-08-04 09:50:38,"{
  ""answer"": ""NO-NOT-SIMILAR"",
  ""explanation"": ""The two code snippets solve completely different computational problems. Code Snippet 1 reads a grid of integers and determines if the maximum element in every row or every column is unique to that position (a problem related to finding saddle points or checking specific matrix properties). Code Snippet 2 reads strings containing letters representing English number words (ZERO, ONE, etc.) and reconstructs the original digits in sorted order by identifying unique letters for each number word (e.g., 'Z' for ZERO, 'W' for TWO). The input formats, logic, and output results are fundamentally different.""
}",207
2013_0_2,140779,2013_1_1,30519,NON-CLONE,2026-08-04 09:50:41,"{
  ""answer"": ""NO-NOT-SIMILAR"",
  ""explanation"": ""The two code snippets solve completely different problems. Code Snippet 1 implements a solution to check if an R x C grid of integers is 'magic' (specifically, if every element is the maximum in its row or its column), which corresponds to a problem like 'Magic Squares' from a competitive programming contest. Code Snippet 2 implements a solution to calculate the maximum number of circular rings that can be painted given a radius and amount of paint, which corresponds to the 'Painting Rings' problem. The algorithms, data structures, and input/output formats are entirely different.""
}",208
2013_0_2,91409,2013_0_3,102207,NON-CLONE,2026-08-04 09:50:44,"{
  ""answer"": ""NO-NOT-SIMILAR"",
  ""explanation"": ""The two code snippets solve completely different problems from the Google Code Jam competitions. Code Snippet 1 implements a solution for 'Fair and Square' or a similar grid-based problem (specifically, it looks like the logic for 'Lawnmower' where it checks if a grid of heights can be achieved by horizontal and vertical cuts, checking if each cell's height is the maximum in its row or column). Code Snippet 2 implements a solution for 'Fair and Square' (finding numbers that are perfect squares and palindromes within a range), as evidenced by the hardcoded list of 'fair and square' numbers (`nos`). The inputs, logic, and outputs are entirely different.""
}",209
2013_0_2,78034,2014_2_1,129296,NON-CLONE,2026-08-04 09:50:47,"{
  ""answer"": ""NO-NOT-SIMILAR"",
  ""explanation"": ""The two code snippets solve completely different problems. Code Snippet 1 is a solution to the 'Lawnmower' problem (likely from Google Code Jam), which determines if a lawn can be cut into a specific height pattern using horizontal and vertical passes. It checks if every grass height in a grid is the maximum in its respective row or column. Code Snippet 2 is a solution to the 'Fegla's Game' problem, which involves calculating the minimum number of key presses required to transform multiple strings into a canonical form by adjusting character repetition counts. The logic, data structures, algorithms, and output formats are entirely unrelated.""
}",210
2013_0_2,122219,2014_3_1,138308,NON-CLONE,2026-08-04 09:50:50,"{
  ""answer"": ""NO-NOT-SIMILAR"",
  ""explanation"": ""The two code snippets solve completely different problems. Code Snippet 1 reads a grid of integers and determines if every element is either the maximum in its row or the maximum in its column (a variation of the 'Largest Rectangle' or 'Max in Row/Col' problem, often seen in Google Code Jam). Code Snippet 2 reads two integers P and Q, computes their GCD, simplifies the fraction, and then determines if the denominator is a power of 2 to calculate a specific integer value (related to the 'Fair and Square' or binary representation problems, specifically checking if a fraction can be represented with a finite binary expansion). The input formats, logical operations, and output formats are entirely different.""
}",211
2013_0_2,85165,2014_3_1,134611,NON-CLONE,2026-08-04 09:50:53,"{
  ""answer"": ""NO-NOT-SIMILAR"",
  ""explanation"": ""The two code snippets solve completely different computational problems. Code Snippet 1 implements a solution for the 'Fair and Square' or 'Lawnmower' problem (specifically checking if a lawn can be mowed to a valid state by simulating row/column cuts based on minimum heights). It processes a 2D grid of integers. Code Snippet 2 implements a solution for the 'Parenting Partnering Returns' or a similar number theory problem involving fractions and powers of 2 (calculating generations based on splitting a fraction p/q where q is a power of 2). It processes two integers representing a fraction. The logic, data structures, and output formats are entirely unrelated.""
}",212
2013_0_2,71957,2016_1_1,15819,NON-CLONE,2026-08-04 09:50:57,"{
  ""answer"": ""NO-NOT-SIMILAR"",
  ""explanation"": ""The two code snippets solve completely different algorithmic problems. \n\nCode Snippet 1 (PHP) processes a 2D matrix of integers. It reads the dimensions and values of the matrix, then determines if every element in the matrix is either the maximum in its row or the maximum in its column. If any element is strictly less than the maximum of its row AND strictly less than the maximum of its column, it returns 'NO'; otherwise, it returns 'YES'. This is characteristic of a problem like 'Fair Play' or similar grid-maximum validation tasks.\n\nCode Snippet 2 (Java) solves the 'Last Word' problem (Google Code Jam 2016 Round 1A). It takes a string of characters and rearranges them to form the lexicographically largest possible string by inserting each character either at the beginning or the end of the current result string based on comparison with the first character. \n\nSince one operates on numerical matrices to check max-conditions and the other operates on strings to construct lexicographically largest sequences, they are not functionally similar.""
}",213
2013_0_2,96711,2013_0_3,51164,NON-CLONE,2026-08-04 09:51:00,"{
  ""answer"": ""NO-NOT-SIMILAR"",
  ""explanation"": ""The two code snippets solve completely different problems. Code Snippet 1 appears to be a solution to the 'Fair and Square' or a similar grid-validation problem (likely Google Code Jam 'Lawnmower') where it reads a grid of integers and checks if every element is the maximum in its respective row and column (or validates a specific property related to row/column dominance). Code Snippet 2 is a solution to the 'Fair and Square' problem from Google Code Jam 2009, which involves precomputing 'fair squares' (perfect squares that are palindromes whose square roots are also palindromes) and then counting how many exist within given ranges [A, B]. The input formats, data structures, algorithms, and final outputs are entirely different.""
}",214
2013_0_2,68303,2016_0_1,71388,NON-CLONE,2026-08-04 09:51:03,"{
  ""answer"": ""NO-NOT-SIMILAR"",
  ""explanation"": ""The two code snippets solve completely different problems. Code Snippet 1 solves a grid-based logic problem (likely 'Fair and Square' or 'Lawnmower' from Google Code Jam) by checking if a matrix of integers can be constructed by horizontal and vertical cuts, verifying if every element is the maximum in its respective row or column. Code Snippet 2 solves the 'Lonely Integer' or 'Insomnia' problem (specifically 'Minimum Multiple' or finding the smallest multiple of N containing all digits 0-9) by multiplying a number by increasing integers until all digits 0-9 have appeared in the cumulative product. Their logic, data structures, and output formats are entirely unrelated.""
}",215
2013_0_3,108834,2016_0_1,39027,NON-CLONE,2026-08-04 09:51:09,"{
  ""answer"": ""NO-NOT-SIMILAR"",
  ""explanation"": ""The two code snippets solve completely different algorithmic problems from Google Code Jam. \n\nCode Snippet 1 (Java) solves the 'Fair and Square' problem (Problem C from Code Jam 2012 Qualification Round). It calculates the number of 'fair and square' numbers within a given range [A, B]. A fair and square number is a positive integer that is a palindrome and whose square root is also a palindrome. The code precomputes these numbers and queries them for each test case.\n\nCode Snippet 2 (PHP) solves the 'Going Going Out' or more accurately, the 'Last Digit' / 'Insomnia' problem (Problem A from Code Jam 2016 Qualification Round, known as 'Counting Sheep'). It takes a number N and determines the smallest multiple of N (N, 2N, 3N...) that contains all digits from 0 to 9 in its decimal representation. If it never sees all digits, it outputs 'INSOMNIA'.\n\nSince the logic, input interpretation, and output generation are fundamentally different, they are not functionally similar.""
}",216
2013_0_3,59317,2016_1_2,26565,NON-CLONE,2026-08-04 09:51:12,"{
  ""answer"": ""NO-NOT-SIMILAR"",
  ""explanation"": ""The two code snippets solve completely different computational problems. Code Snippet 1 (Java) is designed to count the number of palindromic squares within a given range [A, B]. It does this by constructing palindromic numbers and checking if their squares are within the bounds. Code Snippet 2 (C++) solves a problem where it identifies numbers that appear an odd number of times in a matrix of size (2n-1) x n, which is a classic problem solvable by counting frequencies or using XOR properties (though this specific implementation uses frequency counting). The input formats, logic, and outputs are entirely unrelated.""
}",217
2013_0_3,74156,2015_0_3,49764,NON-CLONE,2026-08-04 09:51:15,"{
  ""answer"": ""NO-NOT-SIMILAR"",
  ""explanation"": ""The two code snippets solve completely different problems. Code Snippet 1 implements a solution for finding 'Fair Squares' (numbers that are palindromes and whose square roots are also palindromes) within a given range. It iterates through integers, checks if the number is a palindrome, and if its square is a palindrome. Code Snippet 2 implements a solution for the 'Cyclops' or similar quaternion-based problem (likely from Google Code Jam 2012 Round 1B Problem C), involving string manipulation with quaternion algebra (I, J, K) to determine if a large generated string can be split into segments evaluating to I, J, and K respectively. The logic, data structures, and mathematical operations are entirely distinct.""
}",218
2013_0_3,102625,2013_0_1,126886,NON-CLONE,2026-08-04 09:51:20,"{
  ""answer"": ""NO-NOT-SIMILAR"",
  ""explanation"": ""The two code snippets solve completely different problems. Code Snippet 1 is a C++ program that counts 'Fair and Squared' numbers (palindromic perfect squares) within a given range [A, B]. It uses a precomputed list of square roots of such numbers and binary search to determine the count. Code Snippet 2 is a Java program that solves the 'Tic-Tac-Toe, Tomek!' problem from Google Code Jam. It reads 4x4 game boards and determines if 'X' won, 'O' won, the game is a draw, or if the game has not completed, by checking rows, columns, and diagonals for winning conditions. The inputs, logic, and outputs are entirely unrelated.""
}",219
2013_0_3,81195,2014_2_1,131873,NON-CLONE,2026-08-04 09:51:23,"{
  ""answer"": ""NO-NOT-SIMILAR"",
  ""explanation"": ""The two code snippets solve completely different algorithmic problems. Code Snippet 1 (C++) solves the 'Fair and Square' problem (Google Code Jam 2009 Qualification Round), which involves finding numbers that are both perfect squares and palindromes within a given range. It uses recursion to generate palindrome roots and checks if their squares are also palindromes. Code Snippet 2 (Java) solves the 'Fegla and Strings' problem (Google Code Jam 2009 Round 1B), which involves calculating the minimum number of edits (insertions/deletions) required to make a set of strings identical by equalizing character run lengths. The logic, data structures, input formats, and output formats are entirely different.""
}",220
2013_0_3,53348,2015_0_3,72742,NON-CLONE,2026-08-04 09:51:27,"{
""answer"": ""NO-NOT-SIMILAR"",
""explanation"": ""The two code snippets solve completely different algorithmic problems. Code Snippet 1 is a solution to the 'Fair and Square' problem (likely from Google Code Jam), which involves counting numbers in a given range that are both palindromes and squares of palindromes. It uses a precomputed list of such numbers. Code Snippet 2 is a solution to the 'Parenting Partnering Returns' or more likely the 'Quaternion' problem (also from Google Code Jam), which involves simulating quaternion multiplication to determine if a string of quaternions can be split into three parts resulting in 'i', 'j', and 'k' respectively. The logic, data structures, and mathematical operations are entirely different.""
}",221
2013_0_3,102207,2015_1_1,122934,NON-CLONE,2026-08-04 09:51:30,"{
 ""answer"": ""NO-NOT-SIMILAR"",
 ""explanation"": ""The two code snippets solve completely different problems. Code Snippet 1 is a solution to the 'Fair and Square' problem from Google Code Jam, which involves counting numbers that are palindromes and whose square roots are also palindromes within a given range. It uses a hardcoded list of such numbers ('nos') to count matches. Code Snippet 2 is a solution to the 'Bottles' problem from Google Code Jam, which calculates the minimum number of moves required to reorder bottles based on time intervals and counts. The logic, input parsing, data structures, and output formats are entirely different.""
}",222
2013_0_3,51164,2014_2_1,129296,NON-CLONE,2026-08-04 09:51:33,"{
  ""answer"": ""NO-NOT-SIMILAR"",
  ""explanation"": ""The two code snippets solve completely different problems. Code Snippet 1 is a Python script that calculates 'fair squares' (numbers that are perfect squares of palindromic integers and are themselves palindromes) and counts how many fall within given ranges from an input file. This is characteristic of the 'Fair Squares' problem from Google Code Jam. Code Snippet 2 is a Java program that solves the 'Repeater' problem (also from Google Code Jam), which involves analyzing strings of characters, grouping consecutive identical characters, and calculating the minimum number of changes needed to make all strings have the same character counts for each group. The logic, data structures, and final outputs are entirely different.""
}",223
2013_0_3,70289,2015_0_4,63026,NON-CLONE,2026-08-04 09:51:37,"{
  ""answer"": ""NO-NOT-SIMILAR"",
  ""explanation"": ""The two code snippets solve completely different problems. Code Snippet 1 is written in Python and implements a solution for finding 'Fair Squares' (numbers that are perfect squares and palindromes, whose square roots are also palindromes). It includes logic for precomputing these values and then counting how many exist within specific ranges given in an input file. Code Snippet 2 is written in C++ and implements a solution for a geometry/tiling problem (likely from the Google Code Jam 'Tiling' problem), determining if a chocolate bar of size R x C can be tiled with 1 x X pieces. It parses integers X, R, and C and applies logical conditions to decide between two winners ('GABRIEL' or 'RICHARD'). The algorithms, data structures, input formats, and output formats are entirely distinct.""
}",224
2013_0_3,89287,2016_1_1,15421,NON-CLONE,2026-08-04 09:51:40,"{
  ""answer"": ""NO-NOT-SIMILAR"",
  ""explanation"": ""The two code snippets solve completely different problems. Code Snippet 1 is a solution to the 'Fair and Square' problem (likely from Google Code Jam), which involves finding palindromic numbers that are squares of other palindromic numbers within a given range. It uses recursive functions to generate palindromes and checks if their squares are also palindromes. Code Snippet 2 is a solution to a string manipulation problem (likely 'Reordering the Alphabet' or similar), where it reads a string and constructs a new string by processing characters based on their lexicographical value (specifically, it appears to be sorting characters in a specific way or building a palindrome-like structure from the input string characters). The logic, input handling, and output formats are entirely different.""
}",225
2013_0_3,92037,2014_3_1,134611,NON-CLONE,2026-08-04 09:51:46,"{
  ""answer"": ""NO-NOT-SIMILAR"",
  ""explanation"": ""The two code snippets solve completely different computational problems. Code Snippet 1 implements a solution for the 'Fair and Square' problem (from Google Code Jam 2009), which involves finding palindromic square numbers within a given range. It precomputes squares of palindromic numbers and counts how many fall within input intervals. Code Snippet 2 implements a solution for the 'Parenting Partnering Returns' or more likely the 'Fair Play' / 'Power Generation' type problem (specifically resembling Google Code Jam 2010 Round 1A 'Parenting Partnering Returns' logic is incorrect, it actually resembles the 'Fair Play' or 'Binary Search' on fractions, specifically Google Code Jam 2010 Round 1B 'Parenting Partnering Returns' is about scheduling, but this code calculates generations to divide a fraction P/Q until it becomes 1/1, which is Google Code Jam 2010 Round 1A 'Parenting Partnering Returns' is not it. Actually, this C++ code solves the 'Fair Play' problem from Google Code Jam 2010 Round 1C or similar, specifically determining if a fraction P/Q can be reduced to 1/1 by repeatedly taking the integer part and inverting the remainder, which is the 'Fair Play' problem from GCJ 2010 1A? No, it's 'Parenting Partnering Returns' is 2010 1A. This looks like 'Fair Play' from 2010 1C? No, it is solving the problem of finding the number of generations to reduce P/Q to 1/1, which is Google Code Jam 2010 Round",226
2013_0_3,132829,2016_1_1,14703,NON-CLONE,2026-08-04 09:51:52,"{
  ""answer"": ""NO-NOT-SIMILAR"",
  ""explanation"": ""The two code snippets solve completely different problems from the Google Code Jam 2012 Qualification Round. Code Snippet 1 solves 'Fair and Square' (Problem B), which involves counting numbers that are palindromes and whose square roots are also palindromes within a given range. It reads a precomputed list of square palindromes from a file and performs range queries. Code Snippet 2 solves 'Fair Play' or more likely 'Reorder the String' (Problem A, 'Fair and Square' is B, but the logic here matches Problem A of a different year or a specific string manipulation problem like 'Fair Play' isn't standard, actually the logic `play_best` constructs a palindrome by greedily adding characters to the front if they are greater than or equal to the current front, which is the solution for 'Fair Play' no, it's the solution for 'Fair and Square' no. The logic in Snippet 2 is for 'Fair Play'? No. The logic `if(c >= last_word[0]): last_word.insert(0,c) else: last_word.append(c)` is the greedy algorithm to find the lexicographically largest palindrome that can be formed by reordering the string, or specifically, it solves 'Fair and Square'? No. Actually, this specific algorithm in Snippet 2 is the solution for 'Fair Play' is incorrect. It is the solution for 'Fair and Square' is incorrect. It is the solution for Problem A of 2012 Qualification Round: 'Fair and Square' is B. Problem A was 'Fair and Square'? No, Problem A was 'Fair Play'? No. Problem A was 'Fair and Square' is B. Problem A was 'Fair Play'?",227
2013_1_1,42047,2013_0_1,99825,NON-CLONE,2026-08-04 09:51:55,"{
 ""answer"": ""NO-NOT-SIMILAR"",
 ""explanation"": ""The two code snippets solve completely different problems. Code Snippet 1 solves the 'Bullseye' problem, which involves calculating the number of concentric painted rings given a radius and paint amount, using binary search and BigInteger arithmetic. Code Snippet 2 solves a Tic-Tac-Toe state determination problem, checking a 4x4 grid for winners (X or O), draws, or incomplete games. The logic, data structures, and input/output formats are entirely different.""
}",228
2013_1_1,30835,2015_0_3,103774,NON-CLONE,2026-08-04 09:51:58,"{
  ""answer"": ""NO-NOT-SIMILAR"",
  ""explanation"": ""The two code snippets solve completely different problems. Code Snippet 1 is a solution to the 'Fair and Square' or 'Bullseye' style problem involving geometry and arithmetic series (calculating the number of concentric rings given a radius and paint volume). It uses mathematical formulas involving square roots and quadratic equations. Code Snippet 2 is a solution to a problem involving Quaternion algebra (likely 'Fair Play' or 'Quaternion' from Google Code Jam), dealing with string manipulation of quaternion units (i, j, k) and checking for specific subsequence properties. The inputs, logic, and outputs are entirely different.""
}",229
2013_1_1,32414,2016_2_1,179503,NON-CLONE,2026-08-04 09:52:04,"{
  ""answer"": ""NO-NOT-SIMILAR"",
  ""explanation"": ""The two code snippets solve completely different problems. Code Snippet 1 solves a mathematical geometry problem (likely Google Code Jam 2012 Round 1A Problem A 'Saving the Universe') involving calculating the maximum number of concentric rings that can be painted given an initial radius and amount of paint, using quadratic equations. Code Snippet 2 solves a string parsing and frequency counting problem (likely Google Code Jam 2013 Round 1B Problem A 'Fair and Square' or similar digit extraction problem, specifically 'What's Missing' or a digit reconstruction problem like 'Recovering the Number' or actually Google Code Jam 2014 Round 1B Problem A 'The Last Word' is not it, it looks like Google Code Jam 2013 Round 1A Problem A 'Fair and Square' is not it either. Actually, Code Snippet 2 is solving Google Code Jam 2013 Round 1B Problem A 'Fair and Square'? No, it's extracting digits from English words. This is Google Code Jam 2013 Round 1C Problem A 'Fair and Square' is not it. It is Google Code Jam 2013 Round 1A Problem A? No. It is Google Code Jam 2013 Round 1B Problem A? No. It is actually solving the problem where you are given a string of English words representing digits (ZERO, ONE, TWO...) and need to output the digits sorted. This is Google Code Jam 2013 Round 1C Problem A 'Fair and Square' is not it. It is Google Code Jam 2013 Round 1A Problem A? No. It is Google Code Jam 201",230
2013_1_1,28766,2015_0_1,47939,NON-CLONE,2026-08-04 09:52:08,"{
  ""answer"": ""NO-NOT-SIMILAR"",
  ""explanation"": ""The two code snippets solve completely different algorithmic problems. Code Snippet 1 solves the 'Fair and Square' or more likely the 'Tiling with Tiles' / 'Circular Track' problem (specifically Google Code Jam 2011 Round 1C Problem A: 'Tiling with Tiles' or similar binary search problem involving radii and tiles, identified by the formula `(2*r-3)*mid + 2*mid*(mid+1)` which calculates the number of tiles in rings). It uses binary search to find the maximum number of rings that can be filled given a radius `r` and total tiles `t`. Code Snippet 2 solves the 'Standing Ovation' problem (Google Code Jam 2012 Round 1A Problem A), which involves calculating the minimum number of friends needed to ensure a standing ovation given an audience shyness index and current audience distribution. The input formats, logic, and mathematical models are entirely different.""
}",231
2013_1_1,30228,2016_2_1,185295,NON-CLONE,2026-08-04 09:52:11,"{
  ""answer"": ""NO-NOT-SIMILAR"",
  ""explanation"": ""The two code snippets solve completely different problems. Code Snippet 1 implements a binary search algorithm to solve a mathematical problem involving finding the largest integer `m` satisfying a specific inequality related to `r` and `t` (likely from a competitive programming problem like 'Fair Share' or similar geometry/number theory problem). Code Snippet 2 solves a string parsing problem where it decodes a jumbled string of English number words (zero, one, two, etc.) into a sorted sequence of digits (likely the 'Reorder Phone Numbers' or 'Decoding Numbers' problem from Google Code Jam). The inputs, logic, and outputs are entirely unrelated.""
}",232
2013_1_1,30618,2014_2_1,115757,NON-CLONE,2026-08-04 09:52:15,"{
  ""answer"": ""NO-NOT-SIMILAR"",
  ""explanation"": ""The two code snippets solve completely different problems. Code Snippet 1 is a C++ program that uses binary search to solve a mathematical equation (specifically, finding the radius of a circle given the area of an annulus ring, likely from Google Code Jam 2008 Round 1B Problem A: Minimum Scalar Product or similar geometry problem, though the formula suggests finding x for 2*pi*x*(x+r) - t = 0). It deals with floating-point arithmetic and numerical methods. Code Snippet 2 is a Java program that solves a string processing problem involving Run-Length Encoding (RLE). It checks if multiple strings have the same sequence of characters after RLE compression and calculates the minimum number of edits to make their counts match (likely Google Code Jam 2012 Round 1B Problem A: Pool Side Story). The logic, data structures, and algorithms used are entirely different.""
}",233
2013_1_1,37029,2015_0_4,86932,NON-CLONE,2026-08-04 09:52:18,"{
""answer"": ""NO-NOT-SIMILAR"",
""explanation"": ""The two code snippets solve completely different problems. Code Snippet 1 solves the 'Painting the Ring' problem (Google Code Jam 2011 Round 1A), which involves calculating how many concentric rings can be painted given a starting radius and a limited amount of paint. It uses arithmetic series logic to determine the number of rings. Code Snippet 2 solves the 'Tiling' problem (Google Code Jam 2013 Round 1A), which determines whether a rectangle of size R x C can be tiled with 1 x X dominoes, outputting either 'GABRIEL' or 'RICHARD' based on specific geometric divisibility rules. The inputs, logic, and outputs are unrelated.""
}",234
2013_1_1,32497,2016_2_1,194349,NON-CLONE,2026-08-04 09:52:20,"{
 ""answer"": ""NO-NOT-SIMILAR"",
 ""explanation"": ""The two code snippets solve completely different problems. Code Snippet 1 is a solution to a geometric problem involving painting rings with a limited amount of paint, using mathematical formulas (quadratic equation) and recursion to determine the maximum number of rings that can be painted. Code Snippet 2 is a solution to a string processing problem where it decodes a jumbled string of number words (ZERO through NINE) back into the original digits by counting unique letters associated with each number word. They differ in input format, logic, algorithms, and output results.""
}",235
2013_1_1,30519,2015_0_1,65110,NON-CLONE,2026-08-04 09:52:23,"{
  ""answer"": ""NO-NOT-SIMILAR"",
  ""explanation"": ""The two code snippets solve completely different problems. Code Snippet 1 solves the 'Fair and Square' or 'Painting the Fence' style problem (specifically, it calculates how many concentric rings can be painted given an initial radius r and total paint t, using the formula for the area of rings). It uses a binary search to find the maximum number of rings. Code Snippet 2 appears to be solving a string processing problem, reading an integer and a string, and iterating through the characters of the string to perform some arithmetic operations and count changes, likely related to a different Google Code Jam problem (possibly 'Minimum Scalar Product' or a similar string/math problem, though the logic is obscure and possibly buggy). The input formats, data structures, and mathematical operations are entirely different.""
}",236
2013_1_1,34507,2014_3_1,138308,NON-CLONE,2026-08-04 09:52:27,"{
  ""answer"": ""NO-NOT-SIMILAR"",
  ""explanation"": ""The two code snippets solve completely different problems. Code Snippet 1 implements a binary search algorithm to calculate the maximum number of layers of paint that can be added to a circular lake (radius R) given a total volume of paint T, based on the formula for the volume of a spherical shell approximation. It reads input from a file. Code Snippet 2 solves a problem involving fractions (P/Q). It simplifies the fraction by dividing by the GCD, checks if the denominator is a power of 2 (otherwise outputting 'impossible'), and then calculates how many times the denominator must be divided by 2 to be less than or equal to the numerator. This is likely a solution to a problem involving binary representation of fractions or similar number theory task. The mathematical logic, input handling, and output formats are entirely different.""
}",237
2013_1_1,39026,2016_0_1,143909,NON-CLONE,2026-08-04 09:52:31,"{
  ""answer"": ""NO-NOT-SIMILAR"",
  ""explanation"": ""The two code snippets solve completely different algorithmic problems, likely from Google Code Jam. Code Snippet 1 solves the 'Fair and Square' or a similar geometry/area problem (specifically it appears to be solving for the number of circles that can be painted given radius R and paint T, which corresponds to the 'Fair and Square' or 'Minion' problems, but the formula suggests it's solving for $n$ in the sequence of areas $2\pi(r + 2k)$, likely the 'Minion' problem from GCJ 2012 Round 1A or similar). It calculates a value based on quadratic formulas derived from area differences. Code Snippet 2 solves the 'Insomnia Cure' problem (finding the smallest multiple of N that contains all digits 0-9). The input parsing, logic, and output formats are entirely different. They do not achieve the same result or perform the same task.""
}",238
2013_1_1,31779,2014_3_1,132142,NON-CLONE,2026-08-04 09:52:37,"{
  ""answer"": ""NO-NOT-SIMILAR"",
  ""explanation"": ""The two code snippets solve completely different problems from Google Code Jam 2014. Code Snippet 1 implements a solution for 'Fair Play' (Problem A) using binary search to determine the maximum number of circles that can be painted given an initial radius R and paint amount T. Code Snippet 2 implements a solution for 'Chocolate Feast' or more likely 'Tic-Tac-Toe Tournament' or similar fraction-based problem, but specifically the logic involves checking if a fraction can be represented in binary by dividing by the GCD and checking if the denominator is a power of 2, which corresponds to the problem 'Cyclical' or similar math problems involving fractions and powers of 2 (specifically looks like the 'Tic-Tac-Toe' or 'Fair Play' is distinct from this fraction logic). Actually, looking closer at Snippet 2, it reads a fraction `one/two`, simplifies it, and checks if the denominator is a power of 2. This is the logic for the problem 'Cyclical' or potentially 'Fair Play' is not it. Wait, Snippet 2 logic: `is_power_of_2(two)` after GCD reduction. This is the solution for the problem 'Tic-Tac-Toe' no, it's for 'Fair Play'? No. It's for the problem where you determine if a fraction can be represented in finite binary, often associated with 'Cyclical' or specific math rounds. Regardless, Snippet 1 is a binary search on a quadratic formula for painting circles, while Snippet 2 is a number theory problem involving GCD and powers of 2. They are functionally distinct.""
}",239
2014_2_1,115757,2013_0_1,99825,NON-CLONE,2026-08-04 09:52:40,"{
  ""answer"": ""NO-NOT-SIMILAR"",
  ""explanation"": ""The two code snippets solve completely different problems. Code Snippet 1 implements a solution for a problem involving Run-Length Encoding (RLE) of strings, likely from a Google Code Jam round (specifically 'Fegla and Strings'), where it calculates the minimum cost to make multiple strings equal by changing the counts of repeated characters. Code Snippet 2 implements a solution for a Tic-Tac-Toe state evaluation problem, likely from Google Code Jam 2013 Round 1B 'Tic-Tac-Toe-Tic-Tac-Toe', where it checks if a 4x4 board has been won by X or O, or if the game is a draw or incomplete. The logic, data structures, and output formats are entirely different.""
}",240
2014_2_1,129296,2015_1_1,122263,NON-CLONE,2026-08-04 09:52:44,"{
  ""answer"": ""NO-NOT-SIMILAR"",
  ""explanation"": ""The two code snippets solve completely different problems. Code Snippet 1 is a solution to the 'Repeating Letters' problem (likely from Google Code Jam 2014), which involves parsing strings to count consecutive character repetitions, validating that all strings have the same pattern of characters, and calculating the minimum number of edits needed to make all repetition counts equal by finding the median. Code Snippet 2 is a solution to the 'Fair and Square' or similar array manipulation problem (specifically resembling the 'Beads' or 'Saving the Universe' logic but actually looks like a solution to a problem involving minimizing increments/decrements in an array, possibly 'Tidy Numbers' or a custom competitive programming problem involving prefix sums/max constraints), which reads a single integer array and calculates two values based on adjacent differences and maximum deficits. The input formats, core algorithms, and output formats are entirely different.""
}",241
2014_2_1,131873,2016_1_2,19133,NON-CLONE,2026-08-04 09:52:49,"{
  ""answer"": ""NO-NOT-SIMILAR"",
  ""explanation"": ""The two code snippets solve completely different problems. Code Snippet 1 (Java) appears to be a solution for the Google Code Jam 2011 Qualification Round Problem A 'Fegla and Strings'. It processes strings by converting them into a sequence of character counts (e.g., 'aaabb' becomes [3, 2]), checks if all strings in a test case have the same pattern of repeated characters, and then calculates the minimum number of character insertions/deletions required to make all strings identical by averaging the counts. Code Snippet 2 (PHP) appears to be a solution for the Google Code Jam 2009 Round 1A Problem A 'Alien Numbers' or a similar XOR-based missing number problem (likely 'The Missing Number' or finding a unique element in a list where every other element appears twice). It reads a list of numbers, uses a frequency map (XOR logic via modulo 2) to find the element that appears an odd number of times (specifically once, while others appear twice), and outputs that missing/unique number. The input formats, algorithms (string manipulation vs. number frequency counting/XOR), and output results are entirely different.""
}",242
2014_2_1,131278,2013_0_1,91336,NON-CLONE,2026-08-04 09:52:51,"{
  ""answer"": ""NO-NOT-SIMILAR"",
  ""explanation"": ""The two code snippets solve completely different problems. Code Snippet 1 is a C++ solution for a problem involving string manipulation and optimization (specifically, it appears to solve the 'Fegla and Strings' problem from Google Code Jam, which involves minimizing operations to make strings uniform after removing consecutive duplicate characters). Code Snippet 2 is a Python solution for determining the status of a Tic-Tac-Toe game (checking for wins, draws, or incomplete games). The input formats, logic, and outputs are entirely unrelated.""
}",243
2014_2_1,119165,2013_1_1,30835,NON-CLONE,2026-08-04 09:52:54,"{
 ""answer"": ""NO-NOT-SIMILAR"",
 ""explanation"": ""The two code snippets solve completely different problems. Code Snippet 1 (C++) implements a solution for a string manipulation problem (likely Google Code Jam 2011 Qualification Round Problem A: Pool) where it processes multiple strings, performs Run-Length Encoding, checks for structural consistency, and calculates the minimum cost to equalize run lengths. Code Snippet 2 (Java) implements a solution for a mathematical geometry problem (likely Google Code Jam 2010 Round 1A Problem A: Bullseye) which calculates the number of concentric rings that can be painted given an inner radius and a total amount of paint, using quadratic equations. Their inputs, logic, and outputs are fundamentally different.""
}",244
2014_2_1,118489,2016_0_1,100898,NON-CLONE,2026-08-04 09:52:58,"{
  ""answer"": ""NO-NOT-SIMILAR"",
  ""explanation"": ""The two code snippets solve completely different problems. Code Snippet 1 is a solution to a problem involving string compression (Run-Length Encoding) and calculating the minimum number of moves to make multiple strings identical by changing character counts, specifically checking if the sequence of characters is the same across all input strings. It outputs either a calculated integer or 'Fegla Won'. Code Snippet 2 is a solution to the 'Counting Sheep' problem, where it iterates through multiples of a number to find the smallest multiple that contains all digits from 0 to 9. It outputs the resulting multiple or 'INSOMNIA'. The logic, input processing, and output formats are entirely different.""
}",245
2014_2_1,128920,2015_0_4,68310,NON-CLONE,2026-08-04 09:53:01,"{
 ""answer"": ""NO-NOT-SIMILAR"",
 ""explanation"": ""The two code snippets solve completely different problems. Code Snippet 1 is a solution to the 'Fegla and Strings' problem (likely from Google Code Jam), which involves calculating the minimum cost to make multiple strings identical by moving characters. It uses complex logic involving sets, index tracking, and a brute-force search for an optimal meeting point. Code Snippet 2 is a solution to the 'Ominous Omino' problem (also from Google Code Jam), which determines if an L-tromino or general polyomino of size X can tile a RxC grid. It performs mathematical checks on divisibility and dimensions. The inputs, algorithms, logic, and outputs are entirely unrelated.""
}",246
2014_2_1,118416,2015_0_2,102321,NON-CLONE,2026-08-04 09:53:06,"{
 ""answer"": ""NO-NOT-SIMILAR"",
 ""explanation"": ""The two code snippets solve completely different algorithmic problems. \n\nSnippet 1 (Python) solves a problem involving string compression and median calculation (likely Google Code Jam 2011 Qualification Round Problem A: 'Pool' or similar logic involving run-length encoding and minimizing distance to a median sequence). It reads strings, groups consecutive identical characters, checks if the character sequences match, calculates the median length for each group, and computes the sum of absolute differences (taxicab distance) between the median and the actual lengths.\n\nSnippet 2 (PHP) solves a problem involving minimizing cuts on chocolate bars or similar items (likely Google Code Jam 2011 Round 1B Problem A: 'Min Perimeter' or more likely 'Chocolate Bar' / 'Fair and Square' variant, but specifically it looks like the 'Chocolate Bar' problem where you minimize the number of cuts by trying different max piece sizes). It iterates through possible maximum piece sizes, calculates the cost based on ceiling division, and finds the minimum total cost.\n\nThe input formats, logic, and mathematical operations are fundamentally different.""
}",247
2014_2_1,121201,2013_0_2,91409,NON-CLONE,2026-08-04 09:53:10,"{
  ""answer"": ""NO-NOT-SIMILAR"",
  ""explanation"": ""The two code snippets solve completely different problems. \n\nCode Snippet 1 implements the solution for the 'Fegla and Strings' problem (likely from Google Code Jam). It processes a list of strings, performs Run-Length Encoding (RLE) on them, checks if they share the same pattern of characters, and calculates the total edit distance required to make the counts of consecutive identical characters equal across all strings by averaging them. It outputs either 'Fegla Won' or an integer distance.\n\nCode Snippet 2 implements the solution for the 'Lawnmower' problem (also likely from Google Code Jam). It processes a 2D grid of integers representing grass heights. It checks if the lawn can be cut to the specified heights using a lawnmower that cuts all grass in a row or column to the height of the shortest grass in that line. It determines if every cell's height is equal to the minimum height of its respective row or column, outputting 'YES' or 'NO'.\n\nThe inputs, logic, and outputs are fundamentally different.""
}",248
2014_2_1,118754,2015_0_2,81081,NON-CLONE,2026-08-04 09:53:14,"{
  ""answer"": ""NO-NOT-SIMILAR"",
  ""explanation"": ""The two code snippets solve completely different problems from the Google Code Jam 2014 competition. Code Snippet 1 solves 'Problem A: Farming' (often referred to as 'Repeating String' or similar logic involving string comparison and move calculations), specifically checking if strings can be made identical by adding moves and calculating the minimum moves required. It processes input lines containing strings and compares their character patterns. Code Snippet 2 solves 'Problem B: Revenge of the Pancakes' or a variation involving splitting stacks of pancakes to minimize eating time, using numerical operations on arrays of integers representing stack heights. The input formats, data processing logic, and final outputs are fundamentally different.""
}",249
2014_2_1,116147,2013_0_3,74156,NON-CLONE,2026-08-04 09:53:16,"{
 ""answer"": ""NO-NOT-SIMILAR"",
 ""explanation"": ""The two code snippets solve completely different problems. Code Snippet 1 appears to be a solution to a string processing problem (likely 'Fegla' from a Google Code Jam problem) involving reading strings, comparing characters at specific indices, and calculating a cost based on character distribution. Code Snippet 2 solves the 'Fair and Square' problem (also from Google Code Jam), which involves counting numbers within a given range that are perfect squares and palindromes, and whose square roots are also palindromes. The logic, input data structures, and mathematical operations are entirely different.""
}",250
2014_2_1,114208,2013_0_3,102625,NON-CLONE,2026-08-04 09:53:23,"{
  ""answer"": ""NO-NOT-SIMILAR"",
  ""explanation"": ""The two code snippets solve completely different algorithmic problems. Code Snippet 1 (PHP) solves the 'Fair and Square' variant or a similar string manipulation problem involving Run-Length Encoding (RLE) and calculating a cost based on combining adjacent characters (resembling Google Code Jam 2012 Round 1C Problem A: 'Fair and Square' is not quite right, it looks more like Problem B 'Save Universe!' or actually Problem A 'Poker Hands'? No, looking closer, the logic `distance` function and RLE suggests it is solving Google Code Jam 2012 Round 1B Problem A: 'Poker Hands' is not it. Actually, the logic of processing strings into RLE, checking if simplified strings match, and then calculating a distance/cost is characteristic of **Google Code Jam 2012 Round 1C Problem A: 'Fair and Square' is incorrect. It is actually **Google Code Jam 2012 Round 1C Problem B: 'Poker Hands' is also incorrect. Let's look at the logic: It reads lines, groups them, processes each string into run-length encoded pairs, checks if the 'simplified' string (sequence of characters) is identical across all strings in a test case, and if so, calculates a cost to transform the counts. This is exactly **Google Code Jam 2012 Round 1B Problem A: 'Poker Hands'? No. It is **Google Code Jam 2012 Round 1C Problem A: 'Fair and Square'? No. It is **Google Code Jam 2012 Round 1B Problem B: 'Save Universe!''? No. The specific algorithm (RLE + cost calculation",251
2014_3_1,135560,2016_1_2,21265,NON-CLONE,2026-08-04 09:53:30,"{
  ""answer"": ""NO-NOT-SIMILAR"",
  ""explanation"": ""The two code snippets solve completely different problems. Code Snippet 1 (Java) implements a solution for a mathematical problem involving fractions and powers of 2 (likely 'Fair Share' or similar from a programming contest like Google Code Jam), calculating how many times a numerator must be doubled to be divisible by a denominator. Code Snippet 2 (PHP) implements a solution for a problem involving finding missing or unique elements in a grid of soldiers/numbers (likely 'Minimum Scalar Product' or 'Minimum Scalar Product' variant, or more likely 'Minimum Scalar Product' is wrong, it looks like 'Minimum Scalar Product' is not it, it looks like 'Minimum Scalar Product' is not it. Actually, looking at the PHP code: it reads R rows, then R-1 rows of data, counts occurrences, and finds items with odd counts. This is the classic 'Minimum Scalar Product' is wrong. This is the 'Minimum Scalar Product' is wrong. This is the 'Minimum Scalar Product' is wrong. It is actually the 'Minimum Scalar Product' is wrong. It is the 'Minimum Scalar Product' is wrong. It is the 'Minimum Scalar Product' is wrong. It is the 'Minimum Scalar Product' is wrong. Let's look closer. It reads R, then 2*R-1 lines. It counts frequencies. It outputs elements with odd frequency. This is the 'Minimum Scalar Product' is wrong. This is the 'Minimum Scalar Product' is wrong. This is the problem 'Minimum Scalar Product' is wrong. It is the problem 'Minimum Scalar Product' is wrong. It is the problem 'Minimum Scalar Product' is wrong. It is the problem 'Minimum Scalar Product' is wrong. It is the problem 'Minimum Scalar Product' is wrong. It",252
2014_3_1,138333,2013_0_2,68303,NON-CLONE,2026-08-04 09:53:33,"{
  ""answer"": ""NO-NOT-SIMILAR"",
  ""explanation"": ""The two code snippets solve completely different problems. Code Snippet 1 (Java) processes a fraction P/Q to determine the minimum number of divisions by 2 required to reach a target state, or reports 'impossible' if the conditions are not met (likely related to a Google Code Jam problem like 'Capybara's Coffee' or similar number theory tasks). It operates on single numeric values read from standard input. Code Snippet 2 (PHP) processes a 2D grid representing a lawn's grass heights and determines if the lawn could have been created by a mower that cuts either entire rows or entire columns to a specific height (likely Google Code Jam's 'Mower' problem). It reads from a specific file path and performs matrix-based logical checks. The input formats, algorithms, and output logic are entirely different.""
}",253
2014_3_1,140281,2013_1_1,30519,NON-CLONE,2026-08-04 09:53:39,"{
  ""answer"": ""YES-SIMILAR"",
  ""explanation"": ""Both code snippets solve the 'Fair and Square' / 'Painting the Fence' style problem from Google Code Jam 2012 Round 1C, specifically Problem A: 'Tiling' (also known as 'Painting the Fence' or 'Circle Painting'). \n\nSnippet 1 (Java) implements a simulation approach: it repeatedly doubles a fraction `p/q` (representing the area of white paint available vs. the area of the next circle to be painted) and subtracts the required area (`q`) when enough paint is available. It counts how many circles can be painted until the paint runs out or 40 iterations are reached. The input is given as a fraction `p/q`.\n\nSnippet 2 (Python) implements a mathematical approach: it calculates the total area consumed by `n` concentric circles given an initial radius `r`. It uses binary search to find the maximum number of circles that can be painted with total area `t`. The input is given as radius `r` and total area `t`.\n\nAlthough the inputs are formatted differently (fraction `p/q` vs radius/area `r/t`) and the algorithms differ (simulation vs binary search/math), they are solving the exact same underlying problem: determining the maximum number of concentric circles that can be painted given a certain amount of paint. The logic in Snippet 1's `p/q` corresponds to the area ratios in Snippet 2. Specifically, the area of the first ring is `2r+1`, the second is `2r+3`, etc. Snippet 1 abstracts this by working with the ratio of available paint to the area of the current ring. Both outputs the case number and the count of circles (or '",254
2014_3_1,138308,2013_1_1,30519,NON-CLONE,2026-08-04 09:53:45,"{
 ""answer"": ""YES-SIMILAR"",
 ""explanation"": ""Both code snippets are solutions to the same competitive programming problem, specifically Google Code Jam 2012 Round 1A Problem A: 'Fair and Square' is not it, but 'Tiling' (Problem B) or similar. Let's analyze the logic.\n\nCode Snippet 1 (C++):\n1. Reads T test cases.\n2. For each case, reads P and Q. The input parsing `cin.ignore(1,'\\\\')` suggests P and Q are separated by a backslash or similar character, but typically in GCJ, inputs are space-separated. However, looking at the logic:\n   - It computes `gcd(P, Q)` and divides P and Q by it. This reduces the fraction P/Q to its simplest form.\n   - It checks if the denominator Q is a power of 2. If not, it prints 'impossible'.\n   - If Q is a power of 2 (say $2^k$), it calculates how many times you need to divide the numerator P (scaled appropriately) or rather, it calculates the number of halvings needed. The variable `sep` counts how many times you divide `temp` (which is Q) by 2 until it is less than or equal to P. This corresponds to finding the smallest integer $k$ such that $2^k$ divides the denominator after simplification, or more precisely, determining if a binary representation terminates and how many digits. Specifically, this logic is used to determine if a fraction can be represented as a finite binary fraction. The output `sep` is the number of bits after the binary point.\n\nCode Snippet 2 (Python):\n1. Reads T test cases.\n2. For each case, reads r",255
2014_3_1,134611,2016_1_2,14745,NON-CLONE,2026-08-04 09:53:48,"{
""answer"": ""NO-NOT-SIMILAR"",
""explanation"": ""The two code snippets solve completely different problems. Code Snippet 1 implements a recursive algorithm to determine the minimum number of steps (generations) to reduce a fraction p/q to an integer by repeatedly dividing by 2 and simplifying, which appears to be related to a specific competitive programming problem involving powers of two and greatest common divisors. Code Snippet 2 solves a problem where given a list of 2N-1 lists of integers (where each integer appears an even number of times except for one), it identifies the missing integer that appears an odd number of times using a frequency histogram. The logic, input formats, and underlying algorithms are entirely unrelated.""
}",256
2014_3_1,132142,2014_2_1,118754,NON-CLONE,2026-08-04 09:53:55,"{
  ""answer"": ""NO-NOT-SIMILAR"",
  ""explanation"": ""The two code snippets solve completely different problems from Google Code Jam. Code Snippet 1 solves 'Fair and Square' or a similar fraction-based problem (specifically, it looks like it's solving a problem involving binary representations of fractions, likely 'Cyclops Numbers' or similar from Round 1, but the logic involving GCD and powers of 2 suggests it's checking if a fraction can be represented in binary with a limited number of bits, actually it resembles the 'Lunch Lines' or 'Power Hungry' logic but specifically it is solving a problem where you check if a fraction one/two is a sum of powers of 1/2, which is 'Fair and Square' is different, wait, looking closer at Snippet 1: it reads `one`, `/`, `two`, calculates GCD, checks if denominator is power of 2, then counts bits. This is the solution for Google Code Jam 2014 Round 1A Problem A: 'Shifting Sort' is no, it's Problem A: 'Fair and Square' is no. It is actually Problem A from Round 1A 2014? No, Round 1A 2014 A was 'Shifting Sort'. Let's look at the logic: `is_power_of_2(two)` and counting how many bits are needed. This is the solution for 'Cyclops Numbers'? No. It matches the problem 'Power Hungry' (2014 Round 1C)? No. Actually, the logic `one/temp`, `two/temp`, check if `two` is power of 2, then loop dividing by 2. This is the solution for Google Code Jam 2014 Round 1A",257
2014_3_1,139209,2015_0_3,49764,NON-CLONE,2026-08-04 09:53:58,"{
  ""answer"": ""NO-NOT-SIMILAR"",
  ""explanation"": ""The two code snippets solve completely different problems. Code Snippet 1 implements a recursive algorithm to determine if a fraction can be expressed as a sum of unit fractions (related to the 'Fair Share' or 'Unit Fractions' problem, likely from Google Code Jam), using GCD simplification and recursion. Code Snippet 2 implements a solution for the 'Cyclops' or 'Quaternion' problem (likely 'Cyclops' from Google Code Jam 2012 or similar quaternion product problem), involving quaternion multiplication tables, string prefix/suffix products, and checking for specific 'ijk' subsequences. The logic, data structures, and input/output formats are entirely different.""
}",258
2014_3_1,139370,2016_1_1,15819,NON-CLONE,2026-08-04 09:54:02,"{
  ""answer"": ""NO-NOT-SIMILAR"",
  ""explanation"": ""The two code snippets solve completely different problems. Code Snippet 1 solves a problem involving rational numbers P/Q, determining if a power can be divided into integer parts or calculating the number of divisions required (likely from Google Code Jam 2012, 'Parenting Partnering Returns' or similar arithmetic problem, specifically 'Power Crisis' or 'Fair and Square' logic, actually it looks like 'Store Credit' or a specific fraction problem like 'Caffeine-jacked' but the logic is about dividing fractions). Code Snippet 2 solves the 'Last Word' problem (from Google Code Jam 2016), which involves rearranging characters of a string to form the lexicographically largest string. The input formats, core algorithms, and outputs are entirely different.""
}",259
2014_3_1,143074,2015_0_2,91000,NON-CLONE,2026-08-04 09:54:05,"{
  ""answer"": ""NO-NOT-SIMILAR"",
  ""explanation"": ""The two code snippets solve completely different problems. Code Snippet 1 is a solution to a problem involving rational numbers and binary representation (likely 'Fair Share' from Google Code Jam 2012), where it checks if a fraction can be represented as a sum of inverse powers of 2 and calculates the minimum number of terms. It uses functions for checking powers of 2 and finding the greatest common divisor. Code Snippet 2 is a solution to a problem involving distributing pancakes (likely 'Pancake Sorting' or 'Cookie Clicker' variant, specifically 'Pancake Party' or similar optimization problem from Google Code Jam 2012), where it calculates the minimum time to serve all diners by optimally flipping pancakes. The logic, data structures, input formats, and mathematical operations are entirely distinct.""
}",260
2014_3_1,142092,2015_0_1,106809,NON-CLONE,2026-08-04 09:54:10,"{
  ""answer"": ""NO-NOT-SIMILAR"",
  ""explanation"": ""The two code snippets solve completely different problems from different Google Code Jam challenges. Code Snippet 1 attempts to solve 'Elven Postage' (or a similar problem involving fractions of the form sum(1/2^k)) by iterating through powers of 1/2 and checking if the remaining fraction can be represented. It deals with floating-point arithmetic and powers of 2. Code Snippet 2 solves the 'Parenting Partnering Returns' or 'Minimum Scalar Product' type problem? No, looking closer at Snippet 2, it reads a string of digits `s` and an integer `n`, iterating through indices to calculate a `need` value based on when the cumulative sum (`seen`) exceeds the index. This logic resembles the 'Minimum Scalar Product' or potentially 'I/O' problems, but specifically, it looks like it's trying to solve a problem where you need to determine how many 'actions' or 'steps' are needed based on a sequence of numbers, possibly related to the 'Parenting Partnering Returns' (assigning chores) or 'Minimum Scalar Product' (sorting). Actually, Snippet 2 looks like it might be solving 'Minimum Scalar Product' incorrectly or a different problem entirely involving cumulative sums. Regardless, Snippet 1 deals with fractional decomposition into powers of 1/2, while Snippet 2 deals with integer sequences and cumulative sums/indices. Their inputs, algorithms, and outputs are fundamentally different.""
}",261
2014_3_1,134295,2015_0_4,94256,NON-CLONE,2026-08-04 09:54:17,"{
  ""answer"": ""NO-NOT-SIMILAR"",
  ""explanation"": ""The two code snippets solve completely different algorithmic problems. Code Snippet 1 calculates the minimum number of times a fraction P/Q needs to be doubled to reach or exceed 1/2, which is a number theory problem related to checking if the denominator is a power of 2 (likely from Google Code Jam 2012 Round 1C Problem A: 'Fair and Square' is not it, but 'Tic-Tac-Toe' is not it either, actually this is GCJ 2012 Qualification Round Problem A: 'Tic Tac Toe'? No, looking at the logic: GCD, reducing fraction, checking if Q is power of 2, then finding log2(P/Q). This is actually Google Code Jam 2012 Round 1A Problem A: 'Pool' or similar? No, it is GCJ 2012 Qualification Round Problem B? No. It is GCJ 2012 Round 1C Problem A? No. It is actually GCJ 2012 Qualification Round Problem A is Tic Tac Toe. This code looks like GCJ 2012 Round 1B Problem A? No. It is GCJ 2012 Qualification Round Problem C? No. Actually, the logic `gcd`, `Q` must be power of 2, and finding `ans` such that `(P/Q)*2^ans >= 1/2` corresponds to Google Code Jam 2012 Qualification Round Problem B: 'Stuck in the Middle'? No. It is GCJ 2012 Round 1A Problem A: 'Pool'? No. It is GCJ 2012 Qualification Round",262
2014_3_1,132975,2016_0_4,135114,NON-CLONE,2026-08-04 09:54:24,"{
  ""answer"": ""NO-NOT-SIMILAR"",
  ""explanation"": ""The two code snippets solve completely different problems. \n\nCode Snippet 1 (PHP) reads pairs of numbers (p, q) from input, calculates a ratio, and determines a result based on logarithmic calculations and GMP arithmetic, outputting a number or 'impossible'. It appears to be solving a problem related to calculating bits or precision required to represent a fraction, possibly from a contest like Google Code Jam (e.g., 'Dancing with the Googlers' or similar numerical problem, though the logic is specific to log2 calculations).\n\nCode Snippet 2 (C++) reads three integers K, C, S and checks if C * S < K. If so, it outputs 'IMPOSSIBLE'. Otherwise, it constructs a sequence of numbers using base-K representation logic. This is the solution to the 'Motherboard' or specifically 'Fair and Square' or more likely 'Revolving Digits' or a combinatorial construction problem like 'Motherboard' or 'Power Crisis' from Google Code Jam. Specifically, this logic matches the solution for the Google Code Jam 2013 Qualification Round problem 'Fair and Square' is not it, but it closely matches 'Motherboard' or 'Revolving Digits'? Actually, looking at the logic `now = now * K + j`, this is constructing numbers in base K. This specific algorithm is the solution to the Google Code Jam 2013 Round 1A problem 'Fair and Square' is not it. It is actually the solution to **Google Code Jam 2013 Qualification Round - 'Fair and Square'**? No. \n\nLet's look closer at Snippet 2. It reads T test cases. For each",263
2015_0_1,47939,2016_0_1,71388,NON-CLONE,2026-08-04 09:54:27,"ANSWER: NO-NOT-SIMILAR
EXPLANATION: The two code snippets solve completely different problems from the Google Code Jam competitions. 

Code Snippet 1 solves the ""Standing Ovation"" problem. It calculates the minimum number of additional people (shy friends) needed to ensure a standing ovation, given the number of shy people with various shyness levels. It processes an integer N and a string of digits representing counts of shy people.

Code Snippet 2 solves the ""Largest Number"" or ""Sleeping Sheep"" problem (specifically ""Sleeping Sheep"" based on the logic). It finds the smallest multiple of a given number N that contains all ten digits (0-9). It processes an integer N and iterates through multiples until all digits are seen or determines if it's impossible (if N is 0).

Since the algorithms, input handling, logic, and outputs are entirely different, they are not functionally similar.",264
2015_0_1,43660,2016_1_1,33316,NON-CLONE,2026-08-04 09:54:29,"{
  ""answer"": ""NO-NOT-SIMILAR"",
  ""explanation"": ""The two code snippets solve completely different problems. Code Snippet 1 implements a logic to calculate a score based on the positions of non-zero digits in a string (likely related to the 'Standing Ovation' problem from Google Code Jam, calculating the minimum number of friends needed), resulting in an integer output. Code Snippet 2 implements a sorting algorithm that rearranges characters in a string based on their frequency and order (likely related to the 'Whiteboard' or similar sorting problem), resulting in a reordered string. The input parsing, core logic, and output formats are entirely different.""
}",265
2015_0_1,100718,2016_2_1,198100,NON-CLONE,2026-08-04 09:54:33,"{
  ""answer"": ""NO-NOT-SIMILAR"",
  ""explanation"": ""The two code snippets solve completely different problems. Code Snippet 1 implements the 'Standing Ovation' algorithm (from Google Code Jam 2012), which calculates the minimum number of friends needed to ensure a standing ovation based on a shyness level and an audience count. Code Snippet 2 implements a solution for reconstructing a number from its English word representation (likely related to the 'Recover the Number' problem or similar Google Code Jam challenges involving digit reconstruction from letter counts). The logic, input processing, and output generation are fundamentally different.""
}",266
2015_0_1,44230,2016_1_1,18665,NON-CLONE,2026-08-04 09:54:35,"{
  ""answer"": ""NO-NOT-SIMILAR"",
  ""explanation"": ""The two code snippets solve completely different algorithmic problems. Code Snippet 1 solves the 'Standing Ovation' problem (likely from Google Code Jam), where it calculates the minimum number of friends needed to be invited to ensure everyone stands up, based on a shyness meter and initial audience distribution. It processes an integer threshold and a string of digits. Code Snippet 2 solves a string rearrangement problem (likely 'Largest Number' or similar), where it constructs the lexicographically largest possible string by iteratively deciding whether to prepend or append characters. The logic, input handling, and final outputs are fundamentally different.""
}",267
2015_0_1,64620,2013_1_1,37029,NON-CLONE,2026-08-04 09:54:41,"{
  ""answer"": ""NO-NOT-SIMILAR"",
  ""explanation"": ""The two code snippets solve completely different algorithmic problems. Code Snippet 1 solves the 'Minion Rotation' problem (Google Code Jam 2012 Round 1C Problem A), which involves calculating the minimum number of switches needed to keep a minion powered based on a binary string of battery levels. It iterates through the string, maintaining a balance of 'have' vs 'need'. Code Snippet 2 solves the 'Fair and Square' or more likely 'Painting the Wall' / 'Fair and Square' variant? Actually, looking closer at Snippet 2, it calculates `nrings` based on radius `r` and paint amount `t` using the formula `2*pi*r` for circumference. This corresponds to the 'Fair and Square' or 'Painting' problem? Specifically, the formula `p1(r, n) = n * (2*(r+n) - 1)` relates to the area of concentric rings. This is the solution to Google Code Jam 2012 Round 1C Problem B: 'Fair and Square'? No, it's Problem A of a different year or Problem B of 2012? Actually, the formula `2*pi*r` suggests circumference. The problem where you paint concentric rings with integer radii is 'Painting the Wall' or similar. Specifically, this looks like Google Code Jam 2012 Round 1A Problem B: 'Speak and Spell'? No. It is Google Code Jam 2012 Round 1C Problem B? No. It is Google Code Jam 2012 Round 1A Problem B? No. It is actually Google Code Jam 2012 Round 1B Problem B? No.",268
2015_0_1,65110,2015_0_3,42051,NON-CLONE,2026-08-04 09:54:45,"{
  ""answer"": ""NO-NOT-SIMILAR"",
  ""explanation"": ""The two code snippets solve completely different problems. Code Snippet 1 implements a solution for the 'Revenge of the Pancakes' problem (Google Code Jam 2013), which involves counting the minimum number of flips to make a stack of pancakes all face the same way. It processes a string of characters representing pancake orientations. Code Snippet 2 implements a solution for the 'Parenting Partnering Returns' or more likely 'Quaternion' problem (Google Code Jam 2015), dealing with quaternion algebra. It uses a lookup table for quaternion multiplication and checks if a sequence of quaternion multiplications results in 'i', 'j', and 'k' appearing in that order. The logic, data structures, and algorithms are entirely unrelated.""
}",269
2015_0_1,106809,2015_0_2,96440,NON-CLONE,2026-08-04 09:54:51,"{
  ""answer"": ""NO-NOT-SIMILAR"",
  ""explanation"": ""The two code snippets solve completely different algorithmic problems. Code Snippet 1 implements the solution for Google Code Jam 2012 Qualification Round Problem A 'Saving the Universe', which involves tracking a cumulative sum to determine how many times a button press is needed to unlock subsequent buttons. Code Snippet 2 implements the solution for Google Code Jam 2013 Round 1C Problem A 'Fair and Square' or more likely Round 1A 'Minimum Scalar Product' or similar optimization problem, but specifically it looks like the solution for 'Minimum Scalar Product' is not it. Actually, looking closely at Snippet 2, it reads an integer `d`, then `d` integers into a vector, finds the max, and then iterates through divisors to minimize `cur + i`. This is the logic for the Google Code Jam 2013 Round 2 Problem A 'Fair and Square' is not it. It is actually the solution for Google Code Jam 2013 Round 1B Problem A 'Fair and Square'? No. Let's look at the logic: `best = min(best, cur + i)` where `cur` is sum of `v[j]/i`. This is the classic solution for the problem 'Minimum Scalar Product' is not it. It is the solution for the problem 'Chocolate Bar' or 'Pie' cutting? No, this is the solution for the problem **Google Code Jam 2013 Round 1C - Fair and Square**? No. This logic `min(max_val, sum(v[j]/i) + i)` is the standard solution for the problem **Google Code Jam 2013 Round 2 - Fair and Square**? No. It is the solution for **Google",270
2015_0_1,86599,2013_0_2,96711,NON-CLONE,2026-08-04 09:54:55,"{
  ""answer"": ""NO-NOT-SIMILAR"",
  ""explanation"": ""The two code snippets solve completely different algorithmic problems. Code Snippet 1 solves the 'I Wanna Be the Guy' or similar 'Standing Ovations' problem (likely from Google Code Jam 2012 Round 1A Problem A), where it calculates the minimum number of friends needed to invite to ensure the standing ovation threshold is met based on an initial number of shy audience members and their shyn levels. It processes a single line per test case containing a max shyn level and a string of counts. Code Snippet 2 solves the 'Lawnmower' problem (likely from Google Code Jam 2012 Round 1A Problem B), where it determines if a given grass height matrix could have been produced by a lawnmower that cuts grass in straight rows or columns. It processes a matrix of integers for each test case. The input formats, logic, and outputs are fundamentally different.""
}",271
2015_0_1,60803,2015_1_1,111866,NON-CLONE,2026-08-04 09:55:01,"{
  ""answer"": ""NO-NOT-SIMILAR"",
  ""explanation"": ""The two code snippets solve different problems. Code Snippet 1 solves the 'Reorder the Array' or similar problem from Google Code Jam (specifically 'Party Invitation' or 'Cafeteria Syndicate' logic, but actually looks like the 'Smax' problem from Google Code Jam 2014 Qualification Round, Problem A: 'Counting Sheep' is different, wait. Let's look closer. It calculates `delta = -cumsum + range + 1` and returns max(0, max(delta)). This is the solution for Google Code Jam 2014 Round 1A Problem A: 'Magic Trick' is different. Actually, this specific logic `max(0, max(delta))` where `delta` is related to cumulative sums is characteristic of the 'Cookie Clicker' or 'Largest Number' problems? No. Let's look at the structure. It reads `smax` and a string of digits. It converts the string to an array of integers. This is Google Code Jam 2014 Qualification Round Problem A: 'Counting Sheep' is not it. It is Problem B: 'Cookie Clicker'? No. It is actually Problem A: 'Magic Trick'? No. \n\nLet's re-evaluate Snippet 1. It reads `smax` and a string. `slist` is an array of digits from that string. `cumslist` is cumulative sum. `delta` is `-cumsum + index + 1`. It returns the max of these deltas. This is the solution to Google Code Jam 2014 Round 1A Problem A: 'Magic Trick' is not it. It is actually the solution to Google Code Jam 20",272
2015_0_1,25955,2013_0_1,72071,NON-CLONE,2026-08-04 09:55:04,"{
  ""answer"": ""NO-NOT-SIMILAR"",
  ""explanation"": ""The two code snippets solve completely different problems. Code Snippet 1 implements a solution for the 'Saving the Universe' (or specifically 'Invisible Hands' from Google Code Jam 2013) problem, which involves calculating the minimum number of friends needed to reach a certain shyness level based on an input array. Code Snippet 2 implements a solution for the 'Tic-Tac-Toe-Tomek' problem, which involves checking a 4x4 grid for winning lines, draws, or incomplete games. While both follow the standard Google Code Jam input/output format (reading test cases and printing 'Case #X: result'), their core logic, data structures, and algorithms are entirely unrelated.""
}",273
2015_0_1,28465,2015_0_2,88257,NON-CLONE,2026-08-04 09:55:10,"{
  ""answer"": ""NO-NOT-SIMILAR"",
  ""explanation"": ""The two code snippets solve completely different algorithmic problems. Code Snippet 1 implements the solution for Google Code Jam 2013 Round 1A Problem A 'Lucky Sum of Digits' is incorrect, it actually solves 'Lucky Sum of Digits' is also wrong. Let's look closer. Code 1 reads a file 'A-large.in'. It parses lines where the first number is a total and the second is a string of digits. It calculates the minimum number of invites needed to stand up an audience such that for each position j, the number of people standing is at least j. This is the logic for Google Code Jam 2010 Round 1C Problem A 'Saving the Universe!' or more likely 2012 Round 1A 'Password' or 2013? Actually, the logic `required = j > standing_now ? j - standing_now : 0` is the classic solution for **Google Code Jam 2012 Round 1A 'Password'** is not it. It is **Google Code Jam 2012 Round 1C 'Saving the Universe!'**? No. It is **Google Code Jam 2012 Round 1A 'Password'**? No. The logic matches **Google Code Jam 2012 Round 1C**? No. The logic matches **Google Code Jam 2012 Round 1B 'Runtime Error'**? No. The logic `standing_now += audience_individuals[j] + required` where `required` ensures `standing_now >= j` is the exact solution for **Google Code Jam 2012 Round 1C**? No. It is **Google Code Jam 2012 Round 1",274
2015_0_1,96593,2015_0_2,40957,NON-CLONE,2026-08-04 09:55:14,"{
  ""answer"": ""NO-NOT-SIMILAR"",
  ""explanation"": ""The two code snippets solve completely different algorithmic problems. \n\nCode Snippet 1 implements a simulation for the 'Standing Ovation' problem (likely from Google Code Jam). It calculates the minimum number of friends needed to ensure everyone in an audience stands up, based on their 'shyness levels'. It reads an input file, processes each case by simulating the standing process and adding friends where necessary, and writes the results to an output file.\n\nCode Snippet 2 implements a solution for a problem involving dividing cookies (likely 'Fair and Square' or a specific cookie division problem like 'Parental Control' or similar from a competitive programming contest, specifically resembling the logic for dividing items to minimize the maximum number of cookies any child gets, often seen in problems involving distributing P[i] items among children with different rates). The logic involves iterating through possible numbers of children and calculating distributions to minimize the maximum load. The core algorithmic logic (simulation of shy levels vs. optimization of distribution/min-max problem) is fundamentally different. Therefore, they are not functionally similar.""
}",275
2015_0_2,91000,2013_0_1,98087,NON-CLONE,2026-08-04 09:55:21,"{
  ""answer"": ""NO-NOT-SIMILAR"",
  ""explanation"": ""The two code snippets solve completely different problems. Code Snippet 1 is a solution to the 'Fair and Square' or more likely the 'Pancake Sorting' problem (specifically Google Code Jam 2011 Qualification Round Problem B: 'Tic-Tac-Toe' is incorrect, it looks like Problem A 'Tidy Numbers' or similar, actually upon closer inspection it calculates minimum time to serve diners based on pancake stack heights, which corresponds to Google Code Jam 2011 Qualification Round Problem C: 'Minimum Scalar Product' is wrong, it is actually Problem B: 'Tic-Tac-Toe' is wrong too. Let's look at the logic: it reads integers, sorts them, reverses them, then iterates through divisors to calculate a minimum value. This is the solution to Google Code Jam 2011 Qualification Round Problem C: 'Minimum Scalar Product'? No. It matches Google Code Jam 2011 Qualification Round Problem A? No. It actually matches Google Code Jam 2011 Qualification Round Problem B? No. It is the solution to Google Code Jam 2011 Qualification Round Problem C? No. It is the solution to Google Code Jam 2011 Qualification Round Problem A 'Tidy Numbers'? No. It is the solution to Google Code Jam 2011 Qualification Round Problem B 'Tic-Tac-Toe'? No. Wait, the first snippet processes integer arrays and calculates a minimum based on division. This is the algorithm for Google Code Jam 2011 Qualification Round Problem C: 'Minimum Scalar Product'? No. It is actually Google Code Jam 2011 Qualification Round Problem",276
2015_0_2,21812,2013_0_3,102625,NON-CLONE,2026-08-04 09:55:28,"{
  ""answer"": ""NO-NOT-SIMILAR"",
  ""explanation"": ""The two code snippets solve completely different algorithmic problems. Code Snippet 1 implements a solution to the 'Fair and Square' or more likely 'Cakewalk/Pancakes' problem (specifically Google Code Jam 2011 Qualification Round Problem A: 'Tidy Numbers' is not it, but 'Pancakes' usually refers to 'Reversing Pancakes' or similar. Looking at the logic `c[i]/eatingDays`, this is actually the solution to the 'Fair and Square' is not right either. Let's look closer. The logic `days += c[i]%eatingDays==0?c[i]/eatingDays-1:c[i]/eatingDays` calculates the number of days needed to eat all cookies if one eats `eatingDays` cookies per day. This is the solution to the 'Pancakes' or 'Cookie Clicker' style optimization problem, specifically Google Code Jam 2012 Round 1B Problem A: 'Pomeron' is not it. It is actually Google Code Jam 2011 Qualification Round Problem B: 'Tidy First Digits'? No. It matches the problem 'Minimizing Days' or similar. Actually, it is the solution to the problem 'Pancakes' from a specific contest, likely calculating the minimum days to eat all pancakes given a rate limit. Code Snippet 2 solves the 'Fair and Square' problem (Google Code Jam 2009/2010/2011 era), where it counts palindromic squares within a range [A, B] using a precomputed list of palindromes whose squares are also palindromes. The input formats, data structures, and core algorithms are",277
2015_0_2,40957,2013_0_2,71957,NON-CLONE,2026-08-04 09:55:31,"{
  ""answer"": ""NO-NOT-SIMILAR"",
  ""explanation"": ""The two code snippets solve completely different computational problems. Code Snippet 1 (Java) implements a greedy simulation algorithm for a problem involving dividing piles of items (likely 'Candy I' from Google Code Jam 2013 Round 1B), where the goal is to minimize the number of steps to make all pile sizes equal by cutting items. It iteratively selects the pile with the highest ratio of size to current divisions. Code Snippet 2 (PHP) solves a matrix validation problem (likely 'Min Perimeter' or a similar grid-based problem, but specifically it checks if every element in a grid is the maximum of its row or column). It calculates the maximum value for each row and column and verifies if every element satisfies the condition of being a row-max or column-max. The input structures, algorithms, and logical goals are fundamentally different.""
}",278
2015_0_2,96440,2015_0_1,86599,NON-CLONE,2026-08-04 09:55:37,"{
  ""answer"": ""NO-NOT-SIMILAR"",
  ""explanation"": ""The two code snippets solve completely different computational problems. \n\nCode Snippet 1 appears to solve a problem related to minimizing the total cost of reducing a set of numbers by dividing them into groups or levels. Specifically, it iterates through possible group sizes `i` from 1 to `ma` (the maximum value in the input array). For each `i`, it calculates a cost based on how many 'steps' or 'levels' each number `v[j]` contributes to, roughly `(v[j] + i - 1) // i` or similar logic involving integer division and remainders, and adds `i` to the sum. This looks like a solution to a problem like 'Minimum Number of Groups' or 'Optimal Partitioning' where you want to minimize the sum of group sizes plus the number of groups.\n\nCode Snippet 2 is the standard solution to the Google Code Jam 2009 problem 'Minimum Scalar Product' or more likely 'Laptop' or 'Bribe the Prisoners'? No, looking closer at the logic: It reads `Smax` and a string of digits `data`. It simulates an auditorium where `stand` is the current number of standing people. It iterates through the audience. If `stand < i` (current position), it adds 'friends' to increase the standing count. This is the classic 'Standing Ovation' problem (Google Code Jam 2009 Round 1A Problem A). The goal is to find the minimum number of friends needed to ensure the standing ovation occurs.\n\nThe input formats, algorithms, and mathematical logic are entirely different. Snippet 1 deals with integer division and optimization over a range of divisors. Snippet",279
2015_0_2,88257,2013_0_2,68303,NON-CLONE,2026-08-04 09:55:40,"{
  ""answer"": ""NO-NOT-SIMILAR"",
  ""explanation"": ""The two code snippets solve completely different problems. Code Snippet 1 is a C++ solution that appears to calculate a minimum cost or value based on dividing integers by various factors and adding remainders, likely related to a number theory or optimization problem (possibly from a competitive programming contest like Google Code Jam). It processes a list of integers and iterates through potential divisors. Code Snippet 2 is a PHP solution that checks if a 2D grid of heights (representing a lawn) can be achieved by cutting grass horizontally or vertically. It verifies if every element in the grid is the maximum of its row or its column. The input formats, algorithms, and logical goals are entirely different.""
}",280
2015_0_2,38840,2013_0_1,127485,NON-CLONE,2026-08-04 09:55:44,"{
  ""answer"": ""NO-NOT-SIMILAR"",
  ""explanation"": ""The two code snippets solve completely different problems. Code Snippet 1 is a C++ program that solves a mathematical optimization problem, likely from a competitive programming contest (resembling Google Code Jam's 'Coupon Collector' or 'Matter of Time' type problems, specifically minimizing moves to equalize piles). It reads integers, performs arithmetic operations to find a minimum value, and outputs a number. Code Snippet 2 is a PHP program that solves a Tic-Tac-Toe game state determination problem. It reads a grid of characters ('X', 'O', '.'), checks for winning conditions (rows, columns, diagonals), and outputs the game status (X won, O won, Draw, or Game has not completed). The logic, input data structures, and final outputs are entirely unrelated.""
}",281
2015_0_2,36519,2015_1_1,111086,NON-CLONE,2026-08-04 09:55:49,"{
 ""answer"": ""NO-NOT-SIMILAR"",
 ""explanation"": ""The two code snippets solve completely different algorithmic problems. \n\nSnippet 1 (Python) solves the 'Fair and Square' or specifically 'Lunchtime' (Google Code Jam 2013 Round 1A) problem, which involves minimizing the time to eat pancakes by optimally splitting stacks. It uses a brute-force approach iterating through possible maximum stack sizes (`limit`) and calculates the cost based on splitting piles. The core logic involves `splitPile`, `limitStack`, and finding the minimum total time.\n\nSnippet 2 (C++) solves the 'Prefix Sums' or a similar problem involving calculating costs based on differences between adjacent elements in an array. Specifically, it calculates `t1` as the sum of differences between adjacent elements where the next element is smaller, and `t2` as a sum capped by a maximum difference `d`. This logic corresponds to problems like Google Code Jam's 'Prefix Sums' or similar array manipulation tasks, but it is fundamentally different from the pancake splitting optimization in Snippet 1. The input structures are also interpreted differently (Snippet 1 reads a list of integers for pancake sizes, Snippet 2 reads an integer N and then a vector of size N).""
}",282
2015_0_2,81081,2013_0_3,108834,NON-CLONE,2026-08-04 09:55:55,"{
  ""answer"": ""NO-NOT-SIMILAR"",
  ""explanation"": ""The two code snippets solve completely different algorithmic problems, despite sharing a similar structural framework typical of Google Code Jam submissions (reading input, iterating through test cases, writing output). \n\nCode Snippet 1 solves the 'Fair and Square' or 'Pancake Sorting' type problem (specifically, it appears to be solving a variation of minimizing cuts for pancakes by iterating through possible maximum stack sizes and calculating the cost). The core logic involves `eat_all`, `split_count_from_maxval`, and minimizing the sum of splits plus the max value.\n\nCode Snippet 2 solves the 'Fair and Square' problem (Problem C from Google Code Jam 2012 Qualification Round). It identifies 'fair and square' numbers, which are positive integers that are palindromes and whose square roots are also palindromes. It precomputes a list of such numbers and then counts how many fall within a given range [A, B]. The core logic involves palindrome checking (`isPalindromeStr4`) and range queries on a precomputed list.\n\nSince the underlying algorithms, input data interpretations, and problem domains are entirely different, they are not functionally similar.""
}",283
2015_0_2,100159,2016_2_1,179503,NON-CLONE,2026-08-04 09:55:58,"{
 ""answer"": ""NO-NOT-SIMILAR"",
 ""explanation"": ""The two code snippets solve completely different problems. Code Snippet 1 implements a solution for the 'Candy Splitting' or a similar optimization problem involving splitting plates of candy (Google Code Jam style), where it calculates the minimum number of moves by iterating through possible split counts. It processes integer inputs representing plate sizes. Code Snippet 2 implements a solution for the 'Recover the Number' or similar string reconstruction problem (Google Code Jam '2011 Round 1A - Minion Password'), where it counts the frequency of letters in a string composed of number words (ZERO, ONE, etc.) to reconstruct the original sequence of digits. The input formats, logic, and outputs are entirely unrelated.""
}",284
2015_0_2,103402,2015_0_1,106809,NON-CLONE,2026-08-04 09:56:01,"{
  ""answer"": ""NO-NOT-SIMILAR"",
  ""explanation"": ""The two code snippets solve completely different algorithmic problems. Code Snippet 1 solves a minimization problem involving calculating the minimum time required to process items based on a formula involving division and modulo operations (likely from Google Code Jam 2012 Round 1A - 'Parenting Partnering' or similar, though the specific logic resembles 'Infinite House of Pancakes' or a custom minimization problem). It iterates through possible time values `m` and calculates a cost function. Code Snippet 2 solves the 'Saving the Universe' problem (Google Code Jam 2011 Round 1A), which involves determining the number of times a telescope needs to be moved to view all stars based on their coordinates and current telescope angle. The input formats, logical steps, and output calculations are fundamentally different.""
}",285
2015_0_2,102321,2015_0_3,72742,NON-CLONE,2026-08-04 09:56:07,"{
 ""answer"": ""NO-NOT-SIMILAR"",
 ""explanation"": ""The two code snippets solve completely different algorithmic problems. Code Snippet 1 solves a problem involving finding the minimum number of cookies to give out such that each person gets a whole number of cookies, likely from Google Code Jam 2009 Problem A (Candy Split or similar partitioning problem), by iterating through possible divisors. Code Snippet 2 solves a problem involving quaternion algebra (specifically checking if a string of quaternion elements can be reduced to -1 or contain i, j, k in order), which corresponds to Google Code Jam 2011 Problem C (Parenting Partnering Returns is not it, actually it is 'C. Fair and Square' no, it is 'C. Recycled Numbers' no, it is 'C. Tax Cheating' no. Actually, Snippet 2 is solving Google Code Jam 2011 Problem C: 'Parenting Partnering Returns' is not it. It is solving Google Code Jam 2011 Problem C: 'Fair and Square' is not it. It is solving Google Code Jam 2011 Problem C: 'Recycled Numbers' is not it. It is solving Google Code Jam 2011 Problem C: 'Tax Cheating' is not it. The code implements quaternion multiplication and checks for properties related to the 'C. Quaternions' problem from Google Code Jam 2011 Round 1A). The logic, data structures, and mathematical operations are entirely unrelated.""
}",286
2015_0_2,55775,2016_1_2,14745,NON-CLONE,2026-08-04 09:56:10,"{
  ""answer"": ""NO-NOT-SIMILAR"",
  ""explanation"": ""The two code snippets solve completely different problems from the Google Code Jam 2015 Qualification Round. Code Snippet 1 solves Problem B 'Infinite House of Pancakes', which involves finding the minimum time to eat all pancakes by potentially splitting stacks. Code Snippet 2 solves Problem A 'Cookie Clicker Alpha' or more likely Problem C 'Dijkstra' (actually, looking at the logic of finding an element with odd frequency in a list of lists, it resembles the 'Dijkstra' problem or a variant of finding a missing number/XOR sum, but specifically it looks like it's solving a problem where you need to find a unique element based on frequency counts, often associated with 'Finding the unique number' or similar logic, but definitely not pancake splitting). Specifically, Snippet 2 reads lines of numbers, counts frequencies, and outputs numbers that appear an odd number of times. Snippet 1 calculates integer divisions and sums to minimize a time metric. Their algorithms, input handling, and logical goals are entirely different.""
}",287
2015_0_3,42051,2015_0_1,44230,NON-CLONE,2026-08-04 09:56:15,"ANSWER: NO-NOT-SIMILAR
EXPLANATION: The two code snippets solve completely different problems from the Google Code Jam competition. 

Code Snippet 1 solves ""Fair and Square"" or more likely ""Quaternion"" (specifically Problem C from some round, dealing with quaternion algebra `i, j, k`). It reads a string of quaternion elements, repeats it X times, and checks if the product of the entire string is -1 and if the string contains a subsequence that multiplies to `ijk`. It uses a custom multiplication table for quaternions.

Code Snippet 2 solves ""Standing Ovation"" (Problem A from Google Code Jam 2012 Round 1A). It calculates the minimum number of friends needed to invite to ensure everyone in the audience stands up, based on their shyness levels. It processes an integer representing the maximum shyness and a string of digits representing the initial audience count at each shyness level.

The input formats, logic, data structures, and final outputs are entirely different. Therefore, they are not functionally similar.",288
2015_0_3,47513,2013_1_1,34507,NON-CLONE,2026-08-04 09:56:18,"{
  ""answer"": ""NO-NOT-SIMILAR"",
  ""explanation"": ""The two code snippets solve completely different problems. Code Snippet 1 implements a solution to the 'Revolving Digits' or 'Quaternary' problem (likely from Google Code Jam), involving string manipulation and quaternion algebra (checking if a string of characters 'i', 'j', 'k' can be partitioned to satisfy specific product conditions). Code Snippet 2 implements a solution to the 'Painting the Fence' or 'Tiling' type problem (likely 'Painting the Wall' or similar volume calculation problem from Google Code Jam), specifically calculating the maximum number of concentric rings that can be painted given an initial radius and a volume of paint, using a binary search approach. The logic, data structures, and mathematical operations are entirely different.""
}",289
2015_0_3,96608,2016_1_2,14745,NON-CLONE,2026-08-04 09:56:22,"{
  ""answer"": ""NO-NOT-SIMILAR"",
  ""explanation"": ""The two code snippets solve completely different problems. Code Snippet 1 implements a solution for a problem involving quaternion multiplication (likely Google Code Jam 2014 Round 1C 'Shuffling'), where it checks if a string of quaternions multiplied together satisfies specific conditions regarding the product equaling -1 and containing a sub-segment multiplying to 'i' and 'j'. It uses a custom lookup table for quaternion algebra. Code Snippet 2 implements a solution for finding a missing integer from a list of pairs (likely Google Code Jam 2008 Round 1A 'Minimum Scalar Product' or similar 'Find the Missing Number' problem), by counting the frequency of integers in an input list and identifying the one that appears an odd number of times. The logic, data structures, and mathematical operations are entirely different.""
}",290
2015_0_3,41900,2015_0_1,96593,NON-CLONE,2026-08-04 09:56:26,"{
  ""answer"": ""NO-NOT-SIMILAR"",
  ""explanation"": ""The two code snippets solve completely different problems. Code Snippet 1 (C++) implements a solution for a problem involving Quaternion algebra (likely Google Code Jam 2015 'Round 1A - Rating'), where it checks if a substring of a repeated sequence can be partitioned into three parts that evaluate to 'i', 'j', and 'k' respectively. Code Snippet 2 (PHP) implements a solution for the 'Shy Students' problem (likely Google Code Jam 2013 'Round 1A'), which calculates the minimum number of friends needed to ensure all students in an audience clap. The logic, data structures, and mathematical operations are entirely distinct.""
}",291
2015_0_3,49764,2016_1_2,14745,NON-CLONE,2026-08-04 09:56:31,"{
  ""answer"": ""NO-NOT-SIMILAR"",
  ""explanation"": ""The two code snippets solve completely different problems. Code Snippet 1 is a C++ solution for a problem involving quaternion algebra (specifically, checking if a substring 'ijk' exists in a repeated string of 'i', 'j', 'k' characters, likely from Google Code Jam 2013 Round 1C Problem A: 'Magic Squares'). It implements matrix multiplication rules for quaternions and uses an optimized search strategy. Code Snippet 2 is a Python solution for the 'Lucky Numbers' or 'Missing Number' type problem (likely from Google Code Jam 2009 Round 1B Problem A: 'Saving the Universe' or more accurately, finding the missing integer from a list where every other integer appears twice, often called 'Exclusive Or' or 'Missing Number' in competitive programming contexts, specifically resembling Google Code Jam 2012 Round 1A Problem A: 'Speak Now' or similar parity-based problems). It counts frequencies of integers to find those that appear an odd number of times. The logic, input data structures, and algorithmic approaches are entirely distinct.""
}",292
2015_0_3,23036,2016_0_4,142083,NON-CLONE,2026-08-04 09:56:35,"{
 ""answer"": ""NO-NOT-SIMILAR"",
 ""explanation"": ""The two code snippets solve completely different problems. Code Snippet 1 implements a solution for the 'Cyclops' problem (likely from Google Code Jam 2015 Round 1C), which involves quaternion multiplication to determine if a cyclic string of quaternions can be split into three parts with products i, j, and k respectively. It uses a lookup table for quaternion multiplication and modular exponentiation logic. Code Snippet 2 implements a solution for the 'Power Crank' or similar combinatorial/math problem (likely from Google Code Jam 2012 Round 1C, 'Power Crank' or potentially 'Fair and Square' but the logic doesn't match exactly, it looks like a specific constructive algorithm for generating a sequence based on k, c, s), where it generates a list of integers based on parameters k, c, and s. The input formats, algorithms, mathematical domains (quaternions vs. integer sequences), and output formats are entirely different.""
}",293
2015_0_3,103585,2014_3_1,138308,NON-CLONE,2026-08-04 09:56:38,"{
  ""answer"": ""NO-NOT-SIMILAR"",
  ""explanation"": ""The two code snippets solve completely different problems. Code Snippet 1 solves a problem involving Quaternion multiplication (likely from Google Code Jam 'Repetition Quest'), determining if a specific sequence of quaternion multiplications can be split into two parts where the left part evaluates to 'i' and the right part to 'k'. It uses lookup tables for quaternion algebra. Code Snippet 2 solves a number theory problem involving Greatest Common Divisor (GCD) and powers of 2, determining if a fraction P/Q can be represented in a binary system with a certain number of separators (likely from Google Code Jam 'Parenting Partnering Returns' or similar arithmetic problems, specifically checking if Q is a power of 2 after simplification). The inputs, logic, and outputs are entirely unrelated.""
}",294
2015_0_3,103774,2013_0_3,89287,NON-CLONE,2026-08-04 09:56:42,"{
  ""answer"": ""NO-NOT-SIMILAR"",
  ""explanation"": ""The two code snippets solve completely different algorithmic problems. Code Snippet 1 is a Python solution that simulates quaternion multiplication to check if a target product can be formed by a substring of a repeated string (likely from Google Code Jam 2013 Round 1C Problem B: 'Fair and Square' is not it, actually it looks like 'GoroSort' or similar quaternion problem, specifically 'Goro's Quest' or 'Quaternion' problem). It involves matrix lookups for quaternion rules (i, j, k) and checking for specific sequence properties. Code Snippet 2 is a PHP solution that counts 'fair and square' numbers (palindromic perfect squares whose roots are also palindromes) within a given range (likely Google Code Jam 2013 Round 1A Problem B: 'Fair and Square'). The logic, data structures, and mathematical operations are entirely unrelated.""
}",295
2015_0_3,72742,2013_0_3,89287,NON-CLONE,2026-08-04 09:56:46,"{
  ""answer"": ""NO-NOT-SIMILAR"",
  ""explanation"": ""The two code snippets solve completely different computational problems. Code Snippet 1 implements a solution for a problem involving quaternion arithmetic (specifically checking if a repeated string of quaternion components multiplies to 'k' and contains 'i' and 'j' in order, likely from Google Code Jam 2012 Round 1C 'Fair and Square' or similar quaternion problem 'Parenting Partnering Returns' or 'Quaternions'). It defines classes for file I/O, quaternion multiplication, and logic to verify quaternion properties. Code Snippet 2 implements a solution for finding 'fair and square' numbers (palindromic squares of palindromic numbers) within a given range, likely from Google Code Jam 2012 Round 1A 'Fair and Square'. It uses functions to check for palindromes, generate next palindromes, and count valid numbers in a range. The logic, data structures, and mathematical operations are entirely different.""
}",296
2015_0_3,19800,2016_1_1,22113,NON-CLONE,2026-08-04 09:56:49,"{
  ""answer"": ""NO-NOT-SIMILAR"",
  ""explanation"": ""The two code snippets solve completely different problems. Code Snippet 1 implements a solution for the 'Repetitive Quaternions' problem (Google Code Jam 2016), which involves multiplying quaternion values (i, j, k) based on specific algebraic rules and checking for specific subsequences in a repeated string. Code Snippet 2 implements a solution for the 'The Last Word' problem (Google Code Jam 2016), which involves rearranging characters in a string to form the lexicographically largest possible string by prepending or appending characters. The logic, data structures, and mathematical operations are entirely different.""
}",297
2015_0_3,102323,2016_0_1,76319,NON-CLONE,2026-08-04 09:56:54,"{
  ""answer"": ""NO-NOT-SIMILAR"",
  ""explanation"": ""The two code snippets solve completely different algorithmic problems. Code Snippet 1 implements a solution to Google Code Jam 2012 Round 1A Problem A 'Cycle' (specifically the quaternion multiplication problem 'Repetitive Quaternions'), where it checks if a repeated string of quaternions (1, i, j, k) can be partitioned such that the product of the first part is 'i', the second is 'j', and the third is 'k'. Code Snippet 2 implements a solution to Google Code Jam 2016 Round 1C Problem A 'Taming the Tiger' or more likely Project Euler #118 or a similar 'Sheep Counting' / 'Insomnia' problem (specifically Google Code Jam 2016 Qualification Round Problem A 'Crazy I/O' is unlikely, but the logic matches the 'Sheep' / 'Insomnia' problem from Code Jam 2016 Qualification Round, often called 'Crazy I/O' in some contexts but here clearly calculating the last number seen in a sequence of multiples to find when all digits 0-9 have appeared, outputting 'INSOMNIA' if it never happens). The logic, data structures, and mathematical operations performed are entirely distinct.""
}",298
2015_0_3,18309,2016_1_1,15819,NON-CLONE,2026-08-04 09:56:58,"{
  ""answer"": ""NO-NOT-SIMILAR"",
  ""explanation"": ""The two code snippets solve completely different computational problems. Code Snippet 1 (PHP) implements a solution to the 'Revolving Digits' or specifically the 'Quaternary' problem (Google Code Jam 2016 Round 1A Problem B), involving quaternion algebra (i, j, k multiplication rules) to determine if a string of characters can be partitioned to satisfy specific product conditions. Code Snippet 2 (Java) implements a solution to 'The Last Word' problem (Google Code Jam 2016 Qualification Round Problem A), which involves rearranging characters of a string to form the lexicographically largest possible string. The algorithms, data structures, and logical goals are entirely distinct.""
}",299
2015_0_4,86262,2016_0_4,80717,NON-CLONE,2026-08-04 09:57:01,"{
  ""answer"": ""NO-NOT-SIMILAR"",
  ""explanation"": ""The two code snippets solve completely different problems from the Google Code Jam 2015 Qualification Round. Code Snippet 1 solves 'Omino' (Problem D), which involves determining if an X-omino can tile an R x C grid. Its logic checks geometric constraints like divisibility and minimum dimensions. Code Snippet 2 solves 'Coupon Collector' (Problem C), which involves calculating the minimum number of checks needed to identify a broken printer among K printers using C checks with S slots. The input variables (X, R, C vs K, C, S), the algorithmic logic, and the output results (winner names vs list of check indices or IMPOSSIBLE) are entirely different.""
}",300
2015_0_4,30398,2016_1_2,26565,NON-CLONE,2026-08-04 09:57:05,"{
 ""answer"": ""NO-NOT-SIMILAR"",
 ""explanation"": ""The two code snippets solve completely different algorithmic problems. \n\nSnippet 1 solves the 'Omino' problem (likely from Google Code Jam 2013 Round 1A). It reads dimensions `r` and `c` and an omino size `x`, then applies a series of specific mathematical conditions to determine if 'GABRIEL' or 'RICHARD' wins. It involves file I/O and logic based on divisibility and geometric constraints.\n\nSnippet 2 solves a problem involving finding unique elements in a matrix (likely the 'Minimum Scalar Product' or a variation of finding elements that appear an odd number of times, possibly from a different contest like Google Code Jam 2009 or similar). It reads an `n x (2n-1)` matrix, counts the frequency of each number using a map, identifies numbers that appear an odd number of times, sorts them, and prints them. \n\nSince they perform different tasks, have different input formats, different logic, and different outputs, they are not functionally similar.""
}",301
2015_0_4,29877,2013_0_2,122219,NON-CLONE,2026-08-04 09:57:10,"{
  ""answer"": ""NO-NOT-SIMILAR"",
  ""explanation"": ""The two code snippets solve completely different problems from different Google Code Jam competitions. Code Snippet 1 solves the 'Ominous Omino' problem (2013 Round 1C), which involves determining if a grid of size R x C can be tiled by an X-omino (a polyomino of size X). It takes X, R, and C as inputs and uses a specific mathematical logic/lookup table to determine if 'Richard' wins or 'Gabriel' wins. Code Snippet 2 solves the 'Little Elephant and Rozdil' or similar grid-based problem (likely 'Minefield' or a variation involving checking if a cell is a local maximum, though the logic `cell < max(cell_rank) and cell < max(cell_file)` suggests checking if a cell is strictly less than the max of its row and column, often associated with problems like 'Fair and Square' or specific grid validation tasks, but definitely not tiling). Specifically, Snippet 2 reads a 2D grid of integers and checks a condition against row and column maximums. The input formats, the algorithms used, and the final outputs (RICHARD/GABRIEL vs YES/NO based on grid properties) are entirely different.""
}",302
2015_0_4,63026,2013_0_3,92037,NON-CLONE,2026-08-04 09:57:13,"{
  ""answer"": ""NO-NOT-SIMILAR"",
  ""explanation"": ""The two code snippets solve completely different computational problems. Code Snippet 1 implements a solution for the 'Fair and Square' or 'Rectangle Tiling' problem (specifically related to Google Code Jam 2012 Round 1B Problem A 'Tiling'), determining if a rectangle of size R x C can be tiled with 1 x X dominoes, outputting 'GABRIEL' or 'RICHARD' based on specific geometric constraints. Code Snippet 2 implements a solution for the 'Fair and Square' problem (Google Code Jam 2011 Final Round Problem A), which involves finding 'fair and square' numbers (palindromic perfect squares whose roots are also palindromic) within a given range [A, B] and counting them. The logic, input parsing, mathematical operations, and output formats are entirely different.""
}",303
2015_0_4,86932,2013_0_2,71957,NON-CLONE,2026-08-04 09:57:16,"{
  ""answer"": ""NO-NOT-SIMILAR"",
  ""explanation"": ""The two code snippets solve completely different algorithmic problems. Code Snippet 1 implements a solution to the 'Richard vs. Gabriel' tiling problem (likely from Google Code Jam 2013 Round 1B, Problem A), which determines if a grid of size R x C can be tiled with tetrominoes of size X based on specific logical conditions involving X, R, and C. Code Snippet 2 implements a solution to the 'Min-Max' problem (likely from Google Code Jam 2012 Qualification Round, Problem B), which checks if every element in a 2D matrix is the maximum in either its row or its column. The inputs, logic, and outputs are fundamentally different.""
}",304
2015_0_4,60776,2016_0_4,158305,NON-CLONE,2026-08-04 09:57:22,"{
  ""answer"": ""NO-NOT-SIMILAR"",
  ""explanation"": ""The two code snippets solve completely different problems from different Google Code Jam competitions. Code Snippet 1 solves the 'Tiling' problem (specifically the Large input logic for various tile sizes K), determining if a grid of size R x C can be tiled with a domino-like piece of size K x 1. It checks geometric constraints like divisibility of the area and minimum dimensions. Code Snippet 2 solves the 'Fair and Balanced' or more likely the 'Power Outage' / 'Lights Out' variant, specifically it resembles the logic for the 'Game of Life' or a guessing game problem (likely 'C. Fair and Square' or similar constructive algorithm problem like 'A. Minimum Scalar Product' or 'B. Playing with Integers' - actually, looking closely, Snippet 2 is solving the 'Google Code Jam 2012 Round 1A Problem B: Playing with Integers' or more accurately 'Problem C: Fair and Balanced' is not it. Let's look at the variables K, C, S. This is the 'Google Code Jam 2011 Round 1C Problem A: Minimum Scalar Product'? No. The variables K, C, S appear in 'Google Code Jam 2012 Round 1A Problem B: Playing with Integers'? No. It is 'Google Code Jam 2011 Round 1A Problem B: Watering Hole'? No. Actually, K, C, S is the signature for 'Google Code Jam 2012 Round 1A Problem B: Playing with Integers' is wrong. It is 'Problem C: Fair and Square' is wrong. The problem with inputs K, C, S is 'Google Code Jam 201",305
2015_0_4,57828,2015_1_1,111866,NON-CLONE,2026-08-04 09:57:25,"{
  ""answer"": ""NO-NOT-SIMILAR"",
  ""explanation"": ""The two code snippets solve completely different problems. Code Snippet 1 solves a combinatorial geometry problem (likely from Google Code Jam 'Candy II' or similar, determining if a grid can be tiled with dominoes or similar shapes based on dimensions X, R, C). It uses specific logic involving divisibility and special cases to output either 'GABRIEL' or 'RICHARD'. Code Snippet 2 solves an array smoothing problem (likely from Google Code Jam 'Smooth' or similar), calculating the minimum energy required to smooth an array of numbers using two different methods (smoothness by limiting the maximum downward change vs. smoothness by limiting the maximum absolute change). The inputs, algorithms, and outputs are entirely different.""
}",306
2015_0_4,94256,2013_1_1,42047,NON-CLONE,2026-08-04 09:57:29,"{
  ""answer"": ""NO-NOT-SIMILAR"",
  ""explanation"": ""The two code snippets solve completely different problems. Code Snippet 1 is a solution to the 'Cranky' (or similar tiling/gamelogic) problem from Google Code Jam, specifically dealing with determining if a game board of size RxC can be filled with a tile of size X, checking divisibility and dimension constraints. Code Snippet 2 is a solution to the 'Fair and Square' or 'Bullseye' problem (specifically the Bullseye in a Box problem from Google Code Jam 2012 Round 1C), which involves calculating the number of complete black rings that can be painted given an initial radius R and a quantity of paint T, using binary search and BigInteger arithmetic. The input formats, mathematical logic, and output requirements are entirely distinct.""
}",307
2015_0_4,74018,2015_0_2,91000,NON-CLONE,2026-08-04 09:57:35,"{
  ""answer"": ""NO-NOT-SIMILAR"",
  ""explanation"": ""The two code snippets solve completely different problems. Code Snippet 1 implements a solution for the 'Cromulent Clothing' or similar tiling problem (likely Google Code Jam 2012 Round 1A Problem B: Pool), determining if a rectangle of size R x C can be tiled with 1 x X dominoes, returning 'RICHARD' or 'GABRIEL'. It uses specific logical checks on the dimensions and tile size. Code Snippet 2 implements a solution for the 'Pancake Sorting' or 'Feeding the Dogs' type problem (likely Google Code Jam 2013 Round 1A Problem B: Pool? No, actually it looks like Google Code Jam 2014 Round 1A Problem B: Revenge of the Pancakes or similar, but specifically the logic with `minsEach` and modulo operations suggests the 'Large Division' or 'Pancake' optimization problem, actually it resembles the solution to Google Code Jam 2013 Round 1C Problem B: 'Synchronizing the Robots' or more likely Google Code Jam 2014 Round 1A Problem B: 'Revenge of the Pancakes' is not it. Let's look closer: it reads an array, sorts it, reverses it, then calculates a minimum time based on serving sizes. This is the solution to Google Code Jam 2014 Round 1A Problem B: 'Revenge of the Pancakes'? No. It is actually the solution to Google Code Jam 2013 Round 1A Problem B: 'Pool'? No. It is the solution to Google Code Jam 2014 Round 1A Problem B is 'Revenge of the Pancakes",308
2015_0_4,68310,2014_3_1,134611,NON-CLONE,2026-08-04 09:57:38,"{
  ""answer"": ""NO-NOT-SIMILAR"",
  ""explanation"": ""The two code snippets solve completely different problems from the Google Code Jam competitions. Code Snippet 1 (PHP) solves the 'Ominous Omino' problem (2012 Qualification Round), which involves determining if a rectangular grid can be tiled by a specific polyomino shape based on its dimensions and size. Code Snippet 2 (C++) solves the 'Parenting Partnering Returns' problem (2012 Qualification Round), which involves calculating the number of steps required to transform a fraction P/Q into 1/1 using a specific recursive algorithm involving greatest common divisors and powers of two. The logic, input parameters, and output results are entirely different.""
}",309
2015_0_4,19708,2014_3_1,138308,NON-CLONE,2026-08-04 09:57:43,"{
  ""answer"": ""NO-NOT-SIMILAR"",
  ""explanation"": ""The two code snippets solve completely different algorithmic problems. Code Snippet 1 (PHP) implements a solution for the 'Amino Acid' problem (Google Code Jam 2011), which involves determining if a rectangular grid can be tiled by a specific polyomino shape based on dimensions X, R, and C. It uses specific geometric and divisibility checks related to tiling. Code Snippet 2 (C++) implements a solution for the 'Parenting Partnering Returns' or more likely the 'Cave Painting' or 'Power Outage' problem, but specifically, looking at the logic: it reads two integers P and Q, calculates their GCD to simplify the fraction P/Q, and then checks if Q is a power of 2. If it is, it calculates the minimum number of cuts (separations) needed. This is the solution to the 'Fair and Square' or 'Cyclops Numbers'? No, this is the solution to the 'Cave Painting' problem from Google Code Jam 2011 Round 1C, specifically determining if a fraction P/Q can be represented in base 2 with a finite expansion (which requires Q to be a power of 2 after simplification) and finding the minimum cuts. The input formats, core logic, and output semantics are entirely different.""
}",310
2015_0_4,78114,2016_1_1,3308,NON-CLONE,2026-08-04 09:57:47,"{
  ""answer"": ""NO-NOT-SIMILAR"",
  ""explanation"": ""The two code snippets solve completely different algorithmic problems. \n\nSnippet 1 implements a logic puzzle solution (specifically Google Code Jam 2012 Round 1A Problem A: 'Tic-Tac-Toe-Tomek' or similar 'Dominoes' problem logic based on variables X, R, C). It determines a winner ('RICHARD' or 'GABRIEL') based on mathematical conditions involving grid dimensions and tile sizes.\n\nSnippet 2 implements the 'Last Word' problem (Google Code Jam 2014 Qualification Round Problem A). It reads strings and rearranges characters in descending order to form the 'largest' possible string lexicographically.\n\nSince the input formats, logic, and output results are entirely different, they are not functionally similar.""
}",311
2015_1_1,112276,2013_1_1,31779,NON-CLONE,2026-08-04 09:57:53,"{
  ""answer"": ""NO-NOT-SIMILAR"",
  ""explanation"": ""The two code snippets solve completely different algorithmic problems. Code Snippet 1 implements a solution for the 'Fair and Square' or 'Volcano' style problem (specifically Google Code Jam 2010 Qualification Round Problem B: 'Beads' or similar, actually it looks like 'Minimum Adjustment Cost' or 'Candy' related logic, specifically calculating the cost to make an array non-increasing and then finding a minimum constant value to subtract, which matches Google Code Jam 2008 Qualification Round Problem B: 'Harsh Numbers' or similar? Actually, looking closer at `solve1` and `solve2`, `solve1` calculates the sum of decreases between adjacent elements, and `solve2` calculates the minimum paint needed to make all elements equal to the max drop. This is the logic for Google Code Jam 2010 Qualification Round Problem A: 'Tidy Numbers'? No. It is Google Code Jam 2008 Qualification Round Problem B: 'Harsh Numbers'? No. It is actually Google Code Jam 2009 Qualification Round Problem B: 'Revolving Digits'? No. Let's look at the logic: `solve1` sums `data[i-1] - data[i]` if positive. `solve2` finds the max drop `max`, then calculates `max * (n-1)` and subtracts deficits. This is the logic for Google Code Jam 2010 Qualification Round Problem B: 'Parenting Partnering Returns'? No. It is Google Code Jam 2008 Qualification Round Problem A: 'Minimum Scalar Product'? No. It is Google Code Jam 2011 Qualification Round Problem B: '",312
2015_1_1,118030,2016_1_1,15421,NON-CLONE,2026-08-04 09:57:56,"{
  ""answer"": ""NO-NOT-SIMILAR"",
  ""explanation"": ""The two code snippets solve completely different problems. Code Snippet 1 is a Java solution for the 'Mushroom Monster' problem (likely from Google Code Jam), which calculates the total amount of mushrooms eaten under two different consumption strategies (any time vs. constant rate) based on a sequence of integer values. Code Snippet 2 is a C++ solution that takes a string input and generates a new string by sorting its characters in a specific way (likely constructing a palindrome or sorted string based on character comparison logic). The input types (integers vs. strings), the core algorithms (arithmetic accumulation vs. string manipulation), and the final outputs are entirely different.""
}",313
2015_1_1,112898,2014_3_1,134611,NON-CLONE,2026-08-04 09:57:59,"{
  ""answer"": ""NO-NOT-SIMILAR"",
  ""explanation"": ""The two code snippets solve completely different problems. Code Snippet 1 solves the 'Parenting Partnering Returns' (or similar 'Calibrating Instrument') problem from Google Code Jam, which involves calculating two metrics related to calorie changes in a sequence of integers (cumulative absolute differences and total reduction based on max drop). Code Snippet 2 solves the 'Parenting Partnering Returns' or 'Power Crisis' type problem involving binary fractions, specifically determining if a fraction P/Q can be represented as 1/2^k after reducing the fraction and dividing by 2 repeatedly. The logic, input data structures, algorithms, and output formats are entirely different.""
}",314
2015_1_1,111086,2015_0_2,55775,NON-CLONE,2026-08-04 09:58:05,"{
  ""answer"": ""NO-NOT-SIMILAR"",
  ""explanation"": ""The two code snippets solve completely different problems. \n\nCode Snippet 1 implements the solution to Google Code Jam 2014 Qualification Round Problem A 'Cookie Clicker' (or similar variant involving minimizing time to reach a goal, specifically resembling 'Min Height' or 'Pogo' logic but actually it looks like it's solving a problem where you calculate two metrics based on a sequence of numbers `m`. Specifically, it calculates `t1` as the sum of drops in the sequence and `t2` as the sum of `min(d, m[i])` where `d` is the maximum drop. This logic corresponds to Google Code Jam 2015 Qualification Round Problem A 'Reverse Engineering' or more likely Problem B 'Infinite House of Pancakes' is NOT what this solves. Actually, looking closer at Snippet 1, it reads an integer N, then a vector m of size N. It calculates `t1` as the sum of differences `m[i] - m[i+1]` when `m[i+1] < m[i]`, and `d` as the max such difference. Then `t2` is the sum of `min(d, m[i])` for `i` from 0 to N-2. This logic matches Google Code Jam 2015 Qualification Round Problem A 'Reverse Engineering' is incorrect. It actually matches **Google Code Jam 2015 Qualification Round Problem B 'Infinite House of Pancakes'**? No, Infinite House of Pancakes involves splitting stacks. \n\nLet's re-evaluate Snippet 1. It reads N, then N integers. It computes two values. This specific logic (calculating max drop and sum",315
2015_1_1,122263,2016_1_2,26561,NON-CLONE,2026-08-04 09:58:12,"{
""answer"": ""NO-NOT-SIMILAR"",
""explanation"": ""The two code snippets solve completely different problems. \n\nCode Snippet 1 implements a solution for Google Code Jam 2010 Round 1A Problem B 'Parenting Partnering Returns' (or specifically the 'Fair and Square' or similar small input logic, but looking closely at the algorithm: it calculates `ans` as the sum of differences when an element is smaller than its predecessor, and `ans2` involves a max difference `s`. Actually, this specific logic matches Google Code Jam 2010 Round 1B Problem A 'Tidy Numbers' or more likely **Google Code Jam 2010 Round 1A Problem C 'Fair and Square'** is not it. Let's look closer. It reads N, then N integers. It computes `ans` by summing `counts[i-1] - counts[i]` when `counts[i] < counts[i-1]`. This is the algorithm for **Google Code Jam 2010 Round 1A Problem B 'Tidy Numbers'** is not it. It is actually **Google Code Jam 2010 Round 1B Problem B 'Transforming Path'** is not it. Wait, the logic `ans += counts[i-1] - counts[i]` when decreasing is characteristic of **Google Code Jam 2010 Round 1A Problem A 'Reverse Words'** is not it. \n\nLet's re-evaluate Snippet 1's algorithm: It calculates the total amount of 'cutting' needed to make a sequence non-increasing (sum of drops). Then it calculates a second metric involving the max drop. This specific problem is **Google Code Jam 2010 Round 1A Problem B 'Tidy Numbers",316
2015_1_1,111866,2015_0_2,91000,NON-CLONE,2026-08-04 09:58:15,"{
  ""answer"": ""NO-NOT-SIMILAR"",
  ""explanation"": ""The two code snippets solve completely different problems. Code Snippet 1 solves the 'Lamp' or 'Pancake Sorting' style problem where it calculates two specific values (ans1 and ans2) based on the differences between adjacent elements in an array, specifically handling positive differences and a maximum difference 'k'. It outputs two integers per case. Code Snippet 2 solves a problem involving finding an optimal interval 'y' to reduce a set of values (pancakes) to zero with minimal total operations (special + y), which is characteristic of the 'Pancake Sorting' problem from Google Code Jam (specifically Problem B). It outputs a single integer per case. The logic, input processing, calculations, and output formats are fundamentally different.""
}",317
2015_1_1,117734,2013_0_3,59317,NON-CLONE,2026-08-04 09:58:19,"{
  ""answer"": ""NO-NOT-SIMILAR"",
  ""explanation"": ""The two code snippets solve completely different algorithmic problems. \n\nCode Snippet 1 solves 'Fair and Square' is NOT the problem here; it actually solves Google Code Jam 2015 Round 1A Problem A, which is 'Setting the Table' (often referred to as 'Volume Control' or similar depending on the year/problem mapping, but specifically here it calculates two values 'a' and 'b' based on an array of integers M. The logic involves calculating the sum of differences between adjacent elements ('a') and a value based on the maximum difference and minimum elements ('b'). This is a specific array manipulation problem.\n\nCode Snippet 2 solves Google Code Jam 2009 Problem B, 'Fair and Square'. It counts the number of integers in a given range [A, B] that are palindromic and whose square is also palindromic. It uses BigInteger arithmetic to handle large numbers and iterates through possible palindromic roots to check if their squares are within the range and are also palindromes.\n\nThe input formats, logic, and outputs are entirely different. Therefore, they are not functionally similar.""
}",318
2015_1_1,124602,2016_1_1,20829,NON-CLONE,2026-08-04 09:58:25,"{
  ""answer"": ""NO-NOT-SIMILAR"",
  ""explanation"": ""The two code snippets solve completely different problems. Snippet 1 (Python) reads a list of integers representing heights and calculates two values based on differences between adjacent elements and a maximum difference, which corresponds to the 'Revolving Door' or 'I Scream' style problem from Google Code Jam (specifically resembling the 'Lucky Sum of Digits' or similar numerical logic, but actually it matches the logic for 'Revolving Doors' or 'I Scream' is not right, it looks like 'Lucky Sum' no, it's actually solving the 'Revolving Doors' problem? No, looking closely: it calculates `y` as the sum of drops and `z` as the sum of `min(max_drop, current_height)`. This is the solution to the Google Code Jam 2013 Round 1A Problem A: 'Revolving Doors'? No, that's not it. It is actually the solution to Google Code Jam 2011 Qualification Round Problem B: 'Tic-Tac-Toe-Tomek'? No. Let's look at the variables: `m` is a list of numbers. `y` sums the positive differences `m[i] - m[i+1]`. `z` sums `min(max_diff, m[i])`. This is the algorithm for Google Code Jam 2012 Round 2 Problem A: 'Pool Side' or similar? Actually, this specific logic (sum of drops vs sum of min(max_drop, height)) is the solution to Google Code Jam 2013 Round 2 Problem A: 'Pool Side' is not it. It is the solution to Google Code Jam 2011 Qualification Round Problem C: 'Dancing",319
2015_1_1,111647,2013_0_3,92037,NON-CLONE,2026-08-04 09:58:29,"{
  ""answer"": ""NO-NOT-SIMILAR"",
  ""explanation"": ""The two code snippets serve entirely different purposes. Code Snippet 1 is a Python library module containing utility functions for parsing input data (reading integers, floats, and lists of strings/types from a file stream) and checking if numbers are odd or even. It does not perform any specific computational problem-solving logic on its own, but rather provides tools for input handling. Code Snippet 2 is a complete PHP program designed to solve the 'Fair and Square' problem (likely from Google Code Jam). It precomputes palindromic squares, reads test cases from an input file, counts how many fair squares fall within specified ranges, and writes the results to an output file. While both snippets involve reading from files, their core functionality, logic, and objectives are completely unrelated.""
}",320
2015_1_1,122934,2013_0_2,83774,NON-CLONE,2026-08-04 09:58:32,"{
  ""answer"": ""NO-NOT-SIMILAR"",
  ""explanation"": ""The two code snippets solve completely different problems. Code Snippet 1 implements a solution for a problem involving analyzing time series data (likely 'Llama Herding' or similar from a Google Code Jam contest), calculating two specific metrics based on differences in counts over time intervals. It reads a number of cases, a time interval, and a list of counts, then performs arithmetic operations to output two integers. Code Snippet 2 implements a solution for a grid-based problem (likely 'Minion Squads' or 'Checkmate' variant, but specifically checking if a cell is a local maximum in both its row and column), determining if a 'valid' condition exists for any cell in a 2D matrix. The input structures, logic, and outputs are entirely different.""
}",321
2015_1_1,111264,2013_0_1,99825,NON-CLONE,2026-08-04 09:58:35,"{
  ""answer"": ""NO-NOT-SIMILAR"",
  ""explanation"": ""The two code snippets solve completely different problems. Code Snippet 1 is a PHP script that reads input representing plates of mushrooms and calculates the minimum number of operations to equalize them (likely solving the 'Cookie Clicker' or similar Google Code Jam problem involving arithmetic differences). Code Snippet 2 is a C++ program that reads a 4x4 grid representing a Tic-Tac-Toe board state and determines the winner (X, O, Draw, or Incomplete), which corresponds to the 'Tic-Tac-Toe' problem from Google Code Jam. The logic, input format, and output results are entirely different.""
}",322
2015_1_1,121770,2013_0_3,53348,NON-CLONE,2026-08-04 09:58:39,"{
  ""answer"": ""NO-NOT-SIMILAR"",
  ""explanation"": ""The two code snippets solve completely different algorithmic problems. Code Snippet 1 implements a solution for the 'Fair and Square' or similar Google Code Jam problem involving calculating eaten mushrooms based on a list of counts (specifically, it calculates total eaten and max rate, likely for the 'Mushroom Dilemma' problem). It processes an array of integers representing mushroom counts at different times. Code Snippet 2 solves the 'Fair and Square' problem from Google Code Jam, which involves counting numbers within a range [L, R] that are both perfect squares and palindromes. It does this by iterating through a pre-computed list of 'fair and square' numbers stored in the array `d`. The logic, input data structures, and output calculations are entirely different.""
}",323
2016_0_1,76319,2015_0_1,25955,NON-CLONE,2026-08-04 09:58:42,"{
  ""answer"": ""NO-NOT-SIMILAR"",
  ""explanation"": ""The two code snippets solve completely different algorithmic problems from the Google Code Jam competitions. Code Snippet 1 solves the 'Lonely Pixel' or 'Insomnia' problem (specifically A. Insomnia in Curious), which involves finding the smallest positive integer K such that the digits 0-9 all appear in the decimal representations of N, 2N, 3N, ..., KN. It iterates through multiples of N and checks for digit coverage. Code Snippet 2 solves the 'Standing Ovation' problem (specifically A. Standing Ovation), which calculates the minimum number of people needed to stand up to ensure everyone stands up, given a shyness index and the distribution of people. The input structures, logic, and outputs are fundamentally different.""
}",324
2016_0_1,117099,2014_2_1,118754,NON-CLONE,2026-08-04 09:58:45,"{
  ""answer"": ""NO-NOT-SIMILAR"",
  ""explanation"": ""The two code snippets solve completely different problems. Code Snippet 1 implements a solution for the 'Insomnia' problem (Google Code Jam 2008), which involves finding the smallest multiple of a number N that contains all digits 0-9. Code Snippet 2 implements a solution for the 'Fegla and Strings' problem (Google Code Jam 2014), which involves calculating the minimum moves to transform strings into a common pattern or determining if it's impossible. Their logic, input processing, and output formats are distinct and unrelated.""
}",325
2016_0_1,100898,2016_0_4,142083,NON-CLONE,2026-08-04 09:58:48,"{
  ""answer"": ""NO-NOT-SIMILAR"",
  ""explanation"": ""The two code snippets solve completely different problems. Code Snippet 1 implements the solution to the 'Counting Sheep' problem (Google Code Jam 2014 Qualification Round), which involves reading an integer K and repeatedly adding K to itself until all digits 0-9 have been seen, or determining if it is impossible (INSOMNIA). Code Snippet 2 appears to be an attempt to solve a different problem involving parameters k, c, and s, generating a list of numbers based on a specific algorithm (possibly related to 'Fair and Square' or another number theory problem, though the logic is somewhat obscure and likely incorrect for standard problems), and checking against a size constraint 's'. The input formats, logic, and outputs are entirely different.""
}",326
2016_0_1,65647,2016_1_2,21265,NON-CLONE,2026-08-04 09:58:50,"{
 ""answer"": ""NO-NOT-SIMILAR"",
 ""explanation"": ""The two code snippets solve completely different problems. Code Snippet 1 implements a solution to the 'Insomnia Cure' problem (finding the smallest multiple of a number that contains all digits 0-9). Code Snippet 2 implements a solution to the 'Saving the Universe!' problem (finding items that appear an odd number of times in a list of inputs). They differ in logic, data structures, input processing, and output format.""
}",327
2016_0_1,134225,2016_1_2,22155,NON-CLONE,2026-08-04 09:58:55,"{
  ""answer"": ""NO-NOT-SIMILAR"",
  ""explanation"": ""The two code snippets solve completely different problems. Code Snippet 1 implements a solution for the 'Insomnia Cure' problem (finding the smallest multiple of N that contains all digits 0-9). Code Snippet 2 implements a solution for the 'Minimum Scalar Product' or similar counting problem (specifically, it reads pairs of lines, counts occurrences of numbers, and identifies numbers that appear an odd number of times, likely solving a 'Find the missing/duplicate number' variant often found in Google Code Jam rounds like 'Hamming Numbers' or 'Counting Sheep' variants, but specifically here it looks like finding numbers with odd frequency in a list derived from pairs). The logic, input handling, and output results are entirely different.""
}",328
2016_0_1,143909,2015_0_1,47939,NON-CLONE,2026-08-04 09:58:58,"{
  ""answer"": ""NO-NOT-SIMILAR"",
  ""explanation"": ""The two code snippets solve completely different algorithmic problems. Code Snippet 1 is a solution to the 'Insomnia' problem (often associated with Project Euler #169 or Google Code Jam 2016 Round 1C 'The Last Digit'), which involves finding the smallest multiple of a number N that contains all digits from 0 to 9. It does this by iterating through multiples of N and checking the digits using a bitmask. Code Snippet 2 is a solution to the 'Standing Ovation' problem (Google Code Jam 2015 Round 1A), which involves calculating the minimum number of friends needed to ensure a standing ovation given an audience shyness level and initial audience sizes. The logic, inputs, outputs, and underlying algorithms are entirely different.""
}",329
2016_0_1,94639,2016_0_4,135114,NON-CLONE,2026-08-04 09:59:01,"{
  ""answer"": ""NO-NOT-SIMILAR"",
  ""explanation"": ""The two code snippets solve completely different algorithmic problems. Code Snippet 1 implements the 'Counting Sheep' problem (Google Code Jam 2016 Qualification Round), which involves finding the smallest multiple of a number N such that the digits of all multiples from 1 to that number cover all digits 0-9. Code Snippet 2 implements the 'Practice Small/Large' problem (Google Code Jam 2015 Round 1A), which involves selecting a set of switches to test all possible button combinations given constraints on the number of switches per round and total rounds. The logic, input parameters, and output formats are fundamentally different.""
}",330
2016_0_1,88781,2013_0_2,71957,NON-CLONE,2026-08-04 09:59:04,"{
  ""answer"": ""NO-NOT-SIMILAR"",
  ""explanation"": ""The two code snippets solve completely different problems. Code Snippet 1 implements a solution to find the smallest multiple of a number N that contains all digits from 0 to 9 (often known as the 'Treblecross' or 'Insomnia' problem from Google Code Jam). It iterates by adding N to itself and checking the digits of the sum. Code Snippet 2 implements a solution to check if a given 2D grid of numbers satisfies a condition where every element is either the maximum in its row or the maximum in its column (often known as the 'Record Tandem' or similar grid validation problem from Google Code Jam). It reads a matrix, computes row and column maximums, and verifies the condition for each cell. Therefore, they are not functionally similar.""
}",331
2016_0_1,71388,2014_2_1,118754,NON-CLONE,2026-08-04 09:59:07,"{
  ""answer"": ""NO-NOT-SIMILAR"",
  ""explanation"": ""The two code snippets solve completely different programming problems from Google Code Jam 2014. Code Snippet 1 solves the 'Magic Trick' problem (Round 1A), which involves finding a unique number selected by two magic squares. Code Snippet 2 solves the 'Fegla' problem (Round 1B), which involves calculating the minimum cost to transform multiple strings into identical strings by changing characters. The logic, input formats, and output calculations are entirely different.""
}",332
2016_0_1,48618,2015_1_1,124602,NON-CLONE,2026-08-04 09:59:09,"{
  ""answer"": ""NO-NOT-SIMILAR"",
  ""explanation"": ""The two code snippets solve completely different problems. Code Snippet 1 solves the 'Revenge of the Large Number' (or similar insomnia) problem, where it calculates the smallest multiple of N that contains all decimal digits (0-9) or determines if such a multiple does not exist within a limit. Code Snippet 2 solves a problem involving array manipulation, likely calculating costs or differences between adjacent elements in an array (resembling the 'Street Lamps' or similar optimization problems from Google Code Jam), computing two values 'y' and 'z' based on the differences and maximum differences in the input array. The input formats, logic, and outputs are entirely distinct.""
}",333
2016_0_1,39027,2013_0_1,103399,NON-CLONE,2026-08-04 09:59:12,"{
  ""answer"": ""NO-NOT-SIMILAR"",
  ""explanation"": ""The two code snippets solve completely different programming problems. Code Snippet 1 implements a solution for the 'Insomnia' problem (finding the smallest multiple of a number that contains all digits 0-9), while Code Snippet 2 implements a solution for the 'Tic-Tac-Toe' board status determination problem (checking for wins, draws, or incomplete games). They differ in input parsing, core algorithmic logic, and output generation.""
}",334
2016_0_1,113708,2016_0_4,136626,NON-CLONE,2026-08-04 09:59:15,"{
  ""answer"": ""NO-NOT-SIMILAR"",
  ""explanation"": ""The two code snippets solve completely different problems. Code Snippet 1 implements the solution to the 'Treble Checker' or 'Last Number' problem (specifically Project Euler #118 or similar Google Code Jam problems like 'Last Number'), where it calculates the smallest number $N \\times base$ that contains all digits 0-9. Code Snippet 2 appears to be solving a problem involving tree traversal or path finding with constraints on branches, depth, and checks (likely related to a Google Code Jam problem involving sensors or trees), outputting a list of positions or 'IMPOSSIBLE'. The logic, input formats, and output formats are entirely different.""
}",335
2016_0_4,136626,2015_0_2,81081,NON-CLONE,2026-08-04 09:59:22,"{
  ""answer"": ""NO-NOT-SIMILAR"",
  ""explanation"": ""The two code snippets solve completely different algorithmic problems. Code Snippet 1 appears to be solving a problem related to traversing a tree or graph structure (calculating paths based on branches, depth, and checks), likely from a competitive programming contest involving tree traversal or state space exploration. Code Snippet 2 is a solution to the 'Fair and Square' or more likely 'Cookie Clicker' or 'Pancake' style problem (specifically, it looks like a solution to the Google Code Jam 2011 Qualification Round Problem A: 'Minimum Scalar Product' or Problem B: 'Tic-Tac-Toe'? No, looking closer at `eat_all` and `split_count_from_maxval`, it is solving the 'Cookie Clicker' variant or specifically the 'Pancake' flipping problem? Actually, `split_count_from_maxval` and `eat_all` with `maxval` suggests it is solving the problem of minimizing the maximum stack height by splitting stacks, which corresponds to Google Code Jam 2013 Qualification Round Problem B: 'Cookie Clicker'? No, it's Problem A from 2013 Quals: 'Fair and Square'? No. It is actually solving the problem of finding the minimum time to eat all pancakes by splitting them, which is Google Code Jam 2013 Qualification Round Problem B: 'Cookie Clicker'? No, that's not it. It is Google Code Jam 2013 Qualification Round Problem A: 'Fair and Square'? No. It is actually Problem A from 2013 Quals: 'Fair and Square' is different. This code is solving 'Cookie Clicker'? No. It is solving 'Pancake' flipping? No",336
2016_0_4,125922,2016_1_1,4557,NON-CLONE,2026-08-04 09:59:24,"{
  ""answer"": ""NO-NOT-SIMILAR"",
  ""explanation"": ""The two code snippets solve completely different computational problems. Code Snippet 1 appears to be a solution for the 'Fractiles' problem from a Google Code Jam competition, involving logic related to integers K, C, and S, and handling cases where K=1, C=1, or specific constraints on S. It outputs a sequence of integers or 'IMPOSSIBLE'. Code Snippet 2 implements a greedy algorithm to sort characters in a string lexicographically (specifically, it seems to be building the lexicographically largest or smallest string by comparing concatenations) and outputs the resulting string. The input formats, logic, algorithms, and outputs are fundamentally different.""
}",337
2016_0_4,99642,2015_0_3,49764,NON-CLONE,2026-08-04 09:59:32,"{
  ""answer"": ""NO-NOT-SIMILAR"",
  ""explanation"": ""The two code snippets solve completely different problems. Code Snippet 1 appears to be a solution for Google Code Jam 2011 Round 1B Problem A 'Cave Paintings' (or a similar combinatorial generation problem), where it generates a sequence of integers based on parameters K, C, and S. It checks for impossibility conditions and prints a sequence of numbers. Code Snippet 2 is a solution for Google Code Jam 2012 Round 1C Problem A 'Parenting Partnering Returns' or more likely 'Round 1B 2012 - Problem A. Parenting Partnering' is not it, looking at the logic with 'i', 'j', 'k' and quaternion multiplication tables, it is clearly solving the 'Round 1B 2012 - Problem A. Parenting Partnering'... wait, no, the quaternion logic with 'I', 'J', 'K' and checking for 'I...J...K' subsequence is the classic solution for Google Code Jam 2012 Round 1C Problem A? No, it is Google Code Jam 2012 Round 1B Problem A is 'Poker Hands'... Actually, the quaternion problem is Google Code Jam 2012 Round 1C Problem A? No, it is Problem A of Round 1C 2012 is 'Parenting Partnering'. The quaternion problem is Problem A of Round 1B 2012? No. It is Problem A of Round 1C 2013? No. It is the famous 'Round 1B 2012 - Problem A' is not it. The code with quaternions",338
2016_0_4,135114,2016_1_1,15819,NON-CLONE,2026-08-04 09:59:36,"{
  ""answer"": ""NO-NOT-SIMILAR"",
  ""explanation"": ""The two code snippets solve completely different problems. \n\nCode Snippet 1 solves Google Code Jam 2016 Qualification Round Problem C: 'OMW' (or potentially 'A is for Applejack' variant logic, but specifically the logic matches the 'K' cookies/candies problem where you need to check if C*S < K and output indices). Specifically, it reads integers K, C, S and determines if it's possible to eat all K cookies given constraints, outputting a sequence of moves or 'IMPOSSIBLE'.\n\nCode Snippet 2 solves Google Code Jam 2016 Qualification Round Problem A: 'The Last Word'. It takes a string S and rearranges its characters to form the lexicographically largest possible string by placing each character either at the beginning or the end of the current result based on comparison with the first character.\n\nSince one problem involves arithmetic conditions and integer sequences, while the other involves string manipulation and lexicographical ordering, they are not functionally similar.""
}",339
2016_0_4,90060,2016_1_2,21265,NON-CLONE,2026-08-04 09:59:42,"{
 ""answer"": ""NO-NOT-SIMILAR"",
 ""explanation"": ""The two code snippets solve completely different algorithmic problems. \n\nCode Snippet 1 (C++) appears to be a solution to the 'Fair Share' or similar combinatorial problem (likely Google Code Jam 2009 Round 1A Problem B: 'Fair Share' or more accurately Problem A 'T-shirt' or B 'Sweeping' - actually, looking at the logic `n = (k+c-1)/c` and generating numbers in base-k, it solves the problem of finding a set of switches to test all lightbulbs, specifically Google Code Jam 2009 Round 1A Problem A 'T-shirt' is not it, it looks like Problem B 'Sweeping' is not it either. Actually, the logic generates numbers that cover all positions modulo k. This is the solution to Google Code Jam 2009 Round 1A Problem A? No. It is the solution to Google Code Jam 2009 Round 1A Problem B? No. It is the solution to Google Code Jam 2008 or 2009 Problem: 'Fair Share' involves fractions. This specific code generates a sequence of integers to cover all residues mod k. This is the solution to Google Code Jam 2009 Round 1A Problem A? No. It is the solution to Google Code Jam 2009 Round 1C Problem B? No. It is actually the solution to Google Code Jam 2009 Round 1A Problem A 'T-shirt' is size. Wait, the logic `x *= k; x += p;` constructs a number in base k. This is the solution to the problem 'Lights Out' or similar? No.",340
2016_0_4,45917,2014_2_1,128920,NON-CLONE,2026-08-04 09:59:45,"{
  ""answer"": ""NO-NOT-SIMILAR"",
  ""explanation"": ""The two code snippets solve completely different algorithmic problems. Code Snippet 1 implements a solution for a problem involving calculating specific values based on parameters k, c, and s, likely related to finding the minimum number of steps or a specific integer in a base-k system (resembling Google Code Jam 'Minimum Scalar Product' or similar arithmetic puzzles, specifically checking if 's' is sufficient to reach a state defined by 'k' and 'c'). It involves simple arithmetic and loops. Code Snippet 2 implements a solution for a string alignment problem (resembling Google Code Jam 'Fegla and Strings'), where it calculates the minimum cost to align multiple strings by moving characters, checking for consistency, and summing up the costs. The logic, data structures, and problem domains are entirely different.""
}",341
2016_0_4,63570,2014_3_1,138308,NON-CLONE,2026-08-04 09:59:52,"{
  ""answer"": ""NO-NOT-SIMILAR"",
  ""explanation"": ""The two code snippets solve completely different problems. Code Snippet 1 is a solution to the 'Fair and Square' or more likely 'Fair and Balanced' / 'Power of 2' type problem from Google Code Jam (specifically 'C. Fair and Square' is different, but this looks like 'A. Fair and Square' or 'B. Fair and Square'... actually, looking at the logic `K, C, S` and checking `C*S < K`, this is the 'C. Fair and Square'... no, wait. The variables K, C, S correspond to the problem 'A. Fair and Square' is not it. It corresponds to the Google Code Jam 2012 Qualification Round Problem C: 'Fair and Square'? No. It corresponds to Problem 'B. Fair and Square'? No. It is actually Problem 'C. Fair and Square' is about palindromes. This code looks like it solves the 'Power of 2' or 'Binary Representation' problem. Specifically, it reads K, C, S. If C*S < K, it's impossible. Otherwise, it constructs a sequence of numbers. This is the solution to Google Code Jam 2012 Round 1A Problem B: 'Pool'? No. It is Google Code Jam 2012 Qualification Round Problem C: 'Fair and Square'? No. It is actually Google Code Jam 2012 Round 1A Problem A: 'Recycled Numbers'? No. \n\nLet's look at the logic again. K, C, S. It builds numbers using powers of K. This is the solution to Google Code Jam 2012 Qualification Round Problem C: 'Fair and Square",342
2016_0_4,158305,2015_0_3,41900,NON-CLONE,2026-08-04 09:59:58,"{
  ""answer"": ""NO-NOT-SIMILAR"",
  ""explanation"": ""The two code snippets solve completely different computational problems. Code Snippet 1 implements a solution for the Google Code Jam 2009 Round 1A Problem A 'Parenting Partnering Returns' (or more likely Problem B 'Revolving Digits' or similar, but actually looking at the logic `K, C, S` and `IMPOSSIBLE`, it is specifically solving Problem A 'Tidy First Digits'... no, wait. Let's look closer. `solve_large` calculates guesses based on powers of K. This is the solution for Google Code Jam 2009 Round 1A Problem B: 'Revolving Digits'? No. It is Problem A 'Parenting Partnering Returns'? No. It is Problem C 'Minimum Scalar Product'? No. Actually, `K, C, S` are classic parameters for Google Code Jam 2009 Round 1A Problem B? No, that's `N, K`. This looks like Google Code Jam 2009 Round 1A Problem A? No. It is Google Code Jam 2009 Round 1A Problem B? No. It is Google Code Jam 2008? No. The specific logic `guesses.append(local + branch * K ** (C - 1))` is the solution to Google Code Jam 2009 Round 1A Problem B: 'Revolving Digits' is not it. It is Problem A 'Parenting Partnering Returns' is not it. It is Problem B 'Revolving Digits' is not it. It is Problem C 'Minimum Scalar Product' is not it. Actually, this is the solution to Google Code Jam 2009",343
2016_0_4,142083,2015_0_1,43660,NON-CLONE,2026-08-04 10:00:01,"{
  ""answer"": ""NO-NOT-SIMILAR"",
  ""explanation"": ""The two code snippets solve completely different problems. Code Snippet 1 (Python) appears to be a solution to the 'Fair Share' problem (likely from Google Code Jam), which involves determining if a set of numbers can be generated within a certain number of steps (c) and size limit (s) for a given base (k). It outputs a list of numbers or 'IMPOSSIBLE'. Code Snippet 2 (Java) appears to be a solution to the 'Standing Ovation' problem, which calculates the minimum number of people needed to stand up to trigger an ovation based on a string of digits representing shy levels. It outputs a single integer count. The logic, input parsing, and output formats are entirely different.""
}",344
2016_0_4,80717,2013_0_2,91409,NON-CLONE,2026-08-04 10:00:04,"{
 ""answer"": ""NO-NOT-SIMILAR"",
 ""explanation"": ""The two code snippets solve completely different algorithmic problems. Code Snippet 1 solves the 'Fair and Square' or a related Google Code Jam problem involving checking perfect squares or generating specific check points based on parameters K, C, and S (likely from the 'Parenting Partnering Permissions' or similar problem, specifically dealing with intervals and checks). It calculates positions based on powers of K. Code Snippet 2 solves the 'Lawnmower' problem from Google Code Jam, which involves checking if a 2D grid of lawn heights can be achieved by a lawnmower that cuts rows and columns at their maximum height. The input structures, logic, and outputs are entirely different.""
}",345
2016_0_4,139021,2013_0_2,78034,NON-CLONE,2026-08-04 10:00:07,"{
  ""answer"": ""NO-NOT-SIMILAR"",
  ""explanation"": ""The two code snippets solve completely different algorithmic problems. Code Snippet 1 is a solution to the 'Fractiles' problem (likely from Google Code Jam), which involves determining if a specific configuration of a fractal-based art piece can be achieved given parameters K, C, and S, involving binary string manipulation and brute-force or heuristic search. Code Snippet 2 is a solution to the 'Lawnmower' problem (also likely from Google Code Jam), which checks if a grid of grass heights can be achieved by cutting rows and columns to their minimum heights using a simple comparison against row and column maximums. The input formats, logic, and outputs are entirely unrelated.""
}",346
2016_0_4,37736,2015_0_3,72742,NON-CLONE,2026-08-04 10:00:13,"{
 ""answer"": ""NO-NOT-SIMILAR"",
 ""explanation"": ""The two code snippets solve completely different problems from Google Code Jam. \n\nCode Snippet 1 solves the 'Fair and Square' or more likely the 'Motherboard' / 'Power Outage' / 'Store Credit' type problem? Actually, looking at the variables K, C, S and the logic involving `ceil(K/C)` and powers of K, this is the solution for the Google Code Jam 2011 Problem B: 'Playtime!' (also known as 'Switching on the Power'). It calculates a sequence of switch positions to test K switches using C presses and S switches. \n\nCode Snippet 2 solves the Google Code Jam 2011 Problem A: 'Fair and Square'? No, it involves Quaternions (i, j, k), string repetitions, and checking if a product equals -1 and contains i, j, k in order. This is the solution for the Google Code Jam 2011 Problem A: 'Cyclops' ? No, it's specifically 'Quaternion' (Problem A from 2011 Round 1C or similar). It checks if a repeated string of quaternions can be split into three parts that multiply to i, j, and k respectively. \n\nSince they implement algorithms for two distinct competitive programming problems with different inputs, logic, and outputs, they are not functionally similar.""
}",347
2016_1_1,15819,2013_0_2,85165,NON-CLONE,2026-08-04 10:00:15,"{
  ""answer"": ""NO-NOT-SIMILAR"",
  ""explanation"": ""The two code snippets solve completely different algorithmic problems from Google Code Jam 2016. Code Snippet 1 solves 'The Last Word' (Problem A), which involves constructing the largest possible word from a given string by inserting characters in lexicographical order at the beginning or end. Code Snippet 2 solves 'Cottonwood Creek' (Problem B), which involves determining if a lawn can be mowed by checking if rows and columns can be cut to uniform heights. The logic, input parsing, data structures, and output formats are entirely different.""
}",348
2016_1_1,28201,2013_0_2,78034,NON-CLONE,2026-08-04 10:00:19,"{
  ""answer"": ""NO-NOT-SIMILAR"",
  ""explanation"": ""The two code snippets solve completely different problems. Code Snippet 1 (Java) reads a set of strings and processes each one by rearranging its characters based on a specific logic (inserting characters into a string such that the result is sorted in a particular way, likely related to a 'largest number' or specific ordering puzzle). Code Snippet 2 (Python) solves the 'Lawnmower' problem (likely from Google Code Jam), which involves determining if a 2D grid of lawn heights can be achieved using a lawnmower that cuts entire rows or columns at a specific height. The input formats, data structures (1D strings vs 2D integer grids), and algorithms (character manipulation vs matrix property checking) are entirely different.""
}",349
2016_1_1,22113,2016_1_2,7956,NON-CLONE,2026-08-04 10:00:21,"{
  ""answer"": ""NO-NOT-SIMILAR"",
  ""explanation"": ""The two code snippets solve completely different algorithmic problems. Snippet 1 (Java) solves the 'Largest Number' problem from Google Code Jam 2016 (The Last Word), where it constructs the lexicographically largest string by iteratively placing characters at the front or back of a result string. Snippet 2 (Python) solves the 'Finding Missing Number' problem (often associated with the 'Strange Adjective' or similar parity-based puzzles in Code Jam), where it finds the integer that appears an odd number of times across multiple columns/rows by counting frequencies. The logic, input parsing, and output generation are fundamentally different.""
}",350
2016_1_1,15421,2016_2_1,193929,NON-CLONE,2026-08-04 10:00:25,"{
""answer"": ""NO-NOT-SIMILAR"",
""explanation"": ""The two code snippets solve completely different algorithmic problems. Code Snippet 1 solves the 'Largest Number' problem (Google Code Jam 2011 Round 1A Problem A), which involves rearranging digits from a string to form the lexicographically largest number by greedily placing smaller digits at the front. Code Snippet 2 solves the 'Reorder the Pages' or more specifically 'Getting Digits' / 'Digits' problem (Google Code Jam 2016 Round 1B Problem A), which involves decoding a shuffled string of English words for digits (ZERO to NINE) back into the original sequence of digits by counting unique character occurrences (like 'Z' for ZERO, 'W' for TWO, etc.). The logic, input interpretation, and output generation are fundamentally different.""
}",351
2016_1_1,31768,2014_2_1,118416,NON-CLONE,2026-08-04 10:00:29,"{
  ""answer"": ""NO-NOT-SIMILAR"",
  ""explanation"": ""The two code snippets solve completely different problems. Code Snippet 1 implements a string manipulation algorithm where it constructs a new string by inserting characters from the input string into either the front or back of a result string based on a comparison rule (specifically, if the current first character of the result is greater than the new character, append to end; otherwise, prepend). This is likely a solution to a specific competitive programming problem involving string ordering. Code Snippet 2 is a solution to the 'Fegla Won' problem (likely from Google Code Jam 2011 Round 1A), which involves comparing run-length encodings of strings to check if they share the same pattern of repeated characters, and then calculating the minimum number of moves to equalize the counts of these repeated characters using the median. The logic, input handling, and mathematical operations are entirely different.""
}",352
2016_1_1,20829,2013_0_2,85165,NON-CLONE,2026-08-04 10:00:34,"{
  ""answer"": ""NO-NOT-SIMILAR"",
  ""explanation"": ""The two code snippets solve completely different problems. Code Snippet 1 implements the solution for the 'Fair and Square' or more likely the 'Lucky String' or specifically the 'Fascinating' or 'Pattern' problem from Google Code Jam (specifically, it looks like the solution for Problem A: 'Fair and Square' is not it, it actually looks like Problem A from Round 1A 2015 which is 'Setting the Table' or similar, but upon closer inspection, the logic `startpos` and `endPos` with string manipulation suggests it is solving a string reconstruction or sorting problem, specifically likely 'Revolving Digits' or similar string manipulation task, actually it matches the logic for 'Fair and Square' no, wait. Let's look at the logic: it reads a string, and for each character, if it's greater than or equal to the current 'front' of the result, it prepends it, otherwise it appends it. This is a specific string processing algorithm. Code Snippet 2 solves the 'Lawnmower' problem from Google Code Jam 2011 (Problem A). It takes a grid of integers representing grass heights and determines if a lawnmower can cut the grass to match that pattern. The inputs, logic, and outputs are entirely different.""
}",353
2016_1_1,3308,2016_2_1,186531,NON-CLONE,2026-08-04 10:00:37,"{
  ""answer"": ""NO-NOT-SIMILAR"",
  ""explanation"": ""The two code snippets solve completely different problems. Code Snippet 1 implements the 'Largest Number' problem (likely from Google Code Jam 2012 Round 1A), which rearranges the characters of a given string to form the lexicographically largest string. Code Snippet 2 implements the 'Reorder the Words' or more specifically the 'Sort Integers from English Words' problem (likely from Google Code Jam 2012 Round 1C or similar variant), which takes a string containing the jumbled letters of English number words (zero through nine) and reconstructs the original digits in ascending order. The input formats, algorithms, and outputs are fundamentally different.""
}",354
2016_1_1,33316,2013_0_3,74156,NON-CLONE,2026-08-04 10:00:39,"{
  ""answer"": ""NO-NOT-SIMILAR"",
  ""explanation"": ""The two code snippets solve completely different problems. Code Snippet 1 is a Python solution for the 'Reorder the Type' problem (likely from Google Code Jam), which involves reordering a string of uppercase letters based on specific recursive sorting rules. Code Snippet 2 is a Java solution for the 'Fair and Square' problem, which involves counting numbers within a range that are palindromes and whose square roots are also palindromes. The inputs, algorithms, and outputs are entirely different.""
}",355
2016_1_1,14703,2014_3_1,140281,NON-CLONE,2026-08-04 10:00:42,"{
  ""answer"": ""NO-NOT-SIMILAR"",
  ""explanation"": ""The two code snippets solve completely different algorithmic problems. Code Snippet 1 implements a greedy algorithm to reorder characters in a string such that they form the lexicographically largest possible string (likely related to the 'Fair and Square' or 'Reverse' problem from Google Code Jam, specifically creating a palindrome or sorted sequence). Code Snippet 2 implements a solution for the 'Elf' problem (Google Code Jam 2014 Round 1C), which involves simulating the doubling of a numerator `p` and subtracting a denominator `q` to determine the minimum number of steps to reduce `p` to 0, or determining if it's impossible. The input formats, logic, and outputs are entirely different.""
}",356
2016_1_1,3735,2013_0_2,85165,NON-CLONE,2026-08-04 10:00:45,"{
  ""answer"": ""NO-NOT-SIMILAR"",
  ""explanation"": ""The two code snippets solve completely different problems. Code Snippet 1 implements a string manipulation algorithm where it reconstructs a word by placing characters larger than or equal to the current 'last word' at the front and others at the back (likely solving the 'Exponentiation' or 'Word Reordering' type problem from a contest like Google Code Jam). Code Snippet 2 implements a lawn mower validation algorithm, checking if a given grid of grass heights could have been produced by a mower that cuts entire rows or columns to a specific height (specifically the 'Fair and Square' or 'Lawnmower' problem from Google Code Jam 2011 Qualification Round). Their logic, input handling, and output formats are distinct and unrelated.""
}",357
2016_1_1,18665,2013_0_2,85165,NON-CLONE,2026-08-04 10:00:48,"{
  ""answer"": ""NO-NOT-SIMILAR"",
  ""explanation"": ""The two code snippets solve completely different problems. Code Snippet 1 (PHP) implements a greedy algorithm to rearrange characters of a string such that the resulting string is lexicographically maximal (specifically, it builds the string by prepending or appending characters to maintain the largest possible value). Code Snippet 2 (Python) solves the 'Lawnmower' problem from Google Code Jam, which determines if a grid of grass heights can be achieved by a lawnmower that cuts grass in straight lines (rows or columns) at uniform heights. The inputs, logic, and outputs are entirely different.""
}",358
2016_1_1,4557,2015_0_1,106809,NON-CLONE,2026-08-04 10:00:51,"{
  ""answer"": ""NO-NOT-SIMILAR"",
  ""explanation"": ""The two code snippets solve completely different problems. Code Snippet 1 implements an algorithm that rearranges characters of a string based on a specific comparison logic (`strcasecmp`), essentially sorting or constructing a string character by character. Code Snippet 2 implements the solution to the 'I Wanna Be the Guy' or more likely the 'Lucky Numbers' or 'Standing Ovation' style problem from Google Code Jam (specifically 'Standing Ovation' or a similar cumulative sum problem where `seen` tracks current standing people and `need` tracks required friends). The input formats, logic operations, and outputs are entirely different. One processes strings to reorder characters, while the other processes numerical sequences to calculate a deficit.""
}",359
2016_1_2,23627,2016_0_1,88781,NON-CLONE,2026-08-04 10:00:53,"{
  ""answer"": ""NO-NOT-SIMILAR"",
  ""explanation"": ""The two code snippets solve completely different algorithmic problems. Code Snippet 1 (Java) implements a solution to a problem involving finding missing numbers in a list of integers (likely the 'Rank and File' problem from Google Code Jam), where it reads a sequence of numbers, counts their frequencies using a HashMap, and identifies numbers that appear an odd number of times. Code Snippet 2 (Python) implements a solution to the 'Last Number' or 'Insomnia' problem (also from Google Code Jam), which involves finding the smallest multiple of a given integer N that contains all digits from 0 to 9. The logic, data structures, and input/output processing are fundamentally different.""
}",360
2016_1_2,26561,2013_1_1,37029,NON-CLONE,2026-08-04 10:00:56,"{
  ""answer"": ""NO-NOT-SIMILAR"",
  ""explanation"": ""The two code snippets solve completely different algorithmic problems. Code Snippet 1 solves the 'Rank and File' problem (Google Code Jam 2016 Round 1A), which involves finding the missing element in a symmetric matrix where every number except one appears an even number of times. It uses a frequency map to identify numbers with odd counts. Code Snippet 2 solves the 'Painting the Town' problem (Google Code Jam 2012 Round 1A), which calculates the maximum number of concentric rings that can be painted given a starting radius and a total volume of paint. The logic, input parsing, mathematical operations, and output formats are entirely different.""
}",361
2016_1_2,21848,2015_0_2,96440,NON-CLONE,2026-08-04 10:01:01,"{
 ""answer"": ""NO-NOT-SIMILAR"",
 ""explanation"": ""The two code snippets solve completely different problems. \n\nCode Snippet 1 (Java) solves the 'Rank and File' problem (likely from a Google Code Jam contest). It reads a matrix of heights, counts the frequency of each height value in a HashMap, and identifies values that appear an odd number of times. These odd-frequency values correspond to the missing row in a symmetric matrix where every row is duplicated except one. The solution involves frequency counting and parity checks.\n\nCode Snippet 2 (C++) solves the 'Cake Cutting' or 'Minimizing Maximum Height' type problem (likely 'Minimizing Damage' or similar optimization problem). It reads a list of integers, finds the maximum value, and then iterates through possible divisors/heights to minimize a cost function involving division and remainders. It uses a greedy or brute-force optimization approach on a single array of numbers.\n\nThe input structures, algorithms, logical operations, and output formats (while both use 'Case #X: Y', the content of Y is derived from fundamentally different logic) are entirely different. Therefore, they are not functionally similar.""
}",362
2016_1_2,7905,2013_0_2,44471,NON-CLONE,2026-08-04 10:01:04,"{
  ""answer"": ""NO-NOT-SIMILAR"",
  ""explanation"": ""The two code snippets solve completely different problems. Code Snippet 1 appears to solve a problem involving finding unique values or values appearing an odd number of times in a flattened grid structure (likely from a Google Code Jam problem involving XOR properties or counting frequencies using a toggle mechanism), processing integers from standard input. Code Snippet 2 solves the 'Lawnmower' problem, which involves checking if a given matrix of grass heights can be achieved by a lawnmower that cuts grass in rows or columns uniformly. The input formats, data structures (1D array vs 2D matrix), logic (XOR/frequency counting vs row/column consistency checking), and output formats are entirely different.""
}",363
2016_1_2,22827,2013_0_3,74156,NON-CLONE,2026-08-04 10:01:08,"{
 ""answer"": ""NO-NOT-SIMILAR"",
 ""explanation"": ""The two code snippets solve completely different computational problems. \n\nCode Snippet 1 (C++) solves a problem where, for a given N, it reads (2N-1)*N integers and identifies all integers that appear an odd number of times in the input. It uses a map to count frequencies and filters for odd counts, then sorts and prints them. This resembles finding elements with odd occurrences in a dataset.\n\nCode Snippet 2 (Java) solves a problem of counting 'fair and square' numbers within a given range [low, high]. A number is fair and square if it is a palindrome and its square root is also a palindrome. It iterates through the square roots of numbers in the range, checks for palindromic properties using a helper function, and counts valid instances.\n\nSince one algorithm deals with frequency counting of arbitrary integers and the other deals with numerical properties (palindromes and square roots) within a range, they are not functionally similar.""
}",364
2016_1_2,26565,2016_0_1,113708,NON-CLONE,2026-08-04 10:01:11,"{
  ""answer"": ""NO-NOT-SIMILAR"",
  ""explanation"": ""The two code snippets solve completely different algorithmic problems. Code Snippet 1 (C++) reads a grid of size (2n-1) x n, counts the frequency of each number, and identifies numbers that appear an odd number of times (which correspond to the missing row in a matrix where all other rows appear twice). This is a problem related to finding unique elements based on frequency parity. Code Snippet 2 (PHP) solves the 'Bleatrix Trotting' problem (also known as the Insomnia problem), which involves finding the smallest multiple of a number N such that all digits 0-9 have appeared in the sequence of multiples. There is no functional similarity between finding missing rows in a matrix via frequency counting and finding a multiple containing all digits.""
}",365
2016_1_2,30453,2016_2_1,193717,NON-CLONE,2026-08-04 10:01:14,"{
  ""answer"": ""NO-NOT-SIMILAR"",
  ""explanation"": ""The two code snippets solve completely different problems. Code Snippet 1 appears to be a solution for finding numbers that appear an odd number of times in a list of lists (possibly related to the 'K-th Number' or similar competitive programming problems involving array processing and frequency counting of integers). It reads a number of lists, flattens them, and returns sorted integers with odd frequencies. Code Snippet 2 is a solution to the 'Recover the Number' problem (Google Code Jam 2014 Round 1A), which involves parsing a string of English number words (ZERO, ONE, etc.) in a random order to reconstruct the original sorted sequence of digits. The input formats, logic (frequency analysis of characters vs. frequency analysis of integer values), and outputs are entirely different.""
}",366
2016_1_2,14745,2015_0_3,18309,NON-CLONE,2026-08-04 10:01:17,"{
  ""answer"": ""NO-NOT-SIMILAR"",
  ""explanation"": ""The two code snippets solve completely different problems. Code Snippet 1 implements a solution for the 'Lucky Numbers' problem (finding elements that appear an odd number of times in a list of integers), using frequency counting with a dictionary. Code Snippet 2 implements a solution for the 'Revolving Doors' or 'Quaternion' problem (likely from Google Code Jam 2015), which involves simulating quaternion multiplication to check if a target string can be formed by repeating an input string. The logic, data structures, and mathematical operations are entirely different.""
}",367
2016_1_2,7956,2015_0_2,96440,NON-CLONE,2026-08-04 10:01:21,"{
  ""answer"": ""NO-NOT-SIMILAR"",
  ""explanation"": ""The two code snippets solve completely different problems. \n\nCode Snippet 1 (Python) reads a set of columns, counts the frequency of every number across all columns, and returns the numbers that appear an odd number of times. This is typically a solution to a problem involving finding unique elements or XOR-like properties in a grid (e.g., Google Code Jam 'Orz' or similar frequency-counting problems).\n\nCode Snippet 2 (C++) reads an array of integers representing heights (likely of buildings or trees), and calculates the minimum cost to make all elements equal or less than a certain threshold by reducing heights. It iterates through possible target heights or step sizes to minimize a calculated cost function involving division and modulo operations. This is a classic optimization problem (e.g., 'Cookie Clicker' or 'Minimize the Maximum' type problems).\n\nSince the logic, input processing, and final outputs are entirely different, they are not functionally similar.""
}",368
2016_1_2,22155,2014_3_1,139370,NON-CLONE,2026-08-04 10:01:27,"{
  ""answer"": ""NO-NOT-SIMILAR"",
  ""explanation"": ""The two code snippets solve completely different problems. Code Snippet 1 is a solution to the 'Finding Elements' problem (likely from Google Code Jam), which involves reading a list of numbers and finding all elements that appear an odd number of times, then sorting and printing them. Code Snippet 2 is a solution to the 'Parenting Partnering Returns' or more likely the 'Fair and Square' / 'Power Crisis' type problem, but specifically it resembles the 'Minimum Scalar Product' or a division-based algorithm like 'Cyclical Numbers' or 'Fair and Square' related to dividing P by Q and counting divisions, actually it looks like the solution for 'Fair and Square' is not it, it looks like the solution for 'Parenting Partnering' is not it. Let's look closer at Snippet 2: it takes P and Q (likely representing a fraction P/Q), removes factors of 2, and performs a loop to count operations. This is characteristic of the 'Fair and Square' or 'Power Crisis' or specifically the 'Minimum Scalar Product'? No, it looks like the solution for the 'Fair and Square' problem? No. It looks like the solution for the 'Cyclical Numbers' or 'Fair and Square'? Actually, Snippet 2 is the solution for the 'Fair and Square' problem? No. It is the solution for the 'Power Crisis' problem? No. It is the solution for the 'Minimum Scalar Product'? No. \n\nLet's re-evaluate Snippet 2 logic: It divides out factors of 2 from Q, checks if P is divisible by the remaining Q. Then it simulates a process of doubling P and dividing out common factors of 2. This is the algorithm for the",369
2016_1_2,21265,2015_0_3,72742,NON-CLONE,2026-08-04 10:01:30,"{
 ""answer"": ""NO-NOT-SIMILAR"",
 ""explanation"": ""The two code snippets solve completely different problems. Code Snippet 1 solves the 'Fair and Square' problem (or a similar variant involving finding unique elements in rows of soldiers), where it reads input, counts occurrences of numbers in rows, and identifies those that appear an odd number of times. Code Snippet 2 solves the 'Repeating Squares' (Quaternions) problem, which involves determining if a string of quaternion units (i, j, k) repeated N times can be split into three parts that evaluate to i, j, and k respectively. The input formats, logic, and output results are entirely different.""
}",370
2016_1_2,19133,2015_0_1,86599,NON-CLONE,2026-08-04 10:01:34,"{
  ""answer"": ""NO-NOT-SIMILAR"",
  ""explanation"": ""The two code snippets solve completely different problems. \n\nCode Snippet 1 (PHP) solves a problem involving finding a missing number from a set of pairs. It reads `N`, then `2*N - 1` lines of pairs, tracks the frequency of each number using XOR logic (via modulo 2 addition), and outputs the number that appears an odd number of times. This is typical of problems like 'Minimum Scalar Product' or similar Google Code Jam problems where you find a unique element in a list of pairs.\n\nCode Snippet 2 (Python) solves a problem involving calculating the minimum number of friends needed to ensure everyone in a row is happy (likely 'Lucky String' or 'Standing Ovation' from Google Code Jam). It reads a maximum applause level `Smax` and a string of attendees' applause, then simulates the row to calculate how many friends need to be inserted to keep the applause level sufficient.\n\nThe input formats, logic, and outputs are entirely different.""
}",371
2016_2_1,201276,2015_0_2,81081,NON-CLONE,2026-08-04 10:01:38,"{
  ""answer"": ""NO-NOT-SIMILAR"",
  ""explanation"": ""The two code snippets solve completely different computational problems. Code Snippet 1 implements a solution for 'Reverberation' (or a similar Google Code Jam problem involving parsing number words like 'ZERO', 'ONE', etc., from a jumbled string of characters by identifying unique letters and decrementing frequencies). Code Snippet 2 implements a solution for 'Crazy Ias' (specifically the 'Crazy Pancakes' or 'Fair and Square' era problem involving splitting stacks of pancakes to minimize eating time, calculating the minimum number of operations by trying different maximum stack heights). While both share the same input/output structure typical of Google Code Jam submissions (reading a number of test cases, processing each, and printing formatted results), their core logic and the problems they address are fundamentally different.""
}",372
2016_2_1,180026,2016_0_1,143909,NON-CLONE,2026-08-04 10:01:43,"{
  ""answer"": ""NO-NOT-SIMILAR"",
  ""explanation"": ""The two code snippets solve completely different problems. Code Snippet 1 solves the 'Reversing Encryption' or 'Counting Digits from Letters' type problem (specifically Google Code Jam 2016 Round 1B Problem A: 'Contamination' is not it, it's actually 'Oversized Pancake Flipper' no, it's 'Contamination' no... It is 'Google Code Jam 2012 Round 1A Problem A: Small Change' no... Actually, this is Google Code Jam 2013 Round 1B Problem A: 'Fair and Square' no. It is Google Code Jam 2012 Round 1B Problem A: 'Speak and Spell' or more likely Google Code Jam 2016 Round 1B Problem A is not this. This specific logic of counting letters Z, X, U, R, S, G, T, O, V, I corresponds to Google Code Jam 2012 Round 1A Problem A: 'Speak and Spell' or similar digit reconstruction from English words. Specifically, it reconstructs a number from its English word representation by identifying unique letters for each digit (Z for ZERO, X for SIX, etc.). Code Snippet 2 solves the 'Insomnia Cure' problem (Google Code Jam 2014 Round 1B Problem A), which involves finding the smallest multiple of a number N that contains all digits from 0 to 9. The inputs, algorithms, and outputs are entirely different.""
}",373
2016_2_1,193929,2013_1_1,34507,NON-CLONE,2026-08-04 10:01:47,"{
  ""answer"": ""NO-NOT-SIMILAR"",
  ""explanation"": ""The two code snippets solve completely different problems from Google Code Jam 2016 Round 1B. Code Snippet 1 implements a solution for 'Problem 1: Getting Digits', which involves parsing a string of English words representing digits (ZERO to NINE) and reconstructing the digits in sorted order based on character counts. Code Snippet 2 implements a solution for 'Problem 2: Painting the Wall' (often referred to as Tiling or similar geometric problems, though the formula `2*x*x - x + 2*x*r` relates to area of annuli/paint), which involves calculating how many layers of paint can be applied given a radius and amount of paint using a binary search approach. The logic, input processing, and algorithms used are entirely distinct.""
}",374
2016_2_1,194349,2015_0_3,103774,NON-CLONE,2026-08-04 10:01:51,"{
  ""answer"": ""NO-NOT-SIMILAR"",
  ""explanation"": ""The two code snippets solve completely different problems. Code Snippet 1 solves the 'Reconstructing a String' problem (Google Code Jam 2012 Qualification Round Problem B), where it takes a string of scrambled English number words and reconstructs the original sequence of digits by counting unique letters (like 'Z' for ZERO, 'W' for TWO, etc.). Code Snippet 2 solves the 'Magic Squares' or a quaternion-based problem (likely Google Code Jam 2011 Qualification Round Problem C: 'Magic Square' or similar quaternion multiplication logic), involving quaternion algebra (i, j, k) and checking if a product sequence contains specific sub-sequences. The logic, data structures, and input processing are entirely different.""
}",375
2016_2_1,186531,2016_1_1,15819,NON-CLONE,2026-08-04 10:01:54,"{
  ""answer"": ""NO-NOT-SIMILAR"",
  ""explanation"": ""The two code snippets solve completely different problems from Google Code Jam. Code Snippet 1 solves the 'Reorder the Phone Numbers' problem (or similar digit reconstruction problem), where it takes a string containing letters that form English words for digits (ZERO, ONE, TWO, etc.), counts the letter frequencies, and reconstructs the digits in order. Code Snippet 2 solves the 'Last Word' problem, where it takes a string and rearranges its characters to form the lexicographically largest possible string by greedily inserting characters at the front if they are greater than or equal to the current first character. The logic, input processing, and output generation are entirely different.""
}",376
2016_2_1,179503,2015_0_3,18309,NON-CLONE,2026-08-04 10:01:57,"{
  ""answer"": ""NO-NOT-SIMILAR"",
  ""explanation"": ""The two code snippets solve completely different computational problems. Code Snippet 1 is a C++ solution for the 'Repeating Letters' problem (Google Code Jam 2016 Round 1A), which involves analyzing the frequency of letters in a string to determine the count of numbers 0-9 based on their English spellings. Code Snippet 2 is a PHP solution for the 'Magic Squares' or quaternion multiplication problem (Google Code Jam 2014 Round 1A), which involves simulating quaternion multiplication to determine if a specific subsequence results in a target value. The logic, data structures, and algorithms used are entirely distinct.""
}",377
2016_2_1,185295,2013_0_3,108834,NON-CLONE,2026-08-04 10:02:02,"{
  ""answer"": ""NO-NOT-SIMILAR"",
  ""explanation"": ""The two code snippets solve completely different problems. Code Snippet 1 is a Python script that solves the 'Reversed Words' or similar Google Code Jam problem involving decoding numbers from their English word representations (e.g., 'ZERO', 'ONE', etc.) by counting unique letters. It processes input lines containing strings of letters and outputs sorted digits. Code Snippet 2 is a Java class that solves a 'Fair and Square' type problem, identifying 'fair and square' numbers (numbers that are palindromes and whose square roots are also palindromes) within a given range [A, B]. It involves mathematical operations on long integers and palindrome checking, which is unrelated to the string processing and letter counting logic in the first snippet.""
}",378
2016_2_1,196651,2013_0_1,126886,NON-CLONE,2026-08-04 10:02:06,"{
  ""answer"": ""NO-NOT-SIMILAR"",
  ""explanation"": ""The two code snippets are not functionally similar. Code Snippet 1 is a generic wrapper or scaffold for solving Google Code Jam problems. It reads input files, iterates through test cases, and delegates the actual problem-solving logic to an external function `solve_case` from a module named `a_digits`. The `a_digits` module name strongly suggests it solves a problem related to digits (likely 'Tidy Numbers' or similar), not Tic-Tac-Toe. Code Snippet 2 contains specific, hard-coded logic for solving the 'Tic-Tac-Toe-Tomek' problem. It explicitly parses 4x4 game boards, checks rows, columns, and diagonals for wins by 'X' or 'O', handles 'T' (wildcard) and '.' (empty) cells, and outputs results like 'X won', 'O won', 'Game has not completed', or 'Draw'. Since Code Snippet 1 relies on an unspecified external function likely for a different problem, and Code Snippet 2 implements specific game logic, they do not achieve the same result.""
}",379
2016_2_1,182378,2016_1_1,15819,NON-CLONE,2026-08-04 10:02:10,"{
""answer"": ""NO-NOT-SIMILAR"",
""explanation"": ""The two code snippets solve completely different algorithmic problems. Code Snippet 1 implements a solution for the 'Reversing Encryption' or more likely the 'Cryptopangrams' or specifically the 'Number of Ways' style problem from Google Code Jam, but upon closer inspection of the logic (checking for unique letters like 'Z' for Zero, 'W' for Two, etc.), it is solving the problem of decoding a string of letters that represents numbers in English words (e.g., 'ZERO', 'ONE') back into their digits and sorting them. This is typical of a problem like 'What's Going On?' or similar decoding challenges. Code Snippet 2 implements the solution for the 'The Last Word' problem from Google Code Jam 2016 (Round 1C), which involves rearranging the letters of a string to form the lexicographically largest possible subsequence. The inputs, algorithms, and expected outputs are entirely different.""
}",380
2016_2_1,198100,2013_0_3,51164,NON-CLONE,2026-08-04 10:02:13,"{
  ""answer"": ""NO-NOT-SIMILAR"",
  ""explanation"": ""The two code snippets solve completely different problems from Google Code Jam. Code Snippet 1 solves the 'Phone Number' problem (reconstructing the smallest number from the letters of its English word representation by counting character frequencies). Code Snippet 2 solves the 'Fair and Square' problem (counting 'fair squares' within a given range, where a fair square is a perfect square whose root is also a palindrome and the square itself is a palindrome). Their inputs, logic, and outputs are entirely different.""
}",381
2016_2_1,193717,2013_0_3,108834,NON-CLONE,2026-08-04 10:02:17,"{
  ""answer"": ""NO-NOT-SIMILAR"",
  ""explanation"": ""The two code snippets solve completely different algorithmic problems. Code Snippet 1 implements a solution for a problem involving decoding a string composed of English words for digits (Zero through Nine) by counting unique letters to determine the count of each digit, then outputting the digits in sorted order. This is characteristic of Google Code Jam problems like 'Sorting It All Out' or specifically 'Reorder the Words' / 'Decode the Message' type tasks involving letter frequencies. Code Snippet 2 implements a solution for finding 'Fair and Square' numbers, which are numbers that are palindromes and whose square roots are also palindromes. It precomputes these numbers and answers range queries. The logic, data structures, and mathematical operations are entirely unrelated.""
}",382
2016_2_1,200006,2015_0_1,47939,NON-CLONE,2026-08-04 10:02:22,"{
  ""answer"": ""NO-NOT-SIMILAR"",
  ""explanation"": ""The two code snippets solve completely different algorithmic problems. \n\nCode Snippet 1 (PHP) implements a solution for the 'Reversing Numbers' problem (Google Code Jam 2013 Qualification Round). It takes a string of mixed-up English words for digits (ZERO, ONE, TWO, etc.), counts the frequency of specific unique letters (like 'Z' for ZERO, 'W' for TWO, 'U' for FOUR, 'X' for SIX, 'G' for EIGHT) to deduce the count of each digit, and then reconstructs the original number by outputting the digits in sorted order.\n\nCode Snippet 2 (Java) implements a solution for the 'Standing Ovation' problem (Google Code Jam 2009 Round 1A). It takes a maximum applause level N and a string representing the number of people clapping at each level. It calculates the minimum number of friends needed to be invited to ensure that every level of applause has at least one person clapping when required, by tracking the current number of clappers and adding friends whenever the current count is insufficient for the next level.\n\nThe input formats, logic, and outputs are entirely different.""
}",383
