program_a,variant_a,program_b,variant_b,ground_truth,timestamp,response,pair_id
2013_0_1,103399,2013_0_1,99825,CLONE,2026-07-26 22:43:36,"{
  ""answer"": ""YES-SIMILAR"",
  ""explanation"": ""Both code snippets implement the logic to determine the outcome of a Tic-Tac-Toe game. They both read a 4x4 grid of characters ('X', 'O', or '.') and determine if 'X' wins, 'O' wins, the game is a draw, or not completed. Both implement checks for rows, columns, and diagonals to detect winning conditions. The Java version uses a more object-oriented approach with classes and enums, while the C++ version uses a more procedural approach with arrays and direct calculations. However, they",0
2013_0_1,99825,2013_0_1,125888,CLONE,2026-07-26 22:43:37,"{
  ""answer"": ""YES-SIMILAR"",
  ""explanation"": ""Both code snippets implement the logic to determine the winner of a Tic-Tac-Toe-Tomek game. They both check for wins in rows, columns, and diagonals, handling special cases involving the 'T' (Tomek) character which can represent either player. Both implementations also handle game states like 'Draw' and 'Game has not completed'. The core logic for detecting wins and game states is fundamentally the same, even though the C++ version uses a more complex approach with arrays and manual iteration while the Python version uses higher-level",1
2013_0_1,125888,2013_0_1,84842,CLONE,2026-07-26 22:43:38,"{
  ""answer"": ""YES-SIMILAR"",
  ""explanation"": ""Both code snippets implement the same logic for determining the state of a Tic-Tac-Toe-Tomek game. They both read a 4x4 game board, check for winning conditions (rows, columns, and diagonals) for players 'X' and 'O', handle the special case of 'Tomek' (T), and determine if the game is a draw, ongoing, or has a winner. The core game logic and state determination are functionally equivalent, even though the implementation languages (Python vs PHP), syntax, and",2
2013_0_1,84842,2013_0_1,103399,CLONE,2026-07-26 22:43:39,"{
  ""answer"": ""YES-SIMILAR"",
  ""explanation"": ""Both code snippets implement the logic to determine the winner of a Tic-Tac-Toe game. They both read a grid of 4x4 characters, check for winning conditions (rows, columns, and diagonals) for both 'X' and 'O', and handle game states like 'X won', 'O won', 'Draw', or 'Game has not completed'. The PHP version uses regex matching while the Java version uses explicit string comparisons, but the overall functionality and game logic are identical.""
}",3
2013_0_1,49244,2013_0_1,98087,CLONE,2026-07-26 22:43:40,"{
  ""answer"": ""YES-SIMILAR"",
  ""explanation"": ""Both code snippets implement the logic to determine the winner of a Tic-Tac-Toe game (specifically a 4x4 version). They both read a 4x4 board configuration, check for winning conditions in rows, columns, and diagonals, and determine if X wins, O wins, the game is incomplete (there are empty spaces), or if it's a draw. The core logic for checking win conditions and handling the 'T' (tie) character is functionally equivalent in both implementations, even though the implementation details and programming",4
2013_0_1,98087,2013_0_1,91336,CLONE,2026-07-26 22:43:41,"{
  ""answer"": ""YES-SIMILAR"",
  ""explanation"": ""Both code snippets implement the same logic to determine the winner of a Tic-Tac-Toe game (referred to as 'Tic-Tac-Toe' in the problem context, but implemented as a 4x4 grid). They both check for wins in rows, columns, and diagonals for both players 'X' and 'O', treating 'T' as a wildcard that can represent either player. The C++ version uses a 4x4 grid and checks for wins using nested loops, while the Python version uses similar logic but",5
2013_0_1,91336,2013_0_1,102913,CLONE,2026-07-26 22:43:42,"{
  ""answer"": ""YES-SIMILAR"",
  ""explanation"": ""Both code snippets implement the same logic for determining the winner of a Tic-Tac-Toe game on a 4x4 grid. They both check rows, columns, and diagonals for winning conditions, handle the 'T' wildcard character, and determine if the game is incomplete (contains '.') or ended in a draw. The core algorithm for detecting wins is identical, though the implementation details differ due to language differences (Python vs PHP) and code structure. Both programs read input, process game boards, and output results in the same format (Case",6
2013_0_1,102913,2013_0_1,49244,CLONE,2026-07-26 22:43:43,"{
  ""answer"": ""YES-SIMILAR"",
  ""explanation"": ""Both code snippets implement the same game logic for determining the winner of a 4x4 Tic-Tac-Toe game (similar to the 'Tic-Tac-Toe' problem from Google Code Jam). They both read input from files, parse a 4x4 board, check rows, columns, and diagonals for winning conditions, and output the result in the same format. The core logic for determining wins, handling 'T' as a wildcard, and identifying incomplete or draw games is identical in both implementations. The main differences are in",7
2013_0_1,126886,2013_0_1,72071,CLONE,2026-07-26 22:43:44,"{
  ""answer"": ""YES-SIMILAR"",
  ""explanation"": ""Both code snippets implement the same logic for solving the Tic-Tac-Toe Tomek problem. They both read a 4x4 board, check for winning conditions in rows, columns, and diagonals (using 'T' as a wildcard for either player), and determine if X wins, O wins, the game is a draw, or not completed. The core algorithm and logic flow are identical, even though the implementation languages (Java vs C++), syntax, and some variable naming conventions differ.""
}",8
2013_0_1,72071,2013_0_1,70537,CLONE,2026-07-26 22:43:45,"{
  ""answer"": ""YES-SIMILAR"",
  ""explanation"": ""Both code snippets implement the same logic for determining the winner of a Tic-Tac-Toe-like game on a 4x4 grid. They both check rows, columns, and diagonals for winning conditions, handle the case where a player wins (X or O), and determine if the game is a draw or not completed. The Python version uses more Pythonic constructs like itertools and collections, while the C++ version uses traditional loops and arrays, but the core algorithm and logic are identical. Both handle the same edge cases and produce the same output",9
2013_0_1,70537,2013_0_1,127485,CLONE,2026-07-26 22:43:46,"{
  ""answer"": ""YES-SIMILAR"",
  ""explanation"": ""Both code snippets implement the same logic for determining the state of a Tic-Tac-Toe game board. They both check rows, columns, and diagonals for winning conditions (X or O), handle the case where both players win (draw), and determine if the game is incomplete if there are empty squares. The core algorithm is identical: count X's and O's in each line, check for wins, and determine the final state based on these counts and the presence of empty squares. The main differences are in syntax and language-specific constructs (Python",10
2013_0_1,127485,2013_0_1,126886,CLONE,2026-07-26 22:43:48,"{
  ""answer"": ""YES-SIMILAR"",
  ""explanation"": ""Both code snippets implement the same logic for determining the winner of a Tic-Tac-Toe game (with a twist where 'T' acts as a wildcard). They both read a board configuration, check rows, columns, and diagonals for winning conditions (X or O), and determine if the game has ended in a win, loss, draw, or not completed. The core algorithm for checking win conditions is identical in both snippets, though the implementation details differ due to language differences (PHP vs Java). Both handle the same game rules and produce equivalent",11
2013_0_2,95524,2013_0_2,83774,CLONE,2026-07-26 22:43:49,"{
  ""answer"": ""YES-SIMILAR"",
  ""explanation"": ""Both code snippets solve the same problem: determining whether a given grid can be transformed into a valid configuration where each cell's value is the maximum in its row and column. The Java code uses a two-phase approach, checking horizontal and vertical constraints separately, while the C++ code directly checks for each cell if it's the maximum in its row or column. Despite different approaches and languages, both implementations achieve the same logical result and are functionally equivalent.""
}",12
2013_0_2,83774,2013_0_2,78034,CLONE,2026-07-26 22:43:49,"{
  ""answer"": ""YES-SIMILAR"",
  ""explanation"": ""Both code snippets solve the same problem: determining whether a given 2D grid can be viewed as a valid lawn mowing pattern where each cell's height is at least as high as the maximum height in its row and column. Both implementations use similar logic: they compute row and column maximums, then check if each cell satisfies the condition that it is at least as high as its row max or column max. The C++ version uses nested loops with boolean flags to track validity, while the Python version uses a nested loop with early termination via exception",13
2013_0_2,78034,2013_0_2,71957,CLONE,2026-07-26 22:43:50,"{
  ""answer"": ""YES-SIMILAR"",
  ""explanation"": ""Both code snippets implement the same algorithm to determine if a lawn (2D grid) can be mowed such that each cell's height is achievable by taking the minimum of its row maximum and column maximum. The core logic in both is identical: 1) Read input grid dimensions and values, 2) Compute row-wise and column-wise maximums, 3) For each cell, check if it's strictly less than both its row maximum and column maximum, 4) If such a cell exists, return 'NO', otherwise return 'YES",14
2013_0_2,71957,2013_0_2,95524,CLONE,2026-07-26 22:43:51,"{
  ""answer"": ""NO-NOT-SIMILAR"",
  ""explanation"": ""The two code snippets implement different algorithms for solving what appears to be a grid-based problem. The PHP code calculates row and column maximums and checks if any element is smaller than both its row and column maximums. The Java code uses a more complex approach involving horizontal and vertical pruning with nested loops to determine if a grid configuration is possible. The logic and approach are fundamentally different, indicating they are not functionally similar.""
}",15
2013_0_2,44471,2013_0_2,140779,CLONE,2026-07-26 22:43:52,"{
  ""answer"": ""YES-SIMILAR"",
  ""explanation"": ""Both code snippets solve the same problem: determining whether a given 2D grid can be transformed into a specific pattern where each cell's value is the maximum in its row and column. In the Java code, the logic checks if for each cell with the minimum value, it's either the maximum in its row or column. The C++ code does a similar check by comparing each cell with the maximum values in its row and column. Both approaches verify if the grid satisfies certain conditions to be valid, and both use nested loops to iterate through the grid",16
2013_0_2,140779,2013_0_2,122219,CLONE,2026-07-26 22:43:53,"{
  ""answer"": ""YES-SIMILAR"",
  ""explanation"": ""Both code snippets implement the same algorithm to determine if a grid can be reduced to a valid configuration where each cell's value is at least as large as the maximum value in its row and column. The logic in both codes checks if any cell is strictly less than both the maximum value in its row and the maximum value in its column. If such a cell exists, the result is 'NO'; otherwise, it's 'YES'. The C++ version uses nested loops with explicit indexing and the standard library's max function, while the Python version uses similar",17
2013_0_2,122219,2013_0_2,96711,CLONE,2026-07-26 22:43:54,"{
  ""answer"": ""NO-NOT-SIMILAR"",
  ""explanation"": ""The two code snippets are not functionally similar. While both appear to be solving a similar problem involving checking if a matrix (lawn) can be mowed according to certain conditions, the logic and conditions are fundamentally different. The Python code checks if each cell is less than both the maximum value in its row and the maximum value in its column, whereas the PHP code checks if each cell is less than or equal to the maximum value in its row and column, but with a different control flow and condition checking mechanism. Additionally, the Python",18
2013_0_2,96711,2013_0_2,44471,CLONE,2026-07-26 22:43:55,"{
  ""answer"": ""NO-NOT-SIMILAR"",
  ""explanation"": ""The two code snippets implement different algorithms for solving what appears to be the same problem (possibly the Lawnmower problem from Google Code Jam). However, they differ significantly in their approach. The PHP code checks if each cell can be the maximum in its row and column, while the Java code focuses on checking if cells equal to the minimum value can form valid patterns in rows or columns. The logic and conditions for determining 'YES' or 'NO' are fundamentally different between the two implementations.""
}",19
2013_0_2,55421,2013_0_2,91409,CLONE,2026-07-26 22:43:56,"{
  ""answer"": ""YES-SIMILAR"",
  ""explanation"": ""Both code snippets solve the same problem: determining whether a given 2D grid (lawn pattern) can be constructed by taking the maximum value from each row and column. The Java code reads input from files, processes each test case, and checks if each cell's value matches the maximum value in its row or column. The C++ code does the same: reads input, processes test cases, and checks if each cell's value is the maximum in its row or column. Both use similar logic to find the maximum in rows and columns and validate",20
2013_0_2,91409,2013_0_2,85165,CLONE,2026-07-26 22:43:57,"{
  ""answer"": ""NO-NOT-SIMILAR"",
  ""explanation"": ""The two code snippets perform fundamentally different tasks and use different algorithms. Code snippet 1 checks if each element in a 2D array can be the maximum in its row or column, and determines if the entire array is 'possible' based on this condition. Code snippet 2 attempts to determine if a lawn (2D array) can be reduced to a uniform height through a specific set of operations involving minimum height replacement. The logic, objectives, and algorithms are completely different, making them not functionally similar.""
}",21
2013_0_2,85165,2013_0_2,68303,CLONE,2026-07-26 22:43:58,"{
  ""answer"": ""NO-NOT-SIMILAR"",
  ""explanation"": ""The two code snippets perform fundamentally different tasks. Code snippet 1 implements a complex algorithm to determine if a lawn (represented as a 2D grid of heights) can be mowed by cutting grass in a specific way, involving iterative min/max operations and complex logic. Code snippet 2 implements a much simpler algorithm that checks if each cell in a lawn grid matches either the maximum height in its row or column. The first code is about validating a complex mowing process, while the second is about validating if a lawn configuration is possible based",22
2013_0_2,68303,2013_0_2,55421,CLONE,2026-07-26 22:43:59,"{
  ""answer"": ""YES-SIMILAR"",
  ""explanation"": ""Both code snippets solve the same problem: determining whether a given lawn pattern can be mowed such that each cell's height is achievable by either the maximum height in its row or column. Both implement the same logic - reading input, parsing dimensions and grid values, computing row and column maxima, and checking if each cell's value matches the maximum in its row or column. The core algorithm is identical in both cases, though the implementation languages (PHP vs Java) and some syntactic details differ.""
}",23
2013_0_3,108834,2013_0_3,102625,CLONE,2026-07-26 22:44:00,"{
  ""answer"": ""YES-SIMILAR"",
  ""explanation"": ""Both code snippets solve the same problem: finding the count of 'fair and square' numbers in a given range [A, B]. A fair and square number is one that is a palindrome and whose square is also a palindrome. The Java code precomputes all such numbers up to a certain limit and stores them in a list, then for each query, it uses binary search to count how many fair and square numbers fall within the given range. The C++ code does the same but with a precomputed array of fair and square numbers (pp",24
2013_0_3,102625,2013_0_3,102207,CLONE,2026-07-26 22:44:02,"{
  ""answer"": ""YES-SIMILAR"",
  ""explanation"": ""Both code snippets perform the same core task: counting how many 'fair and square' numbers (numbers that are perfect squares and whose square roots are palindromes) fall within a given range [a, b]. The C++ code uses a precomputed array of such numbers and binary search to count them efficiently, while the Python code uses a similar precomputed tuple and a linear scan to count the numbers within the range. Although the implementation details differ (C++ uses binary search for efficiency, Python uses a simple loop), the functional behavior is",25
2013_0_3,102207,2013_0_3,89287,CLONE,2026-07-26 22:44:03,"{
  ""answer"": ""YES-SIMILAR"",
  ""explanation"": ""Both code snippets solve the same problem: counting the number of 'fair and square' numbers within a given range. A fair and square number is one that is both a palindrome and a perfect square of another palindrome. The first snippet uses a precomputed list of fair and square numbers, while the second snippet generates palindromes and checks if their squares are also palindromes. Both approaches aim to count such numbers in a given range and output the result in the same format (Case #X: Y). The core logic of counting fair",26
2013_0_3,89287,2013_0_3,108834,CLONE,2026-07-26 22:44:04,"{
  ""answer"": ""YES-SIMILAR"",
  ""explanation"": ""Both code snippets solve the same problem: counting how many numbers in a given range are palindromes and have palindromic squares. Both implement functions to check if a number is a palindrome, generate the next palindrome, and count palindromic numbers whose squares are also palindromes. The PHP version uses string manipulation and recursion while the Java version uses mathematical operations and precomputation with a results list, but both approach the problem identically in terms of logic and algorithmic intent.""
}",27
2013_0_3,59317,2013_0_3,81195,CLONE,2026-07-26 22:44:05,"{
  ""answer"": ""YES-SIMILAR"",
  ""explanation"": ""Both code snippets solve the same problem: counting 'fair and square' numbers within a given range. A fair and square number is one that is a perfect square and whose square root is a palindrome. Both programs identify palindromic numbers, check if their squares are also palindromes, and count how many such numbers exist in a given range. The Java version uses BigInteger for handling large numbers and recursively generates palindromes, while the C++ version uses a recursive approach with vector storage. Despite differences in language, data types,",28
2013_0_3,81195,2013_0_3,51164,CLONE,2026-07-26 22:44:06,"{
  ""answer"": ""YES-SIMILAR"",
  ""explanation"": ""Both code snippets solve the same problem: finding the count of 'fair and square' numbers within a given range. A fair and square number is one that is a perfect square and whose square root is a palindrome. Both snippets precompute all fair and square numbers up to a certain limit, then process multiple test cases by counting how many precomputed numbers fall within each test case's range. The C++ version uses a recursive approach to generate palindromes and check if their squares are palindromes, while the Python version uses a brute",29
2013_0_3,51164,2013_0_3,92037,CLONE,2026-07-26 22:44:07,"{
  ""answer"": ""YES-SIMILAR"",
  ""explanation"": ""Both code snippets perform the same core task: identifying 'fair and square' numbers (numbers that are palindromes and whose squares are also palindromes) within a given range, and then counting how many such numbers exist in each test case. The Python code generates fair and square numbers up to 10^7, while the PHP code generates them up to 10^14. Both then process input test cases to count how many fair and square numbers fall within each case's range. The logic and purpose are identical",30
2013_0_3,92037,2013_0_3,59317,CLONE,2026-07-26 22:44:08,"{
  ""answer"": ""YES-SIMILAR"",
  ""explanation"": ""Both code snippets solve the same problem: counting 'Fair and Square' numbers within a given range. A Fair and Square number is one that is a perfect square and whose square root is a palindrome. Both snippets precompute or generate palindromic numbers that are perfect squares, then count how many such numbers fall within a given interval. The PHP version generates all palindromic squares up to 10^14 and uses a simple linear search for counting, while the Java version uses a more sophisticated algorithm to generate palindromic",31
2013_0_3,74156,2013_0_3,53348,CLONE,2026-07-26 22:44:09,"{
  ""answer"": ""YES-SIMILAR"",
  ""explanation"": ""Both code snippets solve the same problem: counting 'fair square' numbers within a given range. A fair square is a number that is a perfect square and whose square root is also a palindrome. Both programs read input from files, process ranges of numbers, check if numbers and their squares are palindromes, and output the count of such numbers for each test case. The Java version uses a loop to check all possible square roots in the range, while the C++ version pre-computes and stores all valid fair squares in an array,",32
2013_0_3,53348,2013_0_3,70289,CLONE,2026-07-26 22:44:11,"{
  ""answer"": ""YES-SIMILAR"",
  ""explanation"": ""Both code snippets perform the same core task: identifying palindromic numbers whose squares are also palindromic, and then counting how many such numbers fall within a given range [L, R]. The C++ version precomputes these numbers in a static array and directly searches through it, while the Python version dynamically generates the list and stores it in a file. Despite differences in implementation details (C++ vs Python, static vs dynamic generation, file I/O), both programs achieve the same functional outcome and solve the same problem.""
}",33
2013_0_3,70289,2013_0_3,132829,CLONE,2026-07-26 22:44:12,"{
  ""answer"": ""YES-SIMILAR"",
  ""explanation"": ""Both code snippets solve the same problem: finding the count of perfect squares that are palindromes within a given range. The Python code generates palindromic squares up to a limit, stores them in a file, and then processes input queries to count how many palindromic squares fall within specified ranges. The PHP code reads precomputed palindromic squares from a file and performs similar range counting operations. Both implement the same core logic of checking palindromes, working with square numbers, and counting within ranges, even though",34
2013_0_3,132829,2013_0_3,74156,CLONE,2026-07-26 22:44:13,"{
  ""answer"": ""YES-SIMILAR"",
  ""explanation"": ""Both code snippets solve the same problem: counting 'fair and square' numbers within a given range. A fair and square number is one that is a perfect square and whose square root is a palindrome. Both programs read input ranges, check each number in the range to see if it's a fair and square number, and output the count. The PHP version uses a precomputed list of squares and string comparisons, while the Java version calculates square roots and checks for palindromes directly. Despite different approaches and languages, they perform the same core logic",35
2013_1_1,42047,2013_1_1,28766,CLONE,2026-07-26 22:44:14,"{
  ""answer"": ""YES-SIMILAR"",
  ""explanation"": ""Both code snippets solve the same problem: determining the maximum number of black rings that can be painted around a white circular target, given the radius of the target and the total amount of paint available. The Java code uses binary search with BigInteger arithmetic to compute the sum of an arithmetic sequence, while the C++ code also uses binary search but with simpler integer arithmetic. Both implement a binary search algorithm to find the maximum number of rings that can be painted without exceeding the available paint. The mathematical approach is fundamentally the same, even though the implementation details differ due",36
2013_1_1,28766,2013_1_1,37029,CLONE,2026-07-26 22:44:14,"{
  ""answer"": ""YES-SIMILAR"",
  ""explanation"": ""Both code snippets solve the same problem: determining the maximum number of concentric rings of paint that can be drawn around a central circle, given the radius of the central circle and the total amount of paint available. The core mathematical formula is the same in both cases (calculating the area of rings), and both use binary search or iterative approaches to find the solution. The C++ version uses a binary search with integer arithmetic, while the Python version uses a modified binary search with a sanity check, but they both perform the same logical task of finding the",37
2013_1_1,37029,2013_1_1,34507,CLONE,2026-07-26 22:44:15,"{
  ""answer"": ""YES-SIMILAR"",
  ""explanation"": ""Both code snippets solve the same problem: determining the maximum number of concentric rings of paint that can be applied given an initial radius and total paint volume. Both use a binary search approach to efficiently find the solution. In the Python code, the function p1nrings2 implements a binary search algorithm to find the maximum number of rings, while in the PHP code, the process function also implements a binary search algorithm. Both calculate the volume of paint needed for rings using a mathematical formula and perform a binary search to find the optimal number of rings that",38
2013_1_1,34507,2013_1_1,42047,CLONE,2026-07-26 22:44:16,"{
  ""answer"": ""NO-NOT-SIMILAR"",
  ""explanation"": ""The two code snippets solve different problems and use different approaches. The PHP code appears to be solving a problem involving processing lines of input data and calculating a result using a recursive binary search-like approach with a specific mathematical formula. The Java code is solving what appears to be a classic 'bullseye' problem (calculating how many rings can be painted given a starting radius and total paint amount), using a binary search approach with precomputed sums. The mathematical formulas, data structures, and problem domains are fundamentally different, making them not functionally",39
2013_1_1,30835,2013_1_1,30228,CLONE,2026-07-26 22:44:17,"{
  ""answer"": ""YES-SIMILAR"",
  ""explanation"": ""Both code snippets solve the same problem: given a radius 'r' and area 't', find the maximum number of concentric circles (with alternating black and white rings) that can be painted such that the total area used does not exceed 't'. The core mathematical approach is similar - both use binary search or iterative methods to find the maximum number of rings. The Java version uses a mathematical formula approach with a loop for large inputs, while the C++ version uses binary search. Both are solving the same optimization problem with the same input/output format",40
2013_1_1,30228,2013_1_1,32497,CLONE,2026-07-26 22:44:18,"{
  ""answer"": ""YES-SIMILAR"",
  ""explanation"": ""Both code snippets solve the same problem: determining the maximum number of concentric rings that can be painted given an initial ring radius 'r' and total paint amount 't'. The C++ version uses binary search to find the answer, while the Python version uses a mathematical approach with quadratic formula and adjustment checks. Despite different algorithms and languages, both programs aim to compute the same result - the maximum number of rings that can be painted with the given constraints.""
}",41
2013_1_1,32497,2013_1_1,39026,CLONE,2026-07-26 22:44:19,"{
  ""answer"": ""YES-SIMILAR"",
  ""explanation"": ""Both code snippets solve the same problem: determining the maximum number of concentric rings that can be painted given an initial radius 'r' and total paint amount 't'. The core mathematical approach is identical - both use the quadratic formula to estimate the number of rings, then adjust the result to ensure the total paint used does not exceed the available amount. The Python version uses a more complex approach with recursive checks for adjustment, while the PHP version uses a simpler direct approach with a comment indicating an alternative iterative method. However, both ultimately compute the same mathematical",42
2013_1_1,39026,2013_1_1,30835,CLONE,2026-07-26 22:44:20,"{
  ""answer"": ""YES-SIMILAR"",
  ""explanation"": ""Both code snippets solve the same mathematical problem involving calculating the number of concentric circles that can be painted given a starting radius and total paint available. They both use the quadratic formula to solve for the number of circles, with the Java version using a more direct approach and the PHP version including commented-out alternative logic. Both programs read input from standard input, process the data, and output results in the same format (Case #X: Y). The core mathematical approach and expected output are identical.""
}",43
2013_1_1,32414,2013_1_1,30618,CLONE,2026-07-26 22:44:21,"{
  ""answer"": ""YES-SIMILAR"",
  ""explanation"": ""Both code snippets solve the same problem: given values r and T, find the maximum number of black circles that can be painted in a circular pattern. The Java code uses a mathematical approach with a quadratic formula to directly compute the result, while the C++ code uses binary search to find the solution. Despite the different algorithms (direct calculation vs. binary search), both approaches aim to solve the same mathematical problem and produce the same output for the same inputs. The core logic of determining how many concentric rings can be painted with a given amount of paint",44
2013_1_1,30618,2013_1_1,30519,CLONE,2026-07-26 22:44:21,"{
  ""answer"": ""NO-NOT-SIMILAR"",
  ""explanation"": ""The two code snippets solve different problems. Code snippet 1 uses binary search to find the largest integer n such that the sum of an arithmetic series is less than or equal to t, while code snippet 2 uses a different approach with a loop and direct calculation to count how many circles can be drawn. The mathematical approaches and algorithms are fundamentally different, so they are not functionally similar.""
}",45
2013_1_1,30519,2013_1_1,31779,CLONE,2026-07-26 22:44:22,"{
  ""answer"": ""YES-SIMILAR"",
  ""explanation"": ""Both code snippets solve the same problem: determining the maximum number of concentric circles that can be drawn with a given radius 'r' and total area 't', where each circle's area increases by a fixed amount. The Python version uses a binary search approach with a helper function 'up_to_n' to calculate cumulative areas, while the PHP version also uses binary search with a 'calc' function. Both use binary search to find the maximum number of circles that can be drawn within the given area constraint. The core logic and algorithmic approach are",46
2013_1_1,31779,2013_1_1,32414,CLONE,2026-07-26 22:44:23,"{
  ""answer"": ""YES-SIMILAR"",
  ""explanation"": ""Both code snippets solve the same problem: given a starting radius 'r' and a total area 't', determine the maximum number of concentric circles (with unit width) that can be painted without exceeding the total area. Both implement a binary search approach to find the maximum number of circles that can be painted. The PHP version uses a while loop with left/right pointers and a custom 'calc' function, while the Java version uses a mathematical approach with a quadratic formula to directly compute the result. Despite different approaches (binary search vs. direct formula",47
2014_2_1,115757,2014_2_1,131278,CLONE,2026-07-26 22:44:24,"{
  ""answer"": ""NO-NOT-SIMILAR"",
  ""explanation"": ""The two code snippets implement different algorithms for solving what appears to be a string manipulation problem. The Java code uses Run-Length Encoding (RLE) to process strings and calculate the minimum cost to make all strings identical by adjusting character counts, while the C++ code uses a different approach involving string filtering and sorting to determine if strings can be made identical. The core logic, data structures, and algorithmic approaches are fundamentally different, making the snippets not functionally similar.""
}",48
2014_2_1,131278,2014_2_1,128920,CLONE,2026-07-26 22:44:25,"{
  ""answer"": ""NO-NOT-SIMILAR"",
  ""explanation"": ""The two code snippets implement different algorithms for solving what appears to be the same problem (likely related to string manipulation and minimum operations to make strings identical). The C++ version uses a more complex approach involving string processing, sorting, and calculating minimum operations based on character counts, while the Python version uses a simpler iterative approach with a while loop and basic character comparison. The core logic and approach differ significantly, making them not functionally similar.""
}",49
2014_2_1,128920,2014_2_1,118754,CLONE,2026-07-26 22:44:26,"{
  ""answer"": ""YES-SIMILAR"",
  ""explanation"": ""Both code snippets are solving the same problem from Google Code Jam 2014 Round 1B Problem A (the 'Osmos' problem). They both take multiple strings as input and determine the minimum number of character changes needed to make all strings identical. Both implementations check if strings have the same pattern of characters and calculate the minimum moves required. The Python version uses a more complex algorithm involving character counting and distance calculations, while the PHP version uses a simpler approach with character frequency counting. Despite the different approaches and languages, they are function",50
2014_2_1,118754,2014_2_1,115757,CLONE,2026-07-26 22:44:27,"{
  ""answer"": ""YES-SIMILAR"",
  ""explanation"": ""Both code snippets implement the same algorithmic problem solution for the Google Code Jam 2014 Round 1B Problem A. They both use Run-Length Encoding (RLE) to analyze strings, compare character sequences, and calculate the minimum number of moves required to make all strings identical. Both implementations: 1) Read input from files/standard input, 2) Parse input to extract strings, 3) Apply RLE to each string, 4) Compare the RLE representations to determine if strings can be made identical, ",51
2014_2_1,129296,2014_2_1,119165,CLONE,2026-07-26 22:44:28,"{
  ""answer"": ""YES-SIMILAR"",
  ""explanation"": ""Both code snippets implement the same algorithm to solve the 'The Repeater' problem. They both:\n1. Read multiple strings and parse them into character groups with counts\n2. Check if all strings have the same number of character groups\n3. Verify that the characters in each position of the groups are the same\n4. Calculate the minimum operations needed to make all strings identical by finding the median count for each position and summing up the absolute differences\n\nThe core logic, data structures (grouping characters with counts), and algorithmic",52
2014_2_1,119165,2014_2_1,118416,CLONE,2026-07-26 22:44:29,"{
  ""answer"": ""YES-SIMILAR"",
  ""explanation"": ""Both code snippets implement the same algorithm to solve the 'Fegla Won' problem, which involves determining the minimum number of character changes needed to make a set of strings identical. Both perform the following key steps: 1) Parse input strings and group consecutive identical characters with their counts, 2) Check if all strings have the same sequence of unique characters, 3) If they do, calculate the optimal number of moves by finding the median count for each character position and summing the absolute differences. The core logic and algorithmic approach are",53
2014_2_1,118416,2014_2_1,116147,CLONE,2026-07-26 22:44:30,"{
  ""answer"": ""YES-SIMILAR"",
  ""explanation"": ""Both code snippets implement the same algorithm to solve a string compression problem where the goal is to find the minimum number of operations to make all strings identical by grouping consecutive characters. Both use a greedy approach to process character groups, calculate the median frequency of each group across all strings, and compute the total distance. The Python version uses more sophisticated data structures and functions, while the PHP version uses a more direct loop-based approach, but they perform the same logical operations. Both handle the same edge cases (incompatible character sequences) and produce the same output format",54
2014_2_1,116147,2014_2_1,129296,CLONE,2026-07-26 22:44:31,"{
  ""answer"": ""YES-SIMILAR"",
  ""explanation"": ""Both code snippets solve the same problem: finding the minimum number of character changes needed to make a set of strings identical. They both use a greedy approach to group consecutive identical characters and then calculate the optimal number of moves based on the median of character counts. The PHP version uses a more manual approach with arrays and loops, while the Java version uses a more structured approach with classes and collections, but they both perform the same core logic of character grouping, validation, and cost calculation.""
}",55
2014_2_1,131873,2014_2_1,118489,CLONE,2026-07-26 22:44:33,"{
  ""answer"": ""YES-SIMILAR"",
  ""explanation"": ""Both code snippets implement the same algorithmic approach to solve a string manipulation problem. They both read input strings, process them to extract character sequences and their counts, check if all strings have the same character sequence pattern, and if so, calculate the minimum number of operations needed to make all strings identical by finding the median of character counts for each position. Both use similar logic for identifying unique character sequences, counting character frequencies, and calculating the total cost based on median values. The core algorithmic approach is identical despite differences in language syntax, file handling,",56
2014_2_1,118489,2014_2_1,121201,CLONE,2026-07-26 22:44:34,"{
  ""answer"": ""YES-SIMILAR"",
  ""explanation"": ""Both code snippets implement the same algorithm for solving a string manipulation problem. They both take multiple strings as input, check if the strings can be made identical through character grouping, and calculate the minimum number of operations needed to make all strings identical. The Python version uses a more concise approach with list comprehensions and built-in functions, while the C++ version uses more verbose manual loops and template functions, but both perform identical logical operations. Both handle the same edge cases (strings that cannot be made identical) and produce the same output format. The core algorithm",57
2014_2_1,121201,2014_2_1,114208,CLONE,2026-07-26 22:44:36,"{
  ""answer"": ""YES-SIMILAR"",
  ""explanation"": ""Both code snippets implement the same algorithm to solve a string transformation problem. They both:\n1. Process input strings to identify character groups and their consecutive counts\n2. Check if all strings have the same sequence of unique characters\n3. Calculate the minimum number of operations needed to make all strings identical\n4. Handle the case where strings cannot be made identical\n\nThe core logic is identical: transform strings into character-count pairs, verify consistency across strings, and compute the total distance (minimum operations) needed. The main differences are in implementation details",58
2014_2_1,114208,2014_2_1,131873,CLONE,2026-07-26 22:44:37,"{
  ""answer"": ""YES-SIMILAR"",
  ""explanation"": ""Both code snippets solve the same problem: determining the minimum number of character changes needed to make a set of strings identical. They both follow these key steps: 1) Parse input to extract character sequences, 2) Check if the sequences are compatible (same character patterns), 3) Calculate the cost of making all strings identical by computing the sum of absolute differences in character counts. The PHP version uses a more complex approach with multiple helper functions for processing, while the Java version uses a cleaner class-based approach with a more direct calculation, but both",59
2014_3_1,135560,2014_3_1,138308,CLONE,2026-07-26 22:44:38,"{
  ""answer"": ""YES-SIMILAR"",
  ""explanation"": ""Both code snippets solve the same problem: determining the number of generations required to reach a specific ratio in a population, or determining if it's impossible. The Java code uses a while loop to repeatedly divide and check conditions, while the C++ code uses a GCD approach followed by power-of-2 checks. Both are attempting to solve the same underlying problem of finding the number of steps to reach a certain fraction, with 'impossible' returned when the fraction cannot be expressed as a power of 2. The core logic of both is functionally",60
2014_3_1,138308,2014_3_1,139209,CLONE,2026-07-26 22:44:38,"{
  ""answer"": ""YES-SIMILAR"",
  ""explanation"": ""Both code snippets solve the same problem: determining the minimum number of generations needed for a population to reach a certain ratio P/Q, where P and Q are integers. The core logic in both codes involves simplifying the fraction P/Q using the greatest common divisor (gcd), then checking if Q is a power of 2. If Q is not a power of 2, the result is 'impossible'. Otherwise, the code calculates how many times we need to divide Q by 2 to get a value greater than or equal to P, which",61
2014_3_1,139209,2014_3_1,142092,CLONE,2026-07-26 22:44:39,"{
  ""answer"": ""NO-NOT-SIMILAR"",
  ""explanation"": ""The two code snippets solve different problems. The Python code determines the minimum number of generations required to achieve a given fraction of elveness, with special handling for impossible cases using GCD and recursive logic. The PHP code attempts to determine if a given decimal value can be represented as a sum of powers of 1/2, with a fixed iteration limit of 41 and a different impossibility check. The core algorithms, logic, and problem domains are fundamentally different.""
}",62
2014_3_1,142092,2014_3_1,135560,CLONE,2026-07-26 22:44:40,"{
  ""answer"": ""NO-NOT-SIMILAR"",
  ""explanation"": ""The two code snippets are not functionally similar. While both appear to be solving a problem involving fractions and determining if a given fraction can be represented as a binary fraction (with a limited number of bits), the approaches and logic differ significantly. The PHP code uses a direct approach to find the binary representation by subtracting powers of 0.5, while the Java code uses a more complex iterative method involving modular arithmetic and counters. Additionally, the Java code has a clear termination condition with a maximum iteration limit (60), whereas the PHP",63
2014_3_1,138333,2014_3_1,134611,CLONE,2026-07-26 22:44:41,"{
  ""answer"": ""NO-NOT-SIMILAR"",
  ""explanation"": ""The two code snippets implement different algorithms to solve what appears to be a problem related to finding the number of generations in a binary tree or fraction reduction. The Java code uses a while loop to find how many times a number can be divided by 2, while the C++ code uses recursion and GCD to determine if a fraction can be reduced to a power of 2. The logic and approach are fundamentally different, and the C++ code also includes file I/O operations and uses recursion, which are not present in the Java code.",64
2014_3_1,134611,2014_3_1,139370,CLONE,2026-07-26 22:44:42,"{
  ""answer"": ""NO-NOT-SIMILAR"",
  ""explanation"": ""The two code snippets implement different algorithms for solving what appears to be the same problem (finding the number of generations in a genetic inheritance problem). The C++ version uses a recursive approach with GCD calculation and bit shifting operations, while the Python version uses iterative division and counting operations. The logic and control flow differ significantly, and the Python version contains logic errors (like checking if redQ == 1 and redP == 0 which would never happen in valid cases) that make it fundamentally different from the C++ version. The expected outputs",65
2014_3_1,139370,2014_3_1,134295,CLONE,2026-07-26 22:44:43,"{
  ""answer"": ""NO-NOT-SIMILAR"",
  ""explanation"": ""The two code snippets are not functionally similar. While both attempt to solve a problem involving fractions P/Q and determine if a certain condition can be met, they differ significantly in logic and implementation. The Python code performs complex operations involving division by powers of 2, checks for specific conditions, and counts iterations, whereas the PHP code uses a simpler approach based on GCD calculation and direct comparison. The termination conditions, logic flow, and final output handling are fundamentally different between the two snippets.""
}",66
2014_3_1,134295,2014_3_1,138333,CLONE,2026-07-26 22:44:44,"{
  ""answer"": ""NO-NOT-SIMILAR"",
  ""explanation"": ""The two code snippets are not functionally similar. Although both attempt to solve a problem involving fractions and determine if a given fraction can be expressed as a power of 1/2, they differ significantly in their logic and output. The PHP code calculates the greatest common divisor (GCD) and then checks if the reduced denominator has only factors of 2, while the Java code uses bit shifting and a different approach to determine the number of steps needed to reach a power of 2. The outputs and logic are fundamentally different, making them",67
2014_3_1,140281,2014_3_1,132142,CLONE,2026-07-26 22:44:45,"{
  ""answer"": ""NO-NOT-SIMILAR"",
  ""explanation"": ""The two code snippets implement different algorithms for solving the same problem. Code snippet 1 is a Java program that calculates the generation number of a part-elf based on a fraction p/q using a binary search-like approach. Code snippet 2 is a C++ program that also solves the same problem but uses a different approach involving GCD calculation and checking if the denominator is a power of 2. While both programs aim to solve the same problem (determining the generation number in a part-elf scenario), their approaches and implementations are",68
2014_3_1,132142,2014_3_1,143074,CLONE,2026-07-26 22:44:46,"{
  ""answer"": ""YES-SIMILAR"",
  ""explanation"": ""Both code snippets solve the same problem: determining the generation number in which a given fraction can be expressed as a power of 2, or declaring it impossible if the denominator is not a power of 2. Both use GCD to reduce the fraction, check if the denominator is a power of 2, and then calculate how many generations are needed to reach that fraction. The core logic and mathematical approach are identical, though the implementation details differ due to language differences (C++ vs Python, different I/O methods, etc.).""
}",69
2014_3_1,143074,2014_3_1,132975,CLONE,2026-07-26 22:44:46,"{
  ""answer"": ""NO-NOT-SIMILAR"",
  ""explanation"": ""The two code snippets perform fundamentally different tasks and use different approaches. Code snippet 1 is a Python program that determines the number of generations required for a population to reach a certain ratio, checking if the denominator is a power of 2 and calculating the number of steps needed. Code snippet 2 is a PHP program that calculates the number of generations for a population to reach a certain ratio using logarithms and GMP functions, with a different algorithmic approach. The core logic, data structures, and mathematical methods used are significantly different, making",70
2014_3_1,132975,2014_3_1,140281,CLONE,2026-07-26 22:44:47,"{
  ""answer"": ""NO-NOT-SIMILAR"",
  ""explanation"": ""The two code snippets perform different calculations and solve different problems. The PHP code calculates the number of generations required for a fraction to reach a certain precision using logarithms and GMP functions, while the Java code determines the number of steps needed to reduce a fraction to zero by repeatedly doubling the numerator and subtracting the denominator. The mathematical approaches and logic are fundamentally different, making the two snippets not functionally similar.""
}",71
2015_0_1,47939,2015_0_1,44230,CLONE,2026-07-26 22:44:48,"{
  ""answer"": ""YES-SIMILAR"",
  ""explanation"": ""Both code snippets solve the same problem: determining the minimum number of additional people needed to ensure that everyone in a standing ovation scenario can stand, given that people have different shyness levels. In the Java version, the algorithm builds a list of people who need to stand at each shyness level, then simulates the process of inviting people to reach the required levels. In the C++ version, it directly calculates the number of additional people needed by tracking the cumulative count of people who can stand and comparing it with the required shyness",72
2015_0_1,44230,2015_0_1,106809,CLONE,2026-07-26 22:44:49,"{
  ""answer"": ""YES-SIMILAR"",
  ""explanation"": ""Both code snippets solve the same problem: determining the minimum number of additional people needed to be invited to a party so that everyone in the audience can participate, given a string representing the shyness levels of people. The logic is identical: both track the cumulative number of people who have clapped (upCnt/seen) and calculate how many additional people need to be invited (inviteCnt/need) when the current number of clapping people is insufficient to reach the next person's shyness level. The variable names and syntax differ (C",73
2015_0_1,106809,2015_0_1,25955,CLONE,2026-07-26 22:44:50,"{
  ""answer"": ""NO-NOT-SIMILAR"",
  ""explanation"": ""The two code snippets implement different algorithms and solve different problems. The Python snippet appears to be solving a problem where it calculates the minimum number of additional people needed to ensure that everyone at each shyness level can participate, based on a cumulative count. The PHP snippet implements a different logic where it calculates how many people need to be added to reach a certain shyness level, considering a cumulative sum of people at each level. The core logic, variable names, and problem interpretation differ significantly between the two snippets.""
}",74
2015_0_1,25955,2015_0_1,47939,CLONE,2026-07-26 22:44:51,"{
  ""answer"": ""YES-SIMILAR"",
  ""explanation"": ""Both code snippets solve the same problem: determining the minimum number of people needed to be added to a standing ovation scenario so that everyone can stand. In the PHP version, the algorithm processes each shy level and calculates how many additional people are needed when the current standing count is insufficient. The Java version uses a similar approach where it builds a list of people based on the shy levels and then calculates the minimum additions needed to ensure everyone can stand. Both implementations compute the same result for the same input, even though they use different data structures and control flow",75
2015_0_1,43660,2015_0_1,64620,CLONE,2026-07-26 22:44:51,"{
  ""answer"": ""NO-NOT-SIMILAR"",
  ""explanation"": ""The two code snippets implement different algorithms and solve different problems. The Java code appears to be solving a problem related to counting operations needed to make a string of digits valid, while the C++ code solves a problem related to calculating the minimum number of claps needed in a standing ovation scenario. The core logic, variables, and problem domains are fundamentally different between the two snippets.""
}",76
2015_0_1,64620,2015_0_1,86599,CLONE,2026-07-26 22:44:52,"{
  ""answer"": ""NO-NOT-SIMILAR"",
  ""explanation"": ""The two code snippets implement different algorithms and solve different problems. The C++ code appears to be solving a problem related to determining the minimum number of friends needed to ensure that everyone in a group can stand up, based on a string of digits representing people's shyness levels. The Python code is solving a different problem, likely related to determining how many friends need to be invited to a party so that everyone can stand up, based on a string of digits representing people's shyness levels. The logic and approach are fundamentally different,",77
2015_0_1,86599,2015_0_1,28465,CLONE,2026-07-26 22:44:53,"{
  ""answer"": ""NO-NOT-SIMILAR"",
  ""explanation"": ""The two code snippets are not functionally similar. While both appear to be solving a similar problem related to calculating the number of friends needed to stand based on audience data, they differ significantly in their approach and implementation. The Python code reads from a file named 'input', processes each line to calculate required friends, and prints results. The PHP code is part of a Laravel controller, reads from a file named 'A-large.in', processes the data differently, and outputs HTML. The logic for calculating the required friends also differs between the two implementations",78
2015_0_1,28465,2015_0_1,43660,CLONE,2026-07-26 22:44:54,"{
  ""answer"": ""YES-SIMILAR"",
  ""explanation"": ""Both code snippets solve the same algorithmic problem, which appears to be the 'Standing Ovation' problem from Google Code Jam. The core logic in both codes is identical: they read input data, process each test case to calculate the minimum number of people that need to be invited to ensure everyone in the audience stands, and output the result. The PHP version uses a Laravel controller with file I/O, while the Java version uses standard Java I/O with BufferedReader. The algorithmic approach, variable names, and logic flow are fundamentally the same, even",79
2015_0_1,100718,2015_0_1,65110,CLONE,2026-07-26 22:44:55,"{
  ""answer"": ""NO-NOT-SIMILAR"",
  ""explanation"": ""The two code snippets are not functionally similar. While both appear to solve a similar problem involving calculating minimum friends needed for a standing ovation, they differ significantly in logic and implementation. The Java code correctly calculates the minimum friends needed by tracking a running sum and incrementing the minimum friends count when the current sum is less than the required shyness level. The C++ code has incorrect logic where it adds 'i - v' to 'v' in the if condition, which doesn't match the intended algorithm. Additionally, the C",80
2015_0_1,65110,2015_0_1,60803,CLONE,2026-07-26 22:44:56,"{
  ""answer"": ""NO-NOT-SIMILAR"",
  ""explanation"": ""The two code snippets solve different problems. Code snippet 1 appears to be solving a problem related to counting how many additional people need to be added to a queue to ensure everyone can participate, based on a string of digits representing required capacities. Code snippet 2 solves a problem related to finding the minimum number of additional people needed so that everyone in a queue can participate, using cumulative sums and calculating a delta. The core logic and problem domains are different, making them not functionally similar.""
}",81
2015_0_1,60803,2015_0_1,96593,CLONE,2026-07-26 22:44:57,"{
  ""answer"": ""YES-SIMILAR"",
  ""explanation"": ""Both code snippets solve the same problem: determining the minimum number of friends needed to be added to a group of people with different shyness levels so that everyone claps. In the Python version, the solution uses cumulative sums and calculates the maximum deficit needed. In the PHP version, it simulates the process by adding friends one by one until everyone can clap. Both approaches achieve the same goal of finding the minimum number of additional friends required to ensure all people in the audience will clap, making them functionally equivalent.""
}",82
2015_0_1,96593,2015_0_1,100718,CLONE,2026-07-26 22:44:58,"{
  ""answer"": ""YES-SIMILAR"",
  ""explanation"": ""Both code snippets solve the same problem: determining the minimum number of friends needed to be added so that all people in a standing ovation scenario can stand up. The PHP version uses arrays and loops to simulate the process, while the Java version uses a more direct mathematical approach. However, both algorithms achieve the same goal - calculating how many additional friends are required to ensure everyone can stand based on their shyness level and the number of people already standing. The core logic of incrementing friends when needed and tracking cumulative standing people is present in both.""
",83
2015_0_2,91000,2015_0_2,96440,CLONE,2026-07-26 22:44:59,"{
  ""answer"": ""NO-NOT-SIMILAR"",
  ""explanation"": ""The two code snippets implement different algorithms for solving the same problem. While both are attempting to find the minimum number of minutes to eat all pancakes given a special operation that allows splitting a stack into two equal or nearly equal stacks, the approaches differ significantly. The Java code uses a more complex approach involving sorting, reversing arrays, and calculating minimums for each possible split size, while the C++ code uses a simpler direct calculation approach. The Java code's logic for computing 'special' and 'current' values is different from the C++ code",84
2015_0_2,96440,2015_0_2,36519,CLONE,2026-07-26 22:44:59,"{
  ""answer"": ""NO-NOT-SIMILAR"",
  ""explanation"": ""The two code snippets are not functionally similar. While both appear to be solving a problem related to pancake stacks and minimizing time, they use fundamentally different approaches. The C++ code uses a brute force approach to try different limits and calculate minimum time, whereas the Python code uses a priority queue and a more sophisticated splitting algorithm. The Python code also has a different output format and uses a different method for calculating the minimum time. The core algorithmic approaches and implementation details are significantly different.""
}",85
2015_0_2,36519,2015_0_2,103402,CLONE,2026-07-26 22:45:00,"{
  ""answer"": ""YES-SIMILAR"",
  ""explanation"": ""Both code snippets solve the same problem: determining the minimum number of minutes required to eat all pancakes, where in each minute you can eat one pancake from each pile or split a pile into two smaller piles. The core logic involves finding an optimal 'limit' for pile sizes and calculating the minimum time based on that limit. Both implementations iterate through possible limits, calculate the time needed for each, and return the minimum. The Python version uses a priority queue and recursive splitting logic, while the PHP version uses a direct mathematical approach to calculate splits. Despite",86
2015_0_2,103402,2015_0_2,91000,CLONE,2026-07-26 22:45:01,"{
  ""answer"": ""NO-NOT-SIMILAR"",
  ""explanation"": ""The two code snippets implement different algorithms for solving what appears to be a minimization problem related to pancake sorting or distribution. The PHP code uses a brute-force approach to find the minimum number of minutes required to eat all pancakes by trying different eating speeds and calculating the total time needed. The Java code uses a different approach involving sorting and calculating the minimum time based on dividing pancakes into groups. The core logic, data structures, and algorithmic approaches are fundamentally different, making the two snippets not functionally similar.""
}",87
2015_0_2,21812,2015_0_2,88257,CLONE,2026-07-26 22:45:02,"{
  ""answer"": ""NO-NOT-SIMILAR"",
  ""explanation"": ""While both code snippets appear to solve a similar problem involving finding the minimum number of days to eat pancakes given a certain eating pattern, they differ significantly in their approach and logic. The Java code uses a nested loop approach where for each possible number of eating days, it calculates the total days needed by summing up the divisions and adjustments. The C++ code uses a different logic where it calculates divisions based on a maximum value and adjusts the sum accordingly. The core algorithmic approaches and variable handling are fundamentally different, making them not functionally similar",88
2015_0_2,88257,2015_0_2,81081,CLONE,2026-07-26 22:45:03,"{
  ""answer"": ""YES-SIMILAR"",
  ""explanation"": ""Both code snippets solve the same problem: finding the minimum number of operations to reduce the maximum number of pancakes in a stack, where each operation can either eat one pancake or split a stack into two equal stacks. The C++ version uses a brute-force approach to check all possible maximum values and calculates the minimum operations needed, while the Python version uses a similar approach but with memoization for efficiency. Both implement the same core logic of trying different maximum values and calculating the number of splits needed, with the Python version being more optimized through memoization and",89
2015_0_2,81081,2015_0_2,102321,CLONE,2026-07-26 22:45:04,"{
  ""answer"": ""YES-SIMILAR"",
  ""explanation"": ""Both code snippets implement the same algorithm to solve the same problem: finding the minimum number of operations to reduce pancake stacks to a certain maximum height. In both cases, the approach is to try different maximum values (from 1 to the current maximum), calculate the total operations needed for each, and return the minimum. The Python version uses memoization and numpy for efficiency, while the PHP version uses a simpler approach with basic PHP functions. The core logic and algorithmic approach are identical.""
}",90
2015_0_2,102321,2015_0_2,21812,CLONE,2026-07-26 22:45:05,"{
  ""answer"": ""YES-SIMILAR"",
  ""explanation"": ""Both code snippets solve the same problem: finding the minimum number of days required to eat all pancakes given that each day you can eat at most a certain number of pancakes per plate. The PHP code uses a function 'test' to calculate the total days needed for a given maximum pancakes per day, while the Java code directly calculates this in the 'solve' method. Both use a brute-force approach to try all possible eating speeds (from 1 to maximum pancakes) and find the minimum total days. The logic of calculating how many days are needed for",91
2015_0_2,40957,2015_0_2,38840,CLONE,2026-07-26 22:45:06,"{
  ""answer"": ""YES-SIMILAR"",
  ""explanation"": ""Both code snippets solve the same problem of finding the minimum number of operations to distribute cookies among plates such that no plate has more than a certain number of cookies. The Java code uses a greedy approach with dynamic adjustment of distribution, while the C++ code uses a direct mathematical approach. Both calculate the optimal distribution by trying different numbers of operations and finding the minimum total operations needed. The core logic and mathematical approach are equivalent, even though the implementation details differ.""
}",92
2015_0_2,38840,2015_0_2,100159,CLONE,2026-07-26 22:45:07,"{
  ""answer"": ""NO-NOT-SIMILAR"",
  ""explanation"": ""The two code snippets implement different algorithms for solving the same problem (likely the 'Diner's Problem' or similar optimization problem). In the C++ snippet, the algorithm tries all possible numbers of piles (from 1 to max_p) and calculates the total moves needed for each, while in the Python snippet, it tries different numbers of piles and calculates moves differently using math.ceil. The logic and implementation details are significantly different, making them not functionally similar.""
}",93
2015_0_2,100159,2015_0_2,55775,CLONE,2026-07-26 22:45:07,"{
  ""answer"": ""YES-SIMILAR"",
  ""explanation"": ""Both code snippets solve the same problem: finding the minimum number of moves to distribute pancakes among diners such that no diner has more than a certain number of pancakes. The core logic in both is to try different numbers of moves (represented by 'ind+1' in Python and 'i' in PHP), calculate how many additional moves are needed to split the pancakes, and find the minimum total moves. The Python code uses a more complex nested loop structure but achieves the same optimization goal as the PHP code, which uses a simpler loop with a helper",94
2015_0_2,55775,2015_0_2,40957,CLONE,2026-07-26 22:45:08,"{
  ""answer"": ""NO-NOT-SIMILAR"",
  ""explanation"": ""The two code snippets implement different algorithms for solving the same problem (Infinite House of Pancakes from Google Code Jam). The PHP version uses a direct approach with a helper function 'reduce_stacks' that calculates the number of operations needed for a given number of stacks, while the Java version uses a more complex approach involving arrays and iterative optimization. The core logic and approach differ significantly, making them not functionally similar.""
}",95
2015_0_3,42051,2015_0_3,41900,CLONE,2026-07-26 22:45:10,"{
  ""answer"": ""NO-NOT-SIMILAR"",
  ""explanation"": ""The two code snippets implement different algorithms for solving the same problem. Both deal with quaternion multiplication and determining if a string can be split into three parts that multiply to 'i', 'j', 'k' respectively. However, the approaches differ significantly. The Java code uses a direct simulation approach with a predefined multiplication table and tracks specific character occurrences, while the C++ code uses a more mathematical approach with a 'get' function that handles quaternion multiplication with signs and employs a multiset-based approach with indices tracking. The logic, data structures,",96
2015_0_3,41900,2015_0_3,103585,CLONE,2026-07-26 22:45:11,"{
  ""answer"": ""NO-NOT-SIMILAR"",
  ""explanation"": ""The two code snippets implement different algorithms for solving the same problem (determining if a string of quaternion symbols can be split into three parts that multiply to 'j'). The C++ version uses a more complex approach with multiset, multiple loops, and detailed index tracking to find positions of 'i' and 'k' characters, while the Python version uses a simpler mathematical approach based on multiplication tables and modular arithmetic. The core logic and approach are fundamentally different, making them not functionally similar.""
}",97
2015_0_3,103585,2015_0_3,19800,CLONE,2026-07-26 22:45:12,"{
  ""answer"": ""NO-NOT-SIMILAR"",
  ""explanation"": ""The two code snippets implement different algorithms for solving the same problem. The Python code appears to be solving a problem related to quaternion multiplication and decomposition, where it checks if a given string can be split into three parts that multiply to -1. The PHP code also seems to be solving a similar problem but with a different approach and logic. While both are attempting to solve what appears to be a computational group theory problem (possibly related to quaternion algebra), the specific implementations, data structures, and logic flow are significantly different. The Python version uses dictionaries",98
2015_0_3,19800,2015_0_3,42051,CLONE,2026-07-26 22:45:13,"{
  ""answer"": ""NO-NOT-SIMILAR"",
  ""explanation"": ""The two code snippets implement completely different algorithms for solving what appears to be a quaternion multiplication problem. The PHP code implements a specific quaternion multiplication logic with special handling for 'i', 'j', 'k' characters and uses a multiplication table approach with negative results, while the Java code uses a more complex table-based multiplication with additional characters ('l', 'm', 'n', 'o') and a different algorithm for determining if a string can be split into segments that multiply to give 'i', 'j', 'k'. The core logic",99
2015_0_3,47513,2015_0_3,49764,CLONE,2026-07-26 22:45:14,"{
  ""answer"": ""YES-SIMILAR"",
  ""explanation"": ""Both code snippets implement a solution to determine if a given string of characters (composed of 'i', 'j', 'k') can be split into three parts such that their product equals 'i', 'j', 'k' respectively in the quaternion group. Both use similar logic to compute products of quaternions, handle repeated strings, and search for valid splits. The core algorithmic approach is identical, though the implementation details differ due to language differences (Java vs C++), variable naming conventions, and code structure. The fundamental problem being solved",100
2015_0_3,49764,2015_0_3,103774,CLONE,2026-07-26 22:45:16,"{
  ""answer"": ""NO-NOT-SIMILAR"",
  ""explanation"": ""While both code snippets appear to solve a similar problem involving quaternion multiplication and checking if a string can be split into three parts that multiply to -1, they differ significantly in their approach and implementation details. The C++ version uses a complex table-based multiplication system with bit manipulation for exponentiation, while the Python version uses a simpler lookup table approach with modular exponentiation. The control flow, data structures, and specific algorithms used are fundamentally different, making them not functionally similar.""
}",101
2015_0_3,103774,2015_0_3,102323,CLONE,2026-07-26 22:45:17,"{
  ""answer"": ""YES-SIMILAR"",
  ""explanation"": ""Both code snippets implement the same algorithm to determine if a string of characters (consisting of 'i', 'j', 'k') can be split into three parts such that the first part evaluates to 'i', the second to 'j', and the third to 'k' under the rules of quaternion multiplication. Both use a multiplication table to define how the quaternion units multiply with each other, and both use a state machine approach to consume characters and track the current product. The core logic of finding valid splits and checking the final result is equivalent in",102
2015_0_3,102323,2015_0_3,47513,CLONE,2026-07-26 22:45:18,"{
  ""answer"": ""YES-SIMILAR"",
  ""explanation"": ""Both code snippets solve the same problem: determining whether a given string, when repeated a certain number of times, can be split into three parts that multiply to give the quaternion unit 'k'. Both implement a quaternion multiplication logic using a lookup table approach. The core algorithm involves: 1) Reading input parameters, 2) Handling repetition of the string, 3) Finding positions where the partial products equal 'i', 'j', and 'k' respectively, 4) Checking if the final remainder equals '1'. The Java version uses a",103
2015_0_3,96608,2015_0_3,23036,CLONE,2026-07-26 22:45:19,"{
  ""answer"": ""YES-SIMILAR"",
  ""explanation"": ""Both code snippets implement algorithms to determine if a given string of characters (representing elements of a quaternion group) can be split into three parts that multiply to give the quaternion unit 'i', then 'j', then 'k'. Both use similar mathematical concepts involving quaternion multiplication tables and modular arithmetic. The Java version uses a HashMap to store multiplication results and performs iterative checks with position tracking, while the C++ version uses a predefined multiplication matrix and implements fast exponentiation. Despite differences in implementation details, data structures, and programming languages, both programs solve the",104
2015_0_3,23036,2015_0_3,72742,CLONE,2026-07-26 22:45:20,"{
  ""answer"": ""YES-SIMILAR"",
  ""explanation"": ""Both code snippets solve the same problem: determining whether a given string of quaternion symbols (consisting of 'i', 'j', 'k') repeated X times can be split into three parts that multiply to give the quaternion -1. Both implement similar logic for quaternion multiplication, checking if the overall product equals -1, and finding valid positions for 'i' and 'j' characters to form the required decomposition. The core algorithmic approach is identical, though the implementations differ in language (C++ vs Python), syntax, and some optimizations (like",105
2015_0_3,72742,2015_0_3,18309,CLONE,2026-07-26 22:45:22,"{
  ""answer"": ""YES-SIMILAR"",
  ""explanation"": ""Both code snippets implement the same algorithm to solve the same problem: determining whether a given string of quaternion characters (consisting of 'i', 'j', 'k') repeated a certain number of times can be split into three parts that multiply to give the quaternion -1. Both use similar logic to check if there's a valid way to partition the repeated string such that the first part evaluates to 'i', the second to 'j', and the third to 'k'. The core mathematical operations for quaternion multiplication are implemented identically in both, and",106
2015_0_3,18309,2015_0_3,96608,CLONE,2026-07-26 22:45:24,"{
  ""answer"": ""YES-SIMILAR"",
  ""explanation"": ""Both code snippets implement the same algorithm to determine if a given string of characters (comprising 'i', 'j', 'k') can be split into three parts that multiply to '-1' under the quaternion multiplication rules. They both use similar logic: 1) Check if the total length times the repeat count is at least 3, 2) Compute the product of the entire string, 3) Apply conditions based on whether the product is '1', '-1', or other values, and 4) Search for valid split points",107
2015_0_4,86262,2015_0_4,63026,CLONE,2026-07-26 22:45:25,"{
  ""answer"": ""NO-NOT-SIMILAR"",
  ""explanation"": ""The two code snippets implement different logic for solving the same problem (Omino game). While both read input from files, process test cases, and output results, their core algorithms differ significantly. The Java version uses a more complex set of conditions to determine win/lose scenarios based on mathematical properties of the grid dimensions and the polyomino size. The C++ version uses a simpler approach that checks specific conditions involving min/max dimensions and divisibility. The logic and conditions used in each code are not equivalent, making them functionally different.""
}",108
2015_0_4,63026,2015_0_4,57828,CLONE,2026-07-26 22:45:25,"{
  ""answer"": ""YES-SIMILAR"",
  ""explanation"": ""Both code snippets solve the same problem: determining whether Gabriel (GABRIEL) or Richard (RICHARD) wins a game based on given parameters X, R, and C. The logic in both codes involves checking various conditions related to the dimensions of a grid (R x C) and a polyomino of size X. The core algorithm is identical: if X >= 7, or X > R, or (X+1)//2 > C, or R*C is not divisible by X, or specific edge cases for X",109
2015_0_4,57828,2015_0_4,68310,CLONE,2026-07-26 22:45:26,"{
  ""answer"": ""NO-NOT-SIMILAR"",
  ""explanation"": ""The two code snippets implement different logic for determining whether Gabriel or Richard wins in the Omino game. The Python code uses a specific set of conditions to determine the winner based on the size of the polyomino (X) and the dimensions of the grid (R, C), including special cases for X=4, X=5, and X=6. The PHP code implements a completely different set of conditions that do not match the logic in the Python code. The conditions and logic used in each snippet are fundamentally different, making them",110
2015_0_4,68310,2015_0_4,86262,CLONE,2026-07-26 22:45:27,"{
  ""answer"": ""YES-SIMILAR"",
  ""explanation"": ""Both code snippets implement the same logic for solving the Omino problem, which is a classic game theory problem involving polyominoes. Both programs read input parameters (X, R, C), perform the same mathematical checks to determine if Richard can win or if Gabriel wins, and output the results in the same format (Case #X: RESULT). The core algorithm is identical: checking divisibility, minimum dimension constraints, and maximum dimension constraints. The main differences are in syntax and language-specific implementations (PHP vs Java), but the functional behavior is the",111
2015_0_4,30398,2015_0_4,86932,CLONE,2026-07-26 22:45:28,"{
  ""answer"": ""NO-NOT-SIMILAR"",
  ""explanation"": ""The two code snippets implement different logic for determining the winner in a game scenario. While both are solving a similar problem related to tiling a rectangle with polyominoes, the conditions and logic used to determine if Richard wins are significantly different. The Java code has explicit conditions for various cases like x>=7, divisibility checks, and specific combinations of dimensions, while the C++ code uses a different set of conditions including some that appear to be mathematically incorrect or differently formulated. The core logic and conditions for determining the winner are",112
2015_0_4,86932,2015_0_4,94256,CLONE,2026-07-26 22:45:29,"{
  ""answer"": ""NO-NOT-SIMILAR"",
  ""explanation"": ""The two code snippets implement different logic for determining the winner in a game scenario. While both aim to determine if Richard or Gabriel wins based on game rules, the conditions and logic differ significantly. The C++ version has specific conditions involving X/2 + X%2 calculations and multiple if statements that don't directly correspond to the Python version's logic. The Python version uses a max_lw function and different conditions for checking if the game can be won. The core game logic and the specific conditions for determining the winner are not equivalent between the",113
2015_0_4,94256,2015_0_4,19708,CLONE,2026-07-26 22:45:30,"{
  ""answer"": ""NO-NOT-SIMILAR"",
  ""explanation"": ""The two code snippets implement different algorithms for solving what appears to be the same problem (a variant of the Domino Tiling or Game Theory problem). While both attempt to determine if a player named 'Richard' can win given parameters X, R, and C, the logic and conditions for determining the winner differ significantly. The Python version uses a 'max_lw' function and more complex conditions, while the PHP version has a different set of rules including specific conditions for x>=7, x==1, and special cases for x>3",114
2015_0_4,19708,2015_0_4,30398,CLONE,2026-07-26 22:45:31,"{
  ""answer"": ""YES-SIMILAR"",
  ""explanation"": ""Both code snippets implement the same logic for determining the winner in a game involving polyominoes (specifically, the 'Omino' game from Google Code Jam). They both take the same inputs (x, r, c) and apply identical rules to determine if Richard wins ('RICHARD') or Gabriel wins ('GABRIEL'). The conditions for Richard winning are equivalent in both codes, even though the Java version has more explicit conditional statements and the PHP version uses a class-based approach with separate methods for input/output handling. The core",115
2015_0_4,29877,2015_0_4,60776,CLONE,2026-07-26 22:45:32,"{
  ""answer"": ""NO-NOT-SIMILAR"",
  ""explanation"": ""The two code snippets implement different logic for determining the winner of a game involving polyominoes. The Java code uses a complex set of conditional statements to determine if Richard can win based on the dimensions of a grid and the shape of a polyomino (X), while the C++ code uses a much simpler approach with specific conditions for each polyomino size (1-6) and a general rule for larger values. The logic and conditions used in each code are fundamentally different, and they do not produce the same results for all",116
2015_0_4,60776,2015_0_4,74018,CLONE,2026-07-26 22:45:33,"{
  ""answer"": ""NO-NOT-SIMILAR"",
  ""explanation"": ""The two code snippets implement different logic for determining the winner in a game scenario. While both check conditions based on X, R, and C parameters, the specific conditions and logic differ significantly. For example, the C++ version has specific conditions for X=3,4,5,6 with different min(r,c) requirements, while the Python version has different logic for C==1, C==2, C==3 cases. Additionally, the Python version has a condition for X >= 7 that returns 'RICHARD', which",117
2015_0_4,74018,2015_0_4,78114,CLONE,2026-07-26 22:45:34,"{
  ""answer"": ""NO-NOT-SIMILAR"",
  ""explanation"": ""The two code snippets implement different logic for determining the winner in a game scenario. While both check conditions based on X, R, and C values, the specific conditions and their order differ significantly. For example, in the Python version, C==3 has a special case for X==5 and R==5, while the PHP version has different conditions for X==6 and C==4. Additionally, the Python version handles X>=7 as a special case, whereas the PHP version handles X>6. The logic flow and specific game",118
2015_0_4,78114,2015_0_4,29877,CLONE,2026-07-26 22:45:35,"{
  ""answer"": ""NO-NOT-SIMILAR"",
  ""explanation"": ""The two code snippets implement different logic for determining the winner in a game scenario. While both attempt to determine if Richard or Gabriel wins based on X, R, and C parameters, the conditions and logic differ significantly. For example, the PHP version has specific conditions for X=1, X=2, X=3, X=6 with special handling for C=4, while the Java version has different conditions for X=3, X=4, X=5, X=6 with specific handling for R=2, R",119
2015_1_1,112276,2015_1_1,111086,CLONE,2026-07-26 22:45:36,"{
  ""answer"": ""YES-SIMILAR"",
  ""explanation"": ""Both code snippets implement the same algorithmic problem involving processing multiple test cases with arrays of integers. They both read input data, process each test case to compute two values (t1 and t2), and output results in a similar format. The core logic in both snippets involves calculating differences between consecutive elements in an array and using those differences to compute two different metrics. The Java version uses Scanner for input and PrintWriter for output, while the C++ version uses ifstream and cout, but the fundamental algorithmic approach is identical.""
}",120
2015_1_1,111086,2015_1_1,117734,CLONE,2026-07-26 22:45:37,"{
  ""answer"": ""YES-SIMILAR"",
  ""explanation"": ""Both code snippets solve the same problem - calculating two values based on a sequence of numbers. In both cases, the first value (t1/a) represents the total amount of decrease between consecutive elements, while the second value (t2/b) represents the total consumption if a constant rate is applied. The logic is identical: 1) Calculate the maximum decrease between adjacent elements, 2) Apply that maximum decrease rate to compute the total consumption. The C++ version uses a more verbose approach with templates and manual file I/O, while the Python",121
2015_1_1,117734,2015_1_1,122934,CLONE,2026-07-26 22:45:38,"{
  ""answer"": ""YES-SIMILAR"",
  ""explanation"": ""Both code snippets implement the same algorithm for solving the Google Code Jam 2015 Round 1A Problem A (Standing Ovation). They both read a number of test cases and for each case, read a sequence of numbers representing counts at different time intervals. They then compute two values: the total amount of candy needed if the rate decreases by the maximum difference at each step, and the total amount if the rate decreases by a fixed rate equal to the maximum difference. The logic and variable names are different due to language differences (Python vs",122
2015_1_1,122934,2015_1_1,112276,CLONE,2026-07-26 22:45:39,"{
  ""answer"": ""YES-SIMILAR"",
  ""explanation"": ""Both code snippets implement the same algorithm to solve a problem involving processing multiple test cases, where each case involves calculating two values based on an array of integers. The PHP code reads input from a file, processes each test case by calculating two methods (firstMethod and secondMethod) based on differences in consecutive elements, and outputs the results. The Java code performs the same operations: it reads input from a file, processes each test case by computing two values (similar to firstMethod and secondMethod in PHP) using loops and conditional logic, and writes the",123
2015_1_1,118030,2015_1_1,122263,CLONE,2026-07-26 22:45:40,"{
  ""answer"": ""YES-SIMILAR"",
  ""explanation"": ""Both code snippets solve the same problem of calculating two different values related to mushroom consumption over time. In both cases, the first value (ans/anyMushroomsAtAnyTime) represents the total number of mushrooms eaten when eating at any rate, which is the sum of differences between consecutive plate amounts when the next plate has fewer mushrooms. The second value (ans2/eatAtConstantRate) represents the total eaten when eating at a constant rate, which is the sum of minimums of consecutive plate amounts multiplied by the maximum rate of decrease.",124
2015_1_1,122263,2015_1_1,124602,CLONE,2026-07-26 22:45:41,"{
  ""answer"": ""YES-SIMILAR"",
  ""explanation"": ""Both code snippets implement the same algorithm to solve a problem involving calculating two values based on a sequence of integers. In both cases, the first value (ans/y) represents the sum of differences where consecutive elements decrease, and the second value (ans2/z) represents the sum of minimums of the maximum decrease and each element. The logic and variables are mapped correctly between the two implementations, with the C++ version using more verbose syntax and additional features like timing and formatting, while the Python version is more concise but performs the same operations.""
}",125
2015_1_1,124602,2015_1_1,111264,CLONE,2026-07-26 22:45:41,"{
  ""answer"": ""YES-SIMILAR"",
  ""explanation"": ""Both code snippets implement the same algorithm to solve a problem involving calculating minimum mushroom consumption. They both read input data, process arrays of numbers to compute two different values (y and z in Python, minimum1 and minimum2 in PHP), and output results in the same format. The logic is identical: first calculate the total consumption when eating mushrooms at any rate, then calculate consumption when eating at a fixed rate equal to the maximum daily decrease. The core algorithm and output format match exactly between the two implementations.""
}",126
2015_1_1,111264,2015_1_1,118030,CLONE,2026-07-26 22:45:42,"{
  ""answer"": ""YES-SIMILAR"",
  ""explanation"": ""Both code snippets implement the same algorithm to solve a mushroom eating problem with two different approaches. In both cases, the input is processed to calculate two values for each test case: (1) the total mushrooms eaten when eating any amount at any time, and (2) the total mushrooms eaten when eating at a constant rate. The PHP version uses two functions 'mushroom_minimums' and 'calculate_minimums' to compute these values, while the Java version uses two methods 'anyMushroomsAtAnyTime' and 'eatAtConstant",127
2015_1_1,112898,2015_1_1,111866,CLONE,2026-07-26 22:45:43,"{
  ""answer"": ""YES-SIMILAR"",
  ""explanation"": ""Both code snippets solve the same problem: calculating two different values (ans1 and ans2) based on an array of integers. In both cases, ans1 represents the total amount of food eaten when a panda eats whenever the next pile is smaller, and ans2 represents the total amount eaten when the panda eats at a constant rate equal to the maximum difference between consecutive piles. The logic and algorithmic approach are identical, even though the languages (Java vs C++) and some variable names differ.""
}",128
2015_1_1,111866,2015_1_1,111647,CLONE,2026-07-26 22:45:44,"{
  ""answer"": ""NO-NOT-SIMILAR"",
  ""explanation"": ""The two code snippets are not functionally similar. The first snippet is a C++ program that solves a specific algorithmic problem involving arrays and calculations, while the second snippet is a Python module containing helper functions for reading and processing data. The first snippet performs complex operations on arrays to compute two values (ans1 and ans2) based on differences between consecutive elements, whereas the second snippet only provides utility functions for reading input data. These snippets serve completely different purposes and implement different functionalities.""
}",129
2015_1_1,111647,2015_1_1,121770,CLONE,2026-07-26 22:45:45,"{
  ""answer"": ""NO-NOT-SIMILAR"",
  ""explanation"": ""The two code snippets perform entirely different tasks. The Python snippet contains utility functions for reading and processing data from files, including reading integers, floats, and lists of different types, as well as helper functions for checking odd/even numbers. The PHP snippet, on the other hand, is a complete program that processes test cases involving mushroom consumption calculations, determining the maximum number of mushrooms eaten in a specific way and calculating a score based on that. The tasks, data structures, and algorithms are completely different, making them not functionally similar.""
}",130
2015_1_1,121770,2015_1_1,112898,CLONE,2026-07-26 22:45:46,"{
  ""answer"": ""YES-SIMILAR"",
  ""explanation"": ""Both code snippets solve the same problem of calculating two different values based on a sequence of mushroom counts. In both cases, the first value (minEat1/x[0]) represents the total mushrooms eaten when moving from one position to the next (if the next position has fewer mushrooms), and the second value (minEat2/x[1]) represents the total mushrooms eaten when consuming at a rate equal to the maximum difference between consecutive positions. The logic for computing these values is fundamentally the same, even though the implementation details differ due to language differences (",131
2016_0_1,76319,2016_0_1,65647,CLONE,2026-07-26 22:45:47,"{
  ""answer"": ""YES-SIMILAR"",
  ""explanation"": ""Both code snippets solve the same problem: given a number, find the smallest positive integer that contains all digits from 0 to 9 (i.e., contains all digits 0-9). The approach in both codes is fundamentally the same - they iterate through multiples of the input number, extract digits from each multiple, and keep track of which digits have been seen. Once all 10 digits (0-9) are seen, they output the current multiple. If the input is 0, they output 'INSOMNIA'. The",132
2016_0_1,65647,2016_0_1,94639,CLONE,2026-07-26 22:45:48,"{
  ""answer"": ""YES-SIMILAR"",
  ""explanation"": ""Both code snippets implement the same algorithm to solve the 'Counting Sheep' problem. They both start with a number and keep multiplying it by increasing integers (1, 2, 3, ...) while tracking which digits have been seen. When all 10 digits (0-9) have been seen, they output the current number. If the input is 0, they output 'INSOMNIA'. The logic, variable names, and control flow are functionally equivalent, even though the first uses C++ with maps and the second",133
2016_0_1,94639,2016_0_1,48618,CLONE,2026-07-26 22:45:49,"{
  ""answer"": ""YES-SIMILAR"",
  ""explanation"": ""Both code snippets implement the same algorithm to solve the 'Counting Sheep' problem. They both:\n1. Take an input number N\n2. Keep multiplying N by increasing integers (1, 2, 3, ...) until all digits 0-9 appear in the result\n3. Return the first number that contains all 10 digits\n4. Handle the special case where N=0 by returning 'INSOMNIA'\n\nThe core logic is identical: track which digits have been seen and continue multiplying until all",134
2016_0_1,48618,2016_0_1,76319,CLONE,2026-07-26 22:45:50,"{
  ""answer"": ""YES-SIMILAR"",
  ""explanation"": ""Both code snippets solve the same problem: determining the smallest positive integer that contains all digits 0-9 when multiplied by a given number. They both use a loop to multiply the input number by increasing integers and track which digits have been seen. When all 10 digits (0-9) are found, they output the result. If the loop exceeds a maximum limit (1000000 in PHP, implicit in Java), they output 'INSOMNIA'. The core logic and algorithm are identical, though the implementation details",135
2016_0_1,117099,2016_0_1,134225,CLONE,2026-07-26 22:45:50,"{
  ""answer"": ""YES-SIMILAR"",
  ""explanation"": ""Both code snippets solve the same problem: determining the last number that contains all digits 0-9 when counting multiples of a given number N. The logic is identical: 1) Handle special case N=0 by outputting \""INSOMNIA\""; 2) For other N, keep generating multiples of N and build a bitmask of digits seen until all 10 digits (0-9) are covered; 3) Output the first number that contains all digits. The Java version uses a class structure with static methods, while",136
2016_0_1,134225,2016_0_1,88781,CLONE,2026-07-26 22:45:51,"{
  ""answer"": ""YES-SIMILAR"",
  ""explanation"": ""Both code snippets implement the same algorithm to solve the 'Counting Sheep' problem. They both:\n1. Handle the special case where input is 0 (return 'INSOMNIA')\n2. Start with the input number N\n3. Keep adding N to a running total X\n4. Track which digits have been seen using a bitmask (C++) or a set (Python)\n5. Continue until all 10 digits (0-9) have been seen\n6. Return the first number that contains all",137
2016_0_1,88781,2016_0_1,39027,CLONE,2026-07-26 22:45:52,"{
  ""answer"": ""NO-NOT-SIMILAR"",
  ""explanation"": ""The two code snippets implement completely different algorithms and solve different problems. The Python code implements a solution for the 'Counting Sheep' problem where it finds the smallest positive integer that contains all digits 0-9 when multiplied by a given number. The PHP code implements a solution for the 'Standing Ovation' problem, which is about determining the minimum number of audience members needed to stand up to satisfy a crowd's needs. The problems, logic, and outputs are entirely different.""
}",138
2016_0_1,39027,2016_0_1,117099,CLONE,2026-07-26 22:45:53,"{
  ""answer"": ""YES-SIMILAR"",
  ""explanation"": ""Both code snippets solve the same problem: determining the last number in a sequence where all digits 0-9 appear. In PHP, the function 'x' recursively adds the original number to itself until all digits 0-9 are present in the result. In Java, the 'getMask' function calculates which digits are present in a number using bit manipulation, and the main loop increments a multiplier until all 10 digits (0-9) are covered in the mask. Both approaches achieve the same goal of finding the smallest positive integer that",139
2016_0_1,100898,2016_0_1,143909,CLONE,2026-07-26 22:45:54,"{
  ""answer"": ""YES-SIMILAR"",
  ""explanation"": ""Both code snippets solve the same problem: determining the last number in a sequence of multiples of a given number where all digits 0-9 appear at least once. In both cases, the algorithm starts with a number, repeatedly adds it to itself, and checks if all digits 0-9 have appeared in the sequence. The Java version uses a boolean array to track digit occurrence, while the C++ version uses bit manipulation to achieve the same goal. Both handle the special case of input 0 (INSOMNIA) and output the result",140
2016_0_1,143909,2016_0_1,71388,CLONE,2026-07-26 22:45:55,"{
  ""answer"": ""YES-SIMILAR"",
  ""explanation"": ""Both code snippets solve the same problem: given a number N, find the smallest positive integer multiple of N that contains all digits from 0 to 9 (i.e., uses all 10 digits). The logic is identical in both cases - they keep multiplying N by increasing integers until all digits 0-9 are seen in the result. The C++ version uses bit manipulation to track which digits have been seen (using a mask), while the Python version uses a list to track unused digits. Despite different implementation approaches, both achieve the same",141
2016_0_1,71388,2016_0_1,113708,CLONE,2026-07-26 22:45:56,"{
  ""answer"": ""YES-SIMILAR"",
  ""explanation"": ""Both code snippets implement the same algorithm to solve the 'Blindfolded Bear' or 'Sleeping Beauty' problem, commonly known as the 'Bleatrix' problem. They both:\n\n1. Take an input number and check if it's zero (special case returning 'INSOMNIA')\n2. Keep multiplying the number by increasing integers (1, 2, 3, ...) until all digits 0-9 are seen\n3. Track which digits are still missing from the set {0,1,",142
2016_0_1,113708,2016_0_1,100898,CLONE,2026-07-26 22:45:56,"{
  ""answer"": ""NO-NOT-SIMILAR"",
  ""explanation"": ""The two code snippets are not functionally similar. While both attempt to solve a similar problem (finding when all digits 0-9 appear in multiples of a number), they differ in key aspects. The PHP version uses a more direct approach with array_diff and str_split to track missing digits, while the Java version uses a boolean array to track which digits have been seen. Additionally, the Java version has a fixed loop limit (1000000) which is not present in the PHP version, and the Java version's",143
2016_0_4,136626,2016_0_4,135114,CLONE,2026-07-26 22:45:57,"{
  ""answer"": ""YES-SIMILAR"",
  ""explanation"": ""Both code snippets solve the same problem: determining whether a given number of branches (K), depth (C), and checks (S) can be used to generate a sequence of positions that cover all branches. The core logic involves checking if C*S >= K to determine if it's possible to cover all branches, and if so, generating a sequence of positions using a base-K representation. The Java code uses nested loops to compute powers and build positions, while the C++ code uses a more direct approach with a single loop and multiplication. Despite differences in",144
2016_0_4,135114,2016_0_4,63570,CLONE,2026-07-26 22:45:58,"{
  ""answer"": ""YES-SIMILAR"",
  ""explanation"": ""Both code snippets solve the same problem: determining the minimum number of positions to check in a sequence of length K, where each position can be thought of as a digit in base K, and we want to identify all positions with C consecutive digits. The logic is identical in both codes: they first check if the number of positions (C*S) is sufficient to cover all K positions (if not, output 'IMPOSSIBLE'). If possible, they compute a sequence of numbers in base K where each number represents a group of C consecutive positions.",145
2016_0_4,63570,2016_0_4,80717,CLONE,2026-07-26 22:45:59,"{
  ""answer"": ""NO-NOT-SIMILAR"",
  ""explanation"": ""The two code snippets implement fundamentally different algorithms for solving what appears to be the same problem (likely a variant of the 'K-Cover' or 'Gold Mine' problem). The Python code uses a mathematical approach to calculate positions based on powers of K, while the PHP code uses a more heuristic approach with specific calculations involving ceil(k/2) and mid-point logic. The PHP code also has special handling for c=1 case and different logic for determining when the solution is impossible. The core algorithms and approaches are not equivalent, making them",146
2016_0_4,80717,2016_0_4,136626,CLONE,2026-07-26 22:46:00,"{
  ""answer"": ""NO-NOT-SIMILAR"",
  ""explanation"": ""The two code snippets implement different algorithms and solve different problems. The PHP code appears to be solving a specific mathematical problem related to finding optimal check positions in a grid-based system, with complex logic for handling different cases based on parameters k, c, and s. The Java code implements a different algorithm that calculates paths in a tree-like structure using powers and iterations. While both handle multiple test cases and produce output in similar formats, the underlying mathematical problems and algorithms are fundamentally different. The PHP code has specific logic for handling c=1 vs c",147
2016_0_4,125922,2016_0_4,90060,CLONE,2026-07-26 22:46:01,"{
  ""answer"": ""NO-NOT-SIMILAR"",
  ""explanation"": ""The two code snippets are not functionally similar. While both appear to solve a problem related to fractiles and handle test cases, they differ significantly in their approach and logic. The Java code handles specific cases for K=1, C=1, and S<K-1, while the C++ code uses a more general mathematical approach with a formula (k + c - 1) / c to determine the number of positions needed. The C++ code also uses a more complex calculation involving powers and modular arithmetic to generate the output,",148
2016_0_4,90060,2016_0_4,158305,CLONE,2026-07-26 22:46:02,"{
  ""answer"": ""NO-NOT-SIMILAR"",
  ""explanation"": ""The two code snippets implement different algorithms for solving the same problem (likely the 'Gold Rush' or 'Gold Mine' problem). The C++ version uses a straightforward mathematical approach to generate positions, while the Python version has complex logic with special cases for handling even/odd K and C values, and different strategies for when S equals K or C equals 1. The Python code also has a bug in its logic where it uses 'K + 1' instead of 'K' for calculating guessesRequired, and the approach to generating guesses",149
2016_0_4,158305,2016_0_4,139021,CLONE,2026-07-26 22:46:03,"{
  ""answer"": ""NO-NOT-SIMILAR"",
  ""explanation"": ""The two code snippets implement completely different algorithms for solving what appears to be a fractile problem. The Python code implements a mathematical approach to determine the minimum number of guesses required to identify a pattern in a fractile sequence, using specific formulas and conditions. The PHP code implements a brute force approach with complex nested loops, string manipulations, and statistical analysis to determine possible base configurations and their occurrences. The fundamental approaches, data structures, and algorithms used are entirely different, making them not functionally similar.""
}",150
2016_0_4,139021,2016_0_4,125922,CLONE,2026-07-26 22:46:04,"{
  ""answer"": ""NO-NOT-SIMILAR"",
  ""explanation"": ""The two code snippets implement different algorithms for solving the Fractiles problem. The PHP code implements a complex solution involving base conversion, artwork generation, and optimization using GMP functions, while the Java code implements a much simpler heuristic approach that directly determines the solution based on mathematical conditions. The PHP code attempts to find optimal positions by analyzing possible artwork combinations and their occurrences, whereas the Java code uses a straightforward mathematical approach. The two implementations have fundamentally different approaches and logic, making them not functionally similar.""
}",151
2016_0_4,99642,2016_0_4,45917,CLONE,2026-07-26 22:46:05,"{
  ""answer"": ""YES-SIMILAR"",
  ""explanation"": ""Both code snippets implement the same algorithmic problem solution. They both read input from a file, process multiple test cases, and generate output to another file. The core logic involves determining if a solution is possible given parameters k, c, s and then generating a sequence of numbers to satisfy certain conditions. Both implement similar logic for handling edge cases (impossible cases) and generating the required output sequence. The main difference is in the programming language (Java vs C++), file I/O methods, and syntax, but the functional behavior and algorithmic approach",152
2016_0_4,45917,2016_0_4,142083,CLONE,2026-07-26 22:46:06,"{
  ""answer"": ""NO-NOT-SIMILAR"",
  ""explanation"": ""The two code snippets implement different algorithms for solving the same problem. The C++ code uses a mathematical approach to generate a sequence of numbers based on k, c, and s parameters, while the Python code uses a more heuristic approach with specific conditions and calculations. The logic, structure, and output formats differ significantly between the two implementations. The C++ version appears to be solving a 'Killing the King' or similar puzzle where it calculates positions to mark, while the Python version seems to be implementing a different strategy altogether. The outputs are",153
2016_0_4,142083,2016_0_4,37736,CLONE,2026-07-26 22:46:07,"{
  ""answer"": ""YES-SIMILAR"",
  ""explanation"": ""Both code snippets solve the same computational problem, which appears to be related to determining positions in a sequence based on given parameters K, C, and S. Both implement logic to determine if a solution is possible (IMPOSSIBLE case) and then compute a sequence of positions. The core algorithm in both cases involves calculating positions using powers and modular arithmetic, with similar conditional logic for handling special cases (like K=1). The output format is also consistent - both write results in the format 'Case #X: ...' followed by the computed values",154
2016_0_4,37736,2016_0_4,99642,CLONE,2026-07-26 22:46:08,"{
  ""answer"": ""NO-NOT-SIMILAR"",
  ""explanation"": ""The two code snippets implement different algorithms and solve different problems. The PHP code appears to be solving a problem related to finding optimal positions in a sequence based on powers and modular arithmetic, while the Java code is solving a different problem involving finding positions in a sequence with specific constraints. The core logic, variable names, and problem-solving approaches are fundamentally different, indicating they are not functionally similar.""
}",155
2016_1_1,15819,2016_1_1,15421,CLONE,2026-07-26 22:46:09,"{
  ""answer"": ""YES-SIMILAR"",
  ""explanation"": ""Both code snippets solve the same problem: given a string, construct the lexicographically largest word by inserting each character either at the beginning or end of the result string. In the Java version, characters are inserted at the beginning if they are >= the first character of the current result, otherwise appended. The C++ version does the same: if the result is empty or the current character is less than the first character of result, append it; otherwise, insert it at the beginning. Both implementations produce identical logic and results for the same input, even",156
2016_1_1,15421,2016_1_1,3308,CLONE,2026-07-26 22:46:10,"{
  ""answer"": ""YES-SIMILAR"",
  ""explanation"": ""Both code snippets solve the same problem: given a string, construct the lexicographically largest string possible by either prepending or appending each character to the result string. In both cases, the algorithm compares the current character with the first character of the result string and decides whether to prepend or append. The C++ version uses a string result and compares characters directly, while the Python version uses a list and compares ASCII values. Both use the same logic: if the current character is greater than or equal to the first character of the result, prepend it;",157
2016_1_1,3308,2016_1_1,3735,CLONE,2026-07-26 22:46:11,"{
  ""answer"": ""YES-SIMILAR"",
  ""explanation"": ""Both code snippets perform the same core algorithm to solve the same problem. They read a series of strings, and for each string, build a result string by comparing characters and placing each new character either at the beginning or end of the result string based on lexicographical comparison with the first character. The Python version uses file I/O and prints to console, while the PHP version reads from standard input and prints to standard output, but the logic and algorithm are identical.""
}",158
2016_1_1,3735,2016_1_1,15819,CLONE,2026-07-26 22:46:11,"{
  ""answer"": ""YES-SIMILAR"",
  ""explanation"": ""Both code snippets solve the same problem: given a string, arrange its characters to form the lexicographically largest possible string where each character is either prepended or appended to the result. In both cases, the algorithm compares each character with the first character of the current result string and either prepends or appends it accordingly. The PHP version uses string concatenation and array indexing, while the Java version uses StringBuilder with insert() and append() operations, but the logic and outcome are functionally equivalent.""
}",159
2016_1_1,28201,2016_1_1,31768,CLONE,2026-07-26 22:46:12,"{
  ""answer"": ""YES-SIMILAR"",
  ""explanation"": ""Both code snippets perform the same functional task: they read a series of strings, process each string to rearrange its characters in a specific order, and output the result with a case number prefix. In both cases, the algorithm compares the first character of the result string with the current character from the input string and places the current character either at the beginning or end of the result string. The Java code uses a while loop and string manipulation, while the C++ code uses a for loop with similar logic. Both achieve the same outcome of building a string",160
2016_1_1,31768,2016_1_1,33316,CLONE,2026-07-26 22:46:13,"{
  ""answer"": ""NO-NOT-SIMILAR"",
  ""explanation"": ""The two code snippets perform completely different tasks. The C++ snippet arranges characters in a string in a specific order based on lexicographical comparison, while the Python snippet performs a complex sorting algorithm using character indices and recursive sorting. The C++ code builds a string by comparing characters and placing them in a specific order, whereas the Python code implements a custom sorting algorithm that is not equivalent to the C++ logic. The outputs and algorithms are fundamentally different.""
}",161
2016_1_1,33316,2016_1_1,18665,CLONE,2026-07-26 22:46:14,"{
  ""answer"": ""NO-NOT-SIMILAR"",
  ""explanation"": ""The two code snippets perform completely different operations. The Python code implements a complex sorting algorithm that rearranges characters in a specific order based on a custom sorting function, while the PHP code implements a greedy algorithm that builds a lexicographically largest string by choosing whether to prepend or append each character to the result. The Python code is sorting characters according to a specific algorithm, whereas the PHP code is constructing the lexicographically largest possible string from the input characters. These are fundamentally different tasks.""
}",162
2016_1_1,18665,2016_1_1,28201,CLONE,2026-07-26 22:46:15,"{
  ""answer"": ""NO-NOT-SIMILAR"",
  ""explanation"": ""The two code snippets perform different operations despite both dealing with string manipulation. The PHP code attempts to build a result string by comparing character insertion at the beginning versus the end, potentially creating a lexicographically largest string. The Java code, however, builds a sorted string by comparing the first character of the result with the current character and inserting accordingly. The logic and intended outcomes are fundamentally different, making the snippets not functionally similar.""
}",163
2016_1_1,22113,2016_1_1,20829,CLONE,2026-07-26 22:46:16,"{
  ""answer"": ""YES-SIMILAR"",
  ""explanation"": ""Both code snippets solve the same problem: arranging the characters of a string to form the lexicographically largest possible string by inserting each character either at the beginning or end of the result string. In both cases, the algorithm compares the current character with the first character of the result string and decides whether to prepend or append the character. The Java version uses a string builder approach while the C++ version uses a fixed-size array with two pointers to track the start and end positions. Despite differences in implementation details (Java's Scanner vs C++'s cin",164
2016_1_1,20829,2016_1_1,14703,CLONE,2026-07-26 22:46:16,"{
  ""answer"": ""YES-SIMILAR"",
  ""explanation"": ""Both code snippets implement the same algorithm to construct the lexicographically largest string possible by either prepending or appending characters to a result list. In both cases, the first character is placed in the result, and for each subsequent character, if it's greater than or equal to the first character of the result, it's prepended; otherwise, it's appended. The C++ version uses a fixed-size array and manages indices manually, while the Python version uses a list and built-in insert/append operations. The output format also matches - both print",165
2016_1_1,14703,2016_1_1,4557,CLONE,2026-07-26 22:46:17,"{
  ""answer"": ""NO-NOT-SIMILAR"",
  ""explanation"": ""The two code snippets perform completely different tasks. Code Snippet 1 is a Python program that takes a string and rearranges its characters to form the lexicographically largest possible string by inserting each character at the beginning or end of a result list based on comparison with the first character. Code Snippet 2 is a PHP program that reads from an input file, processes each line using a function called 'calcular', and writes output to a file. The 'calcular' function in PHP also attempts to build a string but with a",166
2016_1_1,4557,2016_1_1,22113,CLONE,2026-07-26 22:46:18,"{
  ""answer"": ""YES-SIMILAR"",
  ""explanation"": ""Both code snippets perform the same core algorithmic task: given a string, they rearrange its characters to form the lexicographically largest possible string by inserting each character at either the beginning or end of a result string. In PHP, the 'calcular' function processes each character and compares the concatenation 't.$s[$i]' vs '$s[$i].$t' to decide where to place the character. In Java, the 'output' string is built by comparing the first character of the current output with the next character from input",167
2016_1_2,23627,2016_1_2,7905,CLONE,2026-07-26 22:46:19,"{
  ""answer"": ""YES-SIMILAR"",
  ""explanation"": ""Both code snippets solve the same problem: given a grid of integers where each row and column appears an odd number of times except for one missing number in each row/column, find the missing numbers. Both use a frequency counting approach to identify numbers that appear an odd number of times. The Java version uses a HashMap to count frequencies and then sorts the odd-frequency numbers, while the C++ version uses a boolean array to track parity (XOR operation) and prints all numbers with odd counts. Despite differences in data structures and I/O methods, both achieve",168
2016_1_2,7905,2016_1_2,30453,CLONE,2026-07-26 22:46:20,"{
  ""answer"": ""YES-SIMILAR"",
  ""explanation"": ""Both code snippets solve the same problem: given a grid of numbers where each row has 2*N-1 elements and there are N rows, find the numbers that appear an odd number of times across all rows. The C++ code uses a bitwise XOR operation on a count array to track odd occurrences, while the Python code uses a list comprehension and count function to achieve the same result. Both approaches identify elements that appear an odd number of times and output them in sorted order. The core logic and algorithm are equivalent despite different implementation styles and languages.""
",169
2016_1_2,30453,2016_1_2,22155,CLONE,2026-07-26 22:46:21,"{
  ""answer"": ""YES-SIMILAR"",
  ""explanation"": ""Both code snippets perform the same core task: they process multiple lists of integers, identify numbers that appear an odd number of times across all lists, and output those numbers in sorted order for each test case. The Python version uses list comprehensions, set operations, and the 'eval' function, while the PHP version uses array functions and explicit loops. Despite syntactic and structural differences (Python vs PHP, use of 'eval' vs 'explode', different array handling), the functional behavior is identical - both identify odd-count elements and sort them for output",170
2016_1_2,22155,2016_1_2,23627,CLONE,2026-07-26 22:46:22,"{
  ""answer"": ""NO-NOT-SIMILAR"",
  ""explanation"": ""The two code snippets perform different tasks. The PHP code processes a series of inputs to find odd-count elements in arrays and outputs them in sorted order, while the Java code is designed to solve a specific problem related to finding missing numbers in a grid or matrix. The PHP code is focused on processing input arrays and counting element frequencies, whereas the Java code is solving a more complex problem involving a matrix and finding missing elements. The core logic, data structures, and problem domains are fundamentally different.""
}",171
2016_1_2,26561,2016_1_2,22827,CLONE,2026-07-26 22:46:23,"{
  ""answer"": ""YES-SIMILAR"",
  ""explanation"": ""Both code snippets perform the same functional task: they read a series of test cases, each containing a grid of numbers, and identify the missing number(s) in the grid. The core logic in both codes is identical - they use a map to count occurrences of numbers, identify those with odd counts (indicating a missing number), sort the result, and output it. The main differences are in syntax and language-specific constructs (Java vs C++), but the algorithmic approach and final outcome are the same.""
}",172
2016_1_2,22827,2016_1_2,14745,CLONE,2026-07-26 22:46:23,"{
  ""answer"": ""YES-SIMILAR"",
  ""explanation"": ""Both code snippets solve the same problem: given multiple lines of integers, identify which integers appear an odd number of times across all lines. The C++ version uses a map to count occurrences and a vector to store keys, while the Python version uses a dictionary for the same purpose. Both then filter for odd-count elements, sort them, and output in the required format. The core logic and algorithm are identical, even though the languages and specific data structures differ.""
}",173
2016_1_2,14745,2016_1_2,21265,CLONE,2026-07-26 22:46:24,"{
  ""answer"": ""YES-SIMILAR"",
  ""explanation"": ""Both code snippets perform the same core task: processing a series of soldier IDs from input files, counting occurrences of each ID, identifying those that appear an odd number of times, and outputting the sorted list of such IDs for each test case. The Python version uses nested loops and dictionaries to count occurrences, while the PHP version uses a similar approach with arrays. Both handle the same input format (number of test cases, followed by test case data), and both output results in the same format (Case #X: Y Z W ...). The fundamental",174
2016_1_2,21265,2016_1_2,26561,CLONE,2026-07-26 22:46:25,"{
  ""answer"": ""YES-SIMILAR"",
  ""explanation"": ""Both code snippets solve the same problem: given a grid where each row and column has an odd number of elements, find the missing element in each row/column. The PHP code reads input from a file, processes lines to count occurrences of numbers, and identifies those with odd counts. The Java code reads from standard input, uses a HashMap to count occurrences, and prints the sorted odd-count numbers. Both approaches use the same logic of counting occurrences and finding elements with odd counts to determine the missing elements.""
}",175
2016_1_2,21848,2016_1_2,26565,CLONE,2026-07-26 22:46:26,"{
  ""answer"": ""NO-NOT-SIMILAR"",
  ""explanation"": ""While both code snippets solve a similar problem of identifying missing heights in a grid, they differ in several key aspects. First, the output format differs: the Java code writes results to a file with 'Case #X:' prefix and appends a newline, while the C++ code outputs directly to console with the same prefix but without newlines. Second, the Java code processes input from a file specified by command line argument, whereas the C++ code reads from standard input. Third, the Java code uses a Scanner for file input and FileWriter",176
2016_1_2,26565,2016_1_2,7956,CLONE,2026-07-26 22:46:27,"{
  ""answer"": ""YES-SIMILAR"",
  ""explanation"": ""Both code snippets perform the same functional task: they read multiple test cases, each containing a grid of numbers, identify the numbers that appear an odd number of times across all rows, sort those numbers, and output them in a formatted result. The C++ version uses vectors and maps, while the Python version uses lists and dictionaries, but the logic and purpose are identical. The output formatting also matches in both cases.""
}",177
2016_1_2,7956,2016_1_2,19133,CLONE,2026-07-26 22:46:28,"{
  ""answer"": ""YES-SIMILAR"",
  ""explanation"": ""Both code snippets solve the same problem: given a series of number lists, identify which numbers appear an odd number of times across all lists. The Python code reads input from stdin, processes columns of numbers to count occurrences, and outputs the odd-count numbers in sorted order. The PHP code does the same: reads input from a file, tracks number frequencies using a hash map, filters for odd counts, sorts the result, and outputs to both screen and file. Both use the same core logic of counting occurrences and finding odd-frequency elements, even though they",178
2016_1_2,19133,2016_1_2,21848,CLONE,2026-07-26 22:46:29,"{
  ""answer"": ""YES-SIMILAR"",
  ""explanation"": ""Both code snippets solve the same problem: given a grid where each row is repeated twice except for one row which is missing, identify the missing row. Both implementations read input, count occurrences of each number across all rows, identify numbers that appear an odd number of times (indicating they belong to the missing row), sort those numbers, and output the result. The core logic is identical despite differences in language syntax, file handling, and data structures used (PHP arrays vs Java HashMap, PHP foreach vs Java for loops, etc.).""
}",179
2016_2_1,201276,2016_2_1,194349,CLONE,2026-07-26 22:46:30,"{
  ""answer"": ""YES-SIMILAR"",
  ""explanation"": ""Both code snippets solve the same problem: determining the digits 0-9 from a scrambled string of letters that represent the English words for those digits. They both use a similar approach of identifying unique characters that appear in specific words (like 'Z' for zero, 'W' for two, etc.) and then subtracting the counts from the overall letter frequency to deduce the digits. The core logic of identifying digits based on unique letters and then computing the final result is the same in both snippets. The main differences are in the programming languages (",180
2016_2_1,194349,2016_2_1,185295,CLONE,2026-07-26 22:46:31,"{
  ""answer"": ""YES-SIMILAR"",
  ""explanation"": ""Both code snippets solve the same problem: determining the digits 0-9 represented in a scrambled string of letters. They both use a similar approach of identifying unique letters that correspond to specific numbers (like 'Z' for zero, 'W' for two, etc.), and then using those to deduce the counts of each digit. The logic for identifying each number based on unique letters and then subtracting those letters from the remaining counts is consistent between both implementations. The final output is also the same - a sorted string of digits representing the original number",181
2016_2_1,185295,2016_2_1,198100,CLONE,2026-07-26 22:46:32,"{
  ""answer"": ""YES-SIMILAR"",
  ""explanation"": ""Both code snippets solve the same problem: determining the digits of a phone number from a scrambled string of letters. They both use a letter counting and deduction approach to identify unique letter patterns that correspond to specific numbers (like 'Z' for zero, 'W' for two, etc.). Both implementations count occurrences of each letter, use the unique letters to determine how many times each digit appears, and then output the digits in ascending order. The core algorithmic approach is identical, even though the languages (Python vs PHP) and some syntactic details differ",182
2016_2_1,198100,2016_2_1,201276,CLONE,2026-07-26 22:46:33,"{
  ""answer"": ""YES-SIMILAR"",
  ""explanation"": ""Both code snippets solve the same problem: determining the digits 0-9 from a scrambled string of letters that represent the English words for those digits. They both use a similar approach of identifying unique characters that appear in specific words (like 'X' only in 'SIX', 'W' only in 'TWO', etc.) to count occurrences of each digit, then reconstructing the sorted digit string. The core logic for identifying digits based on unique letter patterns and then sorting the results is identical in both implementations, even though the syntax and structure",183
2016_2_1,180026,2016_2_1,186531,CLONE,2026-07-26 22:46:34,"{
  ""answer"": ""YES-SIMILAR"",
  ""explanation"": ""Both code snippets solve the same problem: given a scrambled string of letters representing digits (0-9) in English words, determine the original digits in order. The approach in both codes is to identify unique characters that appear in specific words (like 'Z' for zero, 'X' for six, etc.) and process them in a specific order to deduce the count of each digit. The logic of identifying unique characters, reducing the character counts, and then outputting the digits in order is preserved in both implementations. The Java version uses a",184
2016_2_1,186531,2016_2_1,196651,CLONE,2026-07-26 22:46:35,"{
  ""answer"": ""NO-NOT-SIMILAR"",
  ""explanation"": ""The two code snippets perform completely different tasks. Code Snippet 1 is a C++ program that takes a string of uppercase letters and attempts to identify and count occurrences of digits (0-9) based on the presence of specific letters that correspond to those digits. It uses a greedy algorithm to deduce the count of each digit by analyzing letter frequencies. Code Snippet 2 is a Python script that reads input from files, processes cases using a function from another module, and writes outputs to files. The two snippets have different purposes,",185
2016_2_1,196651,2016_2_1,193717,CLONE,2026-07-26 22:46:36,"{
  ""answer"": ""NO-NOT-SIMILAR"",
  ""explanation"": ""The two code snippets perform completely different tasks. The Python snippet is a generic problem-solving framework that reads input, processes cases using a helper function, and writes outputs to files. The PHP snippet is a specific algorithm to decode a scrambled English word representation of digits (0-9) back into the actual digits. The Python code is a general-purpose input/output handler with a placeholder solve_case function, while the PHP code is a specific digit-decoding algorithm. They are not functionally similar.""
}",186
2016_2_1,193717,2016_2_1,180026,CLONE,2026-07-26 22:46:37,"{
  ""answer"": ""NO-NOT-SIMILAR"",
  ""explanation"": ""The two code snippets are not functionally similar. While both attempt to decode a string of letters representing digits (0-9) into actual digit strings, they use fundamentally different approaches. The PHP code uses a specific ordering of unique letter identification to determine digit counts, whereas the Java code uses a different sequence of unique character identification. Additionally, the Java code has a logic error in its final loop where it modifies the array while iterating, which would cause incorrect behavior. The core algorithmic approaches and implementation details differ significantly between the two.""
}",187
2016_2_1,193929,2016_2_1,179503,CLONE,2026-07-26 22:46:38,"{
  ""answer"": ""YES-SIMILAR"",
  ""explanation"": ""Both code snippets solve the same problem: determining the digits 0-9 from a scrambled string of letters. They use a similar approach of counting character frequencies and then deducing digits based on unique character patterns (e.g., 'Z' only appears in 'ZERO', 'X' only in 'SIX', etc.). Both implementations follow a consistent logic flow: count characters, process digits in a specific order to eliminate unique characters, and output the resulting digits in order. The core algorithm and problem-solving strategy are identical, even though the languages (",188
2016_2_1,179503,2016_2_1,182378,CLONE,2026-07-26 22:46:39,"{
  ""answer"": ""NO-NOT-SIMILAR"",
  ""explanation"": ""The two code snippets are not functionally similar. Code snippet 1 is a C++ program that takes a series of strings representing digits written in English and converts them back into numeric digits, while code snippet 2 is a Python program that reads a file, processes strings to identify and extract digits based on unique letter patterns, and outputs the results to a file. The core logic, data structures, and output formats are fundamentally different between the two snippets.""
}",189
2016_2_1,182378,2016_2_1,200006,CLONE,2026-07-26 22:46:41,"{
  ""answer"": ""YES-SIMILAR"",
  ""explanation"": ""Both code snippets perform the same core task: decoding a scrambled string of letters into digits. They both use a method of identifying unique letter patterns that correspond to specific digits (like 'Z' only appearing in 'ZERO', 'W' only in 'TWO', etc.) and then systematically removing those letters to identify the digits. Both implementations iterate through the input string, count letter frequencies, identify specific digit patterns based on unique letters, decrement the counts of the constituent letters, and build the final result string. The output format is also similar, with",190
2016_2_1,200006,2016_2_1,193929,CLONE,2026-07-26 22:46:42,"{
  ""answer"": ""YES-SIMILAR"",
  ""explanation"": ""Both code snippets solve the same problem: determining the digits 0-9 from a scrambled string of letters. The approach in both is identical - they count the frequency of each letter, then use unique letter combinations to identify specific digits (like 'Z' for zero, 'W' for two, etc.), decrementing the counts as they go. The Java version uses an array to track letter frequencies and a switch statement to process each digit, while the PHP version uses an associative array and loops. Both process digits in a specific order (even numbers",191
2013_0_1,103399,2015_0_2,96440,NON-CLONE,2026-07-26 22:46:43,"{
  ""answer"": ""NO-NOT-SIMILAR"",
  ""explanation"": ""The two code snippets implement completely different algorithms and solve different problems. Code Snippet 1 is a Java program that solves a Tic-Tac-Toe game analysis problem, determining the outcome of game boards (X wins, O wins, draw, or not completed). It reads game boards from a file, analyzes them for winning conditions, and outputs the result. Code Snippet 2 is a C++ program that solves a different optimization problem related to dividing items into groups with minimal total operations. The two snippets have no functional similarity in terms",192
2013_0_1,49244,2016_2_1,186531,NON-CLONE,2026-07-26 22:46:44,"{
  ""answer"": ""NO-NOT-SIMILAR"",
  ""explanation"": ""The two code snippets perform completely different tasks. The Java code snippet implements a Tic-Tac-Toe game logic to determine the winner of a 4x4 board, while the C++ code snippet is a digit reconstruction program that identifies and outputs the digits 0-9 from a scrambled string of letters. The Java code deals with game board analysis and win conditions, whereas the C++ code deals with character frequency counting and digit identification. These are fundamentally different problems with no functional similarity.""
}",193
2013_0_1,126886,2016_0_4,45917,NON-CLONE,2026-07-26 22:46:45,"{
  ""answer"": ""NO-NOT-SIMILAR"",
  ""explanation"": ""The two code snippets implement completely different algorithms and solve different problems. The first Java code snippet implements a Tic-Tac-Toe game solver that determines the outcome of a Tic-Tac-Toe board (X wins, O wins, draw, or game not completed). The second C++ code snippet implements a solution for a different problem related to determining a sequence of numbers based on given parameters, likely related to a mathematical or algorithmic challenge. The functions, logic, and objectives of these two snippets are entirely different.""
}",194
2013_0_1,99825,2016_1_2,23627,NON-CLONE,2026-07-26 22:46:46,"{
  ""answer"": ""NO-NOT-SIMILAR"",
  ""explanation"": ""The two code snippets are not functionally similar. The first snippet (C++) appears to be solving a Tic-Tac-Toe game analysis problem, determining the winner or game state based on a 4x4 grid input. The second snippet (Java) is solving a different problem related to finding missing numbers in a grid pattern, using a HashMap to count occurrences and identify odd-count elements. The tasks, inputs, outputs, and algorithms are completely different.""
}",195
2013_0_1,98087,2014_3_1,135560,NON-CLONE,2026-07-26 22:46:47,"{
  ""answer"": ""NO-NOT-SIMILAR"",
  ""explanation"": ""The two code snippets perform completely different tasks. The C++ code snippet implements a Tic-Tac-Toe game result determination, checking for wins or draws in a 4x4 grid. The Java code snippet implements a method to determine how many steps are needed to represent a fraction as a binary number, or if it's impossible. These are fundamentally different problems with different inputs, outputs, and algorithms.""
}",196
2013_0_1,72071,2015_0_3,103774,NON-CLONE,2026-07-26 22:46:48,"{
  ""answer"": ""NO-NOT-SIMILAR"",
  ""explanation"": ""The two code snippets perform completely different tasks. The first C++ snippet implements a Tic-Tac-Toe game result checker that determines if X or O has won, or if the game is a draw or incomplete. The second Python snippet appears to be solving a problem related to quaternion algebra, checking if a string of characters can be split into segments that multiply to give a specific result. These are fundamentally different problems with no functional similarity.""
}",197
2013_0_1,125888,2014_2_1,114208,NON-CLONE,2026-07-26 22:46:49,"{
  ""answer"": ""NO-NOT-SIMILAR"",
  ""explanation"": ""The two code snippets perform entirely different tasks. The Python code analyzes Tic-Tac-Toe-Tomek game states to determine if a game is a win, loss, draw, or ongoing, while the PHP code appears to be solving a different problem related to string compression and calculating distances between character distributions in a set of strings. The functions, logic, and objectives of the two snippets are completely different.""
}",198
2013_0_1,91336,2015_0_3,42051,NON-CLONE,2026-07-26 22:46:50,"{
  ""answer"": ""NO-NOT-SIMILAR"",
  ""explanation"": ""The two code snippets are not functionally similar. The Python code snippet implements a Tic-Tac-Toe game status checker, determining if a player has won, the game is incomplete, or if it's a draw. The Java code snippet implements a quaternion multiplication solver to determine if a given string can be split into segments that multiply to give specific results. These are completely different problems with different logic, data structures, and algorithms.""
}",199
2013_0_1,70537,2015_0_3,49764,NON-CLONE,2026-07-26 22:46:51,"{
  ""answer"": ""NO-NOT-SIMILAR"",
  ""explanation"": ""The two code snippets implement completely different algorithms and solve different problems. Code snippet 1 is a Python implementation for determining the state of a Tic-Tac-Toe game board, checking for wins or draws. Code snippet 2 is a C++ implementation for determining if a string of quaternion units can be split into three parts that multiply to give the result 'i', 'j', 'k' in a specific order. The problems, logic, data structures, and algorithms used are entirely different.""
}",200
2013_0_1,84842,2016_1_1,28201,NON-CLONE,2026-07-26 22:46:52,"{
  ""answer"": ""NO-NOT-SIMILAR"",
  ""explanation"": ""The two code snippets perform completely different tasks. The PHP code snippet is designed to solve a Tic-Tac-Toe game analysis problem, determining the winner or status of a game based on a 4x4 grid pattern matching using regular expressions. The Java code snippet, on the other hand, reads input data, sorts characters in a string using a custom sorting algorithm, and writes the sorted result to an output file. These are fundamentally different problems with different inputs, processing logic, and outputs.""
}",201
2013_0_1,102913,2016_0_4,135114,NON-CLONE,2026-07-26 22:46:53,"{
  ""answer"": ""NO-NOT-SIMILAR"",
  ""explanation"": ""The two code snippets perform completely different tasks. The PHP code appears to be solving a Tic-Tac-Toe-like game analysis problem, where it reads a board, checks rows, columns, and diagonals to determine the game status (win/loss/draw). The C++ code is solving a different problem related to finding a sequence of numbers based on given parameters K, C, and S, with output formatting for cases. These are fundamentally different algorithms and problems.""
}",202
2013_0_1,127485,2016_0_1,100898,NON-CLONE,2026-07-26 22:46:54,"{
  ""answer"": ""NO-NOT-SIMILAR"",
  ""explanation"": ""The two code snippets perform entirely different tasks. The PHP code snippet implements a Tic-Tac-Toe game solver that determines the winner or game status (win, draw, or not completed) based on a game board. The Java code snippet implements a solution for the 'Counting Sheep' problem, which determines when a number has all digits from 0 to 9 in its multiples. These are fundamentally different problems with different logic, data structures, and objectives.""
}",203
2013_0_2,95524,2015_0_2,38840,NON-CLONE,2026-07-26 22:46:55,"{
  ""answer"": ""NO-NOT-SIMILAR"",
  ""explanation"": ""The two code snippets solve completely different problems. The Java code snippet appears to be solving a problem related to checking if a grid can be transformed according to certain horizontal and vertical constraints, while the C++ code snippet is solving a problem related to finding the minimum number of operations to reduce the maximum value in a sequence. The tasks, logic, and algorithms used in each code are fundamentally different.""
}",204
2013_0_2,44471,2014_2_1,114208,NON-CLONE,2026-07-26 22:46:56,"{
  ""answer"": ""NO-NOT-SIMILAR"",
  ""explanation"": ""The two code snippets perform entirely different tasks. The Java code snippet is solving a problem related to determining if a pattern can be achieved by modifying a 2D array, specifically checking if a given matrix can be transformed into a valid pattern by ensuring certain conditions about rows and columns. The PHP code snippet, on the other hand, is solving a different problem involving processing strings, counting character frequencies, combining data, and calculating distances between character distributions. These are fundamentally different problems with different algorithms and logic, so they are not functionally similar.""
",205
2013_0_2,55421,2016_2_1,196651,NON-CLONE,2026-07-26 22:46:57,"{
  ""answer"": ""NO-NOT-SIMILAR"",
  ""explanation"": ""The two code snippets perform completely different tasks. The Java code is a solution for a specific Google Code Jam problem (Lawnmower problem) that involves reading a grid of numbers and determining if it's possible to achieve a certain pattern by mowing in rows and columns. The Python code appears to be a framework for reading input files, processing cases using a separate solve_case function, and writing outputs. The Java code is solving a specific algorithmic problem while the Python code is a general framework for handling GCJ-style input/output processing.",206
2013_0_2,83774,2016_2_1,201276,NON-CLONE,2026-07-26 22:46:58,"{
  ""answer"": ""NO-NOT-SIMILAR"",
  ""explanation"": ""The two code snippets solve completely different problems. The C++ code determines whether a grid can be sorted by rows and columns, while the Java code decodes a scrambled string representation of digits (0-9) back to their original numeric form. The tasks, algorithms, and outputs are entirely different, making them not functionally similar.""
}",207
2013_0_2,140779,2013_1_1,30519,NON-CLONE,2026-07-26 22:46:59,"{
  ""answer"": ""NO-NOT-SIMILAR"",
  ""explanation"": ""The two code snippets solve completely different problems. Code snippet 1 is a C++ program that checks if a 2D grid can be modified such that each cell's value is at least as large as the maximum value in its row and column, with the constraint that the cell value cannot be larger than both the row maximum and column maximum simultaneously. Code snippet 2 is a Python program that calculates the maximum number of concentric circles that can be drawn starting from a given radius, given a total area constraint. The problems, algorithms,",208
2013_0_2,91409,2013_0_3,102207,NON-CLONE,2026-07-26 22:47:00,"{
  ""answer"": ""NO-NOT-SIMILAR"",
  ""explanation"": ""The two code snippets perform completely different tasks. Code Snippet 1 is a C++ program that reads a 2D array from a file, checks if each element is the maximum in its row or column, and outputs 'YES' or 'NO' for each test case. Code Snippet 2 is a Python program that reads pairs of numbers, determines how many palindromic squares fall within that range, and outputs the count. The input/output formats, algorithms, and purposes are entirely different.""
}",209
2013_0_2,78034,2014_2_1,129296,NON-CLONE,2026-07-26 22:47:01,"{
  ""answer"": ""NO-NOT-SIMILAR"",
  ""explanation"": ""The two code snippets perform completely different tasks. The Python code snippet solves a problem related to determining if a lawn pattern can be achieved by cutting grass in rows and columns, checking if each cell's height is at least as high as the maximum height in its row and column. The Java code snippet, on the other hand, is about calculating the minimum number of character moves required to make a set of strings identical by grouping consecutive characters and finding the median of their counts. These are entirely different computational problems with different inputs, outputs, and algorithms",210
2013_0_2,122219,2014_3_1,138308,NON-CLONE,2026-07-26 22:47:01,"{
  ""answer"": ""NO-NOT-SIMILAR"",
  ""explanation"": ""The two code snippets perform completely different tasks. Code Snippet 1 is a Python program that reads a series of test cases involving a 2D grid and determines if a specific condition can be satisfied across the grid, essentially checking if a grid can be transformed to meet certain maximum value constraints. Code Snippet 2 is a C++ program that calculates the greatest common divisor (GCD) of two numbers and then determines the minimum number of steps needed to reduce a fraction to its simplest form, or determines if it's impossible to do",211
2013_0_2,85165,2014_3_1,134611,NON-CLONE,2026-07-26 22:47:02,"{
  ""answer"": ""NO-NOT-SIMILAR"",
  ""explanation"": ""The two code snippets solve completely different problems. The Python snippet is a lawn mowing problem where it determines if a 2D grid can be reduced to a uniform height through specific operations. The C++ snippet is a genetic inheritance problem that calculates the number of generations required for a specific genetic ratio to be achieved, or determines if it's impossible. The problems, algorithms, and outputs are fundamentally different.""
}",212
2013_0_2,71957,2016_1_1,15819,NON-CLONE,2026-07-26 22:47:03,"{
  ""answer"": ""NO-NOT-SIMILAR"",
  ""explanation"": ""The two code snippets perform completely different tasks. The PHP code reads a 2D array and determines if there exists any element that is smaller than both its row maximum and column maximum, returning 'YES' or 'NO'. The Java code takes a string and constructs a 'last word' by inserting characters at the beginning if they are lexicographically greater than or equal to the first character, otherwise appending them. These are fundamentally different algorithms solving different problems.""
}",213
2013_0_2,96711,2013_0_3,51164,NON-CLONE,2026-07-26 22:47:04,"{
  ""answer"": ""NO-NOT-SIMILAR"",
  ""explanation"": ""The two code snippets perform completely different tasks. Code Snippet 1 is a PHP program that solves a lawn mowing problem, determining if a given 2D array can be mowed such that each cell's height is the maximum in its row and column. Code Snippet 2 is a Python program that finds 'fair square' numbers (numbers that are perfect squares and whose square is a palindrome) within a given range. The problems, algorithms, and outputs are entirely different.""
}",214
2013_0_2,68303,2016_0_1,71388,NON-CLONE,2026-07-26 22:47:05,"{
  ""answer"": ""NO-NOT-SIMILAR"",
  ""explanation"": ""The two code snippets perform completely different tasks. Code Snippet 1 is a PHP script that solves a lawn mowing problem, determining if a given lawn configuration is possible based on row and column maximum values. Code Snippet 2 is a Python script that solves a different problem involving finding the last number containing all digits 0-9 in a sequence. The functions, logic, and objectives of these two snippets are entirely different.""
}",215
2013_0_3,108834,2016_0_1,39027,NON-CLONE,2026-07-26 22:47:06,"{
  ""answer"": ""NO-NOT-SIMILAR"",
  ""explanation"": ""The two code snippets are not functionally similar. The Java code snippet (Q3 class) appears to be solving a problem related to finding palindromic numbers and their squares within a given range, with complex input/output handling and mathematical computations. The PHP code snippet, on the other hand, is solving what appears to be a different problem (possibly related to the 'Insomnia' problem or similar), involving digit checking and iterative computation to find a number that contains all digits 0-9. The tasks, input/output formats,",216
2013_0_3,59317,2016_1_2,26565,NON-CLONE,2026-07-26 22:47:07,"{
  ""answer"": ""NO-NOT-SIMILAR"",
  ""explanation"": ""The two code snippets perform completely different tasks. The Java code snippet is designed to count special numbers (likely palindromes or numbers with specific properties) within a given range, using BigInteger arithmetic and complex nested loops. The C++ code snippet, on the other hand, is designed to find the missing row in a grid where each row appears an even number of times except for one row which appears an odd number of times. The tasks, algorithms, data structures, and outputs are fundamentally different.""
}",217
2013_0_3,74156,2015_0_3,49764,NON-CLONE,2026-07-26 22:47:08,"{
  ""answer"": ""NO-NOT-SIMILAR"",
  ""explanation"": ""The two code snippets perform completely different tasks. The Java code snippet finds palindromic square numbers within a given range, while the C++ code snippet appears to be solving a complex mathematical problem involving quaternions and string manipulation. The Java code focuses on number theory and palindrome checking, whereas the C++ code deals with group theory and string parsing. These are fundamentally different problems with no functional similarity.""
}",218
2013_0_3,102625,2013_0_1,126886,NON-CLONE,2026-07-26 22:47:10,"{
  ""answer"": ""NO-NOT-SIMILAR"",
  ""explanation"": ""The two code snippets perform completely different tasks. The C++ code snippet is designed to count palindromic numbers within a given range, using a precomputed array of palindromic numbers. The Java code snippet, on the other hand, is a Tic Tac Toe game solver that determines the outcome of a Tic Tac Toe game based on the state of a 4x4 board. These are entirely different problems with no functional similarity.""
}",219
2013_0_3,81195,2014_2_1,131873,NON-CLONE,2026-07-26 22:47:10,"{
  ""answer"": ""NO-NOT-SIMILAR"",
  ""explanation"": ""The two code snippets solve completely different problems. The first C++ snippet finds 'fair and square' numbers (numbers that are palindromes and whose squares are also palindromes) within a given range, while the second Java snippet determines the minimum number of character changes needed to make a set of strings identical. The tasks, algorithms, and outputs are entirely different.""
}",220
2013_0_3,53348,2015_0_3,72742,NON-CLONE,2026-07-26 22:47:12,"{
  ""answer"": ""NO-NOT-SIMILAR"",
  ""explanation"": ""The two code snippets solve completely different problems. Code snippet 1 finds palindromic numbers that are also perfect squares within a given range, while code snippet 2 determines if a repeated string of quaternions can be split into segments that multiply to give the quaternion 'i', 'j', 'k' in order. The problems, algorithms, data structures, and even programming languages (C++ vs Python) are entirely different.""
}",221
2013_0_3,102207,2015_1_1,122934,NON-CLONE,2026-07-26 22:47:13,"{
  ""answer"": ""NO-NOT-SIMILAR"",
  ""explanation"": ""The two code snippets perform completely different tasks. The Python code reads input from a file, processes pairs of numbers to count how many 'fair and square' numbers fall within a given range, and writes the results to an output file. The PHP code reads a series of numbers from a file, processes them to calculate two different methods of counting differences between consecutive numbers, and outputs the results. These are fundamentally different algorithms solving different problems.""
}",222
2013_0_3,51164,2014_2_1,129296,NON-CLONE,2026-07-26 22:47:14,"{
  ""answer"": ""NO-NOT-SIMILAR"",
  ""explanation"": ""The two code snippets perform entirely different tasks. The first Python snippet identifies 'fair squares' (numbers that are palindromes both in their original form and their square form) up to 10 million, then processes input data to count how many fair squares fall within given ranges. The second Java snippet processes strings to determine the minimum number of character moves needed to make all strings identical by analyzing character groupings and calculating the cost based on median frequencies. These are completely different algorithms solving unrelated problems.""
}",223
2013_0_3,70289,2015_0_4,63026,NON-CLONE,2026-07-26 22:47:15,"{
  ""answer"": ""NO-NOT-SIMILAR"",
  ""explanation"": ""The two code snippets perform completely different tasks. Code Snippet 1 is a Python program that identifies palindromic numbers and their squares within a given range, then processes input files to count how many such palindromic squares fall within specified ranges. Code Snippet 2 is a C++ program that solves a game theory problem involving determining whether Gabriel can win a game against Richard based on the dimensions of a grid and the number of cells in a polyomino. The functions, logic, and objectives of these two programs are",224
2013_0_3,89287,2016_1_1,15421,NON-CLONE,2026-07-26 22:47:15,"{
  ""answer"": ""NO-NOT-SIMILAR"",
  ""explanation"": ""The two code snippets perform completely different tasks. The PHP code snippet solves a problem related to finding palindromic numbers within a range and counting how many perfect squares of palindromic numbers fall within that range. It involves functions for checking palindromes, generating next palindromic numbers, and processing ranges. The C++ code snippet, on the other hand, takes a string input and constructs a new string by repeatedly adding characters to either the beginning or end based on comparison with the first character of the result string.",225
2013_0_3,92037,2014_3_1,134611,NON-CLONE,2026-07-26 22:47:16,"{
  ""answer"": ""NO-NOT-SIMILAR"",
  ""explanation"": ""The two code snippets perform completely different tasks. The PHP code identifies 'Fair and Square' numbers (numbers that are palindromes and whose squares are also palindromes) within a given range, and processes input lines to count such numbers in specified intervals. The C++ code, on the other hand, deals with finding the generation number in a binary tree-like structure where each node represents a fraction p/q, determining how many steps it takes to reach a specific fraction. The tasks, logic, and algorithms are entirely different,",226
2013_0_3,132829,2016_1_1,14703,NON-CLONE,2026-07-26 22:47:17,"{
  ""answer"": ""NO-NOT-SIMILAR"",
  ""explanation"": ""The two code snippets perform completely different tasks. Code snippet 1 is a PHP script that processes square numbers from a file to count how many perfect squares exist within a given range, while code snippet 2 is a Python script that rearranges characters in a string to form the lexicographically largest possible string by inserting characters at the beginning or end. The functions 'isOne' and 'squaresBelow' in PHP are related to counting perfect squares, whereas the 'play_best' function in Python is about string manipulation to create the largest",227
2013_1_1,42047,2013_0_1,99825,NON-CLONE,2026-07-26 22:47:18,"{
  ""answer"": ""NO-NOT-SIMILAR"",
  ""explanation"": ""The two code snippets perform entirely different tasks. The Java code calculates the number of black circles that can be painted in a target pattern based on a given radius and area, using mathematical formulas and binary search. The C++ code implements a Tic-Tac-Toe game logic to determine the winner or game status. These are completely different problems with no functional similarity.""
}",228
2013_1_1,30835,2015_0_3,103774,NON-CLONE,2026-07-26 22:47:19,"{
  ""answer"": ""NO-NOT-SIMILAR"",
  ""explanation"": ""The two code snippets perform completely different tasks. The Java code (Bullseye) solves a mathematical problem related to calculating the number of concentric circles that can be drawn with given radius and area constraints. The Python code handles quaternion algebra and checks if a string of quaternion symbols can be split into segments that multiply to give the identity element. These are fundamentally different problems with no functional similarity.""
}",229
2013_1_1,32414,2016_2_1,179503,NON-CLONE,2026-07-26 22:47:20,"{
  ""answer"": ""NO-NOT-SIMILAR"",
  ""explanation"": ""The two code snippets solve completely different problems. The Java code snippet (A.java) is for solving a mathematical problem related to finding the maximum number of concentric circles that can be painted given a radius and total paint amount, using a quadratic formula approach. The C++ code snippet is for decoding a scrambled string representation of digits (0-9) by counting character frequencies and deducing the actual digits based on unique letter patterns. These are entirely different computational tasks with no functional similarity.""
}",230
2013_1_1,28766,2015_0_1,47939,NON-CLONE,2026-07-26 22:47:21,"{
  ""answer"": ""NO-NOT-SIMILAR"",
  ""explanation"": ""The two code snippets solve completely different problems. The first C++ snippet is solving a problem related to calculating the number of circles that can be drawn with a given radius and area constraint, using binary search. The second Java snippet is solving a 'Standing Ovation' problem where it calculates the minimum number of people needed to stand so that everyone in a sequence can clap. The problems, algorithms, and logic are entirely different.""
}",231
2013_1_1,30228,2016_2_1,185295,NON-CLONE,2026-07-26 22:47:21,"{
  ""answer"": ""NO-NOT-SIMILAR"",
  ""explanation"": ""The two code snippets perform completely different tasks. The first C++ snippet solves a mathematical problem involving binary search to find the maximum number of circles that can be drawn with given radius and area constraints. The second Python snippet is a string processing problem that identifies and decodes digits from scrambled English word representations. These are entirely different algorithms and problem domains.""
}",232
2013_1_1,30618,2014_2_1,115757,NON-CLONE,2026-07-26 22:47:22,"{
  ""answer"": ""NO-NOT-SIMILAR"",
  ""explanation"": ""The two code snippets perform entirely different tasks. The first C++ snippet solves a mathematical problem using binary search to find a root of a quadratic equation, while the second Java snippet solves a string compression problem using Run-Length Encoding (RLE) to find the minimum cost to make multiple strings identical. The functions, data structures, and algorithms used are completely different, indicating they are not functionally similar.""
}",233
2013_1_1,37029,2015_0_4,86932,NON-CLONE,2026-07-26 22:47:23,"{
  ""answer"": ""NO-NOT-SIMILAR"",
  ""explanation"": ""The two code snippets solve completely different problems. Code Snippet 1 is about calculating the number of paint rings that can be painted given a starting radius and amount of paint, using mathematical functions and iterative approaches. Code Snippet 2 is about determining whether a game scenario is winnable for Richard or Gabriel based on geometric constraints and game theory logic. The problems, algorithms, and objectives are entirely different.""
}",234
2013_1_1,32497,2016_2_1,194349,NON-CLONE,2026-07-26 22:47:24,"{
  ""answer"": ""NO-NOT-SIMILAR"",
  ""explanation"": ""The two code snippets perform completely different tasks. The Python code calculates the number of paint rings that can be painted around a circle given a starting radius and total paint volume, using mathematical formulas and iterative checks. The C++ code takes a string of scrambled letters representing English number words and decodes them to determine the actual numbers in order. These are entirely different problems with no functional similarity.""
}",235
2013_1_1,30519,2015_0_1,65110,NON-CLONE,2026-07-26 22:47:25,"{
  ""answer"": ""NO-NOT-SIMILAR"",
  ""explanation"": ""The two code snippets perform completely different tasks. Code snippet 1 is a Python program that calculates the number of concentric circles that can be drawn with a given radius and total area using binary search and arithmetic progression formulas. Code snippet 2 is a C++ program that processes a string of digits and calculates a count based on a specific algorithm involving comparisons and cumulative sums. The functions, algorithms, and purposes of the two snippets are entirely different.""
}",236
2013_1_1,34507,2014_3_1,138308,NON-CLONE,2026-07-26 22:47:26,"{
  ""answer"": ""NO-NOT-SIMILAR"",
  ""explanation"": ""The two code snippets perform entirely different tasks. The PHP code processes a file containing multiple test cases, where each case involves calculating a value using a recursive function that appears to solve a mathematical problem related to volumes. The C++ code, on the other hand, reads pairs of numbers representing fractions, reduces them to their simplest form using GCD, and determines if the fraction can be represented as a power of 2, outputting either the number of steps or 'impossible'. These are fundamentally different algorithms solving different problems.""
}",237
2013_1_1,39026,2016_0_1,143909,NON-CLONE,2026-07-26 22:47:26,"{
  ""answer"": ""NO-NOT-SIMILAR"",
  ""explanation"": ""The two code snippets perform completely different tasks. The PHP code calculates the number of circles that can be painted given a starting radius and total paint, using mathematical formulas and iterative checking. The C++ code solves the 'Counting Sheep' problem, determining when a number has all digits from 0-9 in its multiples. The problems, algorithms, and outputs are fundamentally different.""
}",238
2013_1_1,31779,2014_3_1,132142,NON-CLONE,2026-07-26 22:47:27,"{
  ""answer"": ""NO-NOT-SIMILAR"",
  ""explanation"": ""The two code snippets perform completely different tasks. The PHP code calculates the maximum number of concentric circles that can be painted given a starting radius and total paint available, using binary search. The C++ code solves a different problem related to finding the number of generations in a genetic problem involving fractions and powers of 2. The input formats, algorithms, and outputs are entirely different, indicating they are not functionally similar.""
}",239
2014_2_1,115757,2013_0_1,99825,NON-CLONE,2026-07-26 22:47:28,"{
  ""answer"": ""NO-NOT-SIMILAR"",
  ""explanation"": ""The two code snippets implement completely different algorithms and solve different problems. The first Java code snippet is for a string compression problem using Run-Length Encoding (RLE) to find the minimum cost to make all strings similar, while the second C++ code snippet implements a Tic-Tac-Toe game winner determination algorithm. The functionalities, input/output formats, and problem domains are entirely different.""
}",240
2014_2_1,129296,2015_1_1,122263,NON-CLONE,2026-07-26 22:47:29,"{
  ""answer"": ""NO-NOT-SIMILAR"",
  ""explanation"": ""The two code snippets implement completely different algorithms and solve different problems. The Java code (TheRepeater) appears to be solving a problem related to string manipulation and calculating minimum operations to make a set of strings identical by grouping consecutive characters and computing median-based operations. The C++ code implements a solution for a problem involving calculating optimal strategies for eating candies or similar resource management problem, using concepts of greedy algorithms and prefix sums. The core logic, data structures, and problem domains are entirely different.""
}",241
2014_2_1,131873,2016_1_2,19133,NON-CLONE,2026-07-26 22:47:30,"{
  ""answer"": ""NO-NOT-SIMILAR"",
  ""explanation"": ""The two code snippets perform entirely different tasks. The Java code snippet (Prob1) appears to be solving a problem related to character frequency analysis and determining the minimum number of operations to make all strings identical, while the PHP code snippet is solving a different problem involving finding missing elements in a grid or array. The Java code processes input files, analyzes character counts, and calculates minimum operations, whereas the PHP code reads lines, tracks element frequencies, and identifies missing values. These are clearly distinct problems with different algorithms and purposes.""
}",242
2014_2_1,131278,2013_0_1,91336,NON-CLONE,2026-07-26 22:47:31,"{
  ""answer"": ""NO-NOT-SIMILAR"",
  ""explanation"": ""The two code snippets implement completely different algorithms and solve different problems. Code snippet 1 is a C++ program that processes strings to determine if they can be made identical through character removal operations, and calculates the minimum operations needed. It involves string processing, sorting, and mathematical calculations to find optimal solutions. Code snippet 2 is a Python program that determines the winner of a Tic-Tac-Toe game by checking rows, columns, and diagonals for winning conditions. The two snippets have different input/output formats, different problem domains (string manipulation",243
2014_2_1,119165,2013_1_1,30835,NON-CLONE,2026-07-26 22:47:32,"{
  ""answer"": ""NO-NOT-SIMILAR"",
  ""explanation"": ""The two code snippets implement completely different algorithms and solve different problems. Code snippet 1 is a C++ program that processes strings to determine the minimum number of operations to make them identical by grouping consecutive characters and calculating optimal moves, while code snippet 2 is a Java program that solves a mathematical problem related to calculating the number of concentric circles that can be drawn given a starting radius and total area. The problems, algorithms, and outputs are fundamentally different.""
}",244
2014_2_1,118489,2016_0_1,100898,NON-CLONE,2026-07-26 22:47:33,"{
  ""answer"": ""NO-NOT-SIMILAR"",
  ""explanation"": ""The two code snippets implement completely different algorithms and solve different problems. Code snippet 1 is a C++ program that solves a string manipulation and optimization problem (likely related to minimizing moves to make character sequences uniform), while code snippet 2 is a Java program that solves the classic 'Counting Sheep' problem where it determines when a number has all digits from 0-9 in its multiples. The problems, algorithms, data structures, and objectives are fundamentally different.""
}",245
2014_2_1,128920,2015_0_4,68310,NON-CLONE,2026-07-26 22:47:34,"{
  ""answer"": ""NO-NOT-SIMILAR"",
  ""explanation"": ""The two code snippets are not functionally similar. The first snippet (Python) appears to be solving a problem related to string manipulation and calculating a score based on character comparisons and movements, while the second snippet (PHP) is solving a completely different problem related to determining whether Gabriel or Richard wins in a game involving polyominoes (specifically, the game of 'Ominous Omino'). The tasks, logic, and objectives of the two codes are entirely different.""
}",246
2014_2_1,118416,2015_0_2,102321,NON-CLONE,2026-07-26 22:47:35,"{
  ""answer"": ""NO-NOT-SIMILAR"",
  ""explanation"": ""The two code snippets solve completely different problems. The Python code appears to be solving a problem related to string compression and finding minimum operations to make strings similar using taxicab distance and median calculation. The PHP code is solving a different optimization problem where it's trying to find the optimal value to minimize a certain function related to array elements. The algorithms, data structures, and objectives are fundamentally different.""
}",247
2014_2_1,121201,2013_0_2,91409,NON-CLONE,2026-07-26 22:47:36,"{
  ""answer"": ""NO-NOT-SIMILAR"",
  ""explanation"": ""The two code snippets perform completely different tasks. The Python code (Code Snippet 1) processes strings to calculate a distance metric based on character repetition patterns, while the C++ code (Code Snippet 2) checks if a lawn pattern is possible based on maximum values in rows and columns. The Python code deals with string manipulation and statistical averaging, whereas the C++ code handles matrix validation and boolean logic. These are fundamentally different problems with no functional similarity.""
}",248
2014_2_1,118754,2015_0_2,81081,NON-CLONE,2026-07-26 22:47:37,"{
  ""answer"": ""NO-NOT-SIMILAR"",
  ""explanation"": ""The two code snippets are not functionally similar. Code Snippet 1 is a PHP script designed for Google Code Jam 2014 Round 1B Problem A, which involves analyzing strings to determine the minimum number of moves to make them identical. Code Snippet 2 is a Python script for a different Google Code Jam problem (likely involving pancake sorting or similar optimization), using different algorithms, data structures (like numpy arrays), and problem-solving approaches. The core problems, input/output handling, and algorithms are completely different.""
",249
2014_2_1,116147,2013_0_3,74156,NON-CLONE,2026-07-26 22:47:38,"{
  ""answer"": ""NO-NOT-SIMILAR"",
  ""explanation"": ""The two code snippets perform completely different tasks. The PHP code appears to be solving a string manipulation problem related to finding common prefixes and calculating some form of deviation, while the Java code is solving a number theory problem related to counting 'fair square' numbers (numbers that are both perfect squares and palindromes). The input/output formats, algorithms, and problem domains are entirely different.""
}",250
2014_2_1,114208,2013_0_3,102625,NON-CLONE,2026-07-26 22:47:39,"{
  ""answer"": ""NO-NOT-SIMILAR"",
  ""explanation"": ""The two code snippets perform completely different tasks. The PHP code appears to be solving a problem related to string manipulation and calculating distances between character patterns in multiple test cases, while the C++ code is specifically designed to count 'fair and square' numbers within a given range. The PHP code involves complex string processing, pattern analysis, and distance calculations, whereas the C++ code is focused on precomputed palindrome checking and counting within a specific mathematical problem domain. These are fundamentally different algorithms solving unrelated problems.""
}",251
2014_3_1,135560,2016_1_2,21265,NON-CLONE,2026-07-26 22:47:40,"{
  ""answer"": ""NO-NOT-SIMILAR"",
  ""explanation"": ""The two code snippets perform entirely different tasks. The Java code snippet reads pairs of numbers, performs a specific mathematical operation to determine how many steps it takes to reach a certain condition, and outputs results in a specific format. The PHP code snippet reads a list of soldier IDs, counts their occurrences, identifies those that appear an odd number of times, and outputs the missing soldiers in a specific format. These are fundamentally different problems with different inputs, logic, and outputs.""
}",252
2014_3_1,138333,2013_0_2,68303,NON-CLONE,2026-07-26 22:47:41,"{
  ""answer"": ""NO-NOT-SIMILAR"",
  ""explanation"": ""The two code snippets perform entirely different tasks. The Java code snippet (R1CA) appears to be solving a problem related to finding the number of times a fraction can be halved until it becomes an integer, with a check for impossibility. The PHP code snippet is solving a lawn mowing problem where it determines if a given lawn pattern is possible to achieve by mowing rows and columns. The tasks, logic, and purposes of the two snippets are completely different.""
}
```",253
2014_3_1,140281,2013_1_1,30519,NON-CLONE,2026-07-26 22:47:41,"{
  ""answer"": ""NO-NOT-SIMILAR"",
  ""explanation"": ""The two code snippets solve different problems. The Java code determines the number of generations required for a part-elf to reach a certain fraction, while the Python code calculates the maximum number of concentric circles that can be drawn given a starting radius and total area. The algorithms, logic, and objectives are fundamentally different.""
}",254
2014_3_1,138308,2013_1_1,30519,NON-CLONE,2026-07-26 22:47:42,"{
  ""answer"": ""NO-NOT-SIMILAR"",
  ""explanation"": ""The two code snippets perform completely different tasks. The C++ code calculates the number of generations required to reduce a fraction P/Q to a power of 2, while the Python code calculates the maximum number of concentric circles that can be drawn given a starting radius and total area. The C++ code involves GCD calculation and binary representation analysis, whereas the Python code uses binary search and iterative circle counting. These are fundamentally different problems with different algorithms and outputs.""
}",255
2014_3_1,134611,2016_1_2,14745,NON-CLONE,2026-07-26 22:47:43,"{
  ""answer"": ""NO-NOT-SIMILAR"",
  ""explanation"": ""The two code snippets perform completely different tasks. The C++ code snippet is about finding the generation number for a fraction in a binary tree, using GCD and recursive logic to determine if a fraction can be reached in a certain number of steps. The Python code snippet is about finding odd-count elements in a grid to identify missing numbers in a grid problem. The tasks, logic, and purpose of the two snippets are entirely different.""
}",256
2014_3_1,132142,2014_2_1,118754,NON-CLONE,2026-07-26 22:47:44,"{
  ""answer"": ""NO-NOT-SIMILAR"",
  ""explanation"": ""The two code snippets are not functionally similar. The C++ code snippet is solving a problem related to finding the number of generations for a fraction to become a power of 2, while the PHP code snippet is solving a completely different problem related to string manipulation and calculating minimum moves to make strings identical. The C++ code deals with mathematical operations and GCD calculations, whereas the PHP code handles file operations, string analysis, and array manipulations. They address different algorithmic problems and use different programming paradigms.""
}",257
2014_3_1,139209,2015_0_3,49764,NON-CLONE,2026-07-26 22:47:45,"{
  ""answer"": ""NO-NOT-SIMILAR"",
  ""explanation"": ""The two code snippets solve completely different problems. The first Python snippet is about finding the minimum number of generations to reach a certain fraction, using GCD and recursive logic. The second C++ snippet is about determining if a string of quaternion operations can be split into three parts that multiply to -1. These are fundamentally different computational problems with different algorithms, data structures, and mathematical approaches.""
}",258
2014_3_1,139370,2016_1_1,15819,NON-CLONE,2026-07-26 22:47:46,"{
  ""answer"": ""NO-NOT-SIMILAR"",
  ""explanation"": ""The two code snippets implement completely different algorithms and solve different problems. Code Snippet 1 is a Python implementation that solves a problem related to fractions and finding the minimum number of steps to reach a certain state, while Code Snippet 2 is a Java implementation that solves the 'The Last Word' problem, which involves arranging characters to form the lexicographically largest word. The functions, logic, and objectives of these two snippets are entirely different.""
}",259
2014_3_1,143074,2015_0_2,91000,NON-CLONE,2026-07-26 22:47:47,"{
  ""answer"": ""NO-NOT-SIMILAR"",
  ""explanation"": ""The two code snippets perform completely different tasks. The first Python snippet is about determining if a fraction can be represented as a power of 2 and calculating the number of steps needed to reach that representation. The second Java snippet is about solving a problem related to dividing pancakes among diners and finding the minimum number of minutes needed to finish all pancakes using a specific eating strategy. The functions, logic, and purposes of these two code snippets are entirely different.""
}",260
2014_3_1,142092,2015_0_1,106809,NON-CLONE,2026-07-26 22:47:48,"{
  ""answer"": ""NO-NOT-SIMILAR"",
  ""explanation"": ""The two code snippets perform completely different tasks. The first PHP snippet appears to be solving a problem related to determining the minimum number of generations required to achieve a certain elveness percentage, involving binary fractions and powers of 2. The second Python snippet is solving a different problem, likely related to determining the minimum number of additional people needed to ensure coverage in a sequence, based on a string of digits. The input formats, logic, and output goals are entirely different between the two snippets.""
}",261
2014_3_1,134295,2015_0_4,94256,NON-CLONE,2026-07-26 22:47:48,"{
  ""answer"": ""NO-NOT-SIMILAR"",
  ""explanation"": ""The two code snippets perform completely different tasks. The first PHP snippet calculates the number of steps required to reach a certain condition in a mathematical problem involving greatest common divisors and powers of 2, while the second Python snippet determines whether a specific game configuration is winnable for Gabriel or Richard based on geometric constraints. The functions, logic, and purposes of the two snippets are entirely different.""
}",262
2014_3_1,132975,2016_0_4,135114,NON-CLONE,2026-07-26 22:47:49,"{
  ""answer"": ""NO-NOT-SIMILAR"",
  ""explanation"": ""The two code snippets perform completely different tasks. The PHP code appears to be processing input lines containing fractions, performing mathematical operations on them, and outputting results related to logarithms and GMP (GNU Multiple Precision) arithmetic. The C++ code is solving a problem related to finding a sequence of numbers based on given parameters K, C, S, and outputting either 'IMPOSSIBLE' or a series of numbers. The tasks, input/output formats, and algorithms are entirely different.""
}",263
2015_0_1,47939,2016_0_1,71388,NON-CLONE,2026-07-26 22:47:50,"{
  ""answer"": ""NO-NOT-SIMILAR"",
  ""explanation"": ""The two code snippets perform completely different tasks. The first Java code snippet solves a 'Standing Ovation' problem where it calculates the minimum number of people needed to stand to satisfy audience members with specific shyness levels. The second Python code snippet solves an 'Insomnia' problem where it finds the smallest positive integer that contains all digits 0-9 when multiplied by increasing integers. These are distinct algorithmic problems with different inputs, outputs, and logic.""
}",264
2015_0_1,43660,2016_1_1,33316,NON-CLONE,2026-07-26 22:47:51,"{
  ""answer"": ""NO-NOT-SIMILAR"",
  ""explanation"": ""The two code snippets perform completely different tasks. Code Snippet 1 is a Java program that processes input strings to calculate a specific numerical result based on character positions and counts, likely related to a competitive programming problem. Code Snippet 2 is a Python program that performs sorting operations on character lists using custom sorting functions, essentially implementing a specific type of sorting algorithm. The tasks, algorithms, and outputs are fundamentally different, making them not functionally similar.""
}",265
2015_0_1,100718,2016_2_1,198100,NON-CLONE,2026-07-26 22:47:52,"{
  ""answer"": ""NO-NOT-SIMILAR"",
  ""explanation"": ""The two code snippets implement completely different algorithms and solve different problems. The Java code snippet (StandingOvation) solves a problem related to determining the minimum number of friends needed to ensure a standing ovation at a concert, based on audience shyness levels. The PHP code snippet implements a solution for a phone number problem where it identifies and orders digits from a scrambled string. These are distinct problems with different logic, data structures, and outputs, making them not functionally similar.""
}",266
2015_0_1,44230,2016_1_1,18665,NON-CLONE,2026-07-26 22:47:53,"{
  ""answer"": ""NO-NOT-SIMILAR"",
  ""explanation"": ""The two code snippets solve completely different problems. The C++ code snippet is for determining the minimum number of friends to invite to a party so that everyone can clap, based on shyness levels. The PHP code snippet is for arranging letters to form the lexicographically largest string possible by either prepending or appending each letter to the result. These are fundamentally different algorithms and problems.""
}",267
2015_0_1,64620,2013_1_1,37029,NON-CLONE,2026-07-26 22:47:53,"{
  ""answer"": ""NO-NOT-SIMILAR"",
  ""explanation"": ""The two code snippets solve different problems. The C++ code snippet appears to be solving a problem related to determining the minimum number of additional people needed to ensure that a certain condition is met in a sequence of digits, while the Python code snippet is solving a problem related to calculating the maximum number of rings that can be painted given a starting radius and a total amount of paint. The core logic, problem domain, and algorithms used are completely different.""
}",268
2015_0_1,65110,2015_0_3,42051,NON-CLONE,2026-07-26 22:47:54,"{
  ""answer"": ""NO-NOT-SIMILAR"",
  ""explanation"": ""The two code snippets perform entirely different tasks. The C++ code appears to be solving a problem related to counting operations to achieve a certain value in a string of digits, while the Java code is solving a complex quaternion multiplication problem involving parsing input strings and performing mathematical operations. The C++ code focuses on digit manipulation and counting, whereas the Java code deals with group theory and quaternion algebra. These are fundamentally different computational problems.""
}",269
2015_0_1,106809,2015_0_2,96440,NON-CLONE,2026-07-26 22:47:55,"{
  ""answer"": ""NO-NOT-SIMILAR"",
  ""explanation"": ""The two code snippets perform completely different tasks. The first Python snippet appears to be solving a problem related to tracking seen elements and calculating a 'need' value based on a string of digits, while the second C++ snippet is solving a minimization problem involving dividing elements in an array and finding the optimal division strategy. The input/output formats, algorithms, and problem domains are entirely different.""
}",270
2015_0_1,86599,2013_0_2,96711,NON-CLONE,2026-07-26 22:47:56,"{
  ""answer"": ""NO-NOT-SIMILAR"",
  ""explanation"": ""The two code snippets perform completely different tasks. The Python snippet appears to be solving a problem related to determining the minimum number of friends needed to stand up in a crowd based on a string of '0' and '1' characters, while the PHP snippet is solving a lawn mowing problem where it checks if a given 2D array of numbers can be validly mowed by ensuring each element is the maximum in its row and column. The tasks, logic, and purpose of the two snippets are entirely different.""
}",271
2015_0_1,60803,2015_1_1,111866,NON-CLONE,2026-07-26 22:47:57,"{
  ""answer"": ""NO-NOT-SIMILAR"",
  ""explanation"": ""The two code snippets implement completely different algorithms and solve different problems. The first Python snippet appears to solve a problem related to determining the minimum number of additional people needed to ensure everyone in a queue can clap (based on cumulative sums and delta calculations). The second C++ snippet solves a different problem involving calculating two different values (ans1 and ans2) related to a sequence of numbers, likely about minimizing waste or maximizing efficiency in some resource allocation scenario. The input/output formats, data structures, and algorithmic approaches are fundamentally different.""
}",272
2015_0_1,25955,2013_0_1,72071,NON-CLONE,2026-07-26 22:47:58,"{
  ""answer"": ""NO-NOT-SIMILAR"",
  ""explanation"": ""The two code snippets perform completely different tasks. The PHP code snippet solves a 'Code Jam' problem related to determining the minimum number of people needed to stand up in a crowd based on shyness levels, while the C++ code snippet implements a Tic-Tac-Toe game judge that determines the winner or if the game is a draw or incomplete. The PHP code deals with numerical computation and string manipulation, whereas the C++ code handles game board analysis and win condition checking. These are fundamentally different problems with no functional similarity.""
}",273
2015_0_1,28465,2015_0_2,88257,NON-CLONE,2026-07-26 22:47:59,"{
  ""answer"": ""NO-NOT-SIMILAR"",
  ""explanation"": ""The two code snippets implement completely different algorithms and solve different problems. The PHP code appears to be solving a problem related to determining the minimum number of invites needed to ensure everyone in an audience can participate, based on a string representation of audience members. The C++ code is solving a different optimization problem related to dividing numbers into groups and minimizing the total operations needed. The input/output formats, algorithms, and problem domains are entirely different.""
}",274
2015_0_1,96593,2015_0_2,40957,NON-CLONE,2026-07-26 22:48:00,"{
  ""answer"": ""NO-NOT-SIMILAR"",
  ""explanation"": ""The two code snippets implement completely different algorithms and solve different problems. The PHP code appears to be solving a problem related to people standing up based on shyness levels, calculating how many friends need to be added to make everyone stand. The Java code implements a complex optimization algorithm for dividing items into groups with minimal maximum value, likely related to a competitive programming problem. The core logic, data structures, and problem domains are entirely different.""
}",275
2015_0_2,91000,2013_0_1,98087,NON-CLONE,2026-07-26 22:48:01,"{
  ""answer"": ""NO-NOT-SIMILAR"",
  ""explanation"": ""The two code snippets solve completely different problems. The Java code snippet (ProblemB) appears to be solving a problem related to optimizing pancake consumption with special moves, involving sorting, calculations, and finding minimum values. The C++ code snippet is implementing a Tic-Tac-Toe game solver that determines the winner or game status based on a 4x4 grid. These are fundamentally different algorithms and problem domains, so they are not functionally similar.""
}",276
2015_0_2,21812,2013_0_3,102625,NON-CLONE,2026-07-26 22:48:02,"{
  ""answer"": ""NO-NOT-SIMILAR"",
  ""explanation"": ""The two code snippets perform completely different tasks. The Java code snippet (Pancakes) is solving a problem related to finding the minimum number of days to eat pancakes, involving parsing input, processing arrays, and computing a solution based on eating patterns. The C++ code snippet is solving a problem related to counting 'perfect squares' that are also palindromes within a given range, using precomputed values and binary search. These are entirely different algorithmic problems with no functional similarity.""
}",277
2015_0_2,40957,2013_0_2,71957,NON-CLONE,2026-07-26 22:48:03,"{
  ""answer"": ""NO-NOT-SIMILAR"",
  ""explanation"": ""The two code snippets perform completely different tasks. Code snippet 1 is solving a problem related to finding the minimum number of operations to make all elements equal by incrementing values, using a greedy approach with dynamic programming concepts. Code snippet 2 is solving a different problem that checks if a 2D array can be modified to have all elements equal to the maximum of their respective row and column, with a constraint that each element should not exceed the maximum of its row and column. The algorithms, data structures, and objectives are fundamentally different.""
",278
2015_0_2,96440,2015_0_1,86599,NON-CLONE,2026-07-26 22:48:04,"{
  ""answer"": ""NO-NOT-SIMILAR"",
  ""explanation"": ""The two code snippets perform completely different tasks. The C++ code snippet solves a problem related to finding the minimum number of moves to distribute candies among boxes, where each move can increase the number of candies in a box by 1. It involves calculating optimal distribution strategies based on given constraints. The Python code snippet solves a different problem related to determining the minimum number of friends needed to stand up in a audience such that everyone can clap, based on the audience's shyness levels. These are fundamentally different algorithmic problems with different inputs,",279
2015_0_2,88257,2013_0_2,68303,NON-CLONE,2026-07-26 22:48:04,"{
  ""answer"": ""NO-NOT-SIMILAR"",
  ""explanation"": ""The two code snippets perform completely different tasks. The C++ code appears to be solving a problem related to dividing numbers and finding minimum operations, while the PHP code is checking if a lawn pattern can be generated by taking maximum values from rows and columns. The C++ code deals with integer division and optimization, whereas the PHP code is about validating a 2D array against row and column maximums. These are fundamentally different algorithms and problems.""
}",280
2015_0_2,38840,2013_0_1,127485,NON-CLONE,2026-07-26 22:48:05,"{
  ""answer"": ""NO-NOT-SIMILAR"",
  ""explanation"": ""The two code snippets perform entirely different tasks. The C++ code snippet appears to be solving a problem related to minimizing operations needed to distribute pancakes, where it calculates the minimum number of moves required to distribute d pancakes among people. The PHP code snippet, on the other hand, is a Tic-Tac-Toe game result checker that determines the winner or status of a Tic-Tac-Toe game board. These are completely different problems with no functional similarity.""
}",281
2015_0_2,36519,2015_1_1,111086,NON-CLONE,2026-07-26 22:48:06,"{
  ""answer"": ""NO-NOT-SIMILAR"",
  ""explanation"": ""The two code snippets implement completely different algorithms and solve different problems. The first Python snippet appears to be solving a pancake sorting problem where it calculates the minimum time to eat all pancakes by splitting piles, while the second C++ snippet solves a different problem involving calculating the minimum time for a group of people to eat a certain number of pancakes, with a focus on the efficiency of eating. The input/output formats, data structures, and core logic are fundamentally different between the two snippets.""
}",282
2015_0_2,81081,2013_0_3,108834,NON-CLONE,2026-07-26 22:48:08,"{
  ""answer"": ""NO-NOT-SIMILAR"",
  ""explanation"": ""The two code snippets implement completely different algorithms and solve different problems. The Python code is for a Google Code Jam problem related to pancake sorting and minimizing operations, while the Java code is for finding palindromic numbers and their squares within a range. The Python code focuses on optimization through memoization and mathematical operations, whereas the Java code involves palindrome checking, precomputation, and range queries. These are fundamentally different computational problems with distinct approaches and outputs.""
}",283
2015_0_2,100159,2016_2_1,179503,NON-CLONE,2026-07-26 22:48:09,"{
  ""answer"": ""NO-NOT-SIMILAR"",
  ""explanation"": ""The two code snippets perform completely different tasks. The first Python snippet solves a problem related to calculating minimum moves to distribute plates among diners, involving sorting, mathematical operations, and finding minimum values. The second C++ snippet is a number word decoding problem where it identifies digits from their spelled-out forms in a string. These are entirely different algorithms and problem domains.""
}",284
2015_0_2,103402,2015_0_1,106809,NON-CLONE,2026-07-26 22:48:09,"{
  ""answer"": ""NO-NOT-SIMILAR"",
  ""explanation"": ""The two code snippets perform completely different tasks. Code snippet 1 is solving a problem related to finding minimum minutes required to eat candies with certain constraints, involving complex calculations with array elements and mathematical operations. Code snippet 2 is solving a different problem related to calculating the minimum number of additional people needed to ensure everyone in a line can see the stage, based on a string of integers representing people's heights. The algorithms, input/output formats, and problem domains are entirely different.""
}",285
2015_0_2,102321,2015_0_3,72742,NON-CLONE,2026-07-26 22:48:10,"{
  ""answer"": ""NO-NOT-SIMILAR"",
  ""explanation"": ""The two code snippets are not functionally similar. The PHP code appears to be solving a problem where it reads a series of test cases, processes arrays of numbers, and finds the minimum result of a specific calculation involving maximum values and array elements. The Python code, on the other hand, is implementing a quaternion-based problem that checks if a repeated string of quaternion characters can be split into segments representing the quaternions i, j, and k. These are completely different computational problems with different input formats, algorithms, and outputs.""
}",286
2015_0_2,55775,2016_1_2,14745,NON-CLONE,2026-07-26 22:48:11,"{
  ""answer"": ""NO-NOT-SIMILAR"",
  ""explanation"": ""The two code snippets solve completely different problems. The PHP code snippet is for the Google Code Jam problem 'Infinite House of Pancakes', which involves finding the minimum number of minutes to eat all pancakes given that you can split stacks in half. The Python code snippet is for a different problem involving finding odd-count elements in a grid to identify missing numbers in a grid pattern. The functions, data structures, and algorithms used are entirely different.""
}",287
2015_0_3,42051,2015_0_1,44230,NON-CLONE,2026-07-26 22:48:12,"{
  ""answer"": ""NO-NOT-SIMILAR"",
  ""explanation"": ""The two code snippets implement completely different algorithms and solve different problems. The first Java code snippet is for solving a quaternion multiplication problem, likely from a competitive programming context (such as Google Code Jam), where it processes input strings and performs quaternion operations to determine if a decomposition is possible. The second C++ code snippet is for solving a 'standing ovation' problem where it calculates the minimum number of people to invite to ensure everyone in a crowd claps. These are fundamentally different problems with different logic, data structures, and algorithms.""
}",288
2015_0_3,47513,2013_1_1,34507,NON-CLONE,2026-07-26 22:48:13,"{
  ""answer"": ""NO-NOT-SIMILAR"",
  ""explanation"": ""The two code snippets perform entirely different tasks. The Java code appears to solve a complex mathematical problem involving quaternion operations and string manipulation, determining if a specific decomposition is possible. The PHP code solves a different mathematical optimization problem, finding a value that satisfies certain volume constraints using a binary search approach. These are fundamentally different algorithms solving different problems, so they are not functionally similar.""
}",289
2015_0_3,96608,2016_1_2,14745,NON-CLONE,2026-07-26 22:48:15,"{
  ""answer"": ""NO-NOT-SIMILAR"",
  ""explanation"": ""The two code snippets perform completely different tasks. Code snippet 1 is implementing a solution for a complex algorithm problem involving quaternion multiplication and finding specific sequences in repeated strings, likely related to the 'Dijkstra' problem or similar computational challenge. Code snippet 2 is solving a different problem entirely - it's identifying odd-count elements in a grid of integers, which appears to be a 'Fair Warning' or similar problem where you need to find elements that appear an odd number of times in a collection of lists. The algorithms, data structures, and",290
2015_0_3,41900,2015_0_1,96593,NON-CLONE,2026-07-26 22:48:16,"{
  ""answer"": ""NO-NOT-SIMILAR"",
  ""explanation"": ""The two code snippets solve completely different problems. The C++ code appears to be solving a problem related to quaternion multiplication and checking if a string can be split into three parts that multiply to 'j', while the PHP code is solving a problem about determining how many friends need to be added to a crowd so that everyone can clap. The C++ code deals with mathematical operations and string manipulation in a specific context, whereas the PHP code handles a different algorithmic problem involving crowd dynamics and clapping behavior. These are not functionally similar.""
}",291
2015_0_3,49764,2016_1_2,14745,NON-CLONE,2026-07-26 22:48:17,"{
  ""answer"": ""NO-NOT-SIMILAR"",
  ""explanation"": ""The two code snippets perform completely different tasks. The C++ code appears to be solving a complex mathematical problem involving quaternion multiplication and string manipulation, likely related to splitting a string into three parts with specific quaternion values (i, j, k). The Python code is solving a different problem entirely - it's identifying odd-count elements from a collection of integer lists, which is a frequency counting and filtering problem. These are fundamentally different algorithms and problems being solved.""
}",292
2015_0_3,23036,2016_0_4,142083,NON-CLONE,2026-07-26 22:48:18,"{
  ""answer"": ""NO-NOT-SIMILAR"",
  ""explanation"": ""The two code snippets perform entirely different tasks. The first C++ code snippet is solving a problem related to quaternion multiplication and finding specific subsequences that satisfy certain conditions, likely related to the 'Hello' or 'Hello World' problem variant involving quaternions. The second Python code snippet is solving a different problem entirely, related to determining positions in a sequence based on given parameters k, c, and s, possibly related to a 'Gold Mine' or similar puzzle. The functions, data structures, and overall logic of the two snippets are",293
2015_0_3,103585,2014_3_1,138308,NON-CLONE,2026-07-26 22:48:19,"{
  ""answer"": ""NO-NOT-SIMILAR"",
  ""explanation"": ""The two code snippets perform completely different tasks. Code Snippet 1 is a Python program that performs quaternion multiplication operations to determine if a given string of quaternion symbols can be split into three parts that multiply to give the quaternion 'i', 'j', 'k' in order. It involves complex mathematical operations with quaternions and string manipulation. Code Snippet 2 is a C++ program that calculates the minimum number of generations required for a population to reach a certain size, based on a mathematical formula involving greatest common divisors and powers",294
2015_0_3,103774,2013_0_3,89287,NON-CLONE,2026-07-26 22:48:19,"{
  ""answer"": ""NO-NOT-SIMILAR"",
  ""explanation"": ""The two code snippets perform completely different tasks. The Python code appears to be solving a problem related to quaternion algebra and checking certain conditions on a string of characters, while the PHP code is solving a problem related to finding palindromic numbers that are also perfect squares within a given range. The functions, data structures, and overall logic of the two codes are entirely different, indicating they are not functionally similar.""
}",295
2015_0_3,72742,2013_0_3,89287,NON-CLONE,2026-07-26 22:48:21,"{
  ""answer"": ""NO-NOT-SIMILAR"",
  ""explanation"": ""The two code snippets implement completely different algorithms and solve different problems. The Python code snippet implements a quaternion-based algorithm to determine if a repeated string can be split into three parts that multiply to give the quaternion 'k', while the PHP code snippet finds palindromic numbers that are also perfect squares within a given range. The Python code deals with abstract algebra and string manipulation, while the PHP code deals with number theory and palindrome checking. These are fundamentally different tasks with no functional similarity.""
}",296
2015_0_3,19800,2016_1_1,22113,NON-CLONE,2026-07-26 22:48:22,"{
  ""answer"": ""NO-NOT-SIMILAR"",
  ""explanation"": ""The two code snippets perform entirely different tasks. The PHP code snippet implements a complex mathematical operation involving quaternion multiplication and checks specific conditions to determine if a decomposition is possible, while the Java code snippet is a simple string manipulation problem that builds a lexicographically largest string by inserting characters at the beginning or end. The PHP code deals with algebraic operations and conditional logic based on quaternion multiplication rules, whereas the Java code deals with string concatenation and lexicographical comparison. These are fundamentally different problems with no functional similarity.""
}",297
2015_0_3,102323,2016_0_1,76319,NON-CLONE,2026-07-26 22:48:23,"{
  ""answer"": ""NO-NOT-SIMILAR"",
  ""explanation"": ""The two code snippets perform entirely different tasks. The PHP code snippet is solving a problem related to quaternion multiplication and checking if a string can be split into parts that represent the quaternions i, j, and k. The Java code snippet is solving a different problem, which appears to be finding the last number in a sequence of multiples of a given number that contains all digits from 0 to 9. The tasks, logic, and objectives of the two codes are not similar.""
}",298
2015_0_3,18309,2016_1_1,15819,NON-CLONE,2026-07-26 22:48:24,"{
  ""answer"": ""NO-NOT-SIMILAR"",
  ""explanation"": ""The two code snippets solve completely different problems. The PHP code appears to be solving a complex mathematical problem involving quaternion multiplication and string parsing to determine if a given string can be split into segments that follow specific rules. The Java code is solving the 'The Last Word' problem from Google Code Jam, which involves arranging letters to form the lexicographically largest possible string by either prepending or appending characters to a result string. These are fundamentally different algorithms and problem domains.""
}",299
2015_0_4,86262,2016_0_4,80717,NON-CLONE,2026-07-26 22:48:25,"{
  ""answer"": ""NO-NOT-SIMILAR"",
  ""explanation"": ""The two code snippets implement completely different algorithms and solve different problems. The Java code snippet (Omino) appears to be solving a game theory problem related to tiling rectangles with polyominoes, determining whether Richard or Gabriel wins based on the dimensions and shape of the polyomino. The PHP code snippet is solving a different problem related to finding positions in a grid to check for a specific pattern, involving powers and modular arithmetic. The input/output formats, logic, and objectives are fundamentally different between the two snippets.""
}",300
2015_0_4,30398,2016_1_2,26565,NON-CLONE,2026-07-26 22:48:25,"{
  ""answer"": ""NO-NOT-SIMILAR"",
  ""explanation"": ""The two code snippets solve completely different problems. Code Snippet 1 is a Java program that determines whether Gabriel can win a game involving polyominoes on a grid, based on specific mathematical conditions. Code Snippet 2 is a C++ program that finds the missing row in a matrix where each row appears an even number of times except for one row which appears an odd number of times. The tasks, logic, and objectives of these two programs are entirely different.""
}",301
2015_0_4,29877,2013_0_2,122219,NON-CLONE,2026-07-26 22:48:26,"{
  ""answer"": ""NO-NOT-SIMILAR"",
  ""explanation"": ""The two code snippets perform entirely different tasks. Code Snippet 1 is a Java program that determines whether Richard can win a game based on grid dimensions and a number X, using complex logic to evaluate game outcomes. Code Snippet 2 is a Python program that checks if a matrix is 'visible' by determining if any element is smaller than both its row maximum and column maximum. These are fundamentally different problems with no functional similarity.""
}",302
2015_0_4,63026,2013_0_3,92037,NON-CLONE,2026-07-26 22:48:27,"{
  ""answer"": ""NO-NOT-SIMILAR"",
  ""explanation"": ""The two code snippets perform completely different tasks. The C++ code snippet solves a game theory problem where it determines whether Richard or Gabriel wins based on the dimensions of a grid and a polyomino shape. The PHP code snippet finds 'Fair and Square' numbers - numbers that are both palindromes and perfect squares - within a given range. The input/output handling, algorithms, and problem domains are entirely different between the two snippets.""
}",303
2015_0_4,86932,2013_0_2,71957,NON-CLONE,2026-07-26 22:48:28,"{
  ""answer"": ""NO-NOT-SIMILAR"",
  ""explanation"": ""The two code snippets perform completely different tasks. The C++ code determines whether Richard can win a game based on geometric constraints involving X, R, and C parameters, while the PHP code evaluates whether a 2D array can be modified to meet certain maximum value conditions. The C++ code is about game theory and geometric tiling, whereas the PHP code is about array manipulation and maximum value checking. These are fundamentally different problems with no functional similarity.""
}",304
2015_0_4,60776,2016_0_4,158305,NON-CLONE,2026-07-26 22:48:29,"{
  ""answer"": ""NO-NOT-SIMILAR"",
  ""explanation"": ""The two code snippets solve completely different problems. The first C++ snippet is a game-solving program that determines whether Gabriel can win a grid tiling game based on specific rules for different values of x (the number of cells in a polyomino). The second Python snippet is a solution to a different problem involving finding optimal guesses for a k-out-of-n game with specific constraints on the number of guesses required. These are distinct computational problems with different logic, inputs, and outputs.""
}",305
2015_0_4,57828,2015_1_1,111866,NON-CLONE,2026-07-26 22:48:29,"{
  ""answer"": ""NO-NOT-SIMILAR"",
  ""explanation"": ""The two code snippets perform completely different tasks. The first Python snippet is solving a game theory problem where it determines if Richard can win a game based on certain conditions involving X, R, and C parameters. The second C++ snippet is solving a different problem related to calculating minimum and maximum values based on differences between consecutive elements in an array. The input/output formats, algorithms, and problem domains are entirely different.""
}",306
2015_0_4,94256,2013_1_1,42047,NON-CLONE,2026-07-26 22:48:30,"{
  ""answer"": ""NO-NOT-SIMILAR"",
  ""explanation"": ""The two code snippets implement completely different algorithms and solve different problems. The first Python snippet is about determining whether Gabriel can win a game involving polyominoes on a grid, using mathematical conditions to check if certain configurations are possible. The second Java snippet is about solving a mathematical problem related to calculating the number of concentric circles that can be drawn given a starting radius and total area, using binary search and mathematical formulas for even and odd sums. These are fundamentally different problems with different mathematical approaches and outputs.""
}",307
2015_0_4,74018,2015_0_2,91000,NON-CLONE,2026-07-26 22:48:31,"{
  ""answer"": ""NO-NOT-SIMILAR"",
  ""explanation"": ""The two code snippets implement completely different algorithms and solve different problems. The first Python snippet is a game-solving algorithm that determines whether Gabriel can win a game based on grid dimensions and tile shapes, while the second Java snippet is a problem-solving algorithm that calculates the minimum time needed to eat all pancakes using a specific eating strategy. These are fundamentally different tasks with no functional similarity.""
}",308
2015_0_4,68310,2014_3_1,134611,NON-CLONE,2026-07-26 22:48:32,"{
  ""answer"": ""NO-NOT-SIMILAR"",
  ""explanation"": ""The two code snippets are not functionally similar. The PHP code appears to be solving a problem related to determining whether Gabriel or Richard wins in a game involving polyominoes, based on the dimensions of a grid and the size of a polyomino. The C++ code, on the other hand, is solving a problem related to finding the number of generations in a binary fraction problem, using GCD and bit manipulation. The tasks, logic, and purpose of the two codes are entirely different.""
}",309
2015_0_4,19708,2014_3_1,138308,NON-CLONE,2026-07-26 22:48:33,"{
  ""answer"": ""NO-NOT-SIMILAR"",
  ""explanation"": ""The two code snippets implement completely different algorithms and solve different problems. The PHP code appears to be solving a game theory problem involving tetrominoes (amino acid shapes) where Richard and Gabriel play a game, determining if Richard wins based on certain conditions. The C++ code is solving a problem related to binary representation and finding the minimum number of generations to reach a certain fraction in a binary tree-like structure. The PHP code involves complex game logic with multiple conditions for determining win/loss, while the C++ code involves GCD calculation",310
2015_0_4,78114,2016_1_1,3308,NON-CLONE,2026-07-26 22:48:34,"{
  ""answer"": ""NO-NOT-SIMILAR"",
  ""explanation"": ""The two code snippets perform completely different tasks. Code snippet 1 is a PHP program that solves a game theory problem involving tetrominoes and grid filling, determining winners based on game rules. Code snippet 2 is a Python program that solves a string manipulation problem, rearranging characters in a string to form the lexicographically largest possible string. The functions, logic, and purposes of the two snippets are entirely different.""
}",311
2015_1_1,112276,2013_1_1,31779,NON-CLONE,2026-07-26 22:48:35,"{
  ""answer"": ""NO-NOT-SIMILAR"",
  ""explanation"": ""The two code snippets perform entirely different tasks. The Java code processes multiple test cases involving array operations and calculations related to intervals and differences between array elements. The PHP code solves a specific mathematical problem involving binary search to find the maximum number of concentric circles that can be drawn given a starting radius and total area. The Java code is a general-purpose input/output processing program, while the PHP code is a specific algorithmic problem solver. These are not functionally similar.""
}",312
2015_1_1,118030,2016_1_1,15421,NON-CLONE,2026-07-26 22:48:36,"{
  ""answer"": ""NO-NOT-SIMILAR"",
  ""explanation"": ""The two code snippets perform entirely different tasks. The Java code calculates two different mushroom eating strategies (one based on eating at any time and another at a constant rate) for multiple test cases, while the C++ code takes a string and constructs a new string by either appending or prepending characters based on lexicographical comparison. The Java code is about algorithmic problem solving involving arrays and loops, whereas the C++ code is about string manipulation and lexicographical ordering. These are fundamentally different problems and implementations.""
}",313
2015_1_1,112898,2014_3_1,134611,NON-CLONE,2026-07-26 22:48:37,"{
  ""answer"": ""NO-NOT-SIMILAR"",
  ""explanation"": ""The two code snippets implement completely different algorithms and solve different problems. The Java code (Snippet 1) appears to be solving a problem related to calculating minimum eating amounts for a sequence of numbers, likely related to a competitive programming problem involving piles of bananas or similar. The C++ code (Snippet 2) is implementing a solution for finding the number of generations in a genetic problem involving fractions and GCD calculations, determining how many steps it takes to reach a certain ratio. The problems, algorithms, and outputs are fundamentally different, making them",314
2015_1_1,111086,2015_0_2,55775,NON-CLONE,2026-07-26 22:48:38,"{
  ""answer"": ""YES-SIMILAR"",
  ""explanation"": ""Both code snippets solve the same problem: determining the minimum number of operations to reduce pancake stacks to zero height, where each operation can either be a normal eat operation (removing one pancake from all stacks) or a special operation (splitting one stack into two equal halves). The C++ code uses a greedy approach with precomputed maximum difference, while the PHP code uses a brute-force search over possible split sizes. Both approaches aim to minimize the total number of operations needed to finish all pancakes. The core algorithmic goal is identical in both",315
2015_1_1,122263,2016_1_2,26561,NON-CLONE,2026-07-26 22:48:38,"{
  ""answer"": ""NO-NOT-SIMILAR"",
  ""explanation"": ""The two code snippets perform entirely different tasks. The C++ code snippet solves a problem related to calculating minimum costs for decreasing sequences, while the Java code snippet solves a problem of finding missing numbers in a grid by counting occurrences and identifying odd-count elements. The input/output formats, data structures, and algorithms used are completely different, indicating they are not functionally similar.""
}",316
2015_1_1,111866,2015_0_2,91000,NON-CLONE,2026-07-26 22:48:39,"{
  ""answer"": ""NO-NOT-SIMILAR"",
  ""explanation"": ""The two code snippets implement completely different algorithms and solve different problems. The first snippet (C++) appears to be solving a problem related to calculating minimum costs or differences in a sequence, involving array manipulations and comparisons. The second snippet (Java) seems to be solving a problem related to optimizing pancake consumption by calculating minimum time or operations needed, involving sorting and mathematical operations. The core logic, data structures, and problem domains are entirely different.""
}",317
2015_1_1,117734,2013_0_3,59317,NON-CLONE,2026-07-26 22:48:40,"{
  ""answer"": ""NO-NOT-SIMILAR"",
  ""explanation"": ""The two code snippets solve completely different problems. The Python snippet (Google Code Jam 2015 Round 1A Problem A) is about calculating the maximum number of blocks that can be removed from a sequence and the minimum number of blocks that need to be removed to make the sequence non-decreasing. The Java snippet is about counting palindromic numbers within a given range. These are fundamentally different computational tasks with no functional similarity.""
}",318
2015_1_1,124602,2016_1_1,20829,NON-CLONE,2026-07-26 22:48:41,"{
  ""answer"": ""NO-NOT-SIMILAR"",
  ""explanation"": ""The two code snippets perform completely different tasks. The Python snippet (Code Snippet 1) solves a problem related to calculating the maximum profit from selling and buying items with decreasing prices, while the C++ snippet (Code Snippet 2) appears to be solving a string manipulation problem where it constructs a lexicographically largest subsequence by placing characters either at the beginning or end of a result string. The input/output formats, algorithms, and problem domains are entirely different.""
}",319
2015_1_1,111647,2013_0_3,92037,NON-CLONE,2026-07-26 22:48:42,"{
  ""answer"": ""NO-NOT-SIMILAR"",
  ""explanation"": ""The two code snippets perform entirely different tasks. Code snippet 1 is a Python module containing utility functions for reading and processing data from files, including reading integers, floats, and lists of different types, as well as helper functions for checking if numbers are odd or even. Code snippet 2 is a PHP script that finds palindromic square numbers up to 10^14, then processes input lines to count how many of these palindromic squares fall within given ranges. The functional purposes, data processing methods, and",320
2015_1_1,122934,2013_0_2,83774,NON-CLONE,2026-07-26 22:48:43,"{
  ""answer"": ""NO-NOT-SIMILAR"",
  ""explanation"": ""The two code snippets perform completely different tasks. The PHP code appears to be solving a problem related to calculating two different methods for determining counts over time intervals, likely related to a competitive programming problem. The C++ code is solving a different problem entirely, checking if a matrix is 'nice' where each element is either the maximum in its row or column. The input/output formats, algorithms, and objectives are fundamentally different between the two snippets.""
}",321
2015_1_1,111264,2013_0_1,99825,NON-CLONE,2026-07-26 22:48:44,"{
  ""answer"": ""NO-NOT-SIMILAR"",
  ""explanation"": ""The two code snippets perform entirely different tasks. The PHP code snippet processes mushroom plate data to calculate minimums using a specific algorithm involving plate differences and largest gaps, while the C++ code snippet is a Tic-Tac-Toe game solver that determines the winner or game state based on a 4x4 grid of 'X', 'O', and 'T' characters. The functions, data structures, and algorithms used in each snippet are completely unrelated, making them not functionally similar.""
}",322
2015_1_1,121770,2013_0_3,53348,NON-CLONE,2026-07-26 22:48:45,"{
  ""answer"": ""NO-NOT-SIMILAR"",
  ""explanation"": ""The two code snippets perform entirely different tasks. The PHP code snippet processes mushroom consumption data to calculate two values (x and y) based on a sequence of mushroom counts, while the C++ code snippet identifies palindromic numbers whose squares are also palindromic within a given range. The PHP code is about processing arrays and calculating values through recursion and iteration, whereas the C++ code is about searching through a pre-defined list of palindromic squares. These are fundamentally different algorithms solving different problems.""
}",323
2016_0_1,76319,2015_0_1,25955,NON-CLONE,2026-07-26 22:48:46,"{
  ""answer"": ""NO-NOT-SIMILAR"",
  ""explanation"": ""The two code snippets perform entirely different tasks. The Java code snippet solves a problem related to finding the last number in a sequence where all digits 0-9 appear, while the PHP code snippet solves a problem related to calculating the minimum number of people needed to stand up to satisfy audience members' shyness levels in a crowd. The input/output formats, algorithms, and problem domains are completely different.""
}",324
2016_0_1,117099,2014_2_1,118754,NON-CLONE,2026-07-26 22:48:47,"{
  ""answer"": ""NO-NOT-SIMILAR"",
  ""explanation"": ""The two code snippets solve completely different problems. The Java code snippet implements a solution for the 'Counting Sheep' problem from Google Code Jam 2014, where it determines when a number has all digits from 0-9 in its multiples. The PHP code snippet solves a different problem related to string manipulation and character frequency analysis, specifically about determining the minimum number of moves to make a set of strings identical by removing consecutive duplicate characters. The tasks, logic, and objectives of these two snippets are entirely different.""
}",325
2016_0_1,100898,2016_0_4,142083,NON-CLONE,2026-07-26 22:48:48,"{
  ""answer"": ""NO-NOT-SIMILAR"",
  ""explanation"": ""The two code snippets perform completely different tasks. Code Snippet 1 is a Java program that solves a problem related to counting sheep (determining when a number has all digits 0-9), while Code Snippet 2 is a Python program that solves a different problem involving finding a sequence of numbers based on given parameters k, c, and s. The algorithms, logic, and objectives of these two snippets are entirely different.""
}",326
2016_0_1,65647,2016_1_2,21265,NON-CLONE,2026-07-26 22:48:48,"{
  ""answer"": ""NO-NOT-SIMILAR"",
  ""explanation"": ""The two code snippets perform completely different tasks. The C++ code snippet solves a problem related to finding the smallest multiple of a number that contains all digits from 0 to 9 (INSOMNIA problem), while the PHP code snippet appears to be solving a different problem involving counting soldiers and finding missing values in a squad. The C++ code uses maps and digit manipulation, whereas the PHP code uses arrays and string manipulation. The functions and objectives of the two codes are entirely different.""
}",327
2016_0_1,134225,2016_1_2,22155,NON-CLONE,2026-07-26 22:48:49,"{
  ""answer"": ""NO-NOT-SIMILAR"",
  ""explanation"": ""The two code snippets perform completely different tasks. The C++ code solves a problem where it finds the smallest positive integer that contains all digits 0-9 when multiplied by a given number, with special handling for the case when the input is 0. The PHP code solves a different problem related to finding odd-count elements in a list of numbers, which appears to be related to identifying unique elements that appear an odd number of times in a collection. These are fundamentally different algorithms and problems.""
}",328
2016_0_1,143909,2015_0_1,47939,NON-CLONE,2026-07-26 22:48:50,"{
  ""answer"": ""NO-NOT-SIMILAR"",
  ""explanation"": ""The two code snippets solve completely different problems. Code Snippet 1 is solving the 'Counting Sheep' problem where it determines when a number, when repeatedly added to itself, will contain all digits from 0 to 9. Code Snippet 2 is solving the 'Standing Ovation' problem where it calculates the minimum number of people needed to stand so that everyone in a queue can see the stage. The problems, logic, and objectives are entirely different.""
}",329
2016_0_1,94639,2016_0_4,135114,NON-CLONE,2026-07-26 22:48:51,"{
  ""answer"": ""NO-NOT-SIMILAR"",
  ""explanation"": ""The two code snippets perform completely different tasks. Code Snippet 1 is a Python function that solves the 'Counting Sheep' problem, where it finds the smallest positive integer that contains all digits 0-9 when multiplied by a given number. Code Snippet 2 is a C++ program that solves a different problem related to finding a sequence of numbers based on given parameters K, C, S, and outputs either 'IMPOSSIBLE' or a series of numbers. The problems they solve, the algorithms used, and the",330
2016_0_1,88781,2013_0_2,71957,NON-CLONE,2026-07-26 22:48:52,"{
  ""answer"": ""NO-NOT-SIMILAR"",
  ""explanation"": ""The two code snippets perform completely different tasks. The Python code snippet solves the 'Counting Sheep' problem where it determines when a number has been multiplied enough times to contain all digits 0-9. The PHP code snippet solves a 'Pebble Solitaire' or 'Grid Maximum' problem where it checks if a grid can be modified to meet certain maximum constraints per row and column. The functions, logic, and objectives of the two snippets are entirely different.""
}",331
2016_0_1,71388,2014_2_1,118754,NON-CLONE,2026-07-26 22:48:53,"{
  ""answer"": ""NO-NOT-SIMILAR"",
  ""explanation"": ""The two code snippets solve completely different problems. The Python snippet implements a solution for the 'Counting Sheep' problem from Google Code Jam, where it determines when a number has all digits from 0-9 in its multiples. The PHP snippet implements a solution for a different problem involving string manipulation and character frequency analysis to determine moves in a game. The functions, logic, and objectives of the two snippets are entirely different.""
}",332
2016_0_1,48618,2015_1_1,124602,NON-CLONE,2026-07-26 22:48:53,"{
  ""answer"": ""NO-NOT-SIMILAR"",
  ""explanation"": ""The two code snippets perform completely different tasks. Code snippet 1 is solving a problem where it finds the smallest positive integer that contains all digits 0-9 when multiplied by increasing integers, with a maximum limit. Code snippet 2 is solving a different problem involving calculating two values (y and z) based on differences between consecutive elements in a list. The tasks, logic, and outputs are entirely different.""
}",333
2016_0_1,39027,2013_0_1,103399,NON-CLONE,2026-07-26 22:48:55,"{
  ""answer"": ""NO-NOT-SIMILAR"",
  ""explanation"": ""The two code snippets perform entirely different tasks. The PHP code snippet appears to be solving a 'Standing Ovation' problem, involving reading input files, processing test cases, and writing output, with a recursive function to find a specific number. The Java code snippet is implementing a Tic-Tac-Toe game solver, determining the status of a board (X wins, O wins, draw, or not completed) by checking rows, columns, and diagonals. These are fundamentally different problems with different algorithms and purposes, so they are not function",334
2016_0_1,113708,2016_0_4,136626,NON-CLONE,2026-07-26 22:48:56,"{
  ""answer"": ""NO-NOT-SIMILAR"",
  ""explanation"": ""The two code snippets perform completely different tasks. The PHP code implements a function called 'bleatrix' that solves a specific mathematical problem related to finding the last number in a sequence where all digits 0-9 appear, while the Java code appears to be solving a different problem involving combinations and paths in a tree structure. The PHP code is focused on digit coverage in multiples, whereas the Java code is about generating paths in a tree with specific constraints. These are fundamentally different algorithms solving unrelated problems.""
}",335
2016_0_4,136626,2015_0_2,81081,NON-CLONE,2026-07-26 22:48:57,"{
  ""answer"": ""NO-NOT-SIMILAR"",
  ""explanation"": ""The two code snippets solve completely different problems. Code snippet 1 is a Java program that appears to be solving a problem related to branching factors, depths, and checks in some kind of tree or graph traversal, determining if certain paths are possible and outputting solutions. Code snippet 2 is a Python program that solves a pancake sorting problem, where the goal is to minimize the number of operations needed to sort a stack of pancakes by flipping them. The problems, algorithms, and outputs are entirely different.""
}",336
2016_0_4,125922,2016_1_1,4557,NON-CLONE,2026-07-26 22:48:58,"{
  ""answer"": ""NO-NOT-SIMILAR"",
  ""explanation"": ""The two code snippets perform completely different tasks. The Java code snippet is a solution to a fractiles problem that processes test cases and outputs specific patterns based on mathematical conditions, while the PHP code snippet is a file processing script that reads input lines, processes each line using a custom 'calcular' function to rearrange characters in a specific way, and writes the results to an output file. The Java code is focused on algorithmic problem solving, whereas the PHP code is focused on file I/O and string manipulation with a different algorithmic approach",337
2016_0_4,99642,2015_0_3,49764,NON-CLONE,2026-07-26 22:48:59,"{
  ""answer"": ""NO-NOT-SIMILAR"",
  ""explanation"": ""The two code snippets perform completely different tasks. Code snippet 1 is a Java program that processes input from a file, performs some mathematical operations based on input parameters, and outputs results in a specific format. It appears to be solving a problem related to finding a solution for a mathematical puzzle or game. Code snippet 2 is a C++ program that deals with quaternion algebra, specifically checking if a given string of quaternions can be split into three parts that multiply to give the quaternion -1. The two programs have different input/output formats",338
2016_0_4,135114,2016_1_1,15819,NON-CLONE,2026-07-26 22:49:00,"{
  ""answer"": ""NO-NOT-SIMILAR"",
  ""explanation"": ""The two code snippets perform completely different tasks. The C++ code solves a problem related to finding a specific arrangement of digits based on given parameters K, C, and S, where it calculates a sequence of numbers using a base-K representation. The Java code solves a different problem, which involves constructing the lexicographically largest possible string by inserting characters at the beginning or end of a growing string. These are fundamentally different algorithms and problems, so they are not functionally similar.""
}",339
2016_0_4,90060,2016_1_2,21265,NON-CLONE,2026-07-26 22:49:01,"{
  ""answer"": ""NO-NOT-SIMILAR"",
  ""explanation"": ""The two code snippets solve completely different problems. The C++ code snippet appears to be solving a problem related to finding a sequence of positions in a grid to determine if a pattern can be detected, likely related to a 'Google Code Jam' style problem. The PHP code snippet, on the other hand, is solving a problem where it reads input data about soldiers in cases, counts occurrences of each soldier ID, and identifies which soldier IDs appear an odd number of times (indicating a missing soldier). The tasks, input/output formats, and",340
2016_0_4,45917,2014_2_1,128920,NON-CLONE,2026-07-26 22:49:02,"{
  ""answer"": ""NO-NOT-SIMILAR"",
  ""explanation"": ""The two code snippets perform completely different tasks. The C++ code snippet appears to be solving a problem related to finding a sequence of numbers based on given parameters k, c, and s, likely related to a 'killing' or 'covering' problem where it tries to determine if a solution exists and outputs a specific sequence. The Python code snippet, on the other hand, appears to be solving a string manipulation or pattern matching problem where it compares strings character by character and calculates a cost based on character positions. The tasks, inputs,",341
2016_0_4,63570,2014_3_1,138308,NON-CLONE,2026-07-26 22:49:02,"{
  ""answer"": ""NO-NOT-SIMILAR"",
  ""explanation"": ""The two code snippets solve completely different problems. The Python code appears to be solving a problem related to determining if a certain configuration is possible based on given parameters K, C, and S, and generating specific choices. The C++ code is solving a problem related to finding the number of generations required for a fraction P/Q to reach a power of 2 in the denominator, essentially determining how many times a fraction needs to be halved to become a power of 2. The algorithms, inputs, outputs, and problem domains are entirely different",342
2016_0_4,158305,2015_0_3,41900,NON-CLONE,2026-07-26 22:49:03,"{
  ""answer"": ""NO-NOT-SIMILAR"",
  ""explanation"": ""The two code snippets solve completely different problems. The Python code is for a problem involving finding optimal guesses for a sequence problem (likely related to the 'Gold Rush' or similar), while the C++ code is for determining if a string of characters can be split into segments that multiply to give a specific result in a quaternion algebra. The problems, algorithms, and logic are entirely different.""
}",343
2016_0_4,142083,2015_0_1,43660,NON-CLONE,2026-07-26 22:49:04,"{
  ""answer"": ""NO-NOT-SIMILAR"",
  ""explanation"": ""The two code snippets perform entirely different tasks. The first Python snippet is a file processing program that reads from 'inp.txt' and writes to 'out.txt', implementing a complex logic to determine if a certain sequence is possible based on parameters k, c, and s, and outputs either 'IMPOSSIBLE' or a list of numbers. The second Java snippet is a program that reads input from standard input, processes a string to calculate some kind of 'ans' value based on character counts, and prints the result. The tasks,",344
2016_0_4,80717,2013_0_2,91409,NON-CLONE,2026-07-26 22:49:05,"{
  ""answer"": ""NO-NOT-SIMILAR"",
  ""explanation"": ""The two code snippets perform completely different tasks. The PHP code appears to be solving a problem related to determining if a certain configuration is possible based on mathematical calculations involving powers and gaps, likely related to a puzzle or game. The C++ code is solving a different problem entirely - it's checking if a 2D array (lawn) can be valid based on maximum values in rows and columns. The input/output formats, logic, and objectives are entirely different between the two snippets.""
}",345
2016_0_4,139021,2013_0_2,78034,NON-CLONE,2026-07-26 22:49:06,"{
  ""answer"": ""NO-NOT-SIMILAR"",
  ""explanation"": ""The two code snippets perform entirely different tasks. The PHP code appears to be solving a fractile problem related to generating possible base configurations and artwork patterns, while the Python code is solving a lawn mowing problem that checks if a given 2D grid can be achieved by cutting grass to specific heights. The PHP code involves complex mathematical operations with binary representations and exponents, whereas the Python code performs a simple comparison of row and column maximums in a 2D array. These are fundamentally different computational problems with no functional similarity.""
}",346
2016_0_4,37736,2015_0_3,72742,NON-CLONE,2026-07-26 22:49:07,"{
  ""answer"": ""NO-NOT-SIMILAR"",
  ""explanation"": ""The two code snippets are not functionally similar. The first snippet (PHP) appears to be solving a problem related to determining the minimum number of positions needed to identify a pattern in a sequence, likely related to the 'Cookie Clicker' or similar algorithmic problems. The second snippet (Python) is solving a completely different problem related to quaternion multiplication and determining if a string of quaternions can be split into segments that multiply to give a specific result. The problems, algorithms, and even the domain of the problems are entirely different.""
",347
2016_1_1,15819,2013_0_2,85165,NON-CLONE,2026-07-26 22:49:08,"{
  ""answer"": ""NO-NOT-SIMILAR"",
  ""explanation"": ""The two code snippets solve completely different problems. The Java code (Code Snippet 1) is for finding the lexicographically largest word that can be formed by inserting characters at the beginning or end of a string, while the Python code (Code Snippet 2) is for determining whether a 2D grid can be reduced to a uniform height through specific operations. The tasks, algorithms, and outputs are fundamentally different.""
}",348
2016_1_1,28201,2013_0_2,78034,NON-CLONE,2026-07-26 22:49:09,"{
  ""answer"": ""NO-NOT-SIMILAR"",
  ""explanation"": ""The two code snippets perform completely different tasks. Code Snippet 1 is a Java program that reads test cases from a file, sorts characters in each line, and writes the sorted results to an output file. Code Snippet 2 is a Python program that reads a grid of numbers and determines whether it's possible to achieve a certain configuration by checking if each cell's value is at least as large as the maximum value in its row and column. The input/output formats, algorithms, and objectives are entirely different between the two snippets.""
}",349
2016_1_1,22113,2016_1_2,7956,NON-CLONE,2026-07-26 22:49:10,"{
  ""answer"": ""NO-NOT-SIMILAR"",
  ""explanation"": ""The two code snippets perform completely different tasks. Code Snippet 1 is a Java program that solves a 'Last Word' problem, where it constructs the lexicographically largest word by inserting characters at the beginning or end of a growing string. Code Snippet 2 is a Python program that solves a different problem involving finding odd-count numbers in a grid, where it counts occurrences of numbers and returns those that appear an odd number of times. The problems, logic, and outputs are entirely different.""
}",350
2016_1_1,15421,2016_2_1,193929,NON-CLONE,2026-07-26 22:49:11,"{
  ""answer"": ""NO-NOT-SIMILAR"",
  ""explanation"": ""The two code snippets solve completely different problems. The C++ code snippet (Code Snippet 1) appears to be solving a problem where it constructs a lexicographically smallest string by either appending or prepending characters based on comparison with the first character of the result string. The Java code snippet (Code Snippet 2) is solving a problem related to decoding a scrambled string of digits into actual digits, where it counts character frequencies and uses those counts to determine how many of each digit (0-9) are present in the input",351
2016_1_1,31768,2014_2_1,118416,NON-CLONE,2026-07-26 22:49:12,"{
  ""answer"": ""NO-NOT-SIMILAR"",
  ""explanation"": ""The two code snippets perform completely different tasks. The C++ snippet appears to be solving a problem where it rearranges characters in a string based on lexicographical comparison to form a specific result. The Python snippet is solving a different problem involving processing arrays of strings, counting character frequencies, calculating medians, and computing distances to find an optimal solution. The functions, data structures, and algorithms used are entirely different, indicating they are not functionally similar.""
}",352
2016_1_1,20829,2013_0_2,85165,NON-CLONE,2026-07-26 22:49:13,"{
  ""answer"": ""NO-NOT-SIMILAR"",
  ""explanation"": ""The two code snippets perform completely different tasks. The C++ code snippet (main.cpp) appears to be solving a string manipulation problem where it builds a result string by comparing characters and placing them at either the beginning or end of the result. The Python code snippet appears to be solving a lawn mowing problem where it determines if a 2D grid of heights can be mowed to a uniform height by following specific rules. The tasks, algorithms, and problem domains are entirely different, making them not functionally similar.""
}",353
2016_1_1,3308,2016_2_1,186531,NON-CLONE,2026-07-26 22:49:14,"{
  ""answer"": ""NO-NOT-SIMILAR"",
  ""explanation"": ""The two code snippets perform completely different tasks. The Python code snippet (Code Snippet 1) appears to be solving a problem where it arranges letters in a specific order based on their ASCII values, likely related to arranging words or letters in a particular sequence. The C++ code snippet (Code Snippet 2) is solving a problem where it identifies and counts digits (0-9) from a scrambled string of letters, essentially decoding a message that represents digits. These are fundamentally different problems with different inputs, outputs, and logic",354
2016_1_1,33316,2013_0_3,74156,NON-CLONE,2026-07-26 22:49:15,"{
  ""answer"": ""NO-NOT-SIMILAR"",
  ""explanation"": ""The two code snippets perform completely different tasks. The first Python snippet appears to be sorting characters based on a custom sorting algorithm, while the second Java snippet is counting 'fair square' numbers - specifically, counting numbers that are palindromes and whose squares are also palindromes. The input/output handling, algorithms, and overall functionality are entirely different.""
}",355
2016_1_1,14703,2014_3_1,140281,NON-CLONE,2026-07-26 22:49:15,"{
  ""answer"": ""NO-NOT-SIMILAR"",
  ""explanation"": ""The two code snippets perform completely different tasks. The Python code snippet implements a function to rearrange characters in a string to form the lexicographically largest word by inserting characters at the beginning or end of a result list. The Java code snippet, on the other hand, is a solution to a problem involving fractions and binary representation, specifically determining the number of steps to reach a certain condition in a binary expansion. These are entirely different algorithms solving unrelated problems.""
}",356
2016_1_1,3735,2013_0_2,85165,NON-CLONE,2026-07-26 22:49:16,"{
  ""answer"": ""NO-NOT-SIMILAR"",
  ""explanation"": ""The two code snippets perform completely different tasks. The PHP code snippet processes strings to rearrange characters in a specific order based on lexicographical comparison, while the Python code snippet processes a grid of numbers to determine if it's possible to transform the grid into a valid state through a series of operations. The PHP code is about string manipulation and character ordering, whereas the Python code is about matrix processing and logical validation. These are fundamentally different problems with no functional similarity.""
}",357
2016_1_1,18665,2013_0_2,85165,NON-CLONE,2026-07-26 22:49:17,"{
  ""answer"": ""NO-NOT-SIMILAR"",
  ""explanation"": ""The two code snippets perform completely different tasks. The PHP code snippet implements a function to rearrange characters in a string to produce the lexicographically largest possible string by choosing whether to prepend or append each character. The Python code snippet, on the other hand, is a solution for a lawn mowing problem where it determines if a 2D grid of heights can be reduced to a uniform height through specific operations. These are fundamentally different problems with no functional similarity.""
}",358
2016_1_1,4557,2015_0_1,106809,NON-CLONE,2026-07-26 22:49:18,"{
  ""answer"": ""NO-NOT-SIMILAR"",
  ""explanation"": ""The two code snippets perform completely different tasks. Code Snippet 1 is a PHP script that processes an input file line by line, performs a string manipulation operation on each line using a custom 'calcular' function, and writes the result to an output file. The 'calcular' function appears to be building a lexicographically largest string from a sequence of characters. Code Snippet 2 is a Python script that reads a number of test cases, processes each test case by parsing a string and performing some arithmetic operations to determine a",359
2016_1_2,23627,2016_0_1,88781,NON-CLONE,2026-07-26 22:49:19,"{
  ""answer"": ""NO-NOT-SIMILAR"",
  ""explanation"": ""The two code snippets perform completely different tasks. The Java code snippet is designed to solve a problem involving ranking and file processing, where it reads a series of integers, processes them using a HashMap to find odd-count elements, and outputs a sorted list of those elements. The Python code snippet, on the other hand, solves a different problem related to finding the last number in a sequence of multiples that contains all digits 0-9. The tasks, inputs, outputs, and algorithms are fundamentally different, making the snippets not functionally similar.""
",360
2016_1_2,26561,2013_1_1,37029,NON-CLONE,2026-07-26 22:49:20,"{
  ""answer"": ""NO-NOT-SIMILAR"",
  ""explanation"": ""The two code snippets perform completely different tasks. The Java code snippet is solving a problem related to finding missing numbers in a grid pattern, where it reads a grid of numbers, counts occurrences, and identifies odd-count numbers to form a result list. The Python code snippet is solving a different problem involving calculating the number of paint rings that can be painted around a central circle, using mathematical formulas and binary search-like approaches. These are distinct algorithmic problems with different inputs, outputs, and logic.""
}",361
2016_1_2,21848,2015_0_2,96440,NON-CLONE,2026-07-26 22:49:21,"{
  ""answer"": ""NO-NOT-SIMILAR"",
  ""explanation"": ""The two code snippets perform completely different tasks. The Java code snippet is designed to process a grid of heights and determine which heights appear an odd number of times in the rows, essentially finding a missing row in a grid. The C++ code snippet, on the other hand, is solving a problem related to minimizing the number of operations needed to make all elements in a vector divisible by a certain value, which is a completely different algorithmic problem. The input/output formats and the core logic of both programs are fundamentally different.""
}",362
2016_1_2,7905,2013_0_2,44471,NON-CLONE,2026-07-26 22:49:22,"{
  ""answer"": ""NO-NOT-SIMILAR"",
  ""explanation"": ""The two code snippets perform entirely different tasks. The first C++ snippet is solving a problem where it identifies a missing number in a grid by using XOR operations on counts of numbers, essentially finding the odd one out in a set of numbers. The second Java snippet is solving a different problem related to determining whether a given matrix can be reduced to a pattern where all elements are the minimum value by removing rows or columns. The tasks, logic, and problem domains are completely different, making them not functionally similar.""
}",363
2016_1_2,22827,2013_0_3,74156,NON-CLONE,2026-07-26 22:49:23,"{
  ""answer"": ""NO-NOT-SIMILAR"",
  ""explanation"": ""The two code snippets perform completely different tasks. The first C++ snippet processes a series of test cases where each case involves reading a number N, then reading (2*N-1)*N integers, identifying those that appear an odd number of times, and outputting them in sorted order. The second Java snippet reads pairs of long integers representing ranges, counts how many numbers in that range are palindromes and whose squares are also palindromes, and outputs the count. These are fundamentally different algorithms solving different problems.""
}",364
2016_1_2,26565,2016_0_1,113708,NON-CLONE,2026-07-26 22:49:23,"{
  ""answer"": ""NO-NOT-SIMILAR"",
  ""explanation"": ""The two code snippets perform entirely different tasks. The C++ code snippet appears to be solving a problem where it processes a grid of integers, counts occurrences of each number, and identifies numbers that appear an odd number of times to form a result. The PHP code snippet implements a function called 'bleatrix' which solves the 'Blindfolded Bear' problem, where it determines the smallest positive integer that contains all digits 0-9 when multiplied by a given base number. These are completely different algorithmic problems with different inputs, outputs",365
2016_1_2,30453,2016_2_1,193717,NON-CLONE,2026-07-26 22:49:24,"{
  ""answer"": ""NO-NOT-SIMILAR"",
  ""explanation"": ""The two code snippets perform completely different tasks. Code snippet 1 processes lists of integers to find odd-count elements and ranks them, while code snippet 2 takes a string of characters and determines the digits 0-9 that are spelled out in the string. The first snippet is about finding elements that appear an odd number of times in a collection of lists, whereas the second snippet is about decoding a string to identify which digits (0-9) are represented by the letters in the string. These are fundamentally different problems with different inputs,",366
2016_1_2,14745,2015_0_3,18309,NON-CLONE,2026-07-26 22:49:25,"{
  ""answer"": ""NO-NOT-SIMILAR"",
  ""explanation"": ""The two code snippets perform entirely different tasks. The Python code snippet is designed to solve a problem involving counting occurrences of numbers in a grid and identifying those that appear an odd number of times, ultimately returning a sorted list of such numbers. In contrast, the PHP code snippet is implementing a complex algorithm for checking if a string of characters (representing quaternions) can be split into segments that multiply to give a specific result (-1). These are fundamentally different problems with different algorithms, data structures, and objectives, making them not functionally",367
2016_1_2,7956,2015_0_2,96440,NON-CLONE,2026-07-26 22:49:26,"{
  ""answer"": ""NO-NOT-SIMILAR"",
  ""explanation"": ""The two code snippets solve completely different problems. Code snippet 1 is a Python program that processes a grid of numbers to find odd-count elements, while code snippet 2 is a C++ program that solves a minimization problem related to dividing numbers into groups. The input/output formats, algorithms, and objectives are entirely different.""
}",368
2016_1_2,22155,2014_3_1,139370,NON-CLONE,2026-07-26 22:49:27,"{
  ""answer"": ""NO-NOT-SIMILAR"",
  ""explanation"": ""The two code snippets perform completely different tasks. Code Snippet 1 processes a series of integer arrays, finds odd-count elements, and outputs them in sorted order - essentially solving a problem related to finding elements that appear an odd number of times in arrays. Code Snippet 2 is a mathematical algorithm that determines the minimum number of steps to reduce a fraction P/Q to 1/1 using specific operations, or returns 'impossible' if not achievable. These are fundamentally different problems with different inputs, outputs, and algorithms.""
}",369
2016_1_2,21265,2015_0_3,72742,NON-CLONE,2026-07-26 22:49:28,"{
  ""answer"": ""NO-NOT-SIMILAR"",
  ""explanation"": ""The two code snippets perform entirely different tasks. The PHP code snippet processes a file containing soldier data to identify missing soldiers in pairs, while the Python code snippet solves a quaternion multiplication problem to determine if a given string can be split into segments that multiply to form specific quaternions. The PHP code focuses on counting and identifying odd occurrences of soldiers, whereas the Python code involves complex quaternion algebra and string manipulation for a specific mathematical problem. These are fundamentally different problems with no functional similarity.""
}",370
2016_1_2,19133,2015_0_1,86599,NON-CLONE,2026-07-26 22:49:29,"{
  ""answer"": ""NO-NOT-SIMILAR"",
  ""explanation"": ""The two code snippets perform completely different tasks. Code snippet 1 is processing a file to find missing numbers in a grid pattern, while code snippet 2 is calculating the number of friends needed to stand up based on a string of audience members' shyness levels. The input formats, processing logic, and output goals are entirely different between the two snippets.""
}",371
2016_2_1,201276,2015_0_2,81081,NON-CLONE,2026-07-26 22:49:30,"{
  ""answer"": ""NO-NOT-SIMILAR"",
  ""explanation"": ""The two code snippets are not functionally similar. Code Snippet 1 is a Java program that takes a file input containing scrambled digits (represented as words like ZERO, ONE, etc.) and attempts to unscramble them to form the original digits. It uses character frequency analysis and specific logic to identify digits based on unique letters in their word representations. Code Snippet 2 is a Python program that solves a different problem - it's about finding the optimal number of operations to reduce pancake stacks to a minimum height, using dynamic",372
2016_2_1,180026,2016_0_1,143909,NON-CLONE,2026-07-26 22:49:31,"{
  ""answer"": ""NO-NOT-SIMILAR"",
  ""explanation"": ""The two code snippets solve completely different problems. Code Snippet 1 is a Java program that takes a string of letters and determines the digits 0-9 that can be formed from those letters, essentially decoding a scrambled number word puzzle. Code Snippet 2 is a C++ program that determines the smallest positive integer that contains all digits 0-9 when multiplied by a given number, which is a different mathematical problem entirely. The functions, logic, and objectives of the two programs are not similar.""
}",373
2016_2_1,193929,2013_1_1,34507,NON-CLONE,2026-07-26 22:49:32,"{
  ""answer"": ""NO-NOT-SIMILAR"",
  ""explanation"": ""The two code snippets perform entirely different tasks. The Java code snippet is solving a digit recognition problem where it identifies digits (0-9) from a scrambled string of characters, while the PHP code snippet is solving a mathematical problem involving calculating the maximum number of rings that can be painted given a certain amount of paint. The Java code uses character counting and logical deduction to identify digits, whereas the PHP code uses mathematical formulas and binary search to calculate a result. These are fundamentally different problems with no functional similarity.""
}",374
2016_2_1,194349,2015_0_3,103774,NON-CLONE,2026-07-26 22:49:33,"{
  ""answer"": ""NO-NOT-SIMILAR"",
  ""explanation"": ""The two code snippets perform completely different tasks. The first C++ snippet is designed to decode a scrambled string representation of digits (0-9) by analyzing unique letter frequencies and mapping them to specific numbers based on unique characters in each number's word representation. The second Python snippet is a quaternion algebra implementation that checks if a given string of quaternion units (i, j, k) can be split into three parts that multiply to give the quaternion unit -1. These are fundamentally different problems with no functional similarity.""
}",375
2016_2_1,186531,2016_1_1,15819,NON-CLONE,2026-07-26 22:49:34,"{
  ""answer"": ""NO-NOT-SIMILAR"",
  ""explanation"": ""The two code snippets solve completely different problems. Code snippet 1 is a C++ program that takes a string of uppercase letters and determines how many times each digit (0-9) appears in the string, based on the unique letter patterns of number words. Code snippet 2 is a Java program that takes a string and constructs the lexicographically largest possible string by inserting each character at the beginning if it's greater than or equal to the first character, otherwise appending it to the end. These are fundamentally different algorithms solving different problems.""
",376
2016_2_1,179503,2015_0_3,18309,NON-CLONE,2026-07-26 22:49:35,"{
  ""answer"": ""NO-NOT-SIMILAR"",
  ""explanation"": ""The two code snippets perform completely different tasks. The C++ code snippet appears to be solving a problem related to decoding digits from scrambled English word representations (like 'zero', 'one', etc.), while the PHP code snippet is implementing a quaternion multiplication algorithm to determine if a string of quaternion units can be split into segments that multiply to -1. These are fundamentally different problems with no functional similarity.""
}",377
2016_2_1,185295,2013_0_3,108834,NON-CLONE,2026-07-26 22:49:37,"{
  ""answer"": ""NO-NOT-SIMILAR"",
  ""explanation"": ""The two code snippets perform completely different tasks. The first Python snippet is a solution to a problem that involves decoding a scrambled string of letters to identify digits (0-9) based on unique letter patterns, essentially reconstructing numbers from jumbled letter sequences. The second Java snippet is a solution to a different problem involving finding palindromic numbers and calculating a range of palindromic squares. These are entirely different algorithms and problem domains, so they are not functionally similar.""
}",378
2016_2_1,196651,2013_0_1,126886,NON-CLONE,2026-07-26 22:49:38,"{
  ""answer"": ""NO-NOT-SIMILAR"",
  ""explanation"": ""The two code snippets perform entirely different tasks. The Python snippet is a general problem-solving framework that reads input, processes cases using a helper function, and writes outputs to files. In contrast, the Java snippet is a specific implementation of a Tic Tac Toe game solver that analyzes a 4x4 board to determine the winner or game state. The Python code is a generic input/output handler with a modular approach, while the Java code is a specific game logic implementation with complex board analysis and win condition checking. These are not functionally similar.""
",379
2016_2_1,182378,2016_1_1,15819,NON-CLONE,2026-07-26 22:49:39,"{
  ""answer"": ""NO-NOT-SIMILAR"",
  ""explanation"": ""The two code snippets perform different tasks despite both dealing with string manipulation and test cases. Code snippet 1 appears to be solving a problem where it identifies digits (0-9) from scrambled letters in a string, likely related to the Google Code Jam problem 'The Last Word' where digits are identified by removing specific letter patterns. Code snippet 2 solves the actual 'The Last Word' problem where it constructs the lexicographically largest word by inserting characters at the beginning or end of a StringBuilder. The core logic and objectives are fundamentally different",380
2016_2_1,198100,2013_0_3,51164,NON-CLONE,2026-07-26 22:49:40,"{
  ""answer"": ""NO-NOT-SIMILAR"",
  ""explanation"": ""The two code snippets perform completely different tasks. The PHP code snippet solves a phone number problem where it processes input strings to identify and order digits based on character frequency counts, specifically identifying numbers from 0-9 in a scrambled string. The Python code snippet finds 'fair squares' - numbers that are perfect squares and whose square root is a palindrome, then counts how many such numbers fall within a given range for each test case. These are entirely different problems with different algorithms and purposes.""
}",381
2016_2_1,193717,2013_0_3,108834,NON-CLONE,2026-07-26 22:49:41,"{
  ""answer"": ""NO-NOT-SIMILAR"",
  ""explanation"": ""The two code snippets perform completely different tasks. The PHP code snippet is designed to decode a scrambled string of digits (0-9) by identifying unique letters that appear only in specific numbers (like 'Z' for zero, 'X' for six, etc.) and then determining the count of each digit. The Java code snippet, on the other hand, is solving a problem related to counting palindromic numbers and their squares within a given range. The PHP code is about string decoding and character frequency analysis, while the Java code",382
2016_2_1,200006,2015_0_1,47939,NON-CLONE,2026-07-26 22:49:42,"{
  ""answer"": ""NO-NOT-SIMILAR"",
  ""explanation"": ""The two code snippets perform completely different tasks. The PHP code snippet appears to be solving a problem where it takes a string of letters representing spoken digits (like 'ZERO', 'ONE', etc.) and tries to decode them into actual numbers, then outputs the numbers in order. The Java code snippet is solving a 'Standing Ovation' problem where it calculates the minimum number of friends needed to stand up to ensure everyone in a group stands up, based on a string of digits indicating how many people need to stand at each position. These are",383
