Loaded 100 files → 10000 pairs × 5 round(s) = 50000 total (0 already done, 50000 remaining)
/home/chaiyong.rag/quantization-clone-study/gguf/lib/python3.10/site-packages/huggingface_hub/utils/_validators.py:205: UserWarning: The `local_dir_use_symlinks` argument is deprecated and ignored in `hf_hub_download`. Downloading to a local directory does not use symlinks anymore.
  warnings.warn(
llama_context: n_ctx_seq (8192) < n_ctx_train (131072) -- the full capacity of the model will not be utilized
Model 'gguf' loaded. Starting inference...
--- Round 1/5 (0 done, 10000 remaining) ---
[1/50000] 2026-06-30 04:15:47 | R1 | InfixConverter/0_orig vs InfixConverter/0_orig → CLONE
[2/50000] 2026-06-30 04:15:48 | R1 | InfixConverter/0_orig vs InfixConverter/1_artifice → CLONE
[3/50000] 2026-06-30 04:15:49 | R1 | InfixConverter/0_orig vs InfixConverter/test_0_orig_no_krakatau → CLONE
[4/50000] 2026-06-30 04:15:50 | R1 | InfixConverter/0_orig vs InfixConverter/test_0_orig_no_procyon → CLONE
[5/50000] 2026-06-30 04:15:50 | R1 | InfixConverter/0_orig vs InfixConverter/test_0_orig_pg_krakatau → CLONE
[6/50000] 2026-06-30 04:15:51 | R1 | InfixConverter/0_orig vs InfixConverter/test_0_orig_pg_procyon → CLONE
[7/50000] 2026-06-30 04:15:51 | R1 | InfixConverter/0_orig vs InfixConverter/test_1_artifice_no_krakatau → CLONE
[8/50000] 2026-06-30 04:15:52 | R1 | InfixConverter/0_orig vs InfixConverter/test_1_artifice_no_procyon → CLONE
[9/50000] 2026-06-30 04:15:53 | R1 | InfixConverter/0_orig vs InfixConverter/test_1_artifice_pg_krakatau → CLONE
[10/50000] 2026-06-30 04:15:54 | R1 | InfixConverter/0_orig vs InfixConverter/test_1_artifice_pg_procyon → CLONE
[11/50000] 2026-06-30 04:15:55 | R1 | InfixConverter/0_orig vs SqrtAlgorithm/0_orig → NON-CLONE
[12/50000] 2026-06-30 04:15:55 | R1 | InfixConverter/0_orig vs SqrtAlgorithm/1_artifice → NON-CLONE
[13/50000] 2026-06-30 04:15:56 | R1 | InfixConverter/0_orig vs SqrtAlgorithm/test_0_orig_no_krakatau → NON-CLONE
[14/50000] 2026-06-30 04:15:57 | R1 | InfixConverter/0_orig vs SqrtAlgorithm/test_0_orig_no_procyon → NON-CLONE
[15/50000] 2026-06-30 04:15:58 | R1 | InfixConverter/0_orig vs SqrtAlgorithm/test_0_orig_pg_krakatau → NON-CLONE
[16/50000] 2026-06-30 04:15:59 | R1 | InfixConverter/0_orig vs SqrtAlgorithm/test_0_orig_pg_procyon → NON-CLONE
[17/50000] 2026-06-30 04:16:00 | R1 | InfixConverter/0_orig vs SqrtAlgorithm/test_1_artifice_no_krakatau → NON-CLONE
[18/50000] 2026-06-30 04:16:01 | R1 | InfixConverter/0_orig vs SqrtAlgorithm/test_1_artifice_no_procyon → NON-CLONE
[19/50000] 2026-06-30 04:16:02 | R1 | InfixConverter/0_orig vs SqrtAlgorithm/test_1_artifice_pg_krakatau → NON-CLONE
[20/50000] 2026-06-30 04:16:03 | R1 | InfixConverter/0_orig vs SqrtAlgorithm/test_1_artifice_pg_procyon → NON-CLONE
[21/50000] 2026-06-30 04:16:04 | R1 | InfixConverter/0_orig vs bubblesort/0_orig → NON-CLONE
[22/50000] 2026-06-30 04:16:06 | R1 | InfixConverter/0_orig vs bubblesort/1_artifice → NON-CLONE
[23/50000] 2026-06-30 04:16:06 | R1 | InfixConverter/0_orig vs bubblesort/test_0_orig_no_krakatau → NON-CLONE
[24/50000] 2026-06-30 04:16:07 | R1 | InfixConverter/0_orig vs bubblesort/test_0_orig_no_procyon → NON-CLONE
[25/50000] 2026-06-30 04:16:08 | R1 | InfixConverter/0_orig vs bubblesort/test_0_orig_pg_krakatau → NON-CLONE
[26/50000] 2026-06-30 04:16:09 | R1 | InfixConverter/0_orig vs bubblesort/test_0_orig_pg_procyon → NON-CLONE
[27/50000] 2026-06-30 04:16:10 | R1 | InfixConverter/0_orig vs bubblesort/test_1_artifice_no_krakatau → NON-CLONE
[28/50000] 2026-06-30 04:16:11 | R1 | InfixConverter/0_orig vs bubblesort/test_1_artifice_no_procyon → NON-CLONE
[29/50000] 2026-06-30 04:16:12 | R1 | InfixConverter/0_orig vs bubblesort/test_1_artifice_pg_krakatau → NON-CLONE
[30/50000] 2026-06-30 04:16:12 | R1 | InfixConverter/0_orig vs bubblesort/test_1_artifice_pg_procyon → NON-CLONE
[31/50000] 2026-06-30 04:16:13 | R1 | InfixConverter/0_orig vs guessword/0_orig → NON-CLONE
[32/50000] 2026-06-30 04:16:15 | R1 | InfixConverter/0_orig vs guessword/1_artifice → NON-CLONE
[33/50000] 2026-06-30 04:16:16 | R1 | InfixConverter/0_orig vs guessword/test_0_orig_no_krakatau → NON-CLONE
[34/50000] 2026-06-30 04:16:17 | R1 | InfixConverter/0_orig vs guessword/test_0_orig_no_procyon → NON-CLONE
[35/50000] 2026-06-30 04:16:18 | R1 | InfixConverter/0_orig vs guessword/test_0_orig_pg_krakatau → NON-CLONE
[36/50000] 2026-06-30 04:16:20 | R1 | InfixConverter/0_orig vs guessword/test_0_orig_pg_procyon → NON-CLONE
[37/50000] 2026-06-30 04:16:21 | R1 | InfixConverter/0_orig vs guessword/test_1_artifice_no_krakatau → NON-CLONE
[38/50000] 2026-06-30 04:16:22 | R1 | InfixConverter/0_orig vs guessword/test_1_artifice_no_procyon → NON-CLONE
[39/50000] 2026-06-30 04:16:23 | R1 | InfixConverter/0_orig vs guessword/test_1_artifice_pg_krakatau → NON-CLONE
[40/50000] 2026-06-30 04:16:23 | R1 | InfixConverter/0_orig vs guessword/test_1_artifice_pg_procyon → NON-CLONE
[41/50000] 2026-06-30 04:16:24 | R1 | InfixConverter/0_orig vs hanoi/0_orig → NON-CLONE
[42/50000] 2026-06-30 04:16:26 | R1 | InfixConverter/0_orig vs hanoi/1_artifice → NON-CLONE
[43/50000] 2026-06-30 04:16:27 | R1 | InfixConverter/0_orig vs hanoi/test_0_orig_no_krakatau → NON-CLONE
[44/50000] 2026-06-30 04:16:28 | R1 | InfixConverter/0_orig vs hanoi/test_0_orig_no_procyon → NON-CLONE
[45/50000] 2026-06-30 04:16:30 | R1 | InfixConverter/0_orig vs hanoi/test_0_orig_pg_krakatau → NON-CLONE
[46/50000] 2026-06-30 04:16:31 | R1 | InfixConverter/0_orig vs hanoi/test_0_orig_pg_procyon → NON-CLONE
[47/50000] 2026-06-30 04:16:32 | R1 | InfixConverter/0_orig vs hanoi/test_1_artifice_no_krakatau → NON-CLONE
[48/50000] 2026-06-30 04:16:33 | R1 | InfixConverter/0_orig vs hanoi/test_1_artifice_no_procyon → NON-CLONE
[49/50000] 2026-06-30 04:16:34 | R1 | InfixConverter/0_orig vs hanoi/test_1_artifice_pg_krakatau → NON-CLONE
[50/50000] 2026-06-30 04:16:35 | R1 | InfixConverter/0_orig vs hanoi/test_1_artifice_pg_procyon → NON-CLONE
[51/50000] 2026-06-30 04:16:36 | R1 | InfixConverter/0_orig vs kaprekar/0_orig → NON-CLONE
[52/50000] 2026-06-30 04:16:37 | R1 | InfixConverter/0_orig vs kaprekar/1_artifice → NON-CLONE
[53/50000] 2026-06-30 04:16:39 | R1 | InfixConverter/0_orig vs kaprekar/test_0_orig_no_krakatau → NON-CLONE
[54/50000] 2026-06-30 04:16:39 | R1 | InfixConverter/0_orig vs kaprekar/test_0_orig_no_procyon → NON-CLONE
[55/50000] 2026-06-30 04:16:40 | R1 | InfixConverter/0_orig vs kaprekar/test_0_orig_pg_krakatau → NON-CLONE
[56/50000] 2026-06-30 04:16:41 | R1 | InfixConverter/0_orig vs kaprekar/test_0_orig_pg_procyon → NON-CLONE
[57/50000] 2026-06-30 04:16:42 | R1 | InfixConverter/0_orig vs kaprekar/test_1_artifice_no_krakatau → NON-CLONE
[58/50000] 2026-06-30 04:16:43 | R1 | InfixConverter/0_orig vs kaprekar/test_1_artifice_no_procyon → NON-CLONE
[59/50000] 2026-06-30 04:16:44 | R1 | InfixConverter/0_orig vs kaprekar/test_1_artifice_pg_krakatau → NON-CLONE
[60/50000] 2026-06-30 04:16:45 | R1 | InfixConverter/0_orig vs kaprekar/test_1_artifice_pg_procyon → NON-CLONE
[61/50000] 2026-06-30 04:16:46 | R1 | InfixConverter/0_orig vs queens/0_orig → NON-CLONE
[62/50000] 2026-06-30 04:16:46 | R1 | InfixConverter/0_orig vs queens/1_artifice → NON-CLONE
[63/50000] 2026-06-30 04:16:47 | R1 | InfixConverter/0_orig vs queens/test_0_orig_no_krakatau → NON-CLONE
[64/50000] 2026-06-30 04:16:48 | R1 | InfixConverter/0_orig vs queens/test_0_orig_no_procyon → NON-CLONE
[65/50000] 2026-06-30 04:16:49 | R1 | InfixConverter/0_orig vs queens/test_0_orig_pg_krakatau → NON-CLONE
[66/50000] 2026-06-30 04:16:50 | R1 | InfixConverter/0_orig vs queens/test_0_orig_pg_procyon → NON-CLONE
[67/50000] 2026-06-30 04:16:50 | R1 | InfixConverter/0_orig vs queens/test_1_artifice_no_krakatau → NON-CLONE
[68/50000] 2026-06-30 04:16:51 | R1 | InfixConverter/0_orig vs queens/test_1_artifice_no_procyon → NON-CLONE
[69/50000] 2026-06-30 04:16:52 | R1 | InfixConverter/0_orig vs queens/test_1_artifice_pg_krakatau → NON-CLONE
[70/50000] 2026-06-30 04:16:53 | R1 | InfixConverter/0_orig vs queens/test_1_artifice_pg_procyon → NON-CLONE
[71/50000] 2026-06-30 04:16:54 | R1 | InfixConverter/0_orig vs railroadcar/0_orig → NON-CLONE
[72/50000] 2026-06-30 04:16:55 | R1 | InfixConverter/0_orig vs railroadcar/1_artifice → NON-CLONE
[73/50000] 2026-06-30 04:16:56 | R1 | InfixConverter/0_orig vs railroadcar/test_0_orig_no_krakatau → NON-CLONE
[74/50000] 2026-06-30 04:16:57 | R1 | InfixConverter/0_orig vs railroadcar/test_0_orig_no_procyon → NON-CLONE
[75/50000] 2026-06-30 04:16:58 | R1 | InfixConverter/0_orig vs railroadcar/test_0_orig_pg_krakatau → NON-CLONE
[76/50000] 2026-06-30 04:16:59 | R1 | InfixConverter/0_orig vs railroadcar/test_0_orig_pg_procyon → NON-CLONE
[77/50000] 2026-06-30 04:17:00 | R1 | InfixConverter/0_orig vs railroadcar/test_1_artifice_no_krakatau → NON-CLONE
[78/50000] 2026-06-30 04:17:01 | R1 | InfixConverter/0_orig vs railroadcar/test_1_artifice_no_procyon → NON-CLONE
[79/50000] 2026-06-30 04:17:02 | R1 | InfixConverter/0_orig vs railroadcar/test_1_artifice_pg_krakatau → NON-CLONE
[80/50000] 2026-06-30 04:17:03 | R1 | InfixConverter/0_orig vs railroadcar/test_1_artifice_pg_procyon → NON-CLONE
[81/50000] 2026-06-30 04:17:03 | R1 | InfixConverter/0_orig vs slinkedlist/0_orig → NON-CLONE
[82/50000] 2026-06-30 04:17:04 | R1 | InfixConverter/0_orig vs slinkedlist/1_artifice → NON-CLONE
[83/50000] 2026-06-30 04:17:05 | R1 | InfixConverter/0_orig vs slinkedlist/test_0_orig_no_krakatau → NON-CLONE
[84/50000] 2026-06-30 04:17:06 | R1 | InfixConverter/0_orig vs slinkedlist/test_0_orig_no_procyon → NON-CLONE
[85/50000] 2026-06-30 04:17:07 | R1 | InfixConverter/0_orig vs slinkedlist/test_0_orig_pg_krakatau → NON-CLONE
[86/50000] 2026-06-30 04:17:08 | R1 | InfixConverter/0_orig vs slinkedlist/test_0_orig_pg_procyon → NON-CLONE
[87/50000] 2026-06-30 04:17:09 | R1 | InfixConverter/0_orig vs slinkedlist/test_1_artifice_no_krakatau → NON-CLONE
[88/50000] 2026-06-30 04:17:09 | R1 | InfixConverter/0_orig vs slinkedlist/test_1_artifice_no_procyon → NON-CLONE
[89/50000] 2026-06-30 04:17:10 | R1 | InfixConverter/0_orig vs slinkedlist/test_1_artifice_pg_krakatau → NON-CLONE
[90/50000] 2026-06-30 04:17:10 | R1 | InfixConverter/0_orig vs slinkedlist/test_1_artifice_pg_procyon → NON-CLONE
[91/50000] 2026-06-30 04:17:11 | R1 | InfixConverter/0_orig vs square/0_orig → NON-CLONE
[92/50000] 2026-06-30 04:17:12 | R1 | InfixConverter/0_orig vs square/1_artifice → NON-CLONE
[93/50000] 2026-06-30 04:17:14 | R1 | InfixConverter/0_orig vs square/test_0_orig_no_krakatau → NON-CLONE
[94/50000] 2026-06-30 04:17:15 | R1 | InfixConverter/0_orig vs square/test_0_orig_no_procyon → NON-CLONE
[95/50000] 2026-06-30 04:17:16 | R1 | InfixConverter/0_orig vs square/test_0_orig_pg_krakatau → NON-CLONE
[96/50000] 2026-06-30 04:17:17 | R1 | InfixConverter/0_orig vs square/test_0_orig_pg_procyon → NON-CLONE
[97/50000] 2026-06-30 04:17:18 | R1 | InfixConverter/0_orig vs square/test_1_artifice_no_krakatau → NON-CLONE
[98/50000] 2026-06-30 04:17:19 | R1 | InfixConverter/0_orig vs square/test_1_artifice_no_procyon → NON-CLONE
[99/50000] 2026-06-30 04:17:20 | R1 | InfixConverter/0_orig vs square/test_1_artifice_pg_krakatau → NON-CLONE
[100/50000] 2026-06-30 04:17:21 | R1 | InfixConverter/0_orig vs square/test_1_artifice_pg_procyon → NON-CLONE
[101/50000] 2026-06-30 04:17:22 | R1 | InfixConverter/1_artifice vs InfixConverter/0_orig → CLONE
[102/50000] 2026-06-30 04:17:23 | R1 | InfixConverter/1_artifice vs InfixConverter/1_artifice → CLONE
[103/50000] 2026-06-30 04:17:24 | R1 | InfixConverter/1_artifice vs InfixConverter/test_0_orig_no_krakatau → CLONE
[104/50000] 2026-06-30 04:17:25 | R1 | InfixConverter/1_artifice vs InfixConverter/test_0_orig_no_procyon → CLONE
[105/50000] 2026-06-30 04:17:26 | R1 | InfixConverter/1_artifice vs InfixConverter/test_0_orig_pg_krakatau → CLONE
[106/50000] 2026-06-30 04:17:27 | R1 | InfixConverter/1_artifice vs InfixConverter/test_0_orig_pg_procyon → CLONE
[107/50000] 2026-06-30 04:17:28 | R1 | InfixConverter/1_artifice vs InfixConverter/test_1_artifice_no_krakatau → CLONE
[108/50000] 2026-06-30 04:17:29 | R1 | InfixConverter/1_artifice vs InfixConverter/test_1_artifice_no_procyon → CLONE
[109/50000] 2026-06-30 04:17:30 | R1 | InfixConverter/1_artifice vs InfixConverter/test_1_artifice_pg_krakatau → CLONE
[110/50000] 2026-06-30 04:17:31 | R1 | InfixConverter/1_artifice vs InfixConverter/test_1_artifice_pg_procyon → CLONE
[111/50000] 2026-06-30 04:17:32 | R1 | InfixConverter/1_artifice vs SqrtAlgorithm/0_orig → NON-CLONE
[112/50000] 2026-06-30 04:17:33 | R1 | InfixConverter/1_artifice vs SqrtAlgorithm/1_artifice → NON-CLONE
[113/50000] 2026-06-30 04:17:34 | R1 | InfixConverter/1_artifice vs SqrtAlgorithm/test_0_orig_no_krakatau → NON-CLONE
[114/50000] 2026-06-30 04:17:35 | R1 | InfixConverter/1_artifice vs SqrtAlgorithm/test_0_orig_no_procyon → NON-CLONE
[115/50000] 2026-06-30 04:17:37 | R1 | InfixConverter/1_artifice vs SqrtAlgorithm/test_0_orig_pg_krakatau → NON-CLONE
[116/50000] 2026-06-30 04:17:38 | R1 | InfixConverter/1_artifice vs SqrtAlgorithm/test_0_orig_pg_procyon → NON-CLONE
[117/50000] 2026-06-30 04:17:39 | R1 | InfixConverter/1_artifice vs SqrtAlgorithm/test_1_artifice_no_krakatau → NON-CLONE
[118/50000] 2026-06-30 04:17:40 | R1 | InfixConverter/1_artifice vs SqrtAlgorithm/test_1_artifice_no_procyon → NON-CLONE
[119/50000] 2026-06-30 04:17:41 | R1 | InfixConverter/1_artifice vs SqrtAlgorithm/test_1_artifice_pg_krakatau → NON-CLONE
[120/50000] 2026-06-30 04:17:42 | R1 | InfixConverter/1_artifice vs SqrtAlgorithm/test_1_artifice_pg_procyon → NON-CLONE
[121/50000] 2026-06-30 04:17:42 | R1 | InfixConverter/1_artifice vs bubblesort/0_orig → NON-CLONE
[122/50000] 2026-06-30 04:17:43 | R1 | InfixConverter/1_artifice vs bubblesort/1_artifice → NON-CLONE
[123/50000] 2026-06-30 04:17:44 | R1 | InfixConverter/1_artifice vs bubblesort/test_0_orig_no_krakatau → NON-CLONE
[124/50000] 2026-06-30 04:17:44 | R1 | InfixConverter/1_artifice vs bubblesort/test_0_orig_no_procyon → NON-CLONE
[125/50000] 2026-06-30 04:17:45 | R1 | InfixConverter/1_artifice vs bubblesort/test_0_orig_pg_krakatau → NON-CLONE
[126/50000] 2026-06-30 04:17:46 | R1 | InfixConverter/1_artifice vs bubblesort/test_0_orig_pg_procyon → NON-CLONE
[127/50000] 2026-06-30 04:17:47 | R1 | InfixConverter/1_artifice vs bubblesort/test_1_artifice_no_krakatau → NON-CLONE
[128/50000] 2026-06-30 04:17:48 | R1 | InfixConverter/1_artifice vs bubblesort/test_1_artifice_no_procyon → NON-CLONE
[129/50000] 2026-06-30 04:17:49 | R1 | InfixConverter/1_artifice vs bubblesort/test_1_artifice_pg_krakatau → NON-CLONE
[130/50000] 2026-06-30 04:17:50 | R1 | InfixConverter/1_artifice vs bubblesort/test_1_artifice_pg_procyon → NON-CLONE
[131/50000] 2026-06-30 04:17:50 | R1 | InfixConverter/1_artifice vs guessword/0_orig → NON-CLONE
[132/50000] 2026-06-30 04:17:51 | R1 | InfixConverter/1_artifice vs guessword/1_artifice → NON-CLONE
[133/50000] 2026-06-30 04:17:52 | R1 | InfixConverter/1_artifice vs guessword/test_0_orig_no_krakatau → NON-CLONE
[134/50000] 2026-06-30 04:17:53 | R1 | InfixConverter/1_artifice vs guessword/test_0_orig_no_procyon → NON-CLONE
[135/50000] 2026-06-30 04:17:54 | R1 | InfixConverter/1_artifice vs guessword/test_0_orig_pg_krakatau → NON-CLONE
[136/50000] 2026-06-30 04:17:55 | R1 | InfixConverter/1_artifice vs guessword/test_0_orig_pg_procyon → NON-CLONE
[137/50000] 2026-06-30 04:17:55 | R1 | InfixConverter/1_artifice vs guessword/test_1_artifice_no_krakatau → NON-CLONE
[138/50000] 2026-06-30 04:17:56 | R1 | InfixConverter/1_artifice vs guessword/test_1_artifice_no_procyon → NON-CLONE
[139/50000] 2026-06-30 04:17:57 | R1 | InfixConverter/1_artifice vs guessword/test_1_artifice_pg_krakatau → NON-CLONE
[140/50000] 2026-06-30 04:17:59 | R1 | InfixConverter/1_artifice vs guessword/test_1_artifice_pg_procyon → NON-CLONE
[141/50000] 2026-06-30 04:18:00 | R1 | InfixConverter/1_artifice vs hanoi/0_orig → NON-CLONE
[142/50000] 2026-06-30 04:18:01 | R1 | InfixConverter/1_artifice vs hanoi/1_artifice → NON-CLONE
[143/50000] 2026-06-30 04:18:03 | R1 | InfixConverter/1_artifice vs hanoi/test_0_orig_no_krakatau → NON-CLONE
[144/50000] 2026-06-30 04:18:04 | R1 | InfixConverter/1_artifice vs hanoi/test_0_orig_no_procyon → NON-CLONE
[145/50000] 2026-06-30 04:18:05 | R1 | InfixConverter/1_artifice vs hanoi/test_0_orig_pg_krakatau → NON-CLONE
[146/50000] 2026-06-30 04:18:06 | R1 | InfixConverter/1_artifice vs hanoi/test_0_orig_pg_procyon → NON-CLONE
[147/50000] 2026-06-30 04:18:07 | R1 | InfixConverter/1_artifice vs hanoi/test_1_artifice_no_krakatau → NON-CLONE
[148/50000] 2026-06-30 04:18:08 | R1 | InfixConverter/1_artifice vs hanoi/test_1_artifice_no_procyon → NON-CLONE
[149/50000] 2026-06-30 04:18:09 | R1 | InfixConverter/1_artifice vs hanoi/test_1_artifice_pg_krakatau → NON-CLONE
[150/50000] 2026-06-30 04:18:11 | R1 | InfixConverter/1_artifice vs hanoi/test_1_artifice_pg_procyon → NON-CLONE
[151/50000] 2026-06-30 04:18:11 | R1 | InfixConverter/1_artifice vs kaprekar/0_orig → NON-CLONE
[152/50000] 2026-06-30 04:18:12 | R1 | InfixConverter/1_artifice vs kaprekar/1_artifice → NON-CLONE
[153/50000] 2026-06-30 04:18:13 | R1 | InfixConverter/1_artifice vs kaprekar/test_0_orig_no_krakatau → NON-CLONE
[154/50000] 2026-06-30 04:18:14 | R1 | InfixConverter/1_artifice vs kaprekar/test_0_orig_no_procyon → NON-CLONE
[155/50000] 2026-06-30 04:18:15 | R1 | InfixConverter/1_artifice vs kaprekar/test_0_orig_pg_krakatau → NON-CLONE
[156/50000] 2026-06-30 04:18:16 | R1 | InfixConverter/1_artifice vs kaprekar/test_0_orig_pg_procyon → NON-CLONE
[157/50000] 2026-06-30 04:18:18 | R1 | InfixConverter/1_artifice vs kaprekar/test_1_artifice_no_krakatau → NON-CLONE
[158/50000] 2026-06-30 04:18:19 | R1 | InfixConverter/1_artifice vs kaprekar/test_1_artifice_no_procyon → NON-CLONE
[159/50000] 2026-06-30 04:18:20 | R1 | InfixConverter/1_artifice vs kaprekar/test_1_artifice_pg_krakatau → NON-CLONE
[160/50000] 2026-06-30 04:18:21 | R1 | InfixConverter/1_artifice vs kaprekar/test_1_artifice_pg_procyon → NON-CLONE
[161/50000] 2026-06-30 04:18:22 | R1 | InfixConverter/1_artifice vs queens/0_orig → NON-CLONE
[162/50000] 2026-06-30 04:18:23 | R1 | InfixConverter/1_artifice vs queens/1_artifice → NON-CLONE
[163/50000] 2026-06-30 04:18:24 | R1 | InfixConverter/1_artifice vs queens/test_0_orig_no_krakatau → NON-CLONE
[164/50000] 2026-06-30 04:18:24 | R1 | InfixConverter/1_artifice vs queens/test_0_orig_no_procyon → NON-CLONE
[165/50000] 2026-06-30 04:18:25 | R1 | InfixConverter/1_artifice vs queens/test_0_orig_pg_krakatau → NON-CLONE
[166/50000] 2026-06-30 04:18:26 | R1 | InfixConverter/1_artifice vs queens/test_0_orig_pg_procyon → NON-CLONE
[167/50000] 2026-06-30 04:18:27 | R1 | InfixConverter/1_artifice vs queens/test_1_artifice_no_krakatau → NON-CLONE
[168/50000] 2026-06-30 04:18:28 | R1 | InfixConverter/1_artifice vs queens/test_1_artifice_no_procyon → NON-CLONE
[169/50000] 2026-06-30 04:18:29 | R1 | InfixConverter/1_artifice vs queens/test_1_artifice_pg_krakatau → NON-CLONE
[170/50000] 2026-06-30 04:18:30 | R1 | InfixConverter/1_artifice vs queens/test_1_artifice_pg_procyon → NON-CLONE
[171/50000] 2026-06-30 04:18:30 | R1 | InfixConverter/1_artifice vs railroadcar/0_orig → NON-CLONE
[172/50000] 2026-06-30 04:18:31 | R1 | InfixConverter/1_artifice vs railroadcar/1_artifice → NON-CLONE
[173/50000] 2026-06-30 04:18:33 | R1 | InfixConverter/1_artifice vs railroadcar/test_0_orig_no_krakatau → NON-CLONE
[174/50000] 2026-06-30 04:18:34 | R1 | InfixConverter/1_artifice vs railroadcar/test_0_orig_no_procyon → NON-CLONE
[175/50000] 2026-06-30 04:18:35 | R1 | InfixConverter/1_artifice vs railroadcar/test_0_orig_pg_krakatau → NON-CLONE
[176/50000] 2026-06-30 04:18:36 | R1 | InfixConverter/1_artifice vs railroadcar/test_0_orig_pg_procyon → NON-CLONE
[177/50000] 2026-06-30 04:18:37 | R1 | InfixConverter/1_artifice vs railroadcar/test_1_artifice_no_krakatau → NON-CLONE
[178/50000] 2026-06-30 04:18:38 | R1 | InfixConverter/1_artifice vs railroadcar/test_1_artifice_no_procyon → NON-CLONE
[179/50000] 2026-06-30 04:18:39 | R1 | InfixConverter/1_artifice vs railroadcar/test_1_artifice_pg_krakatau → NON-CLONE
[180/50000] 2026-06-30 04:18:40 | R1 | InfixConverter/1_artifice vs railroadcar/test_1_artifice_pg_procyon → NON-CLONE
[181/50000] 2026-06-30 04:18:41 | R1 | InfixConverter/1_artifice vs slinkedlist/0_orig → NON-CLONE
[182/50000] 2026-06-30 04:18:42 | R1 | InfixConverter/1_artifice vs slinkedlist/1_artifice → NON-CLONE
[183/50000] 2026-06-30 04:18:43 | R1 | InfixConverter/1_artifice vs slinkedlist/test_0_orig_no_krakatau → NON-CLONE
[184/50000] 2026-06-30 04:18:44 | R1 | InfixConverter/1_artifice vs slinkedlist/test_0_orig_no_procyon → NON-CLONE
[185/50000] 2026-06-30 04:18:45 | R1 | InfixConverter/1_artifice vs slinkedlist/test_0_orig_pg_krakatau → NON-CLONE
[186/50000] 2026-06-30 04:18:46 | R1 | InfixConverter/1_artifice vs slinkedlist/test_0_orig_pg_procyon → NON-CLONE
[187/50000] 2026-06-30 04:18:46 | R1 | InfixConverter/1_artifice vs slinkedlist/test_1_artifice_no_krakatau → NON-CLONE
[188/50000] 2026-06-30 04:18:47 | R1 | InfixConverter/1_artifice vs slinkedlist/test_1_artifice_no_procyon → NON-CLONE
[189/50000] 2026-06-30 04:18:48 | R1 | InfixConverter/1_artifice vs slinkedlist/test_1_artifice_pg_krakatau → NON-CLONE
[190/50000] 2026-06-30 04:18:49 | R1 | InfixConverter/1_artifice vs slinkedlist/test_1_artifice_pg_procyon → NON-CLONE
[191/50000] 2026-06-30 04:18:50 | R1 | InfixConverter/1_artifice vs square/0_orig → NON-CLONE
[192/50000] 2026-06-30 04:18:51 | R1 | InfixConverter/1_artifice vs square/1_artifice → NON-CLONE
[193/50000] 2026-06-30 04:18:52 | R1 | InfixConverter/1_artifice vs square/test_0_orig_no_krakatau → NON-CLONE
[194/50000] 2026-06-30 04:18:53 | R1 | InfixConverter/1_artifice vs square/test_0_orig_no_procyon → NON-CLONE
[195/50000] 2026-06-30 04:18:54 | R1 | InfixConverter/1_artifice vs square/test_0_orig_pg_krakatau → NON-CLONE
[196/50000] 2026-06-30 04:18:56 | R1 | InfixConverter/1_artifice vs square/test_0_orig_pg_procyon → NON-CLONE
[197/50000] 2026-06-30 04:18:57 | R1 | InfixConverter/1_artifice vs square/test_1_artifice_no_krakatau → NON-CLONE
[198/50000] 2026-06-30 04:18:57 | R1 | InfixConverter/1_artifice vs square/test_1_artifice_no_procyon → NON-CLONE
[199/50000] 2026-06-30 04:18:59 | R1 | InfixConverter/1_artifice vs square/test_1_artifice_pg_krakatau → NON-CLONE
[200/50000] 2026-06-30 04:19:00 | R1 | InfixConverter/1_artifice vs square/test_1_artifice_pg_procyon → NON-CLONE
[201/50000] 2026-06-30 04:19:01 | R1 | InfixConverter/test_0_orig_no_krakatau vs InfixConverter/0_orig → CLONE
[202/50000] 2026-06-30 04:19:01 | R1 | InfixConverter/test_0_orig_no_krakatau vs InfixConverter/1_artifice → CLONE
[203/50000] 2026-06-30 04:19:02 | R1 | InfixConverter/test_0_orig_no_krakatau vs InfixConverter/test_0_orig_no_krakatau → CLONE
[204/50000] 2026-06-30 04:19:03 | R1 | InfixConverter/test_0_orig_no_krakatau vs InfixConverter/test_0_orig_no_procyon → CLONE
[205/50000] 2026-06-30 04:19:04 | R1 | InfixConverter/test_0_orig_no_krakatau vs InfixConverter/test_0_orig_pg_krakatau → CLONE
[206/50000] 2026-06-30 04:19:05 | R1 | InfixConverter/test_0_orig_no_krakatau vs InfixConverter/test_0_orig_pg_procyon → CLONE
[207/50000] 2026-06-30 04:19:06 | R1 | InfixConverter/test_0_orig_no_krakatau vs InfixConverter/test_1_artifice_no_krakatau → CLONE
[208/50000] 2026-06-30 04:19:08 | R1 | InfixConverter/test_0_orig_no_krakatau vs InfixConverter/test_1_artifice_no_procyon → CLONE
[209/50000] 2026-06-30 04:19:08 | R1 | InfixConverter/test_0_orig_no_krakatau vs InfixConverter/test_1_artifice_pg_krakatau → CLONE
[210/50000] 2026-06-30 04:19:09 | R1 | InfixConverter/test_0_orig_no_krakatau vs InfixConverter/test_1_artifice_pg_procyon → CLONE
[211/50000] 2026-06-30 04:19:10 | R1 | InfixConverter/test_0_orig_no_krakatau vs SqrtAlgorithm/0_orig → NON-CLONE
[212/50000] 2026-06-30 04:19:11 | R1 | InfixConverter/test_0_orig_no_krakatau vs SqrtAlgorithm/1_artifice → NON-CLONE
[213/50000] 2026-06-30 04:19:12 | R1 | InfixConverter/test_0_orig_no_krakatau vs SqrtAlgorithm/test_0_orig_no_krakatau → NON-CLONE
[214/50000] 2026-06-30 04:19:13 | R1 | InfixConverter/test_0_orig_no_krakatau vs SqrtAlgorithm/test_0_orig_no_procyon → NON-CLONE
[215/50000] 2026-06-30 04:19:14 | R1 | InfixConverter/test_0_orig_no_krakatau vs SqrtAlgorithm/test_0_orig_pg_krakatau → NON-CLONE
[216/50000] 2026-06-30 04:19:15 | R1 | InfixConverter/test_0_orig_no_krakatau vs SqrtAlgorithm/test_0_orig_pg_procyon → NON-CLONE
[217/50000] 2026-06-30 04:19:16 | R1 | InfixConverter/test_0_orig_no_krakatau vs SqrtAlgorithm/test_1_artifice_no_krakatau → NON-CLONE
[218/50000] 2026-06-30 04:19:17 | R1 | InfixConverter/test_0_orig_no_krakatau vs SqrtAlgorithm/test_1_artifice_no_procyon → NON-CLONE
[219/50000] 2026-06-30 04:19:19 | R1 | InfixConverter/test_0_orig_no_krakatau vs SqrtAlgorithm/test_1_artifice_pg_krakatau → NON-CLONE
[220/50000] 2026-06-30 04:19:20 | R1 | InfixConverter/test_0_orig_no_krakatau vs SqrtAlgorithm/test_1_artifice_pg_procyon → NON-CLONE
[221/50000] 2026-06-30 04:19:20 | R1 | InfixConverter/test_0_orig_no_krakatau vs bubblesort/0_orig → NON-CLONE
[222/50000] 2026-06-30 04:19:21 | R1 | InfixConverter/test_0_orig_no_krakatau vs bubblesort/1_artifice → NON-CLONE
[223/50000] 2026-06-30 04:19:22 | R1 | InfixConverter/test_0_orig_no_krakatau vs bubblesort/test_0_orig_no_krakatau → NON-CLONE
[224/50000] 2026-06-30 04:19:23 | R1 | InfixConverter/test_0_orig_no_krakatau vs bubblesort/test_0_orig_no_procyon → NON-CLONE
[225/50000] 2026-06-30 04:19:24 | R1 | InfixConverter/test_0_orig_no_krakatau vs bubblesort/test_0_orig_pg_krakatau → NON-CLONE
[226/50000] 2026-06-30 04:19:25 | R1 | InfixConverter/test_0_orig_no_krakatau vs bubblesort/test_0_orig_pg_procyon → NON-CLONE
[227/50000] 2026-06-30 04:19:25 | R1 | InfixConverter/test_0_orig_no_krakatau vs bubblesort/test_1_artifice_no_krakatau → NON-CLONE
[228/50000] 2026-06-30 04:19:26 | R1 | InfixConverter/test_0_orig_no_krakatau vs bubblesort/test_1_artifice_no_procyon → NON-CLONE
[229/50000] 2026-06-30 04:19:27 | R1 | InfixConverter/test_0_orig_no_krakatau vs bubblesort/test_1_artifice_pg_krakatau → NON-CLONE
[230/50000] 2026-06-30 04:19:28 | R1 | InfixConverter/test_0_orig_no_krakatau vs bubblesort/test_1_artifice_pg_procyon → NON-CLONE
[231/50000] 2026-06-30 04:19:29 | R1 | InfixConverter/test_0_orig_no_krakatau vs guessword/0_orig → NON-CLONE
[232/50000] 2026-06-30 04:19:30 | R1 | InfixConverter/test_0_orig_no_krakatau vs guessword/1_artifice → NON-CLONE
[233/50000] 2026-06-30 04:19:31 | R1 | InfixConverter/test_0_orig_no_krakatau vs guessword/test_0_orig_no_krakatau → NON-CLONE
[234/50000] 2026-06-30 04:19:32 | R1 | InfixConverter/test_0_orig_no_krakatau vs guessword/test_0_orig_no_procyon → NON-CLONE
[235/50000] 2026-06-30 04:19:33 | R1 | InfixConverter/test_0_orig_no_krakatau vs guessword/test_0_orig_pg_krakatau → NON-CLONE
[236/50000] 2026-06-30 04:19:34 | R1 | InfixConverter/test_0_orig_no_krakatau vs guessword/test_0_orig_pg_procyon → NON-CLONE
[237/50000] 2026-06-30 04:19:36 | R1 | InfixConverter/test_0_orig_no_krakatau vs guessword/test_1_artifice_no_krakatau → NON-CLONE
[238/50000] 2026-06-30 04:19:37 | R1 | InfixConverter/test_0_orig_no_krakatau vs guessword/test_1_artifice_no_procyon → NON-CLONE
[239/50000] 2026-06-30 04:19:38 | R1 | InfixConverter/test_0_orig_no_krakatau vs guessword/test_1_artifice_pg_krakatau → NON-CLONE
[240/50000] 2026-06-30 04:19:39 | R1 | InfixConverter/test_0_orig_no_krakatau vs guessword/test_1_artifice_pg_procyon → NON-CLONE
[241/50000] 2026-06-30 04:19:40 | R1 | InfixConverter/test_0_orig_no_krakatau vs hanoi/0_orig → NON-CLONE
[242/50000] 2026-06-30 04:19:41 | R1 | InfixConverter/test_0_orig_no_krakatau vs hanoi/1_artifice → NON-CLONE
[243/50000] 2026-06-30 04:19:42 | R1 | InfixConverter/test_0_orig_no_krakatau vs hanoi/test_0_orig_no_krakatau → NON-CLONE
[244/50000] 2026-06-30 04:19:43 | R1 | InfixConverter/test_0_orig_no_krakatau vs hanoi/test_0_orig_no_procyon → NON-CLONE
[245/50000] 2026-06-30 04:19:44 | R1 | InfixConverter/test_0_orig_no_krakatau vs hanoi/test_0_orig_pg_krakatau → NON-CLONE
[246/50000] 2026-06-30 04:19:46 | R1 | InfixConverter/test_0_orig_no_krakatau vs hanoi/test_0_orig_pg_procyon → NON-CLONE
[247/50000] 2026-06-30 04:19:47 | R1 | InfixConverter/test_0_orig_no_krakatau vs hanoi/test_1_artifice_no_krakatau → NON-CLONE
[248/50000] 2026-06-30 04:19:47 | R1 | InfixConverter/test_0_orig_no_krakatau vs hanoi/test_1_artifice_no_procyon → NON-CLONE
[249/50000] 2026-06-30 04:19:48 | R1 | InfixConverter/test_0_orig_no_krakatau vs hanoi/test_1_artifice_pg_krakatau → NON-CLONE
[250/50000] 2026-06-30 04:19:49 | R1 | InfixConverter/test_0_orig_no_krakatau vs hanoi/test_1_artifice_pg_procyon → NON-CLONE
[251/50000] 2026-06-30 04:19:50 | R1 | InfixConverter/test_0_orig_no_krakatau vs kaprekar/0_orig → NON-CLONE
[252/50000] 2026-06-30 04:19:51 | R1 | InfixConverter/test_0_orig_no_krakatau vs kaprekar/1_artifice → NON-CLONE
[253/50000] 2026-06-30 04:19:52 | R1 | InfixConverter/test_0_orig_no_krakatau vs kaprekar/test_0_orig_no_krakatau → NON-CLONE
[254/50000] 2026-06-30 04:19:53 | R1 | InfixConverter/test_0_orig_no_krakatau vs kaprekar/test_0_orig_no_procyon → NON-CLONE
[255/50000] 2026-06-30 04:19:54 | R1 | InfixConverter/test_0_orig_no_krakatau vs kaprekar/test_0_orig_pg_krakatau → NON-CLONE
[256/50000] 2026-06-30 04:19:55 | R1 | InfixConverter/test_0_orig_no_krakatau vs kaprekar/test_0_orig_pg_procyon → NON-CLONE
[257/50000] 2026-06-30 04:19:56 | R1 | InfixConverter/test_0_orig_no_krakatau vs kaprekar/test_1_artifice_no_krakatau → NON-CLONE
[258/50000] 2026-06-30 04:19:57 | R1 | InfixConverter/test_0_orig_no_krakatau vs kaprekar/test_1_artifice_no_procyon → NON-CLONE
[259/50000] 2026-06-30 04:19:57 | R1 | InfixConverter/test_0_orig_no_krakatau vs kaprekar/test_1_artifice_pg_krakatau → NON-CLONE
[260/50000] 2026-06-30 04:19:58 | R1 | InfixConverter/test_0_orig_no_krakatau vs kaprekar/test_1_artifice_pg_procyon → NON-CLONE
[261/50000] 2026-06-30 04:19:59 | R1 | InfixConverter/test_0_orig_no_krakatau vs queens/0_orig → NON-CLONE
[262/50000] 2026-06-30 04:20:00 | R1 | InfixConverter/test_0_orig_no_krakatau vs queens/1_artifice → NON-CLONE
[263/50000] 2026-06-30 04:20:01 | R1 | InfixConverter/test_0_orig_no_krakatau vs queens/test_0_orig_no_krakatau → NON-CLONE
[264/50000] 2026-06-30 04:20:02 | R1 | InfixConverter/test_0_orig_no_krakatau vs queens/test_0_orig_no_procyon → NON-CLONE
[265/50000] 2026-06-30 04:20:03 | R1 | InfixConverter/test_0_orig_no_krakatau vs queens/test_0_orig_pg_krakatau → NON-CLONE
[266/50000] 2026-06-30 04:20:04 | R1 | InfixConverter/test_0_orig_no_krakatau vs queens/test_0_orig_pg_procyon → NON-CLONE
[267/50000] 2026-06-30 04:20:05 | R1 | InfixConverter/test_0_orig_no_krakatau vs queens/test_1_artifice_no_krakatau → NON-CLONE
[268/50000] 2026-06-30 04:20:06 | R1 | InfixConverter/test_0_orig_no_krakatau vs queens/test_1_artifice_no_procyon → NON-CLONE
[269/50000] 2026-06-30 04:20:07 | R1 | InfixConverter/test_0_orig_no_krakatau vs queens/test_1_artifice_pg_krakatau → NON-CLONE
[270/50000] 2026-06-30 04:20:08 | R1 | InfixConverter/test_0_orig_no_krakatau vs queens/test_1_artifice_pg_procyon → NON-CLONE
[271/50000] 2026-06-30 04:20:08 | R1 | InfixConverter/test_0_orig_no_krakatau vs railroadcar/0_orig → NON-CLONE
[272/50000] 2026-06-30 04:20:09 | R1 | InfixConverter/test_0_orig_no_krakatau vs railroadcar/1_artifice → NON-CLONE
[273/50000] 2026-06-30 04:20:10 | R1 | InfixConverter/test_0_orig_no_krakatau vs railroadcar/test_0_orig_no_krakatau → NON-CLONE
[274/50000] 2026-06-30 04:20:11 | R1 | InfixConverter/test_0_orig_no_krakatau vs railroadcar/test_0_orig_no_procyon → NON-CLONE
[275/50000] 2026-06-30 04:20:13 | R1 | InfixConverter/test_0_orig_no_krakatau vs railroadcar/test_0_orig_pg_krakatau → NON-CLONE
[276/50000] 2026-06-30 04:20:14 | R1 | InfixConverter/test_0_orig_no_krakatau vs railroadcar/test_0_orig_pg_procyon → NON-CLONE
[277/50000] 2026-06-30 04:20:15 | R1 | InfixConverter/test_0_orig_no_krakatau vs railroadcar/test_1_artifice_no_krakatau → NON-CLONE
[278/50000] 2026-06-30 04:20:16 | R1 | InfixConverter/test_0_orig_no_krakatau vs railroadcar/test_1_artifice_no_procyon → NON-CLONE
[279/50000] 2026-06-30 04:20:17 | R1 | InfixConverter/test_0_orig_no_krakatau vs railroadcar/test_1_artifice_pg_krakatau → NON-CLONE
[280/50000] 2026-06-30 04:20:18 | R1 | InfixConverter/test_0_orig_no_krakatau vs railroadcar/test_1_artifice_pg_procyon → NON-CLONE
[281/50000] 2026-06-30 04:20:19 | R1 | InfixConverter/test_0_orig_no_krakatau vs slinkedlist/0_orig → NON-CLONE
[282/50000] 2026-06-30 04:20:20 | R1 | InfixConverter/test_0_orig_no_krakatau vs slinkedlist/1_artifice → NON-CLONE
[283/50000] 2026-06-30 04:20:21 | R1 | InfixConverter/test_0_orig_no_krakatau vs slinkedlist/test_0_orig_no_krakatau → NON-CLONE
[284/50000] 2026-06-30 04:20:22 | R1 | InfixConverter/test_0_orig_no_krakatau vs slinkedlist/test_0_orig_no_procyon → NON-CLONE
[285/50000] 2026-06-30 04:20:23 | R1 | InfixConverter/test_0_orig_no_krakatau vs slinkedlist/test_0_orig_pg_krakatau → NON-CLONE
[286/50000] 2026-06-30 04:20:24 | R1 | InfixConverter/test_0_orig_no_krakatau vs slinkedlist/test_0_orig_pg_procyon → NON-CLONE
[287/50000] 2026-06-30 04:20:25 | R1 | InfixConverter/test_0_orig_no_krakatau vs slinkedlist/test_1_artifice_no_krakatau → NON-CLONE
[288/50000] 2026-06-30 04:20:26 | R1 | InfixConverter/test_0_orig_no_krakatau vs slinkedlist/test_1_artifice_no_procyon → NON-CLONE
[289/50000] 2026-06-30 04:20:27 | R1 | InfixConverter/test_0_orig_no_krakatau vs slinkedlist/test_1_artifice_pg_krakatau → NON-CLONE
[290/50000] 2026-06-30 04:20:27 | R1 | InfixConverter/test_0_orig_no_krakatau vs slinkedlist/test_1_artifice_pg_procyon → NON-CLONE
[291/50000] 2026-06-30 04:20:29 | R1 | InfixConverter/test_0_orig_no_krakatau vs square/0_orig → NON-CLONE
[292/50000] 2026-06-30 04:20:30 | R1 | InfixConverter/test_0_orig_no_krakatau vs square/1_artifice → NON-CLONE
[293/50000] 2026-06-30 04:20:30 | R1 | InfixConverter/test_0_orig_no_krakatau vs square/test_0_orig_no_krakatau → NON-CLONE
[294/50000] 2026-06-30 04:20:31 | R1 | InfixConverter/test_0_orig_no_krakatau vs square/test_0_orig_no_procyon → NON-CLONE
[295/50000] 2026-06-30 04:20:33 | R1 | InfixConverter/test_0_orig_no_krakatau vs square/test_0_orig_pg_krakatau → NON-CLONE
[296/50000] 2026-06-30 04:20:34 | R1 | InfixConverter/test_0_orig_no_krakatau vs square/test_0_orig_pg_procyon → NON-CLONE
[297/50000] 2026-06-30 04:20:35 | R1 | InfixConverter/test_0_orig_no_krakatau vs square/test_1_artifice_no_krakatau → NON-CLONE
[298/50000] 2026-06-30 04:20:36 | R1 | InfixConverter/test_0_orig_no_krakatau vs square/test_1_artifice_no_procyon → NON-CLONE
[299/50000] 2026-06-30 04:20:38 | R1 | InfixConverter/test_0_orig_no_krakatau vs square/test_1_artifice_pg_krakatau → NON-CLONE
[300/50000] 2026-06-30 04:20:38 | R1 | InfixConverter/test_0_orig_no_krakatau vs square/test_1_artifice_pg_procyon → NON-CLONE
[301/50000] 2026-06-30 04:20:40 | R1 | InfixConverter/test_0_orig_no_procyon vs InfixConverter/0_orig → CLONE
[302/50000] 2026-06-30 04:20:40 | R1 | InfixConverter/test_0_orig_no_procyon vs InfixConverter/1_artifice → CLONE
[303/50000] 2026-06-30 04:20:41 | R1 | InfixConverter/test_0_orig_no_procyon vs InfixConverter/test_0_orig_no_krakatau → CLONE
[304/50000] 2026-06-30 04:20:42 | R1 | InfixConverter/test_0_orig_no_procyon vs InfixConverter/test_0_orig_no_procyon → CLONE
[305/50000] 2026-06-30 04:20:43 | R1 | InfixConverter/test_0_orig_no_procyon vs InfixConverter/test_0_orig_pg_krakatau → CLONE
[306/50000] 2026-06-30 04:20:44 | R1 | InfixConverter/test_0_orig_no_procyon vs InfixConverter/test_0_orig_pg_procyon → CLONE
[307/50000] 2026-06-30 04:20:44 | R1 | InfixConverter/test_0_orig_no_procyon vs InfixConverter/test_1_artifice_no_krakatau → CLONE
[308/50000] 2026-06-30 04:20:45 | R1 | InfixConverter/test_0_orig_no_procyon vs InfixConverter/test_1_artifice_no_procyon → CLONE
[309/50000] 2026-06-30 04:20:46 | R1 | InfixConverter/test_0_orig_no_procyon vs InfixConverter/test_1_artifice_pg_krakatau → CLONE
[310/50000] 2026-06-30 04:20:47 | R1 | InfixConverter/test_0_orig_no_procyon vs InfixConverter/test_1_artifice_pg_procyon → CLONE
[311/50000] 2026-06-30 04:20:47 | R1 | InfixConverter/test_0_orig_no_procyon vs SqrtAlgorithm/0_orig → NON-CLONE
[312/50000] 2026-06-30 04:20:48 | R1 | InfixConverter/test_0_orig_no_procyon vs SqrtAlgorithm/1_artifice → NON-CLONE
[313/50000] 2026-06-30 04:20:49 | R1 | InfixConverter/test_0_orig_no_procyon vs SqrtAlgorithm/test_0_orig_no_krakatau → NON-CLONE
[314/50000] 2026-06-30 04:20:50 | R1 | InfixConverter/test_0_orig_no_procyon vs SqrtAlgorithm/test_0_orig_no_procyon → NON-CLONE
[315/50000] 2026-06-30 04:20:51 | R1 | InfixConverter/test_0_orig_no_procyon vs SqrtAlgorithm/test_0_orig_pg_krakatau → NON-CLONE
[316/50000] 2026-06-30 04:20:52 | R1 | InfixConverter/test_0_orig_no_procyon vs SqrtAlgorithm/test_0_orig_pg_procyon → NON-CLONE
[317/50000] 2026-06-30 04:20:54 | R1 | InfixConverter/test_0_orig_no_procyon vs SqrtAlgorithm/test_1_artifice_no_krakatau → NON-CLONE
[318/50000] 2026-06-30 04:20:55 | R1 | InfixConverter/test_0_orig_no_procyon vs SqrtAlgorithm/test_1_artifice_no_procyon → NON-CLONE
[319/50000] 2026-06-30 04:20:55 | R1 | InfixConverter/test_0_orig_no_procyon vs SqrtAlgorithm/test_1_artifice_pg_krakatau → NON-CLONE
[320/50000] 2026-06-30 04:20:56 | R1 | InfixConverter/test_0_orig_no_procyon vs SqrtAlgorithm/test_1_artifice_pg_procyon → NON-CLONE
[321/50000] 2026-06-30 04:20:58 | R1 | InfixConverter/test_0_orig_no_procyon vs bubblesort/0_orig → NON-CLONE
[322/50000] 2026-06-30 04:20:58 | R1 | InfixConverter/test_0_orig_no_procyon vs bubblesort/1_artifice → NON-CLONE
[323/50000] 2026-06-30 04:20:59 | R1 | InfixConverter/test_0_orig_no_procyon vs bubblesort/test_0_orig_no_krakatau → NON-CLONE
[324/50000] 2026-06-30 04:21:00 | R1 | InfixConverter/test_0_orig_no_procyon vs bubblesort/test_0_orig_no_procyon → NON-CLONE
[325/50000] 2026-06-30 04:21:00 | R1 | InfixConverter/test_0_orig_no_procyon vs bubblesort/test_0_orig_pg_krakatau → NON-CLONE
[326/50000] 2026-06-30 04:21:01 | R1 | InfixConverter/test_0_orig_no_procyon vs bubblesort/test_0_orig_pg_procyon → NON-CLONE
[327/50000] 2026-06-30 04:21:01 | R1 | InfixConverter/test_0_orig_no_procyon vs bubblesort/test_1_artifice_no_krakatau → NON-CLONE
[328/50000] 2026-06-30 04:21:03 | R1 | InfixConverter/test_0_orig_no_procyon vs bubblesort/test_1_artifice_no_procyon → NON-CLONE
[329/50000] 2026-06-30 04:21:04 | R1 | InfixConverter/test_0_orig_no_procyon vs bubblesort/test_1_artifice_pg_krakatau → NON-CLONE
[330/50000] 2026-06-30 04:21:04 | R1 | InfixConverter/test_0_orig_no_procyon vs bubblesort/test_1_artifice_pg_procyon → NON-CLONE
[331/50000] 2026-06-30 04:21:05 | R1 | InfixConverter/test_0_orig_no_procyon vs guessword/0_orig → NON-CLONE
[332/50000] 2026-06-30 04:21:06 | R1 | InfixConverter/test_0_orig_no_procyon vs guessword/1_artifice → NON-CLONE
[333/50000] 2026-06-30 04:21:07 | R1 | InfixConverter/test_0_orig_no_procyon vs guessword/test_0_orig_no_krakatau → NON-CLONE
[334/50000] 2026-06-30 04:21:07 | R1 | InfixConverter/test_0_orig_no_procyon vs guessword/test_0_orig_no_procyon → NON-CLONE
[335/50000] 2026-06-30 04:21:08 | R1 | InfixConverter/test_0_orig_no_procyon vs guessword/test_0_orig_pg_krakatau → NON-CLONE
[336/50000] 2026-06-30 04:21:09 | R1 | InfixConverter/test_0_orig_no_procyon vs guessword/test_0_orig_pg_procyon → NON-CLONE
[337/50000] 2026-06-30 04:21:10 | R1 | InfixConverter/test_0_orig_no_procyon vs guessword/test_1_artifice_no_krakatau → NON-CLONE
[338/50000] 2026-06-30 04:21:11 | R1 | InfixConverter/test_0_orig_no_procyon vs guessword/test_1_artifice_no_procyon → NON-CLONE
[339/50000] 2026-06-30 04:21:12 | R1 | InfixConverter/test_0_orig_no_procyon vs guessword/test_1_artifice_pg_krakatau → NON-CLONE
[340/50000] 2026-06-30 04:21:13 | R1 | InfixConverter/test_0_orig_no_procyon vs guessword/test_1_artifice_pg_procyon → NON-CLONE
[341/50000] 2026-06-30 04:21:14 | R1 | InfixConverter/test_0_orig_no_procyon vs hanoi/0_orig → NON-CLONE
[342/50000] 2026-06-30 04:21:15 | R1 | InfixConverter/test_0_orig_no_procyon vs hanoi/1_artifice → NON-CLONE
[343/50000] 2026-06-30 04:21:16 | R1 | InfixConverter/test_0_orig_no_procyon vs hanoi/test_0_orig_no_krakatau → NON-CLONE
[344/50000] 2026-06-30 04:21:17 | R1 | InfixConverter/test_0_orig_no_procyon vs hanoi/test_0_orig_no_procyon → NON-CLONE
[345/50000] 2026-06-30 04:21:18 | R1 | InfixConverter/test_0_orig_no_procyon vs hanoi/test_0_orig_pg_krakatau → NON-CLONE
[346/50000] 2026-06-30 04:21:19 | R1 | InfixConverter/test_0_orig_no_procyon vs hanoi/test_0_orig_pg_procyon → NON-CLONE
[347/50000] 2026-06-30 04:21:21 | R1 | InfixConverter/test_0_orig_no_procyon vs hanoi/test_1_artifice_no_krakatau → NON-CLONE
[348/50000] 2026-06-30 04:21:22 | R1 | InfixConverter/test_0_orig_no_procyon vs hanoi/test_1_artifice_no_procyon → NON-CLONE
[349/50000] 2026-06-30 04:21:23 | R1 | InfixConverter/test_0_orig_no_procyon vs hanoi/test_1_artifice_pg_krakatau → NON-CLONE
[350/50000] 2026-06-30 04:21:24 | R1 | InfixConverter/test_0_orig_no_procyon vs hanoi/test_1_artifice_pg_procyon → NON-CLONE
[351/50000] 2026-06-30 04:21:25 | R1 | InfixConverter/test_0_orig_no_procyon vs kaprekar/0_orig → NON-CLONE
[352/50000] 2026-06-30 04:21:26 | R1 | InfixConverter/test_0_orig_no_procyon vs kaprekar/1_artifice → NON-CLONE
[353/50000] 2026-06-30 04:21:27 | R1 | InfixConverter/test_0_orig_no_procyon vs kaprekar/test_0_orig_no_krakatau → NON-CLONE
[354/50000] 2026-06-30 04:21:27 | R1 | InfixConverter/test_0_orig_no_procyon vs kaprekar/test_0_orig_no_procyon → NON-CLONE
[355/50000] 2026-06-30 04:21:28 | R1 | InfixConverter/test_0_orig_no_procyon vs kaprekar/test_0_orig_pg_krakatau → NON-CLONE
[356/50000] 2026-06-30 04:21:30 | R1 | InfixConverter/test_0_orig_no_procyon vs kaprekar/test_0_orig_pg_procyon → NON-CLONE
[357/50000] 2026-06-30 04:21:31 | R1 | InfixConverter/test_0_orig_no_procyon vs kaprekar/test_1_artifice_no_krakatau → NON-CLONE
[358/50000] 2026-06-30 04:21:32 | R1 | InfixConverter/test_0_orig_no_procyon vs kaprekar/test_1_artifice_no_procyon → NON-CLONE
[359/50000] 2026-06-30 04:21:33 | R1 | InfixConverter/test_0_orig_no_procyon vs kaprekar/test_1_artifice_pg_krakatau → NON-CLONE
[360/50000] 2026-06-30 04:21:34 | R1 | InfixConverter/test_0_orig_no_procyon vs kaprekar/test_1_artifice_pg_procyon → NON-CLONE
[361/50000] 2026-06-30 04:21:35 | R1 | InfixConverter/test_0_orig_no_procyon vs queens/0_orig → NON-CLONE
[362/50000] 2026-06-30 04:21:36 | R1 | InfixConverter/test_0_orig_no_procyon vs queens/1_artifice → NON-CLONE
[363/50000] 2026-06-30 04:21:36 | R1 | InfixConverter/test_0_orig_no_procyon vs queens/test_0_orig_no_krakatau → NON-CLONE
[364/50000] 2026-06-30 04:21:37 | R1 | InfixConverter/test_0_orig_no_procyon vs queens/test_0_orig_no_procyon → NON-CLONE
[365/50000] 2026-06-30 04:21:38 | R1 | InfixConverter/test_0_orig_no_procyon vs queens/test_0_orig_pg_krakatau → NON-CLONE
[366/50000] 2026-06-30 04:21:39 | R1 | InfixConverter/test_0_orig_no_procyon vs queens/test_0_orig_pg_procyon → NON-CLONE
[367/50000] 2026-06-30 04:21:39 | R1 | InfixConverter/test_0_orig_no_procyon vs queens/test_1_artifice_no_krakatau → NON-CLONE
[368/50000] 2026-06-30 04:21:40 | R1 | InfixConverter/test_0_orig_no_procyon vs queens/test_1_artifice_no_procyon → NON-CLONE
[369/50000] 2026-06-30 04:21:41 | R1 | InfixConverter/test_0_orig_no_procyon vs queens/test_1_artifice_pg_krakatau → NON-CLONE
[370/50000] 2026-06-30 04:21:42 | R1 | InfixConverter/test_0_orig_no_procyon vs queens/test_1_artifice_pg_procyon → NON-CLONE
[371/50000] 2026-06-30 04:21:43 | R1 | InfixConverter/test_0_orig_no_procyon vs railroadcar/0_orig → NON-CLONE
[372/50000] 2026-06-30 04:21:44 | R1 | InfixConverter/test_0_orig_no_procyon vs railroadcar/1_artifice → NON-CLONE
[373/50000] 2026-06-30 04:21:45 | R1 | InfixConverter/test_0_orig_no_procyon vs railroadcar/test_0_orig_no_krakatau → NON-CLONE
[374/50000] 2026-06-30 04:21:46 | R1 | InfixConverter/test_0_orig_no_procyon vs railroadcar/test_0_orig_no_procyon → NON-CLONE
[375/50000] 2026-06-30 04:21:47 | R1 | InfixConverter/test_0_orig_no_procyon vs railroadcar/test_0_orig_pg_krakatau → NON-CLONE
[376/50000] 2026-06-30 04:21:48 | R1 | InfixConverter/test_0_orig_no_procyon vs railroadcar/test_0_orig_pg_procyon → NON-CLONE
[377/50000] 2026-06-30 04:21:49 | R1 | InfixConverter/test_0_orig_no_procyon vs railroadcar/test_1_artifice_no_krakatau → NON-CLONE
[378/50000] 2026-06-30 04:21:50 | R1 | InfixConverter/test_0_orig_no_procyon vs railroadcar/test_1_artifice_no_procyon → NON-CLONE
[379/50000] 2026-06-30 04:21:51 | R1 | InfixConverter/test_0_orig_no_procyon vs railroadcar/test_1_artifice_pg_krakatau → NON-CLONE
[380/50000] 2026-06-30 04:21:53 | R1 | InfixConverter/test_0_orig_no_procyon vs railroadcar/test_1_artifice_pg_procyon → NON-CLONE
[381/50000] 2026-06-30 04:21:54 | R1 | InfixConverter/test_0_orig_no_procyon vs slinkedlist/0_orig → NON-CLONE
[382/50000] 2026-06-30 04:21:55 | R1 | InfixConverter/test_0_orig_no_procyon vs slinkedlist/1_artifice → NON-CLONE
[383/50000] 2026-06-30 04:21:55 | R1 | InfixConverter/test_0_orig_no_procyon vs slinkedlist/test_0_orig_no_krakatau → NON-CLONE
[384/50000] 2026-06-30 04:21:56 | R1 | InfixConverter/test_0_orig_no_procyon vs slinkedlist/test_0_orig_no_procyon → NON-CLONE
[385/50000] 2026-06-30 04:21:57 | R1 | InfixConverter/test_0_orig_no_procyon vs slinkedlist/test_0_orig_pg_krakatau → NON-CLONE
[386/50000] 2026-06-30 04:21:58 | R1 | InfixConverter/test_0_orig_no_procyon vs slinkedlist/test_0_orig_pg_procyon → NON-CLONE
[387/50000] 2026-06-30 04:21:59 | R1 | InfixConverter/test_0_orig_no_procyon vs slinkedlist/test_1_artifice_no_krakatau → NON-CLONE
[388/50000] 2026-06-30 04:22:00 | R1 | InfixConverter/test_0_orig_no_procyon vs slinkedlist/test_1_artifice_no_procyon → NON-CLONE
[389/50000] 2026-06-30 04:22:00 | R1 | InfixConverter/test_0_orig_no_procyon vs slinkedlist/test_1_artifice_pg_krakatau → NON-CLONE
[390/50000] 2026-06-30 04:22:01 | R1 | InfixConverter/test_0_orig_no_procyon vs slinkedlist/test_1_artifice_pg_procyon → NON-CLONE
[391/50000] 2026-06-30 04:22:02 | R1 | InfixConverter/test_0_orig_no_procyon vs square/0_orig → NON-CLONE
[392/50000] 2026-06-30 04:22:03 | R1 | InfixConverter/test_0_orig_no_procyon vs square/1_artifice → NON-CLONE
[393/50000] 2026-06-30 04:22:04 | R1 | InfixConverter/test_0_orig_no_procyon vs square/test_0_orig_no_krakatau → NON-CLONE
[394/50000] 2026-06-30 04:22:05 | R1 | InfixConverter/test_0_orig_no_procyon vs square/test_0_orig_no_procyon → NON-CLONE
[395/50000] 2026-06-30 04:22:06 | R1 | InfixConverter/test_0_orig_no_procyon vs square/test_0_orig_pg_krakatau → NON-CLONE
[396/50000] 2026-06-30 04:22:06 | R1 | InfixConverter/test_0_orig_no_procyon vs square/test_0_orig_pg_procyon → NON-CLONE
[397/50000] 2026-06-30 04:22:07 | R1 | InfixConverter/test_0_orig_no_procyon vs square/test_1_artifice_no_krakatau → NON-CLONE
[398/50000] 2026-06-30 04:22:08 | R1 | InfixConverter/test_0_orig_no_procyon vs square/test_1_artifice_no_procyon → NON-CLONE
[399/50000] 2026-06-30 04:22:10 | R1 | InfixConverter/test_0_orig_no_procyon vs square/test_1_artifice_pg_krakatau → NON-CLONE
[400/50000] 2026-06-30 04:22:11 | R1 | InfixConverter/test_0_orig_no_procyon vs square/test_1_artifice_pg_procyon → NON-CLONE
[401/50000] 2026-06-30 04:22:12 | R1 | InfixConverter/test_0_orig_pg_krakatau vs InfixConverter/0_orig → CLONE
[402/50000] 2026-06-30 04:22:13 | R1 | InfixConverter/test_0_orig_pg_krakatau vs InfixConverter/1_artifice → CLONE
[403/50000] 2026-06-30 04:22:14 | R1 | InfixConverter/test_0_orig_pg_krakatau vs InfixConverter/test_0_orig_no_krakatau → CLONE
[404/50000] 2026-06-30 04:22:15 | R1 | InfixConverter/test_0_orig_pg_krakatau vs InfixConverter/test_0_orig_no_procyon → CLONE
[405/50000] 2026-06-30 04:22:16 | R1 | InfixConverter/test_0_orig_pg_krakatau vs InfixConverter/test_0_orig_pg_krakatau → CLONE
[406/50000] 2026-06-30 04:22:16 | R1 | InfixConverter/test_0_orig_pg_krakatau vs InfixConverter/test_0_orig_pg_procyon → CLONE
[407/50000] 2026-06-30 04:22:17 | R1 | InfixConverter/test_0_orig_pg_krakatau vs InfixConverter/test_1_artifice_no_krakatau → CLONE
[408/50000] 2026-06-30 04:22:18 | R1 | InfixConverter/test_0_orig_pg_krakatau vs InfixConverter/test_1_artifice_no_procyon → CLONE
[409/50000] 2026-06-30 04:22:19 | R1 | InfixConverter/test_0_orig_pg_krakatau vs InfixConverter/test_1_artifice_pg_krakatau → CLONE
[410/50000] 2026-06-30 04:22:20 | R1 | InfixConverter/test_0_orig_pg_krakatau vs InfixConverter/test_1_artifice_pg_procyon → CLONE
[411/50000] 2026-06-30 04:22:21 | R1 | InfixConverter/test_0_orig_pg_krakatau vs SqrtAlgorithm/0_orig → NON-CLONE
[412/50000] 2026-06-30 04:22:22 | R1 | InfixConverter/test_0_orig_pg_krakatau vs SqrtAlgorithm/1_artifice → NON-CLONE
[413/50000] 2026-06-30 04:22:23 | R1 | InfixConverter/test_0_orig_pg_krakatau vs SqrtAlgorithm/test_0_orig_no_krakatau → NON-CLONE
[414/50000] 2026-06-30 04:22:24 | R1 | InfixConverter/test_0_orig_pg_krakatau vs SqrtAlgorithm/test_0_orig_no_procyon → NON-CLONE
[415/50000] 2026-06-30 04:22:24 | R1 | InfixConverter/test_0_orig_pg_krakatau vs SqrtAlgorithm/test_0_orig_pg_krakatau → NON-CLONE
[416/50000] 2026-06-30 04:22:26 | R1 | InfixConverter/test_0_orig_pg_krakatau vs SqrtAlgorithm/test_0_orig_pg_procyon → NON-CLONE
[417/50000] 2026-06-30 04:22:27 | R1 | InfixConverter/test_0_orig_pg_krakatau vs SqrtAlgorithm/test_1_artifice_no_krakatau → NON-CLONE
[418/50000] 2026-06-30 04:22:28 | R1 | InfixConverter/test_0_orig_pg_krakatau vs SqrtAlgorithm/test_1_artifice_no_procyon → NON-CLONE
[419/50000] 2026-06-30 04:22:29 | R1 | InfixConverter/test_0_orig_pg_krakatau vs SqrtAlgorithm/test_1_artifice_pg_krakatau → NON-CLONE
[420/50000] 2026-06-30 04:22:30 | R1 | InfixConverter/test_0_orig_pg_krakatau vs SqrtAlgorithm/test_1_artifice_pg_procyon → NON-CLONE
[421/50000] 2026-06-30 04:22:31 | R1 | InfixConverter/test_0_orig_pg_krakatau vs bubblesort/0_orig → NON-CLONE
[422/50000] 2026-06-30 04:22:32 | R1 | InfixConverter/test_0_orig_pg_krakatau vs bubblesort/1_artifice → NON-CLONE
[423/50000] 2026-06-30 04:22:32 | R1 | InfixConverter/test_0_orig_pg_krakatau vs bubblesort/test_0_orig_no_krakatau → NON-CLONE
[424/50000] 2026-06-30 04:22:33 | R1 | InfixConverter/test_0_orig_pg_krakatau vs bubblesort/test_0_orig_no_procyon → NON-CLONE
[425/50000] 2026-06-30 04:22:34 | R1 | InfixConverter/test_0_orig_pg_krakatau vs bubblesort/test_0_orig_pg_krakatau → NON-CLONE
[426/50000] 2026-06-30 04:22:35 | R1 | InfixConverter/test_0_orig_pg_krakatau vs bubblesort/test_0_orig_pg_procyon → NON-CLONE
[427/50000] 2026-06-30 04:22:36 | R1 | InfixConverter/test_0_orig_pg_krakatau vs bubblesort/test_1_artifice_no_krakatau → NON-CLONE
[428/50000] 2026-06-30 04:22:36 | R1 | InfixConverter/test_0_orig_pg_krakatau vs bubblesort/test_1_artifice_no_procyon → NON-CLONE
[429/50000] 2026-06-30 04:22:37 | R1 | InfixConverter/test_0_orig_pg_krakatau vs bubblesort/test_1_artifice_pg_krakatau → NON-CLONE
[430/50000] 2026-06-30 04:22:38 | R1 | InfixConverter/test_0_orig_pg_krakatau vs bubblesort/test_1_artifice_pg_procyon → NON-CLONE
[431/50000] 2026-06-30 04:22:39 | R1 | InfixConverter/test_0_orig_pg_krakatau vs guessword/0_orig → NON-CLONE
[432/50000] 2026-06-30 04:22:40 | R1 | InfixConverter/test_0_orig_pg_krakatau vs guessword/1_artifice → NON-CLONE
[433/50000] 2026-06-30 04:22:41 | R1 | InfixConverter/test_0_orig_pg_krakatau vs guessword/test_0_orig_no_krakatau → NON-CLONE
[434/50000] 2026-06-30 04:22:42 | R1 | InfixConverter/test_0_orig_pg_krakatau vs guessword/test_0_orig_no_procyon → NON-CLONE
[435/50000] 2026-06-30 04:22:43 | R1 | InfixConverter/test_0_orig_pg_krakatau vs guessword/test_0_orig_pg_krakatau → NON-CLONE
[436/50000] 2026-06-30 04:22:44 | R1 | InfixConverter/test_0_orig_pg_krakatau vs guessword/test_0_orig_pg_procyon → NON-CLONE
[437/50000] 2026-06-30 04:22:45 | R1 | InfixConverter/test_0_orig_pg_krakatau vs guessword/test_1_artifice_no_krakatau → NON-CLONE
[438/50000] 2026-06-30 04:22:45 | R1 | InfixConverter/test_0_orig_pg_krakatau vs guessword/test_1_artifice_no_procyon → NON-CLONE
[439/50000] 2026-06-30 04:22:46 | R1 | InfixConverter/test_0_orig_pg_krakatau vs guessword/test_1_artifice_pg_krakatau → NON-CLONE
[440/50000] 2026-06-30 04:22:48 | R1 | InfixConverter/test_0_orig_pg_krakatau vs guessword/test_1_artifice_pg_procyon → NON-CLONE
[441/50000] 2026-06-30 04:22:49 | R1 | InfixConverter/test_0_orig_pg_krakatau vs hanoi/0_orig → NON-CLONE
[442/50000] 2026-06-30 04:22:51 | R1 | InfixConverter/test_0_orig_pg_krakatau vs hanoi/1_artifice → NON-CLONE
[443/50000] 2026-06-30 04:22:52 | R1 | InfixConverter/test_0_orig_pg_krakatau vs hanoi/test_0_orig_no_krakatau → NON-CLONE
[444/50000] 2026-06-30 04:22:53 | R1 | InfixConverter/test_0_orig_pg_krakatau vs hanoi/test_0_orig_no_procyon → NON-CLONE
[445/50000] 2026-06-30 04:22:54 | R1 | InfixConverter/test_0_orig_pg_krakatau vs hanoi/test_0_orig_pg_krakatau → NON-CLONE
[446/50000] 2026-06-30 04:22:55 | R1 | InfixConverter/test_0_orig_pg_krakatau vs hanoi/test_0_orig_pg_procyon → NON-CLONE
[447/50000] 2026-06-30 04:22:56 | R1 | InfixConverter/test_0_orig_pg_krakatau vs hanoi/test_1_artifice_no_krakatau → NON-CLONE
[448/50000] 2026-06-30 04:22:58 | R1 | InfixConverter/test_0_orig_pg_krakatau vs hanoi/test_1_artifice_no_procyon → NON-CLONE
[449/50000] 2026-06-30 04:22:59 | R1 | InfixConverter/test_0_orig_pg_krakatau vs hanoi/test_1_artifice_pg_krakatau → NON-CLONE
[450/50000] 2026-06-30 04:23:01 | R1 | InfixConverter/test_0_orig_pg_krakatau vs hanoi/test_1_artifice_pg_procyon → NON-CLONE
[451/50000] 2026-06-30 04:23:02 | R1 | InfixConverter/test_0_orig_pg_krakatau vs kaprekar/0_orig → NON-CLONE
[452/50000] 2026-06-30 04:23:03 | R1 | InfixConverter/test_0_orig_pg_krakatau vs kaprekar/1_artifice → NON-CLONE
[453/50000] 2026-06-30 04:23:04 | R1 | InfixConverter/test_0_orig_pg_krakatau vs kaprekar/test_0_orig_no_krakatau → NON-CLONE
[454/50000] 2026-06-30 04:23:05 | R1 | InfixConverter/test_0_orig_pg_krakatau vs kaprekar/test_0_orig_no_procyon → NON-CLONE
[455/50000] 2026-06-30 04:23:05 | R1 | InfixConverter/test_0_orig_pg_krakatau vs kaprekar/test_0_orig_pg_krakatau → NON-CLONE
[456/50000] 2026-06-30 04:23:06 | R1 | InfixConverter/test_0_orig_pg_krakatau vs kaprekar/test_0_orig_pg_procyon → NON-CLONE
[457/50000] 2026-06-30 04:23:07 | R1 | InfixConverter/test_0_orig_pg_krakatau vs kaprekar/test_1_artifice_no_krakatau → NON-CLONE
[458/50000] 2026-06-30 04:23:08 | R1 | InfixConverter/test_0_orig_pg_krakatau vs kaprekar/test_1_artifice_no_procyon → NON-CLONE
[459/50000] 2026-06-30 04:23:09 | R1 | InfixConverter/test_0_orig_pg_krakatau vs kaprekar/test_1_artifice_pg_krakatau → NON-CLONE
[460/50000] 2026-06-30 04:23:10 | R1 | InfixConverter/test_0_orig_pg_krakatau vs kaprekar/test_1_artifice_pg_procyon → NON-CLONE
[461/50000] 2026-06-30 04:23:11 | R1 | InfixConverter/test_0_orig_pg_krakatau vs queens/0_orig → NON-CLONE
[462/50000] 2026-06-30 04:23:12 | R1 | InfixConverter/test_0_orig_pg_krakatau vs queens/1_artifice → NON-CLONE
[463/50000] 2026-06-30 04:23:13 | R1 | InfixConverter/test_0_orig_pg_krakatau vs queens/test_0_orig_no_krakatau → NON-CLONE
[464/50000] 2026-06-30 04:23:14 | R1 | InfixConverter/test_0_orig_pg_krakatau vs queens/test_0_orig_no_procyon → NON-CLONE
[465/50000] 2026-06-30 04:23:15 | R1 | InfixConverter/test_0_orig_pg_krakatau vs queens/test_0_orig_pg_krakatau → NON-CLONE
[466/50000] 2026-06-30 04:23:16 | R1 | InfixConverter/test_0_orig_pg_krakatau vs queens/test_0_orig_pg_procyon → NON-CLONE
[467/50000] 2026-06-30 04:23:16 | R1 | InfixConverter/test_0_orig_pg_krakatau vs queens/test_1_artifice_no_krakatau → NON-CLONE
[468/50000] 2026-06-30 04:23:17 | R1 | InfixConverter/test_0_orig_pg_krakatau vs queens/test_1_artifice_no_procyon → NON-CLONE
[469/50000] 2026-06-30 04:23:18 | R1 | InfixConverter/test_0_orig_pg_krakatau vs queens/test_1_artifice_pg_krakatau → NON-CLONE
[470/50000] 2026-06-30 04:23:19 | R1 | InfixConverter/test_0_orig_pg_krakatau vs queens/test_1_artifice_pg_procyon → NON-CLONE
[471/50000] 2026-06-30 04:23:19 | R1 | InfixConverter/test_0_orig_pg_krakatau vs railroadcar/0_orig → NON-CLONE
[472/50000] 2026-06-30 04:23:20 | R1 | InfixConverter/test_0_orig_pg_krakatau vs railroadcar/1_artifice → NON-CLONE
[473/50000] 2026-06-30 04:23:21 | R1 | InfixConverter/test_0_orig_pg_krakatau vs railroadcar/test_0_orig_no_krakatau → NON-CLONE
[474/50000] 2026-06-30 04:23:22 | R1 | InfixConverter/test_0_orig_pg_krakatau vs railroadcar/test_0_orig_no_procyon → NON-CLONE
[475/50000] 2026-06-30 04:23:23 | R1 | InfixConverter/test_0_orig_pg_krakatau vs railroadcar/test_0_orig_pg_krakatau → NON-CLONE
[476/50000] 2026-06-30 04:23:24 | R1 | InfixConverter/test_0_orig_pg_krakatau vs railroadcar/test_0_orig_pg_procyon → NON-CLONE
[477/50000] 2026-06-30 04:23:25 | R1 | InfixConverter/test_0_orig_pg_krakatau vs railroadcar/test_1_artifice_no_krakatau → NON-CLONE
[478/50000] 2026-06-30 04:23:27 | R1 | InfixConverter/test_0_orig_pg_krakatau vs railroadcar/test_1_artifice_no_procyon → NON-CLONE
[479/50000] 2026-06-30 04:23:28 | R1 | InfixConverter/test_0_orig_pg_krakatau vs railroadcar/test_1_artifice_pg_krakatau → NON-CLONE
[480/50000] 2026-06-30 04:23:29 | R1 | InfixConverter/test_0_orig_pg_krakatau vs railroadcar/test_1_artifice_pg_procyon → NON-CLONE
[481/50000] 2026-06-30 04:23:30 | R1 | InfixConverter/test_0_orig_pg_krakatau vs slinkedlist/0_orig → NON-CLONE
[482/50000] 2026-06-30 04:23:31 | R1 | InfixConverter/test_0_orig_pg_krakatau vs slinkedlist/1_artifice → NON-CLONE
[483/50000] 2026-06-30 04:23:32 | R1 | InfixConverter/test_0_orig_pg_krakatau vs slinkedlist/test_0_orig_no_krakatau → NON-CLONE
[484/50000] 2026-06-30 04:23:33 | R1 | InfixConverter/test_0_orig_pg_krakatau vs slinkedlist/test_0_orig_no_procyon → NON-CLONE
[485/50000] 2026-06-30 04:23:33 | R1 | InfixConverter/test_0_orig_pg_krakatau vs slinkedlist/test_0_orig_pg_krakatau → NON-CLONE
[486/50000] 2026-06-30 04:23:35 | R1 | InfixConverter/test_0_orig_pg_krakatau vs slinkedlist/test_0_orig_pg_procyon → NON-CLONE
[487/50000] 2026-06-30 04:23:35 | R1 | InfixConverter/test_0_orig_pg_krakatau vs slinkedlist/test_1_artifice_no_krakatau → NON-CLONE
[488/50000] 2026-06-30 04:23:36 | R1 | InfixConverter/test_0_orig_pg_krakatau vs slinkedlist/test_1_artifice_no_procyon → NON-CLONE
[489/50000] 2026-06-30 04:23:37 | R1 | InfixConverter/test_0_orig_pg_krakatau vs slinkedlist/test_1_artifice_pg_krakatau → NON-CLONE
[490/50000] 2026-06-30 04:23:38 | R1 | InfixConverter/test_0_orig_pg_krakatau vs slinkedlist/test_1_artifice_pg_procyon → NON-CLONE
[491/50000] 2026-06-30 04:23:39 | R1 | InfixConverter/test_0_orig_pg_krakatau vs square/0_orig → NON-CLONE
[492/50000] 2026-06-30 04:23:40 | R1 | InfixConverter/test_0_orig_pg_krakatau vs square/1_artifice → NON-CLONE
[493/50000] 2026-06-30 04:23:41 | R1 | InfixConverter/test_0_orig_pg_krakatau vs square/test_0_orig_no_krakatau → NON-CLONE
[494/50000] 2026-06-30 04:23:42 | R1 | InfixConverter/test_0_orig_pg_krakatau vs square/test_0_orig_no_procyon → NON-CLONE
[495/50000] 2026-06-30 04:23:43 | R1 | InfixConverter/test_0_orig_pg_krakatau vs square/test_0_orig_pg_krakatau → NON-CLONE
[496/50000] 2026-06-30 04:23:43 | R1 | InfixConverter/test_0_orig_pg_krakatau vs square/test_0_orig_pg_procyon → NON-CLONE
[497/50000] 2026-06-30 04:23:44 | R1 | InfixConverter/test_0_orig_pg_krakatau vs square/test_1_artifice_no_krakatau → NON-CLONE
[498/50000] 2026-06-30 04:23:45 | R1 | InfixConverter/test_0_orig_pg_krakatau vs square/test_1_artifice_no_procyon → NON-CLONE
[499/50000] 2026-06-30 04:23:47 | R1 | InfixConverter/test_0_orig_pg_krakatau vs square/test_1_artifice_pg_krakatau → NON-CLONE
[500/50000] 2026-06-30 04:23:48 | R1 | InfixConverter/test_0_orig_pg_krakatau vs square/test_1_artifice_pg_procyon → NON-CLONE
[501/50000] 2026-06-30 04:23:49 | R1 | InfixConverter/test_0_orig_pg_procyon vs InfixConverter/0_orig → CLONE
[502/50000] 2026-06-30 04:23:50 | R1 | InfixConverter/test_0_orig_pg_procyon vs InfixConverter/1_artifice → CLONE
[503/50000] 2026-06-30 04:23:50 | R1 | InfixConverter/test_0_orig_pg_procyon vs InfixConverter/test_0_orig_no_krakatau → CLONE
[504/50000] 2026-06-30 04:23:51 | R1 | InfixConverter/test_0_orig_pg_procyon vs InfixConverter/test_0_orig_no_procyon → CLONE
[505/50000] 2026-06-30 04:23:52 | R1 | InfixConverter/test_0_orig_pg_procyon vs InfixConverter/test_0_orig_pg_krakatau → CLONE
[506/50000] 2026-06-30 04:23:52 | R1 | InfixConverter/test_0_orig_pg_procyon vs InfixConverter/test_0_orig_pg_procyon → CLONE
[507/50000] 2026-06-30 04:23:53 | R1 | InfixConverter/test_0_orig_pg_procyon vs InfixConverter/test_1_artifice_no_krakatau → CLONE
[508/50000] 2026-06-30 04:23:55 | R1 | InfixConverter/test_0_orig_pg_procyon vs InfixConverter/test_1_artifice_no_procyon → CLONE
[509/50000] 2026-06-30 04:23:55 | R1 | InfixConverter/test_0_orig_pg_procyon vs InfixConverter/test_1_artifice_pg_krakatau → CLONE
[510/50000] 2026-06-30 04:23:56 | R1 | InfixConverter/test_0_orig_pg_procyon vs InfixConverter/test_1_artifice_pg_procyon → CLONE
[511/50000] 2026-06-30 04:23:57 | R1 | InfixConverter/test_0_orig_pg_procyon vs SqrtAlgorithm/0_orig → NON-CLONE
[512/50000] 2026-06-30 04:23:58 | R1 | InfixConverter/test_0_orig_pg_procyon vs SqrtAlgorithm/1_artifice → NON-CLONE
[513/50000] 2026-06-30 04:23:59 | R1 | InfixConverter/test_0_orig_pg_procyon vs SqrtAlgorithm/test_0_orig_no_krakatau → NON-CLONE
[514/50000] 2026-06-30 04:24:00 | R1 | InfixConverter/test_0_orig_pg_procyon vs SqrtAlgorithm/test_0_orig_no_procyon → NON-CLONE
[515/50000] 2026-06-30 04:24:01 | R1 | InfixConverter/test_0_orig_pg_procyon vs SqrtAlgorithm/test_0_orig_pg_krakatau → NON-CLONE
[516/50000] 2026-06-30 04:24:02 | R1 | InfixConverter/test_0_orig_pg_procyon vs SqrtAlgorithm/test_0_orig_pg_procyon → NON-CLONE
[517/50000] 2026-06-30 04:24:03 | R1 | InfixConverter/test_0_orig_pg_procyon vs SqrtAlgorithm/test_1_artifice_no_krakatau → NON-CLONE
[518/50000] 2026-06-30 04:24:03 | R1 | InfixConverter/test_0_orig_pg_procyon vs SqrtAlgorithm/test_1_artifice_no_procyon → NON-CLONE
[519/50000] 2026-06-30 04:24:04 | R1 | InfixConverter/test_0_orig_pg_procyon vs SqrtAlgorithm/test_1_artifice_pg_krakatau → NON-CLONE
[520/50000] 2026-06-30 04:24:05 | R1 | InfixConverter/test_0_orig_pg_procyon vs SqrtAlgorithm/test_1_artifice_pg_procyon → NON-CLONE
[521/50000] 2026-06-30 04:24:07 | R1 | InfixConverter/test_0_orig_pg_procyon vs bubblesort/0_orig → NON-CLONE
[522/50000] 2026-06-30 04:24:07 | R1 | InfixConverter/test_0_orig_pg_procyon vs bubblesort/1_artifice → NON-CLONE
[523/50000] 2026-06-30 04:24:08 | R1 | InfixConverter/test_0_orig_pg_procyon vs bubblesort/test_0_orig_no_krakatau → NON-CLONE
[524/50000] 2026-06-30 04:24:09 | R1 | InfixConverter/test_0_orig_pg_procyon vs bubblesort/test_0_orig_no_procyon → NON-CLONE
[525/50000] 2026-06-30 04:24:10 | R1 | InfixConverter/test_0_orig_pg_procyon vs bubblesort/test_0_orig_pg_krakatau → NON-CLONE
[526/50000] 2026-06-30 04:24:11 | R1 | InfixConverter/test_0_orig_pg_procyon vs bubblesort/test_0_orig_pg_procyon → NON-CLONE
[527/50000] 2026-06-30 04:24:12 | R1 | InfixConverter/test_0_orig_pg_procyon vs bubblesort/test_1_artifice_no_krakatau → NON-CLONE
[528/50000] 2026-06-30 04:24:12 | R1 | InfixConverter/test_0_orig_pg_procyon vs bubblesort/test_1_artifice_no_procyon → NON-CLONE
[529/50000] 2026-06-30 04:24:13 | R1 | InfixConverter/test_0_orig_pg_procyon vs bubblesort/test_1_artifice_pg_krakatau → NON-CLONE
[530/50000] 2026-06-30 04:24:14 | R1 | InfixConverter/test_0_orig_pg_procyon vs bubblesort/test_1_artifice_pg_procyon → NON-CLONE
[531/50000] 2026-06-30 04:24:15 | R1 | InfixConverter/test_0_orig_pg_procyon vs guessword/0_orig → NON-CLONE
[532/50000] 2026-06-30 04:24:16 | R1 | InfixConverter/test_0_orig_pg_procyon vs guessword/1_artifice → NON-CLONE
[533/50000] 2026-06-30 04:24:17 | R1 | InfixConverter/test_0_orig_pg_procyon vs guessword/test_0_orig_no_krakatau → NON-CLONE
[534/50000] 2026-06-30 04:24:18 | R1 | InfixConverter/test_0_orig_pg_procyon vs guessword/test_0_orig_no_procyon → NON-CLONE
[535/50000] 2026-06-30 04:24:19 | R1 | InfixConverter/test_0_orig_pg_procyon vs guessword/test_0_orig_pg_krakatau → NON-CLONE
[536/50000] 2026-06-30 04:24:20 | R1 | InfixConverter/test_0_orig_pg_procyon vs guessword/test_0_orig_pg_procyon → NON-CLONE
[537/50000] 2026-06-30 04:24:21 | R1 | InfixConverter/test_0_orig_pg_procyon vs guessword/test_1_artifice_no_krakatau → NON-CLONE
[538/50000] 2026-06-30 04:24:22 | R1 | InfixConverter/test_0_orig_pg_procyon vs guessword/test_1_artifice_no_procyon → NON-CLONE
[539/50000] 2026-06-30 04:24:23 | R1 | InfixConverter/test_0_orig_pg_procyon vs guessword/test_1_artifice_pg_krakatau → NON-CLONE
[540/50000] 2026-06-30 04:24:24 | R1 | InfixConverter/test_0_orig_pg_procyon vs guessword/test_1_artifice_pg_procyon → NON-CLONE
[541/50000] 2026-06-30 04:24:25 | R1 | InfixConverter/test_0_orig_pg_procyon vs hanoi/0_orig → NON-CLONE
[542/50000] 2026-06-30 04:24:26 | R1 | InfixConverter/test_0_orig_pg_procyon vs hanoi/1_artifice → NON-CLONE
[543/50000] 2026-06-30 04:24:27 | R1 | InfixConverter/test_0_orig_pg_procyon vs hanoi/test_0_orig_no_krakatau → NON-CLONE
[544/50000] 2026-06-30 04:24:29 | R1 | InfixConverter/test_0_orig_pg_procyon vs hanoi/test_0_orig_no_procyon → NON-CLONE
[545/50000] 2026-06-30 04:24:30 | R1 | InfixConverter/test_0_orig_pg_procyon vs hanoi/test_0_orig_pg_krakatau → NON-CLONE
[546/50000] 2026-06-30 04:24:31 | R1 | InfixConverter/test_0_orig_pg_procyon vs hanoi/test_0_orig_pg_procyon → NON-CLONE
[547/50000] 2026-06-30 04:24:32 | R1 | InfixConverter/test_0_orig_pg_procyon vs hanoi/test_1_artifice_no_krakatau → NON-CLONE
[548/50000] 2026-06-30 04:24:33 | R1 | InfixConverter/test_0_orig_pg_procyon vs hanoi/test_1_artifice_no_procyon → NON-CLONE
[549/50000] 2026-06-30 04:24:35 | R1 | InfixConverter/test_0_orig_pg_procyon vs hanoi/test_1_artifice_pg_krakatau → NON-CLONE
[550/50000] 2026-06-30 04:24:36 | R1 | InfixConverter/test_0_orig_pg_procyon vs hanoi/test_1_artifice_pg_procyon → NON-CLONE
[551/50000] 2026-06-30 04:24:37 | R1 | InfixConverter/test_0_orig_pg_procyon vs kaprekar/0_orig → NON-CLONE
[552/50000] 2026-06-30 04:24:37 | R1 | InfixConverter/test_0_orig_pg_procyon vs kaprekar/1_artifice → NON-CLONE
[553/50000] 2026-06-30 04:24:38 | R1 | InfixConverter/test_0_orig_pg_procyon vs kaprekar/test_0_orig_no_krakatau → NON-CLONE
[554/50000] 2026-06-30 04:24:39 | R1 | InfixConverter/test_0_orig_pg_procyon vs kaprekar/test_0_orig_no_procyon → NON-CLONE
[555/50000] 2026-06-30 04:24:41 | R1 | InfixConverter/test_0_orig_pg_procyon vs kaprekar/test_0_orig_pg_krakatau → NON-CLONE
[556/50000] 2026-06-30 04:24:41 | R1 | InfixConverter/test_0_orig_pg_procyon vs kaprekar/test_0_orig_pg_procyon → NON-CLONE
[557/50000] 2026-06-30 04:24:42 | R1 | InfixConverter/test_0_orig_pg_procyon vs kaprekar/test_1_artifice_no_krakatau → NON-CLONE
[558/50000] 2026-06-30 04:24:43 | R1 | InfixConverter/test_0_orig_pg_procyon vs kaprekar/test_1_artifice_no_procyon → NON-CLONE
[559/50000] 2026-06-30 04:24:44 | R1 | InfixConverter/test_0_orig_pg_procyon vs kaprekar/test_1_artifice_pg_krakatau → NON-CLONE
[560/50000] 2026-06-30 04:24:45 | R1 | InfixConverter/test_0_orig_pg_procyon vs kaprekar/test_1_artifice_pg_procyon → NON-CLONE
[561/50000] 2026-06-30 04:24:46 | R1 | InfixConverter/test_0_orig_pg_procyon vs queens/0_orig → NON-CLONE
[562/50000] 2026-06-30 04:24:48 | R1 | InfixConverter/test_0_orig_pg_procyon vs queens/1_artifice → NON-CLONE
[563/50000] 2026-06-30 04:24:48 | R1 | InfixConverter/test_0_orig_pg_procyon vs queens/test_0_orig_no_krakatau → NON-CLONE
[564/50000] 2026-06-30 04:24:49 | R1 | InfixConverter/test_0_orig_pg_procyon vs queens/test_0_orig_no_procyon → NON-CLONE
[565/50000] 2026-06-30 04:24:50 | R1 | InfixConverter/test_0_orig_pg_procyon vs queens/test_0_orig_pg_krakatau → NON-CLONE
[566/50000] 2026-06-30 04:24:51 | R1 | InfixConverter/test_0_orig_pg_procyon vs queens/test_0_orig_pg_procyon → NON-CLONE
[567/50000] 2026-06-30 04:24:52 | R1 | InfixConverter/test_0_orig_pg_procyon vs queens/test_1_artifice_no_krakatau → NON-CLONE
[568/50000] 2026-06-30 04:24:53 | R1 | InfixConverter/test_0_orig_pg_procyon vs queens/test_1_artifice_no_procyon → NON-CLONE
[569/50000] 2026-06-30 04:24:54 | R1 | InfixConverter/test_0_orig_pg_procyon vs queens/test_1_artifice_pg_krakatau → NON-CLONE
[570/50000] 2026-06-30 04:24:54 | R1 | InfixConverter/test_0_orig_pg_procyon vs queens/test_1_artifice_pg_procyon → NON-CLONE
[571/50000] 2026-06-30 04:24:55 | R1 | InfixConverter/test_0_orig_pg_procyon vs railroadcar/0_orig → NON-CLONE
[572/50000] 2026-06-30 04:24:56 | R1 | InfixConverter/test_0_orig_pg_procyon vs railroadcar/1_artifice → NON-CLONE
[573/50000] 2026-06-30 04:24:57 | R1 | InfixConverter/test_0_orig_pg_procyon vs railroadcar/test_0_orig_no_krakatau → NON-CLONE
[574/50000] 2026-06-30 04:24:59 | R1 | InfixConverter/test_0_orig_pg_procyon vs railroadcar/test_0_orig_no_procyon → NON-CLONE
[575/50000] 2026-06-30 04:25:00 | R1 | InfixConverter/test_0_orig_pg_procyon vs railroadcar/test_0_orig_pg_krakatau → NON-CLONE
[576/50000] 2026-06-30 04:25:00 | R1 | InfixConverter/test_0_orig_pg_procyon vs railroadcar/test_0_orig_pg_procyon → NON-CLONE
[577/50000] 2026-06-30 04:25:01 | R1 | InfixConverter/test_0_orig_pg_procyon vs railroadcar/test_1_artifice_no_krakatau → NON-CLONE
[578/50000] 2026-06-30 04:25:02 | R1 | InfixConverter/test_0_orig_pg_procyon vs railroadcar/test_1_artifice_no_procyon → NON-CLONE
[579/50000] 2026-06-30 04:25:03 | R1 | InfixConverter/test_0_orig_pg_procyon vs railroadcar/test_1_artifice_pg_krakatau → NON-CLONE
[580/50000] 2026-06-30 04:25:04 | R1 | InfixConverter/test_0_orig_pg_procyon vs railroadcar/test_1_artifice_pg_procyon → NON-CLONE
[581/50000] 2026-06-30 04:25:05 | R1 | InfixConverter/test_0_orig_pg_procyon vs slinkedlist/0_orig → NON-CLONE
[582/50000] 2026-06-30 04:25:06 | R1 | InfixConverter/test_0_orig_pg_procyon vs slinkedlist/1_artifice → NON-CLONE
[583/50000] 2026-06-30 04:25:07 | R1 | InfixConverter/test_0_orig_pg_procyon vs slinkedlist/test_0_orig_no_krakatau → NON-CLONE
[584/50000] 2026-06-30 04:25:08 | R1 | InfixConverter/test_0_orig_pg_procyon vs slinkedlist/test_0_orig_no_procyon → NON-CLONE
[585/50000] 2026-06-30 04:25:09 | R1 | InfixConverter/test_0_orig_pg_procyon vs slinkedlist/test_0_orig_pg_krakatau → NON-CLONE
[586/50000] 2026-06-30 04:25:09 | R1 | InfixConverter/test_0_orig_pg_procyon vs slinkedlist/test_0_orig_pg_procyon → NON-CLONE
[587/50000] 2026-06-30 04:25:10 | R1 | InfixConverter/test_0_orig_pg_procyon vs slinkedlist/test_1_artifice_no_krakatau → NON-CLONE
[588/50000] 2026-06-30 04:25:11 | R1 | InfixConverter/test_0_orig_pg_procyon vs slinkedlist/test_1_artifice_no_procyon → NON-CLONE
[589/50000] 2026-06-30 04:25:12 | R1 | InfixConverter/test_0_orig_pg_procyon vs slinkedlist/test_1_artifice_pg_krakatau → NON-CLONE
[590/50000] 2026-06-30 04:25:13 | R1 | InfixConverter/test_0_orig_pg_procyon vs slinkedlist/test_1_artifice_pg_procyon → NON-CLONE
[591/50000] 2026-06-30 04:25:14 | R1 | InfixConverter/test_0_orig_pg_procyon vs square/0_orig → NON-CLONE
[592/50000] 2026-06-30 04:25:15 | R1 | InfixConverter/test_0_orig_pg_procyon vs square/1_artifice → NON-CLONE
[593/50000] 2026-06-30 04:25:16 | R1 | InfixConverter/test_0_orig_pg_procyon vs square/test_0_orig_no_krakatau → NON-CLONE
[594/50000] 2026-06-30 04:25:17 | R1 | InfixConverter/test_0_orig_pg_procyon vs square/test_0_orig_no_procyon → NON-CLONE
[595/50000] 2026-06-30 04:25:19 | R1 | InfixConverter/test_0_orig_pg_procyon vs square/test_0_orig_pg_krakatau → NON-CLONE
[596/50000] 2026-06-30 04:25:20 | R1 | InfixConverter/test_0_orig_pg_procyon vs square/test_0_orig_pg_procyon → NON-CLONE
[597/50000] 2026-06-30 04:25:20 | R1 | InfixConverter/test_0_orig_pg_procyon vs square/test_1_artifice_no_krakatau → NON-CLONE
[598/50000] 2026-06-30 04:25:21 | R1 | InfixConverter/test_0_orig_pg_procyon vs square/test_1_artifice_no_procyon → NON-CLONE
[599/50000] 2026-06-30 04:25:22 | R1 | InfixConverter/test_0_orig_pg_procyon vs square/test_1_artifice_pg_krakatau → NON-CLONE
[600/50000] 2026-06-30 04:25:23 | R1 | InfixConverter/test_0_orig_pg_procyon vs square/test_1_artifice_pg_procyon → NON-CLONE
[601/50000] 2026-06-30 04:25:24 | R1 | InfixConverter/test_1_artifice_no_krakatau vs InfixConverter/0_orig → CLONE
[602/50000] 2026-06-30 04:25:25 | R1 | InfixConverter/test_1_artifice_no_krakatau vs InfixConverter/1_artifice → CLONE
[603/50000] 2026-06-30 04:25:26 | R1 | InfixConverter/test_1_artifice_no_krakatau vs InfixConverter/test_0_orig_no_krakatau → CLONE
[604/50000] 2026-06-30 04:25:27 | R1 | InfixConverter/test_1_artifice_no_krakatau vs InfixConverter/test_0_orig_no_procyon → CLONE
[605/50000] 2026-06-30 04:25:28 | R1 | InfixConverter/test_1_artifice_no_krakatau vs InfixConverter/test_0_orig_pg_krakatau → CLONE
[606/50000] 2026-06-30 04:25:29 | R1 | InfixConverter/test_1_artifice_no_krakatau vs InfixConverter/test_0_orig_pg_procyon → CLONE
[607/50000] 2026-06-30 04:25:30 | R1 | InfixConverter/test_1_artifice_no_krakatau vs InfixConverter/test_1_artifice_no_krakatau → CLONE
[608/50000] 2026-06-30 04:25:31 | R1 | InfixConverter/test_1_artifice_no_krakatau vs InfixConverter/test_1_artifice_no_procyon → CLONE
[609/50000] 2026-06-30 04:25:32 | R1 | InfixConverter/test_1_artifice_no_krakatau vs InfixConverter/test_1_artifice_pg_krakatau → CLONE
[610/50000] 2026-06-30 04:25:33 | R1 | InfixConverter/test_1_artifice_no_krakatau vs InfixConverter/test_1_artifice_pg_procyon → CLONE
[611/50000] 2026-06-30 04:25:33 | R1 | InfixConverter/test_1_artifice_no_krakatau vs SqrtAlgorithm/0_orig → NON-CLONE
[612/50000] 2026-06-30 04:25:35 | R1 | InfixConverter/test_1_artifice_no_krakatau vs SqrtAlgorithm/1_artifice → NON-CLONE
[613/50000] 2026-06-30 04:25:35 | R1 | InfixConverter/test_1_artifice_no_krakatau vs SqrtAlgorithm/test_0_orig_no_krakatau → NON-CLONE
[614/50000] 2026-06-30 04:25:37 | R1 | InfixConverter/test_1_artifice_no_krakatau vs SqrtAlgorithm/test_0_orig_no_procyon → NON-CLONE
[615/50000] 2026-06-30 04:25:38 | R1 | InfixConverter/test_1_artifice_no_krakatau vs SqrtAlgorithm/test_0_orig_pg_krakatau → NON-CLONE
[616/50000] 2026-06-30 04:25:39 | R1 | InfixConverter/test_1_artifice_no_krakatau vs SqrtAlgorithm/test_0_orig_pg_procyon → NON-CLONE
[617/50000] 2026-06-30 04:25:40 | R1 | InfixConverter/test_1_artifice_no_krakatau vs SqrtAlgorithm/test_1_artifice_no_krakatau → NON-CLONE
[618/50000] 2026-06-30 04:25:41 | R1 | InfixConverter/test_1_artifice_no_krakatau vs SqrtAlgorithm/test_1_artifice_no_procyon → NON-CLONE
[619/50000] 2026-06-30 04:25:43 | R1 | InfixConverter/test_1_artifice_no_krakatau vs SqrtAlgorithm/test_1_artifice_pg_krakatau → NON-CLONE
[620/50000] 2026-06-30 04:25:43 | R1 | InfixConverter/test_1_artifice_no_krakatau vs SqrtAlgorithm/test_1_artifice_pg_procyon → NON-CLONE
[621/50000] 2026-06-30 04:25:44 | R1 | InfixConverter/test_1_artifice_no_krakatau vs bubblesort/0_orig → NON-CLONE
[622/50000] 2026-06-30 04:25:45 | R1 | InfixConverter/test_1_artifice_no_krakatau vs bubblesort/1_artifice → NON-CLONE
[623/50000] 2026-06-30 04:25:46 | R1 | InfixConverter/test_1_artifice_no_krakatau vs bubblesort/test_0_orig_no_krakatau → NON-CLONE
[624/50000] 2026-06-30 04:25:46 | R1 | InfixConverter/test_1_artifice_no_krakatau vs bubblesort/test_0_orig_no_procyon → NON-CLONE
[625/50000] 2026-06-30 04:25:47 | R1 | InfixConverter/test_1_artifice_no_krakatau vs bubblesort/test_0_orig_pg_krakatau → NON-CLONE
[626/50000] 2026-06-30 04:25:48 | R1 | InfixConverter/test_1_artifice_no_krakatau vs bubblesort/test_0_orig_pg_procyon → NON-CLONE
[627/50000] 2026-06-30 04:25:49 | R1 | InfixConverter/test_1_artifice_no_krakatau vs bubblesort/test_1_artifice_no_krakatau → NON-CLONE
[628/50000] 2026-06-30 04:25:50 | R1 | InfixConverter/test_1_artifice_no_krakatau vs bubblesort/test_1_artifice_no_procyon → NON-CLONE
[629/50000] 2026-06-30 04:25:51 | R1 | InfixConverter/test_1_artifice_no_krakatau vs bubblesort/test_1_artifice_pg_krakatau → NON-CLONE
[630/50000] 2026-06-30 04:25:52 | R1 | InfixConverter/test_1_artifice_no_krakatau vs bubblesort/test_1_artifice_pg_procyon → NON-CLONE
[631/50000] 2026-06-30 04:25:53 | R1 | InfixConverter/test_1_artifice_no_krakatau vs guessword/0_orig → NON-CLONE
[632/50000] 2026-06-30 04:25:54 | R1 | InfixConverter/test_1_artifice_no_krakatau vs guessword/1_artifice → NON-CLONE
[633/50000] 2026-06-30 04:25:55 | R1 | InfixConverter/test_1_artifice_no_krakatau vs guessword/test_0_orig_no_krakatau → NON-CLONE
[634/50000] 2026-06-30 04:25:56 | R1 | InfixConverter/test_1_artifice_no_krakatau vs guessword/test_0_orig_no_procyon → NON-CLONE
[635/50000] 2026-06-30 04:25:56 | R1 | InfixConverter/test_1_artifice_no_krakatau vs guessword/test_0_orig_pg_krakatau → NON-CLONE
[636/50000] 2026-06-30 04:25:57 | R1 | InfixConverter/test_1_artifice_no_krakatau vs guessword/test_0_orig_pg_procyon → NON-CLONE
[637/50000] 2026-06-30 04:25:59 | R1 | InfixConverter/test_1_artifice_no_krakatau vs guessword/test_1_artifice_no_krakatau → NON-CLONE
[638/50000] 2026-06-30 04:26:00 | R1 | InfixConverter/test_1_artifice_no_krakatau vs guessword/test_1_artifice_no_procyon → NON-CLONE
[639/50000] 2026-06-30 04:26:01 | R1 | InfixConverter/test_1_artifice_no_krakatau vs guessword/test_1_artifice_pg_krakatau → NON-CLONE
[640/50000] 2026-06-30 04:26:02 | R1 | InfixConverter/test_1_artifice_no_krakatau vs guessword/test_1_artifice_pg_procyon → NON-CLONE
[641/50000] 2026-06-30 04:26:03 | R1 | InfixConverter/test_1_artifice_no_krakatau vs hanoi/0_orig → NON-CLONE
[642/50000] 2026-06-30 04:26:04 | R1 | InfixConverter/test_1_artifice_no_krakatau vs hanoi/1_artifice → NON-CLONE
[643/50000] 2026-06-30 04:26:05 | R1 | InfixConverter/test_1_artifice_no_krakatau vs hanoi/test_0_orig_no_krakatau → NON-CLONE
[644/50000] 2026-06-30 04:26:07 | R1 | InfixConverter/test_1_artifice_no_krakatau vs hanoi/test_0_orig_no_procyon → NON-CLONE
[645/50000] 2026-06-30 04:26:08 | R1 | InfixConverter/test_1_artifice_no_krakatau vs hanoi/test_0_orig_pg_krakatau → NON-CLONE
[646/50000] 2026-06-30 04:26:09 | R1 | InfixConverter/test_1_artifice_no_krakatau vs hanoi/test_0_orig_pg_procyon → NON-CLONE
[647/50000] 2026-06-30 04:26:10 | R1 | InfixConverter/test_1_artifice_no_krakatau vs hanoi/test_1_artifice_no_krakatau → NON-CLONE
[648/50000] 2026-06-30 04:26:11 | R1 | InfixConverter/test_1_artifice_no_krakatau vs hanoi/test_1_artifice_no_procyon → NON-CLONE
[649/50000] 2026-06-30 04:26:12 | R1 | InfixConverter/test_1_artifice_no_krakatau vs hanoi/test_1_artifice_pg_krakatau → NON-CLONE
[650/50000] 2026-06-30 04:26:13 | R1 | InfixConverter/test_1_artifice_no_krakatau vs hanoi/test_1_artifice_pg_procyon → NON-CLONE
[651/50000] 2026-06-30 04:26:14 | R1 | InfixConverter/test_1_artifice_no_krakatau vs kaprekar/0_orig → NON-CLONE
[652/50000] 2026-06-30 04:26:15 | R1 | InfixConverter/test_1_artifice_no_krakatau vs kaprekar/1_artifice → NON-CLONE
[653/50000] 2026-06-30 04:26:16 | R1 | InfixConverter/test_1_artifice_no_krakatau vs kaprekar/test_0_orig_no_krakatau → NON-CLONE
[654/50000] 2026-06-30 04:26:17 | R1 | InfixConverter/test_1_artifice_no_krakatau vs kaprekar/test_0_orig_no_procyon → NON-CLONE
[655/50000] 2026-06-30 04:26:18 | R1 | InfixConverter/test_1_artifice_no_krakatau vs kaprekar/test_0_orig_pg_krakatau → NON-CLONE
[656/50000] 2026-06-30 04:26:19 | R1 | InfixConverter/test_1_artifice_no_krakatau vs kaprekar/test_0_orig_pg_procyon → NON-CLONE
[657/50000] 2026-06-30 04:26:20 | R1 | InfixConverter/test_1_artifice_no_krakatau vs kaprekar/test_1_artifice_no_krakatau → NON-CLONE
[658/50000] 2026-06-30 04:26:20 | R1 | InfixConverter/test_1_artifice_no_krakatau vs kaprekar/test_1_artifice_no_procyon → NON-CLONE
[659/50000] 2026-06-30 04:26:22 | R1 | InfixConverter/test_1_artifice_no_krakatau vs kaprekar/test_1_artifice_pg_krakatau → NON-CLONE
[660/50000] 2026-06-30 04:26:23 | R1 | InfixConverter/test_1_artifice_no_krakatau vs kaprekar/test_1_artifice_pg_procyon → NON-CLONE
[661/50000] 2026-06-30 04:26:24 | R1 | InfixConverter/test_1_artifice_no_krakatau vs queens/0_orig → NON-CLONE
[662/50000] 2026-06-30 04:26:24 | R1 | InfixConverter/test_1_artifice_no_krakatau vs queens/1_artifice → NON-CLONE
[663/50000] 2026-06-30 04:26:25 | R1 | InfixConverter/test_1_artifice_no_krakatau vs queens/test_0_orig_no_krakatau → NON-CLONE
[664/50000] 2026-06-30 04:26:26 | R1 | InfixConverter/test_1_artifice_no_krakatau vs queens/test_0_orig_no_procyon → NON-CLONE
[665/50000] 2026-06-30 04:26:27 | R1 | InfixConverter/test_1_artifice_no_krakatau vs queens/test_0_orig_pg_krakatau → NON-CLONE
[666/50000] 2026-06-30 04:26:28 | R1 | InfixConverter/test_1_artifice_no_krakatau vs queens/test_0_orig_pg_procyon → NON-CLONE
[667/50000] 2026-06-30 04:26:29 | R1 | InfixConverter/test_1_artifice_no_krakatau vs queens/test_1_artifice_no_krakatau → NON-CLONE
[668/50000] 2026-06-30 04:26:29 | R1 | InfixConverter/test_1_artifice_no_krakatau vs queens/test_1_artifice_no_procyon → NON-CLONE
[669/50000] 2026-06-30 04:26:30 | R1 | InfixConverter/test_1_artifice_no_krakatau vs queens/test_1_artifice_pg_krakatau → NON-CLONE
[670/50000] 2026-06-30 04:26:31 | R1 | InfixConverter/test_1_artifice_no_krakatau vs queens/test_1_artifice_pg_procyon → NON-CLONE
[671/50000] 2026-06-30 04:26:32 | R1 | InfixConverter/test_1_artifice_no_krakatau vs railroadcar/0_orig → NON-CLONE
[672/50000] 2026-06-30 04:26:34 | R1 | InfixConverter/test_1_artifice_no_krakatau vs railroadcar/1_artifice → NON-CLONE
[673/50000] 2026-06-30 04:26:35 | R1 | InfixConverter/test_1_artifice_no_krakatau vs railroadcar/test_0_orig_no_krakatau → NON-CLONE
[674/50000] 2026-06-30 04:26:36 | R1 | InfixConverter/test_1_artifice_no_krakatau vs railroadcar/test_0_orig_no_procyon → NON-CLONE
[675/50000] 2026-06-30 04:26:37 | R1 | InfixConverter/test_1_artifice_no_krakatau vs railroadcar/test_0_orig_pg_krakatau → NON-CLONE
[676/50000] 2026-06-30 04:26:38 | R1 | InfixConverter/test_1_artifice_no_krakatau vs railroadcar/test_0_orig_pg_procyon → NON-CLONE
[677/50000] 2026-06-30 04:26:39 | R1 | InfixConverter/test_1_artifice_no_krakatau vs railroadcar/test_1_artifice_no_krakatau → NON-CLONE
[678/50000] 2026-06-30 04:26:39 | R1 | InfixConverter/test_1_artifice_no_krakatau vs railroadcar/test_1_artifice_no_procyon → NON-CLONE
[679/50000] 2026-06-30 04:26:40 | R1 | InfixConverter/test_1_artifice_no_krakatau vs railroadcar/test_1_artifice_pg_krakatau → NON-CLONE
[680/50000] 2026-06-30 04:26:41 | R1 | InfixConverter/test_1_artifice_no_krakatau vs railroadcar/test_1_artifice_pg_procyon → NON-CLONE
[681/50000] 2026-06-30 04:26:42 | R1 | InfixConverter/test_1_artifice_no_krakatau vs slinkedlist/0_orig → NON-CLONE
[682/50000] 2026-06-30 04:26:43 | R1 | InfixConverter/test_1_artifice_no_krakatau vs slinkedlist/1_artifice → NON-CLONE
[683/50000] 2026-06-30 04:26:44 | R1 | InfixConverter/test_1_artifice_no_krakatau vs slinkedlist/test_0_orig_no_krakatau → NON-CLONE
[684/50000] 2026-06-30 04:26:45 | R1 | InfixConverter/test_1_artifice_no_krakatau vs slinkedlist/test_0_orig_no_procyon → NON-CLONE
[685/50000] 2026-06-30 04:26:46 | R1 | InfixConverter/test_1_artifice_no_krakatau vs slinkedlist/test_0_orig_pg_krakatau → NON-CLONE
[686/50000] 2026-06-30 04:26:47 | R1 | InfixConverter/test_1_artifice_no_krakatau vs slinkedlist/test_0_orig_pg_procyon → NON-CLONE
[687/50000] 2026-06-30 04:26:48 | R1 | InfixConverter/test_1_artifice_no_krakatau vs slinkedlist/test_1_artifice_no_krakatau → NON-CLONE
[688/50000] 2026-06-30 04:26:49 | R1 | InfixConverter/test_1_artifice_no_krakatau vs slinkedlist/test_1_artifice_no_procyon → NON-CLONE
[689/50000] 2026-06-30 04:26:50 | R1 | InfixConverter/test_1_artifice_no_krakatau vs slinkedlist/test_1_artifice_pg_krakatau → NON-CLONE
[690/50000] 2026-06-30 04:26:51 | R1 | InfixConverter/test_1_artifice_no_krakatau vs slinkedlist/test_1_artifice_pg_procyon → NON-CLONE
[691/50000] 2026-06-30 04:26:51 | R1 | InfixConverter/test_1_artifice_no_krakatau vs square/0_orig → NON-CLONE
[692/50000] 2026-06-30 04:26:52 | R1 | InfixConverter/test_1_artifice_no_krakatau vs square/1_artifice → NON-CLONE
[693/50000] 2026-06-30 04:26:53 | R1 | InfixConverter/test_1_artifice_no_krakatau vs square/test_0_orig_no_krakatau → NON-CLONE
[694/50000] 2026-06-30 04:26:54 | R1 | InfixConverter/test_1_artifice_no_krakatau vs square/test_0_orig_no_procyon → NON-CLONE
[695/50000] 2026-06-30 04:26:56 | R1 | InfixConverter/test_1_artifice_no_krakatau vs square/test_0_orig_pg_krakatau → NON-CLONE
[696/50000] 2026-06-30 04:26:57 | R1 | InfixConverter/test_1_artifice_no_krakatau vs square/test_0_orig_pg_procyon → NON-CLONE
[697/50000] 2026-06-30 04:26:58 | R1 | InfixConverter/test_1_artifice_no_krakatau vs square/test_1_artifice_no_krakatau → NON-CLONE
[698/50000] 2026-06-30 04:26:59 | R1 | InfixConverter/test_1_artifice_no_krakatau vs square/test_1_artifice_no_procyon → NON-CLONE
[699/50000] 2026-06-30 04:27:00 | R1 | InfixConverter/test_1_artifice_no_krakatau vs square/test_1_artifice_pg_krakatau → NON-CLONE
[700/50000] 2026-06-30 04:27:02 | R1 | InfixConverter/test_1_artifice_no_krakatau vs square/test_1_artifice_pg_procyon → NON-CLONE
[701/50000] 2026-06-30 04:27:02 | R1 | InfixConverter/test_1_artifice_no_procyon vs InfixConverter/0_orig → CLONE
[702/50000] 2026-06-30 04:27:03 | R1 | InfixConverter/test_1_artifice_no_procyon vs InfixConverter/1_artifice → CLONE
[703/50000] 2026-06-30 04:27:04 | R1 | InfixConverter/test_1_artifice_no_procyon vs InfixConverter/test_0_orig_no_krakatau → CLONE
[704/50000] 2026-06-30 04:27:04 | R1 | InfixConverter/test_1_artifice_no_procyon vs InfixConverter/test_0_orig_no_procyon → CLONE
[705/50000] 2026-06-30 04:27:06 | R1 | InfixConverter/test_1_artifice_no_procyon vs InfixConverter/test_0_orig_pg_krakatau → CLONE
[706/50000] 2026-06-30 04:27:07 | R1 | InfixConverter/test_1_artifice_no_procyon vs InfixConverter/test_0_orig_pg_procyon → CLONE
[707/50000] 2026-06-30 04:27:08 | R1 | InfixConverter/test_1_artifice_no_procyon vs InfixConverter/test_1_artifice_no_krakatau → CLONE
[708/50000] 2026-06-30 04:27:08 | R1 | InfixConverter/test_1_artifice_no_procyon vs InfixConverter/test_1_artifice_no_procyon → CLONE
[709/50000] 2026-06-30 04:27:09 | R1 | InfixConverter/test_1_artifice_no_procyon vs InfixConverter/test_1_artifice_pg_krakatau → CLONE
[710/50000] 2026-06-30 04:27:10 | R1 | InfixConverter/test_1_artifice_no_procyon vs InfixConverter/test_1_artifice_pg_procyon → CLONE
[711/50000] 2026-06-30 04:27:11 | R1 | InfixConverter/test_1_artifice_no_procyon vs SqrtAlgorithm/0_orig → NON-CLONE
[712/50000] 2026-06-30 04:27:12 | R1 | InfixConverter/test_1_artifice_no_procyon vs SqrtAlgorithm/1_artifice → NON-CLONE
[713/50000] 2026-06-30 04:27:14 | R1 | InfixConverter/test_1_artifice_no_procyon vs SqrtAlgorithm/test_0_orig_no_krakatau → NON-CLONE
[714/50000] 2026-06-30 04:27:14 | R1 | InfixConverter/test_1_artifice_no_procyon vs SqrtAlgorithm/test_0_orig_no_procyon → NON-CLONE
[715/50000] 2026-06-30 04:27:15 | R1 | InfixConverter/test_1_artifice_no_procyon vs SqrtAlgorithm/test_0_orig_pg_krakatau → NON-CLONE
[716/50000] 2026-06-30 04:27:16 | R1 | InfixConverter/test_1_artifice_no_procyon vs SqrtAlgorithm/test_0_orig_pg_procyon → NON-CLONE
[717/50000] 2026-06-30 04:27:17 | R1 | InfixConverter/test_1_artifice_no_procyon vs SqrtAlgorithm/test_1_artifice_no_krakatau → NON-CLONE
[718/50000] 2026-06-30 04:27:18 | R1 | InfixConverter/test_1_artifice_no_procyon vs SqrtAlgorithm/test_1_artifice_no_procyon → NON-CLONE
[719/50000] 2026-06-30 04:27:19 | R1 | InfixConverter/test_1_artifice_no_procyon vs SqrtAlgorithm/test_1_artifice_pg_krakatau → NON-CLONE
[720/50000] 2026-06-30 04:27:19 | R1 | InfixConverter/test_1_artifice_no_procyon vs SqrtAlgorithm/test_1_artifice_pg_procyon → NON-CLONE
[721/50000] 2026-06-30 04:27:20 | R1 | InfixConverter/test_1_artifice_no_procyon vs bubblesort/0_orig → NON-CLONE
[722/50000] 2026-06-30 04:27:21 | R1 | InfixConverter/test_1_artifice_no_procyon vs bubblesort/1_artifice → NON-CLONE
[723/50000] 2026-06-30 04:27:22 | R1 | InfixConverter/test_1_artifice_no_procyon vs bubblesort/test_0_orig_no_krakatau → NON-CLONE
[724/50000] 2026-06-30 04:27:22 | R1 | InfixConverter/test_1_artifice_no_procyon vs bubblesort/test_0_orig_no_procyon → NON-CLONE
[725/50000] 2026-06-30 04:27:23 | R1 | InfixConverter/test_1_artifice_no_procyon vs bubblesort/test_0_orig_pg_krakatau → NON-CLONE
[726/50000] 2026-06-30 04:27:24 | R1 | InfixConverter/test_1_artifice_no_procyon vs bubblesort/test_0_orig_pg_procyon → NON-CLONE
[727/50000] 2026-06-30 04:27:25 | R1 | InfixConverter/test_1_artifice_no_procyon vs bubblesort/test_1_artifice_no_krakatau → NON-CLONE
[728/50000] 2026-06-30 04:27:26 | R1 | InfixConverter/test_1_artifice_no_procyon vs bubblesort/test_1_artifice_no_procyon → NON-CLONE
[729/50000] 2026-06-30 04:27:26 | R1 | InfixConverter/test_1_artifice_no_procyon vs bubblesort/test_1_artifice_pg_krakatau → NON-CLONE
[730/50000] 2026-06-30 04:27:27 | R1 | InfixConverter/test_1_artifice_no_procyon vs bubblesort/test_1_artifice_pg_procyon → NON-CLONE
[731/50000] 2026-06-30 04:27:28 | R1 | InfixConverter/test_1_artifice_no_procyon vs guessword/0_orig → NON-CLONE
[732/50000] 2026-06-30 04:27:29 | R1 | InfixConverter/test_1_artifice_no_procyon vs guessword/1_artifice → NON-CLONE
[733/50000] 2026-06-30 04:27:30 | R1 | InfixConverter/test_1_artifice_no_procyon vs guessword/test_0_orig_no_krakatau → NON-CLONE
[734/50000] 2026-06-30 04:27:32 | R1 | InfixConverter/test_1_artifice_no_procyon vs guessword/test_0_orig_no_procyon → NON-CLONE
[735/50000] 2026-06-30 04:27:32 | R1 | InfixConverter/test_1_artifice_no_procyon vs guessword/test_0_orig_pg_krakatau → NON-CLONE
[736/50000] 2026-06-30 04:27:33 | R1 | InfixConverter/test_1_artifice_no_procyon vs guessword/test_0_orig_pg_procyon → NON-CLONE
[737/50000] 2026-06-30 04:27:34 | R1 | InfixConverter/test_1_artifice_no_procyon vs guessword/test_1_artifice_no_krakatau → NON-CLONE
[738/50000] 2026-06-30 04:27:35 | R1 | InfixConverter/test_1_artifice_no_procyon vs guessword/test_1_artifice_no_procyon → NON-CLONE
[739/50000] 2026-06-30 04:27:37 | R1 | InfixConverter/test_1_artifice_no_procyon vs guessword/test_1_artifice_pg_krakatau → NON-CLONE
[740/50000] 2026-06-30 04:27:38 | R1 | InfixConverter/test_1_artifice_no_procyon vs guessword/test_1_artifice_pg_procyon → NON-CLONE
[741/50000] 2026-06-30 04:27:39 | R1 | InfixConverter/test_1_artifice_no_procyon vs hanoi/0_orig → NON-CLONE
[742/50000] 2026-06-30 04:27:39 | R1 | InfixConverter/test_1_artifice_no_procyon vs hanoi/1_artifice → NON-CLONE
[743/50000] 2026-06-30 04:27:41 | R1 | InfixConverter/test_1_artifice_no_procyon vs hanoi/test_0_orig_no_krakatau → NON-CLONE
[744/50000] 2026-06-30 04:27:42 | R1 | InfixConverter/test_1_artifice_no_procyon vs hanoi/test_0_orig_no_procyon → NON-CLONE
[745/50000] 2026-06-30 04:27:43 | R1 | InfixConverter/test_1_artifice_no_procyon vs hanoi/test_0_orig_pg_krakatau → NON-CLONE
[746/50000] 2026-06-30 04:27:44 | R1 | InfixConverter/test_1_artifice_no_procyon vs hanoi/test_0_orig_pg_procyon → NON-CLONE
[747/50000] 2026-06-30 04:27:46 | R1 | InfixConverter/test_1_artifice_no_procyon vs hanoi/test_1_artifice_no_krakatau → NON-CLONE
[748/50000] 2026-06-30 04:27:47 | R1 | InfixConverter/test_1_artifice_no_procyon vs hanoi/test_1_artifice_no_procyon → NON-CLONE
[749/50000] 2026-06-30 04:27:48 | R1 | InfixConverter/test_1_artifice_no_procyon vs hanoi/test_1_artifice_pg_krakatau → NON-CLONE
[750/50000] 2026-06-30 04:27:48 | R1 | InfixConverter/test_1_artifice_no_procyon vs hanoi/test_1_artifice_pg_procyon → NON-CLONE
[751/50000] 2026-06-30 04:27:49 | R1 | InfixConverter/test_1_artifice_no_procyon vs kaprekar/0_orig → NON-CLONE
[752/50000] 2026-06-30 04:27:50 | R1 | InfixConverter/test_1_artifice_no_procyon vs kaprekar/1_artifice → NON-CLONE
[753/50000] 2026-06-30 04:27:52 | R1 | InfixConverter/test_1_artifice_no_procyon vs kaprekar/test_0_orig_no_krakatau → NON-CLONE
[754/50000] 2026-06-30 04:27:53 | R1 | InfixConverter/test_1_artifice_no_procyon vs kaprekar/test_0_orig_no_procyon → NON-CLONE
[755/50000] 2026-06-30 04:27:54 | R1 | InfixConverter/test_1_artifice_no_procyon vs kaprekar/test_0_orig_pg_krakatau → NON-CLONE
[756/50000] 2026-06-30 04:27:55 | R1 | InfixConverter/test_1_artifice_no_procyon vs kaprekar/test_0_orig_pg_procyon → NON-CLONE
[757/50000] 2026-06-30 04:27:56 | R1 | InfixConverter/test_1_artifice_no_procyon vs kaprekar/test_1_artifice_no_krakatau → NON-CLONE
[758/50000] 2026-06-30 04:27:57 | R1 | InfixConverter/test_1_artifice_no_procyon vs kaprekar/test_1_artifice_no_procyon → NON-CLONE
[759/50000] 2026-06-30 04:27:58 | R1 | InfixConverter/test_1_artifice_no_procyon vs kaprekar/test_1_artifice_pg_krakatau → NON-CLONE
[760/50000] 2026-06-30 04:27:59 | R1 | InfixConverter/test_1_artifice_no_procyon vs kaprekar/test_1_artifice_pg_procyon → NON-CLONE
[761/50000] 2026-06-30 04:27:59 | R1 | InfixConverter/test_1_artifice_no_procyon vs queens/0_orig → NON-CLONE
[762/50000] 2026-06-30 04:28:00 | R1 | InfixConverter/test_1_artifice_no_procyon vs queens/1_artifice → NON-CLONE
[763/50000] 2026-06-30 04:28:01 | R1 | InfixConverter/test_1_artifice_no_procyon vs queens/test_0_orig_no_krakatau → NON-CLONE
[764/50000] 2026-06-30 04:28:02 | R1 | InfixConverter/test_1_artifice_no_procyon vs queens/test_0_orig_no_procyon → NON-CLONE
[765/50000] 2026-06-30 04:28:03 | R1 | InfixConverter/test_1_artifice_no_procyon vs queens/test_0_orig_pg_krakatau → NON-CLONE
[766/50000] 2026-06-30 04:28:04 | R1 | InfixConverter/test_1_artifice_no_procyon vs queens/test_0_orig_pg_procyon → NON-CLONE
[767/50000] 2026-06-30 04:28:05 | R1 | InfixConverter/test_1_artifice_no_procyon vs queens/test_1_artifice_no_krakatau → NON-CLONE
[768/50000] 2026-06-30 04:28:06 | R1 | InfixConverter/test_1_artifice_no_procyon vs queens/test_1_artifice_no_procyon → NON-CLONE
[769/50000] 2026-06-30 04:28:07 | R1 | InfixConverter/test_1_artifice_no_procyon vs queens/test_1_artifice_pg_krakatau → NON-CLONE
[770/50000] 2026-06-30 04:28:08 | R1 | InfixConverter/test_1_artifice_no_procyon vs queens/test_1_artifice_pg_procyon → NON-CLONE
[771/50000] 2026-06-30 04:28:09 | R1 | InfixConverter/test_1_artifice_no_procyon vs railroadcar/0_orig → NON-CLONE
[772/50000] 2026-06-30 04:28:10 | R1 | InfixConverter/test_1_artifice_no_procyon vs railroadcar/1_artifice → NON-CLONE
[773/50000] 2026-06-30 04:28:10 | R1 | InfixConverter/test_1_artifice_no_procyon vs railroadcar/test_0_orig_no_krakatau → NON-CLONE
[774/50000] 2026-06-30 04:28:11 | R1 | InfixConverter/test_1_artifice_no_procyon vs railroadcar/test_0_orig_no_procyon → NON-CLONE
[775/50000] 2026-06-30 04:28:12 | R1 | InfixConverter/test_1_artifice_no_procyon vs railroadcar/test_0_orig_pg_krakatau → NON-CLONE
[776/50000] 2026-06-30 04:28:13 | R1 | InfixConverter/test_1_artifice_no_procyon vs railroadcar/test_0_orig_pg_procyon → NON-CLONE
[777/50000] 2026-06-30 04:28:14 | R1 | InfixConverter/test_1_artifice_no_procyon vs railroadcar/test_1_artifice_no_krakatau → NON-CLONE
[778/50000] 2026-06-30 04:28:16 | R1 | InfixConverter/test_1_artifice_no_procyon vs railroadcar/test_1_artifice_no_procyon → NON-CLONE
[779/50000] 2026-06-30 04:28:17 | R1 | InfixConverter/test_1_artifice_no_procyon vs railroadcar/test_1_artifice_pg_krakatau → NON-CLONE
[780/50000] 2026-06-30 04:28:18 | R1 | InfixConverter/test_1_artifice_no_procyon vs railroadcar/test_1_artifice_pg_procyon → NON-CLONE
[781/50000] 2026-06-30 04:28:18 | R1 | InfixConverter/test_1_artifice_no_procyon vs slinkedlist/0_orig → NON-CLONE
[782/50000] 2026-06-30 04:28:19 | R1 | InfixConverter/test_1_artifice_no_procyon vs slinkedlist/1_artifice → NON-CLONE
[783/50000] 2026-06-30 04:28:20 | R1 | InfixConverter/test_1_artifice_no_procyon vs slinkedlist/test_0_orig_no_krakatau → NON-CLONE
[784/50000] 2026-06-30 04:28:21 | R1 | InfixConverter/test_1_artifice_no_procyon vs slinkedlist/test_0_orig_no_procyon → NON-CLONE
[785/50000] 2026-06-30 04:28:22 | R1 | InfixConverter/test_1_artifice_no_procyon vs slinkedlist/test_0_orig_pg_krakatau → NON-CLONE
[786/50000] 2026-06-30 04:28:22 | R1 | InfixConverter/test_1_artifice_no_procyon vs slinkedlist/test_0_orig_pg_procyon → NON-CLONE
[787/50000] 2026-06-30 04:28:23 | R1 | InfixConverter/test_1_artifice_no_procyon vs slinkedlist/test_1_artifice_no_krakatau → NON-CLONE
[788/50000] 2026-06-30 04:28:24 | R1 | InfixConverter/test_1_artifice_no_procyon vs slinkedlist/test_1_artifice_no_procyon → NON-CLONE
[789/50000] 2026-06-30 04:28:25 | R1 | InfixConverter/test_1_artifice_no_procyon vs slinkedlist/test_1_artifice_pg_krakatau → NON-CLONE
[790/50000] 2026-06-30 04:28:26 | R1 | InfixConverter/test_1_artifice_no_procyon vs slinkedlist/test_1_artifice_pg_procyon → NON-CLONE
[791/50000] 2026-06-30 04:28:27 | R1 | InfixConverter/test_1_artifice_no_procyon vs square/0_orig → NON-CLONE
[792/50000] 2026-06-30 04:28:28 | R1 | InfixConverter/test_1_artifice_no_procyon vs square/1_artifice → NON-CLONE
[793/50000] 2026-06-30 04:28:29 | R1 | InfixConverter/test_1_artifice_no_procyon vs square/test_0_orig_no_krakatau → NON-CLONE
[794/50000] 2026-06-30 04:28:30 | R1 | InfixConverter/test_1_artifice_no_procyon vs square/test_0_orig_no_procyon → NON-CLONE
[795/50000] 2026-06-30 04:28:31 | R1 | InfixConverter/test_1_artifice_no_procyon vs square/test_0_orig_pg_krakatau → NON-CLONE
[796/50000] 2026-06-30 04:28:32 | R1 | InfixConverter/test_1_artifice_no_procyon vs square/test_0_orig_pg_procyon → NON-CLONE
[797/50000] 2026-06-30 04:28:33 | R1 | InfixConverter/test_1_artifice_no_procyon vs square/test_1_artifice_no_krakatau → NON-CLONE
[798/50000] 2026-06-30 04:28:34 | R1 | InfixConverter/test_1_artifice_no_procyon vs square/test_1_artifice_no_procyon → NON-CLONE
[799/50000] 2026-06-30 04:28:34 | R1 | InfixConverter/test_1_artifice_no_procyon vs square/test_1_artifice_pg_krakatau → NON-CLONE
[800/50000] 2026-06-30 04:28:36 | R1 | InfixConverter/test_1_artifice_no_procyon vs square/test_1_artifice_pg_procyon → NON-CLONE
[801/50000] 2026-06-30 04:28:37 | R1 | InfixConverter/test_1_artifice_pg_krakatau vs InfixConverter/0_orig → CLONE
[802/50000] 2026-06-30 04:28:37 | R1 | InfixConverter/test_1_artifice_pg_krakatau vs InfixConverter/1_artifice → CLONE
[803/50000] 2026-06-30 04:28:38 | R1 | InfixConverter/test_1_artifice_pg_krakatau vs InfixConverter/test_0_orig_no_krakatau → CLONE
[804/50000] 2026-06-30 04:28:39 | R1 | InfixConverter/test_1_artifice_pg_krakatau vs InfixConverter/test_0_orig_no_procyon → CLONE
[805/50000] 2026-06-30 04:28:40 | R1 | InfixConverter/test_1_artifice_pg_krakatau vs InfixConverter/test_0_orig_pg_krakatau → CLONE
[806/50000] 2026-06-30 04:28:41 | R1 | InfixConverter/test_1_artifice_pg_krakatau vs InfixConverter/test_0_orig_pg_procyon → CLONE
[807/50000] 2026-06-30 04:28:42 | R1 | InfixConverter/test_1_artifice_pg_krakatau vs InfixConverter/test_1_artifice_no_krakatau → CLONE
[808/50000] 2026-06-30 04:28:43 | R1 | InfixConverter/test_1_artifice_pg_krakatau vs InfixConverter/test_1_artifice_no_procyon → CLONE
[809/50000] 2026-06-30 04:28:44 | R1 | InfixConverter/test_1_artifice_pg_krakatau vs InfixConverter/test_1_artifice_pg_krakatau → CLONE
[810/50000] 2026-06-30 04:28:45 | R1 | InfixConverter/test_1_artifice_pg_krakatau vs InfixConverter/test_1_artifice_pg_procyon → CLONE
[811/50000] 2026-06-30 04:28:46 | R1 | InfixConverter/test_1_artifice_pg_krakatau vs SqrtAlgorithm/0_orig → NON-CLONE
[812/50000] 2026-06-30 04:28:47 | R1 | InfixConverter/test_1_artifice_pg_krakatau vs SqrtAlgorithm/1_artifice → NON-CLONE
[813/50000] 2026-06-30 04:28:48 | R1 | InfixConverter/test_1_artifice_pg_krakatau vs SqrtAlgorithm/test_0_orig_no_krakatau → NON-CLONE
[814/50000] 2026-06-30 04:28:50 | R1 | InfixConverter/test_1_artifice_pg_krakatau vs SqrtAlgorithm/test_0_orig_no_procyon → NON-CLONE
[815/50000] 2026-06-30 04:28:50 | R1 | InfixConverter/test_1_artifice_pg_krakatau vs SqrtAlgorithm/test_0_orig_pg_krakatau → NON-CLONE
[816/50000] 2026-06-30 04:28:51 | R1 | InfixConverter/test_1_artifice_pg_krakatau vs SqrtAlgorithm/test_0_orig_pg_procyon → NON-CLONE
[817/50000] 2026-06-30 04:28:52 | R1 | InfixConverter/test_1_artifice_pg_krakatau vs SqrtAlgorithm/test_1_artifice_no_krakatau → NON-CLONE
[818/50000] 2026-06-30 04:28:54 | R1 | InfixConverter/test_1_artifice_pg_krakatau vs SqrtAlgorithm/test_1_artifice_no_procyon → NON-CLONE
[819/50000] 2026-06-30 04:28:55 | R1 | InfixConverter/test_1_artifice_pg_krakatau vs SqrtAlgorithm/test_1_artifice_pg_krakatau → NON-CLONE
[820/50000] 2026-06-30 04:28:56 | R1 | InfixConverter/test_1_artifice_pg_krakatau vs SqrtAlgorithm/test_1_artifice_pg_procyon → NON-CLONE
[821/50000] 2026-06-30 04:28:56 | R1 | InfixConverter/test_1_artifice_pg_krakatau vs bubblesort/0_orig → NON-CLONE
[822/50000] 2026-06-30 04:28:57 | R1 | InfixConverter/test_1_artifice_pg_krakatau vs bubblesort/1_artifice → NON-CLONE
[823/50000] 2026-06-30 04:28:58 | R1 | InfixConverter/test_1_artifice_pg_krakatau vs bubblesort/test_0_orig_no_krakatau → NON-CLONE
[824/50000] 2026-06-30 04:28:58 | R1 | InfixConverter/test_1_artifice_pg_krakatau vs bubblesort/test_0_orig_no_procyon → NON-CLONE
[825/50000] 2026-06-30 04:28:59 | R1 | InfixConverter/test_1_artifice_pg_krakatau vs bubblesort/test_0_orig_pg_krakatau → NON-CLONE
[826/50000] 2026-06-30 04:29:00 | R1 | InfixConverter/test_1_artifice_pg_krakatau vs bubblesort/test_0_orig_pg_procyon → NON-CLONE
[827/50000] 2026-06-30 04:29:01 | R1 | InfixConverter/test_1_artifice_pg_krakatau vs bubblesort/test_1_artifice_no_krakatau → NON-CLONE
[828/50000] 2026-06-30 04:29:02 | R1 | InfixConverter/test_1_artifice_pg_krakatau vs bubblesort/test_1_artifice_no_procyon → NON-CLONE
[829/50000] 2026-06-30 04:29:03 | R1 | InfixConverter/test_1_artifice_pg_krakatau vs bubblesort/test_1_artifice_pg_krakatau → NON-CLONE
[830/50000] 2026-06-30 04:29:04 | R1 | InfixConverter/test_1_artifice_pg_krakatau vs bubblesort/test_1_artifice_pg_procyon → NON-CLONE
[831/50000] 2026-06-30 04:29:04 | R1 | InfixConverter/test_1_artifice_pg_krakatau vs guessword/0_orig → NON-CLONE
[832/50000] 2026-06-30 04:29:05 | R1 | InfixConverter/test_1_artifice_pg_krakatau vs guessword/1_artifice → NON-CLONE
[833/50000] 2026-06-30 04:29:06 | R1 | InfixConverter/test_1_artifice_pg_krakatau vs guessword/test_0_orig_no_krakatau → NON-CLONE
[834/50000] 2026-06-30 04:29:07 | R1 | InfixConverter/test_1_artifice_pg_krakatau vs guessword/test_0_orig_no_procyon → NON-CLONE
[835/50000] 2026-06-30 04:29:08 | R1 | InfixConverter/test_1_artifice_pg_krakatau vs guessword/test_0_orig_pg_krakatau → NON-CLONE
[836/50000] 2026-06-30 04:29:09 | R1 | InfixConverter/test_1_artifice_pg_krakatau vs guessword/test_0_orig_pg_procyon → NON-CLONE
[837/50000] 2026-06-30 04:29:10 | R1 | InfixConverter/test_1_artifice_pg_krakatau vs guessword/test_1_artifice_no_krakatau → NON-CLONE
[838/50000] 2026-06-30 04:29:11 | R1 | InfixConverter/test_1_artifice_pg_krakatau vs guessword/test_1_artifice_no_procyon → NON-CLONE
[839/50000] 2026-06-30 04:29:12 | R1 | InfixConverter/test_1_artifice_pg_krakatau vs guessword/test_1_artifice_pg_krakatau → NON-CLONE
[840/50000] 2026-06-30 04:29:13 | R1 | InfixConverter/test_1_artifice_pg_krakatau vs guessword/test_1_artifice_pg_procyon → NON-CLONE
[841/50000] 2026-06-30 04:29:14 | R1 | InfixConverter/test_1_artifice_pg_krakatau vs hanoi/0_orig → NON-CLONE
[842/50000] 2026-06-30 04:29:15 | R1 | InfixConverter/test_1_artifice_pg_krakatau vs hanoi/1_artifice → NON-CLONE
[843/50000] 2026-06-30 04:29:16 | R1 | InfixConverter/test_1_artifice_pg_krakatau vs hanoi/test_0_orig_no_krakatau → NON-CLONE
[844/50000] 2026-06-30 04:29:17 | R1 | InfixConverter/test_1_artifice_pg_krakatau vs hanoi/test_0_orig_no_procyon → NON-CLONE
[845/50000] 2026-06-30 04:29:18 | R1 | InfixConverter/test_1_artifice_pg_krakatau vs hanoi/test_0_orig_pg_krakatau → NON-CLONE
[846/50000] 2026-06-30 04:29:20 | R1 | InfixConverter/test_1_artifice_pg_krakatau vs hanoi/test_0_orig_pg_procyon → NON-CLONE
[847/50000] 2026-06-30 04:29:21 | R1 | InfixConverter/test_1_artifice_pg_krakatau vs hanoi/test_1_artifice_no_krakatau → NON-CLONE
[848/50000] 2026-06-30 04:29:23 | R1 | InfixConverter/test_1_artifice_pg_krakatau vs hanoi/test_1_artifice_no_procyon → NON-CLONE
[849/50000] 2026-06-30 04:29:24 | R1 | InfixConverter/test_1_artifice_pg_krakatau vs hanoi/test_1_artifice_pg_krakatau → NON-CLONE
[850/50000] 2026-06-30 04:29:25 | R1 | InfixConverter/test_1_artifice_pg_krakatau vs hanoi/test_1_artifice_pg_procyon → NON-CLONE
[851/50000] 2026-06-30 04:29:26 | R1 | InfixConverter/test_1_artifice_pg_krakatau vs kaprekar/0_orig → NON-CLONE
[852/50000] 2026-06-30 04:29:27 | R1 | InfixConverter/test_1_artifice_pg_krakatau vs kaprekar/1_artifice → NON-CLONE
[853/50000] 2026-06-30 04:29:28 | R1 | InfixConverter/test_1_artifice_pg_krakatau vs kaprekar/test_0_orig_no_krakatau → NON-CLONE
[854/50000] 2026-06-30 04:29:29 | R1 | InfixConverter/test_1_artifice_pg_krakatau vs kaprekar/test_0_orig_no_procyon → NON-CLONE
[855/50000] 2026-06-30 04:29:29 | R1 | InfixConverter/test_1_artifice_pg_krakatau vs kaprekar/test_0_orig_pg_krakatau → NON-CLONE
[856/50000] 2026-06-30 04:29:30 | R1 | InfixConverter/test_1_artifice_pg_krakatau vs kaprekar/test_0_orig_pg_procyon → NON-CLONE
[857/50000] 2026-06-30 04:29:31 | R1 | InfixConverter/test_1_artifice_pg_krakatau vs kaprekar/test_1_artifice_no_krakatau → NON-CLONE
[858/50000] 2026-06-30 04:29:32 | R1 | InfixConverter/test_1_artifice_pg_krakatau vs kaprekar/test_1_artifice_no_procyon → NON-CLONE
[859/50000] 2026-06-30 04:29:33 | R1 | InfixConverter/test_1_artifice_pg_krakatau vs kaprekar/test_1_artifice_pg_krakatau → NON-CLONE
[860/50000] 2026-06-30 04:29:34 | R1 | InfixConverter/test_1_artifice_pg_krakatau vs kaprekar/test_1_artifice_pg_procyon → NON-CLONE
[861/50000] 2026-06-30 04:29:35 | R1 | InfixConverter/test_1_artifice_pg_krakatau vs queens/0_orig → NON-CLONE
[862/50000] 2026-06-30 04:29:36 | R1 | InfixConverter/test_1_artifice_pg_krakatau vs queens/1_artifice → NON-CLONE
[863/50000] 2026-06-30 04:29:37 | R1 | InfixConverter/test_1_artifice_pg_krakatau vs queens/test_0_orig_no_krakatau → NON-CLONE
[864/50000] 2026-06-30 04:29:38 | R1 | InfixConverter/test_1_artifice_pg_krakatau vs queens/test_0_orig_no_procyon → NON-CLONE
[865/50000] 2026-06-30 04:29:39 | R1 | InfixConverter/test_1_artifice_pg_krakatau vs queens/test_0_orig_pg_krakatau → NON-CLONE
[866/50000] 2026-06-30 04:29:40 | R1 | InfixConverter/test_1_artifice_pg_krakatau vs queens/test_0_orig_pg_procyon → NON-CLONE
[867/50000] 2026-06-30 04:29:40 | R1 | InfixConverter/test_1_artifice_pg_krakatau vs queens/test_1_artifice_no_krakatau → NON-CLONE
[868/50000] 2026-06-30 04:29:41 | R1 | InfixConverter/test_1_artifice_pg_krakatau vs queens/test_1_artifice_no_procyon → NON-CLONE
[869/50000] 2026-06-30 04:29:42 | R1 | InfixConverter/test_1_artifice_pg_krakatau vs queens/test_1_artifice_pg_krakatau → NON-CLONE
[870/50000] 2026-06-30 04:29:43 | R1 | InfixConverter/test_1_artifice_pg_krakatau vs queens/test_1_artifice_pg_procyon → NON-CLONE
[871/50000] 2026-06-30 04:29:44 | R1 | InfixConverter/test_1_artifice_pg_krakatau vs railroadcar/0_orig → NON-CLONE
[872/50000] 2026-06-30 04:29:45 | R1 | InfixConverter/test_1_artifice_pg_krakatau vs railroadcar/1_artifice → NON-CLONE
[873/50000] 2026-06-30 04:29:46 | R1 | InfixConverter/test_1_artifice_pg_krakatau vs railroadcar/test_0_orig_no_krakatau → NON-CLONE
[874/50000] 2026-06-30 04:29:47 | R1 | InfixConverter/test_1_artifice_pg_krakatau vs railroadcar/test_0_orig_no_procyon → NON-CLONE
[875/50000] 2026-06-30 04:29:48 | R1 | InfixConverter/test_1_artifice_pg_krakatau vs railroadcar/test_0_orig_pg_krakatau → NON-CLONE
[876/50000] 2026-06-30 04:29:49 | R1 | InfixConverter/test_1_artifice_pg_krakatau vs railroadcar/test_0_orig_pg_procyon → NON-CLONE
[877/50000] 2026-06-30 04:29:50 | R1 | InfixConverter/test_1_artifice_pg_krakatau vs railroadcar/test_1_artifice_no_krakatau → NON-CLONE
[878/50000] 2026-06-30 04:29:51 | R1 | InfixConverter/test_1_artifice_pg_krakatau vs railroadcar/test_1_artifice_no_procyon → NON-CLONE
[879/50000] 2026-06-30 04:29:52 | R1 | InfixConverter/test_1_artifice_pg_krakatau vs railroadcar/test_1_artifice_pg_krakatau → NON-CLONE
[880/50000] 2026-06-30 04:29:53 | R1 | InfixConverter/test_1_artifice_pg_krakatau vs railroadcar/test_1_artifice_pg_procyon → NON-CLONE
[881/50000] 2026-06-30 04:29:54 | R1 | InfixConverter/test_1_artifice_pg_krakatau vs slinkedlist/0_orig → NON-CLONE
[882/50000] 2026-06-30 04:29:55 | R1 | InfixConverter/test_1_artifice_pg_krakatau vs slinkedlist/1_artifice → NON-CLONE
[883/50000] 2026-06-30 04:29:56 | R1 | InfixConverter/test_1_artifice_pg_krakatau vs slinkedlist/test_0_orig_no_krakatau → NON-CLONE
[884/50000] 2026-06-30 04:29:57 | R1 | InfixConverter/test_1_artifice_pg_krakatau vs slinkedlist/test_0_orig_no_procyon → NON-CLONE
[885/50000] 2026-06-30 04:29:58 | R1 | InfixConverter/test_1_artifice_pg_krakatau vs slinkedlist/test_0_orig_pg_krakatau → NON-CLONE
[886/50000] 2026-06-30 04:29:59 | R1 | InfixConverter/test_1_artifice_pg_krakatau vs slinkedlist/test_0_orig_pg_procyon → NON-CLONE
[887/50000] 2026-06-30 04:29:59 | R1 | InfixConverter/test_1_artifice_pg_krakatau vs slinkedlist/test_1_artifice_no_krakatau → NON-CLONE
[888/50000] 2026-06-30 04:30:00 | R1 | InfixConverter/test_1_artifice_pg_krakatau vs slinkedlist/test_1_artifice_no_procyon → NON-CLONE
[889/50000] 2026-06-30 04:30:01 | R1 | InfixConverter/test_1_artifice_pg_krakatau vs slinkedlist/test_1_artifice_pg_krakatau → NON-CLONE
[890/50000] 2026-06-30 04:30:02 | R1 | InfixConverter/test_1_artifice_pg_krakatau vs slinkedlist/test_1_artifice_pg_procyon → NON-CLONE
[891/50000] 2026-06-30 04:30:04 | R1 | InfixConverter/test_1_artifice_pg_krakatau vs square/0_orig → NON-CLONE
[892/50000] 2026-06-30 04:30:05 | R1 | InfixConverter/test_1_artifice_pg_krakatau vs square/1_artifice → NON-CLONE
[893/50000] 2026-06-30 04:30:06 | R1 | InfixConverter/test_1_artifice_pg_krakatau vs square/test_0_orig_no_krakatau → NON-CLONE
[894/50000] 2026-06-30 04:30:07 | R1 | InfixConverter/test_1_artifice_pg_krakatau vs square/test_0_orig_no_procyon → NON-CLONE
[895/50000] 2026-06-30 04:30:08 | R1 | InfixConverter/test_1_artifice_pg_krakatau vs square/test_0_orig_pg_krakatau → NON-CLONE
[896/50000] 2026-06-30 04:30:09 | R1 | InfixConverter/test_1_artifice_pg_krakatau vs square/test_0_orig_pg_procyon → NON-CLONE
[897/50000] 2026-06-30 04:30:10 | R1 | InfixConverter/test_1_artifice_pg_krakatau vs square/test_1_artifice_no_krakatau → NON-CLONE
[898/50000] 2026-06-30 04:30:10 | R1 | InfixConverter/test_1_artifice_pg_krakatau vs square/test_1_artifice_no_procyon → NON-CLONE
[899/50000] 2026-06-30 04:30:12 | R1 | InfixConverter/test_1_artifice_pg_krakatau vs square/test_1_artifice_pg_krakatau → NON-CLONE
[900/50000] 2026-06-30 04:30:13 | R1 | InfixConverter/test_1_artifice_pg_krakatau vs square/test_1_artifice_pg_procyon → NON-CLONE
[901/50000] 2026-06-30 04:30:14 | R1 | InfixConverter/test_1_artifice_pg_procyon vs InfixConverter/0_orig → CLONE
[902/50000] 2026-06-30 04:30:14 | R1 | InfixConverter/test_1_artifice_pg_procyon vs InfixConverter/1_artifice → CLONE
[903/50000] 2026-06-30 04:30:15 | R1 | InfixConverter/test_1_artifice_pg_procyon vs InfixConverter/test_0_orig_no_krakatau → CLONE
[904/50000] 2026-06-30 04:30:16 | R1 | InfixConverter/test_1_artifice_pg_procyon vs InfixConverter/test_0_orig_no_procyon → CLONE
[905/50000] 2026-06-30 04:30:16 | R1 | InfixConverter/test_1_artifice_pg_procyon vs InfixConverter/test_0_orig_pg_krakatau → CLONE
[906/50000] 2026-06-30 04:30:17 | R1 | InfixConverter/test_1_artifice_pg_procyon vs InfixConverter/test_0_orig_pg_procyon → CLONE
[907/50000] 2026-06-30 04:30:18 | R1 | InfixConverter/test_1_artifice_pg_procyon vs InfixConverter/test_1_artifice_no_krakatau → CLONE
[908/50000] 2026-06-30 04:30:19 | R1 | InfixConverter/test_1_artifice_pg_procyon vs InfixConverter/test_1_artifice_no_procyon → CLONE
[909/50000] 2026-06-30 04:30:20 | R1 | InfixConverter/test_1_artifice_pg_procyon vs InfixConverter/test_1_artifice_pg_krakatau → CLONE
[910/50000] 2026-06-30 04:30:21 | R1 | InfixConverter/test_1_artifice_pg_procyon vs InfixConverter/test_1_artifice_pg_procyon → CLONE
[911/50000] 2026-06-30 04:30:22 | R1 | InfixConverter/test_1_artifice_pg_procyon vs SqrtAlgorithm/0_orig → NON-CLONE
[912/50000] 2026-06-30 04:30:23 | R1 | InfixConverter/test_1_artifice_pg_procyon vs SqrtAlgorithm/1_artifice → NON-CLONE
[913/50000] 2026-06-30 04:30:24 | R1 | InfixConverter/test_1_artifice_pg_procyon vs SqrtAlgorithm/test_0_orig_no_krakatau → NON-CLONE
[914/50000] 2026-06-30 04:30:24 | R1 | InfixConverter/test_1_artifice_pg_procyon vs SqrtAlgorithm/test_0_orig_no_procyon → NON-CLONE
[915/50000] 2026-06-30 04:30:25 | R1 | InfixConverter/test_1_artifice_pg_procyon vs SqrtAlgorithm/test_0_orig_pg_krakatau → NON-CLONE
[916/50000] 2026-06-30 04:30:26 | R1 | InfixConverter/test_1_artifice_pg_procyon vs SqrtAlgorithm/test_0_orig_pg_procyon → NON-CLONE
[917/50000] 2026-06-30 04:30:27 | R1 | InfixConverter/test_1_artifice_pg_procyon vs SqrtAlgorithm/test_1_artifice_no_krakatau → NON-CLONE
[918/50000] 2026-06-30 04:30:28 | R1 | InfixConverter/test_1_artifice_pg_procyon vs SqrtAlgorithm/test_1_artifice_no_procyon → NON-CLONE
[919/50000] 2026-06-30 04:30:29 | R1 | InfixConverter/test_1_artifice_pg_procyon vs SqrtAlgorithm/test_1_artifice_pg_krakatau → NON-CLONE
[920/50000] 2026-06-30 04:30:30 | R1 | InfixConverter/test_1_artifice_pg_procyon vs SqrtAlgorithm/test_1_artifice_pg_procyon → NON-CLONE
[921/50000] 2026-06-30 04:30:31 | R1 | InfixConverter/test_1_artifice_pg_procyon vs bubblesort/0_orig → NON-CLONE
[922/50000] 2026-06-30 04:30:31 | R1 | InfixConverter/test_1_artifice_pg_procyon vs bubblesort/1_artifice → NON-CLONE
[923/50000] 2026-06-30 04:30:32 | R1 | InfixConverter/test_1_artifice_pg_procyon vs bubblesort/test_0_orig_no_krakatau → NON-CLONE
[924/50000] 2026-06-30 04:30:33 | R1 | InfixConverter/test_1_artifice_pg_procyon vs bubblesort/test_0_orig_no_procyon → NON-CLONE
[925/50000] 2026-06-30 04:30:34 | R1 | InfixConverter/test_1_artifice_pg_procyon vs bubblesort/test_0_orig_pg_krakatau → NON-CLONE
[926/50000] 2026-06-30 04:30:34 | R1 | InfixConverter/test_1_artifice_pg_procyon vs bubblesort/test_0_orig_pg_procyon → NON-CLONE
[927/50000] 2026-06-30 04:30:35 | R1 | InfixConverter/test_1_artifice_pg_procyon vs bubblesort/test_1_artifice_no_krakatau → NON-CLONE
[928/50000] 2026-06-30 04:30:36 | R1 | InfixConverter/test_1_artifice_pg_procyon vs bubblesort/test_1_artifice_no_procyon → NON-CLONE
[929/50000] 2026-06-30 04:30:36 | R1 | InfixConverter/test_1_artifice_pg_procyon vs bubblesort/test_1_artifice_pg_krakatau → NON-CLONE
[930/50000] 2026-06-30 04:30:37 | R1 | InfixConverter/test_1_artifice_pg_procyon vs bubblesort/test_1_artifice_pg_procyon → NON-CLONE
[931/50000] 2026-06-30 04:30:38 | R1 | InfixConverter/test_1_artifice_pg_procyon vs guessword/0_orig → NON-CLONE
[932/50000] 2026-06-30 04:30:39 | R1 | InfixConverter/test_1_artifice_pg_procyon vs guessword/1_artifice → NON-CLONE
[933/50000] 2026-06-30 04:30:40 | R1 | InfixConverter/test_1_artifice_pg_procyon vs guessword/test_0_orig_no_krakatau → NON-CLONE
[934/50000] 2026-06-30 04:30:41 | R1 | InfixConverter/test_1_artifice_pg_procyon vs guessword/test_0_orig_no_procyon → NON-CLONE
[935/50000] 2026-06-30 04:30:42 | R1 | InfixConverter/test_1_artifice_pg_procyon vs guessword/test_0_orig_pg_krakatau → NON-CLONE
[936/50000] 2026-06-30 04:30:43 | R1 | InfixConverter/test_1_artifice_pg_procyon vs guessword/test_0_orig_pg_procyon → NON-CLONE
[937/50000] 2026-06-30 04:30:45 | R1 | InfixConverter/test_1_artifice_pg_procyon vs guessword/test_1_artifice_no_krakatau → NON-CLONE
[938/50000] 2026-06-30 04:30:46 | R1 | InfixConverter/test_1_artifice_pg_procyon vs guessword/test_1_artifice_no_procyon → NON-CLONE
[939/50000] 2026-06-30 04:30:46 | R1 | InfixConverter/test_1_artifice_pg_procyon vs guessword/test_1_artifice_pg_krakatau → NON-CLONE
[940/50000] 2026-06-30 04:30:47 | R1 | InfixConverter/test_1_artifice_pg_procyon vs guessword/test_1_artifice_pg_procyon → NON-CLONE
[941/50000] 2026-06-30 04:30:48 | R1 | InfixConverter/test_1_artifice_pg_procyon vs hanoi/0_orig → NON-CLONE
[942/50000] 2026-06-30 04:30:49 | R1 | InfixConverter/test_1_artifice_pg_procyon vs hanoi/1_artifice → NON-CLONE
[943/50000] 2026-06-30 04:30:51 | R1 | InfixConverter/test_1_artifice_pg_procyon vs hanoi/test_0_orig_no_krakatau → NON-CLONE
[944/50000] 2026-06-30 04:30:52 | R1 | InfixConverter/test_1_artifice_pg_procyon vs hanoi/test_0_orig_no_procyon → NON-CLONE
[945/50000] 2026-06-30 04:30:53 | R1 | InfixConverter/test_1_artifice_pg_procyon vs hanoi/test_0_orig_pg_krakatau → NON-CLONE
[946/50000] 2026-06-30 04:30:54 | R1 | InfixConverter/test_1_artifice_pg_procyon vs hanoi/test_0_orig_pg_procyon → NON-CLONE
[947/50000] 2026-06-30 04:30:56 | R1 | InfixConverter/test_1_artifice_pg_procyon vs hanoi/test_1_artifice_no_krakatau → NON-CLONE
[948/50000] 2026-06-30 04:30:57 | R1 | InfixConverter/test_1_artifice_pg_procyon vs hanoi/test_1_artifice_no_procyon → NON-CLONE
[949/50000] 2026-06-30 04:30:58 | R1 | InfixConverter/test_1_artifice_pg_procyon vs hanoi/test_1_artifice_pg_krakatau → NON-CLONE
[950/50000] 2026-06-30 04:30:59 | R1 | InfixConverter/test_1_artifice_pg_procyon vs hanoi/test_1_artifice_pg_procyon → NON-CLONE
[951/50000] 2026-06-30 04:31:00 | R1 | InfixConverter/test_1_artifice_pg_procyon vs kaprekar/0_orig → NON-CLONE
[952/50000] 2026-06-30 04:31:01 | R1 | InfixConverter/test_1_artifice_pg_procyon vs kaprekar/1_artifice → NON-CLONE
[953/50000] 2026-06-30 04:31:02 | R1 | InfixConverter/test_1_artifice_pg_procyon vs kaprekar/test_0_orig_no_krakatau → NON-CLONE
[954/50000] 2026-06-30 04:31:03 | R1 | InfixConverter/test_1_artifice_pg_procyon vs kaprekar/test_0_orig_no_procyon → NON-CLONE
[955/50000] 2026-06-30 04:31:04 | R1 | InfixConverter/test_1_artifice_pg_procyon vs kaprekar/test_0_orig_pg_krakatau → NON-CLONE
[956/50000] 2026-06-30 04:31:05 | R1 | InfixConverter/test_1_artifice_pg_procyon vs kaprekar/test_0_orig_pg_procyon → NON-CLONE
[957/50000] 2026-06-30 04:31:06 | R1 | InfixConverter/test_1_artifice_pg_procyon vs kaprekar/test_1_artifice_no_krakatau → NON-CLONE
[958/50000] 2026-06-30 04:31:07 | R1 | InfixConverter/test_1_artifice_pg_procyon vs kaprekar/test_1_artifice_no_procyon → NON-CLONE
[959/50000] 2026-06-30 04:31:08 | R1 | InfixConverter/test_1_artifice_pg_procyon vs kaprekar/test_1_artifice_pg_krakatau → NON-CLONE
[960/50000] 2026-06-30 04:31:09 | R1 | InfixConverter/test_1_artifice_pg_procyon vs kaprekar/test_1_artifice_pg_procyon → NON-CLONE
[961/50000] 2026-06-30 04:31:10 | R1 | InfixConverter/test_1_artifice_pg_procyon vs queens/0_orig → NON-CLONE
[962/50000] 2026-06-30 04:31:11 | R1 | InfixConverter/test_1_artifice_pg_procyon vs queens/1_artifice → NON-CLONE
[963/50000] 2026-06-30 04:31:11 | R1 | InfixConverter/test_1_artifice_pg_procyon vs queens/test_0_orig_no_krakatau → NON-CLONE
[964/50000] 2026-06-30 04:31:13 | R1 | InfixConverter/test_1_artifice_pg_procyon vs queens/test_0_orig_no_procyon → NON-CLONE
[965/50000] 2026-06-30 04:31:14 | R1 | InfixConverter/test_1_artifice_pg_procyon vs queens/test_0_orig_pg_krakatau → NON-CLONE
[966/50000] 2026-06-30 04:31:14 | R1 | InfixConverter/test_1_artifice_pg_procyon vs queens/test_0_orig_pg_procyon → NON-CLONE
[967/50000] 2026-06-30 04:31:15 | R1 | InfixConverter/test_1_artifice_pg_procyon vs queens/test_1_artifice_no_krakatau → NON-CLONE
[968/50000] 2026-06-30 04:31:16 | R1 | InfixConverter/test_1_artifice_pg_procyon vs queens/test_1_artifice_no_procyon → NON-CLONE
[969/50000] 2026-06-30 04:31:16 | R1 | InfixConverter/test_1_artifice_pg_procyon vs queens/test_1_artifice_pg_krakatau → NON-CLONE
[970/50000] 2026-06-30 04:31:17 | R1 | InfixConverter/test_1_artifice_pg_procyon vs queens/test_1_artifice_pg_procyon → NON-CLONE
[971/50000] 2026-06-30 04:31:18 | R1 | InfixConverter/test_1_artifice_pg_procyon vs railroadcar/0_orig → NON-CLONE
[972/50000] 2026-06-30 04:31:19 | R1 | InfixConverter/test_1_artifice_pg_procyon vs railroadcar/1_artifice → NON-CLONE
[973/50000] 2026-06-30 04:31:21 | R1 | InfixConverter/test_1_artifice_pg_procyon vs railroadcar/test_0_orig_no_krakatau → NON-CLONE
[974/50000] 2026-06-30 04:31:22 | R1 | InfixConverter/test_1_artifice_pg_procyon vs railroadcar/test_0_orig_no_procyon → NON-CLONE
[975/50000] 2026-06-30 04:31:23 | R1 | InfixConverter/test_1_artifice_pg_procyon vs railroadcar/test_0_orig_pg_krakatau → NON-CLONE
[976/50000] 2026-06-30 04:31:24 | R1 | InfixConverter/test_1_artifice_pg_procyon vs railroadcar/test_0_orig_pg_procyon → NON-CLONE
[977/50000] 2026-06-30 04:31:25 | R1 | InfixConverter/test_1_artifice_pg_procyon vs railroadcar/test_1_artifice_no_krakatau → NON-CLONE
[978/50000] 2026-06-30 04:31:26 | R1 | InfixConverter/test_1_artifice_pg_procyon vs railroadcar/test_1_artifice_no_procyon → NON-CLONE
[979/50000] 2026-06-30 04:31:27 | R1 | InfixConverter/test_1_artifice_pg_procyon vs railroadcar/test_1_artifice_pg_krakatau → NON-CLONE
[980/50000] 2026-06-30 04:31:28 | R1 | InfixConverter/test_1_artifice_pg_procyon vs railroadcar/test_1_artifice_pg_procyon → NON-CLONE
[981/50000] 2026-06-30 04:31:29 | R1 | InfixConverter/test_1_artifice_pg_procyon vs slinkedlist/0_orig → NON-CLONE
[982/50000] 2026-06-30 04:31:30 | R1 | InfixConverter/test_1_artifice_pg_procyon vs slinkedlist/1_artifice → NON-CLONE
[983/50000] 2026-06-30 04:31:30 | R1 | InfixConverter/test_1_artifice_pg_procyon vs slinkedlist/test_0_orig_no_krakatau → NON-CLONE
[984/50000] 2026-06-30 04:31:31 | R1 | InfixConverter/test_1_artifice_pg_procyon vs slinkedlist/test_0_orig_no_procyon → NON-CLONE
[985/50000] 2026-06-30 04:31:32 | R1 | InfixConverter/test_1_artifice_pg_procyon vs slinkedlist/test_0_orig_pg_krakatau → NON-CLONE
[986/50000] 2026-06-30 04:31:33 | R1 | InfixConverter/test_1_artifice_pg_procyon vs slinkedlist/test_0_orig_pg_procyon → NON-CLONE
[987/50000] 2026-06-30 04:31:34 | R1 | InfixConverter/test_1_artifice_pg_procyon vs slinkedlist/test_1_artifice_no_krakatau → NON-CLONE
[988/50000] 2026-06-30 04:31:34 | R1 | InfixConverter/test_1_artifice_pg_procyon vs slinkedlist/test_1_artifice_no_procyon → NON-CLONE
[989/50000] 2026-06-30 04:31:35 | R1 | InfixConverter/test_1_artifice_pg_procyon vs slinkedlist/test_1_artifice_pg_krakatau → NON-CLONE
[990/50000] 2026-06-30 04:31:35 | R1 | InfixConverter/test_1_artifice_pg_procyon vs slinkedlist/test_1_artifice_pg_procyon → NON-CLONE
[991/50000] 2026-06-30 04:31:36 | R1 | InfixConverter/test_1_artifice_pg_procyon vs square/0_orig → NON-CLONE
[992/50000] 2026-06-30 04:31:37 | R1 | InfixConverter/test_1_artifice_pg_procyon vs square/1_artifice → NON-CLONE
[993/50000] 2026-06-30 04:31:39 | R1 | InfixConverter/test_1_artifice_pg_procyon vs square/test_0_orig_no_krakatau → NON-CLONE
[994/50000] 2026-06-30 04:31:39 | R1 | InfixConverter/test_1_artifice_pg_procyon vs square/test_0_orig_no_procyon → NON-CLONE
[995/50000] 2026-06-30 04:31:41 | R1 | InfixConverter/test_1_artifice_pg_procyon vs square/test_0_orig_pg_krakatau → NON-CLONE
[996/50000] 2026-06-30 04:31:42 | R1 | InfixConverter/test_1_artifice_pg_procyon vs square/test_0_orig_pg_procyon → NON-CLONE
[997/50000] 2026-06-30 04:31:42 | R1 | InfixConverter/test_1_artifice_pg_procyon vs square/test_1_artifice_no_krakatau → NON-CLONE
[998/50000] 2026-06-30 04:31:43 | R1 | InfixConverter/test_1_artifice_pg_procyon vs square/test_1_artifice_no_procyon → NON-CLONE
[999/50000] 2026-06-30 04:31:44 | R1 | InfixConverter/test_1_artifice_pg_procyon vs square/test_1_artifice_pg_krakatau → NON-CLONE
[1000/50000] 2026-06-30 04:31:45 | R1 | InfixConverter/test_1_artifice_pg_procyon vs square/test_1_artifice_pg_procyon → NON-CLONE
[1001/50000] 2026-06-30 04:31:46 | R1 | SqrtAlgorithm/0_orig vs InfixConverter/0_orig → NON-CLONE
[1002/50000] 2026-06-30 04:31:47 | R1 | SqrtAlgorithm/0_orig vs InfixConverter/1_artifice → NON-CLONE
[1003/50000] 2026-06-30 04:31:48 | R1 | SqrtAlgorithm/0_orig vs InfixConverter/test_0_orig_no_krakatau → NON-CLONE
[1004/50000] 2026-06-30 04:31:49 | R1 | SqrtAlgorithm/0_orig vs InfixConverter/test_0_orig_no_procyon → NON-CLONE
[1005/50000] 2026-06-30 04:31:50 | R1 | SqrtAlgorithm/0_orig vs InfixConverter/test_0_orig_pg_krakatau → NON-CLONE
[1006/50000] 2026-06-30 04:31:51 | R1 | SqrtAlgorithm/0_orig vs InfixConverter/test_0_orig_pg_procyon → NON-CLONE
[1007/50000] 2026-06-30 04:31:52 | R1 | SqrtAlgorithm/0_orig vs InfixConverter/test_1_artifice_no_krakatau → NON-CLONE
[1008/50000] 2026-06-30 04:31:53 | R1 | SqrtAlgorithm/0_orig vs InfixConverter/test_1_artifice_no_procyon → NON-CLONE
[1009/50000] 2026-06-30 04:31:54 | R1 | SqrtAlgorithm/0_orig vs InfixConverter/test_1_artifice_pg_krakatau → NON-CLONE
[1010/50000] 2026-06-30 04:31:54 | R1 | SqrtAlgorithm/0_orig vs InfixConverter/test_1_artifice_pg_procyon → NON-CLONE
[1011/50000] 2026-06-30 04:31:55 | R1 | SqrtAlgorithm/0_orig vs SqrtAlgorithm/0_orig → CLONE
[1012/50000] 2026-06-30 04:31:56 | R1 | SqrtAlgorithm/0_orig vs SqrtAlgorithm/1_artifice → CLONE
[1013/50000] 2026-06-30 04:31:57 | R1 | SqrtAlgorithm/0_orig vs SqrtAlgorithm/test_0_orig_no_krakatau → CLONE
[1014/50000] 2026-06-30 04:31:58 | R1 | SqrtAlgorithm/0_orig vs SqrtAlgorithm/test_0_orig_no_procyon → CLONE
[1015/50000] 2026-06-30 04:32:00 | R1 | SqrtAlgorithm/0_orig vs SqrtAlgorithm/test_0_orig_pg_krakatau → CLONE
[1016/50000] 2026-06-30 04:32:01 | R1 | SqrtAlgorithm/0_orig vs SqrtAlgorithm/test_0_orig_pg_procyon → CLONE
[1017/50000] 2026-06-30 04:32:02 | R1 | SqrtAlgorithm/0_orig vs SqrtAlgorithm/test_1_artifice_no_krakatau → CLONE
[1018/50000] 2026-06-30 04:32:03 | R1 | SqrtAlgorithm/0_orig vs SqrtAlgorithm/test_1_artifice_no_procyon → CLONE
[1019/50000] 2026-06-30 04:32:04 | R1 | SqrtAlgorithm/0_orig vs SqrtAlgorithm/test_1_artifice_pg_krakatau → CLONE
[1020/50000] 2026-06-30 04:32:05 | R1 | SqrtAlgorithm/0_orig vs SqrtAlgorithm/test_1_artifice_pg_procyon → CLONE
[1021/50000] 2026-06-30 04:32:05 | R1 | SqrtAlgorithm/0_orig vs bubblesort/0_orig → NON-CLONE
[1022/50000] 2026-06-30 04:32:06 | R1 | SqrtAlgorithm/0_orig vs bubblesort/1_artifice → NON-CLONE
[1023/50000] 2026-06-30 04:32:07 | R1 | SqrtAlgorithm/0_orig vs bubblesort/test_0_orig_no_krakatau → NON-CLONE
[1024/50000] 2026-06-30 04:32:07 | R1 | SqrtAlgorithm/0_orig vs bubblesort/test_0_orig_no_procyon → NON-CLONE
[1025/50000] 2026-06-30 04:32:08 | R1 | SqrtAlgorithm/0_orig vs bubblesort/test_0_orig_pg_krakatau → NON-CLONE
[1026/50000] 2026-06-30 04:32:09 | R1 | SqrtAlgorithm/0_orig vs bubblesort/test_0_orig_pg_procyon → NON-CLONE
[1027/50000] 2026-06-30 04:32:10 | R1 | SqrtAlgorithm/0_orig vs bubblesort/test_1_artifice_no_krakatau → NON-CLONE
[1028/50000] 2026-06-30 04:32:10 | R1 | SqrtAlgorithm/0_orig vs bubblesort/test_1_artifice_no_procyon → NON-CLONE
[1029/50000] 2026-06-30 04:32:11 | R1 | SqrtAlgorithm/0_orig vs bubblesort/test_1_artifice_pg_krakatau → NON-CLONE
[1030/50000] 2026-06-30 04:32:12 | R1 | SqrtAlgorithm/0_orig vs bubblesort/test_1_artifice_pg_procyon → NON-CLONE
[1031/50000] 2026-06-30 04:32:13 | R1 | SqrtAlgorithm/0_orig vs guessword/0_orig → NON-CLONE
[1032/50000] 2026-06-30 04:32:13 | R1 | SqrtAlgorithm/0_orig vs guessword/1_artifice → NON-CLONE
[1033/50000] 2026-06-30 04:32:15 | R1 | SqrtAlgorithm/0_orig vs guessword/test_0_orig_no_krakatau → NON-CLONE
[1034/50000] 2026-06-30 04:32:16 | R1 | SqrtAlgorithm/0_orig vs guessword/test_0_orig_no_procyon → NON-CLONE
[1035/50000] 2026-06-30 04:32:17 | R1 | SqrtAlgorithm/0_orig vs guessword/test_0_orig_pg_krakatau → NON-CLONE
[1036/50000] 2026-06-30 04:32:17 | R1 | SqrtAlgorithm/0_orig vs guessword/test_0_orig_pg_procyon → NON-CLONE
[1037/50000] 2026-06-30 04:32:19 | R1 | SqrtAlgorithm/0_orig vs guessword/test_1_artifice_no_krakatau → NON-CLONE
[1038/50000] 2026-06-30 04:32:19 | R1 | SqrtAlgorithm/0_orig vs guessword/test_1_artifice_no_procyon → NON-CLONE
[1039/50000] 2026-06-30 04:32:21 | R1 | SqrtAlgorithm/0_orig vs guessword/test_1_artifice_pg_krakatau → NON-CLONE
[1040/50000] 2026-06-30 04:32:22 | R1 | SqrtAlgorithm/0_orig vs guessword/test_1_artifice_pg_procyon → NON-CLONE
[1041/50000] 2026-06-30 04:32:23 | R1 | SqrtAlgorithm/0_orig vs hanoi/0_orig → NON-CLONE
[1042/50000] 2026-06-30 04:32:24 | R1 | SqrtAlgorithm/0_orig vs hanoi/1_artifice → NON-CLONE
[1043/50000] 2026-06-30 04:32:25 | R1 | SqrtAlgorithm/0_orig vs hanoi/test_0_orig_no_krakatau → NON-CLONE
[1044/50000] 2026-06-30 04:32:26 | R1 | SqrtAlgorithm/0_orig vs hanoi/test_0_orig_no_procyon → NON-CLONE
[1045/50000] 2026-06-30 04:32:27 | R1 | SqrtAlgorithm/0_orig vs hanoi/test_0_orig_pg_krakatau → NON-CLONE
[1046/50000] 2026-06-30 04:32:28 | R1 | SqrtAlgorithm/0_orig vs hanoi/test_0_orig_pg_procyon → NON-CLONE
[1047/50000] 2026-06-30 04:32:29 | R1 | SqrtAlgorithm/0_orig vs hanoi/test_1_artifice_no_krakatau → NON-CLONE
[1048/50000] 2026-06-30 04:32:31 | R1 | SqrtAlgorithm/0_orig vs hanoi/test_1_artifice_no_procyon → NON-CLONE
[1049/50000] 2026-06-30 04:32:31 | R1 | SqrtAlgorithm/0_orig vs hanoi/test_1_artifice_pg_krakatau → NON-CLONE
[1050/50000] 2026-06-30 04:32:33 | R1 | SqrtAlgorithm/0_orig vs hanoi/test_1_artifice_pg_procyon → NON-CLONE
[1051/50000] 2026-06-30 04:32:34 | R1 | SqrtAlgorithm/0_orig vs kaprekar/0_orig → NON-CLONE
[1052/50000] 2026-06-30 04:32:35 | R1 | SqrtAlgorithm/0_orig vs kaprekar/1_artifice → NON-CLONE
[1053/50000] 2026-06-30 04:32:36 | R1 | SqrtAlgorithm/0_orig vs kaprekar/test_0_orig_no_krakatau → NON-CLONE
[1054/50000] 2026-06-30 04:32:37 | R1 | SqrtAlgorithm/0_orig vs kaprekar/test_0_orig_no_procyon → NON-CLONE
[1055/50000] 2026-06-30 04:32:38 | R1 | SqrtAlgorithm/0_orig vs kaprekar/test_0_orig_pg_krakatau → NON-CLONE
[1056/50000] 2026-06-30 04:32:39 | R1 | SqrtAlgorithm/0_orig vs kaprekar/test_0_orig_pg_procyon → NON-CLONE
[1057/50000] 2026-06-30 04:32:41 | R1 | SqrtAlgorithm/0_orig vs kaprekar/test_1_artifice_no_krakatau → NON-CLONE
[1058/50000] 2026-06-30 04:32:42 | R1 | SqrtAlgorithm/0_orig vs kaprekar/test_1_artifice_no_procyon → NON-CLONE
[1059/50000] 2026-06-30 04:32:43 | R1 | SqrtAlgorithm/0_orig vs kaprekar/test_1_artifice_pg_krakatau → NON-CLONE
[1060/50000] 2026-06-30 04:32:44 | R1 | SqrtAlgorithm/0_orig vs kaprekar/test_1_artifice_pg_procyon → NON-CLONE
[1061/50000] 2026-06-30 04:32:45 | R1 | SqrtAlgorithm/0_orig vs queens/0_orig → NON-CLONE
[1062/50000] 2026-06-30 04:32:46 | R1 | SqrtAlgorithm/0_orig vs queens/1_artifice → NON-CLONE
[1063/50000] 2026-06-30 04:32:46 | R1 | SqrtAlgorithm/0_orig vs queens/test_0_orig_no_krakatau → NON-CLONE
[1064/50000] 2026-06-30 04:32:47 | R1 | SqrtAlgorithm/0_orig vs queens/test_0_orig_no_procyon → NON-CLONE
[1065/50000] 2026-06-30 04:32:48 | R1 | SqrtAlgorithm/0_orig vs queens/test_0_orig_pg_krakatau → NON-CLONE
[1066/50000] 2026-06-30 04:32:49 | R1 | SqrtAlgorithm/0_orig vs queens/test_0_orig_pg_procyon → NON-CLONE
[1067/50000] 2026-06-30 04:32:49 | R1 | SqrtAlgorithm/0_orig vs queens/test_1_artifice_no_krakatau → NON-CLONE
[1068/50000] 2026-06-30 04:32:51 | R1 | SqrtAlgorithm/0_orig vs queens/test_1_artifice_no_procyon → NON-CLONE
[1069/50000] 2026-06-30 04:32:51 | R1 | SqrtAlgorithm/0_orig vs queens/test_1_artifice_pg_krakatau → NON-CLONE
[1070/50000] 2026-06-30 04:32:52 | R1 | SqrtAlgorithm/0_orig vs queens/test_1_artifice_pg_procyon → NON-CLONE
[1071/50000] 2026-06-30 04:32:53 | R1 | SqrtAlgorithm/0_orig vs railroadcar/0_orig → NON-CLONE
[1072/50000] 2026-06-30 04:32:53 | R1 | SqrtAlgorithm/0_orig vs railroadcar/1_artifice → NON-CLONE
[1073/50000] 2026-06-30 04:32:54 | R1 | SqrtAlgorithm/0_orig vs railroadcar/test_0_orig_no_krakatau → NON-CLONE
[1074/50000] 2026-06-30 04:32:55 | R1 | SqrtAlgorithm/0_orig vs railroadcar/test_0_orig_no_procyon → NON-CLONE
[1075/50000] 2026-06-30 04:32:56 | R1 | SqrtAlgorithm/0_orig vs railroadcar/test_0_orig_pg_krakatau → NON-CLONE
[1076/50000] 2026-06-30 04:32:57 | R1 | SqrtAlgorithm/0_orig vs railroadcar/test_0_orig_pg_procyon → NON-CLONE
[1077/50000] 2026-06-30 04:32:57 | R1 | SqrtAlgorithm/0_orig vs railroadcar/test_1_artifice_no_krakatau → NON-CLONE
[1078/50000] 2026-06-30 04:32:58 | R1 | SqrtAlgorithm/0_orig vs railroadcar/test_1_artifice_no_procyon → NON-CLONE
[1079/50000] 2026-06-30 04:32:59 | R1 | SqrtAlgorithm/0_orig vs railroadcar/test_1_artifice_pg_krakatau → NON-CLONE
[1080/50000] 2026-06-30 04:33:00 | R1 | SqrtAlgorithm/0_orig vs railroadcar/test_1_artifice_pg_procyon → NON-CLONE
[1081/50000] 2026-06-30 04:33:01 | R1 | SqrtAlgorithm/0_orig vs slinkedlist/0_orig → NON-CLONE
[1082/50000] 2026-06-30 04:33:02 | R1 | SqrtAlgorithm/0_orig vs slinkedlist/1_artifice → NON-CLONE
[1083/50000] 2026-06-30 04:33:02 | R1 | SqrtAlgorithm/0_orig vs slinkedlist/test_0_orig_no_krakatau → NON-CLONE
[1084/50000] 2026-06-30 04:33:03 | R1 | SqrtAlgorithm/0_orig vs slinkedlist/test_0_orig_no_procyon → NON-CLONE
[1085/50000] 2026-06-30 04:33:04 | R1 | SqrtAlgorithm/0_orig vs slinkedlist/test_0_orig_pg_krakatau → NON-CLONE
[1086/50000] 2026-06-30 04:33:05 | R1 | SqrtAlgorithm/0_orig vs slinkedlist/test_0_orig_pg_procyon → NON-CLONE
[1087/50000] 2026-06-30 04:33:06 | R1 | SqrtAlgorithm/0_orig vs slinkedlist/test_1_artifice_no_krakatau → NON-CLONE
[1088/50000] 2026-06-30 04:33:07 | R1 | SqrtAlgorithm/0_orig vs slinkedlist/test_1_artifice_no_procyon → NON-CLONE
[1089/50000] 2026-06-30 04:33:08 | R1 | SqrtAlgorithm/0_orig vs slinkedlist/test_1_artifice_pg_krakatau → NON-CLONE
[1090/50000] 2026-06-30 04:33:08 | R1 | SqrtAlgorithm/0_orig vs slinkedlist/test_1_artifice_pg_procyon → NON-CLONE
[1091/50000] 2026-06-30 04:33:09 | R1 | SqrtAlgorithm/0_orig vs square/0_orig → NON-CLONE
[1092/50000] 2026-06-30 04:33:10 | R1 | SqrtAlgorithm/0_orig vs square/1_artifice → NON-CLONE
[1093/50000] 2026-06-30 04:33:11 | R1 | SqrtAlgorithm/0_orig vs square/test_0_orig_no_krakatau → NON-CLONE
[1094/50000] 2026-06-30 04:33:12 | R1 | SqrtAlgorithm/0_orig vs square/test_0_orig_no_procyon → NON-CLONE
[1095/50000] 2026-06-30 04:33:13 | R1 | SqrtAlgorithm/0_orig vs square/test_0_orig_pg_krakatau → NON-CLONE
[1096/50000] 2026-06-30 04:33:14 | R1 | SqrtAlgorithm/0_orig vs square/test_0_orig_pg_procyon → NON-CLONE
[1097/50000] 2026-06-30 04:33:14 | R1 | SqrtAlgorithm/0_orig vs square/test_1_artifice_no_krakatau → NON-CLONE
[1098/50000] 2026-06-30 04:33:15 | R1 | SqrtAlgorithm/0_orig vs square/test_1_artifice_no_procyon → NON-CLONE
[1099/50000] 2026-06-30 04:33:17 | R1 | SqrtAlgorithm/0_orig vs square/test_1_artifice_pg_krakatau → NON-CLONE
[1100/50000] 2026-06-30 04:33:18 | R1 | SqrtAlgorithm/0_orig vs square/test_1_artifice_pg_procyon → NON-CLONE
[1101/50000] 2026-06-30 04:33:19 | R1 | SqrtAlgorithm/1_artifice vs InfixConverter/0_orig → NON-CLONE
[1102/50000] 2026-06-30 04:33:20 | R1 | SqrtAlgorithm/1_artifice vs InfixConverter/1_artifice → NON-CLONE
[1103/50000] 2026-06-30 04:33:21 | R1 | SqrtAlgorithm/1_artifice vs InfixConverter/test_0_orig_no_krakatau → NON-CLONE
[1104/50000] 2026-06-30 04:33:22 | R1 | SqrtAlgorithm/1_artifice vs InfixConverter/test_0_orig_no_procyon → NON-CLONE
[1105/50000] 2026-06-30 04:33:23 | R1 | SqrtAlgorithm/1_artifice vs InfixConverter/test_0_orig_pg_krakatau → NON-CLONE
[1106/50000] 2026-06-30 04:33:23 | R1 | SqrtAlgorithm/1_artifice vs InfixConverter/test_0_orig_pg_procyon → NON-CLONE
[1107/50000] 2026-06-30 04:33:24 | R1 | SqrtAlgorithm/1_artifice vs InfixConverter/test_1_artifice_no_krakatau → NON-CLONE
[1108/50000] 2026-06-30 04:33:25 | R1 | SqrtAlgorithm/1_artifice vs InfixConverter/test_1_artifice_no_procyon → NON-CLONE
[1109/50000] 2026-06-30 04:33:26 | R1 | SqrtAlgorithm/1_artifice vs InfixConverter/test_1_artifice_pg_krakatau → NON-CLONE
[1110/50000] 2026-06-30 04:33:26 | R1 | SqrtAlgorithm/1_artifice vs InfixConverter/test_1_artifice_pg_procyon → NON-CLONE
[1111/50000] 2026-06-30 04:33:27 | R1 | SqrtAlgorithm/1_artifice vs SqrtAlgorithm/0_orig → CLONE
[1112/50000] 2026-06-30 04:33:28 | R1 | SqrtAlgorithm/1_artifice vs SqrtAlgorithm/1_artifice → CLONE
[1113/50000] 2026-06-30 04:33:30 | R1 | SqrtAlgorithm/1_artifice vs SqrtAlgorithm/test_0_orig_no_krakatau → CLONE
[1114/50000] 2026-06-30 04:33:31 | R1 | SqrtAlgorithm/1_artifice vs SqrtAlgorithm/test_0_orig_no_procyon → CLONE
[1115/50000] 2026-06-30 04:33:32 | R1 | SqrtAlgorithm/1_artifice vs SqrtAlgorithm/test_0_orig_pg_krakatau → CLONE
[1116/50000] 2026-06-30 04:33:32 | R1 | SqrtAlgorithm/1_artifice vs SqrtAlgorithm/test_0_orig_pg_procyon → CLONE
[1117/50000] 2026-06-30 04:33:34 | R1 | SqrtAlgorithm/1_artifice vs SqrtAlgorithm/test_1_artifice_no_krakatau → CLONE
[1118/50000] 2026-06-30 04:33:35 | R1 | SqrtAlgorithm/1_artifice vs SqrtAlgorithm/test_1_artifice_no_procyon → CLONE
[1119/50000] 2026-06-30 04:33:35 | R1 | SqrtAlgorithm/1_artifice vs SqrtAlgorithm/test_1_artifice_pg_krakatau → CLONE
[1120/50000] 2026-06-30 04:33:36 | R1 | SqrtAlgorithm/1_artifice vs SqrtAlgorithm/test_1_artifice_pg_procyon → CLONE
[1121/50000] 2026-06-30 04:33:37 | R1 | SqrtAlgorithm/1_artifice vs bubblesort/0_orig → NON-CLONE
[1122/50000] 2026-06-30 04:33:37 | R1 | SqrtAlgorithm/1_artifice vs bubblesort/1_artifice → NON-CLONE
[1123/50000] 2026-06-30 04:33:38 | R1 | SqrtAlgorithm/1_artifice vs bubblesort/test_0_orig_no_krakatau → NON-CLONE
[1124/50000] 2026-06-30 04:33:39 | R1 | SqrtAlgorithm/1_artifice vs bubblesort/test_0_orig_no_procyon → NON-CLONE
[1125/50000] 2026-06-30 04:33:40 | R1 | SqrtAlgorithm/1_artifice vs bubblesort/test_0_orig_pg_krakatau → NON-CLONE
[1126/50000] 2026-06-30 04:33:41 | R1 | SqrtAlgorithm/1_artifice vs bubblesort/test_0_orig_pg_procyon → NON-CLONE
[1127/50000] 2026-06-30 04:33:42 | R1 | SqrtAlgorithm/1_artifice vs bubblesort/test_1_artifice_no_krakatau → NON-CLONE
[1128/50000] 2026-06-30 04:33:43 | R1 | SqrtAlgorithm/1_artifice vs bubblesort/test_1_artifice_no_procyon → NON-CLONE
[1129/50000] 2026-06-30 04:33:43 | R1 | SqrtAlgorithm/1_artifice vs bubblesort/test_1_artifice_pg_krakatau → NON-CLONE
[1130/50000] 2026-06-30 04:33:44 | R1 | SqrtAlgorithm/1_artifice vs bubblesort/test_1_artifice_pg_procyon → NON-CLONE
[1131/50000] 2026-06-30 04:33:45 | R1 | SqrtAlgorithm/1_artifice vs guessword/0_orig → NON-CLONE
[1132/50000] 2026-06-30 04:33:46 | R1 | SqrtAlgorithm/1_artifice vs guessword/1_artifice → NON-CLONE
[1133/50000] 2026-06-30 04:33:47 | R1 | SqrtAlgorithm/1_artifice vs guessword/test_0_orig_no_krakatau → NON-CLONE
[1134/50000] 2026-06-30 04:33:48 | R1 | SqrtAlgorithm/1_artifice vs guessword/test_0_orig_no_procyon → NON-CLONE
[1135/50000] 2026-06-30 04:33:48 | R1 | SqrtAlgorithm/1_artifice vs guessword/test_0_orig_pg_krakatau → NON-CLONE
[1136/50000] 2026-06-30 04:33:49 | R1 | SqrtAlgorithm/1_artifice vs guessword/test_0_orig_pg_procyon → NON-CLONE
[1137/50000] 2026-06-30 04:33:51 | R1 | SqrtAlgorithm/1_artifice vs guessword/test_1_artifice_no_krakatau → NON-CLONE
[1138/50000] 2026-06-30 04:33:52 | R1 | SqrtAlgorithm/1_artifice vs guessword/test_1_artifice_no_procyon → NON-CLONE
[1139/50000] 2026-06-30 04:33:52 | R1 | SqrtAlgorithm/1_artifice vs guessword/test_1_artifice_pg_krakatau → NON-CLONE
[1140/50000] 2026-06-30 04:33:53 | R1 | SqrtAlgorithm/1_artifice vs guessword/test_1_artifice_pg_procyon → NON-CLONE
[1141/50000] 2026-06-30 04:33:54 | R1 | SqrtAlgorithm/1_artifice vs hanoi/0_orig → NON-CLONE
[1142/50000] 2026-06-30 04:33:55 | R1 | SqrtAlgorithm/1_artifice vs hanoi/1_artifice → NON-CLONE
[1143/50000] 2026-06-30 04:33:56 | R1 | SqrtAlgorithm/1_artifice vs hanoi/test_0_orig_no_krakatau → NON-CLONE
[1144/50000] 2026-06-30 04:33:57 | R1 | SqrtAlgorithm/1_artifice vs hanoi/test_0_orig_no_procyon → NON-CLONE
[1145/50000] 2026-06-30 04:33:59 | R1 | SqrtAlgorithm/1_artifice vs hanoi/test_0_orig_pg_krakatau → NON-CLONE
[1146/50000] 2026-06-30 04:34:00 | R1 | SqrtAlgorithm/1_artifice vs hanoi/test_0_orig_pg_procyon → NON-CLONE
[1147/50000] 2026-06-30 04:34:02 | R1 | SqrtAlgorithm/1_artifice vs hanoi/test_1_artifice_no_krakatau → NON-CLONE
[1148/50000] 2026-06-30 04:34:03 | R1 | SqrtAlgorithm/1_artifice vs hanoi/test_1_artifice_no_procyon → NON-CLONE
[1149/50000] 2026-06-30 04:34:04 | R1 | SqrtAlgorithm/1_artifice vs hanoi/test_1_artifice_pg_krakatau → NON-CLONE
[1150/50000] 2026-06-30 04:34:05 | R1 | SqrtAlgorithm/1_artifice vs hanoi/test_1_artifice_pg_procyon → NON-CLONE
[1151/50000] 2026-06-30 04:34:06 | R1 | SqrtAlgorithm/1_artifice vs kaprekar/0_orig → NON-CLONE
[1152/50000] 2026-06-30 04:34:07 | R1 | SqrtAlgorithm/1_artifice vs kaprekar/1_artifice → NON-CLONE
[1153/50000] 2026-06-30 04:34:08 | R1 | SqrtAlgorithm/1_artifice vs kaprekar/test_0_orig_no_krakatau → NON-CLONE
[1154/50000] 2026-06-30 04:34:10 | R1 | SqrtAlgorithm/1_artifice vs kaprekar/test_0_orig_no_procyon → NON-CLONE
[1155/50000] 2026-06-30 04:34:10 | R1 | SqrtAlgorithm/1_artifice vs kaprekar/test_0_orig_pg_krakatau → NON-CLONE
[1156/50000] 2026-06-30 04:34:11 | R1 | SqrtAlgorithm/1_artifice vs kaprekar/test_0_orig_pg_procyon → NON-CLONE
[1157/50000] 2026-06-30 04:34:12 | R1 | SqrtAlgorithm/1_artifice vs kaprekar/test_1_artifice_no_krakatau → NON-CLONE
[1158/50000] 2026-06-30 04:34:12 | R1 | SqrtAlgorithm/1_artifice vs kaprekar/test_1_artifice_no_procyon → NON-CLONE
[1159/50000] 2026-06-30 04:34:14 | R1 | SqrtAlgorithm/1_artifice vs kaprekar/test_1_artifice_pg_krakatau → NON-CLONE
[1160/50000] 2026-06-30 04:34:14 | R1 | SqrtAlgorithm/1_artifice vs kaprekar/test_1_artifice_pg_procyon → NON-CLONE
[1161/50000] 2026-06-30 04:34:15 | R1 | SqrtAlgorithm/1_artifice vs queens/0_orig → NON-CLONE
[1162/50000] 2026-06-30 04:34:16 | R1 | SqrtAlgorithm/1_artifice vs queens/1_artifice → NON-CLONE
[1163/50000] 2026-06-30 04:34:17 | R1 | SqrtAlgorithm/1_artifice vs queens/test_0_orig_no_krakatau → NON-CLONE
[1164/50000] 2026-06-30 04:34:18 | R1 | SqrtAlgorithm/1_artifice vs queens/test_0_orig_no_procyon → NON-CLONE
[1165/50000] 2026-06-30 04:34:19 | R1 | SqrtAlgorithm/1_artifice vs queens/test_0_orig_pg_krakatau → NON-CLONE
[1166/50000] 2026-06-30 04:34:20 | R1 | SqrtAlgorithm/1_artifice vs queens/test_0_orig_pg_procyon → NON-CLONE
[1167/50000] 2026-06-30 04:34:20 | R1 | SqrtAlgorithm/1_artifice vs queens/test_1_artifice_no_krakatau → NON-CLONE
[1168/50000] 2026-06-30 04:34:21 | R1 | SqrtAlgorithm/1_artifice vs queens/test_1_artifice_no_procyon → NON-CLONE
[1169/50000] 2026-06-30 04:34:21 | R1 | SqrtAlgorithm/1_artifice vs queens/test_1_artifice_pg_krakatau → NON-CLONE
[1170/50000] 2026-06-30 04:34:22 | R1 | SqrtAlgorithm/1_artifice vs queens/test_1_artifice_pg_procyon → NON-CLONE
[1171/50000] 2026-06-30 04:34:23 | R1 | SqrtAlgorithm/1_artifice vs railroadcar/0_orig → NON-CLONE
[1172/50000] 2026-06-30 04:34:24 | R1 | SqrtAlgorithm/1_artifice vs railroadcar/1_artifice → NON-CLONE
[1173/50000] 2026-06-30 04:34:26 | R1 | SqrtAlgorithm/1_artifice vs railroadcar/test_0_orig_no_krakatau → NON-CLONE
[1174/50000] 2026-06-30 04:34:26 | R1 | SqrtAlgorithm/1_artifice vs railroadcar/test_0_orig_no_procyon → NON-CLONE
[1175/50000] 2026-06-30 04:34:27 | R1 | SqrtAlgorithm/1_artifice vs railroadcar/test_0_orig_pg_krakatau → NON-CLONE
[1176/50000] 2026-06-30 04:34:28 | R1 | SqrtAlgorithm/1_artifice vs railroadcar/test_0_orig_pg_procyon → NON-CLONE
[1177/50000] 2026-06-30 04:34:30 | R1 | SqrtAlgorithm/1_artifice vs railroadcar/test_1_artifice_no_krakatau → NON-CLONE
[1178/50000] 2026-06-30 04:34:31 | R1 | SqrtAlgorithm/1_artifice vs railroadcar/test_1_artifice_no_procyon → NON-CLONE
[1179/50000] 2026-06-30 04:34:31 | R1 | SqrtAlgorithm/1_artifice vs railroadcar/test_1_artifice_pg_krakatau → NON-CLONE
[1180/50000] 2026-06-30 04:34:32 | R1 | SqrtAlgorithm/1_artifice vs railroadcar/test_1_artifice_pg_procyon → NON-CLONE
[1181/50000] 2026-06-30 04:34:33 | R1 | SqrtAlgorithm/1_artifice vs slinkedlist/0_orig → NON-CLONE
[1182/50000] 2026-06-30 04:34:33 | R1 | SqrtAlgorithm/1_artifice vs slinkedlist/1_artifice → NON-CLONE
[1183/50000] 2026-06-30 04:34:34 | R1 | SqrtAlgorithm/1_artifice vs slinkedlist/test_0_orig_no_krakatau → NON-CLONE
[1184/50000] 2026-06-30 04:34:36 | R1 | SqrtAlgorithm/1_artifice vs slinkedlist/test_0_orig_no_procyon → NON-CLONE
[1185/50000] 2026-06-30 04:34:36 | R1 | SqrtAlgorithm/1_artifice vs slinkedlist/test_0_orig_pg_krakatau → NON-CLONE
[1186/50000] 2026-06-30 04:34:37 | R1 | SqrtAlgorithm/1_artifice vs slinkedlist/test_0_orig_pg_procyon → NON-CLONE
[1187/50000] 2026-06-30 04:34:38 | R1 | SqrtAlgorithm/1_artifice vs slinkedlist/test_1_artifice_no_krakatau → NON-CLONE
[1188/50000] 2026-06-30 04:34:39 | R1 | SqrtAlgorithm/1_artifice vs slinkedlist/test_1_artifice_no_procyon → NON-CLONE
[1189/50000] 2026-06-30 04:34:40 | R1 | SqrtAlgorithm/1_artifice vs slinkedlist/test_1_artifice_pg_krakatau → NON-CLONE
[1190/50000] 2026-06-30 04:34:41 | R1 | SqrtAlgorithm/1_artifice vs slinkedlist/test_1_artifice_pg_procyon → NON-CLONE
[1191/50000] 2026-06-30 04:34:42 | R1 | SqrtAlgorithm/1_artifice vs square/0_orig → NON-CLONE
[1192/50000] 2026-06-30 04:34:42 | R1 | SqrtAlgorithm/1_artifice vs square/1_artifice → NON-CLONE
[1193/50000] 2026-06-30 04:34:43 | R1 | SqrtAlgorithm/1_artifice vs square/test_0_orig_no_krakatau → NON-CLONE
[1194/50000] 2026-06-30 04:34:44 | R1 | SqrtAlgorithm/1_artifice vs square/test_0_orig_no_procyon → NON-CLONE
[1195/50000] 2026-06-30 04:34:45 | R1 | SqrtAlgorithm/1_artifice vs square/test_0_orig_pg_krakatau → NON-CLONE
[1196/50000] 2026-06-30 04:34:46 | R1 | SqrtAlgorithm/1_artifice vs square/test_0_orig_pg_procyon → NON-CLONE
[1197/50000] 2026-06-30 04:34:47 | R1 | SqrtAlgorithm/1_artifice vs square/test_1_artifice_no_krakatau → NON-CLONE
[1198/50000] 2026-06-30 04:34:48 | R1 | SqrtAlgorithm/1_artifice vs square/test_1_artifice_no_procyon → NON-CLONE
[1199/50000] 2026-06-30 04:34:49 | R1 | SqrtAlgorithm/1_artifice vs square/test_1_artifice_pg_krakatau → NON-CLONE
[1200/50000] 2026-06-30 04:34:50 | R1 | SqrtAlgorithm/1_artifice vs square/test_1_artifice_pg_procyon → NON-CLONE
[1201/50000] 2026-06-30 04:34:51 | R1 | SqrtAlgorithm/test_0_orig_no_krakatau vs InfixConverter/0_orig → NON-CLONE
[1202/50000] 2026-06-30 04:34:52 | R1 | SqrtAlgorithm/test_0_orig_no_krakatau vs InfixConverter/1_artifice → NON-CLONE
[1203/50000] 2026-06-30 04:34:53 | R1 | SqrtAlgorithm/test_0_orig_no_krakatau vs InfixConverter/test_0_orig_no_krakatau → NON-CLONE
[1204/50000] 2026-06-30 04:34:54 | R1 | SqrtAlgorithm/test_0_orig_no_krakatau vs InfixConverter/test_0_orig_no_procyon → NON-CLONE
[1205/50000] 2026-06-30 04:34:55 | R1 | SqrtAlgorithm/test_0_orig_no_krakatau vs InfixConverter/test_0_orig_pg_krakatau → NON-CLONE
[1206/50000] 2026-06-30 04:34:56 | R1 | SqrtAlgorithm/test_0_orig_no_krakatau vs InfixConverter/test_0_orig_pg_procyon → NON-CLONE
[1207/50000] 2026-06-30 04:34:57 | R1 | SqrtAlgorithm/test_0_orig_no_krakatau vs InfixConverter/test_1_artifice_no_krakatau → NON-CLONE
[1208/50000] 2026-06-30 04:34:58 | R1 | SqrtAlgorithm/test_0_orig_no_krakatau vs InfixConverter/test_1_artifice_no_procyon → NON-CLONE
[1209/50000] 2026-06-30 04:35:00 | R1 | SqrtAlgorithm/test_0_orig_no_krakatau vs InfixConverter/test_1_artifice_pg_krakatau → NON-CLONE
[1210/50000] 2026-06-30 04:35:01 | R1 | SqrtAlgorithm/test_0_orig_no_krakatau vs InfixConverter/test_1_artifice_pg_procyon → NON-CLONE
[1211/50000] 2026-06-30 04:35:02 | R1 | SqrtAlgorithm/test_0_orig_no_krakatau vs SqrtAlgorithm/0_orig → CLONE
[1212/50000] 2026-06-30 04:35:02 | R1 | SqrtAlgorithm/test_0_orig_no_krakatau vs SqrtAlgorithm/1_artifice → CLONE
[1213/50000] 2026-06-30 04:35:04 | R1 | SqrtAlgorithm/test_0_orig_no_krakatau vs SqrtAlgorithm/test_0_orig_no_krakatau → CLONE
[1214/50000] 2026-06-30 04:35:05 | R1 | SqrtAlgorithm/test_0_orig_no_krakatau vs SqrtAlgorithm/test_0_orig_no_procyon → CLONE
[1215/50000] 2026-06-30 04:35:05 | R1 | SqrtAlgorithm/test_0_orig_no_krakatau vs SqrtAlgorithm/test_0_orig_pg_krakatau → CLONE
[1216/50000] 2026-06-30 04:35:06 | R1 | SqrtAlgorithm/test_0_orig_no_krakatau vs SqrtAlgorithm/test_0_orig_pg_procyon → CLONE
[1217/50000] 2026-06-30 04:35:07 | R1 | SqrtAlgorithm/test_0_orig_no_krakatau vs SqrtAlgorithm/test_1_artifice_no_krakatau → CLONE
[1218/50000] 2026-06-30 04:35:08 | R1 | SqrtAlgorithm/test_0_orig_no_krakatau vs SqrtAlgorithm/test_1_artifice_no_procyon → CLONE
[1219/50000] 2026-06-30 04:35:09 | R1 | SqrtAlgorithm/test_0_orig_no_krakatau vs SqrtAlgorithm/test_1_artifice_pg_krakatau → CLONE
[1220/50000] 2026-06-30 04:35:10 | R1 | SqrtAlgorithm/test_0_orig_no_krakatau vs SqrtAlgorithm/test_1_artifice_pg_procyon → CLONE
[1221/50000] 2026-06-30 04:35:11 | R1 | SqrtAlgorithm/test_0_orig_no_krakatau vs bubblesort/0_orig → NON-CLONE
[1222/50000] 2026-06-30 04:35:11 | R1 | SqrtAlgorithm/test_0_orig_no_krakatau vs bubblesort/1_artifice → NON-CLONE
[1223/50000] 2026-06-30 04:35:12 | R1 | SqrtAlgorithm/test_0_orig_no_krakatau vs bubblesort/test_0_orig_no_krakatau → NON-CLONE
[1224/50000] 2026-06-30 04:35:12 | R1 | SqrtAlgorithm/test_0_orig_no_krakatau vs bubblesort/test_0_orig_no_procyon → NON-CLONE
[1225/50000] 2026-06-30 04:35:13 | R1 | SqrtAlgorithm/test_0_orig_no_krakatau vs bubblesort/test_0_orig_pg_krakatau → NON-CLONE
[1226/50000] 2026-06-30 04:35:14 | R1 | SqrtAlgorithm/test_0_orig_no_krakatau vs bubblesort/test_0_orig_pg_procyon → NON-CLONE
[1227/50000] 2026-06-30 04:35:15 | R1 | SqrtAlgorithm/test_0_orig_no_krakatau vs bubblesort/test_1_artifice_no_krakatau → NON-CLONE
[1228/50000] 2026-06-30 04:35:16 | R1 | SqrtAlgorithm/test_0_orig_no_krakatau vs bubblesort/test_1_artifice_no_procyon → NON-CLONE
[1229/50000] 2026-06-30 04:35:17 | R1 | SqrtAlgorithm/test_0_orig_no_krakatau vs bubblesort/test_1_artifice_pg_krakatau → NON-CLONE
[1230/50000] 2026-06-30 04:35:18 | R1 | SqrtAlgorithm/test_0_orig_no_krakatau vs bubblesort/test_1_artifice_pg_procyon → NON-CLONE
[1231/50000] 2026-06-30 04:35:19 | R1 | SqrtAlgorithm/test_0_orig_no_krakatau vs guessword/0_orig → NON-CLONE
[1232/50000] 2026-06-30 04:35:20 | R1 | SqrtAlgorithm/test_0_orig_no_krakatau vs guessword/1_artifice → NON-CLONE
[1233/50000] 2026-06-30 04:35:21 | R1 | SqrtAlgorithm/test_0_orig_no_krakatau vs guessword/test_0_orig_no_krakatau → NON-CLONE
[1234/50000] 2026-06-30 04:35:22 | R1 | SqrtAlgorithm/test_0_orig_no_krakatau vs guessword/test_0_orig_no_procyon → NON-CLONE
[1235/50000] 2026-06-30 04:35:23 | R1 | SqrtAlgorithm/test_0_orig_no_krakatau vs guessword/test_0_orig_pg_krakatau → NON-CLONE
[1236/50000] 2026-06-30 04:35:24 | R1 | SqrtAlgorithm/test_0_orig_no_krakatau vs guessword/test_0_orig_pg_procyon → NON-CLONE
[1237/50000] 2026-06-30 04:35:25 | R1 | SqrtAlgorithm/test_0_orig_no_krakatau vs guessword/test_1_artifice_no_krakatau → NON-CLONE
[1238/50000] 2026-06-30 04:35:26 | R1 | SqrtAlgorithm/test_0_orig_no_krakatau vs guessword/test_1_artifice_no_procyon → NON-CLONE
[1239/50000] 2026-06-30 04:35:27 | R1 | SqrtAlgorithm/test_0_orig_no_krakatau vs guessword/test_1_artifice_pg_krakatau → NON-CLONE
[1240/50000] 2026-06-30 04:35:28 | R1 | SqrtAlgorithm/test_0_orig_no_krakatau vs guessword/test_1_artifice_pg_procyon → NON-CLONE
[1241/50000] 2026-06-30 04:35:29 | R1 | SqrtAlgorithm/test_0_orig_no_krakatau vs hanoi/0_orig → NON-CLONE
[1242/50000] 2026-06-30 04:35:30 | R1 | SqrtAlgorithm/test_0_orig_no_krakatau vs hanoi/1_artifice → NON-CLONE
[1243/50000] 2026-06-30 04:35:31 | R1 | SqrtAlgorithm/test_0_orig_no_krakatau vs hanoi/test_0_orig_no_krakatau → NON-CLONE
[1244/50000] 2026-06-30 04:35:32 | R1 | SqrtAlgorithm/test_0_orig_no_krakatau vs hanoi/test_0_orig_no_procyon → NON-CLONE
[1245/50000] 2026-06-30 04:35:33 | R1 | SqrtAlgorithm/test_0_orig_no_krakatau vs hanoi/test_0_orig_pg_krakatau → NON-CLONE
[1246/50000] 2026-06-30 04:35:35 | R1 | SqrtAlgorithm/test_0_orig_no_krakatau vs hanoi/test_0_orig_pg_procyon → NON-CLONE
[1247/50000] 2026-06-30 04:35:36 | R1 | SqrtAlgorithm/test_0_orig_no_krakatau vs hanoi/test_1_artifice_no_krakatau → NON-CLONE
[1248/50000] 2026-06-30 04:35:37 | R1 | SqrtAlgorithm/test_0_orig_no_krakatau vs hanoi/test_1_artifice_no_procyon → NON-CLONE
[1249/50000] 2026-06-30 04:35:38 | R1 | SqrtAlgorithm/test_0_orig_no_krakatau vs hanoi/test_1_artifice_pg_krakatau → NON-CLONE
[1250/50000] 2026-06-30 04:35:39 | R1 | SqrtAlgorithm/test_0_orig_no_krakatau vs hanoi/test_1_artifice_pg_procyon → NON-CLONE
[1251/50000] 2026-06-30 04:35:40 | R1 | SqrtAlgorithm/test_0_orig_no_krakatau vs kaprekar/0_orig → NON-CLONE
[1252/50000] 2026-06-30 04:35:41 | R1 | SqrtAlgorithm/test_0_orig_no_krakatau vs kaprekar/1_artifice → NON-CLONE
[1253/50000] 2026-06-30 04:35:43 | R1 | SqrtAlgorithm/test_0_orig_no_krakatau vs kaprekar/test_0_orig_no_krakatau → NON-CLONE
[1254/50000] 2026-06-30 04:35:44 | R1 | SqrtAlgorithm/test_0_orig_no_krakatau vs kaprekar/test_0_orig_no_procyon → NON-CLONE
[1255/50000] 2026-06-30 04:35:45 | R1 | SqrtAlgorithm/test_0_orig_no_krakatau vs kaprekar/test_0_orig_pg_krakatau → NON-CLONE
[1256/50000] 2026-06-30 04:35:46 | R1 | SqrtAlgorithm/test_0_orig_no_krakatau vs kaprekar/test_0_orig_pg_procyon → NON-CLONE
[1257/50000] 2026-06-30 04:35:48 | R1 | SqrtAlgorithm/test_0_orig_no_krakatau vs kaprekar/test_1_artifice_no_krakatau → NON-CLONE
[1258/50000] 2026-06-30 04:35:49 | R1 | SqrtAlgorithm/test_0_orig_no_krakatau vs kaprekar/test_1_artifice_no_procyon → NON-CLONE
[1259/50000] 2026-06-30 04:35:50 | R1 | SqrtAlgorithm/test_0_orig_no_krakatau vs kaprekar/test_1_artifice_pg_krakatau → NON-CLONE
[1260/50000] 2026-06-30 04:35:50 | R1 | SqrtAlgorithm/test_0_orig_no_krakatau vs kaprekar/test_1_artifice_pg_procyon → NON-CLONE
[1261/50000] 2026-06-30 04:35:51 | R1 | SqrtAlgorithm/test_0_orig_no_krakatau vs queens/0_orig → NON-CLONE
[1262/50000] 2026-06-30 04:35:52 | R1 | SqrtAlgorithm/test_0_orig_no_krakatau vs queens/1_artifice → NON-CLONE
[1263/50000] 2026-06-30 04:35:53 | R1 | SqrtAlgorithm/test_0_orig_no_krakatau vs queens/test_0_orig_no_krakatau → NON-CLONE
[1264/50000] 2026-06-30 04:35:54 | R1 | SqrtAlgorithm/test_0_orig_no_krakatau vs queens/test_0_orig_no_procyon → NON-CLONE
[1265/50000] 2026-06-30 04:35:55 | R1 | SqrtAlgorithm/test_0_orig_no_krakatau vs queens/test_0_orig_pg_krakatau → NON-CLONE
[1266/50000] 2026-06-30 04:35:56 | R1 | SqrtAlgorithm/test_0_orig_no_krakatau vs queens/test_0_orig_pg_procyon → NON-CLONE
[1267/50000] 2026-06-30 04:35:57 | R1 | SqrtAlgorithm/test_0_orig_no_krakatau vs queens/test_1_artifice_no_krakatau → NON-CLONE
[1268/50000] 2026-06-30 04:35:57 | R1 | SqrtAlgorithm/test_0_orig_no_krakatau vs queens/test_1_artifice_no_procyon → NON-CLONE
[1269/50000] 2026-06-30 04:35:58 | R1 | SqrtAlgorithm/test_0_orig_no_krakatau vs queens/test_1_artifice_pg_krakatau → NON-CLONE
[1270/50000] 2026-06-30 04:35:59 | R1 | SqrtAlgorithm/test_0_orig_no_krakatau vs queens/test_1_artifice_pg_procyon → NON-CLONE
[1271/50000] 2026-06-30 04:36:00 | R1 | SqrtAlgorithm/test_0_orig_no_krakatau vs railroadcar/0_orig → NON-CLONE
[1272/50000] 2026-06-30 04:36:01 | R1 | SqrtAlgorithm/test_0_orig_no_krakatau vs railroadcar/1_artifice → NON-CLONE
[1273/50000] 2026-06-30 04:36:02 | R1 | SqrtAlgorithm/test_0_orig_no_krakatau vs railroadcar/test_0_orig_no_krakatau → NON-CLONE
[1274/50000] 2026-06-30 04:36:02 | R1 | SqrtAlgorithm/test_0_orig_no_krakatau vs railroadcar/test_0_orig_no_procyon → NON-CLONE
[1275/50000] 2026-06-30 04:36:03 | R1 | SqrtAlgorithm/test_0_orig_no_krakatau vs railroadcar/test_0_orig_pg_krakatau → NON-CLONE
[1276/50000] 2026-06-30 04:36:04 | R1 | SqrtAlgorithm/test_0_orig_no_krakatau vs railroadcar/test_0_orig_pg_procyon → NON-CLONE
[1277/50000] 2026-06-30 04:36:05 | R1 | SqrtAlgorithm/test_0_orig_no_krakatau vs railroadcar/test_1_artifice_no_krakatau → NON-CLONE
[1278/50000] 2026-06-30 04:36:06 | R1 | SqrtAlgorithm/test_0_orig_no_krakatau vs railroadcar/test_1_artifice_no_procyon → NON-CLONE
[1279/50000] 2026-06-30 04:36:07 | R1 | SqrtAlgorithm/test_0_orig_no_krakatau vs railroadcar/test_1_artifice_pg_krakatau → NON-CLONE
[1280/50000] 2026-06-30 04:36:08 | R1 | SqrtAlgorithm/test_0_orig_no_krakatau vs railroadcar/test_1_artifice_pg_procyon → NON-CLONE
[1281/50000] 2026-06-30 04:36:09 | R1 | SqrtAlgorithm/test_0_orig_no_krakatau vs slinkedlist/0_orig → NON-CLONE
[1282/50000] 2026-06-30 04:36:10 | R1 | SqrtAlgorithm/test_0_orig_no_krakatau vs slinkedlist/1_artifice → NON-CLONE
[1283/50000] 2026-06-30 04:36:11 | R1 | SqrtAlgorithm/test_0_orig_no_krakatau vs slinkedlist/test_0_orig_no_krakatau → NON-CLONE
[1284/50000] 2026-06-30 04:36:12 | R1 | SqrtAlgorithm/test_0_orig_no_krakatau vs slinkedlist/test_0_orig_no_procyon → NON-CLONE
[1285/50000] 2026-06-30 04:36:13 | R1 | SqrtAlgorithm/test_0_orig_no_krakatau vs slinkedlist/test_0_orig_pg_krakatau → NON-CLONE
[1286/50000] 2026-06-30 04:36:13 | R1 | SqrtAlgorithm/test_0_orig_no_krakatau vs slinkedlist/test_0_orig_pg_procyon → NON-CLONE
[1287/50000] 2026-06-30 04:36:14 | R1 | SqrtAlgorithm/test_0_orig_no_krakatau vs slinkedlist/test_1_artifice_no_krakatau → NON-CLONE
[1288/50000] 2026-06-30 04:36:15 | R1 | SqrtAlgorithm/test_0_orig_no_krakatau vs slinkedlist/test_1_artifice_no_procyon → NON-CLONE
[1289/50000] 2026-06-30 04:36:16 | R1 | SqrtAlgorithm/test_0_orig_no_krakatau vs slinkedlist/test_1_artifice_pg_krakatau → NON-CLONE
[1290/50000] 2026-06-30 04:36:16 | R1 | SqrtAlgorithm/test_0_orig_no_krakatau vs slinkedlist/test_1_artifice_pg_procyon → NON-CLONE
[1291/50000] 2026-06-30 04:36:17 | R1 | SqrtAlgorithm/test_0_orig_no_krakatau vs square/0_orig → NON-CLONE
[1292/50000] 2026-06-30 04:36:18 | R1 | SqrtAlgorithm/test_0_orig_no_krakatau vs square/1_artifice → NON-CLONE
[1293/50000] 2026-06-30 04:36:19 | R1 | SqrtAlgorithm/test_0_orig_no_krakatau vs square/test_0_orig_no_krakatau → NON-CLONE
[1294/50000] 2026-06-30 04:36:21 | R1 | SqrtAlgorithm/test_0_orig_no_krakatau vs square/test_0_orig_no_procyon → NON-CLONE
[1295/50000] 2026-06-30 04:36:22 | R1 | SqrtAlgorithm/test_0_orig_no_krakatau vs square/test_0_orig_pg_krakatau → NON-CLONE
[1296/50000] 2026-06-30 04:36:23 | R1 | SqrtAlgorithm/test_0_orig_no_krakatau vs square/test_0_orig_pg_procyon → NON-CLONE
[1297/50000] 2026-06-30 04:36:24 | R1 | SqrtAlgorithm/test_0_orig_no_krakatau vs square/test_1_artifice_no_krakatau → NON-CLONE
[1298/50000] 2026-06-30 04:36:25 | R1 | SqrtAlgorithm/test_0_orig_no_krakatau vs square/test_1_artifice_no_procyon → NON-CLONE
[1299/50000] 2026-06-30 04:36:25 | R1 | SqrtAlgorithm/test_0_orig_no_krakatau vs square/test_1_artifice_pg_krakatau → NON-CLONE
[1300/50000] 2026-06-30 04:36:26 | R1 | SqrtAlgorithm/test_0_orig_no_krakatau vs square/test_1_artifice_pg_procyon → NON-CLONE
[1301/50000] 2026-06-30 04:36:27 | R1 | SqrtAlgorithm/test_0_orig_no_procyon vs InfixConverter/0_orig → NON-CLONE
[1302/50000] 2026-06-30 04:36:29 | R1 | SqrtAlgorithm/test_0_orig_no_procyon vs InfixConverter/1_artifice → NON-CLONE
[1303/50000] 2026-06-30 04:36:30 | R1 | SqrtAlgorithm/test_0_orig_no_procyon vs InfixConverter/test_0_orig_no_krakatau → NON-CLONE
[1304/50000] 2026-06-30 04:36:30 | R1 | SqrtAlgorithm/test_0_orig_no_procyon vs InfixConverter/test_0_orig_no_procyon → NON-CLONE
[1305/50000] 2026-06-30 04:36:31 | R1 | SqrtAlgorithm/test_0_orig_no_procyon vs InfixConverter/test_0_orig_pg_krakatau → NON-CLONE
[1306/50000] 2026-06-30 04:36:32 | R1 | SqrtAlgorithm/test_0_orig_no_procyon vs InfixConverter/test_0_orig_pg_procyon → NON-CLONE
[1307/50000] 2026-06-30 04:36:32 | R1 | SqrtAlgorithm/test_0_orig_no_procyon vs InfixConverter/test_1_artifice_no_krakatau → NON-CLONE
[1308/50000] 2026-06-30 04:36:33 | R1 | SqrtAlgorithm/test_0_orig_no_procyon vs InfixConverter/test_1_artifice_no_procyon → NON-CLONE
[1309/50000] 2026-06-30 04:36:34 | R1 | SqrtAlgorithm/test_0_orig_no_procyon vs InfixConverter/test_1_artifice_pg_krakatau → NON-CLONE
[1310/50000] 2026-06-30 04:36:35 | R1 | SqrtAlgorithm/test_0_orig_no_procyon vs InfixConverter/test_1_artifice_pg_procyon → NON-CLONE
[1311/50000] 2026-06-30 04:36:36 | R1 | SqrtAlgorithm/test_0_orig_no_procyon vs SqrtAlgorithm/0_orig → CLONE
[1312/50000] 2026-06-30 04:36:37 | R1 | SqrtAlgorithm/test_0_orig_no_procyon vs SqrtAlgorithm/1_artifice → CLONE
[1313/50000] 2026-06-30 04:36:39 | R1 | SqrtAlgorithm/test_0_orig_no_procyon vs SqrtAlgorithm/test_0_orig_no_krakatau → CLONE
[1314/50000] 2026-06-30 04:36:40 | R1 | SqrtAlgorithm/test_0_orig_no_procyon vs SqrtAlgorithm/test_0_orig_no_procyon → CLONE
[1315/50000] 2026-06-30 04:36:40 | R1 | SqrtAlgorithm/test_0_orig_no_procyon vs SqrtAlgorithm/test_0_orig_pg_krakatau → CLONE
[1316/50000] 2026-06-30 04:36:41 | R1 | SqrtAlgorithm/test_0_orig_no_procyon vs SqrtAlgorithm/test_0_orig_pg_procyon → CLONE
[1317/50000] 2026-06-30 04:36:42 | R1 | SqrtAlgorithm/test_0_orig_no_procyon vs SqrtAlgorithm/test_1_artifice_no_krakatau → CLONE
[1318/50000] 2026-06-30 04:36:43 | R1 | SqrtAlgorithm/test_0_orig_no_procyon vs SqrtAlgorithm/test_1_artifice_no_procyon → CLONE
[1319/50000] 2026-06-30 04:36:44 | R1 | SqrtAlgorithm/test_0_orig_no_procyon vs SqrtAlgorithm/test_1_artifice_pg_krakatau → CLONE
[1320/50000] 2026-06-30 04:36:44 | R1 | SqrtAlgorithm/test_0_orig_no_procyon vs SqrtAlgorithm/test_1_artifice_pg_procyon → CLONE
[1321/50000] 2026-06-30 04:36:45 | R1 | SqrtAlgorithm/test_0_orig_no_procyon vs bubblesort/0_orig → NON-CLONE
[1322/50000] 2026-06-30 04:36:46 | R1 | SqrtAlgorithm/test_0_orig_no_procyon vs bubblesort/1_artifice → NON-CLONE
[1323/50000] 2026-06-30 04:36:47 | R1 | SqrtAlgorithm/test_0_orig_no_procyon vs bubblesort/test_0_orig_no_krakatau → NON-CLONE
[1324/50000] 2026-06-30 04:36:48 | R1 | SqrtAlgorithm/test_0_orig_no_procyon vs bubblesort/test_0_orig_no_procyon → NON-CLONE
[1325/50000] 2026-06-30 04:36:49 | R1 | SqrtAlgorithm/test_0_orig_no_procyon vs bubblesort/test_0_orig_pg_krakatau → NON-CLONE
[1326/50000] 2026-06-30 04:36:49 | R1 | SqrtAlgorithm/test_0_orig_no_procyon vs bubblesort/test_0_orig_pg_procyon → NON-CLONE
[1327/50000] 2026-06-30 04:36:50 | R1 | SqrtAlgorithm/test_0_orig_no_procyon vs bubblesort/test_1_artifice_no_krakatau → NON-CLONE
[1328/50000] 2026-06-30 04:36:51 | R1 | SqrtAlgorithm/test_0_orig_no_procyon vs bubblesort/test_1_artifice_no_procyon → NON-CLONE
[1329/50000] 2026-06-30 04:36:51 | R1 | SqrtAlgorithm/test_0_orig_no_procyon vs bubblesort/test_1_artifice_pg_krakatau → NON-CLONE
[1330/50000] 2026-06-30 04:36:52 | R1 | SqrtAlgorithm/test_0_orig_no_procyon vs bubblesort/test_1_artifice_pg_procyon → NON-CLONE
[1331/50000] 2026-06-30 04:36:53 | R1 | SqrtAlgorithm/test_0_orig_no_procyon vs guessword/0_orig → NON-CLONE
[1332/50000] 2026-06-30 04:36:54 | R1 | SqrtAlgorithm/test_0_orig_no_procyon vs guessword/1_artifice → NON-CLONE
[1333/50000] 2026-06-30 04:36:55 | R1 | SqrtAlgorithm/test_0_orig_no_procyon vs guessword/test_0_orig_no_krakatau → NON-CLONE
[1334/50000] 2026-06-30 04:36:56 | R1 | SqrtAlgorithm/test_0_orig_no_procyon vs guessword/test_0_orig_no_procyon → NON-CLONE
[1335/50000] 2026-06-30 04:36:57 | R1 | SqrtAlgorithm/test_0_orig_no_procyon vs guessword/test_0_orig_pg_krakatau → NON-CLONE
[1336/50000] 2026-06-30 04:36:58 | R1 | SqrtAlgorithm/test_0_orig_no_procyon vs guessword/test_0_orig_pg_procyon → NON-CLONE
[1337/50000] 2026-06-30 04:36:59 | R1 | SqrtAlgorithm/test_0_orig_no_procyon vs guessword/test_1_artifice_no_krakatau → NON-CLONE
[1338/50000] 2026-06-30 04:37:00 | R1 | SqrtAlgorithm/test_0_orig_no_procyon vs guessword/test_1_artifice_no_procyon → NON-CLONE
[1339/50000] 2026-06-30 04:37:01 | R1 | SqrtAlgorithm/test_0_orig_no_procyon vs guessword/test_1_artifice_pg_krakatau → NON-CLONE
[1340/50000] 2026-06-30 04:37:02 | R1 | SqrtAlgorithm/test_0_orig_no_procyon vs guessword/test_1_artifice_pg_procyon → NON-CLONE
[1341/50000] 2026-06-30 04:37:03 | R1 | SqrtAlgorithm/test_0_orig_no_procyon vs hanoi/0_orig → NON-CLONE
[1342/50000] 2026-06-30 04:37:04 | R1 | SqrtAlgorithm/test_0_orig_no_procyon vs hanoi/1_artifice → NON-CLONE
[1343/50000] 2026-06-30 04:37:06 | R1 | SqrtAlgorithm/test_0_orig_no_procyon vs hanoi/test_0_orig_no_krakatau → NON-CLONE
[1344/50000] 2026-06-30 04:37:07 | R1 | SqrtAlgorithm/test_0_orig_no_procyon vs hanoi/test_0_orig_no_procyon → NON-CLONE
[1345/50000] 2026-06-30 04:37:08 | R1 | SqrtAlgorithm/test_0_orig_no_procyon vs hanoi/test_0_orig_pg_krakatau → NON-CLONE
[1346/50000] 2026-06-30 04:37:09 | R1 | SqrtAlgorithm/test_0_orig_no_procyon vs hanoi/test_0_orig_pg_procyon → NON-CLONE
[1347/50000] 2026-06-30 04:37:10 | R1 | SqrtAlgorithm/test_0_orig_no_procyon vs hanoi/test_1_artifice_no_krakatau → NON-CLONE
[1348/50000] 2026-06-30 04:37:11 | R1 | SqrtAlgorithm/test_0_orig_no_procyon vs hanoi/test_1_artifice_no_procyon → NON-CLONE
[1349/50000] 2026-06-30 04:37:12 | R1 | SqrtAlgorithm/test_0_orig_no_procyon vs hanoi/test_1_artifice_pg_krakatau → NON-CLONE
[1350/50000] 2026-06-30 04:37:13 | R1 | SqrtAlgorithm/test_0_orig_no_procyon vs hanoi/test_1_artifice_pg_procyon → NON-CLONE
[1351/50000] 2026-06-30 04:37:15 | R1 | SqrtAlgorithm/test_0_orig_no_procyon vs kaprekar/0_orig → NON-CLONE
[1352/50000] 2026-06-30 04:37:16 | R1 | SqrtAlgorithm/test_0_orig_no_procyon vs kaprekar/1_artifice → NON-CLONE
[1353/50000] 2026-06-30 04:37:17 | R1 | SqrtAlgorithm/test_0_orig_no_procyon vs kaprekar/test_0_orig_no_krakatau → NON-CLONE
[1354/50000] 2026-06-30 04:37:18 | R1 | SqrtAlgorithm/test_0_orig_no_procyon vs kaprekar/test_0_orig_no_procyon → NON-CLONE
[1355/50000] 2026-06-30 04:37:19 | R1 | SqrtAlgorithm/test_0_orig_no_procyon vs kaprekar/test_0_orig_pg_krakatau → NON-CLONE
[1356/50000] 2026-06-30 04:37:20 | R1 | SqrtAlgorithm/test_0_orig_no_procyon vs kaprekar/test_0_orig_pg_procyon → NON-CLONE
[1357/50000] 2026-06-30 04:37:21 | R1 | SqrtAlgorithm/test_0_orig_no_procyon vs kaprekar/test_1_artifice_no_krakatau → NON-CLONE
[1358/50000] 2026-06-30 04:37:22 | R1 | SqrtAlgorithm/test_0_orig_no_procyon vs kaprekar/test_1_artifice_no_procyon → NON-CLONE
[1359/50000] 2026-06-30 04:37:23 | R1 | SqrtAlgorithm/test_0_orig_no_procyon vs kaprekar/test_1_artifice_pg_krakatau → NON-CLONE
[1360/50000] 2026-06-30 04:37:24 | R1 | SqrtAlgorithm/test_0_orig_no_procyon vs kaprekar/test_1_artifice_pg_procyon → NON-CLONE
[1361/50000] 2026-06-30 04:37:25 | R1 | SqrtAlgorithm/test_0_orig_no_procyon vs queens/0_orig → NON-CLONE
[1362/50000] 2026-06-30 04:37:26 | R1 | SqrtAlgorithm/test_0_orig_no_procyon vs queens/1_artifice → NON-CLONE
[1363/50000] 2026-06-30 04:37:27 | R1 | SqrtAlgorithm/test_0_orig_no_procyon vs queens/test_0_orig_no_krakatau → NON-CLONE
[1364/50000] 2026-06-30 04:37:28 | R1 | SqrtAlgorithm/test_0_orig_no_procyon vs queens/test_0_orig_no_procyon → NON-CLONE
[1365/50000] 2026-06-30 04:37:29 | R1 | SqrtAlgorithm/test_0_orig_no_procyon vs queens/test_0_orig_pg_krakatau → NON-CLONE
[1366/50000] 2026-06-30 04:37:30 | R1 | SqrtAlgorithm/test_0_orig_no_procyon vs queens/test_0_orig_pg_procyon → NON-CLONE
[1367/50000] 2026-06-30 04:37:31 | R1 | SqrtAlgorithm/test_0_orig_no_procyon vs queens/test_1_artifice_no_krakatau → NON-CLONE
[1368/50000] 2026-06-30 04:37:32 | R1 | SqrtAlgorithm/test_0_orig_no_procyon vs queens/test_1_artifice_no_procyon → NON-CLONE
[1369/50000] 2026-06-30 04:37:32 | R1 | SqrtAlgorithm/test_0_orig_no_procyon vs queens/test_1_artifice_pg_krakatau → NON-CLONE
[1370/50000] 2026-06-30 04:37:33 | R1 | SqrtAlgorithm/test_0_orig_no_procyon vs queens/test_1_artifice_pg_procyon → NON-CLONE
[1371/50000] 2026-06-30 04:37:34 | R1 | SqrtAlgorithm/test_0_orig_no_procyon vs railroadcar/0_orig → NON-CLONE
[1372/50000] 2026-06-30 04:37:35 | R1 | SqrtAlgorithm/test_0_orig_no_procyon vs railroadcar/1_artifice → NON-CLONE
[1373/50000] 2026-06-30 04:37:35 | R1 | SqrtAlgorithm/test_0_orig_no_procyon vs railroadcar/test_0_orig_no_krakatau → NON-CLONE
[1374/50000] 2026-06-30 04:37:37 | R1 | SqrtAlgorithm/test_0_orig_no_procyon vs railroadcar/test_0_orig_no_procyon → NON-CLONE
[1375/50000] 2026-06-30 04:37:38 | R1 | SqrtAlgorithm/test_0_orig_no_procyon vs railroadcar/test_0_orig_pg_krakatau → NON-CLONE
[1376/50000] 2026-06-30 04:37:39 | R1 | SqrtAlgorithm/test_0_orig_no_procyon vs railroadcar/test_0_orig_pg_procyon → NON-CLONE
[1377/50000] 2026-06-30 04:37:40 | R1 | SqrtAlgorithm/test_0_orig_no_procyon vs railroadcar/test_1_artifice_no_krakatau → NON-CLONE
[1378/50000] 2026-06-30 04:37:41 | R1 | SqrtAlgorithm/test_0_orig_no_procyon vs railroadcar/test_1_artifice_no_procyon → NON-CLONE
[1379/50000] 2026-06-30 04:37:42 | R1 | SqrtAlgorithm/test_0_orig_no_procyon vs railroadcar/test_1_artifice_pg_krakatau → NON-CLONE
[1380/50000] 2026-06-30 04:37:43 | R1 | SqrtAlgorithm/test_0_orig_no_procyon vs railroadcar/test_1_artifice_pg_procyon → NON-CLONE
[1381/50000] 2026-06-30 04:37:43 | R1 | SqrtAlgorithm/test_0_orig_no_procyon vs slinkedlist/0_orig → NON-CLONE
[1382/50000] 2026-06-30 04:37:44 | R1 | SqrtAlgorithm/test_0_orig_no_procyon vs slinkedlist/1_artifice → NON-CLONE
[1383/50000] 2026-06-30 04:37:45 | R1 | SqrtAlgorithm/test_0_orig_no_procyon vs slinkedlist/test_0_orig_no_krakatau → NON-CLONE
[1384/50000] 2026-06-30 04:37:45 | R1 | SqrtAlgorithm/test_0_orig_no_procyon vs slinkedlist/test_0_orig_no_procyon → NON-CLONE
[1385/50000] 2026-06-30 04:37:46 | R1 | SqrtAlgorithm/test_0_orig_no_procyon vs slinkedlist/test_0_orig_pg_krakatau → NON-CLONE
[1386/50000] 2026-06-30 04:37:47 | R1 | SqrtAlgorithm/test_0_orig_no_procyon vs slinkedlist/test_0_orig_pg_procyon → NON-CLONE
[1387/50000] 2026-06-30 04:37:48 | R1 | SqrtAlgorithm/test_0_orig_no_procyon vs slinkedlist/test_1_artifice_no_krakatau → NON-CLONE
[1388/50000] 2026-06-30 04:37:49 | R1 | SqrtAlgorithm/test_0_orig_no_procyon vs slinkedlist/test_1_artifice_no_procyon → NON-CLONE
[1389/50000] 2026-06-30 04:37:49 | R1 | SqrtAlgorithm/test_0_orig_no_procyon vs slinkedlist/test_1_artifice_pg_krakatau → NON-CLONE
[1390/50000] 2026-06-30 04:37:50 | R1 | SqrtAlgorithm/test_0_orig_no_procyon vs slinkedlist/test_1_artifice_pg_procyon → NON-CLONE
[1391/50000] 2026-06-30 04:37:51 | R1 | SqrtAlgorithm/test_0_orig_no_procyon vs square/0_orig → NON-CLONE
[1392/50000] 2026-06-30 04:37:52 | R1 | SqrtAlgorithm/test_0_orig_no_procyon vs square/1_artifice → NON-CLONE
[1393/50000] 2026-06-30 04:37:53 | R1 | SqrtAlgorithm/test_0_orig_no_procyon vs square/test_0_orig_no_krakatau → NON-CLONE
[1394/50000] 2026-06-30 04:37:53 | R1 | SqrtAlgorithm/test_0_orig_no_procyon vs square/test_0_orig_no_procyon → NON-CLONE
[1395/50000] 2026-06-30 04:37:54 | R1 | SqrtAlgorithm/test_0_orig_no_procyon vs square/test_0_orig_pg_krakatau → NON-CLONE
[1396/50000] 2026-06-30 04:37:56 | R1 | SqrtAlgorithm/test_0_orig_no_procyon vs square/test_0_orig_pg_procyon → NON-CLONE
[1397/50000] 2026-06-30 04:37:57 | R1 | SqrtAlgorithm/test_0_orig_no_procyon vs square/test_1_artifice_no_krakatau → NON-CLONE
[1398/50000] 2026-06-30 04:37:58 | R1 | SqrtAlgorithm/test_0_orig_no_procyon vs square/test_1_artifice_no_procyon → NON-CLONE
[1399/50000] 2026-06-30 04:37:59 | R1 | SqrtAlgorithm/test_0_orig_no_procyon vs square/test_1_artifice_pg_krakatau → NON-CLONE
[1400/50000] 2026-06-30 04:37:59 | R1 | SqrtAlgorithm/test_0_orig_no_procyon vs square/test_1_artifice_pg_procyon → NON-CLONE
[1401/50000] 2026-06-30 04:38:01 | R1 | SqrtAlgorithm/test_0_orig_pg_krakatau vs InfixConverter/0_orig → NON-CLONE
[1402/50000] 2026-06-30 04:38:02 | R1 | SqrtAlgorithm/test_0_orig_pg_krakatau vs InfixConverter/1_artifice → NON-CLONE
[1403/50000] 2026-06-30 04:38:03 | R1 | SqrtAlgorithm/test_0_orig_pg_krakatau vs InfixConverter/test_0_orig_no_krakatau → NON-CLONE
[1404/50000] 2026-06-30 04:38:04 | R1 | SqrtAlgorithm/test_0_orig_pg_krakatau vs InfixConverter/test_0_orig_no_procyon → NON-CLONE
[1405/50000] 2026-06-30 04:38:05 | R1 | SqrtAlgorithm/test_0_orig_pg_krakatau vs InfixConverter/test_0_orig_pg_krakatau → NON-CLONE
[1406/50000] 2026-06-30 04:38:05 | R1 | SqrtAlgorithm/test_0_orig_pg_krakatau vs InfixConverter/test_0_orig_pg_procyon → NON-CLONE
[1407/50000] 2026-06-30 04:38:07 | R1 | SqrtAlgorithm/test_0_orig_pg_krakatau vs InfixConverter/test_1_artifice_no_krakatau → NON-CLONE
[1408/50000] 2026-06-30 04:38:08 | R1 | SqrtAlgorithm/test_0_orig_pg_krakatau vs InfixConverter/test_1_artifice_no_procyon → NON-CLONE
[1409/50000] 2026-06-30 04:38:09 | R1 | SqrtAlgorithm/test_0_orig_pg_krakatau vs InfixConverter/test_1_artifice_pg_krakatau → NON-CLONE
[1410/50000] 2026-06-30 04:38:09 | R1 | SqrtAlgorithm/test_0_orig_pg_krakatau vs InfixConverter/test_1_artifice_pg_procyon → NON-CLONE
[1411/50000] 2026-06-30 04:38:10 | R1 | SqrtAlgorithm/test_0_orig_pg_krakatau vs SqrtAlgorithm/0_orig → CLONE
[1412/50000] 2026-06-30 04:38:11 | R1 | SqrtAlgorithm/test_0_orig_pg_krakatau vs SqrtAlgorithm/1_artifice → CLONE
[1413/50000] 2026-06-30 04:38:12 | R1 | SqrtAlgorithm/test_0_orig_pg_krakatau vs SqrtAlgorithm/test_0_orig_no_krakatau → CLONE
[1414/50000] 2026-06-30 04:38:13 | R1 | SqrtAlgorithm/test_0_orig_pg_krakatau vs SqrtAlgorithm/test_0_orig_no_procyon → CLONE
[1415/50000] 2026-06-30 04:38:14 | R1 | SqrtAlgorithm/test_0_orig_pg_krakatau vs SqrtAlgorithm/test_0_orig_pg_krakatau → CLONE
[1416/50000] 2026-06-30 04:38:15 | R1 | SqrtAlgorithm/test_0_orig_pg_krakatau vs SqrtAlgorithm/test_0_orig_pg_procyon → CLONE
[1417/50000] 2026-06-30 04:38:16 | R1 | SqrtAlgorithm/test_0_orig_pg_krakatau vs SqrtAlgorithm/test_1_artifice_no_krakatau → CLONE
[1418/50000] 2026-06-30 04:38:17 | R1 | SqrtAlgorithm/test_0_orig_pg_krakatau vs SqrtAlgorithm/test_1_artifice_no_procyon → CLONE
[1419/50000] 2026-06-30 04:38:18 | R1 | SqrtAlgorithm/test_0_orig_pg_krakatau vs SqrtAlgorithm/test_1_artifice_pg_krakatau → CLONE
[1420/50000] 2026-06-30 04:38:18 | R1 | SqrtAlgorithm/test_0_orig_pg_krakatau vs SqrtAlgorithm/test_1_artifice_pg_procyon → CLONE
[1421/50000] 2026-06-30 04:38:19 | R1 | SqrtAlgorithm/test_0_orig_pg_krakatau vs bubblesort/0_orig → NON-CLONE
[1422/50000] 2026-06-30 04:38:20 | R1 | SqrtAlgorithm/test_0_orig_pg_krakatau vs bubblesort/1_artifice → NON-CLONE
[1423/50000] 2026-06-30 04:38:21 | R1 | SqrtAlgorithm/test_0_orig_pg_krakatau vs bubblesort/test_0_orig_no_krakatau → NON-CLONE
[1424/50000] 2026-06-30 04:38:22 | R1 | SqrtAlgorithm/test_0_orig_pg_krakatau vs bubblesort/test_0_orig_no_procyon → NON-CLONE
[1425/50000] 2026-06-30 04:38:23 | R1 | SqrtAlgorithm/test_0_orig_pg_krakatau vs bubblesort/test_0_orig_pg_krakatau → NON-CLONE
[1426/50000] 2026-06-30 04:38:23 | R1 | SqrtAlgorithm/test_0_orig_pg_krakatau vs bubblesort/test_0_orig_pg_procyon → NON-CLONE
[1427/50000] 2026-06-30 04:38:24 | R1 | SqrtAlgorithm/test_0_orig_pg_krakatau vs bubblesort/test_1_artifice_no_krakatau → NON-CLONE
[1428/50000] 2026-06-30 04:38:25 | R1 | SqrtAlgorithm/test_0_orig_pg_krakatau vs bubblesort/test_1_artifice_no_procyon → NON-CLONE
[1429/50000] 2026-06-30 04:38:26 | R1 | SqrtAlgorithm/test_0_orig_pg_krakatau vs bubblesort/test_1_artifice_pg_krakatau → NON-CLONE
[1430/50000] 2026-06-30 04:38:26 | R1 | SqrtAlgorithm/test_0_orig_pg_krakatau vs bubblesort/test_1_artifice_pg_procyon → NON-CLONE
[1431/50000] 2026-06-30 04:38:27 | R1 | SqrtAlgorithm/test_0_orig_pg_krakatau vs guessword/0_orig → NON-CLONE
[1432/50000] 2026-06-30 04:38:28 | R1 | SqrtAlgorithm/test_0_orig_pg_krakatau vs guessword/1_artifice → NON-CLONE
[1433/50000] 2026-06-30 04:38:29 | R1 | SqrtAlgorithm/test_0_orig_pg_krakatau vs guessword/test_0_orig_no_krakatau → NON-CLONE
[1434/50000] 2026-06-30 04:38:30 | R1 | SqrtAlgorithm/test_0_orig_pg_krakatau vs guessword/test_0_orig_no_procyon → NON-CLONE
[1435/50000] 2026-06-30 04:38:30 | R1 | SqrtAlgorithm/test_0_orig_pg_krakatau vs guessword/test_0_orig_pg_krakatau → NON-CLONE
[1436/50000] 2026-06-30 04:38:31 | R1 | SqrtAlgorithm/test_0_orig_pg_krakatau vs guessword/test_0_orig_pg_procyon → NON-CLONE
[1437/50000] 2026-06-30 04:38:32 | R1 | SqrtAlgorithm/test_0_orig_pg_krakatau vs guessword/test_1_artifice_no_krakatau → NON-CLONE
[1438/50000] 2026-06-30 04:38:33 | R1 | SqrtAlgorithm/test_0_orig_pg_krakatau vs guessword/test_1_artifice_no_procyon → NON-CLONE
[1439/50000] 2026-06-30 04:38:35 | R1 | SqrtAlgorithm/test_0_orig_pg_krakatau vs guessword/test_1_artifice_pg_krakatau → NON-CLONE
[1440/50000] 2026-06-30 04:38:36 | R1 | SqrtAlgorithm/test_0_orig_pg_krakatau vs guessword/test_1_artifice_pg_procyon → NON-CLONE
[1441/50000] 2026-06-30 04:38:37 | R1 | SqrtAlgorithm/test_0_orig_pg_krakatau vs hanoi/0_orig → NON-CLONE
[1442/50000] 2026-06-30 04:38:38 | R1 | SqrtAlgorithm/test_0_orig_pg_krakatau vs hanoi/1_artifice → NON-CLONE
[1443/50000] 2026-06-30 04:38:39 | R1 | SqrtAlgorithm/test_0_orig_pg_krakatau vs hanoi/test_0_orig_no_krakatau → NON-CLONE
[1444/50000] 2026-06-30 04:38:40 | R1 | SqrtAlgorithm/test_0_orig_pg_krakatau vs hanoi/test_0_orig_no_procyon → NON-CLONE
[1445/50000] 2026-06-30 04:38:41 | R1 | SqrtAlgorithm/test_0_orig_pg_krakatau vs hanoi/test_0_orig_pg_krakatau → NON-CLONE
[1446/50000] 2026-06-30 04:38:42 | R1 | SqrtAlgorithm/test_0_orig_pg_krakatau vs hanoi/test_0_orig_pg_procyon → NON-CLONE
[1447/50000] 2026-06-30 04:38:43 | R1 | SqrtAlgorithm/test_0_orig_pg_krakatau vs hanoi/test_1_artifice_no_krakatau → NON-CLONE
[1448/50000] 2026-06-30 04:38:45 | R1 | SqrtAlgorithm/test_0_orig_pg_krakatau vs hanoi/test_1_artifice_no_procyon → NON-CLONE
[1449/50000] 2026-06-30 04:38:46 | R1 | SqrtAlgorithm/test_0_orig_pg_krakatau vs hanoi/test_1_artifice_pg_krakatau → NON-CLONE
[1450/50000] 2026-06-30 04:38:47 | R1 | SqrtAlgorithm/test_0_orig_pg_krakatau vs hanoi/test_1_artifice_pg_procyon → NON-CLONE
[1451/50000] 2026-06-30 04:38:48 | R1 | SqrtAlgorithm/test_0_orig_pg_krakatau vs kaprekar/0_orig → NON-CLONE
[1452/50000] 2026-06-30 04:38:49 | R1 | SqrtAlgorithm/test_0_orig_pg_krakatau vs kaprekar/1_artifice → NON-CLONE
[1453/50000] 2026-06-30 04:38:51 | R1 | SqrtAlgorithm/test_0_orig_pg_krakatau vs kaprekar/test_0_orig_no_krakatau → NON-CLONE
[1454/50000] 2026-06-30 04:38:51 | R1 | SqrtAlgorithm/test_0_orig_pg_krakatau vs kaprekar/test_0_orig_no_procyon → NON-CLONE
[1455/50000] 2026-06-30 04:38:52 | R1 | SqrtAlgorithm/test_0_orig_pg_krakatau vs kaprekar/test_0_orig_pg_krakatau → NON-CLONE
[1456/50000] 2026-06-30 04:38:53 | R1 | SqrtAlgorithm/test_0_orig_pg_krakatau vs kaprekar/test_0_orig_pg_procyon → NON-CLONE
[1457/50000] 2026-06-30 04:38:54 | R1 | SqrtAlgorithm/test_0_orig_pg_krakatau vs kaprekar/test_1_artifice_no_krakatau → NON-CLONE
[1458/50000] 2026-06-30 04:38:56 | R1 | SqrtAlgorithm/test_0_orig_pg_krakatau vs kaprekar/test_1_artifice_no_procyon → NON-CLONE
[1459/50000] 2026-06-30 04:38:57 | R1 | SqrtAlgorithm/test_0_orig_pg_krakatau vs kaprekar/test_1_artifice_pg_krakatau → NON-CLONE
[1460/50000] 2026-06-30 04:38:58 | R1 | SqrtAlgorithm/test_0_orig_pg_krakatau vs kaprekar/test_1_artifice_pg_procyon → NON-CLONE
[1461/50000] 2026-06-30 04:38:59 | R1 | SqrtAlgorithm/test_0_orig_pg_krakatau vs queens/0_orig → NON-CLONE
[1462/50000] 2026-06-30 04:39:00 | R1 | SqrtAlgorithm/test_0_orig_pg_krakatau vs queens/1_artifice → NON-CLONE
[1463/50000] 2026-06-30 04:39:01 | R1 | SqrtAlgorithm/test_0_orig_pg_krakatau vs queens/test_0_orig_no_krakatau → NON-CLONE
[1464/50000] 2026-06-30 04:39:02 | R1 | SqrtAlgorithm/test_0_orig_pg_krakatau vs queens/test_0_orig_no_procyon → NON-CLONE
[1465/50000] 2026-06-30 04:39:02 | R1 | SqrtAlgorithm/test_0_orig_pg_krakatau vs queens/test_0_orig_pg_krakatau → NON-CLONE
[1466/50000] 2026-06-30 04:39:03 | R1 | SqrtAlgorithm/test_0_orig_pg_krakatau vs queens/test_0_orig_pg_procyon → NON-CLONE
[1467/50000] 2026-06-30 04:39:04 | R1 | SqrtAlgorithm/test_0_orig_pg_krakatau vs queens/test_1_artifice_no_krakatau → NON-CLONE
[1468/50000] 2026-06-30 04:39:04 | R1 | SqrtAlgorithm/test_0_orig_pg_krakatau vs queens/test_1_artifice_no_procyon → NON-CLONE
[1469/50000] 2026-06-30 04:39:05 | R1 | SqrtAlgorithm/test_0_orig_pg_krakatau vs queens/test_1_artifice_pg_krakatau → NON-CLONE
[1470/50000] 2026-06-30 04:39:06 | R1 | SqrtAlgorithm/test_0_orig_pg_krakatau vs queens/test_1_artifice_pg_procyon → NON-CLONE
[1471/50000] 2026-06-30 04:39:07 | R1 | SqrtAlgorithm/test_0_orig_pg_krakatau vs railroadcar/0_orig → NON-CLONE
[1472/50000] 2026-06-30 04:39:08 | R1 | SqrtAlgorithm/test_0_orig_pg_krakatau vs railroadcar/1_artifice → NON-CLONE
[1473/50000] 2026-06-30 04:39:09 | R1 | SqrtAlgorithm/test_0_orig_pg_krakatau vs railroadcar/test_0_orig_no_krakatau → NON-CLONE
[1474/50000] 2026-06-30 04:39:10 | R1 | SqrtAlgorithm/test_0_orig_pg_krakatau vs railroadcar/test_0_orig_no_procyon → NON-CLONE
[1475/50000] 2026-06-30 04:39:11 | R1 | SqrtAlgorithm/test_0_orig_pg_krakatau vs railroadcar/test_0_orig_pg_krakatau → NON-CLONE
[1476/50000] 2026-06-30 04:39:12 | R1 | SqrtAlgorithm/test_0_orig_pg_krakatau vs railroadcar/test_0_orig_pg_procyon → NON-CLONE
[1477/50000] 2026-06-30 04:39:14 | R1 | SqrtAlgorithm/test_0_orig_pg_krakatau vs railroadcar/test_1_artifice_no_krakatau → NON-CLONE
[1478/50000] 2026-06-30 04:39:15 | R1 | SqrtAlgorithm/test_0_orig_pg_krakatau vs railroadcar/test_1_artifice_no_procyon → NON-CLONE
[1479/50000] 2026-06-30 04:39:16 | R1 | SqrtAlgorithm/test_0_orig_pg_krakatau vs railroadcar/test_1_artifice_pg_krakatau → NON-CLONE
[1480/50000] 2026-06-30 04:39:17 | R1 | SqrtAlgorithm/test_0_orig_pg_krakatau vs railroadcar/test_1_artifice_pg_procyon → NON-CLONE
[1481/50000] 2026-06-30 04:39:17 | R1 | SqrtAlgorithm/test_0_orig_pg_krakatau vs slinkedlist/0_orig → NON-CLONE
[1482/50000] 2026-06-30 04:39:19 | R1 | SqrtAlgorithm/test_0_orig_pg_krakatau vs slinkedlist/1_artifice → NON-CLONE
[1483/50000] 2026-06-30 04:39:20 | R1 | SqrtAlgorithm/test_0_orig_pg_krakatau vs slinkedlist/test_0_orig_no_krakatau → NON-CLONE
[1484/50000] 2026-06-30 04:39:20 | R1 | SqrtAlgorithm/test_0_orig_pg_krakatau vs slinkedlist/test_0_orig_no_procyon → NON-CLONE
[1485/50000] 2026-06-30 04:39:21 | R1 | SqrtAlgorithm/test_0_orig_pg_krakatau vs slinkedlist/test_0_orig_pg_krakatau → NON-CLONE
[1486/50000] 2026-06-30 04:39:22 | R1 | SqrtAlgorithm/test_0_orig_pg_krakatau vs slinkedlist/test_0_orig_pg_procyon → NON-CLONE
[1487/50000] 2026-06-30 04:39:23 | R1 | SqrtAlgorithm/test_0_orig_pg_krakatau vs slinkedlist/test_1_artifice_no_krakatau → NON-CLONE
[1488/50000] 2026-06-30 04:39:23 | R1 | SqrtAlgorithm/test_0_orig_pg_krakatau vs slinkedlist/test_1_artifice_no_procyon → NON-CLONE
[1489/50000] 2026-06-30 04:39:24 | R1 | SqrtAlgorithm/test_0_orig_pg_krakatau vs slinkedlist/test_1_artifice_pg_krakatau → NON-CLONE
[1490/50000] 2026-06-30 04:39:25 | R1 | SqrtAlgorithm/test_0_orig_pg_krakatau vs slinkedlist/test_1_artifice_pg_procyon → NON-CLONE
[1491/50000] 2026-06-30 04:39:26 | R1 | SqrtAlgorithm/test_0_orig_pg_krakatau vs square/0_orig → NON-CLONE
[1492/50000] 2026-06-30 04:39:27 | R1 | SqrtAlgorithm/test_0_orig_pg_krakatau vs square/1_artifice → NON-CLONE
[1493/50000] 2026-06-30 04:39:28 | R1 | SqrtAlgorithm/test_0_orig_pg_krakatau vs square/test_0_orig_no_krakatau → NON-CLONE
[1494/50000] 2026-06-30 04:39:29 | R1 | SqrtAlgorithm/test_0_orig_pg_krakatau vs square/test_0_orig_no_procyon → NON-CLONE
[1495/50000] 2026-06-30 04:39:30 | R1 | SqrtAlgorithm/test_0_orig_pg_krakatau vs square/test_0_orig_pg_krakatau → NON-CLONE
[1496/50000] 2026-06-30 04:39:31 | R1 | SqrtAlgorithm/test_0_orig_pg_krakatau vs square/test_0_orig_pg_procyon → NON-CLONE
[1497/50000] 2026-06-30 04:39:32 | R1 | SqrtAlgorithm/test_0_orig_pg_krakatau vs square/test_1_artifice_no_krakatau → NON-CLONE
[1498/50000] 2026-06-30 04:39:33 | R1 | SqrtAlgorithm/test_0_orig_pg_krakatau vs square/test_1_artifice_no_procyon → NON-CLONE
[1499/50000] 2026-06-30 04:39:34 | R1 | SqrtAlgorithm/test_0_orig_pg_krakatau vs square/test_1_artifice_pg_krakatau → NON-CLONE
[1500/50000] 2026-06-30 04:39:35 | R1 | SqrtAlgorithm/test_0_orig_pg_krakatau vs square/test_1_artifice_pg_procyon → NON-CLONE
[1501/50000] 2026-06-30 04:39:36 | R1 | SqrtAlgorithm/test_0_orig_pg_procyon vs InfixConverter/0_orig → NON-CLONE
[1502/50000] 2026-06-30 04:39:37 | R1 | SqrtAlgorithm/test_0_orig_pg_procyon vs InfixConverter/1_artifice → NON-CLONE
[1503/50000] 2026-06-30 04:39:38 | R1 | SqrtAlgorithm/test_0_orig_pg_procyon vs InfixConverter/test_0_orig_no_krakatau → NON-CLONE
[1504/50000] 2026-06-30 04:39:39 | R1 | SqrtAlgorithm/test_0_orig_pg_procyon vs InfixConverter/test_0_orig_no_procyon → NON-CLONE
[1505/50000] 2026-06-30 04:39:40 | R1 | SqrtAlgorithm/test_0_orig_pg_procyon vs InfixConverter/test_0_orig_pg_krakatau → NON-CLONE
[1506/50000] 2026-06-30 04:39:41 | R1 | SqrtAlgorithm/test_0_orig_pg_procyon vs InfixConverter/test_0_orig_pg_procyon → NON-CLONE
[1507/50000] 2026-06-30 04:39:43 | R1 | SqrtAlgorithm/test_0_orig_pg_procyon vs InfixConverter/test_1_artifice_no_krakatau → NON-CLONE
[1508/50000] 2026-06-30 04:39:43 | R1 | SqrtAlgorithm/test_0_orig_pg_procyon vs InfixConverter/test_1_artifice_no_procyon → NON-CLONE
[1509/50000] 2026-06-30 04:39:44 | R1 | SqrtAlgorithm/test_0_orig_pg_procyon vs InfixConverter/test_1_artifice_pg_krakatau → NON-CLONE
[1510/50000] 2026-06-30 04:39:45 | R1 | SqrtAlgorithm/test_0_orig_pg_procyon vs InfixConverter/test_1_artifice_pg_procyon → NON-CLONE
[1511/50000] 2026-06-30 04:39:46 | R1 | SqrtAlgorithm/test_0_orig_pg_procyon vs SqrtAlgorithm/0_orig → CLONE
[1512/50000] 2026-06-30 04:39:47 | R1 | SqrtAlgorithm/test_0_orig_pg_procyon vs SqrtAlgorithm/1_artifice → CLONE
[1513/50000] 2026-06-30 04:39:48 | R1 | SqrtAlgorithm/test_0_orig_pg_procyon vs SqrtAlgorithm/test_0_orig_no_krakatau → CLONE
[1514/50000] 2026-06-30 04:39:48 | R1 | SqrtAlgorithm/test_0_orig_pg_procyon vs SqrtAlgorithm/test_0_orig_no_procyon → CLONE
[1515/50000] 2026-06-30 04:39:50 | R1 | SqrtAlgorithm/test_0_orig_pg_procyon vs SqrtAlgorithm/test_0_orig_pg_krakatau → CLONE
[1516/50000] 2026-06-30 04:39:50 | R1 | SqrtAlgorithm/test_0_orig_pg_procyon vs SqrtAlgorithm/test_0_orig_pg_procyon → CLONE
[1517/50000] 2026-06-30 04:39:51 | R1 | SqrtAlgorithm/test_0_orig_pg_procyon vs SqrtAlgorithm/test_1_artifice_no_krakatau → CLONE
[1518/50000] 2026-06-30 04:39:52 | R1 | SqrtAlgorithm/test_0_orig_pg_procyon vs SqrtAlgorithm/test_1_artifice_no_procyon → CLONE
[1519/50000] 2026-06-30 04:39:53 | R1 | SqrtAlgorithm/test_0_orig_pg_procyon vs SqrtAlgorithm/test_1_artifice_pg_krakatau → CLONE
[1520/50000] 2026-06-30 04:39:54 | R1 | SqrtAlgorithm/test_0_orig_pg_procyon vs SqrtAlgorithm/test_1_artifice_pg_procyon → CLONE
[1521/50000] 2026-06-30 04:39:55 | R1 | SqrtAlgorithm/test_0_orig_pg_procyon vs bubblesort/0_orig → NON-CLONE
[1522/50000] 2026-06-30 04:39:55 | R1 | SqrtAlgorithm/test_0_orig_pg_procyon vs bubblesort/1_artifice → NON-CLONE
[1523/50000] 2026-06-30 04:39:56 | R1 | SqrtAlgorithm/test_0_orig_pg_procyon vs bubblesort/test_0_orig_no_krakatau → NON-CLONE
[1524/50000] 2026-06-30 04:39:57 | R1 | SqrtAlgorithm/test_0_orig_pg_procyon vs bubblesort/test_0_orig_no_procyon → NON-CLONE
[1525/50000] 2026-06-30 04:39:58 | R1 | SqrtAlgorithm/test_0_orig_pg_procyon vs bubblesort/test_0_orig_pg_krakatau → NON-CLONE
[1526/50000] 2026-06-30 04:39:58 | R1 | SqrtAlgorithm/test_0_orig_pg_procyon vs bubblesort/test_0_orig_pg_procyon → NON-CLONE
[1527/50000] 2026-06-30 04:39:59 | R1 | SqrtAlgorithm/test_0_orig_pg_procyon vs bubblesort/test_1_artifice_no_krakatau → NON-CLONE
[1528/50000] 2026-06-30 04:39:59 | R1 | SqrtAlgorithm/test_0_orig_pg_procyon vs bubblesort/test_1_artifice_no_procyon → NON-CLONE
[1529/50000] 2026-06-30 04:40:00 | R1 | SqrtAlgorithm/test_0_orig_pg_procyon vs bubblesort/test_1_artifice_pg_krakatau → NON-CLONE
[1530/50000] 2026-06-30 04:40:00 | R1 | SqrtAlgorithm/test_0_orig_pg_procyon vs bubblesort/test_1_artifice_pg_procyon → NON-CLONE
[1531/50000] 2026-06-30 04:40:02 | R1 | SqrtAlgorithm/test_0_orig_pg_procyon vs guessword/0_orig → NON-CLONE
[1532/50000] 2026-06-30 04:40:03 | R1 | SqrtAlgorithm/test_0_orig_pg_procyon vs guessword/1_artifice → NON-CLONE
[1533/50000] 2026-06-30 04:40:04 | R1 | SqrtAlgorithm/test_0_orig_pg_procyon vs guessword/test_0_orig_no_krakatau → NON-CLONE
[1534/50000] 2026-06-30 04:40:05 | R1 | SqrtAlgorithm/test_0_orig_pg_procyon vs guessword/test_0_orig_no_procyon → NON-CLONE
[1535/50000] 2026-06-30 04:40:06 | R1 | SqrtAlgorithm/test_0_orig_pg_procyon vs guessword/test_0_orig_pg_krakatau → NON-CLONE
[1536/50000] 2026-06-30 04:40:07 | R1 | SqrtAlgorithm/test_0_orig_pg_procyon vs guessword/test_0_orig_pg_procyon → NON-CLONE
[1537/50000] 2026-06-30 04:40:08 | R1 | SqrtAlgorithm/test_0_orig_pg_procyon vs guessword/test_1_artifice_no_krakatau → NON-CLONE
[1538/50000] 2026-06-30 04:40:09 | R1 | SqrtAlgorithm/test_0_orig_pg_procyon vs guessword/test_1_artifice_no_procyon → NON-CLONE
[1539/50000] 2026-06-30 04:40:10 | R1 | SqrtAlgorithm/test_0_orig_pg_procyon vs guessword/test_1_artifice_pg_krakatau → NON-CLONE
[1540/50000] 2026-06-30 04:40:11 | R1 | SqrtAlgorithm/test_0_orig_pg_procyon vs guessword/test_1_artifice_pg_procyon → NON-CLONE
[1541/50000] 2026-06-30 04:40:12 | R1 | SqrtAlgorithm/test_0_orig_pg_procyon vs hanoi/0_orig → NON-CLONE
[1542/50000] 2026-06-30 04:40:13 | R1 | SqrtAlgorithm/test_0_orig_pg_procyon vs hanoi/1_artifice → NON-CLONE
[1543/50000] 2026-06-30 04:40:14 | R1 | SqrtAlgorithm/test_0_orig_pg_procyon vs hanoi/test_0_orig_no_krakatau → NON-CLONE
[1544/50000] 2026-06-30 04:40:15 | R1 | SqrtAlgorithm/test_0_orig_pg_procyon vs hanoi/test_0_orig_no_procyon → NON-CLONE
[1545/50000] 2026-06-30 04:40:16 | R1 | SqrtAlgorithm/test_0_orig_pg_procyon vs hanoi/test_0_orig_pg_krakatau → NON-CLONE
[1546/50000] 2026-06-30 04:40:17 | R1 | SqrtAlgorithm/test_0_orig_pg_procyon vs hanoi/test_0_orig_pg_procyon → NON-CLONE
[1547/50000] 2026-06-30 04:40:18 | R1 | SqrtAlgorithm/test_0_orig_pg_procyon vs hanoi/test_1_artifice_no_krakatau → NON-CLONE
[1548/50000] 2026-06-30 04:40:20 | R1 | SqrtAlgorithm/test_0_orig_pg_procyon vs hanoi/test_1_artifice_no_procyon → NON-CLONE
[1549/50000] 2026-06-30 04:40:21 | R1 | SqrtAlgorithm/test_0_orig_pg_procyon vs hanoi/test_1_artifice_pg_krakatau → NON-CLONE
[1550/50000] 2026-06-30 04:40:21 | R1 | SqrtAlgorithm/test_0_orig_pg_procyon vs hanoi/test_1_artifice_pg_procyon → NON-CLONE
[1551/50000] 2026-06-30 04:40:22 | R1 | SqrtAlgorithm/test_0_orig_pg_procyon vs kaprekar/0_orig → NON-CLONE
[1552/50000] 2026-06-30 04:40:23 | R1 | SqrtAlgorithm/test_0_orig_pg_procyon vs kaprekar/1_artifice → NON-CLONE
[1553/50000] 2026-06-30 04:40:24 | R1 | SqrtAlgorithm/test_0_orig_pg_procyon vs kaprekar/test_0_orig_no_krakatau → NON-CLONE
[1554/50000] 2026-06-30 04:40:26 | R1 | SqrtAlgorithm/test_0_orig_pg_procyon vs kaprekar/test_0_orig_no_procyon → NON-CLONE
[1555/50000] 2026-06-30 04:40:27 | R1 | SqrtAlgorithm/test_0_orig_pg_procyon vs kaprekar/test_0_orig_pg_krakatau → NON-CLONE
[1556/50000] 2026-06-30 04:40:28 | R1 | SqrtAlgorithm/test_0_orig_pg_procyon vs kaprekar/test_0_orig_pg_procyon → NON-CLONE
[1557/50000] 2026-06-30 04:40:29 | R1 | SqrtAlgorithm/test_0_orig_pg_procyon vs kaprekar/test_1_artifice_no_krakatau → NON-CLONE
[1558/50000] 2026-06-30 04:40:30 | R1 | SqrtAlgorithm/test_0_orig_pg_procyon vs kaprekar/test_1_artifice_no_procyon → NON-CLONE
[1559/50000] 2026-06-30 04:40:31 | R1 | SqrtAlgorithm/test_0_orig_pg_procyon vs kaprekar/test_1_artifice_pg_krakatau → NON-CLONE
[1560/50000] 2026-06-30 04:40:32 | R1 | SqrtAlgorithm/test_0_orig_pg_procyon vs kaprekar/test_1_artifice_pg_procyon → NON-CLONE
[1561/50000] 2026-06-30 04:40:33 | R1 | SqrtAlgorithm/test_0_orig_pg_procyon vs queens/0_orig → NON-CLONE
[1562/50000] 2026-06-30 04:40:34 | R1 | SqrtAlgorithm/test_0_orig_pg_procyon vs queens/1_artifice → NON-CLONE
[1563/50000] 2026-06-30 04:40:35 | R1 | SqrtAlgorithm/test_0_orig_pg_procyon vs queens/test_0_orig_no_krakatau → NON-CLONE
[1564/50000] 2026-06-30 04:40:36 | R1 | SqrtAlgorithm/test_0_orig_pg_procyon vs queens/test_0_orig_no_procyon → NON-CLONE
[1565/50000] 2026-06-30 04:40:37 | R1 | SqrtAlgorithm/test_0_orig_pg_procyon vs queens/test_0_orig_pg_krakatau → NON-CLONE
[1566/50000] 2026-06-30 04:40:37 | R1 | SqrtAlgorithm/test_0_orig_pg_procyon vs queens/test_0_orig_pg_procyon → NON-CLONE
[1567/50000] 2026-06-30 04:40:38 | R1 | SqrtAlgorithm/test_0_orig_pg_procyon vs queens/test_1_artifice_no_krakatau → NON-CLONE
[1568/50000] 2026-06-30 04:40:39 | R1 | SqrtAlgorithm/test_0_orig_pg_procyon vs queens/test_1_artifice_no_procyon → NON-CLONE
[1569/50000] 2026-06-30 04:40:40 | R1 | SqrtAlgorithm/test_0_orig_pg_procyon vs queens/test_1_artifice_pg_krakatau → NON-CLONE
[1570/50000] 2026-06-30 04:40:40 | R1 | SqrtAlgorithm/test_0_orig_pg_procyon vs queens/test_1_artifice_pg_procyon → NON-CLONE
[1571/50000] 2026-06-30 04:40:41 | R1 | SqrtAlgorithm/test_0_orig_pg_procyon vs railroadcar/0_orig → NON-CLONE
[1572/50000] 2026-06-30 04:40:42 | R1 | SqrtAlgorithm/test_0_orig_pg_procyon vs railroadcar/1_artifice → NON-CLONE
[1573/50000] 2026-06-30 04:40:43 | R1 | SqrtAlgorithm/test_0_orig_pg_procyon vs railroadcar/test_0_orig_no_krakatau → NON-CLONE
[1574/50000] 2026-06-30 04:40:45 | R1 | SqrtAlgorithm/test_0_orig_pg_procyon vs railroadcar/test_0_orig_no_procyon → NON-CLONE
[1575/50000] 2026-06-30 04:40:45 | R1 | SqrtAlgorithm/test_0_orig_pg_procyon vs railroadcar/test_0_orig_pg_krakatau → NON-CLONE
[1576/50000] 2026-06-30 04:40:46 | R1 | SqrtAlgorithm/test_0_orig_pg_procyon vs railroadcar/test_0_orig_pg_procyon → NON-CLONE
[1577/50000] 2026-06-30 04:40:47 | R1 | SqrtAlgorithm/test_0_orig_pg_procyon vs railroadcar/test_1_artifice_no_krakatau → NON-CLONE
[1578/50000] 2026-06-30 04:40:47 | R1 | SqrtAlgorithm/test_0_orig_pg_procyon vs railroadcar/test_1_artifice_no_procyon → NON-CLONE
[1579/50000] 2026-06-30 04:40:49 | R1 | SqrtAlgorithm/test_0_orig_pg_procyon vs railroadcar/test_1_artifice_pg_krakatau → NON-CLONE
[1580/50000] 2026-06-30 04:40:50 | R1 | SqrtAlgorithm/test_0_orig_pg_procyon vs railroadcar/test_1_artifice_pg_procyon → NON-CLONE
[1581/50000] 2026-06-30 04:40:51 | R1 | SqrtAlgorithm/test_0_orig_pg_procyon vs slinkedlist/0_orig → NON-CLONE
[1582/50000] 2026-06-30 04:40:51 | R1 | SqrtAlgorithm/test_0_orig_pg_procyon vs slinkedlist/1_artifice → NON-CLONE
[1583/50000] 2026-06-30 04:40:52 | R1 | SqrtAlgorithm/test_0_orig_pg_procyon vs slinkedlist/test_0_orig_no_krakatau → NON-CLONE
[1584/50000] 2026-06-30 04:40:53 | R1 | SqrtAlgorithm/test_0_orig_pg_procyon vs slinkedlist/test_0_orig_no_procyon → NON-CLONE
[1585/50000] 2026-06-30 04:40:54 | R1 | SqrtAlgorithm/test_0_orig_pg_procyon vs slinkedlist/test_0_orig_pg_krakatau → NON-CLONE
[1586/50000] 2026-06-30 04:40:55 | R1 | SqrtAlgorithm/test_0_orig_pg_procyon vs slinkedlist/test_0_orig_pg_procyon → NON-CLONE
[1587/50000] 2026-06-30 04:40:56 | R1 | SqrtAlgorithm/test_0_orig_pg_procyon vs slinkedlist/test_1_artifice_no_krakatau → NON-CLONE
[1588/50000] 2026-06-30 04:40:56 | R1 | SqrtAlgorithm/test_0_orig_pg_procyon vs slinkedlist/test_1_artifice_no_procyon → NON-CLONE
[1589/50000] 2026-06-30 04:40:57 | R1 | SqrtAlgorithm/test_0_orig_pg_procyon vs slinkedlist/test_1_artifice_pg_krakatau → NON-CLONE
[1590/50000] 2026-06-30 04:40:58 | R1 | SqrtAlgorithm/test_0_orig_pg_procyon vs slinkedlist/test_1_artifice_pg_procyon → NON-CLONE
[1591/50000] 2026-06-30 04:40:58 | R1 | SqrtAlgorithm/test_0_orig_pg_procyon vs square/0_orig → NON-CLONE
[1592/50000] 2026-06-30 04:41:00 | R1 | SqrtAlgorithm/test_0_orig_pg_procyon vs square/1_artifice → NON-CLONE
[1593/50000] 2026-06-30 04:41:01 | R1 | SqrtAlgorithm/test_0_orig_pg_procyon vs square/test_0_orig_no_krakatau → NON-CLONE
[1594/50000] 2026-06-30 04:41:02 | R1 | SqrtAlgorithm/test_0_orig_pg_procyon vs square/test_0_orig_no_procyon → NON-CLONE
[1595/50000] 2026-06-30 04:41:03 | R1 | SqrtAlgorithm/test_0_orig_pg_procyon vs square/test_0_orig_pg_krakatau → NON-CLONE
[1596/50000] 2026-06-30 04:41:04 | R1 | SqrtAlgorithm/test_0_orig_pg_procyon vs square/test_0_orig_pg_procyon → NON-CLONE
[1597/50000] 2026-06-30 04:41:05 | R1 | SqrtAlgorithm/test_0_orig_pg_procyon vs square/test_1_artifice_no_krakatau → NON-CLONE
[1598/50000] 2026-06-30 04:41:06 | R1 | SqrtAlgorithm/test_0_orig_pg_procyon vs square/test_1_artifice_no_procyon → NON-CLONE
[1599/50000] 2026-06-30 04:41:07 | R1 | SqrtAlgorithm/test_0_orig_pg_procyon vs square/test_1_artifice_pg_krakatau → NON-CLONE
[1600/50000] 2026-06-30 04:41:08 | R1 | SqrtAlgorithm/test_0_orig_pg_procyon vs square/test_1_artifice_pg_procyon → NON-CLONE
[1601/50000] 2026-06-30 04:41:09 | R1 | SqrtAlgorithm/test_1_artifice_no_krakatau vs InfixConverter/0_orig → NON-CLONE
[1602/50000] 2026-06-30 04:41:10 | R1 | SqrtAlgorithm/test_1_artifice_no_krakatau vs InfixConverter/1_artifice → NON-CLONE
[1603/50000] 2026-06-30 04:41:11 | R1 | SqrtAlgorithm/test_1_artifice_no_krakatau vs InfixConverter/test_0_orig_no_krakatau → NON-CLONE
[1604/50000] 2026-06-30 04:41:12 | R1 | SqrtAlgorithm/test_1_artifice_no_krakatau vs InfixConverter/test_0_orig_no_procyon → NON-CLONE
[1605/50000] 2026-06-30 04:41:14 | R1 | SqrtAlgorithm/test_1_artifice_no_krakatau vs InfixConverter/test_0_orig_pg_krakatau → NON-CLONE
[1606/50000] 2026-06-30 04:41:14 | R1 | SqrtAlgorithm/test_1_artifice_no_krakatau vs InfixConverter/test_0_orig_pg_procyon → NON-CLONE
[1607/50000] 2026-06-30 04:41:15 | R1 | SqrtAlgorithm/test_1_artifice_no_krakatau vs InfixConverter/test_1_artifice_no_krakatau → NON-CLONE
[1608/50000] 2026-06-30 04:41:16 | R1 | SqrtAlgorithm/test_1_artifice_no_krakatau vs InfixConverter/test_1_artifice_no_procyon → NON-CLONE
[1609/50000] 2026-06-30 04:41:17 | R1 | SqrtAlgorithm/test_1_artifice_no_krakatau vs InfixConverter/test_1_artifice_pg_krakatau → NON-CLONE
[1610/50000] 2026-06-30 04:41:18 | R1 | SqrtAlgorithm/test_1_artifice_no_krakatau vs InfixConverter/test_1_artifice_pg_procyon → NON-CLONE
[1611/50000] 2026-06-30 04:41:19 | R1 | SqrtAlgorithm/test_1_artifice_no_krakatau vs SqrtAlgorithm/0_orig → CLONE
[1612/50000] 2026-06-30 04:41:19 | R1 | SqrtAlgorithm/test_1_artifice_no_krakatau vs SqrtAlgorithm/1_artifice → CLONE
[1613/50000] 2026-06-30 04:41:20 | R1 | SqrtAlgorithm/test_1_artifice_no_krakatau vs SqrtAlgorithm/test_0_orig_no_krakatau → CLONE
[1614/50000] 2026-06-30 04:41:21 | R1 | SqrtAlgorithm/test_1_artifice_no_krakatau vs SqrtAlgorithm/test_0_orig_no_procyon → CLONE
[1615/50000] 2026-06-30 04:41:23 | R1 | SqrtAlgorithm/test_1_artifice_no_krakatau vs SqrtAlgorithm/test_0_orig_pg_krakatau → CLONE
[1616/50000] 2026-06-30 04:41:23 | R1 | SqrtAlgorithm/test_1_artifice_no_krakatau vs SqrtAlgorithm/test_0_orig_pg_procyon → CLONE
[1617/50000] 2026-06-30 04:41:24 | R1 | SqrtAlgorithm/test_1_artifice_no_krakatau vs SqrtAlgorithm/test_1_artifice_no_krakatau → CLONE
[1618/50000] 2026-06-30 04:41:25 | R1 | SqrtAlgorithm/test_1_artifice_no_krakatau vs SqrtAlgorithm/test_1_artifice_no_procyon → CLONE
[1619/50000] 2026-06-30 04:41:26 | R1 | SqrtAlgorithm/test_1_artifice_no_krakatau vs SqrtAlgorithm/test_1_artifice_pg_krakatau → CLONE
[1620/50000] 2026-06-30 04:41:28 | R1 | SqrtAlgorithm/test_1_artifice_no_krakatau vs SqrtAlgorithm/test_1_artifice_pg_procyon → CLONE
[1621/50000] 2026-06-30 04:41:28 | R1 | SqrtAlgorithm/test_1_artifice_no_krakatau vs bubblesort/0_orig → NON-CLONE
[1622/50000] 2026-06-30 04:41:29 | R1 | SqrtAlgorithm/test_1_artifice_no_krakatau vs bubblesort/1_artifice → NON-CLONE
[1623/50000] 2026-06-30 04:41:30 | R1 | SqrtAlgorithm/test_1_artifice_no_krakatau vs bubblesort/test_0_orig_no_krakatau → NON-CLONE
[1624/50000] 2026-06-30 04:41:30 | R1 | SqrtAlgorithm/test_1_artifice_no_krakatau vs bubblesort/test_0_orig_no_procyon → NON-CLONE
[1625/50000] 2026-06-30 04:41:31 | R1 | SqrtAlgorithm/test_1_artifice_no_krakatau vs bubblesort/test_0_orig_pg_krakatau → NON-CLONE
[1626/50000] 2026-06-30 04:41:31 | R1 | SqrtAlgorithm/test_1_artifice_no_krakatau vs bubblesort/test_0_orig_pg_procyon → NON-CLONE
[1627/50000] 2026-06-30 04:41:32 | R1 | SqrtAlgorithm/test_1_artifice_no_krakatau vs bubblesort/test_1_artifice_no_krakatau → NON-CLONE
[1628/50000] 2026-06-30 04:41:33 | R1 | SqrtAlgorithm/test_1_artifice_no_krakatau vs bubblesort/test_1_artifice_no_procyon → NON-CLONE
[1629/50000] 2026-06-30 04:41:34 | R1 | SqrtAlgorithm/test_1_artifice_no_krakatau vs bubblesort/test_1_artifice_pg_krakatau → NON-CLONE
[1630/50000] 2026-06-30 04:41:35 | R1 | SqrtAlgorithm/test_1_artifice_no_krakatau vs bubblesort/test_1_artifice_pg_procyon → NON-CLONE
[1631/50000] 2026-06-30 04:41:36 | R1 | SqrtAlgorithm/test_1_artifice_no_krakatau vs guessword/0_orig → NON-CLONE
[1632/50000] 2026-06-30 04:41:37 | R1 | SqrtAlgorithm/test_1_artifice_no_krakatau vs guessword/1_artifice → NON-CLONE
[1633/50000] 2026-06-30 04:41:38 | R1 | SqrtAlgorithm/test_1_artifice_no_krakatau vs guessword/test_0_orig_no_krakatau → NON-CLONE
[1634/50000] 2026-06-30 04:41:39 | R1 | SqrtAlgorithm/test_1_artifice_no_krakatau vs guessword/test_0_orig_no_procyon → NON-CLONE
[1635/50000] 2026-06-30 04:41:40 | R1 | SqrtAlgorithm/test_1_artifice_no_krakatau vs guessword/test_0_orig_pg_krakatau → NON-CLONE
[1636/50000] 2026-06-30 04:41:41 | R1 | SqrtAlgorithm/test_1_artifice_no_krakatau vs guessword/test_0_orig_pg_procyon → NON-CLONE
[1637/50000] 2026-06-30 04:41:42 | R1 | SqrtAlgorithm/test_1_artifice_no_krakatau vs guessword/test_1_artifice_no_krakatau → NON-CLONE
[1638/50000] 2026-06-30 04:41:42 | R1 | SqrtAlgorithm/test_1_artifice_no_krakatau vs guessword/test_1_artifice_no_procyon → NON-CLONE
[1639/50000] 2026-06-30 04:41:43 | R1 | SqrtAlgorithm/test_1_artifice_no_krakatau vs guessword/test_1_artifice_pg_krakatau → NON-CLONE
[1640/50000] 2026-06-30 04:41:44 | R1 | SqrtAlgorithm/test_1_artifice_no_krakatau vs guessword/test_1_artifice_pg_procyon → NON-CLONE
[1641/50000] 2026-06-30 04:41:45 | R1 | SqrtAlgorithm/test_1_artifice_no_krakatau vs hanoi/0_orig → NON-CLONE
[1642/50000] 2026-06-30 04:41:46 | R1 | SqrtAlgorithm/test_1_artifice_no_krakatau vs hanoi/1_artifice → NON-CLONE
[1643/50000] 2026-06-30 04:41:48 | R1 | SqrtAlgorithm/test_1_artifice_no_krakatau vs hanoi/test_0_orig_no_krakatau → NON-CLONE
[1644/50000] 2026-06-30 04:41:48 | R1 | SqrtAlgorithm/test_1_artifice_no_krakatau vs hanoi/test_0_orig_no_procyon → NON-CLONE
[1645/50000] 2026-06-30 04:41:50 | R1 | SqrtAlgorithm/test_1_artifice_no_krakatau vs hanoi/test_0_orig_pg_krakatau → NON-CLONE
[1646/50000] 2026-06-30 04:41:51 | R1 | SqrtAlgorithm/test_1_artifice_no_krakatau vs hanoi/test_0_orig_pg_procyon → NON-CLONE
[1647/50000] 2026-06-30 04:41:52 | R1 | SqrtAlgorithm/test_1_artifice_no_krakatau vs hanoi/test_1_artifice_no_krakatau → NON-CLONE
[1648/50000] 2026-06-30 04:41:54 | R1 | SqrtAlgorithm/test_1_artifice_no_krakatau vs hanoi/test_1_artifice_no_procyon → NON-CLONE
[1649/50000] 2026-06-30 04:41:55 | R1 | SqrtAlgorithm/test_1_artifice_no_krakatau vs hanoi/test_1_artifice_pg_krakatau → NON-CLONE
[1650/50000] 2026-06-30 04:41:56 | R1 | SqrtAlgorithm/test_1_artifice_no_krakatau vs hanoi/test_1_artifice_pg_procyon → NON-CLONE
[1651/50000] 2026-06-30 04:41:57 | R1 | SqrtAlgorithm/test_1_artifice_no_krakatau vs kaprekar/0_orig → NON-CLONE
[1652/50000] 2026-06-30 04:41:58 | R1 | SqrtAlgorithm/test_1_artifice_no_krakatau vs kaprekar/1_artifice → NON-CLONE
[1653/50000] 2026-06-30 04:41:59 | R1 | SqrtAlgorithm/test_1_artifice_no_krakatau vs kaprekar/test_0_orig_no_krakatau → NON-CLONE
[1654/50000] 2026-06-30 04:42:00 | R1 | SqrtAlgorithm/test_1_artifice_no_krakatau vs kaprekar/test_0_orig_no_procyon → NON-CLONE
[1655/50000] 2026-06-30 04:42:00 | R1 | SqrtAlgorithm/test_1_artifice_no_krakatau vs kaprekar/test_0_orig_pg_krakatau → NON-CLONE
[1656/50000] 2026-06-30 04:42:01 | R1 | SqrtAlgorithm/test_1_artifice_no_krakatau vs kaprekar/test_0_orig_pg_procyon → NON-CLONE
[1657/50000] 2026-06-30 04:42:03 | R1 | SqrtAlgorithm/test_1_artifice_no_krakatau vs kaprekar/test_1_artifice_no_krakatau → NON-CLONE
[1658/50000] 2026-06-30 04:42:04 | R1 | SqrtAlgorithm/test_1_artifice_no_krakatau vs kaprekar/test_1_artifice_no_procyon → NON-CLONE
[1659/50000] 2026-06-30 04:42:05 | R1 | SqrtAlgorithm/test_1_artifice_no_krakatau vs kaprekar/test_1_artifice_pg_krakatau → NON-CLONE
[1660/50000] 2026-06-30 04:42:06 | R1 | SqrtAlgorithm/test_1_artifice_no_krakatau vs kaprekar/test_1_artifice_pg_procyon → NON-CLONE
[1661/50000] 2026-06-30 04:42:07 | R1 | SqrtAlgorithm/test_1_artifice_no_krakatau vs queens/0_orig → NON-CLONE
[1662/50000] 2026-06-30 04:42:08 | R1 | SqrtAlgorithm/test_1_artifice_no_krakatau vs queens/1_artifice → NON-CLONE
[1663/50000] 2026-06-30 04:42:09 | R1 | SqrtAlgorithm/test_1_artifice_no_krakatau vs queens/test_0_orig_no_krakatau → NON-CLONE
[1664/50000] 2026-06-30 04:42:10 | R1 | SqrtAlgorithm/test_1_artifice_no_krakatau vs queens/test_0_orig_no_procyon → NON-CLONE
[1665/50000] 2026-06-30 04:42:10 | R1 | SqrtAlgorithm/test_1_artifice_no_krakatau vs queens/test_0_orig_pg_krakatau → NON-CLONE
[1666/50000] 2026-06-30 04:42:11 | R1 | SqrtAlgorithm/test_1_artifice_no_krakatau vs queens/test_0_orig_pg_procyon → NON-CLONE
[1667/50000] 2026-06-30 04:42:12 | R1 | SqrtAlgorithm/test_1_artifice_no_krakatau vs queens/test_1_artifice_no_krakatau → NON-CLONE
[1668/50000] 2026-06-30 04:42:13 | R1 | SqrtAlgorithm/test_1_artifice_no_krakatau vs queens/test_1_artifice_no_procyon → NON-CLONE
[1669/50000] 2026-06-30 04:42:14 | R1 | SqrtAlgorithm/test_1_artifice_no_krakatau vs queens/test_1_artifice_pg_krakatau → NON-CLONE
[1670/50000] 2026-06-30 04:42:15 | R1 | SqrtAlgorithm/test_1_artifice_no_krakatau vs queens/test_1_artifice_pg_procyon → NON-CLONE
[1671/50000] 2026-06-30 04:42:15 | R1 | SqrtAlgorithm/test_1_artifice_no_krakatau vs railroadcar/0_orig → NON-CLONE
[1672/50000] 2026-06-30 04:42:16 | R1 | SqrtAlgorithm/test_1_artifice_no_krakatau vs railroadcar/1_artifice → NON-CLONE
[1673/50000] 2026-06-30 04:42:17 | R1 | SqrtAlgorithm/test_1_artifice_no_krakatau vs railroadcar/test_0_orig_no_krakatau → NON-CLONE
[1674/50000] 2026-06-30 04:42:19 | R1 | SqrtAlgorithm/test_1_artifice_no_krakatau vs railroadcar/test_0_orig_no_procyon → NON-CLONE
[1675/50000] 2026-06-30 04:42:20 | R1 | SqrtAlgorithm/test_1_artifice_no_krakatau vs railroadcar/test_0_orig_pg_krakatau → NON-CLONE
[1676/50000] 2026-06-30 04:42:21 | R1 | SqrtAlgorithm/test_1_artifice_no_krakatau vs railroadcar/test_0_orig_pg_procyon → NON-CLONE
[1677/50000] 2026-06-30 04:42:22 | R1 | SqrtAlgorithm/test_1_artifice_no_krakatau vs railroadcar/test_1_artifice_no_krakatau → NON-CLONE
[1678/50000] 2026-06-30 04:42:22 | R1 | SqrtAlgorithm/test_1_artifice_no_krakatau vs railroadcar/test_1_artifice_no_procyon → NON-CLONE
[1679/50000] 2026-06-30 04:42:24 | R1 | SqrtAlgorithm/test_1_artifice_no_krakatau vs railroadcar/test_1_artifice_pg_krakatau → NON-CLONE
[1680/50000] 2026-06-30 04:42:25 | R1 | SqrtAlgorithm/test_1_artifice_no_krakatau vs railroadcar/test_1_artifice_pg_procyon → NON-CLONE
[1681/50000] 2026-06-30 04:42:25 | R1 | SqrtAlgorithm/test_1_artifice_no_krakatau vs slinkedlist/0_orig → NON-CLONE
[1682/50000] 2026-06-30 04:42:26 | R1 | SqrtAlgorithm/test_1_artifice_no_krakatau vs slinkedlist/1_artifice → NON-CLONE
[1683/50000] 2026-06-30 04:42:27 | R1 | SqrtAlgorithm/test_1_artifice_no_krakatau vs slinkedlist/test_0_orig_no_krakatau → NON-CLONE
[1684/50000] 2026-06-30 04:42:28 | R1 | SqrtAlgorithm/test_1_artifice_no_krakatau vs slinkedlist/test_0_orig_no_procyon → NON-CLONE
[1685/50000] 2026-06-30 04:42:29 | R1 | SqrtAlgorithm/test_1_artifice_no_krakatau vs slinkedlist/test_0_orig_pg_krakatau → NON-CLONE
[1686/50000] 2026-06-30 04:42:30 | R1 | SqrtAlgorithm/test_1_artifice_no_krakatau vs slinkedlist/test_0_orig_pg_procyon → NON-CLONE
[1687/50000] 2026-06-30 04:42:31 | R1 | SqrtAlgorithm/test_1_artifice_no_krakatau vs slinkedlist/test_1_artifice_no_krakatau → NON-CLONE
[1688/50000] 2026-06-30 04:42:32 | R1 | SqrtAlgorithm/test_1_artifice_no_krakatau vs slinkedlist/test_1_artifice_no_procyon → NON-CLONE
[1689/50000] 2026-06-30 04:42:33 | R1 | SqrtAlgorithm/test_1_artifice_no_krakatau vs slinkedlist/test_1_artifice_pg_krakatau → NON-CLONE
[1690/50000] 2026-06-30 04:42:34 | R1 | SqrtAlgorithm/test_1_artifice_no_krakatau vs slinkedlist/test_1_artifice_pg_procyon → NON-CLONE
[1691/50000] 2026-06-30 04:42:35 | R1 | SqrtAlgorithm/test_1_artifice_no_krakatau vs square/0_orig → NON-CLONE
[1692/50000] 2026-06-30 04:42:36 | R1 | SqrtAlgorithm/test_1_artifice_no_krakatau vs square/1_artifice → NON-CLONE
[1693/50000] 2026-06-30 04:42:37 | R1 | SqrtAlgorithm/test_1_artifice_no_krakatau vs square/test_0_orig_no_krakatau → NON-CLONE
[1694/50000] 2026-06-30 04:42:38 | R1 | SqrtAlgorithm/test_1_artifice_no_krakatau vs square/test_0_orig_no_procyon → NON-CLONE
[1695/50000] 2026-06-30 04:42:38 | R1 | SqrtAlgorithm/test_1_artifice_no_krakatau vs square/test_0_orig_pg_krakatau → NON-CLONE
[1696/50000] 2026-06-30 04:42:39 | R1 | SqrtAlgorithm/test_1_artifice_no_krakatau vs square/test_0_orig_pg_procyon → NON-CLONE
[1697/50000] 2026-06-30 04:42:41 | R1 | SqrtAlgorithm/test_1_artifice_no_krakatau vs square/test_1_artifice_no_krakatau → NON-CLONE
[1698/50000] 2026-06-30 04:42:42 | R1 | SqrtAlgorithm/test_1_artifice_no_krakatau vs square/test_1_artifice_no_procyon → NON-CLONE
[1699/50000] 2026-06-30 04:42:43 | R1 | SqrtAlgorithm/test_1_artifice_no_krakatau vs square/test_1_artifice_pg_krakatau → NON-CLONE
[1700/50000] 2026-06-30 04:42:44 | R1 | SqrtAlgorithm/test_1_artifice_no_krakatau vs square/test_1_artifice_pg_procyon → NON-CLONE
[1701/50000] 2026-06-30 04:42:45 | R1 | SqrtAlgorithm/test_1_artifice_no_procyon vs InfixConverter/0_orig → NON-CLONE
[1702/50000] 2026-06-30 04:42:45 | R1 | SqrtAlgorithm/test_1_artifice_no_procyon vs InfixConverter/1_artifice → NON-CLONE
[1703/50000] 2026-06-30 04:42:47 | R1 | SqrtAlgorithm/test_1_artifice_no_procyon vs InfixConverter/test_0_orig_no_krakatau → NON-CLONE
[1704/50000] 2026-06-30 04:42:47 | R1 | SqrtAlgorithm/test_1_artifice_no_procyon vs InfixConverter/test_0_orig_no_procyon → NON-CLONE
[1705/50000] 2026-06-30 04:42:48 | R1 | SqrtAlgorithm/test_1_artifice_no_procyon vs InfixConverter/test_0_orig_pg_krakatau → NON-CLONE
[1706/50000] 2026-06-30 04:42:49 | R1 | SqrtAlgorithm/test_1_artifice_no_procyon vs InfixConverter/test_0_orig_pg_procyon → NON-CLONE
[1707/50000] 2026-06-30 04:42:50 | R1 | SqrtAlgorithm/test_1_artifice_no_procyon vs InfixConverter/test_1_artifice_no_krakatau → NON-CLONE
[1708/50000] 2026-06-30 04:42:51 | R1 | SqrtAlgorithm/test_1_artifice_no_procyon vs InfixConverter/test_1_artifice_no_procyon → NON-CLONE
[1709/50000] 2026-06-30 04:42:52 | R1 | SqrtAlgorithm/test_1_artifice_no_procyon vs InfixConverter/test_1_artifice_pg_krakatau → NON-CLONE
[1710/50000] 2026-06-30 04:42:52 | R1 | SqrtAlgorithm/test_1_artifice_no_procyon vs InfixConverter/test_1_artifice_pg_procyon → NON-CLONE
[1711/50000] 2026-06-30 04:42:54 | R1 | SqrtAlgorithm/test_1_artifice_no_procyon vs SqrtAlgorithm/0_orig → CLONE
[1712/50000] 2026-06-30 04:42:55 | R1 | SqrtAlgorithm/test_1_artifice_no_procyon vs SqrtAlgorithm/1_artifice → CLONE
[1713/50000] 2026-06-30 04:42:56 | R1 | SqrtAlgorithm/test_1_artifice_no_procyon vs SqrtAlgorithm/test_0_orig_no_krakatau → CLONE
[1714/50000] 2026-06-30 04:42:57 | R1 | SqrtAlgorithm/test_1_artifice_no_procyon vs SqrtAlgorithm/test_0_orig_no_procyon → CLONE
[1715/50000] 2026-06-30 04:42:58 | R1 | SqrtAlgorithm/test_1_artifice_no_procyon vs SqrtAlgorithm/test_0_orig_pg_krakatau → CLONE
[1716/50000] 2026-06-30 04:42:59 | R1 | SqrtAlgorithm/test_1_artifice_no_procyon vs SqrtAlgorithm/test_0_orig_pg_procyon → CLONE
[1717/50000] 2026-06-30 04:43:00 | R1 | SqrtAlgorithm/test_1_artifice_no_procyon vs SqrtAlgorithm/test_1_artifice_no_krakatau → CLONE
[1718/50000] 2026-06-30 04:43:01 | R1 | SqrtAlgorithm/test_1_artifice_no_procyon vs SqrtAlgorithm/test_1_artifice_no_procyon → CLONE
[1719/50000] 2026-06-30 04:43:01 | R1 | SqrtAlgorithm/test_1_artifice_no_procyon vs SqrtAlgorithm/test_1_artifice_pg_krakatau → CLONE
[1720/50000] 2026-06-30 04:43:02 | R1 | SqrtAlgorithm/test_1_artifice_no_procyon vs SqrtAlgorithm/test_1_artifice_pg_procyon → CLONE
[1721/50000] 2026-06-30 04:43:03 | R1 | SqrtAlgorithm/test_1_artifice_no_procyon vs bubblesort/0_orig → NON-CLONE
[1722/50000] 2026-06-30 04:43:04 | R1 | SqrtAlgorithm/test_1_artifice_no_procyon vs bubblesort/1_artifice → NON-CLONE
[1723/50000] 2026-06-30 04:43:05 | R1 | SqrtAlgorithm/test_1_artifice_no_procyon vs bubblesort/test_0_orig_no_krakatau → NON-CLONE
[1724/50000] 2026-06-30 04:43:06 | R1 | SqrtAlgorithm/test_1_artifice_no_procyon vs bubblesort/test_0_orig_no_procyon → NON-CLONE
[1725/50000] 2026-06-30 04:43:06 | R1 | SqrtAlgorithm/test_1_artifice_no_procyon vs bubblesort/test_0_orig_pg_krakatau → NON-CLONE
[1726/50000] 2026-06-30 04:43:07 | R1 | SqrtAlgorithm/test_1_artifice_no_procyon vs bubblesort/test_0_orig_pg_procyon → NON-CLONE
[1727/50000] 2026-06-30 04:43:08 | R1 | SqrtAlgorithm/test_1_artifice_no_procyon vs bubblesort/test_1_artifice_no_krakatau → NON-CLONE
[1728/50000] 2026-06-30 04:43:09 | R1 | SqrtAlgorithm/test_1_artifice_no_procyon vs bubblesort/test_1_artifice_no_procyon → NON-CLONE
[1729/50000] 2026-06-30 04:43:10 | R1 | SqrtAlgorithm/test_1_artifice_no_procyon vs bubblesort/test_1_artifice_pg_krakatau → NON-CLONE
[1730/50000] 2026-06-30 04:43:11 | R1 | SqrtAlgorithm/test_1_artifice_no_procyon vs bubblesort/test_1_artifice_pg_procyon → NON-CLONE
[1731/50000] 2026-06-30 04:43:12 | R1 | SqrtAlgorithm/test_1_artifice_no_procyon vs guessword/0_orig → NON-CLONE
[1732/50000] 2026-06-30 04:43:13 | R1 | SqrtAlgorithm/test_1_artifice_no_procyon vs guessword/1_artifice → NON-CLONE
[1733/50000] 2026-06-30 04:43:14 | R1 | SqrtAlgorithm/test_1_artifice_no_procyon vs guessword/test_0_orig_no_krakatau → NON-CLONE
[1734/50000] 2026-06-30 04:43:15 | R1 | SqrtAlgorithm/test_1_artifice_no_procyon vs guessword/test_0_orig_no_procyon → NON-CLONE
[1735/50000] 2026-06-30 04:43:16 | R1 | SqrtAlgorithm/test_1_artifice_no_procyon vs guessword/test_0_orig_pg_krakatau → NON-CLONE
[1736/50000] 2026-06-30 04:43:17 | R1 | SqrtAlgorithm/test_1_artifice_no_procyon vs guessword/test_0_orig_pg_procyon → NON-CLONE
[1737/50000] 2026-06-30 04:43:18 | R1 | SqrtAlgorithm/test_1_artifice_no_procyon vs guessword/test_1_artifice_no_krakatau → NON-CLONE
[1738/50000] 2026-06-30 04:43:19 | R1 | SqrtAlgorithm/test_1_artifice_no_procyon vs guessword/test_1_artifice_no_procyon → NON-CLONE
[1739/50000] 2026-06-30 04:43:19 | R1 | SqrtAlgorithm/test_1_artifice_no_procyon vs guessword/test_1_artifice_pg_krakatau → NON-CLONE
[1740/50000] 2026-06-30 04:43:20 | R1 | SqrtAlgorithm/test_1_artifice_no_procyon vs guessword/test_1_artifice_pg_procyon → NON-CLONE
[1741/50000] 2026-06-30 04:43:22 | R1 | SqrtAlgorithm/test_1_artifice_no_procyon vs hanoi/0_orig → NON-CLONE
[1742/50000] 2026-06-30 04:43:23 | R1 | SqrtAlgorithm/test_1_artifice_no_procyon vs hanoi/1_artifice → NON-CLONE
[1743/50000] 2026-06-30 04:43:24 | R1 | SqrtAlgorithm/test_1_artifice_no_procyon vs hanoi/test_0_orig_no_krakatau → NON-CLONE
[1744/50000] 2026-06-30 04:43:25 | R1 | SqrtAlgorithm/test_1_artifice_no_procyon vs hanoi/test_0_orig_no_procyon → NON-CLONE
[1745/50000] 2026-06-30 04:43:26 | R1 | SqrtAlgorithm/test_1_artifice_no_procyon vs hanoi/test_0_orig_pg_krakatau → NON-CLONE
[1746/50000] 2026-06-30 04:43:27 | R1 | SqrtAlgorithm/test_1_artifice_no_procyon vs hanoi/test_0_orig_pg_procyon → NON-CLONE
[1747/50000] 2026-06-30 04:43:28 | R1 | SqrtAlgorithm/test_1_artifice_no_procyon vs hanoi/test_1_artifice_no_krakatau → NON-CLONE
[1748/50000] 2026-06-30 04:43:29 | R1 | SqrtAlgorithm/test_1_artifice_no_procyon vs hanoi/test_1_artifice_no_procyon → NON-CLONE
[1749/50000] 2026-06-30 04:43:30 | R1 | SqrtAlgorithm/test_1_artifice_no_procyon vs hanoi/test_1_artifice_pg_krakatau → NON-CLONE
[1750/50000] 2026-06-30 04:43:31 | R1 | SqrtAlgorithm/test_1_artifice_no_procyon vs hanoi/test_1_artifice_pg_procyon → NON-CLONE
[1751/50000] 2026-06-30 04:43:33 | R1 | SqrtAlgorithm/test_1_artifice_no_procyon vs kaprekar/0_orig → NON-CLONE
[1752/50000] 2026-06-30 04:43:34 | R1 | SqrtAlgorithm/test_1_artifice_no_procyon vs kaprekar/1_artifice → NON-CLONE
[1753/50000] 2026-06-30 04:43:35 | R1 | SqrtAlgorithm/test_1_artifice_no_procyon vs kaprekar/test_0_orig_no_krakatau → NON-CLONE
[1754/50000] 2026-06-30 04:43:35 | R1 | SqrtAlgorithm/test_1_artifice_no_procyon vs kaprekar/test_0_orig_no_procyon → NON-CLONE
[1755/50000] 2026-06-30 04:43:36 | R1 | SqrtAlgorithm/test_1_artifice_no_procyon vs kaprekar/test_0_orig_pg_krakatau → NON-CLONE
[1756/50000] 2026-06-30 04:43:37 | R1 | SqrtAlgorithm/test_1_artifice_no_procyon vs kaprekar/test_0_orig_pg_procyon → NON-CLONE
[1757/50000] 2026-06-30 04:43:39 | R1 | SqrtAlgorithm/test_1_artifice_no_procyon vs kaprekar/test_1_artifice_no_krakatau → NON-CLONE
[1758/50000] 2026-06-30 04:43:40 | R1 | SqrtAlgorithm/test_1_artifice_no_procyon vs kaprekar/test_1_artifice_no_procyon → NON-CLONE
[1759/50000] 2026-06-30 04:43:41 | R1 | SqrtAlgorithm/test_1_artifice_no_procyon vs kaprekar/test_1_artifice_pg_krakatau → NON-CLONE
[1760/50000] 2026-06-30 04:43:42 | R1 | SqrtAlgorithm/test_1_artifice_no_procyon vs kaprekar/test_1_artifice_pg_procyon → NON-CLONE
[1761/50000] 2026-06-30 04:43:43 | R1 | SqrtAlgorithm/test_1_artifice_no_procyon vs queens/0_orig → NON-CLONE
[1762/50000] 2026-06-30 04:43:44 | R1 | SqrtAlgorithm/test_1_artifice_no_procyon vs queens/1_artifice → NON-CLONE
[1763/50000] 2026-06-30 04:43:45 | R1 | SqrtAlgorithm/test_1_artifice_no_procyon vs queens/test_0_orig_no_krakatau → NON-CLONE
[1764/50000] 2026-06-30 04:43:45 | R1 | SqrtAlgorithm/test_1_artifice_no_procyon vs queens/test_0_orig_no_procyon → NON-CLONE
[1765/50000] 2026-06-30 04:43:46 | R1 | SqrtAlgorithm/test_1_artifice_no_procyon vs queens/test_0_orig_pg_krakatau → NON-CLONE
[1766/50000] 2026-06-30 04:43:47 | R1 | SqrtAlgorithm/test_1_artifice_no_procyon vs queens/test_0_orig_pg_procyon → NON-CLONE
[1767/50000] 2026-06-30 04:43:48 | R1 | SqrtAlgorithm/test_1_artifice_no_procyon vs queens/test_1_artifice_no_krakatau → NON-CLONE
[1768/50000] 2026-06-30 04:43:49 | R1 | SqrtAlgorithm/test_1_artifice_no_procyon vs queens/test_1_artifice_no_procyon → NON-CLONE
[1769/50000] 2026-06-30 04:43:50 | R1 | SqrtAlgorithm/test_1_artifice_no_procyon vs queens/test_1_artifice_pg_krakatau → NON-CLONE
[1770/50000] 2026-06-30 04:43:52 | R1 | SqrtAlgorithm/test_1_artifice_no_procyon vs queens/test_1_artifice_pg_procyon → NON-CLONE
[1771/50000] 2026-06-30 04:43:52 | R1 | SqrtAlgorithm/test_1_artifice_no_procyon vs railroadcar/0_orig → NON-CLONE
[1772/50000] 2026-06-30 04:43:53 | R1 | SqrtAlgorithm/test_1_artifice_no_procyon vs railroadcar/1_artifice → NON-CLONE
[1773/50000] 2026-06-30 04:43:54 | R1 | SqrtAlgorithm/test_1_artifice_no_procyon vs railroadcar/test_0_orig_no_krakatau → NON-CLONE
[1774/50000] 2026-06-30 04:43:55 | R1 | SqrtAlgorithm/test_1_artifice_no_procyon vs railroadcar/test_0_orig_no_procyon → NON-CLONE
[1775/50000] 2026-06-30 04:43:56 | R1 | SqrtAlgorithm/test_1_artifice_no_procyon vs railroadcar/test_0_orig_pg_krakatau → NON-CLONE
[1776/50000] 2026-06-30 04:43:56 | R1 | SqrtAlgorithm/test_1_artifice_no_procyon vs railroadcar/test_0_orig_pg_procyon → NON-CLONE
[1777/50000] 2026-06-30 04:43:57 | R1 | SqrtAlgorithm/test_1_artifice_no_procyon vs railroadcar/test_1_artifice_no_krakatau → NON-CLONE
[1778/50000] 2026-06-30 04:43:58 | R1 | SqrtAlgorithm/test_1_artifice_no_procyon vs railroadcar/test_1_artifice_no_procyon → NON-CLONE
[1779/50000] 2026-06-30 04:43:58 | R1 | SqrtAlgorithm/test_1_artifice_no_procyon vs railroadcar/test_1_artifice_pg_krakatau → NON-CLONE
[1780/50000] 2026-06-30 04:43:59 | R1 | SqrtAlgorithm/test_1_artifice_no_procyon vs railroadcar/test_1_artifice_pg_procyon → NON-CLONE
[1781/50000] 2026-06-30 04:44:00 | R1 | SqrtAlgorithm/test_1_artifice_no_procyon vs slinkedlist/0_orig → NON-CLONE
[1782/50000] 2026-06-30 04:44:02 | R1 | SqrtAlgorithm/test_1_artifice_no_procyon vs slinkedlist/1_artifice → NON-CLONE
[1783/50000] 2026-06-30 04:44:03 | R1 | SqrtAlgorithm/test_1_artifice_no_procyon vs slinkedlist/test_0_orig_no_krakatau → NON-CLONE
[1784/50000] 2026-06-30 04:44:03 | R1 | SqrtAlgorithm/test_1_artifice_no_procyon vs slinkedlist/test_0_orig_no_procyon → NON-CLONE
[1785/50000] 2026-06-30 04:44:04 | R1 | SqrtAlgorithm/test_1_artifice_no_procyon vs slinkedlist/test_0_orig_pg_krakatau → NON-CLONE
[1786/50000] 2026-06-30 04:44:05 | R1 | SqrtAlgorithm/test_1_artifice_no_procyon vs slinkedlist/test_0_orig_pg_procyon → NON-CLONE
[1787/50000] 2026-06-30 04:44:06 | R1 | SqrtAlgorithm/test_1_artifice_no_procyon vs slinkedlist/test_1_artifice_no_krakatau → NON-CLONE
[1788/50000] 2026-06-30 04:44:07 | R1 | SqrtAlgorithm/test_1_artifice_no_procyon vs slinkedlist/test_1_artifice_no_procyon → NON-CLONE
[1789/50000] 2026-06-30 04:44:08 | R1 | SqrtAlgorithm/test_1_artifice_no_procyon vs slinkedlist/test_1_artifice_pg_krakatau → NON-CLONE
[1790/50000] 2026-06-30 04:44:08 | R1 | SqrtAlgorithm/test_1_artifice_no_procyon vs slinkedlist/test_1_artifice_pg_procyon → NON-CLONE
[1791/50000] 2026-06-30 04:44:09 | R1 | SqrtAlgorithm/test_1_artifice_no_procyon vs square/0_orig → NON-CLONE
[1792/50000] 2026-06-30 04:44:10 | R1 | SqrtAlgorithm/test_1_artifice_no_procyon vs square/1_artifice → NON-CLONE
[1793/50000] 2026-06-30 04:44:11 | R1 | SqrtAlgorithm/test_1_artifice_no_procyon vs square/test_0_orig_no_krakatau → NON-CLONE
[1794/50000] 2026-06-30 04:44:12 | R1 | SqrtAlgorithm/test_1_artifice_no_procyon vs square/test_0_orig_no_procyon → NON-CLONE
[1795/50000] 2026-06-30 04:44:13 | R1 | SqrtAlgorithm/test_1_artifice_no_procyon vs square/test_0_orig_pg_krakatau → NON-CLONE
[1796/50000] 2026-06-30 04:44:14 | R1 | SqrtAlgorithm/test_1_artifice_no_procyon vs square/test_0_orig_pg_procyon → NON-CLONE
[1797/50000] 2026-06-30 04:44:15 | R1 | SqrtAlgorithm/test_1_artifice_no_procyon vs square/test_1_artifice_no_krakatau → NON-CLONE
[1798/50000] 2026-06-30 04:44:16 | R1 | SqrtAlgorithm/test_1_artifice_no_procyon vs square/test_1_artifice_no_procyon → NON-CLONE
[1799/50000] 2026-06-30 04:44:17 | R1 | SqrtAlgorithm/test_1_artifice_no_procyon vs square/test_1_artifice_pg_krakatau → NON-CLONE
[1800/50000] 2026-06-30 04:44:18 | R1 | SqrtAlgorithm/test_1_artifice_no_procyon vs square/test_1_artifice_pg_procyon → NON-CLONE
[1801/50000] 2026-06-30 04:44:19 | R1 | SqrtAlgorithm/test_1_artifice_pg_krakatau vs InfixConverter/0_orig → NON-CLONE
[1802/50000] 2026-06-30 04:44:20 | R1 | SqrtAlgorithm/test_1_artifice_pg_krakatau vs InfixConverter/1_artifice → NON-CLONE
[1803/50000] 2026-06-30 04:44:21 | R1 | SqrtAlgorithm/test_1_artifice_pg_krakatau vs InfixConverter/test_0_orig_no_krakatau → NON-CLONE
[1804/50000] 2026-06-30 04:44:22 | R1 | SqrtAlgorithm/test_1_artifice_pg_krakatau vs InfixConverter/test_0_orig_no_procyon → NON-CLONE
[1805/50000] 2026-06-30 04:44:23 | R1 | SqrtAlgorithm/test_1_artifice_pg_krakatau vs InfixConverter/test_0_orig_pg_krakatau → NON-CLONE
[1806/50000] 2026-06-30 04:44:24 | R1 | SqrtAlgorithm/test_1_artifice_pg_krakatau vs InfixConverter/test_0_orig_pg_procyon → NON-CLONE
[1807/50000] 2026-06-30 04:44:25 | R1 | SqrtAlgorithm/test_1_artifice_pg_krakatau vs InfixConverter/test_1_artifice_no_krakatau → NON-CLONE
[1808/50000] 2026-06-30 04:44:26 | R1 | SqrtAlgorithm/test_1_artifice_pg_krakatau vs InfixConverter/test_1_artifice_no_procyon → NON-CLONE
[1809/50000] 2026-06-30 04:44:27 | R1 | SqrtAlgorithm/test_1_artifice_pg_krakatau vs InfixConverter/test_1_artifice_pg_krakatau → NON-CLONE
[1810/50000] 2026-06-30 04:44:28 | R1 | SqrtAlgorithm/test_1_artifice_pg_krakatau vs InfixConverter/test_1_artifice_pg_procyon → NON-CLONE
[1811/50000] 2026-06-30 04:44:29 | R1 | SqrtAlgorithm/test_1_artifice_pg_krakatau vs SqrtAlgorithm/0_orig → CLONE
[1812/50000] 2026-06-30 04:44:30 | R1 | SqrtAlgorithm/test_1_artifice_pg_krakatau vs SqrtAlgorithm/1_artifice → CLONE
[1813/50000] 2026-06-30 04:44:31 | R1 | SqrtAlgorithm/test_1_artifice_pg_krakatau vs SqrtAlgorithm/test_0_orig_no_krakatau → CLONE
[1814/50000] 2026-06-30 04:44:33 | R1 | SqrtAlgorithm/test_1_artifice_pg_krakatau vs SqrtAlgorithm/test_0_orig_no_procyon → CLONE
[1815/50000] 2026-06-30 04:44:34 | R1 | SqrtAlgorithm/test_1_artifice_pg_krakatau vs SqrtAlgorithm/test_0_orig_pg_krakatau → CLONE
[1816/50000] 2026-06-30 04:44:35 | R1 | SqrtAlgorithm/test_1_artifice_pg_krakatau vs SqrtAlgorithm/test_0_orig_pg_procyon → CLONE
[1817/50000] 2026-06-30 04:44:35 | R1 | SqrtAlgorithm/test_1_artifice_pg_krakatau vs SqrtAlgorithm/test_1_artifice_no_krakatau → CLONE
[1818/50000] 2026-06-30 04:44:37 | R1 | SqrtAlgorithm/test_1_artifice_pg_krakatau vs SqrtAlgorithm/test_1_artifice_no_procyon → CLONE
[1819/50000] 2026-06-30 04:44:37 | R1 | SqrtAlgorithm/test_1_artifice_pg_krakatau vs SqrtAlgorithm/test_1_artifice_pg_krakatau → CLONE
[1820/50000] 2026-06-30 04:44:38 | R1 | SqrtAlgorithm/test_1_artifice_pg_krakatau vs SqrtAlgorithm/test_1_artifice_pg_procyon → CLONE
[1821/50000] 2026-06-30 04:44:39 | R1 | SqrtAlgorithm/test_1_artifice_pg_krakatau vs bubblesort/0_orig → NON-CLONE
[1822/50000] 2026-06-30 04:44:40 | R1 | SqrtAlgorithm/test_1_artifice_pg_krakatau vs bubblesort/1_artifice → NON-CLONE
[1823/50000] 2026-06-30 04:44:40 | R1 | SqrtAlgorithm/test_1_artifice_pg_krakatau vs bubblesort/test_0_orig_no_krakatau → NON-CLONE
[1824/50000] 2026-06-30 04:44:41 | R1 | SqrtAlgorithm/test_1_artifice_pg_krakatau vs bubblesort/test_0_orig_no_procyon → NON-CLONE
[1825/50000] 2026-06-30 04:44:42 | R1 | SqrtAlgorithm/test_1_artifice_pg_krakatau vs bubblesort/test_0_orig_pg_krakatau → NON-CLONE
[1826/50000] 2026-06-30 04:44:43 | R1 | SqrtAlgorithm/test_1_artifice_pg_krakatau vs bubblesort/test_0_orig_pg_procyon → NON-CLONE
[1827/50000] 2026-06-30 04:44:44 | R1 | SqrtAlgorithm/test_1_artifice_pg_krakatau vs bubblesort/test_1_artifice_no_krakatau → NON-CLONE
[1828/50000] 2026-06-30 04:44:45 | R1 | SqrtAlgorithm/test_1_artifice_pg_krakatau vs bubblesort/test_1_artifice_no_procyon → NON-CLONE
[1829/50000] 2026-06-30 04:44:45 | R1 | SqrtAlgorithm/test_1_artifice_pg_krakatau vs bubblesort/test_1_artifice_pg_krakatau → NON-CLONE
[1830/50000] 2026-06-30 04:44:46 | R1 | SqrtAlgorithm/test_1_artifice_pg_krakatau vs bubblesort/test_1_artifice_pg_procyon → NON-CLONE
[1831/50000] 2026-06-30 04:44:47 | R1 | SqrtAlgorithm/test_1_artifice_pg_krakatau vs guessword/0_orig → NON-CLONE
[1832/50000] 2026-06-30 04:44:48 | R1 | SqrtAlgorithm/test_1_artifice_pg_krakatau vs guessword/1_artifice → NON-CLONE
[1833/50000] 2026-06-30 04:44:49 | R1 | SqrtAlgorithm/test_1_artifice_pg_krakatau vs guessword/test_0_orig_no_krakatau → NON-CLONE
[1834/50000] 2026-06-30 04:44:50 | R1 | SqrtAlgorithm/test_1_artifice_pg_krakatau vs guessword/test_0_orig_no_procyon → NON-CLONE
[1835/50000] 2026-06-30 04:44:50 | R1 | SqrtAlgorithm/test_1_artifice_pg_krakatau vs guessword/test_0_orig_pg_krakatau → NON-CLONE
[1836/50000] 2026-06-30 04:44:52 | R1 | SqrtAlgorithm/test_1_artifice_pg_krakatau vs guessword/test_0_orig_pg_procyon → NON-CLONE
[1837/50000] 2026-06-30 04:44:53 | R1 | SqrtAlgorithm/test_1_artifice_pg_krakatau vs guessword/test_1_artifice_no_krakatau → NON-CLONE
[1838/50000] 2026-06-30 04:44:53 | R1 | SqrtAlgorithm/test_1_artifice_pg_krakatau vs guessword/test_1_artifice_no_procyon → NON-CLONE
[1839/50000] 2026-06-30 04:44:54 | R1 | SqrtAlgorithm/test_1_artifice_pg_krakatau vs guessword/test_1_artifice_pg_krakatau → NON-CLONE
[1840/50000] 2026-06-30 04:44:55 | R1 | SqrtAlgorithm/test_1_artifice_pg_krakatau vs guessword/test_1_artifice_pg_procyon → NON-CLONE
[1841/50000] 2026-06-30 04:44:56 | R1 | SqrtAlgorithm/test_1_artifice_pg_krakatau vs hanoi/0_orig → NON-CLONE
[1842/50000] 2026-06-30 04:44:57 | R1 | SqrtAlgorithm/test_1_artifice_pg_krakatau vs hanoi/1_artifice → NON-CLONE
[1843/50000] 2026-06-30 04:44:59 | R1 | SqrtAlgorithm/test_1_artifice_pg_krakatau vs hanoi/test_0_orig_no_krakatau → NON-CLONE
[1844/50000] 2026-06-30 04:45:00 | R1 | SqrtAlgorithm/test_1_artifice_pg_krakatau vs hanoi/test_0_orig_no_procyon → NON-CLONE
[1845/50000] 2026-06-30 04:45:01 | R1 | SqrtAlgorithm/test_1_artifice_pg_krakatau vs hanoi/test_0_orig_pg_krakatau → NON-CLONE
[1846/50000] 2026-06-30 04:45:02 | R1 | SqrtAlgorithm/test_1_artifice_pg_krakatau vs hanoi/test_0_orig_pg_procyon → NON-CLONE
[1847/50000] 2026-06-30 04:45:03 | R1 | SqrtAlgorithm/test_1_artifice_pg_krakatau vs hanoi/test_1_artifice_no_krakatau → NON-CLONE
[1848/50000] 2026-06-30 04:45:04 | R1 | SqrtAlgorithm/test_1_artifice_pg_krakatau vs hanoi/test_1_artifice_no_procyon → NON-CLONE
[1849/50000] 2026-06-30 04:45:05 | R1 | SqrtAlgorithm/test_1_artifice_pg_krakatau vs hanoi/test_1_artifice_pg_krakatau → NON-CLONE
[1850/50000] 2026-06-30 04:45:06 | R1 | SqrtAlgorithm/test_1_artifice_pg_krakatau vs hanoi/test_1_artifice_pg_procyon → NON-CLONE
[1851/50000] 2026-06-30 04:45:07 | R1 | SqrtAlgorithm/test_1_artifice_pg_krakatau vs kaprekar/0_orig → NON-CLONE
[1852/50000] 2026-06-30 04:45:08 | R1 | SqrtAlgorithm/test_1_artifice_pg_krakatau vs kaprekar/1_artifice → NON-CLONE
[1853/50000] 2026-06-30 04:45:10 | R1 | SqrtAlgorithm/test_1_artifice_pg_krakatau vs kaprekar/test_0_orig_no_krakatau → NON-CLONE
[1854/50000] 2026-06-30 04:45:11 | R1 | SqrtAlgorithm/test_1_artifice_pg_krakatau vs kaprekar/test_0_orig_no_procyon → NON-CLONE
[1855/50000] 2026-06-30 04:45:12 | R1 | SqrtAlgorithm/test_1_artifice_pg_krakatau vs kaprekar/test_0_orig_pg_krakatau → NON-CLONE
[1856/50000] 2026-06-30 04:45:13 | R1 | SqrtAlgorithm/test_1_artifice_pg_krakatau vs kaprekar/test_0_orig_pg_procyon → NON-CLONE
[1857/50000] 2026-06-30 04:45:14 | R1 | SqrtAlgorithm/test_1_artifice_pg_krakatau vs kaprekar/test_1_artifice_no_krakatau → NON-CLONE
[1858/50000] 2026-06-30 04:45:15 | R1 | SqrtAlgorithm/test_1_artifice_pg_krakatau vs kaprekar/test_1_artifice_no_procyon → NON-CLONE
[1859/50000] 2026-06-30 04:45:16 | R1 | SqrtAlgorithm/test_1_artifice_pg_krakatau vs kaprekar/test_1_artifice_pg_krakatau → NON-CLONE
[1860/50000] 2026-06-30 04:45:17 | R1 | SqrtAlgorithm/test_1_artifice_pg_krakatau vs kaprekar/test_1_artifice_pg_procyon → NON-CLONE
[1861/50000] 2026-06-30 04:45:18 | R1 | SqrtAlgorithm/test_1_artifice_pg_krakatau vs queens/0_orig → NON-CLONE
[1862/50000] 2026-06-30 04:45:19 | R1 | SqrtAlgorithm/test_1_artifice_pg_krakatau vs queens/1_artifice → NON-CLONE
[1863/50000] 2026-06-30 04:45:20 | R1 | SqrtAlgorithm/test_1_artifice_pg_krakatau vs queens/test_0_orig_no_krakatau → NON-CLONE
[1864/50000] 2026-06-30 04:45:21 | R1 | SqrtAlgorithm/test_1_artifice_pg_krakatau vs queens/test_0_orig_no_procyon → NON-CLONE
[1865/50000] 2026-06-30 04:45:22 | R1 | SqrtAlgorithm/test_1_artifice_pg_krakatau vs queens/test_0_orig_pg_krakatau → NON-CLONE
[1866/50000] 2026-06-30 04:45:23 | R1 | SqrtAlgorithm/test_1_artifice_pg_krakatau vs queens/test_0_orig_pg_procyon → NON-CLONE
[1867/50000] 2026-06-30 04:45:24 | R1 | SqrtAlgorithm/test_1_artifice_pg_krakatau vs queens/test_1_artifice_no_krakatau → NON-CLONE
[1868/50000] 2026-06-30 04:45:25 | R1 | SqrtAlgorithm/test_1_artifice_pg_krakatau vs queens/test_1_artifice_no_procyon → NON-CLONE
[1869/50000] 2026-06-30 04:45:25 | R1 | SqrtAlgorithm/test_1_artifice_pg_krakatau vs queens/test_1_artifice_pg_krakatau → NON-CLONE
[1870/50000] 2026-06-30 04:45:26 | R1 | SqrtAlgorithm/test_1_artifice_pg_krakatau vs queens/test_1_artifice_pg_procyon → NON-CLONE
[1871/50000] 2026-06-30 04:45:27 | R1 | SqrtAlgorithm/test_1_artifice_pg_krakatau vs railroadcar/0_orig → NON-CLONE
[1872/50000] 2026-06-30 04:45:28 | R1 | SqrtAlgorithm/test_1_artifice_pg_krakatau vs railroadcar/1_artifice → NON-CLONE
[1873/50000] 2026-06-30 04:45:29 | R1 | SqrtAlgorithm/test_1_artifice_pg_krakatau vs railroadcar/test_0_orig_no_krakatau → NON-CLONE
[1874/50000] 2026-06-30 04:45:30 | R1 | SqrtAlgorithm/test_1_artifice_pg_krakatau vs railroadcar/test_0_orig_no_procyon → NON-CLONE
[1875/50000] 2026-06-30 04:45:31 | R1 | SqrtAlgorithm/test_1_artifice_pg_krakatau vs railroadcar/test_0_orig_pg_krakatau → NON-CLONE
[1876/50000] 2026-06-30 04:45:32 | R1 | SqrtAlgorithm/test_1_artifice_pg_krakatau vs railroadcar/test_0_orig_pg_procyon → NON-CLONE
[1877/50000] 2026-06-30 04:45:33 | R1 | SqrtAlgorithm/test_1_artifice_pg_krakatau vs railroadcar/test_1_artifice_no_krakatau → NON-CLONE
[1878/50000] 2026-06-30 04:45:34 | R1 | SqrtAlgorithm/test_1_artifice_pg_krakatau vs railroadcar/test_1_artifice_no_procyon → NON-CLONE
[1879/50000] 2026-06-30 04:45:35 | R1 | SqrtAlgorithm/test_1_artifice_pg_krakatau vs railroadcar/test_1_artifice_pg_krakatau → NON-CLONE
[1880/50000] 2026-06-30 04:45:36 | R1 | SqrtAlgorithm/test_1_artifice_pg_krakatau vs railroadcar/test_1_artifice_pg_procyon → NON-CLONE
[1881/50000] 2026-06-30 04:45:37 | R1 | SqrtAlgorithm/test_1_artifice_pg_krakatau vs slinkedlist/0_orig → NON-CLONE
[1882/50000] 2026-06-30 04:45:37 | R1 | SqrtAlgorithm/test_1_artifice_pg_krakatau vs slinkedlist/1_artifice → NON-CLONE
[1883/50000] 2026-06-30 04:45:39 | R1 | SqrtAlgorithm/test_1_artifice_pg_krakatau vs slinkedlist/test_0_orig_no_krakatau → NON-CLONE
[1884/50000] 2026-06-30 04:45:39 | R1 | SqrtAlgorithm/test_1_artifice_pg_krakatau vs slinkedlist/test_0_orig_no_procyon → NON-CLONE
[1885/50000] 2026-06-30 04:45:40 | R1 | SqrtAlgorithm/test_1_artifice_pg_krakatau vs slinkedlist/test_0_orig_pg_krakatau → NON-CLONE
[1886/50000] 2026-06-30 04:45:41 | R1 | SqrtAlgorithm/test_1_artifice_pg_krakatau vs slinkedlist/test_0_orig_pg_procyon → NON-CLONE
[1887/50000] 2026-06-30 04:45:41 | R1 | SqrtAlgorithm/test_1_artifice_pg_krakatau vs slinkedlist/test_1_artifice_no_krakatau → NON-CLONE
[1888/50000] 2026-06-30 04:45:42 | R1 | SqrtAlgorithm/test_1_artifice_pg_krakatau vs slinkedlist/test_1_artifice_no_procyon → NON-CLONE
[1889/50000] 2026-06-30 04:45:43 | R1 | SqrtAlgorithm/test_1_artifice_pg_krakatau vs slinkedlist/test_1_artifice_pg_krakatau → NON-CLONE
[1890/50000] 2026-06-30 04:45:44 | R1 | SqrtAlgorithm/test_1_artifice_pg_krakatau vs slinkedlist/test_1_artifice_pg_procyon → NON-CLONE
[1891/50000] 2026-06-30 04:45:45 | R1 | SqrtAlgorithm/test_1_artifice_pg_krakatau vs square/0_orig → NON-CLONE
[1892/50000] 2026-06-30 04:45:46 | R1 | SqrtAlgorithm/test_1_artifice_pg_krakatau vs square/1_artifice → NON-CLONE
[1893/50000] 2026-06-30 04:45:47 | R1 | SqrtAlgorithm/test_1_artifice_pg_krakatau vs square/test_0_orig_no_krakatau → NON-CLONE
[1894/50000] 2026-06-30 04:45:47 | R1 | SqrtAlgorithm/test_1_artifice_pg_krakatau vs square/test_0_orig_no_procyon → NON-CLONE
[1895/50000] 2026-06-30 04:45:49 | R1 | SqrtAlgorithm/test_1_artifice_pg_krakatau vs square/test_0_orig_pg_krakatau → NON-CLONE
[1896/50000] 2026-06-30 04:45:50 | R1 | SqrtAlgorithm/test_1_artifice_pg_krakatau vs square/test_0_orig_pg_procyon → NON-CLONE
[1897/50000] 2026-06-30 04:45:51 | R1 | SqrtAlgorithm/test_1_artifice_pg_krakatau vs square/test_1_artifice_no_krakatau → NON-CLONE
[1898/50000] 2026-06-30 04:45:52 | R1 | SqrtAlgorithm/test_1_artifice_pg_krakatau vs square/test_1_artifice_no_procyon → NON-CLONE
[1899/50000] 2026-06-30 04:45:54 | R1 | SqrtAlgorithm/test_1_artifice_pg_krakatau vs square/test_1_artifice_pg_krakatau → NON-CLONE
[1900/50000] 2026-06-30 04:45:55 | R1 | SqrtAlgorithm/test_1_artifice_pg_krakatau vs square/test_1_artifice_pg_procyon → NON-CLONE
[1901/50000] 2026-06-30 04:45:56 | R1 | SqrtAlgorithm/test_1_artifice_pg_procyon vs InfixConverter/0_orig → NON-CLONE
[1902/50000] 2026-06-30 04:45:57 | R1 | SqrtAlgorithm/test_1_artifice_pg_procyon vs InfixConverter/1_artifice → NON-CLONE
[1903/50000] 2026-06-30 04:45:58 | R1 | SqrtAlgorithm/test_1_artifice_pg_procyon vs InfixConverter/test_0_orig_no_krakatau → NON-CLONE
[1904/50000] 2026-06-30 04:45:58 | R1 | SqrtAlgorithm/test_1_artifice_pg_procyon vs InfixConverter/test_0_orig_no_procyon → NON-CLONE
[1905/50000] 2026-06-30 04:45:59 | R1 | SqrtAlgorithm/test_1_artifice_pg_procyon vs InfixConverter/test_0_orig_pg_krakatau → NON-CLONE
[1906/50000] 2026-06-30 04:46:00 | R1 | SqrtAlgorithm/test_1_artifice_pg_procyon vs InfixConverter/test_0_orig_pg_procyon → NON-CLONE
[1907/50000] 2026-06-30 04:46:01 | R1 | SqrtAlgorithm/test_1_artifice_pg_procyon vs InfixConverter/test_1_artifice_no_krakatau → NON-CLONE
[1908/50000] 2026-06-30 04:46:02 | R1 | SqrtAlgorithm/test_1_artifice_pg_procyon vs InfixConverter/test_1_artifice_no_procyon → NON-CLONE
[1909/50000] 2026-06-30 04:46:03 | R1 | SqrtAlgorithm/test_1_artifice_pg_procyon vs InfixConverter/test_1_artifice_pg_krakatau → NON-CLONE
[1910/50000] 2026-06-30 04:46:04 | R1 | SqrtAlgorithm/test_1_artifice_pg_procyon vs InfixConverter/test_1_artifice_pg_procyon → NON-CLONE
[1911/50000] 2026-06-30 04:46:04 | R1 | SqrtAlgorithm/test_1_artifice_pg_procyon vs SqrtAlgorithm/0_orig → CLONE
[1912/50000] 2026-06-30 04:46:05 | R1 | SqrtAlgorithm/test_1_artifice_pg_procyon vs SqrtAlgorithm/1_artifice → CLONE
[1913/50000] 2026-06-30 04:46:06 | R1 | SqrtAlgorithm/test_1_artifice_pg_procyon vs SqrtAlgorithm/test_0_orig_no_krakatau → CLONE
[1914/50000] 2026-06-30 04:46:06 | R1 | SqrtAlgorithm/test_1_artifice_pg_procyon vs SqrtAlgorithm/test_0_orig_no_procyon → CLONE
[1915/50000] 2026-06-30 04:46:07 | R1 | SqrtAlgorithm/test_1_artifice_pg_procyon vs SqrtAlgorithm/test_0_orig_pg_krakatau → CLONE
[1916/50000] 2026-06-30 04:46:08 | R1 | SqrtAlgorithm/test_1_artifice_pg_procyon vs SqrtAlgorithm/test_0_orig_pg_procyon → CLONE
[1917/50000] 2026-06-30 04:46:09 | R1 | SqrtAlgorithm/test_1_artifice_pg_procyon vs SqrtAlgorithm/test_1_artifice_no_krakatau → CLONE
[1918/50000] 2026-06-30 04:46:10 | R1 | SqrtAlgorithm/test_1_artifice_pg_procyon vs SqrtAlgorithm/test_1_artifice_no_procyon → CLONE
[1919/50000] 2026-06-30 04:46:11 | R1 | SqrtAlgorithm/test_1_artifice_pg_procyon vs SqrtAlgorithm/test_1_artifice_pg_krakatau → CLONE
[1920/50000] 2026-06-30 04:46:12 | R1 | SqrtAlgorithm/test_1_artifice_pg_procyon vs SqrtAlgorithm/test_1_artifice_pg_procyon → CLONE
[1921/50000] 2026-06-30 04:46:13 | R1 | SqrtAlgorithm/test_1_artifice_pg_procyon vs bubblesort/0_orig → NON-CLONE
[1922/50000] 2026-06-30 04:46:14 | R1 | SqrtAlgorithm/test_1_artifice_pg_procyon vs bubblesort/1_artifice → NON-CLONE
[1923/50000] 2026-06-30 04:46:14 | R1 | SqrtAlgorithm/test_1_artifice_pg_procyon vs bubblesort/test_0_orig_no_krakatau → NON-CLONE
[1924/50000] 2026-06-30 04:46:15 | R1 | SqrtAlgorithm/test_1_artifice_pg_procyon vs bubblesort/test_0_orig_no_procyon → NON-CLONE
[1925/50000] 2026-06-30 04:46:16 | R1 | SqrtAlgorithm/test_1_artifice_pg_procyon vs bubblesort/test_0_orig_pg_krakatau → NON-CLONE
[1926/50000] 2026-06-30 04:46:17 | R1 | SqrtAlgorithm/test_1_artifice_pg_procyon vs bubblesort/test_0_orig_pg_procyon → NON-CLONE
[1927/50000] 2026-06-30 04:46:17 | R1 | SqrtAlgorithm/test_1_artifice_pg_procyon vs bubblesort/test_1_artifice_no_krakatau → NON-CLONE
[1928/50000] 2026-06-30 04:46:19 | R1 | SqrtAlgorithm/test_1_artifice_pg_procyon vs bubblesort/test_1_artifice_no_procyon → NON-CLONE
[1929/50000] 2026-06-30 04:46:20 | R1 | SqrtAlgorithm/test_1_artifice_pg_procyon vs bubblesort/test_1_artifice_pg_krakatau → NON-CLONE
[1930/50000] 2026-06-30 04:46:21 | R1 | SqrtAlgorithm/test_1_artifice_pg_procyon vs bubblesort/test_1_artifice_pg_procyon → NON-CLONE
[1931/50000] 2026-06-30 04:46:22 | R1 | SqrtAlgorithm/test_1_artifice_pg_procyon vs guessword/0_orig → NON-CLONE
[1932/50000] 2026-06-30 04:46:23 | R1 | SqrtAlgorithm/test_1_artifice_pg_procyon vs guessword/1_artifice → NON-CLONE
[1933/50000] 2026-06-30 04:46:24 | R1 | SqrtAlgorithm/test_1_artifice_pg_procyon vs guessword/test_0_orig_no_krakatau → NON-CLONE
[1934/50000] 2026-06-30 04:46:25 | R1 | SqrtAlgorithm/test_1_artifice_pg_procyon vs guessword/test_0_orig_no_procyon → NON-CLONE
[1935/50000] 2026-06-30 04:46:26 | R1 | SqrtAlgorithm/test_1_artifice_pg_procyon vs guessword/test_0_orig_pg_krakatau → NON-CLONE
[1936/50000] 2026-06-30 04:46:27 | R1 | SqrtAlgorithm/test_1_artifice_pg_procyon vs guessword/test_0_orig_pg_procyon → NON-CLONE
[1937/50000] 2026-06-30 04:46:28 | R1 | SqrtAlgorithm/test_1_artifice_pg_procyon vs guessword/test_1_artifice_no_krakatau → NON-CLONE
[1938/50000] 2026-06-30 04:46:29 | R1 | SqrtAlgorithm/test_1_artifice_pg_procyon vs guessword/test_1_artifice_no_procyon → NON-CLONE
[1939/50000] 2026-06-30 04:46:30 | R1 | SqrtAlgorithm/test_1_artifice_pg_procyon vs guessword/test_1_artifice_pg_krakatau → NON-CLONE
[1940/50000] 2026-06-30 04:46:31 | R1 | SqrtAlgorithm/test_1_artifice_pg_procyon vs guessword/test_1_artifice_pg_procyon → NON-CLONE
[1941/50000] 2026-06-30 04:46:32 | R1 | SqrtAlgorithm/test_1_artifice_pg_procyon vs hanoi/0_orig → NON-CLONE
[1942/50000] 2026-06-30 04:46:33 | R1 | SqrtAlgorithm/test_1_artifice_pg_procyon vs hanoi/1_artifice → NON-CLONE
[1943/50000] 2026-06-30 04:46:34 | R1 | SqrtAlgorithm/test_1_artifice_pg_procyon vs hanoi/test_0_orig_no_krakatau → NON-CLONE
[1944/50000] 2026-06-30 04:46:35 | R1 | SqrtAlgorithm/test_1_artifice_pg_procyon vs hanoi/test_0_orig_no_procyon → NON-CLONE
[1945/50000] 2026-06-30 04:46:37 | R1 | SqrtAlgorithm/test_1_artifice_pg_procyon vs hanoi/test_0_orig_pg_krakatau → NON-CLONE
[1946/50000] 2026-06-30 04:46:37 | R1 | SqrtAlgorithm/test_1_artifice_pg_procyon vs hanoi/test_0_orig_pg_procyon → NON-CLONE
[1947/50000] 2026-06-30 04:46:38 | R1 | SqrtAlgorithm/test_1_artifice_pg_procyon vs hanoi/test_1_artifice_no_krakatau → NON-CLONE
[1948/50000] 2026-06-30 04:46:39 | R1 | SqrtAlgorithm/test_1_artifice_pg_procyon vs hanoi/test_1_artifice_no_procyon → NON-CLONE
[1949/50000] 2026-06-30 04:46:40 | R1 | SqrtAlgorithm/test_1_artifice_pg_procyon vs hanoi/test_1_artifice_pg_krakatau → NON-CLONE
[1950/50000] 2026-06-30 04:46:41 | R1 | SqrtAlgorithm/test_1_artifice_pg_procyon vs hanoi/test_1_artifice_pg_procyon → NON-CLONE
[1951/50000] 2026-06-30 04:46:42 | R1 | SqrtAlgorithm/test_1_artifice_pg_procyon vs kaprekar/0_orig → NON-CLONE
[1952/50000] 2026-06-30 04:46:44 | R1 | SqrtAlgorithm/test_1_artifice_pg_procyon vs kaprekar/1_artifice → NON-CLONE
[1953/50000] 2026-06-30 04:46:45 | R1 | SqrtAlgorithm/test_1_artifice_pg_procyon vs kaprekar/test_0_orig_no_krakatau → NON-CLONE
[1954/50000] 2026-06-30 04:46:46 | R1 | SqrtAlgorithm/test_1_artifice_pg_procyon vs kaprekar/test_0_orig_no_procyon → NON-CLONE
[1955/50000] 2026-06-30 04:46:47 | R1 | SqrtAlgorithm/test_1_artifice_pg_procyon vs kaprekar/test_0_orig_pg_krakatau → NON-CLONE
[1956/50000] 2026-06-30 04:46:48 | R1 | SqrtAlgorithm/test_1_artifice_pg_procyon vs kaprekar/test_0_orig_pg_procyon → NON-CLONE
[1957/50000] 2026-06-30 04:46:49 | R1 | SqrtAlgorithm/test_1_artifice_pg_procyon vs kaprekar/test_1_artifice_no_krakatau → NON-CLONE
[1958/50000] 2026-06-30 04:46:50 | R1 | SqrtAlgorithm/test_1_artifice_pg_procyon vs kaprekar/test_1_artifice_no_procyon → NON-CLONE
[1959/50000] 2026-06-30 04:46:51 | R1 | SqrtAlgorithm/test_1_artifice_pg_procyon vs kaprekar/test_1_artifice_pg_krakatau → NON-CLONE
[1960/50000] 2026-06-30 04:46:52 | R1 | SqrtAlgorithm/test_1_artifice_pg_procyon vs kaprekar/test_1_artifice_pg_procyon → NON-CLONE
[1961/50000] 2026-06-30 04:46:53 | R1 | SqrtAlgorithm/test_1_artifice_pg_procyon vs queens/0_orig → NON-CLONE
[1962/50000] 2026-06-30 04:46:54 | R1 | SqrtAlgorithm/test_1_artifice_pg_procyon vs queens/1_artifice → NON-CLONE
[1963/50000] 2026-06-30 04:46:55 | R1 | SqrtAlgorithm/test_1_artifice_pg_procyon vs queens/test_0_orig_no_krakatau → NON-CLONE
[1964/50000] 2026-06-30 04:46:56 | R1 | SqrtAlgorithm/test_1_artifice_pg_procyon vs queens/test_0_orig_no_procyon → NON-CLONE
[1965/50000] 2026-06-30 04:46:56 | R1 | SqrtAlgorithm/test_1_artifice_pg_procyon vs queens/test_0_orig_pg_krakatau → NON-CLONE
[1966/50000] 2026-06-30 04:46:58 | R1 | SqrtAlgorithm/test_1_artifice_pg_procyon vs queens/test_0_orig_pg_procyon → NON-CLONE
[1967/50000] 2026-06-30 04:46:58 | R1 | SqrtAlgorithm/test_1_artifice_pg_procyon vs queens/test_1_artifice_no_krakatau → NON-CLONE
[1968/50000] 2026-06-30 04:46:59 | R1 | SqrtAlgorithm/test_1_artifice_pg_procyon vs queens/test_1_artifice_no_procyon → NON-CLONE
[1969/50000] 2026-06-30 04:47:00 | R1 | SqrtAlgorithm/test_1_artifice_pg_procyon vs queens/test_1_artifice_pg_krakatau → NON-CLONE
[1970/50000] 2026-06-30 04:47:01 | R1 | SqrtAlgorithm/test_1_artifice_pg_procyon vs queens/test_1_artifice_pg_procyon → NON-CLONE
[1971/50000] 2026-06-30 04:47:01 | R1 | SqrtAlgorithm/test_1_artifice_pg_procyon vs railroadcar/0_orig → NON-CLONE
[1972/50000] 2026-06-30 04:47:02 | R1 | SqrtAlgorithm/test_1_artifice_pg_procyon vs railroadcar/1_artifice → NON-CLONE
[1973/50000] 2026-06-30 04:47:04 | R1 | SqrtAlgorithm/test_1_artifice_pg_procyon vs railroadcar/test_0_orig_no_krakatau → NON-CLONE
[1974/50000] 2026-06-30 04:47:05 | R1 | SqrtAlgorithm/test_1_artifice_pg_procyon vs railroadcar/test_0_orig_no_procyon → NON-CLONE
[1975/50000] 2026-06-30 04:47:05 | R1 | SqrtAlgorithm/test_1_artifice_pg_procyon vs railroadcar/test_0_orig_pg_krakatau → NON-CLONE
[1976/50000] 2026-06-30 04:47:06 | R1 | SqrtAlgorithm/test_1_artifice_pg_procyon vs railroadcar/test_0_orig_pg_procyon → NON-CLONE
[1977/50000] 2026-06-30 04:47:08 | R1 | SqrtAlgorithm/test_1_artifice_pg_procyon vs railroadcar/test_1_artifice_no_krakatau → NON-CLONE
[1978/50000] 2026-06-30 04:47:08 | R1 | SqrtAlgorithm/test_1_artifice_pg_procyon vs railroadcar/test_1_artifice_no_procyon → NON-CLONE
[1979/50000] 2026-06-30 04:47:10 | R1 | SqrtAlgorithm/test_1_artifice_pg_procyon vs railroadcar/test_1_artifice_pg_krakatau → NON-CLONE
[1980/50000] 2026-06-30 04:47:11 | R1 | SqrtAlgorithm/test_1_artifice_pg_procyon vs railroadcar/test_1_artifice_pg_procyon → NON-CLONE
[1981/50000] 2026-06-30 04:47:12 | R1 | SqrtAlgorithm/test_1_artifice_pg_procyon vs slinkedlist/0_orig → NON-CLONE
[1982/50000] 2026-06-30 04:47:13 | R1 | SqrtAlgorithm/test_1_artifice_pg_procyon vs slinkedlist/1_artifice → NON-CLONE
[1983/50000] 2026-06-30 04:47:14 | R1 | SqrtAlgorithm/test_1_artifice_pg_procyon vs slinkedlist/test_0_orig_no_krakatau → NON-CLONE
[1984/50000] 2026-06-30 04:47:14 | R1 | SqrtAlgorithm/test_1_artifice_pg_procyon vs slinkedlist/test_0_orig_no_procyon → NON-CLONE
[1985/50000] 2026-06-30 04:47:15 | R1 | SqrtAlgorithm/test_1_artifice_pg_procyon vs slinkedlist/test_0_orig_pg_krakatau → NON-CLONE
[1986/50000] 2026-06-30 04:47:16 | R1 | SqrtAlgorithm/test_1_artifice_pg_procyon vs slinkedlist/test_0_orig_pg_procyon → NON-CLONE
[1987/50000] 2026-06-30 04:47:17 | R1 | SqrtAlgorithm/test_1_artifice_pg_procyon vs slinkedlist/test_1_artifice_no_krakatau → NON-CLONE
[1988/50000] 2026-06-30 04:47:17 | R1 | SqrtAlgorithm/test_1_artifice_pg_procyon vs slinkedlist/test_1_artifice_no_procyon → NON-CLONE
[1989/50000] 2026-06-30 04:47:18 | R1 | SqrtAlgorithm/test_1_artifice_pg_procyon vs slinkedlist/test_1_artifice_pg_krakatau → NON-CLONE
[1990/50000] 2026-06-30 04:47:19 | R1 | SqrtAlgorithm/test_1_artifice_pg_procyon vs slinkedlist/test_1_artifice_pg_procyon → NON-CLONE
[1991/50000] 2026-06-30 04:47:19 | R1 | SqrtAlgorithm/test_1_artifice_pg_procyon vs square/0_orig → NON-CLONE
[1992/50000] 2026-06-30 04:47:21 | R1 | SqrtAlgorithm/test_1_artifice_pg_procyon vs square/1_artifice → NON-CLONE
[1993/50000] 2026-06-30 04:47:22 | R1 | SqrtAlgorithm/test_1_artifice_pg_procyon vs square/test_0_orig_no_krakatau → NON-CLONE
[1994/50000] 2026-06-30 04:47:23 | R1 | SqrtAlgorithm/test_1_artifice_pg_procyon vs square/test_0_orig_no_procyon → NON-CLONE
[1995/50000] 2026-06-30 04:47:24 | R1 | SqrtAlgorithm/test_1_artifice_pg_procyon vs square/test_0_orig_pg_krakatau → NON-CLONE
[1996/50000] 2026-06-30 04:47:24 | R1 | SqrtAlgorithm/test_1_artifice_pg_procyon vs square/test_0_orig_pg_procyon → NON-CLONE
[1997/50000] 2026-06-30 04:47:25 | R1 | SqrtAlgorithm/test_1_artifice_pg_procyon vs square/test_1_artifice_no_krakatau → NON-CLONE
[1998/50000] 2026-06-30 04:47:26 | R1 | SqrtAlgorithm/test_1_artifice_pg_procyon vs square/test_1_artifice_no_procyon → NON-CLONE
[1999/50000] 2026-06-30 04:47:27 | R1 | SqrtAlgorithm/test_1_artifice_pg_procyon vs square/test_1_artifice_pg_krakatau → NON-CLONE
[2000/50000] 2026-06-30 04:47:28 | R1 | SqrtAlgorithm/test_1_artifice_pg_procyon vs square/test_1_artifice_pg_procyon → NON-CLONE
[2001/50000] 2026-06-30 04:47:29 | R1 | bubblesort/0_orig vs InfixConverter/0_orig → NON-CLONE
[2002/50000] 2026-06-30 04:47:30 | R1 | bubblesort/0_orig vs InfixConverter/1_artifice → NON-CLONE
[2003/50000] 2026-06-30 04:47:31 | R1 | bubblesort/0_orig vs InfixConverter/test_0_orig_no_krakatau → NON-CLONE
[2004/50000] 2026-06-30 04:47:32 | R1 | bubblesort/0_orig vs InfixConverter/test_0_orig_no_procyon → NON-CLONE
[2005/50000] 2026-06-30 04:47:33 | R1 | bubblesort/0_orig vs InfixConverter/test_0_orig_pg_krakatau → NON-CLONE
[2006/50000] 2026-06-30 04:47:34 | R1 | bubblesort/0_orig vs InfixConverter/test_0_orig_pg_procyon → NON-CLONE
[2007/50000] 2026-06-30 04:47:35 | R1 | bubblesort/0_orig vs InfixConverter/test_1_artifice_no_krakatau → NON-CLONE
[2008/50000] 2026-06-30 04:47:36 | R1 | bubblesort/0_orig vs InfixConverter/test_1_artifice_no_procyon → NON-CLONE
[2009/50000] 2026-06-30 04:47:37 | R1 | bubblesort/0_orig vs InfixConverter/test_1_artifice_pg_krakatau → NON-CLONE
[2010/50000] 2026-06-30 04:47:38 | R1 | bubblesort/0_orig vs InfixConverter/test_1_artifice_pg_procyon → NON-CLONE
[2011/50000] 2026-06-30 04:47:39 | R1 | bubblesort/0_orig vs SqrtAlgorithm/0_orig → NON-CLONE
[2012/50000] 2026-06-30 04:47:40 | R1 | bubblesort/0_orig vs SqrtAlgorithm/1_artifice → NON-CLONE
[2013/50000] 2026-06-30 04:47:41 | R1 | bubblesort/0_orig vs SqrtAlgorithm/test_0_orig_no_krakatau → NON-CLONE
[2014/50000] 2026-06-30 04:47:43 | R1 | bubblesort/0_orig vs SqrtAlgorithm/test_0_orig_no_procyon → NON-CLONE
[2015/50000] 2026-06-30 04:47:44 | R1 | bubblesort/0_orig vs SqrtAlgorithm/test_0_orig_pg_krakatau → NON-CLONE
[2016/50000] 2026-06-30 04:47:45 | R1 | bubblesort/0_orig vs SqrtAlgorithm/test_0_orig_pg_procyon → NON-CLONE
[2017/50000] 2026-06-30 04:47:45 | R1 | bubblesort/0_orig vs SqrtAlgorithm/test_1_artifice_no_krakatau → NON-CLONE
[2018/50000] 2026-06-30 04:47:46 | R1 | bubblesort/0_orig vs SqrtAlgorithm/test_1_artifice_no_procyon → NON-CLONE
[2019/50000] 2026-06-30 04:47:47 | R1 | bubblesort/0_orig vs SqrtAlgorithm/test_1_artifice_pg_krakatau → NON-CLONE
[2020/50000] 2026-06-30 04:47:48 | R1 | bubblesort/0_orig vs SqrtAlgorithm/test_1_artifice_pg_procyon → NON-CLONE
[2021/50000] 2026-06-30 04:47:49 | R1 | bubblesort/0_orig vs bubblesort/0_orig → CLONE
[2022/50000] 2026-06-30 04:47:50 | R1 | bubblesort/0_orig vs bubblesort/1_artifice → CLONE
[2023/50000] 2026-06-30 04:47:51 | R1 | bubblesort/0_orig vs bubblesort/test_0_orig_no_krakatau → CLONE
[2024/50000] 2026-06-30 04:47:52 | R1 | bubblesort/0_orig vs bubblesort/test_0_orig_no_procyon → CLONE
[2025/50000] 2026-06-30 04:47:53 | R1 | bubblesort/0_orig vs bubblesort/test_0_orig_pg_krakatau → CLONE
[2026/50000] 2026-06-30 04:47:53 | R1 | bubblesort/0_orig vs bubblesort/test_0_orig_pg_procyon → CLONE
[2027/50000] 2026-06-30 04:47:54 | R1 | bubblesort/0_orig vs bubblesort/test_1_artifice_no_krakatau → CLONE
[2028/50000] 2026-06-30 04:47:55 | R1 | bubblesort/0_orig vs bubblesort/test_1_artifice_no_procyon → CLONE
[2029/50000] 2026-06-30 04:47:56 | R1 | bubblesort/0_orig vs bubblesort/test_1_artifice_pg_krakatau → CLONE
[2030/50000] 2026-06-30 04:47:56 | R1 | bubblesort/0_orig vs bubblesort/test_1_artifice_pg_procyon → CLONE
[2031/50000] 2026-06-30 04:47:57 | R1 | bubblesort/0_orig vs guessword/0_orig → NON-CLONE
[2032/50000] 2026-06-30 04:47:58 | R1 | bubblesort/0_orig vs guessword/1_artifice → NON-CLONE
[2033/50000] 2026-06-30 04:48:00 | R1 | bubblesort/0_orig vs guessword/test_0_orig_no_krakatau → NON-CLONE
[2034/50000] 2026-06-30 04:48:01 | R1 | bubblesort/0_orig vs guessword/test_0_orig_no_procyon → NON-CLONE
[2035/50000] 2026-06-30 04:48:02 | R1 | bubblesort/0_orig vs guessword/test_0_orig_pg_krakatau → NON-CLONE
[2036/50000] 2026-06-30 04:48:03 | R1 | bubblesort/0_orig vs guessword/test_0_orig_pg_procyon → NON-CLONE
[2037/50000] 2026-06-30 04:48:04 | R1 | bubblesort/0_orig vs guessword/test_1_artifice_no_krakatau → NON-CLONE
[2038/50000] 2026-06-30 04:48:06 | R1 | bubblesort/0_orig vs guessword/test_1_artifice_no_procyon → NON-CLONE
[2039/50000] 2026-06-30 04:48:07 | R1 | bubblesort/0_orig vs guessword/test_1_artifice_pg_krakatau → NON-CLONE
[2040/50000] 2026-06-30 04:48:08 | R1 | bubblesort/0_orig vs guessword/test_1_artifice_pg_procyon → NON-CLONE
[2041/50000] 2026-06-30 04:48:08 | R1 | bubblesort/0_orig vs hanoi/0_orig → NON-CLONE
[2042/50000] 2026-06-30 04:48:09 | R1 | bubblesort/0_orig vs hanoi/1_artifice → NON-CLONE
[2043/50000] 2026-06-30 04:48:10 | R1 | bubblesort/0_orig vs hanoi/test_0_orig_no_krakatau → NON-CLONE
[2044/50000] 2026-06-30 04:48:11 | R1 | bubblesort/0_orig vs hanoi/test_0_orig_no_procyon → NON-CLONE
[2045/50000] 2026-06-30 04:48:13 | R1 | bubblesort/0_orig vs hanoi/test_0_orig_pg_krakatau → NON-CLONE
[2046/50000] 2026-06-30 04:48:14 | R1 | bubblesort/0_orig vs hanoi/test_0_orig_pg_procyon → NON-CLONE
[2047/50000] 2026-06-30 04:48:15 | R1 | bubblesort/0_orig vs hanoi/test_1_artifice_no_krakatau → NON-CLONE
[2048/50000] 2026-06-30 04:48:16 | R1 | bubblesort/0_orig vs hanoi/test_1_artifice_no_procyon → NON-CLONE
[2049/50000] 2026-06-30 04:48:18 | R1 | bubblesort/0_orig vs hanoi/test_1_artifice_pg_krakatau → NON-CLONE
[2050/50000] 2026-06-30 04:48:19 | R1 | bubblesort/0_orig vs hanoi/test_1_artifice_pg_procyon → NON-CLONE
[2051/50000] 2026-06-30 04:48:20 | R1 | bubblesort/0_orig vs kaprekar/0_orig → NON-CLONE
[2052/50000] 2026-06-30 04:48:21 | R1 | bubblesort/0_orig vs kaprekar/1_artifice → NON-CLONE
[2053/50000] 2026-06-30 04:48:22 | R1 | bubblesort/0_orig vs kaprekar/test_0_orig_no_krakatau → NON-CLONE
[2054/50000] 2026-06-30 04:48:23 | R1 | bubblesort/0_orig vs kaprekar/test_0_orig_no_procyon → NON-CLONE
[2055/50000] 2026-06-30 04:48:24 | R1 | bubblesort/0_orig vs kaprekar/test_0_orig_pg_krakatau → NON-CLONE
[2056/50000] 2026-06-30 04:48:25 | R1 | bubblesort/0_orig vs kaprekar/test_0_orig_pg_procyon → NON-CLONE
[2057/50000] 2026-06-30 04:48:26 | R1 | bubblesort/0_orig vs kaprekar/test_1_artifice_no_krakatau → NON-CLONE
[2058/50000] 2026-06-30 04:48:26 | R1 | bubblesort/0_orig vs kaprekar/test_1_artifice_no_procyon → NON-CLONE
[2059/50000] 2026-06-30 04:48:27 | R1 | bubblesort/0_orig vs kaprekar/test_1_artifice_pg_krakatau → NON-CLONE
[2060/50000] 2026-06-30 04:48:28 | R1 | bubblesort/0_orig vs kaprekar/test_1_artifice_pg_procyon → NON-CLONE
[2061/50000] 2026-06-30 04:48:29 | R1 | bubblesort/0_orig vs queens/0_orig → NON-CLONE
[2062/50000] 2026-06-30 04:48:30 | R1 | bubblesort/0_orig vs queens/1_artifice → NON-CLONE
[2063/50000] 2026-06-30 04:48:32 | R1 | bubblesort/0_orig vs queens/test_0_orig_no_krakatau → NON-CLONE
[2064/50000] 2026-06-30 04:48:33 | R1 | bubblesort/0_orig vs queens/test_0_orig_no_procyon → NON-CLONE
[2065/50000] 2026-06-30 04:48:34 | R1 | bubblesort/0_orig vs queens/test_0_orig_pg_krakatau → NON-CLONE
[2066/50000] 2026-06-30 04:48:35 | R1 | bubblesort/0_orig vs queens/test_0_orig_pg_procyon → NON-CLONE
[2067/50000] 2026-06-30 04:48:36 | R1 | bubblesort/0_orig vs queens/test_1_artifice_no_krakatau → NON-CLONE
[2068/50000] 2026-06-30 04:48:37 | R1 | bubblesort/0_orig vs queens/test_1_artifice_no_procyon → NON-CLONE
[2069/50000] 2026-06-30 04:48:38 | R1 | bubblesort/0_orig vs queens/test_1_artifice_pg_krakatau → NON-CLONE
[2070/50000] 2026-06-30 04:48:39 | R1 | bubblesort/0_orig vs queens/test_1_artifice_pg_procyon → NON-CLONE
[2071/50000] 2026-06-30 04:48:40 | R1 | bubblesort/0_orig vs railroadcar/0_orig → NON-CLONE
[2072/50000] 2026-06-30 04:48:40 | R1 | bubblesort/0_orig vs railroadcar/1_artifice → NON-CLONE
[2073/50000] 2026-06-30 04:48:41 | R1 | bubblesort/0_orig vs railroadcar/test_0_orig_no_krakatau → NON-CLONE
[2074/50000] 2026-06-30 04:48:42 | R1 | bubblesort/0_orig vs railroadcar/test_0_orig_no_procyon → NON-CLONE
[2075/50000] 2026-06-30 04:48:43 | R1 | bubblesort/0_orig vs railroadcar/test_0_orig_pg_krakatau → NON-CLONE
[2076/50000] 2026-06-30 04:48:44 | R1 | bubblesort/0_orig vs railroadcar/test_0_orig_pg_procyon → NON-CLONE
[2077/50000] 2026-06-30 04:48:44 | R1 | bubblesort/0_orig vs railroadcar/test_1_artifice_no_krakatau → NON-CLONE
[2078/50000] 2026-06-30 04:48:45 | R1 | bubblesort/0_orig vs railroadcar/test_1_artifice_no_procyon → NON-CLONE
[2079/50000] 2026-06-30 04:48:46 | R1 | bubblesort/0_orig vs railroadcar/test_1_artifice_pg_krakatau → NON-CLONE
[2080/50000] 2026-06-30 04:48:46 | R1 | bubblesort/0_orig vs railroadcar/test_1_artifice_pg_procyon → NON-CLONE
[2081/50000] 2026-06-30 04:48:47 | R1 | bubblesort/0_orig vs slinkedlist/0_orig → NON-CLONE
[2082/50000] 2026-06-30 04:48:48 | R1 | bubblesort/0_orig vs slinkedlist/1_artifice → NON-CLONE
[2083/50000] 2026-06-30 04:48:50 | R1 | bubblesort/0_orig vs slinkedlist/test_0_orig_no_krakatau → NON-CLONE
[2084/50000] 2026-06-30 04:48:50 | R1 | bubblesort/0_orig vs slinkedlist/test_0_orig_no_procyon → NON-CLONE
[2085/50000] 2026-06-30 04:48:51 | R1 | bubblesort/0_orig vs slinkedlist/test_0_orig_pg_krakatau → NON-CLONE
[2086/50000] 2026-06-30 04:48:52 | R1 | bubblesort/0_orig vs slinkedlist/test_0_orig_pg_procyon → NON-CLONE
[2087/50000] 2026-06-30 04:48:53 | R1 | bubblesort/0_orig vs slinkedlist/test_1_artifice_no_krakatau → NON-CLONE
[2088/50000] 2026-06-30 04:48:54 | R1 | bubblesort/0_orig vs slinkedlist/test_1_artifice_no_procyon → NON-CLONE
[2089/50000] 2026-06-30 04:48:54 | R1 | bubblesort/0_orig vs slinkedlist/test_1_artifice_pg_krakatau → NON-CLONE
[2090/50000] 2026-06-30 04:48:55 | R1 | bubblesort/0_orig vs slinkedlist/test_1_artifice_pg_procyon → NON-CLONE
[2091/50000] 2026-06-30 04:48:56 | R1 | bubblesort/0_orig vs square/0_orig → NON-CLONE
[2092/50000] 2026-06-30 04:48:57 | R1 | bubblesort/0_orig vs square/1_artifice → NON-CLONE
[2093/50000] 2026-06-30 04:48:58 | R1 | bubblesort/0_orig vs square/test_0_orig_no_krakatau → NON-CLONE
[2094/50000] 2026-06-30 04:48:59 | R1 | bubblesort/0_orig vs square/test_0_orig_no_procyon → NON-CLONE
[2095/50000] 2026-06-30 04:49:01 | R1 | bubblesort/0_orig vs square/test_0_orig_pg_krakatau → NON-CLONE
[2096/50000] 2026-06-30 04:49:01 | R1 | bubblesort/0_orig vs square/test_0_orig_pg_procyon → NON-CLONE
[2097/50000] 2026-06-30 04:49:02 | R1 | bubblesort/0_orig vs square/test_1_artifice_no_krakatau → NON-CLONE
[2098/50000] 2026-06-30 04:49:04 | R1 | bubblesort/0_orig vs square/test_1_artifice_no_procyon → NON-CLONE
[2099/50000] 2026-06-30 04:49:05 | R1 | bubblesort/0_orig vs square/test_1_artifice_pg_krakatau → NON-CLONE
[2100/50000] 2026-06-30 04:49:06 | R1 | bubblesort/0_orig vs square/test_1_artifice_pg_procyon → NON-CLONE
[2101/50000] 2026-06-30 04:49:07 | R1 | bubblesort/1_artifice vs InfixConverter/0_orig → NON-CLONE
[2102/50000] 2026-06-30 04:49:08 | R1 | bubblesort/1_artifice vs InfixConverter/1_artifice → NON-CLONE
[2103/50000] 2026-06-30 04:49:09 | R1 | bubblesort/1_artifice vs InfixConverter/test_0_orig_no_krakatau → NON-CLONE
[2104/50000] 2026-06-30 04:49:10 | R1 | bubblesort/1_artifice vs InfixConverter/test_0_orig_no_procyon → NON-CLONE
[2105/50000] 2026-06-30 04:49:12 | R1 | bubblesort/1_artifice vs InfixConverter/test_0_orig_pg_krakatau → NON-CLONE
[2106/50000] 2026-06-30 04:49:13 | R1 | bubblesort/1_artifice vs InfixConverter/test_0_orig_pg_procyon → NON-CLONE
[2107/50000] 2026-06-30 04:49:13 | R1 | bubblesort/1_artifice vs InfixConverter/test_1_artifice_no_krakatau → NON-CLONE
[2108/50000] 2026-06-30 04:49:15 | R1 | bubblesort/1_artifice vs InfixConverter/test_1_artifice_no_procyon → NON-CLONE
[2109/50000] 2026-06-30 04:49:16 | R1 | bubblesort/1_artifice vs InfixConverter/test_1_artifice_pg_krakatau → NON-CLONE
[2110/50000] 2026-06-30 04:49:17 | R1 | bubblesort/1_artifice vs InfixConverter/test_1_artifice_pg_procyon → NON-CLONE
[2111/50000] 2026-06-30 04:49:18 | R1 | bubblesort/1_artifice vs SqrtAlgorithm/0_orig → NON-CLONE
[2112/50000] 2026-06-30 04:49:18 | R1 | bubblesort/1_artifice vs SqrtAlgorithm/1_artifice → NON-CLONE
[2113/50000] 2026-06-30 04:49:20 | R1 | bubblesort/1_artifice vs SqrtAlgorithm/test_0_orig_no_krakatau → NON-CLONE
[2114/50000] 2026-06-30 04:49:21 | R1 | bubblesort/1_artifice vs SqrtAlgorithm/test_0_orig_no_procyon → NON-CLONE
[2115/50000] 2026-06-30 04:49:22 | R1 | bubblesort/1_artifice vs SqrtAlgorithm/test_0_orig_pg_krakatau → NON-CLONE
[2116/50000] 2026-06-30 04:49:23 | R1 | bubblesort/1_artifice vs SqrtAlgorithm/test_0_orig_pg_procyon → NON-CLONE
[2117/50000] 2026-06-30 04:49:24 | R1 | bubblesort/1_artifice vs SqrtAlgorithm/test_1_artifice_no_krakatau → NON-CLONE
[2118/50000] 2026-06-30 04:49:25 | R1 | bubblesort/1_artifice vs SqrtAlgorithm/test_1_artifice_no_procyon → NON-CLONE
[2119/50000] 2026-06-30 04:49:26 | R1 | bubblesort/1_artifice vs SqrtAlgorithm/test_1_artifice_pg_krakatau → NON-CLONE
[2120/50000] 2026-06-30 04:49:27 | R1 | bubblesort/1_artifice vs SqrtAlgorithm/test_1_artifice_pg_procyon → NON-CLONE
[2121/50000] 2026-06-30 04:49:28 | R1 | bubblesort/1_artifice vs bubblesort/0_orig → CLONE
[2122/50000] 2026-06-30 04:49:28 | R1 | bubblesort/1_artifice vs bubblesort/1_artifice → CLONE
[2123/50000] 2026-06-30 04:49:29 | R1 | bubblesort/1_artifice vs bubblesort/test_0_orig_no_krakatau → CLONE
[2124/50000] 2026-06-30 04:49:30 | R1 | bubblesort/1_artifice vs bubblesort/test_0_orig_no_procyon → CLONE
[2125/50000] 2026-06-30 04:49:30 | R1 | bubblesort/1_artifice vs bubblesort/test_0_orig_pg_krakatau → CLONE
[2126/50000] 2026-06-30 04:49:31 | R1 | bubblesort/1_artifice vs bubblesort/test_0_orig_pg_procyon → CLONE
[2127/50000] 2026-06-30 04:49:32 | R1 | bubblesort/1_artifice vs bubblesort/test_1_artifice_no_krakatau → CLONE
[2128/50000] 2026-06-30 04:49:32 | R1 | bubblesort/1_artifice vs bubblesort/test_1_artifice_no_procyon → CLONE
[2129/50000] 2026-06-30 04:49:33 | R1 | bubblesort/1_artifice vs bubblesort/test_1_artifice_pg_krakatau → CLONE
[2130/50000] 2026-06-30 04:49:34 | R1 | bubblesort/1_artifice vs bubblesort/test_1_artifice_pg_procyon → CLONE
[2131/50000] 2026-06-30 04:49:35 | R1 | bubblesort/1_artifice vs guessword/0_orig → NON-CLONE
[2132/50000] 2026-06-30 04:49:36 | R1 | bubblesort/1_artifice vs guessword/1_artifice → NON-CLONE
[2133/50000] 2026-06-30 04:49:37 | R1 | bubblesort/1_artifice vs guessword/test_0_orig_no_krakatau → NON-CLONE
[2134/50000] 2026-06-30 04:49:38 | R1 | bubblesort/1_artifice vs guessword/test_0_orig_no_procyon → NON-CLONE
[2135/50000] 2026-06-30 04:49:40 | R1 | bubblesort/1_artifice vs guessword/test_0_orig_pg_krakatau → NON-CLONE
[2136/50000] 2026-06-30 04:49:40 | R1 | bubblesort/1_artifice vs guessword/test_0_orig_pg_procyon → NON-CLONE
[2137/50000] 2026-06-30 04:49:41 | R1 | bubblesort/1_artifice vs guessword/test_1_artifice_no_krakatau → NON-CLONE
[2138/50000] 2026-06-30 04:49:42 | R1 | bubblesort/1_artifice vs guessword/test_1_artifice_no_procyon → NON-CLONE
[2139/50000] 2026-06-30 04:49:44 | R1 | bubblesort/1_artifice vs guessword/test_1_artifice_pg_krakatau → NON-CLONE
[2140/50000] 2026-06-30 04:49:45 | R1 | bubblesort/1_artifice vs guessword/test_1_artifice_pg_procyon → NON-CLONE
[2141/50000] 2026-06-30 04:49:46 | R1 | bubblesort/1_artifice vs hanoi/0_orig → NON-CLONE
[2142/50000] 2026-06-30 04:49:46 | R1 | bubblesort/1_artifice vs hanoi/1_artifice → NON-CLONE
[2143/50000] 2026-06-30 04:49:47 | R1 | bubblesort/1_artifice vs hanoi/test_0_orig_no_krakatau → NON-CLONE
[2144/50000] 2026-06-30 04:49:48 | R1 | bubblesort/1_artifice vs hanoi/test_0_orig_no_procyon → NON-CLONE
[2145/50000] 2026-06-30 04:49:50 | R1 | bubblesort/1_artifice vs hanoi/test_0_orig_pg_krakatau → NON-CLONE
[2146/50000] 2026-06-30 04:49:51 | R1 | bubblesort/1_artifice vs hanoi/test_0_orig_pg_procyon → NON-CLONE
[2147/50000] 2026-06-30 04:49:53 | R1 | bubblesort/1_artifice vs hanoi/test_1_artifice_no_krakatau → NON-CLONE
[2148/50000] 2026-06-30 04:49:54 | R1 | bubblesort/1_artifice vs hanoi/test_1_artifice_no_procyon → NON-CLONE
[2149/50000] 2026-06-30 04:49:55 | R1 | bubblesort/1_artifice vs hanoi/test_1_artifice_pg_krakatau → NON-CLONE
[2150/50000] 2026-06-30 04:49:56 | R1 | bubblesort/1_artifice vs hanoi/test_1_artifice_pg_procyon → NON-CLONE
[2151/50000] 2026-06-30 04:49:57 | R1 | bubblesort/1_artifice vs kaprekar/0_orig → NON-CLONE
[2152/50000] 2026-06-30 04:49:58 | R1 | bubblesort/1_artifice vs kaprekar/1_artifice → NON-CLONE
[2153/50000] 2026-06-30 04:49:59 | R1 | bubblesort/1_artifice vs kaprekar/test_0_orig_no_krakatau → NON-CLONE
[2154/50000] 2026-06-30 04:50:00 | R1 | bubblesort/1_artifice vs kaprekar/test_0_orig_no_procyon → NON-CLONE
[2155/50000] 2026-06-30 04:50:01 | R1 | bubblesort/1_artifice vs kaprekar/test_0_orig_pg_krakatau → NON-CLONE
[2156/50000] 2026-06-30 04:50:01 | R1 | bubblesort/1_artifice vs kaprekar/test_0_orig_pg_procyon → NON-CLONE
[2157/50000] 2026-06-30 04:50:02 | R1 | bubblesort/1_artifice vs kaprekar/test_1_artifice_no_krakatau → NON-CLONE
[2158/50000] 2026-06-30 04:50:03 | R1 | bubblesort/1_artifice vs kaprekar/test_1_artifice_no_procyon → NON-CLONE
[2159/50000] 2026-06-30 04:50:05 | R1 | bubblesort/1_artifice vs kaprekar/test_1_artifice_pg_krakatau → NON-CLONE
[2160/50000] 2026-06-30 04:50:06 | R1 | bubblesort/1_artifice vs kaprekar/test_1_artifice_pg_procyon → NON-CLONE
[2161/50000] 2026-06-30 04:50:07 | R1 | bubblesort/1_artifice vs queens/0_orig → NON-CLONE
[2162/50000] 2026-06-30 04:50:07 | R1 | bubblesort/1_artifice vs queens/1_artifice → NON-CLONE
[2163/50000] 2026-06-30 04:50:08 | R1 | bubblesort/1_artifice vs queens/test_0_orig_no_krakatau → NON-CLONE
[2164/50000] 2026-06-30 04:50:10 | R1 | bubblesort/1_artifice vs queens/test_0_orig_no_procyon → NON-CLONE
[2165/50000] 2026-06-30 04:50:11 | R1 | bubblesort/1_artifice vs queens/test_0_orig_pg_krakatau → NON-CLONE
[2166/50000] 2026-06-30 04:50:11 | R1 | bubblesort/1_artifice vs queens/test_0_orig_pg_procyon → NON-CLONE
[2167/50000] 2026-06-30 04:50:13 | R1 | bubblesort/1_artifice vs queens/test_1_artifice_no_krakatau → NON-CLONE
[2168/50000] 2026-06-30 04:50:14 | R1 | bubblesort/1_artifice vs queens/test_1_artifice_no_procyon → NON-CLONE
[2169/50000] 2026-06-30 04:50:15 | R1 | bubblesort/1_artifice vs queens/test_1_artifice_pg_krakatau → NON-CLONE
[2170/50000] 2026-06-30 04:50:15 | R1 | bubblesort/1_artifice vs queens/test_1_artifice_pg_procyon → NON-CLONE
[2171/50000] 2026-06-30 04:50:16 | R1 | bubblesort/1_artifice vs railroadcar/0_orig → NON-CLONE
[2172/50000] 2026-06-30 04:50:17 | R1 | bubblesort/1_artifice vs railroadcar/1_artifice → NON-CLONE
[2173/50000] 2026-06-30 04:50:18 | R1 | bubblesort/1_artifice vs railroadcar/test_0_orig_no_krakatau → NON-CLONE
[2174/50000] 2026-06-30 04:50:19 | R1 | bubblesort/1_artifice vs railroadcar/test_0_orig_no_procyon → NON-CLONE
[2175/50000] 2026-06-30 04:50:20 | R1 | bubblesort/1_artifice vs railroadcar/test_0_orig_pg_krakatau → NON-CLONE
[2176/50000] 2026-06-30 04:50:20 | R1 | bubblesort/1_artifice vs railroadcar/test_0_orig_pg_procyon → NON-CLONE
[2177/50000] 2026-06-30 04:50:22 | R1 | bubblesort/1_artifice vs railroadcar/test_1_artifice_no_krakatau → NON-CLONE
[2178/50000] 2026-06-30 04:50:22 | R1 | bubblesort/1_artifice vs railroadcar/test_1_artifice_no_procyon → NON-CLONE
[2179/50000] 2026-06-30 04:50:23 | R1 | bubblesort/1_artifice vs railroadcar/test_1_artifice_pg_krakatau → NON-CLONE
[2180/50000] 2026-06-30 04:50:24 | R1 | bubblesort/1_artifice vs railroadcar/test_1_artifice_pg_procyon → NON-CLONE
[2181/50000] 2026-06-30 04:50:25 | R1 | bubblesort/1_artifice vs slinkedlist/0_orig → NON-CLONE
[2182/50000] 2026-06-30 04:50:26 | R1 | bubblesort/1_artifice vs slinkedlist/1_artifice → NON-CLONE
[2183/50000] 2026-06-30 04:50:27 | R1 | bubblesort/1_artifice vs slinkedlist/test_0_orig_no_krakatau → NON-CLONE
[2184/50000] 2026-06-30 04:50:28 | R1 | bubblesort/1_artifice vs slinkedlist/test_0_orig_no_procyon → NON-CLONE
[2185/50000] 2026-06-30 04:50:29 | R1 | bubblesort/1_artifice vs slinkedlist/test_0_orig_pg_krakatau → NON-CLONE
[2186/50000] 2026-06-30 04:50:29 | R1 | bubblesort/1_artifice vs slinkedlist/test_0_orig_pg_procyon → NON-CLONE
[2187/50000] 2026-06-30 04:50:30 | R1 | bubblesort/1_artifice vs slinkedlist/test_1_artifice_no_krakatau → NON-CLONE
[2188/50000] 2026-06-30 04:50:31 | R1 | bubblesort/1_artifice vs slinkedlist/test_1_artifice_no_procyon → NON-CLONE
[2189/50000] 2026-06-30 04:50:32 | R1 | bubblesort/1_artifice vs slinkedlist/test_1_artifice_pg_krakatau → NON-CLONE
[2190/50000] 2026-06-30 04:50:33 | R1 | bubblesort/1_artifice vs slinkedlist/test_1_artifice_pg_procyon → NON-CLONE
[2191/50000] 2026-06-30 04:50:35 | R1 | bubblesort/1_artifice vs square/0_orig → NON-CLONE
[2192/50000] 2026-06-30 04:50:36 | R1 | bubblesort/1_artifice vs square/1_artifice → NON-CLONE
[2193/50000] 2026-06-30 04:50:37 | R1 | bubblesort/1_artifice vs square/test_0_orig_no_krakatau → NON-CLONE
[2194/50000] 2026-06-30 04:50:38 | R1 | bubblesort/1_artifice vs square/test_0_orig_no_procyon → NON-CLONE
[2195/50000] 2026-06-30 04:50:39 | R1 | bubblesort/1_artifice vs square/test_0_orig_pg_krakatau → NON-CLONE
[2196/50000] 2026-06-30 04:50:40 | R1 | bubblesort/1_artifice vs square/test_0_orig_pg_procyon → NON-CLONE
[2197/50000] 2026-06-30 04:50:41 | R1 | bubblesort/1_artifice vs square/test_1_artifice_no_krakatau → NON-CLONE
[2198/50000] 2026-06-30 04:50:42 | R1 | bubblesort/1_artifice vs square/test_1_artifice_no_procyon → NON-CLONE
[2199/50000] 2026-06-30 04:50:44 | R1 | bubblesort/1_artifice vs square/test_1_artifice_pg_krakatau → NON-CLONE
[2200/50000] 2026-06-30 04:50:45 | R1 | bubblesort/1_artifice vs square/test_1_artifice_pg_procyon → NON-CLONE
[2201/50000] 2026-06-30 04:50:46 | R1 | bubblesort/test_0_orig_no_krakatau vs InfixConverter/0_orig → NON-CLONE
[2202/50000] 2026-06-30 04:50:46 | R1 | bubblesort/test_0_orig_no_krakatau vs InfixConverter/1_artifice → NON-CLONE
[2203/50000] 2026-06-30 04:50:47 | R1 | bubblesort/test_0_orig_no_krakatau vs InfixConverter/test_0_orig_no_krakatau → NON-CLONE
[2204/50000] 2026-06-30 04:50:48 | R1 | bubblesort/test_0_orig_no_krakatau vs InfixConverter/test_0_orig_no_procyon → NON-CLONE
[2205/50000] 2026-06-30 04:50:49 | R1 | bubblesort/test_0_orig_no_krakatau vs InfixConverter/test_0_orig_pg_krakatau → NON-CLONE
[2206/50000] 2026-06-30 04:50:49 | R1 | bubblesort/test_0_orig_no_krakatau vs InfixConverter/test_0_orig_pg_procyon → NON-CLONE
[2207/50000] 2026-06-30 04:50:50 | R1 | bubblesort/test_0_orig_no_krakatau vs InfixConverter/test_1_artifice_no_krakatau → NON-CLONE
[2208/50000] 2026-06-30 04:50:51 | R1 | bubblesort/test_0_orig_no_krakatau vs InfixConverter/test_1_artifice_no_procyon → NON-CLONE
[2209/50000] 2026-06-30 04:50:52 | R1 | bubblesort/test_0_orig_no_krakatau vs InfixConverter/test_1_artifice_pg_krakatau → NON-CLONE
[2210/50000] 2026-06-30 04:50:53 | R1 | bubblesort/test_0_orig_no_krakatau vs InfixConverter/test_1_artifice_pg_procyon → NON-CLONE
[2211/50000] 2026-06-30 04:50:54 | R1 | bubblesort/test_0_orig_no_krakatau vs SqrtAlgorithm/0_orig → NON-CLONE
[2212/50000] 2026-06-30 04:50:56 | R1 | bubblesort/test_0_orig_no_krakatau vs SqrtAlgorithm/1_artifice → NON-CLONE
[2213/50000] 2026-06-30 04:50:57 | R1 | bubblesort/test_0_orig_no_krakatau vs SqrtAlgorithm/test_0_orig_no_krakatau → NON-CLONE
[2214/50000] 2026-06-30 04:50:58 | R1 | bubblesort/test_0_orig_no_krakatau vs SqrtAlgorithm/test_0_orig_no_procyon → NON-CLONE
[2215/50000] 2026-06-30 04:50:59 | R1 | bubblesort/test_0_orig_no_krakatau vs SqrtAlgorithm/test_0_orig_pg_krakatau → NON-CLONE
[2216/50000] 2026-06-30 04:51:00 | R1 | bubblesort/test_0_orig_no_krakatau vs SqrtAlgorithm/test_0_orig_pg_procyon → NON-CLONE
[2217/50000] 2026-06-30 04:51:01 | R1 | bubblesort/test_0_orig_no_krakatau vs SqrtAlgorithm/test_1_artifice_no_krakatau → NON-CLONE
[2218/50000] 2026-06-30 04:51:02 | R1 | bubblesort/test_0_orig_no_krakatau vs SqrtAlgorithm/test_1_artifice_no_procyon → NON-CLONE
[2219/50000] 2026-06-30 04:51:03 | R1 | bubblesort/test_0_orig_no_krakatau vs SqrtAlgorithm/test_1_artifice_pg_krakatau → NON-CLONE
[2220/50000] 2026-06-30 04:51:04 | R1 | bubblesort/test_0_orig_no_krakatau vs SqrtAlgorithm/test_1_artifice_pg_procyon → NON-CLONE
[2221/50000] 2026-06-30 04:51:05 | R1 | bubblesort/test_0_orig_no_krakatau vs bubblesort/0_orig → CLONE
[2222/50000] 2026-06-30 04:51:05 | R1 | bubblesort/test_0_orig_no_krakatau vs bubblesort/1_artifice → CLONE
[2223/50000] 2026-06-30 04:51:07 | R1 | bubblesort/test_0_orig_no_krakatau vs bubblesort/test_0_orig_no_krakatau → CLONE
[2224/50000] 2026-06-30 04:51:07 | R1 | bubblesort/test_0_orig_no_krakatau vs bubblesort/test_0_orig_no_procyon → CLONE
[2225/50000] 2026-06-30 04:51:08 | R1 | bubblesort/test_0_orig_no_krakatau vs bubblesort/test_0_orig_pg_krakatau → CLONE
[2226/50000] 2026-06-30 04:51:09 | R1 | bubblesort/test_0_orig_no_krakatau vs bubblesort/test_0_orig_pg_procyon → CLONE
[2227/50000] 2026-06-30 04:51:09 | R1 | bubblesort/test_0_orig_no_krakatau vs bubblesort/test_1_artifice_no_krakatau → CLONE
[2228/50000] 2026-06-30 04:51:10 | R1 | bubblesort/test_0_orig_no_krakatau vs bubblesort/test_1_artifice_no_procyon → CLONE
[2229/50000] 2026-06-30 04:51:11 | R1 | bubblesort/test_0_orig_no_krakatau vs bubblesort/test_1_artifice_pg_krakatau → CLONE
[2230/50000] 2026-06-30 04:51:12 | R1 | bubblesort/test_0_orig_no_krakatau vs bubblesort/test_1_artifice_pg_procyon → CLONE
[2231/50000] 2026-06-30 04:51:13 | R1 | bubblesort/test_0_orig_no_krakatau vs guessword/0_orig → NON-CLONE
[2232/50000] 2026-06-30 04:51:15 | R1 | bubblesort/test_0_orig_no_krakatau vs guessword/1_artifice → NON-CLONE
[2233/50000] 2026-06-30 04:51:16 | R1 | bubblesort/test_0_orig_no_krakatau vs guessword/test_0_orig_no_krakatau → NON-CLONE
[2234/50000] 2026-06-30 04:51:16 | R1 | bubblesort/test_0_orig_no_krakatau vs guessword/test_0_orig_no_procyon → NON-CLONE
[2235/50000] 2026-06-30 04:51:17 | R1 | bubblesort/test_0_orig_no_krakatau vs guessword/test_0_orig_pg_krakatau → NON-CLONE
[2236/50000] 2026-06-30 04:51:18 | R1 | bubblesort/test_0_orig_no_krakatau vs guessword/test_0_orig_pg_procyon → NON-CLONE
[2237/50000] 2026-06-30 04:51:19 | R1 | bubblesort/test_0_orig_no_krakatau vs guessword/test_1_artifice_no_krakatau → NON-CLONE
[2238/50000] 2026-06-30 04:51:20 | R1 | bubblesort/test_0_orig_no_krakatau vs guessword/test_1_artifice_no_procyon → NON-CLONE
[2239/50000] 2026-06-30 04:51:21 | R1 | bubblesort/test_0_orig_no_krakatau vs guessword/test_1_artifice_pg_krakatau → NON-CLONE
[2240/50000] 2026-06-30 04:51:22 | R1 | bubblesort/test_0_orig_no_krakatau vs guessword/test_1_artifice_pg_procyon → NON-CLONE
[2241/50000] 2026-06-30 04:51:23 | R1 | bubblesort/test_0_orig_no_krakatau vs hanoi/0_orig → NON-CLONE
[2242/50000] 2026-06-30 04:51:25 | R1 | bubblesort/test_0_orig_no_krakatau vs hanoi/1_artifice → NON-CLONE
[2243/50000] 2026-06-30 04:51:26 | R1 | bubblesort/test_0_orig_no_krakatau vs hanoi/test_0_orig_no_krakatau → NON-CLONE
[2244/50000] 2026-06-30 04:51:27 | R1 | bubblesort/test_0_orig_no_krakatau vs hanoi/test_0_orig_no_procyon → NON-CLONE
[2245/50000] 2026-06-30 04:51:28 | R1 | bubblesort/test_0_orig_no_krakatau vs hanoi/test_0_orig_pg_krakatau → NON-CLONE
[2246/50000] 2026-06-30 04:51:29 | R1 | bubblesort/test_0_orig_no_krakatau vs hanoi/test_0_orig_pg_procyon → NON-CLONE
[2247/50000] 2026-06-30 04:51:30 | R1 | bubblesort/test_0_orig_no_krakatau vs hanoi/test_1_artifice_no_krakatau → NON-CLONE
[2248/50000] 2026-06-30 04:51:31 | R1 | bubblesort/test_0_orig_no_krakatau vs hanoi/test_1_artifice_no_procyon → NON-CLONE
[2249/50000] 2026-06-30 04:51:32 | R1 | bubblesort/test_0_orig_no_krakatau vs hanoi/test_1_artifice_pg_krakatau → NON-CLONE
[2250/50000] 2026-06-30 04:51:33 | R1 | bubblesort/test_0_orig_no_krakatau vs hanoi/test_1_artifice_pg_procyon → NON-CLONE
[2251/50000] 2026-06-30 04:51:34 | R1 | bubblesort/test_0_orig_no_krakatau vs kaprekar/0_orig → NON-CLONE
[2252/50000] 2026-06-30 04:51:35 | R1 | bubblesort/test_0_orig_no_krakatau vs kaprekar/1_artifice → NON-CLONE
[2253/50000] 2026-06-30 04:51:36 | R1 | bubblesort/test_0_orig_no_krakatau vs kaprekar/test_0_orig_no_krakatau → NON-CLONE
[2254/50000] 2026-06-30 04:51:37 | R1 | bubblesort/test_0_orig_no_krakatau vs kaprekar/test_0_orig_no_procyon → NON-CLONE
[2255/50000] 2026-06-30 04:51:38 | R1 | bubblesort/test_0_orig_no_krakatau vs kaprekar/test_0_orig_pg_krakatau → NON-CLONE
[2256/50000] 2026-06-30 04:51:39 | R1 | bubblesort/test_0_orig_no_krakatau vs kaprekar/test_0_orig_pg_procyon → NON-CLONE
[2257/50000] 2026-06-30 04:51:40 | R1 | bubblesort/test_0_orig_no_krakatau vs kaprekar/test_1_artifice_no_krakatau → NON-CLONE
[2258/50000] 2026-06-30 04:51:42 | R1 | bubblesort/test_0_orig_no_krakatau vs kaprekar/test_1_artifice_no_procyon → NON-CLONE
[2259/50000] 2026-06-30 04:51:43 | R1 | bubblesort/test_0_orig_no_krakatau vs kaprekar/test_1_artifice_pg_krakatau → NON-CLONE
[2260/50000] 2026-06-30 04:51:44 | R1 | bubblesort/test_0_orig_no_krakatau vs kaprekar/test_1_artifice_pg_procyon → NON-CLONE
[2261/50000] 2026-06-30 04:51:45 | R1 | bubblesort/test_0_orig_no_krakatau vs queens/0_orig → NON-CLONE
[2262/50000] 2026-06-30 04:51:46 | R1 | bubblesort/test_0_orig_no_krakatau vs queens/1_artifice → NON-CLONE
[2263/50000] 2026-06-30 04:51:47 | R1 | bubblesort/test_0_orig_no_krakatau vs queens/test_0_orig_no_krakatau → NON-CLONE
[2264/50000] 2026-06-30 04:51:48 | R1 | bubblesort/test_0_orig_no_krakatau vs queens/test_0_orig_no_procyon → NON-CLONE
[2265/50000] 2026-06-30 04:51:49 | R1 | bubblesort/test_0_orig_no_krakatau vs queens/test_0_orig_pg_krakatau → NON-CLONE
[2266/50000] 2026-06-30 04:51:50 | R1 | bubblesort/test_0_orig_no_krakatau vs queens/test_0_orig_pg_procyon → NON-CLONE
[2267/50000] 2026-06-30 04:51:51 | R1 | bubblesort/test_0_orig_no_krakatau vs queens/test_1_artifice_no_krakatau → NON-CLONE
[2268/50000] 2026-06-30 04:51:52 | R1 | bubblesort/test_0_orig_no_krakatau vs queens/test_1_artifice_no_procyon → NON-CLONE
[2269/50000] 2026-06-30 04:51:53 | R1 | bubblesort/test_0_orig_no_krakatau vs queens/test_1_artifice_pg_krakatau → NON-CLONE
[2270/50000] 2026-06-30 04:51:54 | R1 | bubblesort/test_0_orig_no_krakatau vs queens/test_1_artifice_pg_procyon → NON-CLONE
[2271/50000] 2026-06-30 04:51:55 | R1 | bubblesort/test_0_orig_no_krakatau vs railroadcar/0_orig → NON-CLONE
[2272/50000] 2026-06-30 04:51:56 | R1 | bubblesort/test_0_orig_no_krakatau vs railroadcar/1_artifice → NON-CLONE
[2273/50000] 2026-06-30 04:51:57 | R1 | bubblesort/test_0_orig_no_krakatau vs railroadcar/test_0_orig_no_krakatau → NON-CLONE
[2274/50000] 2026-06-30 04:51:58 | R1 | bubblesort/test_0_orig_no_krakatau vs railroadcar/test_0_orig_no_procyon → NON-CLONE
[2275/50000] 2026-06-30 04:51:58 | R1 | bubblesort/test_0_orig_no_krakatau vs railroadcar/test_0_orig_pg_krakatau → NON-CLONE
[2276/50000] 2026-06-30 04:51:59 | R1 | bubblesort/test_0_orig_no_krakatau vs railroadcar/test_0_orig_pg_procyon → NON-CLONE
[2277/50000] 2026-06-30 04:52:00 | R1 | bubblesort/test_0_orig_no_krakatau vs railroadcar/test_1_artifice_no_krakatau → NON-CLONE
[2278/50000] 2026-06-30 04:52:00 | R1 | bubblesort/test_0_orig_no_krakatau vs railroadcar/test_1_artifice_no_procyon → NON-CLONE
[2279/50000] 2026-06-30 04:52:01 | R1 | bubblesort/test_0_orig_no_krakatau vs railroadcar/test_1_artifice_pg_krakatau → NON-CLONE
[2280/50000] 2026-06-30 04:52:02 | R1 | bubblesort/test_0_orig_no_krakatau vs railroadcar/test_1_artifice_pg_procyon → NON-CLONE
[2281/50000] 2026-06-30 04:52:03 | R1 | bubblesort/test_0_orig_no_krakatau vs slinkedlist/0_orig → NON-CLONE
[2282/50000] 2026-06-30 04:52:04 | R1 | bubblesort/test_0_orig_no_krakatau vs slinkedlist/1_artifice → NON-CLONE
[2283/50000] 2026-06-30 04:52:05 | R1 | bubblesort/test_0_orig_no_krakatau vs slinkedlist/test_0_orig_no_krakatau → NON-CLONE
[2284/50000] 2026-06-30 04:52:06 | R1 | bubblesort/test_0_orig_no_krakatau vs slinkedlist/test_0_orig_no_procyon → NON-CLONE
[2285/50000] 2026-06-30 04:52:07 | R1 | bubblesort/test_0_orig_no_krakatau vs slinkedlist/test_0_orig_pg_krakatau → NON-CLONE
[2286/50000] 2026-06-30 04:52:08 | R1 | bubblesort/test_0_orig_no_krakatau vs slinkedlist/test_0_orig_pg_procyon → NON-CLONE
[2287/50000] 2026-06-30 04:52:09 | R1 | bubblesort/test_0_orig_no_krakatau vs slinkedlist/test_1_artifice_no_krakatau → NON-CLONE
[2288/50000] 2026-06-30 04:52:10 | R1 | bubblesort/test_0_orig_no_krakatau vs slinkedlist/test_1_artifice_no_procyon → NON-CLONE
[2289/50000] 2026-06-30 04:52:11 | R1 | bubblesort/test_0_orig_no_krakatau vs slinkedlist/test_1_artifice_pg_krakatau → NON-CLONE
[2290/50000] 2026-06-30 04:52:12 | R1 | bubblesort/test_0_orig_no_krakatau vs slinkedlist/test_1_artifice_pg_procyon → NON-CLONE
[2291/50000] 2026-06-30 04:52:13 | R1 | bubblesort/test_0_orig_no_krakatau vs square/0_orig → NON-CLONE
[2292/50000] 2026-06-30 04:52:14 | R1 | bubblesort/test_0_orig_no_krakatau vs square/1_artifice → NON-CLONE
[2293/50000] 2026-06-30 04:52:15 | R1 | bubblesort/test_0_orig_no_krakatau vs square/test_0_orig_no_krakatau → NON-CLONE
[2294/50000] 2026-06-30 04:52:16 | R1 | bubblesort/test_0_orig_no_krakatau vs square/test_0_orig_no_procyon → NON-CLONE
[2295/50000] 2026-06-30 04:52:18 | R1 | bubblesort/test_0_orig_no_krakatau vs square/test_0_orig_pg_krakatau → NON-CLONE
[2296/50000] 2026-06-30 04:52:19 | R1 | bubblesort/test_0_orig_no_krakatau vs square/test_0_orig_pg_procyon → NON-CLONE
[2297/50000] 2026-06-30 04:52:20 | R1 | bubblesort/test_0_orig_no_krakatau vs square/test_1_artifice_no_krakatau → NON-CLONE
[2298/50000] 2026-06-30 04:52:21 | R1 | bubblesort/test_0_orig_no_krakatau vs square/test_1_artifice_no_procyon → NON-CLONE
[2299/50000] 2026-06-30 04:52:22 | R1 | bubblesort/test_0_orig_no_krakatau vs square/test_1_artifice_pg_krakatau → NON-CLONE
[2300/50000] 2026-06-30 04:52:23 | R1 | bubblesort/test_0_orig_no_krakatau vs square/test_1_artifice_pg_procyon → NON-CLONE
[2301/50000] 2026-06-30 04:52:24 | R1 | bubblesort/test_0_orig_no_procyon vs InfixConverter/0_orig → NON-CLONE
[2302/50000] 2026-06-30 04:52:24 | R1 | bubblesort/test_0_orig_no_procyon vs InfixConverter/1_artifice → NON-CLONE
[2303/50000] 2026-06-30 04:52:25 | R1 | bubblesort/test_0_orig_no_procyon vs InfixConverter/test_0_orig_no_krakatau → NON-CLONE
[2304/50000] 2026-06-30 04:52:26 | R1 | bubblesort/test_0_orig_no_procyon vs InfixConverter/test_0_orig_no_procyon → NON-CLONE
[2305/50000] 2026-06-30 04:52:27 | R1 | bubblesort/test_0_orig_no_procyon vs InfixConverter/test_0_orig_pg_krakatau → NON-CLONE
[2306/50000] 2026-06-30 04:52:28 | R1 | bubblesort/test_0_orig_no_procyon vs InfixConverter/test_0_orig_pg_procyon → NON-CLONE
[2307/50000] 2026-06-30 04:52:28 | R1 | bubblesort/test_0_orig_no_procyon vs InfixConverter/test_1_artifice_no_krakatau → NON-CLONE
[2308/50000] 2026-06-30 04:52:29 | R1 | bubblesort/test_0_orig_no_procyon vs InfixConverter/test_1_artifice_no_procyon → NON-CLONE
[2309/50000] 2026-06-30 04:52:30 | R1 | bubblesort/test_0_orig_no_procyon vs InfixConverter/test_1_artifice_pg_krakatau → NON-CLONE
[2310/50000] 2026-06-30 04:52:30 | R1 | bubblesort/test_0_orig_no_procyon vs InfixConverter/test_1_artifice_pg_procyon → NON-CLONE
[2311/50000] 2026-06-30 04:52:31 | R1 | bubblesort/test_0_orig_no_procyon vs SqrtAlgorithm/0_orig → NON-CLONE
[2312/50000] 2026-06-30 04:52:32 | R1 | bubblesort/test_0_orig_no_procyon vs SqrtAlgorithm/1_artifice → NON-CLONE
[2313/50000] 2026-06-30 04:52:33 | R1 | bubblesort/test_0_orig_no_procyon vs SqrtAlgorithm/test_0_orig_no_krakatau → NON-CLONE
[2314/50000] 2026-06-30 04:52:35 | R1 | bubblesort/test_0_orig_no_procyon vs SqrtAlgorithm/test_0_orig_no_procyon → NON-CLONE
[2315/50000] 2026-06-30 04:52:36 | R1 | bubblesort/test_0_orig_no_procyon vs SqrtAlgorithm/test_0_orig_pg_krakatau → NON-CLONE
[2316/50000] 2026-06-30 04:52:37 | R1 | bubblesort/test_0_orig_no_procyon vs SqrtAlgorithm/test_0_orig_pg_procyon → NON-CLONE
[2317/50000] 2026-06-30 04:52:38 | R1 | bubblesort/test_0_orig_no_procyon vs SqrtAlgorithm/test_1_artifice_no_krakatau → NON-CLONE
[2318/50000] 2026-06-30 04:52:39 | R1 | bubblesort/test_0_orig_no_procyon vs SqrtAlgorithm/test_1_artifice_no_procyon → NON-CLONE
[2319/50000] 2026-06-30 04:52:40 | R1 | bubblesort/test_0_orig_no_procyon vs SqrtAlgorithm/test_1_artifice_pg_krakatau → NON-CLONE
[2320/50000] 2026-06-30 04:52:41 | R1 | bubblesort/test_0_orig_no_procyon vs SqrtAlgorithm/test_1_artifice_pg_procyon → NON-CLONE
[2321/50000] 2026-06-30 04:52:41 | R1 | bubblesort/test_0_orig_no_procyon vs bubblesort/0_orig → CLONE
[2322/50000] 2026-06-30 04:52:42 | R1 | bubblesort/test_0_orig_no_procyon vs bubblesort/1_artifice → CLONE
[2323/50000] 2026-06-30 04:52:42 | R1 | bubblesort/test_0_orig_no_procyon vs bubblesort/test_0_orig_no_krakatau → CLONE
[2324/50000] 2026-06-30 04:52:43 | R1 | bubblesort/test_0_orig_no_procyon vs bubblesort/test_0_orig_no_procyon → CLONE
[2325/50000] 2026-06-30 04:52:44 | R1 | bubblesort/test_0_orig_no_procyon vs bubblesort/test_0_orig_pg_krakatau → CLONE
[2326/50000] 2026-06-30 04:52:45 | R1 | bubblesort/test_0_orig_no_procyon vs bubblesort/test_0_orig_pg_procyon → CLONE
[2327/50000] 2026-06-30 04:52:46 | R1 | bubblesort/test_0_orig_no_procyon vs bubblesort/test_1_artifice_no_krakatau → CLONE
[2328/50000] 2026-06-30 04:52:46 | R1 | bubblesort/test_0_orig_no_procyon vs bubblesort/test_1_artifice_no_procyon → CLONE
[2329/50000] 2026-06-30 04:52:47 | R1 | bubblesort/test_0_orig_no_procyon vs bubblesort/test_1_artifice_pg_krakatau → CLONE
[2330/50000] 2026-06-30 04:52:48 | R1 | bubblesort/test_0_orig_no_procyon vs bubblesort/test_1_artifice_pg_procyon → CLONE
[2331/50000] 2026-06-30 04:52:49 | R1 | bubblesort/test_0_orig_no_procyon vs guessword/0_orig → NON-CLONE
[2332/50000] 2026-06-30 04:52:50 | R1 | bubblesort/test_0_orig_no_procyon vs guessword/1_artifice → NON-CLONE
[2333/50000] 2026-06-30 04:52:51 | R1 | bubblesort/test_0_orig_no_procyon vs guessword/test_0_orig_no_krakatau → NON-CLONE
[2334/50000] 2026-06-30 04:52:52 | R1 | bubblesort/test_0_orig_no_procyon vs guessword/test_0_orig_no_procyon → NON-CLONE
[2335/50000] 2026-06-30 04:52:53 | R1 | bubblesort/test_0_orig_no_procyon vs guessword/test_0_orig_pg_krakatau → NON-CLONE
[2336/50000] 2026-06-30 04:52:54 | R1 | bubblesort/test_0_orig_no_procyon vs guessword/test_0_orig_pg_procyon → NON-CLONE
[2337/50000] 2026-06-30 04:52:55 | R1 | bubblesort/test_0_orig_no_procyon vs guessword/test_1_artifice_no_krakatau → NON-CLONE
[2338/50000] 2026-06-30 04:52:56 | R1 | bubblesort/test_0_orig_no_procyon vs guessword/test_1_artifice_no_procyon → NON-CLONE
[2339/50000] 2026-06-30 04:52:57 | R1 | bubblesort/test_0_orig_no_procyon vs guessword/test_1_artifice_pg_krakatau → NON-CLONE
[2340/50000] 2026-06-30 04:52:58 | R1 | bubblesort/test_0_orig_no_procyon vs guessword/test_1_artifice_pg_procyon → NON-CLONE
[2341/50000] 2026-06-30 04:52:59 | R1 | bubblesort/test_0_orig_no_procyon vs hanoi/0_orig → NON-CLONE
[2342/50000] 2026-06-30 04:53:00 | R1 | bubblesort/test_0_orig_no_procyon vs hanoi/1_artifice → NON-CLONE
[2343/50000] 2026-06-30 04:53:01 | R1 | bubblesort/test_0_orig_no_procyon vs hanoi/test_0_orig_no_krakatau → NON-CLONE
[2344/50000] 2026-06-30 04:53:03 | R1 | bubblesort/test_0_orig_no_procyon vs hanoi/test_0_orig_no_procyon → NON-CLONE
[2345/50000] 2026-06-30 04:53:04 | R1 | bubblesort/test_0_orig_no_procyon vs hanoi/test_0_orig_pg_krakatau → NON-CLONE
[2346/50000] 2026-06-30 04:53:05 | R1 | bubblesort/test_0_orig_no_procyon vs hanoi/test_0_orig_pg_procyon → NON-CLONE
[2347/50000] 2026-06-30 04:53:06 | R1 | bubblesort/test_0_orig_no_procyon vs hanoi/test_1_artifice_no_krakatau → NON-CLONE
[2348/50000] 2026-06-30 04:53:07 | R1 | bubblesort/test_0_orig_no_procyon vs hanoi/test_1_artifice_no_procyon → NON-CLONE
[2349/50000] 2026-06-30 04:53:08 | R1 | bubblesort/test_0_orig_no_procyon vs hanoi/test_1_artifice_pg_krakatau → NON-CLONE
[2350/50000] 2026-06-30 04:53:09 | R1 | bubblesort/test_0_orig_no_procyon vs hanoi/test_1_artifice_pg_procyon → NON-CLONE
[2351/50000] 2026-06-30 04:53:10 | R1 | bubblesort/test_0_orig_no_procyon vs kaprekar/0_orig → NON-CLONE
[2352/50000] 2026-06-30 04:53:11 | R1 | bubblesort/test_0_orig_no_procyon vs kaprekar/1_artifice → NON-CLONE
[2353/50000] 2026-06-30 04:53:13 | R1 | bubblesort/test_0_orig_no_procyon vs kaprekar/test_0_orig_no_krakatau → NON-CLONE
[2354/50000] 2026-06-30 04:53:14 | R1 | bubblesort/test_0_orig_no_procyon vs kaprekar/test_0_orig_no_procyon → NON-CLONE
[2355/50000] 2026-06-30 04:53:15 | R1 | bubblesort/test_0_orig_no_procyon vs kaprekar/test_0_orig_pg_krakatau → NON-CLONE
[2356/50000] 2026-06-30 04:53:16 | R1 | bubblesort/test_0_orig_no_procyon vs kaprekar/test_0_orig_pg_procyon → NON-CLONE
[2357/50000] 2026-06-30 04:53:17 | R1 | bubblesort/test_0_orig_no_procyon vs kaprekar/test_1_artifice_no_krakatau → NON-CLONE
[2358/50000] 2026-06-30 04:53:18 | R1 | bubblesort/test_0_orig_no_procyon vs kaprekar/test_1_artifice_no_procyon → NON-CLONE
[2359/50000] 2026-06-30 04:53:19 | R1 | bubblesort/test_0_orig_no_procyon vs kaprekar/test_1_artifice_pg_krakatau → NON-CLONE
[2360/50000] 2026-06-30 04:53:19 | R1 | bubblesort/test_0_orig_no_procyon vs kaprekar/test_1_artifice_pg_procyon → NON-CLONE
[2361/50000] 2026-06-30 04:53:20 | R1 | bubblesort/test_0_orig_no_procyon vs queens/0_orig → NON-CLONE
[2362/50000] 2026-06-30 04:53:22 | R1 | bubblesort/test_0_orig_no_procyon vs queens/1_artifice → NON-CLONE
[2363/50000] 2026-06-30 04:53:23 | R1 | bubblesort/test_0_orig_no_procyon vs queens/test_0_orig_no_krakatau → NON-CLONE
[2364/50000] 2026-06-30 04:53:24 | R1 | bubblesort/test_0_orig_no_procyon vs queens/test_0_orig_no_procyon → NON-CLONE
[2365/50000] 2026-06-30 04:53:25 | R1 | bubblesort/test_0_orig_no_procyon vs queens/test_0_orig_pg_krakatau → NON-CLONE
[2366/50000] 2026-06-30 04:53:26 | R1 | bubblesort/test_0_orig_no_procyon vs queens/test_0_orig_pg_procyon → NON-CLONE
[2367/50000] 2026-06-30 04:53:27 | R1 | bubblesort/test_0_orig_no_procyon vs queens/test_1_artifice_no_krakatau → NON-CLONE
[2368/50000] 2026-06-30 04:53:28 | R1 | bubblesort/test_0_orig_no_procyon vs queens/test_1_artifice_no_procyon → NON-CLONE
[2369/50000] 2026-06-30 04:53:30 | R1 | bubblesort/test_0_orig_no_procyon vs queens/test_1_artifice_pg_krakatau → NON-CLONE
[2370/50000] 2026-06-30 04:53:30 | R1 | bubblesort/test_0_orig_no_procyon vs queens/test_1_artifice_pg_procyon → NON-CLONE
[2371/50000] 2026-06-30 04:53:31 | R1 | bubblesort/test_0_orig_no_procyon vs railroadcar/0_orig → NON-CLONE
[2372/50000] 2026-06-30 04:53:31 | R1 | bubblesort/test_0_orig_no_procyon vs railroadcar/1_artifice → NON-CLONE
[2373/50000] 2026-06-30 04:53:32 | R1 | bubblesort/test_0_orig_no_procyon vs railroadcar/test_0_orig_no_krakatau → NON-CLONE
[2374/50000] 2026-06-30 04:53:33 | R1 | bubblesort/test_0_orig_no_procyon vs railroadcar/test_0_orig_no_procyon → NON-CLONE
[2375/50000] 2026-06-30 04:53:34 | R1 | bubblesort/test_0_orig_no_procyon vs railroadcar/test_0_orig_pg_krakatau → NON-CLONE
[2376/50000] 2026-06-30 04:53:35 | R1 | bubblesort/test_0_orig_no_procyon vs railroadcar/test_0_orig_pg_procyon → NON-CLONE
[2377/50000] 2026-06-30 04:53:36 | R1 | bubblesort/test_0_orig_no_procyon vs railroadcar/test_1_artifice_no_krakatau → NON-CLONE
[2378/50000] 2026-06-30 04:53:36 | R1 | bubblesort/test_0_orig_no_procyon vs railroadcar/test_1_artifice_no_procyon → NON-CLONE
[2379/50000] 2026-06-30 04:53:38 | R1 | bubblesort/test_0_orig_no_procyon vs railroadcar/test_1_artifice_pg_krakatau → NON-CLONE
[2380/50000] 2026-06-30 04:53:38 | R1 | bubblesort/test_0_orig_no_procyon vs railroadcar/test_1_artifice_pg_procyon → NON-CLONE
[2381/50000] 2026-06-30 04:53:39 | R1 | bubblesort/test_0_orig_no_procyon vs slinkedlist/0_orig → NON-CLONE
[2382/50000] 2026-06-30 04:53:40 | R1 | bubblesort/test_0_orig_no_procyon vs slinkedlist/1_artifice → NON-CLONE
[2383/50000] 2026-06-30 04:53:41 | R1 | bubblesort/test_0_orig_no_procyon vs slinkedlist/test_0_orig_no_krakatau → NON-CLONE
[2384/50000] 2026-06-30 04:53:42 | R1 | bubblesort/test_0_orig_no_procyon vs slinkedlist/test_0_orig_no_procyon → NON-CLONE
[2385/50000] 2026-06-30 04:53:43 | R1 | bubblesort/test_0_orig_no_procyon vs slinkedlist/test_0_orig_pg_krakatau → NON-CLONE
[2386/50000] 2026-06-30 04:53:43 | R1 | bubblesort/test_0_orig_no_procyon vs slinkedlist/test_0_orig_pg_procyon → NON-CLONE
[2387/50000] 2026-06-30 04:53:44 | R1 | bubblesort/test_0_orig_no_procyon vs slinkedlist/test_1_artifice_no_krakatau → NON-CLONE
[2388/50000] 2026-06-30 04:53:46 | R1 | bubblesort/test_0_orig_no_procyon vs slinkedlist/test_1_artifice_no_procyon → NON-CLONE
[2389/50000] 2026-06-30 04:53:46 | R1 | bubblesort/test_0_orig_no_procyon vs slinkedlist/test_1_artifice_pg_krakatau → NON-CLONE
[2390/50000] 2026-06-30 04:53:47 | R1 | bubblesort/test_0_orig_no_procyon vs slinkedlist/test_1_artifice_pg_procyon → NON-CLONE
[2391/50000] 2026-06-30 04:53:48 | R1 | bubblesort/test_0_orig_no_procyon vs square/0_orig → NON-CLONE
[2392/50000] 2026-06-30 04:53:49 | R1 | bubblesort/test_0_orig_no_procyon vs square/1_artifice → NON-CLONE
[2393/50000] 2026-06-30 04:53:50 | R1 | bubblesort/test_0_orig_no_procyon vs square/test_0_orig_no_krakatau → NON-CLONE
[2394/50000] 2026-06-30 04:53:51 | R1 | bubblesort/test_0_orig_no_procyon vs square/test_0_orig_no_procyon → NON-CLONE
[2395/50000] 2026-06-30 04:53:53 | R1 | bubblesort/test_0_orig_no_procyon vs square/test_0_orig_pg_krakatau → NON-CLONE
[2396/50000] 2026-06-30 04:53:54 | R1 | bubblesort/test_0_orig_no_procyon vs square/test_0_orig_pg_procyon → NON-CLONE
[2397/50000] 2026-06-30 04:53:55 | R1 | bubblesort/test_0_orig_no_procyon vs square/test_1_artifice_no_krakatau → NON-CLONE
[2398/50000] 2026-06-30 04:53:56 | R1 | bubblesort/test_0_orig_no_procyon vs square/test_1_artifice_no_procyon → NON-CLONE
[2399/50000] 2026-06-30 04:53:57 | R1 | bubblesort/test_0_orig_no_procyon vs square/test_1_artifice_pg_krakatau → NON-CLONE
[2400/50000] 2026-06-30 04:53:59 | R1 | bubblesort/test_0_orig_no_procyon vs square/test_1_artifice_pg_procyon → NON-CLONE
[2401/50000] 2026-06-30 04:53:59 | R1 | bubblesort/test_0_orig_pg_krakatau vs InfixConverter/0_orig → NON-CLONE
[2402/50000] 2026-06-30 04:54:00 | R1 | bubblesort/test_0_orig_pg_krakatau vs InfixConverter/1_artifice → NON-CLONE
[2403/50000] 2026-06-30 04:54:01 | R1 | bubblesort/test_0_orig_pg_krakatau vs InfixConverter/test_0_orig_no_krakatau → NON-CLONE
[2404/50000] 2026-06-30 04:54:01 | R1 | bubblesort/test_0_orig_pg_krakatau vs InfixConverter/test_0_orig_no_procyon → NON-CLONE
[2405/50000] 2026-06-30 04:54:02 | R1 | bubblesort/test_0_orig_pg_krakatau vs InfixConverter/test_0_orig_pg_krakatau → NON-CLONE
[2406/50000] 2026-06-30 04:54:03 | R1 | bubblesort/test_0_orig_pg_krakatau vs InfixConverter/test_0_orig_pg_procyon → NON-CLONE
[2407/50000] 2026-06-30 04:54:05 | R1 | bubblesort/test_0_orig_pg_krakatau vs InfixConverter/test_1_artifice_no_krakatau → NON-CLONE
[2408/50000] 2026-06-30 04:54:06 | R1 | bubblesort/test_0_orig_pg_krakatau vs InfixConverter/test_1_artifice_no_procyon → NON-CLONE
[2409/50000] 2026-06-30 04:54:07 | R1 | bubblesort/test_0_orig_pg_krakatau vs InfixConverter/test_1_artifice_pg_krakatau → NON-CLONE
[2410/50000] 2026-06-30 04:54:07 | R1 | bubblesort/test_0_orig_pg_krakatau vs InfixConverter/test_1_artifice_pg_procyon → NON-CLONE
[2411/50000] 2026-06-30 04:54:08 | R1 | bubblesort/test_0_orig_pg_krakatau vs SqrtAlgorithm/0_orig → NON-CLONE
[2412/50000] 2026-06-30 04:54:09 | R1 | bubblesort/test_0_orig_pg_krakatau vs SqrtAlgorithm/1_artifice → NON-CLONE
[2413/50000] 2026-06-30 04:54:10 | R1 | bubblesort/test_0_orig_pg_krakatau vs SqrtAlgorithm/test_0_orig_no_krakatau → NON-CLONE
[2414/50000] 2026-06-30 04:54:11 | R1 | bubblesort/test_0_orig_pg_krakatau vs SqrtAlgorithm/test_0_orig_no_procyon → NON-CLONE
[2415/50000] 2026-06-30 04:54:12 | R1 | bubblesort/test_0_orig_pg_krakatau vs SqrtAlgorithm/test_0_orig_pg_krakatau → NON-CLONE
[2416/50000] 2026-06-30 04:54:13 | R1 | bubblesort/test_0_orig_pg_krakatau vs SqrtAlgorithm/test_0_orig_pg_procyon → NON-CLONE
[2417/50000] 2026-06-30 04:54:15 | R1 | bubblesort/test_0_orig_pg_krakatau vs SqrtAlgorithm/test_1_artifice_no_krakatau → NON-CLONE
[2418/50000] 2026-06-30 04:54:16 | R1 | bubblesort/test_0_orig_pg_krakatau vs SqrtAlgorithm/test_1_artifice_no_procyon → NON-CLONE
[2419/50000] 2026-06-30 04:54:17 | R1 | bubblesort/test_0_orig_pg_krakatau vs SqrtAlgorithm/test_1_artifice_pg_krakatau → NON-CLONE
[2420/50000] 2026-06-30 04:54:18 | R1 | bubblesort/test_0_orig_pg_krakatau vs SqrtAlgorithm/test_1_artifice_pg_procyon → NON-CLONE
[2421/50000] 2026-06-30 04:54:18 | R1 | bubblesort/test_0_orig_pg_krakatau vs bubblesort/0_orig → CLONE
[2422/50000] 2026-06-30 04:54:19 | R1 | bubblesort/test_0_orig_pg_krakatau vs bubblesort/1_artifice → CLONE
[2423/50000] 2026-06-30 04:54:20 | R1 | bubblesort/test_0_orig_pg_krakatau vs bubblesort/test_0_orig_no_krakatau → CLONE
[2424/50000] 2026-06-30 04:54:21 | R1 | bubblesort/test_0_orig_pg_krakatau vs bubblesort/test_0_orig_no_procyon → CLONE
[2425/50000] 2026-06-30 04:54:22 | R1 | bubblesort/test_0_orig_pg_krakatau vs bubblesort/test_0_orig_pg_krakatau → CLONE
[2426/50000] 2026-06-30 04:54:23 | R1 | bubblesort/test_0_orig_pg_krakatau vs bubblesort/test_0_orig_pg_procyon → CLONE
[2427/50000] 2026-06-30 04:54:23 | R1 | bubblesort/test_0_orig_pg_krakatau vs bubblesort/test_1_artifice_no_krakatau → CLONE
[2428/50000] 2026-06-30 04:54:24 | R1 | bubblesort/test_0_orig_pg_krakatau vs bubblesort/test_1_artifice_no_procyon → CLONE
[2429/50000] 2026-06-30 04:54:25 | R1 | bubblesort/test_0_orig_pg_krakatau vs bubblesort/test_1_artifice_pg_krakatau → CLONE
[2430/50000] 2026-06-30 04:54:26 | R1 | bubblesort/test_0_orig_pg_krakatau vs bubblesort/test_1_artifice_pg_procyon → CLONE
[2431/50000] 2026-06-30 04:54:27 | R1 | bubblesort/test_0_orig_pg_krakatau vs guessword/0_orig → NON-CLONE
[2432/50000] 2026-06-30 04:54:28 | R1 | bubblesort/test_0_orig_pg_krakatau vs guessword/1_artifice → NON-CLONE
[2433/50000] 2026-06-30 04:54:29 | R1 | bubblesort/test_0_orig_pg_krakatau vs guessword/test_0_orig_no_krakatau → NON-CLONE
[2434/50000] 2026-06-30 04:54:29 | R1 | bubblesort/test_0_orig_pg_krakatau vs guessword/test_0_orig_no_procyon → NON-CLONE
[2435/50000] 2026-06-30 04:54:31 | R1 | bubblesort/test_0_orig_pg_krakatau vs guessword/test_0_orig_pg_krakatau → NON-CLONE
[2436/50000] 2026-06-30 04:54:32 | R1 | bubblesort/test_0_orig_pg_krakatau vs guessword/test_0_orig_pg_procyon → NON-CLONE
[2437/50000] 2026-06-30 04:54:33 | R1 | bubblesort/test_0_orig_pg_krakatau vs guessword/test_1_artifice_no_krakatau → NON-CLONE
[2438/50000] 2026-06-30 04:54:34 | R1 | bubblesort/test_0_orig_pg_krakatau vs guessword/test_1_artifice_no_procyon → NON-CLONE
[2439/50000] 2026-06-30 04:54:35 | R1 | bubblesort/test_0_orig_pg_krakatau vs guessword/test_1_artifice_pg_krakatau → NON-CLONE
[2440/50000] 2026-06-30 04:54:37 | R1 | bubblesort/test_0_orig_pg_krakatau vs guessword/test_1_artifice_pg_procyon → NON-CLONE
[2441/50000] 2026-06-30 04:54:38 | R1 | bubblesort/test_0_orig_pg_krakatau vs hanoi/0_orig → NON-CLONE
[2442/50000] 2026-06-30 04:54:39 | R1 | bubblesort/test_0_orig_pg_krakatau vs hanoi/1_artifice → NON-CLONE
[2443/50000] 2026-06-30 04:54:40 | R1 | bubblesort/test_0_orig_pg_krakatau vs hanoi/test_0_orig_no_krakatau → NON-CLONE
[2444/50000] 2026-06-30 04:54:41 | R1 | bubblesort/test_0_orig_pg_krakatau vs hanoi/test_0_orig_no_procyon → NON-CLONE
[2445/50000] 2026-06-30 04:54:42 | R1 | bubblesort/test_0_orig_pg_krakatau vs hanoi/test_0_orig_pg_krakatau → NON-CLONE
[2446/50000] 2026-06-30 04:54:44 | R1 | bubblesort/test_0_orig_pg_krakatau vs hanoi/test_0_orig_pg_procyon → NON-CLONE
[2447/50000] 2026-06-30 04:54:45 | R1 | bubblesort/test_0_orig_pg_krakatau vs hanoi/test_1_artifice_no_krakatau → NON-CLONE
[2448/50000] 2026-06-30 04:54:46 | R1 | bubblesort/test_0_orig_pg_krakatau vs hanoi/test_1_artifice_no_procyon → NON-CLONE
[2449/50000] 2026-06-30 04:54:47 | R1 | bubblesort/test_0_orig_pg_krakatau vs hanoi/test_1_artifice_pg_krakatau → NON-CLONE
[2450/50000] 2026-06-30 04:54:49 | R1 | bubblesort/test_0_orig_pg_krakatau vs hanoi/test_1_artifice_pg_procyon → NON-CLONE
[2451/50000] 2026-06-30 04:54:50 | R1 | bubblesort/test_0_orig_pg_krakatau vs kaprekar/0_orig → NON-CLONE
[2452/50000] 2026-06-30 04:54:51 | R1 | bubblesort/test_0_orig_pg_krakatau vs kaprekar/1_artifice → NON-CLONE
[2453/50000] 2026-06-30 04:54:52 | R1 | bubblesort/test_0_orig_pg_krakatau vs kaprekar/test_0_orig_no_krakatau → NON-CLONE
[2454/50000] 2026-06-30 04:54:53 | R1 | bubblesort/test_0_orig_pg_krakatau vs kaprekar/test_0_orig_no_procyon → NON-CLONE
[2455/50000] 2026-06-30 04:54:54 | R1 | bubblesort/test_0_orig_pg_krakatau vs kaprekar/test_0_orig_pg_krakatau → NON-CLONE
[2456/50000] 2026-06-30 04:54:55 | R1 | bubblesort/test_0_orig_pg_krakatau vs kaprekar/test_0_orig_pg_procyon → NON-CLONE
[2457/50000] 2026-06-30 04:54:56 | R1 | bubblesort/test_0_orig_pg_krakatau vs kaprekar/test_1_artifice_no_krakatau → NON-CLONE
[2458/50000] 2026-06-30 04:54:57 | R1 | bubblesort/test_0_orig_pg_krakatau vs kaprekar/test_1_artifice_no_procyon → NON-CLONE
[2459/50000] 2026-06-30 04:54:59 | R1 | bubblesort/test_0_orig_pg_krakatau vs kaprekar/test_1_artifice_pg_krakatau → NON-CLONE
[2460/50000] 2026-06-30 04:55:00 | R1 | bubblesort/test_0_orig_pg_krakatau vs kaprekar/test_1_artifice_pg_procyon → NON-CLONE
[2461/50000] 2026-06-30 04:55:01 | R1 | bubblesort/test_0_orig_pg_krakatau vs queens/0_orig → NON-CLONE
[2462/50000] 2026-06-30 04:55:02 | R1 | bubblesort/test_0_orig_pg_krakatau vs queens/1_artifice → NON-CLONE
[2463/50000] 2026-06-30 04:55:03 | R1 | bubblesort/test_0_orig_pg_krakatau vs queens/test_0_orig_no_krakatau → NON-CLONE
[2464/50000] 2026-06-30 04:55:03 | R1 | bubblesort/test_0_orig_pg_krakatau vs queens/test_0_orig_no_procyon → NON-CLONE
[2465/50000] 2026-06-30 04:55:04 | R1 | bubblesort/test_0_orig_pg_krakatau vs queens/test_0_orig_pg_krakatau → NON-CLONE
[2466/50000] 2026-06-30 04:55:05 | R1 | bubblesort/test_0_orig_pg_krakatau vs queens/test_0_orig_pg_procyon → NON-CLONE
[2467/50000] 2026-06-30 04:55:07 | R1 | bubblesort/test_0_orig_pg_krakatau vs queens/test_1_artifice_no_krakatau → NON-CLONE
[2468/50000] 2026-06-30 04:55:07 | R1 | bubblesort/test_0_orig_pg_krakatau vs queens/test_1_artifice_no_procyon → NON-CLONE
[2469/50000] 2026-06-30 04:55:08 | R1 | bubblesort/test_0_orig_pg_krakatau vs queens/test_1_artifice_pg_krakatau → NON-CLONE
[2470/50000] 2026-06-30 04:55:09 | R1 | bubblesort/test_0_orig_pg_krakatau vs queens/test_1_artifice_pg_procyon → NON-CLONE
[2471/50000] 2026-06-30 04:55:11 | R1 | bubblesort/test_0_orig_pg_krakatau vs railroadcar/0_orig → NON-CLONE
[2472/50000] 2026-06-30 04:55:11 | R1 | bubblesort/test_0_orig_pg_krakatau vs railroadcar/1_artifice → NON-CLONE
[2473/50000] 2026-06-30 04:55:12 | R1 | bubblesort/test_0_orig_pg_krakatau vs railroadcar/test_0_orig_no_krakatau → NON-CLONE
[2474/50000] 2026-06-30 04:55:13 | R1 | bubblesort/test_0_orig_pg_krakatau vs railroadcar/test_0_orig_no_procyon → NON-CLONE
[2475/50000] 2026-06-30 04:55:14 | R1 | bubblesort/test_0_orig_pg_krakatau vs railroadcar/test_0_orig_pg_krakatau → NON-CLONE
[2476/50000] 2026-06-30 04:55:15 | R1 | bubblesort/test_0_orig_pg_krakatau vs railroadcar/test_0_orig_pg_procyon → NON-CLONE
[2477/50000] 2026-06-30 04:55:16 | R1 | bubblesort/test_0_orig_pg_krakatau vs railroadcar/test_1_artifice_no_krakatau → NON-CLONE
[2478/50000] 2026-06-30 04:55:16 | R1 | bubblesort/test_0_orig_pg_krakatau vs railroadcar/test_1_artifice_no_procyon → NON-CLONE
[2479/50000] 2026-06-30 04:55:17 | R1 | bubblesort/test_0_orig_pg_krakatau vs railroadcar/test_1_artifice_pg_krakatau → NON-CLONE
[2480/50000] 2026-06-30 04:55:18 | R1 | bubblesort/test_0_orig_pg_krakatau vs railroadcar/test_1_artifice_pg_procyon → NON-CLONE
[2481/50000] 2026-06-30 04:55:19 | R1 | bubblesort/test_0_orig_pg_krakatau vs slinkedlist/0_orig → NON-CLONE
[2482/50000] 2026-06-30 04:55:20 | R1 | bubblesort/test_0_orig_pg_krakatau vs slinkedlist/1_artifice → NON-CLONE
[2483/50000] 2026-06-30 04:55:20 | R1 | bubblesort/test_0_orig_pg_krakatau vs slinkedlist/test_0_orig_no_krakatau → NON-CLONE
[2484/50000] 2026-06-30 04:55:21 | R1 | bubblesort/test_0_orig_pg_krakatau vs slinkedlist/test_0_orig_no_procyon → NON-CLONE
[2485/50000] 2026-06-30 04:55:22 | R1 | bubblesort/test_0_orig_pg_krakatau vs slinkedlist/test_0_orig_pg_krakatau → NON-CLONE
[2486/50000] 2026-06-30 04:55:23 | R1 | bubblesort/test_0_orig_pg_krakatau vs slinkedlist/test_0_orig_pg_procyon → NON-CLONE
[2487/50000] 2026-06-30 04:55:24 | R1 | bubblesort/test_0_orig_pg_krakatau vs slinkedlist/test_1_artifice_no_krakatau → NON-CLONE
[2488/50000] 2026-06-30 04:55:25 | R1 | bubblesort/test_0_orig_pg_krakatau vs slinkedlist/test_1_artifice_no_procyon → NON-CLONE
[2489/50000] 2026-06-30 04:55:26 | R1 | bubblesort/test_0_orig_pg_krakatau vs slinkedlist/test_1_artifice_pg_krakatau → NON-CLONE
[2490/50000] 2026-06-30 04:55:26 | R1 | bubblesort/test_0_orig_pg_krakatau vs slinkedlist/test_1_artifice_pg_procyon → NON-CLONE
[2491/50000] 2026-06-30 04:55:27 | R1 | bubblesort/test_0_orig_pg_krakatau vs square/0_orig → NON-CLONE
[2492/50000] 2026-06-30 04:55:28 | R1 | bubblesort/test_0_orig_pg_krakatau vs square/1_artifice → NON-CLONE
[2493/50000] 2026-06-30 04:55:30 | R1 | bubblesort/test_0_orig_pg_krakatau vs square/test_0_orig_no_krakatau → NON-CLONE
[2494/50000] 2026-06-30 04:55:31 | R1 | bubblesort/test_0_orig_pg_krakatau vs square/test_0_orig_no_procyon → NON-CLONE
[2495/50000] 2026-06-30 04:55:32 | R1 | bubblesort/test_0_orig_pg_krakatau vs square/test_0_orig_pg_krakatau → NON-CLONE
[2496/50000] 2026-06-30 04:55:33 | R1 | bubblesort/test_0_orig_pg_krakatau vs square/test_0_orig_pg_procyon → NON-CLONE
[2497/50000] 2026-06-30 04:55:34 | R1 | bubblesort/test_0_orig_pg_krakatau vs square/test_1_artifice_no_krakatau → NON-CLONE
[2498/50000] 2026-06-30 04:55:35 | R1 | bubblesort/test_0_orig_pg_krakatau vs square/test_1_artifice_no_procyon → NON-CLONE
[2499/50000] 2026-06-30 04:55:36 | R1 | bubblesort/test_0_orig_pg_krakatau vs square/test_1_artifice_pg_krakatau → NON-CLONE
[2500/50000] 2026-06-30 04:55:37 | R1 | bubblesort/test_0_orig_pg_krakatau vs square/test_1_artifice_pg_procyon → NON-CLONE
[2501/50000] 2026-06-30 04:55:38 | R1 | bubblesort/test_0_orig_pg_procyon vs InfixConverter/0_orig → NON-CLONE
[2502/50000] 2026-06-30 04:55:39 | R1 | bubblesort/test_0_orig_pg_procyon vs InfixConverter/1_artifice → NON-CLONE
[2503/50000] 2026-06-30 04:55:40 | R1 | bubblesort/test_0_orig_pg_procyon vs InfixConverter/test_0_orig_no_krakatau → NON-CLONE
[2504/50000] 2026-06-30 04:55:41 | R1 | bubblesort/test_0_orig_pg_procyon vs InfixConverter/test_0_orig_no_procyon → NON-CLONE
[2505/50000] 2026-06-30 04:55:42 | R1 | bubblesort/test_0_orig_pg_procyon vs InfixConverter/test_0_orig_pg_krakatau → NON-CLONE
[2506/50000] 2026-06-30 04:55:43 | R1 | bubblesort/test_0_orig_pg_procyon vs InfixConverter/test_0_orig_pg_procyon → NON-CLONE
[2507/50000] 2026-06-30 04:55:44 | R1 | bubblesort/test_0_orig_pg_procyon vs InfixConverter/test_1_artifice_no_krakatau → NON-CLONE
[2508/50000] 2026-06-30 04:55:45 | R1 | bubblesort/test_0_orig_pg_procyon vs InfixConverter/test_1_artifice_no_procyon → NON-CLONE
[2509/50000] 2026-06-30 04:55:45 | R1 | bubblesort/test_0_orig_pg_procyon vs InfixConverter/test_1_artifice_pg_krakatau → NON-CLONE
[2510/50000] 2026-06-30 04:55:46 | R1 | bubblesort/test_0_orig_pg_procyon vs InfixConverter/test_1_artifice_pg_procyon → NON-CLONE
[2511/50000] 2026-06-30 04:55:47 | R1 | bubblesort/test_0_orig_pg_procyon vs SqrtAlgorithm/0_orig → NON-CLONE
[2512/50000] 2026-06-30 04:55:48 | R1 | bubblesort/test_0_orig_pg_procyon vs SqrtAlgorithm/1_artifice → NON-CLONE
[2513/50000] 2026-06-30 04:55:49 | R1 | bubblesort/test_0_orig_pg_procyon vs SqrtAlgorithm/test_0_orig_no_krakatau → NON-CLONE
[2514/50000] 2026-06-30 04:55:50 | R1 | bubblesort/test_0_orig_pg_procyon vs SqrtAlgorithm/test_0_orig_no_procyon → NON-CLONE
[2515/50000] 2026-06-30 04:55:51 | R1 | bubblesort/test_0_orig_pg_procyon vs SqrtAlgorithm/test_0_orig_pg_krakatau → NON-CLONE
[2516/50000] 2026-06-30 04:55:52 | R1 | bubblesort/test_0_orig_pg_procyon vs SqrtAlgorithm/test_0_orig_pg_procyon → NON-CLONE
[2517/50000] 2026-06-30 04:55:53 | R1 | bubblesort/test_0_orig_pg_procyon vs SqrtAlgorithm/test_1_artifice_no_krakatau → NON-CLONE
[2518/50000] 2026-06-30 04:55:54 | R1 | bubblesort/test_0_orig_pg_procyon vs SqrtAlgorithm/test_1_artifice_no_procyon → NON-CLONE
[2519/50000] 2026-06-30 04:55:55 | R1 | bubblesort/test_0_orig_pg_procyon vs SqrtAlgorithm/test_1_artifice_pg_krakatau → NON-CLONE
[2520/50000] 2026-06-30 04:55:56 | R1 | bubblesort/test_0_orig_pg_procyon vs SqrtAlgorithm/test_1_artifice_pg_procyon → NON-CLONE
[2521/50000] 2026-06-30 04:55:57 | R1 | bubblesort/test_0_orig_pg_procyon vs bubblesort/0_orig → CLONE
[2522/50000] 2026-06-30 04:55:57 | R1 | bubblesort/test_0_orig_pg_procyon vs bubblesort/1_artifice → CLONE
[2523/50000] 2026-06-30 04:55:58 | R1 | bubblesort/test_0_orig_pg_procyon vs bubblesort/test_0_orig_no_krakatau → CLONE
[2524/50000] 2026-06-30 04:55:59 | R1 | bubblesort/test_0_orig_pg_procyon vs bubblesort/test_0_orig_no_procyon → CLONE
[2525/50000] 2026-06-30 04:55:59 | R1 | bubblesort/test_0_orig_pg_procyon vs bubblesort/test_0_orig_pg_krakatau → CLONE
[2526/50000] 2026-06-30 04:56:00 | R1 | bubblesort/test_0_orig_pg_procyon vs bubblesort/test_0_orig_pg_procyon → CLONE
[2527/50000] 2026-06-30 04:56:01 | R1 | bubblesort/test_0_orig_pg_procyon vs bubblesort/test_1_artifice_no_krakatau → CLONE
[2528/50000] 2026-06-30 04:56:02 | R1 | bubblesort/test_0_orig_pg_procyon vs bubblesort/test_1_artifice_no_procyon → CLONE
[2529/50000] 2026-06-30 04:56:03 | R1 | bubblesort/test_0_orig_pg_procyon vs bubblesort/test_1_artifice_pg_krakatau → CLONE
[2530/50000] 2026-06-30 04:56:03 | R1 | bubblesort/test_0_orig_pg_procyon vs bubblesort/test_1_artifice_pg_procyon → CLONE
[2531/50000] 2026-06-30 04:56:05 | R1 | bubblesort/test_0_orig_pg_procyon vs guessword/0_orig → NON-CLONE
[2532/50000] 2026-06-30 04:56:06 | R1 | bubblesort/test_0_orig_pg_procyon vs guessword/1_artifice → NON-CLONE
[2533/50000] 2026-06-30 04:56:07 | R1 | bubblesort/test_0_orig_pg_procyon vs guessword/test_0_orig_no_krakatau → NON-CLONE
[2534/50000] 2026-06-30 04:56:08 | R1 | bubblesort/test_0_orig_pg_procyon vs guessword/test_0_orig_no_procyon → NON-CLONE
[2535/50000] 2026-06-30 04:56:09 | R1 | bubblesort/test_0_orig_pg_procyon vs guessword/test_0_orig_pg_krakatau → NON-CLONE
[2536/50000] 2026-06-30 04:56:10 | R1 | bubblesort/test_0_orig_pg_procyon vs guessword/test_0_orig_pg_procyon → NON-CLONE
[2537/50000] 2026-06-30 04:56:11 | R1 | bubblesort/test_0_orig_pg_procyon vs guessword/test_1_artifice_no_krakatau → NON-CLONE
[2538/50000] 2026-06-30 04:56:12 | R1 | bubblesort/test_0_orig_pg_procyon vs guessword/test_1_artifice_no_procyon → NON-CLONE
[2539/50000] 2026-06-30 04:56:14 | R1 | bubblesort/test_0_orig_pg_procyon vs guessword/test_1_artifice_pg_krakatau → NON-CLONE
[2540/50000] 2026-06-30 04:56:15 | R1 | bubblesort/test_0_orig_pg_procyon vs guessword/test_1_artifice_pg_procyon → NON-CLONE
[2541/50000] 2026-06-30 04:56:16 | R1 | bubblesort/test_0_orig_pg_procyon vs hanoi/0_orig → NON-CLONE
[2542/50000] 2026-06-30 04:56:17 | R1 | bubblesort/test_0_orig_pg_procyon vs hanoi/1_artifice → NON-CLONE
[2543/50000] 2026-06-30 04:56:19 | R1 | bubblesort/test_0_orig_pg_procyon vs hanoi/test_0_orig_no_krakatau → NON-CLONE
[2544/50000] 2026-06-30 04:56:19 | R1 | bubblesort/test_0_orig_pg_procyon vs hanoi/test_0_orig_no_procyon → NON-CLONE
[2545/50000] 2026-06-30 04:56:20 | R1 | bubblesort/test_0_orig_pg_procyon vs hanoi/test_0_orig_pg_krakatau → NON-CLONE
[2546/50000] 2026-06-30 04:56:21 | R1 | bubblesort/test_0_orig_pg_procyon vs hanoi/test_0_orig_pg_procyon → NON-CLONE
[2547/50000] 2026-06-30 04:56:22 | R1 | bubblesort/test_0_orig_pg_procyon vs hanoi/test_1_artifice_no_krakatau → NON-CLONE
[2548/50000] 2026-06-30 04:56:23 | R1 | bubblesort/test_0_orig_pg_procyon vs hanoi/test_1_artifice_no_procyon → NON-CLONE
[2549/50000] 2026-06-30 04:56:25 | R1 | bubblesort/test_0_orig_pg_procyon vs hanoi/test_1_artifice_pg_krakatau → NON-CLONE
[2550/50000] 2026-06-30 04:56:26 | R1 | bubblesort/test_0_orig_pg_procyon vs hanoi/test_1_artifice_pg_procyon → NON-CLONE
[2551/50000] 2026-06-30 04:56:27 | R1 | bubblesort/test_0_orig_pg_procyon vs kaprekar/0_orig → NON-CLONE
[2552/50000] 2026-06-30 04:56:27 | R1 | bubblesort/test_0_orig_pg_procyon vs kaprekar/1_artifice → NON-CLONE
[2553/50000] 2026-06-30 04:56:29 | R1 | bubblesort/test_0_orig_pg_procyon vs kaprekar/test_0_orig_no_krakatau → NON-CLONE
[2554/50000] 2026-06-30 04:56:30 | R1 | bubblesort/test_0_orig_pg_procyon vs kaprekar/test_0_orig_no_procyon → NON-CLONE
[2555/50000] 2026-06-30 04:56:31 | R1 | bubblesort/test_0_orig_pg_procyon vs kaprekar/test_0_orig_pg_krakatau → NON-CLONE
[2556/50000] 2026-06-30 04:56:32 | R1 | bubblesort/test_0_orig_pg_procyon vs kaprekar/test_0_orig_pg_procyon → NON-CLONE
[2557/50000] 2026-06-30 04:56:33 | R1 | bubblesort/test_0_orig_pg_procyon vs kaprekar/test_1_artifice_no_krakatau → NON-CLONE
[2558/50000] 2026-06-30 04:56:34 | R1 | bubblesort/test_0_orig_pg_procyon vs kaprekar/test_1_artifice_no_procyon → NON-CLONE
[2559/50000] 2026-06-30 04:56:35 | R1 | bubblesort/test_0_orig_pg_procyon vs kaprekar/test_1_artifice_pg_krakatau → NON-CLONE
[2560/50000] 2026-06-30 04:56:36 | R1 | bubblesort/test_0_orig_pg_procyon vs kaprekar/test_1_artifice_pg_procyon → NON-CLONE
[2561/50000] 2026-06-30 04:56:37 | R1 | bubblesort/test_0_orig_pg_procyon vs queens/0_orig → NON-CLONE
[2562/50000] 2026-06-30 04:56:38 | R1 | bubblesort/test_0_orig_pg_procyon vs queens/1_artifice → NON-CLONE
[2563/50000] 2026-06-30 04:56:39 | R1 | bubblesort/test_0_orig_pg_procyon vs queens/test_0_orig_no_krakatau → NON-CLONE
[2564/50000] 2026-06-30 04:56:39 | R1 | bubblesort/test_0_orig_pg_procyon vs queens/test_0_orig_no_procyon → NON-CLONE
[2565/50000] 2026-06-30 04:56:41 | R1 | bubblesort/test_0_orig_pg_procyon vs queens/test_0_orig_pg_krakatau → NON-CLONE
[2566/50000] 2026-06-30 04:56:41 | R1 | bubblesort/test_0_orig_pg_procyon vs queens/test_0_orig_pg_procyon → NON-CLONE
[2567/50000] 2026-06-30 04:56:43 | R1 | bubblesort/test_0_orig_pg_procyon vs queens/test_1_artifice_no_krakatau → NON-CLONE
[2568/50000] 2026-06-30 04:56:44 | R1 | bubblesort/test_0_orig_pg_procyon vs queens/test_1_artifice_no_procyon → NON-CLONE
[2569/50000] 2026-06-30 04:56:44 | R1 | bubblesort/test_0_orig_pg_procyon vs queens/test_1_artifice_pg_krakatau → NON-CLONE
[2570/50000] 2026-06-30 04:56:45 | R1 | bubblesort/test_0_orig_pg_procyon vs queens/test_1_artifice_pg_procyon → NON-CLONE
[2571/50000] 2026-06-30 04:56:46 | R1 | bubblesort/test_0_orig_pg_procyon vs railroadcar/0_orig → NON-CLONE
[2572/50000] 2026-06-30 04:56:47 | R1 | bubblesort/test_0_orig_pg_procyon vs railroadcar/1_artifice → NON-CLONE
[2573/50000] 2026-06-30 04:56:48 | R1 | bubblesort/test_0_orig_pg_procyon vs railroadcar/test_0_orig_no_krakatau → NON-CLONE
[2574/50000] 2026-06-30 04:56:48 | R1 | bubblesort/test_0_orig_pg_procyon vs railroadcar/test_0_orig_no_procyon → NON-CLONE
[2575/50000] 2026-06-30 04:56:50 | R1 | bubblesort/test_0_orig_pg_procyon vs railroadcar/test_0_orig_pg_krakatau → NON-CLONE
[2576/50000] 2026-06-30 04:56:50 | R1 | bubblesort/test_0_orig_pg_procyon vs railroadcar/test_0_orig_pg_procyon → NON-CLONE
[2577/50000] 2026-06-30 04:56:51 | R1 | bubblesort/test_0_orig_pg_procyon vs railroadcar/test_1_artifice_no_krakatau → NON-CLONE
[2578/50000] 2026-06-30 04:56:52 | R1 | bubblesort/test_0_orig_pg_procyon vs railroadcar/test_1_artifice_no_procyon → NON-CLONE
[2579/50000] 2026-06-30 04:56:52 | R1 | bubblesort/test_0_orig_pg_procyon vs railroadcar/test_1_artifice_pg_krakatau → NON-CLONE
[2580/50000] 2026-06-30 04:56:53 | R1 | bubblesort/test_0_orig_pg_procyon vs railroadcar/test_1_artifice_pg_procyon → NON-CLONE
[2581/50000] 2026-06-30 04:56:53 | R1 | bubblesort/test_0_orig_pg_procyon vs slinkedlist/0_orig → NON-CLONE
[2582/50000] 2026-06-30 04:56:54 | R1 | bubblesort/test_0_orig_pg_procyon vs slinkedlist/1_artifice → NON-CLONE
[2583/50000] 2026-06-30 04:56:55 | R1 | bubblesort/test_0_orig_pg_procyon vs slinkedlist/test_0_orig_no_krakatau → NON-CLONE
[2584/50000] 2026-06-30 04:56:56 | R1 | bubblesort/test_0_orig_pg_procyon vs slinkedlist/test_0_orig_no_procyon → NON-CLONE
[2585/50000] 2026-06-30 04:56:57 | R1 | bubblesort/test_0_orig_pg_procyon vs slinkedlist/test_0_orig_pg_krakatau → NON-CLONE
[2586/50000] 2026-06-30 04:56:58 | R1 | bubblesort/test_0_orig_pg_procyon vs slinkedlist/test_0_orig_pg_procyon → NON-CLONE
[2587/50000] 2026-06-30 04:56:59 | R1 | bubblesort/test_0_orig_pg_procyon vs slinkedlist/test_1_artifice_no_krakatau → NON-CLONE
[2588/50000] 2026-06-30 04:57:00 | R1 | bubblesort/test_0_orig_pg_procyon vs slinkedlist/test_1_artifice_no_procyon → NON-CLONE
[2589/50000] 2026-06-30 04:57:01 | R1 | bubblesort/test_0_orig_pg_procyon vs slinkedlist/test_1_artifice_pg_krakatau → NON-CLONE
[2590/50000] 2026-06-30 04:57:01 | R1 | bubblesort/test_0_orig_pg_procyon vs slinkedlist/test_1_artifice_pg_procyon → NON-CLONE
[2591/50000] 2026-06-30 04:57:03 | R1 | bubblesort/test_0_orig_pg_procyon vs square/0_orig → NON-CLONE
[2592/50000] 2026-06-30 04:57:04 | R1 | bubblesort/test_0_orig_pg_procyon vs square/1_artifice → NON-CLONE
[2593/50000] 2026-06-30 04:57:05 | R1 | bubblesort/test_0_orig_pg_procyon vs square/test_0_orig_no_krakatau → NON-CLONE
[2594/50000] 2026-06-30 04:57:06 | R1 | bubblesort/test_0_orig_pg_procyon vs square/test_0_orig_no_procyon → NON-CLONE
[2595/50000] 2026-06-30 04:57:06 | R1 | bubblesort/test_0_orig_pg_procyon vs square/test_0_orig_pg_krakatau → NON-CLONE
[2596/50000] 2026-06-30 04:57:08 | R1 | bubblesort/test_0_orig_pg_procyon vs square/test_0_orig_pg_procyon → NON-CLONE
[2597/50000] 2026-06-30 04:57:09 | R1 | bubblesort/test_0_orig_pg_procyon vs square/test_1_artifice_no_krakatau → NON-CLONE
[2598/50000] 2026-06-30 04:57:10 | R1 | bubblesort/test_0_orig_pg_procyon vs square/test_1_artifice_no_procyon → NON-CLONE
[2599/50000] 2026-06-30 04:57:11 | R1 | bubblesort/test_0_orig_pg_procyon vs square/test_1_artifice_pg_krakatau → NON-CLONE
[2600/50000] 2026-06-30 04:57:12 | R1 | bubblesort/test_0_orig_pg_procyon vs square/test_1_artifice_pg_procyon → NON-CLONE
[2601/50000] 2026-06-30 04:57:13 | R1 | bubblesort/test_1_artifice_no_krakatau vs InfixConverter/0_orig → NON-CLONE
[2602/50000] 2026-06-30 04:57:14 | R1 | bubblesort/test_1_artifice_no_krakatau vs InfixConverter/1_artifice → NON-CLONE
[2603/50000] 2026-06-30 04:57:15 | R1 | bubblesort/test_1_artifice_no_krakatau vs InfixConverter/test_0_orig_no_krakatau → NON-CLONE
[2604/50000] 2026-06-30 04:57:15 | R1 | bubblesort/test_1_artifice_no_krakatau vs InfixConverter/test_0_orig_no_procyon → NON-CLONE
[2605/50000] 2026-06-30 04:57:16 | R1 | bubblesort/test_1_artifice_no_krakatau vs InfixConverter/test_0_orig_pg_krakatau → NON-CLONE
[2606/50000] 2026-06-30 04:57:17 | R1 | bubblesort/test_1_artifice_no_krakatau vs InfixConverter/test_0_orig_pg_procyon → NON-CLONE
[2607/50000] 2026-06-30 04:57:18 | R1 | bubblesort/test_1_artifice_no_krakatau vs InfixConverter/test_1_artifice_no_krakatau → NON-CLONE
[2608/50000] 2026-06-30 04:57:19 | R1 | bubblesort/test_1_artifice_no_krakatau vs InfixConverter/test_1_artifice_no_procyon → NON-CLONE
[2609/50000] 2026-06-30 04:57:20 | R1 | bubblesort/test_1_artifice_no_krakatau vs InfixConverter/test_1_artifice_pg_krakatau → NON-CLONE
[2610/50000] 2026-06-30 04:57:20 | R1 | bubblesort/test_1_artifice_no_krakatau vs InfixConverter/test_1_artifice_pg_procyon → NON-CLONE
[2611/50000] 2026-06-30 04:57:22 | R1 | bubblesort/test_1_artifice_no_krakatau vs SqrtAlgorithm/0_orig → NON-CLONE
[2612/50000] 2026-06-30 04:57:23 | R1 | bubblesort/test_1_artifice_no_krakatau vs SqrtAlgorithm/1_artifice → NON-CLONE
[2613/50000] 2026-06-30 04:57:24 | R1 | bubblesort/test_1_artifice_no_krakatau vs SqrtAlgorithm/test_0_orig_no_krakatau → NON-CLONE
[2614/50000] 2026-06-30 04:57:25 | R1 | bubblesort/test_1_artifice_no_krakatau vs SqrtAlgorithm/test_0_orig_no_procyon → NON-CLONE
[2615/50000] 2026-06-30 04:57:26 | R1 | bubblesort/test_1_artifice_no_krakatau vs SqrtAlgorithm/test_0_orig_pg_krakatau → NON-CLONE
[2616/50000] 2026-06-30 04:57:27 | R1 | bubblesort/test_1_artifice_no_krakatau vs SqrtAlgorithm/test_0_orig_pg_procyon → NON-CLONE
[2617/50000] 2026-06-30 04:57:28 | R1 | bubblesort/test_1_artifice_no_krakatau vs SqrtAlgorithm/test_1_artifice_no_krakatau → NON-CLONE
[2618/50000] 2026-06-30 04:57:29 | R1 | bubblesort/test_1_artifice_no_krakatau vs SqrtAlgorithm/test_1_artifice_no_procyon → NON-CLONE
[2619/50000] 2026-06-30 04:57:30 | R1 | bubblesort/test_1_artifice_no_krakatau vs SqrtAlgorithm/test_1_artifice_pg_krakatau → NON-CLONE
[2620/50000] 2026-06-30 04:57:31 | R1 | bubblesort/test_1_artifice_no_krakatau vs SqrtAlgorithm/test_1_artifice_pg_procyon → NON-CLONE
[2621/50000] 2026-06-30 04:57:32 | R1 | bubblesort/test_1_artifice_no_krakatau vs bubblesort/0_orig → CLONE
[2622/50000] 2026-06-30 04:57:33 | R1 | bubblesort/test_1_artifice_no_krakatau vs bubblesort/1_artifice → CLONE
[2623/50000] 2026-06-30 04:57:34 | R1 | bubblesort/test_1_artifice_no_krakatau vs bubblesort/test_0_orig_no_krakatau → CLONE
[2624/50000] 2026-06-30 04:57:34 | R1 | bubblesort/test_1_artifice_no_krakatau vs bubblesort/test_0_orig_no_procyon → CLONE
[2625/50000] 2026-06-30 04:57:35 | R1 | bubblesort/test_1_artifice_no_krakatau vs bubblesort/test_0_orig_pg_krakatau → CLONE
[2626/50000] 2026-06-30 04:57:36 | R1 | bubblesort/test_1_artifice_no_krakatau vs bubblesort/test_0_orig_pg_procyon → CLONE
[2627/50000] 2026-06-30 04:57:37 | R1 | bubblesort/test_1_artifice_no_krakatau vs bubblesort/test_1_artifice_no_krakatau → CLONE
[2628/50000] 2026-06-30 04:57:37 | R1 | bubblesort/test_1_artifice_no_krakatau vs bubblesort/test_1_artifice_no_procyon → CLONE
[2629/50000] 2026-06-30 04:57:38 | R1 | bubblesort/test_1_artifice_no_krakatau vs bubblesort/test_1_artifice_pg_krakatau → CLONE
[2630/50000] 2026-06-30 04:57:39 | R1 | bubblesort/test_1_artifice_no_krakatau vs bubblesort/test_1_artifice_pg_procyon → CLONE
[2631/50000] 2026-06-30 04:57:39 | R1 | bubblesort/test_1_artifice_no_krakatau vs guessword/0_orig → NON-CLONE
[2632/50000] 2026-06-30 04:57:41 | R1 | bubblesort/test_1_artifice_no_krakatau vs guessword/1_artifice → NON-CLONE
[2633/50000] 2026-06-30 04:57:42 | R1 | bubblesort/test_1_artifice_no_krakatau vs guessword/test_0_orig_no_krakatau → NON-CLONE
[2634/50000] 2026-06-30 04:57:43 | R1 | bubblesort/test_1_artifice_no_krakatau vs guessword/test_0_orig_no_procyon → NON-CLONE
[2635/50000] 2026-06-30 04:57:44 | R1 | bubblesort/test_1_artifice_no_krakatau vs guessword/test_0_orig_pg_krakatau → NON-CLONE
[2636/50000] 2026-06-30 04:57:45 | R1 | bubblesort/test_1_artifice_no_krakatau vs guessword/test_0_orig_pg_procyon → NON-CLONE
[2637/50000] 2026-06-30 04:57:46 | R1 | bubblesort/test_1_artifice_no_krakatau vs guessword/test_1_artifice_no_krakatau → NON-CLONE
[2638/50000] 2026-06-30 04:57:47 | R1 | bubblesort/test_1_artifice_no_krakatau vs guessword/test_1_artifice_no_procyon → NON-CLONE
[2639/50000] 2026-06-30 04:57:48 | R1 | bubblesort/test_1_artifice_no_krakatau vs guessword/test_1_artifice_pg_krakatau → NON-CLONE
[2640/50000] 2026-06-30 04:57:50 | R1 | bubblesort/test_1_artifice_no_krakatau vs guessword/test_1_artifice_pg_procyon → NON-CLONE
[2641/50000] 2026-06-30 04:57:51 | R1 | bubblesort/test_1_artifice_no_krakatau vs hanoi/0_orig → NON-CLONE
[2642/50000] 2026-06-30 04:57:52 | R1 | bubblesort/test_1_artifice_no_krakatau vs hanoi/1_artifice → NON-CLONE
[2643/50000] 2026-06-30 04:57:53 | R1 | bubblesort/test_1_artifice_no_krakatau vs hanoi/test_0_orig_no_krakatau → NON-CLONE
[2644/50000] 2026-06-30 04:57:54 | R1 | bubblesort/test_1_artifice_no_krakatau vs hanoi/test_0_orig_no_procyon → NON-CLONE
[2645/50000] 2026-06-30 04:57:55 | R1 | bubblesort/test_1_artifice_no_krakatau vs hanoi/test_0_orig_pg_krakatau → NON-CLONE
[2646/50000] 2026-06-30 04:57:56 | R1 | bubblesort/test_1_artifice_no_krakatau vs hanoi/test_0_orig_pg_procyon → NON-CLONE
[2647/50000] 2026-06-30 04:57:57 | R1 | bubblesort/test_1_artifice_no_krakatau vs hanoi/test_1_artifice_no_krakatau → NON-CLONE
[2648/50000] 2026-06-30 04:57:58 | R1 | bubblesort/test_1_artifice_no_krakatau vs hanoi/test_1_artifice_no_procyon → NON-CLONE
[2649/50000] 2026-06-30 04:58:00 | R1 | bubblesort/test_1_artifice_no_krakatau vs hanoi/test_1_artifice_pg_krakatau → NON-CLONE
[2650/50000] 2026-06-30 04:58:01 | R1 | bubblesort/test_1_artifice_no_krakatau vs hanoi/test_1_artifice_pg_procyon → NON-CLONE
[2651/50000] 2026-06-30 04:58:01 | R1 | bubblesort/test_1_artifice_no_krakatau vs kaprekar/0_orig → NON-CLONE
[2652/50000] 2026-06-30 04:58:02 | R1 | bubblesort/test_1_artifice_no_krakatau vs kaprekar/1_artifice → NON-CLONE
[2653/50000] 2026-06-30 04:58:03 | R1 | bubblesort/test_1_artifice_no_krakatau vs kaprekar/test_0_orig_no_krakatau → NON-CLONE
[2654/50000] 2026-06-30 04:58:04 | R1 | bubblesort/test_1_artifice_no_krakatau vs kaprekar/test_0_orig_no_procyon → NON-CLONE
[2655/50000] 2026-06-30 04:58:06 | R1 | bubblesort/test_1_artifice_no_krakatau vs kaprekar/test_0_orig_pg_krakatau → NON-CLONE
[2656/50000] 2026-06-30 04:58:06 | R1 | bubblesort/test_1_artifice_no_krakatau vs kaprekar/test_0_orig_pg_procyon → NON-CLONE
[2657/50000] 2026-06-30 04:58:08 | R1 | bubblesort/test_1_artifice_no_krakatau vs kaprekar/test_1_artifice_no_krakatau → NON-CLONE
[2658/50000] 2026-06-30 04:58:09 | R1 | bubblesort/test_1_artifice_no_krakatau vs kaprekar/test_1_artifice_no_procyon → NON-CLONE
[2659/50000] 2026-06-30 04:58:10 | R1 | bubblesort/test_1_artifice_no_krakatau vs kaprekar/test_1_artifice_pg_krakatau → NON-CLONE
[2660/50000] 2026-06-30 04:58:10 | R1 | bubblesort/test_1_artifice_no_krakatau vs kaprekar/test_1_artifice_pg_procyon → NON-CLONE
[2661/50000] 2026-06-30 04:58:12 | R1 | bubblesort/test_1_artifice_no_krakatau vs queens/0_orig → NON-CLONE
[2662/50000] 2026-06-30 04:58:13 | R1 | bubblesort/test_1_artifice_no_krakatau vs queens/1_artifice → NON-CLONE
[2663/50000] 2026-06-30 04:58:14 | R1 | bubblesort/test_1_artifice_no_krakatau vs queens/test_0_orig_no_krakatau → NON-CLONE
[2664/50000] 2026-06-30 04:58:15 | R1 | bubblesort/test_1_artifice_no_krakatau vs queens/test_0_orig_no_procyon → NON-CLONE
[2665/50000] 2026-06-30 04:58:16 | R1 | bubblesort/test_1_artifice_no_krakatau vs queens/test_0_orig_pg_krakatau → NON-CLONE
[2666/50000] 2026-06-30 04:58:17 | R1 | bubblesort/test_1_artifice_no_krakatau vs queens/test_0_orig_pg_procyon → NON-CLONE
[2667/50000] 2026-06-30 04:58:19 | R1 | bubblesort/test_1_artifice_no_krakatau vs queens/test_1_artifice_no_krakatau → NON-CLONE
[2668/50000] 2026-06-30 04:58:20 | R1 | bubblesort/test_1_artifice_no_krakatau vs queens/test_1_artifice_no_procyon → NON-CLONE
[2669/50000] 2026-06-30 04:58:20 | R1 | bubblesort/test_1_artifice_no_krakatau vs queens/test_1_artifice_pg_krakatau → NON-CLONE
[2670/50000] 2026-06-30 04:58:21 | R1 | bubblesort/test_1_artifice_no_krakatau vs queens/test_1_artifice_pg_procyon → NON-CLONE
[2671/50000] 2026-06-30 04:58:22 | R1 | bubblesort/test_1_artifice_no_krakatau vs railroadcar/0_orig → NON-CLONE
[2672/50000] 2026-06-30 04:58:22 | R1 | bubblesort/test_1_artifice_no_krakatau vs railroadcar/1_artifice → NON-CLONE
[2673/50000] 2026-06-30 04:58:23 | R1 | bubblesort/test_1_artifice_no_krakatau vs railroadcar/test_0_orig_no_krakatau → NON-CLONE
[2674/50000] 2026-06-30 04:58:24 | R1 | bubblesort/test_1_artifice_no_krakatau vs railroadcar/test_0_orig_no_procyon → NON-CLONE
[2675/50000] 2026-06-30 04:58:26 | R1 | bubblesort/test_1_artifice_no_krakatau vs railroadcar/test_0_orig_pg_krakatau → NON-CLONE
[2676/50000] 2026-06-30 04:58:26 | R1 | bubblesort/test_1_artifice_no_krakatau vs railroadcar/test_0_orig_pg_procyon → NON-CLONE
[2677/50000] 2026-06-30 04:58:27 | R1 | bubblesort/test_1_artifice_no_krakatau vs railroadcar/test_1_artifice_no_krakatau → NON-CLONE
[2678/50000] 2026-06-30 04:58:28 | R1 | bubblesort/test_1_artifice_no_krakatau vs railroadcar/test_1_artifice_no_procyon → NON-CLONE
[2679/50000] 2026-06-30 04:58:29 | R1 | bubblesort/test_1_artifice_no_krakatau vs railroadcar/test_1_artifice_pg_krakatau → NON-CLONE
[2680/50000] 2026-06-30 04:58:30 | R1 | bubblesort/test_1_artifice_no_krakatau vs railroadcar/test_1_artifice_pg_procyon → NON-CLONE
[2681/50000] 2026-06-30 04:58:31 | R1 | bubblesort/test_1_artifice_no_krakatau vs slinkedlist/0_orig → NON-CLONE
[2682/50000] 2026-06-30 04:58:31 | R1 | bubblesort/test_1_artifice_no_krakatau vs slinkedlist/1_artifice → NON-CLONE
[2683/50000] 2026-06-30 04:58:32 | R1 | bubblesort/test_1_artifice_no_krakatau vs slinkedlist/test_0_orig_no_krakatau → NON-CLONE
[2684/50000] 2026-06-30 04:58:33 | R1 | bubblesort/test_1_artifice_no_krakatau vs slinkedlist/test_0_orig_no_procyon → NON-CLONE
[2685/50000] 2026-06-30 04:58:34 | R1 | bubblesort/test_1_artifice_no_krakatau vs slinkedlist/test_0_orig_pg_krakatau → NON-CLONE
[2686/50000] 2026-06-30 04:58:35 | R1 | bubblesort/test_1_artifice_no_krakatau vs slinkedlist/test_0_orig_pg_procyon → NON-CLONE
[2687/50000] 2026-06-30 04:58:36 | R1 | bubblesort/test_1_artifice_no_krakatau vs slinkedlist/test_1_artifice_no_krakatau → NON-CLONE
[2688/50000] 2026-06-30 04:58:37 | R1 | bubblesort/test_1_artifice_no_krakatau vs slinkedlist/test_1_artifice_no_procyon → NON-CLONE
[2689/50000] 2026-06-30 04:58:38 | R1 | bubblesort/test_1_artifice_no_krakatau vs slinkedlist/test_1_artifice_pg_krakatau → NON-CLONE
[2690/50000] 2026-06-30 04:58:39 | R1 | bubblesort/test_1_artifice_no_krakatau vs slinkedlist/test_1_artifice_pg_procyon → NON-CLONE
[2691/50000] 2026-06-30 04:58:39 | R1 | bubblesort/test_1_artifice_no_krakatau vs square/0_orig → NON-CLONE
[2692/50000] 2026-06-30 04:58:41 | R1 | bubblesort/test_1_artifice_no_krakatau vs square/1_artifice → NON-CLONE
[2693/50000] 2026-06-30 04:58:42 | R1 | bubblesort/test_1_artifice_no_krakatau vs square/test_0_orig_no_krakatau → NON-CLONE
[2694/50000] 2026-06-30 04:58:43 | R1 | bubblesort/test_1_artifice_no_krakatau vs square/test_0_orig_no_procyon → NON-CLONE
[2695/50000] 2026-06-30 04:58:43 | R1 | bubblesort/test_1_artifice_no_krakatau vs square/test_0_orig_pg_krakatau → NON-CLONE
[2696/50000] 2026-06-30 04:58:45 | R1 | bubblesort/test_1_artifice_no_krakatau vs square/test_0_orig_pg_procyon → NON-CLONE
[2697/50000] 2026-06-30 04:58:46 | R1 | bubblesort/test_1_artifice_no_krakatau vs square/test_1_artifice_no_krakatau → NON-CLONE
[2698/50000] 2026-06-30 04:58:47 | R1 | bubblesort/test_1_artifice_no_krakatau vs square/test_1_artifice_no_procyon → NON-CLONE
[2699/50000] 2026-06-30 04:58:49 | R1 | bubblesort/test_1_artifice_no_krakatau vs square/test_1_artifice_pg_krakatau → NON-CLONE
[2700/50000] 2026-06-30 04:58:50 | R1 | bubblesort/test_1_artifice_no_krakatau vs square/test_1_artifice_pg_procyon → NON-CLONE
[2701/50000] 2026-06-30 04:58:51 | R1 | bubblesort/test_1_artifice_no_procyon vs InfixConverter/0_orig → NON-CLONE
[2702/50000] 2026-06-30 04:58:52 | R1 | bubblesort/test_1_artifice_no_procyon vs InfixConverter/1_artifice → NON-CLONE
[2703/50000] 2026-06-30 04:58:53 | R1 | bubblesort/test_1_artifice_no_procyon vs InfixConverter/test_0_orig_no_krakatau → NON-CLONE
[2704/50000] 2026-06-30 04:58:54 | R1 | bubblesort/test_1_artifice_no_procyon vs InfixConverter/test_0_orig_no_procyon → NON-CLONE
[2705/50000] 2026-06-30 04:58:55 | R1 | bubblesort/test_1_artifice_no_procyon vs InfixConverter/test_0_orig_pg_krakatau → NON-CLONE
[2706/50000] 2026-06-30 04:58:55 | R1 | bubblesort/test_1_artifice_no_procyon vs InfixConverter/test_0_orig_pg_procyon → NON-CLONE
[2707/50000] 2026-06-30 04:58:57 | R1 | bubblesort/test_1_artifice_no_procyon vs InfixConverter/test_1_artifice_no_krakatau → NON-CLONE
[2708/50000] 2026-06-30 04:58:58 | R1 | bubblesort/test_1_artifice_no_procyon vs InfixConverter/test_1_artifice_no_procyon → NON-CLONE
[2709/50000] 2026-06-30 04:58:58 | R1 | bubblesort/test_1_artifice_no_procyon vs InfixConverter/test_1_artifice_pg_krakatau → NON-CLONE
[2710/50000] 2026-06-30 04:58:59 | R1 | bubblesort/test_1_artifice_no_procyon vs InfixConverter/test_1_artifice_pg_procyon → NON-CLONE
[2711/50000] 2026-06-30 04:59:00 | R1 | bubblesort/test_1_artifice_no_procyon vs SqrtAlgorithm/0_orig → NON-CLONE
[2712/50000] 2026-06-30 04:59:00 | R1 | bubblesort/test_1_artifice_no_procyon vs SqrtAlgorithm/1_artifice → NON-CLONE
[2713/50000] 2026-06-30 04:59:02 | R1 | bubblesort/test_1_artifice_no_procyon vs SqrtAlgorithm/test_0_orig_no_krakatau → NON-CLONE
[2714/50000] 2026-06-30 04:59:03 | R1 | bubblesort/test_1_artifice_no_procyon vs SqrtAlgorithm/test_0_orig_no_procyon → NON-CLONE
[2715/50000] 2026-06-30 04:59:04 | R1 | bubblesort/test_1_artifice_no_procyon vs SqrtAlgorithm/test_0_orig_pg_krakatau → NON-CLONE
[2716/50000] 2026-06-30 04:59:05 | R1 | bubblesort/test_1_artifice_no_procyon vs SqrtAlgorithm/test_0_orig_pg_procyon → NON-CLONE
[2717/50000] 2026-06-30 04:59:07 | R1 | bubblesort/test_1_artifice_no_procyon vs SqrtAlgorithm/test_1_artifice_no_krakatau → NON-CLONE
[2718/50000] 2026-06-30 04:59:07 | R1 | bubblesort/test_1_artifice_no_procyon vs SqrtAlgorithm/test_1_artifice_no_procyon → NON-CLONE
[2719/50000] 2026-06-30 04:59:08 | R1 | bubblesort/test_1_artifice_no_procyon vs SqrtAlgorithm/test_1_artifice_pg_krakatau → NON-CLONE
[2720/50000] 2026-06-30 04:59:09 | R1 | bubblesort/test_1_artifice_no_procyon vs SqrtAlgorithm/test_1_artifice_pg_procyon → NON-CLONE
[2721/50000] 2026-06-30 04:59:10 | R1 | bubblesort/test_1_artifice_no_procyon vs bubblesort/0_orig → CLONE
[2722/50000] 2026-06-30 04:59:11 | R1 | bubblesort/test_1_artifice_no_procyon vs bubblesort/1_artifice → CLONE
[2723/50000] 2026-06-30 04:59:12 | R1 | bubblesort/test_1_artifice_no_procyon vs bubblesort/test_0_orig_no_krakatau → CLONE
[2724/50000] 2026-06-30 04:59:12 | R1 | bubblesort/test_1_artifice_no_procyon vs bubblesort/test_0_orig_no_procyon → CLONE
[2725/50000] 2026-06-30 04:59:13 | R1 | bubblesort/test_1_artifice_no_procyon vs bubblesort/test_0_orig_pg_krakatau → CLONE
[2726/50000] 2026-06-30 04:59:13 | R1 | bubblesort/test_1_artifice_no_procyon vs bubblesort/test_0_orig_pg_procyon → CLONE
[2727/50000] 2026-06-30 04:59:14 | R1 | bubblesort/test_1_artifice_no_procyon vs bubblesort/test_1_artifice_no_krakatau → CLONE
[2728/50000] 2026-06-30 04:59:16 | R1 | bubblesort/test_1_artifice_no_procyon vs bubblesort/test_1_artifice_no_procyon → CLONE
[2729/50000] 2026-06-30 04:59:16 | R1 | bubblesort/test_1_artifice_no_procyon vs bubblesort/test_1_artifice_pg_krakatau → CLONE
[2730/50000] 2026-06-30 04:59:17 | R1 | bubblesort/test_1_artifice_no_procyon vs bubblesort/test_1_artifice_pg_procyon → CLONE
[2731/50000] 2026-06-30 04:59:18 | R1 | bubblesort/test_1_artifice_no_procyon vs guessword/0_orig → NON-CLONE
[2732/50000] 2026-06-30 04:59:19 | R1 | bubblesort/test_1_artifice_no_procyon vs guessword/1_artifice → NON-CLONE
[2733/50000] 2026-06-30 04:59:20 | R1 | bubblesort/test_1_artifice_no_procyon vs guessword/test_0_orig_no_krakatau → NON-CLONE
[2734/50000] 2026-06-30 04:59:21 | R1 | bubblesort/test_1_artifice_no_procyon vs guessword/test_0_orig_no_procyon → NON-CLONE
[2735/50000] 2026-06-30 04:59:22 | R1 | bubblesort/test_1_artifice_no_procyon vs guessword/test_0_orig_pg_krakatau → NON-CLONE
[2736/50000] 2026-06-30 04:59:23 | R1 | bubblesort/test_1_artifice_no_procyon vs guessword/test_0_orig_pg_procyon → NON-CLONE
[2737/50000] 2026-06-30 04:59:25 | R1 | bubblesort/test_1_artifice_no_procyon vs guessword/test_1_artifice_no_krakatau → NON-CLONE
[2738/50000] 2026-06-30 04:59:25 | R1 | bubblesort/test_1_artifice_no_procyon vs guessword/test_1_artifice_no_procyon → NON-CLONE
[2739/50000] 2026-06-30 04:59:26 | R1 | bubblesort/test_1_artifice_no_procyon vs guessword/test_1_artifice_pg_krakatau → NON-CLONE
[2740/50000] 2026-06-30 04:59:27 | R1 | bubblesort/test_1_artifice_no_procyon vs guessword/test_1_artifice_pg_procyon → NON-CLONE
[2741/50000] 2026-06-30 04:59:28 | R1 | bubblesort/test_1_artifice_no_procyon vs hanoi/0_orig → NON-CLONE
[2742/50000] 2026-06-30 04:59:29 | R1 | bubblesort/test_1_artifice_no_procyon vs hanoi/1_artifice → NON-CLONE
[2743/50000] 2026-06-30 04:59:31 | R1 | bubblesort/test_1_artifice_no_procyon vs hanoi/test_0_orig_no_krakatau → NON-CLONE
[2744/50000] 2026-06-30 04:59:32 | R1 | bubblesort/test_1_artifice_no_procyon vs hanoi/test_0_orig_no_procyon → NON-CLONE
[2745/50000] 2026-06-30 04:59:33 | R1 | bubblesort/test_1_artifice_no_procyon vs hanoi/test_0_orig_pg_krakatau → NON-CLONE
[2746/50000] 2026-06-30 04:59:34 | R1 | bubblesort/test_1_artifice_no_procyon vs hanoi/test_0_orig_pg_procyon → NON-CLONE
[2747/50000] 2026-06-30 04:59:35 | R1 | bubblesort/test_1_artifice_no_procyon vs hanoi/test_1_artifice_no_krakatau → NON-CLONE
[2748/50000] 2026-06-30 04:59:37 | R1 | bubblesort/test_1_artifice_no_procyon vs hanoi/test_1_artifice_no_procyon → NON-CLONE
[2749/50000] 2026-06-30 04:59:38 | R1 | bubblesort/test_1_artifice_no_procyon vs hanoi/test_1_artifice_pg_krakatau → NON-CLONE
[2750/50000] 2026-06-30 04:59:38 | R1 | bubblesort/test_1_artifice_no_procyon vs hanoi/test_1_artifice_pg_procyon → NON-CLONE
[2751/50000] 2026-06-30 04:59:39 | R1 | bubblesort/test_1_artifice_no_procyon vs kaprekar/0_orig → NON-CLONE
[2752/50000] 2026-06-30 04:59:41 | R1 | bubblesort/test_1_artifice_no_procyon vs kaprekar/1_artifice → NON-CLONE
[2753/50000] 2026-06-30 04:59:42 | R1 | bubblesort/test_1_artifice_no_procyon vs kaprekar/test_0_orig_no_krakatau → NON-CLONE
[2754/50000] 2026-06-30 04:59:43 | R1 | bubblesort/test_1_artifice_no_procyon vs kaprekar/test_0_orig_no_procyon → NON-CLONE
[2755/50000] 2026-06-30 04:59:45 | R1 | bubblesort/test_1_artifice_no_procyon vs kaprekar/test_0_orig_pg_krakatau → NON-CLONE
[2756/50000] 2026-06-30 04:59:46 | R1 | bubblesort/test_1_artifice_no_procyon vs kaprekar/test_0_orig_pg_procyon → NON-CLONE
[2757/50000] 2026-06-30 04:59:47 | R1 | bubblesort/test_1_artifice_no_procyon vs kaprekar/test_1_artifice_no_krakatau → NON-CLONE
[2758/50000] 2026-06-30 04:59:48 | R1 | bubblesort/test_1_artifice_no_procyon vs kaprekar/test_1_artifice_no_procyon → NON-CLONE
[2759/50000] 2026-06-30 04:59:49 | R1 | bubblesort/test_1_artifice_no_procyon vs kaprekar/test_1_artifice_pg_krakatau → NON-CLONE
[2760/50000] 2026-06-30 04:59:49 | R1 | bubblesort/test_1_artifice_no_procyon vs kaprekar/test_1_artifice_pg_procyon → NON-CLONE
[2761/50000] 2026-06-30 04:59:50 | R1 | bubblesort/test_1_artifice_no_procyon vs queens/0_orig → NON-CLONE
[2762/50000] 2026-06-30 04:59:52 | R1 | bubblesort/test_1_artifice_no_procyon vs queens/1_artifice → NON-CLONE
[2763/50000] 2026-06-30 04:59:53 | R1 | bubblesort/test_1_artifice_no_procyon vs queens/test_0_orig_no_krakatau → NON-CLONE
[2764/50000] 2026-06-30 04:59:54 | R1 | bubblesort/test_1_artifice_no_procyon vs queens/test_0_orig_no_procyon → NON-CLONE
[2765/50000] 2026-06-30 04:59:55 | R1 | bubblesort/test_1_artifice_no_procyon vs queens/test_0_orig_pg_krakatau → NON-CLONE
[2766/50000] 2026-06-30 04:59:56 | R1 | bubblesort/test_1_artifice_no_procyon vs queens/test_0_orig_pg_procyon → NON-CLONE
[2767/50000] 2026-06-30 04:59:57 | R1 | bubblesort/test_1_artifice_no_procyon vs queens/test_1_artifice_no_krakatau → NON-CLONE
[2768/50000] 2026-06-30 04:59:58 | R1 | bubblesort/test_1_artifice_no_procyon vs queens/test_1_artifice_no_procyon → NON-CLONE
[2769/50000] 2026-06-30 04:59:59 | R1 | bubblesort/test_1_artifice_no_procyon vs queens/test_1_artifice_pg_krakatau → NON-CLONE
[2770/50000] 2026-06-30 05:00:00 | R1 | bubblesort/test_1_artifice_no_procyon vs queens/test_1_artifice_pg_procyon → NON-CLONE
[2771/50000] 2026-06-30 05:00:00 | R1 | bubblesort/test_1_artifice_no_procyon vs railroadcar/0_orig → NON-CLONE
[2772/50000] 2026-06-30 05:00:01 | R1 | bubblesort/test_1_artifice_no_procyon vs railroadcar/1_artifice → NON-CLONE
[2773/50000] 2026-06-30 05:00:01 | R1 | bubblesort/test_1_artifice_no_procyon vs railroadcar/test_0_orig_no_krakatau → NON-CLONE
[2774/50000] 2026-06-30 05:00:02 | R1 | bubblesort/test_1_artifice_no_procyon vs railroadcar/test_0_orig_no_procyon → NON-CLONE
[2775/50000] 2026-06-30 05:00:03 | R1 | bubblesort/test_1_artifice_no_procyon vs railroadcar/test_0_orig_pg_krakatau → NON-CLONE
[2776/50000] 2026-06-30 05:00:04 | R1 | bubblesort/test_1_artifice_no_procyon vs railroadcar/test_0_orig_pg_procyon → NON-CLONE
[2777/50000] 2026-06-30 05:00:05 | R1 | bubblesort/test_1_artifice_no_procyon vs railroadcar/test_1_artifice_no_krakatau → NON-CLONE
[2778/50000] 2026-06-30 05:00:06 | R1 | bubblesort/test_1_artifice_no_procyon vs railroadcar/test_1_artifice_no_procyon → NON-CLONE
[2779/50000] 2026-06-30 05:00:06 | R1 | bubblesort/test_1_artifice_no_procyon vs railroadcar/test_1_artifice_pg_krakatau → NON-CLONE
[2780/50000] 2026-06-30 05:00:07 | R1 | bubblesort/test_1_artifice_no_procyon vs railroadcar/test_1_artifice_pg_procyon → NON-CLONE
[2781/50000] 2026-06-30 05:00:08 | R1 | bubblesort/test_1_artifice_no_procyon vs slinkedlist/0_orig → NON-CLONE
[2782/50000] 2026-06-30 05:00:09 | R1 | bubblesort/test_1_artifice_no_procyon vs slinkedlist/1_artifice → NON-CLONE
[2783/50000] 2026-06-30 05:00:10 | R1 | bubblesort/test_1_artifice_no_procyon vs slinkedlist/test_0_orig_no_krakatau → NON-CLONE
[2784/50000] 2026-06-30 05:00:11 | R1 | bubblesort/test_1_artifice_no_procyon vs slinkedlist/test_0_orig_no_procyon → NON-CLONE
[2785/50000] 2026-06-30 05:00:11 | R1 | bubblesort/test_1_artifice_no_procyon vs slinkedlist/test_0_orig_pg_krakatau → NON-CLONE
[2786/50000] 2026-06-30 05:00:12 | R1 | bubblesort/test_1_artifice_no_procyon vs slinkedlist/test_0_orig_pg_procyon → NON-CLONE
[2787/50000] 2026-06-30 05:00:13 | R1 | bubblesort/test_1_artifice_no_procyon vs slinkedlist/test_1_artifice_no_krakatau → NON-CLONE
[2788/50000] 2026-06-30 05:00:14 | R1 | bubblesort/test_1_artifice_no_procyon vs slinkedlist/test_1_artifice_no_procyon → NON-CLONE
[2789/50000] 2026-06-30 05:00:15 | R1 | bubblesort/test_1_artifice_no_procyon vs slinkedlist/test_1_artifice_pg_krakatau → NON-CLONE
[2790/50000] 2026-06-30 05:00:16 | R1 | bubblesort/test_1_artifice_no_procyon vs slinkedlist/test_1_artifice_pg_procyon → NON-CLONE
[2791/50000] 2026-06-30 05:00:17 | R1 | bubblesort/test_1_artifice_no_procyon vs square/0_orig → NON-CLONE
[2792/50000] 2026-06-30 05:00:17 | R1 | bubblesort/test_1_artifice_no_procyon vs square/1_artifice → NON-CLONE
[2793/50000] 2026-06-30 05:00:19 | R1 | bubblesort/test_1_artifice_no_procyon vs square/test_0_orig_no_krakatau → NON-CLONE
[2794/50000] 2026-06-30 05:00:20 | R1 | bubblesort/test_1_artifice_no_procyon vs square/test_0_orig_no_procyon → NON-CLONE
[2795/50000] 2026-06-30 05:00:21 | R1 | bubblesort/test_1_artifice_no_procyon vs square/test_0_orig_pg_krakatau → NON-CLONE
[2796/50000] 2026-06-30 05:00:22 | R1 | bubblesort/test_1_artifice_no_procyon vs square/test_0_orig_pg_procyon → NON-CLONE
[2797/50000] 2026-06-30 05:00:23 | R1 | bubblesort/test_1_artifice_no_procyon vs square/test_1_artifice_no_krakatau → NON-CLONE
[2798/50000] 2026-06-30 05:00:24 | R1 | bubblesort/test_1_artifice_no_procyon vs square/test_1_artifice_no_procyon → NON-CLONE
[2799/50000] 2026-06-30 05:00:25 | R1 | bubblesort/test_1_artifice_no_procyon vs square/test_1_artifice_pg_krakatau → NON-CLONE
[2800/50000] 2026-06-30 05:00:26 | R1 | bubblesort/test_1_artifice_no_procyon vs square/test_1_artifice_pg_procyon → NON-CLONE
[2801/50000] 2026-06-30 05:00:27 | R1 | bubblesort/test_1_artifice_pg_krakatau vs InfixConverter/0_orig → NON-CLONE
[2802/50000] 2026-06-30 05:00:28 | R1 | bubblesort/test_1_artifice_pg_krakatau vs InfixConverter/1_artifice → NON-CLONE
[2803/50000] 2026-06-30 05:00:29 | R1 | bubblesort/test_1_artifice_pg_krakatau vs InfixConverter/test_0_orig_no_krakatau → NON-CLONE
[2804/50000] 2026-06-30 05:00:30 | R1 | bubblesort/test_1_artifice_pg_krakatau vs InfixConverter/test_0_orig_no_procyon → NON-CLONE
[2805/50000] 2026-06-30 05:00:30 | R1 | bubblesort/test_1_artifice_pg_krakatau vs InfixConverter/test_0_orig_pg_krakatau → NON-CLONE
[2806/50000] 2026-06-30 05:00:31 | R1 | bubblesort/test_1_artifice_pg_krakatau vs InfixConverter/test_0_orig_pg_procyon → NON-CLONE
[2807/50000] 2026-06-30 05:00:33 | R1 | bubblesort/test_1_artifice_pg_krakatau vs InfixConverter/test_1_artifice_no_krakatau → NON-CLONE
[2808/50000] 2026-06-30 05:00:34 | R1 | bubblesort/test_1_artifice_pg_krakatau vs InfixConverter/test_1_artifice_no_procyon → NON-CLONE
[2809/50000] 2026-06-30 05:00:34 | R1 | bubblesort/test_1_artifice_pg_krakatau vs InfixConverter/test_1_artifice_pg_krakatau → NON-CLONE
[2810/50000] 2026-06-30 05:00:35 | R1 | bubblesort/test_1_artifice_pg_krakatau vs InfixConverter/test_1_artifice_pg_procyon → NON-CLONE
[2811/50000] 2026-06-30 05:00:36 | R1 | bubblesort/test_1_artifice_pg_krakatau vs SqrtAlgorithm/0_orig → NON-CLONE
[2812/50000] 2026-06-30 05:00:37 | R1 | bubblesort/test_1_artifice_pg_krakatau vs SqrtAlgorithm/1_artifice → NON-CLONE
[2813/50000] 2026-06-30 05:00:38 | R1 | bubblesort/test_1_artifice_pg_krakatau vs SqrtAlgorithm/test_0_orig_no_krakatau → NON-CLONE
[2814/50000] 2026-06-30 05:00:39 | R1 | bubblesort/test_1_artifice_pg_krakatau vs SqrtAlgorithm/test_0_orig_no_procyon → NON-CLONE
[2815/50000] 2026-06-30 05:00:40 | R1 | bubblesort/test_1_artifice_pg_krakatau vs SqrtAlgorithm/test_0_orig_pg_krakatau → NON-CLONE
[2816/50000] 2026-06-30 05:00:41 | R1 | bubblesort/test_1_artifice_pg_krakatau vs SqrtAlgorithm/test_0_orig_pg_procyon → NON-CLONE
[2817/50000] 2026-06-30 05:00:43 | R1 | bubblesort/test_1_artifice_pg_krakatau vs SqrtAlgorithm/test_1_artifice_no_krakatau → NON-CLONE
[2818/50000] 2026-06-30 05:00:43 | R1 | bubblesort/test_1_artifice_pg_krakatau vs SqrtAlgorithm/test_1_artifice_no_procyon → NON-CLONE
[2819/50000] 2026-06-30 05:00:44 | R1 | bubblesort/test_1_artifice_pg_krakatau vs SqrtAlgorithm/test_1_artifice_pg_krakatau → NON-CLONE
[2820/50000] 2026-06-30 05:00:45 | R1 | bubblesort/test_1_artifice_pg_krakatau vs SqrtAlgorithm/test_1_artifice_pg_procyon → NON-CLONE
[2821/50000] 2026-06-30 05:00:46 | R1 | bubblesort/test_1_artifice_pg_krakatau vs bubblesort/0_orig → CLONE
[2822/50000] 2026-06-30 05:00:47 | R1 | bubblesort/test_1_artifice_pg_krakatau vs bubblesort/1_artifice → CLONE
[2823/50000] 2026-06-30 05:00:48 | R1 | bubblesort/test_1_artifice_pg_krakatau vs bubblesort/test_0_orig_no_krakatau → CLONE
[2824/50000] 2026-06-30 05:00:49 | R1 | bubblesort/test_1_artifice_pg_krakatau vs bubblesort/test_0_orig_no_procyon → CLONE
[2825/50000] 2026-06-30 05:00:50 | R1 | bubblesort/test_1_artifice_pg_krakatau vs bubblesort/test_0_orig_pg_krakatau → CLONE
[2826/50000] 2026-06-30 05:00:50 | R1 | bubblesort/test_1_artifice_pg_krakatau vs bubblesort/test_0_orig_pg_procyon → CLONE
[2827/50000] 2026-06-30 05:00:51 | R1 | bubblesort/test_1_artifice_pg_krakatau vs bubblesort/test_1_artifice_no_krakatau → CLONE
[2828/50000] 2026-06-30 05:00:52 | R1 | bubblesort/test_1_artifice_pg_krakatau vs bubblesort/test_1_artifice_no_procyon → CLONE
[2829/50000] 2026-06-30 05:00:53 | R1 | bubblesort/test_1_artifice_pg_krakatau vs bubblesort/test_1_artifice_pg_krakatau → CLONE
[2830/50000] 2026-06-30 05:00:53 | R1 | bubblesort/test_1_artifice_pg_krakatau vs bubblesort/test_1_artifice_pg_procyon → CLONE
[2831/50000] 2026-06-30 05:00:54 | R1 | bubblesort/test_1_artifice_pg_krakatau vs guessword/0_orig → NON-CLONE
[2832/50000] 2026-06-30 05:00:55 | R1 | bubblesort/test_1_artifice_pg_krakatau vs guessword/1_artifice → NON-CLONE
[2833/50000] 2026-06-30 05:00:57 | R1 | bubblesort/test_1_artifice_pg_krakatau vs guessword/test_0_orig_no_krakatau → NON-CLONE
[2834/50000] 2026-06-30 05:00:58 | R1 | bubblesort/test_1_artifice_pg_krakatau vs guessword/test_0_orig_no_procyon → NON-CLONE
[2835/50000] 2026-06-30 05:00:59 | R1 | bubblesort/test_1_artifice_pg_krakatau vs guessword/test_0_orig_pg_krakatau → NON-CLONE
[2836/50000] 2026-06-30 05:01:00 | R1 | bubblesort/test_1_artifice_pg_krakatau vs guessword/test_0_orig_pg_procyon → NON-CLONE
[2837/50000] 2026-06-30 05:01:01 | R1 | bubblesort/test_1_artifice_pg_krakatau vs guessword/test_1_artifice_no_krakatau → NON-CLONE
[2838/50000] 2026-06-30 05:01:02 | R1 | bubblesort/test_1_artifice_pg_krakatau vs guessword/test_1_artifice_no_procyon → NON-CLONE
[2839/50000] 2026-06-30 05:01:04 | R1 | bubblesort/test_1_artifice_pg_krakatau vs guessword/test_1_artifice_pg_krakatau → NON-CLONE
[2840/50000] 2026-06-30 05:01:04 | R1 | bubblesort/test_1_artifice_pg_krakatau vs guessword/test_1_artifice_pg_procyon → NON-CLONE
[2841/50000] 2026-06-30 05:01:05 | R1 | bubblesort/test_1_artifice_pg_krakatau vs hanoi/0_orig → NON-CLONE
[2842/50000] 2026-06-30 05:01:06 | R1 | bubblesort/test_1_artifice_pg_krakatau vs hanoi/1_artifice → NON-CLONE
[2843/50000] 2026-06-30 05:01:08 | R1 | bubblesort/test_1_artifice_pg_krakatau vs hanoi/test_0_orig_no_krakatau → NON-CLONE
[2844/50000] 2026-06-30 05:01:10 | R1 | bubblesort/test_1_artifice_pg_krakatau vs hanoi/test_0_orig_no_procyon → NON-CLONE
[2845/50000] 2026-06-30 05:01:11 | R1 | bubblesort/test_1_artifice_pg_krakatau vs hanoi/test_0_orig_pg_krakatau → NON-CLONE
[2846/50000] 2026-06-30 05:01:12 | R1 | bubblesort/test_1_artifice_pg_krakatau vs hanoi/test_0_orig_pg_procyon → NON-CLONE
[2847/50000] 2026-06-30 05:01:13 | R1 | bubblesort/test_1_artifice_pg_krakatau vs hanoi/test_1_artifice_no_krakatau → NON-CLONE
[2848/50000] 2026-06-30 05:01:14 | R1 | bubblesort/test_1_artifice_pg_krakatau vs hanoi/test_1_artifice_no_procyon → NON-CLONE
[2849/50000] 2026-06-30 05:01:15 | R1 | bubblesort/test_1_artifice_pg_krakatau vs hanoi/test_1_artifice_pg_krakatau → NON-CLONE
[2850/50000] 2026-06-30 05:01:16 | R1 | bubblesort/test_1_artifice_pg_krakatau vs hanoi/test_1_artifice_pg_procyon → NON-CLONE
[2851/50000] 2026-06-30 05:01:17 | R1 | bubblesort/test_1_artifice_pg_krakatau vs kaprekar/0_orig → NON-CLONE
[2852/50000] 2026-06-30 05:01:18 | R1 | bubblesort/test_1_artifice_pg_krakatau vs kaprekar/1_artifice → NON-CLONE
[2853/50000] 2026-06-30 05:01:19 | R1 | bubblesort/test_1_artifice_pg_krakatau vs kaprekar/test_0_orig_no_krakatau → NON-CLONE
[2854/50000] 2026-06-30 05:01:21 | R1 | bubblesort/test_1_artifice_pg_krakatau vs kaprekar/test_0_orig_no_procyon → NON-CLONE
[2855/50000] 2026-06-30 05:01:22 | R1 | bubblesort/test_1_artifice_pg_krakatau vs kaprekar/test_0_orig_pg_krakatau → NON-CLONE
[2856/50000] 2026-06-30 05:01:23 | R1 | bubblesort/test_1_artifice_pg_krakatau vs kaprekar/test_0_orig_pg_procyon → NON-CLONE
[2857/50000] 2026-06-30 05:01:24 | R1 | bubblesort/test_1_artifice_pg_krakatau vs kaprekar/test_1_artifice_no_krakatau → NON-CLONE
[2858/50000] 2026-06-30 05:01:25 | R1 | bubblesort/test_1_artifice_pg_krakatau vs kaprekar/test_1_artifice_no_procyon → NON-CLONE
[2859/50000] 2026-06-30 05:01:26 | R1 | bubblesort/test_1_artifice_pg_krakatau vs kaprekar/test_1_artifice_pg_krakatau → NON-CLONE
[2860/50000] 2026-06-30 05:01:27 | R1 | bubblesort/test_1_artifice_pg_krakatau vs kaprekar/test_1_artifice_pg_procyon → NON-CLONE
[2861/50000] 2026-06-30 05:01:28 | R1 | bubblesort/test_1_artifice_pg_krakatau vs queens/0_orig → NON-CLONE
[2862/50000] 2026-06-30 05:01:29 | R1 | bubblesort/test_1_artifice_pg_krakatau vs queens/1_artifice → NON-CLONE
[2863/50000] 2026-06-30 05:01:30 | R1 | bubblesort/test_1_artifice_pg_krakatau vs queens/test_0_orig_no_krakatau → NON-CLONE
[2864/50000] 2026-06-30 05:01:30 | R1 | bubblesort/test_1_artifice_pg_krakatau vs queens/test_0_orig_no_procyon → NON-CLONE
[2865/50000] 2026-06-30 05:01:32 | R1 | bubblesort/test_1_artifice_pg_krakatau vs queens/test_0_orig_pg_krakatau → NON-CLONE
[2866/50000] 2026-06-30 05:01:32 | R1 | bubblesort/test_1_artifice_pg_krakatau vs queens/test_0_orig_pg_procyon → NON-CLONE
[2867/50000] 2026-06-30 05:01:33 | R1 | bubblesort/test_1_artifice_pg_krakatau vs queens/test_1_artifice_no_krakatau → NON-CLONE
[2868/50000] 2026-06-30 05:01:34 | R1 | bubblesort/test_1_artifice_pg_krakatau vs queens/test_1_artifice_no_procyon → NON-CLONE
[2869/50000] 2026-06-30 05:01:35 | R1 | bubblesort/test_1_artifice_pg_krakatau vs queens/test_1_artifice_pg_krakatau → NON-CLONE
[2870/50000] 2026-06-30 05:01:36 | R1 | bubblesort/test_1_artifice_pg_krakatau vs queens/test_1_artifice_pg_procyon → NON-CLONE
[2871/50000] 2026-06-30 05:01:37 | R1 | bubblesort/test_1_artifice_pg_krakatau vs railroadcar/0_orig → NON-CLONE
[2872/50000] 2026-06-30 05:01:38 | R1 | bubblesort/test_1_artifice_pg_krakatau vs railroadcar/1_artifice → NON-CLONE
[2873/50000] 2026-06-30 05:01:39 | R1 | bubblesort/test_1_artifice_pg_krakatau vs railroadcar/test_0_orig_no_krakatau → NON-CLONE
[2874/50000] 2026-06-30 05:01:40 | R1 | bubblesort/test_1_artifice_pg_krakatau vs railroadcar/test_0_orig_no_procyon → NON-CLONE
[2875/50000] 2026-06-30 05:01:41 | R1 | bubblesort/test_1_artifice_pg_krakatau vs railroadcar/test_0_orig_pg_krakatau → NON-CLONE
[2876/50000] 2026-06-30 05:01:42 | R1 | bubblesort/test_1_artifice_pg_krakatau vs railroadcar/test_0_orig_pg_procyon → NON-CLONE
[2877/50000] 2026-06-30 05:01:43 | R1 | bubblesort/test_1_artifice_pg_krakatau vs railroadcar/test_1_artifice_no_krakatau → NON-CLONE
[2878/50000] 2026-06-30 05:01:43 | R1 | bubblesort/test_1_artifice_pg_krakatau vs railroadcar/test_1_artifice_no_procyon → NON-CLONE
[2879/50000] 2026-06-30 05:01:44 | R1 | bubblesort/test_1_artifice_pg_krakatau vs railroadcar/test_1_artifice_pg_krakatau → NON-CLONE
[2880/50000] 2026-06-30 05:01:45 | R1 | bubblesort/test_1_artifice_pg_krakatau vs railroadcar/test_1_artifice_pg_procyon → NON-CLONE
[2881/50000] 2026-06-30 05:01:46 | R1 | bubblesort/test_1_artifice_pg_krakatau vs slinkedlist/0_orig → NON-CLONE
[2882/50000] 2026-06-30 05:01:47 | R1 | bubblesort/test_1_artifice_pg_krakatau vs slinkedlist/1_artifice → NON-CLONE
[2883/50000] 2026-06-30 05:01:49 | R1 | bubblesort/test_1_artifice_pg_krakatau vs slinkedlist/test_0_orig_no_krakatau → NON-CLONE
[2884/50000] 2026-06-30 05:01:49 | R1 | bubblesort/test_1_artifice_pg_krakatau vs slinkedlist/test_0_orig_no_procyon → NON-CLONE
[2885/50000] 2026-06-30 05:01:50 | R1 | bubblesort/test_1_artifice_pg_krakatau vs slinkedlist/test_0_orig_pg_krakatau → NON-CLONE
[2886/50000] 2026-06-30 05:01:51 | R1 | bubblesort/test_1_artifice_pg_krakatau vs slinkedlist/test_0_orig_pg_procyon → NON-CLONE
[2887/50000] 2026-06-30 05:01:52 | R1 | bubblesort/test_1_artifice_pg_krakatau vs slinkedlist/test_1_artifice_no_krakatau → NON-CLONE
[2888/50000] 2026-06-30 05:01:53 | R1 | bubblesort/test_1_artifice_pg_krakatau vs slinkedlist/test_1_artifice_no_procyon → NON-CLONE
[2889/50000] 2026-06-30 05:01:54 | R1 | bubblesort/test_1_artifice_pg_krakatau vs slinkedlist/test_1_artifice_pg_krakatau → NON-CLONE
[2890/50000] 2026-06-30 05:01:55 | R1 | bubblesort/test_1_artifice_pg_krakatau vs slinkedlist/test_1_artifice_pg_procyon → NON-CLONE
[2891/50000] 2026-06-30 05:01:56 | R1 | bubblesort/test_1_artifice_pg_krakatau vs square/0_orig → NON-CLONE
[2892/50000] 2026-06-30 05:01:57 | R1 | bubblesort/test_1_artifice_pg_krakatau vs square/1_artifice → NON-CLONE
[2893/50000] 2026-06-30 05:01:58 | R1 | bubblesort/test_1_artifice_pg_krakatau vs square/test_0_orig_no_krakatau → NON-CLONE
[2894/50000] 2026-06-30 05:01:59 | R1 | bubblesort/test_1_artifice_pg_krakatau vs square/test_0_orig_no_procyon → NON-CLONE
[2895/50000] 2026-06-30 05:02:00 | R1 | bubblesort/test_1_artifice_pg_krakatau vs square/test_0_orig_pg_krakatau → NON-CLONE
[2896/50000] 2026-06-30 05:02:01 | R1 | bubblesort/test_1_artifice_pg_krakatau vs square/test_0_orig_pg_procyon → NON-CLONE
[2897/50000] 2026-06-30 05:02:02 | R1 | bubblesort/test_1_artifice_pg_krakatau vs square/test_1_artifice_no_krakatau → NON-CLONE
[2898/50000] 2026-06-30 05:02:04 | R1 | bubblesort/test_1_artifice_pg_krakatau vs square/test_1_artifice_no_procyon → NON-CLONE
[2899/50000] 2026-06-30 05:02:05 | R1 | bubblesort/test_1_artifice_pg_krakatau vs square/test_1_artifice_pg_krakatau → NON-CLONE
[2900/50000] 2026-06-30 05:02:06 | R1 | bubblesort/test_1_artifice_pg_krakatau vs square/test_1_artifice_pg_procyon → NON-CLONE
[2901/50000] 2026-06-30 05:02:07 | R1 | bubblesort/test_1_artifice_pg_procyon vs InfixConverter/0_orig → NON-CLONE
[2902/50000] 2026-06-30 05:02:07 | R1 | bubblesort/test_1_artifice_pg_procyon vs InfixConverter/1_artifice → NON-CLONE
[2903/50000] 2026-06-30 05:02:09 | R1 | bubblesort/test_1_artifice_pg_procyon vs InfixConverter/test_0_orig_no_krakatau → NON-CLONE
[2904/50000] 2026-06-30 05:02:10 | R1 | bubblesort/test_1_artifice_pg_procyon vs InfixConverter/test_0_orig_no_procyon → NON-CLONE
[2905/50000] 2026-06-30 05:02:10 | R1 | bubblesort/test_1_artifice_pg_procyon vs InfixConverter/test_0_orig_pg_krakatau → NON-CLONE
[2906/50000] 2026-06-30 05:02:11 | R1 | bubblesort/test_1_artifice_pg_procyon vs InfixConverter/test_0_orig_pg_procyon → NON-CLONE
[2907/50000] 2026-06-30 05:02:12 | R1 | bubblesort/test_1_artifice_pg_procyon vs InfixConverter/test_1_artifice_no_krakatau → NON-CLONE
[2908/50000] 2026-06-30 05:02:13 | R1 | bubblesort/test_1_artifice_pg_procyon vs InfixConverter/test_1_artifice_no_procyon → NON-CLONE
[2909/50000] 2026-06-30 05:02:14 | R1 | bubblesort/test_1_artifice_pg_procyon vs InfixConverter/test_1_artifice_pg_krakatau → NON-CLONE
[2910/50000] 2026-06-30 05:02:15 | R1 | bubblesort/test_1_artifice_pg_procyon vs InfixConverter/test_1_artifice_pg_procyon → NON-CLONE
[2911/50000] 2026-06-30 05:02:16 | R1 | bubblesort/test_1_artifice_pg_procyon vs SqrtAlgorithm/0_orig → NON-CLONE
[2912/50000] 2026-06-30 05:02:17 | R1 | bubblesort/test_1_artifice_pg_procyon vs SqrtAlgorithm/1_artifice → NON-CLONE
[2913/50000] 2026-06-30 05:02:18 | R1 | bubblesort/test_1_artifice_pg_procyon vs SqrtAlgorithm/test_0_orig_no_krakatau → NON-CLONE
[2914/50000] 2026-06-30 05:02:19 | R1 | bubblesort/test_1_artifice_pg_procyon vs SqrtAlgorithm/test_0_orig_no_procyon → NON-CLONE
[2915/50000] 2026-06-30 05:02:21 | R1 | bubblesort/test_1_artifice_pg_procyon vs SqrtAlgorithm/test_0_orig_pg_krakatau → NON-CLONE
[2916/50000] 2026-06-30 05:02:21 | R1 | bubblesort/test_1_artifice_pg_procyon vs SqrtAlgorithm/test_0_orig_pg_procyon → NON-CLONE
[2917/50000] 2026-06-30 05:02:22 | R1 | bubblesort/test_1_artifice_pg_procyon vs SqrtAlgorithm/test_1_artifice_no_krakatau → NON-CLONE
[2918/50000] 2026-06-30 05:02:23 | R1 | bubblesort/test_1_artifice_pg_procyon vs SqrtAlgorithm/test_1_artifice_no_procyon → NON-CLONE
[2919/50000] 2026-06-30 05:02:23 | R1 | bubblesort/test_1_artifice_pg_procyon vs SqrtAlgorithm/test_1_artifice_pg_krakatau → NON-CLONE
[2920/50000] 2026-06-30 05:02:24 | R1 | bubblesort/test_1_artifice_pg_procyon vs SqrtAlgorithm/test_1_artifice_pg_procyon → NON-CLONE
[2921/50000] 2026-06-30 05:02:25 | R1 | bubblesort/test_1_artifice_pg_procyon vs bubblesort/0_orig → CLONE
[2922/50000] 2026-06-30 05:02:26 | R1 | bubblesort/test_1_artifice_pg_procyon vs bubblesort/1_artifice → CLONE
[2923/50000] 2026-06-30 05:02:27 | R1 | bubblesort/test_1_artifice_pg_procyon vs bubblesort/test_0_orig_no_krakatau → CLONE
[2924/50000] 2026-06-30 05:02:28 | R1 | bubblesort/test_1_artifice_pg_procyon vs bubblesort/test_0_orig_no_procyon → CLONE
[2925/50000] 2026-06-30 05:02:29 | R1 | bubblesort/test_1_artifice_pg_procyon vs bubblesort/test_0_orig_pg_krakatau → CLONE
[2926/50000] 2026-06-30 05:02:29 | R1 | bubblesort/test_1_artifice_pg_procyon vs bubblesort/test_0_orig_pg_procyon → CLONE
[2927/50000] 2026-06-30 05:02:30 | R1 | bubblesort/test_1_artifice_pg_procyon vs bubblesort/test_1_artifice_no_krakatau → CLONE
[2928/50000] 2026-06-30 05:02:31 | R1 | bubblesort/test_1_artifice_pg_procyon vs bubblesort/test_1_artifice_no_procyon → CLONE
[2929/50000] 2026-06-30 05:02:32 | R1 | bubblesort/test_1_artifice_pg_procyon vs bubblesort/test_1_artifice_pg_krakatau → CLONE
[2930/50000] 2026-06-30 05:02:32 | R1 | bubblesort/test_1_artifice_pg_procyon vs bubblesort/test_1_artifice_pg_procyon → CLONE
[2931/50000] 2026-06-30 05:02:33 | R1 | bubblesort/test_1_artifice_pg_procyon vs guessword/0_orig → NON-CLONE
[2932/50000] 2026-06-30 05:02:34 | R1 | bubblesort/test_1_artifice_pg_procyon vs guessword/1_artifice → NON-CLONE
[2933/50000] 2026-06-30 05:02:35 | R1 | bubblesort/test_1_artifice_pg_procyon vs guessword/test_0_orig_no_krakatau → NON-CLONE
[2934/50000] 2026-06-30 05:02:37 | R1 | bubblesort/test_1_artifice_pg_procyon vs guessword/test_0_orig_no_procyon → NON-CLONE
[2935/50000] 2026-06-30 05:02:38 | R1 | bubblesort/test_1_artifice_pg_procyon vs guessword/test_0_orig_pg_krakatau → NON-CLONE
[2936/50000] 2026-06-30 05:02:39 | R1 | bubblesort/test_1_artifice_pg_procyon vs guessword/test_0_orig_pg_procyon → NON-CLONE
[2937/50000] 2026-06-30 05:02:40 | R1 | bubblesort/test_1_artifice_pg_procyon vs guessword/test_1_artifice_no_krakatau → NON-CLONE
[2938/50000] 2026-06-30 05:02:41 | R1 | bubblesort/test_1_artifice_pg_procyon vs guessword/test_1_artifice_no_procyon → NON-CLONE
[2939/50000] 2026-06-30 05:02:42 | R1 | bubblesort/test_1_artifice_pg_procyon vs guessword/test_1_artifice_pg_krakatau → NON-CLONE
[2940/50000] 2026-06-30 05:02:43 | R1 | bubblesort/test_1_artifice_pg_procyon vs guessword/test_1_artifice_pg_procyon → NON-CLONE
[2941/50000] 2026-06-30 05:02:44 | R1 | bubblesort/test_1_artifice_pg_procyon vs hanoi/0_orig → NON-CLONE
[2942/50000] 2026-06-30 05:02:45 | R1 | bubblesort/test_1_artifice_pg_procyon vs hanoi/1_artifice → NON-CLONE
[2943/50000] 2026-06-30 05:02:46 | R1 | bubblesort/test_1_artifice_pg_procyon vs hanoi/test_0_orig_no_krakatau → NON-CLONE
[2944/50000] 2026-06-30 05:02:47 | R1 | bubblesort/test_1_artifice_pg_procyon vs hanoi/test_0_orig_no_procyon → NON-CLONE
[2945/50000] 2026-06-30 05:02:49 | R1 | bubblesort/test_1_artifice_pg_procyon vs hanoi/test_0_orig_pg_krakatau → NON-CLONE
[2946/50000] 2026-06-30 05:02:50 | R1 | bubblesort/test_1_artifice_pg_procyon vs hanoi/test_0_orig_pg_procyon → NON-CLONE
[2947/50000] 2026-06-30 05:02:51 | R1 | bubblesort/test_1_artifice_pg_procyon vs hanoi/test_1_artifice_no_krakatau → NON-CLONE
[2948/50000] 2026-06-30 05:02:52 | R1 | bubblesort/test_1_artifice_pg_procyon vs hanoi/test_1_artifice_no_procyon → NON-CLONE
[2949/50000] 2026-06-30 05:02:53 | R1 | bubblesort/test_1_artifice_pg_procyon vs hanoi/test_1_artifice_pg_krakatau → NON-CLONE
[2950/50000] 2026-06-30 05:02:54 | R1 | bubblesort/test_1_artifice_pg_procyon vs hanoi/test_1_artifice_pg_procyon → NON-CLONE
[2951/50000] 2026-06-30 05:02:55 | R1 | bubblesort/test_1_artifice_pg_procyon vs kaprekar/0_orig → NON-CLONE
[2952/50000] 2026-06-30 05:02:57 | R1 | bubblesort/test_1_artifice_pg_procyon vs kaprekar/1_artifice → NON-CLONE
[2953/50000] 2026-06-30 05:02:57 | R1 | bubblesort/test_1_artifice_pg_procyon vs kaprekar/test_0_orig_no_krakatau → NON-CLONE
[2954/50000] 2026-06-30 05:02:58 | R1 | bubblesort/test_1_artifice_pg_procyon vs kaprekar/test_0_orig_no_procyon → NON-CLONE
[2955/50000] 2026-06-30 05:03:00 | R1 | bubblesort/test_1_artifice_pg_procyon vs kaprekar/test_0_orig_pg_krakatau → NON-CLONE
[2956/50000] 2026-06-30 05:03:01 | R1 | bubblesort/test_1_artifice_pg_procyon vs kaprekar/test_0_orig_pg_procyon → NON-CLONE
[2957/50000] 2026-06-30 05:03:02 | R1 | bubblesort/test_1_artifice_pg_procyon vs kaprekar/test_1_artifice_no_krakatau → NON-CLONE
[2958/50000] 2026-06-30 05:03:02 | R1 | bubblesort/test_1_artifice_pg_procyon vs kaprekar/test_1_artifice_no_procyon → NON-CLONE
[2959/50000] 2026-06-30 05:03:03 | R1 | bubblesort/test_1_artifice_pg_procyon vs kaprekar/test_1_artifice_pg_krakatau → NON-CLONE
[2960/50000] 2026-06-30 05:03:04 | R1 | bubblesort/test_1_artifice_pg_procyon vs kaprekar/test_1_artifice_pg_procyon → NON-CLONE
[2961/50000] 2026-06-30 05:03:06 | R1 | bubblesort/test_1_artifice_pg_procyon vs queens/0_orig → NON-CLONE
[2962/50000] 2026-06-30 05:03:06 | R1 | bubblesort/test_1_artifice_pg_procyon vs queens/1_artifice → NON-CLONE
[2963/50000] 2026-06-30 05:03:07 | R1 | bubblesort/test_1_artifice_pg_procyon vs queens/test_0_orig_no_krakatau → NON-CLONE
[2964/50000] 2026-06-30 05:03:08 | R1 | bubblesort/test_1_artifice_pg_procyon vs queens/test_0_orig_no_procyon → NON-CLONE
[2965/50000] 2026-06-30 05:03:09 | R1 | bubblesort/test_1_artifice_pg_procyon vs queens/test_0_orig_pg_krakatau → NON-CLONE
[2966/50000] 2026-06-30 05:03:10 | R1 | bubblesort/test_1_artifice_pg_procyon vs queens/test_0_orig_pg_procyon → NON-CLONE
[2967/50000] 2026-06-30 05:03:11 | R1 | bubblesort/test_1_artifice_pg_procyon vs queens/test_1_artifice_no_krakatau → NON-CLONE
[2968/50000] 2026-06-30 05:03:12 | R1 | bubblesort/test_1_artifice_pg_procyon vs queens/test_1_artifice_no_procyon → NON-CLONE
[2969/50000] 2026-06-30 05:03:14 | R1 | bubblesort/test_1_artifice_pg_procyon vs queens/test_1_artifice_pg_krakatau → NON-CLONE
[2970/50000] 2026-06-30 05:03:14 | R1 | bubblesort/test_1_artifice_pg_procyon vs queens/test_1_artifice_pg_procyon → NON-CLONE
[2971/50000] 2026-06-30 05:03:15 | R1 | bubblesort/test_1_artifice_pg_procyon vs railroadcar/0_orig → NON-CLONE
[2972/50000] 2026-06-30 05:03:16 | R1 | bubblesort/test_1_artifice_pg_procyon vs railroadcar/1_artifice → NON-CLONE
[2973/50000] 2026-06-30 05:03:16 | R1 | bubblesort/test_1_artifice_pg_procyon vs railroadcar/test_0_orig_no_krakatau → NON-CLONE
[2974/50000] 2026-06-30 05:03:17 | R1 | bubblesort/test_1_artifice_pg_procyon vs railroadcar/test_0_orig_no_procyon → NON-CLONE
[2975/50000] 2026-06-30 05:03:17 | R1 | bubblesort/test_1_artifice_pg_procyon vs railroadcar/test_0_orig_pg_krakatau → NON-CLONE
[2976/50000] 2026-06-30 05:03:18 | R1 | bubblesort/test_1_artifice_pg_procyon vs railroadcar/test_0_orig_pg_procyon → NON-CLONE
[2977/50000] 2026-06-30 05:03:19 | R1 | bubblesort/test_1_artifice_pg_procyon vs railroadcar/test_1_artifice_no_krakatau → NON-CLONE
[2978/50000] 2026-06-30 05:03:20 | R1 | bubblesort/test_1_artifice_pg_procyon vs railroadcar/test_1_artifice_no_procyon → NON-CLONE
[2979/50000] 2026-06-30 05:03:20 | R1 | bubblesort/test_1_artifice_pg_procyon vs railroadcar/test_1_artifice_pg_krakatau → NON-CLONE
[2980/50000] 2026-06-30 05:03:21 | R1 | bubblesort/test_1_artifice_pg_procyon vs railroadcar/test_1_artifice_pg_procyon → NON-CLONE
[2981/50000] 2026-06-30 05:03:22 | R1 | bubblesort/test_1_artifice_pg_procyon vs slinkedlist/0_orig → NON-CLONE
[2982/50000] 2026-06-30 05:03:23 | R1 | bubblesort/test_1_artifice_pg_procyon vs slinkedlist/1_artifice → NON-CLONE
[2983/50000] 2026-06-30 05:03:24 | R1 | bubblesort/test_1_artifice_pg_procyon vs slinkedlist/test_0_orig_no_krakatau → NON-CLONE
[2984/50000] 2026-06-30 05:03:25 | R1 | bubblesort/test_1_artifice_pg_procyon vs slinkedlist/test_0_orig_no_procyon → NON-CLONE
[2985/50000] 2026-06-30 05:03:26 | R1 | bubblesort/test_1_artifice_pg_procyon vs slinkedlist/test_0_orig_pg_krakatau → NON-CLONE
[2986/50000] 2026-06-30 05:03:26 | R1 | bubblesort/test_1_artifice_pg_procyon vs slinkedlist/test_0_orig_pg_procyon → NON-CLONE
[2987/50000] 2026-06-30 05:03:27 | R1 | bubblesort/test_1_artifice_pg_procyon vs slinkedlist/test_1_artifice_no_krakatau → NON-CLONE
[2988/50000] 2026-06-30 05:03:27 | R1 | bubblesort/test_1_artifice_pg_procyon vs slinkedlist/test_1_artifice_no_procyon → NON-CLONE
[2989/50000] 2026-06-30 05:03:28 | R1 | bubblesort/test_1_artifice_pg_procyon vs slinkedlist/test_1_artifice_pg_krakatau → NON-CLONE
[2990/50000] 2026-06-30 05:03:29 | R1 | bubblesort/test_1_artifice_pg_procyon vs slinkedlist/test_1_artifice_pg_procyon → NON-CLONE
[2991/50000] 2026-06-30 05:03:31 | R1 | bubblesort/test_1_artifice_pg_procyon vs square/0_orig → NON-CLONE
[2992/50000] 2026-06-30 05:03:32 | R1 | bubblesort/test_1_artifice_pg_procyon vs square/1_artifice → NON-CLONE
[2993/50000] 2026-06-30 05:03:33 | R1 | bubblesort/test_1_artifice_pg_procyon vs square/test_0_orig_no_krakatau → NON-CLONE
[2994/50000] 2026-06-30 05:03:34 | R1 | bubblesort/test_1_artifice_pg_procyon vs square/test_0_orig_no_procyon → NON-CLONE
[2995/50000] 2026-06-30 05:03:35 | R1 | bubblesort/test_1_artifice_pg_procyon vs square/test_0_orig_pg_krakatau → NON-CLONE
[2996/50000] 2026-06-30 05:03:36 | R1 | bubblesort/test_1_artifice_pg_procyon vs square/test_0_orig_pg_procyon → NON-CLONE
[2997/50000] 2026-06-30 05:03:37 | R1 | bubblesort/test_1_artifice_pg_procyon vs square/test_1_artifice_no_krakatau → NON-CLONE
[2998/50000] 2026-06-30 05:03:38 | R1 | bubblesort/test_1_artifice_pg_procyon vs square/test_1_artifice_no_procyon → NON-CLONE
[2999/50000] 2026-06-30 05:03:39 | R1 | bubblesort/test_1_artifice_pg_procyon vs square/test_1_artifice_pg_krakatau → NON-CLONE
[3000/50000] 2026-06-30 05:03:40 | R1 | bubblesort/test_1_artifice_pg_procyon vs square/test_1_artifice_pg_procyon → NON-CLONE
[3001/50000] 2026-06-30 05:03:41 | R1 | guessword/0_orig vs InfixConverter/0_orig → NON-CLONE
[3002/50000] 2026-06-30 05:03:42 | R1 | guessword/0_orig vs InfixConverter/1_artifice → NON-CLONE
[3003/50000] 2026-06-30 05:03:43 | R1 | guessword/0_orig vs InfixConverter/test_0_orig_no_krakatau → NON-CLONE
[3004/50000] 2026-06-30 05:03:44 | R1 | guessword/0_orig vs InfixConverter/test_0_orig_no_procyon → NON-CLONE
[3005/50000] 2026-06-30 05:03:45 | R1 | guessword/0_orig vs InfixConverter/test_0_orig_pg_krakatau → NON-CLONE
[3006/50000] 2026-06-30 05:03:46 | R1 | guessword/0_orig vs InfixConverter/test_0_orig_pg_procyon → NON-CLONE
[3007/50000] 2026-06-30 05:03:47 | R1 | guessword/0_orig vs InfixConverter/test_1_artifice_no_krakatau → NON-CLONE
[3008/50000] 2026-06-30 05:03:48 | R1 | guessword/0_orig vs InfixConverter/test_1_artifice_no_procyon → NON-CLONE
[3009/50000] 2026-06-30 05:03:49 | R1 | guessword/0_orig vs InfixConverter/test_1_artifice_pg_krakatau → NON-CLONE
[3010/50000] 2026-06-30 05:03:50 | R1 | guessword/0_orig vs InfixConverter/test_1_artifice_pg_procyon → NON-CLONE
[3011/50000] 2026-06-30 05:03:51 | R1 | guessword/0_orig vs SqrtAlgorithm/0_orig → NON-CLONE
[3012/50000] 2026-06-30 05:03:51 | R1 | guessword/0_orig vs SqrtAlgorithm/1_artifice → NON-CLONE
[3013/50000] 2026-06-30 05:03:53 | R1 | guessword/0_orig vs SqrtAlgorithm/test_0_orig_no_krakatau → NON-CLONE
[3014/50000] 2026-06-30 05:03:54 | R1 | guessword/0_orig vs SqrtAlgorithm/test_0_orig_no_procyon → NON-CLONE
[3015/50000] 2026-06-30 05:03:55 | R1 | guessword/0_orig vs SqrtAlgorithm/test_0_orig_pg_krakatau → NON-CLONE
[3016/50000] 2026-06-30 05:03:56 | R1 | guessword/0_orig vs SqrtAlgorithm/test_0_orig_pg_procyon → NON-CLONE
[3017/50000] 2026-06-30 05:03:57 | R1 | guessword/0_orig vs SqrtAlgorithm/test_1_artifice_no_krakatau → NON-CLONE
[3018/50000] 2026-06-30 05:03:58 | R1 | guessword/0_orig vs SqrtAlgorithm/test_1_artifice_no_procyon → NON-CLONE
[3019/50000] 2026-06-30 05:03:59 | R1 | guessword/0_orig vs SqrtAlgorithm/test_1_artifice_pg_krakatau → NON-CLONE
[3020/50000] 2026-06-30 05:04:00 | R1 | guessword/0_orig vs SqrtAlgorithm/test_1_artifice_pg_procyon → NON-CLONE
[3021/50000] 2026-06-30 05:04:00 | R1 | guessword/0_orig vs bubblesort/0_orig → NON-CLONE
[3022/50000] 2026-06-30 05:04:01 | R1 | guessword/0_orig vs bubblesort/1_artifice → NON-CLONE
[3023/50000] 2026-06-30 05:04:02 | R1 | guessword/0_orig vs bubblesort/test_0_orig_no_krakatau → NON-CLONE
[3024/50000] 2026-06-30 05:04:03 | R1 | guessword/0_orig vs bubblesort/test_0_orig_no_procyon → NON-CLONE
[3025/50000] 2026-06-30 05:04:04 | R1 | guessword/0_orig vs bubblesort/test_0_orig_pg_krakatau → NON-CLONE
[3026/50000] 2026-06-30 05:04:05 | R1 | guessword/0_orig vs bubblesort/test_0_orig_pg_procyon → NON-CLONE
[3027/50000] 2026-06-30 05:04:06 | R1 | guessword/0_orig vs bubblesort/test_1_artifice_no_krakatau → NON-CLONE
[3028/50000] 2026-06-30 05:04:06 | R1 | guessword/0_orig vs bubblesort/test_1_artifice_no_procyon → NON-CLONE
[3029/50000] 2026-06-30 05:04:08 | R1 | guessword/0_orig vs bubblesort/test_1_artifice_pg_krakatau → NON-CLONE
[3030/50000] 2026-06-30 05:04:08 | R1 | guessword/0_orig vs bubblesort/test_1_artifice_pg_procyon → NON-CLONE
[3031/50000] 2026-06-30 05:04:09 | R1 | guessword/0_orig vs guessword/0_orig → CLONE
[3032/50000] 2026-06-30 05:04:11 | R1 | guessword/0_orig vs guessword/1_artifice → CLONE
[3033/50000] 2026-06-30 05:04:12 | R1 | guessword/0_orig vs guessword/test_0_orig_no_krakatau → CLONE
[3034/50000] 2026-06-30 05:04:13 | R1 | guessword/0_orig vs guessword/test_0_orig_no_procyon → CLONE
[3035/50000] 2026-06-30 05:04:14 | R1 | guessword/0_orig vs guessword/test_0_orig_pg_krakatau → CLONE
[3036/50000] 2026-06-30 05:04:15 | R1 | guessword/0_orig vs guessword/test_0_orig_pg_procyon → CLONE
[3037/50000] 2026-06-30 05:04:16 | R1 | guessword/0_orig vs guessword/test_1_artifice_no_krakatau → CLONE
[3038/50000] 2026-06-30 05:04:17 | R1 | guessword/0_orig vs guessword/test_1_artifice_no_procyon → CLONE
[3039/50000] 2026-06-30 05:04:18 | R1 | guessword/0_orig vs guessword/test_1_artifice_pg_krakatau → CLONE
[3040/50000] 2026-06-30 05:04:18 | R1 | guessword/0_orig vs guessword/test_1_artifice_pg_procyon → CLONE
[3041/50000] 2026-06-30 05:04:20 | R1 | guessword/0_orig vs hanoi/0_orig → NON-CLONE
[3042/50000] 2026-06-30 05:04:21 | R1 | guessword/0_orig vs hanoi/1_artifice → NON-CLONE
[3043/50000] 2026-06-30 05:04:22 | R1 | guessword/0_orig vs hanoi/test_0_orig_no_krakatau → NON-CLONE
[3044/50000] 2026-06-30 05:04:23 | R1 | guessword/0_orig vs hanoi/test_0_orig_no_procyon → NON-CLONE
[3045/50000] 2026-06-30 05:04:24 | R1 | guessword/0_orig vs hanoi/test_0_orig_pg_krakatau → NON-CLONE
[3046/50000] 2026-06-30 05:04:25 | R1 | guessword/0_orig vs hanoi/test_0_orig_pg_procyon → NON-CLONE
[3047/50000] 2026-06-30 05:04:26 | R1 | guessword/0_orig vs hanoi/test_1_artifice_no_krakatau → NON-CLONE
[3048/50000] 2026-06-30 05:04:27 | R1 | guessword/0_orig vs hanoi/test_1_artifice_no_procyon → NON-CLONE
[3049/50000] 2026-06-30 05:04:29 | R1 | guessword/0_orig vs hanoi/test_1_artifice_pg_krakatau → NON-CLONE
[3050/50000] 2026-06-30 05:04:30 | R1 | guessword/0_orig vs hanoi/test_1_artifice_pg_procyon → NON-CLONE
[3051/50000] 2026-06-30 05:04:31 | R1 | guessword/0_orig vs kaprekar/0_orig → NON-CLONE
[3052/50000] 2026-06-30 05:04:32 | R1 | guessword/0_orig vs kaprekar/1_artifice → NON-CLONE
[3053/50000] 2026-06-30 05:04:33 | R1 | guessword/0_orig vs kaprekar/test_0_orig_no_krakatau → NON-CLONE
[3054/50000] 2026-06-30 05:04:34 | R1 | guessword/0_orig vs kaprekar/test_0_orig_no_procyon → NON-CLONE
[3055/50000] 2026-06-30 05:04:35 | R1 | guessword/0_orig vs kaprekar/test_0_orig_pg_krakatau → NON-CLONE
[3056/50000] 2026-06-30 05:04:36 | R1 | guessword/0_orig vs kaprekar/test_0_orig_pg_procyon → NON-CLONE
[3057/50000] 2026-06-30 05:04:38 | R1 | guessword/0_orig vs kaprekar/test_1_artifice_no_krakatau → NON-CLONE
[3058/50000] 2026-06-30 05:04:39 | R1 | guessword/0_orig vs kaprekar/test_1_artifice_no_procyon → NON-CLONE
[3059/50000] 2026-06-30 05:04:40 | R1 | guessword/0_orig vs kaprekar/test_1_artifice_pg_krakatau → NON-CLONE
[3060/50000] 2026-06-30 05:04:41 | R1 | guessword/0_orig vs kaprekar/test_1_artifice_pg_procyon → NON-CLONE
[3061/50000] 2026-06-30 05:04:42 | R1 | guessword/0_orig vs queens/0_orig → NON-CLONE
[3062/50000] 2026-06-30 05:04:43 | R1 | guessword/0_orig vs queens/1_artifice → NON-CLONE
[3063/50000] 2026-06-30 05:04:44 | R1 | guessword/0_orig vs queens/test_0_orig_no_krakatau → NON-CLONE
[3064/50000] 2026-06-30 05:04:45 | R1 | guessword/0_orig vs queens/test_0_orig_no_procyon → NON-CLONE
[3065/50000] 2026-06-30 05:04:46 | R1 | guessword/0_orig vs queens/test_0_orig_pg_krakatau → NON-CLONE
[3066/50000] 2026-06-30 05:04:47 | R1 | guessword/0_orig vs queens/test_0_orig_pg_procyon → NON-CLONE
[3067/50000] 2026-06-30 05:04:48 | R1 | guessword/0_orig vs queens/test_1_artifice_no_krakatau → NON-CLONE
[3068/50000] 2026-06-30 05:04:49 | R1 | guessword/0_orig vs queens/test_1_artifice_no_procyon → NON-CLONE
[3069/50000] 2026-06-30 05:04:50 | R1 | guessword/0_orig vs queens/test_1_artifice_pg_krakatau → NON-CLONE
[3070/50000] 2026-06-30 05:04:52 | R1 | guessword/0_orig vs queens/test_1_artifice_pg_procyon → NON-CLONE
[3071/50000] 2026-06-30 05:04:53 | R1 | guessword/0_orig vs railroadcar/0_orig → NON-CLONE
[3072/50000] 2026-06-30 05:04:54 | R1 | guessword/0_orig vs railroadcar/1_artifice → NON-CLONE
[3073/50000] 2026-06-30 05:04:54 | R1 | guessword/0_orig vs railroadcar/test_0_orig_no_krakatau → NON-CLONE
[3074/50000] 2026-06-30 05:04:55 | R1 | guessword/0_orig vs railroadcar/test_0_orig_no_procyon → NON-CLONE
[3075/50000] 2026-06-30 05:04:56 | R1 | guessword/0_orig vs railroadcar/test_0_orig_pg_krakatau → NON-CLONE
[3076/50000] 2026-06-30 05:04:57 | R1 | guessword/0_orig vs railroadcar/test_0_orig_pg_procyon → NON-CLONE
[3077/50000] 2026-06-30 05:04:58 | R1 | guessword/0_orig vs railroadcar/test_1_artifice_no_krakatau → NON-CLONE
[3078/50000] 2026-06-30 05:04:59 | R1 | guessword/0_orig vs railroadcar/test_1_artifice_no_procyon → NON-CLONE
[3079/50000] 2026-06-30 05:05:01 | R1 | guessword/0_orig vs railroadcar/test_1_artifice_pg_krakatau → NON-CLONE
[3080/50000] 2026-06-30 05:05:02 | R1 | guessword/0_orig vs railroadcar/test_1_artifice_pg_procyon → NON-CLONE
[3081/50000] 2026-06-30 05:05:03 | R1 | guessword/0_orig vs slinkedlist/0_orig → NON-CLONE
[3082/50000] 2026-06-30 05:05:04 | R1 | guessword/0_orig vs slinkedlist/1_artifice → NON-CLONE
[3083/50000] 2026-06-30 05:05:04 | R1 | guessword/0_orig vs slinkedlist/test_0_orig_no_krakatau → NON-CLONE
[3084/50000] 2026-06-30 05:05:05 | R1 | guessword/0_orig vs slinkedlist/test_0_orig_no_procyon → NON-CLONE
[3085/50000] 2026-06-30 05:05:06 | R1 | guessword/0_orig vs slinkedlist/test_0_orig_pg_krakatau → NON-CLONE
[3086/50000] 2026-06-30 05:05:06 | R1 | guessword/0_orig vs slinkedlist/test_0_orig_pg_procyon → NON-CLONE
[3087/50000] 2026-06-30 05:05:07 | R1 | guessword/0_orig vs slinkedlist/test_1_artifice_no_krakatau → NON-CLONE
[3088/50000] 2026-06-30 05:05:08 | R1 | guessword/0_orig vs slinkedlist/test_1_artifice_no_procyon → NON-CLONE
[3089/50000] 2026-06-30 05:05:09 | R1 | guessword/0_orig vs slinkedlist/test_1_artifice_pg_krakatau → NON-CLONE
[3090/50000] 2026-06-30 05:05:10 | R1 | guessword/0_orig vs slinkedlist/test_1_artifice_pg_procyon → NON-CLONE
[3091/50000] 2026-06-30 05:05:11 | R1 | guessword/0_orig vs square/0_orig → NON-CLONE
[3092/50000] 2026-06-30 05:05:12 | R1 | guessword/0_orig vs square/1_artifice → NON-CLONE
[3093/50000] 2026-06-30 05:05:13 | R1 | guessword/0_orig vs square/test_0_orig_no_krakatau → NON-CLONE
[3094/50000] 2026-06-30 05:05:15 | R1 | guessword/0_orig vs square/test_0_orig_no_procyon → NON-CLONE
[3095/50000] 2026-06-30 05:05:15 | R1 | guessword/0_orig vs square/test_0_orig_pg_krakatau → NON-CLONE
[3096/50000] 2026-06-30 05:05:16 | R1 | guessword/0_orig vs square/test_0_orig_pg_procyon → NON-CLONE
[3097/50000] 2026-06-30 05:05:17 | R1 | guessword/0_orig vs square/test_1_artifice_no_krakatau → NON-CLONE
[3098/50000] 2026-06-30 05:05:18 | R1 | guessword/0_orig vs square/test_1_artifice_no_procyon → NON-CLONE
[3099/50000] 2026-06-30 05:05:20 | R1 | guessword/0_orig vs square/test_1_artifice_pg_krakatau → NON-CLONE
[3100/50000] 2026-06-30 05:05:20 | R1 | guessword/0_orig vs square/test_1_artifice_pg_procyon → NON-CLONE
[3101/50000] 2026-06-30 05:05:21 | R1 | guessword/1_artifice vs InfixConverter/0_orig → NON-CLONE
[3102/50000] 2026-06-30 05:05:22 | R1 | guessword/1_artifice vs InfixConverter/1_artifice → NON-CLONE
[3103/50000] 2026-06-30 05:05:23 | R1 | guessword/1_artifice vs InfixConverter/test_0_orig_no_krakatau → NON-CLONE
[3104/50000] 2026-06-30 05:05:24 | R1 | guessword/1_artifice vs InfixConverter/test_0_orig_no_procyon → NON-CLONE
[3105/50000] 2026-06-30 05:05:26 | R1 | guessword/1_artifice vs InfixConverter/test_0_orig_pg_krakatau → NON-CLONE
[3106/50000] 2026-06-30 05:05:26 | R1 | guessword/1_artifice vs InfixConverter/test_0_orig_pg_procyon → NON-CLONE
[3107/50000] 2026-06-30 05:05:28 | R1 | guessword/1_artifice vs InfixConverter/test_1_artifice_no_krakatau → NON-CLONE
[3108/50000] 2026-06-30 05:05:29 | R1 | guessword/1_artifice vs InfixConverter/test_1_artifice_no_procyon → NON-CLONE
[3109/50000] 2026-06-30 05:05:30 | R1 | guessword/1_artifice vs InfixConverter/test_1_artifice_pg_krakatau → NON-CLONE
[3110/50000] 2026-06-30 05:05:30 | R1 | guessword/1_artifice vs InfixConverter/test_1_artifice_pg_procyon → NON-CLONE
[3111/50000] 2026-06-30 05:05:31 | R1 | guessword/1_artifice vs SqrtAlgorithm/0_orig → NON-CLONE
[3112/50000] 2026-06-30 05:05:33 | R1 | guessword/1_artifice vs SqrtAlgorithm/1_artifice → NON-CLONE
[3113/50000] 2026-06-30 05:05:34 | R1 | guessword/1_artifice vs SqrtAlgorithm/test_0_orig_no_krakatau → NON-CLONE
[3114/50000] 2026-06-30 05:05:34 | R1 | guessword/1_artifice vs SqrtAlgorithm/test_0_orig_no_procyon → NON-CLONE
[3115/50000] 2026-06-30 05:05:36 | R1 | guessword/1_artifice vs SqrtAlgorithm/test_0_orig_pg_krakatau → NON-CLONE
[3116/50000] 2026-06-30 05:05:37 | R1 | guessword/1_artifice vs SqrtAlgorithm/test_0_orig_pg_procyon → NON-CLONE
[3117/50000] 2026-06-30 05:05:38 | R1 | guessword/1_artifice vs SqrtAlgorithm/test_1_artifice_no_krakatau → NON-CLONE
[3118/50000] 2026-06-30 05:05:39 | R1 | guessword/1_artifice vs SqrtAlgorithm/test_1_artifice_no_procyon → NON-CLONE
[3119/50000] 2026-06-30 05:05:40 | R1 | guessword/1_artifice vs SqrtAlgorithm/test_1_artifice_pg_krakatau → NON-CLONE
[3120/50000] 2026-06-30 05:05:41 | R1 | guessword/1_artifice vs SqrtAlgorithm/test_1_artifice_pg_procyon → NON-CLONE
[3121/50000] 2026-06-30 05:05:41 | R1 | guessword/1_artifice vs bubblesort/0_orig → NON-CLONE
[3122/50000] 2026-06-30 05:05:42 | R1 | guessword/1_artifice vs bubblesort/1_artifice → NON-CLONE
[3123/50000] 2026-06-30 05:05:43 | R1 | guessword/1_artifice vs bubblesort/test_0_orig_no_krakatau → NON-CLONE
[3124/50000] 2026-06-30 05:05:44 | R1 | guessword/1_artifice vs bubblesort/test_0_orig_no_procyon → NON-CLONE
[3125/50000] 2026-06-30 05:05:45 | R1 | guessword/1_artifice vs bubblesort/test_0_orig_pg_krakatau → NON-CLONE
[3126/50000] 2026-06-30 05:05:46 | R1 | guessword/1_artifice vs bubblesort/test_0_orig_pg_procyon → NON-CLONE
[3127/50000] 2026-06-30 05:05:47 | R1 | guessword/1_artifice vs bubblesort/test_1_artifice_no_krakatau → NON-CLONE
[3128/50000] 2026-06-30 05:05:48 | R1 | guessword/1_artifice vs bubblesort/test_1_artifice_no_procyon → NON-CLONE
[3129/50000] 2026-06-30 05:05:49 | R1 | guessword/1_artifice vs bubblesort/test_1_artifice_pg_krakatau → NON-CLONE
[3130/50000] 2026-06-30 05:05:50 | R1 | guessword/1_artifice vs bubblesort/test_1_artifice_pg_procyon → NON-CLONE
[3131/50000] 2026-06-30 05:05:51 | R1 | guessword/1_artifice vs guessword/0_orig → CLONE
[3132/50000] 2026-06-30 05:05:52 | R1 | guessword/1_artifice vs guessword/1_artifice → CLONE
[3133/50000] 2026-06-30 05:05:53 | R1 | guessword/1_artifice vs guessword/test_0_orig_no_krakatau → CLONE
[3134/50000] 2026-06-30 05:05:54 | R1 | guessword/1_artifice vs guessword/test_0_orig_no_procyon → CLONE
[3135/50000] 2026-06-30 05:05:56 | R1 | guessword/1_artifice vs guessword/test_0_orig_pg_krakatau → CLONE
[3136/50000] 2026-06-30 05:05:57 | R1 | guessword/1_artifice vs guessword/test_0_orig_pg_procyon → CLONE
[3137/50000] 2026-06-30 05:05:58 | R1 | guessword/1_artifice vs guessword/test_1_artifice_no_krakatau → CLONE
[3138/50000] 2026-06-30 05:05:59 | R1 | guessword/1_artifice vs guessword/test_1_artifice_no_procyon → CLONE
[3139/50000] 2026-06-30 05:06:00 | R1 | guessword/1_artifice vs guessword/test_1_artifice_pg_krakatau → CLONE
[3140/50000] 2026-06-30 05:06:01 | R1 | guessword/1_artifice vs guessword/test_1_artifice_pg_procyon → CLONE
[3141/50000] 2026-06-30 05:06:01 | R1 | guessword/1_artifice vs hanoi/0_orig → NON-CLONE
[3142/50000] 2026-06-30 05:06:03 | R1 | guessword/1_artifice vs hanoi/1_artifice → NON-CLONE
[3143/50000] 2026-06-30 05:06:04 | R1 | guessword/1_artifice vs hanoi/test_0_orig_no_krakatau → NON-CLONE
[3144/50000] 2026-06-30 05:06:05 | R1 | guessword/1_artifice vs hanoi/test_0_orig_no_procyon → NON-CLONE
[3145/50000] 2026-06-30 05:06:06 | R1 | guessword/1_artifice vs hanoi/test_0_orig_pg_krakatau → NON-CLONE
[3146/50000] 2026-06-30 05:06:07 | R1 | guessword/1_artifice vs hanoi/test_0_orig_pg_procyon → NON-CLONE
[3147/50000] 2026-06-30 05:06:08 | R1 | guessword/1_artifice vs hanoi/test_1_artifice_no_krakatau → NON-CLONE
[3148/50000] 2026-06-30 05:06:09 | R1 | guessword/1_artifice vs hanoi/test_1_artifice_no_procyon → NON-CLONE
[3149/50000] 2026-06-30 05:06:10 | R1 | guessword/1_artifice vs hanoi/test_1_artifice_pg_krakatau → NON-CLONE
[3150/50000] 2026-06-30 05:06:11 | R1 | guessword/1_artifice vs hanoi/test_1_artifice_pg_procyon → NON-CLONE
[3151/50000] 2026-06-30 05:06:12 | R1 | guessword/1_artifice vs kaprekar/0_orig → NON-CLONE
[3152/50000] 2026-06-30 05:06:13 | R1 | guessword/1_artifice vs kaprekar/1_artifice → NON-CLONE
[3153/50000] 2026-06-30 05:06:14 | R1 | guessword/1_artifice vs kaprekar/test_0_orig_no_krakatau → NON-CLONE
[3154/50000] 2026-06-30 05:06:16 | R1 | guessword/1_artifice vs kaprekar/test_0_orig_no_procyon → NON-CLONE
[3155/50000] 2026-06-30 05:06:17 | R1 | guessword/1_artifice vs kaprekar/test_0_orig_pg_krakatau → NON-CLONE
[3156/50000] 2026-06-30 05:06:18 | R1 | guessword/1_artifice vs kaprekar/test_0_orig_pg_procyon → NON-CLONE
[3157/50000] 2026-06-30 05:06:19 | R1 | guessword/1_artifice vs kaprekar/test_1_artifice_no_krakatau → NON-CLONE
[3158/50000] 2026-06-30 05:06:21 | R1 | guessword/1_artifice vs kaprekar/test_1_artifice_no_procyon → NON-CLONE
[3159/50000] 2026-06-30 05:06:22 | R1 | guessword/1_artifice vs kaprekar/test_1_artifice_pg_krakatau → NON-CLONE
[3160/50000] 2026-06-30 05:06:22 | R1 | guessword/1_artifice vs kaprekar/test_1_artifice_pg_procyon → NON-CLONE
[3161/50000] 2026-06-30 05:06:23 | R1 | guessword/1_artifice vs queens/0_orig → NON-CLONE
[3162/50000] 2026-06-30 05:06:24 | R1 | guessword/1_artifice vs queens/1_artifice → NON-CLONE
[3163/50000] 2026-06-30 05:06:25 | R1 | guessword/1_artifice vs queens/test_0_orig_no_krakatau → NON-CLONE
[3164/50000] 2026-06-30 05:06:27 | R1 | guessword/1_artifice vs queens/test_0_orig_no_procyon → NON-CLONE
[3165/50000] 2026-06-30 05:06:28 | R1 | guessword/1_artifice vs queens/test_0_orig_pg_krakatau → NON-CLONE
[3166/50000] 2026-06-30 05:06:29 | R1 | guessword/1_artifice vs queens/test_0_orig_pg_procyon → NON-CLONE
[3167/50000] 2026-06-30 05:06:30 | R1 | guessword/1_artifice vs queens/test_1_artifice_no_krakatau → NON-CLONE
[3168/50000] 2026-06-30 05:06:31 | R1 | guessword/1_artifice vs queens/test_1_artifice_no_procyon → NON-CLONE
[3169/50000] 2026-06-30 05:06:32 | R1 | guessword/1_artifice vs queens/test_1_artifice_pg_krakatau → NON-CLONE
[3170/50000] 2026-06-30 05:06:33 | R1 | guessword/1_artifice vs queens/test_1_artifice_pg_procyon → NON-CLONE
[3171/50000] 2026-06-30 05:06:34 | R1 | guessword/1_artifice vs railroadcar/0_orig → NON-CLONE
[3172/50000] 2026-06-30 05:06:35 | R1 | guessword/1_artifice vs railroadcar/1_artifice → NON-CLONE
[3173/50000] 2026-06-30 05:06:36 | R1 | guessword/1_artifice vs railroadcar/test_0_orig_no_krakatau → NON-CLONE
[3174/50000] 2026-06-30 05:06:38 | R1 | guessword/1_artifice vs railroadcar/test_0_orig_no_procyon → NON-CLONE
[3175/50000] 2026-06-30 05:06:38 | R1 | guessword/1_artifice vs railroadcar/test_0_orig_pg_krakatau → NON-CLONE
[3176/50000] 2026-06-30 05:06:39 | R1 | guessword/1_artifice vs railroadcar/test_0_orig_pg_procyon → NON-CLONE
[3177/50000] 2026-06-30 05:06:41 | R1 | guessword/1_artifice vs railroadcar/test_1_artifice_no_krakatau → NON-CLONE
[3178/50000] 2026-06-30 05:06:42 | R1 | guessword/1_artifice vs railroadcar/test_1_artifice_no_procyon → NON-CLONE
[3179/50000] 2026-06-30 05:06:43 | R1 | guessword/1_artifice vs railroadcar/test_1_artifice_pg_krakatau → NON-CLONE
[3180/50000] 2026-06-30 05:06:44 | R1 | guessword/1_artifice vs railroadcar/test_1_artifice_pg_procyon → NON-CLONE
[3181/50000] 2026-06-30 05:06:45 | R1 | guessword/1_artifice vs slinkedlist/0_orig → NON-CLONE
[3182/50000] 2026-06-30 05:06:46 | R1 | guessword/1_artifice vs slinkedlist/1_artifice → NON-CLONE
[3183/50000] 2026-06-30 05:06:47 | R1 | guessword/1_artifice vs slinkedlist/test_0_orig_no_krakatau → NON-CLONE
[3184/50000] 2026-06-30 05:06:48 | R1 | guessword/1_artifice vs slinkedlist/test_0_orig_no_procyon → NON-CLONE
[3185/50000] 2026-06-30 05:06:48 | R1 | guessword/1_artifice vs slinkedlist/test_0_orig_pg_krakatau → NON-CLONE
[3186/50000] 2026-06-30 05:06:49 | R1 | guessword/1_artifice vs slinkedlist/test_0_orig_pg_procyon → NON-CLONE
[3187/50000] 2026-06-30 05:06:50 | R1 | guessword/1_artifice vs slinkedlist/test_1_artifice_no_krakatau → NON-CLONE
[3188/50000] 2026-06-30 05:06:51 | R1 | guessword/1_artifice vs slinkedlist/test_1_artifice_no_procyon → NON-CLONE
[3189/50000] 2026-06-30 05:06:51 | R1 | guessword/1_artifice vs slinkedlist/test_1_artifice_pg_krakatau → NON-CLONE
[3190/50000] 2026-06-30 05:06:52 | R1 | guessword/1_artifice vs slinkedlist/test_1_artifice_pg_procyon → NON-CLONE
[3191/50000] 2026-06-30 05:06:53 | R1 | guessword/1_artifice vs square/0_orig → NON-CLONE
[3192/50000] 2026-06-30 05:06:54 | R1 | guessword/1_artifice vs square/1_artifice → NON-CLONE
[3193/50000] 2026-06-30 05:06:55 | R1 | guessword/1_artifice vs square/test_0_orig_no_krakatau → NON-CLONE
[3194/50000] 2026-06-30 05:06:56 | R1 | guessword/1_artifice vs square/test_0_orig_no_procyon → NON-CLONE
[3195/50000] 2026-06-30 05:06:57 | R1 | guessword/1_artifice vs square/test_0_orig_pg_krakatau → NON-CLONE
[3196/50000] 2026-06-30 05:06:58 | R1 | guessword/1_artifice vs square/test_0_orig_pg_procyon → NON-CLONE
[3197/50000] 2026-06-30 05:06:59 | R1 | guessword/1_artifice vs square/test_1_artifice_no_krakatau → NON-CLONE
[3198/50000] 2026-06-30 05:07:00 | R1 | guessword/1_artifice vs square/test_1_artifice_no_procyon → NON-CLONE
[3199/50000] 2026-06-30 05:07:01 | R1 | guessword/1_artifice vs square/test_1_artifice_pg_krakatau → NON-CLONE
[3200/50000] 2026-06-30 05:07:02 | R1 | guessword/1_artifice vs square/test_1_artifice_pg_procyon → NON-CLONE
[3201/50000] 2026-06-30 05:07:04 | R1 | guessword/test_0_orig_no_krakatau vs InfixConverter/0_orig → NON-CLONE
[3202/50000] 2026-06-30 05:07:05 | R1 | guessword/test_0_orig_no_krakatau vs InfixConverter/1_artifice → NON-CLONE
[3203/50000] 2026-06-30 05:07:06 | R1 | guessword/test_0_orig_no_krakatau vs InfixConverter/test_0_orig_no_krakatau → NON-CLONE
[3204/50000] 2026-06-30 05:07:07 | R1 | guessword/test_0_orig_no_krakatau vs InfixConverter/test_0_orig_no_procyon → NON-CLONE
[3205/50000] 2026-06-30 05:07:08 | R1 | guessword/test_0_orig_no_krakatau vs InfixConverter/test_0_orig_pg_krakatau → NON-CLONE
[3206/50000] 2026-06-30 05:07:09 | R1 | guessword/test_0_orig_no_krakatau vs InfixConverter/test_0_orig_pg_procyon → NON-CLONE
[3207/50000] 2026-06-30 05:07:09 | R1 | guessword/test_0_orig_no_krakatau vs InfixConverter/test_1_artifice_no_krakatau → NON-CLONE
[3208/50000] 2026-06-30 05:07:11 | R1 | guessword/test_0_orig_no_krakatau vs InfixConverter/test_1_artifice_no_procyon → NON-CLONE
[3209/50000] 2026-06-30 05:07:12 | R1 | guessword/test_0_orig_no_krakatau vs InfixConverter/test_1_artifice_pg_krakatau → NON-CLONE
[3210/50000] 2026-06-30 05:07:13 | R1 | guessword/test_0_orig_no_krakatau vs InfixConverter/test_1_artifice_pg_procyon → NON-CLONE
[3211/50000] 2026-06-30 05:07:14 | R1 | guessword/test_0_orig_no_krakatau vs SqrtAlgorithm/0_orig → NON-CLONE
[3212/50000] 2026-06-30 05:07:15 | R1 | guessword/test_0_orig_no_krakatau vs SqrtAlgorithm/1_artifice → NON-CLONE
[3213/50000] 2026-06-30 05:07:17 | R1 | guessword/test_0_orig_no_krakatau vs SqrtAlgorithm/test_0_orig_no_krakatau → NON-CLONE
[3214/50000] 2026-06-30 05:07:17 | R1 | guessword/test_0_orig_no_krakatau vs SqrtAlgorithm/test_0_orig_no_procyon → NON-CLONE
[3215/50000] 2026-06-30 05:07:18 | R1 | guessword/test_0_orig_no_krakatau vs SqrtAlgorithm/test_0_orig_pg_krakatau → NON-CLONE
[3216/50000] 2026-06-30 05:07:19 | R1 | guessword/test_0_orig_no_krakatau vs SqrtAlgorithm/test_0_orig_pg_procyon → NON-CLONE
[3217/50000] 2026-06-30 05:07:21 | R1 | guessword/test_0_orig_no_krakatau vs SqrtAlgorithm/test_1_artifice_no_krakatau → NON-CLONE
[3218/50000] 2026-06-30 05:07:22 | R1 | guessword/test_0_orig_no_krakatau vs SqrtAlgorithm/test_1_artifice_no_procyon → NON-CLONE
[3219/50000] 2026-06-30 05:07:23 | R1 | guessword/test_0_orig_no_krakatau vs SqrtAlgorithm/test_1_artifice_pg_krakatau → NON-CLONE
[3220/50000] 2026-06-30 05:07:25 | R1 | guessword/test_0_orig_no_krakatau vs SqrtAlgorithm/test_1_artifice_pg_procyon → NON-CLONE
[3221/50000] 2026-06-30 05:07:26 | R1 | guessword/test_0_orig_no_krakatau vs bubblesort/0_orig → NON-CLONE
[3222/50000] 2026-06-30 05:07:27 | R1 | guessword/test_0_orig_no_krakatau vs bubblesort/1_artifice → NON-CLONE
[3223/50000] 2026-06-30 05:07:28 | R1 | guessword/test_0_orig_no_krakatau vs bubblesort/test_0_orig_no_krakatau → NON-CLONE
[3224/50000] 2026-06-30 05:07:29 | R1 | guessword/test_0_orig_no_krakatau vs bubblesort/test_0_orig_no_procyon → NON-CLONE
[3225/50000] 2026-06-30 05:07:29 | R1 | guessword/test_0_orig_no_krakatau vs bubblesort/test_0_orig_pg_krakatau → NON-CLONE
[3226/50000] 2026-06-30 05:07:30 | R1 | guessword/test_0_orig_no_krakatau vs bubblesort/test_0_orig_pg_procyon → NON-CLONE
[3227/50000] 2026-06-30 05:07:31 | R1 | guessword/test_0_orig_no_krakatau vs bubblesort/test_1_artifice_no_krakatau → NON-CLONE
[3228/50000] 2026-06-30 05:07:32 | R1 | guessword/test_0_orig_no_krakatau vs bubblesort/test_1_artifice_no_procyon → NON-CLONE
[3229/50000] 2026-06-30 05:07:33 | R1 | guessword/test_0_orig_no_krakatau vs bubblesort/test_1_artifice_pg_krakatau → NON-CLONE
[3230/50000] 2026-06-30 05:07:34 | R1 | guessword/test_0_orig_no_krakatau vs bubblesort/test_1_artifice_pg_procyon → NON-CLONE
[3231/50000] 2026-06-30 05:07:35 | R1 | guessword/test_0_orig_no_krakatau vs guessword/0_orig → CLONE
[3232/50000] 2026-06-30 05:07:36 | R1 | guessword/test_0_orig_no_krakatau vs guessword/1_artifice → CLONE
[3233/50000] 2026-06-30 05:07:37 | R1 | guessword/test_0_orig_no_krakatau vs guessword/test_0_orig_no_krakatau → CLONE
[3234/50000] 2026-06-30 05:07:38 | R1 | guessword/test_0_orig_no_krakatau vs guessword/test_0_orig_no_procyon → CLONE
[3235/50000] 2026-06-30 05:07:39 | R1 | guessword/test_0_orig_no_krakatau vs guessword/test_0_orig_pg_krakatau → CLONE
[3236/50000] 2026-06-30 05:07:40 | R1 | guessword/test_0_orig_no_krakatau vs guessword/test_0_orig_pg_procyon → CLONE
[3237/50000] 2026-06-30 05:07:41 | R1 | guessword/test_0_orig_no_krakatau vs guessword/test_1_artifice_no_krakatau → CLONE
[3238/50000] 2026-06-30 05:07:42 | R1 | guessword/test_0_orig_no_krakatau vs guessword/test_1_artifice_no_procyon → CLONE
[3239/50000] 2026-06-30 05:07:42 | R1 | guessword/test_0_orig_no_krakatau vs guessword/test_1_artifice_pg_krakatau → CLONE
[3240/50000] 2026-06-30 05:07:44 | R1 | guessword/test_0_orig_no_krakatau vs guessword/test_1_artifice_pg_procyon → CLONE
[3241/50000] 2026-06-30 05:07:45 | R1 | guessword/test_0_orig_no_krakatau vs hanoi/0_orig → NON-CLONE
[3242/50000] 2026-06-30 05:07:46 | R1 | guessword/test_0_orig_no_krakatau vs hanoi/1_artifice → NON-CLONE
[3243/50000] 2026-06-30 05:07:47 | R1 | guessword/test_0_orig_no_krakatau vs hanoi/test_0_orig_no_krakatau → NON-CLONE
[3244/50000] 2026-06-30 05:07:48 | R1 | guessword/test_0_orig_no_krakatau vs hanoi/test_0_orig_no_procyon → NON-CLONE
[3245/50000] 2026-06-30 05:07:49 | R1 | guessword/test_0_orig_no_krakatau vs hanoi/test_0_orig_pg_krakatau → NON-CLONE
[3246/50000] 2026-06-30 05:07:51 | R1 | guessword/test_0_orig_no_krakatau vs hanoi/test_0_orig_pg_procyon → NON-CLONE
[3247/50000] 2026-06-30 05:07:51 | R1 | guessword/test_0_orig_no_krakatau vs hanoi/test_1_artifice_no_krakatau → NON-CLONE
[3248/50000] 2026-06-30 05:07:52 | R1 | guessword/test_0_orig_no_krakatau vs hanoi/test_1_artifice_no_procyon → NON-CLONE
[3249/50000] 2026-06-30 05:07:53 | R1 | guessword/test_0_orig_no_krakatau vs hanoi/test_1_artifice_pg_krakatau → NON-CLONE
[3250/50000] 2026-06-30 05:07:55 | R1 | guessword/test_0_orig_no_krakatau vs hanoi/test_1_artifice_pg_procyon → NON-CLONE
[3251/50000] 2026-06-30 05:07:56 | R1 | guessword/test_0_orig_no_krakatau vs kaprekar/0_orig → NON-CLONE
[3252/50000] 2026-06-30 05:07:57 | R1 | guessword/test_0_orig_no_krakatau vs kaprekar/1_artifice → NON-CLONE
[3253/50000] 2026-06-30 05:07:58 | R1 | guessword/test_0_orig_no_krakatau vs kaprekar/test_0_orig_no_krakatau → NON-CLONE
[3254/50000] 2026-06-30 05:07:59 | R1 | guessword/test_0_orig_no_krakatau vs kaprekar/test_0_orig_no_procyon → NON-CLONE
[3255/50000] 2026-06-30 05:08:00 | R1 | guessword/test_0_orig_no_krakatau vs kaprekar/test_0_orig_pg_krakatau → NON-CLONE
[3256/50000] 2026-06-30 05:08:01 | R1 | guessword/test_0_orig_no_krakatau vs kaprekar/test_0_orig_pg_procyon → NON-CLONE
[3257/50000] 2026-06-30 05:08:02 | R1 | guessword/test_0_orig_no_krakatau vs kaprekar/test_1_artifice_no_krakatau → NON-CLONE
[3258/50000] 2026-06-30 05:08:04 | R1 | guessword/test_0_orig_no_krakatau vs kaprekar/test_1_artifice_no_procyon → NON-CLONE
[3259/50000] 2026-06-30 05:08:05 | R1 | guessword/test_0_orig_no_krakatau vs kaprekar/test_1_artifice_pg_krakatau → NON-CLONE
[3260/50000] 2026-06-30 05:08:06 | R1 | guessword/test_0_orig_no_krakatau vs kaprekar/test_1_artifice_pg_procyon → NON-CLONE
[3261/50000] 2026-06-30 05:08:07 | R1 | guessword/test_0_orig_no_krakatau vs queens/0_orig → NON-CLONE
[3262/50000] 2026-06-30 05:08:09 | R1 | guessword/test_0_orig_no_krakatau vs queens/1_artifice → NON-CLONE
[3263/50000] 2026-06-30 05:08:10 | R1 | guessword/test_0_orig_no_krakatau vs queens/test_0_orig_no_krakatau → NON-CLONE
[3264/50000] 2026-06-30 05:08:11 | R1 | guessword/test_0_orig_no_krakatau vs queens/test_0_orig_no_procyon → NON-CLONE
[3265/50000] 2026-06-30 05:08:11 | R1 | guessword/test_0_orig_no_krakatau vs queens/test_0_orig_pg_krakatau → NON-CLONE
[3266/50000] 2026-06-30 05:08:12 | R1 | guessword/test_0_orig_no_krakatau vs queens/test_0_orig_pg_procyon → NON-CLONE
[3267/50000] 2026-06-30 05:08:14 | R1 | guessword/test_0_orig_no_krakatau vs queens/test_1_artifice_no_krakatau → NON-CLONE
[3268/50000] 2026-06-30 05:08:15 | R1 | guessword/test_0_orig_no_krakatau vs queens/test_1_artifice_no_procyon → NON-CLONE
[3269/50000] 2026-06-30 05:08:16 | R1 | guessword/test_0_orig_no_krakatau vs queens/test_1_artifice_pg_krakatau → NON-CLONE
[3270/50000] 2026-06-30 05:08:17 | R1 | guessword/test_0_orig_no_krakatau vs queens/test_1_artifice_pg_procyon → NON-CLONE
[3271/50000] 2026-06-30 05:08:18 | R1 | guessword/test_0_orig_no_krakatau vs railroadcar/0_orig → NON-CLONE
[3272/50000] 2026-06-30 05:08:19 | R1 | guessword/test_0_orig_no_krakatau vs railroadcar/1_artifice → NON-CLONE
[3273/50000] 2026-06-30 05:08:20 | R1 | guessword/test_0_orig_no_krakatau vs railroadcar/test_0_orig_no_krakatau → NON-CLONE
[3274/50000] 2026-06-30 05:08:21 | R1 | guessword/test_0_orig_no_krakatau vs railroadcar/test_0_orig_no_procyon → NON-CLONE
[3275/50000] 2026-06-30 05:08:22 | R1 | guessword/test_0_orig_no_krakatau vs railroadcar/test_0_orig_pg_krakatau → NON-CLONE
[3276/50000] 2026-06-30 05:08:23 | R1 | guessword/test_0_orig_no_krakatau vs railroadcar/test_0_orig_pg_procyon → NON-CLONE
[3277/50000] 2026-06-30 05:08:24 | R1 | guessword/test_0_orig_no_krakatau vs railroadcar/test_1_artifice_no_krakatau → NON-CLONE
[3278/50000] 2026-06-30 05:08:25 | R1 | guessword/test_0_orig_no_krakatau vs railroadcar/test_1_artifice_no_procyon → NON-CLONE
[3279/50000] 2026-06-30 05:08:26 | R1 | guessword/test_0_orig_no_krakatau vs railroadcar/test_1_artifice_pg_krakatau → NON-CLONE
[3280/50000] 2026-06-30 05:08:27 | R1 | guessword/test_0_orig_no_krakatau vs railroadcar/test_1_artifice_pg_procyon → NON-CLONE
[3281/50000] 2026-06-30 05:08:28 | R1 | guessword/test_0_orig_no_krakatau vs slinkedlist/0_orig → NON-CLONE
[3282/50000] 2026-06-30 05:08:29 | R1 | guessword/test_0_orig_no_krakatau vs slinkedlist/1_artifice → NON-CLONE
[3283/50000] 2026-06-30 05:08:30 | R1 | guessword/test_0_orig_no_krakatau vs slinkedlist/test_0_orig_no_krakatau → NON-CLONE
[3284/50000] 2026-06-30 05:08:31 | R1 | guessword/test_0_orig_no_krakatau vs slinkedlist/test_0_orig_no_procyon → NON-CLONE
[3285/50000] 2026-06-30 05:08:32 | R1 | guessword/test_0_orig_no_krakatau vs slinkedlist/test_0_orig_pg_krakatau → NON-CLONE
[3286/50000] 2026-06-30 05:08:33 | R1 | guessword/test_0_orig_no_krakatau vs slinkedlist/test_0_orig_pg_procyon → NON-CLONE
[3287/50000] 2026-06-30 05:08:34 | R1 | guessword/test_0_orig_no_krakatau vs slinkedlist/test_1_artifice_no_krakatau → NON-CLONE
[3288/50000] 2026-06-30 05:08:35 | R1 | guessword/test_0_orig_no_krakatau vs slinkedlist/test_1_artifice_no_procyon → NON-CLONE
[3289/50000] 2026-06-30 05:08:35 | R1 | guessword/test_0_orig_no_krakatau vs slinkedlist/test_1_artifice_pg_krakatau → NON-CLONE
[3290/50000] 2026-06-30 05:08:36 | R1 | guessword/test_0_orig_no_krakatau vs slinkedlist/test_1_artifice_pg_procyon → NON-CLONE
[3291/50000] 2026-06-30 05:08:37 | R1 | guessword/test_0_orig_no_krakatau vs square/0_orig → NON-CLONE
[3292/50000] 2026-06-30 05:08:37 | R1 | guessword/test_0_orig_no_krakatau vs square/1_artifice → NON-CLONE
[3293/50000] 2026-06-30 05:08:39 | R1 | guessword/test_0_orig_no_krakatau vs square/test_0_orig_no_krakatau → NON-CLONE
[3294/50000] 2026-06-30 05:08:40 | R1 | guessword/test_0_orig_no_krakatau vs square/test_0_orig_no_procyon → NON-CLONE
[3295/50000] 2026-06-30 05:08:41 | R1 | guessword/test_0_orig_no_krakatau vs square/test_0_orig_pg_krakatau → NON-CLONE
[3296/50000] 2026-06-30 05:08:43 | R1 | guessword/test_0_orig_no_krakatau vs square/test_0_orig_pg_procyon → NON-CLONE
[3297/50000] 2026-06-30 05:08:44 | R1 | guessword/test_0_orig_no_krakatau vs square/test_1_artifice_no_krakatau → NON-CLONE
[3298/50000] 2026-06-30 05:08:45 | R1 | guessword/test_0_orig_no_krakatau vs square/test_1_artifice_no_procyon → NON-CLONE
[3299/50000] 2026-06-30 05:08:46 | R1 | guessword/test_0_orig_no_krakatau vs square/test_1_artifice_pg_krakatau → NON-CLONE
[3300/50000] 2026-06-30 05:08:47 | R1 | guessword/test_0_orig_no_krakatau vs square/test_1_artifice_pg_procyon → NON-CLONE
[3301/50000] 2026-06-30 05:08:48 | R1 | guessword/test_0_orig_no_procyon vs InfixConverter/0_orig → NON-CLONE
[3302/50000] 2026-06-30 05:08:49 | R1 | guessword/test_0_orig_no_procyon vs InfixConverter/1_artifice → NON-CLONE
[3303/50000] 2026-06-30 05:08:51 | R1 | guessword/test_0_orig_no_procyon vs InfixConverter/test_0_orig_no_krakatau → NON-CLONE
[3304/50000] 2026-06-30 05:08:52 | R1 | guessword/test_0_orig_no_procyon vs InfixConverter/test_0_orig_no_procyon → NON-CLONE
[3305/50000] 2026-06-30 05:08:53 | R1 | guessword/test_0_orig_no_procyon vs InfixConverter/test_0_orig_pg_krakatau → NON-CLONE
[3306/50000] 2026-06-30 05:08:54 | R1 | guessword/test_0_orig_no_procyon vs InfixConverter/test_0_orig_pg_procyon → NON-CLONE
[3307/50000] 2026-06-30 05:08:55 | R1 | guessword/test_0_orig_no_procyon vs InfixConverter/test_1_artifice_no_krakatau → NON-CLONE
[3308/50000] 2026-06-30 05:08:56 | R1 | guessword/test_0_orig_no_procyon vs InfixConverter/test_1_artifice_no_procyon → NON-CLONE
[3309/50000] 2026-06-30 05:08:57 | R1 | guessword/test_0_orig_no_procyon vs InfixConverter/test_1_artifice_pg_krakatau → NON-CLONE
[3310/50000] 2026-06-30 05:08:58 | R1 | guessword/test_0_orig_no_procyon vs InfixConverter/test_1_artifice_pg_procyon → NON-CLONE
[3311/50000] 2026-06-30 05:08:59 | R1 | guessword/test_0_orig_no_procyon vs SqrtAlgorithm/0_orig → NON-CLONE
[3312/50000] 2026-06-30 05:09:00 | R1 | guessword/test_0_orig_no_procyon vs SqrtAlgorithm/1_artifice → NON-CLONE
[3313/50000] 2026-06-30 05:09:00 | R1 | guessword/test_0_orig_no_procyon vs SqrtAlgorithm/test_0_orig_no_krakatau → NON-CLONE
[3314/50000] 2026-06-30 05:09:01 | R1 | guessword/test_0_orig_no_procyon vs SqrtAlgorithm/test_0_orig_no_procyon → NON-CLONE
[3315/50000] 2026-06-30 05:09:03 | R1 | guessword/test_0_orig_no_procyon vs SqrtAlgorithm/test_0_orig_pg_krakatau → NON-CLONE
[3316/50000] 2026-06-30 05:09:04 | R1 | guessword/test_0_orig_no_procyon vs SqrtAlgorithm/test_0_orig_pg_procyon → NON-CLONE
[3317/50000] 2026-06-30 05:09:05 | R1 | guessword/test_0_orig_no_procyon vs SqrtAlgorithm/test_1_artifice_no_krakatau → NON-CLONE
[3318/50000] 2026-06-30 05:09:06 | R1 | guessword/test_0_orig_no_procyon vs SqrtAlgorithm/test_1_artifice_no_procyon → NON-CLONE
[3319/50000] 2026-06-30 05:09:07 | R1 | guessword/test_0_orig_no_procyon vs SqrtAlgorithm/test_1_artifice_pg_krakatau → NON-CLONE
[3320/50000] 2026-06-30 05:09:08 | R1 | guessword/test_0_orig_no_procyon vs SqrtAlgorithm/test_1_artifice_pg_procyon → NON-CLONE
[3321/50000] 2026-06-30 05:09:09 | R1 | guessword/test_0_orig_no_procyon vs bubblesort/0_orig → NON-CLONE
[3322/50000] 2026-06-30 05:09:10 | R1 | guessword/test_0_orig_no_procyon vs bubblesort/1_artifice → NON-CLONE
[3323/50000] 2026-06-30 05:09:10 | R1 | guessword/test_0_orig_no_procyon vs bubblesort/test_0_orig_no_krakatau → NON-CLONE
[3324/50000] 2026-06-30 05:09:11 | R1 | guessword/test_0_orig_no_procyon vs bubblesort/test_0_orig_no_procyon → NON-CLONE
[3325/50000] 2026-06-30 05:09:12 | R1 | guessword/test_0_orig_no_procyon vs bubblesort/test_0_orig_pg_krakatau → NON-CLONE
[3326/50000] 2026-06-30 05:09:13 | R1 | guessword/test_0_orig_no_procyon vs bubblesort/test_0_orig_pg_procyon → NON-CLONE
[3327/50000] 2026-06-30 05:09:14 | R1 | guessword/test_0_orig_no_procyon vs bubblesort/test_1_artifice_no_krakatau → NON-CLONE
[3328/50000] 2026-06-30 05:09:15 | R1 | guessword/test_0_orig_no_procyon vs bubblesort/test_1_artifice_no_procyon → NON-CLONE
[3329/50000] 2026-06-30 05:09:16 | R1 | guessword/test_0_orig_no_procyon vs bubblesort/test_1_artifice_pg_krakatau → NON-CLONE
[3330/50000] 2026-06-30 05:09:17 | R1 | guessword/test_0_orig_no_procyon vs bubblesort/test_1_artifice_pg_procyon → NON-CLONE
[3331/50000] 2026-06-30 05:09:18 | R1 | guessword/test_0_orig_no_procyon vs guessword/0_orig → CLONE
[3332/50000] 2026-06-30 05:09:19 | R1 | guessword/test_0_orig_no_procyon vs guessword/1_artifice → CLONE
[3333/50000] 2026-06-30 05:09:20 | R1 | guessword/test_0_orig_no_procyon vs guessword/test_0_orig_no_krakatau → CLONE
[3334/50000] 2026-06-30 05:09:22 | R1 | guessword/test_0_orig_no_procyon vs guessword/test_0_orig_no_procyon → CLONE
[3335/50000] 2026-06-30 05:09:23 | R1 | guessword/test_0_orig_no_procyon vs guessword/test_0_orig_pg_krakatau → CLONE
[3336/50000] 2026-06-30 05:09:24 | R1 | guessword/test_0_orig_no_procyon vs guessword/test_0_orig_pg_procyon → CLONE
[3337/50000] 2026-06-30 05:09:25 | R1 | guessword/test_0_orig_no_procyon vs guessword/test_1_artifice_no_krakatau → CLONE
[3338/50000] 2026-06-30 05:09:26 | R1 | guessword/test_0_orig_no_procyon vs guessword/test_1_artifice_no_procyon → CLONE
[3339/50000] 2026-06-30 05:09:27 | R1 | guessword/test_0_orig_no_procyon vs guessword/test_1_artifice_pg_krakatau → CLONE
[3340/50000] 2026-06-30 05:09:28 | R1 | guessword/test_0_orig_no_procyon vs guessword/test_1_artifice_pg_procyon → CLONE
[3341/50000] 2026-06-30 05:09:28 | R1 | guessword/test_0_orig_no_procyon vs hanoi/0_orig → NON-CLONE
[3342/50000] 2026-06-30 05:09:29 | R1 | guessword/test_0_orig_no_procyon vs hanoi/1_artifice → NON-CLONE
[3343/50000] 2026-06-30 05:09:31 | R1 | guessword/test_0_orig_no_procyon vs hanoi/test_0_orig_no_krakatau → NON-CLONE
[3344/50000] 2026-06-30 05:09:32 | R1 | guessword/test_0_orig_no_procyon vs hanoi/test_0_orig_no_procyon → NON-CLONE
[3345/50000] 2026-06-30 05:09:33 | R1 | guessword/test_0_orig_no_procyon vs hanoi/test_0_orig_pg_krakatau → NON-CLONE
[3346/50000] 2026-06-30 05:09:34 | R1 | guessword/test_0_orig_no_procyon vs hanoi/test_0_orig_pg_procyon → NON-CLONE
[3347/50000] 2026-06-30 05:09:35 | R1 | guessword/test_0_orig_no_procyon vs hanoi/test_1_artifice_no_krakatau → NON-CLONE
[3348/50000] 2026-06-30 05:09:35 | R1 | guessword/test_0_orig_no_procyon vs hanoi/test_1_artifice_no_procyon → NON-CLONE
[3349/50000] 2026-06-30 05:09:37 | R1 | guessword/test_0_orig_no_procyon vs hanoi/test_1_artifice_pg_krakatau → NON-CLONE
[3350/50000] 2026-06-30 05:09:38 | R1 | guessword/test_0_orig_no_procyon vs hanoi/test_1_artifice_pg_procyon → NON-CLONE
[3351/50000] 2026-06-30 05:09:39 | R1 | guessword/test_0_orig_no_procyon vs kaprekar/0_orig → NON-CLONE
[3352/50000] 2026-06-30 05:09:40 | R1 | guessword/test_0_orig_no_procyon vs kaprekar/1_artifice → NON-CLONE
[3353/50000] 2026-06-30 05:09:41 | R1 | guessword/test_0_orig_no_procyon vs kaprekar/test_0_orig_no_krakatau → NON-CLONE
[3354/50000] 2026-06-30 05:09:42 | R1 | guessword/test_0_orig_no_procyon vs kaprekar/test_0_orig_no_procyon → NON-CLONE
[3355/50000] 2026-06-30 05:09:43 | R1 | guessword/test_0_orig_no_procyon vs kaprekar/test_0_orig_pg_krakatau → NON-CLONE
[3356/50000] 2026-06-30 05:09:44 | R1 | guessword/test_0_orig_no_procyon vs kaprekar/test_0_orig_pg_procyon → NON-CLONE
[3357/50000] 2026-06-30 05:09:45 | R1 | guessword/test_0_orig_no_procyon vs kaprekar/test_1_artifice_no_krakatau → NON-CLONE
[3358/50000] 2026-06-30 05:09:47 | R1 | guessword/test_0_orig_no_procyon vs kaprekar/test_1_artifice_no_procyon → NON-CLONE
[3359/50000] 2026-06-30 05:09:48 | R1 | guessword/test_0_orig_no_procyon vs kaprekar/test_1_artifice_pg_krakatau → NON-CLONE
[3360/50000] 2026-06-30 05:09:49 | R1 | guessword/test_0_orig_no_procyon vs kaprekar/test_1_artifice_pg_procyon → NON-CLONE
[3361/50000] 2026-06-30 05:09:50 | R1 | guessword/test_0_orig_no_procyon vs queens/0_orig → NON-CLONE
[3362/50000] 2026-06-30 05:09:51 | R1 | guessword/test_0_orig_no_procyon vs queens/1_artifice → NON-CLONE
[3363/50000] 2026-06-30 05:09:53 | R1 | guessword/test_0_orig_no_procyon vs queens/test_0_orig_no_krakatau → NON-CLONE
[3364/50000] 2026-06-30 05:09:53 | R1 | guessword/test_0_orig_no_procyon vs queens/test_0_orig_no_procyon → NON-CLONE
[3365/50000] 2026-06-30 05:09:54 | R1 | guessword/test_0_orig_no_procyon vs queens/test_0_orig_pg_krakatau → NON-CLONE
[3366/50000] 2026-06-30 05:09:55 | R1 | guessword/test_0_orig_no_procyon vs queens/test_0_orig_pg_procyon → NON-CLONE
[3367/50000] 2026-06-30 05:09:56 | R1 | guessword/test_0_orig_no_procyon vs queens/test_1_artifice_no_krakatau → NON-CLONE
[3368/50000] 2026-06-30 05:09:57 | R1 | guessword/test_0_orig_no_procyon vs queens/test_1_artifice_no_procyon → NON-CLONE
[3369/50000] 2026-06-30 05:09:58 | R1 | guessword/test_0_orig_no_procyon vs queens/test_1_artifice_pg_krakatau → NON-CLONE
[3370/50000] 2026-06-30 05:09:59 | R1 | guessword/test_0_orig_no_procyon vs queens/test_1_artifice_pg_procyon → NON-CLONE
[3371/50000] 2026-06-30 05:10:00 | R1 | guessword/test_0_orig_no_procyon vs railroadcar/0_orig → NON-CLONE
[3372/50000] 2026-06-30 05:10:01 | R1 | guessword/test_0_orig_no_procyon vs railroadcar/1_artifice → NON-CLONE
[3373/50000] 2026-06-30 05:10:03 | R1 | guessword/test_0_orig_no_procyon vs railroadcar/test_0_orig_no_krakatau → NON-CLONE
[3374/50000] 2026-06-30 05:10:04 | R1 | guessword/test_0_orig_no_procyon vs railroadcar/test_0_orig_no_procyon → NON-CLONE
[3375/50000] 2026-06-30 05:10:05 | R1 | guessword/test_0_orig_no_procyon vs railroadcar/test_0_orig_pg_krakatau → NON-CLONE
[3376/50000] 2026-06-30 05:10:05 | R1 | guessword/test_0_orig_no_procyon vs railroadcar/test_0_orig_pg_procyon → NON-CLONE
[3377/50000] 2026-06-30 05:10:06 | R1 | guessword/test_0_orig_no_procyon vs railroadcar/test_1_artifice_no_krakatau → NON-CLONE
[3378/50000] 2026-06-30 05:10:07 | R1 | guessword/test_0_orig_no_procyon vs railroadcar/test_1_artifice_no_procyon → NON-CLONE
[3379/50000] 2026-06-30 05:10:08 | R1 | guessword/test_0_orig_no_procyon vs railroadcar/test_1_artifice_pg_krakatau → NON-CLONE
[3380/50000] 2026-06-30 05:10:10 | R1 | guessword/test_0_orig_no_procyon vs railroadcar/test_1_artifice_pg_procyon → NON-CLONE
[3381/50000] 2026-06-30 05:10:11 | R1 | guessword/test_0_orig_no_procyon vs slinkedlist/0_orig → NON-CLONE
[3382/50000] 2026-06-30 05:10:11 | R1 | guessword/test_0_orig_no_procyon vs slinkedlist/1_artifice → NON-CLONE
[3383/50000] 2026-06-30 05:10:12 | R1 | guessword/test_0_orig_no_procyon vs slinkedlist/test_0_orig_no_krakatau → NON-CLONE
[3384/50000] 2026-06-30 05:10:13 | R1 | guessword/test_0_orig_no_procyon vs slinkedlist/test_0_orig_no_procyon → NON-CLONE
[3385/50000] 2026-06-30 05:10:14 | R1 | guessword/test_0_orig_no_procyon vs slinkedlist/test_0_orig_pg_krakatau → NON-CLONE
[3386/50000] 2026-06-30 05:10:15 | R1 | guessword/test_0_orig_no_procyon vs slinkedlist/test_0_orig_pg_procyon → NON-CLONE
[3387/50000] 2026-06-30 05:10:16 | R1 | guessword/test_0_orig_no_procyon vs slinkedlist/test_1_artifice_no_krakatau → NON-CLONE
[3388/50000] 2026-06-30 05:10:16 | R1 | guessword/test_0_orig_no_procyon vs slinkedlist/test_1_artifice_no_procyon → NON-CLONE
[3389/50000] 2026-06-30 05:10:17 | R1 | guessword/test_0_orig_no_procyon vs slinkedlist/test_1_artifice_pg_krakatau → NON-CLONE
[3390/50000] 2026-06-30 05:10:18 | R1 | guessword/test_0_orig_no_procyon vs slinkedlist/test_1_artifice_pg_procyon → NON-CLONE
[3391/50000] 2026-06-30 05:10:19 | R1 | guessword/test_0_orig_no_procyon vs square/0_orig → NON-CLONE
[3392/50000] 2026-06-30 05:10:20 | R1 | guessword/test_0_orig_no_procyon vs square/1_artifice → NON-CLONE
[3393/50000] 2026-06-30 05:10:22 | R1 | guessword/test_0_orig_no_procyon vs square/test_0_orig_no_krakatau → NON-CLONE
[3394/50000] 2026-06-30 05:10:23 | R1 | guessword/test_0_orig_no_procyon vs square/test_0_orig_no_procyon → NON-CLONE
[3395/50000] 2026-06-30 05:10:24 | R1 | guessword/test_0_orig_no_procyon vs square/test_0_orig_pg_krakatau → NON-CLONE
[3396/50000] 2026-06-30 05:10:25 | R1 | guessword/test_0_orig_no_procyon vs square/test_0_orig_pg_procyon → NON-CLONE
[3397/50000] 2026-06-30 05:10:27 | R1 | guessword/test_0_orig_no_procyon vs square/test_1_artifice_no_krakatau → NON-CLONE
[3398/50000] 2026-06-30 05:10:27 | R1 | guessword/test_0_orig_no_procyon vs square/test_1_artifice_no_procyon → NON-CLONE
[3399/50000] 2026-06-30 05:10:29 | R1 | guessword/test_0_orig_no_procyon vs square/test_1_artifice_pg_krakatau → NON-CLONE
[3400/50000] 2026-06-30 05:10:29 | R1 | guessword/test_0_orig_no_procyon vs square/test_1_artifice_pg_procyon → NON-CLONE
[3401/50000] 2026-06-30 05:10:30 | R1 | guessword/test_0_orig_pg_krakatau vs InfixConverter/0_orig → NON-CLONE
[3402/50000] 2026-06-30 05:10:32 | R1 | guessword/test_0_orig_pg_krakatau vs InfixConverter/1_artifice → NON-CLONE
[3403/50000] 2026-06-30 05:10:33 | R1 | guessword/test_0_orig_pg_krakatau vs InfixConverter/test_0_orig_no_krakatau → NON-CLONE
[3404/50000] 2026-06-30 05:10:34 | R1 | guessword/test_0_orig_pg_krakatau vs InfixConverter/test_0_orig_no_procyon → NON-CLONE
[3405/50000] 2026-06-30 05:10:35 | R1 | guessword/test_0_orig_pg_krakatau vs InfixConverter/test_0_orig_pg_krakatau → NON-CLONE
[3406/50000] 2026-06-30 05:10:36 | R1 | guessword/test_0_orig_pg_krakatau vs InfixConverter/test_0_orig_pg_procyon → NON-CLONE
[3407/50000] 2026-06-30 05:10:38 | R1 | guessword/test_0_orig_pg_krakatau vs InfixConverter/test_1_artifice_no_krakatau → NON-CLONE
[3408/50000] 2026-06-30 05:10:39 | R1 | guessword/test_0_orig_pg_krakatau vs InfixConverter/test_1_artifice_no_procyon → NON-CLONE
[3409/50000] 2026-06-30 05:10:40 | R1 | guessword/test_0_orig_pg_krakatau vs InfixConverter/test_1_artifice_pg_krakatau → NON-CLONE
[3410/50000] 2026-06-30 05:10:41 | R1 | guessword/test_0_orig_pg_krakatau vs InfixConverter/test_1_artifice_pg_procyon → NON-CLONE
[3411/50000] 2026-06-30 05:10:42 | R1 | guessword/test_0_orig_pg_krakatau vs SqrtAlgorithm/0_orig → NON-CLONE
[3412/50000] 2026-06-30 05:10:43 | R1 | guessword/test_0_orig_pg_krakatau vs SqrtAlgorithm/1_artifice → NON-CLONE
[3413/50000] 2026-06-30 05:10:45 | R1 | guessword/test_0_orig_pg_krakatau vs SqrtAlgorithm/test_0_orig_no_krakatau → NON-CLONE
[3414/50000] 2026-06-30 05:10:46 | R1 | guessword/test_0_orig_pg_krakatau vs SqrtAlgorithm/test_0_orig_no_procyon → NON-CLONE
[3415/50000] 2026-06-30 05:10:47 | R1 | guessword/test_0_orig_pg_krakatau vs SqrtAlgorithm/test_0_orig_pg_krakatau → NON-CLONE
[3416/50000] 2026-06-30 05:10:47 | R1 | guessword/test_0_orig_pg_krakatau vs SqrtAlgorithm/test_0_orig_pg_procyon → NON-CLONE
[3417/50000] 2026-06-30 05:10:49 | R1 | guessword/test_0_orig_pg_krakatau vs SqrtAlgorithm/test_1_artifice_no_krakatau → NON-CLONE
[3418/50000] 2026-06-30 05:10:49 | R1 | guessword/test_0_orig_pg_krakatau vs SqrtAlgorithm/test_1_artifice_no_procyon → NON-CLONE
[3419/50000] 2026-06-30 05:10:51 | R1 | guessword/test_0_orig_pg_krakatau vs SqrtAlgorithm/test_1_artifice_pg_krakatau → NON-CLONE
[3420/50000] 2026-06-30 05:10:52 | R1 | guessword/test_0_orig_pg_krakatau vs SqrtAlgorithm/test_1_artifice_pg_procyon → NON-CLONE
[3421/50000] 2026-06-30 05:10:53 | R1 | guessword/test_0_orig_pg_krakatau vs bubblesort/0_orig → NON-CLONE
[3422/50000] 2026-06-30 05:10:53 | R1 | guessword/test_0_orig_pg_krakatau vs bubblesort/1_artifice → NON-CLONE
[3423/50000] 2026-06-30 05:10:54 | R1 | guessword/test_0_orig_pg_krakatau vs bubblesort/test_0_orig_no_krakatau → NON-CLONE
[3424/50000] 2026-06-30 05:10:55 | R1 | guessword/test_0_orig_pg_krakatau vs bubblesort/test_0_orig_no_procyon → NON-CLONE
[3425/50000] 2026-06-30 05:10:57 | R1 | guessword/test_0_orig_pg_krakatau vs bubblesort/test_0_orig_pg_krakatau → NON-CLONE
[3426/50000] 2026-06-30 05:10:57 | R1 | guessword/test_0_orig_pg_krakatau vs bubblesort/test_0_orig_pg_procyon → NON-CLONE
[3427/50000] 2026-06-30 05:10:59 | R1 | guessword/test_0_orig_pg_krakatau vs bubblesort/test_1_artifice_no_krakatau → NON-CLONE
[3428/50000] 2026-06-30 05:11:00 | R1 | guessword/test_0_orig_pg_krakatau vs bubblesort/test_1_artifice_no_procyon → NON-CLONE
[3429/50000] 2026-06-30 05:11:00 | R1 | guessword/test_0_orig_pg_krakatau vs bubblesort/test_1_artifice_pg_krakatau → NON-CLONE
[3430/50000] 2026-06-30 05:11:01 | R1 | guessword/test_0_orig_pg_krakatau vs bubblesort/test_1_artifice_pg_procyon → NON-CLONE
[3431/50000] 2026-06-30 05:11:02 | R1 | guessword/test_0_orig_pg_krakatau vs guessword/0_orig → CLONE
[3432/50000] 2026-06-30 05:11:03 | R1 | guessword/test_0_orig_pg_krakatau vs guessword/1_artifice → CLONE
[3433/50000] 2026-06-30 05:11:04 | R1 | guessword/test_0_orig_pg_krakatau vs guessword/test_0_orig_no_krakatau → CLONE
[3434/50000] 2026-06-30 05:11:06 | R1 | guessword/test_0_orig_pg_krakatau vs guessword/test_0_orig_no_procyon → CLONE
[3435/50000] 2026-06-30 05:11:07 | R1 | guessword/test_0_orig_pg_krakatau vs guessword/test_0_orig_pg_krakatau → CLONE
[3436/50000] 2026-06-30 05:11:08 | R1 | guessword/test_0_orig_pg_krakatau vs guessword/test_0_orig_pg_procyon → CLONE
[3437/50000] 2026-06-30 05:11:09 | R1 | guessword/test_0_orig_pg_krakatau vs guessword/test_1_artifice_no_krakatau → CLONE
[3438/50000] 2026-06-30 05:11:10 | R1 | guessword/test_0_orig_pg_krakatau vs guessword/test_1_artifice_no_procyon → CLONE
[3439/50000] 2026-06-30 05:11:11 | R1 | guessword/test_0_orig_pg_krakatau vs guessword/test_1_artifice_pg_krakatau → CLONE
[3440/50000] 2026-06-30 05:11:12 | R1 | guessword/test_0_orig_pg_krakatau vs guessword/test_1_artifice_pg_procyon → CLONE
[3441/50000] 2026-06-30 05:11:13 | R1 | guessword/test_0_orig_pg_krakatau vs hanoi/0_orig → NON-CLONE
[3442/50000] 2026-06-30 05:11:14 | R1 | guessword/test_0_orig_pg_krakatau vs hanoi/1_artifice → NON-CLONE
[3443/50000] 2026-06-30 05:11:16 | R1 | guessword/test_0_orig_pg_krakatau vs hanoi/test_0_orig_no_krakatau → NON-CLONE
[3444/50000] 2026-06-30 05:11:17 | R1 | guessword/test_0_orig_pg_krakatau vs hanoi/test_0_orig_no_procyon → NON-CLONE
[3445/50000] 2026-06-30 05:11:19 | R1 | guessword/test_0_orig_pg_krakatau vs hanoi/test_0_orig_pg_krakatau → NON-CLONE
[3446/50000] 2026-06-30 05:11:20 | R1 | guessword/test_0_orig_pg_krakatau vs hanoi/test_0_orig_pg_procyon → NON-CLONE
[3447/50000] 2026-06-30 05:11:21 | R1 | guessword/test_0_orig_pg_krakatau vs hanoi/test_1_artifice_no_krakatau → NON-CLONE
[3448/50000] 2026-06-30 05:11:22 | R1 | guessword/test_0_orig_pg_krakatau vs hanoi/test_1_artifice_no_procyon → NON-CLONE
[3449/50000] 2026-06-30 05:11:23 | R1 | guessword/test_0_orig_pg_krakatau vs hanoi/test_1_artifice_pg_krakatau → NON-CLONE
[3450/50000] 2026-06-30 05:11:24 | R1 | guessword/test_0_orig_pg_krakatau vs hanoi/test_1_artifice_pg_procyon → NON-CLONE
[3451/50000] 2026-06-30 05:11:25 | R1 | guessword/test_0_orig_pg_krakatau vs kaprekar/0_orig → NON-CLONE
[3452/50000] 2026-06-30 05:11:26 | R1 | guessword/test_0_orig_pg_krakatau vs kaprekar/1_artifice → NON-CLONE
[3453/50000] 2026-06-30 05:11:27 | R1 | guessword/test_0_orig_pg_krakatau vs kaprekar/test_0_orig_no_krakatau → NON-CLONE
[3454/50000] 2026-06-30 05:11:29 | R1 | guessword/test_0_orig_pg_krakatau vs kaprekar/test_0_orig_no_procyon → NON-CLONE
[3455/50000] 2026-06-30 05:11:30 | R1 | guessword/test_0_orig_pg_krakatau vs kaprekar/test_0_orig_pg_krakatau → NON-CLONE
[3456/50000] 2026-06-30 05:11:31 | R1 | guessword/test_0_orig_pg_krakatau vs kaprekar/test_0_orig_pg_procyon → NON-CLONE
[3457/50000] 2026-06-30 05:11:32 | R1 | guessword/test_0_orig_pg_krakatau vs kaprekar/test_1_artifice_no_krakatau → NON-CLONE
[3458/50000] 2026-06-30 05:11:33 | R1 | guessword/test_0_orig_pg_krakatau vs kaprekar/test_1_artifice_no_procyon → NON-CLONE
[3459/50000] 2026-06-30 05:11:34 | R1 | guessword/test_0_orig_pg_krakatau vs kaprekar/test_1_artifice_pg_krakatau → NON-CLONE
[3460/50000] 2026-06-30 05:11:35 | R1 | guessword/test_0_orig_pg_krakatau vs kaprekar/test_1_artifice_pg_procyon → NON-CLONE
[3461/50000] 2026-06-30 05:11:36 | R1 | guessword/test_0_orig_pg_krakatau vs queens/0_orig → NON-CLONE
[3462/50000] 2026-06-30 05:11:37 | R1 | guessword/test_0_orig_pg_krakatau vs queens/1_artifice → NON-CLONE
[3463/50000] 2026-06-30 05:11:39 | R1 | guessword/test_0_orig_pg_krakatau vs queens/test_0_orig_no_krakatau → NON-CLONE
[3464/50000] 2026-06-30 05:11:40 | R1 | guessword/test_0_orig_pg_krakatau vs queens/test_0_orig_no_procyon → NON-CLONE
[3465/50000] 2026-06-30 05:11:41 | R1 | guessword/test_0_orig_pg_krakatau vs queens/test_0_orig_pg_krakatau → NON-CLONE
[3466/50000] 2026-06-30 05:11:42 | R1 | guessword/test_0_orig_pg_krakatau vs queens/test_0_orig_pg_procyon → NON-CLONE
[3467/50000] 2026-06-30 05:11:43 | R1 | guessword/test_0_orig_pg_krakatau vs queens/test_1_artifice_no_krakatau → NON-CLONE
[3468/50000] 2026-06-30 05:11:44 | R1 | guessword/test_0_orig_pg_krakatau vs queens/test_1_artifice_no_procyon → NON-CLONE
[3469/50000] 2026-06-30 05:11:45 | R1 | guessword/test_0_orig_pg_krakatau vs queens/test_1_artifice_pg_krakatau → NON-CLONE
[3470/50000] 2026-06-30 05:11:46 | R1 | guessword/test_0_orig_pg_krakatau vs queens/test_1_artifice_pg_procyon → NON-CLONE
[3471/50000] 2026-06-30 05:11:47 | R1 | guessword/test_0_orig_pg_krakatau vs railroadcar/0_orig → NON-CLONE
[3472/50000] 2026-06-30 05:11:48 | R1 | guessword/test_0_orig_pg_krakatau vs railroadcar/1_artifice → NON-CLONE
[3473/50000] 2026-06-30 05:11:49 | R1 | guessword/test_0_orig_pg_krakatau vs railroadcar/test_0_orig_no_krakatau → NON-CLONE
[3474/50000] 2026-06-30 05:11:50 | R1 | guessword/test_0_orig_pg_krakatau vs railroadcar/test_0_orig_no_procyon → NON-CLONE
[3475/50000] 2026-06-30 05:11:51 | R1 | guessword/test_0_orig_pg_krakatau vs railroadcar/test_0_orig_pg_krakatau → NON-CLONE
[3476/50000] 2026-06-30 05:11:52 | R1 | guessword/test_0_orig_pg_krakatau vs railroadcar/test_0_orig_pg_procyon → NON-CLONE
[3477/50000] 2026-06-30 05:11:54 | R1 | guessword/test_0_orig_pg_krakatau vs railroadcar/test_1_artifice_no_krakatau → NON-CLONE
[3478/50000] 2026-06-30 05:11:55 | R1 | guessword/test_0_orig_pg_krakatau vs railroadcar/test_1_artifice_no_procyon → NON-CLONE
[3479/50000] 2026-06-30 05:11:56 | R1 | guessword/test_0_orig_pg_krakatau vs railroadcar/test_1_artifice_pg_krakatau → NON-CLONE
[3480/50000] 2026-06-30 05:11:57 | R1 | guessword/test_0_orig_pg_krakatau vs railroadcar/test_1_artifice_pg_procyon → NON-CLONE
[3481/50000] 2026-06-30 05:11:59 | R1 | guessword/test_0_orig_pg_krakatau vs slinkedlist/0_orig → NON-CLONE
[3482/50000] 2026-06-30 05:12:00 | R1 | guessword/test_0_orig_pg_krakatau vs slinkedlist/1_artifice → NON-CLONE
[3483/50000] 2026-06-30 05:12:01 | R1 | guessword/test_0_orig_pg_krakatau vs slinkedlist/test_0_orig_no_krakatau → NON-CLONE
[3484/50000] 2026-06-30 05:12:01 | R1 | guessword/test_0_orig_pg_krakatau vs slinkedlist/test_0_orig_no_procyon → NON-CLONE
[3485/50000] 2026-06-30 05:12:03 | R1 | guessword/test_0_orig_pg_krakatau vs slinkedlist/test_0_orig_pg_krakatau → NON-CLONE
[3486/50000] 2026-06-30 05:12:03 | R1 | guessword/test_0_orig_pg_krakatau vs slinkedlist/test_0_orig_pg_procyon → NON-CLONE
[3487/50000] 2026-06-30 05:12:04 | R1 | guessword/test_0_orig_pg_krakatau vs slinkedlist/test_1_artifice_no_krakatau → NON-CLONE
[3488/50000] 2026-06-30 05:12:04 | R1 | guessword/test_0_orig_pg_krakatau vs slinkedlist/test_1_artifice_no_procyon → NON-CLONE
[3489/50000] 2026-06-30 05:12:05 | R1 | guessword/test_0_orig_pg_krakatau vs slinkedlist/test_1_artifice_pg_krakatau → NON-CLONE
[3490/50000] 2026-06-30 05:12:06 | R1 | guessword/test_0_orig_pg_krakatau vs slinkedlist/test_1_artifice_pg_procyon → NON-CLONE
[3491/50000] 2026-06-30 05:12:07 | R1 | guessword/test_0_orig_pg_krakatau vs square/0_orig → NON-CLONE
[3492/50000] 2026-06-30 05:12:08 | R1 | guessword/test_0_orig_pg_krakatau vs square/1_artifice → NON-CLONE
[3493/50000] 2026-06-30 05:12:09 | R1 | guessword/test_0_orig_pg_krakatau vs square/test_0_orig_no_krakatau → NON-CLONE
[3494/50000] 2026-06-30 05:12:10 | R1 | guessword/test_0_orig_pg_krakatau vs square/test_0_orig_no_procyon → NON-CLONE
[3495/50000] 2026-06-30 05:12:11 | R1 | guessword/test_0_orig_pg_krakatau vs square/test_0_orig_pg_krakatau → NON-CLONE
[3496/50000] 2026-06-30 05:12:13 | R1 | guessword/test_0_orig_pg_krakatau vs square/test_0_orig_pg_procyon → NON-CLONE
[3497/50000] 2026-06-30 05:12:14 | R1 | guessword/test_0_orig_pg_krakatau vs square/test_1_artifice_no_krakatau → NON-CLONE
[3498/50000] 2026-06-30 05:12:15 | R1 | guessword/test_0_orig_pg_krakatau vs square/test_1_artifice_no_procyon → NON-CLONE
[3499/50000] 2026-06-30 05:12:17 | R1 | guessword/test_0_orig_pg_krakatau vs square/test_1_artifice_pg_krakatau → NON-CLONE
[3500/50000] 2026-06-30 05:12:18 | R1 | guessword/test_0_orig_pg_krakatau vs square/test_1_artifice_pg_procyon → NON-CLONE
[3501/50000] 2026-06-30 05:12:19 | R1 | guessword/test_0_orig_pg_procyon vs InfixConverter/0_orig → NON-CLONE
[3502/50000] 2026-06-30 05:12:20 | R1 | guessword/test_0_orig_pg_procyon vs InfixConverter/1_artifice → NON-CLONE
[3503/50000] 2026-06-30 05:12:21 | R1 | guessword/test_0_orig_pg_procyon vs InfixConverter/test_0_orig_no_krakatau → NON-CLONE
[3504/50000] 2026-06-30 05:12:22 | R1 | guessword/test_0_orig_pg_procyon vs InfixConverter/test_0_orig_no_procyon → NON-CLONE
[3505/50000] 2026-06-30 05:12:24 | R1 | guessword/test_0_orig_pg_procyon vs InfixConverter/test_0_orig_pg_krakatau → NON-CLONE
[3506/50000] 2026-06-30 05:12:24 | R1 | guessword/test_0_orig_pg_procyon vs InfixConverter/test_0_orig_pg_procyon → NON-CLONE
[3507/50000] 2026-06-30 05:12:26 | R1 | guessword/test_0_orig_pg_procyon vs InfixConverter/test_1_artifice_no_krakatau → NON-CLONE
[3508/50000] 2026-06-30 05:12:26 | R1 | guessword/test_0_orig_pg_procyon vs InfixConverter/test_1_artifice_no_procyon → NON-CLONE
[3509/50000] 2026-06-30 05:12:28 | R1 | guessword/test_0_orig_pg_procyon vs InfixConverter/test_1_artifice_pg_krakatau → NON-CLONE
[3510/50000] 2026-06-30 05:12:29 | R1 | guessword/test_0_orig_pg_procyon vs InfixConverter/test_1_artifice_pg_procyon → NON-CLONE
[3511/50000] 2026-06-30 05:12:29 | R1 | guessword/test_0_orig_pg_procyon vs SqrtAlgorithm/0_orig → NON-CLONE
[3512/50000] 2026-06-30 05:12:30 | R1 | guessword/test_0_orig_pg_procyon vs SqrtAlgorithm/1_artifice → NON-CLONE
[3513/50000] 2026-06-30 05:12:31 | R1 | guessword/test_0_orig_pg_procyon vs SqrtAlgorithm/test_0_orig_no_krakatau → NON-CLONE
[3514/50000] 2026-06-30 05:12:31 | R1 | guessword/test_0_orig_pg_procyon vs SqrtAlgorithm/test_0_orig_no_procyon → NON-CLONE
[3515/50000] 2026-06-30 05:12:33 | R1 | guessword/test_0_orig_pg_procyon vs SqrtAlgorithm/test_0_orig_pg_krakatau → NON-CLONE
[3516/50000] 2026-06-30 05:12:34 | R1 | guessword/test_0_orig_pg_procyon vs SqrtAlgorithm/test_0_orig_pg_procyon → NON-CLONE
[3517/50000] 2026-06-30 05:12:35 | R1 | guessword/test_0_orig_pg_procyon vs SqrtAlgorithm/test_1_artifice_no_krakatau → NON-CLONE
[3518/50000] 2026-06-30 05:12:36 | R1 | guessword/test_0_orig_pg_procyon vs SqrtAlgorithm/test_1_artifice_no_procyon → NON-CLONE
[3519/50000] 2026-06-30 05:12:37 | R1 | guessword/test_0_orig_pg_procyon vs SqrtAlgorithm/test_1_artifice_pg_krakatau → NON-CLONE
[3520/50000] 2026-06-30 05:12:38 | R1 | guessword/test_0_orig_pg_procyon vs SqrtAlgorithm/test_1_artifice_pg_procyon → NON-CLONE
[3521/50000] 2026-06-30 05:12:40 | R1 | guessword/test_0_orig_pg_procyon vs bubblesort/0_orig → NON-CLONE
[3522/50000] 2026-06-30 05:12:40 | R1 | guessword/test_0_orig_pg_procyon vs bubblesort/1_artifice → NON-CLONE
[3523/50000] 2026-06-30 05:12:41 | R1 | guessword/test_0_orig_pg_procyon vs bubblesort/test_0_orig_no_krakatau → NON-CLONE
[3524/50000] 2026-06-30 05:12:42 | R1 | guessword/test_0_orig_pg_procyon vs bubblesort/test_0_orig_no_procyon → NON-CLONE
[3525/50000] 2026-06-30 05:12:43 | R1 | guessword/test_0_orig_pg_procyon vs bubblesort/test_0_orig_pg_krakatau → NON-CLONE
[3526/50000] 2026-06-30 05:12:44 | R1 | guessword/test_0_orig_pg_procyon vs bubblesort/test_0_orig_pg_procyon → NON-CLONE
[3527/50000] 2026-06-30 05:12:45 | R1 | guessword/test_0_orig_pg_procyon vs bubblesort/test_1_artifice_no_krakatau → NON-CLONE
[3528/50000] 2026-06-30 05:12:46 | R1 | guessword/test_0_orig_pg_procyon vs bubblesort/test_1_artifice_no_procyon → NON-CLONE
[3529/50000] 2026-06-30 05:12:47 | R1 | guessword/test_0_orig_pg_procyon vs bubblesort/test_1_artifice_pg_krakatau → NON-CLONE
[3530/50000] 2026-06-30 05:12:48 | R1 | guessword/test_0_orig_pg_procyon vs bubblesort/test_1_artifice_pg_procyon → NON-CLONE
[3531/50000] 2026-06-30 05:12:49 | R1 | guessword/test_0_orig_pg_procyon vs guessword/0_orig → CLONE
[3532/50000] 2026-06-30 05:12:51 | R1 | guessword/test_0_orig_pg_procyon vs guessword/1_artifice → CLONE
[3533/50000] 2026-06-30 05:12:52 | R1 | guessword/test_0_orig_pg_procyon vs guessword/test_0_orig_no_krakatau → CLONE
[3534/50000] 2026-06-30 05:12:52 | R1 | guessword/test_0_orig_pg_procyon vs guessword/test_0_orig_no_procyon → CLONE
[3535/50000] 2026-06-30 05:12:53 | R1 | guessword/test_0_orig_pg_procyon vs guessword/test_0_orig_pg_krakatau → CLONE
[3536/50000] 2026-06-30 05:12:54 | R1 | guessword/test_0_orig_pg_procyon vs guessword/test_0_orig_pg_procyon → CLONE
[3537/50000] 2026-06-30 05:12:55 | R1 | guessword/test_0_orig_pg_procyon vs guessword/test_1_artifice_no_krakatau → CLONE
[3538/50000] 2026-06-30 05:12:57 | R1 | guessword/test_0_orig_pg_procyon vs guessword/test_1_artifice_no_procyon → CLONE
[3539/50000] 2026-06-30 05:12:58 | R1 | guessword/test_0_orig_pg_procyon vs guessword/test_1_artifice_pg_krakatau → CLONE
[3540/50000] 2026-06-30 05:12:59 | R1 | guessword/test_0_orig_pg_procyon vs guessword/test_1_artifice_pg_procyon → CLONE
[3541/50000] 2026-06-30 05:13:00 | R1 | guessword/test_0_orig_pg_procyon vs hanoi/0_orig → NON-CLONE
[3542/50000] 2026-06-30 05:13:01 | R1 | guessword/test_0_orig_pg_procyon vs hanoi/1_artifice → NON-CLONE
[3543/50000] 2026-06-30 05:13:03 | R1 | guessword/test_0_orig_pg_procyon vs hanoi/test_0_orig_no_krakatau → NON-CLONE
[3544/50000] 2026-06-30 05:13:03 | R1 | guessword/test_0_orig_pg_procyon vs hanoi/test_0_orig_no_procyon → NON-CLONE
[3545/50000] 2026-06-30 05:13:04 | R1 | guessword/test_0_orig_pg_procyon vs hanoi/test_0_orig_pg_krakatau → NON-CLONE
[3546/50000] 2026-06-30 05:13:06 | R1 | guessword/test_0_orig_pg_procyon vs hanoi/test_0_orig_pg_procyon → NON-CLONE
[3547/50000] 2026-06-30 05:13:07 | R1 | guessword/test_0_orig_pg_procyon vs hanoi/test_1_artifice_no_krakatau → NON-CLONE
[3548/50000] 2026-06-30 05:13:08 | R1 | guessword/test_0_orig_pg_procyon vs hanoi/test_1_artifice_no_procyon → NON-CLONE
[3549/50000] 2026-06-30 05:13:09 | R1 | guessword/test_0_orig_pg_procyon vs hanoi/test_1_artifice_pg_krakatau → NON-CLONE
[3550/50000] 2026-06-30 05:13:10 | R1 | guessword/test_0_orig_pg_procyon vs hanoi/test_1_artifice_pg_procyon → NON-CLONE
[3551/50000] 2026-06-30 05:13:11 | R1 | guessword/test_0_orig_pg_procyon vs kaprekar/0_orig → NON-CLONE
[3552/50000] 2026-06-30 05:13:12 | R1 | guessword/test_0_orig_pg_procyon vs kaprekar/1_artifice → NON-CLONE
[3553/50000] 2026-06-30 05:13:13 | R1 | guessword/test_0_orig_pg_procyon vs kaprekar/test_0_orig_no_krakatau → NON-CLONE
[3554/50000] 2026-06-30 05:13:14 | R1 | guessword/test_0_orig_pg_procyon vs kaprekar/test_0_orig_no_procyon → NON-CLONE
[3555/50000] 2026-06-30 05:13:16 | R1 | guessword/test_0_orig_pg_procyon vs kaprekar/test_0_orig_pg_krakatau → NON-CLONE
[3556/50000] 2026-06-30 05:13:17 | R1 | guessword/test_0_orig_pg_procyon vs kaprekar/test_0_orig_pg_procyon → NON-CLONE
[3557/50000] 2026-06-30 05:13:18 | R1 | guessword/test_0_orig_pg_procyon vs kaprekar/test_1_artifice_no_krakatau → NON-CLONE
[3558/50000] 2026-06-30 05:13:19 | R1 | guessword/test_0_orig_pg_procyon vs kaprekar/test_1_artifice_no_procyon → NON-CLONE
[3559/50000] 2026-06-30 05:13:20 | R1 | guessword/test_0_orig_pg_procyon vs kaprekar/test_1_artifice_pg_krakatau → NON-CLONE
[3560/50000] 2026-06-30 05:13:21 | R1 | guessword/test_0_orig_pg_procyon vs kaprekar/test_1_artifice_pg_procyon → NON-CLONE
[3561/50000] 2026-06-30 05:13:22 | R1 | guessword/test_0_orig_pg_procyon vs queens/0_orig → NON-CLONE
[3562/50000] 2026-06-30 05:13:23 | R1 | guessword/test_0_orig_pg_procyon vs queens/1_artifice → NON-CLONE
[3563/50000] 2026-06-30 05:13:24 | R1 | guessword/test_0_orig_pg_procyon vs queens/test_0_orig_no_krakatau → NON-CLONE
[3564/50000] 2026-06-30 05:13:25 | R1 | guessword/test_0_orig_pg_procyon vs queens/test_0_orig_no_procyon → NON-CLONE
[3565/50000] 2026-06-30 05:13:26 | R1 | guessword/test_0_orig_pg_procyon vs queens/test_0_orig_pg_krakatau → NON-CLONE
[3566/50000] 2026-06-30 05:13:27 | R1 | guessword/test_0_orig_pg_procyon vs queens/test_0_orig_pg_procyon → NON-CLONE
[3567/50000] 2026-06-30 05:13:28 | R1 | guessword/test_0_orig_pg_procyon vs queens/test_1_artifice_no_krakatau → NON-CLONE
[3568/50000] 2026-06-30 05:13:29 | R1 | guessword/test_0_orig_pg_procyon vs queens/test_1_artifice_no_procyon → NON-CLONE
[3569/50000] 2026-06-30 05:13:29 | R1 | guessword/test_0_orig_pg_procyon vs queens/test_1_artifice_pg_krakatau → NON-CLONE
[3570/50000] 2026-06-30 05:13:30 | R1 | guessword/test_0_orig_pg_procyon vs queens/test_1_artifice_pg_procyon → NON-CLONE
[3571/50000] 2026-06-30 05:13:32 | R1 | guessword/test_0_orig_pg_procyon vs railroadcar/0_orig → NON-CLONE
[3572/50000] 2026-06-30 05:13:33 | R1 | guessword/test_0_orig_pg_procyon vs railroadcar/1_artifice → NON-CLONE
[3573/50000] 2026-06-30 05:13:33 | R1 | guessword/test_0_orig_pg_procyon vs railroadcar/test_0_orig_no_krakatau → NON-CLONE
[3574/50000] 2026-06-30 05:13:35 | R1 | guessword/test_0_orig_pg_procyon vs railroadcar/test_0_orig_no_procyon → NON-CLONE
[3575/50000] 2026-06-30 05:13:36 | R1 | guessword/test_0_orig_pg_procyon vs railroadcar/test_0_orig_pg_krakatau → NON-CLONE
[3576/50000] 2026-06-30 05:13:37 | R1 | guessword/test_0_orig_pg_procyon vs railroadcar/test_0_orig_pg_procyon → NON-CLONE
[3577/50000] 2026-06-30 05:13:38 | R1 | guessword/test_0_orig_pg_procyon vs railroadcar/test_1_artifice_no_krakatau → NON-CLONE
[3578/50000] 2026-06-30 05:13:38 | R1 | guessword/test_0_orig_pg_procyon vs railroadcar/test_1_artifice_no_procyon → NON-CLONE
[3579/50000] 2026-06-30 05:13:40 | R1 | guessword/test_0_orig_pg_procyon vs railroadcar/test_1_artifice_pg_krakatau → NON-CLONE
[3580/50000] 2026-06-30 05:13:41 | R1 | guessword/test_0_orig_pg_procyon vs railroadcar/test_1_artifice_pg_procyon → NON-CLONE
[3581/50000] 2026-06-30 05:13:42 | R1 | guessword/test_0_orig_pg_procyon vs slinkedlist/0_orig → NON-CLONE
[3582/50000] 2026-06-30 05:13:43 | R1 | guessword/test_0_orig_pg_procyon vs slinkedlist/1_artifice → NON-CLONE
[3583/50000] 2026-06-30 05:13:44 | R1 | guessword/test_0_orig_pg_procyon vs slinkedlist/test_0_orig_no_krakatau → NON-CLONE
[3584/50000] 2026-06-30 05:13:45 | R1 | guessword/test_0_orig_pg_procyon vs slinkedlist/test_0_orig_no_procyon → NON-CLONE
[3585/50000] 2026-06-30 05:13:46 | R1 | guessword/test_0_orig_pg_procyon vs slinkedlist/test_0_orig_pg_krakatau → NON-CLONE
[3586/50000] 2026-06-30 05:13:47 | R1 | guessword/test_0_orig_pg_procyon vs slinkedlist/test_0_orig_pg_procyon → NON-CLONE
[3587/50000] 2026-06-30 05:13:47 | R1 | guessword/test_0_orig_pg_procyon vs slinkedlist/test_1_artifice_no_krakatau → NON-CLONE
[3588/50000] 2026-06-30 05:13:48 | R1 | guessword/test_0_orig_pg_procyon vs slinkedlist/test_1_artifice_no_procyon → NON-CLONE
[3589/50000] 2026-06-30 05:13:49 | R1 | guessword/test_0_orig_pg_procyon vs slinkedlist/test_1_artifice_pg_krakatau → NON-CLONE
[3590/50000] 2026-06-30 05:13:49 | R1 | guessword/test_0_orig_pg_procyon vs slinkedlist/test_1_artifice_pg_procyon → NON-CLONE
[3591/50000] 2026-06-30 05:13:50 | R1 | guessword/test_0_orig_pg_procyon vs square/0_orig → NON-CLONE
[3592/50000] 2026-06-30 05:13:52 | R1 | guessword/test_0_orig_pg_procyon vs square/1_artifice → NON-CLONE
[3593/50000] 2026-06-30 05:13:53 | R1 | guessword/test_0_orig_pg_procyon vs square/test_0_orig_no_krakatau → NON-CLONE
[3594/50000] 2026-06-30 05:13:54 | R1 | guessword/test_0_orig_pg_procyon vs square/test_0_orig_no_procyon → NON-CLONE
[3595/50000] 2026-06-30 05:13:56 | R1 | guessword/test_0_orig_pg_procyon vs square/test_0_orig_pg_krakatau → NON-CLONE
[3596/50000] 2026-06-30 05:13:57 | R1 | guessword/test_0_orig_pg_procyon vs square/test_0_orig_pg_procyon → NON-CLONE
[3597/50000] 2026-06-30 05:13:58 | R1 | guessword/test_0_orig_pg_procyon vs square/test_1_artifice_no_krakatau → NON-CLONE
[3598/50000] 2026-06-30 05:13:59 | R1 | guessword/test_0_orig_pg_procyon vs square/test_1_artifice_no_procyon → NON-CLONE
[3599/50000] 2026-06-30 05:14:00 | R1 | guessword/test_0_orig_pg_procyon vs square/test_1_artifice_pg_krakatau → NON-CLONE
[3600/50000] 2026-06-30 05:14:01 | R1 | guessword/test_0_orig_pg_procyon vs square/test_1_artifice_pg_procyon → NON-CLONE
[3601/50000] 2026-06-30 05:14:02 | R1 | guessword/test_1_artifice_no_krakatau vs InfixConverter/0_orig → NON-CLONE
[3602/50000] 2026-06-30 05:14:03 | R1 | guessword/test_1_artifice_no_krakatau vs InfixConverter/1_artifice → NON-CLONE
[3603/50000] 2026-06-30 05:14:05 | R1 | guessword/test_1_artifice_no_krakatau vs InfixConverter/test_0_orig_no_krakatau → NON-CLONE
[3604/50000] 2026-06-30 05:14:06 | R1 | guessword/test_1_artifice_no_krakatau vs InfixConverter/test_0_orig_no_procyon → NON-CLONE
[3605/50000] 2026-06-30 05:14:07 | R1 | guessword/test_1_artifice_no_krakatau vs InfixConverter/test_0_orig_pg_krakatau → NON-CLONE
[3606/50000] 2026-06-30 05:14:08 | R1 | guessword/test_1_artifice_no_krakatau vs InfixConverter/test_0_orig_pg_procyon → NON-CLONE
[3607/50000] 2026-06-30 05:14:09 | R1 | guessword/test_1_artifice_no_krakatau vs InfixConverter/test_1_artifice_no_krakatau → NON-CLONE
[3608/50000] 2026-06-30 05:14:10 | R1 | guessword/test_1_artifice_no_krakatau vs InfixConverter/test_1_artifice_no_procyon → NON-CLONE
[3609/50000] 2026-06-30 05:14:11 | R1 | guessword/test_1_artifice_no_krakatau vs InfixConverter/test_1_artifice_pg_krakatau → NON-CLONE
[3610/50000] 2026-06-30 05:14:12 | R1 | guessword/test_1_artifice_no_krakatau vs InfixConverter/test_1_artifice_pg_procyon → NON-CLONE
[3611/50000] 2026-06-30 05:14:13 | R1 | guessword/test_1_artifice_no_krakatau vs SqrtAlgorithm/0_orig → NON-CLONE
[3612/50000] 2026-06-30 05:14:14 | R1 | guessword/test_1_artifice_no_krakatau vs SqrtAlgorithm/1_artifice → NON-CLONE
[3613/50000] 2026-06-30 05:14:15 | R1 | guessword/test_1_artifice_no_krakatau vs SqrtAlgorithm/test_0_orig_no_krakatau → NON-CLONE
[3614/50000] 2026-06-30 05:14:16 | R1 | guessword/test_1_artifice_no_krakatau vs SqrtAlgorithm/test_0_orig_no_procyon → NON-CLONE
[3615/50000] 2026-06-30 05:14:18 | R1 | guessword/test_1_artifice_no_krakatau vs SqrtAlgorithm/test_0_orig_pg_krakatau → NON-CLONE
[3616/50000] 2026-06-30 05:14:19 | R1 | guessword/test_1_artifice_no_krakatau vs SqrtAlgorithm/test_0_orig_pg_procyon → NON-CLONE
[3617/50000] 2026-06-30 05:14:20 | R1 | guessword/test_1_artifice_no_krakatau vs SqrtAlgorithm/test_1_artifice_no_krakatau → NON-CLONE
[3618/50000] 2026-06-30 05:14:21 | R1 | guessword/test_1_artifice_no_krakatau vs SqrtAlgorithm/test_1_artifice_no_procyon → NON-CLONE
[3619/50000] 2026-06-30 05:14:22 | R1 | guessword/test_1_artifice_no_krakatau vs SqrtAlgorithm/test_1_artifice_pg_krakatau → NON-CLONE
[3620/50000] 2026-06-30 05:14:23 | R1 | guessword/test_1_artifice_no_krakatau vs SqrtAlgorithm/test_1_artifice_pg_procyon → NON-CLONE
[3621/50000] 2026-06-30 05:14:24 | R1 | guessword/test_1_artifice_no_krakatau vs bubblesort/0_orig → NON-CLONE
[3622/50000] 2026-06-30 05:14:25 | R1 | guessword/test_1_artifice_no_krakatau vs bubblesort/1_artifice → NON-CLONE
[3623/50000] 2026-06-30 05:14:27 | R1 | guessword/test_1_artifice_no_krakatau vs bubblesort/test_0_orig_no_krakatau → NON-CLONE
[3624/50000] 2026-06-30 05:14:27 | R1 | guessword/test_1_artifice_no_krakatau vs bubblesort/test_0_orig_no_procyon → NON-CLONE
[3625/50000] 2026-06-30 05:14:28 | R1 | guessword/test_1_artifice_no_krakatau vs bubblesort/test_0_orig_pg_krakatau → NON-CLONE
[3626/50000] 2026-06-30 05:14:29 | R1 | guessword/test_1_artifice_no_krakatau vs bubblesort/test_0_orig_pg_procyon → NON-CLONE
[3627/50000] 2026-06-30 05:14:29 | R1 | guessword/test_1_artifice_no_krakatau vs bubblesort/test_1_artifice_no_krakatau → NON-CLONE
[3628/50000] 2026-06-30 05:14:30 | R1 | guessword/test_1_artifice_no_krakatau vs bubblesort/test_1_artifice_no_procyon → NON-CLONE
[3629/50000] 2026-06-30 05:14:31 | R1 | guessword/test_1_artifice_no_krakatau vs bubblesort/test_1_artifice_pg_krakatau → NON-CLONE
[3630/50000] 2026-06-30 05:14:32 | R1 | guessword/test_1_artifice_no_krakatau vs bubblesort/test_1_artifice_pg_procyon → NON-CLONE
[3631/50000] 2026-06-30 05:14:34 | R1 | guessword/test_1_artifice_no_krakatau vs guessword/0_orig → CLONE
[3632/50000] 2026-06-30 05:14:35 | R1 | guessword/test_1_artifice_no_krakatau vs guessword/1_artifice → CLONE
[3633/50000] 2026-06-30 05:14:36 | R1 | guessword/test_1_artifice_no_krakatau vs guessword/test_0_orig_no_krakatau → CLONE
[3634/50000] 2026-06-30 05:14:37 | R1 | guessword/test_1_artifice_no_krakatau vs guessword/test_0_orig_no_procyon → CLONE
[3635/50000] 2026-06-30 05:14:38 | R1 | guessword/test_1_artifice_no_krakatau vs guessword/test_0_orig_pg_krakatau → CLONE
[3636/50000] 2026-06-30 05:14:39 | R1 | guessword/test_1_artifice_no_krakatau vs guessword/test_0_orig_pg_procyon → CLONE
[3637/50000] 2026-06-30 05:14:40 | R1 | guessword/test_1_artifice_no_krakatau vs guessword/test_1_artifice_no_krakatau → CLONE
[3638/50000] 2026-06-30 05:14:41 | R1 | guessword/test_1_artifice_no_krakatau vs guessword/test_1_artifice_no_procyon → CLONE
[3639/50000] 2026-06-30 05:14:42 | R1 | guessword/test_1_artifice_no_krakatau vs guessword/test_1_artifice_pg_krakatau → CLONE
[3640/50000] 2026-06-30 05:14:43 | R1 | guessword/test_1_artifice_no_krakatau vs guessword/test_1_artifice_pg_procyon → CLONE
[3641/50000] 2026-06-30 05:14:44 | R1 | guessword/test_1_artifice_no_krakatau vs hanoi/0_orig → NON-CLONE
[3642/50000] 2026-06-30 05:14:45 | R1 | guessword/test_1_artifice_no_krakatau vs hanoi/1_artifice → NON-CLONE
[3643/50000] 2026-06-30 05:14:46 | R1 | guessword/test_1_artifice_no_krakatau vs hanoi/test_0_orig_no_krakatau → NON-CLONE
[3644/50000] 2026-06-30 05:14:47 | R1 | guessword/test_1_artifice_no_krakatau vs hanoi/test_0_orig_no_procyon → NON-CLONE
[3645/50000] 2026-06-30 05:14:48 | R1 | guessword/test_1_artifice_no_krakatau vs hanoi/test_0_orig_pg_krakatau → NON-CLONE
[3646/50000] 2026-06-30 05:14:49 | R1 | guessword/test_1_artifice_no_krakatau vs hanoi/test_0_orig_pg_procyon → NON-CLONE
[3647/50000] 2026-06-30 05:14:50 | R1 | guessword/test_1_artifice_no_krakatau vs hanoi/test_1_artifice_no_krakatau → NON-CLONE
[3648/50000] 2026-06-30 05:14:52 | R1 | guessword/test_1_artifice_no_krakatau vs hanoi/test_1_artifice_no_procyon → NON-CLONE
[3649/50000] 2026-06-30 05:14:53 | R1 | guessword/test_1_artifice_no_krakatau vs hanoi/test_1_artifice_pg_krakatau → NON-CLONE
[3650/50000] 2026-06-30 05:14:54 | R1 | guessword/test_1_artifice_no_krakatau vs hanoi/test_1_artifice_pg_procyon → NON-CLONE
[3651/50000] 2026-06-30 05:14:55 | R1 | guessword/test_1_artifice_no_krakatau vs kaprekar/0_orig → NON-CLONE
[3652/50000] 2026-06-30 05:14:56 | R1 | guessword/test_1_artifice_no_krakatau vs kaprekar/1_artifice → NON-CLONE
[3653/50000] 2026-06-30 05:14:57 | R1 | guessword/test_1_artifice_no_krakatau vs kaprekar/test_0_orig_no_krakatau → NON-CLONE
[3654/50000] 2026-06-30 05:14:58 | R1 | guessword/test_1_artifice_no_krakatau vs kaprekar/test_0_orig_no_procyon → NON-CLONE
[3655/50000] 2026-06-30 05:15:00 | R1 | guessword/test_1_artifice_no_krakatau vs kaprekar/test_0_orig_pg_krakatau → NON-CLONE
[3656/50000] 2026-06-30 05:15:01 | R1 | guessword/test_1_artifice_no_krakatau vs kaprekar/test_0_orig_pg_procyon → NON-CLONE
[3657/50000] 2026-06-30 05:15:02 | R1 | guessword/test_1_artifice_no_krakatau vs kaprekar/test_1_artifice_no_krakatau → NON-CLONE
[3658/50000] 2026-06-30 05:15:03 | R1 | guessword/test_1_artifice_no_krakatau vs kaprekar/test_1_artifice_no_procyon → NON-CLONE
[3659/50000] 2026-06-30 05:15:05 | R1 | guessword/test_1_artifice_no_krakatau vs kaprekar/test_1_artifice_pg_krakatau → NON-CLONE
[3660/50000] 2026-06-30 05:15:06 | R1 | guessword/test_1_artifice_no_krakatau vs kaprekar/test_1_artifice_pg_procyon → NON-CLONE
[3661/50000] 2026-06-30 05:15:07 | R1 | guessword/test_1_artifice_no_krakatau vs queens/0_orig → NON-CLONE
[3662/50000] 2026-06-30 05:15:08 | R1 | guessword/test_1_artifice_no_krakatau vs queens/1_artifice → NON-CLONE
[3663/50000] 2026-06-30 05:15:08 | R1 | guessword/test_1_artifice_no_krakatau vs queens/test_0_orig_no_krakatau → NON-CLONE
[3664/50000] 2026-06-30 05:15:09 | R1 | guessword/test_1_artifice_no_krakatau vs queens/test_0_orig_no_procyon → NON-CLONE
[3665/50000] 2026-06-30 05:15:11 | R1 | guessword/test_1_artifice_no_krakatau vs queens/test_0_orig_pg_krakatau → NON-CLONE
[3666/50000] 2026-06-30 05:15:12 | R1 | guessword/test_1_artifice_no_krakatau vs queens/test_0_orig_pg_procyon → NON-CLONE
[3667/50000] 2026-06-30 05:15:13 | R1 | guessword/test_1_artifice_no_krakatau vs queens/test_1_artifice_no_krakatau → NON-CLONE
[3668/50000] 2026-06-30 05:15:14 | R1 | guessword/test_1_artifice_no_krakatau vs queens/test_1_artifice_no_procyon → NON-CLONE
[3669/50000] 2026-06-30 05:15:15 | R1 | guessword/test_1_artifice_no_krakatau vs queens/test_1_artifice_pg_krakatau → NON-CLONE
[3670/50000] 2026-06-30 05:15:17 | R1 | guessword/test_1_artifice_no_krakatau vs queens/test_1_artifice_pg_procyon → NON-CLONE
[3671/50000] 2026-06-30 05:15:18 | R1 | guessword/test_1_artifice_no_krakatau vs railroadcar/0_orig → NON-CLONE
[3672/50000] 2026-06-30 05:15:19 | R1 | guessword/test_1_artifice_no_krakatau vs railroadcar/1_artifice → NON-CLONE
[3673/50000] 2026-06-30 05:15:19 | R1 | guessword/test_1_artifice_no_krakatau vs railroadcar/test_0_orig_no_krakatau → NON-CLONE
[3674/50000] 2026-06-30 05:15:21 | R1 | guessword/test_1_artifice_no_krakatau vs railroadcar/test_0_orig_no_procyon → NON-CLONE
[3675/50000] 2026-06-30 05:15:22 | R1 | guessword/test_1_artifice_no_krakatau vs railroadcar/test_0_orig_pg_krakatau → NON-CLONE
[3676/50000] 2026-06-30 05:15:23 | R1 | guessword/test_1_artifice_no_krakatau vs railroadcar/test_0_orig_pg_procyon → NON-CLONE
[3677/50000] 2026-06-30 05:15:24 | R1 | guessword/test_1_artifice_no_krakatau vs railroadcar/test_1_artifice_no_krakatau → NON-CLONE
[3678/50000] 2026-06-30 05:15:26 | R1 | guessword/test_1_artifice_no_krakatau vs railroadcar/test_1_artifice_no_procyon → NON-CLONE
[3679/50000] 2026-06-30 05:15:26 | R1 | guessword/test_1_artifice_no_krakatau vs railroadcar/test_1_artifice_pg_krakatau → NON-CLONE
[3680/50000] 2026-06-30 05:15:28 | R1 | guessword/test_1_artifice_no_krakatau vs railroadcar/test_1_artifice_pg_procyon → NON-CLONE
[3681/50000] 2026-06-30 05:15:29 | R1 | guessword/test_1_artifice_no_krakatau vs slinkedlist/0_orig → NON-CLONE
[3682/50000] 2026-06-30 05:15:30 | R1 | guessword/test_1_artifice_no_krakatau vs slinkedlist/1_artifice → NON-CLONE
[3683/50000] 2026-06-30 05:15:30 | R1 | guessword/test_1_artifice_no_krakatau vs slinkedlist/test_0_orig_no_krakatau → NON-CLONE
[3684/50000] 2026-06-30 05:15:31 | R1 | guessword/test_1_artifice_no_krakatau vs slinkedlist/test_0_orig_no_procyon → NON-CLONE
[3685/50000] 2026-06-30 05:15:32 | R1 | guessword/test_1_artifice_no_krakatau vs slinkedlist/test_0_orig_pg_krakatau → NON-CLONE
[3686/50000] 2026-06-30 05:15:33 | R1 | guessword/test_1_artifice_no_krakatau vs slinkedlist/test_0_orig_pg_procyon → NON-CLONE
[3687/50000] 2026-06-30 05:15:34 | R1 | guessword/test_1_artifice_no_krakatau vs slinkedlist/test_1_artifice_no_krakatau → NON-CLONE
[3688/50000] 2026-06-30 05:15:35 | R1 | guessword/test_1_artifice_no_krakatau vs slinkedlist/test_1_artifice_no_procyon → NON-CLONE
[3689/50000] 2026-06-30 05:15:36 | R1 | guessword/test_1_artifice_no_krakatau vs slinkedlist/test_1_artifice_pg_krakatau → NON-CLONE
[3690/50000] 2026-06-30 05:15:37 | R1 | guessword/test_1_artifice_no_krakatau vs slinkedlist/test_1_artifice_pg_procyon → NON-CLONE
[3691/50000] 2026-06-30 05:15:38 | R1 | guessword/test_1_artifice_no_krakatau vs square/0_orig → NON-CLONE
[3692/50000] 2026-06-30 05:15:39 | R1 | guessword/test_1_artifice_no_krakatau vs square/1_artifice → NON-CLONE
[3693/50000] 2026-06-30 05:15:40 | R1 | guessword/test_1_artifice_no_krakatau vs square/test_0_orig_no_krakatau → NON-CLONE
[3694/50000] 2026-06-30 05:15:41 | R1 | guessword/test_1_artifice_no_krakatau vs square/test_0_orig_no_procyon → NON-CLONE
[3695/50000] 2026-06-30 05:15:42 | R1 | guessword/test_1_artifice_no_krakatau vs square/test_0_orig_pg_krakatau → NON-CLONE
[3696/50000] 2026-06-30 05:15:43 | R1 | guessword/test_1_artifice_no_krakatau vs square/test_0_orig_pg_procyon → NON-CLONE
[3697/50000] 2026-06-30 05:15:44 | R1 | guessword/test_1_artifice_no_krakatau vs square/test_1_artifice_no_krakatau → NON-CLONE
[3698/50000] 2026-06-30 05:15:46 | R1 | guessword/test_1_artifice_no_krakatau vs square/test_1_artifice_no_procyon → NON-CLONE
[3699/50000] 2026-06-30 05:15:47 | R1 | guessword/test_1_artifice_no_krakatau vs square/test_1_artifice_pg_krakatau → NON-CLONE
[3700/50000] 2026-06-30 05:15:48 | R1 | guessword/test_1_artifice_no_krakatau vs square/test_1_artifice_pg_procyon → NON-CLONE
[3701/50000] 2026-06-30 05:15:49 | R1 | guessword/test_1_artifice_no_procyon vs InfixConverter/0_orig → NON-CLONE
[3702/50000] 2026-06-30 05:15:50 | R1 | guessword/test_1_artifice_no_procyon vs InfixConverter/1_artifice → NON-CLONE
[3703/50000] 2026-06-30 05:15:52 | R1 | guessword/test_1_artifice_no_procyon vs InfixConverter/test_0_orig_no_krakatau → NON-CLONE
[3704/50000] 2026-06-30 05:15:53 | R1 | guessword/test_1_artifice_no_procyon vs InfixConverter/test_0_orig_no_procyon → NON-CLONE
[3705/50000] 2026-06-30 05:15:54 | R1 | guessword/test_1_artifice_no_procyon vs InfixConverter/test_0_orig_pg_krakatau → NON-CLONE
[3706/50000] 2026-06-30 05:15:55 | R1 | guessword/test_1_artifice_no_procyon vs InfixConverter/test_0_orig_pg_procyon → NON-CLONE
[3707/50000] 2026-06-30 05:15:56 | R1 | guessword/test_1_artifice_no_procyon vs InfixConverter/test_1_artifice_no_krakatau → NON-CLONE
[3708/50000] 2026-06-30 05:15:57 | R1 | guessword/test_1_artifice_no_procyon vs InfixConverter/test_1_artifice_no_procyon → NON-CLONE
[3709/50000] 2026-06-30 05:15:58 | R1 | guessword/test_1_artifice_no_procyon vs InfixConverter/test_1_artifice_pg_krakatau → NON-CLONE
[3710/50000] 2026-06-30 05:15:59 | R1 | guessword/test_1_artifice_no_procyon vs InfixConverter/test_1_artifice_pg_procyon → NON-CLONE
[3711/50000] 2026-06-30 05:15:59 | R1 | guessword/test_1_artifice_no_procyon vs SqrtAlgorithm/0_orig → NON-CLONE
[3712/50000] 2026-06-30 05:16:00 | R1 | guessword/test_1_artifice_no_procyon vs SqrtAlgorithm/1_artifice → NON-CLONE
[3713/50000] 2026-06-30 05:16:01 | R1 | guessword/test_1_artifice_no_procyon vs SqrtAlgorithm/test_0_orig_no_krakatau → NON-CLONE
[3714/50000] 2026-06-30 05:16:03 | R1 | guessword/test_1_artifice_no_procyon vs SqrtAlgorithm/test_0_orig_no_procyon → NON-CLONE
[3715/50000] 2026-06-30 05:16:04 | R1 | guessword/test_1_artifice_no_procyon vs SqrtAlgorithm/test_0_orig_pg_krakatau → NON-CLONE
[3716/50000] 2026-06-30 05:16:05 | R1 | guessword/test_1_artifice_no_procyon vs SqrtAlgorithm/test_0_orig_pg_procyon → NON-CLONE
[3717/50000] 2026-06-30 05:16:06 | R1 | guessword/test_1_artifice_no_procyon vs SqrtAlgorithm/test_1_artifice_no_krakatau → NON-CLONE
[3718/50000] 2026-06-30 05:16:07 | R1 | guessword/test_1_artifice_no_procyon vs SqrtAlgorithm/test_1_artifice_no_procyon → NON-CLONE
[3719/50000] 2026-06-30 05:16:08 | R1 | guessword/test_1_artifice_no_procyon vs SqrtAlgorithm/test_1_artifice_pg_krakatau → NON-CLONE
[3720/50000] 2026-06-30 05:16:09 | R1 | guessword/test_1_artifice_no_procyon vs SqrtAlgorithm/test_1_artifice_pg_procyon → NON-CLONE
[3721/50000] 2026-06-30 05:16:10 | R1 | guessword/test_1_artifice_no_procyon vs bubblesort/0_orig → NON-CLONE
[3722/50000] 2026-06-30 05:16:11 | R1 | guessword/test_1_artifice_no_procyon vs bubblesort/1_artifice → NON-CLONE
[3723/50000] 2026-06-30 05:16:13 | R1 | guessword/test_1_artifice_no_procyon vs bubblesort/test_0_orig_no_krakatau → NON-CLONE
[3724/50000] 2026-06-30 05:16:13 | R1 | guessword/test_1_artifice_no_procyon vs bubblesort/test_0_orig_no_procyon → NON-CLONE
[3725/50000] 2026-06-30 05:16:14 | R1 | guessword/test_1_artifice_no_procyon vs bubblesort/test_0_orig_pg_krakatau → NON-CLONE
[3726/50000] 2026-06-30 05:16:15 | R1 | guessword/test_1_artifice_no_procyon vs bubblesort/test_0_orig_pg_procyon → NON-CLONE
[3727/50000] 2026-06-30 05:16:16 | R1 | guessword/test_1_artifice_no_procyon vs bubblesort/test_1_artifice_no_krakatau → NON-CLONE
[3728/50000] 2026-06-30 05:16:17 | R1 | guessword/test_1_artifice_no_procyon vs bubblesort/test_1_artifice_no_procyon → NON-CLONE
[3729/50000] 2026-06-30 05:16:18 | R1 | guessword/test_1_artifice_no_procyon vs bubblesort/test_1_artifice_pg_krakatau → NON-CLONE
[3730/50000] 2026-06-30 05:16:18 | R1 | guessword/test_1_artifice_no_procyon vs bubblesort/test_1_artifice_pg_procyon → NON-CLONE
[3731/50000] 2026-06-30 05:16:20 | R1 | guessword/test_1_artifice_no_procyon vs guessword/0_orig → CLONE
[3732/50000] 2026-06-30 05:16:21 | R1 | guessword/test_1_artifice_no_procyon vs guessword/1_artifice → CLONE
[3733/50000] 2026-06-30 05:16:22 | R1 | guessword/test_1_artifice_no_procyon vs guessword/test_0_orig_no_krakatau → CLONE
[3734/50000] 2026-06-30 05:16:23 | R1 | guessword/test_1_artifice_no_procyon vs guessword/test_0_orig_no_procyon → CLONE
[3735/50000] 2026-06-30 05:16:24 | R1 | guessword/test_1_artifice_no_procyon vs guessword/test_0_orig_pg_krakatau → CLONE
[3736/50000] 2026-06-30 05:16:25 | R1 | guessword/test_1_artifice_no_procyon vs guessword/test_0_orig_pg_procyon → CLONE
[3737/50000] 2026-06-30 05:16:26 | R1 | guessword/test_1_artifice_no_procyon vs guessword/test_1_artifice_no_krakatau → CLONE
[3738/50000] 2026-06-30 05:16:27 | R1 | guessword/test_1_artifice_no_procyon vs guessword/test_1_artifice_no_procyon → CLONE
[3739/50000] 2026-06-30 05:16:28 | R1 | guessword/test_1_artifice_no_procyon vs guessword/test_1_artifice_pg_krakatau → CLONE
[3740/50000] 2026-06-30 05:16:29 | R1 | guessword/test_1_artifice_no_procyon vs guessword/test_1_artifice_pg_procyon → CLONE
[3741/50000] 2026-06-30 05:16:30 | R1 | guessword/test_1_artifice_no_procyon vs hanoi/0_orig → NON-CLONE
[3742/50000] 2026-06-30 05:16:31 | R1 | guessword/test_1_artifice_no_procyon vs hanoi/1_artifice → NON-CLONE
[3743/50000] 2026-06-30 05:16:33 | R1 | guessword/test_1_artifice_no_procyon vs hanoi/test_0_orig_no_krakatau → NON-CLONE
[3744/50000] 2026-06-30 05:16:34 | R1 | guessword/test_1_artifice_no_procyon vs hanoi/test_0_orig_no_procyon → NON-CLONE
[3745/50000] 2026-06-30 05:16:35 | R1 | guessword/test_1_artifice_no_procyon vs hanoi/test_0_orig_pg_krakatau → NON-CLONE
[3746/50000] 2026-06-30 05:16:36 | R1 | guessword/test_1_artifice_no_procyon vs hanoi/test_0_orig_pg_procyon → NON-CLONE
[3747/50000] 2026-06-30 05:16:37 | R1 | guessword/test_1_artifice_no_procyon vs hanoi/test_1_artifice_no_krakatau → NON-CLONE
[3748/50000] 2026-06-30 05:16:38 | R1 | guessword/test_1_artifice_no_procyon vs hanoi/test_1_artifice_no_procyon → NON-CLONE
[3749/50000] 2026-06-30 05:16:39 | R1 | guessword/test_1_artifice_no_procyon vs hanoi/test_1_artifice_pg_krakatau → NON-CLONE
[3750/50000] 2026-06-30 05:16:40 | R1 | guessword/test_1_artifice_no_procyon vs hanoi/test_1_artifice_pg_procyon → NON-CLONE
[3751/50000] 2026-06-30 05:16:41 | R1 | guessword/test_1_artifice_no_procyon vs kaprekar/0_orig → NON-CLONE
[3752/50000] 2026-06-30 05:16:43 | R1 | guessword/test_1_artifice_no_procyon vs kaprekar/1_artifice → NON-CLONE
[3753/50000] 2026-06-30 05:16:44 | R1 | guessword/test_1_artifice_no_procyon vs kaprekar/test_0_orig_no_krakatau → NON-CLONE
[3754/50000] 2026-06-30 05:16:45 | R1 | guessword/test_1_artifice_no_procyon vs kaprekar/test_0_orig_no_procyon → NON-CLONE
[3755/50000] 2026-06-30 05:16:46 | R1 | guessword/test_1_artifice_no_procyon vs kaprekar/test_0_orig_pg_krakatau → NON-CLONE
[3756/50000] 2026-06-30 05:16:47 | R1 | guessword/test_1_artifice_no_procyon vs kaprekar/test_0_orig_pg_procyon → NON-CLONE
[3757/50000] 2026-06-30 05:16:48 | R1 | guessword/test_1_artifice_no_procyon vs kaprekar/test_1_artifice_no_krakatau → NON-CLONE
[3758/50000] 2026-06-30 05:16:49 | R1 | guessword/test_1_artifice_no_procyon vs kaprekar/test_1_artifice_no_procyon → NON-CLONE
[3759/50000] 2026-06-30 05:16:50 | R1 | guessword/test_1_artifice_no_procyon vs kaprekar/test_1_artifice_pg_krakatau → NON-CLONE
[3760/50000] 2026-06-30 05:16:51 | R1 | guessword/test_1_artifice_no_procyon vs kaprekar/test_1_artifice_pg_procyon → NON-CLONE
[3761/50000] 2026-06-30 05:16:52 | R1 | guessword/test_1_artifice_no_procyon vs queens/0_orig → NON-CLONE
[3762/50000] 2026-06-30 05:16:53 | R1 | guessword/test_1_artifice_no_procyon vs queens/1_artifice → NON-CLONE
[3763/50000] 2026-06-30 05:16:55 | R1 | guessword/test_1_artifice_no_procyon vs queens/test_0_orig_no_krakatau → NON-CLONE
[3764/50000] 2026-06-30 05:16:56 | R1 | guessword/test_1_artifice_no_procyon vs queens/test_0_orig_no_procyon → NON-CLONE
[3765/50000] 2026-06-30 05:16:57 | R1 | guessword/test_1_artifice_no_procyon vs queens/test_0_orig_pg_krakatau → NON-CLONE
[3766/50000] 2026-06-30 05:16:58 | R1 | guessword/test_1_artifice_no_procyon vs queens/test_0_orig_pg_procyon → NON-CLONE
[3767/50000] 2026-06-30 05:16:59 | R1 | guessword/test_1_artifice_no_procyon vs queens/test_1_artifice_no_krakatau → NON-CLONE
[3768/50000] 2026-06-30 05:17:00 | R1 | guessword/test_1_artifice_no_procyon vs queens/test_1_artifice_no_procyon → NON-CLONE
[3769/50000] 2026-06-30 05:17:01 | R1 | guessword/test_1_artifice_no_procyon vs queens/test_1_artifice_pg_krakatau → NON-CLONE
[3770/50000] 2026-06-30 05:17:02 | R1 | guessword/test_1_artifice_no_procyon vs queens/test_1_artifice_pg_procyon → NON-CLONE
[3771/50000] 2026-06-30 05:17:03 | R1 | guessword/test_1_artifice_no_procyon vs railroadcar/0_orig → NON-CLONE
[3772/50000] 2026-06-30 05:17:04 | R1 | guessword/test_1_artifice_no_procyon vs railroadcar/1_artifice → NON-CLONE
[3773/50000] 2026-06-30 05:17:05 | R1 | guessword/test_1_artifice_no_procyon vs railroadcar/test_0_orig_no_krakatau → NON-CLONE
[3774/50000] 2026-06-30 05:17:06 | R1 | guessword/test_1_artifice_no_procyon vs railroadcar/test_0_orig_no_procyon → NON-CLONE
[3775/50000] 2026-06-30 05:17:07 | R1 | guessword/test_1_artifice_no_procyon vs railroadcar/test_0_orig_pg_krakatau → NON-CLONE
[3776/50000] 2026-06-30 05:17:08 | R1 | guessword/test_1_artifice_no_procyon vs railroadcar/test_0_orig_pg_procyon → NON-CLONE
[3777/50000] 2026-06-30 05:17:09 | R1 | guessword/test_1_artifice_no_procyon vs railroadcar/test_1_artifice_no_krakatau → NON-CLONE
[3778/50000] 2026-06-30 05:17:10 | R1 | guessword/test_1_artifice_no_procyon vs railroadcar/test_1_artifice_no_procyon → NON-CLONE
[3779/50000] 2026-06-30 05:17:11 | R1 | guessword/test_1_artifice_no_procyon vs railroadcar/test_1_artifice_pg_krakatau → NON-CLONE
[3780/50000] 2026-06-30 05:17:13 | R1 | guessword/test_1_artifice_no_procyon vs railroadcar/test_1_artifice_pg_procyon → NON-CLONE
[3781/50000] 2026-06-30 05:17:14 | R1 | guessword/test_1_artifice_no_procyon vs slinkedlist/0_orig → NON-CLONE
[3782/50000] 2026-06-30 05:17:14 | R1 | guessword/test_1_artifice_no_procyon vs slinkedlist/1_artifice → NON-CLONE
[3783/50000] 2026-06-30 05:17:15 | R1 | guessword/test_1_artifice_no_procyon vs slinkedlist/test_0_orig_no_krakatau → NON-CLONE
[3784/50000] 2026-06-30 05:17:16 | R1 | guessword/test_1_artifice_no_procyon vs slinkedlist/test_0_orig_no_procyon → NON-CLONE
[3785/50000] 2026-06-30 05:17:17 | R1 | guessword/test_1_artifice_no_procyon vs slinkedlist/test_0_orig_pg_krakatau → NON-CLONE
[3786/50000] 2026-06-30 05:17:18 | R1 | guessword/test_1_artifice_no_procyon vs slinkedlist/test_0_orig_pg_procyon → NON-CLONE
[3787/50000] 2026-06-30 05:17:18 | R1 | guessword/test_1_artifice_no_procyon vs slinkedlist/test_1_artifice_no_krakatau → NON-CLONE
[3788/50000] 2026-06-30 05:17:19 | R1 | guessword/test_1_artifice_no_procyon vs slinkedlist/test_1_artifice_no_procyon → NON-CLONE
[3789/50000] 2026-06-30 05:17:20 | R1 | guessword/test_1_artifice_no_procyon vs slinkedlist/test_1_artifice_pg_krakatau → NON-CLONE
[3790/50000] 2026-06-30 05:17:21 | R1 | guessword/test_1_artifice_no_procyon vs slinkedlist/test_1_artifice_pg_procyon → NON-CLONE
[3791/50000] 2026-06-30 05:17:22 | R1 | guessword/test_1_artifice_no_procyon vs square/0_orig → NON-CLONE
[3792/50000] 2026-06-30 05:17:23 | R1 | guessword/test_1_artifice_no_procyon vs square/1_artifice → NON-CLONE
[3793/50000] 2026-06-30 05:17:24 | R1 | guessword/test_1_artifice_no_procyon vs square/test_0_orig_no_krakatau → NON-CLONE
[3794/50000] 2026-06-30 05:17:25 | R1 | guessword/test_1_artifice_no_procyon vs square/test_0_orig_no_procyon → NON-CLONE
[3795/50000] 2026-06-30 05:17:26 | R1 | guessword/test_1_artifice_no_procyon vs square/test_0_orig_pg_krakatau → NON-CLONE
[3796/50000] 2026-06-30 05:17:27 | R1 | guessword/test_1_artifice_no_procyon vs square/test_0_orig_pg_procyon → NON-CLONE
[3797/50000] 2026-06-30 05:17:29 | R1 | guessword/test_1_artifice_no_procyon vs square/test_1_artifice_no_krakatau → NON-CLONE
[3798/50000] 2026-06-30 05:17:29 | R1 | guessword/test_1_artifice_no_procyon vs square/test_1_artifice_no_procyon → NON-CLONE
[3799/50000] 2026-06-30 05:17:31 | R1 | guessword/test_1_artifice_no_procyon vs square/test_1_artifice_pg_krakatau → NON-CLONE
[3800/50000] 2026-06-30 05:17:32 | R1 | guessword/test_1_artifice_no_procyon vs square/test_1_artifice_pg_procyon → NON-CLONE
[3801/50000] 2026-06-30 05:17:33 | R1 | guessword/test_1_artifice_pg_krakatau vs InfixConverter/0_orig → NON-CLONE
[3802/50000] 2026-06-30 05:17:34 | R1 | guessword/test_1_artifice_pg_krakatau vs InfixConverter/1_artifice → NON-CLONE
[3803/50000] 2026-06-30 05:17:35 | R1 | guessword/test_1_artifice_pg_krakatau vs InfixConverter/test_0_orig_no_krakatau → NON-CLONE
[3804/50000] 2026-06-30 05:17:36 | R1 | guessword/test_1_artifice_pg_krakatau vs InfixConverter/test_0_orig_no_procyon → NON-CLONE
[3805/50000] 2026-06-30 05:17:38 | R1 | guessword/test_1_artifice_pg_krakatau vs InfixConverter/test_0_orig_pg_krakatau → NON-CLONE
[3806/50000] 2026-06-30 05:17:39 | R1 | guessword/test_1_artifice_pg_krakatau vs InfixConverter/test_0_orig_pg_procyon → NON-CLONE
[3807/50000] 2026-06-30 05:17:40 | R1 | guessword/test_1_artifice_pg_krakatau vs InfixConverter/test_1_artifice_no_krakatau → NON-CLONE
[3808/50000] 2026-06-30 05:17:41 | R1 | guessword/test_1_artifice_pg_krakatau vs InfixConverter/test_1_artifice_no_procyon → NON-CLONE
[3809/50000] 2026-06-30 05:17:43 | R1 | guessword/test_1_artifice_pg_krakatau vs InfixConverter/test_1_artifice_pg_krakatau → NON-CLONE
[3810/50000] 2026-06-30 05:17:43 | R1 | guessword/test_1_artifice_pg_krakatau vs InfixConverter/test_1_artifice_pg_procyon → NON-CLONE
[3811/50000] 2026-06-30 05:17:44 | R1 | guessword/test_1_artifice_pg_krakatau vs SqrtAlgorithm/0_orig → NON-CLONE
[3812/50000] 2026-06-30 05:17:45 | R1 | guessword/test_1_artifice_pg_krakatau vs SqrtAlgorithm/1_artifice → NON-CLONE
[3813/50000] 2026-06-30 05:17:46 | R1 | guessword/test_1_artifice_pg_krakatau vs SqrtAlgorithm/test_0_orig_no_krakatau → NON-CLONE
[3814/50000] 2026-06-30 05:17:47 | R1 | guessword/test_1_artifice_pg_krakatau vs SqrtAlgorithm/test_0_orig_no_procyon → NON-CLONE
[3815/50000] 2026-06-30 05:17:49 | R1 | guessword/test_1_artifice_pg_krakatau vs SqrtAlgorithm/test_0_orig_pg_krakatau → NON-CLONE
[3816/50000] 2026-06-30 05:17:50 | R1 | guessword/test_1_artifice_pg_krakatau vs SqrtAlgorithm/test_0_orig_pg_procyon → NON-CLONE
[3817/50000] 2026-06-30 05:17:51 | R1 | guessword/test_1_artifice_pg_krakatau vs SqrtAlgorithm/test_1_artifice_no_krakatau → NON-CLONE
[3818/50000] 2026-06-30 05:17:52 | R1 | guessword/test_1_artifice_pg_krakatau vs SqrtAlgorithm/test_1_artifice_no_procyon → NON-CLONE
[3819/50000] 2026-06-30 05:17:53 | R1 | guessword/test_1_artifice_pg_krakatau vs SqrtAlgorithm/test_1_artifice_pg_krakatau → NON-CLONE
[3820/50000] 2026-06-30 05:17:54 | R1 | guessword/test_1_artifice_pg_krakatau vs SqrtAlgorithm/test_1_artifice_pg_procyon → NON-CLONE
[3821/50000] 2026-06-30 05:17:55 | R1 | guessword/test_1_artifice_pg_krakatau vs bubblesort/0_orig → NON-CLONE
[3822/50000] 2026-06-30 05:17:56 | R1 | guessword/test_1_artifice_pg_krakatau vs bubblesort/1_artifice → NON-CLONE
[3823/50000] 2026-06-30 05:17:57 | R1 | guessword/test_1_artifice_pg_krakatau vs bubblesort/test_0_orig_no_krakatau → NON-CLONE
[3824/50000] 2026-06-30 05:17:58 | R1 | guessword/test_1_artifice_pg_krakatau vs bubblesort/test_0_orig_no_procyon → NON-CLONE
[3825/50000] 2026-06-30 05:17:59 | R1 | guessword/test_1_artifice_pg_krakatau vs bubblesort/test_0_orig_pg_krakatau → NON-CLONE
[3826/50000] 2026-06-30 05:18:00 | R1 | guessword/test_1_artifice_pg_krakatau vs bubblesort/test_0_orig_pg_procyon → NON-CLONE
[3827/50000] 2026-06-30 05:18:01 | R1 | guessword/test_1_artifice_pg_krakatau vs bubblesort/test_1_artifice_no_krakatau → NON-CLONE
[3828/50000] 2026-06-30 05:18:03 | R1 | guessword/test_1_artifice_pg_krakatau vs bubblesort/test_1_artifice_no_procyon → NON-CLONE
[3829/50000] 2026-06-30 05:18:03 | R1 | guessword/test_1_artifice_pg_krakatau vs bubblesort/test_1_artifice_pg_krakatau → NON-CLONE
[3830/50000] 2026-06-30 05:18:05 | R1 | guessword/test_1_artifice_pg_krakatau vs bubblesort/test_1_artifice_pg_procyon → NON-CLONE
[3831/50000] 2026-06-30 05:18:06 | R1 | guessword/test_1_artifice_pg_krakatau vs guessword/0_orig → CLONE
[3832/50000] 2026-06-30 05:18:07 | R1 | guessword/test_1_artifice_pg_krakatau vs guessword/1_artifice → CLONE
[3833/50000] 2026-06-30 05:18:08 | R1 | guessword/test_1_artifice_pg_krakatau vs guessword/test_0_orig_no_krakatau → CLONE
[3834/50000] 2026-06-30 05:18:09 | R1 | guessword/test_1_artifice_pg_krakatau vs guessword/test_0_orig_no_procyon → CLONE
[3835/50000] 2026-06-30 05:18:10 | R1 | guessword/test_1_artifice_pg_krakatau vs guessword/test_0_orig_pg_krakatau → CLONE
[3836/50000] 2026-06-30 05:18:11 | R1 | guessword/test_1_artifice_pg_krakatau vs guessword/test_0_orig_pg_procyon → CLONE
[3837/50000] 2026-06-30 05:18:12 | R1 | guessword/test_1_artifice_pg_krakatau vs guessword/test_1_artifice_no_krakatau → CLONE
[3838/50000] 2026-06-30 05:18:13 | R1 | guessword/test_1_artifice_pg_krakatau vs guessword/test_1_artifice_no_procyon → CLONE
[3839/50000] 2026-06-30 05:18:14 | R1 | guessword/test_1_artifice_pg_krakatau vs guessword/test_1_artifice_pg_krakatau → CLONE
[3840/50000] 2026-06-30 05:18:15 | R1 | guessword/test_1_artifice_pg_krakatau vs guessword/test_1_artifice_pg_procyon → CLONE
[3841/50000] 2026-06-30 05:18:16 | R1 | guessword/test_1_artifice_pg_krakatau vs hanoi/0_orig → NON-CLONE
[3842/50000] 2026-06-30 05:18:18 | R1 | guessword/test_1_artifice_pg_krakatau vs hanoi/1_artifice → NON-CLONE
[3843/50000] 2026-06-30 05:18:18 | R1 | guessword/test_1_artifice_pg_krakatau vs hanoi/test_0_orig_no_krakatau → NON-CLONE
[3844/50000] 2026-06-30 05:18:19 | R1 | guessword/test_1_artifice_pg_krakatau vs hanoi/test_0_orig_no_procyon → NON-CLONE
[3845/50000] 2026-06-30 05:18:20 | R1 | guessword/test_1_artifice_pg_krakatau vs hanoi/test_0_orig_pg_krakatau → NON-CLONE
[3846/50000] 2026-06-30 05:18:21 | R1 | guessword/test_1_artifice_pg_krakatau vs hanoi/test_0_orig_pg_procyon → NON-CLONE
[3847/50000] 2026-06-30 05:18:23 | R1 | guessword/test_1_artifice_pg_krakatau vs hanoi/test_1_artifice_no_krakatau → NON-CLONE
[3848/50000] 2026-06-30 05:18:24 | R1 | guessword/test_1_artifice_pg_krakatau vs hanoi/test_1_artifice_no_procyon → NON-CLONE
[3849/50000] 2026-06-30 05:18:25 | R1 | guessword/test_1_artifice_pg_krakatau vs hanoi/test_1_artifice_pg_krakatau → NON-CLONE
[3850/50000] 2026-06-30 05:18:26 | R1 | guessword/test_1_artifice_pg_krakatau vs hanoi/test_1_artifice_pg_procyon → NON-CLONE
[3851/50000] 2026-06-30 05:18:27 | R1 | guessword/test_1_artifice_pg_krakatau vs kaprekar/0_orig → NON-CLONE
[3852/50000] 2026-06-30 05:18:28 | R1 | guessword/test_1_artifice_pg_krakatau vs kaprekar/1_artifice → NON-CLONE
[3853/50000] 2026-06-30 05:18:30 | R1 | guessword/test_1_artifice_pg_krakatau vs kaprekar/test_0_orig_no_krakatau → NON-CLONE
[3854/50000] 2026-06-30 05:18:31 | R1 | guessword/test_1_artifice_pg_krakatau vs kaprekar/test_0_orig_no_procyon → NON-CLONE
[3855/50000] 2026-06-30 05:18:32 | R1 | guessword/test_1_artifice_pg_krakatau vs kaprekar/test_0_orig_pg_krakatau → NON-CLONE
[3856/50000] 2026-06-30 05:18:33 | R1 | guessword/test_1_artifice_pg_krakatau vs kaprekar/test_0_orig_pg_procyon → NON-CLONE
[3857/50000] 2026-06-30 05:18:35 | R1 | guessword/test_1_artifice_pg_krakatau vs kaprekar/test_1_artifice_no_krakatau → NON-CLONE
[3858/50000] 2026-06-30 05:18:36 | R1 | guessword/test_1_artifice_pg_krakatau vs kaprekar/test_1_artifice_no_procyon → NON-CLONE
[3859/50000] 2026-06-30 05:18:37 | R1 | guessword/test_1_artifice_pg_krakatau vs kaprekar/test_1_artifice_pg_krakatau → NON-CLONE
[3860/50000] 2026-06-30 05:18:38 | R1 | guessword/test_1_artifice_pg_krakatau vs kaprekar/test_1_artifice_pg_procyon → NON-CLONE
[3861/50000] 2026-06-30 05:18:39 | R1 | guessword/test_1_artifice_pg_krakatau vs queens/0_orig → NON-CLONE
[3862/50000] 2026-06-30 05:18:40 | R1 | guessword/test_1_artifice_pg_krakatau vs queens/1_artifice → NON-CLONE
[3863/50000] 2026-06-30 05:18:41 | R1 | guessword/test_1_artifice_pg_krakatau vs queens/test_0_orig_no_krakatau → NON-CLONE
[3864/50000] 2026-06-30 05:18:42 | R1 | guessword/test_1_artifice_pg_krakatau vs queens/test_0_orig_no_procyon → NON-CLONE
[3865/50000] 2026-06-30 05:18:43 | R1 | guessword/test_1_artifice_pg_krakatau vs queens/test_0_orig_pg_krakatau → NON-CLONE
[3866/50000] 2026-06-30 05:18:44 | R1 | guessword/test_1_artifice_pg_krakatau vs queens/test_0_orig_pg_procyon → NON-CLONE
[3867/50000] 2026-06-30 05:18:45 | R1 | guessword/test_1_artifice_pg_krakatau vs queens/test_1_artifice_no_krakatau → NON-CLONE
[3868/50000] 2026-06-30 05:18:46 | R1 | guessword/test_1_artifice_pg_krakatau vs queens/test_1_artifice_no_procyon → NON-CLONE
[3869/50000] 2026-06-30 05:18:47 | R1 | guessword/test_1_artifice_pg_krakatau vs queens/test_1_artifice_pg_krakatau → NON-CLONE
[3870/50000] 2026-06-30 05:18:48 | R1 | guessword/test_1_artifice_pg_krakatau vs queens/test_1_artifice_pg_procyon → NON-CLONE
[3871/50000] 2026-06-30 05:18:49 | R1 | guessword/test_1_artifice_pg_krakatau vs railroadcar/0_orig → NON-CLONE
[3872/50000] 2026-06-30 05:18:50 | R1 | guessword/test_1_artifice_pg_krakatau vs railroadcar/1_artifice → NON-CLONE
[3873/50000] 2026-06-30 05:18:51 | R1 | guessword/test_1_artifice_pg_krakatau vs railroadcar/test_0_orig_no_krakatau → NON-CLONE
[3874/50000] 2026-06-30 05:18:52 | R1 | guessword/test_1_artifice_pg_krakatau vs railroadcar/test_0_orig_no_procyon → NON-CLONE
[3875/50000] 2026-06-30 05:18:53 | R1 | guessword/test_1_artifice_pg_krakatau vs railroadcar/test_0_orig_pg_krakatau → NON-CLONE
[3876/50000] 2026-06-30 05:18:55 | R1 | guessword/test_1_artifice_pg_krakatau vs railroadcar/test_0_orig_pg_procyon → NON-CLONE
[3877/50000] 2026-06-30 05:18:56 | R1 | guessword/test_1_artifice_pg_krakatau vs railroadcar/test_1_artifice_no_krakatau → NON-CLONE
[3878/50000] 2026-06-30 05:18:57 | R1 | guessword/test_1_artifice_pg_krakatau vs railroadcar/test_1_artifice_no_procyon → NON-CLONE
[3879/50000] 2026-06-30 05:18:58 | R1 | guessword/test_1_artifice_pg_krakatau vs railroadcar/test_1_artifice_pg_krakatau → NON-CLONE
[3880/50000] 2026-06-30 05:18:59 | R1 | guessword/test_1_artifice_pg_krakatau vs railroadcar/test_1_artifice_pg_procyon → NON-CLONE
[3881/50000] 2026-06-30 05:19:00 | R1 | guessword/test_1_artifice_pg_krakatau vs slinkedlist/0_orig → NON-CLONE
[3882/50000] 2026-06-30 05:19:01 | R1 | guessword/test_1_artifice_pg_krakatau vs slinkedlist/1_artifice → NON-CLONE
[3883/50000] 2026-06-30 05:19:02 | R1 | guessword/test_1_artifice_pg_krakatau vs slinkedlist/test_0_orig_no_krakatau → NON-CLONE
[3884/50000] 2026-06-30 05:19:03 | R1 | guessword/test_1_artifice_pg_krakatau vs slinkedlist/test_0_orig_no_procyon → NON-CLONE
[3885/50000] 2026-06-30 05:19:03 | R1 | guessword/test_1_artifice_pg_krakatau vs slinkedlist/test_0_orig_pg_krakatau → NON-CLONE
[3886/50000] 2026-06-30 05:19:04 | R1 | guessword/test_1_artifice_pg_krakatau vs slinkedlist/test_0_orig_pg_procyon → NON-CLONE
[3887/50000] 2026-06-30 05:19:05 | R1 | guessword/test_1_artifice_pg_krakatau vs slinkedlist/test_1_artifice_no_krakatau → NON-CLONE
[3888/50000] 2026-06-30 05:19:06 | R1 | guessword/test_1_artifice_pg_krakatau vs slinkedlist/test_1_artifice_no_procyon → NON-CLONE
[3889/50000] 2026-06-30 05:19:07 | R1 | guessword/test_1_artifice_pg_krakatau vs slinkedlist/test_1_artifice_pg_krakatau → NON-CLONE
[3890/50000] 2026-06-30 05:19:08 | R1 | guessword/test_1_artifice_pg_krakatau vs slinkedlist/test_1_artifice_pg_procyon → NON-CLONE
[3891/50000] 2026-06-30 05:19:10 | R1 | guessword/test_1_artifice_pg_krakatau vs square/0_orig → NON-CLONE
[3892/50000] 2026-06-30 05:19:11 | R1 | guessword/test_1_artifice_pg_krakatau vs square/1_artifice → NON-CLONE
[3893/50000] 2026-06-30 05:19:12 | R1 | guessword/test_1_artifice_pg_krakatau vs square/test_0_orig_no_krakatau → NON-CLONE
[3894/50000] 2026-06-30 05:19:13 | R1 | guessword/test_1_artifice_pg_krakatau vs square/test_0_orig_no_procyon → NON-CLONE
[3895/50000] 2026-06-30 05:19:14 | R1 | guessword/test_1_artifice_pg_krakatau vs square/test_0_orig_pg_krakatau → NON-CLONE
[3896/50000] 2026-06-30 05:19:15 | R1 | guessword/test_1_artifice_pg_krakatau vs square/test_0_orig_pg_procyon → NON-CLONE
[3897/50000] 2026-06-30 05:19:16 | R1 | guessword/test_1_artifice_pg_krakatau vs square/test_1_artifice_no_krakatau → NON-CLONE
[3898/50000] 2026-06-30 05:19:17 | R1 | guessword/test_1_artifice_pg_krakatau vs square/test_1_artifice_no_procyon → NON-CLONE
[3899/50000] 2026-06-30 05:19:19 | R1 | guessword/test_1_artifice_pg_krakatau vs square/test_1_artifice_pg_krakatau → NON-CLONE
[3900/50000] 2026-06-30 05:19:20 | R1 | guessword/test_1_artifice_pg_krakatau vs square/test_1_artifice_pg_procyon → NON-CLONE
[3901/50000] 2026-06-30 05:19:21 | R1 | guessword/test_1_artifice_pg_procyon vs InfixConverter/0_orig → NON-CLONE
[3902/50000] 2026-06-30 05:19:22 | R1 | guessword/test_1_artifice_pg_procyon vs InfixConverter/1_artifice → NON-CLONE
[3903/50000] 2026-06-30 05:19:24 | R1 | guessword/test_1_artifice_pg_procyon vs InfixConverter/test_0_orig_no_krakatau → NON-CLONE
[3904/50000] 2026-06-30 05:19:25 | R1 | guessword/test_1_artifice_pg_procyon vs InfixConverter/test_0_orig_no_procyon → NON-CLONE
[3905/50000] 2026-06-30 05:19:26 | R1 | guessword/test_1_artifice_pg_procyon vs InfixConverter/test_0_orig_pg_krakatau → NON-CLONE
[3906/50000] 2026-06-30 05:19:26 | R1 | guessword/test_1_artifice_pg_procyon vs InfixConverter/test_0_orig_pg_procyon → NON-CLONE
[3907/50000] 2026-06-30 05:19:27 | R1 | guessword/test_1_artifice_pg_procyon vs InfixConverter/test_1_artifice_no_krakatau → NON-CLONE
[3908/50000] 2026-06-30 05:19:28 | R1 | guessword/test_1_artifice_pg_procyon vs InfixConverter/test_1_artifice_no_procyon → NON-CLONE
[3909/50000] 2026-06-30 05:19:30 | R1 | guessword/test_1_artifice_pg_procyon vs InfixConverter/test_1_artifice_pg_krakatau → NON-CLONE
[3910/50000] 2026-06-30 05:19:30 | R1 | guessword/test_1_artifice_pg_procyon vs InfixConverter/test_1_artifice_pg_procyon → NON-CLONE
[3911/50000] 2026-06-30 05:19:32 | R1 | guessword/test_1_artifice_pg_procyon vs SqrtAlgorithm/0_orig → NON-CLONE
[3912/50000] 2026-06-30 05:19:33 | R1 | guessword/test_1_artifice_pg_procyon vs SqrtAlgorithm/1_artifice → NON-CLONE
[3913/50000] 2026-06-30 05:19:34 | R1 | guessword/test_1_artifice_pg_procyon vs SqrtAlgorithm/test_0_orig_no_krakatau → NON-CLONE
[3914/50000] 2026-06-30 05:19:35 | R1 | guessword/test_1_artifice_pg_procyon vs SqrtAlgorithm/test_0_orig_no_procyon → NON-CLONE
[3915/50000] 2026-06-30 05:19:36 | R1 | guessword/test_1_artifice_pg_procyon vs SqrtAlgorithm/test_0_orig_pg_krakatau → NON-CLONE
[3916/50000] 2026-06-30 05:19:37 | R1 | guessword/test_1_artifice_pg_procyon vs SqrtAlgorithm/test_0_orig_pg_procyon → NON-CLONE
[3917/50000] 2026-06-30 05:19:38 | R1 | guessword/test_1_artifice_pg_procyon vs SqrtAlgorithm/test_1_artifice_no_krakatau → NON-CLONE
[3918/50000] 2026-06-30 05:19:39 | R1 | guessword/test_1_artifice_pg_procyon vs SqrtAlgorithm/test_1_artifice_no_procyon → NON-CLONE
[3919/50000] 2026-06-30 05:19:41 | R1 | guessword/test_1_artifice_pg_procyon vs SqrtAlgorithm/test_1_artifice_pg_krakatau → NON-CLONE
[3920/50000] 2026-06-30 05:19:41 | R1 | guessword/test_1_artifice_pg_procyon vs SqrtAlgorithm/test_1_artifice_pg_procyon → NON-CLONE
[3921/50000] 2026-06-30 05:19:42 | R1 | guessword/test_1_artifice_pg_procyon vs bubblesort/0_orig → NON-CLONE
[3922/50000] 2026-06-30 05:19:43 | R1 | guessword/test_1_artifice_pg_procyon vs bubblesort/1_artifice → NON-CLONE
[3923/50000] 2026-06-30 05:19:44 | R1 | guessword/test_1_artifice_pg_procyon vs bubblesort/test_0_orig_no_krakatau → NON-CLONE
[3924/50000] 2026-06-30 05:19:45 | R1 | guessword/test_1_artifice_pg_procyon vs bubblesort/test_0_orig_no_procyon → NON-CLONE
[3925/50000] 2026-06-30 05:19:46 | R1 | guessword/test_1_artifice_pg_procyon vs bubblesort/test_0_orig_pg_krakatau → NON-CLONE
[3926/50000] 2026-06-30 05:19:47 | R1 | guessword/test_1_artifice_pg_procyon vs bubblesort/test_0_orig_pg_procyon → NON-CLONE
[3927/50000] 2026-06-30 05:19:48 | R1 | guessword/test_1_artifice_pg_procyon vs bubblesort/test_1_artifice_no_krakatau → NON-CLONE
[3928/50000] 2026-06-30 05:19:50 | R1 | guessword/test_1_artifice_pg_procyon vs bubblesort/test_1_artifice_no_procyon → NON-CLONE
[3929/50000] 2026-06-30 05:19:51 | R1 | guessword/test_1_artifice_pg_procyon vs bubblesort/test_1_artifice_pg_krakatau → NON-CLONE
[3930/50000] 2026-06-30 05:19:51 | R1 | guessword/test_1_artifice_pg_procyon vs bubblesort/test_1_artifice_pg_procyon → NON-CLONE
[3931/50000] 2026-06-30 05:19:53 | R1 | guessword/test_1_artifice_pg_procyon vs guessword/0_orig → CLONE
[3932/50000] 2026-06-30 05:19:54 | R1 | guessword/test_1_artifice_pg_procyon vs guessword/1_artifice → CLONE
[3933/50000] 2026-06-30 05:19:55 | R1 | guessword/test_1_artifice_pg_procyon vs guessword/test_0_orig_no_krakatau → CLONE
[3934/50000] 2026-06-30 05:19:55 | R1 | guessword/test_1_artifice_pg_procyon vs guessword/test_0_orig_no_procyon → CLONE
[3935/50000] 2026-06-30 05:19:56 | R1 | guessword/test_1_artifice_pg_procyon vs guessword/test_0_orig_pg_krakatau → CLONE
[3936/50000] 2026-06-30 05:19:57 | R1 | guessword/test_1_artifice_pg_procyon vs guessword/test_0_orig_pg_procyon → CLONE
[3937/50000] 2026-06-30 05:19:59 | R1 | guessword/test_1_artifice_pg_procyon vs guessword/test_1_artifice_no_krakatau → CLONE
[3938/50000] 2026-06-30 05:20:00 | R1 | guessword/test_1_artifice_pg_procyon vs guessword/test_1_artifice_no_procyon → CLONE
[3939/50000] 2026-06-30 05:20:00 | R1 | guessword/test_1_artifice_pg_procyon vs guessword/test_1_artifice_pg_krakatau → CLONE
[3940/50000] 2026-06-30 05:20:01 | R1 | guessword/test_1_artifice_pg_procyon vs guessword/test_1_artifice_pg_procyon → CLONE
[3941/50000] 2026-06-30 05:20:02 | R1 | guessword/test_1_artifice_pg_procyon vs hanoi/0_orig → NON-CLONE
[3942/50000] 2026-06-30 05:20:03 | R1 | guessword/test_1_artifice_pg_procyon vs hanoi/1_artifice → NON-CLONE
[3943/50000] 2026-06-30 05:20:05 | R1 | guessword/test_1_artifice_pg_procyon vs hanoi/test_0_orig_no_krakatau → NON-CLONE
[3944/50000] 2026-06-30 05:20:06 | R1 | guessword/test_1_artifice_pg_procyon vs hanoi/test_0_orig_no_procyon → NON-CLONE
[3945/50000] 2026-06-30 05:20:07 | R1 | guessword/test_1_artifice_pg_procyon vs hanoi/test_0_orig_pg_krakatau → NON-CLONE
[3946/50000] 2026-06-30 05:20:08 | R1 | guessword/test_1_artifice_pg_procyon vs hanoi/test_0_orig_pg_procyon → NON-CLONE
[3947/50000] 2026-06-30 05:20:09 | R1 | guessword/test_1_artifice_pg_procyon vs hanoi/test_1_artifice_no_krakatau → NON-CLONE
[3948/50000] 2026-06-30 05:20:10 | R1 | guessword/test_1_artifice_pg_procyon vs hanoi/test_1_artifice_no_procyon → NON-CLONE
[3949/50000] 2026-06-30 05:20:12 | R1 | guessword/test_1_artifice_pg_procyon vs hanoi/test_1_artifice_pg_krakatau → NON-CLONE
[3950/50000] 2026-06-30 05:20:13 | R1 | guessword/test_1_artifice_pg_procyon vs hanoi/test_1_artifice_pg_procyon → NON-CLONE
[3951/50000] 2026-06-30 05:20:14 | R1 | guessword/test_1_artifice_pg_procyon vs kaprekar/0_orig → NON-CLONE
[3952/50000] 2026-06-30 05:20:15 | R1 | guessword/test_1_artifice_pg_procyon vs kaprekar/1_artifice → NON-CLONE
[3953/50000] 2026-06-30 05:20:17 | R1 | guessword/test_1_artifice_pg_procyon vs kaprekar/test_0_orig_no_krakatau → NON-CLONE
[3954/50000] 2026-06-30 05:20:17 | R1 | guessword/test_1_artifice_pg_procyon vs kaprekar/test_0_orig_no_procyon → NON-CLONE
[3955/50000] 2026-06-30 05:20:19 | R1 | guessword/test_1_artifice_pg_procyon vs kaprekar/test_0_orig_pg_krakatau → NON-CLONE
[3956/50000] 2026-06-30 05:20:20 | R1 | guessword/test_1_artifice_pg_procyon vs kaprekar/test_0_orig_pg_procyon → NON-CLONE
[3957/50000] 2026-06-30 05:20:21 | R1 | guessword/test_1_artifice_pg_procyon vs kaprekar/test_1_artifice_no_krakatau → NON-CLONE
[3958/50000] 2026-06-30 05:20:21 | R1 | guessword/test_1_artifice_pg_procyon vs kaprekar/test_1_artifice_no_procyon → NON-CLONE
[3959/50000] 2026-06-30 05:20:22 | R1 | guessword/test_1_artifice_pg_procyon vs kaprekar/test_1_artifice_pg_krakatau → NON-CLONE
[3960/50000] 2026-06-30 05:20:24 | R1 | guessword/test_1_artifice_pg_procyon vs kaprekar/test_1_artifice_pg_procyon → NON-CLONE
[3961/50000] 2026-06-30 05:20:25 | R1 | guessword/test_1_artifice_pg_procyon vs queens/0_orig → NON-CLONE
[3962/50000] 2026-06-30 05:20:26 | R1 | guessword/test_1_artifice_pg_procyon vs queens/1_artifice → NON-CLONE
[3963/50000] 2026-06-30 05:20:27 | R1 | guessword/test_1_artifice_pg_procyon vs queens/test_0_orig_no_krakatau → NON-CLONE
[3964/50000] 2026-06-30 05:20:28 | R1 | guessword/test_1_artifice_pg_procyon vs queens/test_0_orig_no_procyon → NON-CLONE
[3965/50000] 2026-06-30 05:20:29 | R1 | guessword/test_1_artifice_pg_procyon vs queens/test_0_orig_pg_krakatau → NON-CLONE
[3966/50000] 2026-06-30 05:20:30 | R1 | guessword/test_1_artifice_pg_procyon vs queens/test_0_orig_pg_procyon → NON-CLONE
[3967/50000] 2026-06-30 05:20:31 | R1 | guessword/test_1_artifice_pg_procyon vs queens/test_1_artifice_no_krakatau → NON-CLONE
[3968/50000] 2026-06-30 05:20:33 | R1 | guessword/test_1_artifice_pg_procyon vs queens/test_1_artifice_no_procyon → NON-CLONE
[3969/50000] 2026-06-30 05:20:35 | R1 | guessword/test_1_artifice_pg_procyon vs queens/test_1_artifice_pg_krakatau → NON-CLONE
[3970/50000] 2026-06-30 05:20:37 | R1 | guessword/test_1_artifice_pg_procyon vs queens/test_1_artifice_pg_procyon → NON-CLONE
[3971/50000] 2026-06-30 05:20:38 | R1 | guessword/test_1_artifice_pg_procyon vs railroadcar/0_orig → NON-CLONE
[3972/50000] 2026-06-30 05:20:39 | R1 | guessword/test_1_artifice_pg_procyon vs railroadcar/1_artifice → NON-CLONE
[3973/50000] 2026-06-30 05:20:40 | R1 | guessword/test_1_artifice_pg_procyon vs railroadcar/test_0_orig_no_krakatau → NON-CLONE
[3974/50000] 2026-06-30 05:20:42 | R1 | guessword/test_1_artifice_pg_procyon vs railroadcar/test_0_orig_no_procyon → NON-CLONE
[3975/50000] 2026-06-30 05:20:43 | R1 | guessword/test_1_artifice_pg_procyon vs railroadcar/test_0_orig_pg_krakatau → NON-CLONE
[3976/50000] 2026-06-30 05:20:44 | R1 | guessword/test_1_artifice_pg_procyon vs railroadcar/test_0_orig_pg_procyon → NON-CLONE
[3977/50000] 2026-06-30 05:20:44 | R1 | guessword/test_1_artifice_pg_procyon vs railroadcar/test_1_artifice_no_krakatau → NON-CLONE
[3978/50000] 2026-06-30 05:20:46 | R1 | guessword/test_1_artifice_pg_procyon vs railroadcar/test_1_artifice_no_procyon → NON-CLONE
[3979/50000] 2026-06-30 05:20:47 | R1 | guessword/test_1_artifice_pg_procyon vs railroadcar/test_1_artifice_pg_krakatau → NON-CLONE
[3980/50000] 2026-06-30 05:20:48 | R1 | guessword/test_1_artifice_pg_procyon vs railroadcar/test_1_artifice_pg_procyon → NON-CLONE
[3981/50000] 2026-06-30 05:20:49 | R1 | guessword/test_1_artifice_pg_procyon vs slinkedlist/0_orig → NON-CLONE
[3982/50000] 2026-06-30 05:20:50 | R1 | guessword/test_1_artifice_pg_procyon vs slinkedlist/1_artifice → NON-CLONE
[3983/50000] 2026-06-30 05:20:51 | R1 | guessword/test_1_artifice_pg_procyon vs slinkedlist/test_0_orig_no_krakatau → NON-CLONE
[3984/50000] 2026-06-30 05:20:52 | R1 | guessword/test_1_artifice_pg_procyon vs slinkedlist/test_0_orig_no_procyon → NON-CLONE
[3985/50000] 2026-06-30 05:20:53 | R1 | guessword/test_1_artifice_pg_procyon vs slinkedlist/test_0_orig_pg_krakatau → NON-CLONE
[3986/50000] 2026-06-30 05:20:54 | R1 | guessword/test_1_artifice_pg_procyon vs slinkedlist/test_0_orig_pg_procyon → NON-CLONE
[3987/50000] 2026-06-30 05:20:55 | R1 | guessword/test_1_artifice_pg_procyon vs slinkedlist/test_1_artifice_no_krakatau → NON-CLONE
[3988/50000] 2026-06-30 05:20:55 | R1 | guessword/test_1_artifice_pg_procyon vs slinkedlist/test_1_artifice_no_procyon → NON-CLONE
[3989/50000] 2026-06-30 05:20:56 | R1 | guessword/test_1_artifice_pg_procyon vs slinkedlist/test_1_artifice_pg_krakatau → NON-CLONE
[3990/50000] 2026-06-30 05:20:57 | R1 | guessword/test_1_artifice_pg_procyon vs slinkedlist/test_1_artifice_pg_procyon → NON-CLONE
[3991/50000] 2026-06-30 05:20:58 | R1 | guessword/test_1_artifice_pg_procyon vs square/0_orig → NON-CLONE
[3992/50000] 2026-06-30 05:20:59 | R1 | guessword/test_1_artifice_pg_procyon vs square/1_artifice → NON-CLONE
[3993/50000] 2026-06-30 05:21:00 | R1 | guessword/test_1_artifice_pg_procyon vs square/test_0_orig_no_krakatau → NON-CLONE
[3994/50000] 2026-06-30 05:21:02 | R1 | guessword/test_1_artifice_pg_procyon vs square/test_0_orig_no_procyon → NON-CLONE
[3995/50000] 2026-06-30 05:21:03 | R1 | guessword/test_1_artifice_pg_procyon vs square/test_0_orig_pg_krakatau → NON-CLONE
[3996/50000] 2026-06-30 05:21:04 | R1 | guessword/test_1_artifice_pg_procyon vs square/test_0_orig_pg_procyon → NON-CLONE
[3997/50000] 2026-06-30 05:21:05 | R1 | guessword/test_1_artifice_pg_procyon vs square/test_1_artifice_no_krakatau → NON-CLONE
[3998/50000] 2026-06-30 05:21:07 | R1 | guessword/test_1_artifice_pg_procyon vs square/test_1_artifice_no_procyon → NON-CLONE
[3999/50000] 2026-06-30 05:21:08 | R1 | guessword/test_1_artifice_pg_procyon vs square/test_1_artifice_pg_krakatau → NON-CLONE
[4000/50000] 2026-06-30 05:21:09 | R1 | guessword/test_1_artifice_pg_procyon vs square/test_1_artifice_pg_procyon → NON-CLONE
[4001/50000] 2026-06-30 05:21:11 | R1 | hanoi/0_orig vs InfixConverter/0_orig → NON-CLONE
[4002/50000] 2026-06-30 05:21:12 | R1 | hanoi/0_orig vs InfixConverter/1_artifice → NON-CLONE
[4003/50000] 2026-06-30 05:21:13 | R1 | hanoi/0_orig vs InfixConverter/test_0_orig_no_krakatau → NON-CLONE
[4004/50000] 2026-06-30 05:21:14 | R1 | hanoi/0_orig vs InfixConverter/test_0_orig_no_procyon → NON-CLONE
[4005/50000] 2026-06-30 05:21:15 | R1 | hanoi/0_orig vs InfixConverter/test_0_orig_pg_krakatau → NON-CLONE
[4006/50000] 2026-06-30 05:21:16 | R1 | hanoi/0_orig vs InfixConverter/test_0_orig_pg_procyon → NON-CLONE
[4007/50000] 2026-06-30 05:21:17 | R1 | hanoi/0_orig vs InfixConverter/test_1_artifice_no_krakatau → NON-CLONE
[4008/50000] 2026-06-30 05:21:17 | R1 | hanoi/0_orig vs InfixConverter/test_1_artifice_no_procyon → NON-CLONE
[4009/50000] 2026-06-30 05:21:18 | R1 | hanoi/0_orig vs InfixConverter/test_1_artifice_pg_krakatau → NON-CLONE
[4010/50000] 2026-06-30 05:21:19 | R1 | hanoi/0_orig vs InfixConverter/test_1_artifice_pg_procyon → NON-CLONE
[4011/50000] 2026-06-30 05:21:20 | R1 | hanoi/0_orig vs SqrtAlgorithm/0_orig → NON-CLONE
[4012/50000] 2026-06-30 05:21:21 | R1 | hanoi/0_orig vs SqrtAlgorithm/1_artifice → NON-CLONE
[4013/50000] 2026-06-30 05:21:23 | R1 | hanoi/0_orig vs SqrtAlgorithm/test_0_orig_no_krakatau → NON-CLONE
[4014/50000] 2026-06-30 05:21:24 | R1 | hanoi/0_orig vs SqrtAlgorithm/test_0_orig_no_procyon → NON-CLONE
[4015/50000] 2026-06-30 05:21:25 | R1 | hanoi/0_orig vs SqrtAlgorithm/test_0_orig_pg_krakatau → NON-CLONE
[4016/50000] 2026-06-30 05:21:26 | R1 | hanoi/0_orig vs SqrtAlgorithm/test_0_orig_pg_procyon → NON-CLONE
[4017/50000] 2026-06-30 05:21:27 | R1 | hanoi/0_orig vs SqrtAlgorithm/test_1_artifice_no_krakatau → NON-CLONE
[4018/50000] 2026-06-30 05:21:28 | R1 | hanoi/0_orig vs SqrtAlgorithm/test_1_artifice_no_procyon → NON-CLONE
[4019/50000] 2026-06-30 05:21:29 | R1 | hanoi/0_orig vs SqrtAlgorithm/test_1_artifice_pg_krakatau → NON-CLONE
[4020/50000] 2026-06-30 05:21:31 | R1 | hanoi/0_orig vs SqrtAlgorithm/test_1_artifice_pg_procyon → NON-CLONE
[4021/50000] 2026-06-30 05:21:32 | R1 | hanoi/0_orig vs bubblesort/0_orig → NON-CLONE
[4022/50000] 2026-06-30 05:21:33 | R1 | hanoi/0_orig vs bubblesort/1_artifice → NON-CLONE
[4023/50000] 2026-06-30 05:21:34 | R1 | hanoi/0_orig vs bubblesort/test_0_orig_no_krakatau → NON-CLONE
[4024/50000] 2026-06-30 05:21:36 | R1 | hanoi/0_orig vs bubblesort/test_0_orig_no_procyon → NON-CLONE
[4025/50000] 2026-06-30 05:21:37 | R1 | hanoi/0_orig vs bubblesort/test_0_orig_pg_krakatau → NON-CLONE
[4026/50000] 2026-06-30 05:21:37 | R1 | hanoi/0_orig vs bubblesort/test_0_orig_pg_procyon → NON-CLONE
[4027/50000] 2026-06-30 05:21:38 | R1 | hanoi/0_orig vs bubblesort/test_1_artifice_no_krakatau → NON-CLONE
[4028/50000] 2026-06-30 05:21:39 | R1 | hanoi/0_orig vs bubblesort/test_1_artifice_no_procyon → NON-CLONE
[4029/50000] 2026-06-30 05:21:40 | R1 | hanoi/0_orig vs bubblesort/test_1_artifice_pg_krakatau → NON-CLONE
[4030/50000] 2026-06-30 05:21:41 | R1 | hanoi/0_orig vs bubblesort/test_1_artifice_pg_procyon → NON-CLONE
[4031/50000] 2026-06-30 05:21:42 | R1 | hanoi/0_orig vs guessword/0_orig → NON-CLONE
[4032/50000] 2026-06-30 05:21:44 | R1 | hanoi/0_orig vs guessword/1_artifice → NON-CLONE
[4033/50000] 2026-06-30 05:21:45 | R1 | hanoi/0_orig vs guessword/test_0_orig_no_krakatau → NON-CLONE
[4034/50000] 2026-06-30 05:21:46 | R1 | hanoi/0_orig vs guessword/test_0_orig_no_procyon → NON-CLONE
[4035/50000] 2026-06-30 05:21:48 | R1 | hanoi/0_orig vs guessword/test_0_orig_pg_krakatau → NON-CLONE
[4036/50000] 2026-06-30 05:21:49 | R1 | hanoi/0_orig vs guessword/test_0_orig_pg_procyon → NON-CLONE
[4037/50000] 2026-06-30 05:21:50 | R1 | hanoi/0_orig vs guessword/test_1_artifice_no_krakatau → NON-CLONE
[4038/50000] 2026-06-30 05:21:50 | R1 | hanoi/0_orig vs guessword/test_1_artifice_no_procyon → NON-CLONE
[4039/50000] 2026-06-30 05:21:51 | R1 | hanoi/0_orig vs guessword/test_1_artifice_pg_krakatau → NON-CLONE
[4040/50000] 2026-06-30 05:21:53 | R1 | hanoi/0_orig vs guessword/test_1_artifice_pg_procyon → NON-CLONE
[4041/50000] 2026-06-30 05:21:54 | R1 | hanoi/0_orig vs hanoi/0_orig → CLONE
[4042/50000] 2026-06-30 05:21:55 | R1 | hanoi/0_orig vs hanoi/1_artifice → CLONE
[4043/50000] 2026-06-30 05:21:56 | R1 | hanoi/0_orig vs hanoi/test_0_orig_no_krakatau → CLONE
[4044/50000] 2026-06-30 05:21:58 | R1 | hanoi/0_orig vs hanoi/test_0_orig_no_procyon → CLONE
[4045/50000] 2026-06-30 05:21:59 | R1 | hanoi/0_orig vs hanoi/test_0_orig_pg_krakatau → CLONE
[4046/50000] 2026-06-30 05:21:59 | R1 | hanoi/0_orig vs hanoi/test_0_orig_pg_procyon → CLONE
[4047/50000] 2026-06-30 05:22:00 | R1 | hanoi/0_orig vs hanoi/test_1_artifice_no_krakatau → CLONE
[4048/50000] 2026-06-30 05:22:01 | R1 | hanoi/0_orig vs hanoi/test_1_artifice_no_procyon → CLONE
[4049/50000] 2026-06-30 05:22:01 | R1 | hanoi/0_orig vs hanoi/test_1_artifice_pg_krakatau → CLONE
[4050/50000] 2026-06-30 05:22:02 | R1 | hanoi/0_orig vs hanoi/test_1_artifice_pg_procyon → CLONE
[4051/50000] 2026-06-30 05:22:03 | R1 | hanoi/0_orig vs kaprekar/0_orig → NON-CLONE
[4052/50000] 2026-06-30 05:22:05 | R1 | hanoi/0_orig vs kaprekar/1_artifice → NON-CLONE
[4053/50000] 2026-06-30 05:22:06 | R1 | hanoi/0_orig vs kaprekar/test_0_orig_no_krakatau → NON-CLONE
[4054/50000] 2026-06-30 05:22:07 | R1 | hanoi/0_orig vs kaprekar/test_0_orig_no_procyon → NON-CLONE
[4055/50000] 2026-06-30 05:22:08 | R1 | hanoi/0_orig vs kaprekar/test_0_orig_pg_krakatau → NON-CLONE
[4056/50000] 2026-06-30 05:22:09 | R1 | hanoi/0_orig vs kaprekar/test_0_orig_pg_procyon → NON-CLONE
[4057/50000] 2026-06-30 05:22:10 | R1 | hanoi/0_orig vs kaprekar/test_1_artifice_no_krakatau → NON-CLONE
[4058/50000] 2026-06-30 05:22:11 | R1 | hanoi/0_orig vs kaprekar/test_1_artifice_no_procyon → NON-CLONE
[4059/50000] 2026-06-30 05:22:12 | R1 | hanoi/0_orig vs kaprekar/test_1_artifice_pg_krakatau → NON-CLONE
[4060/50000] 2026-06-30 05:22:13 | R1 | hanoi/0_orig vs kaprekar/test_1_artifice_pg_procyon → NON-CLONE
[4061/50000] 2026-06-30 05:22:14 | R1 | hanoi/0_orig vs queens/0_orig → NON-CLONE
[4062/50000] 2026-06-30 05:22:15 | R1 | hanoi/0_orig vs queens/1_artifice → NON-CLONE
[4063/50000] 2026-06-30 05:22:16 | R1 | hanoi/0_orig vs queens/test_0_orig_no_krakatau → NON-CLONE
[4064/50000] 2026-06-30 05:22:17 | R1 | hanoi/0_orig vs queens/test_0_orig_no_procyon → NON-CLONE
[4065/50000] 2026-06-30 05:22:18 | R1 | hanoi/0_orig vs queens/test_0_orig_pg_krakatau → NON-CLONE
[4066/50000] 2026-06-30 05:22:19 | R1 | hanoi/0_orig vs queens/test_0_orig_pg_procyon → NON-CLONE
[4067/50000] 2026-06-30 05:22:20 | R1 | hanoi/0_orig vs queens/test_1_artifice_no_krakatau → NON-CLONE
[4068/50000] 2026-06-30 05:22:22 | R1 | hanoi/0_orig vs queens/test_1_artifice_no_procyon → NON-CLONE
[4069/50000] 2026-06-30 05:22:23 | R1 | hanoi/0_orig vs queens/test_1_artifice_pg_krakatau → NON-CLONE
[4070/50000] 2026-06-30 05:22:24 | R1 | hanoi/0_orig vs queens/test_1_artifice_pg_procyon → NON-CLONE
[4071/50000] 2026-06-30 05:22:26 | R1 | hanoi/0_orig vs railroadcar/0_orig → NON-CLONE
[4072/50000] 2026-06-30 05:22:26 | R1 | hanoi/0_orig vs railroadcar/1_artifice → NON-CLONE
[4073/50000] 2026-06-30 05:22:28 | R1 | hanoi/0_orig vs railroadcar/test_0_orig_no_krakatau → NON-CLONE
[4074/50000] 2026-06-30 05:22:29 | R1 | hanoi/0_orig vs railroadcar/test_0_orig_no_procyon → NON-CLONE
[4075/50000] 2026-06-30 05:22:30 | R1 | hanoi/0_orig vs railroadcar/test_0_orig_pg_krakatau → NON-CLONE
[4076/50000] 2026-06-30 05:22:30 | R1 | hanoi/0_orig vs railroadcar/test_0_orig_pg_procyon → NON-CLONE
[4077/50000] 2026-06-30 05:22:31 | R1 | hanoi/0_orig vs railroadcar/test_1_artifice_no_krakatau → NON-CLONE
[4078/50000] 2026-06-30 05:22:32 | R1 | hanoi/0_orig vs railroadcar/test_1_artifice_no_procyon → NON-CLONE
[4079/50000] 2026-06-30 05:22:34 | R1 | hanoi/0_orig vs railroadcar/test_1_artifice_pg_krakatau → NON-CLONE
[4080/50000] 2026-06-30 05:22:34 | R1 | hanoi/0_orig vs railroadcar/test_1_artifice_pg_procyon → NON-CLONE
[4081/50000] 2026-06-30 05:22:35 | R1 | hanoi/0_orig vs slinkedlist/0_orig → NON-CLONE
[4082/50000] 2026-06-30 05:22:36 | R1 | hanoi/0_orig vs slinkedlist/1_artifice → NON-CLONE
[4083/50000] 2026-06-30 05:22:37 | R1 | hanoi/0_orig vs slinkedlist/test_0_orig_no_krakatau → NON-CLONE
[4084/50000] 2026-06-30 05:22:38 | R1 | hanoi/0_orig vs slinkedlist/test_0_orig_no_procyon → NON-CLONE
[4085/50000] 2026-06-30 05:22:39 | R1 | hanoi/0_orig vs slinkedlist/test_0_orig_pg_krakatau → NON-CLONE
[4086/50000] 2026-06-30 05:22:40 | R1 | hanoi/0_orig vs slinkedlist/test_0_orig_pg_procyon → NON-CLONE
[4087/50000] 2026-06-30 05:22:41 | R1 | hanoi/0_orig vs slinkedlist/test_1_artifice_no_krakatau → NON-CLONE
[4088/50000] 2026-06-30 05:22:43 | R1 | hanoi/0_orig vs slinkedlist/test_1_artifice_no_procyon → NON-CLONE
[4089/50000] 2026-06-30 05:22:44 | R1 | hanoi/0_orig vs slinkedlist/test_1_artifice_pg_krakatau → NON-CLONE
[4090/50000] 2026-06-30 05:22:45 | R1 | hanoi/0_orig vs slinkedlist/test_1_artifice_pg_procyon → NON-CLONE
[4091/50000] 2026-06-30 05:22:45 | R1 | hanoi/0_orig vs square/0_orig → NON-CLONE
[4092/50000] 2026-06-30 05:22:47 | R1 | hanoi/0_orig vs square/1_artifice → NON-CLONE
[4093/50000] 2026-06-30 05:22:48 | R1 | hanoi/0_orig vs square/test_0_orig_no_krakatau → NON-CLONE
[4094/50000] 2026-06-30 05:22:49 | R1 | hanoi/0_orig vs square/test_0_orig_no_procyon → NON-CLONE
[4095/50000] 2026-06-30 05:22:50 | R1 | hanoi/0_orig vs square/test_0_orig_pg_krakatau → NON-CLONE
[4096/50000] 2026-06-30 05:22:51 | R1 | hanoi/0_orig vs square/test_0_orig_pg_procyon → NON-CLONE
[4097/50000] 2026-06-30 05:22:52 | R1 | hanoi/0_orig vs square/test_1_artifice_no_krakatau → NON-CLONE
[4098/50000] 2026-06-30 05:22:53 | R1 | hanoi/0_orig vs square/test_1_artifice_no_procyon → NON-CLONE
[4099/50000] 2026-06-30 05:22:54 | R1 | hanoi/0_orig vs square/test_1_artifice_pg_krakatau → NON-CLONE
[4100/50000] 2026-06-30 05:22:55 | R1 | hanoi/0_orig vs square/test_1_artifice_pg_procyon → NON-CLONE
[4101/50000] 2026-06-30 05:22:56 | R1 | hanoi/1_artifice vs InfixConverter/0_orig → NON-CLONE
[4102/50000] 2026-06-30 05:22:57 | R1 | hanoi/1_artifice vs InfixConverter/1_artifice → NON-CLONE
[4103/50000] 2026-06-30 05:22:59 | R1 | hanoi/1_artifice vs InfixConverter/test_0_orig_no_krakatau → NON-CLONE
[4104/50000] 2026-06-30 05:23:00 | R1 | hanoi/1_artifice vs InfixConverter/test_0_orig_no_procyon → NON-CLONE
[4105/50000] 2026-06-30 05:23:02 | R1 | hanoi/1_artifice vs InfixConverter/test_0_orig_pg_krakatau → NON-CLONE
[4106/50000] 2026-06-30 05:23:03 | R1 | hanoi/1_artifice vs InfixConverter/test_0_orig_pg_procyon → NON-CLONE
[4107/50000] 2026-06-30 05:23:04 | R1 | hanoi/1_artifice vs InfixConverter/test_1_artifice_no_krakatau → NON-CLONE
[4108/50000] 2026-06-30 05:23:05 | R1 | hanoi/1_artifice vs InfixConverter/test_1_artifice_no_procyon → NON-CLONE
[4109/50000] 2026-06-30 05:23:06 | R1 | hanoi/1_artifice vs InfixConverter/test_1_artifice_pg_krakatau → NON-CLONE
[4110/50000] 2026-06-30 05:23:07 | R1 | hanoi/1_artifice vs InfixConverter/test_1_artifice_pg_procyon → NON-CLONE
[4111/50000] 2026-06-30 05:23:08 | R1 | hanoi/1_artifice vs SqrtAlgorithm/0_orig → NON-CLONE
[4112/50000] 2026-06-30 05:23:09 | R1 | hanoi/1_artifice vs SqrtAlgorithm/1_artifice → NON-CLONE
[4113/50000] 2026-06-30 05:23:10 | R1 | hanoi/1_artifice vs SqrtAlgorithm/test_0_orig_no_krakatau → NON-CLONE
[4114/50000] 2026-06-30 05:23:11 | R1 | hanoi/1_artifice vs SqrtAlgorithm/test_0_orig_no_procyon → NON-CLONE
[4115/50000] 2026-06-30 05:23:12 | R1 | hanoi/1_artifice vs SqrtAlgorithm/test_0_orig_pg_krakatau → NON-CLONE
[4116/50000] 2026-06-30 05:23:13 | R1 | hanoi/1_artifice vs SqrtAlgorithm/test_0_orig_pg_procyon → NON-CLONE
[4117/50000] 2026-06-30 05:23:15 | R1 | hanoi/1_artifice vs SqrtAlgorithm/test_1_artifice_no_krakatau → NON-CLONE
[4118/50000] 2026-06-30 05:23:16 | R1 | hanoi/1_artifice vs SqrtAlgorithm/test_1_artifice_no_procyon → NON-CLONE
[4119/50000] 2026-06-30 05:23:18 | R1 | hanoi/1_artifice vs SqrtAlgorithm/test_1_artifice_pg_krakatau → NON-CLONE
[4120/50000] 2026-06-30 05:23:19 | R1 | hanoi/1_artifice vs SqrtAlgorithm/test_1_artifice_pg_procyon → NON-CLONE
[4121/50000] 2026-06-30 05:23:19 | R1 | hanoi/1_artifice vs bubblesort/0_orig → NON-CLONE
[4122/50000] 2026-06-30 05:23:20 | R1 | hanoi/1_artifice vs bubblesort/1_artifice → NON-CLONE
[4123/50000] 2026-06-30 05:23:22 | R1 | hanoi/1_artifice vs bubblesort/test_0_orig_no_krakatau → NON-CLONE
[4124/50000] 2026-06-30 05:23:23 | R1 | hanoi/1_artifice vs bubblesort/test_0_orig_no_procyon → NON-CLONE
[4125/50000] 2026-06-30 05:23:24 | R1 | hanoi/1_artifice vs bubblesort/test_0_orig_pg_krakatau → NON-CLONE
[4126/50000] 2026-06-30 05:23:25 | R1 | hanoi/1_artifice vs bubblesort/test_0_orig_pg_procyon → NON-CLONE
[4127/50000] 2026-06-30 05:23:26 | R1 | hanoi/1_artifice vs bubblesort/test_1_artifice_no_krakatau → NON-CLONE
[4128/50000] 2026-06-30 05:23:27 | R1 | hanoi/1_artifice vs bubblesort/test_1_artifice_no_procyon → NON-CLONE
[4129/50000] 2026-06-30 05:23:28 | R1 | hanoi/1_artifice vs bubblesort/test_1_artifice_pg_krakatau → NON-CLONE
[4130/50000] 2026-06-30 05:23:29 | R1 | hanoi/1_artifice vs bubblesort/test_1_artifice_pg_procyon → NON-CLONE
[4131/50000] 2026-06-30 05:23:29 | R1 | hanoi/1_artifice vs guessword/0_orig → NON-CLONE
[4132/50000] 2026-06-30 05:23:30 | R1 | hanoi/1_artifice vs guessword/1_artifice → NON-CLONE
[4133/50000] 2026-06-30 05:23:31 | R1 | hanoi/1_artifice vs guessword/test_0_orig_no_krakatau → NON-CLONE
[4134/50000] 2026-06-30 05:23:32 | R1 | hanoi/1_artifice vs guessword/test_0_orig_no_procyon → NON-CLONE
[4135/50000] 2026-06-30 05:23:33 | R1 | hanoi/1_artifice vs guessword/test_0_orig_pg_krakatau → NON-CLONE
[4136/50000] 2026-06-30 05:23:34 | R1 | hanoi/1_artifice vs guessword/test_0_orig_pg_procyon → NON-CLONE
[4137/50000] 2026-06-30 05:23:35 | R1 | hanoi/1_artifice vs guessword/test_1_artifice_no_krakatau → NON-CLONE
[4138/50000] 2026-06-30 05:23:36 | R1 | hanoi/1_artifice vs guessword/test_1_artifice_no_procyon → NON-CLONE
[4139/50000] 2026-06-30 05:23:37 | R1 | hanoi/1_artifice vs guessword/test_1_artifice_pg_krakatau → NON-CLONE
[4140/50000] 2026-06-30 05:23:37 | R1 | hanoi/1_artifice vs guessword/test_1_artifice_pg_procyon → NON-CLONE
[4141/50000] 2026-06-30 05:23:39 | R1 | hanoi/1_artifice vs hanoi/0_orig → CLONE
[4142/50000] 2026-06-30 05:23:40 | R1 | hanoi/1_artifice vs hanoi/1_artifice → CLONE
[4143/50000] 2026-06-30 05:23:41 | R1 | hanoi/1_artifice vs hanoi/test_0_orig_no_krakatau → CLONE
[4144/50000] 2026-06-30 05:23:42 | R1 | hanoi/1_artifice vs hanoi/test_0_orig_no_procyon → CLONE
[4145/50000] 2026-06-30 05:23:43 | R1 | hanoi/1_artifice vs hanoi/test_0_orig_pg_krakatau → CLONE
[4146/50000] 2026-06-30 05:23:44 | R1 | hanoi/1_artifice vs hanoi/test_0_orig_pg_procyon → CLONE
[4147/50000] 2026-06-30 05:23:46 | R1 | hanoi/1_artifice vs hanoi/test_1_artifice_no_krakatau → CLONE
[4148/50000] 2026-06-30 05:23:47 | R1 | hanoi/1_artifice vs hanoi/test_1_artifice_no_procyon → CLONE
[4149/50000] 2026-06-30 05:23:48 | R1 | hanoi/1_artifice vs hanoi/test_1_artifice_pg_krakatau → CLONE
[4150/50000] 2026-06-30 05:23:49 | R1 | hanoi/1_artifice vs hanoi/test_1_artifice_pg_procyon → CLONE
[4151/50000] 2026-06-30 05:23:50 | R1 | hanoi/1_artifice vs kaprekar/0_orig → NON-CLONE
[4152/50000] 2026-06-30 05:23:51 | R1 | hanoi/1_artifice vs kaprekar/1_artifice → NON-CLONE
[4153/50000] 2026-06-30 05:23:52 | R1 | hanoi/1_artifice vs kaprekar/test_0_orig_no_krakatau → NON-CLONE
[4154/50000] 2026-06-30 05:23:53 | R1 | hanoi/1_artifice vs kaprekar/test_0_orig_no_procyon → NON-CLONE
[4155/50000] 2026-06-30 05:23:54 | R1 | hanoi/1_artifice vs kaprekar/test_0_orig_pg_krakatau → NON-CLONE
[4156/50000] 2026-06-30 05:23:55 | R1 | hanoi/1_artifice vs kaprekar/test_0_orig_pg_procyon → NON-CLONE
[4157/50000] 2026-06-30 05:23:56 | R1 | hanoi/1_artifice vs kaprekar/test_1_artifice_no_krakatau → NON-CLONE
[4158/50000] 2026-06-30 05:23:57 | R1 | hanoi/1_artifice vs kaprekar/test_1_artifice_no_procyon → NON-CLONE
[4159/50000] 2026-06-30 05:23:58 | R1 | hanoi/1_artifice vs kaprekar/test_1_artifice_pg_krakatau → NON-CLONE
[4160/50000] 2026-06-30 05:23:59 | R1 | hanoi/1_artifice vs kaprekar/test_1_artifice_pg_procyon → NON-CLONE
[4161/50000] 2026-06-30 05:24:00 | R1 | hanoi/1_artifice vs queens/0_orig → NON-CLONE
[4162/50000] 2026-06-30 05:24:02 | R1 | hanoi/1_artifice vs queens/1_artifice → NON-CLONE
[4163/50000] 2026-06-30 05:24:02 | R1 | hanoi/1_artifice vs queens/test_0_orig_no_krakatau → NON-CLONE
[4164/50000] 2026-06-30 05:24:03 | R1 | hanoi/1_artifice vs queens/test_0_orig_no_procyon → NON-CLONE
[4165/50000] 2026-06-30 05:24:04 | R1 | hanoi/1_artifice vs queens/test_0_orig_pg_krakatau → NON-CLONE
[4166/50000] 2026-06-30 05:24:05 | R1 | hanoi/1_artifice vs queens/test_0_orig_pg_procyon → NON-CLONE
[4167/50000] 2026-06-30 05:24:06 | R1 | hanoi/1_artifice vs queens/test_1_artifice_no_krakatau → NON-CLONE
[4168/50000] 2026-06-30 05:24:07 | R1 | hanoi/1_artifice vs queens/test_1_artifice_no_procyon → NON-CLONE
[4169/50000] 2026-06-30 05:24:08 | R1 | hanoi/1_artifice vs queens/test_1_artifice_pg_krakatau → NON-CLONE
[4170/50000] 2026-06-30 05:24:09 | R1 | hanoi/1_artifice vs queens/test_1_artifice_pg_procyon → NON-CLONE
[4171/50000] 2026-06-30 05:24:10 | R1 | hanoi/1_artifice vs railroadcar/0_orig → NON-CLONE
[4172/50000] 2026-06-30 05:24:12 | R1 | hanoi/1_artifice vs railroadcar/1_artifice → NON-CLONE
[4173/50000] 2026-06-30 05:24:13 | R1 | hanoi/1_artifice vs railroadcar/test_0_orig_no_krakatau → NON-CLONE
[4174/50000] 2026-06-30 05:24:14 | R1 | hanoi/1_artifice vs railroadcar/test_0_orig_no_procyon → NON-CLONE
[4175/50000] 2026-06-30 05:24:15 | R1 | hanoi/1_artifice vs railroadcar/test_0_orig_pg_krakatau → NON-CLONE
[4176/50000] 2026-06-30 05:24:15 | R1 | hanoi/1_artifice vs railroadcar/test_0_orig_pg_procyon → NON-CLONE
[4177/50000] 2026-06-30 05:24:17 | R1 | hanoi/1_artifice vs railroadcar/test_1_artifice_no_krakatau → NON-CLONE
[4178/50000] 2026-06-30 05:24:18 | R1 | hanoi/1_artifice vs railroadcar/test_1_artifice_no_procyon → NON-CLONE
[4179/50000] 2026-06-30 05:24:19 | R1 | hanoi/1_artifice vs railroadcar/test_1_artifice_pg_krakatau → NON-CLONE
[4180/50000] 2026-06-30 05:24:21 | R1 | hanoi/1_artifice vs railroadcar/test_1_artifice_pg_procyon → NON-CLONE
[4181/50000] 2026-06-30 05:24:22 | R1 | hanoi/1_artifice vs slinkedlist/0_orig → NON-CLONE
[4182/50000] 2026-06-30 05:24:23 | R1 | hanoi/1_artifice vs slinkedlist/1_artifice → NON-CLONE
[4183/50000] 2026-06-30 05:24:24 | R1 | hanoi/1_artifice vs slinkedlist/test_0_orig_no_krakatau → NON-CLONE
[4184/50000] 2026-06-30 05:24:25 | R1 | hanoi/1_artifice vs slinkedlist/test_0_orig_no_procyon → NON-CLONE
[4185/50000] 2026-06-30 05:24:26 | R1 | hanoi/1_artifice vs slinkedlist/test_0_orig_pg_krakatau → NON-CLONE
[4186/50000] 2026-06-30 05:24:27 | R1 | hanoi/1_artifice vs slinkedlist/test_0_orig_pg_procyon → NON-CLONE
[4187/50000] 2026-06-30 05:24:28 | R1 | hanoi/1_artifice vs slinkedlist/test_1_artifice_no_krakatau → NON-CLONE
[4188/50000] 2026-06-30 05:24:29 | R1 | hanoi/1_artifice vs slinkedlist/test_1_artifice_no_procyon → NON-CLONE
[4189/50000] 2026-06-30 05:24:30 | R1 | hanoi/1_artifice vs slinkedlist/test_1_artifice_pg_krakatau → NON-CLONE
[4190/50000] 2026-06-30 05:24:31 | R1 | hanoi/1_artifice vs slinkedlist/test_1_artifice_pg_procyon → NON-CLONE
[4191/50000] 2026-06-30 05:24:32 | R1 | hanoi/1_artifice vs square/0_orig → NON-CLONE
[4192/50000] 2026-06-30 05:24:33 | R1 | hanoi/1_artifice vs square/1_artifice → NON-CLONE
[4193/50000] 2026-06-30 05:24:35 | R1 | hanoi/1_artifice vs square/test_0_orig_no_krakatau → NON-CLONE
[4194/50000] 2026-06-30 05:24:36 | R1 | hanoi/1_artifice vs square/test_0_orig_no_procyon → NON-CLONE
[4195/50000] 2026-06-30 05:24:37 | R1 | hanoi/1_artifice vs square/test_0_orig_pg_krakatau → NON-CLONE
[4196/50000] 2026-06-30 05:24:38 | R1 | hanoi/1_artifice vs square/test_0_orig_pg_procyon → NON-CLONE
[4197/50000] 2026-06-30 05:24:39 | R1 | hanoi/1_artifice vs square/test_1_artifice_no_krakatau → NON-CLONE
[4198/50000] 2026-06-30 05:24:40 | R1 | hanoi/1_artifice vs square/test_1_artifice_no_procyon → NON-CLONE
[4199/50000] 2026-06-30 05:24:41 | R1 | hanoi/1_artifice vs square/test_1_artifice_pg_krakatau → NON-CLONE
[4200/50000] 2026-06-30 05:24:43 | R1 | hanoi/1_artifice vs square/test_1_artifice_pg_procyon → NON-CLONE
[4201/50000] 2026-06-30 05:24:44 | R1 | hanoi/test_0_orig_no_krakatau vs InfixConverter/0_orig → NON-CLONE
[4202/50000] 2026-06-30 05:24:45 | R1 | hanoi/test_0_orig_no_krakatau vs InfixConverter/1_artifice → NON-CLONE
[4203/50000] 2026-06-30 05:24:46 | R1 | hanoi/test_0_orig_no_krakatau vs InfixConverter/test_0_orig_no_krakatau → NON-CLONE
[4204/50000] 2026-06-30 05:24:47 | R1 | hanoi/test_0_orig_no_krakatau vs InfixConverter/test_0_orig_no_procyon → NON-CLONE
[4205/50000] 2026-06-30 05:24:48 | R1 | hanoi/test_0_orig_no_krakatau vs InfixConverter/test_0_orig_pg_krakatau → NON-CLONE
[4206/50000] 2026-06-30 05:24:49 | R1 | hanoi/test_0_orig_no_krakatau vs InfixConverter/test_0_orig_pg_procyon → NON-CLONE
[4207/50000] 2026-06-30 05:24:50 | R1 | hanoi/test_0_orig_no_krakatau vs InfixConverter/test_1_artifice_no_krakatau → NON-CLONE
[4208/50000] 2026-06-30 05:24:52 | R1 | hanoi/test_0_orig_no_krakatau vs InfixConverter/test_1_artifice_no_procyon → NON-CLONE
[4209/50000] 2026-06-30 05:24:53 | R1 | hanoi/test_0_orig_no_krakatau vs InfixConverter/test_1_artifice_pg_krakatau → NON-CLONE
[4210/50000] 2026-06-30 05:24:54 | R1 | hanoi/test_0_orig_no_krakatau vs InfixConverter/test_1_artifice_pg_procyon → NON-CLONE
[4211/50000] 2026-06-30 05:24:55 | R1 | hanoi/test_0_orig_no_krakatau vs SqrtAlgorithm/0_orig → NON-CLONE
[4212/50000] 2026-06-30 05:24:56 | R1 | hanoi/test_0_orig_no_krakatau vs SqrtAlgorithm/1_artifice → NON-CLONE
[4213/50000] 2026-06-30 05:24:57 | R1 | hanoi/test_0_orig_no_krakatau vs SqrtAlgorithm/test_0_orig_no_krakatau → NON-CLONE
[4214/50000] 2026-06-30 05:24:58 | R1 | hanoi/test_0_orig_no_krakatau vs SqrtAlgorithm/test_0_orig_no_procyon → NON-CLONE
[4215/50000] 2026-06-30 05:25:00 | R1 | hanoi/test_0_orig_no_krakatau vs SqrtAlgorithm/test_0_orig_pg_krakatau → NON-CLONE
[4216/50000] 2026-06-30 05:25:01 | R1 | hanoi/test_0_orig_no_krakatau vs SqrtAlgorithm/test_0_orig_pg_procyon → NON-CLONE
[4217/50000] 2026-06-30 05:25:01 | R1 | hanoi/test_0_orig_no_krakatau vs SqrtAlgorithm/test_1_artifice_no_krakatau → NON-CLONE
[4218/50000] 2026-06-30 05:25:03 | R1 | hanoi/test_0_orig_no_krakatau vs SqrtAlgorithm/test_1_artifice_no_procyon → NON-CLONE
[4219/50000] 2026-06-30 05:25:04 | R1 | hanoi/test_0_orig_no_krakatau vs SqrtAlgorithm/test_1_artifice_pg_krakatau → NON-CLONE
[4220/50000] 2026-06-30 05:25:05 | R1 | hanoi/test_0_orig_no_krakatau vs SqrtAlgorithm/test_1_artifice_pg_procyon → NON-CLONE
[4221/50000] 2026-06-30 05:25:06 | R1 | hanoi/test_0_orig_no_krakatau vs bubblesort/0_orig → NON-CLONE
[4222/50000] 2026-06-30 05:25:07 | R1 | hanoi/test_0_orig_no_krakatau vs bubblesort/1_artifice → NON-CLONE
[4223/50000] 2026-06-30 05:25:07 | R1 | hanoi/test_0_orig_no_krakatau vs bubblesort/test_0_orig_no_krakatau → NON-CLONE
[4224/50000] 2026-06-30 05:25:09 | R1 | hanoi/test_0_orig_no_krakatau vs bubblesort/test_0_orig_no_procyon → NON-CLONE
[4225/50000] 2026-06-30 05:25:10 | R1 | hanoi/test_0_orig_no_krakatau vs bubblesort/test_0_orig_pg_krakatau → NON-CLONE
[4226/50000] 2026-06-30 05:25:11 | R1 | hanoi/test_0_orig_no_krakatau vs bubblesort/test_0_orig_pg_procyon → NON-CLONE
[4227/50000] 2026-06-30 05:25:12 | R1 | hanoi/test_0_orig_no_krakatau vs bubblesort/test_1_artifice_no_krakatau → NON-CLONE
[4228/50000] 2026-06-30 05:25:12 | R1 | hanoi/test_0_orig_no_krakatau vs bubblesort/test_1_artifice_no_procyon → NON-CLONE
[4229/50000] 2026-06-30 05:25:13 | R1 | hanoi/test_0_orig_no_krakatau vs bubblesort/test_1_artifice_pg_krakatau → NON-CLONE
[4230/50000] 2026-06-30 05:25:15 | R1 | hanoi/test_0_orig_no_krakatau vs bubblesort/test_1_artifice_pg_procyon → NON-CLONE
[4231/50000] 2026-06-30 05:25:16 | R1 | hanoi/test_0_orig_no_krakatau vs guessword/0_orig → NON-CLONE
[4232/50000] 2026-06-30 05:25:17 | R1 | hanoi/test_0_orig_no_krakatau vs guessword/1_artifice → NON-CLONE
[4233/50000] 2026-06-30 05:25:18 | R1 | hanoi/test_0_orig_no_krakatau vs guessword/test_0_orig_no_krakatau → NON-CLONE
[4234/50000] 2026-06-30 05:25:19 | R1 | hanoi/test_0_orig_no_krakatau vs guessword/test_0_orig_no_procyon → NON-CLONE
[4235/50000] 2026-06-30 05:25:20 | R1 | hanoi/test_0_orig_no_krakatau vs guessword/test_0_orig_pg_krakatau → NON-CLONE
[4236/50000] 2026-06-30 05:25:21 | R1 | hanoi/test_0_orig_no_krakatau vs guessword/test_0_orig_pg_procyon → NON-CLONE
[4237/50000] 2026-06-30 05:25:22 | R1 | hanoi/test_0_orig_no_krakatau vs guessword/test_1_artifice_no_krakatau → NON-CLONE
[4238/50000] 2026-06-30 05:25:23 | R1 | hanoi/test_0_orig_no_krakatau vs guessword/test_1_artifice_no_procyon → NON-CLONE
[4239/50000] 2026-06-30 05:25:25 | R1 | hanoi/test_0_orig_no_krakatau vs guessword/test_1_artifice_pg_krakatau → NON-CLONE
[4240/50000] 2026-06-30 05:25:26 | R1 | hanoi/test_0_orig_no_krakatau vs guessword/test_1_artifice_pg_procyon → NON-CLONE
[4241/50000] 2026-06-30 05:25:27 | R1 | hanoi/test_0_orig_no_krakatau vs hanoi/0_orig → CLONE
[4242/50000] 2026-06-30 05:25:28 | R1 | hanoi/test_0_orig_no_krakatau vs hanoi/1_artifice → CLONE
[4243/50000] 2026-06-30 05:25:29 | R1 | hanoi/test_0_orig_no_krakatau vs hanoi/test_0_orig_no_krakatau → CLONE
[4244/50000] 2026-06-30 05:25:30 | R1 | hanoi/test_0_orig_no_krakatau vs hanoi/test_0_orig_no_procyon → CLONE
[4245/50000] 2026-06-30 05:25:31 | R1 | hanoi/test_0_orig_no_krakatau vs hanoi/test_0_orig_pg_krakatau → CLONE
[4246/50000] 2026-06-30 05:25:32 | R1 | hanoi/test_0_orig_no_krakatau vs hanoi/test_0_orig_pg_procyon → CLONE
[4247/50000] 2026-06-30 05:25:32 | R1 | hanoi/test_0_orig_no_krakatau vs hanoi/test_1_artifice_no_krakatau → CLONE
[4248/50000] 2026-06-30 05:25:33 | R1 | hanoi/test_0_orig_no_krakatau vs hanoi/test_1_artifice_no_procyon → CLONE
[4249/50000] 2026-06-30 05:25:34 | R1 | hanoi/test_0_orig_no_krakatau vs hanoi/test_1_artifice_pg_krakatau → CLONE
[4250/50000] 2026-06-30 05:25:35 | R1 | hanoi/test_0_orig_no_krakatau vs hanoi/test_1_artifice_pg_procyon → CLONE
[4251/50000] 2026-06-30 05:25:36 | R1 | hanoi/test_0_orig_no_krakatau vs kaprekar/0_orig → NON-CLONE
[4252/50000] 2026-06-30 05:25:37 | R1 | hanoi/test_0_orig_no_krakatau vs kaprekar/1_artifice → NON-CLONE
[4253/50000] 2026-06-30 05:25:38 | R1 | hanoi/test_0_orig_no_krakatau vs kaprekar/test_0_orig_no_krakatau → NON-CLONE
[4254/50000] 2026-06-30 05:25:39 | R1 | hanoi/test_0_orig_no_krakatau vs kaprekar/test_0_orig_no_procyon → NON-CLONE
[4255/50000] 2026-06-30 05:25:40 | R1 | hanoi/test_0_orig_no_krakatau vs kaprekar/test_0_orig_pg_krakatau → NON-CLONE
[4256/50000] 2026-06-30 05:25:41 | R1 | hanoi/test_0_orig_no_krakatau vs kaprekar/test_0_orig_pg_procyon → NON-CLONE
[4257/50000] 2026-06-30 05:25:42 | R1 | hanoi/test_0_orig_no_krakatau vs kaprekar/test_1_artifice_no_krakatau → NON-CLONE
[4258/50000] 2026-06-30 05:25:43 | R1 | hanoi/test_0_orig_no_krakatau vs kaprekar/test_1_artifice_no_procyon → NON-CLONE
[4259/50000] 2026-06-30 05:25:44 | R1 | hanoi/test_0_orig_no_krakatau vs kaprekar/test_1_artifice_pg_krakatau → NON-CLONE
[4260/50000] 2026-06-30 05:25:45 | R1 | hanoi/test_0_orig_no_krakatau vs kaprekar/test_1_artifice_pg_procyon → NON-CLONE
[4261/50000] 2026-06-30 05:25:46 | R1 | hanoi/test_0_orig_no_krakatau vs queens/0_orig → NON-CLONE
[4262/50000] 2026-06-30 05:25:47 | R1 | hanoi/test_0_orig_no_krakatau vs queens/1_artifice → NON-CLONE
[4263/50000] 2026-06-30 05:25:48 | R1 | hanoi/test_0_orig_no_krakatau vs queens/test_0_orig_no_krakatau → NON-CLONE
[4264/50000] 2026-06-30 05:25:50 | R1 | hanoi/test_0_orig_no_krakatau vs queens/test_0_orig_no_procyon → NON-CLONE
[4265/50000] 2026-06-30 05:25:51 | R1 | hanoi/test_0_orig_no_krakatau vs queens/test_0_orig_pg_krakatau → NON-CLONE
[4266/50000] 2026-06-30 05:25:52 | R1 | hanoi/test_0_orig_no_krakatau vs queens/test_0_orig_pg_procyon → NON-CLONE
[4267/50000] 2026-06-30 05:25:53 | R1 | hanoi/test_0_orig_no_krakatau vs queens/test_1_artifice_no_krakatau → NON-CLONE
[4268/50000] 2026-06-30 05:25:54 | R1 | hanoi/test_0_orig_no_krakatau vs queens/test_1_artifice_no_procyon → NON-CLONE
[4269/50000] 2026-06-30 05:25:54 | R1 | hanoi/test_0_orig_no_krakatau vs queens/test_1_artifice_pg_krakatau → NON-CLONE
[4270/50000] 2026-06-30 05:25:55 | R1 | hanoi/test_0_orig_no_krakatau vs queens/test_1_artifice_pg_procyon → NON-CLONE
[4271/50000] 2026-06-30 05:25:56 | R1 | hanoi/test_0_orig_no_krakatau vs railroadcar/0_orig → NON-CLONE
[4272/50000] 2026-06-30 05:25:57 | R1 | hanoi/test_0_orig_no_krakatau vs railroadcar/1_artifice → NON-CLONE
[4273/50000] 2026-06-30 05:25:59 | R1 | hanoi/test_0_orig_no_krakatau vs railroadcar/test_0_orig_no_krakatau → NON-CLONE
[4274/50000] 2026-06-30 05:26:00 | R1 | hanoi/test_0_orig_no_krakatau vs railroadcar/test_0_orig_no_procyon → NON-CLONE
[4275/50000] 2026-06-30 05:26:01 | R1 | hanoi/test_0_orig_no_krakatau vs railroadcar/test_0_orig_pg_krakatau → NON-CLONE
[4276/50000] 2026-06-30 05:26:02 | R1 | hanoi/test_0_orig_no_krakatau vs railroadcar/test_0_orig_pg_procyon → NON-CLONE
[4277/50000] 2026-06-30 05:26:03 | R1 | hanoi/test_0_orig_no_krakatau vs railroadcar/test_1_artifice_no_krakatau → NON-CLONE
[4278/50000] 2026-06-30 05:26:04 | R1 | hanoi/test_0_orig_no_krakatau vs railroadcar/test_1_artifice_no_procyon → NON-CLONE
[4279/50000] 2026-06-30 05:26:05 | R1 | hanoi/test_0_orig_no_krakatau vs railroadcar/test_1_artifice_pg_krakatau → NON-CLONE
[4280/50000] 2026-06-30 05:26:06 | R1 | hanoi/test_0_orig_no_krakatau vs railroadcar/test_1_artifice_pg_procyon → NON-CLONE
[4281/50000] 2026-06-30 05:26:07 | R1 | hanoi/test_0_orig_no_krakatau vs slinkedlist/0_orig → NON-CLONE
[4282/50000] 2026-06-30 05:26:08 | R1 | hanoi/test_0_orig_no_krakatau vs slinkedlist/1_artifice → NON-CLONE
[4283/50000] 2026-06-30 05:26:10 | R1 | hanoi/test_0_orig_no_krakatau vs slinkedlist/test_0_orig_no_krakatau → NON-CLONE
[4284/50000] 2026-06-30 05:26:11 | R1 | hanoi/test_0_orig_no_krakatau vs slinkedlist/test_0_orig_no_procyon → NON-CLONE
[4285/50000] 2026-06-30 05:26:12 | R1 | hanoi/test_0_orig_no_krakatau vs slinkedlist/test_0_orig_pg_krakatau → NON-CLONE
[4286/50000] 2026-06-30 05:26:12 | R1 | hanoi/test_0_orig_no_krakatau vs slinkedlist/test_0_orig_pg_procyon → NON-CLONE
[4287/50000] 2026-06-30 05:26:14 | R1 | hanoi/test_0_orig_no_krakatau vs slinkedlist/test_1_artifice_no_krakatau → NON-CLONE
[4288/50000] 2026-06-30 05:26:15 | R1 | hanoi/test_0_orig_no_krakatau vs slinkedlist/test_1_artifice_no_procyon → NON-CLONE
[4289/50000] 2026-06-30 05:26:16 | R1 | hanoi/test_0_orig_no_krakatau vs slinkedlist/test_1_artifice_pg_krakatau → NON-CLONE
[4290/50000] 2026-06-30 05:26:18 | R1 | hanoi/test_0_orig_no_krakatau vs slinkedlist/test_1_artifice_pg_procyon → NON-CLONE
[4291/50000] 2026-06-30 05:26:19 | R1 | hanoi/test_0_orig_no_krakatau vs square/0_orig → NON-CLONE
[4292/50000] 2026-06-30 05:26:20 | R1 | hanoi/test_0_orig_no_krakatau vs square/1_artifice → NON-CLONE
[4293/50000] 2026-06-30 05:26:21 | R1 | hanoi/test_0_orig_no_krakatau vs square/test_0_orig_no_krakatau → NON-CLONE
[4294/50000] 2026-06-30 05:26:22 | R1 | hanoi/test_0_orig_no_krakatau vs square/test_0_orig_no_procyon → NON-CLONE
[4295/50000] 2026-06-30 05:26:23 | R1 | hanoi/test_0_orig_no_krakatau vs square/test_0_orig_pg_krakatau → NON-CLONE
[4296/50000] 2026-06-30 05:26:24 | R1 | hanoi/test_0_orig_no_krakatau vs square/test_0_orig_pg_procyon → NON-CLONE
[4297/50000] 2026-06-30 05:26:25 | R1 | hanoi/test_0_orig_no_krakatau vs square/test_1_artifice_no_krakatau → NON-CLONE
[4298/50000] 2026-06-30 05:26:27 | R1 | hanoi/test_0_orig_no_krakatau vs square/test_1_artifice_no_procyon → NON-CLONE
[4299/50000] 2026-06-30 05:26:28 | R1 | hanoi/test_0_orig_no_krakatau vs square/test_1_artifice_pg_krakatau → NON-CLONE
[4300/50000] 2026-06-30 05:26:29 | R1 | hanoi/test_0_orig_no_krakatau vs square/test_1_artifice_pg_procyon → NON-CLONE
[4301/50000] 2026-06-30 05:26:30 | R1 | hanoi/test_0_orig_no_procyon vs InfixConverter/0_orig → NON-CLONE
[4302/50000] 2026-06-30 05:26:31 | R1 | hanoi/test_0_orig_no_procyon vs InfixConverter/1_artifice → NON-CLONE
[4303/50000] 2026-06-30 05:26:32 | R1 | hanoi/test_0_orig_no_procyon vs InfixConverter/test_0_orig_no_krakatau → NON-CLONE
[4304/50000] 2026-06-30 05:26:33 | R1 | hanoi/test_0_orig_no_procyon vs InfixConverter/test_0_orig_no_procyon → NON-CLONE
[4305/50000] 2026-06-30 05:26:34 | R1 | hanoi/test_0_orig_no_procyon vs InfixConverter/test_0_orig_pg_krakatau → NON-CLONE
[4306/50000] 2026-06-30 05:26:35 | R1 | hanoi/test_0_orig_no_procyon vs InfixConverter/test_0_orig_pg_procyon → NON-CLONE
[4307/50000] 2026-06-30 05:26:36 | R1 | hanoi/test_0_orig_no_procyon vs InfixConverter/test_1_artifice_no_krakatau → NON-CLONE
[4308/50000] 2026-06-30 05:26:37 | R1 | hanoi/test_0_orig_no_procyon vs InfixConverter/test_1_artifice_no_procyon → NON-CLONE
[4309/50000] 2026-06-30 05:26:38 | R1 | hanoi/test_0_orig_no_procyon vs InfixConverter/test_1_artifice_pg_krakatau → NON-CLONE
[4310/50000] 2026-06-30 05:26:39 | R1 | hanoi/test_0_orig_no_procyon vs InfixConverter/test_1_artifice_pg_procyon → NON-CLONE
[4311/50000] 2026-06-30 05:26:40 | R1 | hanoi/test_0_orig_no_procyon vs SqrtAlgorithm/0_orig → NON-CLONE
[4312/50000] 2026-06-30 05:26:41 | R1 | hanoi/test_0_orig_no_procyon vs SqrtAlgorithm/1_artifice → NON-CLONE
[4313/50000] 2026-06-30 05:26:42 | R1 | hanoi/test_0_orig_no_procyon vs SqrtAlgorithm/test_0_orig_no_krakatau → NON-CLONE
[4314/50000] 2026-06-30 05:26:43 | R1 | hanoi/test_0_orig_no_procyon vs SqrtAlgorithm/test_0_orig_no_procyon → NON-CLONE
[4315/50000] 2026-06-30 05:26:45 | R1 | hanoi/test_0_orig_no_procyon vs SqrtAlgorithm/test_0_orig_pg_krakatau → NON-CLONE
[4316/50000] 2026-06-30 05:26:46 | R1 | hanoi/test_0_orig_no_procyon vs SqrtAlgorithm/test_0_orig_pg_procyon → NON-CLONE
[4317/50000] 2026-06-30 05:26:47 | R1 | hanoi/test_0_orig_no_procyon vs SqrtAlgorithm/test_1_artifice_no_krakatau → NON-CLONE
[4318/50000] 2026-06-30 05:26:48 | R1 | hanoi/test_0_orig_no_procyon vs SqrtAlgorithm/test_1_artifice_no_procyon → NON-CLONE
[4319/50000] 2026-06-30 05:26:49 | R1 | hanoi/test_0_orig_no_procyon vs SqrtAlgorithm/test_1_artifice_pg_krakatau → NON-CLONE
[4320/50000] 2026-06-30 05:26:50 | R1 | hanoi/test_0_orig_no_procyon vs SqrtAlgorithm/test_1_artifice_pg_procyon → NON-CLONE
[4321/50000] 2026-06-30 05:26:51 | R1 | hanoi/test_0_orig_no_procyon vs bubblesort/0_orig → NON-CLONE
[4322/50000] 2026-06-30 05:26:51 | R1 | hanoi/test_0_orig_no_procyon vs bubblesort/1_artifice → NON-CLONE
[4323/50000] 2026-06-30 05:26:53 | R1 | hanoi/test_0_orig_no_procyon vs bubblesort/test_0_orig_no_krakatau → NON-CLONE
[4324/50000] 2026-06-30 05:26:54 | R1 | hanoi/test_0_orig_no_procyon vs bubblesort/test_0_orig_no_procyon → NON-CLONE
[4325/50000] 2026-06-30 05:26:55 | R1 | hanoi/test_0_orig_no_procyon vs bubblesort/test_0_orig_pg_krakatau → NON-CLONE
[4326/50000] 2026-06-30 05:26:56 | R1 | hanoi/test_0_orig_no_procyon vs bubblesort/test_0_orig_pg_procyon → NON-CLONE
[4327/50000] 2026-06-30 05:26:57 | R1 | hanoi/test_0_orig_no_procyon vs bubblesort/test_1_artifice_no_krakatau → NON-CLONE
[4328/50000] 2026-06-30 05:26:58 | R1 | hanoi/test_0_orig_no_procyon vs bubblesort/test_1_artifice_no_procyon → NON-CLONE
[4329/50000] 2026-06-30 05:26:59 | R1 | hanoi/test_0_orig_no_procyon vs bubblesort/test_1_artifice_pg_krakatau → NON-CLONE
[4330/50000] 2026-06-30 05:27:01 | R1 | hanoi/test_0_orig_no_procyon vs bubblesort/test_1_artifice_pg_procyon → NON-CLONE
[4331/50000] 2026-06-30 05:27:02 | R1 | hanoi/test_0_orig_no_procyon vs guessword/0_orig → NON-CLONE
[4332/50000] 2026-06-30 05:27:02 | R1 | hanoi/test_0_orig_no_procyon vs guessword/1_artifice → NON-CLONE
[4333/50000] 2026-06-30 05:27:03 | R1 | hanoi/test_0_orig_no_procyon vs guessword/test_0_orig_no_krakatau → NON-CLONE
[4334/50000] 2026-06-30 05:27:04 | R1 | hanoi/test_0_orig_no_procyon vs guessword/test_0_orig_no_procyon → NON-CLONE
[4335/50000] 2026-06-30 05:27:06 | R1 | hanoi/test_0_orig_no_procyon vs guessword/test_0_orig_pg_krakatau → NON-CLONE
[4336/50000] 2026-06-30 05:27:07 | R1 | hanoi/test_0_orig_no_procyon vs guessword/test_0_orig_pg_procyon → NON-CLONE
[4337/50000] 2026-06-30 05:27:09 | R1 | hanoi/test_0_orig_no_procyon vs guessword/test_1_artifice_no_krakatau → NON-CLONE
[4338/50000] 2026-06-30 05:27:10 | R1 | hanoi/test_0_orig_no_procyon vs guessword/test_1_artifice_no_procyon → NON-CLONE
[4339/50000] 2026-06-30 05:27:11 | R1 | hanoi/test_0_orig_no_procyon vs guessword/test_1_artifice_pg_krakatau → NON-CLONE
[4340/50000] 2026-06-30 05:27:12 | R1 | hanoi/test_0_orig_no_procyon vs guessword/test_1_artifice_pg_procyon → NON-CLONE
[4341/50000] 2026-06-30 05:27:13 | R1 | hanoi/test_0_orig_no_procyon vs hanoi/0_orig → CLONE
[4342/50000] 2026-06-30 05:27:13 | R1 | hanoi/test_0_orig_no_procyon vs hanoi/1_artifice → CLONE
[4343/50000] 2026-06-30 05:27:14 | R1 | hanoi/test_0_orig_no_procyon vs hanoi/test_0_orig_no_krakatau → CLONE
[4344/50000] 2026-06-30 05:27:15 | R1 | hanoi/test_0_orig_no_procyon vs hanoi/test_0_orig_no_procyon → CLONE
[4345/50000] 2026-06-30 05:27:16 | R1 | hanoi/test_0_orig_no_procyon vs hanoi/test_0_orig_pg_krakatau → CLONE
[4346/50000] 2026-06-30 05:27:17 | R1 | hanoi/test_0_orig_no_procyon vs hanoi/test_0_orig_pg_procyon → CLONE
[4347/50000] 2026-06-30 05:27:19 | R1 | hanoi/test_0_orig_no_procyon vs hanoi/test_1_artifice_no_krakatau → CLONE
[4348/50000] 2026-06-30 05:27:20 | R1 | hanoi/test_0_orig_no_procyon vs hanoi/test_1_artifice_no_procyon → CLONE
[4349/50000] 2026-06-30 05:27:20 | R1 | hanoi/test_0_orig_no_procyon vs hanoi/test_1_artifice_pg_krakatau → CLONE
[4350/50000] 2026-06-30 05:27:21 | R1 | hanoi/test_0_orig_no_procyon vs hanoi/test_1_artifice_pg_procyon → CLONE
[4351/50000] 2026-06-30 05:27:22 | R1 | hanoi/test_0_orig_no_procyon vs kaprekar/0_orig → NON-CLONE
[4352/50000] 2026-06-30 05:27:23 | R1 | hanoi/test_0_orig_no_procyon vs kaprekar/1_artifice → NON-CLONE
[4353/50000] 2026-06-30 05:27:24 | R1 | hanoi/test_0_orig_no_procyon vs kaprekar/test_0_orig_no_krakatau → NON-CLONE
[4354/50000] 2026-06-30 05:27:25 | R1 | hanoi/test_0_orig_no_procyon vs kaprekar/test_0_orig_no_procyon → NON-CLONE
[4355/50000] 2026-06-30 05:27:26 | R1 | hanoi/test_0_orig_no_procyon vs kaprekar/test_0_orig_pg_krakatau → NON-CLONE
[4356/50000] 2026-06-30 05:27:27 | R1 | hanoi/test_0_orig_no_procyon vs kaprekar/test_0_orig_pg_procyon → NON-CLONE
[4357/50000] 2026-06-30 05:27:28 | R1 | hanoi/test_0_orig_no_procyon vs kaprekar/test_1_artifice_no_krakatau → NON-CLONE
[4358/50000] 2026-06-30 05:27:29 | R1 | hanoi/test_0_orig_no_procyon vs kaprekar/test_1_artifice_no_procyon → NON-CLONE
[4359/50000] 2026-06-30 05:27:30 | R1 | hanoi/test_0_orig_no_procyon vs kaprekar/test_1_artifice_pg_krakatau → NON-CLONE
[4360/50000] 2026-06-30 05:27:31 | R1 | hanoi/test_0_orig_no_procyon vs kaprekar/test_1_artifice_pg_procyon → NON-CLONE
[4361/50000] 2026-06-30 05:27:32 | R1 | hanoi/test_0_orig_no_procyon vs queens/0_orig → NON-CLONE
[4362/50000] 2026-06-30 05:27:34 | R1 | hanoi/test_0_orig_no_procyon vs queens/1_artifice → NON-CLONE
[4363/50000] 2026-06-30 05:27:35 | R1 | hanoi/test_0_orig_no_procyon vs queens/test_0_orig_no_krakatau → NON-CLONE
[4364/50000] 2026-06-30 05:27:36 | R1 | hanoi/test_0_orig_no_procyon vs queens/test_0_orig_no_procyon → NON-CLONE
[4365/50000] 2026-06-30 05:27:37 | R1 | hanoi/test_0_orig_no_procyon vs queens/test_0_orig_pg_krakatau → NON-CLONE
[4366/50000] 2026-06-30 05:27:38 | R1 | hanoi/test_0_orig_no_procyon vs queens/test_0_orig_pg_procyon → NON-CLONE
[4367/50000] 2026-06-30 05:27:39 | R1 | hanoi/test_0_orig_no_procyon vs queens/test_1_artifice_no_krakatau → NON-CLONE
[4368/50000] 2026-06-30 05:27:40 | R1 | hanoi/test_0_orig_no_procyon vs queens/test_1_artifice_no_procyon → NON-CLONE
[4369/50000] 2026-06-30 05:27:41 | R1 | hanoi/test_0_orig_no_procyon vs queens/test_1_artifice_pg_krakatau → NON-CLONE
[4370/50000] 2026-06-30 05:27:42 | R1 | hanoi/test_0_orig_no_procyon vs queens/test_1_artifice_pg_procyon → NON-CLONE
[4371/50000] 2026-06-30 05:27:43 | R1 | hanoi/test_0_orig_no_procyon vs railroadcar/0_orig → NON-CLONE
[4372/50000] 2026-06-30 05:27:44 | R1 | hanoi/test_0_orig_no_procyon vs railroadcar/1_artifice → NON-CLONE
[4373/50000] 2026-06-30 05:27:45 | R1 | hanoi/test_0_orig_no_procyon vs railroadcar/test_0_orig_no_krakatau → NON-CLONE
[4374/50000] 2026-06-30 05:27:46 | R1 | hanoi/test_0_orig_no_procyon vs railroadcar/test_0_orig_no_procyon → NON-CLONE
[4375/50000] 2026-06-30 05:27:47 | R1 | hanoi/test_0_orig_no_procyon vs railroadcar/test_0_orig_pg_krakatau → NON-CLONE
[4376/50000] 2026-06-30 05:27:48 | R1 | hanoi/test_0_orig_no_procyon vs railroadcar/test_0_orig_pg_procyon → NON-CLONE
[4377/50000] 2026-06-30 05:27:49 | R1 | hanoi/test_0_orig_no_procyon vs railroadcar/test_1_artifice_no_krakatau → NON-CLONE
[4378/50000] 2026-06-30 05:27:50 | R1 | hanoi/test_0_orig_no_procyon vs railroadcar/test_1_artifice_no_procyon → NON-CLONE
