Loaded 100 files → 10000 pairs × 5 round(s) = 50000 total (16782 already done, 33218 remaining)
`torch_dtype` is deprecated! Use `dtype` instead!
Loading checkpoint shards:   0%|          | 0/2 [00:00<?, ?it/s]Loading checkpoint shards:  50%|█████     | 1/2 [00:06<00:06,  6.66s/it]Loading checkpoint shards: 100%|██████████| 2/2 [00:09<00:00,  4.25s/it]Loading checkpoint shards: 100%|██████████| 2/2 [00:09<00:00,  4.61s/it]
Model 'codellama' loaded. Starting inference...
--- Round 1/5: already complete, skipping ---
--- Round 2/5 (6782 done, 3218 remaining) ---
[16783/50000] 2026-06-30 04:14:28 | R2 | queens/test_1_artifice_no_procyon vs slinkedlist/test_0_orig_no_krakatau → NON-CLONE
[16784/50000] 2026-06-30 04:14:31 | R2 | queens/test_1_artifice_no_procyon vs slinkedlist/test_0_orig_no_procyon → NON-CLONE
[16785/50000] 2026-06-30 04:14:32 | R2 | queens/test_1_artifice_no_procyon vs slinkedlist/test_0_orig_pg_krakatau → NON-CLONE
[16786/50000] 2026-06-30 04:14:33 | R2 | queens/test_1_artifice_no_procyon vs slinkedlist/test_0_orig_pg_procyon → NON-CLONE
[16787/50000] 2026-06-30 04:14:35 | R2 | queens/test_1_artifice_no_procyon vs slinkedlist/test_1_artifice_no_krakatau → NON-CLONE
[16788/50000] 2026-06-30 04:14:36 | R2 | queens/test_1_artifice_no_procyon vs slinkedlist/test_1_artifice_no_procyon → NON-CLONE
[16789/50000] 2026-06-30 04:14:37 | R2 | queens/test_1_artifice_no_procyon vs slinkedlist/test_1_artifice_pg_krakatau → NON-CLONE
[16790/50000] 2026-06-30 04:14:38 | R2 | queens/test_1_artifice_no_procyon vs slinkedlist/test_1_artifice_pg_procyon → NON-CLONE
[16791/50000] 2026-06-30 04:14:39 | R2 | queens/test_1_artifice_no_procyon vs square/0_orig → NON-CLONE
[16792/50000] 2026-06-30 04:14:41 | R2 | queens/test_1_artifice_no_procyon vs square/1_artifice → NON-CLONE
[16793/50000] 2026-06-30 04:14:43 | R2 | queens/test_1_artifice_no_procyon vs square/test_0_orig_no_krakatau → NON-CLONE
[16794/50000] 2026-06-30 04:14:45 | R2 | queens/test_1_artifice_no_procyon vs square/test_0_orig_no_procyon → NON-CLONE
[16795/50000] 2026-06-30 04:14:46 | R2 | queens/test_1_artifice_no_procyon vs square/test_0_orig_pg_krakatau → NON-CLONE
[16796/50000] 2026-06-30 04:14:48 | R2 | queens/test_1_artifice_no_procyon vs square/test_0_orig_pg_procyon → NON-CLONE
[16797/50000] 2026-06-30 04:14:49 | R2 | queens/test_1_artifice_no_procyon vs square/test_1_artifice_no_krakatau → NON-CLONE
[16798/50000] 2026-06-30 04:14:51 | R2 | queens/test_1_artifice_no_procyon vs square/test_1_artifice_no_procyon → NON-CLONE
[16799/50000] 2026-06-30 04:14:52 | R2 | queens/test_1_artifice_no_procyon vs square/test_1_artifice_pg_krakatau → NON-CLONE
[16800/50000] 2026-06-30 04:14:54 | R2 | queens/test_1_artifice_no_procyon vs square/test_1_artifice_pg_procyon → NON-CLONE
[16801/50000] 2026-06-30 04:14:55 | R2 | queens/test_1_artifice_pg_krakatau vs InfixConverter/0_orig → NON-CLONE
[16802/50000] 2026-06-30 04:14:56 | R2 | queens/test_1_artifice_pg_krakatau vs InfixConverter/1_artifice → NON-CLONE
[16803/50000] 2026-06-30 04:14:57 | R2 | queens/test_1_artifice_pg_krakatau vs InfixConverter/test_0_orig_no_krakatau → NON-CLONE
[16804/50000] 2026-06-30 04:14:58 | R2 | queens/test_1_artifice_pg_krakatau vs InfixConverter/test_0_orig_no_procyon → NON-CLONE
[16805/50000] 2026-06-30 04:15:00 | R2 | queens/test_1_artifice_pg_krakatau vs InfixConverter/test_0_orig_pg_krakatau → NON-CLONE
[16806/50000] 2026-06-30 04:15:01 | R2 | queens/test_1_artifice_pg_krakatau vs InfixConverter/test_0_orig_pg_procyon → NON-CLONE
[16807/50000] 2026-06-30 04:15:02 | R2 | queens/test_1_artifice_pg_krakatau vs InfixConverter/test_1_artifice_no_krakatau → NON-CLONE
[16808/50000] 2026-06-30 04:15:03 | R2 | queens/test_1_artifice_pg_krakatau vs InfixConverter/test_1_artifice_no_procyon → NON-CLONE
[16809/50000] 2026-06-30 04:15:05 | R2 | queens/test_1_artifice_pg_krakatau vs InfixConverter/test_1_artifice_pg_krakatau → NON-CLONE
[16810/50000] 2026-06-30 04:15:06 | R2 | queens/test_1_artifice_pg_krakatau vs InfixConverter/test_1_artifice_pg_procyon → NON-CLONE
[16811/50000] 2026-06-30 04:15:07 | R2 | queens/test_1_artifice_pg_krakatau vs SqrtAlgorithm/0_orig → NON-CLONE
[16812/50000] 2026-06-30 04:15:09 | R2 | queens/test_1_artifice_pg_krakatau vs SqrtAlgorithm/1_artifice → NON-CLONE
[16813/50000] 2026-06-30 04:15:11 | R2 | queens/test_1_artifice_pg_krakatau vs SqrtAlgorithm/test_0_orig_no_krakatau → NON-CLONE
[16814/50000] 2026-06-30 04:15:13 | R2 | queens/test_1_artifice_pg_krakatau vs SqrtAlgorithm/test_0_orig_no_procyon → NON-CLONE
[16815/50000] 2026-06-30 04:15:14 | R2 | queens/test_1_artifice_pg_krakatau vs SqrtAlgorithm/test_0_orig_pg_krakatau → NON-CLONE
[16816/50000] 2026-06-30 04:15:15 | R2 | queens/test_1_artifice_pg_krakatau vs SqrtAlgorithm/test_0_orig_pg_procyon → NON-CLONE
[16817/50000] 2026-06-30 04:15:16 | R2 | queens/test_1_artifice_pg_krakatau vs SqrtAlgorithm/test_1_artifice_no_krakatau → NON-CLONE
[16818/50000] 2026-06-30 04:15:17 | R2 | queens/test_1_artifice_pg_krakatau vs SqrtAlgorithm/test_1_artifice_no_procyon → NON-CLONE
[16819/50000] 2026-06-30 04:15:19 | R2 | queens/test_1_artifice_pg_krakatau vs SqrtAlgorithm/test_1_artifice_pg_krakatau → NON-CLONE
[16820/50000] 2026-06-30 04:15:20 | R2 | queens/test_1_artifice_pg_krakatau vs SqrtAlgorithm/test_1_artifice_pg_procyon → NON-CLONE
[16821/50000] 2026-06-30 04:15:21 | R2 | queens/test_1_artifice_pg_krakatau vs bubblesort/0_orig → NON-CLONE
[16822/50000] 2026-06-30 04:15:22 | R2 | queens/test_1_artifice_pg_krakatau vs bubblesort/1_artifice → NON-CLONE
[16823/50000] 2026-06-30 04:15:23 | R2 | queens/test_1_artifice_pg_krakatau vs bubblesort/test_0_orig_no_krakatau → NON-CLONE
[16824/50000] 2026-06-30 04:15:24 | R2 | queens/test_1_artifice_pg_krakatau vs bubblesort/test_0_orig_no_procyon → NON-CLONE
[16825/50000] 2026-06-30 04:15:25 | R2 | queens/test_1_artifice_pg_krakatau vs bubblesort/test_0_orig_pg_krakatau → NON-CLONE
[16826/50000] 2026-06-30 04:15:26 | R2 | queens/test_1_artifice_pg_krakatau vs bubblesort/test_0_orig_pg_procyon → NON-CLONE
[16827/50000] 2026-06-30 04:15:27 | R2 | queens/test_1_artifice_pg_krakatau vs bubblesort/test_1_artifice_no_krakatau → NON-CLONE
[16828/50000] 2026-06-30 04:15:28 | R2 | queens/test_1_artifice_pg_krakatau vs bubblesort/test_1_artifice_no_procyon → NON-CLONE
[16829/50000] 2026-06-30 04:15:29 | R2 | queens/test_1_artifice_pg_krakatau vs bubblesort/test_1_artifice_pg_krakatau → NON-CLONE
[16830/50000] 2026-06-30 04:15:30 | R2 | queens/test_1_artifice_pg_krakatau vs bubblesort/test_1_artifice_pg_procyon → NON-CLONE
[16831/50000] 2026-06-30 04:15:31 | R2 | queens/test_1_artifice_pg_krakatau vs guessword/0_orig → NON-CLONE
[16832/50000] 2026-06-30 04:15:32 | R2 | queens/test_1_artifice_pg_krakatau vs guessword/1_artifice → NON-CLONE
[16833/50000] 2026-06-30 04:15:34 | R2 | queens/test_1_artifice_pg_krakatau vs guessword/test_0_orig_no_krakatau → NON-CLONE
[16834/50000] 2026-06-30 04:15:35 | R2 | queens/test_1_artifice_pg_krakatau vs guessword/test_0_orig_no_procyon → NON-CLONE
[16835/50000] 2026-06-30 04:15:36 | R2 | queens/test_1_artifice_pg_krakatau vs guessword/test_0_orig_pg_krakatau → NON-CLONE
[16836/50000] 2026-06-30 04:15:38 | R2 | queens/test_1_artifice_pg_krakatau vs guessword/test_0_orig_pg_procyon → NON-CLONE
[16837/50000] 2026-06-30 04:15:40 | R2 | queens/test_1_artifice_pg_krakatau vs guessword/test_1_artifice_no_krakatau → NON-CLONE
[16838/50000] 2026-06-30 04:15:41 | R2 | queens/test_1_artifice_pg_krakatau vs guessword/test_1_artifice_no_procyon → NON-CLONE
[16839/50000] 2026-06-30 04:15:42 | R2 | queens/test_1_artifice_pg_krakatau vs guessword/test_1_artifice_pg_krakatau → NON-CLONE
[16840/50000] 2026-06-30 04:15:43 | R2 | queens/test_1_artifice_pg_krakatau vs guessword/test_1_artifice_pg_procyon → NON-CLONE
[16841/50000] 2026-06-30 04:15:45 | R2 | queens/test_1_artifice_pg_krakatau vs hanoi/0_orig → NON-CLONE
[16842/50000] 2026-06-30 04:15:46 | R2 | queens/test_1_artifice_pg_krakatau vs hanoi/1_artifice → NON-CLONE
[16843/50000] 2026-06-30 04:15:48 | R2 | queens/test_1_artifice_pg_krakatau vs hanoi/test_0_orig_no_krakatau → NON-CLONE
[16844/50000] 2026-06-30 04:15:50 | R2 | queens/test_1_artifice_pg_krakatau vs hanoi/test_0_orig_no_procyon → NON-CLONE
[16845/50000] 2026-06-30 04:15:51 | R2 | queens/test_1_artifice_pg_krakatau vs hanoi/test_0_orig_pg_krakatau → NON-CLONE
[16846/50000] 2026-06-30 04:15:53 | R2 | queens/test_1_artifice_pg_krakatau vs hanoi/test_0_orig_pg_procyon → NON-CLONE
[16847/50000] 2026-06-30 04:15:55 | R2 | queens/test_1_artifice_pg_krakatau vs hanoi/test_1_artifice_no_krakatau → NON-CLONE
[16848/50000] 2026-06-30 04:15:56 | R2 | queens/test_1_artifice_pg_krakatau vs hanoi/test_1_artifice_no_procyon → NON-CLONE
[16849/50000] 2026-06-30 04:15:58 | R2 | queens/test_1_artifice_pg_krakatau vs hanoi/test_1_artifice_pg_krakatau → NON-CLONE
[16850/50000] 2026-06-30 04:16:00 | R2 | queens/test_1_artifice_pg_krakatau vs hanoi/test_1_artifice_pg_procyon → NON-CLONE
[16851/50000] 2026-06-30 04:16:01 | R2 | queens/test_1_artifice_pg_krakatau vs kaprekar/0_orig → NON-CLONE
[16852/50000] 2026-06-30 04:16:03 | R2 | queens/test_1_artifice_pg_krakatau vs kaprekar/1_artifice → NON-CLONE
[16853/50000] 2026-06-30 04:16:04 | R2 | queens/test_1_artifice_pg_krakatau vs kaprekar/test_0_orig_no_krakatau → NON-CLONE
[16854/50000] 2026-06-30 04:16:05 | R2 | queens/test_1_artifice_pg_krakatau vs kaprekar/test_0_orig_no_procyon → NON-CLONE
[16855/50000] 2026-06-30 04:16:06 | R2 | queens/test_1_artifice_pg_krakatau vs kaprekar/test_0_orig_pg_krakatau → NON-CLONE
[16856/50000] 2026-06-30 04:16:08 | R2 | queens/test_1_artifice_pg_krakatau vs kaprekar/test_0_orig_pg_procyon → NON-CLONE
[16857/50000] 2026-06-30 04:16:09 | R2 | queens/test_1_artifice_pg_krakatau vs kaprekar/test_1_artifice_no_krakatau → NON-CLONE
[16858/50000] 2026-06-30 04:16:10 | R2 | queens/test_1_artifice_pg_krakatau vs kaprekar/test_1_artifice_no_procyon → NON-CLONE
[16859/50000] 2026-06-30 04:16:11 | R2 | queens/test_1_artifice_pg_krakatau vs kaprekar/test_1_artifice_pg_krakatau → NON-CLONE
[16860/50000] 2026-06-30 04:16:13 | R2 | queens/test_1_artifice_pg_krakatau vs kaprekar/test_1_artifice_pg_procyon → NON-CLONE
[16861/50000] 2026-06-30 04:16:14 | R2 | queens/test_1_artifice_pg_krakatau vs queens/0_orig → CLONE
[16862/50000] 2026-06-30 04:16:16 | R2 | queens/test_1_artifice_pg_krakatau vs queens/1_artifice → CLONE
[16863/50000] 2026-06-30 04:16:17 | R2 | queens/test_1_artifice_pg_krakatau vs queens/test_0_orig_no_krakatau → CLONE
[16864/50000] 2026-06-30 04:16:19 | R2 | queens/test_1_artifice_pg_krakatau vs queens/test_0_orig_no_procyon → CLONE
[16865/50000] 2026-06-30 04:16:20 | R2 | queens/test_1_artifice_pg_krakatau vs queens/test_0_orig_pg_krakatau → CLONE
[16866/50000] 2026-06-30 04:16:21 | R2 | queens/test_1_artifice_pg_krakatau vs queens/test_0_orig_pg_procyon → CLONE
[16867/50000] 2026-06-30 04:16:23 | R2 | queens/test_1_artifice_pg_krakatau vs queens/test_1_artifice_no_krakatau → CLONE
[16868/50000] 2026-06-30 04:16:24 | R2 | queens/test_1_artifice_pg_krakatau vs queens/test_1_artifice_no_procyon → CLONE
[16869/50000] 2026-06-30 04:16:25 | R2 | queens/test_1_artifice_pg_krakatau vs queens/test_1_artifice_pg_krakatau → CLONE
[16870/50000] 2026-06-30 04:16:27 | R2 | queens/test_1_artifice_pg_krakatau vs queens/test_1_artifice_pg_procyon → CLONE
[16871/50000] 2026-06-30 04:16:28 | R2 | queens/test_1_artifice_pg_krakatau vs railroadcar/0_orig → NON-CLONE
[16872/50000] 2026-06-30 04:16:29 | R2 | queens/test_1_artifice_pg_krakatau vs railroadcar/1_artifice → NON-CLONE
[16873/50000] 2026-06-30 04:16:30 | R2 | queens/test_1_artifice_pg_krakatau vs railroadcar/test_0_orig_no_krakatau → NON-CLONE
[16874/50000] 2026-06-30 04:16:31 | R2 | queens/test_1_artifice_pg_krakatau vs railroadcar/test_0_orig_no_procyon → NON-CLONE
[16875/50000] 2026-06-30 04:16:32 | R2 | queens/test_1_artifice_pg_krakatau vs railroadcar/test_0_orig_pg_krakatau → NON-CLONE
[16876/50000] 2026-06-30 04:16:33 | R2 | queens/test_1_artifice_pg_krakatau vs railroadcar/test_0_orig_pg_procyon → NON-CLONE
[16877/50000] 2026-06-30 04:16:34 | R2 | queens/test_1_artifice_pg_krakatau vs railroadcar/test_1_artifice_no_krakatau → NON-CLONE
[16878/50000] 2026-06-30 04:16:35 | R2 | queens/test_1_artifice_pg_krakatau vs railroadcar/test_1_artifice_no_procyon → NON-CLONE
[16879/50000] 2026-06-30 04:16:37 | R2 | queens/test_1_artifice_pg_krakatau vs railroadcar/test_1_artifice_pg_krakatau → NON-CLONE
[16880/50000] 2026-06-30 04:16:37 | R2 | queens/test_1_artifice_pg_krakatau vs railroadcar/test_1_artifice_pg_procyon → NON-CLONE
[16881/50000] 2026-06-30 04:16:39 | R2 | queens/test_1_artifice_pg_krakatau vs slinkedlist/0_orig → NON-CLONE
[16882/50000] 2026-06-30 04:16:40 | R2 | queens/test_1_artifice_pg_krakatau vs slinkedlist/1_artifice → NON-CLONE
[16883/50000] 2026-06-30 04:16:42 | R2 | queens/test_1_artifice_pg_krakatau vs slinkedlist/test_0_orig_no_krakatau → NON-CLONE
[16884/50000] 2026-06-30 04:16:43 | R2 | queens/test_1_artifice_pg_krakatau vs slinkedlist/test_0_orig_no_procyon → NON-CLONE
[16885/50000] 2026-06-30 04:16:44 | R2 | queens/test_1_artifice_pg_krakatau vs slinkedlist/test_0_orig_pg_krakatau → NON-CLONE
[16886/50000] 2026-06-30 04:16:45 | R2 | queens/test_1_artifice_pg_krakatau vs slinkedlist/test_0_orig_pg_procyon → NON-CLONE
[16887/50000] 2026-06-30 04:16:46 | R2 | queens/test_1_artifice_pg_krakatau vs slinkedlist/test_1_artifice_no_krakatau → NON-CLONE
[16888/50000] 2026-06-30 04:16:47 | R2 | queens/test_1_artifice_pg_krakatau vs slinkedlist/test_1_artifice_no_procyon → NON-CLONE
[16889/50000] 2026-06-30 04:16:48 | R2 | queens/test_1_artifice_pg_krakatau vs slinkedlist/test_1_artifice_pg_krakatau → NON-CLONE
[16890/50000] 2026-06-30 04:16:49 | R2 | queens/test_1_artifice_pg_krakatau vs slinkedlist/test_1_artifice_pg_procyon → NON-CLONE
[16891/50000] 2026-06-30 04:16:51 | R2 | queens/test_1_artifice_pg_krakatau vs square/0_orig → NON-CLONE
[16892/50000] 2026-06-30 04:16:52 | R2 | queens/test_1_artifice_pg_krakatau vs square/1_artifice → NON-CLONE
[16893/50000] 2026-06-30 04:16:54 | R2 | queens/test_1_artifice_pg_krakatau vs square/test_0_orig_no_krakatau → NON-CLONE
[16894/50000] 2026-06-30 04:16:55 | R2 | queens/test_1_artifice_pg_krakatau vs square/test_0_orig_no_procyon → NON-CLONE
[16895/50000] 2026-06-30 04:16:57 | R2 | queens/test_1_artifice_pg_krakatau vs square/test_0_orig_pg_krakatau → NON-CLONE
[16896/50000] 2026-06-30 04:16:58 | R2 | queens/test_1_artifice_pg_krakatau vs square/test_0_orig_pg_procyon → NON-CLONE
[16897/50000] 2026-06-30 04:17:00 | R2 | queens/test_1_artifice_pg_krakatau vs square/test_1_artifice_no_krakatau → NON-CLONE
[16898/50000] 2026-06-30 04:17:02 | R2 | queens/test_1_artifice_pg_krakatau vs square/test_1_artifice_no_procyon → NON-CLONE
[16899/50000] 2026-06-30 04:17:04 | R2 | queens/test_1_artifice_pg_krakatau vs square/test_1_artifice_pg_krakatau → NON-CLONE
[16900/50000] 2026-06-30 04:17:05 | R2 | queens/test_1_artifice_pg_krakatau vs square/test_1_artifice_pg_procyon → NON-CLONE
[16901/50000] 2026-06-30 04:17:07 | R2 | queens/test_1_artifice_pg_procyon vs InfixConverter/0_orig → NON-CLONE
[16902/50000] 2026-06-30 04:17:08 | R2 | queens/test_1_artifice_pg_procyon vs InfixConverter/1_artifice → NON-CLONE
[16903/50000] 2026-06-30 04:17:10 | R2 | queens/test_1_artifice_pg_procyon vs InfixConverter/test_0_orig_no_krakatau → NON-CLONE
[16904/50000] 2026-06-30 04:17:11 | R2 | queens/test_1_artifice_pg_procyon vs InfixConverter/test_0_orig_no_procyon → NON-CLONE
[16905/50000] 2026-06-30 04:17:13 | R2 | queens/test_1_artifice_pg_procyon vs InfixConverter/test_0_orig_pg_krakatau → NON-CLONE
[16906/50000] 2026-06-30 04:17:15 | R2 | queens/test_1_artifice_pg_procyon vs InfixConverter/test_0_orig_pg_procyon → NON-CLONE
[16907/50000] 2026-06-30 04:17:16 | R2 | queens/test_1_artifice_pg_procyon vs InfixConverter/test_1_artifice_no_krakatau → NON-CLONE
[16908/50000] 2026-06-30 04:17:17 | R2 | queens/test_1_artifice_pg_procyon vs InfixConverter/test_1_artifice_no_procyon → NON-CLONE
[16909/50000] 2026-06-30 04:17:18 | R2 | queens/test_1_artifice_pg_procyon vs InfixConverter/test_1_artifice_pg_krakatau → NON-CLONE
[16910/50000] 2026-06-30 04:17:20 | R2 | queens/test_1_artifice_pg_procyon vs InfixConverter/test_1_artifice_pg_procyon → NON-CLONE
[16911/50000] 2026-06-30 04:17:21 | R2 | queens/test_1_artifice_pg_procyon vs SqrtAlgorithm/0_orig → NON-CLONE
[16912/50000] 2026-06-30 04:17:24 | R2 | queens/test_1_artifice_pg_procyon vs SqrtAlgorithm/1_artifice → NON-CLONE
[16913/50000] 2026-06-30 04:17:26 | R2 | queens/test_1_artifice_pg_procyon vs SqrtAlgorithm/test_0_orig_no_krakatau → NON-CLONE
[16914/50000] 2026-06-30 04:17:28 | R2 | queens/test_1_artifice_pg_procyon vs SqrtAlgorithm/test_0_orig_no_procyon → NON-CLONE
[16915/50000] 2026-06-30 04:17:29 | R2 | queens/test_1_artifice_pg_procyon vs SqrtAlgorithm/test_0_orig_pg_krakatau → NON-CLONE
[16916/50000] 2026-06-30 04:17:30 | R2 | queens/test_1_artifice_pg_procyon vs SqrtAlgorithm/test_0_orig_pg_procyon → NON-CLONE
[16917/50000] 2026-06-30 04:17:32 | R2 | queens/test_1_artifice_pg_procyon vs SqrtAlgorithm/test_1_artifice_no_krakatau → NON-CLONE
[16918/50000] 2026-06-30 04:17:33 | R2 | queens/test_1_artifice_pg_procyon vs SqrtAlgorithm/test_1_artifice_no_procyon → NON-CLONE
[16919/50000] 2026-06-30 04:17:36 | R2 | queens/test_1_artifice_pg_procyon vs SqrtAlgorithm/test_1_artifice_pg_krakatau → NON-CLONE
[16920/50000] 2026-06-30 04:17:37 | R2 | queens/test_1_artifice_pg_procyon vs SqrtAlgorithm/test_1_artifice_pg_procyon → NON-CLONE
[16921/50000] 2026-06-30 04:17:38 | R2 | queens/test_1_artifice_pg_procyon vs bubblesort/0_orig → NON-CLONE
[16922/50000] 2026-06-30 04:17:39 | R2 | queens/test_1_artifice_pg_procyon vs bubblesort/1_artifice → NON-CLONE
[16923/50000] 2026-06-30 04:17:40 | R2 | queens/test_1_artifice_pg_procyon vs bubblesort/test_0_orig_no_krakatau → NON-CLONE
[16924/50000] 2026-06-30 04:17:41 | R2 | queens/test_1_artifice_pg_procyon vs bubblesort/test_0_orig_no_procyon → NON-CLONE
[16925/50000] 2026-06-30 04:17:42 | R2 | queens/test_1_artifice_pg_procyon vs bubblesort/test_0_orig_pg_krakatau → NON-CLONE
[16926/50000] 2026-06-30 04:17:43 | R2 | queens/test_1_artifice_pg_procyon vs bubblesort/test_0_orig_pg_procyon → NON-CLONE
[16927/50000] 2026-06-30 04:17:44 | R2 | queens/test_1_artifice_pg_procyon vs bubblesort/test_1_artifice_no_krakatau → NON-CLONE
[16928/50000] 2026-06-30 04:17:46 | R2 | queens/test_1_artifice_pg_procyon vs bubblesort/test_1_artifice_no_procyon → NON-CLONE
[16929/50000] 2026-06-30 04:17:47 | R2 | queens/test_1_artifice_pg_procyon vs bubblesort/test_1_artifice_pg_krakatau → NON-CLONE
[16930/50000] 2026-06-30 04:17:48 | R2 | queens/test_1_artifice_pg_procyon vs bubblesort/test_1_artifice_pg_procyon → NON-CLONE
[16931/50000] 2026-06-30 04:17:49 | R2 | queens/test_1_artifice_pg_procyon vs guessword/0_orig → NON-CLONE
[16932/50000] 2026-06-30 04:17:50 | R2 | queens/test_1_artifice_pg_procyon vs guessword/1_artifice → NON-CLONE
[16933/50000] 2026-06-30 04:17:51 | R2 | queens/test_1_artifice_pg_procyon vs guessword/test_0_orig_no_krakatau → NON-CLONE
[16934/50000] 2026-06-30 04:17:52 | R2 | queens/test_1_artifice_pg_procyon vs guessword/test_0_orig_no_procyon → NON-CLONE
[16935/50000] 2026-06-30 04:17:54 | R2 | queens/test_1_artifice_pg_procyon vs guessword/test_0_orig_pg_krakatau → NON-CLONE
[16936/50000] 2026-06-30 04:17:55 | R2 | queens/test_1_artifice_pg_procyon vs guessword/test_0_orig_pg_procyon → NON-CLONE
[16937/50000] 2026-06-30 04:17:56 | R2 | queens/test_1_artifice_pg_procyon vs guessword/test_1_artifice_no_krakatau → NON-CLONE
[16938/50000] 2026-06-30 04:17:57 | R2 | queens/test_1_artifice_pg_procyon vs guessword/test_1_artifice_no_procyon → NON-CLONE
[16939/50000] 2026-06-30 04:17:59 | R2 | queens/test_1_artifice_pg_procyon vs guessword/test_1_artifice_pg_krakatau → NON-CLONE
[16940/50000] 2026-06-30 04:18:00 | R2 | queens/test_1_artifice_pg_procyon vs guessword/test_1_artifice_pg_procyon → NON-CLONE
[16941/50000] 2026-06-30 04:18:01 | R2 | queens/test_1_artifice_pg_procyon vs hanoi/0_orig → NON-CLONE
[16942/50000] 2026-06-30 04:18:03 | R2 | queens/test_1_artifice_pg_procyon vs hanoi/1_artifice → NON-CLONE
[16943/50000] 2026-06-30 04:18:04 | R2 | queens/test_1_artifice_pg_procyon vs hanoi/test_0_orig_no_krakatau → NON-CLONE
[16944/50000] 2026-06-30 04:18:06 | R2 | queens/test_1_artifice_pg_procyon vs hanoi/test_0_orig_no_procyon → NON-CLONE
[16945/50000] 2026-06-30 04:18:08 | R2 | queens/test_1_artifice_pg_procyon vs hanoi/test_0_orig_pg_krakatau → NON-CLONE
[16946/50000] 2026-06-30 04:18:09 | R2 | queens/test_1_artifice_pg_procyon vs hanoi/test_0_orig_pg_procyon → NON-CLONE
[16947/50000] 2026-06-30 04:18:11 | R2 | queens/test_1_artifice_pg_procyon vs hanoi/test_1_artifice_no_krakatau → NON-CLONE
[16948/50000] 2026-06-30 04:18:13 | R2 | queens/test_1_artifice_pg_procyon vs hanoi/test_1_artifice_no_procyon → NON-CLONE
[16949/50000] 2026-06-30 04:18:14 | R2 | queens/test_1_artifice_pg_procyon vs hanoi/test_1_artifice_pg_krakatau → NON-CLONE
[16950/50000] 2026-06-30 04:18:16 | R2 | queens/test_1_artifice_pg_procyon vs hanoi/test_1_artifice_pg_procyon → NON-CLONE
[16951/50000] 2026-06-30 04:18:17 | R2 | queens/test_1_artifice_pg_procyon vs kaprekar/0_orig → NON-CLONE
[16952/50000] 2026-06-30 04:18:18 | R2 | queens/test_1_artifice_pg_procyon vs kaprekar/1_artifice → NON-CLONE
[16953/50000] 2026-06-30 04:18:19 | R2 | queens/test_1_artifice_pg_procyon vs kaprekar/test_0_orig_no_krakatau → NON-CLONE
[16954/50000] 2026-06-30 04:18:21 | R2 | queens/test_1_artifice_pg_procyon vs kaprekar/test_0_orig_no_procyon → NON-CLONE
[16955/50000] 2026-06-30 04:18:22 | R2 | queens/test_1_artifice_pg_procyon vs kaprekar/test_0_orig_pg_krakatau → NON-CLONE
[16956/50000] 2026-06-30 04:18:24 | R2 | queens/test_1_artifice_pg_procyon vs kaprekar/test_0_orig_pg_procyon → NON-CLONE
[16957/50000] 2026-06-30 04:18:25 | R2 | queens/test_1_artifice_pg_procyon vs kaprekar/test_1_artifice_no_krakatau → NON-CLONE
[16958/50000] 2026-06-30 04:18:26 | R2 | queens/test_1_artifice_pg_procyon vs kaprekar/test_1_artifice_no_procyon → NON-CLONE
[16959/50000] 2026-06-30 04:18:28 | R2 | queens/test_1_artifice_pg_procyon vs kaprekar/test_1_artifice_pg_krakatau → NON-CLONE
[16960/50000] 2026-06-30 04:18:29 | R2 | queens/test_1_artifice_pg_procyon vs kaprekar/test_1_artifice_pg_procyon → NON-CLONE
[16961/50000] 2026-06-30 04:18:31 | R2 | queens/test_1_artifice_pg_procyon vs queens/0_orig → CLONE
[16962/50000] 2026-06-30 04:18:32 | R2 | queens/test_1_artifice_pg_procyon vs queens/1_artifice → CLONE
[16963/50000] 2026-06-30 04:18:33 | R2 | queens/test_1_artifice_pg_procyon vs queens/test_0_orig_no_krakatau → CLONE
[16964/50000] 2026-06-30 04:18:35 | R2 | queens/test_1_artifice_pg_procyon vs queens/test_0_orig_no_procyon → CLONE
[16965/50000] 2026-06-30 04:18:36 | R2 | queens/test_1_artifice_pg_procyon vs queens/test_0_orig_pg_krakatau → CLONE
[16966/50000] 2026-06-30 04:18:37 | R2 | queens/test_1_artifice_pg_procyon vs queens/test_0_orig_pg_procyon → CLONE
[16967/50000] 2026-06-30 04:18:39 | R2 | queens/test_1_artifice_pg_procyon vs queens/test_1_artifice_no_krakatau → CLONE
[16968/50000] 2026-06-30 04:18:41 | R2 | queens/test_1_artifice_pg_procyon vs queens/test_1_artifice_no_procyon → CLONE
[16969/50000] 2026-06-30 04:18:42 | R2 | queens/test_1_artifice_pg_procyon vs queens/test_1_artifice_pg_krakatau → CLONE
[16970/50000] 2026-06-30 04:18:43 | R2 | queens/test_1_artifice_pg_procyon vs queens/test_1_artifice_pg_procyon → CLONE
[16971/50000] 2026-06-30 04:18:44 | R2 | queens/test_1_artifice_pg_procyon vs railroadcar/0_orig → NON-CLONE
[16972/50000] 2026-06-30 04:18:45 | R2 | queens/test_1_artifice_pg_procyon vs railroadcar/1_artifice → NON-CLONE
[16973/50000] 2026-06-30 04:18:46 | R2 | queens/test_1_artifice_pg_procyon vs railroadcar/test_0_orig_no_krakatau → NON-CLONE
[16974/50000] 2026-06-30 04:18:47 | R2 | queens/test_1_artifice_pg_procyon vs railroadcar/test_0_orig_no_procyon → NON-CLONE
[16975/50000] 2026-06-30 04:18:48 | R2 | queens/test_1_artifice_pg_procyon vs railroadcar/test_0_orig_pg_krakatau → NON-CLONE
[16976/50000] 2026-06-30 04:18:49 | R2 | queens/test_1_artifice_pg_procyon vs railroadcar/test_0_orig_pg_procyon → NON-CLONE
[16977/50000] 2026-06-30 04:18:50 | R2 | queens/test_1_artifice_pg_procyon vs railroadcar/test_1_artifice_no_krakatau → NON-CLONE
[16978/50000] 2026-06-30 04:18:51 | R2 | queens/test_1_artifice_pg_procyon vs railroadcar/test_1_artifice_no_procyon → NON-CLONE
[16979/50000] 2026-06-30 04:18:53 | R2 | queens/test_1_artifice_pg_procyon vs railroadcar/test_1_artifice_pg_krakatau → NON-CLONE
[16980/50000] 2026-06-30 04:18:54 | R2 | queens/test_1_artifice_pg_procyon vs railroadcar/test_1_artifice_pg_procyon → NON-CLONE
[16981/50000] 2026-06-30 04:18:55 | R2 | queens/test_1_artifice_pg_procyon vs slinkedlist/0_orig → NON-CLONE
[16982/50000] 2026-06-30 04:18:56 | R2 | queens/test_1_artifice_pg_procyon vs slinkedlist/1_artifice → NON-CLONE
[16983/50000] 2026-06-30 04:18:58 | R2 | queens/test_1_artifice_pg_procyon vs slinkedlist/test_0_orig_no_krakatau → NON-CLONE
[16984/50000] 2026-06-30 04:18:59 | R2 | queens/test_1_artifice_pg_procyon vs slinkedlist/test_0_orig_no_procyon → NON-CLONE
[16985/50000] 2026-06-30 04:19:01 | R2 | queens/test_1_artifice_pg_procyon vs slinkedlist/test_0_orig_pg_krakatau → NON-CLONE
[16986/50000] 2026-06-30 04:19:02 | R2 | queens/test_1_artifice_pg_procyon vs slinkedlist/test_0_orig_pg_procyon → NON-CLONE
[16987/50000] 2026-06-30 04:19:03 | R2 | queens/test_1_artifice_pg_procyon vs slinkedlist/test_1_artifice_no_krakatau → NON-CLONE
[16988/50000] 2026-06-30 04:19:04 | R2 | queens/test_1_artifice_pg_procyon vs slinkedlist/test_1_artifice_no_procyon → NON-CLONE
[16989/50000] 2026-06-30 04:19:06 | R2 | queens/test_1_artifice_pg_procyon vs slinkedlist/test_1_artifice_pg_krakatau → NON-CLONE
[16990/50000] 2026-06-30 04:19:06 | R2 | queens/test_1_artifice_pg_procyon vs slinkedlist/test_1_artifice_pg_procyon → NON-CLONE
[16991/50000] 2026-06-30 04:19:08 | R2 | queens/test_1_artifice_pg_procyon vs square/0_orig → NON-CLONE
[16992/50000] 2026-06-30 04:19:09 | R2 | queens/test_1_artifice_pg_procyon vs square/1_artifice → NON-CLONE
[16993/50000] 2026-06-30 04:19:11 | R2 | queens/test_1_artifice_pg_procyon vs square/test_0_orig_no_krakatau → NON-CLONE
[16994/50000] 2026-06-30 04:19:13 | R2 | queens/test_1_artifice_pg_procyon vs square/test_0_orig_no_procyon → NON-CLONE
[16995/50000] 2026-06-30 04:19:15 | R2 | queens/test_1_artifice_pg_procyon vs square/test_0_orig_pg_krakatau → NON-CLONE
[16996/50000] 2026-06-30 04:19:17 | R2 | queens/test_1_artifice_pg_procyon vs square/test_0_orig_pg_procyon → NON-CLONE
[16997/50000] 2026-06-30 04:19:18 | R2 | queens/test_1_artifice_pg_procyon vs square/test_1_artifice_no_krakatau → NON-CLONE
[16998/50000] 2026-06-30 04:19:20 | R2 | queens/test_1_artifice_pg_procyon vs square/test_1_artifice_no_procyon → NON-CLONE
[16999/50000] 2026-06-30 04:19:22 | R2 | queens/test_1_artifice_pg_procyon vs square/test_1_artifice_pg_krakatau → NON-CLONE
[17000/50000] 2026-06-30 04:19:24 | R2 | queens/test_1_artifice_pg_procyon vs square/test_1_artifice_pg_procyon → NON-CLONE
[17001/50000] 2026-06-30 04:19:26 | R2 | railroadcar/0_orig vs InfixConverter/0_orig → NON-CLONE
[17002/50000] 2026-06-30 04:19:27 | R2 | railroadcar/0_orig vs InfixConverter/1_artifice → NON-CLONE
[17003/50000] 2026-06-30 04:19:29 | R2 | railroadcar/0_orig vs InfixConverter/test_0_orig_no_krakatau → NON-CLONE
[17004/50000] 2026-06-30 04:19:30 | R2 | railroadcar/0_orig vs InfixConverter/test_0_orig_no_procyon → NON-CLONE
[17005/50000] 2026-06-30 04:19:32 | R2 | railroadcar/0_orig vs InfixConverter/test_0_orig_pg_krakatau → NON-CLONE
[17006/50000] 2026-06-30 04:19:33 | R2 | railroadcar/0_orig vs InfixConverter/test_0_orig_pg_procyon → NON-CLONE
[17007/50000] 2026-06-30 04:19:34 | R2 | railroadcar/0_orig vs InfixConverter/test_1_artifice_no_krakatau → NON-CLONE
[17008/50000] 2026-06-30 04:19:36 | R2 | railroadcar/0_orig vs InfixConverter/test_1_artifice_no_procyon → NON-CLONE
[17009/50000] 2026-06-30 04:19:37 | R2 | railroadcar/0_orig vs InfixConverter/test_1_artifice_pg_krakatau → NON-CLONE
[17010/50000] 2026-06-30 04:19:39 | R2 | railroadcar/0_orig vs InfixConverter/test_1_artifice_pg_procyon → NON-CLONE
[17011/50000] 2026-06-30 04:19:40 | R2 | railroadcar/0_orig vs SqrtAlgorithm/0_orig → NON-CLONE
[17012/50000] 2026-06-30 04:19:42 | R2 | railroadcar/0_orig vs SqrtAlgorithm/1_artifice → NON-CLONE
[17013/50000] 2026-06-30 04:19:43 | R2 | railroadcar/0_orig vs SqrtAlgorithm/test_0_orig_no_krakatau → NON-CLONE
[17014/50000] 2026-06-30 04:19:45 | R2 | railroadcar/0_orig vs SqrtAlgorithm/test_0_orig_no_procyon → NON-CLONE
[17015/50000] 2026-06-30 04:19:47 | R2 | railroadcar/0_orig vs SqrtAlgorithm/test_0_orig_pg_krakatau → NON-CLONE
[17016/50000] 2026-06-30 04:19:48 | R2 | railroadcar/0_orig vs SqrtAlgorithm/test_0_orig_pg_procyon → NON-CLONE
[17017/50000] 2026-06-30 04:19:50 | R2 | railroadcar/0_orig vs SqrtAlgorithm/test_1_artifice_no_krakatau → NON-CLONE
[17018/50000] 2026-06-30 04:19:51 | R2 | railroadcar/0_orig vs SqrtAlgorithm/test_1_artifice_no_procyon → NON-CLONE
[17019/50000] 2026-06-30 04:19:53 | R2 | railroadcar/0_orig vs SqrtAlgorithm/test_1_artifice_pg_krakatau → NON-CLONE
[17020/50000] 2026-06-30 04:19:54 | R2 | railroadcar/0_orig vs SqrtAlgorithm/test_1_artifice_pg_procyon → NON-CLONE
[17021/50000] 2026-06-30 04:19:55 | R2 | railroadcar/0_orig vs bubblesort/0_orig → NON-CLONE
[17022/50000] 2026-06-30 04:19:57 | R2 | railroadcar/0_orig vs bubblesort/1_artifice → NON-CLONE
[17023/50000] 2026-06-30 04:19:59 | R2 | railroadcar/0_orig vs bubblesort/test_0_orig_no_krakatau → NON-CLONE
[17024/50000] 2026-06-30 04:20:00 | R2 | railroadcar/0_orig vs bubblesort/test_0_orig_no_procyon → NON-CLONE
[17025/50000] 2026-06-30 04:20:02 | R2 | railroadcar/0_orig vs bubblesort/test_0_orig_pg_krakatau → NON-CLONE
[17026/50000] 2026-06-30 04:20:04 | R2 | railroadcar/0_orig vs bubblesort/test_0_orig_pg_procyon → NON-CLONE
[17027/50000] 2026-06-30 04:20:06 | R2 | railroadcar/0_orig vs bubblesort/test_1_artifice_no_krakatau → NON-CLONE
[17028/50000] 2026-06-30 04:20:07 | R2 | railroadcar/0_orig vs bubblesort/test_1_artifice_no_procyon → NON-CLONE
[17029/50000] 2026-06-30 04:20:09 | R2 | railroadcar/0_orig vs bubblesort/test_1_artifice_pg_krakatau → NON-CLONE
[17030/50000] 2026-06-30 04:20:11 | R2 | railroadcar/0_orig vs bubblesort/test_1_artifice_pg_procyon → NON-CLONE
[17031/50000] 2026-06-30 04:20:12 | R2 | railroadcar/0_orig vs guessword/0_orig → NON-CLONE
[17032/50000] 2026-06-30 04:20:13 | R2 | railroadcar/0_orig vs guessword/1_artifice → NON-CLONE
[17033/50000] 2026-06-30 04:20:15 | R2 | railroadcar/0_orig vs guessword/test_0_orig_no_krakatau → NON-CLONE
[17034/50000] 2026-06-30 04:20:17 | R2 | railroadcar/0_orig vs guessword/test_0_orig_no_procyon → NON-CLONE
[17035/50000] 2026-06-30 04:20:19 | R2 | railroadcar/0_orig vs guessword/test_0_orig_pg_krakatau → NON-CLONE
[17036/50000] 2026-06-30 04:20:21 | R2 | railroadcar/0_orig vs guessword/test_0_orig_pg_procyon → NON-CLONE
[17037/50000] 2026-06-30 04:20:23 | R2 | railroadcar/0_orig vs guessword/test_1_artifice_no_krakatau → NON-CLONE
[17038/50000] 2026-06-30 04:20:25 | R2 | railroadcar/0_orig vs guessword/test_1_artifice_no_procyon → NON-CLONE
[17039/50000] 2026-06-30 04:20:27 | R2 | railroadcar/0_orig vs guessword/test_1_artifice_pg_krakatau → NON-CLONE
[17040/50000] 2026-06-30 04:20:28 | R2 | railroadcar/0_orig vs guessword/test_1_artifice_pg_procyon → NON-CLONE
[17041/50000] 2026-06-30 04:20:30 | R2 | railroadcar/0_orig vs hanoi/0_orig → NON-CLONE
[17042/50000] 2026-06-30 04:20:31 | R2 | railroadcar/0_orig vs hanoi/1_artifice → NON-CLONE
[17043/50000] 2026-06-30 04:20:35 | R2 | railroadcar/0_orig vs hanoi/test_0_orig_no_krakatau → NON-CLONE
[17044/50000] 2026-06-30 04:20:36 | R2 | railroadcar/0_orig vs hanoi/test_0_orig_no_procyon → NON-CLONE
[17045/50000] 2026-06-30 04:20:38 | R2 | railroadcar/0_orig vs hanoi/test_0_orig_pg_krakatau → NON-CLONE
[17046/50000] 2026-06-30 04:20:40 | R2 | railroadcar/0_orig vs hanoi/test_0_orig_pg_procyon → NON-CLONE
[17047/50000] 2026-06-30 04:20:41 | R2 | railroadcar/0_orig vs hanoi/test_1_artifice_no_krakatau → NON-CLONE
[17048/50000] 2026-06-30 04:20:43 | R2 | railroadcar/0_orig vs hanoi/test_1_artifice_no_procyon → NON-CLONE
[17049/50000] 2026-06-30 04:20:45 | R2 | railroadcar/0_orig vs hanoi/test_1_artifice_pg_krakatau → NON-CLONE
[17050/50000] 2026-06-30 04:20:47 | R2 | railroadcar/0_orig vs hanoi/test_1_artifice_pg_procyon → NON-CLONE
[17051/50000] 2026-06-30 04:20:49 | R2 | railroadcar/0_orig vs kaprekar/0_orig → NON-CLONE
[17052/50000] 2026-06-30 04:20:51 | R2 | railroadcar/0_orig vs kaprekar/1_artifice → NON-CLONE
[17053/50000] 2026-06-30 04:20:52 | R2 | railroadcar/0_orig vs kaprekar/test_0_orig_no_krakatau → NON-CLONE
[17054/50000] 2026-06-30 04:20:55 | R2 | railroadcar/0_orig vs kaprekar/test_0_orig_no_procyon → NON-CLONE
[17055/50000] 2026-06-30 04:20:57 | R2 | railroadcar/0_orig vs kaprekar/test_0_orig_pg_krakatau → NON-CLONE
[17056/50000] 2026-06-30 04:20:58 | R2 | railroadcar/0_orig vs kaprekar/test_0_orig_pg_procyon → NON-CLONE
[17057/50000] 2026-06-30 04:21:00 | R2 | railroadcar/0_orig vs kaprekar/test_1_artifice_no_krakatau → NON-CLONE
[17058/50000] 2026-06-30 04:21:01 | R2 | railroadcar/0_orig vs kaprekar/test_1_artifice_no_procyon → NON-CLONE
[17059/50000] 2026-06-30 04:21:03 | R2 | railroadcar/0_orig vs kaprekar/test_1_artifice_pg_krakatau → NON-CLONE
[17060/50000] 2026-06-30 04:21:05 | R2 | railroadcar/0_orig vs kaprekar/test_1_artifice_pg_procyon → NON-CLONE
[17061/50000] 2026-06-30 04:21:07 | R2 | railroadcar/0_orig vs queens/0_orig → NON-CLONE
[17062/50000] 2026-06-30 04:21:09 | R2 | railroadcar/0_orig vs queens/1_artifice → NON-CLONE
[17063/50000] 2026-06-30 04:21:11 | R2 | railroadcar/0_orig vs queens/test_0_orig_no_krakatau → NON-CLONE
[17064/50000] 2026-06-30 04:21:13 | R2 | railroadcar/0_orig vs queens/test_0_orig_no_procyon → NON-CLONE
[17065/50000] 2026-06-30 04:21:15 | R2 | railroadcar/0_orig vs queens/test_0_orig_pg_krakatau → NON-CLONE
[17066/50000] 2026-06-30 04:21:17 | R2 | railroadcar/0_orig vs queens/test_0_orig_pg_procyon → NON-CLONE
[17067/50000] 2026-06-30 04:21:18 | R2 | railroadcar/0_orig vs queens/test_1_artifice_no_krakatau → NON-CLONE
[17068/50000] 2026-06-30 04:21:20 | R2 | railroadcar/0_orig vs queens/test_1_artifice_no_procyon → NON-CLONE
[17069/50000] 2026-06-30 04:21:21 | R2 | railroadcar/0_orig vs queens/test_1_artifice_pg_krakatau → NON-CLONE
[17070/50000] 2026-06-30 04:21:23 | R2 | railroadcar/0_orig vs queens/test_1_artifice_pg_procyon → NON-CLONE
[17071/50000] 2026-06-30 04:21:25 | R2 | railroadcar/0_orig vs railroadcar/0_orig → CLONE
[17072/50000] 2026-06-30 04:21:26 | R2 | railroadcar/0_orig vs railroadcar/1_artifice → CLONE
[17073/50000] 2026-06-30 04:21:28 | R2 | railroadcar/0_orig vs railroadcar/test_0_orig_no_krakatau → CLONE
[17074/50000] 2026-06-30 04:21:29 | R2 | railroadcar/0_orig vs railroadcar/test_0_orig_no_procyon → CLONE
[17075/50000] 2026-06-30 04:21:31 | R2 | railroadcar/0_orig vs railroadcar/test_0_orig_pg_krakatau → CLONE
[17076/50000] 2026-06-30 04:21:33 | R2 | railroadcar/0_orig vs railroadcar/test_0_orig_pg_procyon → CLONE
[17077/50000] 2026-06-30 04:21:34 | R2 | railroadcar/0_orig vs railroadcar/test_1_artifice_no_krakatau → CLONE
[17078/50000] 2026-06-30 04:21:36 | R2 | railroadcar/0_orig vs railroadcar/test_1_artifice_no_procyon → CLONE
[17079/50000] 2026-06-30 04:21:37 | R2 | railroadcar/0_orig vs railroadcar/test_1_artifice_pg_krakatau → CLONE
[17080/50000] 2026-06-30 04:21:39 | R2 | railroadcar/0_orig vs railroadcar/test_1_artifice_pg_procyon → CLONE
[17081/50000] 2026-06-30 04:21:41 | R2 | railroadcar/0_orig vs slinkedlist/0_orig → NON-CLONE
[17082/50000] 2026-06-30 04:21:43 | R2 | railroadcar/0_orig vs slinkedlist/1_artifice → NON-CLONE
[17083/50000] 2026-06-30 04:21:45 | R2 | railroadcar/0_orig vs slinkedlist/test_0_orig_no_krakatau → NON-CLONE
[17084/50000] 2026-06-30 04:21:47 | R2 | railroadcar/0_orig vs slinkedlist/test_0_orig_no_procyon → NON-CLONE
[17085/50000] 2026-06-30 04:21:49 | R2 | railroadcar/0_orig vs slinkedlist/test_0_orig_pg_krakatau → NON-CLONE
[17086/50000] 2026-06-30 04:21:51 | R2 | railroadcar/0_orig vs slinkedlist/test_0_orig_pg_procyon → NON-CLONE
[17087/50000] 2026-06-30 04:21:53 | R2 | railroadcar/0_orig vs slinkedlist/test_1_artifice_no_krakatau → NON-CLONE
[17088/50000] 2026-06-30 04:21:55 | R2 | railroadcar/0_orig vs slinkedlist/test_1_artifice_no_procyon → NON-CLONE
[17089/50000] 2026-06-30 04:21:57 | R2 | railroadcar/0_orig vs slinkedlist/test_1_artifice_pg_krakatau → NON-CLONE
[17090/50000] 2026-06-30 04:21:59 | R2 | railroadcar/0_orig vs slinkedlist/test_1_artifice_pg_procyon → NON-CLONE
[17091/50000] 2026-06-30 04:22:01 | R2 | railroadcar/0_orig vs square/0_orig → NON-CLONE
[17092/50000] 2026-06-30 04:22:03 | R2 | railroadcar/0_orig vs square/1_artifice → NON-CLONE
[17093/50000] 2026-06-30 04:22:05 | R2 | railroadcar/0_orig vs square/test_0_orig_no_krakatau → NON-CLONE
[17094/50000] 2026-06-30 04:22:06 | R2 | railroadcar/0_orig vs square/test_0_orig_no_procyon → NON-CLONE
[17095/50000] 2026-06-30 04:22:08 | R2 | railroadcar/0_orig vs square/test_0_orig_pg_krakatau → NON-CLONE
[17096/50000] 2026-06-30 04:22:09 | R2 | railroadcar/0_orig vs square/test_0_orig_pg_procyon → NON-CLONE
[17097/50000] 2026-06-30 04:22:11 | R2 | railroadcar/0_orig vs square/test_1_artifice_no_krakatau → NON-CLONE
[17098/50000] 2026-06-30 04:22:13 | R2 | railroadcar/0_orig vs square/test_1_artifice_no_procyon → NON-CLONE
[17099/50000] 2026-06-30 04:22:14 | R2 | railroadcar/0_orig vs square/test_1_artifice_pg_krakatau → NON-CLONE
[17100/50000] 2026-06-30 04:22:16 | R2 | railroadcar/0_orig vs square/test_1_artifice_pg_procyon → NON-CLONE
[17101/50000] 2026-06-30 04:22:19 | R2 | railroadcar/1_artifice vs InfixConverter/0_orig → NON-CLONE
[17102/50000] 2026-06-30 04:22:21 | R2 | railroadcar/1_artifice vs InfixConverter/1_artifice → NON-CLONE
[17103/50000] 2026-06-30 04:22:22 | R2 | railroadcar/1_artifice vs InfixConverter/test_0_orig_no_krakatau → NON-CLONE
[17104/50000] 2026-06-30 04:22:24 | R2 | railroadcar/1_artifice vs InfixConverter/test_0_orig_no_procyon → NON-CLONE
[17105/50000] 2026-06-30 04:22:27 | R2 | railroadcar/1_artifice vs InfixConverter/test_0_orig_pg_krakatau → NON-CLONE
[17106/50000] 2026-06-30 04:22:28 | R2 | railroadcar/1_artifice vs InfixConverter/test_0_orig_pg_procyon → NON-CLONE
[17107/50000] 2026-06-30 04:22:30 | R2 | railroadcar/1_artifice vs InfixConverter/test_1_artifice_no_krakatau → NON-CLONE
[17108/50000] 2026-06-30 04:22:31 | R2 | railroadcar/1_artifice vs InfixConverter/test_1_artifice_no_procyon → NON-CLONE
[17109/50000] 2026-06-30 04:22:34 | R2 | railroadcar/1_artifice vs InfixConverter/test_1_artifice_pg_krakatau → NON-CLONE
[17110/50000] 2026-06-30 04:22:35 | R2 | railroadcar/1_artifice vs InfixConverter/test_1_artifice_pg_procyon → NON-CLONE
[17111/50000] 2026-06-30 04:22:37 | R2 | railroadcar/1_artifice vs SqrtAlgorithm/0_orig → NON-CLONE
[17112/50000] 2026-06-30 04:22:39 | R2 | railroadcar/1_artifice vs SqrtAlgorithm/1_artifice → NON-CLONE
[17113/50000] 2026-06-30 04:22:41 | R2 | railroadcar/1_artifice vs SqrtAlgorithm/test_0_orig_no_krakatau → NON-CLONE
[17114/50000] 2026-06-30 04:22:43 | R2 | railroadcar/1_artifice vs SqrtAlgorithm/test_0_orig_no_procyon → NON-CLONE
[17115/50000] 2026-06-30 04:22:44 | R2 | railroadcar/1_artifice vs SqrtAlgorithm/test_0_orig_pg_krakatau → NON-CLONE
[17116/50000] 2026-06-30 04:22:46 | R2 | railroadcar/1_artifice vs SqrtAlgorithm/test_0_orig_pg_procyon → NON-CLONE
[17117/50000] 2026-06-30 04:22:48 | R2 | railroadcar/1_artifice vs SqrtAlgorithm/test_1_artifice_no_krakatau → NON-CLONE
[17118/50000] 2026-06-30 04:22:49 | R2 | railroadcar/1_artifice vs SqrtAlgorithm/test_1_artifice_no_procyon → NON-CLONE
[17119/50000] 2026-06-30 04:22:51 | R2 | railroadcar/1_artifice vs SqrtAlgorithm/test_1_artifice_pg_krakatau → NON-CLONE
[17120/50000] 2026-06-30 04:22:52 | R2 | railroadcar/1_artifice vs SqrtAlgorithm/test_1_artifice_pg_procyon → NON-CLONE
[17121/50000] 2026-06-30 04:22:54 | R2 | railroadcar/1_artifice vs bubblesort/0_orig → NON-CLONE
[17122/50000] 2026-06-30 04:22:55 | R2 | railroadcar/1_artifice vs bubblesort/1_artifice → NON-CLONE
[17123/50000] 2026-06-30 04:22:57 | R2 | railroadcar/1_artifice vs bubblesort/test_0_orig_no_krakatau → NON-CLONE
[17124/50000] 2026-06-30 04:22:58 | R2 | railroadcar/1_artifice vs bubblesort/test_0_orig_no_procyon → NON-CLONE
[17125/50000] 2026-06-30 04:22:59 | R2 | railroadcar/1_artifice vs bubblesort/test_0_orig_pg_krakatau → NON-CLONE
[17126/50000] 2026-06-30 04:23:01 | R2 | railroadcar/1_artifice vs bubblesort/test_0_orig_pg_procyon → NON-CLONE
[17127/50000] 2026-06-30 04:23:02 | R2 | railroadcar/1_artifice vs bubblesort/test_1_artifice_no_krakatau → NON-CLONE
[17128/50000] 2026-06-30 04:23:03 | R2 | railroadcar/1_artifice vs bubblesort/test_1_artifice_no_procyon → NON-CLONE
[17129/50000] 2026-06-30 04:23:05 | R2 | railroadcar/1_artifice vs bubblesort/test_1_artifice_pg_krakatau → NON-CLONE
[17130/50000] 2026-06-30 04:23:06 | R2 | railroadcar/1_artifice vs bubblesort/test_1_artifice_pg_procyon → NON-CLONE
[17131/50000] 2026-06-30 04:23:07 | R2 | railroadcar/1_artifice vs guessword/0_orig → NON-CLONE
[17132/50000] 2026-06-30 04:23:09 | R2 | railroadcar/1_artifice vs guessword/1_artifice → NON-CLONE
[17133/50000] 2026-06-30 04:23:11 | R2 | railroadcar/1_artifice vs guessword/test_0_orig_no_krakatau → NON-CLONE
[17134/50000] 2026-06-30 04:23:13 | R2 | railroadcar/1_artifice vs guessword/test_0_orig_no_procyon → NON-CLONE
[17135/50000] 2026-06-30 04:23:16 | R2 | railroadcar/1_artifice vs guessword/test_0_orig_pg_krakatau → NON-CLONE
[17136/50000] 2026-06-30 04:23:18 | R2 | railroadcar/1_artifice vs guessword/test_0_orig_pg_procyon → NON-CLONE
[17137/50000] 2026-06-30 04:23:20 | R2 | railroadcar/1_artifice vs guessword/test_1_artifice_no_krakatau → NON-CLONE
[17138/50000] 2026-06-30 04:23:22 | R2 | railroadcar/1_artifice vs guessword/test_1_artifice_no_procyon → NON-CLONE
[17139/50000] 2026-06-30 04:23:25 | R2 | railroadcar/1_artifice vs guessword/test_1_artifice_pg_krakatau → NON-CLONE
[17140/50000] 2026-06-30 04:23:27 | R2 | railroadcar/1_artifice vs guessword/test_1_artifice_pg_procyon → NON-CLONE
[17141/50000] 2026-06-30 04:23:30 | R2 | railroadcar/1_artifice vs hanoi/0_orig → NON-CLONE
[17142/50000] 2026-06-30 04:23:33 | R2 | railroadcar/1_artifice vs hanoi/1_artifice → NON-CLONE
[17143/50000] 2026-06-30 04:23:35 | R2 | railroadcar/1_artifice vs hanoi/test_0_orig_no_krakatau → NON-CLONE
[17144/50000] 2026-06-30 04:23:39 | R2 | railroadcar/1_artifice vs hanoi/test_0_orig_no_procyon → NON-CLONE
[17145/50000] 2026-06-30 04:23:40 | R2 | railroadcar/1_artifice vs hanoi/test_0_orig_pg_krakatau → NON-CLONE
[17146/50000] 2026-06-30 04:23:42 | R2 | railroadcar/1_artifice vs hanoi/test_0_orig_pg_procyon → NON-CLONE
[17147/50000] 2026-06-30 04:23:43 | R2 | railroadcar/1_artifice vs hanoi/test_1_artifice_no_krakatau → NON-CLONE
[17148/50000] 2026-06-30 04:23:47 | R2 | railroadcar/1_artifice vs hanoi/test_1_artifice_no_procyon → NON-CLONE
[17149/50000] 2026-06-30 04:23:49 | R2 | railroadcar/1_artifice vs hanoi/test_1_artifice_pg_krakatau → NON-CLONE
[17150/50000] 2026-06-30 04:23:51 | R2 | railroadcar/1_artifice vs hanoi/test_1_artifice_pg_procyon → NON-CLONE
[17151/50000] 2026-06-30 04:23:52 | R2 | railroadcar/1_artifice vs kaprekar/0_orig → NON-CLONE
[17152/50000] 2026-06-30 04:23:53 | R2 | railroadcar/1_artifice vs kaprekar/1_artifice → NON-CLONE
[17153/50000] 2026-06-30 04:23:55 | R2 | railroadcar/1_artifice vs kaprekar/test_0_orig_no_krakatau → NON-CLONE
[17154/50000] 2026-06-30 04:23:56 | R2 | railroadcar/1_artifice vs kaprekar/test_0_orig_no_procyon → NON-CLONE
[17155/50000] 2026-06-30 04:23:58 | R2 | railroadcar/1_artifice vs kaprekar/test_0_orig_pg_krakatau → NON-CLONE
[17156/50000] 2026-06-30 04:23:59 | R2 | railroadcar/1_artifice vs kaprekar/test_0_orig_pg_procyon → NON-CLONE
[17157/50000] 2026-06-30 04:24:01 | R2 | railroadcar/1_artifice vs kaprekar/test_1_artifice_no_krakatau → NON-CLONE
[17158/50000] 2026-06-30 04:24:02 | R2 | railroadcar/1_artifice vs kaprekar/test_1_artifice_no_procyon → NON-CLONE
[17159/50000] 2026-06-30 04:24:04 | R2 | railroadcar/1_artifice vs kaprekar/test_1_artifice_pg_krakatau → NON-CLONE
[17160/50000] 2026-06-30 04:24:06 | R2 | railroadcar/1_artifice vs kaprekar/test_1_artifice_pg_procyon → NON-CLONE
[17161/50000] 2026-06-30 04:24:07 | R2 | railroadcar/1_artifice vs queens/0_orig → NON-CLONE
[17162/50000] 2026-06-30 04:24:09 | R2 | railroadcar/1_artifice vs queens/1_artifice → NON-CLONE
[17163/50000] 2026-06-30 04:24:10 | R2 | railroadcar/1_artifice vs queens/test_0_orig_no_krakatau → NON-CLONE
[17164/50000] 2026-06-30 04:24:13 | R2 | railroadcar/1_artifice vs queens/test_0_orig_no_procyon → NON-CLONE
[17165/50000] 2026-06-30 04:24:14 | R2 | railroadcar/1_artifice vs queens/test_0_orig_pg_krakatau → NON-CLONE
[17166/50000] 2026-06-30 04:24:16 | R2 | railroadcar/1_artifice vs queens/test_0_orig_pg_procyon → NON-CLONE
[17167/50000] 2026-06-30 04:24:18 | R2 | railroadcar/1_artifice vs queens/test_1_artifice_no_krakatau → NON-CLONE
[17168/50000] 2026-06-30 04:24:19 | R2 | railroadcar/1_artifice vs queens/test_1_artifice_no_procyon → NON-CLONE
[17169/50000] 2026-06-30 04:24:21 | R2 | railroadcar/1_artifice vs queens/test_1_artifice_pg_krakatau → NON-CLONE
[17170/50000] 2026-06-30 04:24:23 | R2 | railroadcar/1_artifice vs queens/test_1_artifice_pg_procyon → NON-CLONE
[17171/50000] 2026-06-30 04:24:25 | R2 | railroadcar/1_artifice vs railroadcar/0_orig → CLONE
[17172/50000] 2026-06-30 04:24:26 | R2 | railroadcar/1_artifice vs railroadcar/1_artifice → CLONE
[17173/50000] 2026-06-30 04:24:28 | R2 | railroadcar/1_artifice vs railroadcar/test_0_orig_no_krakatau → CLONE
[17174/50000] 2026-06-30 04:24:29 | R2 | railroadcar/1_artifice vs railroadcar/test_0_orig_no_procyon → CLONE
[17175/50000] 2026-06-30 04:24:31 | R2 | railroadcar/1_artifice vs railroadcar/test_0_orig_pg_krakatau → CLONE
[17176/50000] 2026-06-30 04:24:32 | R2 | railroadcar/1_artifice vs railroadcar/test_0_orig_pg_procyon → CLONE
[17177/50000] 2026-06-30 04:24:34 | R2 | railroadcar/1_artifice vs railroadcar/test_1_artifice_no_krakatau → CLONE
[17178/50000] 2026-06-30 04:24:36 | R2 | railroadcar/1_artifice vs railroadcar/test_1_artifice_no_procyon → CLONE
[17179/50000] 2026-06-30 04:24:37 | R2 | railroadcar/1_artifice vs railroadcar/test_1_artifice_pg_krakatau → CLONE
[17180/50000] 2026-06-30 04:24:39 | R2 | railroadcar/1_artifice vs railroadcar/test_1_artifice_pg_procyon → CLONE
[17181/50000] 2026-06-30 04:24:42 | R2 | railroadcar/1_artifice vs slinkedlist/0_orig → NON-CLONE
[17182/50000] 2026-06-30 04:24:44 | R2 | railroadcar/1_artifice vs slinkedlist/1_artifice → NON-CLONE
[17183/50000] 2026-06-30 04:24:46 | R2 | railroadcar/1_artifice vs slinkedlist/test_0_orig_no_krakatau → NON-CLONE
[17184/50000] 2026-06-30 04:24:48 | R2 | railroadcar/1_artifice vs slinkedlist/test_0_orig_no_procyon → NON-CLONE
[17185/50000] 2026-06-30 04:24:51 | R2 | railroadcar/1_artifice vs slinkedlist/test_0_orig_pg_krakatau → NON-CLONE
[17186/50000] 2026-06-30 04:24:54 | R2 | railroadcar/1_artifice vs slinkedlist/test_0_orig_pg_procyon → NON-CLONE
[17187/50000] 2026-06-30 04:24:56 | R2 | railroadcar/1_artifice vs slinkedlist/test_1_artifice_no_krakatau → NON-CLONE
[17188/50000] 2026-06-30 04:24:58 | R2 | railroadcar/1_artifice vs slinkedlist/test_1_artifice_no_procyon → NON-CLONE
[17189/50000] 2026-06-30 04:25:01 | R2 | railroadcar/1_artifice vs slinkedlist/test_1_artifice_pg_krakatau → NON-CLONE
[17190/50000] 2026-06-30 04:25:04 | R2 | railroadcar/1_artifice vs slinkedlist/test_1_artifice_pg_procyon → NON-CLONE
[17191/50000] 2026-06-30 04:25:05 | R2 | railroadcar/1_artifice vs square/0_orig → NON-CLONE
[17192/50000] 2026-06-30 04:25:07 | R2 | railroadcar/1_artifice vs square/1_artifice → NON-CLONE
[17193/50000] 2026-06-30 04:25:10 | R2 | railroadcar/1_artifice vs square/test_0_orig_no_krakatau → NON-CLONE
[17194/50000] 2026-06-30 04:25:11 | R2 | railroadcar/1_artifice vs square/test_0_orig_no_procyon → NON-CLONE
[17195/50000] 2026-06-30 04:25:13 | R2 | railroadcar/1_artifice vs square/test_0_orig_pg_krakatau → NON-CLONE
[17196/50000] 2026-06-30 04:25:15 | R2 | railroadcar/1_artifice vs square/test_0_orig_pg_procyon → NON-CLONE
[17197/50000] 2026-06-30 04:25:16 | R2 | railroadcar/1_artifice vs square/test_1_artifice_no_krakatau → NON-CLONE
[17198/50000] 2026-06-30 04:25:18 | R2 | railroadcar/1_artifice vs square/test_1_artifice_no_procyon → NON-CLONE
[17199/50000] 2026-06-30 04:25:19 | R2 | railroadcar/1_artifice vs square/test_1_artifice_pg_krakatau → NON-CLONE
[17200/50000] 2026-06-30 04:25:21 | R2 | railroadcar/1_artifice vs square/test_1_artifice_pg_procyon → NON-CLONE
[17201/50000] 2026-06-30 04:25:22 | R2 | railroadcar/test_0_orig_no_krakatau vs InfixConverter/0_orig → NON-CLONE
[17202/50000] 2026-06-30 04:25:24 | R2 | railroadcar/test_0_orig_no_krakatau vs InfixConverter/1_artifice → NON-CLONE
[17203/50000] 2026-06-30 04:25:26 | R2 | railroadcar/test_0_orig_no_krakatau vs InfixConverter/test_0_orig_no_krakatau → NON-CLONE
[17204/50000] 2026-06-30 04:25:27 | R2 | railroadcar/test_0_orig_no_krakatau vs InfixConverter/test_0_orig_no_procyon → NON-CLONE
[17205/50000] 2026-06-30 04:25:29 | R2 | railroadcar/test_0_orig_no_krakatau vs InfixConverter/test_0_orig_pg_krakatau → NON-CLONE
[17206/50000] 2026-06-30 04:25:30 | R2 | railroadcar/test_0_orig_no_krakatau vs InfixConverter/test_0_orig_pg_procyon → NON-CLONE
[17207/50000] 2026-06-30 04:25:32 | R2 | railroadcar/test_0_orig_no_krakatau vs InfixConverter/test_1_artifice_no_krakatau → NON-CLONE
[17208/50000] 2026-06-30 04:25:34 | R2 | railroadcar/test_0_orig_no_krakatau vs InfixConverter/test_1_artifice_no_procyon → NON-CLONE
[17209/50000] 2026-06-30 04:25:36 | R2 | railroadcar/test_0_orig_no_krakatau vs InfixConverter/test_1_artifice_pg_krakatau → NON-CLONE
[17210/50000] 2026-06-30 04:25:37 | R2 | railroadcar/test_0_orig_no_krakatau vs InfixConverter/test_1_artifice_pg_procyon → NON-CLONE
[17211/50000] 2026-06-30 04:25:38 | R2 | railroadcar/test_0_orig_no_krakatau vs SqrtAlgorithm/0_orig → NON-CLONE
[17212/50000] 2026-06-30 04:25:40 | R2 | railroadcar/test_0_orig_no_krakatau vs SqrtAlgorithm/1_artifice → NON-CLONE
[17213/50000] 2026-06-30 04:25:41 | R2 | railroadcar/test_0_orig_no_krakatau vs SqrtAlgorithm/test_0_orig_no_krakatau → NON-CLONE
[17214/50000] 2026-06-30 04:25:43 | R2 | railroadcar/test_0_orig_no_krakatau vs SqrtAlgorithm/test_0_orig_no_procyon → NON-CLONE
[17215/50000] 2026-06-30 04:25:45 | R2 | railroadcar/test_0_orig_no_krakatau vs SqrtAlgorithm/test_0_orig_pg_krakatau → NON-CLONE
[17216/50000] 2026-06-30 04:25:46 | R2 | railroadcar/test_0_orig_no_krakatau vs SqrtAlgorithm/test_0_orig_pg_procyon → NON-CLONE
[17217/50000] 2026-06-30 04:25:47 | R2 | railroadcar/test_0_orig_no_krakatau vs SqrtAlgorithm/test_1_artifice_no_krakatau → NON-CLONE
[17218/50000] 2026-06-30 04:25:48 | R2 | railroadcar/test_0_orig_no_krakatau vs SqrtAlgorithm/test_1_artifice_no_procyon → NON-CLONE
[17219/50000] 2026-06-30 04:25:50 | R2 | railroadcar/test_0_orig_no_krakatau vs SqrtAlgorithm/test_1_artifice_pg_krakatau → NON-CLONE
[17220/50000] 2026-06-30 04:25:51 | R2 | railroadcar/test_0_orig_no_krakatau vs SqrtAlgorithm/test_1_artifice_pg_procyon → NON-CLONE
[17221/50000] 2026-06-30 04:25:52 | R2 | railroadcar/test_0_orig_no_krakatau vs bubblesort/0_orig → NON-CLONE
[17222/50000] 2026-06-30 04:25:53 | R2 | railroadcar/test_0_orig_no_krakatau vs bubblesort/1_artifice → NON-CLONE
[17223/50000] 2026-06-30 04:25:55 | R2 | railroadcar/test_0_orig_no_krakatau vs bubblesort/test_0_orig_no_krakatau → NON-CLONE
[17224/50000] 2026-06-30 04:25:57 | R2 | railroadcar/test_0_orig_no_krakatau vs bubblesort/test_0_orig_no_procyon → NON-CLONE
[17225/50000] 2026-06-30 04:25:58 | R2 | railroadcar/test_0_orig_no_krakatau vs bubblesort/test_0_orig_pg_krakatau → NON-CLONE
[17226/50000] 2026-06-30 04:26:00 | R2 | railroadcar/test_0_orig_no_krakatau vs bubblesort/test_0_orig_pg_procyon → NON-CLONE
[17227/50000] 2026-06-30 04:26:01 | R2 | railroadcar/test_0_orig_no_krakatau vs bubblesort/test_1_artifice_no_krakatau → NON-CLONE
[17228/50000] 2026-06-30 04:26:03 | R2 | railroadcar/test_0_orig_no_krakatau vs bubblesort/test_1_artifice_no_procyon → NON-CLONE
[17229/50000] 2026-06-30 04:26:04 | R2 | railroadcar/test_0_orig_no_krakatau vs bubblesort/test_1_artifice_pg_krakatau → NON-CLONE
[17230/50000] 2026-06-30 04:26:06 | R2 | railroadcar/test_0_orig_no_krakatau vs bubblesort/test_1_artifice_pg_procyon → NON-CLONE
[17231/50000] 2026-06-30 04:26:07 | R2 | railroadcar/test_0_orig_no_krakatau vs guessword/0_orig → NON-CLONE
[17232/50000] 2026-06-30 04:26:10 | R2 | railroadcar/test_0_orig_no_krakatau vs guessword/1_artifice → NON-CLONE
[17233/50000] 2026-06-30 04:26:12 | R2 | railroadcar/test_0_orig_no_krakatau vs guessword/test_0_orig_no_krakatau → NON-CLONE
[17234/50000] 2026-06-30 04:26:13 | R2 | railroadcar/test_0_orig_no_krakatau vs guessword/test_0_orig_no_procyon → NON-CLONE
[17235/50000] 2026-06-30 04:26:16 | R2 | railroadcar/test_0_orig_no_krakatau vs guessword/test_0_orig_pg_krakatau → NON-CLONE
[17236/50000] 2026-06-30 04:26:19 | R2 | railroadcar/test_0_orig_no_krakatau vs guessword/test_0_orig_pg_procyon → NON-CLONE
[17237/50000] 2026-06-30 04:26:20 | R2 | railroadcar/test_0_orig_no_krakatau vs guessword/test_1_artifice_no_krakatau → NON-CLONE
[17238/50000] 2026-06-30 04:26:23 | R2 | railroadcar/test_0_orig_no_krakatau vs guessword/test_1_artifice_no_procyon → NON-CLONE
[17239/50000] 2026-06-30 04:26:26 | R2 | railroadcar/test_0_orig_no_krakatau vs guessword/test_1_artifice_pg_krakatau → NON-CLONE
[17240/50000] 2026-06-30 04:26:28 | R2 | railroadcar/test_0_orig_no_krakatau vs guessword/test_1_artifice_pg_procyon → NON-CLONE
[17241/50000] 2026-06-30 04:26:29 | R2 | railroadcar/test_0_orig_no_krakatau vs hanoi/0_orig → NON-CLONE
[17242/50000] 2026-06-30 04:26:32 | R2 | railroadcar/test_0_orig_no_krakatau vs hanoi/1_artifice → NON-CLONE
[17243/50000] 2026-06-30 04:26:34 | R2 | railroadcar/test_0_orig_no_krakatau vs hanoi/test_0_orig_no_krakatau → NON-CLONE
[17244/50000] 2026-06-30 04:26:35 | R2 | railroadcar/test_0_orig_no_krakatau vs hanoi/test_0_orig_no_procyon → NON-CLONE
[17245/50000] 2026-06-30 04:26:37 | R2 | railroadcar/test_0_orig_no_krakatau vs hanoi/test_0_orig_pg_krakatau → NON-CLONE
[17246/50000] 2026-06-30 04:26:39 | R2 | railroadcar/test_0_orig_no_krakatau vs hanoi/test_0_orig_pg_procyon → NON-CLONE
[17247/50000] 2026-06-30 04:26:41 | R2 | railroadcar/test_0_orig_no_krakatau vs hanoi/test_1_artifice_no_krakatau → NON-CLONE
[17248/50000] 2026-06-30 04:26:43 | R2 | railroadcar/test_0_orig_no_krakatau vs hanoi/test_1_artifice_no_procyon → NON-CLONE
[17249/50000] 2026-06-30 04:26:45 | R2 | railroadcar/test_0_orig_no_krakatau vs hanoi/test_1_artifice_pg_krakatau → NON-CLONE
[17250/50000] 2026-06-30 04:26:48 | R2 | railroadcar/test_0_orig_no_krakatau vs hanoi/test_1_artifice_pg_procyon → NON-CLONE
[17251/50000] 2026-06-30 04:26:49 | R2 | railroadcar/test_0_orig_no_krakatau vs kaprekar/0_orig → NON-CLONE
[17252/50000] 2026-06-30 04:26:50 | R2 | railroadcar/test_0_orig_no_krakatau vs kaprekar/1_artifice → NON-CLONE
[17253/50000] 2026-06-30 04:26:52 | R2 | railroadcar/test_0_orig_no_krakatau vs kaprekar/test_0_orig_no_krakatau → NON-CLONE
[17254/50000] 2026-06-30 04:26:53 | R2 | railroadcar/test_0_orig_no_krakatau vs kaprekar/test_0_orig_no_procyon → NON-CLONE
[17255/50000] 2026-06-30 04:26:55 | R2 | railroadcar/test_0_orig_no_krakatau vs kaprekar/test_0_orig_pg_krakatau → NON-CLONE
[17256/50000] 2026-06-30 04:26:56 | R2 | railroadcar/test_0_orig_no_krakatau vs kaprekar/test_0_orig_pg_procyon → NON-CLONE
[17257/50000] 2026-06-30 04:26:57 | R2 | railroadcar/test_0_orig_no_krakatau vs kaprekar/test_1_artifice_no_krakatau → NON-CLONE
[17258/50000] 2026-06-30 04:26:59 | R2 | railroadcar/test_0_orig_no_krakatau vs kaprekar/test_1_artifice_no_procyon → NON-CLONE
[17259/50000] 2026-06-30 04:27:00 | R2 | railroadcar/test_0_orig_no_krakatau vs kaprekar/test_1_artifice_pg_krakatau → NON-CLONE
[17260/50000] 2026-06-30 04:27:02 | R2 | railroadcar/test_0_orig_no_krakatau vs kaprekar/test_1_artifice_pg_procyon → NON-CLONE
[17261/50000] 2026-06-30 04:27:03 | R2 | railroadcar/test_0_orig_no_krakatau vs queens/0_orig → NON-CLONE
[17262/50000] 2026-06-30 04:27:04 | R2 | railroadcar/test_0_orig_no_krakatau vs queens/1_artifice → NON-CLONE
[17263/50000] 2026-06-30 04:27:07 | R2 | railroadcar/test_0_orig_no_krakatau vs queens/test_0_orig_no_krakatau → NON-CLONE
[17264/50000] 2026-06-30 04:27:08 | R2 | railroadcar/test_0_orig_no_krakatau vs queens/test_0_orig_no_procyon → NON-CLONE
[17265/50000] 2026-06-30 04:27:09 | R2 | railroadcar/test_0_orig_no_krakatau vs queens/test_0_orig_pg_krakatau → NON-CLONE
[17266/50000] 2026-06-30 04:27:11 | R2 | railroadcar/test_0_orig_no_krakatau vs queens/test_0_orig_pg_procyon → NON-CLONE
[17267/50000] 2026-06-30 04:27:13 | R2 | railroadcar/test_0_orig_no_krakatau vs queens/test_1_artifice_no_krakatau → NON-CLONE
[17268/50000] 2026-06-30 04:27:15 | R2 | railroadcar/test_0_orig_no_krakatau vs queens/test_1_artifice_no_procyon → NON-CLONE
[17269/50000] 2026-06-30 04:27:16 | R2 | railroadcar/test_0_orig_no_krakatau vs queens/test_1_artifice_pg_krakatau → NON-CLONE
[17270/50000] 2026-06-30 04:27:18 | R2 | railroadcar/test_0_orig_no_krakatau vs queens/test_1_artifice_pg_procyon → NON-CLONE
[17271/50000] 2026-06-30 04:27:19 | R2 | railroadcar/test_0_orig_no_krakatau vs railroadcar/0_orig → CLONE
[17272/50000] 2026-06-30 04:27:21 | R2 | railroadcar/test_0_orig_no_krakatau vs railroadcar/1_artifice → CLONE
[17273/50000] 2026-06-30 04:27:23 | R2 | railroadcar/test_0_orig_no_krakatau vs railroadcar/test_0_orig_no_krakatau → CLONE
[17274/50000] 2026-06-30 04:27:25 | R2 | railroadcar/test_0_orig_no_krakatau vs railroadcar/test_0_orig_no_procyon → CLONE
[17275/50000] 2026-06-30 04:27:26 | R2 | railroadcar/test_0_orig_no_krakatau vs railroadcar/test_0_orig_pg_krakatau → CLONE
[17276/50000] 2026-06-30 04:27:28 | R2 | railroadcar/test_0_orig_no_krakatau vs railroadcar/test_0_orig_pg_procyon → CLONE
[17277/50000] 2026-06-30 04:27:29 | R2 | railroadcar/test_0_orig_no_krakatau vs railroadcar/test_1_artifice_no_krakatau → CLONE
[17278/50000] 2026-06-30 04:27:31 | R2 | railroadcar/test_0_orig_no_krakatau vs railroadcar/test_1_artifice_no_procyon → CLONE
[17279/50000] 2026-06-30 04:27:32 | R2 | railroadcar/test_0_orig_no_krakatau vs railroadcar/test_1_artifice_pg_krakatau → CLONE
[17280/50000] 2026-06-30 04:27:34 | R2 | railroadcar/test_0_orig_no_krakatau vs railroadcar/test_1_artifice_pg_procyon → CLONE
[17281/50000] 2026-06-30 04:27:35 | R2 | railroadcar/test_0_orig_no_krakatau vs slinkedlist/0_orig → NON-CLONE
[17282/50000] 2026-06-30 04:27:39 | R2 | railroadcar/test_0_orig_no_krakatau vs slinkedlist/1_artifice → NON-CLONE
[17283/50000] 2026-06-30 04:27:41 | R2 | railroadcar/test_0_orig_no_krakatau vs slinkedlist/test_0_orig_no_krakatau → NON-CLONE
[17284/50000] 2026-06-30 04:27:44 | R2 | railroadcar/test_0_orig_no_krakatau vs slinkedlist/test_0_orig_no_procyon → NON-CLONE
[17285/50000] 2026-06-30 04:27:45 | R2 | railroadcar/test_0_orig_no_krakatau vs slinkedlist/test_0_orig_pg_krakatau → NON-CLONE
[17286/50000] 2026-06-30 04:27:47 | R2 | railroadcar/test_0_orig_no_krakatau vs slinkedlist/test_0_orig_pg_procyon → NON-CLONE
[17287/50000] 2026-06-30 04:27:49 | R2 | railroadcar/test_0_orig_no_krakatau vs slinkedlist/test_1_artifice_no_krakatau → NON-CLONE
[17288/50000] 2026-06-30 04:27:51 | R2 | railroadcar/test_0_orig_no_krakatau vs slinkedlist/test_1_artifice_no_procyon → NON-CLONE
[17289/50000] 2026-06-30 04:27:52 | R2 | railroadcar/test_0_orig_no_krakatau vs slinkedlist/test_1_artifice_pg_krakatau → NON-CLONE
[17290/50000] 2026-06-30 04:27:54 | R2 | railroadcar/test_0_orig_no_krakatau vs slinkedlist/test_1_artifice_pg_procyon → NON-CLONE
[17291/50000] 2026-06-30 04:27:55 | R2 | railroadcar/test_0_orig_no_krakatau vs square/0_orig → NON-CLONE
[17292/50000] 2026-06-30 04:27:57 | R2 | railroadcar/test_0_orig_no_krakatau vs square/1_artifice → NON-CLONE
[17293/50000] 2026-06-30 04:27:58 | R2 | railroadcar/test_0_orig_no_krakatau vs square/test_0_orig_no_krakatau → NON-CLONE
[17294/50000] 2026-06-30 04:27:59 | R2 | railroadcar/test_0_orig_no_krakatau vs square/test_0_orig_no_procyon → NON-CLONE
[17295/50000] 2026-06-30 04:28:00 | R2 | railroadcar/test_0_orig_no_krakatau vs square/test_0_orig_pg_krakatau → NON-CLONE
[17296/50000] 2026-06-30 04:28:01 | R2 | railroadcar/test_0_orig_no_krakatau vs square/test_0_orig_pg_procyon → NON-CLONE
[17297/50000] 2026-06-30 04:28:02 | R2 | railroadcar/test_0_orig_no_krakatau vs square/test_1_artifice_no_krakatau → NON-CLONE
[17298/50000] 2026-06-30 04:28:03 | R2 | railroadcar/test_0_orig_no_krakatau vs square/test_1_artifice_no_procyon → NON-CLONE
[17299/50000] 2026-06-30 04:28:04 | R2 | railroadcar/test_0_orig_no_krakatau vs square/test_1_artifice_pg_krakatau → NON-CLONE
[17300/50000] 2026-06-30 04:28:06 | R2 | railroadcar/test_0_orig_no_krakatau vs square/test_1_artifice_pg_procyon → NON-CLONE
[17301/50000] 2026-06-30 04:28:07 | R2 | railroadcar/test_0_orig_no_procyon vs InfixConverter/0_orig → NON-CLONE
[17302/50000] 2026-06-30 04:28:09 | R2 | railroadcar/test_0_orig_no_procyon vs InfixConverter/1_artifice → NON-CLONE
[17303/50000] 2026-06-30 04:28:11 | R2 | railroadcar/test_0_orig_no_procyon vs InfixConverter/test_0_orig_no_krakatau → NON-CLONE
[17304/50000] 2026-06-30 04:28:12 | R2 | railroadcar/test_0_orig_no_procyon vs InfixConverter/test_0_orig_no_procyon → NON-CLONE
[17305/50000] 2026-06-30 04:28:14 | R2 | railroadcar/test_0_orig_no_procyon vs InfixConverter/test_0_orig_pg_krakatau → NON-CLONE
[17306/50000] 2026-06-30 04:28:16 | R2 | railroadcar/test_0_orig_no_procyon vs InfixConverter/test_0_orig_pg_procyon → NON-CLONE
[17307/50000] 2026-06-30 04:28:18 | R2 | railroadcar/test_0_orig_no_procyon vs InfixConverter/test_1_artifice_no_krakatau → NON-CLONE
[17308/50000] 2026-06-30 04:28:19 | R2 | railroadcar/test_0_orig_no_procyon vs InfixConverter/test_1_artifice_no_procyon → NON-CLONE
[17309/50000] 2026-06-30 04:28:21 | R2 | railroadcar/test_0_orig_no_procyon vs InfixConverter/test_1_artifice_pg_krakatau → NON-CLONE
[17310/50000] 2026-06-30 04:28:23 | R2 | railroadcar/test_0_orig_no_procyon vs InfixConverter/test_1_artifice_pg_procyon → NON-CLONE
[17311/50000] 2026-06-30 04:28:24 | R2 | railroadcar/test_0_orig_no_procyon vs SqrtAlgorithm/0_orig → NON-CLONE
[17312/50000] 2026-06-30 04:28:26 | R2 | railroadcar/test_0_orig_no_procyon vs SqrtAlgorithm/1_artifice → NON-CLONE
[17313/50000] 2026-06-30 04:28:28 | R2 | railroadcar/test_0_orig_no_procyon vs SqrtAlgorithm/test_0_orig_no_krakatau → NON-CLONE
[17314/50000] 2026-06-30 04:28:29 | R2 | railroadcar/test_0_orig_no_procyon vs SqrtAlgorithm/test_0_orig_no_procyon → NON-CLONE
[17315/50000] 2026-06-30 04:28:31 | R2 | railroadcar/test_0_orig_no_procyon vs SqrtAlgorithm/test_0_orig_pg_krakatau → NON-CLONE
[17316/50000] 2026-06-30 04:28:32 | R2 | railroadcar/test_0_orig_no_procyon vs SqrtAlgorithm/test_0_orig_pg_procyon → NON-CLONE
[17317/50000] 2026-06-30 04:28:34 | R2 | railroadcar/test_0_orig_no_procyon vs SqrtAlgorithm/test_1_artifice_no_krakatau → NON-CLONE
[17318/50000] 2026-06-30 04:28:36 | R2 | railroadcar/test_0_orig_no_procyon vs SqrtAlgorithm/test_1_artifice_no_procyon → NON-CLONE
[17319/50000] 2026-06-30 04:28:37 | R2 | railroadcar/test_0_orig_no_procyon vs SqrtAlgorithm/test_1_artifice_pg_krakatau → NON-CLONE
[17320/50000] 2026-06-30 04:28:38 | R2 | railroadcar/test_0_orig_no_procyon vs SqrtAlgorithm/test_1_artifice_pg_procyon → NON-CLONE
[17321/50000] 2026-06-30 04:28:40 | R2 | railroadcar/test_0_orig_no_procyon vs bubblesort/0_orig → NON-CLONE
[17322/50000] 2026-06-30 04:28:41 | R2 | railroadcar/test_0_orig_no_procyon vs bubblesort/1_artifice → NON-CLONE
[17323/50000] 2026-06-30 04:28:42 | R2 | railroadcar/test_0_orig_no_procyon vs bubblesort/test_0_orig_no_krakatau → NON-CLONE
[17324/50000] 2026-06-30 04:28:44 | R2 | railroadcar/test_0_orig_no_procyon vs bubblesort/test_0_orig_no_procyon → NON-CLONE
[17325/50000] 2026-06-30 04:28:45 | R2 | railroadcar/test_0_orig_no_procyon vs bubblesort/test_0_orig_pg_krakatau → NON-CLONE
[17326/50000] 2026-06-30 04:28:47 | R2 | railroadcar/test_0_orig_no_procyon vs bubblesort/test_0_orig_pg_procyon → NON-CLONE
[17327/50000] 2026-06-30 04:28:48 | R2 | railroadcar/test_0_orig_no_procyon vs bubblesort/test_1_artifice_no_krakatau → NON-CLONE
[17328/50000] 2026-06-30 04:28:50 | R2 | railroadcar/test_0_orig_no_procyon vs bubblesort/test_1_artifice_no_procyon → NON-CLONE
[17329/50000] 2026-06-30 04:28:51 | R2 | railroadcar/test_0_orig_no_procyon vs bubblesort/test_1_artifice_pg_krakatau → NON-CLONE
[17330/50000] 2026-06-30 04:28:53 | R2 | railroadcar/test_0_orig_no_procyon vs bubblesort/test_1_artifice_pg_procyon → NON-CLONE
[17331/50000] 2026-06-30 04:28:55 | R2 | railroadcar/test_0_orig_no_procyon vs guessword/0_orig → NON-CLONE
[17332/50000] 2026-06-30 04:28:58 | R2 | railroadcar/test_0_orig_no_procyon vs guessword/1_artifice → NON-CLONE
[17333/50000] 2026-06-30 04:28:59 | R2 | railroadcar/test_0_orig_no_procyon vs guessword/test_0_orig_no_krakatau → NON-CLONE
[17334/50000] 2026-06-30 04:29:03 | R2 | railroadcar/test_0_orig_no_procyon vs guessword/test_0_orig_no_procyon → NON-CLONE
[17335/50000] 2026-06-30 04:29:04 | R2 | railroadcar/test_0_orig_no_procyon vs guessword/test_0_orig_pg_krakatau → NON-CLONE
[17336/50000] 2026-06-30 04:29:06 | R2 | railroadcar/test_0_orig_no_procyon vs guessword/test_0_orig_pg_procyon → NON-CLONE
[17337/50000] 2026-06-30 04:29:08 | R2 | railroadcar/test_0_orig_no_procyon vs guessword/test_1_artifice_no_krakatau → NON-CLONE
[17338/50000] 2026-06-30 04:29:10 | R2 | railroadcar/test_0_orig_no_procyon vs guessword/test_1_artifice_no_procyon → NON-CLONE
[17339/50000] 2026-06-30 04:29:12 | R2 | railroadcar/test_0_orig_no_procyon vs guessword/test_1_artifice_pg_krakatau → NON-CLONE
[17340/50000] 2026-06-30 04:29:13 | R2 | railroadcar/test_0_orig_no_procyon vs guessword/test_1_artifice_pg_procyon → NON-CLONE
[17341/50000] 2026-06-30 04:29:15 | R2 | railroadcar/test_0_orig_no_procyon vs hanoi/0_orig → NON-CLONE
[17342/50000] 2026-06-30 04:29:16 | R2 | railroadcar/test_0_orig_no_procyon vs hanoi/1_artifice → NON-CLONE
[17343/50000] 2026-06-30 04:29:19 | R2 | railroadcar/test_0_orig_no_procyon vs hanoi/test_0_orig_no_krakatau → NON-CLONE
[17344/50000] 2026-06-30 04:29:21 | R2 | railroadcar/test_0_orig_no_procyon vs hanoi/test_0_orig_no_procyon → NON-CLONE
[17345/50000] 2026-06-30 04:29:23 | R2 | railroadcar/test_0_orig_no_procyon vs hanoi/test_0_orig_pg_krakatau → NON-CLONE
[17346/50000] 2026-06-30 04:29:25 | R2 | railroadcar/test_0_orig_no_procyon vs hanoi/test_0_orig_pg_procyon → NON-CLONE
[17347/50000] 2026-06-30 04:29:26 | R2 | railroadcar/test_0_orig_no_procyon vs hanoi/test_1_artifice_no_krakatau → NON-CLONE
[17348/50000] 2026-06-30 04:29:30 | R2 | railroadcar/test_0_orig_no_procyon vs hanoi/test_1_artifice_no_procyon → NON-CLONE
[17349/50000] 2026-06-30 04:29:31 | R2 | railroadcar/test_0_orig_no_procyon vs hanoi/test_1_artifice_pg_krakatau → NON-CLONE
[17350/50000] 2026-06-30 04:29:33 | R2 | railroadcar/test_0_orig_no_procyon vs hanoi/test_1_artifice_pg_procyon → NON-CLONE
[17351/50000] 2026-06-30 04:29:34 | R2 | railroadcar/test_0_orig_no_procyon vs kaprekar/0_orig → NON-CLONE
[17352/50000] 2026-06-30 04:29:36 | R2 | railroadcar/test_0_orig_no_procyon vs kaprekar/1_artifice → NON-CLONE
[17353/50000] 2026-06-30 04:29:38 | R2 | railroadcar/test_0_orig_no_procyon vs kaprekar/test_0_orig_no_krakatau → NON-CLONE
[17354/50000] 2026-06-30 04:29:40 | R2 | railroadcar/test_0_orig_no_procyon vs kaprekar/test_0_orig_no_procyon → NON-CLONE
[17355/50000] 2026-06-30 04:29:41 | R2 | railroadcar/test_0_orig_no_procyon vs kaprekar/test_0_orig_pg_krakatau → NON-CLONE
[17356/50000] 2026-06-30 04:29:43 | R2 | railroadcar/test_0_orig_no_procyon vs kaprekar/test_0_orig_pg_procyon → NON-CLONE
[17357/50000] 2026-06-30 04:29:45 | R2 | railroadcar/test_0_orig_no_procyon vs kaprekar/test_1_artifice_no_krakatau → NON-CLONE
[17358/50000] 2026-06-30 04:29:46 | R2 | railroadcar/test_0_orig_no_procyon vs kaprekar/test_1_artifice_no_procyon → NON-CLONE
[17359/50000] 2026-06-30 04:29:48 | R2 | railroadcar/test_0_orig_no_procyon vs kaprekar/test_1_artifice_pg_krakatau → NON-CLONE
[17360/50000] 2026-06-30 04:29:49 | R2 | railroadcar/test_0_orig_no_procyon vs kaprekar/test_1_artifice_pg_procyon → NON-CLONE
[17361/50000] 2026-06-30 04:29:51 | R2 | railroadcar/test_0_orig_no_procyon vs queens/0_orig → NON-CLONE
[17362/50000] 2026-06-30 04:29:53 | R2 | railroadcar/test_0_orig_no_procyon vs queens/1_artifice → NON-CLONE
[17363/50000] 2026-06-30 04:29:55 | R2 | railroadcar/test_0_orig_no_procyon vs queens/test_0_orig_no_krakatau → NON-CLONE
[17364/50000] 2026-06-30 04:29:56 | R2 | railroadcar/test_0_orig_no_procyon vs queens/test_0_orig_no_procyon → NON-CLONE
[17365/50000] 2026-06-30 04:29:58 | R2 | railroadcar/test_0_orig_no_procyon vs queens/test_0_orig_pg_krakatau → NON-CLONE
[17366/50000] 2026-06-30 04:30:00 | R2 | railroadcar/test_0_orig_no_procyon vs queens/test_0_orig_pg_procyon → NON-CLONE
[17367/50000] 2026-06-30 04:30:02 | R2 | railroadcar/test_0_orig_no_procyon vs queens/test_1_artifice_no_krakatau → NON-CLONE
[17368/50000] 2026-06-30 04:30:03 | R2 | railroadcar/test_0_orig_no_procyon vs queens/test_1_artifice_no_procyon → NON-CLONE
[17369/50000] 2026-06-30 04:30:05 | R2 | railroadcar/test_0_orig_no_procyon vs queens/test_1_artifice_pg_krakatau → NON-CLONE
[17370/50000] 2026-06-30 04:30:07 | R2 | railroadcar/test_0_orig_no_procyon vs queens/test_1_artifice_pg_procyon → NON-CLONE
[17371/50000] 2026-06-30 04:30:09 | R2 | railroadcar/test_0_orig_no_procyon vs railroadcar/0_orig → CLONE
[17372/50000] 2026-06-30 04:30:10 | R2 | railroadcar/test_0_orig_no_procyon vs railroadcar/1_artifice → CLONE
[17373/50000] 2026-06-30 04:30:12 | R2 | railroadcar/test_0_orig_no_procyon vs railroadcar/test_0_orig_no_krakatau → CLONE
[17374/50000] 2026-06-30 04:30:14 | R2 | railroadcar/test_0_orig_no_procyon vs railroadcar/test_0_orig_no_procyon → CLONE
[17375/50000] 2026-06-30 04:30:15 | R2 | railroadcar/test_0_orig_no_procyon vs railroadcar/test_0_orig_pg_krakatau → CLONE
[17376/50000] 2026-06-30 04:30:17 | R2 | railroadcar/test_0_orig_no_procyon vs railroadcar/test_0_orig_pg_procyon → CLONE
[17377/50000] 2026-06-30 04:30:19 | R2 | railroadcar/test_0_orig_no_procyon vs railroadcar/test_1_artifice_no_krakatau → CLONE
[17378/50000] 2026-06-30 04:30:20 | R2 | railroadcar/test_0_orig_no_procyon vs railroadcar/test_1_artifice_no_procyon → CLONE
[17379/50000] 2026-06-30 04:30:21 | R2 | railroadcar/test_0_orig_no_procyon vs railroadcar/test_1_artifice_pg_krakatau → CLONE
[17380/50000] 2026-06-30 04:30:23 | R2 | railroadcar/test_0_orig_no_procyon vs railroadcar/test_1_artifice_pg_procyon → CLONE
[17381/50000] 2026-06-30 04:30:25 | R2 | railroadcar/test_0_orig_no_procyon vs slinkedlist/0_orig → NON-CLONE
[17382/50000] 2026-06-30 04:30:27 | R2 | railroadcar/test_0_orig_no_procyon vs slinkedlist/1_artifice → NON-CLONE
[17383/50000] 2026-06-30 04:30:29 | R2 | railroadcar/test_0_orig_no_procyon vs slinkedlist/test_0_orig_no_krakatau → NON-CLONE
[17384/50000] 2026-06-30 04:30:31 | R2 | railroadcar/test_0_orig_no_procyon vs slinkedlist/test_0_orig_no_procyon → NON-CLONE
[17385/50000] 2026-06-30 04:30:33 | R2 | railroadcar/test_0_orig_no_procyon vs slinkedlist/test_0_orig_pg_krakatau → NON-CLONE
[17386/50000] 2026-06-30 04:30:35 | R2 | railroadcar/test_0_orig_no_procyon vs slinkedlist/test_0_orig_pg_procyon → NON-CLONE
[17387/50000] 2026-06-30 04:30:37 | R2 | railroadcar/test_0_orig_no_procyon vs slinkedlist/test_1_artifice_no_krakatau → NON-CLONE
[17388/50000] 2026-06-30 04:30:38 | R2 | railroadcar/test_0_orig_no_procyon vs slinkedlist/test_1_artifice_no_procyon → NON-CLONE
[17389/50000] 2026-06-30 04:30:40 | R2 | railroadcar/test_0_orig_no_procyon vs slinkedlist/test_1_artifice_pg_krakatau → NON-CLONE
[17390/50000] 2026-06-30 04:30:42 | R2 | railroadcar/test_0_orig_no_procyon vs slinkedlist/test_1_artifice_pg_procyon → NON-CLONE
[17391/50000] 2026-06-30 04:30:44 | R2 | railroadcar/test_0_orig_no_procyon vs square/0_orig → NON-CLONE
[17392/50000] 2026-06-30 04:30:46 | R2 | railroadcar/test_0_orig_no_procyon vs square/1_artifice → NON-CLONE
[17393/50000] 2026-06-30 04:30:48 | R2 | railroadcar/test_0_orig_no_procyon vs square/test_0_orig_no_krakatau → NON-CLONE
[17394/50000] 2026-06-30 04:30:50 | R2 | railroadcar/test_0_orig_no_procyon vs square/test_0_orig_no_procyon → NON-CLONE
[17395/50000] 2026-06-30 04:30:52 | R2 | railroadcar/test_0_orig_no_procyon vs square/test_0_orig_pg_krakatau → NON-CLONE
[17396/50000] 2026-06-30 04:30:53 | R2 | railroadcar/test_0_orig_no_procyon vs square/test_0_orig_pg_procyon → NON-CLONE
[17397/50000] 2026-06-30 04:30:55 | R2 | railroadcar/test_0_orig_no_procyon vs square/test_1_artifice_no_krakatau → NON-CLONE
[17398/50000] 2026-06-30 04:30:57 | R2 | railroadcar/test_0_orig_no_procyon vs square/test_1_artifice_no_procyon → NON-CLONE
[17399/50000] 2026-06-30 04:30:59 | R2 | railroadcar/test_0_orig_no_procyon vs square/test_1_artifice_pg_krakatau → NON-CLONE
[17400/50000] 2026-06-30 04:31:01 | R2 | railroadcar/test_0_orig_no_procyon vs square/test_1_artifice_pg_procyon → NON-CLONE
[17401/50000] 2026-06-30 04:31:02 | R2 | railroadcar/test_0_orig_pg_krakatau vs InfixConverter/0_orig → NON-CLONE
[17402/50000] 2026-06-30 04:31:04 | R2 | railroadcar/test_0_orig_pg_krakatau vs InfixConverter/1_artifice → NON-CLONE
[17403/50000] 2026-06-30 04:31:05 | R2 | railroadcar/test_0_orig_pg_krakatau vs InfixConverter/test_0_orig_no_krakatau → NON-CLONE
[17404/50000] 2026-06-30 04:31:06 | R2 | railroadcar/test_0_orig_pg_krakatau vs InfixConverter/test_0_orig_no_procyon → NON-CLONE
[17405/50000] 2026-06-30 04:31:08 | R2 | railroadcar/test_0_orig_pg_krakatau vs InfixConverter/test_0_orig_pg_krakatau → NON-CLONE
[17406/50000] 2026-06-30 04:31:10 | R2 | railroadcar/test_0_orig_pg_krakatau vs InfixConverter/test_0_orig_pg_procyon → NON-CLONE
[17407/50000] 2026-06-30 04:31:11 | R2 | railroadcar/test_0_orig_pg_krakatau vs InfixConverter/test_1_artifice_no_krakatau → NON-CLONE
[17408/50000] 2026-06-30 04:31:13 | R2 | railroadcar/test_0_orig_pg_krakatau vs InfixConverter/test_1_artifice_no_procyon → NON-CLONE
[17409/50000] 2026-06-30 04:31:15 | R2 | railroadcar/test_0_orig_pg_krakatau vs InfixConverter/test_1_artifice_pg_krakatau → NON-CLONE
[17410/50000] 2026-06-30 04:31:17 | R2 | railroadcar/test_0_orig_pg_krakatau vs InfixConverter/test_1_artifice_pg_procyon → NON-CLONE
[17411/50000] 2026-06-30 04:31:18 | R2 | railroadcar/test_0_orig_pg_krakatau vs SqrtAlgorithm/0_orig → NON-CLONE
[17412/50000] 2026-06-30 04:31:19 | R2 | railroadcar/test_0_orig_pg_krakatau vs SqrtAlgorithm/1_artifice → NON-CLONE
[17413/50000] 2026-06-30 04:31:21 | R2 | railroadcar/test_0_orig_pg_krakatau vs SqrtAlgorithm/test_0_orig_no_krakatau → NON-CLONE
[17414/50000] 2026-06-30 04:31:23 | R2 | railroadcar/test_0_orig_pg_krakatau vs SqrtAlgorithm/test_0_orig_no_procyon → NON-CLONE
[17415/50000] 2026-06-30 04:31:25 | R2 | railroadcar/test_0_orig_pg_krakatau vs SqrtAlgorithm/test_0_orig_pg_krakatau → NON-CLONE
[17416/50000] 2026-06-30 04:31:26 | R2 | railroadcar/test_0_orig_pg_krakatau vs SqrtAlgorithm/test_0_orig_pg_procyon → NON-CLONE
[17417/50000] 2026-06-30 04:31:27 | R2 | railroadcar/test_0_orig_pg_krakatau vs SqrtAlgorithm/test_1_artifice_no_krakatau → NON-CLONE
[17418/50000] 2026-06-30 04:31:29 | R2 | railroadcar/test_0_orig_pg_krakatau vs SqrtAlgorithm/test_1_artifice_no_procyon → NON-CLONE
[17419/50000] 2026-06-30 04:31:30 | R2 | railroadcar/test_0_orig_pg_krakatau vs SqrtAlgorithm/test_1_artifice_pg_krakatau → NON-CLONE
[17420/50000] 2026-06-30 04:31:32 | R2 | railroadcar/test_0_orig_pg_krakatau vs SqrtAlgorithm/test_1_artifice_pg_procyon → NON-CLONE
[17421/50000] 2026-06-30 04:31:33 | R2 | railroadcar/test_0_orig_pg_krakatau vs bubblesort/0_orig → NON-CLONE
[17422/50000] 2026-06-30 04:31:35 | R2 | railroadcar/test_0_orig_pg_krakatau vs bubblesort/1_artifice → NON-CLONE
[17423/50000] 2026-06-30 04:31:36 | R2 | railroadcar/test_0_orig_pg_krakatau vs bubblesort/test_0_orig_no_krakatau → NON-CLONE
[17424/50000] 2026-06-30 04:31:37 | R2 | railroadcar/test_0_orig_pg_krakatau vs bubblesort/test_0_orig_no_procyon → NON-CLONE
[17425/50000] 2026-06-30 04:31:38 | R2 | railroadcar/test_0_orig_pg_krakatau vs bubblesort/test_0_orig_pg_krakatau → NON-CLONE
[17426/50000] 2026-06-30 04:31:40 | R2 | railroadcar/test_0_orig_pg_krakatau vs bubblesort/test_0_orig_pg_procyon → NON-CLONE
[17427/50000] 2026-06-30 04:31:41 | R2 | railroadcar/test_0_orig_pg_krakatau vs bubblesort/test_1_artifice_no_krakatau → NON-CLONE
[17428/50000] 2026-06-30 04:31:42 | R2 | railroadcar/test_0_orig_pg_krakatau vs bubblesort/test_1_artifice_no_procyon → NON-CLONE
[17429/50000] 2026-06-30 04:31:44 | R2 | railroadcar/test_0_orig_pg_krakatau vs bubblesort/test_1_artifice_pg_krakatau → NON-CLONE
[17430/50000] 2026-06-30 04:31:45 | R2 | railroadcar/test_0_orig_pg_krakatau vs bubblesort/test_1_artifice_pg_procyon → NON-CLONE
[17431/50000] 2026-06-30 04:31:48 | R2 | railroadcar/test_0_orig_pg_krakatau vs guessword/0_orig → NON-CLONE
[17432/50000] 2026-06-30 04:31:49 | R2 | railroadcar/test_0_orig_pg_krakatau vs guessword/1_artifice → NON-CLONE
[17433/50000] 2026-06-30 04:31:53 | R2 | railroadcar/test_0_orig_pg_krakatau vs guessword/test_0_orig_no_krakatau → NON-CLONE
[17434/50000] 2026-06-30 04:31:56 | R2 | railroadcar/test_0_orig_pg_krakatau vs guessword/test_0_orig_no_procyon → NON-CLONE
[17435/50000] 2026-06-30 04:31:58 | R2 | railroadcar/test_0_orig_pg_krakatau vs guessword/test_0_orig_pg_krakatau → NON-CLONE
[17436/50000] 2026-06-30 04:32:00 | R2 | railroadcar/test_0_orig_pg_krakatau vs guessword/test_0_orig_pg_procyon → NON-CLONE
[17437/50000] 2026-06-30 04:32:02 | R2 | railroadcar/test_0_orig_pg_krakatau vs guessword/test_1_artifice_no_krakatau → NON-CLONE
[17438/50000] 2026-06-30 04:32:04 | R2 | railroadcar/test_0_orig_pg_krakatau vs guessword/test_1_artifice_no_procyon → NON-CLONE
[17439/50000] 2026-06-30 04:32:05 | R2 | railroadcar/test_0_orig_pg_krakatau vs guessword/test_1_artifice_pg_krakatau → NON-CLONE
[17440/50000] 2026-06-30 04:32:08 | R2 | railroadcar/test_0_orig_pg_krakatau vs guessword/test_1_artifice_pg_procyon → NON-CLONE
[17441/50000] 2026-06-30 04:32:10 | R2 | railroadcar/test_0_orig_pg_krakatau vs hanoi/0_orig → NON-CLONE
[17442/50000] 2026-06-30 04:32:11 | R2 | railroadcar/test_0_orig_pg_krakatau vs hanoi/1_artifice → NON-CLONE
[17443/50000] 2026-06-30 04:32:13 | R2 | railroadcar/test_0_orig_pg_krakatau vs hanoi/test_0_orig_no_krakatau → NON-CLONE
[17444/50000] 2026-06-30 04:32:14 | R2 | railroadcar/test_0_orig_pg_krakatau vs hanoi/test_0_orig_no_procyon → NON-CLONE
[17445/50000] 2026-06-30 04:32:16 | R2 | railroadcar/test_0_orig_pg_krakatau vs hanoi/test_0_orig_pg_krakatau → NON-CLONE
[17446/50000] 2026-06-30 04:32:18 | R2 | railroadcar/test_0_orig_pg_krakatau vs hanoi/test_0_orig_pg_procyon → NON-CLONE
[17447/50000] 2026-06-30 04:32:21 | R2 | railroadcar/test_0_orig_pg_krakatau vs hanoi/test_1_artifice_no_krakatau → NON-CLONE
[17448/50000] 2026-06-30 04:32:23 | R2 | railroadcar/test_0_orig_pg_krakatau vs hanoi/test_1_artifice_no_procyon → NON-CLONE
[17449/50000] 2026-06-30 04:32:25 | R2 | railroadcar/test_0_orig_pg_krakatau vs hanoi/test_1_artifice_pg_krakatau → NON-CLONE
[17450/50000] 2026-06-30 04:32:27 | R2 | railroadcar/test_0_orig_pg_krakatau vs hanoi/test_1_artifice_pg_procyon → NON-CLONE
[17451/50000] 2026-06-30 04:32:29 | R2 | railroadcar/test_0_orig_pg_krakatau vs kaprekar/0_orig → NON-CLONE
[17452/50000] 2026-06-30 04:32:30 | R2 | railroadcar/test_0_orig_pg_krakatau vs kaprekar/1_artifice → NON-CLONE
[17453/50000] 2026-06-30 04:32:31 | R2 | railroadcar/test_0_orig_pg_krakatau vs kaprekar/test_0_orig_no_krakatau → NON-CLONE
[17454/50000] 2026-06-30 04:32:33 | R2 | railroadcar/test_0_orig_pg_krakatau vs kaprekar/test_0_orig_no_procyon → NON-CLONE
[17455/50000] 2026-06-30 04:32:34 | R2 | railroadcar/test_0_orig_pg_krakatau vs kaprekar/test_0_orig_pg_krakatau → NON-CLONE
[17456/50000] 2026-06-30 04:32:36 | R2 | railroadcar/test_0_orig_pg_krakatau vs kaprekar/test_0_orig_pg_procyon → NON-CLONE
[17457/50000] 2026-06-30 04:32:37 | R2 | railroadcar/test_0_orig_pg_krakatau vs kaprekar/test_1_artifice_no_krakatau → NON-CLONE
[17458/50000] 2026-06-30 04:32:38 | R2 | railroadcar/test_0_orig_pg_krakatau vs kaprekar/test_1_artifice_no_procyon → NON-CLONE
[17459/50000] 2026-06-30 04:32:39 | R2 | railroadcar/test_0_orig_pg_krakatau vs kaprekar/test_1_artifice_pg_krakatau → NON-CLONE
[17460/50000] 2026-06-30 04:32:41 | R2 | railroadcar/test_0_orig_pg_krakatau vs kaprekar/test_1_artifice_pg_procyon → NON-CLONE
[17461/50000] 2026-06-30 04:32:42 | R2 | railroadcar/test_0_orig_pg_krakatau vs queens/0_orig → NON-CLONE
[17462/50000] 2026-06-30 04:32:43 | R2 | railroadcar/test_0_orig_pg_krakatau vs queens/1_artifice → NON-CLONE
[17463/50000] 2026-06-30 04:32:44 | R2 | railroadcar/test_0_orig_pg_krakatau vs queens/test_0_orig_no_krakatau → NON-CLONE
[17464/50000] 2026-06-30 04:32:45 | R2 | railroadcar/test_0_orig_pg_krakatau vs queens/test_0_orig_no_procyon → NON-CLONE
[17465/50000] 2026-06-30 04:32:47 | R2 | railroadcar/test_0_orig_pg_krakatau vs queens/test_0_orig_pg_krakatau → NON-CLONE
[17466/50000] 2026-06-30 04:32:49 | R2 | railroadcar/test_0_orig_pg_krakatau vs queens/test_0_orig_pg_procyon → NON-CLONE
[17467/50000] 2026-06-30 04:32:51 | R2 | railroadcar/test_0_orig_pg_krakatau vs queens/test_1_artifice_no_krakatau → NON-CLONE
[17468/50000] 2026-06-30 04:32:53 | R2 | railroadcar/test_0_orig_pg_krakatau vs queens/test_1_artifice_no_procyon → NON-CLONE
[17469/50000] 2026-06-30 04:32:55 | R2 | railroadcar/test_0_orig_pg_krakatau vs queens/test_1_artifice_pg_krakatau → NON-CLONE
[17470/50000] 2026-06-30 04:32:57 | R2 | railroadcar/test_0_orig_pg_krakatau vs queens/test_1_artifice_pg_procyon → NON-CLONE
[17471/50000] 2026-06-30 04:32:58 | R2 | railroadcar/test_0_orig_pg_krakatau vs railroadcar/0_orig → CLONE
[17472/50000] 2026-06-30 04:32:59 | R2 | railroadcar/test_0_orig_pg_krakatau vs railroadcar/1_artifice → CLONE
[17473/50000] 2026-06-30 04:33:01 | R2 | railroadcar/test_0_orig_pg_krakatau vs railroadcar/test_0_orig_no_krakatau → CLONE
[17474/50000] 2026-06-30 04:33:03 | R2 | railroadcar/test_0_orig_pg_krakatau vs railroadcar/test_0_orig_no_procyon → CLONE
[17475/50000] 2026-06-30 04:33:04 | R2 | railroadcar/test_0_orig_pg_krakatau vs railroadcar/test_0_orig_pg_krakatau → CLONE
[17476/50000] 2026-06-30 04:33:06 | R2 | railroadcar/test_0_orig_pg_krakatau vs railroadcar/test_0_orig_pg_procyon → CLONE
[17477/50000] 2026-06-30 04:33:08 | R2 | railroadcar/test_0_orig_pg_krakatau vs railroadcar/test_1_artifice_no_krakatau → CLONE
[17478/50000] 2026-06-30 04:33:10 | R2 | railroadcar/test_0_orig_pg_krakatau vs railroadcar/test_1_artifice_no_procyon → CLONE
[17479/50000] 2026-06-30 04:33:12 | R2 | railroadcar/test_0_orig_pg_krakatau vs railroadcar/test_1_artifice_pg_krakatau → CLONE
[17480/50000] 2026-06-30 04:33:13 | R2 | railroadcar/test_0_orig_pg_krakatau vs railroadcar/test_1_artifice_pg_procyon → CLONE
[17481/50000] 2026-06-30 04:33:15 | R2 | railroadcar/test_0_orig_pg_krakatau vs slinkedlist/0_orig → NON-CLONE
[17482/50000] 2026-06-30 04:33:17 | R2 | railroadcar/test_0_orig_pg_krakatau vs slinkedlist/1_artifice → NON-CLONE
[17483/50000] 2026-06-30 04:33:19 | R2 | railroadcar/test_0_orig_pg_krakatau vs slinkedlist/test_0_orig_no_krakatau → NON-CLONE
[17484/50000] 2026-06-30 04:33:21 | R2 | railroadcar/test_0_orig_pg_krakatau vs slinkedlist/test_0_orig_no_procyon → NON-CLONE
[17485/50000] 2026-06-30 04:33:23 | R2 | railroadcar/test_0_orig_pg_krakatau vs slinkedlist/test_0_orig_pg_krakatau → NON-CLONE
[17486/50000] 2026-06-30 04:33:25 | R2 | railroadcar/test_0_orig_pg_krakatau vs slinkedlist/test_0_orig_pg_procyon → NON-CLONE
[17487/50000] 2026-06-30 04:33:27 | R2 | railroadcar/test_0_orig_pg_krakatau vs slinkedlist/test_1_artifice_no_krakatau → NON-CLONE
[17488/50000] 2026-06-30 04:33:29 | R2 | railroadcar/test_0_orig_pg_krakatau vs slinkedlist/test_1_artifice_no_procyon → NON-CLONE
[17489/50000] 2026-06-30 04:33:30 | R2 | railroadcar/test_0_orig_pg_krakatau vs slinkedlist/test_1_artifice_pg_krakatau → NON-CLONE
[17490/50000] 2026-06-30 04:33:32 | R2 | railroadcar/test_0_orig_pg_krakatau vs slinkedlist/test_1_artifice_pg_procyon → NON-CLONE
[17491/50000] 2026-06-30 04:33:33 | R2 | railroadcar/test_0_orig_pg_krakatau vs square/0_orig → NON-CLONE
[17492/50000] 2026-06-30 04:33:34 | R2 | railroadcar/test_0_orig_pg_krakatau vs square/1_artifice → NON-CLONE
[17493/50000] 2026-06-30 04:33:35 | R2 | railroadcar/test_0_orig_pg_krakatau vs square/test_0_orig_no_krakatau → NON-CLONE
[17494/50000] 2026-06-30 04:33:37 | R2 | railroadcar/test_0_orig_pg_krakatau vs square/test_0_orig_no_procyon → NON-CLONE
[17495/50000] 2026-06-30 04:33:38 | R2 | railroadcar/test_0_orig_pg_krakatau vs square/test_0_orig_pg_krakatau → NON-CLONE
[17496/50000] 2026-06-30 04:33:39 | R2 | railroadcar/test_0_orig_pg_krakatau vs square/test_0_orig_pg_procyon → NON-CLONE
[17497/50000] 2026-06-30 04:33:40 | R2 | railroadcar/test_0_orig_pg_krakatau vs square/test_1_artifice_no_krakatau → NON-CLONE
[17498/50000] 2026-06-30 04:33:41 | R2 | railroadcar/test_0_orig_pg_krakatau vs square/test_1_artifice_no_procyon → NON-CLONE
[17499/50000] 2026-06-30 04:33:42 | R2 | railroadcar/test_0_orig_pg_krakatau vs square/test_1_artifice_pg_krakatau → NON-CLONE
[17500/50000] 2026-06-30 04:33:44 | R2 | railroadcar/test_0_orig_pg_krakatau vs square/test_1_artifice_pg_procyon → NON-CLONE
[17501/50000] 2026-06-30 04:33:45 | R2 | railroadcar/test_0_orig_pg_procyon vs InfixConverter/0_orig → NON-CLONE
[17502/50000] 2026-06-30 04:33:47 | R2 | railroadcar/test_0_orig_pg_procyon vs InfixConverter/1_artifice → NON-CLONE
[17503/50000] 2026-06-30 04:33:49 | R2 | railroadcar/test_0_orig_pg_procyon vs InfixConverter/test_0_orig_no_krakatau → NON-CLONE
[17504/50000] 2026-06-30 04:33:50 | R2 | railroadcar/test_0_orig_pg_procyon vs InfixConverter/test_0_orig_no_procyon → NON-CLONE
[17505/50000] 2026-06-30 04:33:52 | R2 | railroadcar/test_0_orig_pg_procyon vs InfixConverter/test_0_orig_pg_krakatau → NON-CLONE
[17506/50000] 2026-06-30 04:33:55 | R2 | railroadcar/test_0_orig_pg_procyon vs InfixConverter/test_0_orig_pg_procyon → NON-CLONE
[17507/50000] 2026-06-30 04:33:57 | R2 | railroadcar/test_0_orig_pg_procyon vs InfixConverter/test_1_artifice_no_krakatau → NON-CLONE
[17508/50000] 2026-06-30 04:33:58 | R2 | railroadcar/test_0_orig_pg_procyon vs InfixConverter/test_1_artifice_no_procyon → NON-CLONE
[17509/50000] 2026-06-30 04:33:59 | R2 | railroadcar/test_0_orig_pg_procyon vs InfixConverter/test_1_artifice_pg_krakatau → NON-CLONE
[17510/50000] 2026-06-30 04:34:03 | R2 | railroadcar/test_0_orig_pg_procyon vs InfixConverter/test_1_artifice_pg_procyon → NON-CLONE
[17511/50000] 2026-06-30 04:34:04 | R2 | railroadcar/test_0_orig_pg_procyon vs SqrtAlgorithm/0_orig → NON-CLONE
[17512/50000] 2026-06-30 04:34:05 | R2 | railroadcar/test_0_orig_pg_procyon vs SqrtAlgorithm/1_artifice → NON-CLONE
[17513/50000] 2026-06-30 04:34:07 | R2 | railroadcar/test_0_orig_pg_procyon vs SqrtAlgorithm/test_0_orig_no_krakatau → NON-CLONE
[17514/50000] 2026-06-30 04:34:08 | R2 | railroadcar/test_0_orig_pg_procyon vs SqrtAlgorithm/test_0_orig_no_procyon → NON-CLONE
[17515/50000] 2026-06-30 04:34:10 | R2 | railroadcar/test_0_orig_pg_procyon vs SqrtAlgorithm/test_0_orig_pg_krakatau → NON-CLONE
[17516/50000] 2026-06-30 04:34:12 | R2 | railroadcar/test_0_orig_pg_procyon vs SqrtAlgorithm/test_0_orig_pg_procyon → NON-CLONE
[17517/50000] 2026-06-30 04:34:13 | R2 | railroadcar/test_0_orig_pg_procyon vs SqrtAlgorithm/test_1_artifice_no_krakatau → NON-CLONE
[17518/50000] 2026-06-30 04:34:15 | R2 | railroadcar/test_0_orig_pg_procyon vs SqrtAlgorithm/test_1_artifice_no_procyon → NON-CLONE
[17519/50000] 2026-06-30 04:34:17 | R2 | railroadcar/test_0_orig_pg_procyon vs SqrtAlgorithm/test_1_artifice_pg_krakatau → NON-CLONE
[17520/50000] 2026-06-30 04:34:18 | R2 | railroadcar/test_0_orig_pg_procyon vs SqrtAlgorithm/test_1_artifice_pg_procyon → NON-CLONE
[17521/50000] 2026-06-30 04:34:19 | R2 | railroadcar/test_0_orig_pg_procyon vs bubblesort/0_orig → NON-CLONE
[17522/50000] 2026-06-30 04:34:20 | R2 | railroadcar/test_0_orig_pg_procyon vs bubblesort/1_artifice → NON-CLONE
[17523/50000] 2026-06-30 04:34:21 | R2 | railroadcar/test_0_orig_pg_procyon vs bubblesort/test_0_orig_no_krakatau → NON-CLONE
[17524/50000] 2026-06-30 04:34:22 | R2 | railroadcar/test_0_orig_pg_procyon vs bubblesort/test_0_orig_no_procyon → NON-CLONE
[17525/50000] 2026-06-30 04:34:23 | R2 | railroadcar/test_0_orig_pg_procyon vs bubblesort/test_0_orig_pg_krakatau → NON-CLONE
[17526/50000] 2026-06-30 04:34:25 | R2 | railroadcar/test_0_orig_pg_procyon vs bubblesort/test_0_orig_pg_procyon → NON-CLONE
[17527/50000] 2026-06-30 04:34:26 | R2 | railroadcar/test_0_orig_pg_procyon vs bubblesort/test_1_artifice_no_krakatau → NON-CLONE
[17528/50000] 2026-06-30 04:34:27 | R2 | railroadcar/test_0_orig_pg_procyon vs bubblesort/test_1_artifice_no_procyon → NON-CLONE
[17529/50000] 2026-06-30 04:34:28 | R2 | railroadcar/test_0_orig_pg_procyon vs bubblesort/test_1_artifice_pg_krakatau → NON-CLONE
[17530/50000] 2026-06-30 04:34:30 | R2 | railroadcar/test_0_orig_pg_procyon vs bubblesort/test_1_artifice_pg_procyon → NON-CLONE
[17531/50000] 2026-06-30 04:34:31 | R2 | railroadcar/test_0_orig_pg_procyon vs guessword/0_orig → NON-CLONE
[17532/50000] 2026-06-30 04:34:33 | R2 | railroadcar/test_0_orig_pg_procyon vs guessword/1_artifice → NON-CLONE
[17533/50000] 2026-06-30 04:34:34 | R2 | railroadcar/test_0_orig_pg_procyon vs guessword/test_0_orig_no_krakatau → NON-CLONE
[17534/50000] 2026-06-30 04:34:36 | R2 | railroadcar/test_0_orig_pg_procyon vs guessword/test_0_orig_no_procyon → NON-CLONE
[17535/50000] 2026-06-30 04:34:38 | R2 | railroadcar/test_0_orig_pg_procyon vs guessword/test_0_orig_pg_krakatau → NON-CLONE
[17536/50000] 2026-06-30 04:34:40 | R2 | railroadcar/test_0_orig_pg_procyon vs guessword/test_0_orig_pg_procyon → NON-CLONE
[17537/50000] 2026-06-30 04:34:42 | R2 | railroadcar/test_0_orig_pg_procyon vs guessword/test_1_artifice_no_krakatau → NON-CLONE
[17538/50000] 2026-06-30 04:34:43 | R2 | railroadcar/test_0_orig_pg_procyon vs guessword/test_1_artifice_no_procyon → NON-CLONE
[17539/50000] 2026-06-30 04:34:45 | R2 | railroadcar/test_0_orig_pg_procyon vs guessword/test_1_artifice_pg_krakatau → NON-CLONE
[17540/50000] 2026-06-30 04:34:48 | R2 | railroadcar/test_0_orig_pg_procyon vs guessword/test_1_artifice_pg_procyon → NON-CLONE
[17541/50000] 2026-06-30 04:34:51 | R2 | railroadcar/test_0_orig_pg_procyon vs hanoi/0_orig → NON-CLONE
[17542/50000] 2026-06-30 04:34:53 | R2 | railroadcar/test_0_orig_pg_procyon vs hanoi/1_artifice → NON-CLONE
[17543/50000] 2026-06-30 04:34:55 | R2 | railroadcar/test_0_orig_pg_procyon vs hanoi/test_0_orig_no_krakatau → NON-CLONE
[17544/50000] 2026-06-30 04:34:56 | R2 | railroadcar/test_0_orig_pg_procyon vs hanoi/test_0_orig_no_procyon → NON-CLONE
[17545/50000] 2026-06-30 04:34:58 | R2 | railroadcar/test_0_orig_pg_procyon vs hanoi/test_0_orig_pg_krakatau → NON-CLONE
[17546/50000] 2026-06-30 04:35:00 | R2 | railroadcar/test_0_orig_pg_procyon vs hanoi/test_0_orig_pg_procyon → NON-CLONE
[17547/50000] 2026-06-30 04:35:01 | R2 | railroadcar/test_0_orig_pg_procyon vs hanoi/test_1_artifice_no_krakatau → NON-CLONE
[17548/50000] 2026-06-30 04:35:03 | R2 | railroadcar/test_0_orig_pg_procyon vs hanoi/test_1_artifice_no_procyon → NON-CLONE
[17549/50000] 2026-06-30 04:35:05 | R2 | railroadcar/test_0_orig_pg_procyon vs hanoi/test_1_artifice_pg_krakatau → NON-CLONE
[17550/50000] 2026-06-30 04:35:06 | R2 | railroadcar/test_0_orig_pg_procyon vs hanoi/test_1_artifice_pg_procyon → NON-CLONE
[17551/50000] 2026-06-30 04:35:08 | R2 | railroadcar/test_0_orig_pg_procyon vs kaprekar/0_orig → NON-CLONE
[17552/50000] 2026-06-30 04:35:10 | R2 | railroadcar/test_0_orig_pg_procyon vs kaprekar/1_artifice → NON-CLONE
[17553/50000] 2026-06-30 04:35:11 | R2 | railroadcar/test_0_orig_pg_procyon vs kaprekar/test_0_orig_no_krakatau → NON-CLONE
[17554/50000] 2026-06-30 04:35:13 | R2 | railroadcar/test_0_orig_pg_procyon vs kaprekar/test_0_orig_no_procyon → NON-CLONE
[17555/50000] 2026-06-30 04:35:14 | R2 | railroadcar/test_0_orig_pg_procyon vs kaprekar/test_0_orig_pg_krakatau → NON-CLONE
[17556/50000] 2026-06-30 04:35:15 | R2 | railroadcar/test_0_orig_pg_procyon vs kaprekar/test_0_orig_pg_procyon → NON-CLONE
[17557/50000] 2026-06-30 04:35:17 | R2 | railroadcar/test_0_orig_pg_procyon vs kaprekar/test_1_artifice_no_krakatau → NON-CLONE
[17558/50000] 2026-06-30 04:35:18 | R2 | railroadcar/test_0_orig_pg_procyon vs kaprekar/test_1_artifice_no_procyon → NON-CLONE
[17559/50000] 2026-06-30 04:35:20 | R2 | railroadcar/test_0_orig_pg_procyon vs kaprekar/test_1_artifice_pg_krakatau → NON-CLONE
[17560/50000] 2026-06-30 04:35:21 | R2 | railroadcar/test_0_orig_pg_procyon vs kaprekar/test_1_artifice_pg_procyon → NON-CLONE
[17561/50000] 2026-06-30 04:35:23 | R2 | railroadcar/test_0_orig_pg_procyon vs queens/0_orig → NON-CLONE
[17562/50000] 2026-06-30 04:35:26 | R2 | railroadcar/test_0_orig_pg_procyon vs queens/1_artifice → NON-CLONE
[17563/50000] 2026-06-30 04:35:27 | R2 | railroadcar/test_0_orig_pg_procyon vs queens/test_0_orig_no_krakatau → NON-CLONE
[17564/50000] 2026-06-30 04:35:28 | R2 | railroadcar/test_0_orig_pg_procyon vs queens/test_0_orig_no_procyon → NON-CLONE
[17565/50000] 2026-06-30 04:35:30 | R2 | railroadcar/test_0_orig_pg_procyon vs queens/test_0_orig_pg_krakatau → NON-CLONE
[17566/50000] 2026-06-30 04:35:32 | R2 | railroadcar/test_0_orig_pg_procyon vs queens/test_0_orig_pg_procyon → NON-CLONE
[17567/50000] 2026-06-30 04:35:34 | R2 | railroadcar/test_0_orig_pg_procyon vs queens/test_1_artifice_no_krakatau → NON-CLONE
[17568/50000] 2026-06-30 04:35:35 | R2 | railroadcar/test_0_orig_pg_procyon vs queens/test_1_artifice_no_procyon → NON-CLONE
[17569/50000] 2026-06-30 04:35:37 | R2 | railroadcar/test_0_orig_pg_procyon vs queens/test_1_artifice_pg_krakatau → NON-CLONE
[17570/50000] 2026-06-30 04:35:39 | R2 | railroadcar/test_0_orig_pg_procyon vs queens/test_1_artifice_pg_procyon → NON-CLONE
[17571/50000] 2026-06-30 04:35:41 | R2 | railroadcar/test_0_orig_pg_procyon vs railroadcar/0_orig → CLONE
[17572/50000] 2026-06-30 04:35:43 | R2 | railroadcar/test_0_orig_pg_procyon vs railroadcar/1_artifice → CLONE
[17573/50000] 2026-06-30 04:35:44 | R2 | railroadcar/test_0_orig_pg_procyon vs railroadcar/test_0_orig_no_krakatau → CLONE
[17574/50000] 2026-06-30 04:35:46 | R2 | railroadcar/test_0_orig_pg_procyon vs railroadcar/test_0_orig_no_procyon → CLONE
[17575/50000] 2026-06-30 04:35:47 | R2 | railroadcar/test_0_orig_pg_procyon vs railroadcar/test_0_orig_pg_krakatau → CLONE
[17576/50000] 2026-06-30 04:35:49 | R2 | railroadcar/test_0_orig_pg_procyon vs railroadcar/test_0_orig_pg_procyon → CLONE
[17577/50000] 2026-06-30 04:35:50 | R2 | railroadcar/test_0_orig_pg_procyon vs railroadcar/test_1_artifice_no_krakatau → CLONE
[17578/50000] 2026-06-30 04:35:52 | R2 | railroadcar/test_0_orig_pg_procyon vs railroadcar/test_1_artifice_no_procyon → CLONE
[17579/50000] 2026-06-30 04:35:53 | R2 | railroadcar/test_0_orig_pg_procyon vs railroadcar/test_1_artifice_pg_krakatau → CLONE
[17580/50000] 2026-06-30 04:35:55 | R2 | railroadcar/test_0_orig_pg_procyon vs railroadcar/test_1_artifice_pg_procyon → CLONE
[17581/50000] 2026-06-30 04:35:57 | R2 | railroadcar/test_0_orig_pg_procyon vs slinkedlist/0_orig → NON-CLONE
[17582/50000] 2026-06-30 04:35:59 | R2 | railroadcar/test_0_orig_pg_procyon vs slinkedlist/1_artifice → NON-CLONE
[17583/50000] 2026-06-30 04:36:01 | R2 | railroadcar/test_0_orig_pg_procyon vs slinkedlist/test_0_orig_no_krakatau → NON-CLONE
[17584/50000] 2026-06-30 04:36:03 | R2 | railroadcar/test_0_orig_pg_procyon vs slinkedlist/test_0_orig_no_procyon → NON-CLONE
[17585/50000] 2026-06-30 04:36:04 | R2 | railroadcar/test_0_orig_pg_procyon vs slinkedlist/test_0_orig_pg_krakatau → NON-CLONE
[17586/50000] 2026-06-30 04:36:06 | R2 | railroadcar/test_0_orig_pg_procyon vs slinkedlist/test_0_orig_pg_procyon → NON-CLONE
[17587/50000] 2026-06-30 04:36:08 | R2 | railroadcar/test_0_orig_pg_procyon vs slinkedlist/test_1_artifice_no_krakatau → NON-CLONE
[17588/50000] 2026-06-30 04:36:10 | R2 | railroadcar/test_0_orig_pg_procyon vs slinkedlist/test_1_artifice_no_procyon → NON-CLONE
[17589/50000] 2026-06-30 04:36:12 | R2 | railroadcar/test_0_orig_pg_procyon vs slinkedlist/test_1_artifice_pg_krakatau → NON-CLONE
[17590/50000] 2026-06-30 04:36:13 | R2 | railroadcar/test_0_orig_pg_procyon vs slinkedlist/test_1_artifice_pg_procyon → NON-CLONE
[17591/50000] 2026-06-30 04:36:15 | R2 | railroadcar/test_0_orig_pg_procyon vs square/0_orig → NON-CLONE
[17592/50000] 2026-06-30 04:36:17 | R2 | railroadcar/test_0_orig_pg_procyon vs square/1_artifice → NON-CLONE
[17593/50000] 2026-06-30 04:36:20 | R2 | railroadcar/test_0_orig_pg_procyon vs square/test_0_orig_no_krakatau → NON-CLONE
[17594/50000] 2026-06-30 04:36:22 | R2 | railroadcar/test_0_orig_pg_procyon vs square/test_0_orig_no_procyon → NON-CLONE
[17595/50000] 2026-06-30 04:36:24 | R2 | railroadcar/test_0_orig_pg_procyon vs square/test_0_orig_pg_krakatau → NON-CLONE
[17596/50000] 2026-06-30 04:36:26 | R2 | railroadcar/test_0_orig_pg_procyon vs square/test_0_orig_pg_procyon → NON-CLONE
[17597/50000] 2026-06-30 04:36:28 | R2 | railroadcar/test_0_orig_pg_procyon vs square/test_1_artifice_no_krakatau → NON-CLONE
[17598/50000] 2026-06-30 04:36:30 | R2 | railroadcar/test_0_orig_pg_procyon vs square/test_1_artifice_no_procyon → NON-CLONE
[17599/50000] 2026-06-30 04:36:32 | R2 | railroadcar/test_0_orig_pg_procyon vs square/test_1_artifice_pg_krakatau → NON-CLONE
[17600/50000] 2026-06-30 04:36:33 | R2 | railroadcar/test_0_orig_pg_procyon vs square/test_1_artifice_pg_procyon → NON-CLONE
[17601/50000] 2026-06-30 04:36:35 | R2 | railroadcar/test_1_artifice_no_krakatau vs InfixConverter/0_orig → NON-CLONE
[17602/50000] 2026-06-30 04:36:37 | R2 | railroadcar/test_1_artifice_no_krakatau vs InfixConverter/1_artifice → NON-CLONE
[17603/50000] 2026-06-30 04:36:38 | R2 | railroadcar/test_1_artifice_no_krakatau vs InfixConverter/test_0_orig_no_krakatau → NON-CLONE
[17604/50000] 2026-06-30 04:36:39 | R2 | railroadcar/test_1_artifice_no_krakatau vs InfixConverter/test_0_orig_no_procyon → NON-CLONE
[17605/50000] 2026-06-30 04:36:41 | R2 | railroadcar/test_1_artifice_no_krakatau vs InfixConverter/test_0_orig_pg_krakatau → NON-CLONE
[17606/50000] 2026-06-30 04:36:43 | R2 | railroadcar/test_1_artifice_no_krakatau vs InfixConverter/test_0_orig_pg_procyon → NON-CLONE
[17607/50000] 2026-06-30 04:36:46 | R2 | railroadcar/test_1_artifice_no_krakatau vs InfixConverter/test_1_artifice_no_krakatau → NON-CLONE
[17608/50000] 2026-06-30 04:36:48 | R2 | railroadcar/test_1_artifice_no_krakatau vs InfixConverter/test_1_artifice_no_procyon → NON-CLONE
[17609/50000] 2026-06-30 04:36:49 | R2 | railroadcar/test_1_artifice_no_krakatau vs InfixConverter/test_1_artifice_pg_krakatau → NON-CLONE
[17610/50000] 2026-06-30 04:36:51 | R2 | railroadcar/test_1_artifice_no_krakatau vs InfixConverter/test_1_artifice_pg_procyon → NON-CLONE
[17611/50000] 2026-06-30 04:36:52 | R2 | railroadcar/test_1_artifice_no_krakatau vs SqrtAlgorithm/0_orig → NON-CLONE
[17612/50000] 2026-06-30 04:36:54 | R2 | railroadcar/test_1_artifice_no_krakatau vs SqrtAlgorithm/1_artifice → NON-CLONE
[17613/50000] 2026-06-30 04:36:56 | R2 | railroadcar/test_1_artifice_no_krakatau vs SqrtAlgorithm/test_0_orig_no_krakatau → NON-CLONE
[17614/50000] 2026-06-30 04:36:58 | R2 | railroadcar/test_1_artifice_no_krakatau vs SqrtAlgorithm/test_0_orig_no_procyon → NON-CLONE
[17615/50000] 2026-06-30 04:36:59 | R2 | railroadcar/test_1_artifice_no_krakatau vs SqrtAlgorithm/test_0_orig_pg_krakatau → NON-CLONE
[17616/50000] 2026-06-30 04:37:01 | R2 | railroadcar/test_1_artifice_no_krakatau vs SqrtAlgorithm/test_0_orig_pg_procyon → NON-CLONE
[17617/50000] 2026-06-30 04:37:03 | R2 | railroadcar/test_1_artifice_no_krakatau vs SqrtAlgorithm/test_1_artifice_no_krakatau → NON-CLONE
[17618/50000] 2026-06-30 04:37:04 | R2 | railroadcar/test_1_artifice_no_krakatau vs SqrtAlgorithm/test_1_artifice_no_procyon → NON-CLONE
[17619/50000] 2026-06-30 04:37:05 | R2 | railroadcar/test_1_artifice_no_krakatau vs SqrtAlgorithm/test_1_artifice_pg_krakatau → NON-CLONE
[17620/50000] 2026-06-30 04:37:06 | R2 | railroadcar/test_1_artifice_no_krakatau vs SqrtAlgorithm/test_1_artifice_pg_procyon → NON-CLONE
[17621/50000] 2026-06-30 04:37:08 | R2 | railroadcar/test_1_artifice_no_krakatau vs bubblesort/0_orig → NON-CLONE
[17622/50000] 2026-06-30 04:37:09 | R2 | railroadcar/test_1_artifice_no_krakatau vs bubblesort/1_artifice → NON-CLONE
[17623/50000] 2026-06-30 04:37:11 | R2 | railroadcar/test_1_artifice_no_krakatau vs bubblesort/test_0_orig_no_krakatau → NON-CLONE
[17624/50000] 2026-06-30 04:37:12 | R2 | railroadcar/test_1_artifice_no_krakatau vs bubblesort/test_0_orig_no_procyon → NON-CLONE
[17625/50000] 2026-06-30 04:37:13 | R2 | railroadcar/test_1_artifice_no_krakatau vs bubblesort/test_0_orig_pg_krakatau → NON-CLONE
[17626/50000] 2026-06-30 04:37:14 | R2 | railroadcar/test_1_artifice_no_krakatau vs bubblesort/test_0_orig_pg_procyon → NON-CLONE
[17627/50000] 2026-06-30 04:37:16 | R2 | railroadcar/test_1_artifice_no_krakatau vs bubblesort/test_1_artifice_no_krakatau → NON-CLONE
[17628/50000] 2026-06-30 04:37:17 | R2 | railroadcar/test_1_artifice_no_krakatau vs bubblesort/test_1_artifice_no_procyon → NON-CLONE
[17629/50000] 2026-06-30 04:37:18 | R2 | railroadcar/test_1_artifice_no_krakatau vs bubblesort/test_1_artifice_pg_krakatau → NON-CLONE
[17630/50000] 2026-06-30 04:37:19 | R2 | railroadcar/test_1_artifice_no_krakatau vs bubblesort/test_1_artifice_pg_procyon → NON-CLONE
[17631/50000] 2026-06-30 04:37:21 | R2 | railroadcar/test_1_artifice_no_krakatau vs guessword/0_orig → NON-CLONE
[17632/50000] 2026-06-30 04:37:24 | R2 | railroadcar/test_1_artifice_no_krakatau vs guessword/1_artifice → NON-CLONE
[17633/50000] 2026-06-30 04:37:26 | R2 | railroadcar/test_1_artifice_no_krakatau vs guessword/test_0_orig_no_krakatau → NON-CLONE
[17634/50000] 2026-06-30 04:37:27 | R2 | railroadcar/test_1_artifice_no_krakatau vs guessword/test_0_orig_no_procyon → NON-CLONE
[17635/50000] 2026-06-30 04:37:29 | R2 | railroadcar/test_1_artifice_no_krakatau vs guessword/test_0_orig_pg_krakatau → NON-CLONE
[17636/50000] 2026-06-30 04:37:31 | R2 | railroadcar/test_1_artifice_no_krakatau vs guessword/test_0_orig_pg_procyon → NON-CLONE
[17637/50000] 2026-06-30 04:37:32 | R2 | railroadcar/test_1_artifice_no_krakatau vs guessword/test_1_artifice_no_krakatau → NON-CLONE
[17638/50000] 2026-06-30 04:37:34 | R2 | railroadcar/test_1_artifice_no_krakatau vs guessword/test_1_artifice_no_procyon → NON-CLONE
[17639/50000] 2026-06-30 04:37:36 | R2 | railroadcar/test_1_artifice_no_krakatau vs guessword/test_1_artifice_pg_krakatau → NON-CLONE
[17640/50000] 2026-06-30 04:37:38 | R2 | railroadcar/test_1_artifice_no_krakatau vs guessword/test_1_artifice_pg_procyon → NON-CLONE
[17641/50000] 2026-06-30 04:37:40 | R2 | railroadcar/test_1_artifice_no_krakatau vs hanoi/0_orig → NON-CLONE
[17642/50000] 2026-06-30 04:37:43 | R2 | railroadcar/test_1_artifice_no_krakatau vs hanoi/1_artifice → NON-CLONE
[17643/50000] 2026-06-30 04:37:45 | R2 | railroadcar/test_1_artifice_no_krakatau vs hanoi/test_0_orig_no_krakatau → NON-CLONE
[17644/50000] 2026-06-30 04:37:46 | R2 | railroadcar/test_1_artifice_no_krakatau vs hanoi/test_0_orig_no_procyon → NON-CLONE
[17645/50000] 2026-06-30 04:37:48 | R2 | railroadcar/test_1_artifice_no_krakatau vs hanoi/test_0_orig_pg_krakatau → NON-CLONE
[17646/50000] 2026-06-30 04:37:51 | R2 | railroadcar/test_1_artifice_no_krakatau vs hanoi/test_0_orig_pg_procyon → NON-CLONE
[17647/50000] 2026-06-30 04:37:53 | R2 | railroadcar/test_1_artifice_no_krakatau vs hanoi/test_1_artifice_no_krakatau → NON-CLONE
[17648/50000] 2026-06-30 04:37:56 | R2 | railroadcar/test_1_artifice_no_krakatau vs hanoi/test_1_artifice_no_procyon → NON-CLONE
[17649/50000] 2026-06-30 04:37:58 | R2 | railroadcar/test_1_artifice_no_krakatau vs hanoi/test_1_artifice_pg_krakatau → NON-CLONE
[17650/50000] 2026-06-30 04:38:01 | R2 | railroadcar/test_1_artifice_no_krakatau vs hanoi/test_1_artifice_pg_procyon → NON-CLONE
[17651/50000] 2026-06-30 04:38:03 | R2 | railroadcar/test_1_artifice_no_krakatau vs kaprekar/0_orig → NON-CLONE
[17652/50000] 2026-06-30 04:38:05 | R2 | railroadcar/test_1_artifice_no_krakatau vs kaprekar/1_artifice → NON-CLONE
[17653/50000] 2026-06-30 04:38:06 | R2 | railroadcar/test_1_artifice_no_krakatau vs kaprekar/test_0_orig_no_krakatau → NON-CLONE
[17654/50000] 2026-06-30 04:38:08 | R2 | railroadcar/test_1_artifice_no_krakatau vs kaprekar/test_0_orig_no_procyon → NON-CLONE
[17655/50000] 2026-06-30 04:38:09 | R2 | railroadcar/test_1_artifice_no_krakatau vs kaprekar/test_0_orig_pg_krakatau → NON-CLONE
[17656/50000] 2026-06-30 04:38:10 | R2 | railroadcar/test_1_artifice_no_krakatau vs kaprekar/test_0_orig_pg_procyon → NON-CLONE
[17657/50000] 2026-06-30 04:38:11 | R2 | railroadcar/test_1_artifice_no_krakatau vs kaprekar/test_1_artifice_no_krakatau → NON-CLONE
[17658/50000] 2026-06-30 04:38:13 | R2 | railroadcar/test_1_artifice_no_krakatau vs kaprekar/test_1_artifice_no_procyon → NON-CLONE
[17659/50000] 2026-06-30 04:38:14 | R2 | railroadcar/test_1_artifice_no_krakatau vs kaprekar/test_1_artifice_pg_krakatau → NON-CLONE
[17660/50000] 2026-06-30 04:38:15 | R2 | railroadcar/test_1_artifice_no_krakatau vs kaprekar/test_1_artifice_pg_procyon → NON-CLONE
[17661/50000] 2026-06-30 04:38:16 | R2 | railroadcar/test_1_artifice_no_krakatau vs queens/0_orig → NON-CLONE
[17662/50000] 2026-06-30 04:38:19 | R2 | railroadcar/test_1_artifice_no_krakatau vs queens/1_artifice → NON-CLONE
[17663/50000] 2026-06-30 04:38:20 | R2 | railroadcar/test_1_artifice_no_krakatau vs queens/test_0_orig_no_krakatau → NON-CLONE
[17664/50000] 2026-06-30 04:38:21 | R2 | railroadcar/test_1_artifice_no_krakatau vs queens/test_0_orig_no_procyon → NON-CLONE
[17665/50000] 2026-06-30 04:38:23 | R2 | railroadcar/test_1_artifice_no_krakatau vs queens/test_0_orig_pg_krakatau → NON-CLONE
[17666/50000] 2026-06-30 04:38:24 | R2 | railroadcar/test_1_artifice_no_krakatau vs queens/test_0_orig_pg_procyon → NON-CLONE
[17667/50000] 2026-06-30 04:38:26 | R2 | railroadcar/test_1_artifice_no_krakatau vs queens/test_1_artifice_no_krakatau → NON-CLONE
[17668/50000] 2026-06-30 04:38:28 | R2 | railroadcar/test_1_artifice_no_krakatau vs queens/test_1_artifice_no_procyon → NON-CLONE
[17669/50000] 2026-06-30 04:38:30 | R2 | railroadcar/test_1_artifice_no_krakatau vs queens/test_1_artifice_pg_krakatau → NON-CLONE
[17670/50000] 2026-06-30 04:38:32 | R2 | railroadcar/test_1_artifice_no_krakatau vs queens/test_1_artifice_pg_procyon → NON-CLONE
[17671/50000] 2026-06-30 04:38:33 | R2 | railroadcar/test_1_artifice_no_krakatau vs railroadcar/0_orig → CLONE
[17672/50000] 2026-06-30 04:38:35 | R2 | railroadcar/test_1_artifice_no_krakatau vs railroadcar/1_artifice → CLONE
[17673/50000] 2026-06-30 04:38:37 | R2 | railroadcar/test_1_artifice_no_krakatau vs railroadcar/test_0_orig_no_krakatau → CLONE
[17674/50000] 2026-06-30 04:38:38 | R2 | railroadcar/test_1_artifice_no_krakatau vs railroadcar/test_0_orig_no_procyon → CLONE
[17675/50000] 2026-06-30 04:38:40 | R2 | railroadcar/test_1_artifice_no_krakatau vs railroadcar/test_0_orig_pg_krakatau → CLONE
[17676/50000] 2026-06-30 04:38:41 | R2 | railroadcar/test_1_artifice_no_krakatau vs railroadcar/test_0_orig_pg_procyon → CLONE
[17677/50000] 2026-06-30 04:38:43 | R2 | railroadcar/test_1_artifice_no_krakatau vs railroadcar/test_1_artifice_no_krakatau → CLONE
[17678/50000] 2026-06-30 04:38:44 | R2 | railroadcar/test_1_artifice_no_krakatau vs railroadcar/test_1_artifice_no_procyon → CLONE
[17679/50000] 2026-06-30 04:38:46 | R2 | railroadcar/test_1_artifice_no_krakatau vs railroadcar/test_1_artifice_pg_krakatau → CLONE
[17680/50000] 2026-06-30 04:38:47 | R2 | railroadcar/test_1_artifice_no_krakatau vs railroadcar/test_1_artifice_pg_procyon → CLONE
[17681/50000] 2026-06-30 04:38:49 | R2 | railroadcar/test_1_artifice_no_krakatau vs slinkedlist/0_orig → NON-CLONE
[17682/50000] 2026-06-30 04:38:51 | R2 | railroadcar/test_1_artifice_no_krakatau vs slinkedlist/1_artifice → NON-CLONE
[17683/50000] 2026-06-30 04:38:53 | R2 | railroadcar/test_1_artifice_no_krakatau vs slinkedlist/test_0_orig_no_krakatau → NON-CLONE
[17684/50000] 2026-06-30 04:38:55 | R2 | railroadcar/test_1_artifice_no_krakatau vs slinkedlist/test_0_orig_no_procyon → NON-CLONE
[17685/50000] 2026-06-30 04:38:57 | R2 | railroadcar/test_1_artifice_no_krakatau vs slinkedlist/test_0_orig_pg_krakatau → NON-CLONE
[17686/50000] 2026-06-30 04:38:58 | R2 | railroadcar/test_1_artifice_no_krakatau vs slinkedlist/test_0_orig_pg_procyon → NON-CLONE
[17687/50000] 2026-06-30 04:39:00 | R2 | railroadcar/test_1_artifice_no_krakatau vs slinkedlist/test_1_artifice_no_krakatau → NON-CLONE
[17688/50000] 2026-06-30 04:39:02 | R2 | railroadcar/test_1_artifice_no_krakatau vs slinkedlist/test_1_artifice_no_procyon → NON-CLONE
[17689/50000] 2026-06-30 04:39:04 | R2 | railroadcar/test_1_artifice_no_krakatau vs slinkedlist/test_1_artifice_pg_krakatau → NON-CLONE
[17690/50000] 2026-06-30 04:39:05 | R2 | railroadcar/test_1_artifice_no_krakatau vs slinkedlist/test_1_artifice_pg_procyon → NON-CLONE
[17691/50000] 2026-06-30 04:39:06 | R2 | railroadcar/test_1_artifice_no_krakatau vs square/0_orig → NON-CLONE
[17692/50000] 2026-06-30 04:39:08 | R2 | railroadcar/test_1_artifice_no_krakatau vs square/1_artifice → NON-CLONE
[17693/50000] 2026-06-30 04:39:09 | R2 | railroadcar/test_1_artifice_no_krakatau vs square/test_0_orig_no_krakatau → NON-CLONE
[17694/50000] 2026-06-30 04:39:10 | R2 | railroadcar/test_1_artifice_no_krakatau vs square/test_0_orig_no_procyon → NON-CLONE
[17695/50000] 2026-06-30 04:39:11 | R2 | railroadcar/test_1_artifice_no_krakatau vs square/test_0_orig_pg_krakatau → NON-CLONE
[17696/50000] 2026-06-30 04:39:13 | R2 | railroadcar/test_1_artifice_no_krakatau vs square/test_0_orig_pg_procyon → NON-CLONE
[17697/50000] 2026-06-30 04:39:14 | R2 | railroadcar/test_1_artifice_no_krakatau vs square/test_1_artifice_no_krakatau → NON-CLONE
[17698/50000] 2026-06-30 04:39:15 | R2 | railroadcar/test_1_artifice_no_krakatau vs square/test_1_artifice_no_procyon → NON-CLONE
[17699/50000] 2026-06-30 04:39:16 | R2 | railroadcar/test_1_artifice_no_krakatau vs square/test_1_artifice_pg_krakatau → NON-CLONE
[17700/50000] 2026-06-30 04:39:17 | R2 | railroadcar/test_1_artifice_no_krakatau vs square/test_1_artifice_pg_procyon → NON-CLONE
[17701/50000] 2026-06-30 04:39:19 | R2 | railroadcar/test_1_artifice_no_procyon vs InfixConverter/0_orig → NON-CLONE
[17702/50000] 2026-06-30 04:39:20 | R2 | railroadcar/test_1_artifice_no_procyon vs InfixConverter/1_artifice → NON-CLONE
[17703/50000] 2026-06-30 04:39:23 | R2 | railroadcar/test_1_artifice_no_procyon vs InfixConverter/test_0_orig_no_krakatau → NON-CLONE
[17704/50000] 2026-06-30 04:39:24 | R2 | railroadcar/test_1_artifice_no_procyon vs InfixConverter/test_0_orig_no_procyon → NON-CLONE
[17705/50000] 2026-06-30 04:39:26 | R2 | railroadcar/test_1_artifice_no_procyon vs InfixConverter/test_0_orig_pg_krakatau → NON-CLONE
[17706/50000] 2026-06-30 04:39:28 | R2 | railroadcar/test_1_artifice_no_procyon vs InfixConverter/test_0_orig_pg_procyon → NON-CLONE
[17707/50000] 2026-06-30 04:39:30 | R2 | railroadcar/test_1_artifice_no_procyon vs InfixConverter/test_1_artifice_no_krakatau → NON-CLONE
[17708/50000] 2026-06-30 04:39:31 | R2 | railroadcar/test_1_artifice_no_procyon vs InfixConverter/test_1_artifice_no_procyon → NON-CLONE
[17709/50000] 2026-06-30 04:39:33 | R2 | railroadcar/test_1_artifice_no_procyon vs InfixConverter/test_1_artifice_pg_krakatau → NON-CLONE
[17710/50000] 2026-06-30 04:39:35 | R2 | railroadcar/test_1_artifice_no_procyon vs InfixConverter/test_1_artifice_pg_procyon → NON-CLONE
[17711/50000] 2026-06-30 04:39:36 | R2 | railroadcar/test_1_artifice_no_procyon vs SqrtAlgorithm/0_orig → NON-CLONE
[17712/50000] 2026-06-30 04:39:39 | R2 | railroadcar/test_1_artifice_no_procyon vs SqrtAlgorithm/1_artifice → NON-CLONE
[17713/50000] 2026-06-30 04:39:41 | R2 | railroadcar/test_1_artifice_no_procyon vs SqrtAlgorithm/test_0_orig_no_krakatau → NON-CLONE
[17714/50000] 2026-06-30 04:39:42 | R2 | railroadcar/test_1_artifice_no_procyon vs SqrtAlgorithm/test_0_orig_no_procyon → NON-CLONE
[17715/50000] 2026-06-30 04:39:44 | R2 | railroadcar/test_1_artifice_no_procyon vs SqrtAlgorithm/test_0_orig_pg_krakatau → NON-CLONE
[17716/50000] 2026-06-30 04:39:45 | R2 | railroadcar/test_1_artifice_no_procyon vs SqrtAlgorithm/test_0_orig_pg_procyon → NON-CLONE
[17717/50000] 2026-06-30 04:39:47 | R2 | railroadcar/test_1_artifice_no_procyon vs SqrtAlgorithm/test_1_artifice_no_krakatau → NON-CLONE
[17718/50000] 2026-06-30 04:39:48 | R2 | railroadcar/test_1_artifice_no_procyon vs SqrtAlgorithm/test_1_artifice_no_procyon → NON-CLONE
[17719/50000] 2026-06-30 04:39:50 | R2 | railroadcar/test_1_artifice_no_procyon vs SqrtAlgorithm/test_1_artifice_pg_krakatau → NON-CLONE
[17720/50000] 2026-06-30 04:39:51 | R2 | railroadcar/test_1_artifice_no_procyon vs SqrtAlgorithm/test_1_artifice_pg_procyon → NON-CLONE
[17721/50000] 2026-06-30 04:39:52 | R2 | railroadcar/test_1_artifice_no_procyon vs bubblesort/0_orig → NON-CLONE
[17722/50000] 2026-06-30 04:39:53 | R2 | railroadcar/test_1_artifice_no_procyon vs bubblesort/1_artifice → NON-CLONE
[17723/50000] 2026-06-30 04:39:54 | R2 | railroadcar/test_1_artifice_no_procyon vs bubblesort/test_0_orig_no_krakatau → NON-CLONE
[17724/50000] 2026-06-30 04:39:56 | R2 | railroadcar/test_1_artifice_no_procyon vs bubblesort/test_0_orig_no_procyon → NON-CLONE
[17725/50000] 2026-06-30 04:39:57 | R2 | railroadcar/test_1_artifice_no_procyon vs bubblesort/test_0_orig_pg_krakatau → NON-CLONE
[17726/50000] 2026-06-30 04:39:59 | R2 | railroadcar/test_1_artifice_no_procyon vs bubblesort/test_0_orig_pg_procyon → NON-CLONE
[17727/50000] 2026-06-30 04:40:00 | R2 | railroadcar/test_1_artifice_no_procyon vs bubblesort/test_1_artifice_no_krakatau → NON-CLONE
[17728/50000] 2026-06-30 04:40:02 | R2 | railroadcar/test_1_artifice_no_procyon vs bubblesort/test_1_artifice_no_procyon → NON-CLONE
[17729/50000] 2026-06-30 04:40:03 | R2 | railroadcar/test_1_artifice_no_procyon vs bubblesort/test_1_artifice_pg_krakatau → NON-CLONE
[17730/50000] 2026-06-30 04:40:05 | R2 | railroadcar/test_1_artifice_no_procyon vs bubblesort/test_1_artifice_pg_procyon → NON-CLONE
[17731/50000] 2026-06-30 04:40:06 | R2 | railroadcar/test_1_artifice_no_procyon vs guessword/0_orig → NON-CLONE
[17732/50000] 2026-06-30 04:40:08 | R2 | railroadcar/test_1_artifice_no_procyon vs guessword/1_artifice → NON-CLONE
[17733/50000] 2026-06-30 04:40:09 | R2 | railroadcar/test_1_artifice_no_procyon vs guessword/test_0_orig_no_krakatau → NON-CLONE
[17734/50000] 2026-06-30 04:40:11 | R2 | railroadcar/test_1_artifice_no_procyon vs guessword/test_0_orig_no_procyon → NON-CLONE
[17735/50000] 2026-06-30 04:40:14 | R2 | railroadcar/test_1_artifice_no_procyon vs guessword/test_0_orig_pg_krakatau → NON-CLONE
[17736/50000] 2026-06-30 04:40:16 | R2 | railroadcar/test_1_artifice_no_procyon vs guessword/test_0_orig_pg_procyon → NON-CLONE
[17737/50000] 2026-06-30 04:40:17 | R2 | railroadcar/test_1_artifice_no_procyon vs guessword/test_1_artifice_no_krakatau → NON-CLONE
[17738/50000] 2026-06-30 04:40:19 | R2 | railroadcar/test_1_artifice_no_procyon vs guessword/test_1_artifice_no_procyon → NON-CLONE
[17739/50000] 2026-06-30 04:40:21 | R2 | railroadcar/test_1_artifice_no_procyon vs guessword/test_1_artifice_pg_krakatau → NON-CLONE
[17740/50000] 2026-06-30 04:40:22 | R2 | railroadcar/test_1_artifice_no_procyon vs guessword/test_1_artifice_pg_procyon → NON-CLONE
[17741/50000] 2026-06-30 04:40:24 | R2 | railroadcar/test_1_artifice_no_procyon vs hanoi/0_orig → NON-CLONE
[17742/50000] 2026-06-30 04:40:26 | R2 | railroadcar/test_1_artifice_no_procyon vs hanoi/1_artifice → NON-CLONE
[17743/50000] 2026-06-30 04:40:27 | R2 | railroadcar/test_1_artifice_no_procyon vs hanoi/test_0_orig_no_krakatau → NON-CLONE
[17744/50000] 2026-06-30 04:40:29 | R2 | railroadcar/test_1_artifice_no_procyon vs hanoi/test_0_orig_no_procyon → NON-CLONE
[17745/50000] 2026-06-30 04:40:30 | R2 | railroadcar/test_1_artifice_no_procyon vs hanoi/test_0_orig_pg_krakatau → NON-CLONE
[17746/50000] 2026-06-30 04:40:32 | R2 | railroadcar/test_1_artifice_no_procyon vs hanoi/test_0_orig_pg_procyon → NON-CLONE
[17747/50000] 2026-06-30 04:40:34 | R2 | railroadcar/test_1_artifice_no_procyon vs hanoi/test_1_artifice_no_krakatau → NON-CLONE
[17748/50000] 2026-06-30 04:40:36 | R2 | railroadcar/test_1_artifice_no_procyon vs hanoi/test_1_artifice_no_procyon → NON-CLONE
[17749/50000] 2026-06-30 04:40:38 | R2 | railroadcar/test_1_artifice_no_procyon vs hanoi/test_1_artifice_pg_krakatau → NON-CLONE
[17750/50000] 2026-06-30 04:40:39 | R2 | railroadcar/test_1_artifice_no_procyon vs hanoi/test_1_artifice_pg_procyon → NON-CLONE
[17751/50000] 2026-06-30 04:40:42 | R2 | railroadcar/test_1_artifice_no_procyon vs kaprekar/0_orig → NON-CLONE
[17752/50000] 2026-06-30 04:40:43 | R2 | railroadcar/test_1_artifice_no_procyon vs kaprekar/1_artifice → NON-CLONE
[17753/50000] 2026-06-30 04:40:45 | R2 | railroadcar/test_1_artifice_no_procyon vs kaprekar/test_0_orig_no_krakatau → NON-CLONE
[17754/50000] 2026-06-30 04:40:46 | R2 | railroadcar/test_1_artifice_no_procyon vs kaprekar/test_0_orig_no_procyon → NON-CLONE
[17755/50000] 2026-06-30 04:40:48 | R2 | railroadcar/test_1_artifice_no_procyon vs kaprekar/test_0_orig_pg_krakatau → NON-CLONE
[17756/50000] 2026-06-30 04:40:49 | R2 | railroadcar/test_1_artifice_no_procyon vs kaprekar/test_0_orig_pg_procyon → NON-CLONE
[17757/50000] 2026-06-30 04:40:50 | R2 | railroadcar/test_1_artifice_no_procyon vs kaprekar/test_1_artifice_no_krakatau → NON-CLONE
[17758/50000] 2026-06-30 04:40:52 | R2 | railroadcar/test_1_artifice_no_procyon vs kaprekar/test_1_artifice_no_procyon → NON-CLONE
[17759/50000] 2026-06-30 04:40:53 | R2 | railroadcar/test_1_artifice_no_procyon vs kaprekar/test_1_artifice_pg_krakatau → NON-CLONE
[17760/50000] 2026-06-30 04:40:54 | R2 | railroadcar/test_1_artifice_no_procyon vs kaprekar/test_1_artifice_pg_procyon → NON-CLONE
[17761/50000] 2026-06-30 04:40:56 | R2 | railroadcar/test_1_artifice_no_procyon vs queens/0_orig → NON-CLONE
[17762/50000] 2026-06-30 04:40:57 | R2 | railroadcar/test_1_artifice_no_procyon vs queens/1_artifice → NON-CLONE
[17763/50000] 2026-06-30 04:41:00 | R2 | railroadcar/test_1_artifice_no_procyon vs queens/test_0_orig_no_krakatau → NON-CLONE
[17764/50000] 2026-06-30 04:41:02 | R2 | railroadcar/test_1_artifice_no_procyon vs queens/test_0_orig_no_procyon → NON-CLONE
[17765/50000] 2026-06-30 04:41:04 | R2 | railroadcar/test_1_artifice_no_procyon vs queens/test_0_orig_pg_krakatau → NON-CLONE
[17766/50000] 2026-06-30 04:41:06 | R2 | railroadcar/test_1_artifice_no_procyon vs queens/test_0_orig_pg_procyon → NON-CLONE
[17767/50000] 2026-06-30 04:41:08 | R2 | railroadcar/test_1_artifice_no_procyon vs queens/test_1_artifice_no_krakatau → NON-CLONE
[17768/50000] 2026-06-30 04:41:10 | R2 | railroadcar/test_1_artifice_no_procyon vs queens/test_1_artifice_no_procyon → NON-CLONE
[17769/50000] 2026-06-30 04:41:12 | R2 | railroadcar/test_1_artifice_no_procyon vs queens/test_1_artifice_pg_krakatau → NON-CLONE
[17770/50000] 2026-06-30 04:41:14 | R2 | railroadcar/test_1_artifice_no_procyon vs queens/test_1_artifice_pg_procyon → NON-CLONE
[17771/50000] 2026-06-30 04:41:15 | R2 | railroadcar/test_1_artifice_no_procyon vs railroadcar/0_orig → CLONE
[17772/50000] 2026-06-30 04:41:17 | R2 | railroadcar/test_1_artifice_no_procyon vs railroadcar/1_artifice → CLONE
[17773/50000] 2026-06-30 04:41:18 | R2 | railroadcar/test_1_artifice_no_procyon vs railroadcar/test_0_orig_no_krakatau → CLONE
[17774/50000] 2026-06-30 04:41:20 | R2 | railroadcar/test_1_artifice_no_procyon vs railroadcar/test_0_orig_no_procyon → CLONE
[17775/50000] 2026-06-30 04:41:22 | R2 | railroadcar/test_1_artifice_no_procyon vs railroadcar/test_0_orig_pg_krakatau → CLONE
[17776/50000] 2026-06-30 04:41:24 | R2 | railroadcar/test_1_artifice_no_procyon vs railroadcar/test_0_orig_pg_procyon → CLONE
[17777/50000] 2026-06-30 04:41:26 | R2 | railroadcar/test_1_artifice_no_procyon vs railroadcar/test_1_artifice_no_krakatau → CLONE
[17778/50000] 2026-06-30 04:41:28 | R2 | railroadcar/test_1_artifice_no_procyon vs railroadcar/test_1_artifice_no_procyon → CLONE
[17779/50000] 2026-06-30 04:41:30 | R2 | railroadcar/test_1_artifice_no_procyon vs railroadcar/test_1_artifice_pg_krakatau → CLONE
[17780/50000] 2026-06-30 04:41:32 | R2 | railroadcar/test_1_artifice_no_procyon vs railroadcar/test_1_artifice_pg_procyon → CLONE
[17781/50000] 2026-06-30 04:41:34 | R2 | railroadcar/test_1_artifice_no_procyon vs slinkedlist/0_orig → NON-CLONE
[17782/50000] 2026-06-30 04:41:36 | R2 | railroadcar/test_1_artifice_no_procyon vs slinkedlist/1_artifice → NON-CLONE
[17783/50000] 2026-06-30 04:41:38 | R2 | railroadcar/test_1_artifice_no_procyon vs slinkedlist/test_0_orig_no_krakatau → NON-CLONE
[17784/50000] 2026-06-30 04:41:41 | R2 | railroadcar/test_1_artifice_no_procyon vs slinkedlist/test_0_orig_no_procyon → NON-CLONE
[17785/50000] 2026-06-30 04:41:42 | R2 | railroadcar/test_1_artifice_no_procyon vs slinkedlist/test_0_orig_pg_krakatau → NON-CLONE
[17786/50000] 2026-06-30 04:41:44 | R2 | railroadcar/test_1_artifice_no_procyon vs slinkedlist/test_0_orig_pg_procyon → NON-CLONE
[17787/50000] 2026-06-30 04:41:46 | R2 | railroadcar/test_1_artifice_no_procyon vs slinkedlist/test_1_artifice_no_krakatau → NON-CLONE
[17788/50000] 2026-06-30 04:41:48 | R2 | railroadcar/test_1_artifice_no_procyon vs slinkedlist/test_1_artifice_no_procyon → NON-CLONE
[17789/50000] 2026-06-30 04:41:49 | R2 | railroadcar/test_1_artifice_no_procyon vs slinkedlist/test_1_artifice_pg_krakatau → NON-CLONE
[17790/50000] 2026-06-30 04:41:51 | R2 | railroadcar/test_1_artifice_no_procyon vs slinkedlist/test_1_artifice_pg_procyon → NON-CLONE
[17791/50000] 2026-06-30 04:41:53 | R2 | railroadcar/test_1_artifice_no_procyon vs square/0_orig → NON-CLONE
[17792/50000] 2026-06-30 04:41:55 | R2 | railroadcar/test_1_artifice_no_procyon vs square/1_artifice → NON-CLONE
[17793/50000] 2026-06-30 04:41:57 | R2 | railroadcar/test_1_artifice_no_procyon vs square/test_0_orig_no_krakatau → NON-CLONE
[17794/50000] 2026-06-30 04:41:59 | R2 | railroadcar/test_1_artifice_no_procyon vs square/test_0_orig_no_procyon → NON-CLONE
[17795/50000] 2026-06-30 04:42:01 | R2 | railroadcar/test_1_artifice_no_procyon vs square/test_0_orig_pg_krakatau → NON-CLONE
[17796/50000] 2026-06-30 04:42:03 | R2 | railroadcar/test_1_artifice_no_procyon vs square/test_0_orig_pg_procyon → NON-CLONE
[17797/50000] 2026-06-30 04:42:05 | R2 | railroadcar/test_1_artifice_no_procyon vs square/test_1_artifice_no_krakatau → NON-CLONE
[17798/50000] 2026-06-30 04:42:07 | R2 | railroadcar/test_1_artifice_no_procyon vs square/test_1_artifice_no_procyon → NON-CLONE
[17799/50000] 2026-06-30 04:42:08 | R2 | railroadcar/test_1_artifice_no_procyon vs square/test_1_artifice_pg_krakatau → NON-CLONE
[17800/50000] 2026-06-30 04:42:10 | R2 | railroadcar/test_1_artifice_no_procyon vs square/test_1_artifice_pg_procyon → NON-CLONE
[17801/50000] 2026-06-30 04:42:12 | R2 | railroadcar/test_1_artifice_pg_krakatau vs InfixConverter/0_orig → NON-CLONE
[17802/50000] 2026-06-30 04:42:13 | R2 | railroadcar/test_1_artifice_pg_krakatau vs InfixConverter/1_artifice → NON-CLONE
[17803/50000] 2026-06-30 04:42:15 | R2 | railroadcar/test_1_artifice_pg_krakatau vs InfixConverter/test_0_orig_no_krakatau → NON-CLONE
[17804/50000] 2026-06-30 04:42:16 | R2 | railroadcar/test_1_artifice_pg_krakatau vs InfixConverter/test_0_orig_no_procyon → NON-CLONE
[17805/50000] 2026-06-30 04:42:18 | R2 | railroadcar/test_1_artifice_pg_krakatau vs InfixConverter/test_0_orig_pg_krakatau → NON-CLONE
[17806/50000] 2026-06-30 04:42:19 | R2 | railroadcar/test_1_artifice_pg_krakatau vs InfixConverter/test_0_orig_pg_procyon → NON-CLONE
[17807/50000] 2026-06-30 04:42:21 | R2 | railroadcar/test_1_artifice_pg_krakatau vs InfixConverter/test_1_artifice_no_krakatau → NON-CLONE
[17808/50000] 2026-06-30 04:42:23 | R2 | railroadcar/test_1_artifice_pg_krakatau vs InfixConverter/test_1_artifice_no_procyon → NON-CLONE
[17809/50000] 2026-06-30 04:42:25 | R2 | railroadcar/test_1_artifice_pg_krakatau vs InfixConverter/test_1_artifice_pg_krakatau → NON-CLONE
[17810/50000] 2026-06-30 04:42:26 | R2 | railroadcar/test_1_artifice_pg_krakatau vs InfixConverter/test_1_artifice_pg_procyon → NON-CLONE
[17811/50000] 2026-06-30 04:42:27 | R2 | railroadcar/test_1_artifice_pg_krakatau vs SqrtAlgorithm/0_orig → NON-CLONE
[17812/50000] 2026-06-30 04:42:29 | R2 | railroadcar/test_1_artifice_pg_krakatau vs SqrtAlgorithm/1_artifice → NON-CLONE
[17813/50000] 2026-06-30 04:42:31 | R2 | railroadcar/test_1_artifice_pg_krakatau vs SqrtAlgorithm/test_0_orig_no_krakatau → NON-CLONE
[17814/50000] 2026-06-30 04:42:33 | R2 | railroadcar/test_1_artifice_pg_krakatau vs SqrtAlgorithm/test_0_orig_no_procyon → NON-CLONE
[17815/50000] 2026-06-30 04:42:34 | R2 | railroadcar/test_1_artifice_pg_krakatau vs SqrtAlgorithm/test_0_orig_pg_krakatau → NON-CLONE
[17816/50000] 2026-06-30 04:42:35 | R2 | railroadcar/test_1_artifice_pg_krakatau vs SqrtAlgorithm/test_0_orig_pg_procyon → NON-CLONE
[17817/50000] 2026-06-30 04:42:37 | R2 | railroadcar/test_1_artifice_pg_krakatau vs SqrtAlgorithm/test_1_artifice_no_krakatau → NON-CLONE
[17818/50000] 2026-06-30 04:42:38 | R2 | railroadcar/test_1_artifice_pg_krakatau vs SqrtAlgorithm/test_1_artifice_no_procyon → NON-CLONE
[17819/50000] 2026-06-30 04:42:40 | R2 | railroadcar/test_1_artifice_pg_krakatau vs SqrtAlgorithm/test_1_artifice_pg_krakatau → NON-CLONE
[17820/50000] 2026-06-30 04:42:41 | R2 | railroadcar/test_1_artifice_pg_krakatau vs SqrtAlgorithm/test_1_artifice_pg_procyon → NON-CLONE
[17821/50000] 2026-06-30 04:42:43 | R2 | railroadcar/test_1_artifice_pg_krakatau vs bubblesort/0_orig → NON-CLONE
[17822/50000] 2026-06-30 04:42:44 | R2 | railroadcar/test_1_artifice_pg_krakatau vs bubblesort/1_artifice → NON-CLONE
[17823/50000] 2026-06-30 04:42:45 | R2 | railroadcar/test_1_artifice_pg_krakatau vs bubblesort/test_0_orig_no_krakatau → NON-CLONE
[17824/50000] 2026-06-30 04:42:47 | R2 | railroadcar/test_1_artifice_pg_krakatau vs bubblesort/test_0_orig_no_procyon → NON-CLONE
[17825/50000] 2026-06-30 04:42:48 | R2 | railroadcar/test_1_artifice_pg_krakatau vs bubblesort/test_0_orig_pg_krakatau → NON-CLONE
[17826/50000] 2026-06-30 04:42:49 | R2 | railroadcar/test_1_artifice_pg_krakatau vs bubblesort/test_0_orig_pg_procyon → NON-CLONE
[17827/50000] 2026-06-30 04:42:51 | R2 | railroadcar/test_1_artifice_pg_krakatau vs bubblesort/test_1_artifice_no_krakatau → NON-CLONE
[17828/50000] 2026-06-30 04:42:52 | R2 | railroadcar/test_1_artifice_pg_krakatau vs bubblesort/test_1_artifice_no_procyon → NON-CLONE
[17829/50000] 2026-06-30 04:42:53 | R2 | railroadcar/test_1_artifice_pg_krakatau vs bubblesort/test_1_artifice_pg_krakatau → NON-CLONE
[17830/50000] 2026-06-30 04:42:55 | R2 | railroadcar/test_1_artifice_pg_krakatau vs bubblesort/test_1_artifice_pg_procyon → NON-CLONE
[17831/50000] 2026-06-30 04:42:57 | R2 | railroadcar/test_1_artifice_pg_krakatau vs guessword/0_orig → NON-CLONE
[17832/50000] 2026-06-30 04:42:59 | R2 | railroadcar/test_1_artifice_pg_krakatau vs guessword/1_artifice → NON-CLONE
[17833/50000] 2026-06-30 04:43:02 | R2 | railroadcar/test_1_artifice_pg_krakatau vs guessword/test_0_orig_no_krakatau → NON-CLONE
[17834/50000] 2026-06-30 04:43:06 | R2 | railroadcar/test_1_artifice_pg_krakatau vs guessword/test_0_orig_no_procyon → NON-CLONE
[17835/50000] 2026-06-30 04:43:08 | R2 | railroadcar/test_1_artifice_pg_krakatau vs guessword/test_0_orig_pg_krakatau → NON-CLONE
[17836/50000] 2026-06-30 04:43:09 | R2 | railroadcar/test_1_artifice_pg_krakatau vs guessword/test_0_orig_pg_procyon → NON-CLONE
[17837/50000] 2026-06-30 04:43:12 | R2 | railroadcar/test_1_artifice_pg_krakatau vs guessword/test_1_artifice_no_krakatau → NON-CLONE
[17838/50000] 2026-06-30 04:43:13 | R2 | railroadcar/test_1_artifice_pg_krakatau vs guessword/test_1_artifice_no_procyon → NON-CLONE
[17839/50000] 2026-06-30 04:43:15 | R2 | railroadcar/test_1_artifice_pg_krakatau vs guessword/test_1_artifice_pg_krakatau → NON-CLONE
[17840/50000] 2026-06-30 04:43:17 | R2 | railroadcar/test_1_artifice_pg_krakatau vs guessword/test_1_artifice_pg_procyon → NON-CLONE
[17841/50000] 2026-06-30 04:43:19 | R2 | railroadcar/test_1_artifice_pg_krakatau vs hanoi/0_orig → NON-CLONE
[17842/50000] 2026-06-30 04:43:21 | R2 | railroadcar/test_1_artifice_pg_krakatau vs hanoi/1_artifice → NON-CLONE
[17843/50000] 2026-06-30 04:43:23 | R2 | railroadcar/test_1_artifice_pg_krakatau vs hanoi/test_0_orig_no_krakatau → NON-CLONE
[17844/50000] 2026-06-30 04:43:24 | R2 | railroadcar/test_1_artifice_pg_krakatau vs hanoi/test_0_orig_no_procyon → NON-CLONE
[17845/50000] 2026-06-30 04:43:26 | R2 | railroadcar/test_1_artifice_pg_krakatau vs hanoi/test_0_orig_pg_krakatau → NON-CLONE
[17846/50000] 2026-06-30 04:43:28 | R2 | railroadcar/test_1_artifice_pg_krakatau vs hanoi/test_0_orig_pg_procyon → NON-CLONE
[17847/50000] 2026-06-30 04:43:30 | R2 | railroadcar/test_1_artifice_pg_krakatau vs hanoi/test_1_artifice_no_krakatau → NON-CLONE
[17848/50000] 2026-06-30 04:43:33 | R2 | railroadcar/test_1_artifice_pg_krakatau vs hanoi/test_1_artifice_no_procyon → NON-CLONE
[17849/50000] 2026-06-30 04:43:35 | R2 | railroadcar/test_1_artifice_pg_krakatau vs hanoi/test_1_artifice_pg_krakatau → NON-CLONE
[17850/50000] 2026-06-30 04:43:37 | R2 | railroadcar/test_1_artifice_pg_krakatau vs hanoi/test_1_artifice_pg_procyon → NON-CLONE
[17851/50000] 2026-06-30 04:43:38 | R2 | railroadcar/test_1_artifice_pg_krakatau vs kaprekar/0_orig → NON-CLONE
[17852/50000] 2026-06-30 04:43:40 | R2 | railroadcar/test_1_artifice_pg_krakatau vs kaprekar/1_artifice → NON-CLONE
[17853/50000] 2026-06-30 04:43:41 | R2 | railroadcar/test_1_artifice_pg_krakatau vs kaprekar/test_0_orig_no_krakatau → NON-CLONE
[17854/50000] 2026-06-30 04:43:43 | R2 | railroadcar/test_1_artifice_pg_krakatau vs kaprekar/test_0_orig_no_procyon → NON-CLONE
[17855/50000] 2026-06-30 04:43:44 | R2 | railroadcar/test_1_artifice_pg_krakatau vs kaprekar/test_0_orig_pg_krakatau → NON-CLONE
[17856/50000] 2026-06-30 04:43:45 | R2 | railroadcar/test_1_artifice_pg_krakatau vs kaprekar/test_0_orig_pg_procyon → NON-CLONE
[17857/50000] 2026-06-30 04:43:46 | R2 | railroadcar/test_1_artifice_pg_krakatau vs kaprekar/test_1_artifice_no_krakatau → NON-CLONE
[17858/50000] 2026-06-30 04:43:48 | R2 | railroadcar/test_1_artifice_pg_krakatau vs kaprekar/test_1_artifice_no_procyon → NON-CLONE
[17859/50000] 2026-06-30 04:43:49 | R2 | railroadcar/test_1_artifice_pg_krakatau vs kaprekar/test_1_artifice_pg_krakatau → NON-CLONE
[17860/50000] 2026-06-30 04:43:50 | R2 | railroadcar/test_1_artifice_pg_krakatau vs kaprekar/test_1_artifice_pg_procyon → NON-CLONE
[17861/50000] 2026-06-30 04:43:51 | R2 | railroadcar/test_1_artifice_pg_krakatau vs queens/0_orig → NON-CLONE
[17862/50000] 2026-06-30 04:43:52 | R2 | railroadcar/test_1_artifice_pg_krakatau vs queens/1_artifice → NON-CLONE
[17863/50000] 2026-06-30 04:43:54 | R2 | railroadcar/test_1_artifice_pg_krakatau vs queens/test_0_orig_no_krakatau → NON-CLONE
[17864/50000] 2026-06-30 04:43:55 | R2 | railroadcar/test_1_artifice_pg_krakatau vs queens/test_0_orig_no_procyon → NON-CLONE
[17865/50000] 2026-06-30 04:43:57 | R2 | railroadcar/test_1_artifice_pg_krakatau vs queens/test_0_orig_pg_krakatau → NON-CLONE
[17866/50000] 2026-06-30 04:43:59 | R2 | railroadcar/test_1_artifice_pg_krakatau vs queens/test_0_orig_pg_procyon → NON-CLONE
[17867/50000] 2026-06-30 04:44:01 | R2 | railroadcar/test_1_artifice_pg_krakatau vs queens/test_1_artifice_no_krakatau → NON-CLONE
[17868/50000] 2026-06-30 04:44:02 | R2 | railroadcar/test_1_artifice_pg_krakatau vs queens/test_1_artifice_no_procyon → NON-CLONE
[17869/50000] 2026-06-30 04:44:04 | R2 | railroadcar/test_1_artifice_pg_krakatau vs queens/test_1_artifice_pg_krakatau → NON-CLONE
[17870/50000] 2026-06-30 04:44:06 | R2 | railroadcar/test_1_artifice_pg_krakatau vs queens/test_1_artifice_pg_procyon → NON-CLONE
[17871/50000] 2026-06-30 04:44:08 | R2 | railroadcar/test_1_artifice_pg_krakatau vs railroadcar/0_orig → CLONE
[17872/50000] 2026-06-30 04:44:09 | R2 | railroadcar/test_1_artifice_pg_krakatau vs railroadcar/1_artifice → CLONE
[17873/50000] 2026-06-30 04:44:11 | R2 | railroadcar/test_1_artifice_pg_krakatau vs railroadcar/test_0_orig_no_krakatau → CLONE
[17874/50000] 2026-06-30 04:44:13 | R2 | railroadcar/test_1_artifice_pg_krakatau vs railroadcar/test_0_orig_no_procyon → CLONE
[17875/50000] 2026-06-30 04:44:15 | R2 | railroadcar/test_1_artifice_pg_krakatau vs railroadcar/test_0_orig_pg_krakatau → CLONE
[17876/50000] 2026-06-30 04:44:16 | R2 | railroadcar/test_1_artifice_pg_krakatau vs railroadcar/test_0_orig_pg_procyon → CLONE
[17877/50000] 2026-06-30 04:44:18 | R2 | railroadcar/test_1_artifice_pg_krakatau vs railroadcar/test_1_artifice_no_krakatau → CLONE
[17878/50000] 2026-06-30 04:44:20 | R2 | railroadcar/test_1_artifice_pg_krakatau vs railroadcar/test_1_artifice_no_procyon → CLONE
[17879/50000] 2026-06-30 04:44:22 | R2 | railroadcar/test_1_artifice_pg_krakatau vs railroadcar/test_1_artifice_pg_krakatau → CLONE
[17880/50000] 2026-06-30 04:44:23 | R2 | railroadcar/test_1_artifice_pg_krakatau vs railroadcar/test_1_artifice_pg_procyon → CLONE
[17881/50000] 2026-06-30 04:44:26 | R2 | railroadcar/test_1_artifice_pg_krakatau vs slinkedlist/0_orig → NON-CLONE
[17882/50000] 2026-06-30 04:44:28 | R2 | railroadcar/test_1_artifice_pg_krakatau vs slinkedlist/1_artifice → NON-CLONE
[17883/50000] 2026-06-30 04:44:30 | R2 | railroadcar/test_1_artifice_pg_krakatau vs slinkedlist/test_0_orig_no_krakatau → NON-CLONE
[17884/50000] 2026-06-30 04:44:32 | R2 | railroadcar/test_1_artifice_pg_krakatau vs slinkedlist/test_0_orig_no_procyon → NON-CLONE
[17885/50000] 2026-06-30 04:44:34 | R2 | railroadcar/test_1_artifice_pg_krakatau vs slinkedlist/test_0_orig_pg_krakatau → NON-CLONE
[17886/50000] 2026-06-30 04:44:35 | R2 | railroadcar/test_1_artifice_pg_krakatau vs slinkedlist/test_0_orig_pg_procyon → NON-CLONE
[17887/50000] 2026-06-30 04:44:37 | R2 | railroadcar/test_1_artifice_pg_krakatau vs slinkedlist/test_1_artifice_no_krakatau → NON-CLONE
[17888/50000] 2026-06-30 04:44:39 | R2 | railroadcar/test_1_artifice_pg_krakatau vs slinkedlist/test_1_artifice_no_procyon → NON-CLONE
[17889/50000] 2026-06-30 04:44:41 | R2 | railroadcar/test_1_artifice_pg_krakatau vs slinkedlist/test_1_artifice_pg_krakatau → NON-CLONE
[17890/50000] 2026-06-30 04:44:43 | R2 | railroadcar/test_1_artifice_pg_krakatau vs slinkedlist/test_1_artifice_pg_procyon → NON-CLONE
[17891/50000] 2026-06-30 04:44:44 | R2 | railroadcar/test_1_artifice_pg_krakatau vs square/0_orig → NON-CLONE
[17892/50000] 2026-06-30 04:44:45 | R2 | railroadcar/test_1_artifice_pg_krakatau vs square/1_artifice → NON-CLONE
[17893/50000] 2026-06-30 04:44:46 | R2 | railroadcar/test_1_artifice_pg_krakatau vs square/test_0_orig_no_krakatau → NON-CLONE
[17894/50000] 2026-06-30 04:44:48 | R2 | railroadcar/test_1_artifice_pg_krakatau vs square/test_0_orig_no_procyon → NON-CLONE
[17895/50000] 2026-06-30 04:44:49 | R2 | railroadcar/test_1_artifice_pg_krakatau vs square/test_0_orig_pg_krakatau → NON-CLONE
[17896/50000] 2026-06-30 04:44:50 | R2 | railroadcar/test_1_artifice_pg_krakatau vs square/test_0_orig_pg_procyon → NON-CLONE
[17897/50000] 2026-06-30 04:44:51 | R2 | railroadcar/test_1_artifice_pg_krakatau vs square/test_1_artifice_no_krakatau → NON-CLONE
[17898/50000] 2026-06-30 04:44:52 | R2 | railroadcar/test_1_artifice_pg_krakatau vs square/test_1_artifice_no_procyon → NON-CLONE
[17899/50000] 2026-06-30 04:44:53 | R2 | railroadcar/test_1_artifice_pg_krakatau vs square/test_1_artifice_pg_krakatau → NON-CLONE
[17900/50000] 2026-06-30 04:44:54 | R2 | railroadcar/test_1_artifice_pg_krakatau vs square/test_1_artifice_pg_procyon → NON-CLONE
[17901/50000] 2026-06-30 04:44:55 | R2 | railroadcar/test_1_artifice_pg_procyon vs InfixConverter/0_orig → NON-CLONE
[17902/50000] 2026-06-30 04:44:58 | R2 | railroadcar/test_1_artifice_pg_procyon vs InfixConverter/1_artifice → NON-CLONE
[17903/50000] 2026-06-30 04:45:00 | R2 | railroadcar/test_1_artifice_pg_procyon vs InfixConverter/test_0_orig_no_krakatau → NON-CLONE
[17904/50000] 2026-06-30 04:45:01 | R2 | railroadcar/test_1_artifice_pg_procyon vs InfixConverter/test_0_orig_no_procyon → NON-CLONE
[17905/50000] 2026-06-30 04:45:03 | R2 | railroadcar/test_1_artifice_pg_procyon vs InfixConverter/test_0_orig_pg_krakatau → NON-CLONE
[17906/50000] 2026-06-30 04:45:06 | R2 | railroadcar/test_1_artifice_pg_procyon vs InfixConverter/test_0_orig_pg_procyon → NON-CLONE
[17907/50000] 2026-06-30 04:45:07 | R2 | railroadcar/test_1_artifice_pg_procyon vs InfixConverter/test_1_artifice_no_krakatau → NON-CLONE
[17908/50000] 2026-06-30 04:45:09 | R2 | railroadcar/test_1_artifice_pg_procyon vs InfixConverter/test_1_artifice_no_procyon → NON-CLONE
[17909/50000] 2026-06-30 04:45:10 | R2 | railroadcar/test_1_artifice_pg_procyon vs InfixConverter/test_1_artifice_pg_krakatau → NON-CLONE
[17910/50000] 2026-06-30 04:45:13 | R2 | railroadcar/test_1_artifice_pg_procyon vs InfixConverter/test_1_artifice_pg_procyon → NON-CLONE
[17911/50000] 2026-06-30 04:45:15 | R2 | railroadcar/test_1_artifice_pg_procyon vs SqrtAlgorithm/0_orig → NON-CLONE
[17912/50000] 2026-06-30 04:45:16 | R2 | railroadcar/test_1_artifice_pg_procyon vs SqrtAlgorithm/1_artifice → NON-CLONE
[17913/50000] 2026-06-30 04:45:18 | R2 | railroadcar/test_1_artifice_pg_procyon vs SqrtAlgorithm/test_0_orig_no_krakatau → NON-CLONE
[17914/50000] 2026-06-30 04:45:19 | R2 | railroadcar/test_1_artifice_pg_procyon vs SqrtAlgorithm/test_0_orig_no_procyon → NON-CLONE
[17915/50000] 2026-06-30 04:45:21 | R2 | railroadcar/test_1_artifice_pg_procyon vs SqrtAlgorithm/test_0_orig_pg_krakatau → NON-CLONE
[17916/50000] 2026-06-30 04:45:23 | R2 | railroadcar/test_1_artifice_pg_procyon vs SqrtAlgorithm/test_0_orig_pg_procyon → NON-CLONE
[17917/50000] 2026-06-30 04:45:24 | R2 | railroadcar/test_1_artifice_pg_procyon vs SqrtAlgorithm/test_1_artifice_no_krakatau → NON-CLONE
[17918/50000] 2026-06-30 04:45:26 | R2 | railroadcar/test_1_artifice_pg_procyon vs SqrtAlgorithm/test_1_artifice_no_procyon → NON-CLONE
[17919/50000] 2026-06-30 04:45:28 | R2 | railroadcar/test_1_artifice_pg_procyon vs SqrtAlgorithm/test_1_artifice_pg_krakatau → NON-CLONE
[17920/50000] 2026-06-30 04:45:29 | R2 | railroadcar/test_1_artifice_pg_procyon vs SqrtAlgorithm/test_1_artifice_pg_procyon → NON-CLONE
[17921/50000] 2026-06-30 04:45:30 | R2 | railroadcar/test_1_artifice_pg_procyon vs bubblesort/0_orig → NON-CLONE
[17922/50000] 2026-06-30 04:45:31 | R2 | railroadcar/test_1_artifice_pg_procyon vs bubblesort/1_artifice → NON-CLONE
[17923/50000] 2026-06-30 04:45:32 | R2 | railroadcar/test_1_artifice_pg_procyon vs bubblesort/test_0_orig_no_krakatau → NON-CLONE
[17924/50000] 2026-06-30 04:45:33 | R2 | railroadcar/test_1_artifice_pg_procyon vs bubblesort/test_0_orig_no_procyon → NON-CLONE
[17925/50000] 2026-06-30 04:45:35 | R2 | railroadcar/test_1_artifice_pg_procyon vs bubblesort/test_0_orig_pg_krakatau → NON-CLONE
[17926/50000] 2026-06-30 04:45:36 | R2 | railroadcar/test_1_artifice_pg_procyon vs bubblesort/test_0_orig_pg_procyon → NON-CLONE
[17927/50000] 2026-06-30 04:45:37 | R2 | railroadcar/test_1_artifice_pg_procyon vs bubblesort/test_1_artifice_no_krakatau → NON-CLONE
[17928/50000] 2026-06-30 04:45:38 | R2 | railroadcar/test_1_artifice_pg_procyon vs bubblesort/test_1_artifice_no_procyon → NON-CLONE
[17929/50000] 2026-06-30 04:45:39 | R2 | railroadcar/test_1_artifice_pg_procyon vs bubblesort/test_1_artifice_pg_krakatau → NON-CLONE
[17930/50000] 2026-06-30 04:45:41 | R2 | railroadcar/test_1_artifice_pg_procyon vs bubblesort/test_1_artifice_pg_procyon → NON-CLONE
[17931/50000] 2026-06-30 04:45:42 | R2 | railroadcar/test_1_artifice_pg_procyon vs guessword/0_orig → NON-CLONE
[17932/50000] 2026-06-30 04:45:44 | R2 | railroadcar/test_1_artifice_pg_procyon vs guessword/1_artifice → NON-CLONE
[17933/50000] 2026-06-30 04:45:45 | R2 | railroadcar/test_1_artifice_pg_procyon vs guessword/test_0_orig_no_krakatau → NON-CLONE
[17934/50000] 2026-06-30 04:45:47 | R2 | railroadcar/test_1_artifice_pg_procyon vs guessword/test_0_orig_no_procyon → NON-CLONE
[17935/50000] 2026-06-30 04:45:49 | R2 | railroadcar/test_1_artifice_pg_procyon vs guessword/test_0_orig_pg_krakatau → NON-CLONE
[17936/50000] 2026-06-30 04:45:51 | R2 | railroadcar/test_1_artifice_pg_procyon vs guessword/test_0_orig_pg_procyon → NON-CLONE
[17937/50000] 2026-06-30 04:45:54 | R2 | railroadcar/test_1_artifice_pg_procyon vs guessword/test_1_artifice_no_krakatau → NON-CLONE
[17938/50000] 2026-06-30 04:45:55 | R2 | railroadcar/test_1_artifice_pg_procyon vs guessword/test_1_artifice_no_procyon → NON-CLONE
[17939/50000] 2026-06-30 04:45:57 | R2 | railroadcar/test_1_artifice_pg_procyon vs guessword/test_1_artifice_pg_krakatau → NON-CLONE
[17940/50000] 2026-06-30 04:45:59 | R2 | railroadcar/test_1_artifice_pg_procyon vs guessword/test_1_artifice_pg_procyon → NON-CLONE
[17941/50000] 2026-06-30 04:46:03 | R2 | railroadcar/test_1_artifice_pg_procyon vs hanoi/0_orig → NON-CLONE
[17942/50000] 2026-06-30 04:46:04 | R2 | railroadcar/test_1_artifice_pg_procyon vs hanoi/1_artifice → NON-CLONE
[17943/50000] 2026-06-30 04:46:07 | R2 | railroadcar/test_1_artifice_pg_procyon vs hanoi/test_0_orig_no_krakatau → NON-CLONE
[17944/50000] 2026-06-30 04:46:08 | R2 | railroadcar/test_1_artifice_pg_procyon vs hanoi/test_0_orig_no_procyon → NON-CLONE
[17945/50000] 2026-06-30 04:46:10 | R2 | railroadcar/test_1_artifice_pg_procyon vs hanoi/test_0_orig_pg_krakatau → NON-CLONE
[17946/50000] 2026-06-30 04:46:12 | R2 | railroadcar/test_1_artifice_pg_procyon vs hanoi/test_0_orig_pg_procyon → NON-CLONE
[17947/50000] 2026-06-30 04:46:13 | R2 | railroadcar/test_1_artifice_pg_procyon vs hanoi/test_1_artifice_no_krakatau → NON-CLONE
[17948/50000] 2026-06-30 04:46:15 | R2 | railroadcar/test_1_artifice_pg_procyon vs hanoi/test_1_artifice_no_procyon → NON-CLONE
[17949/50000] 2026-06-30 04:46:17 | R2 | railroadcar/test_1_artifice_pg_procyon vs hanoi/test_1_artifice_pg_krakatau → NON-CLONE
[17950/50000] 2026-06-30 04:46:18 | R2 | railroadcar/test_1_artifice_pg_procyon vs hanoi/test_1_artifice_pg_procyon → NON-CLONE
[17951/50000] 2026-06-30 04:46:20 | R2 | railroadcar/test_1_artifice_pg_procyon vs kaprekar/0_orig → NON-CLONE
[17952/50000] 2026-06-30 04:46:22 | R2 | railroadcar/test_1_artifice_pg_procyon vs kaprekar/1_artifice → NON-CLONE
[17953/50000] 2026-06-30 04:46:23 | R2 | railroadcar/test_1_artifice_pg_procyon vs kaprekar/test_0_orig_no_krakatau → NON-CLONE
[17954/50000] 2026-06-30 04:46:25 | R2 | railroadcar/test_1_artifice_pg_procyon vs kaprekar/test_0_orig_no_procyon → NON-CLONE
[17955/50000] 2026-06-30 04:46:26 | R2 | railroadcar/test_1_artifice_pg_procyon vs kaprekar/test_0_orig_pg_krakatau → NON-CLONE
[17956/50000] 2026-06-30 04:46:27 | R2 | railroadcar/test_1_artifice_pg_procyon vs kaprekar/test_0_orig_pg_procyon → NON-CLONE
[17957/50000] 2026-06-30 04:46:29 | R2 | railroadcar/test_1_artifice_pg_procyon vs kaprekar/test_1_artifice_no_krakatau → NON-CLONE
[17958/50000] 2026-06-30 04:46:30 | R2 | railroadcar/test_1_artifice_pg_procyon vs kaprekar/test_1_artifice_no_procyon → NON-CLONE
[17959/50000] 2026-06-30 04:46:32 | R2 | railroadcar/test_1_artifice_pg_procyon vs kaprekar/test_1_artifice_pg_krakatau → NON-CLONE
[17960/50000] 2026-06-30 04:46:33 | R2 | railroadcar/test_1_artifice_pg_procyon vs kaprekar/test_1_artifice_pg_procyon → NON-CLONE
[17961/50000] 2026-06-30 04:46:35 | R2 | railroadcar/test_1_artifice_pg_procyon vs queens/0_orig → NON-CLONE
[17962/50000] 2026-06-30 04:46:38 | R2 | railroadcar/test_1_artifice_pg_procyon vs queens/1_artifice → NON-CLONE
[17963/50000] 2026-06-30 04:46:39 | R2 | railroadcar/test_1_artifice_pg_procyon vs queens/test_0_orig_no_krakatau → NON-CLONE
[17964/50000] 2026-06-30 04:46:40 | R2 | railroadcar/test_1_artifice_pg_procyon vs queens/test_0_orig_no_procyon → NON-CLONE
[17965/50000] 2026-06-30 04:46:42 | R2 | railroadcar/test_1_artifice_pg_procyon vs queens/test_0_orig_pg_krakatau → NON-CLONE
[17966/50000] 2026-06-30 04:46:44 | R2 | railroadcar/test_1_artifice_pg_procyon vs queens/test_0_orig_pg_procyon → NON-CLONE
[17967/50000] 2026-06-30 04:46:46 | R2 | railroadcar/test_1_artifice_pg_procyon vs queens/test_1_artifice_no_krakatau → NON-CLONE
[17968/50000] 2026-06-30 04:46:48 | R2 | railroadcar/test_1_artifice_pg_procyon vs queens/test_1_artifice_no_procyon → NON-CLONE
[17969/50000] 2026-06-30 04:46:49 | R2 | railroadcar/test_1_artifice_pg_procyon vs queens/test_1_artifice_pg_krakatau → NON-CLONE
[17970/50000] 2026-06-30 04:46:51 | R2 | railroadcar/test_1_artifice_pg_procyon vs queens/test_1_artifice_pg_procyon → NON-CLONE
[17971/50000] 2026-06-30 04:46:53 | R2 | railroadcar/test_1_artifice_pg_procyon vs railroadcar/0_orig → CLONE
[17972/50000] 2026-06-30 04:46:55 | R2 | railroadcar/test_1_artifice_pg_procyon vs railroadcar/1_artifice → CLONE
[17973/50000] 2026-06-30 04:46:56 | R2 | railroadcar/test_1_artifice_pg_procyon vs railroadcar/test_0_orig_no_krakatau → CLONE
[17974/50000] 2026-06-30 04:46:58 | R2 | railroadcar/test_1_artifice_pg_procyon vs railroadcar/test_0_orig_no_procyon → CLONE
[17975/50000] 2026-06-30 04:46:59 | R2 | railroadcar/test_1_artifice_pg_procyon vs railroadcar/test_0_orig_pg_krakatau → CLONE
[17976/50000] 2026-06-30 04:47:01 | R2 | railroadcar/test_1_artifice_pg_procyon vs railroadcar/test_0_orig_pg_procyon → CLONE
[17977/50000] 2026-06-30 04:47:03 | R2 | railroadcar/test_1_artifice_pg_procyon vs railroadcar/test_1_artifice_no_krakatau → CLONE
[17978/50000] 2026-06-30 04:47:04 | R2 | railroadcar/test_1_artifice_pg_procyon vs railroadcar/test_1_artifice_no_procyon → CLONE
[17979/50000] 2026-06-30 04:47:06 | R2 | railroadcar/test_1_artifice_pg_procyon vs railroadcar/test_1_artifice_pg_krakatau → CLONE
[17980/50000] 2026-06-30 04:47:08 | R2 | railroadcar/test_1_artifice_pg_procyon vs railroadcar/test_1_artifice_pg_procyon → CLONE
[17981/50000] 2026-06-30 04:47:10 | R2 | railroadcar/test_1_artifice_pg_procyon vs slinkedlist/0_orig → NON-CLONE
[17982/50000] 2026-06-30 04:47:11 | R2 | railroadcar/test_1_artifice_pg_procyon vs slinkedlist/1_artifice → NON-CLONE
[17983/50000] 2026-06-30 04:47:13 | R2 | railroadcar/test_1_artifice_pg_procyon vs slinkedlist/test_0_orig_no_krakatau → NON-CLONE
[17984/50000] 2026-06-30 04:47:15 | R2 | railroadcar/test_1_artifice_pg_procyon vs slinkedlist/test_0_orig_no_procyon → NON-CLONE
[17985/50000] 2026-06-30 04:47:17 | R2 | railroadcar/test_1_artifice_pg_procyon vs slinkedlist/test_0_orig_pg_krakatau → NON-CLONE
[17986/50000] 2026-06-30 04:47:18 | R2 | railroadcar/test_1_artifice_pg_procyon vs slinkedlist/test_0_orig_pg_procyon → NON-CLONE
[17987/50000] 2026-06-30 04:47:21 | R2 | railroadcar/test_1_artifice_pg_procyon vs slinkedlist/test_1_artifice_no_krakatau → NON-CLONE
[17988/50000] 2026-06-30 04:47:23 | R2 | railroadcar/test_1_artifice_pg_procyon vs slinkedlist/test_1_artifice_no_procyon → NON-CLONE
[17989/50000] 2026-06-30 04:47:24 | R2 | railroadcar/test_1_artifice_pg_procyon vs slinkedlist/test_1_artifice_pg_krakatau → NON-CLONE
[17990/50000] 2026-06-30 04:47:26 | R2 | railroadcar/test_1_artifice_pg_procyon vs slinkedlist/test_1_artifice_pg_procyon → NON-CLONE
[17991/50000] 2026-06-30 04:47:28 | R2 | railroadcar/test_1_artifice_pg_procyon vs square/0_orig → NON-CLONE
[17992/50000] 2026-06-30 04:47:30 | R2 | railroadcar/test_1_artifice_pg_procyon vs square/1_artifice → NON-CLONE
[17993/50000] 2026-06-30 04:47:32 | R2 | railroadcar/test_1_artifice_pg_procyon vs square/test_0_orig_no_krakatau → NON-CLONE
[17994/50000] 2026-06-30 04:47:34 | R2 | railroadcar/test_1_artifice_pg_procyon vs square/test_0_orig_no_procyon → NON-CLONE
[17995/50000] 2026-06-30 04:47:37 | R2 | railroadcar/test_1_artifice_pg_procyon vs square/test_0_orig_pg_krakatau → NON-CLONE
[17996/50000] 2026-06-30 04:47:39 | R2 | railroadcar/test_1_artifice_pg_procyon vs square/test_0_orig_pg_procyon → NON-CLONE
[17997/50000] 2026-06-30 04:47:41 | R2 | railroadcar/test_1_artifice_pg_procyon vs square/test_1_artifice_no_krakatau → NON-CLONE
[17998/50000] 2026-06-30 04:47:42 | R2 | railroadcar/test_1_artifice_pg_procyon vs square/test_1_artifice_no_procyon → NON-CLONE
[17999/50000] 2026-06-30 04:47:44 | R2 | railroadcar/test_1_artifice_pg_procyon vs square/test_1_artifice_pg_krakatau → NON-CLONE
[18000/50000] 2026-06-30 04:47:46 | R2 | railroadcar/test_1_artifice_pg_procyon vs square/test_1_artifice_pg_procyon → NON-CLONE
[18001/50000] 2026-06-30 04:47:48 | R2 | slinkedlist/0_orig vs InfixConverter/0_orig → NON-CLONE
[18002/50000] 2026-06-30 04:47:49 | R2 | slinkedlist/0_orig vs InfixConverter/1_artifice → NON-CLONE
[18003/50000] 2026-06-30 04:47:50 | R2 | slinkedlist/0_orig vs InfixConverter/test_0_orig_no_krakatau → NON-CLONE
[18004/50000] 2026-06-30 04:47:51 | R2 | slinkedlist/0_orig vs InfixConverter/test_0_orig_no_procyon → NON-CLONE
[18005/50000] 2026-06-30 04:47:55 | R2 | slinkedlist/0_orig vs InfixConverter/test_0_orig_pg_krakatau → NON-CLONE
[18006/50000] 2026-06-30 04:47:56 | R2 | slinkedlist/0_orig vs InfixConverter/test_0_orig_pg_procyon → NON-CLONE
[18007/50000] 2026-06-30 04:47:58 | R2 | slinkedlist/0_orig vs InfixConverter/test_1_artifice_no_krakatau → NON-CLONE
[18008/50000] 2026-06-30 04:47:59 | R2 | slinkedlist/0_orig vs InfixConverter/test_1_artifice_no_procyon → NON-CLONE
[18009/50000] 2026-06-30 04:48:02 | R2 | slinkedlist/0_orig vs InfixConverter/test_1_artifice_pg_krakatau → NON-CLONE
[18010/50000] 2026-06-30 04:48:03 | R2 | slinkedlist/0_orig vs InfixConverter/test_1_artifice_pg_procyon → NON-CLONE
[18011/50000] 2026-06-30 04:48:04 | R2 | slinkedlist/0_orig vs SqrtAlgorithm/0_orig → NON-CLONE
[18012/50000] 2026-06-30 04:48:06 | R2 | slinkedlist/0_orig vs SqrtAlgorithm/1_artifice → NON-CLONE
[18013/50000] 2026-06-30 04:48:08 | R2 | slinkedlist/0_orig vs SqrtAlgorithm/test_0_orig_no_krakatau → NON-CLONE
[18014/50000] 2026-06-30 04:48:09 | R2 | slinkedlist/0_orig vs SqrtAlgorithm/test_0_orig_no_procyon → NON-CLONE
[18015/50000] 2026-06-30 04:48:10 | R2 | slinkedlist/0_orig vs SqrtAlgorithm/test_0_orig_pg_krakatau → NON-CLONE
[18016/50000] 2026-06-30 04:48:11 | R2 | slinkedlist/0_orig vs SqrtAlgorithm/test_0_orig_pg_procyon → NON-CLONE
[18017/50000] 2026-06-30 04:48:13 | R2 | slinkedlist/0_orig vs SqrtAlgorithm/test_1_artifice_no_krakatau → NON-CLONE
[18018/50000] 2026-06-30 04:48:14 | R2 | slinkedlist/0_orig vs SqrtAlgorithm/test_1_artifice_no_procyon → NON-CLONE
[18019/50000] 2026-06-30 04:48:16 | R2 | slinkedlist/0_orig vs SqrtAlgorithm/test_1_artifice_pg_krakatau → NON-CLONE
[18020/50000] 2026-06-30 04:48:17 | R2 | slinkedlist/0_orig vs SqrtAlgorithm/test_1_artifice_pg_procyon → NON-CLONE
[18021/50000] 2026-06-30 04:48:18 | R2 | slinkedlist/0_orig vs bubblesort/0_orig → NON-CLONE
[18022/50000] 2026-06-30 04:48:19 | R2 | slinkedlist/0_orig vs bubblesort/1_artifice → NON-CLONE
[18023/50000] 2026-06-30 04:48:20 | R2 | slinkedlist/0_orig vs bubblesort/test_0_orig_no_krakatau → NON-CLONE
[18024/50000] 2026-06-30 04:48:22 | R2 | slinkedlist/0_orig vs bubblesort/test_0_orig_no_procyon → NON-CLONE
[18025/50000] 2026-06-30 04:48:23 | R2 | slinkedlist/0_orig vs bubblesort/test_0_orig_pg_krakatau → NON-CLONE
[18026/50000] 2026-06-30 04:48:24 | R2 | slinkedlist/0_orig vs bubblesort/test_0_orig_pg_procyon → NON-CLONE
[18027/50000] 2026-06-30 04:48:25 | R2 | slinkedlist/0_orig vs bubblesort/test_1_artifice_no_krakatau → NON-CLONE
[18028/50000] 2026-06-30 04:48:27 | R2 | slinkedlist/0_orig vs bubblesort/test_1_artifice_no_procyon → NON-CLONE
[18029/50000] 2026-06-30 04:48:28 | R2 | slinkedlist/0_orig vs bubblesort/test_1_artifice_pg_krakatau → NON-CLONE
[18030/50000] 2026-06-30 04:48:29 | R2 | slinkedlist/0_orig vs bubblesort/test_1_artifice_pg_procyon → NON-CLONE
[18031/50000] 2026-06-30 04:48:31 | R2 | slinkedlist/0_orig vs guessword/0_orig → NON-CLONE
[18032/50000] 2026-06-30 04:48:33 | R2 | slinkedlist/0_orig vs guessword/1_artifice → NON-CLONE
[18033/50000] 2026-06-30 04:48:35 | R2 | slinkedlist/0_orig vs guessword/test_0_orig_no_krakatau → NON-CLONE
[18034/50000] 2026-06-30 04:48:36 | R2 | slinkedlist/0_orig vs guessword/test_0_orig_no_procyon → NON-CLONE
[18035/50000] 2026-06-30 04:48:39 | R2 | slinkedlist/0_orig vs guessword/test_0_orig_pg_krakatau → NON-CLONE
[18036/50000] 2026-06-30 04:48:41 | R2 | slinkedlist/0_orig vs guessword/test_0_orig_pg_procyon → NON-CLONE
[18037/50000] 2026-06-30 04:48:43 | R2 | slinkedlist/0_orig vs guessword/test_1_artifice_no_krakatau → NON-CLONE
[18038/50000] 2026-06-30 04:48:44 | R2 | slinkedlist/0_orig vs guessword/test_1_artifice_no_procyon → NON-CLONE
[18039/50000] 2026-06-30 04:48:45 | R2 | slinkedlist/0_orig vs guessword/test_1_artifice_pg_krakatau → NON-CLONE
[18040/50000] 2026-06-30 04:48:47 | R2 | slinkedlist/0_orig vs guessword/test_1_artifice_pg_procyon → NON-CLONE
[18041/50000] 2026-06-30 04:48:49 | R2 | slinkedlist/0_orig vs hanoi/0_orig → NON-CLONE
[18042/50000] 2026-06-30 04:48:51 | R2 | slinkedlist/0_orig vs hanoi/1_artifice → NON-CLONE
[18043/50000] 2026-06-30 04:48:52 | R2 | slinkedlist/0_orig vs hanoi/test_0_orig_no_krakatau → NON-CLONE
[18044/50000] 2026-06-30 04:48:53 | R2 | slinkedlist/0_orig vs hanoi/test_0_orig_no_procyon → NON-CLONE
[18045/50000] 2026-06-30 04:48:55 | R2 | slinkedlist/0_orig vs hanoi/test_0_orig_pg_krakatau → NON-CLONE
[18046/50000] 2026-06-30 04:48:57 | R2 | slinkedlist/0_orig vs hanoi/test_0_orig_pg_procyon → NON-CLONE
[18047/50000] 2026-06-30 04:48:58 | R2 | slinkedlist/0_orig vs hanoi/test_1_artifice_no_krakatau → NON-CLONE
[18048/50000] 2026-06-30 04:49:01 | R2 | slinkedlist/0_orig vs hanoi/test_1_artifice_no_procyon → NON-CLONE
[18049/50000] 2026-06-30 04:49:02 | R2 | slinkedlist/0_orig vs hanoi/test_1_artifice_pg_krakatau → NON-CLONE
[18050/50000] 2026-06-30 04:49:04 | R2 | slinkedlist/0_orig vs hanoi/test_1_artifice_pg_procyon → NON-CLONE
[18051/50000] 2026-06-30 04:49:06 | R2 | slinkedlist/0_orig vs kaprekar/0_orig → NON-CLONE
[18052/50000] 2026-06-30 04:49:08 | R2 | slinkedlist/0_orig vs kaprekar/1_artifice → NON-CLONE
[18053/50000] 2026-06-30 04:49:10 | R2 | slinkedlist/0_orig vs kaprekar/test_0_orig_no_krakatau → NON-CLONE
[18054/50000] 2026-06-30 04:49:11 | R2 | slinkedlist/0_orig vs kaprekar/test_0_orig_no_procyon → NON-CLONE
[18055/50000] 2026-06-30 04:49:12 | R2 | slinkedlist/0_orig vs kaprekar/test_0_orig_pg_krakatau → NON-CLONE
[18056/50000] 2026-06-30 04:49:14 | R2 | slinkedlist/0_orig vs kaprekar/test_0_orig_pg_procyon → NON-CLONE
[18057/50000] 2026-06-30 04:49:15 | R2 | slinkedlist/0_orig vs kaprekar/test_1_artifice_no_krakatau → NON-CLONE
[18058/50000] 2026-06-30 04:49:16 | R2 | slinkedlist/0_orig vs kaprekar/test_1_artifice_no_procyon → NON-CLONE
[18059/50000] 2026-06-30 04:49:18 | R2 | slinkedlist/0_orig vs kaprekar/test_1_artifice_pg_krakatau → NON-CLONE
[18060/50000] 2026-06-30 04:49:19 | R2 | slinkedlist/0_orig vs kaprekar/test_1_artifice_pg_procyon → NON-CLONE
[18061/50000] 2026-06-30 04:49:20 | R2 | slinkedlist/0_orig vs queens/0_orig → NON-CLONE
[18062/50000] 2026-06-30 04:49:22 | R2 | slinkedlist/0_orig vs queens/1_artifice → NON-CLONE
[18063/50000] 2026-06-30 04:49:23 | R2 | slinkedlist/0_orig vs queens/test_0_orig_no_krakatau → NON-CLONE
[18064/50000] 2026-06-30 04:49:24 | R2 | slinkedlist/0_orig vs queens/test_0_orig_no_procyon → NON-CLONE
[18065/50000] 2026-06-30 04:49:25 | R2 | slinkedlist/0_orig vs queens/test_0_orig_pg_krakatau → NON-CLONE
[18066/50000] 2026-06-30 04:49:27 | R2 | slinkedlist/0_orig vs queens/test_0_orig_pg_procyon → NON-CLONE
[18067/50000] 2026-06-30 04:49:28 | R2 | slinkedlist/0_orig vs queens/test_1_artifice_no_krakatau → NON-CLONE
[18068/50000] 2026-06-30 04:49:30 | R2 | slinkedlist/0_orig vs queens/test_1_artifice_no_procyon → NON-CLONE
[18069/50000] 2026-06-30 04:49:32 | R2 | slinkedlist/0_orig vs queens/test_1_artifice_pg_krakatau → NON-CLONE
[18070/50000] 2026-06-30 04:49:33 | R2 | slinkedlist/0_orig vs queens/test_1_artifice_pg_procyon → NON-CLONE
[18071/50000] 2026-06-30 04:49:35 | R2 | slinkedlist/0_orig vs railroadcar/0_orig → NON-CLONE
[18072/50000] 2026-06-30 04:49:38 | R2 | slinkedlist/0_orig vs railroadcar/1_artifice → NON-CLONE
[18073/50000] 2026-06-30 04:49:40 | R2 | slinkedlist/0_orig vs railroadcar/test_0_orig_no_krakatau → NON-CLONE
[18074/50000] 2026-06-30 04:49:41 | R2 | slinkedlist/0_orig vs railroadcar/test_0_orig_no_procyon → NON-CLONE
[18075/50000] 2026-06-30 04:49:43 | R2 | slinkedlist/0_orig vs railroadcar/test_0_orig_pg_krakatau → NON-CLONE
[18076/50000] 2026-06-30 04:49:44 | R2 | slinkedlist/0_orig vs railroadcar/test_0_orig_pg_procyon → NON-CLONE
[18077/50000] 2026-06-30 04:49:46 | R2 | slinkedlist/0_orig vs railroadcar/test_1_artifice_no_krakatau → NON-CLONE
[18078/50000] 2026-06-30 04:49:47 | R2 | slinkedlist/0_orig vs railroadcar/test_1_artifice_no_procyon → NON-CLONE
[18079/50000] 2026-06-30 04:49:49 | R2 | slinkedlist/0_orig vs railroadcar/test_1_artifice_pg_krakatau → NON-CLONE
[18080/50000] 2026-06-30 04:49:50 | R2 | slinkedlist/0_orig vs railroadcar/test_1_artifice_pg_procyon → NON-CLONE
[18081/50000] 2026-06-30 04:49:52 | R2 | slinkedlist/0_orig vs slinkedlist/0_orig → CLONE
[18082/50000] 2026-06-30 04:49:54 | R2 | slinkedlist/0_orig vs slinkedlist/1_artifice → CLONE
[18083/50000] 2026-06-30 04:49:55 | R2 | slinkedlist/0_orig vs slinkedlist/test_0_orig_no_krakatau → CLONE
[18084/50000] 2026-06-30 04:49:57 | R2 | slinkedlist/0_orig vs slinkedlist/test_0_orig_no_procyon → CLONE
[18085/50000] 2026-06-30 04:50:01 | R2 | slinkedlist/0_orig vs slinkedlist/test_0_orig_pg_krakatau → CLONE
[18086/50000] 2026-06-30 04:50:03 | R2 | slinkedlist/0_orig vs slinkedlist/test_0_orig_pg_procyon → CLONE
[18087/50000] 2026-06-30 04:50:04 | R2 | slinkedlist/0_orig vs slinkedlist/test_1_artifice_no_krakatau → CLONE
[18088/50000] 2026-06-30 04:50:06 | R2 | slinkedlist/0_orig vs slinkedlist/test_1_artifice_no_procyon → CLONE
[18089/50000] 2026-06-30 04:50:09 | R2 | slinkedlist/0_orig vs slinkedlist/test_1_artifice_pg_krakatau → CLONE
[18090/50000] 2026-06-30 04:50:11 | R2 | slinkedlist/0_orig vs slinkedlist/test_1_artifice_pg_procyon → CLONE
[18091/50000] 2026-06-30 04:50:12 | R2 | slinkedlist/0_orig vs square/0_orig → NON-CLONE
[18092/50000] 2026-06-30 04:50:13 | R2 | slinkedlist/0_orig vs square/1_artifice → NON-CLONE
[18093/50000] 2026-06-30 04:50:14 | R2 | slinkedlist/0_orig vs square/test_0_orig_no_krakatau → NON-CLONE
[18094/50000] 2026-06-30 04:50:16 | R2 | slinkedlist/0_orig vs square/test_0_orig_no_procyon → NON-CLONE
[18095/50000] 2026-06-30 04:50:17 | R2 | slinkedlist/0_orig vs square/test_0_orig_pg_krakatau → NON-CLONE
[18096/50000] 2026-06-30 04:50:18 | R2 | slinkedlist/0_orig vs square/test_0_orig_pg_procyon → NON-CLONE
[18097/50000] 2026-06-30 04:50:20 | R2 | slinkedlist/0_orig vs square/test_1_artifice_no_krakatau → NON-CLONE
[18098/50000] 2026-06-30 04:50:21 | R2 | slinkedlist/0_orig vs square/test_1_artifice_no_procyon → NON-CLONE
[18099/50000] 2026-06-30 04:50:22 | R2 | slinkedlist/0_orig vs square/test_1_artifice_pg_krakatau → NON-CLONE
[18100/50000] 2026-06-30 04:50:23 | R2 | slinkedlist/0_orig vs square/test_1_artifice_pg_procyon → NON-CLONE
[18101/50000] 2026-06-30 04:50:24 | R2 | slinkedlist/1_artifice vs InfixConverter/0_orig → NON-CLONE
[18102/50000] 2026-06-30 04:50:26 | R2 | slinkedlist/1_artifice vs InfixConverter/1_artifice → NON-CLONE
[18103/50000] 2026-06-30 04:50:27 | R2 | slinkedlist/1_artifice vs InfixConverter/test_0_orig_no_krakatau → NON-CLONE
[18104/50000] 2026-06-30 04:50:29 | R2 | slinkedlist/1_artifice vs InfixConverter/test_0_orig_no_procyon → NON-CLONE
[18105/50000] 2026-06-30 04:50:31 | R2 | slinkedlist/1_artifice vs InfixConverter/test_0_orig_pg_krakatau → NON-CLONE
[18106/50000] 2026-06-30 04:50:32 | R2 | slinkedlist/1_artifice vs InfixConverter/test_0_orig_pg_procyon → NON-CLONE
[18107/50000] 2026-06-30 04:50:34 | R2 | slinkedlist/1_artifice vs InfixConverter/test_1_artifice_no_krakatau → NON-CLONE
[18108/50000] 2026-06-30 04:50:36 | R2 | slinkedlist/1_artifice vs InfixConverter/test_1_artifice_no_procyon → NON-CLONE
[18109/50000] 2026-06-30 04:50:38 | R2 | slinkedlist/1_artifice vs InfixConverter/test_1_artifice_pg_krakatau → NON-CLONE
[18110/50000] 2026-06-30 04:50:40 | R2 | slinkedlist/1_artifice vs InfixConverter/test_1_artifice_pg_procyon → NON-CLONE
[18111/50000] 2026-06-30 04:50:42 | R2 | slinkedlist/1_artifice vs SqrtAlgorithm/0_orig → NON-CLONE
[18112/50000] 2026-06-30 04:50:44 | R2 | slinkedlist/1_artifice vs SqrtAlgorithm/1_artifice → NON-CLONE
[18113/50000] 2026-06-30 04:50:46 | R2 | slinkedlist/1_artifice vs SqrtAlgorithm/test_0_orig_no_krakatau → NON-CLONE
[18114/50000] 2026-06-30 04:50:48 | R2 | slinkedlist/1_artifice vs SqrtAlgorithm/test_0_orig_no_procyon → NON-CLONE
[18115/50000] 2026-06-30 04:50:50 | R2 | slinkedlist/1_artifice vs SqrtAlgorithm/test_0_orig_pg_krakatau → NON-CLONE
[18116/50000] 2026-06-30 04:50:52 | R2 | slinkedlist/1_artifice vs SqrtAlgorithm/test_0_orig_pg_procyon → NON-CLONE
[18117/50000] 2026-06-30 04:50:54 | R2 | slinkedlist/1_artifice vs SqrtAlgorithm/test_1_artifice_no_krakatau → NON-CLONE
[18118/50000] 2026-06-30 04:50:56 | R2 | slinkedlist/1_artifice vs SqrtAlgorithm/test_1_artifice_no_procyon → NON-CLONE
[18119/50000] 2026-06-30 04:50:58 | R2 | slinkedlist/1_artifice vs SqrtAlgorithm/test_1_artifice_pg_krakatau → NON-CLONE
[18120/50000] 2026-06-30 04:51:00 | R2 | slinkedlist/1_artifice vs SqrtAlgorithm/test_1_artifice_pg_procyon → NON-CLONE
[18121/50000] 2026-06-30 04:51:01 | R2 | slinkedlist/1_artifice vs bubblesort/0_orig → NON-CLONE
[18122/50000] 2026-06-30 04:51:02 | R2 | slinkedlist/1_artifice vs bubblesort/1_artifice → NON-CLONE
[18123/50000] 2026-06-30 04:51:03 | R2 | slinkedlist/1_artifice vs bubblesort/test_0_orig_no_krakatau → NON-CLONE
[18124/50000] 2026-06-30 04:51:04 | R2 | slinkedlist/1_artifice vs bubblesort/test_0_orig_no_procyon → NON-CLONE
[18125/50000] 2026-06-30 04:51:05 | R2 | slinkedlist/1_artifice vs bubblesort/test_0_orig_pg_krakatau → NON-CLONE
[18126/50000] 2026-06-30 04:51:07 | R2 | slinkedlist/1_artifice vs bubblesort/test_0_orig_pg_procyon → NON-CLONE
[18127/50000] 2026-06-30 04:51:08 | R2 | slinkedlist/1_artifice vs bubblesort/test_1_artifice_no_krakatau → NON-CLONE
[18128/50000] 2026-06-30 04:51:09 | R2 | slinkedlist/1_artifice vs bubblesort/test_1_artifice_no_procyon → NON-CLONE
[18129/50000] 2026-06-30 04:51:10 | R2 | slinkedlist/1_artifice vs bubblesort/test_1_artifice_pg_krakatau → NON-CLONE
[18130/50000] 2026-06-30 04:51:12 | R2 | slinkedlist/1_artifice vs bubblesort/test_1_artifice_pg_procyon → NON-CLONE
[18131/50000] 2026-06-30 04:51:14 | R2 | slinkedlist/1_artifice vs guessword/0_orig → NON-CLONE
[18132/50000] 2026-06-30 04:51:16 | R2 | slinkedlist/1_artifice vs guessword/1_artifice → NON-CLONE
[18133/50000] 2026-06-30 04:51:17 | R2 | slinkedlist/1_artifice vs guessword/test_0_orig_no_krakatau → NON-CLONE
[18134/50000] 2026-06-30 04:51:19 | R2 | slinkedlist/1_artifice vs guessword/test_0_orig_no_procyon → NON-CLONE
[18135/50000] 2026-06-30 04:51:22 | R2 | slinkedlist/1_artifice vs guessword/test_0_orig_pg_krakatau → NON-CLONE
[18136/50000] 2026-06-30 04:51:24 | R2 | slinkedlist/1_artifice vs guessword/test_0_orig_pg_procyon → NON-CLONE
[18137/50000] 2026-06-30 04:51:26 | R2 | slinkedlist/1_artifice vs guessword/test_1_artifice_no_krakatau → NON-CLONE
[18138/50000] 2026-06-30 04:51:28 | R2 | slinkedlist/1_artifice vs guessword/test_1_artifice_no_procyon → NON-CLONE
[18139/50000] 2026-06-30 04:51:30 | R2 | slinkedlist/1_artifice vs guessword/test_1_artifice_pg_krakatau → NON-CLONE
[18140/50000] 2026-06-30 04:51:32 | R2 | slinkedlist/1_artifice vs guessword/test_1_artifice_pg_procyon → NON-CLONE
[18141/50000] 2026-06-30 04:51:34 | R2 | slinkedlist/1_artifice vs hanoi/0_orig → NON-CLONE
[18142/50000] 2026-06-30 04:51:36 | R2 | slinkedlist/1_artifice vs hanoi/1_artifice → NON-CLONE
[18143/50000] 2026-06-30 04:51:37 | R2 | slinkedlist/1_artifice vs hanoi/test_0_orig_no_krakatau → NON-CLONE
[18144/50000] 2026-06-30 04:51:38 | R2 | slinkedlist/1_artifice vs hanoi/test_0_orig_no_procyon → NON-CLONE
[18145/50000] 2026-06-30 04:51:40 | R2 | slinkedlist/1_artifice vs hanoi/test_0_orig_pg_krakatau → NON-CLONE
[18146/50000] 2026-06-30 04:51:43 | R2 | slinkedlist/1_artifice vs hanoi/test_0_orig_pg_procyon → NON-CLONE
[18147/50000] 2026-06-30 04:51:44 | R2 | slinkedlist/1_artifice vs hanoi/test_1_artifice_no_krakatau → NON-CLONE
[18148/50000] 2026-06-30 04:51:46 | R2 | slinkedlist/1_artifice vs hanoi/test_1_artifice_no_procyon → NON-CLONE
[18149/50000] 2026-06-30 04:51:48 | R2 | slinkedlist/1_artifice vs hanoi/test_1_artifice_pg_krakatau → NON-CLONE
[18150/50000] 2026-06-30 04:51:50 | R2 | slinkedlist/1_artifice vs hanoi/test_1_artifice_pg_procyon → NON-CLONE
[18151/50000] 2026-06-30 04:51:53 | R2 | slinkedlist/1_artifice vs kaprekar/0_orig → NON-CLONE
[18152/50000] 2026-06-30 04:51:54 | R2 | slinkedlist/1_artifice vs kaprekar/1_artifice → NON-CLONE
[18153/50000] 2026-06-30 04:51:57 | R2 | slinkedlist/1_artifice vs kaprekar/test_0_orig_no_krakatau → NON-CLONE
[18154/50000] 2026-06-30 04:52:00 | R2 | slinkedlist/1_artifice vs kaprekar/test_0_orig_no_procyon → NON-CLONE
[18155/50000] 2026-06-30 04:52:04 | R2 | slinkedlist/1_artifice vs kaprekar/test_0_orig_pg_krakatau → NON-CLONE
[18156/50000] 2026-06-30 04:52:06 | R2 | slinkedlist/1_artifice vs kaprekar/test_0_orig_pg_procyon → NON-CLONE
[18157/50000] 2026-06-30 04:52:07 | R2 | slinkedlist/1_artifice vs kaprekar/test_1_artifice_no_krakatau → NON-CLONE
[18158/50000] 2026-06-30 04:52:09 | R2 | slinkedlist/1_artifice vs kaprekar/test_1_artifice_no_procyon → NON-CLONE
[18159/50000] 2026-06-30 04:52:12 | R2 | slinkedlist/1_artifice vs kaprekar/test_1_artifice_pg_krakatau → NON-CLONE
[18160/50000] 2026-06-30 04:52:14 | R2 | slinkedlist/1_artifice vs kaprekar/test_1_artifice_pg_procyon → NON-CLONE
[18161/50000] 2026-06-30 04:52:16 | R2 | slinkedlist/1_artifice vs queens/0_orig → NON-CLONE
[18162/50000] 2026-06-30 04:52:17 | R2 | slinkedlist/1_artifice vs queens/1_artifice → NON-CLONE
[18163/50000] 2026-06-30 04:52:20 | R2 | slinkedlist/1_artifice vs queens/test_0_orig_no_krakatau → NON-CLONE
[18164/50000] 2026-06-30 04:52:21 | R2 | slinkedlist/1_artifice vs queens/test_0_orig_no_procyon → NON-CLONE
[18165/50000] 2026-06-30 04:52:23 | R2 | slinkedlist/1_artifice vs queens/test_0_orig_pg_krakatau → NON-CLONE
[18166/50000] 2026-06-30 04:52:24 | R2 | slinkedlist/1_artifice vs queens/test_0_orig_pg_procyon → NON-CLONE
[18167/50000] 2026-06-30 04:52:26 | R2 | slinkedlist/1_artifice vs queens/test_1_artifice_no_krakatau → NON-CLONE
[18168/50000] 2026-06-30 04:52:28 | R2 | slinkedlist/1_artifice vs queens/test_1_artifice_no_procyon → NON-CLONE
[18169/50000] 2026-06-30 04:52:30 | R2 | slinkedlist/1_artifice vs queens/test_1_artifice_pg_krakatau → NON-CLONE
[18170/50000] 2026-06-30 04:52:32 | R2 | slinkedlist/1_artifice vs queens/test_1_artifice_pg_procyon → NON-CLONE
[18171/50000] 2026-06-30 04:52:34 | R2 | slinkedlist/1_artifice vs railroadcar/0_orig → NON-CLONE
[18172/50000] 2026-06-30 04:52:36 | R2 | slinkedlist/1_artifice vs railroadcar/1_artifice → NON-CLONE
[18173/50000] 2026-06-30 04:52:37 | R2 | slinkedlist/1_artifice vs railroadcar/test_0_orig_no_krakatau → NON-CLONE
[18174/50000] 2026-06-30 04:52:39 | R2 | slinkedlist/1_artifice vs railroadcar/test_0_orig_no_procyon → NON-CLONE
[18175/50000] 2026-06-30 04:52:41 | R2 | slinkedlist/1_artifice vs railroadcar/test_0_orig_pg_krakatau → NON-CLONE
[18176/50000] 2026-06-30 04:52:44 | R2 | slinkedlist/1_artifice vs railroadcar/test_0_orig_pg_procyon → NON-CLONE
[18177/50000] 2026-06-30 04:52:47 | R2 | slinkedlist/1_artifice vs railroadcar/test_1_artifice_no_krakatau → NON-CLONE
[18178/50000] 2026-06-30 04:52:49 | R2 | slinkedlist/1_artifice vs railroadcar/test_1_artifice_no_procyon → NON-CLONE
[18179/50000] 2026-06-30 04:52:52 | R2 | slinkedlist/1_artifice vs railroadcar/test_1_artifice_pg_krakatau → NON-CLONE
[18180/50000] 2026-06-30 04:52:54 | R2 | slinkedlist/1_artifice vs railroadcar/test_1_artifice_pg_procyon → NON-CLONE
[18181/50000] 2026-06-30 04:52:57 | R2 | slinkedlist/1_artifice vs slinkedlist/0_orig → CLONE
[18182/50000] 2026-06-30 04:53:00 | R2 | slinkedlist/1_artifice vs slinkedlist/1_artifice → CLONE
[18183/50000] 2026-06-30 04:53:02 | R2 | slinkedlist/1_artifice vs slinkedlist/test_0_orig_no_krakatau → CLONE
[18184/50000] 2026-06-30 04:53:04 | R2 | slinkedlist/1_artifice vs slinkedlist/test_0_orig_no_procyon → CLONE
[18185/50000] 2026-06-30 04:53:06 | R2 | slinkedlist/1_artifice vs slinkedlist/test_0_orig_pg_krakatau → CLONE
[18186/50000] 2026-06-30 04:53:08 | R2 | slinkedlist/1_artifice vs slinkedlist/test_0_orig_pg_procyon → CLONE
[18187/50000] 2026-06-30 04:53:10 | R2 | slinkedlist/1_artifice vs slinkedlist/test_1_artifice_no_krakatau → CLONE
[18188/50000] 2026-06-30 04:53:11 | R2 | slinkedlist/1_artifice vs slinkedlist/test_1_artifice_no_procyon → CLONE
[18189/50000] 2026-06-30 04:53:13 | R2 | slinkedlist/1_artifice vs slinkedlist/test_1_artifice_pg_krakatau → CLONE
[18190/50000] 2026-06-30 04:53:15 | R2 | slinkedlist/1_artifice vs slinkedlist/test_1_artifice_pg_procyon → CLONE
[18191/50000] 2026-06-30 04:53:16 | R2 | slinkedlist/1_artifice vs square/0_orig → NON-CLONE
[18192/50000] 2026-06-30 04:53:17 | R2 | slinkedlist/1_artifice vs square/1_artifice → NON-CLONE
[18193/50000] 2026-06-30 04:53:18 | R2 | slinkedlist/1_artifice vs square/test_0_orig_no_krakatau → NON-CLONE
[18194/50000] 2026-06-30 04:53:21 | R2 | slinkedlist/1_artifice vs square/test_0_orig_no_procyon → NON-CLONE
[18195/50000] 2026-06-30 04:53:22 | R2 | slinkedlist/1_artifice vs square/test_0_orig_pg_krakatau → NON-CLONE
[18196/50000] 2026-06-30 04:53:25 | R2 | slinkedlist/1_artifice vs square/test_0_orig_pg_procyon → NON-CLONE
[18197/50000] 2026-06-30 04:53:27 | R2 | slinkedlist/1_artifice vs square/test_1_artifice_no_krakatau → NON-CLONE
[18198/50000] 2026-06-30 04:53:30 | R2 | slinkedlist/1_artifice vs square/test_1_artifice_no_procyon → NON-CLONE
[18199/50000] 2026-06-30 04:53:31 | R2 | slinkedlist/1_artifice vs square/test_1_artifice_pg_krakatau → NON-CLONE
[18200/50000] 2026-06-30 04:53:33 | R2 | slinkedlist/1_artifice vs square/test_1_artifice_pg_procyon → NON-CLONE
[18201/50000] 2026-06-30 04:53:34 | R2 | slinkedlist/test_0_orig_no_krakatau vs InfixConverter/0_orig → NON-CLONE
[18202/50000] 2026-06-30 04:53:35 | R2 | slinkedlist/test_0_orig_no_krakatau vs InfixConverter/1_artifice → NON-CLONE
[18203/50000] 2026-06-30 04:53:37 | R2 | slinkedlist/test_0_orig_no_krakatau vs InfixConverter/test_0_orig_no_krakatau → NON-CLONE
[18204/50000] 2026-06-30 04:53:38 | R2 | slinkedlist/test_0_orig_no_krakatau vs InfixConverter/test_0_orig_no_procyon → NON-CLONE
[18205/50000] 2026-06-30 04:53:39 | R2 | slinkedlist/test_0_orig_no_krakatau vs InfixConverter/test_0_orig_pg_krakatau → NON-CLONE
[18206/50000] 2026-06-30 04:53:40 | R2 | slinkedlist/test_0_orig_no_krakatau vs InfixConverter/test_0_orig_pg_procyon → NON-CLONE
[18207/50000] 2026-06-30 04:53:41 | R2 | slinkedlist/test_0_orig_no_krakatau vs InfixConverter/test_1_artifice_no_krakatau → NON-CLONE
[18208/50000] 2026-06-30 04:53:42 | R2 | slinkedlist/test_0_orig_no_krakatau vs InfixConverter/test_1_artifice_no_procyon → NON-CLONE
[18209/50000] 2026-06-30 04:53:44 | R2 | slinkedlist/test_0_orig_no_krakatau vs InfixConverter/test_1_artifice_pg_krakatau → NON-CLONE
[18210/50000] 2026-06-30 04:53:45 | R2 | slinkedlist/test_0_orig_no_krakatau vs InfixConverter/test_1_artifice_pg_procyon → NON-CLONE
[18211/50000] 2026-06-30 04:53:46 | R2 | slinkedlist/test_0_orig_no_krakatau vs SqrtAlgorithm/0_orig → NON-CLONE
[18212/50000] 2026-06-30 04:53:47 | R2 | slinkedlist/test_0_orig_no_krakatau vs SqrtAlgorithm/1_artifice → NON-CLONE
[18213/50000] 2026-06-30 04:53:48 | R2 | slinkedlist/test_0_orig_no_krakatau vs SqrtAlgorithm/test_0_orig_no_krakatau → NON-CLONE
[18214/50000] 2026-06-30 04:53:49 | R2 | slinkedlist/test_0_orig_no_krakatau vs SqrtAlgorithm/test_0_orig_no_procyon → NON-CLONE
[18215/50000] 2026-06-30 04:53:51 | R2 | slinkedlist/test_0_orig_no_krakatau vs SqrtAlgorithm/test_0_orig_pg_krakatau → NON-CLONE
[18216/50000] 2026-06-30 04:53:52 | R2 | slinkedlist/test_0_orig_no_krakatau vs SqrtAlgorithm/test_0_orig_pg_procyon → NON-CLONE
[18217/50000] 2026-06-30 04:53:53 | R2 | slinkedlist/test_0_orig_no_krakatau vs SqrtAlgorithm/test_1_artifice_no_krakatau → NON-CLONE
[18218/50000] 2026-06-30 04:53:54 | R2 | slinkedlist/test_0_orig_no_krakatau vs SqrtAlgorithm/test_1_artifice_no_procyon → NON-CLONE
[18219/50000] 2026-06-30 04:53:56 | R2 | slinkedlist/test_0_orig_no_krakatau vs SqrtAlgorithm/test_1_artifice_pg_krakatau → NON-CLONE
[18220/50000] 2026-06-30 04:53:57 | R2 | slinkedlist/test_0_orig_no_krakatau vs SqrtAlgorithm/test_1_artifice_pg_procyon → NON-CLONE
[18221/50000] 2026-06-30 04:53:58 | R2 | slinkedlist/test_0_orig_no_krakatau vs bubblesort/0_orig → NON-CLONE
[18222/50000] 2026-06-30 04:54:00 | R2 | slinkedlist/test_0_orig_no_krakatau vs bubblesort/1_artifice → NON-CLONE
[18223/50000] 2026-06-30 04:54:02 | R2 | slinkedlist/test_0_orig_no_krakatau vs bubblesort/test_0_orig_no_krakatau → NON-CLONE
[18224/50000] 2026-06-30 04:54:03 | R2 | slinkedlist/test_0_orig_no_krakatau vs bubblesort/test_0_orig_no_procyon → NON-CLONE
[18225/50000] 2026-06-30 04:54:05 | R2 | slinkedlist/test_0_orig_no_krakatau vs bubblesort/test_0_orig_pg_krakatau → NON-CLONE
[18226/50000] 2026-06-30 04:54:06 | R2 | slinkedlist/test_0_orig_no_krakatau vs bubblesort/test_0_orig_pg_procyon → NON-CLONE
[18227/50000] 2026-06-30 04:54:07 | R2 | slinkedlist/test_0_orig_no_krakatau vs bubblesort/test_1_artifice_no_krakatau → NON-CLONE
[18228/50000] 2026-06-30 04:54:09 | R2 | slinkedlist/test_0_orig_no_krakatau vs bubblesort/test_1_artifice_no_procyon → NON-CLONE
[18229/50000] 2026-06-30 04:54:10 | R2 | slinkedlist/test_0_orig_no_krakatau vs bubblesort/test_1_artifice_pg_krakatau → NON-CLONE
[18230/50000] 2026-06-30 04:54:12 | R2 | slinkedlist/test_0_orig_no_krakatau vs bubblesort/test_1_artifice_pg_procyon → NON-CLONE
[18231/50000] 2026-06-30 04:54:13 | R2 | slinkedlist/test_0_orig_no_krakatau vs guessword/0_orig → NON-CLONE
[18232/50000] 2026-06-30 04:54:14 | R2 | slinkedlist/test_0_orig_no_krakatau vs guessword/1_artifice → NON-CLONE
[18233/50000] 2026-06-30 04:54:15 | R2 | slinkedlist/test_0_orig_no_krakatau vs guessword/test_0_orig_no_krakatau → NON-CLONE
[18234/50000] 2026-06-30 04:54:16 | R2 | slinkedlist/test_0_orig_no_krakatau vs guessword/test_0_orig_no_procyon → NON-CLONE
[18235/50000] 2026-06-30 04:54:18 | R2 | slinkedlist/test_0_orig_no_krakatau vs guessword/test_0_orig_pg_krakatau → NON-CLONE
[18236/50000] 2026-06-30 04:54:20 | R2 | slinkedlist/test_0_orig_no_krakatau vs guessword/test_0_orig_pg_procyon → NON-CLONE
[18237/50000] 2026-06-30 04:54:21 | R2 | slinkedlist/test_0_orig_no_krakatau vs guessword/test_1_artifice_no_krakatau → NON-CLONE
[18238/50000] 2026-06-30 04:54:22 | R2 | slinkedlist/test_0_orig_no_krakatau vs guessword/test_1_artifice_no_procyon → NON-CLONE
[18239/50000] 2026-06-30 04:54:24 | R2 | slinkedlist/test_0_orig_no_krakatau vs guessword/test_1_artifice_pg_krakatau → NON-CLONE
[18240/50000] 2026-06-30 04:54:26 | R2 | slinkedlist/test_0_orig_no_krakatau vs guessword/test_1_artifice_pg_procyon → NON-CLONE
[18241/50000] 2026-06-30 04:54:28 | R2 | slinkedlist/test_0_orig_no_krakatau vs hanoi/0_orig → NON-CLONE
[18242/50000] 2026-06-30 04:54:29 | R2 | slinkedlist/test_0_orig_no_krakatau vs hanoi/1_artifice → NON-CLONE
[18243/50000] 2026-06-30 04:54:30 | R2 | slinkedlist/test_0_orig_no_krakatau vs hanoi/test_0_orig_no_krakatau → NON-CLONE
[18244/50000] 2026-06-30 04:54:32 | R2 | slinkedlist/test_0_orig_no_krakatau vs hanoi/test_0_orig_no_procyon → NON-CLONE
[18245/50000] 2026-06-30 04:54:33 | R2 | slinkedlist/test_0_orig_no_krakatau vs hanoi/test_0_orig_pg_krakatau → NON-CLONE
[18246/50000] 2026-06-30 04:54:34 | R2 | slinkedlist/test_0_orig_no_krakatau vs hanoi/test_0_orig_pg_procyon → NON-CLONE
[18247/50000] 2026-06-30 04:54:35 | R2 | slinkedlist/test_0_orig_no_krakatau vs hanoi/test_1_artifice_no_krakatau → NON-CLONE
[18248/50000] 2026-06-30 04:54:37 | R2 | slinkedlist/test_0_orig_no_krakatau vs hanoi/test_1_artifice_no_procyon → NON-CLONE
[18249/50000] 2026-06-30 04:54:38 | R2 | slinkedlist/test_0_orig_no_krakatau vs hanoi/test_1_artifice_pg_krakatau → NON-CLONE
[18250/50000] 2026-06-30 04:54:39 | R2 | slinkedlist/test_0_orig_no_krakatau vs hanoi/test_1_artifice_pg_procyon → NON-CLONE
[18251/50000] 2026-06-30 04:54:41 | R2 | slinkedlist/test_0_orig_no_krakatau vs kaprekar/0_orig → NON-CLONE
[18252/50000] 2026-06-30 04:54:42 | R2 | slinkedlist/test_0_orig_no_krakatau vs kaprekar/1_artifice → NON-CLONE
[18253/50000] 2026-06-30 04:54:43 | R2 | slinkedlist/test_0_orig_no_krakatau vs kaprekar/test_0_orig_no_krakatau → NON-CLONE
[18254/50000] 2026-06-30 04:54:44 | R2 | slinkedlist/test_0_orig_no_krakatau vs kaprekar/test_0_orig_no_procyon → NON-CLONE
[18255/50000] 2026-06-30 04:54:45 | R2 | slinkedlist/test_0_orig_no_krakatau vs kaprekar/test_0_orig_pg_krakatau → NON-CLONE
[18256/50000] 2026-06-30 04:54:46 | R2 | slinkedlist/test_0_orig_no_krakatau vs kaprekar/test_0_orig_pg_procyon → NON-CLONE
[18257/50000] 2026-06-30 04:54:48 | R2 | slinkedlist/test_0_orig_no_krakatau vs kaprekar/test_1_artifice_no_krakatau → NON-CLONE
[18258/50000] 2026-06-30 04:54:49 | R2 | slinkedlist/test_0_orig_no_krakatau vs kaprekar/test_1_artifice_no_procyon → NON-CLONE
[18259/50000] 2026-06-30 04:54:50 | R2 | slinkedlist/test_0_orig_no_krakatau vs kaprekar/test_1_artifice_pg_krakatau → NON-CLONE
[18260/50000] 2026-06-30 04:54:51 | R2 | slinkedlist/test_0_orig_no_krakatau vs kaprekar/test_1_artifice_pg_procyon → NON-CLONE
[18261/50000] 2026-06-30 04:54:52 | R2 | slinkedlist/test_0_orig_no_krakatau vs queens/0_orig → NON-CLONE
[18262/50000] 2026-06-30 04:54:53 | R2 | slinkedlist/test_0_orig_no_krakatau vs queens/1_artifice → NON-CLONE
[18263/50000] 2026-06-30 04:54:54 | R2 | slinkedlist/test_0_orig_no_krakatau vs queens/test_0_orig_no_krakatau → NON-CLONE
[18264/50000] 2026-06-30 04:54:55 | R2 | slinkedlist/test_0_orig_no_krakatau vs queens/test_0_orig_no_procyon → NON-CLONE
[18265/50000] 2026-06-30 04:54:56 | R2 | slinkedlist/test_0_orig_no_krakatau vs queens/test_0_orig_pg_krakatau → NON-CLONE
[18266/50000] 2026-06-30 04:54:57 | R2 | slinkedlist/test_0_orig_no_krakatau vs queens/test_0_orig_pg_procyon → NON-CLONE
[18267/50000] 2026-06-30 04:54:58 | R2 | slinkedlist/test_0_orig_no_krakatau vs queens/test_1_artifice_no_krakatau → NON-CLONE
[18268/50000] 2026-06-30 04:54:59 | R2 | slinkedlist/test_0_orig_no_krakatau vs queens/test_1_artifice_no_procyon → NON-CLONE
[18269/50000] 2026-06-30 04:54:59 | R2 | slinkedlist/test_0_orig_no_krakatau vs queens/test_1_artifice_pg_krakatau → NON-CLONE
[18270/50000] 2026-06-30 04:55:00 | R2 | slinkedlist/test_0_orig_no_krakatau vs queens/test_1_artifice_pg_procyon → NON-CLONE
[18271/50000] 2026-06-30 04:55:01 | R2 | slinkedlist/test_0_orig_no_krakatau vs railroadcar/0_orig → NON-CLONE
[18272/50000] 2026-06-30 04:55:04 | R2 | slinkedlist/test_0_orig_no_krakatau vs railroadcar/1_artifice → NON-CLONE
[18273/50000] 2026-06-30 04:55:05 | R2 | slinkedlist/test_0_orig_no_krakatau vs railroadcar/test_0_orig_no_krakatau → NON-CLONE
[18274/50000] 2026-06-30 04:55:07 | R2 | slinkedlist/test_0_orig_no_krakatau vs railroadcar/test_0_orig_no_procyon → NON-CLONE
[18275/50000] 2026-06-30 04:55:08 | R2 | slinkedlist/test_0_orig_no_krakatau vs railroadcar/test_0_orig_pg_krakatau → NON-CLONE
[18276/50000] 2026-06-30 04:55:09 | R2 | slinkedlist/test_0_orig_no_krakatau vs railroadcar/test_0_orig_pg_procyon → NON-CLONE
[18277/50000] 2026-06-30 04:55:11 | R2 | slinkedlist/test_0_orig_no_krakatau vs railroadcar/test_1_artifice_no_krakatau → NON-CLONE
[18278/50000] 2026-06-30 04:55:12 | R2 | slinkedlist/test_0_orig_no_krakatau vs railroadcar/test_1_artifice_no_procyon → NON-CLONE
[18279/50000] 2026-06-30 04:55:13 | R2 | slinkedlist/test_0_orig_no_krakatau vs railroadcar/test_1_artifice_pg_krakatau → NON-CLONE
[18280/50000] 2026-06-30 04:55:14 | R2 | slinkedlist/test_0_orig_no_krakatau vs railroadcar/test_1_artifice_pg_procyon → NON-CLONE
[18281/50000] 2026-06-30 04:55:15 | R2 | slinkedlist/test_0_orig_no_krakatau vs slinkedlist/0_orig → CLONE
[18282/50000] 2026-06-30 04:55:17 | R2 | slinkedlist/test_0_orig_no_krakatau vs slinkedlist/1_artifice → CLONE
[18283/50000] 2026-06-30 04:55:18 | R2 | slinkedlist/test_0_orig_no_krakatau vs slinkedlist/test_0_orig_no_krakatau → CLONE
[18284/50000] 2026-06-30 04:55:21 | R2 | slinkedlist/test_0_orig_no_krakatau vs slinkedlist/test_0_orig_no_procyon → CLONE
[18285/50000] 2026-06-30 04:55:22 | R2 | slinkedlist/test_0_orig_no_krakatau vs slinkedlist/test_0_orig_pg_krakatau → CLONE
[18286/50000] 2026-06-30 04:55:25 | R2 | slinkedlist/test_0_orig_no_krakatau vs slinkedlist/test_0_orig_pg_procyon → CLONE
[18287/50000] 2026-06-30 04:55:26 | R2 | slinkedlist/test_0_orig_no_krakatau vs slinkedlist/test_1_artifice_no_krakatau → CLONE
[18288/50000] 2026-06-30 04:55:28 | R2 | slinkedlist/test_0_orig_no_krakatau vs slinkedlist/test_1_artifice_no_procyon → CLONE
[18289/50000] 2026-06-30 04:55:30 | R2 | slinkedlist/test_0_orig_no_krakatau vs slinkedlist/test_1_artifice_pg_krakatau → CLONE
[18290/50000] 2026-06-30 04:55:32 | R2 | slinkedlist/test_0_orig_no_krakatau vs slinkedlist/test_1_artifice_pg_procyon → CLONE
[18291/50000] 2026-06-30 04:55:32 | R2 | slinkedlist/test_0_orig_no_krakatau vs square/0_orig → NON-CLONE
[18292/50000] 2026-06-30 04:55:33 | R2 | slinkedlist/test_0_orig_no_krakatau vs square/1_artifice → NON-CLONE
[18293/50000] 2026-06-30 04:55:34 | R2 | slinkedlist/test_0_orig_no_krakatau vs square/test_0_orig_no_krakatau → NON-CLONE
[18294/50000] 2026-06-30 04:55:35 | R2 | slinkedlist/test_0_orig_no_krakatau vs square/test_0_orig_no_procyon → NON-CLONE
[18295/50000] 2026-06-30 04:55:36 | R2 | slinkedlist/test_0_orig_no_krakatau vs square/test_0_orig_pg_krakatau → NON-CLONE
[18296/50000] 2026-06-30 04:55:37 | R2 | slinkedlist/test_0_orig_no_krakatau vs square/test_0_orig_pg_procyon → NON-CLONE
[18297/50000] 2026-06-30 04:55:39 | R2 | slinkedlist/test_0_orig_no_krakatau vs square/test_1_artifice_no_krakatau → NON-CLONE
[18298/50000] 2026-06-30 04:55:40 | R2 | slinkedlist/test_0_orig_no_krakatau vs square/test_1_artifice_no_procyon → NON-CLONE
[18299/50000] 2026-06-30 04:55:41 | R2 | slinkedlist/test_0_orig_no_krakatau vs square/test_1_artifice_pg_krakatau → NON-CLONE
[18300/50000] 2026-06-30 04:55:42 | R2 | slinkedlist/test_0_orig_no_krakatau vs square/test_1_artifice_pg_procyon → NON-CLONE
[18301/50000] 2026-06-30 04:55:43 | R2 | slinkedlist/test_0_orig_no_procyon vs InfixConverter/0_orig → NON-CLONE
[18302/50000] 2026-06-30 04:55:44 | R2 | slinkedlist/test_0_orig_no_procyon vs InfixConverter/1_artifice → NON-CLONE
[18303/50000] 2026-06-30 04:55:45 | R2 | slinkedlist/test_0_orig_no_procyon vs InfixConverter/test_0_orig_no_krakatau → NON-CLONE
[18304/50000] 2026-06-30 04:55:46 | R2 | slinkedlist/test_0_orig_no_procyon vs InfixConverter/test_0_orig_no_procyon → NON-CLONE
[18305/50000] 2026-06-30 04:55:47 | R2 | slinkedlist/test_0_orig_no_procyon vs InfixConverter/test_0_orig_pg_krakatau → NON-CLONE
[18306/50000] 2026-06-30 04:55:49 | R2 | slinkedlist/test_0_orig_no_procyon vs InfixConverter/test_0_orig_pg_procyon → NON-CLONE
[18307/50000] 2026-06-30 04:55:50 | R2 | slinkedlist/test_0_orig_no_procyon vs InfixConverter/test_1_artifice_no_krakatau → NON-CLONE
[18308/50000] 2026-06-30 04:55:51 | R2 | slinkedlist/test_0_orig_no_procyon vs InfixConverter/test_1_artifice_no_procyon → NON-CLONE
[18309/50000] 2026-06-30 04:55:52 | R2 | slinkedlist/test_0_orig_no_procyon vs InfixConverter/test_1_artifice_pg_krakatau → NON-CLONE
[18310/50000] 2026-06-30 04:55:53 | R2 | slinkedlist/test_0_orig_no_procyon vs InfixConverter/test_1_artifice_pg_procyon → NON-CLONE
[18311/50000] 2026-06-30 04:55:55 | R2 | slinkedlist/test_0_orig_no_procyon vs SqrtAlgorithm/0_orig → NON-CLONE
[18312/50000] 2026-06-30 04:55:56 | R2 | slinkedlist/test_0_orig_no_procyon vs SqrtAlgorithm/1_artifice → NON-CLONE
[18313/50000] 2026-06-30 04:55:57 | R2 | slinkedlist/test_0_orig_no_procyon vs SqrtAlgorithm/test_0_orig_no_krakatau → NON-CLONE
[18314/50000] 2026-06-30 04:55:58 | R2 | slinkedlist/test_0_orig_no_procyon vs SqrtAlgorithm/test_0_orig_no_procyon → NON-CLONE
[18315/50000] 2026-06-30 04:56:00 | R2 | slinkedlist/test_0_orig_no_procyon vs SqrtAlgorithm/test_0_orig_pg_krakatau → NON-CLONE
[18316/50000] 2026-06-30 04:56:01 | R2 | slinkedlist/test_0_orig_no_procyon vs SqrtAlgorithm/test_0_orig_pg_procyon → NON-CLONE
[18317/50000] 2026-06-30 04:56:02 | R2 | slinkedlist/test_0_orig_no_procyon vs SqrtAlgorithm/test_1_artifice_no_krakatau → NON-CLONE
[18318/50000] 2026-06-30 04:56:03 | R2 | slinkedlist/test_0_orig_no_procyon vs SqrtAlgorithm/test_1_artifice_no_procyon → NON-CLONE
[18319/50000] 2026-06-30 04:56:04 | R2 | slinkedlist/test_0_orig_no_procyon vs SqrtAlgorithm/test_1_artifice_pg_krakatau → NON-CLONE
[18320/50000] 2026-06-30 04:56:05 | R2 | slinkedlist/test_0_orig_no_procyon vs SqrtAlgorithm/test_1_artifice_pg_procyon → NON-CLONE
[18321/50000] 2026-06-30 04:56:07 | R2 | slinkedlist/test_0_orig_no_procyon vs bubblesort/0_orig → NON-CLONE
[18322/50000] 2026-06-30 04:56:08 | R2 | slinkedlist/test_0_orig_no_procyon vs bubblesort/1_artifice → NON-CLONE
[18323/50000] 2026-06-30 04:56:10 | R2 | slinkedlist/test_0_orig_no_procyon vs bubblesort/test_0_orig_no_krakatau → NON-CLONE
[18324/50000] 2026-06-30 04:56:12 | R2 | slinkedlist/test_0_orig_no_procyon vs bubblesort/test_0_orig_no_procyon → NON-CLONE
[18325/50000] 2026-06-30 04:56:13 | R2 | slinkedlist/test_0_orig_no_procyon vs bubblesort/test_0_orig_pg_krakatau → NON-CLONE
[18326/50000] 2026-06-30 04:56:15 | R2 | slinkedlist/test_0_orig_no_procyon vs bubblesort/test_0_orig_pg_procyon → NON-CLONE
[18327/50000] 2026-06-30 04:56:17 | R2 | slinkedlist/test_0_orig_no_procyon vs bubblesort/test_1_artifice_no_krakatau → NON-CLONE
[18328/50000] 2026-06-30 04:56:18 | R2 | slinkedlist/test_0_orig_no_procyon vs bubblesort/test_1_artifice_no_procyon → NON-CLONE
[18329/50000] 2026-06-30 04:56:20 | R2 | slinkedlist/test_0_orig_no_procyon vs bubblesort/test_1_artifice_pg_krakatau → NON-CLONE
[18330/50000] 2026-06-30 04:56:22 | R2 | slinkedlist/test_0_orig_no_procyon vs bubblesort/test_1_artifice_pg_procyon → NON-CLONE
[18331/50000] 2026-06-30 04:56:23 | R2 | slinkedlist/test_0_orig_no_procyon vs guessword/0_orig → NON-CLONE
[18332/50000] 2026-06-30 04:56:24 | R2 | slinkedlist/test_0_orig_no_procyon vs guessword/1_artifice → NON-CLONE
[18333/50000] 2026-06-30 04:56:26 | R2 | slinkedlist/test_0_orig_no_procyon vs guessword/test_0_orig_no_krakatau → NON-CLONE
[18334/50000] 2026-06-30 04:56:27 | R2 | slinkedlist/test_0_orig_no_procyon vs guessword/test_0_orig_no_procyon → NON-CLONE
[18335/50000] 2026-06-30 04:56:30 | R2 | slinkedlist/test_0_orig_no_procyon vs guessword/test_0_orig_pg_krakatau → NON-CLONE
[18336/50000] 2026-06-30 04:56:31 | R2 | slinkedlist/test_0_orig_no_procyon vs guessword/test_0_orig_pg_procyon → NON-CLONE
[18337/50000] 2026-06-30 04:56:32 | R2 | slinkedlist/test_0_orig_no_procyon vs guessword/test_1_artifice_no_krakatau → NON-CLONE
[18338/50000] 2026-06-30 04:56:33 | R2 | slinkedlist/test_0_orig_no_procyon vs guessword/test_1_artifice_no_procyon → NON-CLONE
[18339/50000] 2026-06-30 04:56:36 | R2 | slinkedlist/test_0_orig_no_procyon vs guessword/test_1_artifice_pg_krakatau → NON-CLONE
[18340/50000] 2026-06-30 04:56:37 | R2 | slinkedlist/test_0_orig_no_procyon vs guessword/test_1_artifice_pg_procyon → NON-CLONE
[18341/50000] 2026-06-30 04:56:38 | R2 | slinkedlist/test_0_orig_no_procyon vs hanoi/0_orig → NON-CLONE
[18342/50000] 2026-06-30 04:56:40 | R2 | slinkedlist/test_0_orig_no_procyon vs hanoi/1_artifice → NON-CLONE
[18343/50000] 2026-06-30 04:56:41 | R2 | slinkedlist/test_0_orig_no_procyon vs hanoi/test_0_orig_no_krakatau → NON-CLONE
[18344/50000] 2026-06-30 04:56:42 | R2 | slinkedlist/test_0_orig_no_procyon vs hanoi/test_0_orig_no_procyon → NON-CLONE
[18345/50000] 2026-06-30 04:56:43 | R2 | slinkedlist/test_0_orig_no_procyon vs hanoi/test_0_orig_pg_krakatau → NON-CLONE
[18346/50000] 2026-06-30 04:56:44 | R2 | slinkedlist/test_0_orig_no_procyon vs hanoi/test_0_orig_pg_procyon → NON-CLONE
[18347/50000] 2026-06-30 04:56:45 | R2 | slinkedlist/test_0_orig_no_procyon vs hanoi/test_1_artifice_no_krakatau → NON-CLONE
[18348/50000] 2026-06-30 04:56:47 | R2 | slinkedlist/test_0_orig_no_procyon vs hanoi/test_1_artifice_no_procyon → NON-CLONE
[18349/50000] 2026-06-30 04:56:48 | R2 | slinkedlist/test_0_orig_no_procyon vs hanoi/test_1_artifice_pg_krakatau → NON-CLONE
[18350/50000] 2026-06-30 04:56:49 | R2 | slinkedlist/test_0_orig_no_procyon vs hanoi/test_1_artifice_pg_procyon → NON-CLONE
[18351/50000] 2026-06-30 04:56:50 | R2 | slinkedlist/test_0_orig_no_procyon vs kaprekar/0_orig → NON-CLONE
[18352/50000] 2026-06-30 04:56:52 | R2 | slinkedlist/test_0_orig_no_procyon vs kaprekar/1_artifice → NON-CLONE
[18353/50000] 2026-06-30 04:56:53 | R2 | slinkedlist/test_0_orig_no_procyon vs kaprekar/test_0_orig_no_krakatau → NON-CLONE
[18354/50000] 2026-06-30 04:56:54 | R2 | slinkedlist/test_0_orig_no_procyon vs kaprekar/test_0_orig_no_procyon → NON-CLONE
[18355/50000] 2026-06-30 04:56:55 | R2 | slinkedlist/test_0_orig_no_procyon vs kaprekar/test_0_orig_pg_krakatau → NON-CLONE
[18356/50000] 2026-06-30 04:56:56 | R2 | slinkedlist/test_0_orig_no_procyon vs kaprekar/test_0_orig_pg_procyon → NON-CLONE
[18357/50000] 2026-06-30 04:56:57 | R2 | slinkedlist/test_0_orig_no_procyon vs kaprekar/test_1_artifice_no_krakatau → NON-CLONE
[18358/50000] 2026-06-30 04:56:59 | R2 | slinkedlist/test_0_orig_no_procyon vs kaprekar/test_1_artifice_no_procyon → NON-CLONE
[18359/50000] 2026-06-30 04:57:00 | R2 | slinkedlist/test_0_orig_no_procyon vs kaprekar/test_1_artifice_pg_krakatau → NON-CLONE
[18360/50000] 2026-06-30 04:57:01 | R2 | slinkedlist/test_0_orig_no_procyon vs kaprekar/test_1_artifice_pg_procyon → NON-CLONE
[18361/50000] 2026-06-30 04:57:02 | R2 | slinkedlist/test_0_orig_no_procyon vs queens/0_orig → NON-CLONE
[18362/50000] 2026-06-30 04:57:03 | R2 | slinkedlist/test_0_orig_no_procyon vs queens/1_artifice → NON-CLONE
[18363/50000] 2026-06-30 04:57:03 | R2 | slinkedlist/test_0_orig_no_procyon vs queens/test_0_orig_no_krakatau → NON-CLONE
[18364/50000] 2026-06-30 04:57:04 | R2 | slinkedlist/test_0_orig_no_procyon vs queens/test_0_orig_no_procyon → NON-CLONE
[18365/50000] 2026-06-30 04:57:05 | R2 | slinkedlist/test_0_orig_no_procyon vs queens/test_0_orig_pg_krakatau → NON-CLONE
[18366/50000] 2026-06-30 04:57:06 | R2 | slinkedlist/test_0_orig_no_procyon vs queens/test_0_orig_pg_procyon → NON-CLONE
[18367/50000] 2026-06-30 04:57:07 | R2 | slinkedlist/test_0_orig_no_procyon vs queens/test_1_artifice_no_krakatau → NON-CLONE
[18368/50000] 2026-06-30 04:57:08 | R2 | slinkedlist/test_0_orig_no_procyon vs queens/test_1_artifice_no_procyon → NON-CLONE
[18369/50000] 2026-06-30 04:57:09 | R2 | slinkedlist/test_0_orig_no_procyon vs queens/test_1_artifice_pg_krakatau → NON-CLONE
[18370/50000] 2026-06-30 04:57:10 | R2 | slinkedlist/test_0_orig_no_procyon vs queens/test_1_artifice_pg_procyon → NON-CLONE
[18371/50000] 2026-06-30 04:57:11 | R2 | slinkedlist/test_0_orig_no_procyon vs railroadcar/0_orig → NON-CLONE
[18372/50000] 2026-06-30 04:57:14 | R2 | slinkedlist/test_0_orig_no_procyon vs railroadcar/1_artifice → NON-CLONE
[18373/50000] 2026-06-30 04:57:14 | R2 | slinkedlist/test_0_orig_no_procyon vs railroadcar/test_0_orig_no_krakatau → NON-CLONE
[18374/50000] 2026-06-30 04:57:16 | R2 | slinkedlist/test_0_orig_no_procyon vs railroadcar/test_0_orig_no_procyon → NON-CLONE
[18375/50000] 2026-06-30 04:57:17 | R2 | slinkedlist/test_0_orig_no_procyon vs railroadcar/test_0_orig_pg_krakatau → NON-CLONE
[18376/50000] 2026-06-30 04:57:19 | R2 | slinkedlist/test_0_orig_no_procyon vs railroadcar/test_0_orig_pg_procyon → NON-CLONE
[18377/50000] 2026-06-30 04:57:20 | R2 | slinkedlist/test_0_orig_no_procyon vs railroadcar/test_1_artifice_no_krakatau → NON-CLONE
[18378/50000] 2026-06-30 04:57:21 | R2 | slinkedlist/test_0_orig_no_procyon vs railroadcar/test_1_artifice_no_procyon → NON-CLONE
[18379/50000] 2026-06-30 04:57:22 | R2 | slinkedlist/test_0_orig_no_procyon vs railroadcar/test_1_artifice_pg_krakatau → NON-CLONE
[18380/50000] 2026-06-30 04:57:24 | R2 | slinkedlist/test_0_orig_no_procyon vs railroadcar/test_1_artifice_pg_procyon → NON-CLONE
[18381/50000] 2026-06-30 04:57:25 | R2 | slinkedlist/test_0_orig_no_procyon vs slinkedlist/0_orig → CLONE
[18382/50000] 2026-06-30 04:57:27 | R2 | slinkedlist/test_0_orig_no_procyon vs slinkedlist/1_artifice → CLONE
[18383/50000] 2026-06-30 04:57:30 | R2 | slinkedlist/test_0_orig_no_procyon vs slinkedlist/test_0_orig_no_krakatau → CLONE
[18384/50000] 2026-06-30 04:57:30 | R2 | slinkedlist/test_0_orig_no_procyon vs slinkedlist/test_0_orig_no_procyon → CLONE
[18385/50000] 2026-06-30 04:57:32 | R2 | slinkedlist/test_0_orig_no_procyon vs slinkedlist/test_0_orig_pg_krakatau → CLONE
[18386/50000] 2026-06-30 04:57:33 | R2 | slinkedlist/test_0_orig_no_procyon vs slinkedlist/test_0_orig_pg_procyon → CLONE
[18387/50000] 2026-06-30 04:57:35 | R2 | slinkedlist/test_0_orig_no_procyon vs slinkedlist/test_1_artifice_no_krakatau → CLONE
[18388/50000] 2026-06-30 04:57:36 | R2 | slinkedlist/test_0_orig_no_procyon vs slinkedlist/test_1_artifice_no_procyon → CLONE
[18389/50000] 2026-06-30 04:57:38 | R2 | slinkedlist/test_0_orig_no_procyon vs slinkedlist/test_1_artifice_pg_krakatau → CLONE
[18390/50000] 2026-06-30 04:57:39 | R2 | slinkedlist/test_0_orig_no_procyon vs slinkedlist/test_1_artifice_pg_procyon → CLONE
[18391/50000] 2026-06-30 04:57:40 | R2 | slinkedlist/test_0_orig_no_procyon vs square/0_orig → NON-CLONE
[18392/50000] 2026-06-30 04:57:41 | R2 | slinkedlist/test_0_orig_no_procyon vs square/1_artifice → NON-CLONE
[18393/50000] 2026-06-30 04:57:42 | R2 | slinkedlist/test_0_orig_no_procyon vs square/test_0_orig_no_krakatau → NON-CLONE
[18394/50000] 2026-06-30 04:57:43 | R2 | slinkedlist/test_0_orig_no_procyon vs square/test_0_orig_no_procyon → NON-CLONE
[18395/50000] 2026-06-30 04:57:44 | R2 | slinkedlist/test_0_orig_no_procyon vs square/test_0_orig_pg_krakatau → NON-CLONE
[18396/50000] 2026-06-30 04:57:45 | R2 | slinkedlist/test_0_orig_no_procyon vs square/test_0_orig_pg_procyon → NON-CLONE
[18397/50000] 2026-06-30 04:57:46 | R2 | slinkedlist/test_0_orig_no_procyon vs square/test_1_artifice_no_krakatau → NON-CLONE
[18398/50000] 2026-06-30 04:57:47 | R2 | slinkedlist/test_0_orig_no_procyon vs square/test_1_artifice_no_procyon → NON-CLONE
[18399/50000] 2026-06-30 04:57:48 | R2 | slinkedlist/test_0_orig_no_procyon vs square/test_1_artifice_pg_krakatau → NON-CLONE
[18400/50000] 2026-06-30 04:57:49 | R2 | slinkedlist/test_0_orig_no_procyon vs square/test_1_artifice_pg_procyon → NON-CLONE
[18401/50000] 2026-06-30 04:57:50 | R2 | slinkedlist/test_0_orig_pg_krakatau vs InfixConverter/0_orig → NON-CLONE
[18402/50000] 2026-06-30 04:57:51 | R2 | slinkedlist/test_0_orig_pg_krakatau vs InfixConverter/1_artifice → NON-CLONE
[18403/50000] 2026-06-30 04:57:52 | R2 | slinkedlist/test_0_orig_pg_krakatau vs InfixConverter/test_0_orig_no_krakatau → NON-CLONE
[18404/50000] 2026-06-30 04:57:53 | R2 | slinkedlist/test_0_orig_pg_krakatau vs InfixConverter/test_0_orig_no_procyon → NON-CLONE
[18405/50000] 2026-06-30 04:57:54 | R2 | slinkedlist/test_0_orig_pg_krakatau vs InfixConverter/test_0_orig_pg_krakatau → NON-CLONE
[18406/50000] 2026-06-30 04:57:55 | R2 | slinkedlist/test_0_orig_pg_krakatau vs InfixConverter/test_0_orig_pg_procyon → NON-CLONE
[18407/50000] 2026-06-30 04:57:56 | R2 | slinkedlist/test_0_orig_pg_krakatau vs InfixConverter/test_1_artifice_no_krakatau → NON-CLONE
[18408/50000] 2026-06-30 04:57:57 | R2 | slinkedlist/test_0_orig_pg_krakatau vs InfixConverter/test_1_artifice_no_procyon → NON-CLONE
[18409/50000] 2026-06-30 04:57:58 | R2 | slinkedlist/test_0_orig_pg_krakatau vs InfixConverter/test_1_artifice_pg_krakatau → NON-CLONE
[18410/50000] 2026-06-30 04:57:59 | R2 | slinkedlist/test_0_orig_pg_krakatau vs InfixConverter/test_1_artifice_pg_procyon → NON-CLONE
[18411/50000] 2026-06-30 04:58:00 | R2 | slinkedlist/test_0_orig_pg_krakatau vs SqrtAlgorithm/0_orig → NON-CLONE
[18412/50000] 2026-06-30 04:58:01 | R2 | slinkedlist/test_0_orig_pg_krakatau vs SqrtAlgorithm/1_artifice → NON-CLONE
[18413/50000] 2026-06-30 04:58:02 | R2 | slinkedlist/test_0_orig_pg_krakatau vs SqrtAlgorithm/test_0_orig_no_krakatau → NON-CLONE
[18414/50000] 2026-06-30 04:58:03 | R2 | slinkedlist/test_0_orig_pg_krakatau vs SqrtAlgorithm/test_0_orig_no_procyon → NON-CLONE
[18415/50000] 2026-06-30 04:58:04 | R2 | slinkedlist/test_0_orig_pg_krakatau vs SqrtAlgorithm/test_0_orig_pg_krakatau → NON-CLONE
[18416/50000] 2026-06-30 04:58:05 | R2 | slinkedlist/test_0_orig_pg_krakatau vs SqrtAlgorithm/test_0_orig_pg_procyon → NON-CLONE
[18417/50000] 2026-06-30 04:58:06 | R2 | slinkedlist/test_0_orig_pg_krakatau vs SqrtAlgorithm/test_1_artifice_no_krakatau → NON-CLONE
[18418/50000] 2026-06-30 04:58:07 | R2 | slinkedlist/test_0_orig_pg_krakatau vs SqrtAlgorithm/test_1_artifice_no_procyon → NON-CLONE
[18419/50000] 2026-06-30 04:58:08 | R2 | slinkedlist/test_0_orig_pg_krakatau vs SqrtAlgorithm/test_1_artifice_pg_krakatau → NON-CLONE
[18420/50000] 2026-06-30 04:58:09 | R2 | slinkedlist/test_0_orig_pg_krakatau vs SqrtAlgorithm/test_1_artifice_pg_procyon → NON-CLONE
[18421/50000] 2026-06-30 04:58:10 | R2 | slinkedlist/test_0_orig_pg_krakatau vs bubblesort/0_orig → NON-CLONE
[18422/50000] 2026-06-30 04:58:11 | R2 | slinkedlist/test_0_orig_pg_krakatau vs bubblesort/1_artifice → NON-CLONE
[18423/50000] 2026-06-30 04:58:12 | R2 | slinkedlist/test_0_orig_pg_krakatau vs bubblesort/test_0_orig_no_krakatau → NON-CLONE
[18424/50000] 2026-06-30 04:58:13 | R2 | slinkedlist/test_0_orig_pg_krakatau vs bubblesort/test_0_orig_no_procyon → NON-CLONE
[18425/50000] 2026-06-30 04:58:14 | R2 | slinkedlist/test_0_orig_pg_krakatau vs bubblesort/test_0_orig_pg_krakatau → NON-CLONE
[18426/50000] 2026-06-30 04:58:14 | R2 | slinkedlist/test_0_orig_pg_krakatau vs bubblesort/test_0_orig_pg_procyon → NON-CLONE
[18427/50000] 2026-06-30 04:58:15 | R2 | slinkedlist/test_0_orig_pg_krakatau vs bubblesort/test_1_artifice_no_krakatau → NON-CLONE
[18428/50000] 2026-06-30 04:58:16 | R2 | slinkedlist/test_0_orig_pg_krakatau vs bubblesort/test_1_artifice_no_procyon → NON-CLONE
[18429/50000] 2026-06-30 04:58:17 | R2 | slinkedlist/test_0_orig_pg_krakatau vs bubblesort/test_1_artifice_pg_krakatau → NON-CLONE
[18430/50000] 2026-06-30 04:58:18 | R2 | slinkedlist/test_0_orig_pg_krakatau vs bubblesort/test_1_artifice_pg_procyon → NON-CLONE
[18431/50000] 2026-06-30 04:58:19 | R2 | slinkedlist/test_0_orig_pg_krakatau vs guessword/0_orig → NON-CLONE
[18432/50000] 2026-06-30 04:58:20 | R2 | slinkedlist/test_0_orig_pg_krakatau vs guessword/1_artifice → NON-CLONE
[18433/50000] 2026-06-30 04:58:21 | R2 | slinkedlist/test_0_orig_pg_krakatau vs guessword/test_0_orig_no_krakatau → NON-CLONE
[18434/50000] 2026-06-30 04:58:22 | R2 | slinkedlist/test_0_orig_pg_krakatau vs guessword/test_0_orig_no_procyon → NON-CLONE
[18435/50000] 2026-06-30 04:58:23 | R2 | slinkedlist/test_0_orig_pg_krakatau vs guessword/test_0_orig_pg_krakatau → NON-CLONE
[18436/50000] 2026-06-30 04:58:24 | R2 | slinkedlist/test_0_orig_pg_krakatau vs guessword/test_0_orig_pg_procyon → NON-CLONE
[18437/50000] 2026-06-30 04:58:25 | R2 | slinkedlist/test_0_orig_pg_krakatau vs guessword/test_1_artifice_no_krakatau → NON-CLONE
[18438/50000] 2026-06-30 04:58:26 | R2 | slinkedlist/test_0_orig_pg_krakatau vs guessword/test_1_artifice_no_procyon → NON-CLONE
[18439/50000] 2026-06-30 04:58:26 | R2 | slinkedlist/test_0_orig_pg_krakatau vs guessword/test_1_artifice_pg_krakatau → NON-CLONE
[18440/50000] 2026-06-30 04:58:27 | R2 | slinkedlist/test_0_orig_pg_krakatau vs guessword/test_1_artifice_pg_procyon → NON-CLONE
[18441/50000] 2026-06-30 04:58:28 | R2 | slinkedlist/test_0_orig_pg_krakatau vs hanoi/0_orig → NON-CLONE
[18442/50000] 2026-06-30 04:58:30 | R2 | slinkedlist/test_0_orig_pg_krakatau vs hanoi/1_artifice → NON-CLONE
[18443/50000] 2026-06-30 04:58:31 | R2 | slinkedlist/test_0_orig_pg_krakatau vs hanoi/test_0_orig_no_krakatau → NON-CLONE
[18444/50000] 2026-06-30 04:58:32 | R2 | slinkedlist/test_0_orig_pg_krakatau vs hanoi/test_0_orig_no_procyon → NON-CLONE
[18445/50000] 2026-06-30 04:58:34 | R2 | slinkedlist/test_0_orig_pg_krakatau vs hanoi/test_0_orig_pg_krakatau → NON-CLONE
[18446/50000] 2026-06-30 04:58:35 | R2 | slinkedlist/test_0_orig_pg_krakatau vs hanoi/test_0_orig_pg_procyon → NON-CLONE
[18447/50000] 2026-06-30 04:58:37 | R2 | slinkedlist/test_0_orig_pg_krakatau vs hanoi/test_1_artifice_no_krakatau → NON-CLONE
[18448/50000] 2026-06-30 04:58:38 | R2 | slinkedlist/test_0_orig_pg_krakatau vs hanoi/test_1_artifice_no_procyon → NON-CLONE
[18449/50000] 2026-06-30 04:58:39 | R2 | slinkedlist/test_0_orig_pg_krakatau vs hanoi/test_1_artifice_pg_krakatau → NON-CLONE
[18450/50000] 2026-06-30 04:58:41 | R2 | slinkedlist/test_0_orig_pg_krakatau vs hanoi/test_1_artifice_pg_procyon → NON-CLONE
[18451/50000] 2026-06-30 04:58:42 | R2 | slinkedlist/test_0_orig_pg_krakatau vs kaprekar/0_orig → NON-CLONE
[18452/50000] 2026-06-30 04:58:43 | R2 | slinkedlist/test_0_orig_pg_krakatau vs kaprekar/1_artifice → NON-CLONE
[18453/50000] 2026-06-30 04:58:44 | R2 | slinkedlist/test_0_orig_pg_krakatau vs kaprekar/test_0_orig_no_krakatau → NON-CLONE
[18454/50000] 2026-06-30 04:58:45 | R2 | slinkedlist/test_0_orig_pg_krakatau vs kaprekar/test_0_orig_no_procyon → NON-CLONE
[18455/50000] 2026-06-30 04:58:46 | R2 | slinkedlist/test_0_orig_pg_krakatau vs kaprekar/test_0_orig_pg_krakatau → NON-CLONE
[18456/50000] 2026-06-30 04:58:47 | R2 | slinkedlist/test_0_orig_pg_krakatau vs kaprekar/test_0_orig_pg_procyon → NON-CLONE
[18457/50000] 2026-06-30 04:58:48 | R2 | slinkedlist/test_0_orig_pg_krakatau vs kaprekar/test_1_artifice_no_krakatau → NON-CLONE
[18458/50000] 2026-06-30 04:58:49 | R2 | slinkedlist/test_0_orig_pg_krakatau vs kaprekar/test_1_artifice_no_procyon → NON-CLONE
[18459/50000] 2026-06-30 04:58:50 | R2 | slinkedlist/test_0_orig_pg_krakatau vs kaprekar/test_1_artifice_pg_krakatau → NON-CLONE
[18460/50000] 2026-06-30 04:58:51 | R2 | slinkedlist/test_0_orig_pg_krakatau vs kaprekar/test_1_artifice_pg_procyon → NON-CLONE
[18461/50000] 2026-06-30 04:58:52 | R2 | slinkedlist/test_0_orig_pg_krakatau vs queens/0_orig → NON-CLONE
[18462/50000] 2026-06-30 04:58:53 | R2 | slinkedlist/test_0_orig_pg_krakatau vs queens/1_artifice → NON-CLONE
[18463/50000] 2026-06-30 04:58:54 | R2 | slinkedlist/test_0_orig_pg_krakatau vs queens/test_0_orig_no_krakatau → NON-CLONE
[18464/50000] 2026-06-30 04:58:55 | R2 | slinkedlist/test_0_orig_pg_krakatau vs queens/test_0_orig_no_procyon → NON-CLONE
[18465/50000] 2026-06-30 04:58:56 | R2 | slinkedlist/test_0_orig_pg_krakatau vs queens/test_0_orig_pg_krakatau → NON-CLONE
[18466/50000] 2026-06-30 04:58:56 | R2 | slinkedlist/test_0_orig_pg_krakatau vs queens/test_0_orig_pg_procyon → NON-CLONE
[18467/50000] 2026-06-30 04:58:57 | R2 | slinkedlist/test_0_orig_pg_krakatau vs queens/test_1_artifice_no_krakatau → NON-CLONE
[18468/50000] 2026-06-30 04:58:58 | R2 | slinkedlist/test_0_orig_pg_krakatau vs queens/test_1_artifice_no_procyon → NON-CLONE
[18469/50000] 2026-06-30 04:58:59 | R2 | slinkedlist/test_0_orig_pg_krakatau vs queens/test_1_artifice_pg_krakatau → NON-CLONE
[18470/50000] 2026-06-30 04:59:00 | R2 | slinkedlist/test_0_orig_pg_krakatau vs queens/test_1_artifice_pg_procyon → NON-CLONE
[18471/50000] 2026-06-30 04:59:01 | R2 | slinkedlist/test_0_orig_pg_krakatau vs railroadcar/0_orig → NON-CLONE
[18472/50000] 2026-06-30 04:59:02 | R2 | slinkedlist/test_0_orig_pg_krakatau vs railroadcar/1_artifice → NON-CLONE
[18473/50000] 2026-06-30 04:59:03 | R2 | slinkedlist/test_0_orig_pg_krakatau vs railroadcar/test_0_orig_no_krakatau → NON-CLONE
[18474/50000] 2026-06-30 04:59:04 | R2 | slinkedlist/test_0_orig_pg_krakatau vs railroadcar/test_0_orig_no_procyon → NON-CLONE
[18475/50000] 2026-06-30 04:59:04 | R2 | slinkedlist/test_0_orig_pg_krakatau vs railroadcar/test_0_orig_pg_krakatau → NON-CLONE
[18476/50000] 2026-06-30 04:59:05 | R2 | slinkedlist/test_0_orig_pg_krakatau vs railroadcar/test_0_orig_pg_procyon → NON-CLONE
[18477/50000] 2026-06-30 04:59:06 | R2 | slinkedlist/test_0_orig_pg_krakatau vs railroadcar/test_1_artifice_no_krakatau → NON-CLONE
[18478/50000] 2026-06-30 04:59:07 | R2 | slinkedlist/test_0_orig_pg_krakatau vs railroadcar/test_1_artifice_no_procyon → NON-CLONE
[18479/50000] 2026-06-30 04:59:08 | R2 | slinkedlist/test_0_orig_pg_krakatau vs railroadcar/test_1_artifice_pg_krakatau → NON-CLONE
[18480/50000] 2026-06-30 04:59:09 | R2 | slinkedlist/test_0_orig_pg_krakatau vs railroadcar/test_1_artifice_pg_procyon → NON-CLONE
[18481/50000] 2026-06-30 04:59:11 | R2 | slinkedlist/test_0_orig_pg_krakatau vs slinkedlist/0_orig → CLONE
[18482/50000] 2026-06-30 04:59:13 | R2 | slinkedlist/test_0_orig_pg_krakatau vs slinkedlist/1_artifice → CLONE
[18483/50000] 2026-06-30 04:59:14 | R2 | slinkedlist/test_0_orig_pg_krakatau vs slinkedlist/test_0_orig_no_krakatau → CLONE
[18484/50000] 2026-06-30 04:59:16 | R2 | slinkedlist/test_0_orig_pg_krakatau vs slinkedlist/test_0_orig_no_procyon → CLONE
[18485/50000] 2026-06-30 04:59:17 | R2 | slinkedlist/test_0_orig_pg_krakatau vs slinkedlist/test_0_orig_pg_krakatau → CLONE
[18486/50000] 2026-06-30 04:59:19 | R2 | slinkedlist/test_0_orig_pg_krakatau vs slinkedlist/test_0_orig_pg_procyon → CLONE
[18487/50000] 2026-06-30 04:59:22 | R2 | slinkedlist/test_0_orig_pg_krakatau vs slinkedlist/test_1_artifice_no_krakatau → CLONE
[18488/50000] 2026-06-30 04:59:23 | R2 | slinkedlist/test_0_orig_pg_krakatau vs slinkedlist/test_1_artifice_no_procyon → CLONE
[18489/50000] 2026-06-30 04:59:24 | R2 | slinkedlist/test_0_orig_pg_krakatau vs slinkedlist/test_1_artifice_pg_krakatau → CLONE
[18490/50000] 2026-06-30 04:59:26 | R2 | slinkedlist/test_0_orig_pg_krakatau vs slinkedlist/test_1_artifice_pg_procyon → CLONE
[18491/50000] 2026-06-30 04:59:27 | R2 | slinkedlist/test_0_orig_pg_krakatau vs square/0_orig → NON-CLONE
[18492/50000] 2026-06-30 04:59:28 | R2 | slinkedlist/test_0_orig_pg_krakatau vs square/1_artifice → NON-CLONE
[18493/50000] 2026-06-30 04:59:29 | R2 | slinkedlist/test_0_orig_pg_krakatau vs square/test_0_orig_no_krakatau → NON-CLONE
[18494/50000] 2026-06-30 04:59:30 | R2 | slinkedlist/test_0_orig_pg_krakatau vs square/test_0_orig_no_procyon → NON-CLONE
[18495/50000] 2026-06-30 04:59:31 | R2 | slinkedlist/test_0_orig_pg_krakatau vs square/test_0_orig_pg_krakatau → NON-CLONE
[18496/50000] 2026-06-30 04:59:33 | R2 | slinkedlist/test_0_orig_pg_krakatau vs square/test_0_orig_pg_procyon → NON-CLONE
[18497/50000] 2026-06-30 04:59:34 | R2 | slinkedlist/test_0_orig_pg_krakatau vs square/test_1_artifice_no_krakatau → NON-CLONE
[18498/50000] 2026-06-30 04:59:35 | R2 | slinkedlist/test_0_orig_pg_krakatau vs square/test_1_artifice_no_procyon → NON-CLONE
[18499/50000] 2026-06-30 04:59:36 | R2 | slinkedlist/test_0_orig_pg_krakatau vs square/test_1_artifice_pg_krakatau → NON-CLONE
[18500/50000] 2026-06-30 04:59:37 | R2 | slinkedlist/test_0_orig_pg_krakatau vs square/test_1_artifice_pg_procyon → NON-CLONE
[18501/50000] 2026-06-30 04:59:38 | R2 | slinkedlist/test_0_orig_pg_procyon vs InfixConverter/0_orig → NON-CLONE
[18502/50000] 2026-06-30 04:59:39 | R2 | slinkedlist/test_0_orig_pg_procyon vs InfixConverter/1_artifice → NON-CLONE
[18503/50000] 2026-06-30 04:59:40 | R2 | slinkedlist/test_0_orig_pg_procyon vs InfixConverter/test_0_orig_no_krakatau → NON-CLONE
[18504/50000] 2026-06-30 04:59:41 | R2 | slinkedlist/test_0_orig_pg_procyon vs InfixConverter/test_0_orig_no_procyon → NON-CLONE
[18505/50000] 2026-06-30 04:59:42 | R2 | slinkedlist/test_0_orig_pg_procyon vs InfixConverter/test_0_orig_pg_krakatau → NON-CLONE
[18506/50000] 2026-06-30 04:59:42 | R2 | slinkedlist/test_0_orig_pg_procyon vs InfixConverter/test_0_orig_pg_procyon → NON-CLONE
[18507/50000] 2026-06-30 04:59:43 | R2 | slinkedlist/test_0_orig_pg_procyon vs InfixConverter/test_1_artifice_no_krakatau → NON-CLONE
[18508/50000] 2026-06-30 04:59:44 | R2 | slinkedlist/test_0_orig_pg_procyon vs InfixConverter/test_1_artifice_no_procyon → NON-CLONE
[18509/50000] 2026-06-30 04:59:45 | R2 | slinkedlist/test_0_orig_pg_procyon vs InfixConverter/test_1_artifice_pg_krakatau → NON-CLONE
[18510/50000] 2026-06-30 04:59:46 | R2 | slinkedlist/test_0_orig_pg_procyon vs InfixConverter/test_1_artifice_pg_procyon → NON-CLONE
[18511/50000] 2026-06-30 04:59:47 | R2 | slinkedlist/test_0_orig_pg_procyon vs SqrtAlgorithm/0_orig → NON-CLONE
[18512/50000] 2026-06-30 04:59:48 | R2 | slinkedlist/test_0_orig_pg_procyon vs SqrtAlgorithm/1_artifice → NON-CLONE
[18513/50000] 2026-06-30 04:59:49 | R2 | slinkedlist/test_0_orig_pg_procyon vs SqrtAlgorithm/test_0_orig_no_krakatau → NON-CLONE
[18514/50000] 2026-06-30 04:59:50 | R2 | slinkedlist/test_0_orig_pg_procyon vs SqrtAlgorithm/test_0_orig_no_procyon → NON-CLONE
[18515/50000] 2026-06-30 04:59:51 | R2 | slinkedlist/test_0_orig_pg_procyon vs SqrtAlgorithm/test_0_orig_pg_krakatau → NON-CLONE
[18516/50000] 2026-06-30 04:59:52 | R2 | slinkedlist/test_0_orig_pg_procyon vs SqrtAlgorithm/test_0_orig_pg_procyon → NON-CLONE
[18517/50000] 2026-06-30 04:59:53 | R2 | slinkedlist/test_0_orig_pg_procyon vs SqrtAlgorithm/test_1_artifice_no_krakatau → NON-CLONE
[18518/50000] 2026-06-30 04:59:54 | R2 | slinkedlist/test_0_orig_pg_procyon vs SqrtAlgorithm/test_1_artifice_no_procyon → NON-CLONE
[18519/50000] 2026-06-30 04:59:55 | R2 | slinkedlist/test_0_orig_pg_procyon vs SqrtAlgorithm/test_1_artifice_pg_krakatau → NON-CLONE
[18520/50000] 2026-06-30 04:59:56 | R2 | slinkedlist/test_0_orig_pg_procyon vs SqrtAlgorithm/test_1_artifice_pg_procyon → NON-CLONE
[18521/50000] 2026-06-30 04:59:57 | R2 | slinkedlist/test_0_orig_pg_procyon vs bubblesort/0_orig → NON-CLONE
[18522/50000] 2026-06-30 04:59:58 | R2 | slinkedlist/test_0_orig_pg_procyon vs bubblesort/1_artifice → NON-CLONE
[18523/50000] 2026-06-30 04:59:59 | R2 | slinkedlist/test_0_orig_pg_procyon vs bubblesort/test_0_orig_no_krakatau → NON-CLONE
[18524/50000] 2026-06-30 05:00:00 | R2 | slinkedlist/test_0_orig_pg_procyon vs bubblesort/test_0_orig_no_procyon → NON-CLONE
[18525/50000] 2026-06-30 05:00:01 | R2 | slinkedlist/test_0_orig_pg_procyon vs bubblesort/test_0_orig_pg_krakatau → NON-CLONE
[18526/50000] 2026-06-30 05:00:02 | R2 | slinkedlist/test_0_orig_pg_procyon vs bubblesort/test_0_orig_pg_procyon → NON-CLONE
[18527/50000] 2026-06-30 05:00:03 | R2 | slinkedlist/test_0_orig_pg_procyon vs bubblesort/test_1_artifice_no_krakatau → NON-CLONE
[18528/50000] 2026-06-30 05:00:04 | R2 | slinkedlist/test_0_orig_pg_procyon vs bubblesort/test_1_artifice_no_procyon → NON-CLONE
[18529/50000] 2026-06-30 05:00:05 | R2 | slinkedlist/test_0_orig_pg_procyon vs bubblesort/test_1_artifice_pg_krakatau → NON-CLONE
[18530/50000] 2026-06-30 05:00:06 | R2 | slinkedlist/test_0_orig_pg_procyon vs bubblesort/test_1_artifice_pg_procyon → NON-CLONE
[18531/50000] 2026-06-30 05:00:07 | R2 | slinkedlist/test_0_orig_pg_procyon vs guessword/0_orig → NON-CLONE
[18532/50000] 2026-06-30 05:00:08 | R2 | slinkedlist/test_0_orig_pg_procyon vs guessword/1_artifice → NON-CLONE
[18533/50000] 2026-06-30 05:00:09 | R2 | slinkedlist/test_0_orig_pg_procyon vs guessword/test_0_orig_no_krakatau → NON-CLONE
[18534/50000] 2026-06-30 05:00:09 | R2 | slinkedlist/test_0_orig_pg_procyon vs guessword/test_0_orig_no_procyon → NON-CLONE
[18535/50000] 2026-06-30 05:00:10 | R2 | slinkedlist/test_0_orig_pg_procyon vs guessword/test_0_orig_pg_krakatau → NON-CLONE
[18536/50000] 2026-06-30 05:00:11 | R2 | slinkedlist/test_0_orig_pg_procyon vs guessword/test_0_orig_pg_procyon → NON-CLONE
[18537/50000] 2026-06-30 05:00:12 | R2 | slinkedlist/test_0_orig_pg_procyon vs guessword/test_1_artifice_no_krakatau → NON-CLONE
[18538/50000] 2026-06-30 05:00:13 | R2 | slinkedlist/test_0_orig_pg_procyon vs guessword/test_1_artifice_no_procyon → NON-CLONE
[18539/50000] 2026-06-30 05:00:14 | R2 | slinkedlist/test_0_orig_pg_procyon vs guessword/test_1_artifice_pg_krakatau → NON-CLONE
[18540/50000] 2026-06-30 05:00:15 | R2 | slinkedlist/test_0_orig_pg_procyon vs guessword/test_1_artifice_pg_procyon → NON-CLONE
[18541/50000] 2026-06-30 05:00:16 | R2 | slinkedlist/test_0_orig_pg_procyon vs hanoi/0_orig → NON-CLONE
[18542/50000] 2026-06-30 05:00:18 | R2 | slinkedlist/test_0_orig_pg_procyon vs hanoi/1_artifice → NON-CLONE
[18543/50000] 2026-06-30 05:00:19 | R2 | slinkedlist/test_0_orig_pg_procyon vs hanoi/test_0_orig_no_krakatau → NON-CLONE
[18544/50000] 2026-06-30 05:00:20 | R2 | slinkedlist/test_0_orig_pg_procyon vs hanoi/test_0_orig_no_procyon → NON-CLONE
[18545/50000] 2026-06-30 05:00:21 | R2 | slinkedlist/test_0_orig_pg_procyon vs hanoi/test_0_orig_pg_krakatau → NON-CLONE
[18546/50000] 2026-06-30 05:00:23 | R2 | slinkedlist/test_0_orig_pg_procyon vs hanoi/test_0_orig_pg_procyon → NON-CLONE
[18547/50000] 2026-06-30 05:00:25 | R2 | slinkedlist/test_0_orig_pg_procyon vs hanoi/test_1_artifice_no_krakatau → NON-CLONE
[18548/50000] 2026-06-30 05:00:26 | R2 | slinkedlist/test_0_orig_pg_procyon vs hanoi/test_1_artifice_no_procyon → NON-CLONE
[18549/50000] 2026-06-30 05:00:27 | R2 | slinkedlist/test_0_orig_pg_procyon vs hanoi/test_1_artifice_pg_krakatau → NON-CLONE
[18550/50000] 2026-06-30 05:00:29 | R2 | slinkedlist/test_0_orig_pg_procyon vs hanoi/test_1_artifice_pg_procyon → NON-CLONE
[18551/50000] 2026-06-30 05:00:30 | R2 | slinkedlist/test_0_orig_pg_procyon vs kaprekar/0_orig → NON-CLONE
[18552/50000] 2026-06-30 05:00:31 | R2 | slinkedlist/test_0_orig_pg_procyon vs kaprekar/1_artifice → NON-CLONE
[18553/50000] 2026-06-30 05:00:32 | R2 | slinkedlist/test_0_orig_pg_procyon vs kaprekar/test_0_orig_no_krakatau → NON-CLONE
[18554/50000] 2026-06-30 05:00:33 | R2 | slinkedlist/test_0_orig_pg_procyon vs kaprekar/test_0_orig_no_procyon → NON-CLONE
[18555/50000] 2026-06-30 05:00:34 | R2 | slinkedlist/test_0_orig_pg_procyon vs kaprekar/test_0_orig_pg_krakatau → NON-CLONE
[18556/50000] 2026-06-30 05:00:35 | R2 | slinkedlist/test_0_orig_pg_procyon vs kaprekar/test_0_orig_pg_procyon → NON-CLONE
[18557/50000] 2026-06-30 05:00:36 | R2 | slinkedlist/test_0_orig_pg_procyon vs kaprekar/test_1_artifice_no_krakatau → NON-CLONE
[18558/50000] 2026-06-30 05:00:37 | R2 | slinkedlist/test_0_orig_pg_procyon vs kaprekar/test_1_artifice_no_procyon → NON-CLONE
[18559/50000] 2026-06-30 05:00:38 | R2 | slinkedlist/test_0_orig_pg_procyon vs kaprekar/test_1_artifice_pg_krakatau → NON-CLONE
[18560/50000] 2026-06-30 05:00:39 | R2 | slinkedlist/test_0_orig_pg_procyon vs kaprekar/test_1_artifice_pg_procyon → NON-CLONE
[18561/50000] 2026-06-30 05:00:40 | R2 | slinkedlist/test_0_orig_pg_procyon vs queens/0_orig → NON-CLONE
[18562/50000] 2026-06-30 05:00:41 | R2 | slinkedlist/test_0_orig_pg_procyon vs queens/1_artifice → NON-CLONE
[18563/50000] 2026-06-30 05:00:42 | R2 | slinkedlist/test_0_orig_pg_procyon vs queens/test_0_orig_no_krakatau → NON-CLONE
[18564/50000] 2026-06-30 05:00:43 | R2 | slinkedlist/test_0_orig_pg_procyon vs queens/test_0_orig_no_procyon → NON-CLONE
[18565/50000] 2026-06-30 05:00:44 | R2 | slinkedlist/test_0_orig_pg_procyon vs queens/test_0_orig_pg_krakatau → NON-CLONE
[18566/50000] 2026-06-30 05:00:44 | R2 | slinkedlist/test_0_orig_pg_procyon vs queens/test_0_orig_pg_procyon → NON-CLONE
[18567/50000] 2026-06-30 05:00:45 | R2 | slinkedlist/test_0_orig_pg_procyon vs queens/test_1_artifice_no_krakatau → NON-CLONE
[18568/50000] 2026-06-30 05:00:46 | R2 | slinkedlist/test_0_orig_pg_procyon vs queens/test_1_artifice_no_procyon → NON-CLONE
[18569/50000] 2026-06-30 05:00:47 | R2 | slinkedlist/test_0_orig_pg_procyon vs queens/test_1_artifice_pg_krakatau → NON-CLONE
[18570/50000] 2026-06-30 05:00:48 | R2 | slinkedlist/test_0_orig_pg_procyon vs queens/test_1_artifice_pg_procyon → NON-CLONE
[18571/50000] 2026-06-30 05:00:49 | R2 | slinkedlist/test_0_orig_pg_procyon vs railroadcar/0_orig → NON-CLONE
[18572/50000] 2026-06-30 05:00:50 | R2 | slinkedlist/test_0_orig_pg_procyon vs railroadcar/1_artifice → NON-CLONE
[18573/50000] 2026-06-30 05:00:51 | R2 | slinkedlist/test_0_orig_pg_procyon vs railroadcar/test_0_orig_no_krakatau → NON-CLONE
[18574/50000] 2026-06-30 05:00:52 | R2 | slinkedlist/test_0_orig_pg_procyon vs railroadcar/test_0_orig_no_procyon → NON-CLONE
[18575/50000] 2026-06-30 05:00:53 | R2 | slinkedlist/test_0_orig_pg_procyon vs railroadcar/test_0_orig_pg_krakatau → NON-CLONE
[18576/50000] 2026-06-30 05:00:53 | R2 | slinkedlist/test_0_orig_pg_procyon vs railroadcar/test_0_orig_pg_procyon → NON-CLONE
[18577/50000] 2026-06-30 05:00:54 | R2 | slinkedlist/test_0_orig_pg_procyon vs railroadcar/test_1_artifice_no_krakatau → NON-CLONE
[18578/50000] 2026-06-30 05:00:55 | R2 | slinkedlist/test_0_orig_pg_procyon vs railroadcar/test_1_artifice_no_procyon → NON-CLONE
[18579/50000] 2026-06-30 05:00:56 | R2 | slinkedlist/test_0_orig_pg_procyon vs railroadcar/test_1_artifice_pg_krakatau → NON-CLONE
[18580/50000] 2026-06-30 05:00:57 | R2 | slinkedlist/test_0_orig_pg_procyon vs railroadcar/test_1_artifice_pg_procyon → NON-CLONE
[18581/50000] 2026-06-30 05:00:59 | R2 | slinkedlist/test_0_orig_pg_procyon vs slinkedlist/0_orig → CLONE
[18582/50000] 2026-06-30 05:01:01 | R2 | slinkedlist/test_0_orig_pg_procyon vs slinkedlist/1_artifice → CLONE
[18583/50000] 2026-06-30 05:01:02 | R2 | slinkedlist/test_0_orig_pg_procyon vs slinkedlist/test_0_orig_no_krakatau → CLONE
[18584/50000] 2026-06-30 05:01:04 | R2 | slinkedlist/test_0_orig_pg_procyon vs slinkedlist/test_0_orig_no_procyon → CLONE
[18585/50000] 2026-06-30 05:01:06 | R2 | slinkedlist/test_0_orig_pg_procyon vs slinkedlist/test_0_orig_pg_krakatau → CLONE
[18586/50000] 2026-06-30 05:01:07 | R2 | slinkedlist/test_0_orig_pg_procyon vs slinkedlist/test_0_orig_pg_procyon → CLONE
[18587/50000] 2026-06-30 05:01:09 | R2 | slinkedlist/test_0_orig_pg_procyon vs slinkedlist/test_1_artifice_no_krakatau → CLONE
[18588/50000] 2026-06-30 05:01:11 | R2 | slinkedlist/test_0_orig_pg_procyon vs slinkedlist/test_1_artifice_no_procyon → CLONE
[18589/50000] 2026-06-30 05:01:13 | R2 | slinkedlist/test_0_orig_pg_procyon vs slinkedlist/test_1_artifice_pg_krakatau → CLONE
[18590/50000] 2026-06-30 05:01:14 | R2 | slinkedlist/test_0_orig_pg_procyon vs slinkedlist/test_1_artifice_pg_procyon → CLONE
[18591/50000] 2026-06-30 05:01:15 | R2 | slinkedlist/test_0_orig_pg_procyon vs square/0_orig → NON-CLONE
[18592/50000] 2026-06-30 05:01:16 | R2 | slinkedlist/test_0_orig_pg_procyon vs square/1_artifice → NON-CLONE
[18593/50000] 2026-06-30 05:01:17 | R2 | slinkedlist/test_0_orig_pg_procyon vs square/test_0_orig_no_krakatau → NON-CLONE
[18594/50000] 2026-06-30 05:01:18 | R2 | slinkedlist/test_0_orig_pg_procyon vs square/test_0_orig_no_procyon → NON-CLONE
[18595/50000] 2026-06-30 05:01:19 | R2 | slinkedlist/test_0_orig_pg_procyon vs square/test_0_orig_pg_krakatau → NON-CLONE
[18596/50000] 2026-06-30 05:01:19 | R2 | slinkedlist/test_0_orig_pg_procyon vs square/test_0_orig_pg_procyon → NON-CLONE
[18597/50000] 2026-06-30 05:01:21 | R2 | slinkedlist/test_0_orig_pg_procyon vs square/test_1_artifice_no_krakatau → NON-CLONE
[18598/50000] 2026-06-30 05:01:21 | R2 | slinkedlist/test_0_orig_pg_procyon vs square/test_1_artifice_no_procyon → NON-CLONE
[18599/50000] 2026-06-30 05:01:22 | R2 | slinkedlist/test_0_orig_pg_procyon vs square/test_1_artifice_pg_krakatau → NON-CLONE
[18600/50000] 2026-06-30 05:01:24 | R2 | slinkedlist/test_0_orig_pg_procyon vs square/test_1_artifice_pg_procyon → NON-CLONE
[18601/50000] 2026-06-30 05:01:25 | R2 | slinkedlist/test_1_artifice_no_krakatau vs InfixConverter/0_orig → NON-CLONE
[18602/50000] 2026-06-30 05:01:26 | R2 | slinkedlist/test_1_artifice_no_krakatau vs InfixConverter/1_artifice → NON-CLONE
[18603/50000] 2026-06-30 05:01:28 | R2 | slinkedlist/test_1_artifice_no_krakatau vs InfixConverter/test_0_orig_no_krakatau → NON-CLONE
[18604/50000] 2026-06-30 05:01:29 | R2 | slinkedlist/test_1_artifice_no_krakatau vs InfixConverter/test_0_orig_no_procyon → NON-CLONE
[18605/50000] 2026-06-30 05:01:30 | R2 | slinkedlist/test_1_artifice_no_krakatau vs InfixConverter/test_0_orig_pg_krakatau → NON-CLONE
[18606/50000] 2026-06-30 05:01:31 | R2 | slinkedlist/test_1_artifice_no_krakatau vs InfixConverter/test_0_orig_pg_procyon → NON-CLONE
[18607/50000] 2026-06-30 05:01:33 | R2 | slinkedlist/test_1_artifice_no_krakatau vs InfixConverter/test_1_artifice_no_krakatau → NON-CLONE
[18608/50000] 2026-06-30 05:01:34 | R2 | slinkedlist/test_1_artifice_no_krakatau vs InfixConverter/test_1_artifice_no_procyon → NON-CLONE
[18609/50000] 2026-06-30 05:01:35 | R2 | slinkedlist/test_1_artifice_no_krakatau vs InfixConverter/test_1_artifice_pg_krakatau → NON-CLONE
[18610/50000] 2026-06-30 05:01:36 | R2 | slinkedlist/test_1_artifice_no_krakatau vs InfixConverter/test_1_artifice_pg_procyon → NON-CLONE
[18611/50000] 2026-06-30 05:01:37 | R2 | slinkedlist/test_1_artifice_no_krakatau vs SqrtAlgorithm/0_orig → NON-CLONE
[18612/50000] 2026-06-30 05:01:40 | R2 | slinkedlist/test_1_artifice_no_krakatau vs SqrtAlgorithm/1_artifice → NON-CLONE
[18613/50000] 2026-06-30 05:01:41 | R2 | slinkedlist/test_1_artifice_no_krakatau vs SqrtAlgorithm/test_0_orig_no_krakatau → NON-CLONE
[18614/50000] 2026-06-30 05:01:42 | R2 | slinkedlist/test_1_artifice_no_krakatau vs SqrtAlgorithm/test_0_orig_no_procyon → NON-CLONE
[18615/50000] 2026-06-30 05:01:44 | R2 | slinkedlist/test_1_artifice_no_krakatau vs SqrtAlgorithm/test_0_orig_pg_krakatau → NON-CLONE
[18616/50000] 2026-06-30 05:01:45 | R2 | slinkedlist/test_1_artifice_no_krakatau vs SqrtAlgorithm/test_0_orig_pg_procyon → NON-CLONE
[18617/50000] 2026-06-30 05:01:46 | R2 | slinkedlist/test_1_artifice_no_krakatau vs SqrtAlgorithm/test_1_artifice_no_krakatau → NON-CLONE
[18618/50000] 2026-06-30 05:01:48 | R2 | slinkedlist/test_1_artifice_no_krakatau vs SqrtAlgorithm/test_1_artifice_no_procyon → NON-CLONE
[18619/50000] 2026-06-30 05:01:49 | R2 | slinkedlist/test_1_artifice_no_krakatau vs SqrtAlgorithm/test_1_artifice_pg_krakatau → NON-CLONE
[18620/50000] 2026-06-30 05:01:50 | R2 | slinkedlist/test_1_artifice_no_krakatau vs SqrtAlgorithm/test_1_artifice_pg_procyon → NON-CLONE
[18621/50000] 2026-06-30 05:01:51 | R2 | slinkedlist/test_1_artifice_no_krakatau vs bubblesort/0_orig → NON-CLONE
[18622/50000] 2026-06-30 05:01:52 | R2 | slinkedlist/test_1_artifice_no_krakatau vs bubblesort/1_artifice → NON-CLONE
[18623/50000] 2026-06-30 05:01:53 | R2 | slinkedlist/test_1_artifice_no_krakatau vs bubblesort/test_0_orig_no_krakatau → NON-CLONE
[18624/50000] 2026-06-30 05:01:54 | R2 | slinkedlist/test_1_artifice_no_krakatau vs bubblesort/test_0_orig_no_procyon → NON-CLONE
[18625/50000] 2026-06-30 05:01:55 | R2 | slinkedlist/test_1_artifice_no_krakatau vs bubblesort/test_0_orig_pg_krakatau → NON-CLONE
[18626/50000] 2026-06-30 05:01:56 | R2 | slinkedlist/test_1_artifice_no_krakatau vs bubblesort/test_0_orig_pg_procyon → NON-CLONE
[18627/50000] 2026-06-30 05:01:57 | R2 | slinkedlist/test_1_artifice_no_krakatau vs bubblesort/test_1_artifice_no_krakatau → NON-CLONE
[18628/50000] 2026-06-30 05:01:58 | R2 | slinkedlist/test_1_artifice_no_krakatau vs bubblesort/test_1_artifice_no_procyon → NON-CLONE
[18629/50000] 2026-06-30 05:01:59 | R2 | slinkedlist/test_1_artifice_no_krakatau vs bubblesort/test_1_artifice_pg_krakatau → NON-CLONE
[18630/50000] 2026-06-30 05:02:00 | R2 | slinkedlist/test_1_artifice_no_krakatau vs bubblesort/test_1_artifice_pg_procyon → NON-CLONE
[18631/50000] 2026-06-30 05:02:02 | R2 | slinkedlist/test_1_artifice_no_krakatau vs guessword/0_orig → NON-CLONE
[18632/50000] 2026-06-30 05:02:03 | R2 | slinkedlist/test_1_artifice_no_krakatau vs guessword/1_artifice → NON-CLONE
[18633/50000] 2026-06-30 05:02:05 | R2 | slinkedlist/test_1_artifice_no_krakatau vs guessword/test_0_orig_no_krakatau → NON-CLONE
[18634/50000] 2026-06-30 05:02:06 | R2 | slinkedlist/test_1_artifice_no_krakatau vs guessword/test_0_orig_no_procyon → NON-CLONE
[18635/50000] 2026-06-30 05:02:09 | R2 | slinkedlist/test_1_artifice_no_krakatau vs guessword/test_0_orig_pg_krakatau → NON-CLONE
[18636/50000] 2026-06-30 05:02:11 | R2 | slinkedlist/test_1_artifice_no_krakatau vs guessword/test_0_orig_pg_procyon → NON-CLONE
[18637/50000] 2026-06-30 05:02:12 | R2 | slinkedlist/test_1_artifice_no_krakatau vs guessword/test_1_artifice_no_krakatau → NON-CLONE
[18638/50000] 2026-06-30 05:02:13 | R2 | slinkedlist/test_1_artifice_no_krakatau vs guessword/test_1_artifice_no_procyon → NON-CLONE
[18639/50000] 2026-06-30 05:02:14 | R2 | slinkedlist/test_1_artifice_no_krakatau vs guessword/test_1_artifice_pg_krakatau → NON-CLONE
[18640/50000] 2026-06-30 05:02:16 | R2 | slinkedlist/test_1_artifice_no_krakatau vs guessword/test_1_artifice_pg_procyon → NON-CLONE
[18641/50000] 2026-06-30 05:02:17 | R2 | slinkedlist/test_1_artifice_no_krakatau vs hanoi/0_orig → NON-CLONE
[18642/50000] 2026-06-30 05:02:18 | R2 | slinkedlist/test_1_artifice_no_krakatau vs hanoi/1_artifice → NON-CLONE
[18643/50000] 2026-06-30 05:02:20 | R2 | slinkedlist/test_1_artifice_no_krakatau vs hanoi/test_0_orig_no_krakatau → NON-CLONE
[18644/50000] 2026-06-30 05:02:21 | R2 | slinkedlist/test_1_artifice_no_krakatau vs hanoi/test_0_orig_no_procyon → NON-CLONE
[18645/50000] 2026-06-30 05:02:22 | R2 | slinkedlist/test_1_artifice_no_krakatau vs hanoi/test_0_orig_pg_krakatau → NON-CLONE
[18646/50000] 2026-06-30 05:02:23 | R2 | slinkedlist/test_1_artifice_no_krakatau vs hanoi/test_0_orig_pg_procyon → NON-CLONE
[18647/50000] 2026-06-30 05:02:26 | R2 | slinkedlist/test_1_artifice_no_krakatau vs hanoi/test_1_artifice_no_krakatau → NON-CLONE
[18648/50000] 2026-06-30 05:02:28 | R2 | slinkedlist/test_1_artifice_no_krakatau vs hanoi/test_1_artifice_no_procyon → NON-CLONE
[18649/50000] 2026-06-30 05:02:29 | R2 | slinkedlist/test_1_artifice_no_krakatau vs hanoi/test_1_artifice_pg_krakatau → NON-CLONE
[18650/50000] 2026-06-30 05:02:30 | R2 | slinkedlist/test_1_artifice_no_krakatau vs hanoi/test_1_artifice_pg_procyon → NON-CLONE
[18651/50000] 2026-06-30 05:02:32 | R2 | slinkedlist/test_1_artifice_no_krakatau vs kaprekar/0_orig → NON-CLONE
[18652/50000] 2026-06-30 05:02:33 | R2 | slinkedlist/test_1_artifice_no_krakatau vs kaprekar/1_artifice → NON-CLONE
[18653/50000] 2026-06-30 05:02:35 | R2 | slinkedlist/test_1_artifice_no_krakatau vs kaprekar/test_0_orig_no_krakatau → NON-CLONE
[18654/50000] 2026-06-30 05:02:36 | R2 | slinkedlist/test_1_artifice_no_krakatau vs kaprekar/test_0_orig_no_procyon → NON-CLONE
[18655/50000] 2026-06-30 05:02:37 | R2 | slinkedlist/test_1_artifice_no_krakatau vs kaprekar/test_0_orig_pg_krakatau → NON-CLONE
[18656/50000] 2026-06-30 05:02:38 | R2 | slinkedlist/test_1_artifice_no_krakatau vs kaprekar/test_0_orig_pg_procyon → NON-CLONE
[18657/50000] 2026-06-30 05:02:39 | R2 | slinkedlist/test_1_artifice_no_krakatau vs kaprekar/test_1_artifice_no_krakatau → NON-CLONE
[18658/50000] 2026-06-30 05:02:41 | R2 | slinkedlist/test_1_artifice_no_krakatau vs kaprekar/test_1_artifice_no_procyon → NON-CLONE
[18659/50000] 2026-06-30 05:02:42 | R2 | slinkedlist/test_1_artifice_no_krakatau vs kaprekar/test_1_artifice_pg_krakatau → NON-CLONE
[18660/50000] 2026-06-30 05:02:43 | R2 | slinkedlist/test_1_artifice_no_krakatau vs kaprekar/test_1_artifice_pg_procyon → NON-CLONE
[18661/50000] 2026-06-30 05:02:44 | R2 | slinkedlist/test_1_artifice_no_krakatau vs queens/0_orig → NON-CLONE
[18662/50000] 2026-06-30 05:02:45 | R2 | slinkedlist/test_1_artifice_no_krakatau vs queens/1_artifice → NON-CLONE
[18663/50000] 2026-06-30 05:02:46 | R2 | slinkedlist/test_1_artifice_no_krakatau vs queens/test_0_orig_no_krakatau → NON-CLONE
[18664/50000] 2026-06-30 05:02:47 | R2 | slinkedlist/test_1_artifice_no_krakatau vs queens/test_0_orig_no_procyon → NON-CLONE
[18665/50000] 2026-06-30 05:02:48 | R2 | slinkedlist/test_1_artifice_no_krakatau vs queens/test_0_orig_pg_krakatau → NON-CLONE
[18666/50000] 2026-06-30 05:02:50 | R2 | slinkedlist/test_1_artifice_no_krakatau vs queens/test_0_orig_pg_procyon → NON-CLONE
[18667/50000] 2026-06-30 05:02:50 | R2 | slinkedlist/test_1_artifice_no_krakatau vs queens/test_1_artifice_no_krakatau → NON-CLONE
[18668/50000] 2026-06-30 05:02:51 | R2 | slinkedlist/test_1_artifice_no_krakatau vs queens/test_1_artifice_no_procyon → NON-CLONE
[18669/50000] 2026-06-30 05:02:52 | R2 | slinkedlist/test_1_artifice_no_krakatau vs queens/test_1_artifice_pg_krakatau → NON-CLONE
[18670/50000] 2026-06-30 05:02:54 | R2 | slinkedlist/test_1_artifice_no_krakatau vs queens/test_1_artifice_pg_procyon → NON-CLONE
[18671/50000] 2026-06-30 05:02:55 | R2 | slinkedlist/test_1_artifice_no_krakatau vs railroadcar/0_orig → NON-CLONE
[18672/50000] 2026-06-30 05:02:57 | R2 | slinkedlist/test_1_artifice_no_krakatau vs railroadcar/1_artifice → NON-CLONE
[18673/50000] 2026-06-30 05:02:59 | R2 | slinkedlist/test_1_artifice_no_krakatau vs railroadcar/test_0_orig_no_krakatau → NON-CLONE
[18674/50000] 2026-06-30 05:03:00 | R2 | slinkedlist/test_1_artifice_no_krakatau vs railroadcar/test_0_orig_no_procyon → NON-CLONE
[18675/50000] 2026-06-30 05:03:01 | R2 | slinkedlist/test_1_artifice_no_krakatau vs railroadcar/test_0_orig_pg_krakatau → NON-CLONE
[18676/50000] 2026-06-30 05:03:02 | R2 | slinkedlist/test_1_artifice_no_krakatau vs railroadcar/test_0_orig_pg_procyon → NON-CLONE
[18677/50000] 2026-06-30 05:03:03 | R2 | slinkedlist/test_1_artifice_no_krakatau vs railroadcar/test_1_artifice_no_krakatau → NON-CLONE
[18678/50000] 2026-06-30 05:03:04 | R2 | slinkedlist/test_1_artifice_no_krakatau vs railroadcar/test_1_artifice_no_procyon → NON-CLONE
[18679/50000] 2026-06-30 05:03:05 | R2 | slinkedlist/test_1_artifice_no_krakatau vs railroadcar/test_1_artifice_pg_krakatau → NON-CLONE
[18680/50000] 2026-06-30 05:03:06 | R2 | slinkedlist/test_1_artifice_no_krakatau vs railroadcar/test_1_artifice_pg_procyon → NON-CLONE
[18681/50000] 2026-06-30 05:03:09 | R2 | slinkedlist/test_1_artifice_no_krakatau vs slinkedlist/0_orig → CLONE
[18682/50000] 2026-06-30 05:03:11 | R2 | slinkedlist/test_1_artifice_no_krakatau vs slinkedlist/1_artifice → CLONE
[18683/50000] 2026-06-30 05:03:14 | R2 | slinkedlist/test_1_artifice_no_krakatau vs slinkedlist/test_0_orig_no_krakatau → CLONE
[18684/50000] 2026-06-30 05:03:16 | R2 | slinkedlist/test_1_artifice_no_krakatau vs slinkedlist/test_0_orig_no_procyon → CLONE
[18685/50000] 2026-06-30 05:03:18 | R2 | slinkedlist/test_1_artifice_no_krakatau vs slinkedlist/test_0_orig_pg_krakatau → CLONE
[18686/50000] 2026-06-30 05:03:20 | R2 | slinkedlist/test_1_artifice_no_krakatau vs slinkedlist/test_0_orig_pg_procyon → CLONE
[18687/50000] 2026-06-30 05:03:22 | R2 | slinkedlist/test_1_artifice_no_krakatau vs slinkedlist/test_1_artifice_no_krakatau → CLONE
[18688/50000] 2026-06-30 05:03:24 | R2 | slinkedlist/test_1_artifice_no_krakatau vs slinkedlist/test_1_artifice_no_procyon → CLONE
[18689/50000] 2026-06-30 05:03:25 | R2 | slinkedlist/test_1_artifice_no_krakatau vs slinkedlist/test_1_artifice_pg_krakatau → CLONE
[18690/50000] 2026-06-30 05:03:28 | R2 | slinkedlist/test_1_artifice_no_krakatau vs slinkedlist/test_1_artifice_pg_procyon → CLONE
[18691/50000] 2026-06-30 05:03:29 | R2 | slinkedlist/test_1_artifice_no_krakatau vs square/0_orig → NON-CLONE
[18692/50000] 2026-06-30 05:03:30 | R2 | slinkedlist/test_1_artifice_no_krakatau vs square/1_artifice → NON-CLONE
[18693/50000] 2026-06-30 05:03:31 | R2 | slinkedlist/test_1_artifice_no_krakatau vs square/test_0_orig_no_krakatau → NON-CLONE
[18694/50000] 2026-06-30 05:03:32 | R2 | slinkedlist/test_1_artifice_no_krakatau vs square/test_0_orig_no_procyon → NON-CLONE
[18695/50000] 2026-06-30 05:03:33 | R2 | slinkedlist/test_1_artifice_no_krakatau vs square/test_0_orig_pg_krakatau → NON-CLONE
[18696/50000] 2026-06-30 05:03:35 | R2 | slinkedlist/test_1_artifice_no_krakatau vs square/test_0_orig_pg_procyon → NON-CLONE
[18697/50000] 2026-06-30 05:03:36 | R2 | slinkedlist/test_1_artifice_no_krakatau vs square/test_1_artifice_no_krakatau → NON-CLONE
[18698/50000] 2026-06-30 05:03:37 | R2 | slinkedlist/test_1_artifice_no_krakatau vs square/test_1_artifice_no_procyon → NON-CLONE
[18699/50000] 2026-06-30 05:03:38 | R2 | slinkedlist/test_1_artifice_no_krakatau vs square/test_1_artifice_pg_krakatau → NON-CLONE
[18700/50000] 2026-06-30 05:03:39 | R2 | slinkedlist/test_1_artifice_no_krakatau vs square/test_1_artifice_pg_procyon → NON-CLONE
[18701/50000] 2026-06-30 05:03:40 | R2 | slinkedlist/test_1_artifice_no_procyon vs InfixConverter/0_orig → NON-CLONE
[18702/50000] 2026-06-30 05:03:41 | R2 | slinkedlist/test_1_artifice_no_procyon vs InfixConverter/1_artifice → NON-CLONE
[18703/50000] 2026-06-30 05:03:42 | R2 | slinkedlist/test_1_artifice_no_procyon vs InfixConverter/test_0_orig_no_krakatau → NON-CLONE
[18704/50000] 2026-06-30 05:03:43 | R2 | slinkedlist/test_1_artifice_no_procyon vs InfixConverter/test_0_orig_no_procyon → NON-CLONE
[18705/50000] 2026-06-30 05:03:44 | R2 | slinkedlist/test_1_artifice_no_procyon vs InfixConverter/test_0_orig_pg_krakatau → NON-CLONE
[18706/50000] 2026-06-30 05:03:45 | R2 | slinkedlist/test_1_artifice_no_procyon vs InfixConverter/test_0_orig_pg_procyon → NON-CLONE
[18707/50000] 2026-06-30 05:03:47 | R2 | slinkedlist/test_1_artifice_no_procyon vs InfixConverter/test_1_artifice_no_krakatau → NON-CLONE
[18708/50000] 2026-06-30 05:03:48 | R2 | slinkedlist/test_1_artifice_no_procyon vs InfixConverter/test_1_artifice_no_procyon → NON-CLONE
[18709/50000] 2026-06-30 05:03:50 | R2 | slinkedlist/test_1_artifice_no_procyon vs InfixConverter/test_1_artifice_pg_krakatau → NON-CLONE
[18710/50000] 2026-06-30 05:03:51 | R2 | slinkedlist/test_1_artifice_no_procyon vs InfixConverter/test_1_artifice_pg_procyon → NON-CLONE
[18711/50000] 2026-06-30 05:03:52 | R2 | slinkedlist/test_1_artifice_no_procyon vs SqrtAlgorithm/0_orig → NON-CLONE
[18712/50000] 2026-06-30 05:03:54 | R2 | slinkedlist/test_1_artifice_no_procyon vs SqrtAlgorithm/1_artifice → NON-CLONE
[18713/50000] 2026-06-30 05:03:55 | R2 | slinkedlist/test_1_artifice_no_procyon vs SqrtAlgorithm/test_0_orig_no_krakatau → NON-CLONE
[18714/50000] 2026-06-30 05:03:56 | R2 | slinkedlist/test_1_artifice_no_procyon vs SqrtAlgorithm/test_0_orig_no_procyon → NON-CLONE
[18715/50000] 2026-06-30 05:03:57 | R2 | slinkedlist/test_1_artifice_no_procyon vs SqrtAlgorithm/test_0_orig_pg_krakatau → NON-CLONE
[18716/50000] 2026-06-30 05:03:59 | R2 | slinkedlist/test_1_artifice_no_procyon vs SqrtAlgorithm/test_0_orig_pg_procyon → NON-CLONE
[18717/50000] 2026-06-30 05:04:01 | R2 | slinkedlist/test_1_artifice_no_procyon vs SqrtAlgorithm/test_1_artifice_no_krakatau → NON-CLONE
[18718/50000] 2026-06-30 05:04:02 | R2 | slinkedlist/test_1_artifice_no_procyon vs SqrtAlgorithm/test_1_artifice_no_procyon → NON-CLONE
[18719/50000] 2026-06-30 05:04:03 | R2 | slinkedlist/test_1_artifice_no_procyon vs SqrtAlgorithm/test_1_artifice_pg_krakatau → NON-CLONE
[18720/50000] 2026-06-30 05:04:04 | R2 | slinkedlist/test_1_artifice_no_procyon vs SqrtAlgorithm/test_1_artifice_pg_procyon → NON-CLONE
[18721/50000] 2026-06-30 05:04:05 | R2 | slinkedlist/test_1_artifice_no_procyon vs bubblesort/0_orig → NON-CLONE
[18722/50000] 2026-06-30 05:04:07 | R2 | slinkedlist/test_1_artifice_no_procyon vs bubblesort/1_artifice → NON-CLONE
[18723/50000] 2026-06-30 05:04:08 | R2 | slinkedlist/test_1_artifice_no_procyon vs bubblesort/test_0_orig_no_krakatau → NON-CLONE
[18724/50000] 2026-06-30 05:04:09 | R2 | slinkedlist/test_1_artifice_no_procyon vs bubblesort/test_0_orig_no_procyon → NON-CLONE
[18725/50000] 2026-06-30 05:04:10 | R2 | slinkedlist/test_1_artifice_no_procyon vs bubblesort/test_0_orig_pg_krakatau → NON-CLONE
[18726/50000] 2026-06-30 05:04:11 | R2 | slinkedlist/test_1_artifice_no_procyon vs bubblesort/test_0_orig_pg_procyon → NON-CLONE
[18727/50000] 2026-06-30 05:04:12 | R2 | slinkedlist/test_1_artifice_no_procyon vs bubblesort/test_1_artifice_no_krakatau → NON-CLONE
[18728/50000] 2026-06-30 05:04:13 | R2 | slinkedlist/test_1_artifice_no_procyon vs bubblesort/test_1_artifice_no_procyon → NON-CLONE
[18729/50000] 2026-06-30 05:04:14 | R2 | slinkedlist/test_1_artifice_no_procyon vs bubblesort/test_1_artifice_pg_krakatau → NON-CLONE
[18730/50000] 2026-06-30 05:04:15 | R2 | slinkedlist/test_1_artifice_no_procyon vs bubblesort/test_1_artifice_pg_procyon → NON-CLONE
[18731/50000] 2026-06-30 05:04:16 | R2 | slinkedlist/test_1_artifice_no_procyon vs guessword/0_orig → NON-CLONE
[18732/50000] 2026-06-30 05:04:18 | R2 | slinkedlist/test_1_artifice_no_procyon vs guessword/1_artifice → NON-CLONE
[18733/50000] 2026-06-30 05:04:19 | R2 | slinkedlist/test_1_artifice_no_procyon vs guessword/test_0_orig_no_krakatau → NON-CLONE
[18734/50000] 2026-06-30 05:04:20 | R2 | slinkedlist/test_1_artifice_no_procyon vs guessword/test_0_orig_no_procyon → NON-CLONE
[18735/50000] 2026-06-30 05:04:21 | R2 | slinkedlist/test_1_artifice_no_procyon vs guessword/test_0_orig_pg_krakatau → NON-CLONE
[18736/50000] 2026-06-30 05:04:23 | R2 | slinkedlist/test_1_artifice_no_procyon vs guessword/test_0_orig_pg_procyon → NON-CLONE
[18737/50000] 2026-06-30 05:04:24 | R2 | slinkedlist/test_1_artifice_no_procyon vs guessword/test_1_artifice_no_krakatau → NON-CLONE
[18738/50000] 2026-06-30 05:04:25 | R2 | slinkedlist/test_1_artifice_no_procyon vs guessword/test_1_artifice_no_procyon → NON-CLONE
[18739/50000] 2026-06-30 05:04:26 | R2 | slinkedlist/test_1_artifice_no_procyon vs guessword/test_1_artifice_pg_krakatau → NON-CLONE
[18740/50000] 2026-06-30 05:04:28 | R2 | slinkedlist/test_1_artifice_no_procyon vs guessword/test_1_artifice_pg_procyon → NON-CLONE
[18741/50000] 2026-06-30 05:04:29 | R2 | slinkedlist/test_1_artifice_no_procyon vs hanoi/0_orig → NON-CLONE
[18742/50000] 2026-06-30 05:04:31 | R2 | slinkedlist/test_1_artifice_no_procyon vs hanoi/1_artifice → NON-CLONE
[18743/50000] 2026-06-30 05:04:33 | R2 | slinkedlist/test_1_artifice_no_procyon vs hanoi/test_0_orig_no_krakatau → NON-CLONE
[18744/50000] 2026-06-30 05:04:34 | R2 | slinkedlist/test_1_artifice_no_procyon vs hanoi/test_0_orig_no_procyon → NON-CLONE
[18745/50000] 2026-06-30 05:04:36 | R2 | slinkedlist/test_1_artifice_no_procyon vs hanoi/test_0_orig_pg_krakatau → NON-CLONE
[18746/50000] 2026-06-30 05:04:38 | R2 | slinkedlist/test_1_artifice_no_procyon vs hanoi/test_0_orig_pg_procyon → NON-CLONE
[18747/50000] 2026-06-30 05:04:41 | R2 | slinkedlist/test_1_artifice_no_procyon vs hanoi/test_1_artifice_no_krakatau → NON-CLONE
[18748/50000] 2026-06-30 05:04:44 | R2 | slinkedlist/test_1_artifice_no_procyon vs hanoi/test_1_artifice_no_procyon → NON-CLONE
[18749/50000] 2026-06-30 05:04:45 | R2 | slinkedlist/test_1_artifice_no_procyon vs hanoi/test_1_artifice_pg_krakatau → NON-CLONE
[18750/50000] 2026-06-30 05:04:47 | R2 | slinkedlist/test_1_artifice_no_procyon vs hanoi/test_1_artifice_pg_procyon → NON-CLONE
[18751/50000] 2026-06-30 05:04:49 | R2 | slinkedlist/test_1_artifice_no_procyon vs kaprekar/0_orig → NON-CLONE
[18752/50000] 2026-06-30 05:04:50 | R2 | slinkedlist/test_1_artifice_no_procyon vs kaprekar/1_artifice → NON-CLONE
[18753/50000] 2026-06-30 05:04:51 | R2 | slinkedlist/test_1_artifice_no_procyon vs kaprekar/test_0_orig_no_krakatau → NON-CLONE
[18754/50000] 2026-06-30 05:04:52 | R2 | slinkedlist/test_1_artifice_no_procyon vs kaprekar/test_0_orig_no_procyon → NON-CLONE
[18755/50000] 2026-06-30 05:04:54 | R2 | slinkedlist/test_1_artifice_no_procyon vs kaprekar/test_0_orig_pg_krakatau → NON-CLONE
[18756/50000] 2026-06-30 05:04:55 | R2 | slinkedlist/test_1_artifice_no_procyon vs kaprekar/test_0_orig_pg_procyon → NON-CLONE
[18757/50000] 2026-06-30 05:04:56 | R2 | slinkedlist/test_1_artifice_no_procyon vs kaprekar/test_1_artifice_no_krakatau → NON-CLONE
[18758/50000] 2026-06-30 05:04:57 | R2 | slinkedlist/test_1_artifice_no_procyon vs kaprekar/test_1_artifice_no_procyon → NON-CLONE
[18759/50000] 2026-06-30 05:04:59 | R2 | slinkedlist/test_1_artifice_no_procyon vs kaprekar/test_1_artifice_pg_krakatau → NON-CLONE
[18760/50000] 2026-06-30 05:05:00 | R2 | slinkedlist/test_1_artifice_no_procyon vs kaprekar/test_1_artifice_pg_procyon → NON-CLONE
[18761/50000] 2026-06-30 05:05:01 | R2 | slinkedlist/test_1_artifice_no_procyon vs queens/0_orig → NON-CLONE
[18762/50000] 2026-06-30 05:05:02 | R2 | slinkedlist/test_1_artifice_no_procyon vs queens/1_artifice → NON-CLONE
[18763/50000] 2026-06-30 05:05:04 | R2 | slinkedlist/test_1_artifice_no_procyon vs queens/test_0_orig_no_krakatau → NON-CLONE
[18764/50000] 2026-06-30 05:05:06 | R2 | slinkedlist/test_1_artifice_no_procyon vs queens/test_0_orig_no_procyon → NON-CLONE
[18765/50000] 2026-06-30 05:05:08 | R2 | slinkedlist/test_1_artifice_no_procyon vs queens/test_0_orig_pg_krakatau → NON-CLONE
[18766/50000] 2026-06-30 05:05:09 | R2 | slinkedlist/test_1_artifice_no_procyon vs queens/test_0_orig_pg_procyon → NON-CLONE
[18767/50000] 2026-06-30 05:05:10 | R2 | slinkedlist/test_1_artifice_no_procyon vs queens/test_1_artifice_no_krakatau → NON-CLONE
[18768/50000] 2026-06-30 05:05:12 | R2 | slinkedlist/test_1_artifice_no_procyon vs queens/test_1_artifice_no_procyon → NON-CLONE
[18769/50000] 2026-06-30 05:05:15 | R2 | slinkedlist/test_1_artifice_no_procyon vs queens/test_1_artifice_pg_krakatau → NON-CLONE
[18770/50000] 2026-06-30 05:05:16 | R2 | slinkedlist/test_1_artifice_no_procyon vs queens/test_1_artifice_pg_procyon → NON-CLONE
[18771/50000] 2026-06-30 05:05:18 | R2 | slinkedlist/test_1_artifice_no_procyon vs railroadcar/0_orig → NON-CLONE
[18772/50000] 2026-06-30 05:05:19 | R2 | slinkedlist/test_1_artifice_no_procyon vs railroadcar/1_artifice → NON-CLONE
[18773/50000] 2026-06-30 05:05:21 | R2 | slinkedlist/test_1_artifice_no_procyon vs railroadcar/test_0_orig_no_krakatau → NON-CLONE
[18774/50000] 2026-06-30 05:05:23 | R2 | slinkedlist/test_1_artifice_no_procyon vs railroadcar/test_0_orig_no_procyon → NON-CLONE
[18775/50000] 2026-06-30 05:05:24 | R2 | slinkedlist/test_1_artifice_no_procyon vs railroadcar/test_0_orig_pg_krakatau → NON-CLONE
[18776/50000] 2026-06-30 05:05:25 | R2 | slinkedlist/test_1_artifice_no_procyon vs railroadcar/test_0_orig_pg_procyon → NON-CLONE
[18777/50000] 2026-06-30 05:05:27 | R2 | slinkedlist/test_1_artifice_no_procyon vs railroadcar/test_1_artifice_no_krakatau → NON-CLONE
[18778/50000] 2026-06-30 05:05:28 | R2 | slinkedlist/test_1_artifice_no_procyon vs railroadcar/test_1_artifice_no_procyon → NON-CLONE
[18779/50000] 2026-06-30 05:05:30 | R2 | slinkedlist/test_1_artifice_no_procyon vs railroadcar/test_1_artifice_pg_krakatau → NON-CLONE
[18780/50000] 2026-06-30 05:05:31 | R2 | slinkedlist/test_1_artifice_no_procyon vs railroadcar/test_1_artifice_pg_procyon → NON-CLONE
[18781/50000] 2026-06-30 05:05:32 | R2 | slinkedlist/test_1_artifice_no_procyon vs slinkedlist/0_orig → CLONE
[18782/50000] 2026-06-30 05:05:35 | R2 | slinkedlist/test_1_artifice_no_procyon vs slinkedlist/1_artifice → CLONE
[18783/50000] 2026-06-30 05:05:37 | R2 | slinkedlist/test_1_artifice_no_procyon vs slinkedlist/test_0_orig_no_krakatau → CLONE
[18784/50000] 2026-06-30 05:05:39 | R2 | slinkedlist/test_1_artifice_no_procyon vs slinkedlist/test_0_orig_no_procyon → CLONE
[18785/50000] 2026-06-30 05:05:41 | R2 | slinkedlist/test_1_artifice_no_procyon vs slinkedlist/test_0_orig_pg_krakatau → CLONE
[18786/50000] 2026-06-30 05:05:42 | R2 | slinkedlist/test_1_artifice_no_procyon vs slinkedlist/test_0_orig_pg_procyon → CLONE
[18787/50000] 2026-06-30 05:05:44 | R2 | slinkedlist/test_1_artifice_no_procyon vs slinkedlist/test_1_artifice_no_krakatau → CLONE
[18788/50000] 2026-06-30 05:05:46 | R2 | slinkedlist/test_1_artifice_no_procyon vs slinkedlist/test_1_artifice_no_procyon → CLONE
[18789/50000] 2026-06-30 05:05:48 | R2 | slinkedlist/test_1_artifice_no_procyon vs slinkedlist/test_1_artifice_pg_krakatau → CLONE
[18790/50000] 2026-06-30 05:05:50 | R2 | slinkedlist/test_1_artifice_no_procyon vs slinkedlist/test_1_artifice_pg_procyon → CLONE
[18791/50000] 2026-06-30 05:05:51 | R2 | slinkedlist/test_1_artifice_no_procyon vs square/0_orig → NON-CLONE
[18792/50000] 2026-06-30 05:05:52 | R2 | slinkedlist/test_1_artifice_no_procyon vs square/1_artifice → NON-CLONE
[18793/50000] 2026-06-30 05:05:53 | R2 | slinkedlist/test_1_artifice_no_procyon vs square/test_0_orig_no_krakatau → NON-CLONE
[18794/50000] 2026-06-30 05:05:54 | R2 | slinkedlist/test_1_artifice_no_procyon vs square/test_0_orig_no_procyon → NON-CLONE
[18795/50000] 2026-06-30 05:05:55 | R2 | slinkedlist/test_1_artifice_no_procyon vs square/test_0_orig_pg_krakatau → NON-CLONE
[18796/50000] 2026-06-30 05:05:56 | R2 | slinkedlist/test_1_artifice_no_procyon vs square/test_0_orig_pg_procyon → NON-CLONE
[18797/50000] 2026-06-30 05:05:57 | R2 | slinkedlist/test_1_artifice_no_procyon vs square/test_1_artifice_no_krakatau → NON-CLONE
[18798/50000] 2026-06-30 05:05:58 | R2 | slinkedlist/test_1_artifice_no_procyon vs square/test_1_artifice_no_procyon → NON-CLONE
[18799/50000] 2026-06-30 05:05:59 | R2 | slinkedlist/test_1_artifice_no_procyon vs square/test_1_artifice_pg_krakatau → NON-CLONE
[18800/50000] 2026-06-30 05:06:01 | R2 | slinkedlist/test_1_artifice_no_procyon vs square/test_1_artifice_pg_procyon → NON-CLONE
[18801/50000] 2026-06-30 05:06:01 | R2 | slinkedlist/test_1_artifice_pg_krakatau vs InfixConverter/0_orig → NON-CLONE
[18802/50000] 2026-06-30 05:06:02 | R2 | slinkedlist/test_1_artifice_pg_krakatau vs InfixConverter/1_artifice → NON-CLONE
[18803/50000] 2026-06-30 05:06:03 | R2 | slinkedlist/test_1_artifice_pg_krakatau vs InfixConverter/test_0_orig_no_krakatau → NON-CLONE
[18804/50000] 2026-06-30 05:06:04 | R2 | slinkedlist/test_1_artifice_pg_krakatau vs InfixConverter/test_0_orig_no_procyon → NON-CLONE
[18805/50000] 2026-06-30 05:06:05 | R2 | slinkedlist/test_1_artifice_pg_krakatau vs InfixConverter/test_0_orig_pg_krakatau → NON-CLONE
[18806/50000] 2026-06-30 05:06:06 | R2 | slinkedlist/test_1_artifice_pg_krakatau vs InfixConverter/test_0_orig_pg_procyon → NON-CLONE
[18807/50000] 2026-06-30 05:06:07 | R2 | slinkedlist/test_1_artifice_pg_krakatau vs InfixConverter/test_1_artifice_no_krakatau → NON-CLONE
[18808/50000] 2026-06-30 05:06:08 | R2 | slinkedlist/test_1_artifice_pg_krakatau vs InfixConverter/test_1_artifice_no_procyon → NON-CLONE
[18809/50000] 2026-06-30 05:06:09 | R2 | slinkedlist/test_1_artifice_pg_krakatau vs InfixConverter/test_1_artifice_pg_krakatau → NON-CLONE
[18810/50000] 2026-06-30 05:06:10 | R2 | slinkedlist/test_1_artifice_pg_krakatau vs InfixConverter/test_1_artifice_pg_procyon → NON-CLONE
[18811/50000] 2026-06-30 05:06:11 | R2 | slinkedlist/test_1_artifice_pg_krakatau vs SqrtAlgorithm/0_orig → NON-CLONE
[18812/50000] 2026-06-30 05:06:12 | R2 | slinkedlist/test_1_artifice_pg_krakatau vs SqrtAlgorithm/1_artifice → NON-CLONE
[18813/50000] 2026-06-30 05:06:14 | R2 | slinkedlist/test_1_artifice_pg_krakatau vs SqrtAlgorithm/test_0_orig_no_krakatau → NON-CLONE
[18814/50000] 2026-06-30 05:06:15 | R2 | slinkedlist/test_1_artifice_pg_krakatau vs SqrtAlgorithm/test_0_orig_no_procyon → NON-CLONE
[18815/50000] 2026-06-30 05:06:16 | R2 | slinkedlist/test_1_artifice_pg_krakatau vs SqrtAlgorithm/test_0_orig_pg_krakatau → NON-CLONE
[18816/50000] 2026-06-30 05:06:16 | R2 | slinkedlist/test_1_artifice_pg_krakatau vs SqrtAlgorithm/test_0_orig_pg_procyon → NON-CLONE
[18817/50000] 2026-06-30 05:06:18 | R2 | slinkedlist/test_1_artifice_pg_krakatau vs SqrtAlgorithm/test_1_artifice_no_krakatau → NON-CLONE
[18818/50000] 2026-06-30 05:06:19 | R2 | slinkedlist/test_1_artifice_pg_krakatau vs SqrtAlgorithm/test_1_artifice_no_procyon → NON-CLONE
[18819/50000] 2026-06-30 05:06:20 | R2 | slinkedlist/test_1_artifice_pg_krakatau vs SqrtAlgorithm/test_1_artifice_pg_krakatau → NON-CLONE
[18820/50000] 2026-06-30 05:06:21 | R2 | slinkedlist/test_1_artifice_pg_krakatau vs SqrtAlgorithm/test_1_artifice_pg_procyon → NON-CLONE
[18821/50000] 2026-06-30 05:06:22 | R2 | slinkedlist/test_1_artifice_pg_krakatau vs bubblesort/0_orig → NON-CLONE
[18822/50000] 2026-06-30 05:06:22 | R2 | slinkedlist/test_1_artifice_pg_krakatau vs bubblesort/1_artifice → NON-CLONE
[18823/50000] 2026-06-30 05:06:23 | R2 | slinkedlist/test_1_artifice_pg_krakatau vs bubblesort/test_0_orig_no_krakatau → NON-CLONE
[18824/50000] 2026-06-30 05:06:24 | R2 | slinkedlist/test_1_artifice_pg_krakatau vs bubblesort/test_0_orig_no_procyon → NON-CLONE
[18825/50000] 2026-06-30 05:06:25 | R2 | slinkedlist/test_1_artifice_pg_krakatau vs bubblesort/test_0_orig_pg_krakatau → NON-CLONE
[18826/50000] 2026-06-30 05:06:26 | R2 | slinkedlist/test_1_artifice_pg_krakatau vs bubblesort/test_0_orig_pg_procyon → NON-CLONE
[18827/50000] 2026-06-30 05:06:27 | R2 | slinkedlist/test_1_artifice_pg_krakatau vs bubblesort/test_1_artifice_no_krakatau → NON-CLONE
[18828/50000] 2026-06-30 05:06:28 | R2 | slinkedlist/test_1_artifice_pg_krakatau vs bubblesort/test_1_artifice_no_procyon → NON-CLONE
[18829/50000] 2026-06-30 05:06:29 | R2 | slinkedlist/test_1_artifice_pg_krakatau vs bubblesort/test_1_artifice_pg_krakatau → NON-CLONE
[18830/50000] 2026-06-30 05:06:29 | R2 | slinkedlist/test_1_artifice_pg_krakatau vs bubblesort/test_1_artifice_pg_procyon → NON-CLONE
[18831/50000] 2026-06-30 05:06:30 | R2 | slinkedlist/test_1_artifice_pg_krakatau vs guessword/0_orig → NON-CLONE
[18832/50000] 2026-06-30 05:06:32 | R2 | slinkedlist/test_1_artifice_pg_krakatau vs guessword/1_artifice → NON-CLONE
[18833/50000] 2026-06-30 05:06:32 | R2 | slinkedlist/test_1_artifice_pg_krakatau vs guessword/test_0_orig_no_krakatau → NON-CLONE
[18834/50000] 2026-06-30 05:06:33 | R2 | slinkedlist/test_1_artifice_pg_krakatau vs guessword/test_0_orig_no_procyon → NON-CLONE
[18835/50000] 2026-06-30 05:06:34 | R2 | slinkedlist/test_1_artifice_pg_krakatau vs guessword/test_0_orig_pg_krakatau → NON-CLONE
[18836/50000] 2026-06-30 05:06:35 | R2 | slinkedlist/test_1_artifice_pg_krakatau vs guessword/test_0_orig_pg_procyon → NON-CLONE
[18837/50000] 2026-06-30 05:06:36 | R2 | slinkedlist/test_1_artifice_pg_krakatau vs guessword/test_1_artifice_no_krakatau → NON-CLONE
[18838/50000] 2026-06-30 05:06:37 | R2 | slinkedlist/test_1_artifice_pg_krakatau vs guessword/test_1_artifice_no_procyon → NON-CLONE
[18839/50000] 2026-06-30 05:06:38 | R2 | slinkedlist/test_1_artifice_pg_krakatau vs guessword/test_1_artifice_pg_krakatau → NON-CLONE
[18840/50000] 2026-06-30 05:06:39 | R2 | slinkedlist/test_1_artifice_pg_krakatau vs guessword/test_1_artifice_pg_procyon → NON-CLONE
[18841/50000] 2026-06-30 05:06:40 | R2 | slinkedlist/test_1_artifice_pg_krakatau vs hanoi/0_orig → NON-CLONE
[18842/50000] 2026-06-30 05:06:42 | R2 | slinkedlist/test_1_artifice_pg_krakatau vs hanoi/1_artifice → NON-CLONE
[18843/50000] 2026-06-30 05:06:43 | R2 | slinkedlist/test_1_artifice_pg_krakatau vs hanoi/test_0_orig_no_krakatau → NON-CLONE
[18844/50000] 2026-06-30 05:06:44 | R2 | slinkedlist/test_1_artifice_pg_krakatau vs hanoi/test_0_orig_no_procyon → NON-CLONE
[18845/50000] 2026-06-30 05:06:45 | R2 | slinkedlist/test_1_artifice_pg_krakatau vs hanoi/test_0_orig_pg_krakatau → NON-CLONE
[18846/50000] 2026-06-30 05:06:47 | R2 | slinkedlist/test_1_artifice_pg_krakatau vs hanoi/test_0_orig_pg_procyon → NON-CLONE
[18847/50000] 2026-06-30 05:06:48 | R2 | slinkedlist/test_1_artifice_pg_krakatau vs hanoi/test_1_artifice_no_krakatau → NON-CLONE
[18848/50000] 2026-06-30 05:06:49 | R2 | slinkedlist/test_1_artifice_pg_krakatau vs hanoi/test_1_artifice_no_procyon → NON-CLONE
[18849/50000] 2026-06-30 05:06:51 | R2 | slinkedlist/test_1_artifice_pg_krakatau vs hanoi/test_1_artifice_pg_krakatau → NON-CLONE
[18850/50000] 2026-06-30 05:06:52 | R2 | slinkedlist/test_1_artifice_pg_krakatau vs hanoi/test_1_artifice_pg_procyon → NON-CLONE
[18851/50000] 2026-06-30 05:06:54 | R2 | slinkedlist/test_1_artifice_pg_krakatau vs kaprekar/0_orig → NON-CLONE
[18852/50000] 2026-06-30 05:06:55 | R2 | slinkedlist/test_1_artifice_pg_krakatau vs kaprekar/1_artifice → NON-CLONE
[18853/50000] 2026-06-30 05:06:56 | R2 | slinkedlist/test_1_artifice_pg_krakatau vs kaprekar/test_0_orig_no_krakatau → NON-CLONE
[18854/50000] 2026-06-30 05:06:57 | R2 | slinkedlist/test_1_artifice_pg_krakatau vs kaprekar/test_0_orig_no_procyon → NON-CLONE
[18855/50000] 2026-06-30 05:06:58 | R2 | slinkedlist/test_1_artifice_pg_krakatau vs kaprekar/test_0_orig_pg_krakatau → NON-CLONE
[18856/50000] 2026-06-30 05:06:59 | R2 | slinkedlist/test_1_artifice_pg_krakatau vs kaprekar/test_0_orig_pg_procyon → NON-CLONE
[18857/50000] 2026-06-30 05:07:00 | R2 | slinkedlist/test_1_artifice_pg_krakatau vs kaprekar/test_1_artifice_no_krakatau → NON-CLONE
[18858/50000] 2026-06-30 05:07:01 | R2 | slinkedlist/test_1_artifice_pg_krakatau vs kaprekar/test_1_artifice_no_procyon → NON-CLONE
[18859/50000] 2026-06-30 05:07:02 | R2 | slinkedlist/test_1_artifice_pg_krakatau vs kaprekar/test_1_artifice_pg_krakatau → NON-CLONE
[18860/50000] 2026-06-30 05:07:03 | R2 | slinkedlist/test_1_artifice_pg_krakatau vs kaprekar/test_1_artifice_pg_procyon → NON-CLONE
[18861/50000] 2026-06-30 05:07:04 | R2 | slinkedlist/test_1_artifice_pg_krakatau vs queens/0_orig → NON-CLONE
[18862/50000] 2026-06-30 05:07:05 | R2 | slinkedlist/test_1_artifice_pg_krakatau vs queens/1_artifice → NON-CLONE
[18863/50000] 2026-06-30 05:07:06 | R2 | slinkedlist/test_1_artifice_pg_krakatau vs queens/test_0_orig_no_krakatau → NON-CLONE
[18864/50000] 2026-06-30 05:07:07 | R2 | slinkedlist/test_1_artifice_pg_krakatau vs queens/test_0_orig_no_procyon → NON-CLONE
[18865/50000] 2026-06-30 05:07:08 | R2 | slinkedlist/test_1_artifice_pg_krakatau vs queens/test_0_orig_pg_krakatau → NON-CLONE
[18866/50000] 2026-06-30 05:07:09 | R2 | slinkedlist/test_1_artifice_pg_krakatau vs queens/test_0_orig_pg_procyon → NON-CLONE
[18867/50000] 2026-06-30 05:07:10 | R2 | slinkedlist/test_1_artifice_pg_krakatau vs queens/test_1_artifice_no_krakatau → NON-CLONE
[18868/50000] 2026-06-30 05:07:11 | R2 | slinkedlist/test_1_artifice_pg_krakatau vs queens/test_1_artifice_no_procyon → NON-CLONE
[18869/50000] 2026-06-30 05:07:12 | R2 | slinkedlist/test_1_artifice_pg_krakatau vs queens/test_1_artifice_pg_krakatau → NON-CLONE
[18870/50000] 2026-06-30 05:07:12 | R2 | slinkedlist/test_1_artifice_pg_krakatau vs queens/test_1_artifice_pg_procyon → NON-CLONE
[18871/50000] 2026-06-30 05:07:13 | R2 | slinkedlist/test_1_artifice_pg_krakatau vs railroadcar/0_orig → NON-CLONE
[18872/50000] 2026-06-30 05:07:14 | R2 | slinkedlist/test_1_artifice_pg_krakatau vs railroadcar/1_artifice → NON-CLONE
[18873/50000] 2026-06-30 05:07:15 | R2 | slinkedlist/test_1_artifice_pg_krakatau vs railroadcar/test_0_orig_no_krakatau → NON-CLONE
[18874/50000] 2026-06-30 05:07:16 | R2 | slinkedlist/test_1_artifice_pg_krakatau vs railroadcar/test_0_orig_no_procyon → NON-CLONE
[18875/50000] 2026-06-30 05:07:17 | R2 | slinkedlist/test_1_artifice_pg_krakatau vs railroadcar/test_0_orig_pg_krakatau → NON-CLONE
[18876/50000] 2026-06-30 05:07:18 | R2 | slinkedlist/test_1_artifice_pg_krakatau vs railroadcar/test_0_orig_pg_procyon → NON-CLONE
[18877/50000] 2026-06-30 05:07:19 | R2 | slinkedlist/test_1_artifice_pg_krakatau vs railroadcar/test_1_artifice_no_krakatau → NON-CLONE
[18878/50000] 2026-06-30 05:07:20 | R2 | slinkedlist/test_1_artifice_pg_krakatau vs railroadcar/test_1_artifice_no_procyon → NON-CLONE
[18879/50000] 2026-06-30 05:07:20 | R2 | slinkedlist/test_1_artifice_pg_krakatau vs railroadcar/test_1_artifice_pg_krakatau → NON-CLONE
[18880/50000] 2026-06-30 05:07:21 | R2 | slinkedlist/test_1_artifice_pg_krakatau vs railroadcar/test_1_artifice_pg_procyon → NON-CLONE
[18881/50000] 2026-06-30 05:07:23 | R2 | slinkedlist/test_1_artifice_pg_krakatau vs slinkedlist/0_orig → CLONE
[18882/50000] 2026-06-30 05:07:25 | R2 | slinkedlist/test_1_artifice_pg_krakatau vs slinkedlist/1_artifice → CLONE
[18883/50000] 2026-06-30 05:07:27 | R2 | slinkedlist/test_1_artifice_pg_krakatau vs slinkedlist/test_0_orig_no_krakatau → CLONE
[18884/50000] 2026-06-30 05:07:29 | R2 | slinkedlist/test_1_artifice_pg_krakatau vs slinkedlist/test_0_orig_no_procyon → CLONE
[18885/50000] 2026-06-30 05:07:30 | R2 | slinkedlist/test_1_artifice_pg_krakatau vs slinkedlist/test_0_orig_pg_krakatau → CLONE
[18886/50000] 2026-06-30 05:07:31 | R2 | slinkedlist/test_1_artifice_pg_krakatau vs slinkedlist/test_0_orig_pg_procyon → CLONE
[18887/50000] 2026-06-30 05:07:35 | R2 | slinkedlist/test_1_artifice_pg_krakatau vs slinkedlist/test_1_artifice_no_krakatau → CLONE
[18888/50000] 2026-06-30 05:07:36 | R2 | slinkedlist/test_1_artifice_pg_krakatau vs slinkedlist/test_1_artifice_no_procyon → CLONE
[18889/50000] 2026-06-30 05:07:37 | R2 | slinkedlist/test_1_artifice_pg_krakatau vs slinkedlist/test_1_artifice_pg_krakatau → CLONE
[18890/50000] 2026-06-30 05:07:39 | R2 | slinkedlist/test_1_artifice_pg_krakatau vs slinkedlist/test_1_artifice_pg_procyon → CLONE
[18891/50000] 2026-06-30 05:07:40 | R2 | slinkedlist/test_1_artifice_pg_krakatau vs square/0_orig → NON-CLONE
[18892/50000] 2026-06-30 05:07:41 | R2 | slinkedlist/test_1_artifice_pg_krakatau vs square/1_artifice → NON-CLONE
[18893/50000] 2026-06-30 05:07:42 | R2 | slinkedlist/test_1_artifice_pg_krakatau vs square/test_0_orig_no_krakatau → NON-CLONE
[18894/50000] 2026-06-30 05:07:43 | R2 | slinkedlist/test_1_artifice_pg_krakatau vs square/test_0_orig_no_procyon → NON-CLONE
[18895/50000] 2026-06-30 05:07:44 | R2 | slinkedlist/test_1_artifice_pg_krakatau vs square/test_0_orig_pg_krakatau → NON-CLONE
[18896/50000] 2026-06-30 05:07:46 | R2 | slinkedlist/test_1_artifice_pg_krakatau vs square/test_0_orig_pg_procyon → NON-CLONE
[18897/50000] 2026-06-30 05:07:47 | R2 | slinkedlist/test_1_artifice_pg_krakatau vs square/test_1_artifice_no_krakatau → NON-CLONE
[18898/50000] 2026-06-30 05:07:48 | R2 | slinkedlist/test_1_artifice_pg_krakatau vs square/test_1_artifice_no_procyon → NON-CLONE
[18899/50000] 2026-06-30 05:07:49 | R2 | slinkedlist/test_1_artifice_pg_krakatau vs square/test_1_artifice_pg_krakatau → NON-CLONE
[18900/50000] 2026-06-30 05:07:50 | R2 | slinkedlist/test_1_artifice_pg_krakatau vs square/test_1_artifice_pg_procyon → NON-CLONE
[18901/50000] 2026-06-30 05:07:51 | R2 | slinkedlist/test_1_artifice_pg_procyon vs InfixConverter/0_orig → NON-CLONE
[18902/50000] 2026-06-30 05:07:52 | R2 | slinkedlist/test_1_artifice_pg_procyon vs InfixConverter/1_artifice → NON-CLONE
[18903/50000] 2026-06-30 05:07:53 | R2 | slinkedlist/test_1_artifice_pg_procyon vs InfixConverter/test_0_orig_no_krakatau → NON-CLONE
[18904/50000] 2026-06-30 05:07:54 | R2 | slinkedlist/test_1_artifice_pg_procyon vs InfixConverter/test_0_orig_no_procyon → NON-CLONE
[18905/50000] 2026-06-30 05:07:55 | R2 | slinkedlist/test_1_artifice_pg_procyon vs InfixConverter/test_0_orig_pg_krakatau → NON-CLONE
[18906/50000] 2026-06-30 05:07:55 | R2 | slinkedlist/test_1_artifice_pg_procyon vs InfixConverter/test_0_orig_pg_procyon → NON-CLONE
[18907/50000] 2026-06-30 05:07:57 | R2 | slinkedlist/test_1_artifice_pg_procyon vs InfixConverter/test_1_artifice_no_krakatau → NON-CLONE
[18908/50000] 2026-06-30 05:07:58 | R2 | slinkedlist/test_1_artifice_pg_procyon vs InfixConverter/test_1_artifice_no_procyon → NON-CLONE
[18909/50000] 2026-06-30 05:07:59 | R2 | slinkedlist/test_1_artifice_pg_procyon vs InfixConverter/test_1_artifice_pg_krakatau → NON-CLONE
[18910/50000] 2026-06-30 05:07:59 | R2 | slinkedlist/test_1_artifice_pg_procyon vs InfixConverter/test_1_artifice_pg_procyon → NON-CLONE
[18911/50000] 2026-06-30 05:08:00 | R2 | slinkedlist/test_1_artifice_pg_procyon vs SqrtAlgorithm/0_orig → NON-CLONE
[18912/50000] 2026-06-30 05:08:01 | R2 | slinkedlist/test_1_artifice_pg_procyon vs SqrtAlgorithm/1_artifice → NON-CLONE
[18913/50000] 2026-06-30 05:08:03 | R2 | slinkedlist/test_1_artifice_pg_procyon vs SqrtAlgorithm/test_0_orig_no_krakatau → NON-CLONE
[18914/50000] 2026-06-30 05:08:04 | R2 | slinkedlist/test_1_artifice_pg_procyon vs SqrtAlgorithm/test_0_orig_no_procyon → NON-CLONE
[18915/50000] 2026-06-30 05:08:05 | R2 | slinkedlist/test_1_artifice_pg_procyon vs SqrtAlgorithm/test_0_orig_pg_krakatau → NON-CLONE
[18916/50000] 2026-06-30 05:08:06 | R2 | slinkedlist/test_1_artifice_pg_procyon vs SqrtAlgorithm/test_0_orig_pg_procyon → NON-CLONE
[18917/50000] 2026-06-30 05:08:07 | R2 | slinkedlist/test_1_artifice_pg_procyon vs SqrtAlgorithm/test_1_artifice_no_krakatau → NON-CLONE
[18918/50000] 2026-06-30 05:08:08 | R2 | slinkedlist/test_1_artifice_pg_procyon vs SqrtAlgorithm/test_1_artifice_no_procyon → NON-CLONE
[18919/50000] 2026-06-30 05:08:09 | R2 | slinkedlist/test_1_artifice_pg_procyon vs SqrtAlgorithm/test_1_artifice_pg_krakatau → NON-CLONE
[18920/50000] 2026-06-30 05:08:10 | R2 | slinkedlist/test_1_artifice_pg_procyon vs SqrtAlgorithm/test_1_artifice_pg_procyon → NON-CLONE
[18921/50000] 2026-06-30 05:08:11 | R2 | slinkedlist/test_1_artifice_pg_procyon vs bubblesort/0_orig → NON-CLONE
[18922/50000] 2026-06-30 05:08:12 | R2 | slinkedlist/test_1_artifice_pg_procyon vs bubblesort/1_artifice → NON-CLONE
[18923/50000] 2026-06-30 05:08:13 | R2 | slinkedlist/test_1_artifice_pg_procyon vs bubblesort/test_0_orig_no_krakatau → NON-CLONE
[18924/50000] 2026-06-30 05:08:14 | R2 | slinkedlist/test_1_artifice_pg_procyon vs bubblesort/test_0_orig_no_procyon → NON-CLONE
[18925/50000] 2026-06-30 05:08:15 | R2 | slinkedlist/test_1_artifice_pg_procyon vs bubblesort/test_0_orig_pg_krakatau → NON-CLONE
[18926/50000] 2026-06-30 05:08:16 | R2 | slinkedlist/test_1_artifice_pg_procyon vs bubblesort/test_0_orig_pg_procyon → NON-CLONE
[18927/50000] 2026-06-30 05:08:17 | R2 | slinkedlist/test_1_artifice_pg_procyon vs bubblesort/test_1_artifice_no_krakatau → NON-CLONE
[18928/50000] 2026-06-30 05:08:18 | R2 | slinkedlist/test_1_artifice_pg_procyon vs bubblesort/test_1_artifice_no_procyon → NON-CLONE
[18929/50000] 2026-06-30 05:08:19 | R2 | slinkedlist/test_1_artifice_pg_procyon vs bubblesort/test_1_artifice_pg_krakatau → NON-CLONE
[18930/50000] 2026-06-30 05:08:20 | R2 | slinkedlist/test_1_artifice_pg_procyon vs bubblesort/test_1_artifice_pg_procyon → NON-CLONE
[18931/50000] 2026-06-30 05:08:21 | R2 | slinkedlist/test_1_artifice_pg_procyon vs guessword/0_orig → NON-CLONE
[18932/50000] 2026-06-30 05:08:22 | R2 | slinkedlist/test_1_artifice_pg_procyon vs guessword/1_artifice → NON-CLONE
[18933/50000] 2026-06-30 05:08:23 | R2 | slinkedlist/test_1_artifice_pg_procyon vs guessword/test_0_orig_no_krakatau → NON-CLONE
[18934/50000] 2026-06-30 05:08:24 | R2 | slinkedlist/test_1_artifice_pg_procyon vs guessword/test_0_orig_no_procyon → NON-CLONE
[18935/50000] 2026-06-30 05:08:25 | R2 | slinkedlist/test_1_artifice_pg_procyon vs guessword/test_0_orig_pg_krakatau → NON-CLONE
[18936/50000] 2026-06-30 05:08:26 | R2 | slinkedlist/test_1_artifice_pg_procyon vs guessword/test_0_orig_pg_procyon → NON-CLONE
[18937/50000] 2026-06-30 05:08:27 | R2 | slinkedlist/test_1_artifice_pg_procyon vs guessword/test_1_artifice_no_krakatau → NON-CLONE
[18938/50000] 2026-06-30 05:08:28 | R2 | slinkedlist/test_1_artifice_pg_procyon vs guessword/test_1_artifice_no_procyon → NON-CLONE
[18939/50000] 2026-06-30 05:08:28 | R2 | slinkedlist/test_1_artifice_pg_procyon vs guessword/test_1_artifice_pg_krakatau → NON-CLONE
[18940/50000] 2026-06-30 05:08:29 | R2 | slinkedlist/test_1_artifice_pg_procyon vs guessword/test_1_artifice_pg_procyon → NON-CLONE
[18941/50000] 2026-06-30 05:08:30 | R2 | slinkedlist/test_1_artifice_pg_procyon vs hanoi/0_orig → NON-CLONE
[18942/50000] 2026-06-30 05:08:32 | R2 | slinkedlist/test_1_artifice_pg_procyon vs hanoi/1_artifice → NON-CLONE
[18943/50000] 2026-06-30 05:08:33 | R2 | slinkedlist/test_1_artifice_pg_procyon vs hanoi/test_0_orig_no_krakatau → NON-CLONE
[18944/50000] 2026-06-30 05:08:34 | R2 | slinkedlist/test_1_artifice_pg_procyon vs hanoi/test_0_orig_no_procyon → NON-CLONE
[18945/50000] 2026-06-30 05:08:36 | R2 | slinkedlist/test_1_artifice_pg_procyon vs hanoi/test_0_orig_pg_krakatau → NON-CLONE
[18946/50000] 2026-06-30 05:08:37 | R2 | slinkedlist/test_1_artifice_pg_procyon vs hanoi/test_0_orig_pg_procyon → NON-CLONE
[18947/50000] 2026-06-30 05:08:39 | R2 | slinkedlist/test_1_artifice_pg_procyon vs hanoi/test_1_artifice_no_krakatau → NON-CLONE
[18948/50000] 2026-06-30 05:08:40 | R2 | slinkedlist/test_1_artifice_pg_procyon vs hanoi/test_1_artifice_no_procyon → NON-CLONE
[18949/50000] 2026-06-30 05:08:42 | R2 | slinkedlist/test_1_artifice_pg_procyon vs hanoi/test_1_artifice_pg_krakatau → NON-CLONE
[18950/50000] 2026-06-30 05:08:43 | R2 | slinkedlist/test_1_artifice_pg_procyon vs hanoi/test_1_artifice_pg_procyon → NON-CLONE
[18951/50000] 2026-06-30 05:08:44 | R2 | slinkedlist/test_1_artifice_pg_procyon vs kaprekar/0_orig → NON-CLONE
[18952/50000] 2026-06-30 05:08:45 | R2 | slinkedlist/test_1_artifice_pg_procyon vs kaprekar/1_artifice → NON-CLONE
[18953/50000] 2026-06-30 05:08:46 | R2 | slinkedlist/test_1_artifice_pg_procyon vs kaprekar/test_0_orig_no_krakatau → NON-CLONE
[18954/50000] 2026-06-30 05:08:48 | R2 | slinkedlist/test_1_artifice_pg_procyon vs kaprekar/test_0_orig_no_procyon → NON-CLONE
[18955/50000] 2026-06-30 05:08:49 | R2 | slinkedlist/test_1_artifice_pg_procyon vs kaprekar/test_0_orig_pg_krakatau → NON-CLONE
[18956/50000] 2026-06-30 05:08:50 | R2 | slinkedlist/test_1_artifice_pg_procyon vs kaprekar/test_0_orig_pg_procyon → NON-CLONE
[18957/50000] 2026-06-30 05:08:51 | R2 | slinkedlist/test_1_artifice_pg_procyon vs kaprekar/test_1_artifice_no_krakatau → NON-CLONE
[18958/50000] 2026-06-30 05:08:52 | R2 | slinkedlist/test_1_artifice_pg_procyon vs kaprekar/test_1_artifice_no_procyon → NON-CLONE
[18959/50000] 2026-06-30 05:08:53 | R2 | slinkedlist/test_1_artifice_pg_procyon vs kaprekar/test_1_artifice_pg_krakatau → NON-CLONE
[18960/50000] 2026-06-30 05:08:54 | R2 | slinkedlist/test_1_artifice_pg_procyon vs kaprekar/test_1_artifice_pg_procyon → NON-CLONE
[18961/50000] 2026-06-30 05:08:55 | R2 | slinkedlist/test_1_artifice_pg_procyon vs queens/0_orig → NON-CLONE
[18962/50000] 2026-06-30 05:08:56 | R2 | slinkedlist/test_1_artifice_pg_procyon vs queens/1_artifice → NON-CLONE
[18963/50000] 2026-06-30 05:08:56 | R2 | slinkedlist/test_1_artifice_pg_procyon vs queens/test_0_orig_no_krakatau → NON-CLONE
[18964/50000] 2026-06-30 05:08:57 | R2 | slinkedlist/test_1_artifice_pg_procyon vs queens/test_0_orig_no_procyon → NON-CLONE
[18965/50000] 2026-06-30 05:08:58 | R2 | slinkedlist/test_1_artifice_pg_procyon vs queens/test_0_orig_pg_krakatau → NON-CLONE
[18966/50000] 2026-06-30 05:08:59 | R2 | slinkedlist/test_1_artifice_pg_procyon vs queens/test_0_orig_pg_procyon → NON-CLONE
[18967/50000] 2026-06-30 05:09:00 | R2 | slinkedlist/test_1_artifice_pg_procyon vs queens/test_1_artifice_no_krakatau → NON-CLONE
[18968/50000] 2026-06-30 05:09:01 | R2 | slinkedlist/test_1_artifice_pg_procyon vs queens/test_1_artifice_no_procyon → NON-CLONE
[18969/50000] 2026-06-30 05:09:02 | R2 | slinkedlist/test_1_artifice_pg_procyon vs queens/test_1_artifice_pg_krakatau → NON-CLONE
[18970/50000] 2026-06-30 05:09:03 | R2 | slinkedlist/test_1_artifice_pg_procyon vs queens/test_1_artifice_pg_procyon → NON-CLONE
[18971/50000] 2026-06-30 05:09:04 | R2 | slinkedlist/test_1_artifice_pg_procyon vs railroadcar/0_orig → NON-CLONE
[18972/50000] 2026-06-30 05:09:05 | R2 | slinkedlist/test_1_artifice_pg_procyon vs railroadcar/1_artifice → NON-CLONE
[18973/50000] 2026-06-30 05:09:06 | R2 | slinkedlist/test_1_artifice_pg_procyon vs railroadcar/test_0_orig_no_krakatau → NON-CLONE
[18974/50000] 2026-06-30 05:09:07 | R2 | slinkedlist/test_1_artifice_pg_procyon vs railroadcar/test_0_orig_no_procyon → NON-CLONE
[18975/50000] 2026-06-30 05:09:07 | R2 | slinkedlist/test_1_artifice_pg_procyon vs railroadcar/test_0_orig_pg_krakatau → NON-CLONE
[18976/50000] 2026-06-30 05:09:08 | R2 | slinkedlist/test_1_artifice_pg_procyon vs railroadcar/test_0_orig_pg_procyon → NON-CLONE
[18977/50000] 2026-06-30 05:09:09 | R2 | slinkedlist/test_1_artifice_pg_procyon vs railroadcar/test_1_artifice_no_krakatau → NON-CLONE
[18978/50000] 2026-06-30 05:09:10 | R2 | slinkedlist/test_1_artifice_pg_procyon vs railroadcar/test_1_artifice_no_procyon → NON-CLONE
[18979/50000] 2026-06-30 05:09:11 | R2 | slinkedlist/test_1_artifice_pg_procyon vs railroadcar/test_1_artifice_pg_krakatau → NON-CLONE
[18980/50000] 2026-06-30 05:09:12 | R2 | slinkedlist/test_1_artifice_pg_procyon vs railroadcar/test_1_artifice_pg_procyon → NON-CLONE
[18981/50000] 2026-06-30 05:09:14 | R2 | slinkedlist/test_1_artifice_pg_procyon vs slinkedlist/0_orig → CLONE
[18982/50000] 2026-06-30 05:09:16 | R2 | slinkedlist/test_1_artifice_pg_procyon vs slinkedlist/1_artifice → CLONE
[18983/50000] 2026-06-30 05:09:17 | R2 | slinkedlist/test_1_artifice_pg_procyon vs slinkedlist/test_0_orig_no_krakatau → CLONE
[18984/50000] 2026-06-30 05:09:19 | R2 | slinkedlist/test_1_artifice_pg_procyon vs slinkedlist/test_0_orig_no_procyon → CLONE
[18985/50000] 2026-06-30 05:09:21 | R2 | slinkedlist/test_1_artifice_pg_procyon vs slinkedlist/test_0_orig_pg_krakatau → CLONE
[18986/50000] 2026-06-30 05:09:22 | R2 | slinkedlist/test_1_artifice_pg_procyon vs slinkedlist/test_0_orig_pg_procyon → CLONE
[18987/50000] 2026-06-30 05:09:24 | R2 | slinkedlist/test_1_artifice_pg_procyon vs slinkedlist/test_1_artifice_no_krakatau → CLONE
[18988/50000] 2026-06-30 05:09:26 | R2 | slinkedlist/test_1_artifice_pg_procyon vs slinkedlist/test_1_artifice_no_procyon → CLONE
[18989/50000] 2026-06-30 05:09:27 | R2 | slinkedlist/test_1_artifice_pg_procyon vs slinkedlist/test_1_artifice_pg_krakatau → CLONE
[18990/50000] 2026-06-30 05:09:29 | R2 | slinkedlist/test_1_artifice_pg_procyon vs slinkedlist/test_1_artifice_pg_procyon → CLONE
[18991/50000] 2026-06-30 05:09:29 | R2 | slinkedlist/test_1_artifice_pg_procyon vs square/0_orig → NON-CLONE
[18992/50000] 2026-06-30 05:09:30 | R2 | slinkedlist/test_1_artifice_pg_procyon vs square/1_artifice → NON-CLONE
[18993/50000] 2026-06-30 05:09:32 | R2 | slinkedlist/test_1_artifice_pg_procyon vs square/test_0_orig_no_krakatau → NON-CLONE
[18994/50000] 2026-06-30 05:09:32 | R2 | slinkedlist/test_1_artifice_pg_procyon vs square/test_0_orig_no_procyon → NON-CLONE
[18995/50000] 2026-06-30 05:09:33 | R2 | slinkedlist/test_1_artifice_pg_procyon vs square/test_0_orig_pg_krakatau → NON-CLONE
[18996/50000] 2026-06-30 05:09:34 | R2 | slinkedlist/test_1_artifice_pg_procyon vs square/test_0_orig_pg_procyon → NON-CLONE
[18997/50000] 2026-06-30 05:09:35 | R2 | slinkedlist/test_1_artifice_pg_procyon vs square/test_1_artifice_no_krakatau → NON-CLONE
[18998/50000] 2026-06-30 05:09:36 | R2 | slinkedlist/test_1_artifice_pg_procyon vs square/test_1_artifice_no_procyon → NON-CLONE
[18999/50000] 2026-06-30 05:09:37 | R2 | slinkedlist/test_1_artifice_pg_procyon vs square/test_1_artifice_pg_krakatau → NON-CLONE
[19000/50000] 2026-06-30 05:09:39 | R2 | slinkedlist/test_1_artifice_pg_procyon vs square/test_1_artifice_pg_procyon → NON-CLONE
[19001/50000] 2026-06-30 05:09:40 | R2 | square/0_orig vs InfixConverter/0_orig → NON-CLONE
[19002/50000] 2026-06-30 05:09:41 | R2 | square/0_orig vs InfixConverter/1_artifice → NON-CLONE
[19003/50000] 2026-06-30 05:09:43 | R2 | square/0_orig vs InfixConverter/test_0_orig_no_krakatau → NON-CLONE
[19004/50000] 2026-06-30 05:09:44 | R2 | square/0_orig vs InfixConverter/test_0_orig_no_procyon → NON-CLONE
[19005/50000] 2026-06-30 05:09:46 | R2 | square/0_orig vs InfixConverter/test_0_orig_pg_krakatau → NON-CLONE
[19006/50000] 2026-06-30 05:09:47 | R2 | square/0_orig vs InfixConverter/test_0_orig_pg_procyon → NON-CLONE
[19007/50000] 2026-06-30 05:09:49 | R2 | square/0_orig vs InfixConverter/test_1_artifice_no_krakatau → NON-CLONE
[19008/50000] 2026-06-30 05:09:51 | R2 | square/0_orig vs InfixConverter/test_1_artifice_no_procyon → NON-CLONE
[19009/50000] 2026-06-30 05:09:52 | R2 | square/0_orig vs InfixConverter/test_1_artifice_pg_krakatau → NON-CLONE
[19010/50000] 2026-06-30 05:09:53 | R2 | square/0_orig vs InfixConverter/test_1_artifice_pg_procyon → NON-CLONE
[19011/50000] 2026-06-30 05:09:54 | R2 | square/0_orig vs SqrtAlgorithm/0_orig → NON-CLONE
[19012/50000] 2026-06-30 05:09:56 | R2 | square/0_orig vs SqrtAlgorithm/1_artifice → NON-CLONE
[19013/50000] 2026-06-30 05:09:58 | R2 | square/0_orig vs SqrtAlgorithm/test_0_orig_no_krakatau → NON-CLONE
[19014/50000] 2026-06-30 05:09:59 | R2 | square/0_orig vs SqrtAlgorithm/test_0_orig_no_procyon → NON-CLONE
[19015/50000] 2026-06-30 05:10:00 | R2 | square/0_orig vs SqrtAlgorithm/test_0_orig_pg_krakatau → NON-CLONE
[19016/50000] 2026-06-30 05:10:02 | R2 | square/0_orig vs SqrtAlgorithm/test_0_orig_pg_procyon → NON-CLONE
[19017/50000] 2026-06-30 05:10:04 | R2 | square/0_orig vs SqrtAlgorithm/test_1_artifice_no_krakatau → NON-CLONE
[19018/50000] 2026-06-30 05:10:05 | R2 | square/0_orig vs SqrtAlgorithm/test_1_artifice_no_procyon → NON-CLONE
[19019/50000] 2026-06-30 05:10:06 | R2 | square/0_orig vs SqrtAlgorithm/test_1_artifice_pg_krakatau → NON-CLONE
[19020/50000] 2026-06-30 05:10:08 | R2 | square/0_orig vs SqrtAlgorithm/test_1_artifice_pg_procyon → NON-CLONE
[19021/50000] 2026-06-30 05:10:09 | R2 | square/0_orig vs bubblesort/0_orig → NON-CLONE
[19022/50000] 2026-06-30 05:10:10 | R2 | square/0_orig vs bubblesort/1_artifice → NON-CLONE
[19023/50000] 2026-06-30 05:10:11 | R2 | square/0_orig vs bubblesort/test_0_orig_no_krakatau → NON-CLONE
[19024/50000] 2026-06-30 05:10:12 | R2 | square/0_orig vs bubblesort/test_0_orig_no_procyon → NON-CLONE
[19025/50000] 2026-06-30 05:10:13 | R2 | square/0_orig vs bubblesort/test_0_orig_pg_krakatau → NON-CLONE
[19026/50000] 2026-06-30 05:10:14 | R2 | square/0_orig vs bubblesort/test_0_orig_pg_procyon → NON-CLONE
[19027/50000] 2026-06-30 05:10:15 | R2 | square/0_orig vs bubblesort/test_1_artifice_no_krakatau → NON-CLONE
[19028/50000] 2026-06-30 05:10:16 | R2 | square/0_orig vs bubblesort/test_1_artifice_no_procyon → NON-CLONE
[19029/50000] 2026-06-30 05:10:17 | R2 | square/0_orig vs bubblesort/test_1_artifice_pg_krakatau → NON-CLONE
[19030/50000] 2026-06-30 05:10:18 | R2 | square/0_orig vs bubblesort/test_1_artifice_pg_procyon → NON-CLONE
[19031/50000] 2026-06-30 05:10:19 | R2 | square/0_orig vs guessword/0_orig → NON-CLONE
[19032/50000] 2026-06-30 05:10:20 | R2 | square/0_orig vs guessword/1_artifice → NON-CLONE
[19033/50000] 2026-06-30 05:10:23 | R2 | square/0_orig vs guessword/test_0_orig_no_krakatau → NON-CLONE
[19034/50000] 2026-06-30 05:10:24 | R2 | square/0_orig vs guessword/test_0_orig_no_procyon → NON-CLONE
[19035/50000] 2026-06-30 05:10:26 | R2 | square/0_orig vs guessword/test_0_orig_pg_krakatau → NON-CLONE
[19036/50000] 2026-06-30 05:10:27 | R2 | square/0_orig vs guessword/test_0_orig_pg_procyon → NON-CLONE
[19037/50000] 2026-06-30 05:10:28 | R2 | square/0_orig vs guessword/test_1_artifice_no_krakatau → NON-CLONE
[19038/50000] 2026-06-30 05:10:29 | R2 | square/0_orig vs guessword/test_1_artifice_no_procyon → NON-CLONE
[19039/50000] 2026-06-30 05:10:32 | R2 | square/0_orig vs guessword/test_1_artifice_pg_krakatau → NON-CLONE
[19040/50000] 2026-06-30 05:10:33 | R2 | square/0_orig vs guessword/test_1_artifice_pg_procyon → NON-CLONE
[19041/50000] 2026-06-30 05:10:35 | R2 | square/0_orig vs hanoi/0_orig → NON-CLONE
[19042/50000] 2026-06-30 05:10:36 | R2 | square/0_orig vs hanoi/1_artifice → NON-CLONE
[19043/50000] 2026-06-30 05:10:38 | R2 | square/0_orig vs hanoi/test_0_orig_no_krakatau → NON-CLONE
[19044/50000] 2026-06-30 05:10:40 | R2 | square/0_orig vs hanoi/test_0_orig_no_procyon → NON-CLONE
[19045/50000] 2026-06-30 05:10:42 | R2 | square/0_orig vs hanoi/test_0_orig_pg_krakatau → NON-CLONE
[19046/50000] 2026-06-30 05:10:44 | R2 | square/0_orig vs hanoi/test_0_orig_pg_procyon → NON-CLONE
[19047/50000] 2026-06-30 05:10:46 | R2 | square/0_orig vs hanoi/test_1_artifice_no_krakatau → NON-CLONE
[19048/50000] 2026-06-30 05:10:47 | R2 | square/0_orig vs hanoi/test_1_artifice_no_procyon → NON-CLONE
[19049/50000] 2026-06-30 05:10:49 | R2 | square/0_orig vs hanoi/test_1_artifice_pg_krakatau → NON-CLONE
[19050/50000] 2026-06-30 05:10:51 | R2 | square/0_orig vs hanoi/test_1_artifice_pg_procyon → NON-CLONE
[19051/50000] 2026-06-30 05:10:52 | R2 | square/0_orig vs kaprekar/0_orig → NON-CLONE
[19052/50000] 2026-06-30 05:10:53 | R2 | square/0_orig vs kaprekar/1_artifice → NON-CLONE
[19053/50000] 2026-06-30 05:10:55 | R2 | square/0_orig vs kaprekar/test_0_orig_no_krakatau → NON-CLONE
[19054/50000] 2026-06-30 05:10:56 | R2 | square/0_orig vs kaprekar/test_0_orig_no_procyon → NON-CLONE
[19055/50000] 2026-06-30 05:10:57 | R2 | square/0_orig vs kaprekar/test_0_orig_pg_krakatau → NON-CLONE
[19056/50000] 2026-06-30 05:10:58 | R2 | square/0_orig vs kaprekar/test_0_orig_pg_procyon → NON-CLONE
[19057/50000] 2026-06-30 05:11:00 | R2 | square/0_orig vs kaprekar/test_1_artifice_no_krakatau → NON-CLONE
[19058/50000] 2026-06-30 05:11:01 | R2 | square/0_orig vs kaprekar/test_1_artifice_no_procyon → NON-CLONE
[19059/50000] 2026-06-30 05:11:02 | R2 | square/0_orig vs kaprekar/test_1_artifice_pg_krakatau → NON-CLONE
[19060/50000] 2026-06-30 05:11:04 | R2 | square/0_orig vs kaprekar/test_1_artifice_pg_procyon → NON-CLONE
[19061/50000] 2026-06-30 05:11:06 | R2 | square/0_orig vs queens/0_orig → NON-CLONE
[19062/50000] 2026-06-30 05:11:08 | R2 | square/0_orig vs queens/1_artifice → NON-CLONE
[19063/50000] 2026-06-30 05:11:10 | R2 | square/0_orig vs queens/test_0_orig_no_krakatau → NON-CLONE
[19064/50000] 2026-06-30 05:11:11 | R2 | square/0_orig vs queens/test_0_orig_no_procyon → NON-CLONE
[19065/50000] 2026-06-30 05:11:13 | R2 | square/0_orig vs queens/test_0_orig_pg_krakatau → NON-CLONE
[19066/50000] 2026-06-30 05:11:14 | R2 | square/0_orig vs queens/test_0_orig_pg_procyon → NON-CLONE
[19067/50000] 2026-06-30 05:11:16 | R2 | square/0_orig vs queens/test_1_artifice_no_krakatau → NON-CLONE
[19068/50000] 2026-06-30 05:11:18 | R2 | square/0_orig vs queens/test_1_artifice_no_procyon → NON-CLONE
[19069/50000] 2026-06-30 05:11:20 | R2 | square/0_orig vs queens/test_1_artifice_pg_krakatau → NON-CLONE
[19070/50000] 2026-06-30 05:11:21 | R2 | square/0_orig vs queens/test_1_artifice_pg_procyon → NON-CLONE
[19071/50000] 2026-06-30 05:11:22 | R2 | square/0_orig vs railroadcar/0_orig → NON-CLONE
[19072/50000] 2026-06-30 05:11:23 | R2 | square/0_orig vs railroadcar/1_artifice → NON-CLONE
[19073/50000] 2026-06-30 05:11:24 | R2 | square/0_orig vs railroadcar/test_0_orig_no_krakatau → NON-CLONE
[19074/50000] 2026-06-30 05:11:25 | R2 | square/0_orig vs railroadcar/test_0_orig_no_procyon → NON-CLONE
[19075/50000] 2026-06-30 05:11:27 | R2 | square/0_orig vs railroadcar/test_0_orig_pg_krakatau → NON-CLONE
[19076/50000] 2026-06-30 05:11:28 | R2 | square/0_orig vs railroadcar/test_0_orig_pg_procyon → NON-CLONE
[19077/50000] 2026-06-30 05:11:29 | R2 | square/0_orig vs railroadcar/test_1_artifice_no_krakatau → NON-CLONE
[19078/50000] 2026-06-30 05:11:30 | R2 | square/0_orig vs railroadcar/test_1_artifice_no_procyon → NON-CLONE
[19079/50000] 2026-06-30 05:11:31 | R2 | square/0_orig vs railroadcar/test_1_artifice_pg_krakatau → NON-CLONE
[19080/50000] 2026-06-30 05:11:32 | R2 | square/0_orig vs railroadcar/test_1_artifice_pg_procyon → NON-CLONE
[19081/50000] 2026-06-30 05:11:34 | R2 | square/0_orig vs slinkedlist/0_orig → NON-CLONE
[19082/50000] 2026-06-30 05:11:36 | R2 | square/0_orig vs slinkedlist/1_artifice → NON-CLONE
[19083/50000] 2026-06-30 05:11:37 | R2 | square/0_orig vs slinkedlist/test_0_orig_no_krakatau → NON-CLONE
[19084/50000] 2026-06-30 05:11:38 | R2 | square/0_orig vs slinkedlist/test_0_orig_no_procyon → NON-CLONE
[19085/50000] 2026-06-30 05:11:39 | R2 | square/0_orig vs slinkedlist/test_0_orig_pg_krakatau → NON-CLONE
[19086/50000] 2026-06-30 05:11:42 | R2 | square/0_orig vs slinkedlist/test_0_orig_pg_procyon → NON-CLONE
[19087/50000] 2026-06-30 05:11:44 | R2 | square/0_orig vs slinkedlist/test_1_artifice_no_krakatau → NON-CLONE
[19088/50000] 2026-06-30 05:11:45 | R2 | square/0_orig vs slinkedlist/test_1_artifice_no_procyon → NON-CLONE
[19089/50000] 2026-06-30 05:11:46 | R2 | square/0_orig vs slinkedlist/test_1_artifice_pg_krakatau → NON-CLONE
[19090/50000] 2026-06-30 05:11:49 | R2 | square/0_orig vs slinkedlist/test_1_artifice_pg_procyon → NON-CLONE
[19091/50000] 2026-06-30 05:11:51 | R2 | square/0_orig vs square/0_orig → CLONE
[19092/50000] 2026-06-30 05:11:53 | R2 | square/0_orig vs square/1_artifice → CLONE
[19093/50000] 2026-06-30 05:11:56 | R2 | square/0_orig vs square/test_0_orig_no_krakatau → CLONE
[19094/50000] 2026-06-30 05:11:57 | R2 | square/0_orig vs square/test_0_orig_no_procyon → CLONE
[19095/50000] 2026-06-30 05:11:59 | R2 | square/0_orig vs square/test_0_orig_pg_krakatau → CLONE
[19096/50000] 2026-06-30 05:12:00 | R2 | square/0_orig vs square/test_0_orig_pg_procyon → CLONE
[19097/50000] 2026-06-30 05:12:01 | R2 | square/0_orig vs square/test_1_artifice_no_krakatau → CLONE
[19098/50000] 2026-06-30 05:12:03 | R2 | square/0_orig vs square/test_1_artifice_no_procyon → CLONE
[19099/50000] 2026-06-30 05:12:05 | R2 | square/0_orig vs square/test_1_artifice_pg_krakatau → CLONE
[19100/50000] 2026-06-30 05:12:06 | R2 | square/0_orig vs square/test_1_artifice_pg_procyon → CLONE
[19101/50000] 2026-06-30 05:12:07 | R2 | square/1_artifice vs InfixConverter/0_orig → NON-CLONE
[19102/50000] 2026-06-30 05:12:08 | R2 | square/1_artifice vs InfixConverter/1_artifice → NON-CLONE
[19103/50000] 2026-06-30 05:12:11 | R2 | square/1_artifice vs InfixConverter/test_0_orig_no_krakatau → NON-CLONE
[19104/50000] 2026-06-30 05:12:13 | R2 | square/1_artifice vs InfixConverter/test_0_orig_no_procyon → NON-CLONE
[19105/50000] 2026-06-30 05:12:14 | R2 | square/1_artifice vs InfixConverter/test_0_orig_pg_krakatau → NON-CLONE
[19106/50000] 2026-06-30 05:12:16 | R2 | square/1_artifice vs InfixConverter/test_0_orig_pg_procyon → NON-CLONE
[19107/50000] 2026-06-30 05:12:17 | R2 | square/1_artifice vs InfixConverter/test_1_artifice_no_krakatau → NON-CLONE
[19108/50000] 2026-06-30 05:12:18 | R2 | square/1_artifice vs InfixConverter/test_1_artifice_no_procyon → NON-CLONE
[19109/50000] 2026-06-30 05:12:19 | R2 | square/1_artifice vs InfixConverter/test_1_artifice_pg_krakatau → NON-CLONE
[19110/50000] 2026-06-30 05:12:20 | R2 | square/1_artifice vs InfixConverter/test_1_artifice_pg_procyon → NON-CLONE
[19111/50000] 2026-06-30 05:12:22 | R2 | square/1_artifice vs SqrtAlgorithm/0_orig → NON-CLONE
[19112/50000] 2026-06-30 05:12:23 | R2 | square/1_artifice vs SqrtAlgorithm/1_artifice → NON-CLONE
[19113/50000] 2026-06-30 05:12:25 | R2 | square/1_artifice vs SqrtAlgorithm/test_0_orig_no_krakatau → NON-CLONE
[19114/50000] 2026-06-30 05:12:26 | R2 | square/1_artifice vs SqrtAlgorithm/test_0_orig_no_procyon → NON-CLONE
[19115/50000] 2026-06-30 05:12:28 | R2 | square/1_artifice vs SqrtAlgorithm/test_0_orig_pg_krakatau → NON-CLONE
[19116/50000] 2026-06-30 05:12:29 | R2 | square/1_artifice vs SqrtAlgorithm/test_0_orig_pg_procyon → NON-CLONE
[19117/50000] 2026-06-30 05:12:31 | R2 | square/1_artifice vs SqrtAlgorithm/test_1_artifice_no_krakatau → NON-CLONE
[19118/50000] 2026-06-30 05:12:33 | R2 | square/1_artifice vs SqrtAlgorithm/test_1_artifice_no_procyon → NON-CLONE
[19119/50000] 2026-06-30 05:12:35 | R2 | square/1_artifice vs SqrtAlgorithm/test_1_artifice_pg_krakatau → NON-CLONE
[19120/50000] 2026-06-30 05:12:37 | R2 | square/1_artifice vs SqrtAlgorithm/test_1_artifice_pg_procyon → NON-CLONE
[19121/50000] 2026-06-30 05:12:38 | R2 | square/1_artifice vs bubblesort/0_orig → NON-CLONE
[19122/50000] 2026-06-30 05:12:39 | R2 | square/1_artifice vs bubblesort/1_artifice → NON-CLONE
[19123/50000] 2026-06-30 05:12:40 | R2 | square/1_artifice vs bubblesort/test_0_orig_no_krakatau → NON-CLONE
[19124/50000] 2026-06-30 05:12:41 | R2 | square/1_artifice vs bubblesort/test_0_orig_no_procyon → NON-CLONE
[19125/50000] 2026-06-30 05:12:43 | R2 | square/1_artifice vs bubblesort/test_0_orig_pg_krakatau → NON-CLONE
[19126/50000] 2026-06-30 05:12:44 | R2 | square/1_artifice vs bubblesort/test_0_orig_pg_procyon → NON-CLONE
[19127/50000] 2026-06-30 05:12:45 | R2 | square/1_artifice vs bubblesort/test_1_artifice_no_krakatau → NON-CLONE
[19128/50000] 2026-06-30 05:12:46 | R2 | square/1_artifice vs bubblesort/test_1_artifice_no_procyon → NON-CLONE
[19129/50000] 2026-06-30 05:12:48 | R2 | square/1_artifice vs bubblesort/test_1_artifice_pg_krakatau → NON-CLONE
[19130/50000] 2026-06-30 05:12:49 | R2 | square/1_artifice vs bubblesort/test_1_artifice_pg_procyon → NON-CLONE
[19131/50000] 2026-06-30 05:12:50 | R2 | square/1_artifice vs guessword/0_orig → NON-CLONE
[19132/50000] 2026-06-30 05:12:51 | R2 | square/1_artifice vs guessword/1_artifice → NON-CLONE
[19133/50000] 2026-06-30 05:12:53 | R2 | square/1_artifice vs guessword/test_0_orig_no_krakatau → NON-CLONE
[19134/50000] 2026-06-30 05:12:54 | R2 | square/1_artifice vs guessword/test_0_orig_no_procyon → NON-CLONE
[19135/50000] 2026-06-30 05:12:56 | R2 | square/1_artifice vs guessword/test_0_orig_pg_krakatau → NON-CLONE
[19136/50000] 2026-06-30 05:12:58 | R2 | square/1_artifice vs guessword/test_0_orig_pg_procyon → NON-CLONE
[19137/50000] 2026-06-30 05:13:01 | R2 | square/1_artifice vs guessword/test_1_artifice_no_krakatau → NON-CLONE
[19138/50000] 2026-06-30 05:13:02 | R2 | square/1_artifice vs guessword/test_1_artifice_no_procyon → NON-CLONE
[19139/50000] 2026-06-30 05:13:03 | R2 | square/1_artifice vs guessword/test_1_artifice_pg_krakatau → NON-CLONE
[19140/50000] 2026-06-30 05:13:05 | R2 | square/1_artifice vs guessword/test_1_artifice_pg_procyon → NON-CLONE
[19141/50000] 2026-06-30 05:13:08 | R2 | square/1_artifice vs hanoi/0_orig → NON-CLONE
[19142/50000] 2026-06-30 05:13:10 | R2 | square/1_artifice vs hanoi/1_artifice → NON-CLONE
[19143/50000] 2026-06-30 05:13:12 | R2 | square/1_artifice vs hanoi/test_0_orig_no_krakatau → NON-CLONE
[19144/50000] 2026-06-30 05:13:13 | R2 | square/1_artifice vs hanoi/test_0_orig_no_procyon → NON-CLONE
[19145/50000] 2026-06-30 05:13:15 | R2 | square/1_artifice vs hanoi/test_0_orig_pg_krakatau → NON-CLONE
[19146/50000] 2026-06-30 05:13:16 | R2 | square/1_artifice vs hanoi/test_0_orig_pg_procyon → NON-CLONE
[19147/50000] 2026-06-30 05:13:19 | R2 | square/1_artifice vs hanoi/test_1_artifice_no_krakatau → NON-CLONE
[19148/50000] 2026-06-30 05:13:20 | R2 | square/1_artifice vs hanoi/test_1_artifice_no_procyon → NON-CLONE
[19149/50000] 2026-06-30 05:13:22 | R2 | square/1_artifice vs hanoi/test_1_artifice_pg_krakatau → NON-CLONE
[19150/50000] 2026-06-30 05:13:23 | R2 | square/1_artifice vs hanoi/test_1_artifice_pg_procyon → NON-CLONE
[19151/50000] 2026-06-30 05:13:25 | R2 | square/1_artifice vs kaprekar/0_orig → NON-CLONE
[19152/50000] 2026-06-30 05:13:26 | R2 | square/1_artifice vs kaprekar/1_artifice → NON-CLONE
[19153/50000] 2026-06-30 05:13:28 | R2 | square/1_artifice vs kaprekar/test_0_orig_no_krakatau → NON-CLONE
[19154/50000] 2026-06-30 05:13:30 | R2 | square/1_artifice vs kaprekar/test_0_orig_no_procyon → NON-CLONE
[19155/50000] 2026-06-30 05:13:31 | R2 | square/1_artifice vs kaprekar/test_0_orig_pg_krakatau → NON-CLONE
[19156/50000] 2026-06-30 05:13:33 | R2 | square/1_artifice vs kaprekar/test_0_orig_pg_procyon → NON-CLONE
[19157/50000] 2026-06-30 05:13:34 | R2 | square/1_artifice vs kaprekar/test_1_artifice_no_krakatau → NON-CLONE
[19158/50000] 2026-06-30 05:13:36 | R2 | square/1_artifice vs kaprekar/test_1_artifice_no_procyon → NON-CLONE
[19159/50000] 2026-06-30 05:13:38 | R2 | square/1_artifice vs kaprekar/test_1_artifice_pg_krakatau → NON-CLONE
[19160/50000] 2026-06-30 05:13:39 | R2 | square/1_artifice vs kaprekar/test_1_artifice_pg_procyon → NON-CLONE
[19161/50000] 2026-06-30 05:13:41 | R2 | square/1_artifice vs queens/0_orig → NON-CLONE
[19162/50000] 2026-06-30 05:13:43 | R2 | square/1_artifice vs queens/1_artifice → NON-CLONE
[19163/50000] 2026-06-30 05:13:46 | R2 | square/1_artifice vs queens/test_0_orig_no_krakatau → NON-CLONE
[19164/50000] 2026-06-30 05:13:49 | R2 | square/1_artifice vs queens/test_0_orig_no_procyon → NON-CLONE
[19165/50000] 2026-06-30 05:13:51 | R2 | square/1_artifice vs queens/test_0_orig_pg_krakatau → NON-CLONE
[19166/50000] 2026-06-30 05:13:52 | R2 | square/1_artifice vs queens/test_0_orig_pg_procyon → NON-CLONE
[19167/50000] 2026-06-30 05:13:56 | R2 | square/1_artifice vs queens/test_1_artifice_no_krakatau → NON-CLONE
[19168/50000] 2026-06-30 05:13:59 | R2 | square/1_artifice vs queens/test_1_artifice_no_procyon → NON-CLONE
[19169/50000] 2026-06-30 05:14:01 | R2 | square/1_artifice vs queens/test_1_artifice_pg_krakatau → NON-CLONE
[19170/50000] 2026-06-30 05:14:03 | R2 | square/1_artifice vs queens/test_1_artifice_pg_procyon → NON-CLONE
[19171/50000] 2026-06-30 05:14:04 | R2 | square/1_artifice vs railroadcar/0_orig → NON-CLONE
[19172/50000] 2026-06-30 05:14:05 | R2 | square/1_artifice vs railroadcar/1_artifice → NON-CLONE
[19173/50000] 2026-06-30 05:14:06 | R2 | square/1_artifice vs railroadcar/test_0_orig_no_krakatau → NON-CLONE
[19174/50000] 2026-06-30 05:14:07 | R2 | square/1_artifice vs railroadcar/test_0_orig_no_procyon → NON-CLONE
[19175/50000] 2026-06-30 05:14:09 | R2 | square/1_artifice vs railroadcar/test_0_orig_pg_krakatau → NON-CLONE
[19176/50000] 2026-06-30 05:14:10 | R2 | square/1_artifice vs railroadcar/test_0_orig_pg_procyon → NON-CLONE
[19177/50000] 2026-06-30 05:14:11 | R2 | square/1_artifice vs railroadcar/test_1_artifice_no_krakatau → NON-CLONE
[19178/50000] 2026-06-30 05:14:12 | R2 | square/1_artifice vs railroadcar/test_1_artifice_no_procyon → NON-CLONE
[19179/50000] 2026-06-30 05:14:13 | R2 | square/1_artifice vs railroadcar/test_1_artifice_pg_krakatau → NON-CLONE
[19180/50000] 2026-06-30 05:14:15 | R2 | square/1_artifice vs railroadcar/test_1_artifice_pg_procyon → NON-CLONE
[19181/50000] 2026-06-30 05:14:16 | R2 | square/1_artifice vs slinkedlist/0_orig → NON-CLONE
[19182/50000] 2026-06-30 05:14:18 | R2 | square/1_artifice vs slinkedlist/1_artifice → NON-CLONE
[19183/50000] 2026-06-30 05:14:19 | R2 | square/1_artifice vs slinkedlist/test_0_orig_no_krakatau → NON-CLONE
[19184/50000] 2026-06-30 05:14:20 | R2 | square/1_artifice vs slinkedlist/test_0_orig_no_procyon → NON-CLONE
[19185/50000] 2026-06-30 05:14:20 | R2 | square/1_artifice vs slinkedlist/test_0_orig_pg_krakatau → NON-CLONE
[19186/50000] 2026-06-30 05:14:21 | R2 | square/1_artifice vs slinkedlist/test_0_orig_pg_procyon → NON-CLONE
[19187/50000] 2026-06-30 05:14:23 | R2 | square/1_artifice vs slinkedlist/test_1_artifice_no_krakatau → NON-CLONE
[19188/50000] 2026-06-30 05:14:24 | R2 | square/1_artifice vs slinkedlist/test_1_artifice_no_procyon → NON-CLONE
[19189/50000] 2026-06-30 05:14:25 | R2 | square/1_artifice vs slinkedlist/test_1_artifice_pg_krakatau → NON-CLONE
[19190/50000] 2026-06-30 05:14:26 | R2 | square/1_artifice vs slinkedlist/test_1_artifice_pg_procyon → NON-CLONE
[19191/50000] 2026-06-30 05:14:28 | R2 | square/1_artifice vs square/0_orig → CLONE
[19192/50000] 2026-06-30 05:14:30 | R2 | square/1_artifice vs square/1_artifice → CLONE
[19193/50000] 2026-06-30 05:14:31 | R2 | square/1_artifice vs square/test_0_orig_no_krakatau → CLONE
[19194/50000] 2026-06-30 05:14:33 | R2 | square/1_artifice vs square/test_0_orig_no_procyon → CLONE
[19195/50000] 2026-06-30 05:14:34 | R2 | square/1_artifice vs square/test_0_orig_pg_krakatau → CLONE
[19196/50000] 2026-06-30 05:14:37 | R2 | square/1_artifice vs square/test_0_orig_pg_procyon → CLONE
[19197/50000] 2026-06-30 05:14:41 | R2 | square/1_artifice vs square/test_1_artifice_no_krakatau → CLONE
[19198/50000] 2026-06-30 05:14:43 | R2 | square/1_artifice vs square/test_1_artifice_no_procyon → CLONE
[19199/50000] 2026-06-30 05:14:46 | R2 | square/1_artifice vs square/test_1_artifice_pg_krakatau → CLONE
[19200/50000] 2026-06-30 05:14:49 | R2 | square/1_artifice vs square/test_1_artifice_pg_procyon → CLONE
[19201/50000] 2026-06-30 05:14:50 | R2 | square/test_0_orig_no_krakatau vs InfixConverter/0_orig → NON-CLONE
[19202/50000] 2026-06-30 05:14:52 | R2 | square/test_0_orig_no_krakatau vs InfixConverter/1_artifice → NON-CLONE
[19203/50000] 2026-06-30 05:14:54 | R2 | square/test_0_orig_no_krakatau vs InfixConverter/test_0_orig_no_krakatau → NON-CLONE
[19204/50000] 2026-06-30 05:14:55 | R2 | square/test_0_orig_no_krakatau vs InfixConverter/test_0_orig_no_procyon → NON-CLONE
[19205/50000] 2026-06-30 05:14:57 | R2 | square/test_0_orig_no_krakatau vs InfixConverter/test_0_orig_pg_krakatau → NON-CLONE
[19206/50000] 2026-06-30 05:14:58 | R2 | square/test_0_orig_no_krakatau vs InfixConverter/test_0_orig_pg_procyon → NON-CLONE
[19207/50000] 2026-06-30 05:15:01 | R2 | square/test_0_orig_no_krakatau vs InfixConverter/test_1_artifice_no_krakatau → NON-CLONE
[19208/50000] 2026-06-30 05:15:02 | R2 | square/test_0_orig_no_krakatau vs InfixConverter/test_1_artifice_no_procyon → NON-CLONE
[19209/50000] 2026-06-30 05:15:04 | R2 | square/test_0_orig_no_krakatau vs InfixConverter/test_1_artifice_pg_krakatau → NON-CLONE
[19210/50000] 2026-06-30 05:15:06 | R2 | square/test_0_orig_no_krakatau vs InfixConverter/test_1_artifice_pg_procyon → NON-CLONE
[19211/50000] 2026-06-30 05:15:07 | R2 | square/test_0_orig_no_krakatau vs SqrtAlgorithm/0_orig → NON-CLONE
[19212/50000] 2026-06-30 05:15:08 | R2 | square/test_0_orig_no_krakatau vs SqrtAlgorithm/1_artifice → NON-CLONE
[19213/50000] 2026-06-30 05:15:10 | R2 | square/test_0_orig_no_krakatau vs SqrtAlgorithm/test_0_orig_no_krakatau → NON-CLONE
[19214/50000] 2026-06-30 05:15:11 | R2 | square/test_0_orig_no_krakatau vs SqrtAlgorithm/test_0_orig_no_procyon → NON-CLONE
[19215/50000] 2026-06-30 05:15:13 | R2 | square/test_0_orig_no_krakatau vs SqrtAlgorithm/test_0_orig_pg_krakatau → NON-CLONE
[19216/50000] 2026-06-30 05:15:14 | R2 | square/test_0_orig_no_krakatau vs SqrtAlgorithm/test_0_orig_pg_procyon → NON-CLONE
[19217/50000] 2026-06-30 05:15:16 | R2 | square/test_0_orig_no_krakatau vs SqrtAlgorithm/test_1_artifice_no_krakatau → NON-CLONE
[19218/50000] 2026-06-30 05:15:17 | R2 | square/test_0_orig_no_krakatau vs SqrtAlgorithm/test_1_artifice_no_procyon → NON-CLONE
[19219/50000] 2026-06-30 05:15:19 | R2 | square/test_0_orig_no_krakatau vs SqrtAlgorithm/test_1_artifice_pg_krakatau → NON-CLONE
[19220/50000] 2026-06-30 05:15:20 | R2 | square/test_0_orig_no_krakatau vs SqrtAlgorithm/test_1_artifice_pg_procyon → NON-CLONE
[19221/50000] 2026-06-30 05:15:21 | R2 | square/test_0_orig_no_krakatau vs bubblesort/0_orig → NON-CLONE
[19222/50000] 2026-06-30 05:15:22 | R2 | square/test_0_orig_no_krakatau vs bubblesort/1_artifice → NON-CLONE
[19223/50000] 2026-06-30 05:15:24 | R2 | square/test_0_orig_no_krakatau vs bubblesort/test_0_orig_no_krakatau → NON-CLONE
[19224/50000] 2026-06-30 05:15:25 | R2 | square/test_0_orig_no_krakatau vs bubblesort/test_0_orig_no_procyon → NON-CLONE
[19225/50000] 2026-06-30 05:15:26 | R2 | square/test_0_orig_no_krakatau vs bubblesort/test_0_orig_pg_krakatau → NON-CLONE
[19226/50000] 2026-06-30 05:15:27 | R2 | square/test_0_orig_no_krakatau vs bubblesort/test_0_orig_pg_procyon → NON-CLONE
[19227/50000] 2026-06-30 05:15:29 | R2 | square/test_0_orig_no_krakatau vs bubblesort/test_1_artifice_no_krakatau → NON-CLONE
[19228/50000] 2026-06-30 05:15:30 | R2 | square/test_0_orig_no_krakatau vs bubblesort/test_1_artifice_no_procyon → NON-CLONE
[19229/50000] 2026-06-30 05:15:31 | R2 | square/test_0_orig_no_krakatau vs bubblesort/test_1_artifice_pg_krakatau → NON-CLONE
[19230/50000] 2026-06-30 05:15:32 | R2 | square/test_0_orig_no_krakatau vs bubblesort/test_1_artifice_pg_procyon → NON-CLONE
[19231/50000] 2026-06-30 05:15:33 | R2 | square/test_0_orig_no_krakatau vs guessword/0_orig → NON-CLONE
[19232/50000] 2026-06-30 05:15:35 | R2 | square/test_0_orig_no_krakatau vs guessword/1_artifice → NON-CLONE
[19233/50000] 2026-06-30 05:15:36 | R2 | square/test_0_orig_no_krakatau vs guessword/test_0_orig_no_krakatau → NON-CLONE
[19234/50000] 2026-06-30 05:15:37 | R2 | square/test_0_orig_no_krakatau vs guessword/test_0_orig_no_procyon → NON-CLONE
[19235/50000] 2026-06-30 05:15:39 | R2 | square/test_0_orig_no_krakatau vs guessword/test_0_orig_pg_krakatau → NON-CLONE
[19236/50000] 2026-06-30 05:15:40 | R2 | square/test_0_orig_no_krakatau vs guessword/test_0_orig_pg_procyon → NON-CLONE
[19237/50000] 2026-06-30 05:15:42 | R2 | square/test_0_orig_no_krakatau vs guessword/test_1_artifice_no_krakatau → NON-CLONE
[19238/50000] 2026-06-30 05:15:43 | R2 | square/test_0_orig_no_krakatau vs guessword/test_1_artifice_no_procyon → NON-CLONE
[19239/50000] 2026-06-30 05:15:45 | R2 | square/test_0_orig_no_krakatau vs guessword/test_1_artifice_pg_krakatau → NON-CLONE
[19240/50000] 2026-06-30 05:15:48 | R2 | square/test_0_orig_no_krakatau vs guessword/test_1_artifice_pg_procyon → NON-CLONE
[19241/50000] 2026-06-30 05:15:50 | R2 | square/test_0_orig_no_krakatau vs hanoi/0_orig → NON-CLONE
[19242/50000] 2026-06-30 05:15:52 | R2 | square/test_0_orig_no_krakatau vs hanoi/1_artifice → NON-CLONE
[19243/50000] 2026-06-30 05:15:54 | R2 | square/test_0_orig_no_krakatau vs hanoi/test_0_orig_no_krakatau → NON-CLONE
[19244/50000] 2026-06-30 05:15:55 | R2 | square/test_0_orig_no_krakatau vs hanoi/test_0_orig_no_procyon → NON-CLONE
[19245/50000] 2026-06-30 05:15:56 | R2 | square/test_0_orig_no_krakatau vs hanoi/test_0_orig_pg_krakatau → NON-CLONE
[19246/50000] 2026-06-30 05:15:57 | R2 | square/test_0_orig_no_krakatau vs hanoi/test_0_orig_pg_procyon → NON-CLONE
[19247/50000] 2026-06-30 05:16:00 | R2 | square/test_0_orig_no_krakatau vs hanoi/test_1_artifice_no_krakatau → NON-CLONE
[19248/50000] 2026-06-30 05:16:01 | R2 | square/test_0_orig_no_krakatau vs hanoi/test_1_artifice_no_procyon → NON-CLONE
[19249/50000] 2026-06-30 05:16:03 | R2 | square/test_0_orig_no_krakatau vs hanoi/test_1_artifice_pg_krakatau → NON-CLONE
[19250/50000] 2026-06-30 05:16:04 | R2 | square/test_0_orig_no_krakatau vs hanoi/test_1_artifice_pg_procyon → NON-CLONE
[19251/50000] 2026-06-30 05:16:07 | R2 | square/test_0_orig_no_krakatau vs kaprekar/0_orig → NON-CLONE
[19252/50000] 2026-06-30 05:16:09 | R2 | square/test_0_orig_no_krakatau vs kaprekar/1_artifice → NON-CLONE
[19253/50000] 2026-06-30 05:16:11 | R2 | square/test_0_orig_no_krakatau vs kaprekar/test_0_orig_no_krakatau → NON-CLONE
[19254/50000] 2026-06-30 05:16:14 | R2 | square/test_0_orig_no_krakatau vs kaprekar/test_0_orig_no_procyon → NON-CLONE
[19255/50000] 2026-06-30 05:16:15 | R2 | square/test_0_orig_no_krakatau vs kaprekar/test_0_orig_pg_krakatau → NON-CLONE
[19256/50000] 2026-06-30 05:16:19 | R2 | square/test_0_orig_no_krakatau vs kaprekar/test_0_orig_pg_procyon → NON-CLONE
[19257/50000] 2026-06-30 05:16:21 | R2 | square/test_0_orig_no_krakatau vs kaprekar/test_1_artifice_no_krakatau → NON-CLONE
[19258/50000] 2026-06-30 05:16:23 | R2 | square/test_0_orig_no_krakatau vs kaprekar/test_1_artifice_no_procyon → NON-CLONE
[19259/50000] 2026-06-30 05:16:25 | R2 | square/test_0_orig_no_krakatau vs kaprekar/test_1_artifice_pg_krakatau → NON-CLONE
[19260/50000] 2026-06-30 05:16:28 | R2 | square/test_0_orig_no_krakatau vs kaprekar/test_1_artifice_pg_procyon → NON-CLONE
[19261/50000] 2026-06-30 05:16:29 | R2 | square/test_0_orig_no_krakatau vs queens/0_orig → NON-CLONE
[19262/50000] 2026-06-30 05:16:32 | R2 | square/test_0_orig_no_krakatau vs queens/1_artifice → NON-CLONE
[19263/50000] 2026-06-30 05:16:35 | R2 | square/test_0_orig_no_krakatau vs queens/test_0_orig_no_krakatau → NON-CLONE
[19264/50000] 2026-06-30 05:16:37 | R2 | square/test_0_orig_no_krakatau vs queens/test_0_orig_no_procyon → NON-CLONE
[19265/50000] 2026-06-30 05:16:39 | R2 | square/test_0_orig_no_krakatau vs queens/test_0_orig_pg_krakatau → NON-CLONE
[19266/50000] 2026-06-30 05:16:41 | R2 | square/test_0_orig_no_krakatau vs queens/test_0_orig_pg_procyon → NON-CLONE
[19267/50000] 2026-06-30 05:16:45 | R2 | square/test_0_orig_no_krakatau vs queens/test_1_artifice_no_krakatau → NON-CLONE
[19268/50000] 2026-06-30 05:16:47 | R2 | square/test_0_orig_no_krakatau vs queens/test_1_artifice_no_procyon → NON-CLONE
[19269/50000] 2026-06-30 05:16:50 | R2 | square/test_0_orig_no_krakatau vs queens/test_1_artifice_pg_krakatau → NON-CLONE
[19270/50000] 2026-06-30 05:16:52 | R2 | square/test_0_orig_no_krakatau vs queens/test_1_artifice_pg_procyon → NON-CLONE
[19271/50000] 2026-06-30 05:16:53 | R2 | square/test_0_orig_no_krakatau vs railroadcar/0_orig → NON-CLONE
[19272/50000] 2026-06-30 05:16:54 | R2 | square/test_0_orig_no_krakatau vs railroadcar/1_artifice → NON-CLONE
[19273/50000] 2026-06-30 05:16:55 | R2 | square/test_0_orig_no_krakatau vs railroadcar/test_0_orig_no_krakatau → NON-CLONE
[19274/50000] 2026-06-30 05:16:57 | R2 | square/test_0_orig_no_krakatau vs railroadcar/test_0_orig_no_procyon → NON-CLONE
[19275/50000] 2026-06-30 05:16:58 | R2 | square/test_0_orig_no_krakatau vs railroadcar/test_0_orig_pg_krakatau → NON-CLONE
[19276/50000] 2026-06-30 05:16:59 | R2 | square/test_0_orig_no_krakatau vs railroadcar/test_0_orig_pg_procyon → NON-CLONE
[19277/50000] 2026-06-30 05:17:00 | R2 | square/test_0_orig_no_krakatau vs railroadcar/test_1_artifice_no_krakatau → NON-CLONE
[19278/50000] 2026-06-30 05:17:01 | R2 | square/test_0_orig_no_krakatau vs railroadcar/test_1_artifice_no_procyon → NON-CLONE
[19279/50000] 2026-06-30 05:17:02 | R2 | square/test_0_orig_no_krakatau vs railroadcar/test_1_artifice_pg_krakatau → NON-CLONE
[19280/50000] 2026-06-30 05:17:04 | R2 | square/test_0_orig_no_krakatau vs railroadcar/test_1_artifice_pg_procyon → NON-CLONE
[19281/50000] 2026-06-30 05:17:05 | R2 | square/test_0_orig_no_krakatau vs slinkedlist/0_orig → NON-CLONE
[19282/50000] 2026-06-30 05:17:07 | R2 | square/test_0_orig_no_krakatau vs slinkedlist/1_artifice → NON-CLONE
[19283/50000] 2026-06-30 05:17:09 | R2 | square/test_0_orig_no_krakatau vs slinkedlist/test_0_orig_no_krakatau → NON-CLONE
[19284/50000] 2026-06-30 05:17:11 | R2 | square/test_0_orig_no_krakatau vs slinkedlist/test_0_orig_no_procyon → NON-CLONE
[19285/50000] 2026-06-30 05:17:12 | R2 | square/test_0_orig_no_krakatau vs slinkedlist/test_0_orig_pg_krakatau → NON-CLONE
[19286/50000] 2026-06-30 05:17:13 | R2 | square/test_0_orig_no_krakatau vs slinkedlist/test_0_orig_pg_procyon → NON-CLONE
[19287/50000] 2026-06-30 05:17:14 | R2 | square/test_0_orig_no_krakatau vs slinkedlist/test_1_artifice_no_krakatau → NON-CLONE
[19288/50000] 2026-06-30 05:17:16 | R2 | square/test_0_orig_no_krakatau vs slinkedlist/test_1_artifice_no_procyon → NON-CLONE
[19289/50000] 2026-06-30 05:17:17 | R2 | square/test_0_orig_no_krakatau vs slinkedlist/test_1_artifice_pg_krakatau → NON-CLONE
[19290/50000] 2026-06-30 05:17:18 | R2 | square/test_0_orig_no_krakatau vs slinkedlist/test_1_artifice_pg_procyon → NON-CLONE
[19291/50000] 2026-06-30 05:17:21 | R2 | square/test_0_orig_no_krakatau vs square/0_orig → CLONE
[19292/50000] 2026-06-30 05:17:23 | R2 | square/test_0_orig_no_krakatau vs square/1_artifice → CLONE
[19293/50000] 2026-06-30 05:17:25 | R2 | square/test_0_orig_no_krakatau vs square/test_0_orig_no_krakatau → CLONE
[19294/50000] 2026-06-30 05:17:27 | R2 | square/test_0_orig_no_krakatau vs square/test_0_orig_no_procyon → CLONE
[19295/50000] 2026-06-30 05:17:30 | R2 | square/test_0_orig_no_krakatau vs square/test_0_orig_pg_krakatau → CLONE
[19296/50000] 2026-06-30 05:17:31 | R2 | square/test_0_orig_no_krakatau vs square/test_0_orig_pg_procyon → CLONE
[19297/50000] 2026-06-30 05:17:34 | R2 | square/test_0_orig_no_krakatau vs square/test_1_artifice_no_krakatau → CLONE
[19298/50000] 2026-06-30 05:17:35 | R2 | square/test_0_orig_no_krakatau vs square/test_1_artifice_no_procyon → CLONE
[19299/50000] 2026-06-30 05:17:39 | R2 | square/test_0_orig_no_krakatau vs square/test_1_artifice_pg_krakatau → CLONE
[19300/50000] 2026-06-30 05:17:40 | R2 | square/test_0_orig_no_krakatau vs square/test_1_artifice_pg_procyon → CLONE
[19301/50000] 2026-06-30 05:17:41 | R2 | square/test_0_orig_no_procyon vs InfixConverter/0_orig → NON-CLONE
[19302/50000] 2026-06-30 05:17:42 | R2 | square/test_0_orig_no_procyon vs InfixConverter/1_artifice → NON-CLONE
[19303/50000] 2026-06-30 05:17:44 | R2 | square/test_0_orig_no_procyon vs InfixConverter/test_0_orig_no_krakatau → NON-CLONE
[19304/50000] 2026-06-30 05:17:45 | R2 | square/test_0_orig_no_procyon vs InfixConverter/test_0_orig_no_procyon → NON-CLONE
[19305/50000] 2026-06-30 05:17:46 | R2 | square/test_0_orig_no_procyon vs InfixConverter/test_0_orig_pg_krakatau → NON-CLONE
[19306/50000] 2026-06-30 05:17:48 | R2 | square/test_0_orig_no_procyon vs InfixConverter/test_0_orig_pg_procyon → NON-CLONE
[19307/50000] 2026-06-30 05:17:49 | R2 | square/test_0_orig_no_procyon vs InfixConverter/test_1_artifice_no_krakatau → NON-CLONE
[19308/50000] 2026-06-30 05:17:50 | R2 | square/test_0_orig_no_procyon vs InfixConverter/test_1_artifice_no_procyon → NON-CLONE
[19309/50000] 2026-06-30 05:17:52 | R2 | square/test_0_orig_no_procyon vs InfixConverter/test_1_artifice_pg_krakatau → NON-CLONE
[19310/50000] 2026-06-30 05:17:53 | R2 | square/test_0_orig_no_procyon vs InfixConverter/test_1_artifice_pg_procyon → NON-CLONE
[19311/50000] 2026-06-30 05:17:54 | R2 | square/test_0_orig_no_procyon vs SqrtAlgorithm/0_orig → NON-CLONE
[19312/50000] 2026-06-30 05:17:56 | R2 | square/test_0_orig_no_procyon vs SqrtAlgorithm/1_artifice → NON-CLONE
[19313/50000] 2026-06-30 05:17:58 | R2 | square/test_0_orig_no_procyon vs SqrtAlgorithm/test_0_orig_no_krakatau → NON-CLONE
[19314/50000] 2026-06-30 05:17:59 | R2 | square/test_0_orig_no_procyon vs SqrtAlgorithm/test_0_orig_no_procyon → NON-CLONE
[19315/50000] 2026-06-30 05:18:00 | R2 | square/test_0_orig_no_procyon vs SqrtAlgorithm/test_0_orig_pg_krakatau → NON-CLONE
[19316/50000] 2026-06-30 05:18:02 | R2 | square/test_0_orig_no_procyon vs SqrtAlgorithm/test_0_orig_pg_procyon → NON-CLONE
[19317/50000] 2026-06-30 05:18:03 | R2 | square/test_0_orig_no_procyon vs SqrtAlgorithm/test_1_artifice_no_krakatau → NON-CLONE
[19318/50000] 2026-06-30 05:18:05 | R2 | square/test_0_orig_no_procyon vs SqrtAlgorithm/test_1_artifice_no_procyon → NON-CLONE
[19319/50000] 2026-06-30 05:18:06 | R2 | square/test_0_orig_no_procyon vs SqrtAlgorithm/test_1_artifice_pg_krakatau → NON-CLONE
[19320/50000] 2026-06-30 05:18:07 | R2 | square/test_0_orig_no_procyon vs SqrtAlgorithm/test_1_artifice_pg_procyon → NON-CLONE
[19321/50000] 2026-06-30 05:18:09 | R2 | square/test_0_orig_no_procyon vs bubblesort/0_orig → NON-CLONE
[19322/50000] 2026-06-30 05:18:10 | R2 | square/test_0_orig_no_procyon vs bubblesort/1_artifice → NON-CLONE
[19323/50000] 2026-06-30 05:18:11 | R2 | square/test_0_orig_no_procyon vs bubblesort/test_0_orig_no_krakatau → NON-CLONE
[19324/50000] 2026-06-30 05:18:12 | R2 | square/test_0_orig_no_procyon vs bubblesort/test_0_orig_no_procyon → NON-CLONE
[19325/50000] 2026-06-30 05:18:13 | R2 | square/test_0_orig_no_procyon vs bubblesort/test_0_orig_pg_krakatau → NON-CLONE
[19326/50000] 2026-06-30 05:18:14 | R2 | square/test_0_orig_no_procyon vs bubblesort/test_0_orig_pg_procyon → NON-CLONE
[19327/50000] 2026-06-30 05:18:15 | R2 | square/test_0_orig_no_procyon vs bubblesort/test_1_artifice_no_krakatau → NON-CLONE
[19328/50000] 2026-06-30 05:18:16 | R2 | square/test_0_orig_no_procyon vs bubblesort/test_1_artifice_no_procyon → NON-CLONE
[19329/50000] 2026-06-30 05:18:17 | R2 | square/test_0_orig_no_procyon vs bubblesort/test_1_artifice_pg_krakatau → NON-CLONE
[19330/50000] 2026-06-30 05:18:18 | R2 | square/test_0_orig_no_procyon vs bubblesort/test_1_artifice_pg_procyon → NON-CLONE
[19331/50000] 2026-06-30 05:18:19 | R2 | square/test_0_orig_no_procyon vs guessword/0_orig → NON-CLONE
[19332/50000] 2026-06-30 05:18:20 | R2 | square/test_0_orig_no_procyon vs guessword/1_artifice → NON-CLONE
[19333/50000] 2026-06-30 05:18:21 | R2 | square/test_0_orig_no_procyon vs guessword/test_0_orig_no_krakatau → NON-CLONE
[19334/50000] 2026-06-30 05:18:23 | R2 | square/test_0_orig_no_procyon vs guessword/test_0_orig_no_procyon → NON-CLONE
[19335/50000] 2026-06-30 05:18:25 | R2 | square/test_0_orig_no_procyon vs guessword/test_0_orig_pg_krakatau → NON-CLONE
[19336/50000] 2026-06-30 05:18:28 | R2 | square/test_0_orig_no_procyon vs guessword/test_0_orig_pg_procyon → NON-CLONE
[19337/50000] 2026-06-30 05:18:29 | R2 | square/test_0_orig_no_procyon vs guessword/test_1_artifice_no_krakatau → NON-CLONE
[19338/50000] 2026-06-30 05:18:30 | R2 | square/test_0_orig_no_procyon vs guessword/test_1_artifice_no_procyon → NON-CLONE
[19339/50000] 2026-06-30 05:18:32 | R2 | square/test_0_orig_no_procyon vs guessword/test_1_artifice_pg_krakatau → NON-CLONE
[19340/50000] 2026-06-30 05:18:36 | R2 | square/test_0_orig_no_procyon vs guessword/test_1_artifice_pg_procyon → NON-CLONE
[19341/50000] 2026-06-30 05:18:37 | R2 | square/test_0_orig_no_procyon vs hanoi/0_orig → NON-CLONE
[19342/50000] 2026-06-30 05:18:38 | R2 | square/test_0_orig_no_procyon vs hanoi/1_artifice → NON-CLONE
[19343/50000] 2026-06-30 05:18:40 | R2 | square/test_0_orig_no_procyon vs hanoi/test_0_orig_no_krakatau → NON-CLONE
[19344/50000] 2026-06-30 05:18:42 | R2 | square/test_0_orig_no_procyon vs hanoi/test_0_orig_no_procyon → NON-CLONE
[19345/50000] 2026-06-30 05:18:43 | R2 | square/test_0_orig_no_procyon vs hanoi/test_0_orig_pg_krakatau → NON-CLONE
[19346/50000] 2026-06-30 05:18:44 | R2 | square/test_0_orig_no_procyon vs hanoi/test_0_orig_pg_procyon → NON-CLONE
[19347/50000] 2026-06-30 05:18:46 | R2 | square/test_0_orig_no_procyon vs hanoi/test_1_artifice_no_krakatau → NON-CLONE
[19348/50000] 2026-06-30 05:18:48 | R2 | square/test_0_orig_no_procyon vs hanoi/test_1_artifice_no_procyon → NON-CLONE
[19349/50000] 2026-06-30 05:18:49 | R2 | square/test_0_orig_no_procyon vs hanoi/test_1_artifice_pg_krakatau → NON-CLONE
[19350/50000] 2026-06-30 05:18:50 | R2 | square/test_0_orig_no_procyon vs hanoi/test_1_artifice_pg_procyon → NON-CLONE
[19351/50000] 2026-06-30 05:18:52 | R2 | square/test_0_orig_no_procyon vs kaprekar/0_orig → NON-CLONE
[19352/50000] 2026-06-30 05:18:54 | R2 | square/test_0_orig_no_procyon vs kaprekar/1_artifice → NON-CLONE
[19353/50000] 2026-06-30 05:18:55 | R2 | square/test_0_orig_no_procyon vs kaprekar/test_0_orig_no_krakatau → NON-CLONE
[19354/50000] 2026-06-30 05:18:57 | R2 | square/test_0_orig_no_procyon vs kaprekar/test_0_orig_no_procyon → NON-CLONE
[19355/50000] 2026-06-30 05:18:59 | R2 | square/test_0_orig_no_procyon vs kaprekar/test_0_orig_pg_krakatau → NON-CLONE
[19356/50000] 2026-06-30 05:19:00 | R2 | square/test_0_orig_no_procyon vs kaprekar/test_0_orig_pg_procyon → NON-CLONE
[19357/50000] 2026-06-30 05:19:01 | R2 | square/test_0_orig_no_procyon vs kaprekar/test_1_artifice_no_krakatau → NON-CLONE
[19358/50000] 2026-06-30 05:19:03 | R2 | square/test_0_orig_no_procyon vs kaprekar/test_1_artifice_no_procyon → NON-CLONE
[19359/50000] 2026-06-30 05:19:05 | R2 | square/test_0_orig_no_procyon vs kaprekar/test_1_artifice_pg_krakatau → NON-CLONE
[19360/50000] 2026-06-30 05:19:06 | R2 | square/test_0_orig_no_procyon vs kaprekar/test_1_artifice_pg_procyon → NON-CLONE
[19361/50000] 2026-06-30 05:19:08 | R2 | square/test_0_orig_no_procyon vs queens/0_orig → NON-CLONE
[19362/50000] 2026-06-30 05:19:10 | R2 | square/test_0_orig_no_procyon vs queens/1_artifice → NON-CLONE
[19363/50000] 2026-06-30 05:19:13 | R2 | square/test_0_orig_no_procyon vs queens/test_0_orig_no_krakatau → NON-CLONE
[19364/50000] 2026-06-30 05:19:15 | R2 | square/test_0_orig_no_procyon vs queens/test_0_orig_no_procyon → NON-CLONE
[19365/50000] 2026-06-30 05:19:16 | R2 | square/test_0_orig_no_procyon vs queens/test_0_orig_pg_krakatau → NON-CLONE
[19366/50000] 2026-06-30 05:19:19 | R2 | square/test_0_orig_no_procyon vs queens/test_0_orig_pg_procyon → NON-CLONE
[19367/50000] 2026-06-30 05:19:20 | R2 | square/test_0_orig_no_procyon vs queens/test_1_artifice_no_krakatau → NON-CLONE
[19368/50000] 2026-06-30 05:19:22 | R2 | square/test_0_orig_no_procyon vs queens/test_1_artifice_no_procyon → NON-CLONE
[19369/50000] 2026-06-30 05:19:24 | R2 | square/test_0_orig_no_procyon vs queens/test_1_artifice_pg_krakatau → NON-CLONE
[19370/50000] 2026-06-30 05:19:26 | R2 | square/test_0_orig_no_procyon vs queens/test_1_artifice_pg_procyon → NON-CLONE
[19371/50000] 2026-06-30 05:19:27 | R2 | square/test_0_orig_no_procyon vs railroadcar/0_orig → NON-CLONE
[19372/50000] 2026-06-30 05:19:28 | R2 | square/test_0_orig_no_procyon vs railroadcar/1_artifice → NON-CLONE
[19373/50000] 2026-06-30 05:19:29 | R2 | square/test_0_orig_no_procyon vs railroadcar/test_0_orig_no_krakatau → NON-CLONE
[19374/50000] 2026-06-30 05:19:30 | R2 | square/test_0_orig_no_procyon vs railroadcar/test_0_orig_no_procyon → NON-CLONE
[19375/50000] 2026-06-30 05:19:31 | R2 | square/test_0_orig_no_procyon vs railroadcar/test_0_orig_pg_krakatau → NON-CLONE
[19376/50000] 2026-06-30 05:19:32 | R2 | square/test_0_orig_no_procyon vs railroadcar/test_0_orig_pg_procyon → NON-CLONE
[19377/50000] 2026-06-30 05:19:33 | R2 | square/test_0_orig_no_procyon vs railroadcar/test_1_artifice_no_krakatau → NON-CLONE
[19378/50000] 2026-06-30 05:19:34 | R2 | square/test_0_orig_no_procyon vs railroadcar/test_1_artifice_no_procyon → NON-CLONE
[19379/50000] 2026-06-30 05:19:35 | R2 | square/test_0_orig_no_procyon vs railroadcar/test_1_artifice_pg_krakatau → NON-CLONE
[19380/50000] 2026-06-30 05:19:36 | R2 | square/test_0_orig_no_procyon vs railroadcar/test_1_artifice_pg_procyon → NON-CLONE
[19381/50000] 2026-06-30 05:19:38 | R2 | square/test_0_orig_no_procyon vs slinkedlist/0_orig → NON-CLONE
[19382/50000] 2026-06-30 05:19:40 | R2 | square/test_0_orig_no_procyon vs slinkedlist/1_artifice → NON-CLONE
[19383/50000] 2026-06-30 05:19:42 | R2 | square/test_0_orig_no_procyon vs slinkedlist/test_0_orig_no_krakatau → NON-CLONE
[19384/50000] 2026-06-30 05:19:44 | R2 | square/test_0_orig_no_procyon vs slinkedlist/test_0_orig_no_procyon → NON-CLONE
[19385/50000] 2026-06-30 05:19:45 | R2 | square/test_0_orig_no_procyon vs slinkedlist/test_0_orig_pg_krakatau → NON-CLONE
[19386/50000] 2026-06-30 05:19:46 | R2 | square/test_0_orig_no_procyon vs slinkedlist/test_0_orig_pg_procyon → NON-CLONE
[19387/50000] 2026-06-30 05:19:47 | R2 | square/test_0_orig_no_procyon vs slinkedlist/test_1_artifice_no_krakatau → NON-CLONE
[19388/50000] 2026-06-30 05:19:48 | R2 | square/test_0_orig_no_procyon vs slinkedlist/test_1_artifice_no_procyon → NON-CLONE
[19389/50000] 2026-06-30 05:19:49 | R2 | square/test_0_orig_no_procyon vs slinkedlist/test_1_artifice_pg_krakatau → NON-CLONE
[19390/50000] 2026-06-30 05:19:50 | R2 | square/test_0_orig_no_procyon vs slinkedlist/test_1_artifice_pg_procyon → NON-CLONE
[19391/50000] 2026-06-30 05:19:52 | R2 | square/test_0_orig_no_procyon vs square/0_orig → CLONE
[19392/50000] 2026-06-30 05:19:53 | R2 | square/test_0_orig_no_procyon vs square/1_artifice → CLONE
[19393/50000] 2026-06-30 05:19:54 | R2 | square/test_0_orig_no_procyon vs square/test_0_orig_no_krakatau → CLONE
[19394/50000] 2026-06-30 05:19:56 | R2 | square/test_0_orig_no_procyon vs square/test_0_orig_no_procyon → CLONE
[19395/50000] 2026-06-30 05:19:59 | R2 | square/test_0_orig_no_procyon vs square/test_0_orig_pg_krakatau → CLONE
[19396/50000] 2026-06-30 05:20:01 | R2 | square/test_0_orig_no_procyon vs square/test_0_orig_pg_procyon → CLONE
[19397/50000] 2026-06-30 05:20:02 | R2 | square/test_0_orig_no_procyon vs square/test_1_artifice_no_krakatau → CLONE
[19398/50000] 2026-06-30 05:20:04 | R2 | square/test_0_orig_no_procyon vs square/test_1_artifice_no_procyon → CLONE
[19399/50000] 2026-06-30 05:20:05 | R2 | square/test_0_orig_no_procyon vs square/test_1_artifice_pg_krakatau → CLONE
[19400/50000] 2026-06-30 05:20:06 | R2 | square/test_0_orig_no_procyon vs square/test_1_artifice_pg_procyon → CLONE
[19401/50000] 2026-06-30 05:20:09 | R2 | square/test_0_orig_pg_krakatau vs InfixConverter/0_orig → NON-CLONE
[19402/50000] 2026-06-30 05:20:10 | R2 | square/test_0_orig_pg_krakatau vs InfixConverter/1_artifice → NON-CLONE
[19403/50000] 2026-06-30 05:20:11 | R2 | square/test_0_orig_pg_krakatau vs InfixConverter/test_0_orig_no_krakatau → NON-CLONE
[19404/50000] 2026-06-30 05:20:12 | R2 | square/test_0_orig_pg_krakatau vs InfixConverter/test_0_orig_no_procyon → NON-CLONE
[19405/50000] 2026-06-30 05:20:14 | R2 | square/test_0_orig_pg_krakatau vs InfixConverter/test_0_orig_pg_krakatau → NON-CLONE
[19406/50000] 2026-06-30 05:20:16 | R2 | square/test_0_orig_pg_krakatau vs InfixConverter/test_0_orig_pg_procyon → NON-CLONE
[19407/50000] 2026-06-30 05:20:19 | R2 | square/test_0_orig_pg_krakatau vs InfixConverter/test_1_artifice_no_krakatau → NON-CLONE
[19408/50000] 2026-06-30 05:20:20 | R2 | square/test_0_orig_pg_krakatau vs InfixConverter/test_1_artifice_no_procyon → NON-CLONE
[19409/50000] 2026-06-30 05:20:22 | R2 | square/test_0_orig_pg_krakatau vs InfixConverter/test_1_artifice_pg_krakatau → NON-CLONE
[19410/50000] 2026-06-30 05:20:24 | R2 | square/test_0_orig_pg_krakatau vs InfixConverter/test_1_artifice_pg_procyon → NON-CLONE
[19411/50000] 2026-06-30 05:20:25 | R2 | square/test_0_orig_pg_krakatau vs SqrtAlgorithm/0_orig → NON-CLONE
[19412/50000] 2026-06-30 05:20:27 | R2 | square/test_0_orig_pg_krakatau vs SqrtAlgorithm/1_artifice → NON-CLONE
[19413/50000] 2026-06-30 05:20:29 | R2 | square/test_0_orig_pg_krakatau vs SqrtAlgorithm/test_0_orig_no_krakatau → NON-CLONE
[19414/50000] 2026-06-30 05:20:31 | R2 | square/test_0_orig_pg_krakatau vs SqrtAlgorithm/test_0_orig_no_procyon → NON-CLONE
[19415/50000] 2026-06-30 05:20:32 | R2 | square/test_0_orig_pg_krakatau vs SqrtAlgorithm/test_0_orig_pg_krakatau → NON-CLONE
[19416/50000] 2026-06-30 05:20:35 | R2 | square/test_0_orig_pg_krakatau vs SqrtAlgorithm/test_0_orig_pg_procyon → NON-CLONE
[19417/50000] 2026-06-30 05:20:37 | R2 | square/test_0_orig_pg_krakatau vs SqrtAlgorithm/test_1_artifice_no_krakatau → NON-CLONE
[19418/50000] 2026-06-30 05:20:38 | R2 | square/test_0_orig_pg_krakatau vs SqrtAlgorithm/test_1_artifice_no_procyon → NON-CLONE
[19419/50000] 2026-06-30 05:20:40 | R2 | square/test_0_orig_pg_krakatau vs SqrtAlgorithm/test_1_artifice_pg_krakatau → NON-CLONE
[19420/50000] 2026-06-30 05:20:42 | R2 | square/test_0_orig_pg_krakatau vs SqrtAlgorithm/test_1_artifice_pg_procyon → NON-CLONE
[19421/50000] 2026-06-30 05:20:43 | R2 | square/test_0_orig_pg_krakatau vs bubblesort/0_orig → NON-CLONE
[19422/50000] 2026-06-30 05:20:45 | R2 | square/test_0_orig_pg_krakatau vs bubblesort/1_artifice → NON-CLONE
[19423/50000] 2026-06-30 05:20:47 | R2 | square/test_0_orig_pg_krakatau vs bubblesort/test_0_orig_no_krakatau → NON-CLONE
[19424/50000] 2026-06-30 05:20:48 | R2 | square/test_0_orig_pg_krakatau vs bubblesort/test_0_orig_no_procyon → NON-CLONE
[19425/50000] 2026-06-30 05:20:50 | R2 | square/test_0_orig_pg_krakatau vs bubblesort/test_0_orig_pg_krakatau → NON-CLONE
[19426/50000] 2026-06-30 05:20:51 | R2 | square/test_0_orig_pg_krakatau vs bubblesort/test_0_orig_pg_procyon → NON-CLONE
[19427/50000] 2026-06-30 05:20:53 | R2 | square/test_0_orig_pg_krakatau vs bubblesort/test_1_artifice_no_krakatau → NON-CLONE
[19428/50000] 2026-06-30 05:20:54 | R2 | square/test_0_orig_pg_krakatau vs bubblesort/test_1_artifice_no_procyon → NON-CLONE
[19429/50000] 2026-06-30 05:20:57 | R2 | square/test_0_orig_pg_krakatau vs bubblesort/test_1_artifice_pg_krakatau → NON-CLONE
[19430/50000] 2026-06-30 05:20:58 | R2 | square/test_0_orig_pg_krakatau vs bubblesort/test_1_artifice_pg_procyon → NON-CLONE
[19431/50000] 2026-06-30 05:20:59 | R2 | square/test_0_orig_pg_krakatau vs guessword/0_orig → NON-CLONE
[19432/50000] 2026-06-30 05:21:00 | R2 | square/test_0_orig_pg_krakatau vs guessword/1_artifice → NON-CLONE
[19433/50000] 2026-06-30 05:21:02 | R2 | square/test_0_orig_pg_krakatau vs guessword/test_0_orig_no_krakatau → NON-CLONE
[19434/50000] 2026-06-30 05:21:06 | R2 | square/test_0_orig_pg_krakatau vs guessword/test_0_orig_no_procyon → NON-CLONE
[19435/50000] 2026-06-30 05:21:08 | R2 | square/test_0_orig_pg_krakatau vs guessword/test_0_orig_pg_krakatau → NON-CLONE
[19436/50000] 2026-06-30 05:21:10 | R2 | square/test_0_orig_pg_krakatau vs guessword/test_0_orig_pg_procyon → NON-CLONE
[19437/50000] 2026-06-30 05:21:12 | R2 | square/test_0_orig_pg_krakatau vs guessword/test_1_artifice_no_krakatau → NON-CLONE
[19438/50000] 2026-06-30 05:21:15 | R2 | square/test_0_orig_pg_krakatau vs guessword/test_1_artifice_no_procyon → NON-CLONE
[19439/50000] 2026-06-30 05:21:17 | R2 | square/test_0_orig_pg_krakatau vs guessword/test_1_artifice_pg_krakatau → NON-CLONE
[19440/50000] 2026-06-30 05:21:19 | R2 | square/test_0_orig_pg_krakatau vs guessword/test_1_artifice_pg_procyon → NON-CLONE
[19441/50000] 2026-06-30 05:21:20 | R2 | square/test_0_orig_pg_krakatau vs hanoi/0_orig → NON-CLONE
[19442/50000] 2026-06-30 05:21:22 | R2 | square/test_0_orig_pg_krakatau vs hanoi/1_artifice → NON-CLONE
[19443/50000] 2026-06-30 05:21:23 | R2 | square/test_0_orig_pg_krakatau vs hanoi/test_0_orig_no_krakatau → NON-CLONE
[19444/50000] 2026-06-30 05:21:24 | R2 | square/test_0_orig_pg_krakatau vs hanoi/test_0_orig_no_procyon → NON-CLONE
[19445/50000] 2026-06-30 05:21:26 | R2 | square/test_0_orig_pg_krakatau vs hanoi/test_0_orig_pg_krakatau → NON-CLONE
[19446/50000] 2026-06-30 05:21:28 | R2 | square/test_0_orig_pg_krakatau vs hanoi/test_0_orig_pg_procyon → NON-CLONE
[19447/50000] 2026-06-30 05:21:30 | R2 | square/test_0_orig_pg_krakatau vs hanoi/test_1_artifice_no_krakatau → NON-CLONE
[19448/50000] 2026-06-30 05:21:31 | R2 | square/test_0_orig_pg_krakatau vs hanoi/test_1_artifice_no_procyon → NON-CLONE
[19449/50000] 2026-06-30 05:21:33 | R2 | square/test_0_orig_pg_krakatau vs hanoi/test_1_artifice_pg_krakatau → NON-CLONE
[19450/50000] 2026-06-30 05:21:35 | R2 | square/test_0_orig_pg_krakatau vs hanoi/test_1_artifice_pg_procyon → NON-CLONE
[19451/50000] 2026-06-30 05:21:37 | R2 | square/test_0_orig_pg_krakatau vs kaprekar/0_orig → NON-CLONE
[19452/50000] 2026-06-30 05:21:38 | R2 | square/test_0_orig_pg_krakatau vs kaprekar/1_artifice → NON-CLONE
[19453/50000] 2026-06-30 05:21:40 | R2 | square/test_0_orig_pg_krakatau vs kaprekar/test_0_orig_no_krakatau → NON-CLONE
[19454/50000] 2026-06-30 05:21:42 | R2 | square/test_0_orig_pg_krakatau vs kaprekar/test_0_orig_no_procyon → NON-CLONE
[19455/50000] 2026-06-30 05:21:44 | R2 | square/test_0_orig_pg_krakatau vs kaprekar/test_0_orig_pg_krakatau → NON-CLONE
[19456/50000] 2026-06-30 05:21:46 | R2 | square/test_0_orig_pg_krakatau vs kaprekar/test_0_orig_pg_procyon → NON-CLONE
[19457/50000] 2026-06-30 05:21:48 | R2 | square/test_0_orig_pg_krakatau vs kaprekar/test_1_artifice_no_krakatau → NON-CLONE
[19458/50000] 2026-06-30 05:21:49 | R2 | square/test_0_orig_pg_krakatau vs kaprekar/test_1_artifice_no_procyon → NON-CLONE
[19459/50000] 2026-06-30 05:21:51 | R2 | square/test_0_orig_pg_krakatau vs kaprekar/test_1_artifice_pg_krakatau → NON-CLONE
[19460/50000] 2026-06-30 05:21:53 | R2 | square/test_0_orig_pg_krakatau vs kaprekar/test_1_artifice_pg_procyon → NON-CLONE
[19461/50000] 2026-06-30 05:21:54 | R2 | square/test_0_orig_pg_krakatau vs queens/0_orig → NON-CLONE
[19462/50000] 2026-06-30 05:21:56 | R2 | square/test_0_orig_pg_krakatau vs queens/1_artifice → NON-CLONE
[19463/50000] 2026-06-30 05:21:58 | R2 | square/test_0_orig_pg_krakatau vs queens/test_0_orig_no_krakatau → NON-CLONE
[19464/50000] 2026-06-30 05:21:59 | R2 | square/test_0_orig_pg_krakatau vs queens/test_0_orig_no_procyon → NON-CLONE
[19465/50000] 2026-06-30 05:22:01 | R2 | square/test_0_orig_pg_krakatau vs queens/test_0_orig_pg_krakatau → NON-CLONE
[19466/50000] 2026-06-30 05:22:02 | R2 | square/test_0_orig_pg_krakatau vs queens/test_0_orig_pg_procyon → NON-CLONE
[19467/50000] 2026-06-30 05:22:04 | R2 | square/test_0_orig_pg_krakatau vs queens/test_1_artifice_no_krakatau → NON-CLONE
[19468/50000] 2026-06-30 05:22:05 | R2 | square/test_0_orig_pg_krakatau vs queens/test_1_artifice_no_procyon → NON-CLONE
[19469/50000] 2026-06-30 05:22:06 | R2 | square/test_0_orig_pg_krakatau vs queens/test_1_artifice_pg_krakatau → NON-CLONE
[19470/50000] 2026-06-30 05:22:08 | R2 | square/test_0_orig_pg_krakatau vs queens/test_1_artifice_pg_procyon → NON-CLONE
[19471/50000] 2026-06-30 05:22:09 | R2 | square/test_0_orig_pg_krakatau vs railroadcar/0_orig → NON-CLONE
[19472/50000] 2026-06-30 05:22:11 | R2 | square/test_0_orig_pg_krakatau vs railroadcar/1_artifice → NON-CLONE
[19473/50000] 2026-06-30 05:22:12 | R2 | square/test_0_orig_pg_krakatau vs railroadcar/test_0_orig_no_krakatau → NON-CLONE
[19474/50000] 2026-06-30 05:22:13 | R2 | square/test_0_orig_pg_krakatau vs railroadcar/test_0_orig_no_procyon → NON-CLONE
[19475/50000] 2026-06-30 05:22:14 | R2 | square/test_0_orig_pg_krakatau vs railroadcar/test_0_orig_pg_krakatau → NON-CLONE
[19476/50000] 2026-06-30 05:22:17 | R2 | square/test_0_orig_pg_krakatau vs railroadcar/test_0_orig_pg_procyon → NON-CLONE
[19477/50000] 2026-06-30 05:22:18 | R2 | square/test_0_orig_pg_krakatau vs railroadcar/test_1_artifice_no_krakatau → NON-CLONE
[19478/50000] 2026-06-30 05:22:20 | R2 | square/test_0_orig_pg_krakatau vs railroadcar/test_1_artifice_no_procyon → NON-CLONE
[19479/50000] 2026-06-30 05:22:21 | R2 | square/test_0_orig_pg_krakatau vs railroadcar/test_1_artifice_pg_krakatau → NON-CLONE
[19480/50000] 2026-06-30 05:22:23 | R2 | square/test_0_orig_pg_krakatau vs railroadcar/test_1_artifice_pg_procyon → NON-CLONE
[19481/50000] 2026-06-30 05:22:25 | R2 | square/test_0_orig_pg_krakatau vs slinkedlist/0_orig → NON-CLONE
[19482/50000] 2026-06-30 05:22:27 | R2 | square/test_0_orig_pg_krakatau vs slinkedlist/1_artifice → NON-CLONE
[19483/50000] 2026-06-30 05:22:29 | R2 | square/test_0_orig_pg_krakatau vs slinkedlist/test_0_orig_no_krakatau → NON-CLONE
[19484/50000] 2026-06-30 05:22:31 | R2 | square/test_0_orig_pg_krakatau vs slinkedlist/test_0_orig_no_procyon → NON-CLONE
[19485/50000] 2026-06-30 05:22:33 | R2 | square/test_0_orig_pg_krakatau vs slinkedlist/test_0_orig_pg_krakatau → NON-CLONE
[19486/50000] 2026-06-30 05:22:35 | R2 | square/test_0_orig_pg_krakatau vs slinkedlist/test_0_orig_pg_procyon → NON-CLONE
[19487/50000] 2026-06-30 05:22:37 | R2 | square/test_0_orig_pg_krakatau vs slinkedlist/test_1_artifice_no_krakatau → NON-CLONE
[19488/50000] 2026-06-30 05:22:39 | R2 | square/test_0_orig_pg_krakatau vs slinkedlist/test_1_artifice_no_procyon → NON-CLONE
[19489/50000] 2026-06-30 05:22:41 | R2 | square/test_0_orig_pg_krakatau vs slinkedlist/test_1_artifice_pg_krakatau → NON-CLONE
[19490/50000] 2026-06-30 05:22:43 | R2 | square/test_0_orig_pg_krakatau vs slinkedlist/test_1_artifice_pg_procyon → NON-CLONE
[19491/50000] 2026-06-30 05:22:45 | R2 | square/test_0_orig_pg_krakatau vs square/0_orig → CLONE
[19492/50000] 2026-06-30 05:22:47 | R2 | square/test_0_orig_pg_krakatau vs square/1_artifice → CLONE
[19493/50000] 2026-06-30 05:22:50 | R2 | square/test_0_orig_pg_krakatau vs square/test_0_orig_no_krakatau → CLONE
[19494/50000] 2026-06-30 05:22:53 | R2 | square/test_0_orig_pg_krakatau vs square/test_0_orig_no_procyon → CLONE
[19495/50000] 2026-06-30 05:22:56 | R2 | square/test_0_orig_pg_krakatau vs square/test_0_orig_pg_krakatau → CLONE
[19496/50000] 2026-06-30 05:22:58 | R2 | square/test_0_orig_pg_krakatau vs square/test_0_orig_pg_procyon → CLONE
[19497/50000] 2026-06-30 05:23:01 | R2 | square/test_0_orig_pg_krakatau vs square/test_1_artifice_no_krakatau → CLONE
[19498/50000] 2026-06-30 05:23:03 | R2 | square/test_0_orig_pg_krakatau vs square/test_1_artifice_no_procyon → CLONE
[19499/50000] 2026-06-30 05:23:06 | R2 | square/test_0_orig_pg_krakatau vs square/test_1_artifice_pg_krakatau → CLONE
[19500/50000] 2026-06-30 05:23:08 | R2 | square/test_0_orig_pg_krakatau vs square/test_1_artifice_pg_procyon → CLONE
[19501/50000] 2026-06-30 05:23:09 | R2 | square/test_0_orig_pg_procyon vs InfixConverter/0_orig → NON-CLONE
[19502/50000] 2026-06-30 05:23:11 | R2 | square/test_0_orig_pg_procyon vs InfixConverter/1_artifice → NON-CLONE
[19503/50000] 2026-06-30 05:23:14 | R2 | square/test_0_orig_pg_procyon vs InfixConverter/test_0_orig_no_krakatau → NON-CLONE
[19504/50000] 2026-06-30 05:23:15 | R2 | square/test_0_orig_pg_procyon vs InfixConverter/test_0_orig_no_procyon → NON-CLONE
[19505/50000] 2026-06-30 05:23:17 | R2 | square/test_0_orig_pg_procyon vs InfixConverter/test_0_orig_pg_krakatau → NON-CLONE
[19506/50000] 2026-06-30 05:23:18 | R2 | square/test_0_orig_pg_procyon vs InfixConverter/test_0_orig_pg_procyon → NON-CLONE
[19507/50000] 2026-06-30 05:23:20 | R2 | square/test_0_orig_pg_procyon vs InfixConverter/test_1_artifice_no_krakatau → NON-CLONE
[19508/50000] 2026-06-30 05:23:21 | R2 | square/test_0_orig_pg_procyon vs InfixConverter/test_1_artifice_no_procyon → NON-CLONE
[19509/50000] 2026-06-30 05:23:22 | R2 | square/test_0_orig_pg_procyon vs InfixConverter/test_1_artifice_pg_krakatau → NON-CLONE
[19510/50000] 2026-06-30 05:23:23 | R2 | square/test_0_orig_pg_procyon vs InfixConverter/test_1_artifice_pg_procyon → NON-CLONE
[19511/50000] 2026-06-30 05:23:25 | R2 | square/test_0_orig_pg_procyon vs SqrtAlgorithm/0_orig → NON-CLONE
[19512/50000] 2026-06-30 05:23:27 | R2 | square/test_0_orig_pg_procyon vs SqrtAlgorithm/1_artifice → NON-CLONE
[19513/50000] 2026-06-30 05:23:29 | R2 | square/test_0_orig_pg_procyon vs SqrtAlgorithm/test_0_orig_no_krakatau → NON-CLONE
[19514/50000] 2026-06-30 05:23:30 | R2 | square/test_0_orig_pg_procyon vs SqrtAlgorithm/test_0_orig_no_procyon → NON-CLONE
[19515/50000] 2026-06-30 05:23:32 | R2 | square/test_0_orig_pg_procyon vs SqrtAlgorithm/test_0_orig_pg_krakatau → NON-CLONE
[19516/50000] 2026-06-30 05:23:34 | R2 | square/test_0_orig_pg_procyon vs SqrtAlgorithm/test_0_orig_pg_procyon → NON-CLONE
[19517/50000] 2026-06-30 05:23:36 | R2 | square/test_0_orig_pg_procyon vs SqrtAlgorithm/test_1_artifice_no_krakatau → NON-CLONE
[19518/50000] 2026-06-30 05:23:37 | R2 | square/test_0_orig_pg_procyon vs SqrtAlgorithm/test_1_artifice_no_procyon → NON-CLONE
[19519/50000] 2026-06-30 05:23:39 | R2 | square/test_0_orig_pg_procyon vs SqrtAlgorithm/test_1_artifice_pg_krakatau → NON-CLONE
[19520/50000] 2026-06-30 05:23:41 | R2 | square/test_0_orig_pg_procyon vs SqrtAlgorithm/test_1_artifice_pg_procyon → NON-CLONE
[19521/50000] 2026-06-30 05:23:42 | R2 | square/test_0_orig_pg_procyon vs bubblesort/0_orig → NON-CLONE
[19522/50000] 2026-06-30 05:23:43 | R2 | square/test_0_orig_pg_procyon vs bubblesort/1_artifice → NON-CLONE
[19523/50000] 2026-06-30 05:23:44 | R2 | square/test_0_orig_pg_procyon vs bubblesort/test_0_orig_no_krakatau → NON-CLONE
[19524/50000] 2026-06-30 05:23:45 | R2 | square/test_0_orig_pg_procyon vs bubblesort/test_0_orig_no_procyon → NON-CLONE
[19525/50000] 2026-06-30 05:23:46 | R2 | square/test_0_orig_pg_procyon vs bubblesort/test_0_orig_pg_krakatau → NON-CLONE
[19526/50000] 2026-06-30 05:23:47 | R2 | square/test_0_orig_pg_procyon vs bubblesort/test_0_orig_pg_procyon → NON-CLONE
[19527/50000] 2026-06-30 05:23:48 | R2 | square/test_0_orig_pg_procyon vs bubblesort/test_1_artifice_no_krakatau → NON-CLONE
[19528/50000] 2026-06-30 05:23:49 | R2 | square/test_0_orig_pg_procyon vs bubblesort/test_1_artifice_no_procyon → NON-CLONE
[19529/50000] 2026-06-30 05:23:51 | R2 | square/test_0_orig_pg_procyon vs bubblesort/test_1_artifice_pg_krakatau → NON-CLONE
[19530/50000] 2026-06-30 05:23:52 | R2 | square/test_0_orig_pg_procyon vs bubblesort/test_1_artifice_pg_procyon → NON-CLONE
[19531/50000] 2026-06-30 05:23:53 | R2 | square/test_0_orig_pg_procyon vs guessword/0_orig → NON-CLONE
[19532/50000] 2026-06-30 05:23:54 | R2 | square/test_0_orig_pg_procyon vs guessword/1_artifice → NON-CLONE
[19533/50000] 2026-06-30 05:23:55 | R2 | square/test_0_orig_pg_procyon vs guessword/test_0_orig_no_krakatau → NON-CLONE
[19534/50000] 2026-06-30 05:23:56 | R2 | square/test_0_orig_pg_procyon vs guessword/test_0_orig_no_procyon → NON-CLONE
[19535/50000] 2026-06-30 05:23:58 | R2 | square/test_0_orig_pg_procyon vs guessword/test_0_orig_pg_krakatau → NON-CLONE
[19536/50000] 2026-06-30 05:23:59 | R2 | square/test_0_orig_pg_procyon vs guessword/test_0_orig_pg_procyon → NON-CLONE
[19537/50000] 2026-06-30 05:24:00 | R2 | square/test_0_orig_pg_procyon vs guessword/test_1_artifice_no_krakatau → NON-CLONE
[19538/50000] 2026-06-30 05:24:01 | R2 | square/test_0_orig_pg_procyon vs guessword/test_1_artifice_no_procyon → NON-CLONE
[19539/50000] 2026-06-30 05:24:03 | R2 | square/test_0_orig_pg_procyon vs guessword/test_1_artifice_pg_krakatau → NON-CLONE
[19540/50000] 2026-06-30 05:24:05 | R2 | square/test_0_orig_pg_procyon vs guessword/test_1_artifice_pg_procyon → NON-CLONE
[19541/50000] 2026-06-30 05:24:07 | R2 | square/test_0_orig_pg_procyon vs hanoi/0_orig → NON-CLONE
[19542/50000] 2026-06-30 05:24:09 | R2 | square/test_0_orig_pg_procyon vs hanoi/1_artifice → NON-CLONE
[19543/50000] 2026-06-30 05:24:10 | R2 | square/test_0_orig_pg_procyon vs hanoi/test_0_orig_no_krakatau → NON-CLONE
[19544/50000] 2026-06-30 05:24:12 | R2 | square/test_0_orig_pg_procyon vs hanoi/test_0_orig_no_procyon → NON-CLONE
[19545/50000] 2026-06-30 05:24:14 | R2 | square/test_0_orig_pg_procyon vs hanoi/test_0_orig_pg_krakatau → NON-CLONE
[19546/50000] 2026-06-30 05:24:16 | R2 | square/test_0_orig_pg_procyon vs hanoi/test_0_orig_pg_procyon → NON-CLONE
[19547/50000] 2026-06-30 05:24:18 | R2 | square/test_0_orig_pg_procyon vs hanoi/test_1_artifice_no_krakatau → NON-CLONE
[19548/50000] 2026-06-30 05:24:19 | R2 | square/test_0_orig_pg_procyon vs hanoi/test_1_artifice_no_procyon → NON-CLONE
[19549/50000] 2026-06-30 05:24:22 | R2 | square/test_0_orig_pg_procyon vs hanoi/test_1_artifice_pg_krakatau → NON-CLONE
[19550/50000] 2026-06-30 05:24:24 | R2 | square/test_0_orig_pg_procyon vs hanoi/test_1_artifice_pg_procyon → NON-CLONE
[19551/50000] 2026-06-30 05:24:27 | R2 | square/test_0_orig_pg_procyon vs kaprekar/0_orig → NON-CLONE
[19552/50000] 2026-06-30 05:24:29 | R2 | square/test_0_orig_pg_procyon vs kaprekar/1_artifice → NON-CLONE
[19553/50000] 2026-06-30 05:24:31 | R2 | square/test_0_orig_pg_procyon vs kaprekar/test_0_orig_no_krakatau → NON-CLONE
[19554/50000] 2026-06-30 05:24:33 | R2 | square/test_0_orig_pg_procyon vs kaprekar/test_0_orig_no_procyon → NON-CLONE
[19555/50000] 2026-06-30 05:24:35 | R2 | square/test_0_orig_pg_procyon vs kaprekar/test_0_orig_pg_krakatau → NON-CLONE
[19556/50000] 2026-06-30 05:24:38 | R2 | square/test_0_orig_pg_procyon vs kaprekar/test_0_orig_pg_procyon → NON-CLONE
[19557/50000] 2026-06-30 05:24:40 | R2 | square/test_0_orig_pg_procyon vs kaprekar/test_1_artifice_no_krakatau → NON-CLONE
[19558/50000] 2026-06-30 05:24:43 | R2 | square/test_0_orig_pg_procyon vs kaprekar/test_1_artifice_no_procyon → NON-CLONE
[19559/50000] 2026-06-30 05:24:45 | R2 | square/test_0_orig_pg_procyon vs kaprekar/test_1_artifice_pg_krakatau → NON-CLONE
[19560/50000] 2026-06-30 05:24:47 | R2 | square/test_0_orig_pg_procyon vs kaprekar/test_1_artifice_pg_procyon → NON-CLONE
[19561/50000] 2026-06-30 05:24:49 | R2 | square/test_0_orig_pg_procyon vs queens/0_orig → NON-CLONE
[19562/50000] 2026-06-30 05:24:51 | R2 | square/test_0_orig_pg_procyon vs queens/1_artifice → NON-CLONE
[19563/50000] 2026-06-30 05:24:53 | R2 | square/test_0_orig_pg_procyon vs queens/test_0_orig_no_krakatau → NON-CLONE
[19564/50000] 2026-06-30 05:24:55 | R2 | square/test_0_orig_pg_procyon vs queens/test_0_orig_no_procyon → NON-CLONE
[19565/50000] 2026-06-30 05:24:56 | R2 | square/test_0_orig_pg_procyon vs queens/test_0_orig_pg_krakatau → NON-CLONE
[19566/50000] 2026-06-30 05:24:58 | R2 | square/test_0_orig_pg_procyon vs queens/test_0_orig_pg_procyon → NON-CLONE
[19567/50000] 2026-06-30 05:24:59 | R2 | square/test_0_orig_pg_procyon vs queens/test_1_artifice_no_krakatau → NON-CLONE
[19568/50000] 2026-06-30 05:25:01 | R2 | square/test_0_orig_pg_procyon vs queens/test_1_artifice_no_procyon → NON-CLONE
[19569/50000] 2026-06-30 05:25:02 | R2 | square/test_0_orig_pg_procyon vs queens/test_1_artifice_pg_krakatau → NON-CLONE
[19570/50000] 2026-06-30 05:25:04 | R2 | square/test_0_orig_pg_procyon vs queens/test_1_artifice_pg_procyon → NON-CLONE
[19571/50000] 2026-06-30 05:25:05 | R2 | square/test_0_orig_pg_procyon vs railroadcar/0_orig → NON-CLONE
[19572/50000] 2026-06-30 05:25:06 | R2 | square/test_0_orig_pg_procyon vs railroadcar/1_artifice → NON-CLONE
[19573/50000] 2026-06-30 05:25:07 | R2 | square/test_0_orig_pg_procyon vs railroadcar/test_0_orig_no_krakatau → NON-CLONE
[19574/50000] 2026-06-30 05:25:08 | R2 | square/test_0_orig_pg_procyon vs railroadcar/test_0_orig_no_procyon → NON-CLONE
[19575/50000] 2026-06-30 05:25:09 | R2 | square/test_0_orig_pg_procyon vs railroadcar/test_0_orig_pg_krakatau → NON-CLONE
[19576/50000] 2026-06-30 05:25:10 | R2 | square/test_0_orig_pg_procyon vs railroadcar/test_0_orig_pg_procyon → NON-CLONE
[19577/50000] 2026-06-30 05:25:12 | R2 | square/test_0_orig_pg_procyon vs railroadcar/test_1_artifice_no_krakatau → NON-CLONE
[19578/50000] 2026-06-30 05:25:13 | R2 | square/test_0_orig_pg_procyon vs railroadcar/test_1_artifice_no_procyon → NON-CLONE
[19579/50000] 2026-06-30 05:25:14 | R2 | square/test_0_orig_pg_procyon vs railroadcar/test_1_artifice_pg_krakatau → NON-CLONE
[19580/50000] 2026-06-30 05:25:15 | R2 | square/test_0_orig_pg_procyon vs railroadcar/test_1_artifice_pg_procyon → NON-CLONE
[19581/50000] 2026-06-30 05:25:17 | R2 | square/test_0_orig_pg_procyon vs slinkedlist/0_orig → NON-CLONE
[19582/50000] 2026-06-30 05:25:18 | R2 | square/test_0_orig_pg_procyon vs slinkedlist/1_artifice → NON-CLONE
[19583/50000] 2026-06-30 05:25:21 | R2 | square/test_0_orig_pg_procyon vs slinkedlist/test_0_orig_no_krakatau → NON-CLONE
[19584/50000] 2026-06-30 05:25:23 | R2 | square/test_0_orig_pg_procyon vs slinkedlist/test_0_orig_no_procyon → NON-CLONE
[19585/50000] 2026-06-30 05:25:25 | R2 | square/test_0_orig_pg_procyon vs slinkedlist/test_0_orig_pg_krakatau → NON-CLONE
[19586/50000] 2026-06-30 05:25:26 | R2 | square/test_0_orig_pg_procyon vs slinkedlist/test_0_orig_pg_procyon → NON-CLONE
[19587/50000] 2026-06-30 05:25:29 | R2 | square/test_0_orig_pg_procyon vs slinkedlist/test_1_artifice_no_krakatau → NON-CLONE
[19588/50000] 2026-06-30 05:25:31 | R2 | square/test_0_orig_pg_procyon vs slinkedlist/test_1_artifice_no_procyon → NON-CLONE
[19589/50000] 2026-06-30 05:25:33 | R2 | square/test_0_orig_pg_procyon vs slinkedlist/test_1_artifice_pg_krakatau → NON-CLONE
[19590/50000] 2026-06-30 05:25:34 | R2 | square/test_0_orig_pg_procyon vs slinkedlist/test_1_artifice_pg_procyon → NON-CLONE
[19591/50000] 2026-06-30 05:25:35 | R2 | square/test_0_orig_pg_procyon vs square/0_orig → CLONE
[19592/50000] 2026-06-30 05:25:37 | R2 | square/test_0_orig_pg_procyon vs square/1_artifice → CLONE
[19593/50000] 2026-06-30 05:25:38 | R2 | square/test_0_orig_pg_procyon vs square/test_0_orig_no_krakatau → CLONE
[19594/50000] 2026-06-30 05:25:39 | R2 | square/test_0_orig_pg_procyon vs square/test_0_orig_no_procyon → CLONE
[19595/50000] 2026-06-30 05:25:42 | R2 | square/test_0_orig_pg_procyon vs square/test_0_orig_pg_krakatau → CLONE
[19596/50000] 2026-06-30 05:25:43 | R2 | square/test_0_orig_pg_procyon vs square/test_0_orig_pg_procyon → CLONE
[19597/50000] 2026-06-30 05:25:45 | R2 | square/test_0_orig_pg_procyon vs square/test_1_artifice_no_krakatau → CLONE
[19598/50000] 2026-06-30 05:25:47 | R2 | square/test_0_orig_pg_procyon vs square/test_1_artifice_no_procyon → CLONE
[19599/50000] 2026-06-30 05:25:49 | R2 | square/test_0_orig_pg_procyon vs square/test_1_artifice_pg_krakatau → CLONE
[19600/50000] 2026-06-30 05:25:51 | R2 | square/test_0_orig_pg_procyon vs square/test_1_artifice_pg_procyon → CLONE
[19601/50000] 2026-06-30 05:25:52 | R2 | square/test_1_artifice_no_krakatau vs InfixConverter/0_orig → NON-CLONE
[19602/50000] 2026-06-30 05:25:53 | R2 | square/test_1_artifice_no_krakatau vs InfixConverter/1_artifice → NON-CLONE
[19603/50000] 2026-06-30 05:25:55 | R2 | square/test_1_artifice_no_krakatau vs InfixConverter/test_0_orig_no_krakatau → NON-CLONE
[19604/50000] 2026-06-30 05:25:56 | R2 | square/test_1_artifice_no_krakatau vs InfixConverter/test_0_orig_no_procyon → NON-CLONE
[19605/50000] 2026-06-30 05:25:58 | R2 | square/test_1_artifice_no_krakatau vs InfixConverter/test_0_orig_pg_krakatau → NON-CLONE
[19606/50000] 2026-06-30 05:25:59 | R2 | square/test_1_artifice_no_krakatau vs InfixConverter/test_0_orig_pg_procyon → NON-CLONE
[19607/50000] 2026-06-30 05:26:02 | R2 | square/test_1_artifice_no_krakatau vs InfixConverter/test_1_artifice_no_krakatau → NON-CLONE
[19608/50000] 2026-06-30 05:26:03 | R2 | square/test_1_artifice_no_krakatau vs InfixConverter/test_1_artifice_no_procyon → NON-CLONE
[19609/50000] 2026-06-30 05:26:04 | R2 | square/test_1_artifice_no_krakatau vs InfixConverter/test_1_artifice_pg_krakatau → NON-CLONE
[19610/50000] 2026-06-30 05:26:05 | R2 | square/test_1_artifice_no_krakatau vs InfixConverter/test_1_artifice_pg_procyon → NON-CLONE
[19611/50000] 2026-06-30 05:26:07 | R2 | square/test_1_artifice_no_krakatau vs SqrtAlgorithm/0_orig → NON-CLONE
[19612/50000] 2026-06-30 05:26:08 | R2 | square/test_1_artifice_no_krakatau vs SqrtAlgorithm/1_artifice → NON-CLONE
[19613/50000] 2026-06-30 05:26:10 | R2 | square/test_1_artifice_no_krakatau vs SqrtAlgorithm/test_0_orig_no_krakatau → NON-CLONE
[19614/50000] 2026-06-30 05:26:11 | R2 | square/test_1_artifice_no_krakatau vs SqrtAlgorithm/test_0_orig_no_procyon → NON-CLONE
[19615/50000] 2026-06-30 05:26:13 | R2 | square/test_1_artifice_no_krakatau vs SqrtAlgorithm/test_0_orig_pg_krakatau → NON-CLONE
[19616/50000] 2026-06-30 05:26:14 | R2 | square/test_1_artifice_no_krakatau vs SqrtAlgorithm/test_0_orig_pg_procyon → NON-CLONE
[19617/50000] 2026-06-30 05:26:16 | R2 | square/test_1_artifice_no_krakatau vs SqrtAlgorithm/test_1_artifice_no_krakatau → NON-CLONE
[19618/50000] 2026-06-30 05:26:19 | R2 | square/test_1_artifice_no_krakatau vs SqrtAlgorithm/test_1_artifice_no_procyon → NON-CLONE
[19619/50000] 2026-06-30 05:26:20 | R2 | square/test_1_artifice_no_krakatau vs SqrtAlgorithm/test_1_artifice_pg_krakatau → NON-CLONE
[19620/50000] 2026-06-30 05:26:21 | R2 | square/test_1_artifice_no_krakatau vs SqrtAlgorithm/test_1_artifice_pg_procyon → NON-CLONE
[19621/50000] 2026-06-30 05:26:23 | R2 | square/test_1_artifice_no_krakatau vs bubblesort/0_orig → NON-CLONE
[19622/50000] 2026-06-30 05:26:24 | R2 | square/test_1_artifice_no_krakatau vs bubblesort/1_artifice → NON-CLONE
[19623/50000] 2026-06-30 05:26:25 | R2 | square/test_1_artifice_no_krakatau vs bubblesort/test_0_orig_no_krakatau → NON-CLONE
[19624/50000] 2026-06-30 05:26:26 | R2 | square/test_1_artifice_no_krakatau vs bubblesort/test_0_orig_no_procyon → NON-CLONE
[19625/50000] 2026-06-30 05:26:28 | R2 | square/test_1_artifice_no_krakatau vs bubblesort/test_0_orig_pg_krakatau → NON-CLONE
[19626/50000] 2026-06-30 05:26:29 | R2 | square/test_1_artifice_no_krakatau vs bubblesort/test_0_orig_pg_procyon → NON-CLONE
[19627/50000] 2026-06-30 05:26:30 | R2 | square/test_1_artifice_no_krakatau vs bubblesort/test_1_artifice_no_krakatau → NON-CLONE
[19628/50000] 2026-06-30 05:26:31 | R2 | square/test_1_artifice_no_krakatau vs bubblesort/test_1_artifice_no_procyon → NON-CLONE
[19629/50000] 2026-06-30 05:26:33 | R2 | square/test_1_artifice_no_krakatau vs bubblesort/test_1_artifice_pg_krakatau → NON-CLONE
[19630/50000] 2026-06-30 05:26:34 | R2 | square/test_1_artifice_no_krakatau vs bubblesort/test_1_artifice_pg_procyon → NON-CLONE
[19631/50000] 2026-06-30 05:26:35 | R2 | square/test_1_artifice_no_krakatau vs guessword/0_orig → NON-CLONE
[19632/50000] 2026-06-30 05:26:36 | R2 | square/test_1_artifice_no_krakatau vs guessword/1_artifice → NON-CLONE
[19633/50000] 2026-06-30 05:26:38 | R2 | square/test_1_artifice_no_krakatau vs guessword/test_0_orig_no_krakatau → NON-CLONE
[19634/50000] 2026-06-30 05:26:39 | R2 | square/test_1_artifice_no_krakatau vs guessword/test_0_orig_no_procyon → NON-CLONE
[19635/50000] 2026-06-30 05:26:40 | R2 | square/test_1_artifice_no_krakatau vs guessword/test_0_orig_pg_krakatau → NON-CLONE
[19636/50000] 2026-06-30 05:26:42 | R2 | square/test_1_artifice_no_krakatau vs guessword/test_0_orig_pg_procyon → NON-CLONE
[19637/50000] 2026-06-30 05:26:43 | R2 | square/test_1_artifice_no_krakatau vs guessword/test_1_artifice_no_krakatau → NON-CLONE
[19638/50000] 2026-06-30 05:26:44 | R2 | square/test_1_artifice_no_krakatau vs guessword/test_1_artifice_no_procyon → NON-CLONE
[19639/50000] 2026-06-30 05:26:45 | R2 | square/test_1_artifice_no_krakatau vs guessword/test_1_artifice_pg_krakatau → NON-CLONE
[19640/50000] 2026-06-30 05:26:47 | R2 | square/test_1_artifice_no_krakatau vs guessword/test_1_artifice_pg_procyon → NON-CLONE
[19641/50000] 2026-06-30 05:26:48 | R2 | square/test_1_artifice_no_krakatau vs hanoi/0_orig → NON-CLONE
[19642/50000] 2026-06-30 05:26:51 | R2 | square/test_1_artifice_no_krakatau vs hanoi/1_artifice → NON-CLONE
[19643/50000] 2026-06-30 05:26:52 | R2 | square/test_1_artifice_no_krakatau vs hanoi/test_0_orig_no_krakatau → NON-CLONE
[19644/50000] 2026-06-30 05:26:53 | R2 | square/test_1_artifice_no_krakatau vs hanoi/test_0_orig_no_procyon → NON-CLONE
[19645/50000] 2026-06-30 05:26:55 | R2 | square/test_1_artifice_no_krakatau vs hanoi/test_0_orig_pg_krakatau → NON-CLONE
[19646/50000] 2026-06-30 05:26:56 | R2 | square/test_1_artifice_no_krakatau vs hanoi/test_0_orig_pg_procyon → NON-CLONE
[19647/50000] 2026-06-30 05:26:59 | R2 | square/test_1_artifice_no_krakatau vs hanoi/test_1_artifice_no_krakatau → NON-CLONE
[19648/50000] 2026-06-30 05:27:00 | R2 | square/test_1_artifice_no_krakatau vs hanoi/test_1_artifice_no_procyon → NON-CLONE
[19649/50000] 2026-06-30 05:27:02 | R2 | square/test_1_artifice_no_krakatau vs hanoi/test_1_artifice_pg_krakatau → NON-CLONE
[19650/50000] 2026-06-30 05:27:03 | R2 | square/test_1_artifice_no_krakatau vs hanoi/test_1_artifice_pg_procyon → NON-CLONE
[19651/50000] 2026-06-30 05:27:07 | R2 | square/test_1_artifice_no_krakatau vs kaprekar/0_orig → NON-CLONE
[19652/50000] 2026-06-30 05:27:08 | R2 | square/test_1_artifice_no_krakatau vs kaprekar/1_artifice → NON-CLONE
[19653/50000] 2026-06-30 05:27:09 | R2 | square/test_1_artifice_no_krakatau vs kaprekar/test_0_orig_no_krakatau → NON-CLONE
[19654/50000] 2026-06-30 05:27:12 | R2 | square/test_1_artifice_no_krakatau vs kaprekar/test_0_orig_no_procyon → NON-CLONE
[19655/50000] 2026-06-30 05:27:13 | R2 | square/test_1_artifice_no_krakatau vs kaprekar/test_0_orig_pg_krakatau → NON-CLONE
[19656/50000] 2026-06-30 05:27:14 | R2 | square/test_1_artifice_no_krakatau vs kaprekar/test_0_orig_pg_procyon → NON-CLONE
[19657/50000] 2026-06-30 05:27:15 | R2 | square/test_1_artifice_no_krakatau vs kaprekar/test_1_artifice_no_krakatau → NON-CLONE
[19658/50000] 2026-06-30 05:27:18 | R2 | square/test_1_artifice_no_krakatau vs kaprekar/test_1_artifice_no_procyon → NON-CLONE
[19659/50000] 2026-06-30 05:27:19 | R2 | square/test_1_artifice_no_krakatau vs kaprekar/test_1_artifice_pg_krakatau → NON-CLONE
[19660/50000] 2026-06-30 05:27:21 | R2 | square/test_1_artifice_no_krakatau vs kaprekar/test_1_artifice_pg_procyon → NON-CLONE
[19661/50000] 2026-06-30 05:27:24 | R2 | square/test_1_artifice_no_krakatau vs queens/0_orig → NON-CLONE
[19662/50000] 2026-06-30 05:27:28 | R2 | square/test_1_artifice_no_krakatau vs queens/1_artifice → NON-CLONE
[19663/50000] 2026-06-30 05:27:30 | R2 | square/test_1_artifice_no_krakatau vs queens/test_0_orig_no_krakatau → NON-CLONE
[19664/50000] 2026-06-30 05:27:32 | R2 | square/test_1_artifice_no_krakatau vs queens/test_0_orig_no_procyon → NON-CLONE
[19665/50000] 2026-06-30 05:27:34 | R2 | square/test_1_artifice_no_krakatau vs queens/test_0_orig_pg_krakatau → NON-CLONE
[19666/50000] 2026-06-30 05:27:37 | R2 | square/test_1_artifice_no_krakatau vs queens/test_0_orig_pg_procyon → NON-CLONE
[19667/50000] 2026-06-30 05:27:39 | R2 | square/test_1_artifice_no_krakatau vs queens/test_1_artifice_no_krakatau → NON-CLONE
[19668/50000] 2026-06-30 05:27:41 | R2 | square/test_1_artifice_no_krakatau vs queens/test_1_artifice_no_procyon → NON-CLONE
[19669/50000] 2026-06-30 05:27:42 | R2 | square/test_1_artifice_no_krakatau vs queens/test_1_artifice_pg_krakatau → NON-CLONE
[19670/50000] 2026-06-30 05:27:45 | R2 | square/test_1_artifice_no_krakatau vs queens/test_1_artifice_pg_procyon → NON-CLONE
[19671/50000] 2026-06-30 05:27:46 | R2 | square/test_1_artifice_no_krakatau vs railroadcar/0_orig → NON-CLONE
[19672/50000] 2026-06-30 05:27:47 | R2 | square/test_1_artifice_no_krakatau vs railroadcar/1_artifice → NON-CLONE
[19673/50000] 2026-06-30 05:27:49 | R2 | square/test_1_artifice_no_krakatau vs railroadcar/test_0_orig_no_krakatau → NON-CLONE
[19674/50000] 2026-06-30 05:27:50 | R2 | square/test_1_artifice_no_krakatau vs railroadcar/test_0_orig_no_procyon → NON-CLONE
