program_a,variant_a,program_b,variant_b,ground_truth,timestamp,response,pair_id
2013_0_1,103399,2013_0_1,99825,CLONE,2026-07-05 18:24:09,"```json
{
  ""answer"": ""YES-SIMILAR"",
  ""explanation"": ""Both code snippets appear to be implementing a solution for a game, likely Tic-Tac-Toe or a similar variant. They both check for winning conditions (X wins, O wins, draw, or game not completed) and output the result for each board. The logic for checking the winning conditions is similar, with both snippets checking rows, columns, and diagonals for specific patterns. The data structures and methods used are also similar, with both snippets using arrays and custom classes to represent the board and its state. Therefore, the two",0
2013_0_1,99825,2013_0_1,125888,CLONE,2026-07-05 18:24:10,"```json
{
  ""answer"": ""YES-SIMILAR"",
  ""explanation"": ""Both code snippets are designed to analyze a Tic-Tac-Toe-Tomek game state and determine the winner or the game status. They both handle the same game rules and logic, including checking rows, columns, and diagonals for a winner, and handling the special character 'T' as a wildcard. The overall functionality and the logic implemented in both snippets are essentially the same, despite differences in syntax and structure.""
}
```",1
2013_0_1,125888,2013_0_1,84842,CLONE,2026-07-05 18:24:11,"```json
{
  ""answer"": ""YES-SIMILAR"",
  ""explanation"": ""Both code snippets are designed to analyze the state of a Tic-Tac-Toe-Tomek game. They both check for winning conditions (X, O, or a draw) and handle multiple test cases. The logic and structure are similar, despite using different programming languages (Python and PHP).""
}
```",2
2013_0_1,84842,2013_0_1,103399,CLONE,2026-07-05 18:24:12,"```json
{
  ""answer"": ""YES-SIMILAR"",
  ""explanation"": ""Both code snippets are designed to analyze a series of 4x4 grids (boards) and determine the winner or the status of the game based on the presence of 'X', 'O', and '.' characters. The grids represent a game where 'X' and 'O' are players, and '.' indicates an incomplete game. The code checks for winning patterns (horizontal, vertical, and diagonal) and outputs the result for each grid. The logic and the patterns checked are the same in both snippets, just implemented in different languages (",3
2013_0_1,49244,2013_0_1,98087,CLONE,2026-07-05 18:24:13,"```json
{
  ""answer"": ""YES-SIMILAR"",
  ""explanation"": ""Both code snippets are designed to determine the winner of a game based on a 4x4 board. They both handle the same game logic, including checking rows, columns, and diagonals for a winner, and handling cases where the game is incomplete or a draw. The main differences are in the programming language (Java vs C++) and the specific implementation details, but the overall functionality is the same.""
}
```",4
2013_0_1,98087,2013_0_1,91336,CLONE,2026-07-05 18:24:14,"```json
{
  ""answer"": ""YES-SIMILAR"",
  ""explanation"": ""Both code snippets are designed to solve the same problem, which is determining the outcome of a game where players try to place 'X' or 'O' in a 4x4 grid, with the goal of getting four of the same symbol in a row, column, or diagonal. The C++ code snippet uses a main function to read input and determine the outcome, while the Python code snippet uses a function-based approach. Both snippets handle the same logic for checking rows, columns, diagonals, and the presence of an incomplete",5
2013_0_1,91336,2013_0_1,102913,CLONE,2026-07-05 18:24:15,"```json
{
  ""answer"": ""YES-SIMILAR"",
  ""explanation"": ""Both code snippets are designed to analyze a 4x4 game board and determine the game status (X won, O won, game not completed, or draw). They both check rows, columns, and diagonals for a winning condition and handle cases where the game is not yet completed. The logic and flow of both implementations are essentially the same, despite differences in syntax and structure. Therefore, they are functionally similar.""
}
```",6
2013_0_1,102913,2013_0_1,49244,CLONE,2026-07-05 18:24:16,"```json
{
  ""answer"": ""YES-SIMILAR"",
  ""explanation"": ""Both code snippets are designed to solve the same problem: determining the winner of a tic-tac-toe game on a 4x4 board. They both read input from a file, process the board, and output the result. The PHP code snippet uses functions to check rows, columns, and diagonals for a winner, while the Java code snippet uses a single method to check for a winner. The logic and the steps taken to determine the winner are essentially the same in both snippets, despite the different syntax and structure.""
}
",7
2013_0_1,126886,2013_0_1,72071,CLONE,2026-07-05 18:24:17,"```json
{
  ""answer"": ""YES-SIMILAR"",
  ""explanation"": ""Both code snippets are designed to solve the same problem: determining the outcome of a Tic Tac Toe game with a twist (where 'T' represents a special character). They both read input, process the board, and determine if there is a winner or if the game is in progress. The logic and steps taken to achieve this are essentially the same, despite differences in syntax and structure.""
}
```",8
2013_0_1,72071,2013_0_1,70537,CLONE,2026-07-05 18:24:18,"```json
{
  ""answer"": ""YES-SIMILAR"",
  ""explanation"": ""Both code snippets are designed to solve the same problem: determining the outcome of a 4x4 tic-tac-toe game. They both read input, process the game board, and output the result. The logic and the steps taken to achieve this are essentially the same, despite differences in syntax and structure. Both handle rows, columns, diagonals, and the overall game state to determine a winner or a draw. Therefore, the two code snippets are functionally similar.""
}
```",9
2013_0_1,70537,2013_0_1,127485,CLONE,2026-07-05 18:24:18,"```json
{
  ""answer"": ""YES-SIMILAR"",
  ""explanation"": ""Both code snippets are designed to determine the outcome of a tic-tac-toe game based on a given board configuration. They both check for winning conditions (X or O) and handle cases where the game is a draw or not completed. The logic and the steps taken to achieve this are similar, despite differences in syntax and structure. Both scripts also handle multiple test cases and output the results accordingly.""
}
```",10
2013_0_1,127485,2013_0_1,126886,CLONE,2026-07-05 18:24:19,"```json
{
  ""answer"": ""YES-SIMILAR"",
  ""explanation"": ""Both code snippets are designed to solve the same problem, which is to determine the outcome of a Tic Tac Toe game (Tomek variant) based on a given board. They both read input from a file, process the board, and output the result. The logic and the steps taken to determine the winner or the outcome of the game are essentially the same in both snippets, despite differences in syntax and structure.""
}
```",11
2013_0_2,95524,2013_0_2,83774,CLONE,2026-07-05 18:24:20,"```json
{
  ""answer"": ""YES-SIMILAR"",
  ""explanation"": ""Both code snippets are designed to solve the same problem, which is to determine if a given grid of integers can be sorted by only rotating rows and columns. The Java code snippet uses BufferedReader and BufferedWriter for file input and output, while the C++ code snippet uses printf and scanf for input and output. The logic for checking if the grid can be sorted by rotating rows and columns is implemented in both snippets in a similar manner. Therefore, the two code snippets are functionally similar.""
}
```",12
2013_0_2,83774,2013_0_2,78034,CLONE,2026-07-05 18:24:21,"```json
{
  ""answer"": ""YES-SIMILAR"",
  ""explanation"": ""Both code snippets are designed to solve the same problem: determining if a given board (matrix) is a valid Latin square. A Latin square is a square grid filled with n different symbols, each occurring exactly once in each row and exactly once in each column. The C++ code snippet reads input, checks the conditions for a Latin square, and prints the result. The Python code snippet also reads input, checks the conditions for a Latin square, and prints the result. The logic and the steps taken in both snippets are essentially the same",13
2013_0_2,78034,2013_0_2,71957,CLONE,2026-07-05 18:24:22,"```json
{
  ""answer"": ""YES-SIMILAR"",
  ""explanation"": ""Both code snippets are designed to solve the same problem: determining if a given board (matrix) can be considered a 'valid' lawn. A 'valid' lawn is defined as a board where no cell contains a value that is less than the maximum value in its respective row or column. The logic and structure of both implementations are essentially the same, despite using different programming languages (Python and PHP). Both snippets first calculate the maximum values for each row and column, then iterate through the board to check if any cell violates the 'valid",14
2013_0_2,71957,2013_0_2,95524,CLONE,2026-07-05 18:24:23,"```json
{
  ""answer"": ""YES-SIMILAR"",
  ""explanation"": ""Both code snippets are designed to solve the same problem, which is to determine if a given grid of numbers can be rotated such that no number is greater than the maximum number in its row or column. The PHP code snippet reads the input, processes the grid, and outputs the result, while the Java code snippet does the same. The logic and steps in both snippets are functionally equivalent, despite differences in syntax and structure.""
}
```",15
2013_0_2,44471,2013_0_2,140779,CLONE,2026-07-05 18:24:24,"```json
{
  ""answer"": ""YES-SIMILAR"",
  ""explanation"": ""Both code snippets are designed to solve the same problem: determining if it is possible to remove all elements from a grid except for the smallest element in each row and column. The Java code snippet is in Java, while the C++ code snippet is in C++. They both use similar logic to solve the problem, including iterating through the grid and checking the maximum values in rows and columns. The Java code uses a PrintWriter to write the output to a file, while the C++ code uses printf. The overall functionality and logic of both code",16
2013_0_2,140779,2013_0_2,122219,CLONE,2026-07-05 18:24:24,"```json
{
  ""answer"": ""YES-SIMILAR"",
  ""explanation"": ""Both code snippets are designed to solve the same problem: determining if a given grid of integers is a valid grid where no cell is greater than the maximum value in its row or column. The logic and structure of both implementations are essentially the same, despite differences in syntax and language.""
}
```",17
2013_0_2,122219,2013_0_2,96711,CLONE,2026-07-05 18:24:25,"```json
{
  ""answer"": ""YES-SIMILAR"",
  ""explanation"": ""Both code snippets are designed to solve the same problem: determining if a given board (matrix) is a valid board where no cell is less than the maximum value in its row or column. The logic and structure of both snippets are essentially the same, despite differences in syntax and language. Both snippets read input, process the board, and output whether the board is valid or not.""
}
```",18
2013_0_2,96711,2013_0_2,44471,CLONE,2026-07-05 18:24:25,"```json
{
  ""answer"": ""YES-SIMILAR"",
  ""explanation"": ""Both code snippets are designed to solve the same problem: determining if a lawn (represented as a grid of numbers) can be mowed such that each row and column contains at least one number that is the lowest in its respective row or column. The logic and structure of both implementations are essentially the same, despite differences in syntax and language.""
}
```",19
2013_0_2,55421,2013_0_2,91409,CLONE,2026-07-05 18:24:26,"```json
{
  ""answer"": ""YES-SIMILAR"",
  ""explanation"": ""Both code snippets are designed to solve the same problem, which is to determine if a lawn can be mowed such that each section is either the tallest or the shortest in its row or column. The logic in both snippets involves reading input, processing the lawn pattern, and checking for conditions where a section cannot be the tallest or the shortest in its row or column. The main differences are in the programming language, syntax, and some variable names, but the overall functionality and the steps taken to achieve the result are the same.""
}
```",20
2013_0_2,91409,2013_0_2,85165,CLONE,2026-07-05 18:24:27,"```json
{
  ""answer"": ""YES-SIMILAR"",
  ""explanation"": ""Both code snippets appear to be solving the same problem, which is to determine if a lawn can be watered such that each section has at least one section with the minimum height and one section with the maximum height. The C++ code uses an array to store the lawn and checks each section for the minimum and maximum heights. The Python code uses a list of lists to store the lawn and iterates through the lawn to find the minimum and maximum heights. Both code snippets then check if the lawn can be watered by ensuring that each",21
2013_0_2,85165,2013_0_2,68303,CLONE,2026-07-05 18:24:28,"```json
{
  ""answer"": ""NO-NOT-SIMILAR"",
  ""explanation"": ""The two code snippets are not functionally similar. The first code snippet is written in Python and is designed to solve a problem related to lawn mowing, where it checks if a lawn can be mowed to a uniform height. The second code snippet is written in PHP and appears to be solving a different problem, likely related to checking if a given set of coordinates can form a valid polygon. The logic and structure of the two code snippets are significantly different, and they are not designed to solve the same problem.""
}
```",22
2013_0_2,68303,2013_0_2,55421,CLONE,2026-07-05 18:24:29,"```json
{
  ""answer"": ""YES-SIMILAR"",
  ""explanation"": ""Both code snippets are designed to solve the same problem, which is to determine if a lawn can be mowed such that each row and each column contains at least one '1'. The logic and the steps taken in both snippets are essentially the same, despite differences in syntax and structure. Both snippets read input, process the lawn data, and output the result for each test case.""
}
```",23
2013_0_3,108834,2013_0_3,102625,CLONE,2026-07-05 18:24:30,"```json
{
  ""answer"": ""YES-SIMILAR"",
  ""explanation"": ""Both code snippets appear to be solving the same problem, which is to count the number of palindromic numbers within a given range. The Java code snippet is more complex and includes additional functionality, such as handling input/output and storing precomputed palindromic numbers. The C++ code snippet is simpler and directly uses precomputed palindromic numbers to solve the problem. Despite the differences in syntax and structure, both snippets are functionally similar in their core logic.""
}
```",24
2013_0_3,102625,2013_0_3,102207,CLONE,2026-07-05 18:24:32,"```json
{
  ""answer"": ""YES-SIMILAR"",
  ""explanation"": ""Both code snippets are designed to solve the same problem, which is to count the number of perfect squares within a given range [a, b] for a given number of test cases. The C++ code snippet uses a predefined array of perfect squares and a loop to count the number of perfect squares within the range, while the Python code snippet uses a list of perfect squares and a loop to perform a similar task. The main differences are in the syntax and structure of the languages, but the functionality is the same.""
}
```",25
2013_0_3,102207,2013_0_3,89287,CLONE,2026-07-05 18:24:32,"```json
{
  ""answer"": ""NO-NOT-SIMILAR"",
  ""explanation"": ""The two code snippets are not functionally similar. The first snippet is in Python and is designed to read input from a file, process it, and write the output to another file. The second snippet is in PHP and is designed to read input from standard input, process it, and write the output to standard output. The two snippets perform similar tasks, but they are not functionally similar because they are written in different languages and use different data structures and functions.""
}
```",26
2013_0_3,89287,2013_0_3,108834,CLONE,2026-07-05 18:24:34,"```json
{
  ""answer"": ""NO-NOT-SIMILAR"",
  ""explanation"": ""The two code snippets are not functionally similar. The PHP code snippet is designed to solve a problem related to finding the number of palindromic squares within a given range, while the Java code snippet appears to be a template for a problem-solving class with methods for reading input, solving the problem, and checking for palindromes. The Java code also includes a main method that reads input and calls the solve method for each test case, but the actual implementation of the solve method is not provided. The PHP code",27
2013_0_3,59317,2013_0_3,81195,CLONE,2026-07-05 18:24:35,"```json
{
  ""answer"": ""YES-SIMILAR"",
  ""explanation"": ""Both code snippets appear to be calculating the number of fair and square numbers within a given range. A fair and square number is a number that is both a palindrome and a perfect square. The Java code snippet uses a recursive approach to generate fair and square numbers, while the C++ code snippet uses a loop and a helper function to achieve the same result. The logic and the final output are the same in both snippets, despite the differences in syntax and structure.""
}
```",28
2013_0_3,81195,2013_0_3,51164,CLONE,2026-07-05 18:24:35,"```json
{
  ""answer"": ""YES-SIMILAR"",
  ""explanation"": ""Both code snippets are designed to find and count fair and square numbers within a given range. A fair and square number is a number that is both a palindrome and the square of a palindrome. The first C++ code snippet uses a recursive approach to generate fair and square numbers, while the second Python code snippet iterates through numbers to find fair and square numbers. Both snippets then count how many fair and square numbers fall within a specified range and output the count for each query.""
}
```",29
2013_0_3,51164,2013_0_3,92037,CLONE,2026-07-05 18:24:36,"```json
{
  ""answer"": ""YES-SIMILAR"",
  ""explanation"": ""Both code snippets are designed to find and count 'fair squares' within a given range and write the count to an output file. A 'fair square' is defined as a number that is both a perfect square and a palindrome. The first code snippet is in Python and the second is in PHP, but they both achieve the same result. The Python code snippet opens a file named 'out' and writes the count of fair squares to it, while the PHP code snippet opens a file named 'output.txt' and writes the count of",30
2013_0_3,92037,2013_0_3,59317,CLONE,2026-07-05 18:24:37,"```json
{
  ""answer"": ""NO-NOT-SIMILAR"",
  ""explanation"": ""The two code snippets are not functionally similar. The first code snippet is written in PHP and calculates the number of squares that are also palindromes and within a given range. The second code snippet is written in Java and calculates the number of numbers that are palindromes and within a given range. While both snippets are related to palindromic numbers, they are not functionally similar as they are solving different problems.""
}
```",31
2013_0_3,74156,2013_0_3,53348,CLONE,2026-07-05 18:24:38,"```json
{
  ""answer"": ""YES-SIMILAR"",
  ""explanation"": ""Both code snippets are designed to count the number of fair square palindromes within a given range. A fair square palindrome is a number that is both a palindrome and a perfect square. The Java code snippet reads input from a file, processes the input to count fair square palindromes, and outputs the result. The C++ code snippet also reads input from a file, processes the input to count fair square palindromes, and outputs the result. The logic and functionality of both snippets are essentially the same, despite",32
2013_0_3,53348,2013_0_3,70289,CLONE,2026-07-05 18:24:39,"```json
{
  ""answer"": ""NO-NOT-SIMILAR"",
  ""explanation"": ""The two code snippets are not functionally similar. The C++ code snippet is designed to solve a problem related to finding palindromic numbers within a given range and is structured as a main function that reads input, calls the solve function, and outputs the result. The Python code snippet, on the other hand, is structured as a command-line tool using the argparse module. It includes functions for learning palindromic numbers, solving a problem based on the learned data, and a main function that handles command-line arguments",33
2013_0_3,70289,2013_0_3,132829,CLONE,2026-07-05 18:24:40,"```json
{
  ""answer"": ""NO-NOT-SIMILAR"",
  ""explanation"": ""The two code snippets are not functionally similar. The first code snippet is a Python script that generates a list of palindromic squares and solves a problem based on the input file. The second code snippet is a PHP script that reads a list of squares from a file and solves a problem based on the input file. The two scripts perform different tasks and are not functionally similar.""
}
```",34
2013_0_3,132829,2013_0_3,74156,CLONE,2026-07-05 18:24:41,"```json
{
  ""answer"": ""NO-NOT-SIMILAR"",
  ""explanation"": ""The two code snippets are not functionally similar. The PHP code snippet is designed to solve a problem related to counting numbers that are squares and palindromes, while the Java code snippet is designed to count numbers that are squares and have a palindromic square. The tasks and the logic used in both snippets are different, and they are not designed to solve the same problem.""
}
```",35
2013_1_1,42047,2013_1_1,28766,CLONE,2026-07-05 18:24:42,"```json
{
  ""answer"": ""NO-NOT-SIMILAR"",
  ""explanation"": ""The two code snippets are not functionally similar. The Java code snippet is designed to solve a problem by using BigInteger for large number calculations and involves complex logic for even and odd sums. The C++ code snippet is simpler and directly calculates the result using integer arithmetic, without involving BigInteger or complex sum calculations. The logic and the approach used in both snippets are different.""
}
```",36
2013_1_1,28766,2013_1_1,37029,CLONE,2026-07-05 18:24:42,"```json
{
  ""answer"": ""YES-SIMILAR"",
  ""explanation"": ""Both code snippets appear to solve the same problem, which is to determine the number of rings needed to cover a given area with a given radius. The C++ code snippet uses a binary search approach, while the Python code snippet uses a loop and conditional logic. The core logic and the mathematical formula used to calculate the number of rings are the same in both snippets.""
}
```",37
2013_1_1,37029,2013_1_1,34507,CLONE,2026-07-05 18:24:43,"```json
{
  ""answer"": ""NO-NOT-SIMILAR"",
  ""explanation"": ""The two code snippets are not functionally similar. The first code snippet is written in Python and is designed to solve a problem related to calculating the number of rings needed for a given radius and volume. The second code snippet is written in PHP and is designed to solve a similar problem, but the implementation details are different. The first code snippet uses a while loop and a helper function to calculate the number of rings, while the second code snippet uses a recursive function and a helper function to calculate the number of rings. The two",38
2013_1_1,34507,2013_1_1,42047,CLONE,2026-07-05 18:24:44,"```json
{
  ""answer"": ""YES-SIMILAR"",
  ""explanation"": ""Both code snippets appear to be implementing a similar algorithm to find a specific value based on given parameters r and t. They both use a binary search approach to find a value that satisfies certain conditions involving r and t. The specific conditions and calculations are similar in both implementations, despite differences in syntax and language. Therefore, the two code snippets are functionally similar.""
}
```",39
2013_1_1,30835,2013_1_1,30228,CLONE,2026-07-05 18:24:45,"```json
{
  ""answer"": ""YES-SIMILAR"",
  ""explanation"": ""Both code snippets are designed to solve the same problem, which is to find the largest integer k such that the equation (2*k*k + (2*rl-1) * k - tl) <= 0 holds, where rl and tl are given inputs. The Java code snippet uses a mathematical approach to solve the equation, while the C++ code snippet uses a binary search approach. Despite the differences in syntax and implementation, both snippets achieve the same result.""
}
```",40
2013_1_1,30228,2013_1_1,32497,CLONE,2026-07-05 18:24:45,"```json
{
  ""answer"": ""YES-SIMILAR"",
  ""explanation"": ""Both code snippets are functionally similar. They both solve the problem of finding the number of rings that can fit within a given thickness and a total area. The logic and the steps taken to achieve this are essentially the same, despite differences in syntax and structure. Both use a binary search approach to find the number of rings, and they handle edge cases where the calculated number of rings is too high or too low. The main differences are in the language used (C++ and Python), the input/output handling, and the variable names,",41
2013_1_1,32497,2013_1_1,39026,CLONE,2026-07-05 18:24:46,"```json
{
  ""answer"": ""YES-SIMILAR"",
  ""explanation"": ""Both code snippets are designed to solve the same problem, which is to find the number of rings that can be painted with a given thickness and radius. They both read input from a file, process the data, and output the results. The logic and mathematical calculations used in both snippets are equivalent, despite differences in syntax and language.""
}
```",42
2013_1_1,39026,2013_1_1,30835,CLONE,2026-07-05 18:24:47,"```json
{
  ""answer"": ""YES-SIMILAR"",
  ""explanation"": ""Both code snippets are designed to solve the same problem, which is to determine the number of circles that can be painted within a given area. The problem involves calculating the number of circles that can be painted within a bullseye pattern, given the radius and area constraints. Both snippets use mathematical calculations to find the number of circles that can be painted and then output the results in a specified format. The logic and mathematical formulas used in both snippets are equivalent, despite the differences in syntax and programming language.""
}
```",43
2013_1_1,32414,2013_1_1,30618,CLONE,2026-07-05 18:24:48,"```json
{
  ""answer"": ""YES-SIMILAR"",
  ""explanation"": ""Both code snippets are designed to solve the same problem, which is to find the maximum value of a quadratic equation that is less than or equal to a given threshold. The Java code snippet is in Java and the C++ code snippet is in C++. They both use a binary search algorithm to find the solution. The Java code snippet uses a quadratic formula to calculate the roots of the equation, while the C++ code snippet uses a binary search approach. The Java code snippet also includes a helper function 'v' to check if a given",44
2013_1_1,30618,2013_1_1,30519,CLONE,2026-07-05 18:24:48,"```json
{
  ""answer"": ""YES-SIMILAR"",
  ""explanation"": ""Both code snippets are implementing a binary search algorithm to find the last value of x that satisfies the equation 2*x*x + x*(2*r-1) - t <= 0. The C++ code uses a while loop with a condition that checks if f(mid) is less than or greater than 0, and adjusts the left and right boundaries accordingly. The Python code uses a while loop with a condition that checks if up_to_n(r, mid) is less than or equal to t, and adjusts the x and y",45
2013_1_1,30519,2013_1_1,31779,CLONE,2026-07-05 18:24:49,"```json
{
  ""answer"": ""YES-SIMILAR"",
  ""explanation"": ""Both code snippets are functionally similar. They both implement a binary search algorithm to find the last circle that can fit within a given radius and total area. The binary search is used to determine the number of circles that can be formed with a given radius and total area. The code snippets differ in syntax and structure, but they achieve the same result.""
}
```",46
2013_1_1,31779,2013_1_1,32414,CLONE,2026-07-05 18:24:50,"```json
{
  ""answer"": ""YES-SIMILAR"",
  ""explanation"": ""Both code snippets appear to solve the same problem, which is to find the largest integer n such that the equation 2n + 2r - 1 <= t holds true, given the values of r and t. The PHP code snippet uses a binary search approach to find the solution, while the Java code snippet uses a mathematical formula to calculate the solution. Both snippets read input from a file, process the data, and output the result.""
}
```",47
2014_2_1,115757,2014_2_1,131278,CLONE,2026-07-05 18:24:51,"```json
{
  ""answer"": ""YES-SIMILAR"",
  ""explanation"": ""Both code snippets are designed to solve the same problem, which is to determine if a set of strings can be transformed into a single string by removing characters and calculate the minimum number of operations required. The Java code snippet is in Java, and the C++ code snippet is in C++. They both use a similar approach to solve the problem, including the use of run-length encoding (RLE) and sorting to find the minimum number of operations. The main differences are in syntax and structure, but the functionality is the same.""
}
```",48
2014_2_1,131278,2014_2_1,128920,CLONE,2026-07-05 18:24:52,"```json
{
  ""answer"": ""NO-NOT-SIMILAR"",
  ""explanation"": ""The two code snippets are not functionally similar. The first code snippet is in C++ and is designed to solve a problem related to string manipulation and sorting. The second code snippet is in Python and is designed to solve a similar problem, but the implementation details are different. The first code snippet uses a more complex algorithm with sorting and counting, while the second code snippet uses a simpler algorithm with set operations and absolute value calculations. Therefore, the two code snippets are not functionally similar.""
}
```",49
2014_2_1,128920,2014_2_1,118754,CLONE,2026-07-05 18:24:52,"```json
{
  ""answer"": ""YES-SIMILAR"",
  ""explanation"": ""Both code snippets appear to be solving the same problem, which is to determine if a set of strings can be transformed into a single string by moving characters around, and if so, to calculate the minimum number of moves required. The logic and steps taken in both snippets are essentially the same, despite differences in syntax and structure. Both snippets handle input, process the strings, and output the result. Therefore, they are functionally similar.""
}
```",50
2014_2_1,118754,2014_2_1,115757,CLONE,2026-07-05 18:24:54,"```json
{
  ""answer"": ""YES-SIMILAR"",
  ""explanation"": ""Both code snippets are designed to solve the same problem, which is to determine the minimum number of moves required to make all strings in a given set equal. The problem is known as 'Fegla Won' in the context of the Google Code Jam 2014 Round 1B. Both snippets implement a similar algorithm to achieve this, using run-length encoding (RLE) to count occurrences of each character in the strings. The PHP code snippet uses a class structure and file handling, while the Java code snippet uses a",51
2014_2_1,129296,2014_2_1,119165,CLONE,2026-07-05 18:24:54,"```json
{
  ""answer"": ""YES-SIMILAR"",
  ""explanation"": ""Both code snippets are designed to solve the same problem, which is to find the minimum number of operations required to make all characters in the input strings the same. The operations are defined as changing the count of a character to match the median count of that character across all strings. The Java code snippet is written in Java, while the C++ code snippet is written in C++. Despite the differences in syntax and structure, both snippets follow the same logic and achieve the same result.""
}
```",52
2014_2_1,119165,2014_2_1,118416,CLONE,2026-07-05 18:24:55,"```json
{
  ""answer"": ""YES-SIMILAR"",
  ""explanation"": ""Both code snippets are designed to solve the same problem, which is to determine if a set of strings has a common pattern and, if not, to calculate the total distance between the median and the actual pattern. The C++ code snippet is in C++ and the Python code snippet is in Python, but they both implement the same logic. The C++ code uses a class and a custom abs function, while the Python code uses built-in functions and a custom dist function. The overall structure and logic of both code snippets are similar,",53
2014_2_1,118416,2014_2_1,116147,CLONE,2026-07-05 18:24:56,"```json
{
  ""answer"": ""YES-SIMILAR"",
  ""explanation"": ""Both code snippets appear to solve the same problem, which is to determine if a set of strings can be transformed into a single string by changing at most one character in each string. The problem is to find the minimum number of changes required to make all strings the same. If it's not possible to make all strings the same by changing at most one character in each string, the output should be 'Fegla Won'. The logic and steps in both snippets are similar, despite the use of different programming languages and syntax.""
}
```",54
2014_2_1,116147,2014_2_1,129296,CLONE,2026-07-05 18:24:57,"```json
{
  ""answer"": ""YES-SIMILAR"",
  ""explanation"": ""Both code snippets are designed to solve the same problem, which is to find the minimum number of operations required to make all strings in a given set of strings equal. The operations are defined as changing a character to any other character. The PHP code snippet reads input from a file, processes the data, and outputs the result. The Java code snippet also reads input from a file, processes the data, and outputs the result. The logic and the steps taken to achieve the result are similar in both snippets, despite the differences in syntax and",55
2014_2_1,131873,2014_2_1,118489,CLONE,2026-07-05 18:24:59,"```json
{
  ""answer"": ""YES-SIMILAR"",
  ""explanation"": ""Both code snippets appear to solve the same problem, which is to determine if a set of strings can be transformed into a single string by changing the minimum number of characters. The Java code snippet uses BufferedReader and PrintWriter for file input and output, while the C++ code snippet uses ifstream and ofstream. The core logic, including the use of vectors, strings, and loops, is similar in both snippets. The C++ code also includes some additional helper functions and debugging code, but the main functionality is the same.""
}
```",56
2014_2_1,118489,2014_2_1,121201,CLONE,2026-07-05 18:25:00,"```json
{
  ""answer"": ""YES-SIMILAR"",
  ""explanation"": ""Both code snippets are designed to solve the same problem, which is to determine the minimum number of moves required to make all strings in a given set of strings equal by changing the number of occurrences of each character. The C++ code snippet is written in C++ and includes functions for transforming strings, calculating the total distance, and reading input. The Python code snippet is written in Python and includes functions for transforming strings, calculating the total distance, and reading input. The two code snippets are functionally similar because they both achieve the same result",57
2014_2_1,121201,2014_2_1,114208,CLONE,2026-07-05 18:25:01,"```json
{
  ""answer"": ""YES-SIMILAR"",
  ""explanation"": ""Both code snippets are designed to solve the same problem: calculating the total distance between strings that have been processed to count consecutive characters. The processing involves grouping consecutive characters and their counts, and then calculating the distance based on these counts. The overall logic and functionality are the same, despite differences in syntax and structure.""
}
```",58
2014_2_1,114208,2014_2_1,131873,CLONE,2026-07-05 18:25:01,"```json
{
  ""answer"": ""NO-NOT-SIMILAR"",
  ""explanation"": ""The two code snippets are not functionally similar. The PHP code snippet appears to be processing a series of strings, calculating distances, and combining results. The Java code snippet, on the other hand, reads input, checks if all strings are the same, and calculates a total distance based on character counts. The tasks and the logic implemented in the two snippets are different.""
}
```",59
2014_3_1,135560,2014_3_1,138308,CLONE,2026-07-05 18:25:02,"```json
{
  ""answer"": ""YES-SIMILAR"",
  ""explanation"": ""Both code snippets are designed to solve the same problem, which is to find the minimum number of operations required to make a fraction irreducible. The operations involve multiplying the numerator and denominator by 2 until the denominator is 1, and the number of operations is the number of times the denominator is multiplied by 2. If at any point the denominator is 1, the fraction is irreducible and the number of operations is the number of times the denominator was multiplied by 2. If the denominator is not 1 after the loop",60
2014_3_1,138308,2014_3_1,139209,CLONE,2026-07-05 18:25:03,"```json
{
  ""answer"": ""YES-SIMILAR"",
  ""explanation"": ""Both code snippets are designed to solve the same problem, which is to find the minimum number of operations required to reduce a fraction to its simplest form. The operations allowed are doubling the numerator and denominator, or adding 10 to the numerator. The code snippets use different approaches to implement this logic, but they achieve the same result. The C++ code snippet uses a while loop and a for loop to perform the operations, while the Python code snippet uses recursion and a helper function. The C++ code snippet also includes a commented-out",61
2014_3_1,139209,2014_3_1,142092,CLONE,2026-07-05 18:25:04,"```json
{
  ""answer"": ""YES-SIMILAR"",
  ""explanation"": ""Both code snippets are designed to solve the same problem, which is to determine the minimum number of steps required to reduce a fraction to a certain level of ""Elveness"" (a fraction that is a power of 0.5). The logic and the approach used in both snippets are fundamentally the same, despite the differences in syntax and structure. Both snippets use a recursive function to find the minimum number of steps and a loop to iterate through possible powers of 0.5. The main difference is that the Python snippet uses a",62
2014_3_1,142092,2014_3_1,135560,CLONE,2026-07-05 18:25:05,"```json
{
  ""answer"": ""YES-SIMILAR"",
  ""explanation"": ""Both code snippets are designed to solve the same problem, which is to determine the number of steps required to reduce a fraction to a value that is less than or equal to 1/2^40. The PHP code snippet uses a loop to calculate the number of steps, while the Java code snippet uses a while loop with a counter to achieve the same result. The logic and the steps taken in both snippets are functionally similar, despite the differences in syntax and structure.""
}
```",63
2014_3_1,138333,2014_3_1,134611,CLONE,2026-07-05 18:25:05,"```json
{
  ""answer"": ""YES-SIMILAR"",
  ""explanation"": ""Both code snippets are designed to solve the same problem, which is to determine the number of generations required to reduce a fraction to 1 by repeatedly dividing the denominator by 2. The logic and steps in both snippets are functionally equivalent, despite differences in syntax and structure.""
}
```",64
2014_3_1,134611,2014_3_1,139370,CLONE,2026-07-05 18:25:06,"```json
{
  ""answer"": ""YES-SIMILAR"",
  ""explanation"": ""The two code snippets are functionally similar. They both solve the same problem, which is to determine the number of generations required to make two numbers equal by repeatedly dividing them by 2, or they determine if it is impossible to do so. The logic and steps taken in both snippets are equivalent, even though the syntax and structure are different.""
}
```",65
2014_3_1,139370,2014_3_1,134295,CLONE,2026-07-05 18:25:07,"```json
{
  ""answer"": ""YES-SIMILAR"",
  ""explanation"": ""Both code snippets are designed to solve the same problem, which is to determine if a given fraction P/Q can be reduced to a form where the denominator is 1 and the numerator is 0, or if it is impossible to do so. The logic in both snippets involves reducing the fraction by dividing both the numerator and the denominator by their greatest common divisor (GCD) and then checking if the denominator can be reduced to 1 by repeatedly dividing by 2. If the denominator cannot be reduced to 1, the answer is",66
2014_3_1,134295,2014_3_1,138333,CLONE,2026-07-05 18:25:07,"```json
{
  ""answer"": ""YES-SIMILAR"",
  ""explanation"": ""Both code snippets are designed to solve the same problem: determining the number of times a fraction needs to be multiplied by 2 to make it an integer, given that the fraction is in its simplest form and the denominator is even. They both use a loop to divide the denominator by 2 until it is odd, and then check if the numerator is divisible by the denominator. If not, the answer is 'impossible'. If the numerator is divisible, the answer is the number of times the denominator was divided by 2.""
}
",67
2014_3_1,140281,2014_3_1,132142,CLONE,2026-07-05 18:25:08,"```json
{
  ""answer"": ""YES-SIMILAR"",
  ""explanation"": ""Both code snippets are designed to solve the same problem, which is to find the minimum number of operations to reduce a fraction to its simplest form, or determine if it's impossible. They both use a loop to perform operations until the fraction is simplified or determined to be impossible. The logic and the steps taken in both snippets are essentially the same, despite differences in syntax and structure.""
}
```",68
2014_3_1,132142,2014_3_1,143074,CLONE,2026-07-05 18:25:09,"```json
{
  ""answer"": ""YES-SIMILAR"",
  ""explanation"": ""Both code snippets are solving the same problem, which is to find the minimum number of operations required to reduce a fraction to a power of 2, or determine if it's impossible. They both use a gcd function and a power of 2 check, and they both iterate through a list of fractions to find the solution. The specific implementation details are different, but the overall functionality is the same.""
}
```",69
2014_3_1,143074,2014_3_1,132975,CLONE,2026-07-05 18:25:10,"```json
{
  ""answer"": ""YES-SIMILAR"",
  ""explanation"": ""Both code snippets are designed to solve the same problem: finding the smallest power of 2 that is greater than or equal to a given fraction. They both handle input, process the fraction, and output the result. The logic and steps are similar, even though the syntax and structure are different. Both use a loop to find the smallest power of 2 and a method to find the greatest common divisor (GCD) of the fraction's numerator and denominator. The final output is the smallest power of 2 that is greater than or",70
2014_3_1,132975,2014_3_1,140281,CLONE,2026-07-05 18:25:10,"```json
{
  ""answer"": ""YES-SIMILAR"",
  ""explanation"": ""Both code snippets are designed to solve the same problem, which is to find the minimum number of operations required to reduce a fraction to a given denominator or determine if it's impossible. The PHP code snippet reads input, processes the fraction, and outputs the result. The Java code snippet also reads input, processes the fraction, and outputs the result. The logic and the steps taken in both snippets are essentially the same, despite differences in syntax and structure.""
}
```",71
2015_0_1,47939,2015_0_1,44230,CLONE,2026-07-05 18:25:11,"```json
{
  ""answer"": ""YES-SIMILAR"",
  ""explanation"": ""Both code snippets are solving the same problem, which is to determine the minimum number of people who need to be invited to a party so that everyone can stand up. The problem assumes that people are seated in a line and that each person's shyness level is represented by a number. If a person's shyness level is greater than the number of people in front of them, they will stand up. The code snippets implement this logic differently, but they both achieve the same result.""
}
```",72
2015_0_1,44230,2015_0_1,106809,CLONE,2026-07-05 18:25:12,"```json
{
  ""answer"": ""YES-SIMILAR"",
  ""explanation"": ""Both code snippets are designed to solve the same problem: calculating the number of invitations needed based on a string of numbers representing the shyness levels of participants. The logic and steps taken in both snippets are equivalent, despite differences in syntax and structure. Both snippets read input, process the string to calculate the number of invitations, and output the result in the specified format.""
}
```",73
2015_0_1,106809,2015_0_1,25955,CLONE,2026-07-05 18:25:12,"```json
{
  ""answer"": ""NO-NOT-SIMILAR"",
  ""explanation"": ""The two code snippets are not functionally similar. The first code snippet is in Python and appears to be solving a problem related to managing a queue or a line of people based on their shyness levels. The second code snippet is in PHP and appears to be reading input from a file, processing the data, and writing the output to another file. While both snippets involve processing input and producing output, the specific logic and data structures used are different.""
}
```",74
2015_0_1,25955,2015_0_1,47939,CLONE,2026-07-05 18:25:13,"```json
{
  ""answer"": ""NO-NOT-SIMILAR"",
  ""explanation"": ""The two code snippets are not functionally similar. The PHP code snippet is designed to solve a problem related to managing shy levels in a queue, while the Java code snippet is designed to solve a problem related to standing in a queue. The logic and structure of the two code snippets are different and they perform different tasks.""
}
```",75
2015_0_1,43660,2015_0_1,64620,CLONE,2026-07-05 18:25:14,"```json
{
  ""answer"": ""YES-SIMILAR"",
  ""explanation"": ""Both code snippets appear to be solving the same problem, which is to calculate the number of operations needed to make a given number zero by repeatedly removing digits. The logic in both snippets involves iterating through the digits of the number and counting the operations based on the digits' values. The main differences are in the programming language, syntax, and some variable names, but the core functionality is the same.""
}
```",76
2015_0_1,64620,2015_0_1,86599,CLONE,2026-07-05 18:25:15,"```json
{
  ""answer"": ""YES-SIMILAR"",
  ""explanation"": ""Both code snippets are designed to solve the same problem, which is to calculate the number of friends a person can make based on a string of binary digits. The C++ code snippet reads input from the standard input, processes the string, and outputs the number of friends. The Python code snippet reads input from a file, processes the string, and outputs the number of friends. The logic and steps taken in both snippets are functionally similar, despite the differences in syntax and structure.""
}
```",77
2015_0_1,86599,2015_0_1,28465,CLONE,2026-07-05 18:25:15,"```json
{
  ""answer"": ""YES-SIMILAR"",
  ""explanation"": ""Both code snippets are designed to solve the same problem, which is to calculate the number of friends that can be invited to a party based on a sequence of audience members and their positions. The logic in both snippets is essentially the same, despite the differences in syntax and structure. Both snippets read input from a file, process the data to calculate the number of friends that can be invited, and then output the results. The PHP snippet is wrapped in a class and methods, but the core logic is the same as the Python snippet.""
}
",78
2015_0_1,28465,2015_0_1,43660,CLONE,2026-07-05 18:25:16,"```json
{
  ""answer"": ""YES-SIMILAR"",
  ""explanation"": ""Both code snippets are designed to solve the same problem, which is to calculate the number of invitations required for a standing queue based on the number of people in the queue and their positions. The PHP code snippet is written in PHP and the Java code snippet is written in Java, but they both follow the same logic to achieve the same result.""
}
```",79
2015_0_1,100718,2015_0_1,65110,CLONE,2026-07-05 18:25:17,"```json
{
  ""answer"": ""YES-SIMILAR"",
  ""explanation"": ""Both code snippets are designed to solve the same problem, which is to determine the minimum number of friends needed to ensure that all audience members with shyness levels up to a certain maximum are able to stand up and be counted. The logic and steps taken in both snippets are functionally equivalent, despite differences in syntax and structure. Both snippets read input, process the data to calculate the minimum number of friends required, and output the result. The core algorithm and the logic used to determine the minimum number of friends are identical in both snippets",80
2015_0_1,65110,2015_0_1,60803,CLONE,2026-07-05 18:25:18,"```json
{
  ""answer"": ""NO-NOT-SIMILAR"",
  ""explanation"": ""The two code snippets are not functionally similar. The C++ code snippet reads input from a file, processes the input according to a specific algorithm, and writes the output to another file. The Python code snippet also reads input from a file, processes the input according to a different algorithm, and prints the output. The algorithms and the way the input is processed are different, so the code snippets are not functionally similar.""
}
```",81
2015_0_1,60803,2015_0_1,96593,CLONE,2026-07-05 18:25:18,"```json
{
  ""answer"": ""NO-NOT-SIMILAR"",
  ""explanation"": ""The two code snippets are not functionally similar. The first code snippet is in Python and appears to be solving a problem related to finding the maximum number of friends needed to be added to a group based on their shyness levels. The second code snippet is in PHP and appears to be solving a similar problem, but the implementation details are different. The first code snippet uses numpy for array operations, while the second code snippet uses PHP's built-in functions. The logic for determining the number of friends needed is also different in",82
2015_0_1,96593,2015_0_1,100718,CLONE,2026-07-05 18:25:19,"```json
{
  ""answer"": ""YES-SIMILAR"",
  ""explanation"": ""Both code snippets appear to solve the same problem: determining the minimum number of friends needed to ensure that all visitors are standing during a standing ovation. The problem involves processing a series of test cases, where each case consists of a string representing the shyness levels of visitors and a maximum shyness level. The goal is to calculate the minimum number of friends that need to be added to ensure that all visitors are standing by the end of the ovation. The logic and approach used in both snippets are functionally similar, despite",83
2015_0_2,91000,2015_0_2,96440,CLONE,2026-07-05 18:25:20,"```json
{
  ""answer"": ""YES-SIMILAR"",
  ""explanation"": ""Both code snippets appear to solve the same problem, which is to find the minimum number of operations required to make all elements in an array divisible by a given number. The operations are defined as reducing an element by the largest possible divisor that is less than or equal to the element. The solution involves iterating through the array and for each element, finding the largest divisor that can be subtracted to make the element divisible by the divisor. The process is repeated until all elements are divisible by the divisor. The minimum number of operations required is then",84
2015_0_2,96440,2015_0_2,36519,CLONE,2026-07-05 18:25:21,"```json
{
  ""answer"": ""NO-NOT-SIMILAR"",
  ""explanation"": ""The two code snippets are not functionally similar. The C++ code snippet is designed to solve a problem related to distributing pancakes among diners in the minimum number of minutes. The Python code snippet also appears to be solving a similar problem, but it is not clear if it is the same problem or if there is a misunderstanding in the problem description. The C++ code uses a priority queue and a loop to calculate the minimum time, while the Python code uses a recursive function and a loop to calculate the minimum time. The",85
2015_0_2,36519,2015_0_2,103402,CLONE,2026-07-05 18:25:22,"```json
{
  ""answer"": ""YES-SIMILAR"",
  ""explanation"": ""Both code snippets appear to be solving the same problem, which is to calculate the minimum time required to sort a stack of pancakes (or plates) by repeatedly flipping them. The problem is typically referred to as the 'pancake sorting' problem. Both snippets implement a similar algorithm to solve this problem, despite using different programming languages (Python and PHP) and different syntax. The core logic, including the calculation of the total time and the handling of the stack of pancakes, is essentially the same in both snippets.""
}
```",86
2015_0_2,103402,2015_0_2,91000,CLONE,2026-07-05 18:25:22,"```json
{
  ""answer"": ""YES-SIMILAR"",
  ""explanation"": ""Both code snippets are designed to solve the same problem, which is to find the minimum number of minutes required to serve a given number of diners with pancakes, where each diner has a specific number of pancakes and each minute a diner can eat a certain number of pancakes. The logic and steps taken in both snippets are functionally equivalent, despite differences in syntax and structure.""
}
```",87
2015_0_2,21812,2015_0_2,88257,CLONE,2026-07-05 18:25:23,"```json
{
  ""answer"": ""YES-SIMILAR"",
  ""explanation"": ""Both code snippets are designed to solve the same problem, which is to determine the minimum number of days required to consume a given list of pancakes, where each pancake has a specific number of days until it is consumed. The logic in both snippets involves iterating through the list of pancakes and calculating the total number of days required based on the number of days until each pancake is consumed. The key steps in both snippets include calculating the maximum number of days until any pancake is consumed and then iterating through possible numbers of days to find the",88
2015_0_2,88257,2015_0_2,81081,CLONE,2026-07-05 18:25:24,"```json
{
  ""answer"": ""YES-SIMILAR"",
  ""explanation"": ""Both code snippets appear to solve the same problem, which is to find the minimum number of operations required to split pancakes into smaller stacks, where each operation can split a stack into two parts. The C++ code snippet uses a brute-force approach with nested loops, while the Python code snippet uses a more optimized approach with memoization and dynamic programming. The core logic and the steps taken to solve the problem are similar in both snippets, despite the differences in syntax and structure.""
}
```",89
2015_0_2,81081,2015_0_2,102321,CLONE,2026-07-05 18:25:25,"```json
{
  ""answer"": ""YES-SIMILAR"",
  ""explanation"": ""Both code snippets are solving the same problem, which is to find the minimum number of operations required to eat all pancakes, where each operation can either split a pancake into two or eat a pancake. The logic and the steps taken to achieve this are similar in both snippets, despite differences in syntax and structure.""
}
```",90
2015_0_2,102321,2015_0_2,21812,CLONE,2026-07-05 18:25:25,"```json
{
  ""answer"": ""YES-SIMILAR"",
  ""explanation"": ""Both code snippets are designed to solve the same problem, which is to find the minimum number of days required to eat all the pancakes given an array of integers representing the number of pancakes on each day. The logic in both snippets involves iterating through the array and calculating the total number of days based on the number of pancakes and the eating days. The main differences are in the syntax and structure of the languages used (PHP vs Java), but the core functionality is the same.""
}
```",91
2015_0_2,40957,2015_0_2,38840,CLONE,2026-07-05 18:25:26,"```json
{
  ""answer"": ""YES-SIMILAR"",
  ""explanation"": ""Both code snippets are designed to solve the same problem, which is to find the minimum number of operations required to make all elements in an array equal by incrementing them. The Java code snippet is written in Java and uses classes, methods, and data structures typical of Java. The C++ code snippet is written in C++ and uses basic C++ constructs such as functions, arrays, and standard input/output. Despite the differences in syntax and structure, both snippets perform the same task and achieve the same result.""
}
```",92
2015_0_2,38840,2015_0_2,100159,CLONE,2026-07-05 18:25:27,"```json
{
  ""answer"": ""YES-SIMILAR"",
  ""explanation"": ""Both code snippets are designed to solve the same problem, which is to find the minimum number of moves required to arrange plates on a table such that each plate is either on the table or in a box. The C++ code snippet is in C++ and the Python code snippet is in Python, but they both implement the same logic. The C++ code uses a loop to calculate the minimum number of moves, while the Python code uses a list to store the moves and then calculates the minimum number of moves. The C++ code also",93
2015_0_2,100159,2015_0_2,55775,CLONE,2026-07-05 18:25:28,"```json
{
  ""answer"": ""YES-SIMILAR"",
  ""explanation"": ""Both code snippets are solving the same problem, which is to find the minimum number of moves required to rearrange a list of plates (or pancakes) such that each plate is not taller than the plate below it. The logic and the steps taken to achieve this are similar in both snippets, despite differences in syntax and structure. Both snippets use a loop to calculate the number of moves and a loop to find the maximum value in the list of plates. The logic for calculating the number of moves is also similar, with both snippets using a",94
2015_0_2,55775,2015_0_2,40957,CLONE,2026-07-05 18:25:29,"```json
{
  ""answer"": ""YES-SIMILAR"",
  ""explanation"": ""Both code snippets are solving the same problem, which is the Infinite House of Pancakes problem from Google Code Jam Qualification Round 2015. They both aim to find the minimum number of moves required to make all stacks of pancakes the same size. The logic and the steps taken to achieve this are essentially the same, with minor differences in syntax and structure. The PHP code snippet is in PHP, while the Java code snippet is in Java, but they both implement the same algorithm to solve the problem.""
}
```",95
2015_0_3,42051,2015_0_3,41900,CLONE,2026-07-05 18:25:30,"```json
{
  ""answer"": ""YES-SIMILAR"",
  ""explanation"": ""Both code snippets appear to solve the same problem, which is to determine if a given string can be transformed into a specific quaternion value using a set of rules. The Java code snippet uses a 2D array to represent quaternion multiplication, while the C++ code snippet uses a function to perform quaternion multiplication. The logic for finding the indices and checking the quaternion values is similar in both snippets, with some differences in syntax and structure. Therefore, the two code snippets are functionally similar.""
}
```",96
2015_0_3,41900,2015_0_3,103585,CLONE,2026-07-05 18:25:31,"```json
{
  ""answer"": ""YES-SIMILAR"",
  ""explanation"": ""Both code snippets appear to be solving the same problem, which is to determine if there exists a subsequence of the input string that can be transformed into a specific sequence ('i', 'k', 'j') based on the given rules. The rules involve multiplying the current state of the sequence by the next character in the input string according to a predefined table. The C++ code uses a multiset and a custom function to achieve this, while the Python code uses a dictionary and a custom function. The logic for determining the presence of",97
2015_0_3,103585,2015_0_3,19800,CLONE,2026-07-05 18:25:32,"```json
{
  ""answer"": ""YES-SIMILAR"",
  ""explanation"": ""Both code snippets are designed to solve the same problem, which is to determine if a given string of codes can be repeated a certain number of times to form a specific pattern ('i', 'j', 'k') in a sequence. The logic and the steps taken to achieve this are similar in both snippets, despite differences in syntax and structure. Both snippets use a multiplication table to handle the codes and check for specific patterns in the resulting string. The overall functionality and the conditions under which the string is considered valid are the same in both",98
2015_0_3,19800,2015_0_3,42051,CLONE,2026-07-05 18:25:33,"```json
{
  ""answer"": ""NO-NOT-SIMILAR"",
  ""explanation"": ""The two code snippets are not functionally similar. The PHP code snippet appears to be a solution for a problem involving quaternion multiplication and string manipulation, while the Java code snippet also appears to be a solution for a problem involving quaternion multiplication and string manipulation. However, the specific details of the problems and the solutions are different. The PHP code snippet uses a series of if-else statements and a switch statement to handle the multiplication, while the Java code snippet uses a table lookup and a series of if-else statements. Therefore,",99
2015_0_3,47513,2015_0_3,49764,CLONE,2026-07-05 18:25:34,"```json
{
  ""answer"": ""YES-SIMILAR"",
  ""explanation"": ""Both code snippets appear to solve the same problem, which is to determine if a given string can be transformed into a specific sequence of characters ('i', 'j', 'k', '1') through a series of operations. The operations involve rotating the string and checking if the resulting string matches the desired sequence. The logic and the steps taken in both snippets are functionally similar, despite differences in syntax and structure.""
}
```",100
2015_0_3,49764,2015_0_3,103774,CLONE,2026-07-05 18:25:35,"```json
{
  ""answer"": ""NO-NOT-SIMILAR"",
  ""explanation"": ""The two code snippets are not functionally similar. The C++ code snippet is a complex implementation of a mathematical algorithm involving complex numbers and their properties, while the Python code snippet is a simplified version of a similar algorithm. The C++ code snippet includes a lot of pre-defined constants and tables, while the Python code snippet uses a simpler approach with a smaller table. The C++ code snippet also includes a lot of error handling and debugging information, while the Python code snippet is more concise and does not include any error handling or",101
2015_0_3,103774,2015_0_3,102323,CLONE,2026-07-05 18:25:36,"```json
{
  ""answer"": ""NO-NOT-SIMILAR"",
  ""explanation"": ""The two code snippets are not functionally similar. The first code snippet is in Python and appears to be related to a specific mathematical operation involving complex numbers and a series of predefined values. The second code snippet is in PHP and appears to be related to a different mathematical operation involving a string and a series of predefined values. The two code snippets do not share a common functionality or purpose.""
}
```",102
2015_0_3,102323,2015_0_3,47513,CLONE,2026-07-05 18:25:37,"```json
{
  ""answer"": ""YES-SIMILAR"",
  ""explanation"": ""Both code snippets are designed to solve a problem related to string manipulation and pattern recognition. They both read input from a file, process the input according to specific rules, and output whether a certain pattern ('i', 'j', 'k') is present in the processed string. The logic and the steps taken to achieve this are similar in both snippets, despite differences in syntax and structure.""
}
```",103
2015_0_3,96608,2015_0_3,23036,CLONE,2026-07-05 18:25:38,"```json
{
  ""answer"": ""YES-SIMILAR"",
  ""explanation"": ""Both code snippets are implementing a solution to determine if a given string, when multiplied by a certain number, can result in a specific value (either 1 or -1). The logic and the steps taken to achieve this are essentially the same in both Java and C++ versions. The main differences are in syntax and language-specific features, but the core functionality is the same.""
}
```",104
2015_0_3,23036,2015_0_3,72742,CLONE,2026-07-05 18:25:39,"```json
{
  ""answer"": ""NO-NOT-SIMILAR"",
  ""explanation"": ""The two code snippets are not functionally similar. The C++ code snippet appears to be implementing a solution for a problem involving quaternion multiplication and checking for specific patterns in a string. The Python code snippet also appears to be solving a similar problem involving quaternion multiplication and pattern checking, but the implementation details are different. The C++ code uses a more traditional C++ syntax and structure, while the Python code uses object-oriented programming with abstract base classes and abstract methods. The C++ code also uses a more complex approach for handling the",105
2015_0_3,72742,2015_0_3,18309,CLONE,2026-07-05 18:25:40,"```json
{
  ""answer"": ""NO-NOT-SIMILAR"",
  ""explanation"": ""The two code snippets are not functionally similar. The first code snippet is in Python and implements a solution for a problem related to quaternion multiplication and string processing. The second code snippet is in PHP and appears to be a solution for a problem related to string processing and quaternion multiplication, but the implementation is significantly different and does not match the functionality of the Python code snippet.""
}
```",106
2015_0_3,18309,2015_0_3,96608,CLONE,2026-07-05 18:25:42,"```json
{
  ""answer"": ""YES-SIMILAR"",
  ""explanation"": ""Both code snippets implement a similar algorithm to solve a problem. They both involve processing a string and performing calculations based on the characters in the string. The logic and the steps taken to achieve the result are essentially the same, despite the differences in syntax and structure. Both snippets use a mapping of characters to other characters or values, and they perform multiplication operations based on these mappings. The final result is checked against certain conditions to determine if the input string can be processed according to the rules defined in the mappings.""
}
```",107
2015_0_4,86262,2015_0_4,63026,CLONE,2026-07-05 18:25:43,"```json
{
  ""answer"": ""YES-SIMILAR"",
  ""explanation"": ""The two code snippets are functionally similar. They both solve the same problem, which is determining whether a given number of squares can be arranged into a grid of a specified size with a given number of rows and columns. The logic and the steps taken to achieve this are essentially the same, with minor differences in syntax and structure. Both snippets use a similar approach to determine if a solution is possible and to output the results in a specified format.""
}
```",108
2015_0_4,63026,2015_0_4,57828,CLONE,2026-07-05 18:25:43,"```json
{
  ""answer"": ""YES-SIMILAR"",
  ""explanation"": ""Both code snippets are designed to solve the same problem, which is to determine whether a given set of dimensions (R, C) and a number X can be arranged in a grid such that the conditions for 'GABRIEL' or 'RICHARD' are met. The logic and the steps taken in both snippets are functionally equivalent, despite differences in syntax and structure.""
}
```",109
2015_0_4,57828,2015_0_4,68310,CLONE,2026-07-05 18:25:44,"```json
{
  ""answer"": ""NO-NOT-SIMILAR"",
  ""explanation"": ""The two code snippets are not functionally similar. The first code snippet is in Python and reads input, processes it, and prints the result. The second code snippet is in PHP and appears to be a script that reads a file, processes its contents, and prints the result. The logic and structure of the two code snippets are different, and they are not designed to perform the same task.""
}
```",110
2015_0_4,68310,2015_0_4,86262,CLONE,2026-07-05 18:25:45,"```json
{
  ""answer"": ""YES-SIMILAR"",
  ""explanation"": ""Both code snippets are designed to solve the same problem, which is determining whether a given omino size can fit into a given grid size. They both handle input, process the data to determine the winner (RICHARD or GABRIEL), and output the results. The logic and the steps taken to achieve this are essentially the same, despite the differences in syntax and structure between PHP and Java.""
}
```",111
2015_0_4,30398,2015_0_4,86932,CLONE,2026-07-05 18:25:45,"```json
{
  ""answer"": ""YES-SIMILAR"",
  ""explanation"": ""Both code snippets are designed to solve the same problem, which is to determine the winner of a game based on the given parameters. The logic and conditions used in both snippets are essentially the same, with minor differences in syntax and structure. The main differences are in the language used (Java vs C++) and the way input/output is handled. However, the core functionality and the decision-making process are identical.""
}
```",112
2015_0_4,86932,2015_0_4,94256,CLONE,2026-07-05 18:25:46,"```json
{
  ""answer"": ""YES-SIMILAR"",
  ""explanation"": ""Both code snippets are designed to solve the same problem, which is to determine whether a given number X can be divided into a grid of size RxC such that the number of cells in the grid is greater than or equal to X. If X cannot be divided into such a grid, the function returns 'RICHARD', otherwise it returns 'GABRIEL'. The logic and the conditions used to determine the winner are the same in both snippets, although the implementation details differ.""
}
```",113
2015_0_4,94256,2015_0_4,19708,CLONE,2026-07-05 18:25:47,"```json
{
  ""answer"": ""YES-SIMILAR"",
  ""explanation"": ""Both code snippets are designed to solve the same problem, which is to determine if Richard or Gabriel can win a game based on the given parameters x, r, and c. The logic and conditions used to determine the winner are similar in both snippets, although the implementation details are different. The Python snippet uses a function-based approach, while the PHP snippet uses a class-based approach. However, the core functionality and the conditions that determine the winner are the same in both snippets.""
}
```",114
2015_0_4,19708,2015_0_4,30398,CLONE,2026-07-05 18:25:48,"```json
{
  ""answer"": ""YES-SIMILAR"",
  ""explanation"": ""The two code snippets are functionally similar. They both implement a solution to determine the winner of a game based on the given parameters. The logic and conditions used to determine the winner are the same in both snippets, although the implementation details differ in syntax and structure.""
}
```",115
2015_0_4,29877,2015_0_4,60776,CLONE,2026-07-05 18:25:49,"```json
{
  ""answer"": ""YES-SIMILAR"",
  ""explanation"": ""Both code snippets are designed to solve the same problem, which is to determine if Richard or Gabriel has a winning strategy given the dimensions of a grid and a number X. The logic and conditions used in both snippets are essentially the same, despite differences in syntax and structure. Both snippets check for specific conditions related to X, R, and C to determine the winner. The main difference is in the language used (Java vs. C++) and the way input/output is handled, but the core functionality is the same.""
}
```",116
2015_0_4,60776,2015_0_4,74018,CLONE,2026-07-05 18:25:50,"```json
{
  ""answer"": ""YES-SIMILAR"",
  ""explanation"": ""Both code snippets achieve the same result. They both determine whether the answer is 'GABRIEL' or 'RICHARD' based on the given inputs X, R, and C. The logic and conditions are similar in both snippets, even though the syntax and structure differ. The C++ snippet uses `scanf` and `printf`, while the Python snippet uses `input` and `print`. The conditions for returning 'GABRIEL' or 'RICHARD' are the same in both snippets, just implemented differently",117
2015_0_4,74018,2015_0_4,78114,CLONE,2026-07-05 18:25:50,"```json
{
  ""answer"": ""YES-SIMILAR"",
  ""explanation"": ""Both code snippets implement the same logic to determine the winner of a game based on the input parameters X, R, and C. They both check for specific conditions and return 'RICHARD' or 'GABRIEL' accordingly. The logic is essentially the same, just implemented in different programming languages.""
}
```",118
2015_0_4,78114,2015_0_4,29877,CLONE,2026-07-05 18:25:51,"```json
{
  ""answer"": ""YES-SIMILAR"",
  ""explanation"": ""Both code snippets are designed to solve the same problem, which is to determine the winner of a game based on the values of X, R, and C. The logic and conditions used in both snippets are equivalent, even though the syntax and structure are different. The PHP snippet uses a series of if-else statements to determine the winner, while the Java snippet uses a single method to determine if Richard can win. The method in the Java snippet returns a boolean value, which is then used to print the winner in the main method.",119
2015_1_1,112276,2015_1_1,111086,CLONE,2026-07-05 18:25:52,"```json
{
  ""answer"": ""YES-SIMILAR"",
  ""explanation"": ""Both code snippets appear to be solving the same problem, which is to process a series of integers and calculate two values based on the differences between consecutive numbers. The first value is the sum of all positive differences between consecutive numbers, and the second value is the sum of the minimum values between the current number and the maximum difference encountered so far. The Java code uses a PrintWriter and a Scanner, while the C++ code uses an ifstream and custom template functions for reading and printing. The overall logic and functionality of both snippets are equivalent.""
}
",120
2015_1_1,111086,2015_1_1,117734,CLONE,2026-07-05 18:25:53,"```json
{
  ""answer"": ""YES-SIMILAR"",
  ""explanation"": ""Both code snippets are designed to solve the same problem, which is to calculate two values based on a sequence of integers. The C++ code snippet is a complete program that reads input from a file, processes the data, and prints the results. The Python code snippet is a function that takes two parameters, processes the data, and returns the results. The logic in both snippets is similar, as they both calculate the first value as the sum of the maximum differences between consecutive elements in the sequence, and the second value as the sum of",121
2015_1_1,117734,2015_1_1,122934,CLONE,2026-07-05 18:25:54,"```json
{
  ""answer"": ""YES-SIMILAR"",
  ""explanation"": ""Both code snippets are solving the same problem, which is to calculate two values based on a list of integers. The first value is the sum of the maximum differences between consecutive elements, and the second value is the sum of the minimum of each element and the maximum difference found. The logic and the steps taken in both snippets are functionally equivalent, despite the differences in syntax and structure.""
}
```",122
2015_1_1,122934,2015_1_1,112276,CLONE,2026-07-05 18:25:54,"```json
{
  ""answer"": ""YES-SIMILAR"",
  ""explanation"": ""Both code snippets appear to be solving the same problem, which is to calculate two different methods for a given array of integers. The first method calculates the total number of times a number is greater than the previous number, and the second method calculates the total number of times a number is less than the maximum difference found in the array. The logic and the steps taken in both snippets are functionally similar, despite differences in syntax and structure.""
}
```",123
2015_1_1,118030,2015_1_1,122263,CLONE,2026-07-05 18:25:55,"```json
{
  ""answer"": ""NO-NOT-SIMILAR"",
  ""explanation"": ""The two code snippets are not functionally similar. The first code snippet is in Java and defines a class `MushroomMonster` with methods to calculate the number of mushrooms eaten under two different scenarios. The second code snippet is in C++ and defines a class `Solver` with methods to read input, solve the problem, and print the output. While both snippets deal with similar problems related to counting mushrooms, the specific logic and implementation details are different.""
}
```",124
2015_1_1,122263,2015_1_1,124602,CLONE,2026-07-05 18:25:56,"```json
{
  ""answer"": ""YES-SIMILAR"",
  ""explanation"": ""Both code snippets solve the same problem, which is to find two values, y and z, based on the input array m. The value y is the sum of the differences between consecutive elements in the array that are in decreasing order, and z is the sum of the minimum values between the maximum difference found and each element in the array. The code snippets are written in C++ and Python, respectively, but they follow the same logic and achieve the same result.""
}
```",125
2015_1_1,124602,2015_1_1,111264,CLONE,2026-07-05 18:25:57,"```json
{
  ""answer"": ""YES-SIMILAR"",
  ""explanation"": ""Both code snippets are designed to solve a problem related to calculating two values based on an array of integers. The first code snippet is in Python and reads input from standard input, processes the data, and prints the results. The second code snippet is in PHP and also reads input from standard input, processes the data, and outputs the results. The logic and steps taken in both snippets are equivalent, despite the differences in syntax and structure. Both snippets calculate a minimum value and a second value based on the differences between elements in the input array",126
2015_1_1,111264,2015_1_1,118030,CLONE,2026-07-05 18:25:58,"```json
{
  ""answer"": ""NO-NOT-SIMILAR"",
  ""explanation"": ""The two code snippets are not functionally similar. The PHP code snippet is designed to calculate the minimum number of mushrooms that can be eaten from a series of plates, while the Java code snippet is designed to calculate the number of mushrooms that can be eaten at any time and the number of mushrooms that can be eaten at a constant rate. The two code snippets are not similar in their functionality or the specific steps they take to accomplish that task.""
}
```",127
2015_1_1,112898,2015_1_1,111866,CLONE,2026-07-05 18:25:58,"```json
{
  ""answer"": ""YES-SIMILAR"",
  ""explanation"": ""Both code snippets are designed to solve the same problem, which is to calculate two values for each test case: minEat1 and minEat2. The problem involves an array of integers and requires calculating the minimum and maximum differences between consecutive elements. The output for each test case includes these two values. The logic and the steps taken to calculate minEat1 and minEat2 are similar in both code snippets, despite differences in syntax and structure. Therefore, the code snippets are functionally similar.""
}
```",128
2015_1_1,111866,2015_1_1,111647,CLONE,2026-07-05 18:25:59,"```json
{
  ""answer"": ""NO-NOT-SIMILAR"",
  ""explanation"": ""The two code snippets are not functionally similar. The first code snippet is in C++ and is designed to solve a specific problem, likely related to finding the maximum difference and sum of differences in an array. The second code snippet is in Python and appears to be a collection of utility functions for reading different types of data from a file. They are not related in functionality.""
}
```",129
2015_1_1,111647,2015_1_1,121770,CLONE,2026-07-05 18:26:00,"```json
{
  ""answer"": ""NO-NOT-SIMILAR"",
  ""explanation"": ""The two code snippets are not functionally similar. The first code snippet is a collection of functions in Python for reading various types of data from a file, including integers, floats, and lists of strings or numbers. The second code snippet is a PHP script that reads input from STDIN, processes a list of integers, and calculates the number of mushrooms eaten. The tasks and the logic implemented in the two snippets are different.""
}
```",130
2015_1_1,121770,2015_1_1,112898,CLONE,2026-07-05 18:26:01,"```json
{
  ""answer"": ""YES-SIMILAR"",
  ""explanation"": ""Both code snippets are designed to solve the same problem, which is to calculate the minimum number of refills needed to eat all the mushrooms in a given list. The logic and steps taken in both snippets are essentially the same, just implemented in different programming languages. The PHP snippet uses standard input/output and loops, while the Java snippet uses file input/output and buffered readers/writers. The core algorithm for calculating the minimum number of refills is the same in both snippets.""
}
```",131
2016_0_1,76319,2016_0_1,65647,CLONE,2026-07-05 18:26:01,"```json
{
  ""answer"": ""YES-SIMILAR"",
  ""explanation"": ""Both code snippets are designed to solve the same problem: finding the smallest number that contains all the digits from 0 to 9 at least once, starting from a given number. They both handle the input, iterate through multiples of the given number, and check if all digits from 0 to 9 have been encountered. If all digits are found, the current multiple is the result; otherwise, the result is 'INSOMNIA'. The logic and the steps taken in both snippets are essentially the same, despite differences in syntax",132
2016_0_1,65647,2016_0_1,94639,CLONE,2026-07-05 18:26:02,"```json
{
  ""answer"": ""YES-SIMILAR"",
  ""explanation"": ""Both code snippets are designed to solve the same problem: finding the smallest number that contains all the digits from 0 to 9 when multiplied by a given number. The C++ code snippet uses a map to track the digits, while the Python code snippet uses a dictionary. Both snippets iterate through multiples of the given number until they find a number that contains all digits from 0 to 9. If the given number is 0, both snippets return 'INSOMNIA'.""
}
```",133
2016_0_1,94639,2016_0_1,48618,CLONE,2026-07-05 18:26:03,"```json
{
  ""answer"": ""YES-SIMILAR"",
  ""explanation"": ""Both code snippets are designed to solve the problem of finding the smallest multiple of a given number that contains all the digits from 0 to 9. They both use a loop to generate multiples of the input number and check if all digits from 0 to 9 are present in the multiple. If all digits are present, the loop breaks and the multiple is returned. If the loop completes without finding all digits, the function returns 'INSOMNIA'. The logic and structure of both snippets are essentially the same, just implemented in",134
2016_0_1,48618,2016_0_1,76319,CLONE,2026-07-05 18:26:04,"```json
{
  ""answer"": ""YES-SIMILAR"",
  ""explanation"": ""Both code snippets are designed to solve the problem of finding the smallest number that contains all the digits from 0 to 9 when multiplied by a given number. The PHP code snippet reads input from STDIN, processes the number, and outputs the result. The Java code snippet reads input from a file, processes the number, and writes the result to a file. The logic and the steps taken to achieve the same result are essentially the same, despite differences in syntax and structure.""
}
```",135
2016_0_1,117099,2016_0_1,134225,CLONE,2026-07-05 18:26:05,"```json
{
  ""answer"": ""YES-SIMILAR"",
  ""explanation"": ""Both code snippets are designed to solve the same problem: finding the smallest number that contains all the digits from 0 to 9 at least once, which is known as the smallest number that is a multiple of a given number N. The Java code snippet is in Java, while the C++ code snippet is in C++. They both use a similar approach to achieve this: they keep adding multiples of N to a mask until all digits from 0 to 9 are covered. The Java code uses a bitmask to track the digits,",136
2016_0_1,134225,2016_0_1,88781,CLONE,2026-07-05 18:26:05,"```json
{
  ""answer"": ""YES-SIMILAR"",
  ""explanation"": ""Both code snippets are designed to solve the problem of finding the smallest number that contains all the digits from 0 to 9 at least once, given a starting number N. They both use a loop to increment the number and check if all digits from 0 to 9 have been seen. If a number contains all digits from 0 to 9, the loop breaks and the number is returned. If the starting number is 0, both snippets return 'INSOMNIA'. The logic and the steps taken to achieve the",137
2016_0_1,88781,2016_0_1,39027,CLONE,2026-07-05 18:26:06,"```json
{
  ""answer"": ""NO-NOT-SIMILAR"",
  ""explanation"": ""The two code snippets are not functionally similar. The first code snippet is in Python and is designed to solve the problem of finding the smallest number that contains all the digits from 0 to 9 when its digits are summed, starting from a given number N. The second code snippet is in PHP and appears to be related to file handling and string manipulation, but it does not clearly match the functionality of the first code snippet. The second code snippet also contains a function 'x' which is not clear in its purpose and",138
2016_0_1,39027,2016_0_1,117099,CLONE,2026-07-05 18:26:07,"```json
{
  ""answer"": ""NO-NOT-SIMILAR"",
  ""explanation"": ""The two code snippets are not functionally similar. The PHP code snippet is designed to solve the problem of finding the smallest number that contains all the digits from 0 to 9 at least once, which is a variant of the problem of finding the smallest number that contains all the digits from 0 to 9 at least once. The Java code snippet is designed to solve the problem of finding the smallest number that contains all the digits from 0 to 9 at least once, which is a variant of the problem of",139
2016_0_1,100898,2016_0_1,143909,CLONE,2026-07-05 18:26:08,"```json
{
  ""answer"": ""YES-SIMILAR"",
  ""explanation"": ""Both code snippets are designed to solve the problem of finding the smallest number that contains all digits from 0 to 9 when concatenated with the original number. They both use a loop to generate numbers and check if all digits from 0 to 9 have been seen. If all digits are seen, the loop breaks and the number is printed. If the loop runs for a maximum number of iterations (1000000) without finding all digits, the program prints 'INSOMNIA'. The logic and the approach",140
2016_0_1,143909,2016_0_1,71388,CLONE,2026-07-05 18:26:09,"```json
{
  ""answer"": ""YES-SIMILAR"",
  ""explanation"": ""Both code snippets are designed to find the smallest number that contains all the digits from 0 to 9 when multiplied by the input number. They both handle the case where the input number is 0 by printing 'INSOMNIA'. For other cases, they both use a loop to multiply the number and check if all digits from 0 to 9 have been encountered. If not, they continue multiplying until all digits are found. The logic and the approach are essentially the same, just implemented in different languages.""
}
```",141
2016_0_1,71388,2016_0_1,113708,CLONE,2026-07-05 18:26:09,"```json
{
  ""answer"": ""YES-SIMILAR"",
  ""explanation"": ""Both code snippets are designed to find the smallest number that contains all the digits from 0 to 9 at least once, given a base number. They both use a loop to multiply the base number by an incrementing integer until all digits are found. The results are printed with a 'Case #{}:' prefix, where {} is the case number.""
}
```",142
2016_0_1,113708,2016_0_1,100898,CLONE,2026-07-05 18:26:10,"```json
{
  ""answer"": ""YES-SIMILAR"",
  ""explanation"": ""Both code snippets are designed to solve the problem of finding the smallest number that contains all digits from 0 to 9 when multiplied by a given base. The PHP code snippet defines a function `bleatrix` that takes a base as input and returns the smallest number that contains all digits from 0 to 9 when multiplied by the base. The Java code snippet defines a class `CountingSheep` with a `main` method that reads input from the user and calls a helper method `charAdd` to check if all",143
2016_0_4,136626,2016_0_4,135114,CLONE,2026-07-05 18:26:11,"```json
{
  ""answer"": ""YES-SIMILAR"",
  ""explanation"": ""Both code snippets are designed to solve the same problem, which is to find the number of valid paths in a given tree structure based on the number of branches, depth, and checks. The Java code snippet is in Java, while the C++ code snippet is in C++. Despite the differences in syntax and structure, both snippets follow a similar logic to solve the problem. They both use a loop to iterate through the number of branches and calculate the number of valid paths based on the given depth and checks. The final output is the number",144
2016_0_4,135114,2016_0_4,63570,CLONE,2026-07-05 18:26:12,"```json
{
  ""answer"": ""YES-SIMILAR"",
  ""explanation"": ""Both code snippets achieve the same result, which is to solve a problem related to generating a sequence of numbers based on given parameters K, C, and S. The C++ code snippet is in C++ and the Python code snippet is in Python. They both handle the same logic: checking if the product of C and S is less than K, and if not, generating a sequence of numbers based on the parameters. The C++ code uses bitwise operations and loops, while the Python code uses list comprehensions and loops. The overall",145
2016_0_4,63570,2016_0_4,80717,CLONE,2026-07-05 18:26:12,"```json
{
  ""answer"": ""YES-SIMILAR"",
  ""explanation"": ""Both code snippets are designed to solve the same problem, which is to find a sequence of numbers that satisfy certain conditions based on the input parameters K, C, and S. The logic and the steps taken to achieve the solution are similar in both snippets, despite differences in syntax and structure. Both handle the case where C is 1 separately, and both use a loop to generate the sequence of numbers. The final output is also in the same format for both snippets.""
}
```",146
2016_0_4,80717,2016_0_4,136626,CLONE,2026-07-05 18:26:13,"```json
{
  ""answer"": ""YES-SIMILAR"",
  ""explanation"": ""Both code snippets are designed to solve the same problem, which is to generate a sequence of numbers based on given parameters (branches, depth, and checks). The logic and the steps taken to achieve this are essentially the same, despite differences in syntax and structure. Both handle the same cases and produce the same output for the given problem. Therefore, they are functionally similar.""
}
```",147
2016_0_4,125922,2016_0_4,90060,CLONE,2026-07-05 18:26:14,"```json
{
  ""answer"": ""NO-NOT-SIMILAR"",
  ""explanation"": ""The two code snippets are not functionally similar. The Java code snippet is designed to solve a problem related to printing numbers based on given parameters K, C, and S. The C++ code snippet also appears to solve a similar problem, but it handles the logic differently. The Java code snippet prints numbers in a specific pattern based on the parameters, while the C++ code snippet calculates and prints numbers in a different pattern. Therefore, the two code snippets are not functionally similar.""
}
```",148
2016_0_4,90060,2016_0_4,158305,CLONE,2026-07-05 18:26:15,"```json
{
  ""answer"": ""YES-SIMILAR"",
  ""explanation"": ""Both code snippets appear to solve the same problem, which is to find a sequence of numbers that satisfy certain conditions based on the input parameters K, C, and S. The C++ code snippet is in C++ and the Python code snippet is in Python, but they both implement the same logic to determine the sequence of numbers and handle the case where it is impossible to find such a sequence. The C++ code snippet uses a template-based approach with various helper functions, while the Python code snippet uses a more straightforward approach with functions and",149
2016_0_4,158305,2016_0_4,139021,CLONE,2026-07-05 18:26:16,"```json
{
  ""answer"": ""NO-NOT-SIMILAR"",
  ""explanation"": ""The two code snippets are not functionally similar. The first code snippet is in Python and is designed to solve a problem related to generating guesses based on certain parameters. The second code snippet is in PHP and is also designed to solve a similar problem, but it uses a different approach and data structures. The PHP code snippet includes a class with methods for initializing the program, solving test cases, and generating possible art works. The Python code snippet uses a different approach to generate guesses and does not include a class structure. Therefore,",150
2016_0_4,139021,2016_0_4,125922,CLONE,2026-07-05 18:26:17,"```json
{
  ""answer"": ""NO-NOT-SIMILAR"",
  ""explanation"": ""The two code snippets are not functionally similar. The PHP code snippet is a fractiles solver that handles complex cases involving binary numbers and art works, while the Java code snippet is a simple fractiles solver that handles basic cases involving K, C, and S. The PHP code snippet is more complex and handles more edge cases, while the Java code snippet is simpler and only handles basic cases. Therefore, the two code snippets are not functionally similar.""
}
```",151
2016_0_4,99642,2016_0_4,45917,CLONE,2026-07-05 18:26:18,"```json
{
  ""answer"": ""YES-SIMILAR"",
  ""explanation"": ""Both code snippets are designed to solve the same problem, which is to determine if it's possible to arrange numbers in a specific way based on given inputs and to output the arrangement or a message indicating impossibility. The logic and the steps taken to achieve this are essentially the same, despite differences in syntax and structure. The main functions, variable names, and the overall flow of the program are similar in both snippets, indicating that they are functionally similar.""
}
```",152
2016_0_4,45917,2016_0_4,142083,CLONE,2026-07-05 18:26:18,"```json
{
  ""answer"": ""YES-SIMILAR"",
  ""explanation"": ""Both code snippets are functionally similar. They both solve the same problem, which is to generate a sequence of numbers based on the given parameters k, c, and s. The C++ code snippet is more complex and includes input/output operations and debugging features, while the Python code snippet is simpler and focuses solely on generating the sequence. However, both snippets achieve the same result and perform the same task.""
}
```",153
2016_0_4,142083,2016_0_4,37736,CLONE,2026-07-05 18:26:19,"```json
{
  ""answer"": ""YES-SIMILAR"",
  ""explanation"": ""Both code snippets are designed to solve the same problem, which is to generate a sequence based on the given parameters k, c, and s. They both handle the case where k is 1 and return 1 immediately. For other cases, they generate a sequence according to specific rules. The PHP code snippet uses a loop to calculate the position of each element in the sequence, while the Python code snippet uses a more complex algorithm involving lists and mathematical operations. Despite the differences in syntax and structure, both snippets achieve the same result.""
",154
2016_0_4,37736,2016_0_4,99642,CLONE,2026-07-05 18:26:20,"```json
{
  ""answer"": ""YES-SIMILAR"",
  ""explanation"": ""Both code snippets are designed to solve the same problem, which is to find a sequence of numbers that meet certain criteria based on the input parameters K, C, and S. The PHP code snippet is written in PHP, while the Java code snippet is written in Java. Despite the differences in syntax and structure, both snippets perform the same task and achieve the same result.""
}
```",155
2016_1_1,15819,2016_1_1,15421,CLONE,2026-07-05 18:26:21,"```json
{
  ""answer"": ""YES-SIMILAR"",
  ""explanation"": ""Both code snippets are designed to solve the same problem: finding the lexicographically last word in a given string. They both iterate through the input string and construct the result string by comparing each character with the current first character of the result string. If the current character is greater than or equal to the first character, it is prepended to the result; otherwise, it is appended. This process ensures that the result string is lexicographically sorted in reverse order. The code snippets differ in syntax and structure, but they achieve the same",156
2016_1_1,15421,2016_1_1,3308,CLONE,2026-07-05 18:26:22,"```json
{
  ""answer"": ""YES-SIMILAR"",
  ""explanation"": ""Both code snippets are designed to solve the same problem: finding the lexicographically smallest rearrangement of a given string. They both iterate through the input string and construct a new string that is lexicographically sorted. The C++ code uses standard input/output and string manipulation, while the Python code uses file input/output and list manipulation. The core logic for constructing the lexicographically smallest string is the same in both snippets.""
}
```",157
2016_1_1,3308,2016_1_1,3735,CLONE,2026-07-05 18:26:22,"```json
{
  ""answer"": ""YES-SIMILAR"",
  ""explanation"": ""Both code snippets are designed to solve the same problem: finding the lexicographically largest permutation of a given string. They both iterate through the string, maintaining a list or array that represents the current lexicographically largest permutation found so far. The logic for updating this list or array is the same in both snippets, with the same conditions for appending characters to the list or array. The final output is also the same, with the lexicographically largest permutation for each case. Therefore, the two code snippets are functionally similar.""
}
",158
2016_1_1,3735,2016_1_1,15819,CLONE,2026-07-05 18:26:23,"```json
{
  ""answer"": ""YES-SIMILAR"",
  ""explanation"": ""Both code snippets are designed to solve the same problem: finding the lexicographically largest word that can be formed by rearranging the letters of each input string. They both iterate through the characters of the input string and maintain a string that represents the current lexicographically largest word. The logic for updating the current word is similar in both snippets, with the main difference being the use of different data structures and syntax. The PHP snippet uses a string for the current word and a loop to update it, while the Java snippet uses a StringBuilder",159
2016_1_1,28201,2016_1_1,31768,CLONE,2026-07-05 18:26:24,"```json
{
  ""answer"": ""YES-SIMILAR"",
  ""explanation"": ""Both code snippets are designed to solve the same problem: sorting a string in a specific manner. They both read an integer indicating the number of test cases, followed by strings for each test case. For each string, they sort it by repeatedly comparing the first character with the rest of the string and rearranging the characters accordingly. The sorted string is then output with a 'Case #' prefix. The overall functionality and the logic used to achieve this are essentially the same in both Java and C++.""
}
```",160
2016_1_1,31768,2016_1_1,33316,CLONE,2026-07-05 18:26:25,"```json
{
  ""answer"": ""YES-SIMILAR"",
  ""explanation"": ""Both code snippets appear to be implementing a sorting algorithm that rearranges a string of characters in a specific order. The first snippet is written in C++ and uses a custom sorting algorithm, while the second snippet is written in Python and uses a combination of custom sorting functions. Despite the differences in syntax and structure, both snippets achieve the same result of rearranging the characters in a string based on a specific sorting criteria.""
}
```",161
2016_1_1,33316,2016_1_1,18665,CLONE,2026-07-05 18:26:25,"```json
{
  ""answer"": ""YES-SIMILAR"",
  ""explanation"": ""Both code snippets are designed to solve the same problem, which is to sort a string of characters based on a specific sorting algorithm. The Python code snippet uses a recursive sorting algorithm, while the PHP code snippet uses a simple comparison-based sorting algorithm. The overall functionality of both snippets is to read input, process it according to the sorting algorithm, and write the output to a file. The specific implementation details are different, but the end result is the same.""
}
```",162
2016_1_1,18665,2016_1_1,28201,CLONE,2026-07-05 18:26:26,"```json
{
  ""answer"": ""YES-SIMILAR"",
  ""explanation"": ""Both code snippets are designed to solve the same problem, which is to sort a string in a specific way. The PHP code snippet defines a function `solve` that takes a string as input and returns a sorted string. The Java code snippet defines a class `Problem1` with a `main` method that reads input from a file, processes each test case using the `sort` method, and writes the output to another file. The `sort` method in Java is designed to sort the string by comparing the first character of the",163
2016_1_1,22113,2016_1_1,20829,CLONE,2026-07-05 18:26:27,"```json
{
  ""answer"": ""YES-SIMILAR"",
  ""explanation"": ""Both code snippets are designed to solve the same problem, which is to find the lexicographically largest string that can be formed by rearranging the characters of the input strings. The Java code snippet is in Java, while the C++ code snippet is in C++. They both use a similar approach to solve the problem: iterating through the input string and maintaining a result string that is lexicographically sorted. The Java code uses a StringBuilder to build the result string, while the C++ code uses a character array. The C++ code",164
2016_1_1,20829,2016_1_1,14703,CLONE,2026-07-05 18:26:28,"```json
{
  ""answer"": ""YES-SIMILAR"",
  ""explanation"": ""Both code snippets are designed to solve the same problem, which is to rearrange the characters in a given string such that the resulting string is lexicographically smallest. The C++ code snippet uses a character array and manual indexing to achieve this, while the Python code snippet uses a list and the `insert` and `append` methods. The logic in both snippets is equivalent, and they will produce the same output for the same input.""
}
```",165
2016_1_1,14703,2016_1_1,4557,CLONE,2026-07-05 18:26:28,"```json
{
  ""answer"": ""NO-NOT-SIMILAR"",
  ""explanation"": ""The two code snippets are not functionally similar. The first code snippet is a Python script that reads a series of strings from standard input, processes each string to find the lexicographically largest prefix, and prints the result. The second code snippet is a PHP script that reads a file from standard input, processes each line to find the lexicographically largest prefix, and writes the result to a file. The tasks and the way they are implemented are different.""
}
```",166
2016_1_1,4557,2016_1_1,22113,CLONE,2026-07-05 18:26:29,"```json
{
  ""answer"": ""YES-SIMILAR"",
  ""explanation"": ""Both code snippets are designed to process input files and output files, and both implement a similar algorithm to solve the problem. The PHP code snippet reads an input file, processes each line, and writes the output to an output file. The Java code snippet reads input from the standard input, processes each line, and prints the output to the standard output. The algorithm used in both snippets is to sort the characters in each line in a specific order (either ascending or descending) and then write the sorted string to the output. Therefore, the",167
2016_1_2,23627,2016_1_2,7905,CLONE,2026-07-05 18:26:30,"```json
{
  ""answer"": ""YES-SIMILAR"",
  ""explanation"": ""Both code snippets are designed to solve the same problem, which is to find the numbers that are odd in frequency from a given input. The Java code uses a HashMap to track the frequency of numbers, while the C++ code uses an array with bitwise XOR to achieve the same goal. The final output is a list of numbers that appear an odd number of times in the input.""
}
```",168
2016_1_2,7905,2016_1_2,30453,CLONE,2026-07-05 18:26:31,"```json
{
  ""answer"": ""YES-SIMILAR"",
  ""explanation"": ""Both code snippets appear to be solving the same problem, which is to find the odd numbers in a sequence of inputs. The C++ code snippet uses a bit array to track the parity of numbers, while the Python code snippet uses a list and the count method to identify odd numbers. The overall functionality is the same, despite the differences in syntax and implementation.""
}
```",169
2016_1_2,30453,2016_1_2,22155,CLONE,2026-07-05 18:26:31,"```json
{
  ""answer"": ""YES-SIMILAR"",
  ""explanation"": ""Both code snippets are designed to solve the same problem: finding the odd numbers in a list of lists and printing them in ascending order. The input is read from standard input, and the output is formatted as specified. The main differences are in the programming language (Python vs PHP) and the syntax used, but the logic and functionality are the same.""
}
```",170
2016_1_2,22155,2016_1_2,23627,CLONE,2026-07-05 18:26:32,"```json
{
  ""answer"": ""YES-SIMILAR"",
  ""explanation"": ""Both code snippets are designed to solve the same problem, which is to find the numbers that appear an odd number of times in a given input. The input consists of a series of numbers, and the output should list the numbers that appear an odd number of times in the order they first appear. The logic in both snippets involves reading input, counting the occurrences of each number, and then identifying the numbers that have an odd count. The order of the output is based on the order of the first appearance of the odd numbers. The implementation",171
2016_1_2,26561,2016_1_2,22827,CLONE,2026-07-05 18:26:33,"```json
{
  ""answer"": ""YES-SIMILAR"",
  ""explanation"": ""Both code snippets are designed to solve the same problem, which is to find the numbers that appear an odd number of times in a given grid of numbers. The grid is represented as a series of rows and columns, and the numbers are inputted in a specific format. The goal is to print the numbers that appear an odd number of times, sorted in ascending order. The code snippets use different programming languages (Java and C++), but they both implement the same logic to achieve this task. The main differences are in the syntax and",172
2016_1_2,22827,2016_1_2,14745,CLONE,2026-07-05 18:26:33,"```json
{
  ""answer"": ""YES-SIMILAR"",
  ""explanation"": ""Both code snippets are designed to solve the same problem: identifying and sorting numbers that appear an odd number of times in a given set of data. The C++ code snippet reads input from the standard input, processes the data, and outputs the result. The Python code snippet reads input from a file, processes the data, and outputs the result. The core logic and functionality of both snippets are equivalent, despite differences in syntax and structure.""
}
```",173
2016_1_2,14745,2016_1_2,21265,CLONE,2026-07-05 18:26:34,"```json
{
  ""answer"": ""YES-SIMILAR"",
  ""explanation"": ""Both code snippets are designed to solve the same problem: finding the soldiers that appear an odd number of times in a given input. They both read the input, process the data, and output the result. The specific steps and syntax are different, but the functionality is the same.""
}
```",174
2016_1_2,21265,2016_1_2,26561,CLONE,2026-07-05 18:26:35,"```json
{
  ""answer"": ""YES-SIMILAR"",
  ""explanation"": ""Both code snippets are designed to solve a problem related to counting the occurrences of soldiers in a grid and identifying those that appear an odd number of times. The PHP code snippet processes input from a file, reads the number of cases, and then for each case, it processes the input to count the occurrences of soldiers. It then identifies the soldiers that appear an odd number of times and prints them. The Java code snippet does the same thing, but it uses a class structure and methods to achieve the same result. Both snippets are functionally",175
2016_1_2,21848,2016_1_2,26565,CLONE,2026-07-05 18:26:36,"```json
{
  ""answer"": ""YES-SIMILAR"",
  ""explanation"": ""Both code snippets are designed to solve the same problem: identifying the row(s) with an odd number of occurrences of a given number in a 2D grid and outputting the row(s) with odd occurrences in ascending order. The input is read from a file in the first snippet and from standard input in the second snippet. The solution involves counting the occurrences of each number in the grid, identifying the rows with odd occurrences, sorting these rows, and then outputting the sorted rows. The logic and structure of both snippets are essentially",176
2016_1_2,26565,2016_1_2,7956,CLONE,2026-07-05 18:26:36,"```json
{
  ""answer"": ""YES-SIMILAR"",
  ""explanation"": ""Both code snippets are designed to solve the same problem, which is to find the odd-occurring numbers in a given set of columns and print them in sorted order. The input is a series of columns, and the output is the odd-occurring numbers for each case. The C++ code snippet uses a map to count occurrences of numbers, while the Python code snippet uses a dictionary. Both snippets then filter out the odd-occurring numbers and sort them before printing. The overall functionality is the same, despite differences in syntax",177
2016_1_2,7956,2016_1_2,19133,CLONE,2026-07-05 18:26:37,"```json
{
  ""answer"": ""YES-SIMILAR"",
  ""explanation"": ""Both code snippets are designed to solve the same problem: finding the odd numbers in a given set of columns and outputting them sorted. The input is read from standard input, and the output is written to standard output and a file. The logic for counting the numbers and filtering out the odd ones is similar in both snippets, although the implementation details differ. The PHP snippet uses a different approach to handle the input and output, but the core functionality is the same.""
}
```",178
2016_1_2,19133,2016_1_2,21848,CLONE,2026-07-05 18:26:38,"```json
{
  ""answer"": ""YES-SIMILAR"",
  ""explanation"": ""Both code snippets are designed to solve the same problem, which is to find the missing row in a given set of heights. They both read input from a file, process the data to determine the missing row, and then output the result. The implementation details are different, but the overall functionality is the same.""
}
```",179
2016_2_1,201276,2016_2_1,194349,CLONE,2026-07-05 18:26:39,"```json
{
  ""answer"": ""YES-SIMILAR"",
  ""explanation"": ""Both code snippets are designed to solve the same problem, which is to count the occurrences of each digit (0-9) in a given string and output the digits in ascending order based on their counts. The Java code uses a more complex approach with BufferedReader and BufferedWriter, while the C++ code uses a simpler approach with cin and cout. However, both implementations achieve the same result by counting the occurrences of each digit and then outputting the digits in ascending order. The logic and the final output are the same in both snippets, despite",180
2016_2_1,194349,2016_2_1,185295,CLONE,2026-07-05 18:26:40,"```json
{
  ""answer"": ""YES-SIMILAR"",
  ""explanation"": ""Both code snippets are designed to solve the same problem, which is to determine the numerical representation of a given string of letters based on the unique letters associated with each digit from 0 to 9. The logic and steps taken in both snippets are functionally equivalent, despite differences in syntax and structure. Both snippets use a dictionary or array to count the occurrences of letters and then deduce the numerical representation by eliminating letters associated with known digits. The final output is the numerical representation of the input string.""
}
```",181
2016_2_1,185295,2016_2_1,198100,CLONE,2026-07-05 18:26:41,"```json
{
  ""answer"": ""YES-SIMILAR"",
  ""explanation"": ""Both code snippets are designed to solve the same problem, which is to determine the number of each digit in a given string and output the digits in ascending order. The logic and steps taken to achieve this are essentially the same, despite the use of different programming languages (Python and PHP). Both snippets use a dictionary (Python) or an associative array (PHP) to count the occurrences of each digit and then use a series of conditional statements to determine the number of each digit. The final output is the same in both snippets, which is",182
2016_2_1,198100,2016_2_1,201276,CLONE,2026-07-05 18:26:42,"```json
{
  ""answer"": ""YES-SIMILAR"",
  ""explanation"": ""Both code snippets are designed to solve the Fractiles problem (D) in Google Code Jam 2016. They both read an input file, process each test case, and write the output to a file. The PHP code snippet is in PHP, while the Java code snippet is in Java. The logic for processing the input and generating the output is similar in both snippets, although the implementation details differ. Both snippets use a similar approach to count the occurrences of each digit and then order them to form the final result.""
",183
2016_2_1,180026,2016_2_1,186531,CLONE,2026-07-05 18:26:43,"```json
{
  ""answer"": ""YES-SIMILAR"",
  ""explanation"": ""Both code snippets are designed to solve the same problem: determining the number of occurrences of each digit in a given string, where the string contains only the letters corresponding to the digits (e.g., 'O' for '0', 'Z' for '2', etc.). The logic in both snippets is functionally equivalent, despite differences in syntax and structure. Both snippets use a similar approach to count the occurrences of each letter and then map those counts to the corresponding digits. The final output for each test case is also the same,",184
2016_2_1,186531,2016_2_1,196651,CLONE,2026-07-05 18:26:44,"```json
{
  ""answer"": ""DONT-KNOW"",
  ""explanation"": ""The provided code snippets are in different programming languages (C++ and Python) and have different functionalities. The C++ code snippet appears to be a solution for a problem that involves counting the occurrences of letters in a string and then printing the corresponding digits. The Python code snippet appears to be a framework for solving multiple test cases, where each case is processed by a function `solve_case`. The two snippets are not functionally similar as they are designed to solve different problems and are written in different languages.""
}
```",185
2016_2_1,196651,2016_2_1,193717,CLONE,2026-07-05 18:26:45,"```json
{
  ""answer"": ""NO-NOT-SIMILAR"",
  ""explanation"": ""The two code snippets are not functionally similar. The first code snippet is in Python and appears to be a function that reads input, processes it, and writes output. The second code snippet is in PHP and appears to be a function that reads input, processes it to determine the frequency of each letter in the alphabet, and then outputs the digits in ascending order based on the frequency of each letter.""
}
```",186
2016_2_1,193717,2016_2_1,180026,CLONE,2026-07-05 18:26:45,"```json
{
  ""answer"": ""YES-SIMILAR"",
  ""explanation"": ""Both code snippets are designed to solve the same problem: determining the number of occurrences of each digit in a given string. They both use a similar approach to count the occurrences of letters that correspond to digits and then reconstruct the string based on these counts. The logic and the steps taken in both snippets are functionally equivalent, despite differences in syntax and structure.""
}
```",187
2016_2_1,193929,2016_2_1,179503,CLONE,2026-07-05 18:26:46,"```json
{
  ""answer"": ""YES-SIMILAR"",
  ""explanation"": ""Both code snippets are designed to solve the same problem, which is to determine the frequency of each digit in a given string and then output the digits in ascending order based on their frequency. The logic and steps taken in both snippets are essentially the same, with minor differences in syntax and structure. Both snippets use arrays to count the occurrences of each letter in the alphabet and then use these counts to determine the frequency of each digit. The final output is the same in both snippets, with the digits printed in ascending order based on their frequency.""
",188
2016_2_1,179503,2016_2_1,182378,CLONE,2026-07-05 18:26:47,"```json
{
  ""answer"": ""YES-SIMILAR"",
  ""explanation"": ""Both code snippets appear to be solving the same problem, which is to determine the number of each digit from 0 to 9 in a given string. They both use a series of string replacements to identify and count the occurrences of specific letters that correspond to digits. The logic and the steps taken in both snippets are functionally equivalent, despite the differences in syntax and structure.""
}
```",189
2016_2_1,182378,2016_2_1,200006,CLONE,2026-07-05 18:26:48,"```json
{
  ""answer"": ""YES-SIMILAR"",
  ""explanation"": ""Both code snippets are designed to solve the same problem, which is to count the occurrences of the digits 0-9 in a given string and output the result in a specific format. They both use a similar approach to identify and count the occurrences of each letter that corresponds to a digit (e.g., 'Z' for 0, 'W' for 2, etc.). The logic and the steps taken to achieve the result are essentially the same, despite the differences in syntax and structure between Python and PHP.""
}
```",190
2016_2_1,200006,2016_2_1,193929,CLONE,2026-07-05 18:26:49,"```json
{
  ""answer"": ""YES-SIMILAR"",
  ""explanation"": ""Both code snippets are designed to solve the same problem, which is to determine the number of occurrences of each digit (0-9) in a given string based on the letters that make up those digits. The logic in both snippets is functionally equivalent, despite differences in syntax and structure. Both snippets use a similar approach to count the occurrences of letters that correspond to digits and then use this information to determine the number of each digit in the input string.""
}
```",191
2013_0_1,103399,2015_0_2,96440,NON-CLONE,2026-07-05 18:26:50,"```json
{
  ""answer"": ""NO-NOT-SIMILAR"",
  ""explanation"": ""The two code snippets are not functionally similar. The first code snippet appears to be a solution for a game of Tic-Tac-Toe, while the second code snippet appears to be a solution for a problem involving finding the minimum number of operations to reduce an array of integers to a single value. The tasks and the logic used in each code snippet are different.""
}
```",192
2013_0_1,49244,2016_2_1,186531,NON-CLONE,2026-07-05 18:26:51,"```json
{
  ""answer"": ""NO-NOT-SIMILAR"",
  ""explanation"": ""The two code snippets are not functionally similar. The first code snippet is a Java program that simulates a game and determines the winner based on a 4x4 board. The second code snippet is a C++ program that appears to be related to counting occurrences of letters in a string and printing them in a specific format. The tasks and logic in both snippets are completely different.""
}
```",193
2013_0_1,126886,2016_0_4,45917,NON-CLONE,2026-07-05 18:26:52,"```json
{
  ""answer"": ""NO-NOT-SIMILAR"",
  ""explanation"": ""The two code snippets are not functionally similar. The first code snippet is in Java and is designed to solve a problem related to Tic Tac Toe with a twist involving the letter 'T'. The second code snippet is in C++ and appears to be unrelated to the first snippet, as it seems to be solving a different problem involving a sequence of numbers and a target value 's'. The structure, syntax, and logic of the two snippets are entirely different, and they are not designed to perform the same task.""
}
```",194
2013_0_1,99825,2016_1_2,23627,NON-CLONE,2026-07-05 18:26:53,"```json
{
  ""answer"": ""NO-NOT-SIMILAR"",
  ""explanation"": ""The two code snippets are not functionally similar. The first code snippet is a C++ program that reads a game board from a file and determines the winner based on the game rules. The second code snippet is a Java program that reads a series of integers from a file and finds the numbers that appear an odd number of times. These two programs are not related and perform different tasks.""
}
```",195
2013_0_1,98087,2014_3_1,135560,NON-CLONE,2026-07-05 18:26:54,"```json
{
  ""answer"": ""NO-NOT-SIMILAR"",
  ""explanation"": ""The two code snippets are not functionally similar. The first code snippet is a C++ program that reads a series of 4x4 grids representing a game board with 'X', 'O', and '.' characters, and determines the winner of the game based on the presence of 'X' or 'O' in rows, columns, or diagonals. The second code snippet is a Java program that reads a series of numbers and calculates the number of ways to reach a target number using a specific operation. The two programs",196
2013_0_1,72071,2015_0_3,103774,NON-CLONE,2026-07-05 18:26:55,"```json
{
  ""answer"": ""NO-NOT-SIMILAR"",
  ""explanation"": ""The two code snippets are not functionally similar. The first code snippet is a C++ program that solves a problem related to a 4x4 grid with symbols 'X', 'O', and 'T', and determines the winner or if the game is not completed. The second code snippet is a Python program that appears to be unrelated to the first one and does not solve the same problem or perform the same task.""
}
```",197
2013_0_1,125888,2014_2_1,114208,NON-CLONE,2026-07-05 18:26:56,"```json
{
  ""answer"": ""NO-NOT-SIMILAR"",
  ""explanation"": ""The two code snippets are not functionally similar. The first code snippet is a Tic-Tac-Toe-Tomek game state analyzer written in Python, while the second code snippet appears to be a script for processing and analyzing strings, possibly for a game or a similar task, written in PHP. The functionalities and the logic implemented in these two code snippets are different.""
}
```",198
2013_0_1,91336,2015_0_3,42051,NON-CLONE,2026-07-05 18:26:56,"```json
{
  ""answer"": ""DONT-KNOW"",
  ""explanation"": ""The provided code snippets are in different programming languages (Python and Java) and do not appear to be related to each other. The first code snippet appears to be a game of Tic-Tac-Toe with a function to determine the game status, while the second code snippet appears to be a solution for a problem involving quaternion multiplication. There is no clear indication of functional similarity between the two code snippets.""
}
```",199
2013_0_1,70537,2015_0_3,49764,NON-CLONE,2026-07-05 18:26:58,"```json
{
  ""answer"": ""NO-NOT-SIMILAR"",
  ""explanation"": ""The two code snippets are not functionally similar. The first code snippet is a Python script that analyzes a tic-tac-toe board to determine the winner or if the game is a draw. The second code snippet is a C++ program that appears to be related to a mathematical problem involving complex numbers and their powers, but it is not clear how it is related to the first code snippet or if it is intended to perform a similar task. Therefore, the two code snippets are not functionally similar.""
}
```",200
2013_0_1,84842,2016_1_1,28201,NON-CLONE,2026-07-05 18:26:58,"```json
{
  ""answer"": ""NO-NOT-SIMILAR"",
  ""explanation"": ""The two code snippets are not functionally similar. The first snippet is a PHP script that reads a file containing test cases for a game involving the letters 'O', 'X', and '.', and determines the outcome of the game. The second snippet is a Java class that reads a file containing test cases, sorts the characters in each line, and writes the sorted lines to an output file. The tasks performed by the two snippets are different, and they do not achieve the same result.""
}
```",201
2013_0_1,102913,2016_0_4,135114,NON-CLONE,2026-07-05 18:26:59,"```json
{
  ""answer"": ""NO-NOT-SIMILAR"",
  ""explanation"": ""The two code snippets are not functionally similar. The first code snippet is a PHP script that reads a file, processes the contents to determine the outcome of a game, and writes the results to another file. The second code snippet is a C++ program that reads input from the standard input, processes the data to determine if a given condition is met, and writes the result to the standard output. The tasks and the logic implemented in the two snippets are different.""
}
```",202
2013_0_1,127485,2016_0_1,100898,NON-CLONE,2026-07-05 18:27:00,"```json
{
  ""answer"": ""NO-NOT-SIMILAR"",
  ""explanation"": ""The two code snippets are not functionally similar. The first code snippet is a PHP script that reads a file, processes a board of tic-tac-toe moves, and determines the winner or if the game is a draw. The second code snippet is a Java program that reads input, simulates counting sheep, and determines if all numbers from 0 to 9 have been seen. The tasks and operations performed by the two code snippets are completely different.""
}
```",203
2013_0_2,95524,2015_0_2,38840,NON-CLONE,2026-07-05 18:27:01,"```json
{
  ""answer"": ""NO-NOT-SIMILAR"",
  ""explanation"": ""The two code snippets are not functionally similar. The first code snippet is a Java program that reads a grid of integers and checks if it is possible to cut the grid into two parts such that each part is sorted in ascending order. The second code snippet is a C++ program that reads a sequence of integers and calculates the minimum number of operations required to make the sequence sorted in ascending order. The two programs are solving different problems and are not functionally similar.""
}
```",204
2013_0_2,44471,2014_2_1,114208,NON-CLONE,2026-07-05 18:27:02,"```json
{
  ""answer"": ""NO-NOT-SIMILAR"",
  ""explanation"": ""The two code snippets are not functionally similar. The Java code snippet is designed to read input from a file, process it, and output the result. The PHP code snippet is designed to read input from standard input, process it, and output the result. The two code snippets are written in different languages and have different structures, making it clear that they are not functionally similar.""
}
```",205
2013_0_2,55421,2016_2_1,196651,NON-CLONE,2026-07-05 18:27:03,"```json
{
  ""answer"": ""NO-NOT-SIMILAR"",
  ""explanation"": ""The two code snippets are not functionally similar. The Java code snippet is a complete program that reads input from a file, processes it, and writes the output to another file. The Python code snippet is a function that takes a list of inputs, processes each input, and returns a list of outputs. The Java code snippet is a complete program that reads input from a file, processes it, and writes the output to another file. The Python code snippet is a function that takes a list of inputs, processes each input,",206
2013_0_2,83774,2016_2_1,201276,NON-CLONE,2026-07-05 18:27:04,"```json
{
  ""answer"": ""NO-NOT-SIMILAR"",
  ""explanation"": ""The two code snippets are not functionally similar. The first code snippet is a C++ program that reads a matrix of integers and checks if each element is the smallest in its row and column. The second code snippet is a Java program that reads a string and attempts to identify the number represented by the string using a series of character replacements and frequency counts. These two programs are performing different tasks and are not functionally similar.""
}
```",207
2013_0_2,140779,2013_1_1,30519,NON-CLONE,2026-07-05 18:27:04,"```json
{
  ""answer"": ""NO-NOT-SIMILAR"",
  ""explanation"": ""The two code snippets are not functionally similar. The first code snippet is in C++ and checks if a given grid of numbers is valid based on the maximum values in rows and columns. The second code snippet is in Python and appears to be related to calculating the number of circles that can fit within a given radius and time, but the logic is not clear without more context. The two snippets do not perform the same task and are not functionally similar.""
}
```",208
2013_0_2,91409,2013_0_3,102207,NON-CLONE,2026-07-05 18:27:05,"```json
{
  ""answer"": ""NO-NOT-SIMILAR"",
  ""explanation"": ""The two code snippets are not functionally similar. The C++ code snippet is designed to read input from a file, process it, and write the output to another file. The Python code snippet is designed to find the number of perfect square numbers within a given range and write the result to a file. The tasks and the steps taken to achieve these tasks are different.""
}
```",209
2013_0_2,78034,2014_2_1,129296,NON-CLONE,2026-07-05 18:27:06,"```json
{
  ""answer"": ""NO-NOT-SIMILAR"",
  ""explanation"": ""The two code snippets are not functionally similar. The first code snippet is a Python script that solves a problem related to a lawn and checks if it is possible to cut it in a certain way. The second code snippet is a Java program that also solves a problem related to a lawn and checks if it is possible to cut it in a certain way. However, the specific steps and logic used in each code snippet are different. The Python code snippet uses a simple comparison to determine if the lawn can be cut, while the",210
2013_0_2,122219,2014_3_1,138308,NON-CLONE,2026-07-05 18:27:07,"```json
{
  ""answer"": ""NO-NOT-SIMILAR"",
  ""explanation"": ""The two code snippets are not functionally similar. The first code snippet is a Python script that reads a file, processes a board, and checks if each cell is the smallest in its row and column. The second code snippet is a C++ program that reads input, calculates the greatest common divisor (GCD), and checks if a number can be expressed as a power of 2. These tasks are different and the code snippets are not similar.""
}
```",211
2013_0_2,85165,2014_3_1,134611,NON-CLONE,2026-07-05 18:27:07,"```json
{
  ""answer"": ""DONT-KNOW"",
  ""explanation"": ""The provided code snippets are in different programming languages (Python and C++) and do not appear to be related to each other. The Python code snippet appears to be related to a lawn care problem, while the C++ code snippet appears to be related to a problem involving prime factorization and solving equations. Therefore, it is not clear if they are functionally similar.""
}
```",212
2013_0_2,71957,2016_1_1,15819,NON-CLONE,2026-07-05 18:27:08,"```json
{
  ""answer"": ""NO-NOT-SIMILAR"",
  ""explanation"": ""The two code snippets are not functionally similar. The first code snippet is a PHP script that reads a file, processes a 2D array, and checks if there is any element that is not the maximum in its row and column. The second code snippet is a Java program that reads a file, processes a string, and constructs a ""last word"" by inserting each character in the correct order. The tasks and operations performed by the two snippets are different.""
}
```",213
2013_0_2,96711,2013_0_3,51164,NON-CLONE,2026-07-05 18:27:09,"```json
{
  ""answer"": ""NO-NOT-SIMILAR"",
  ""explanation"": ""The two code snippets are not functionally similar. The first code snippet is a PHP script that reads input from standard input, processes a lawn of numbers to determine if each number is the smallest in its row and column, and outputs whether each number is a valid case. The second code snippet is a Python script that generates fair squares (numbers that are palindromic in both their decimal and square representations) and counts how many of these fair squares fall within a given range, then writes the count to an output file.",214
2013_0_2,68303,2016_0_1,71388,NON-CLONE,2026-07-05 18:27:10,"```json
{
  ""answer"": ""NO-NOT-SIMILAR"",
  ""explanation"": ""The two code snippets are not functionally similar. The first code snippet is in PHP and reads input from a file, processes it to determine if a lawn can be watered, and outputs the result. The second code snippet is in Python and reads input from the user, generates a sequence of numbers until all digits from 0 to 9 are used, and outputs the result. The tasks and the logic implemented in the two snippets are different.""
}
```",215
2013_0_3,108834,2016_0_1,39027,NON-CLONE,2026-07-05 18:27:11,"```json
{
  ""answer"": ""NO-NOT-SIMILAR"",
  ""explanation"": ""The two code snippets are not functionally similar. The Java code snippet is a complete program that reads input from a file, processes it, and writes the output to another file. The PHP code snippet is also a complete program that reads input from a file, processes it, and writes the output to another file. However, the specific tasks they perform and the methods they use are different. The Java code snippet uses a class-based structure with methods for reading input, processing the input, and writing output. The PHP code snippet",216
2013_0_3,59317,2016_1_2,26565,NON-CLONE,2026-07-05 18:27:12,"```json
{
  ""answer"": ""DONT-KNOW"",
  ""explanation"": ""The provided code snippets are in different programming languages (Java and C++) and do not appear to perform the same task. The Java code snippet appears to be calculating a specific mathematical result based on a given input, while the C++ code snippet appears to be solving a problem related to finding odd occurrences of numbers in a given input. Therefore, the two code snippets are not functionally similar.""
}
```",217
2013_0_3,74156,2015_0_3,49764,NON-CLONE,2026-07-05 18:27:13,"```json
{
  ""answer"": ""NO-NOT-SIMILAR"",
  ""explanation"": ""The two code snippets are not functionally similar. The first code snippet is in Java and is designed to count the number of fair square palindromes within a given range. The second code snippet is in C++ and appears to be related to a problem involving complex numbers and their powers, but it is not clear how it relates to the first code snippet. Therefore, the two code snippets are not functionally similar.""
}
```",218
2013_0_3,102625,2013_0_1,126886,NON-CLONE,2026-07-05 18:27:14,"```json
{
  ""answer"": ""NO-NOT-SIMILAR"",
  ""explanation"": ""The two code snippets are not functionally similar. The first code snippet is a C++ program that checks for palindromic numbers within a given range and prints the count of palindromic numbers. The second code snippet is a Java program that checks for a winning condition in a Tic Tac Toe game and prints the result of the game. The tasks and the logic implemented in the two code snippets are completely different.""
}
```",219
2013_0_3,81195,2014_2_1,131873,NON-CLONE,2026-07-05 18:27:15,"```json
{
  ""answer"": ""DONT-KNOW"",
  ""explanation"": ""The provided code snippets are in different programming languages (C++ and Java) and are not related to each other. The first code snippet is a C++ program that generates fair and square numbers, while the second code snippet is a Java program that processes input and outputs results. There is no similarity between these two code snippets.""
}
```",220
2013_0_3,53348,2015_0_3,72742,NON-CLONE,2026-07-05 18:27:16,"```json
{
  ""answer"": ""NO-NOT-SIMILAR"",
  ""explanation"": ""The two code snippets are not functionally similar. The first code snippet is a C++ program that reads a range of numbers and counts how many of them are palindromic numbers. The second code snippet is a Python program that reads a list of integers and checks if a given string is a legal quaternion string. The two code snippets are not similar in their functionality or purpose.""
}
```",221
2013_0_3,102207,2015_1_1,122934,NON-CLONE,2026-07-05 18:27:17,"```json
{
  ""answer"": ""NO-NOT-SIMILAR"",
  ""explanation"": ""The two code snippets are not functionally similar. The first code snippet is in Python and is designed to count the number of perfect squares within a given range and write the results to an output file. The second code snippet is in PHP and appears to be designed to calculate two different methods of counting based on input data, but it does not match the functionality of the Python code snippet.""
}
```",222
2013_0_3,51164,2014_2_1,129296,NON-CLONE,2026-07-05 18:27:17,"```json
{
  ""answer"": ""NO-NOT-SIMILAR"",
  ""explanation"": ""The two code snippets are not functionally similar. The first code snippet is designed to find and count palindromic numbers within a given range and write the count to an output file. The second code snippet is designed to calculate a specific value based on the input and output the result. They perform different tasks and are not similar.""
}
```",223
2013_0_3,70289,2015_0_4,63026,NON-CLONE,2026-07-05 18:27:18,"```json
{
  ""answer"": ""NO-NOT-SIMILAR"",
  ""explanation"": ""The two code snippets are not functionally similar. The first code snippet is a Python script that checks for palindromic numbers and counts the number of palindromic numbers within a given range that are also palindromic squares. The second code snippet is a C++ program that reads input from a file, processes the input to determine if a given number is a ""Gabriel"" or ""Richard"" number, and writes the result to an output file. The tasks and the logic implemented in the two code",224
2013_0_3,89287,2016_1_1,15421,NON-CLONE,2026-07-05 18:27:19,"```json
{
  ""answer"": ""NO-NOT-SIMILAR"",
  ""explanation"": ""The two code snippets are not functionally similar. The first code snippet is a PHP script that solves a problem related to finding the number of palindromic squares within a given range. The second code snippet is a C++ program that reads a string and outputs the lexicographically smallest permutation of the string. These two tasks are different and the code snippets are not similar.""
}
```",225
2013_0_3,92037,2014_3_1,134611,NON-CLONE,2026-07-05 18:27:20,"```json
{
  ""answer"": ""NO-NOT-SIMILAR"",
  ""explanation"": ""The two code snippets are not functionally similar. The first code snippet is a PHP script that calculates the number of squares within a given range that are also palindromes and then counts how many numbers in a given range are within those squares. The second code snippet is a C++ program that solves a problem related to finding the number of generations of a process that can be represented as a power of 2. The two code snippets are not related in functionality.""
}
```",226
2013_0_3,132829,2016_1_1,14703,NON-CLONE,2026-07-05 18:27:20,"```json
{
  ""answer"": ""NO-NOT-SIMILAR"",
  ""explanation"": ""The two code snippets are not functionally similar. The first code snippet is a PHP script that reads a list of squares from a file and calculates the number of squares between two given numbers. The second code snippet is a Python script that reads a string and rearranges the characters to form the lexicographically largest string. They are not related in functionality.""
}
```",227
2013_1_1,42047,2013_0_1,99825,NON-CLONE,2026-07-05 18:27:21,"```json
{
  ""answer"": ""NO-NOT-SIMILAR"",
  ""explanation"": ""The two code snippets are not functionally similar. The first code snippet is a Java program that appears to be solving a computational problem, likely related to number theory or a similar mathematical task. The second code snippet is a C++ program that appears to be simulating a game of Tic-Tac-Toe and determining the winner based on the board configuration. The tasks and the logic implemented in each code snippet are completely different.""
}
```",228
2013_1_1,30835,2015_0_3,103774,NON-CLONE,2026-07-05 18:27:22,"```json
{
  ""answer"": ""NO-NOT-SIMILAR"",
  ""explanation"": ""The two code snippets are not functionally similar. The first snippet is a Java program that solves a problem related to calculating a value based on input parameters. The second snippet is a Python program that appears to be unrelated to the first one, as it contains functions and logic that are not present in the first snippet.""
}
```",229
2013_1_1,32414,2016_2_1,179503,NON-CLONE,2026-07-05 18:27:23,"```json
{
  ""answer"": ""NO-NOT-SIMILAR"",
  ""explanation"": ""The two code snippets are not functionally similar. The first code snippet is a Java program that appears to be solving a problem related to quadratic equations and file I/O operations. The second code snippet is a C++ program that appears to be generating a sequence of numbers based on the frequency of characters in a given string. The tasks and the logic implemented in the two snippets are different and unrelated.""
}
```",230
2013_1_1,28766,2015_0_1,47939,NON-CLONE,2026-07-05 18:27:23,"```json
{
  ""answer"": ""NO-NOT-SIMILAR"",
  ""explanation"": ""The two code snippets are not functionally similar. The first code snippet is a C++ program that reads input, processes it using a binary search algorithm, and outputs the result. The second code snippet is a Java program that reads input, processes it using a different algorithm involving a list and two counters, and outputs the result. The tasks and the methods used to achieve the tasks are different.""
}
```",231
2013_1_1,30228,2016_2_1,185295,NON-CLONE,2026-07-05 18:27:24,"```json
{
  ""answer"": ""NO-NOT-SIMILAR"",
  ""explanation"": ""The two code snippets are not functionally similar. The first code snippet is a C++ program that reads input from a file, processes it using binary search to find a specific value, and then writes the result to an output file. The second code snippet is a Python program that reads input from a file, processes it using a dictionary to count the occurrences of letters and then constructs a string representing the numbers in a specific order, and writes the result to an output file. The tasks and the methods used to achieve these tasks",232
2013_1_1,30618,2014_2_1,115757,NON-CLONE,2026-07-05 18:27:25,"```json
{
  ""answer"": ""NO-NOT-SIMILAR"",
  ""explanation"": ""The two code snippets are not functionally similar. The first code snippet is a C++ program that solves a problem using binary search to find a root of a quadratic equation. The second code snippet is a Java program that appears to be unrelated to the first one and does not solve the same problem. The second code snippet seems to be implementing a run-length encoding (RLE) algorithm and checking if a given string is valid according to the RLE encoding rules.""
}
```",233
2013_1_1,37029,2015_0_4,86932,NON-CLONE,2026-07-05 18:27:26,"```json
{
  ""answer"": ""NO-NOT-SIMILAR"",
  ""explanation"": ""The two code snippets are not functionally similar. The first code snippet is a Python script that reads input from a file, calculates the number of rings needed to cover a given area with paint, and writes the result to an output file. The second code snippet is a C++ program that reads input from a file, checks if a given number is greater than or equal to 7, and writes the result to an output file. The two code snippets are not similar as they perform different tasks and are written in different programming",234
2013_1_1,32497,2016_2_1,194349,NON-CLONE,2026-07-05 18:27:27,"```json
{
  ""answer"": ""NO-NOT-SIMILAR"",
  ""explanation"": ""The two code snippets are not functionally similar. The first code snippet appears to be a program that calculates the number of rings based on certain parameters, while the second code snippet appears to be a program that solves a number of letter-based puzzles (like the one where you need to determine the number of each letter in a given string). They are both written in different programming languages (Python and C++), and they perform different tasks.""
}
```",235
2013_1_1,30519,2015_0_1,65110,NON-CLONE,2026-07-05 18:27:27,"```json
{
  ""answer"": ""NO-NOT-SIMILAR"",
  ""explanation"": ""The two code snippets are not functionally similar. The first code snippet is a Python script that calculates the number of circles that can be formed with a given radius and total length, and then uses binary search to find the last circle that can be formed. The second code snippet is a C++ program that reads input from a file, processes the input to calculate a value, and then writes the result to an output file. The two code snippets are not similar in their functionality or purpose.""
}
```",236
2013_1_1,34507,2014_3_1,138308,NON-CLONE,2026-07-05 18:27:28,"```json
{
  ""answer"": ""NO-NOT-SIMILAR"",
  ""explanation"": ""The two code snippets are not functionally similar. The first code snippet is a PHP script that processes a file containing test cases and calculates a result based on the input values. The second code snippet is a C++ program that calculates the greatest common divisor (GCD) of two numbers and then determines the number of times a power of 2 can fit into a given number. The two snippets perform different tasks and are not functionally similar.""
}
```",237
2013_1_1,39026,2016_0_1,143909,NON-CLONE,2026-07-05 18:27:29,"```json
{
  ""answer"": ""NO-NOT-SIMILAR"",
  ""explanation"": ""The two code snippets are not functionally similar. The first code snippet is a PHP script that reads input from a file, processes the data to calculate a result based on the input values, and outputs the results. The second code snippet is a C++ program that reads input from the standard input, processes the data to find the smallest number that can be expressed as the sum of distinct powers of 2, and outputs the results. The tasks and the logic used in both snippets are different, so they are not functionally",238
2013_1_1,31779,2014_3_1,132142,NON-CLONE,2026-07-05 18:27:30,"```json
{
  ""answer"": ""NO-NOT-SIMILAR"",
  ""explanation"": ""The two code snippets are not functionally similar. The first code snippet is in PHP and is designed to solve a problem by finding the smallest integer that satisfies a certain condition. The second code snippet is in C++ and is designed to solve a problem by finding the smallest power of 2 that is greater than or equal to a given number. The two code snippets are not similar as they are solving different problems and using different approaches.""
}
```",239
2014_2_1,115757,2013_0_1,99825,NON-CLONE,2026-07-05 18:27:31,"```json
{
  ""answer"": ""NO-NOT-SIMILAR"",
  ""explanation"": ""The two code snippets are not functionally similar. The first code snippet appears to be a solution for a problem involving run-length encoding (RLE) and string manipulation, while the second code snippet appears to be a solution for a problem involving a game board and game logic. The two snippets are written in different programming languages (Java and C++) and have different structures and logic, so they are not functionally similar.""
}
```",240
2014_2_1,129296,2015_1_1,122263,NON-CLONE,2026-07-05 18:27:31,"```json
{
  ""answer"": ""NO-NOT-SIMILAR"",
  ""explanation"": ""The two code snippets are not functionally similar. The Java code snippet is designed to solve a problem related to tokenizing and calculating the median of counts in a series of strings. The C++ code snippet, on the other hand, appears to be designed to solve a different problem, possibly related to finding the minimum and maximum values in a series of integers. The Java code snippet uses a custom class `Token` and an array of `ArrayList` to store and manipulate the data, while the C++ code snippet uses a",241
2014_2_1,131873,2016_1_2,19133,NON-CLONE,2026-07-05 18:27:32,"```json
{
  ""answer"": ""NO-NOT-SIMILAR"",
  ""explanation"": ""The two code snippets are not functionally similar. The Java code snippet is designed to read input from a file, process the data to determine if a certain condition is met, and then write the result to an output file. The PHP code snippet is designed to read input from a file, process the data to find a list of unique elements, and then write the result to an output file. While both code snippets involve file input/output and processing of input data, the specific tasks and the way they are implemented are different.""
",242
2014_2_1,131278,2013_0_1,91336,NON-CLONE,2026-07-05 18:27:33,"```json
{
  ""answer"": ""NO-NOT-SIMILAR"",
  ""explanation"": ""The two code snippets are not functionally similar. The first code snippet is in C++ and appears to be solving a problem related to string processing and sorting. The second code snippet is in Python and appears to be solving a problem related to game status determination in a tic-tac-toe game. The tasks and logic in both snippets are fundamentally different.""
}
```",243
2014_2_1,119165,2013_1_1,30835,NON-CLONE,2026-07-05 18:27:34,"```json
{
  ""answer"": ""NO-NOT-SIMILAR"",
  ""explanation"": ""The two code snippets are not functionally similar. The first code snippet is a C++ program that processes a series of words and calculates the minimum number of cuts needed to make the counts of each character in the words equal. The second code snippet is a Java program that appears to be related to calculating the number of cuts needed for a bullseye pattern, but the logic and implementation are different from the C++ code.""
}
```",244
2014_2_1,118489,2016_0_1,100898,NON-CLONE,2026-07-05 18:27:35,"```json
{
  ""answer"": ""NO-NOT-SIMILAR"",
  ""explanation"": ""The two code snippets are not functionally similar. The first code snippet is a C++ program that appears to be solving a problem related to counting the number of unique digits in a sequence generated by a given number. The second code snippet is a Java program that appears to be solving a similar problem, but it is implemented differently and uses a different approach to solve the problem.""
}
```",245
2014_2_1,128920,2015_0_4,68310,NON-CLONE,2026-07-05 18:27:36,"```json
{
  ""answer"": ""NO-NOT-SIMILAR"",
  ""explanation"": ""The two code snippets are not functionally similar. The first code snippet is in Python and appears to be solving a problem related to string manipulation and calculation, while the second code snippet is in PHP and appears to be solving a problem related to game logic and output based on input parameters.""
}
```",246
2014_2_1,118416,2015_0_2,102321,NON-CLONE,2026-07-05 18:27:36,"```json
{
  ""answer"": ""NO-NOT-SIMILAR"",
  ""explanation"": ""The two code snippets are not functionally similar. The first code snippet is in Python and appears to be a solution for a computational problem, likely involving string manipulation and arithmetic operations. The second code snippet is in PHP and appears to be a solution for a different computational problem, likely involving array manipulation and arithmetic operations. The two snippets do not have the same functionality or solve the same problem.""
}
```",247
2014_2_1,121201,2013_0_2,91409,NON-CLONE,2026-07-05 18:27:37,"```json
{
  ""answer"": ""NO-NOT-SIMILAR"",
  ""explanation"": ""The two code snippets are not functionally similar. The first code snippet is a Python script that calculates the total distance between strings based on the repetition of characters. The second code snippet is a C++ program that checks if a lawn (represented as a 2D array) can be divided into two parts such that each part contains the same maximum value in either row or column. These tasks are different and the code snippets are not similar.""
}
```",248
2014_2_1,118754,2015_0_2,81081,NON-CLONE,2026-07-05 18:27:38,"```json
{
  ""answer"": ""YES-SIMILAR"",
  ""explanation"": ""Both code snippets are designed to solve the same problem, which is to determine the minimum number of moves required to make all strings in a given list the same. They both read input from a file, process the data, and output the result. The PHP code snippet is in PHP, while the Python code snippet is in Python. The logic and structure of both snippets are similar, with both using loops, conditionals, and functions to achieve the same goal. Therefore, they are functionally similar.""
}
```",249
2014_2_1,116147,2013_0_3,74156,NON-CLONE,2026-07-05 18:27:39,"```json
{
  ""answer"": ""NO-NOT-SIMILAR"",
  ""explanation"": ""The two code snippets are not functionally similar. The first code snippet is in PHP and appears to be solving a problem related to string manipulation and comparison. The second code snippet is in Java and appears to be solving a problem related to palindrome detection and counting. The tasks and the logic used in the two snippets are different.""
}
```",250
2014_2_1,114208,2013_0_3,102625,NON-CLONE,2026-07-05 18:27:40,"```json
{
  ""answer"": ""NO-NOT-SIMILAR"",
  ""explanation"": ""The two code snippets are not functionally similar. The PHP code snippet appears to be processing a series of strings, applying some processing functions, and then calculating a distance value. The C++ code snippet, on the other hand, appears to be using a pre-defined array of numbers and calculating the number of numbers within a given range that are in the array. The tasks and the logic used in both snippets are different.""
}
```",251
2014_3_1,135560,2016_1_2,21265,NON-CLONE,2026-07-05 18:27:41,"```json
{
  ""answer"": ""NO-NOT-SIMILAR"",
  ""explanation"": ""The two code snippets are not functionally similar. The Java code snippet is designed to solve a problem related to counting the number of soldiers in a squad that have an odd number of occurrences, and it outputs the result for each case. The PHP code snippet is designed to solve a problem related to finding the missing soldiers in a squad, and it outputs the result for each case. The two code snippets are not similar in their functionality.""
}
```",252
2014_3_1,138333,2013_0_2,68303,NON-CLONE,2026-07-05 18:27:42,"```json
{
  ""answer"": ""NO-NOT-SIMILAR"",
  ""explanation"": ""The two code snippets are not functionally similar. The first code snippet is in Java and appears to be calculating the number of steps required to reduce a fraction to its simplest form. The second code snippet is in PHP and appears to be checking if a given lawn (represented as a 2D array) can be watered by either the maximum value in each column or the maximum value in each row. The tasks and the logic used in both snippets are different.""
}
```",253
2014_3_1,140281,2013_1_1,30519,NON-CLONE,2026-07-05 18:27:42,"```json
{
  ""answer"": ""NO-NOT-SIMILAR"",
  ""explanation"": ""The two code snippets are not functionally similar. The Java code snippet is designed to solve a problem related to finding the minimum number of operations to reduce a number to zero using a specific set of rules. The Python code snippet, on the other hand, appears to be related to calculating the number of circles that can be drawn within a given area with a specified radius and total area. The logic and operations performed in both snippets are different and do not achieve the same result.""
}
```",254
2014_3_1,138308,2013_1_1,30519,NON-CLONE,2026-07-05 18:27:43,"```json
{
  ""answer"": ""NO-NOT-SIMILAR"",
  ""explanation"": ""The two code snippets are not functionally similar. The first code snippet is in C++ and appears to be calculating the greatest common divisor (GCD) and then determining the number of circles that can fit within a given area. The second code snippet is in Python and appears to be calculating the number of circles that can fit within a given area using a binary search approach. While both snippets are related to circles and area, they are not functionally similar.""
}
```",255
2014_3_1,134611,2016_1_2,14745,NON-CLONE,2026-07-05 18:27:44,"```json
{
  ""answer"": ""NO-NOT-SIMILAR"",
  ""explanation"": ""The two code snippets are not functionally similar. The first code snippet is written in C++ and appears to be solving a problem related to finding the greatest common divisor (GCD) and determining the power of a number. The second code snippet is written in Python and appears to be solving a problem related to finding the odd numbers in a list and sorting them. The two code snippets are not related and do not perform the same task.""
}
```",256
2014_3_1,132142,2014_2_1,118754,NON-CLONE,2026-07-05 18:27:45,"{
  ""answer"": ""NO-NOT-SIMILAR"",
  ""explanation"": ""The two code snippets are not functionally similar. The first code snippet is written in C++ and is designed to solve a problem related to the greatest common divisor (GCD) and power of two, while the second code snippet is written in PHP and is designed to solve a problem related to string manipulation and counting. The two code snippets are not similar in their functionality or the tasks they are designed to perform.""
}",257
2014_3_1,139209,2015_0_3,49764,NON-CLONE,2026-07-05 18:27:46,"```json
{
  ""answer"": ""NO-NOT-SIMILAR"",
  ""explanation"": ""The two code snippets are not functionally similar. The first code snippet is a Python script that solves a problem related to finding the minimum number of operations to reduce a fraction to its simplest form. The second code snippet is a C++ program that appears to be related to a problem involving string manipulation and power calculations, but it is not clear what specific problem it is solving. The two code snippets are written in different languages and have different structures and logic, so they are not functionally similar.""
}
```",258
2014_3_1,139370,2016_1_1,15819,NON-CLONE,2026-07-05 18:27:46,"```json
{
  ""answer"": ""NO-NOT-SIMILAR"",
  ""explanation"": ""The two code snippets are not functionally similar. The first code snippet is solving a problem related to finding the minimum number of operations to reduce two numbers P and Q to 1, while the second code snippet is sorting a string in a specific order. The tasks and the logic used in both snippets are different.""
}
```",259
2014_3_1,143074,2015_0_2,91000,NON-CLONE,2026-07-05 18:27:47,"```json
{
  ""answer"": ""NO-NOT-SIMILAR"",
  ""explanation"": ""The two code snippets are not functionally similar. The first code snippet appears to be calculating the smallest number of operations to reduce a fraction to its simplest form, while the second code snippet appears to be solving a problem related to pancakes and their rotations. The operations and logic in both snippets are different and do not achieve the same result.""
}
```",260
2014_3_1,142092,2015_0_1,106809,NON-CLONE,2026-07-05 18:27:48,"```json
{
  ""answer"": ""NO-NOT-SIMILAR"",
  ""explanation"": ""The two code snippets are not functionally similar. The first code snippet is in PHP and appears to be calculating the number of Elveness points in a given input. The second code snippet is in Python and appears to be calculating the number of steps needed to reach a certain point in a given sequence. The two code snippets are not similar in their functionality.""
}
```",261
2014_3_1,134295,2015_0_4,94256,NON-CLONE,2026-07-05 18:27:48,"```json
{
  ""answer"": ""NO-NOT-SIMILAR"",
  ""explanation"": ""The two code snippets are not functionally similar. The first code snippet is a PHP script that calculates the least common multiple (LCM) of two numbers and checks if it can be represented as a power of 2. The second code snippet is a Python script that checks if a given number can be represented as a product of two numbers and if it can be represented as a power of 2. The two code snippets are not similar in their functionality.""
}
```",262
2014_3_1,132975,2016_0_4,135114,NON-CLONE,2026-07-05 18:27:49,"```json
{
  ""answer"": ""NO-NOT-SIMILAR"",
  ""explanation"": ""The two code snippets are not functionally similar. The first code snippet is a PHP script that reads input from standard input, processes the input to calculate a mathematical result, and outputs the result. The second code snippet is a C++ program that reads input from standard input, processes the input to calculate a different mathematical result, and outputs the result. The two code snippets are not similar because they perform different tasks and are written in different programming languages.""
}
```",263
2015_0_1,47939,2016_0_1,71388,NON-CLONE,2026-07-05 18:27:50,"```json
{
  ""answer"": ""NO-NOT-SIMILAR"",
  ""explanation"": ""The two code snippets are not functionally similar. The first code snippet is a Java program that solves a problem related to standing ovations, while the second code snippet is a Python program that finds the smallest number that contains all digits from 1 to 9 at least once when multiplied by a given number. The tasks and the logic implemented in the two snippets are different.""
}
```",264
2015_0_1,43660,2016_1_1,33316,NON-CLONE,2026-07-05 18:27:50,"```json
{
  ""answer"": ""NO-NOT-SIMILAR"",
  ""explanation"": ""The two code snippets are not functionally similar. The Java code snippet is designed to read input from the standard input and calculate a result based on the input string. The Python code snippet is designed to read input from a file, process the input string, and write the result to an output file. The two code snippets are not similar in their functionality or purpose.""
}
```",265
2015_0_1,100718,2016_2_1,198100,NON-CLONE,2026-07-05 18:27:51,"```json
{
  ""answer"": ""NO-NOT-SIMILAR"",
  ""explanation"": ""The two code snippets are not functionally similar. The first code snippet is written in Java and is designed to solve the StandingOvation problem, which involves calculating the minimum number of friends needed to ensure that no one feels shy. The second code snippet is written in PHP and is designed to solve the Fractiles problem, which involves determining the order of digits in a given string based on the frequency of each digit. The two problems are different and the code snippets are not similar.""
}
```",266
2015_0_1,44230,2016_1_1,18665,NON-CLONE,2026-07-05 18:27:52,"```json
{
  ""answer"": ""NO-NOT-SIMILAR"",
  ""explanation"": ""The two code snippets are not functionally similar. The first code snippet is in C++ and is designed to solve a problem related to counting the number of invitations based on a string of numbers. The second code snippet is in PHP and is designed to solve a problem related to rearranging a string of letters in a specific order. The tasks and the logic used in each snippet are different, and they are not designed to perform the same task.""
}
```",267
2015_0_1,64620,2013_1_1,37029,NON-CLONE,2026-07-05 18:27:53,"```json
{
  ""answer"": ""NO-NOT-SIMILAR"",
  ""explanation"": ""The two code snippets are not functionally similar. The first code snippet is a C++ program that reads a series of test cases, calculates the number of rings needed to cover a given area with a certain radius, and prints the result. The second code snippet is a Python program that reads a series of test cases, calculates the number of rings needed to cover a given area with a certain radius using different methods, and prints the result. The two code snippets are written in different programming languages and have different structures, but they",268
2015_0_1,65110,2015_0_3,42051,NON-CLONE,2026-07-05 18:27:54,"```json
{
  ""answer"": ""NO-NOT-SIMILAR"",
  ""explanation"": ""The two code snippets are not functionally similar. The first code snippet is written in C++ and appears to be solving a problem related to string manipulation and arithmetic operations. The second code snippet is also written in C++ and appears to be solving a problem related to quaternion multiplication and string manipulation. The two snippets are not similar in their functionality or the problems they are solving.""
}
```",269
2015_0_1,106809,2015_0_2,96440,NON-CLONE,2026-07-05 18:27:55,"```json
{
  ""answer"": ""NO-NOT-SIMILAR"",
  ""explanation"": ""The two code snippets are not functionally similar. The first snippet is in Python and appears to be solving a problem related to finding the minimum number of operations to reduce an array to a target value. The second snippet is in C++ and appears to be solving a different problem related to finding the minimum number of operations to reduce an array to a target value, but the implementation is significantly different.""
}
```",270
2015_0_1,86599,2013_0_2,96711,NON-CLONE,2026-07-05 18:27:55,"```json
{
  ""answer"": ""NO-NOT-SIMILAR"",
  ""explanation"": ""The two code snippets are not functionally similar. The first code snippet is written in Python and appears to be calculating the number of friends based on a series of data. The second code snippet is written in PHP and appears to be checking if a given lawn is sorted in a certain way. They are both solving different problems.""
}
```",271
2015_0_1,60803,2015_1_1,111866,NON-CLONE,2026-07-05 18:27:56,"```json
{
  ""answer"": ""YES-SIMILAR"",
  ""explanation"": ""Both code snippets appear to be solving the same problem, which is to find two values, ans1 and ans2, for each test case. ans1 is the maximum difference between consecutive elements in the input array, and ans2 is the maximum value that can be obtained by adding elements to the array in a way that maximizes the sum of the array elements. The Python code uses numpy for array operations, while the C++ code uses arrays and loops. The overall logic and the steps taken to solve the problem are similar in both",272
2015_0_1,25955,2013_0_1,72071,NON-CLONE,2026-07-05 18:27:57,"```json
{
  ""answer"": ""NO-NOT-SIMILAR"",
  ""explanation"": ""The two code snippets are not functionally similar. The first code snippet appears to be solving a problem related to a specific task, while the second code snippet is solving a different problem related to a different task. The first code snippet is written in PHP and the second is written in C++. They are both solving problems, but the specific problems they are solving are different.""
}
```",273
2015_0_1,28465,2015_0_2,88257,NON-CLONE,2026-07-05 18:27:57,"```json
{
  ""answer"": ""NO-NOT-SIMILAR"",
  ""explanation"": ""The two code snippets are not functionally similar. The PHP code snippet is designed to solve a problem related to calculating the minimum number of invitations needed for a standing event, while the C++ code snippet is designed to solve a problem related to finding the minimum number of divisions for a given set of numbers. The logic and the steps taken in both snippets are different and they are not solving the same problem.""
}
```",274
2015_0_1,96593,2015_0_2,40957,NON-CLONE,2026-07-05 18:27:58,"```json
{
  ""answer"": ""YES-SIMILAR"",
  ""explanation"": ""Both code snippets appear to solve the same problem, which is to determine the minimum number of friends needed to make all visitors stand up. The logic and steps taken in both snippets are essentially the same, despite differences in syntax and structure. Both snippets involve iterating through the input, calculating the total clapping and visitors, and adjusting the number of friends until all visitors are standing. The core functionality and the approach to solving the problem are identical.""
}
```",275
2015_0_2,91000,2013_0_1,98087,NON-CLONE,2026-07-05 18:27:59,"```json
{
  ""answer"": ""NO-NOT-SIMILAR"",
  ""explanation"": ""The two code snippets are not functionally similar. The first code snippet is a Java program that reads input from a file, processes the input to find the minimum number of operations required to sort an array of integers, and then writes the result to an output file. The second code snippet is a C++ program that reads input from the standard input, processes the input to determine the winner of a tic-tac-toe game, and then writes the result to the standard output. The two programs are performing different tasks and are",276
2015_0_2,21812,2013_0_3,102625,NON-CLONE,2026-07-05 18:28:00,"```json
{
  ""answer"": ""NO-NOT-SIMILAR"",
  ""explanation"": ""The two code snippets are not functionally similar. The first code snippet is a Java program that reads input from a file, processes an array of integers, and calculates the minimum number of days required to eat all pancakes. The second code snippet is a C++ program that also reads input from a file, processes an array of integers, and calculates the minimum number of days required to eat all pancakes. However, the second code snippet contains a hardcoded array of palindromic numbers and uses the `lower_bound` function to",277
2015_0_2,40957,2013_0_2,71957,NON-CLONE,2026-07-05 18:28:01,"```json
{
  ""answer"": ""NO-NOT-SIMILAR"",
  ""explanation"": ""The two code snippets are not functionally similar. The Java code snippet is designed to solve a problem by finding the minimum number of steps required to cover all elements in a 2D array, while the PHP code snippet is designed to check if it is possible to cover all elements in a 2D array with a given set of constraints. The Java code snippet uses a dynamic programming approach to solve the problem, while the PHP code snippet uses a brute force approach. The two code snippets are not similar.""
}
```",278
2015_0_2,96440,2015_0_1,86599,NON-CLONE,2026-07-05 18:28:02,"```json
{
  ""answer"": ""NO-NOT-SIMILAR"",
  ""explanation"": ""The two code snippets are not functionally similar. The C++ code snippet is designed to solve a problem related to finding the minimum number of operations to make all elements in a vector equal by dividing them by a divisor and adjusting the count accordingly. The Python code snippet, on the other hand, appears to be designed to solve a problem related to calculating the number of friends based on a string of data. The logic and operations performed in each code snippet are different and do not achieve the same result.""
}
```",279
2015_0_2,88257,2013_0_2,68303,NON-CLONE,2026-07-05 18:28:03,"```json
{
  ""answer"": ""NO-NOT-SIMILAR"",
  ""explanation"": ""The two code snippets are not functionally similar. The first code snippet is in C++ and appears to be solving a problem related to finding the minimum number of divisions required for a given set of numbers. The second code snippet is in PHP and appears to be solving a problem related to determining if a lawn can be watered by a given set of sprinklers. The two snippets are not similar in their functionality or the problems they are solving.""
}
```",280
2015_0_2,38840,2013_0_1,127485,NON-CLONE,2026-07-05 18:28:03,"```json
{
  ""answer"": ""DONT-KNOW"",
  ""explanation"": ""The provided code snippets are in different programming languages (C++ and PHP) and are not related to each other. Therefore, it is not possible to determine if they are functionally similar or not.""
}
```",281
2015_0_2,36519,2015_1_1,111086,NON-CLONE,2026-07-05 18:28:04,"```json
{
  ""answer"": ""YES-SIMILAR"",
  ""explanation"": ""Both code snippets appear to be solving the same problem, which is to calculate the total time required to sort a stack of pancakes by repeatedly flipping sub-stacks. The problem is described in the comments of both snippets. The main logic and the steps taken to solve the problem are similar in both snippets, despite differences in syntax and structure. Both snippets use a priority queue (in Python) and a min-heap (in C++) to manage the pancakes and calculate the total time. The logic for splitting a pile of pancakes and calculating the",282
2015_0_2,81081,2013_0_3,108834,NON-CLONE,2026-07-05 18:28:05,"```json
{
  ""answer"": ""NO-NOT-SIMILAR"",
  ""explanation"": ""The two code snippets are not functionally similar. The first code snippet is a Python script for solving a problem related to pancakes, while the second code snippet is a Java program for solving a problem related to palindromic numbers. The tasks and the methods used to solve these problems are different.""
}
```",283
2015_0_2,100159,2016_2_1,179503,NON-CLONE,2026-07-05 18:28:06,"```json
{
  ""answer"": ""NO-NOT-SIMILAR"",
  ""explanation"": ""The two code snippets are not functionally similar. The first code snippet appears to be solving a problem related to plates and their arrangement, while the second code snippet appears to be generating a sequence of numbers based on the frequency of certain letters in a string. The logic and purpose of the two code snippets are different.""
}
```",284
2015_0_2,103402,2015_0_1,106809,NON-CLONE,2026-07-05 18:28:07,"```json
{
  ""answer"": ""NO-NOT-SIMILAR"",
  ""explanation"": ""The two code snippets are not functionally similar. The first code snippet is written in PHP and processes a file to calculate the minimum minutes required for a given task, while the second code snippet is written in Python and also processes input to calculate the minimum minutes required for a given task. However, the logic and implementation details are different.""
}
```",285
2015_0_2,102321,2015_0_3,72742,NON-CLONE,2026-07-05 18:28:08,"```json
{
  ""answer"": ""NO-NOT-SIMILAR"",
  ""explanation"": ""The two code snippets are not functionally similar. The first code snippet is a PHP script that reads input from a file, processes it, and outputs the result. The second code snippet is a Python script that reads input from a file, processes it, and outputs the result. While both scripts are designed to solve a similar problem, they use different programming languages and have different structures. The PHP script uses the `fscanf` function to read input, while the Python script uses the `read_int` and `read_string",286
2015_0_2,55775,2016_1_2,14745,NON-CLONE,2026-07-05 18:28:08,"```json
{
  ""answer"": ""NO-NOT-SIMILAR"",
  ""explanation"": ""The two code snippets are not functionally similar. The first code snippet is a solution to the Google Code Jam Qualification Round 2015 problem 'Infinite House of Pancakes' in PHP. It calculates the minimum number of flips required to make all stacks of pancakes the same size. The second code snippet is a Python script that reads input from a file, processes it, and outputs the result. It does not appear to be related to the pancake flipping problem.""
}
```",287
2015_0_3,42051,2015_0_1,44230,NON-CLONE,2026-07-05 18:28:09,"```json
{
  ""answer"": ""NO-NOT-SIMILAR"",
  ""explanation"": ""The two code snippets are not functionally similar. The first code snippet is a Java program that solves a problem related to quaternion multiplication and string manipulation. The second code snippet is a C++ program that calculates the number of invitations based on a string of numbers. They are both solving problems, but the nature and the steps involved in solving the problems are different.""
}
```",288
2015_0_3,47513,2013_1_1,34507,NON-CLONE,2026-07-05 18:28:10,"```json
{
  ""answer"": ""NO-NOT-SIMILAR"",
  ""explanation"": ""The two code snippets are not functionally similar. The first code snippet is in Java and appears to be solving a problem related to string manipulation and character operations. The second code snippet is in PHP and appears to be solving a problem related to finding a specific value based on a mathematical function and recursion. The tasks and the logic used in each code snippet are different, and they are not functionally similar.""
}
```",289
2015_0_3,96608,2016_1_2,14745,NON-CLONE,2026-07-05 18:28:11,"```json
{
  ""answer"": ""NO-NOT-SIMILAR"",
  ""explanation"": ""The two code snippets are not functionally similar. The Java code snippet appears to be implementing a solution for a problem related to string multiplication and checking for specific conditions. The Python code snippet, on the other hand, appears to be implementing a solution for a problem related to counting and sorting elements in a list. The two code snippets are not similar in their functionality or purpose.""
}
```",290
2015_0_3,41900,2015_0_1,96593,NON-CLONE,2026-07-05 18:28:12,"```json
{
  ""answer"": ""NO-NOT-SIMILAR"",
  ""explanation"": ""The two code snippets are not functionally similar. The C++ code snippet is a solution to a problem involving a string of characters and operations on them, while the PHP code snippet appears to be a solution to a problem involving a list of visitors and their shyness levels. The operations and logic in the two code snippets are different and do not achieve the same result.""
}
```",291
2015_0_3,49764,2016_1_2,14745,NON-CLONE,2026-07-05 18:28:13,"```json
{
  ""answer"": ""DONT-KNOW"",
  ""explanation"": ""The provided code snippets are in different programming languages (C++ and Python) and do not appear to perform the same task. The C++ code snippet appears to be related to a mathematical problem involving complex numbers and their powers, while the Python code snippet appears to be related to counting the frequency of elements in a list and outputting the odd ones. Therefore, it is not clear if they are functionally similar.""
}
```",292
2015_0_3,23036,2016_0_4,142083,NON-CLONE,2026-07-05 18:28:14,"```json
{
  ""answer"": ""NO-NOT-SIMILAR"",
  ""explanation"": ""The two code snippets are not functionally similar. The C++ code snippet appears to be a solution for a problem involving modular arithmetic and string manipulation, while the Python code snippet seems to be a solution for a problem involving generating a sequence based on given parameters. The logic and operations performed in each snippet are different and do not achieve the same result.""
}
```",293
2015_0_3,103585,2014_3_1,138308,NON-CLONE,2026-07-05 18:28:14,"```json
{
  ""answer"": ""NO-NOT-SIMILAR"",
  ""explanation"": ""The two code snippets are not functionally similar. The first code snippet is a Python program that checks if a given string of codes can be rearranged to form a specific pattern based on the values in the multTable. The second code snippet is a C++ program that calculates the greatest common divisor (GCD) of two numbers and then determines if a certain pattern can be formed using powers of 2. The two programs are not related in terms of functionality.""
}
```",294
2015_0_3,103774,2013_0_3,89287,NON-CLONE,2026-07-05 18:28:15,"```json
{
  ""answer"": ""NO-NOT-SIMILAR"",
  ""explanation"": ""The two code snippets are not functionally similar. The first code snippet is in Python and appears to be related to a game or puzzle involving a specific set of rules and calculations. The second code snippet is in PHP and appears to be related to counting numbers that are both squares and palindromes within a given range. The tasks and the logic used in the two snippets are different and do not achieve the same result.""
}
```",295
2015_0_3,72742,2013_0_3,89287,NON-CLONE,2026-07-05 18:28:16,"```json
{
  ""answer"": ""NO-NOT-SIMILAR"",
  ""explanation"": ""The two code snippets are not functionally similar. The first code snippet is a Python program that reads input, processes it using quaternion operations, and writes output. The second code snippet is a PHP script that reads input, processes it to find the number of palindromic squares within a given range, and writes output. The tasks and operations performed by the two code snippets are different.""
}
```",296
2015_0_3,19800,2016_1_1,22113,NON-CLONE,2026-07-05 18:28:17,"```json
{
  ""answer"": ""NO-NOT-SIMILAR"",
  ""explanation"": ""The two code snippets are not functionally similar. The first code snippet is a PHP script that handles complex string multiplication and checks for specific patterns, while the second code snippet is a Java program that sorts a string alphabetically. They perform different tasks and are not related.""
}
```",297
2015_0_3,102323,2016_0_1,76319,NON-CLONE,2026-07-05 18:28:18,"```json
{
  ""answer"": ""NO-NOT-SIMILAR"",
  ""explanation"": ""The two code snippets are not functionally similar. The PHP code snippet appears to be processing a file with test cases and performing some operations based on the input values. The Java code snippet also appears to be processing a file with test cases, but it seems to be generating a sequence of numbers and checking for specific patterns. The operations and logic in the two snippets are different, so they are not functionally similar.""
}
```",298
2015_0_3,18309,2016_1_1,15819,NON-CLONE,2026-07-05 18:28:19,"```json
{
  ""answer"": ""NO-NOT-SIMILAR"",
  ""explanation"": ""The two code snippets are not functionally similar. The first code snippet is a PHP script that appears to be solving a problem related to string manipulation and arithmetic operations. The second code snippet is a Java program that reads input from a file, processes it, and writes output to a file. The two code snippets are written in different languages and perform different tasks, so they are not functionally similar.""
}
```",299
2015_0_4,86262,2016_0_4,80717,NON-CLONE,2026-07-05 18:28:19,"```json
{
  ""answer"": ""NO-NOT-SIMILAR"",
  ""explanation"": ""The two code snippets are not functionally similar. The Java code is designed to solve a problem related to generating output for test cases based on given parameters, while the PHP code is designed to process input files and generate answers for a similar problem. Although both snippets handle similar types of logic and output, they are implemented in different languages and use different data structures and methods. The Java code uses classes, methods, and file handling, while the PHP code uses functions, arrays, and file handling. Therefore, they are not function",300
2015_0_4,30398,2016_1_2,26565,NON-CLONE,2026-07-05 18:28:20,"```json
{
  ""answer"": ""NO-NOT-SIMILAR"",
  ""explanation"": ""The two code snippets are not functionally similar. The first code snippet is a Java program that determines the winner of a game based on the dimensions of a grid and a number x. The second code snippet is a C++ program that finds the numbers that appear an odd number of times in a 2D array. They are not related in functionality.""
}
```",301
2015_0_4,29877,2013_0_2,122219,NON-CLONE,2026-07-05 18:28:21,"```json
{
  ""answer"": ""NO-NOT-SIMILAR"",
  ""explanation"": ""The two code snippets are not functionally similar. The first code snippet is in Java and is designed to solve a problem related to game strategy, specifically determining if Richard can win a game based on the game parameters X, R, and C. The second code snippet is in Python and is designed to solve a different problem, which appears to be related to checking if a board is solvable based on the values in the board. The logic and the steps taken in each code snippet are different and do not achieve the same result",302
2015_0_4,63026,2013_0_3,92037,NON-CLONE,2026-07-05 18:28:22,"```json
{
  ""answer"": ""NO-NOT-SIMILAR"",
  ""explanation"": ""The two code snippets are not functionally similar. The first code snippet is in C++ and appears to be solving a problem related to string manipulation and arithmetic operations. The second code snippet is in PHP and appears to be solving a problem related to finding palindromic numbers and counting their occurrences within a given range. The tasks and the logic implemented in the two snippets are different.""
}
```",303
2015_0_4,86932,2013_0_2,71957,NON-CLONE,2026-07-05 18:28:23,"```json
{
  ""answer"": ""NO-NOT-SIMILAR"",
  ""explanation"": ""The two code snippets are not functionally similar. The first code snippet is in C++ and appears to be solving a problem related to determining if a given number X is greater than the minimum of R and C, and also checking if X is divisible by R*C, among other conditions. The second code snippet is in PHP and appears to be solving a problem related to finding the maximum value in each row and column of a matrix, and then checking if there is any element that is less than the maximum value in its respective",304
2015_0_4,60776,2016_0_4,158305,NON-CLONE,2026-07-05 18:28:23,"```json
{
  ""answer"": ""NO-NOT-SIMILAR"",
  ""explanation"": ""The two code snippets are not functionally similar. The first code snippet is in C++ and appears to be solving a problem related to determining if a given number of guesses is possible for a game involving a number of rows and columns. The second code snippet is in Python and appears to be solving a similar problem, but the logic and implementation are different. The second code snippet also includes functions for solving the problem in different cases, which is not present in the first code snippet.""
}
```",305
2015_0_4,57828,2015_1_1,111866,NON-CLONE,2026-07-05 18:28:24,"```json
{
  ""answer"": ""NO-NOT-SIMILAR"",
  ""explanation"": ""The two code snippets are not functionally similar. The first code snippet is a Python script that takes input, processes it, and prints the result. The second code snippet is a C++ program that reads input, processes it, and prints the result. While both snippets handle input and output, they perform different tasks and use different programming constructs. The Python script checks for specific conditions and returns a result based on those conditions, while the C++ program calculates two different values and prints them. Therefore, they are not functionally",306
2015_0_4,94256,2013_1_1,42047,NON-CLONE,2026-07-05 18:28:25,"```json
{
  ""answer"": ""NO-NOT-SIMILAR"",
  ""explanation"": ""The two code snippets are not functionally similar. The first code snippet is in Python and appears to be solving a problem related to determining if a given number can be represented as a sum of two squares. The second code snippet is in Java and appears to be solving a different problem related to finding a specific value in a sequence. The two snippets do not share the same functionality or solve the same problem.""
}
```",307
2015_0_4,74018,2015_0_2,91000,NON-CLONE,2026-07-05 18:28:26,"```json
{
  ""answer"": ""NO-NOT-SIMILAR"",
  ""explanation"": ""The two code snippets are not functionally similar. The first code snippet is a Python program that solves a problem based on given inputs X, R, and C. The second code snippet is a Java program that appears to be unrelated to the first one. The Java code snippet seems to be sorting and manipulating arrays, but it does not match the functionality of the Python code snippet.""
}
```",308
2015_0_4,68310,2014_3_1,134611,NON-CLONE,2026-07-05 18:28:26,"```json
{
  ""answer"": ""NO-NOT-SIMILAR"",
  ""explanation"": ""The two code snippets are not functionally similar. The first code snippet is a PHP script that processes a file containing problem statements and determines if a given omino size can fit into a grid. The second code snippet is a C++ program that solves a problem related to prime factorization and power calculations. They perform different tasks and are not functionally similar.""
}
```",309
2015_0_4,19708,2014_3_1,138308,NON-CLONE,2026-07-05 18:28:27,"```json
{
  ""answer"": ""NO-NOT-SIMILAR"",
  ""explanation"": ""The two code snippets are not functionally similar. The first code snippet is a PHP script that processes input data to determine if Richard or Gabriel will win based on certain conditions. The second code snippet is a C++ program that calculates the greatest common divisor (GCD) of two numbers and then determines if a certain number of operations can be performed to reduce the GCD to 1. The tasks and the logic implemented in the two code snippets are different.""
}
```",310
2015_0_4,78114,2016_1_1,3308,NON-CLONE,2026-07-05 18:28:28,"```json
{
  ""answer"": ""NO-NOT-SIMILAR"",
  ""explanation"": ""The two code snippets are not functionally similar. The first code snippet is a PHP script that reads input from STDIN, processes the input to determine the winner based on certain conditions, and prints the result. The second code snippet is a Python script that reads input from a file, processes the input to rearrange the letters in a specific way, and writes the result to an output file. The tasks and logic in the two snippets are different, so they are not functionally similar.""
}
```",311
2015_1_1,112276,2013_1_1,31779,NON-CLONE,2026-07-05 18:28:29,"```json
{
  ""answer"": ""NO-NOT-SIMILAR"",
  ""explanation"": ""The two code snippets are not functionally similar. The first snippet is in Java and appears to be reading input from a file, processing some data, and writing output to another file. The second snippet is in PHP and appears to be reading input from a file, processing some data, and writing output to the console. The tasks and the steps taken to accomplish those tasks are different.""
}
```",312
2015_1_1,118030,2016_1_1,15421,NON-CLONE,2026-07-05 18:28:29,"```json
{
  ""answer"": ""NO-NOT-SIMILAR"",
  ""explanation"": ""The two code snippets are not functionally similar. The first code snippet is a Java program that calculates the number of mushrooms eaten by a monster based on the given mushroom distribution. The second code snippet is a C++ program that rearranges a string of characters in a specific order. They perform different tasks and are not related.""
}
```",313
2015_1_1,112898,2014_3_1,134611,NON-CLONE,2026-07-05 18:28:30,"```json
{
  ""answer"": ""NO-NOT-SIMILAR"",
  ""explanation"": ""The two code snippets are not functionally similar. The first code snippet is a Java program that reads input from a file, calculates the minimum and maximum number of steps to eat food, and writes the result to an output file. The second code snippet is a C++ program that reads input from a file, solves a problem related to prime numbers and powers of two, and writes the result to an output file. The two code snippets perform different tasks and are not similar.""
}
```",314
2015_1_1,111086,2015_0_2,55775,NON-CLONE,2026-07-05 18:28:31,"```json
{
  ""answer"": ""NO-NOT-SIMILAR"",
  ""explanation"": ""The two code snippets are not functionally similar. The first code snippet is written in C++ and appears to be a solution for a problem related to reading input from a file and processing it to calculate two values, t1 and t2. The second code snippet is written in PHP and appears to be a solution for a problem related to reducing stacks and solving a case. The two snippets are not similar in their functionality or the tasks they are designed to perform.""
}
```",315
2015_1_1,122263,2016_1_2,26561,NON-CLONE,2026-07-05 18:28:32,"```json
{
  ""answer"": ""NO-NOT-SIMILAR"",
  ""explanation"": ""The two code snippets are not functionally similar. The first code snippet is a C++ program that reads input, solves a problem, and prints the output. The second code snippet is a Java program that reads input, solves a problem, and prints the output. While both programs are solving a similar problem, the specific steps and data structures used are different.""
}
```",316
2015_1_1,111866,2015_0_2,91000,NON-CLONE,2026-07-05 18:28:32,"```json
{
  ""answer"": ""NO-NOT-SIMILAR"",
  ""explanation"": ""The two code snippets are not functionally similar. The first code snippet is in C++ and appears to be solving a problem related to finding the maximum and minimum differences between consecutive elements in an array. The second code snippet is in Java and appears to be solving a problem related to finding the minimum number of operations required to make an array sorted. The tasks and the steps taken to achieve these tasks are different.""
}
```",317
2015_1_1,117734,2013_0_3,59317,NON-CLONE,2026-07-05 18:28:33,"```json
{
  ""answer"": ""NO-NOT-SIMILAR"",
  ""explanation"": ""The two code snippets are not functionally similar. The first code snippet is a solution to a Google Code Jam problem that calculates two values based on an array of integers. The second code snippet is a Java program that calculates the number of perfect squares within a given range. The tasks and the logic implemented in the two code snippets are different.""
}
```",318
2015_1_1,124602,2016_1_1,20829,NON-CLONE,2026-07-05 18:28:34,"```json
{
  ""answer"": ""NO-NOT-SIMILAR"",
  ""explanation"": ""The two code snippets are not functionally similar. The first code snippet is in Python and appears to be solving a problem related to calculating the maximum difference and sum of elements in an array. The second code snippet is in C++ and appears to be solving a different problem, which involves reading input, processing a string, and writing output. The two snippets do not share the same functionality or solve the same problem.""
}
```",319
2015_1_1,111647,2013_0_3,92037,NON-CLONE,2026-07-05 18:28:35,"```json
{
  ""answer"": ""NO-NOT-SIMILAR"",
  ""explanation"": ""The two code snippets are not functionally similar. The first code snippet is a collection of functions for reading different types of data from a file, including integers, floats, and lists of specific types. The second code snippet is a PHP script that calculates squares of numbers and checks if they are palindromes, then counts how many squares fall within a given interval. The tasks and the logic implemented in the two snippets are different.""
}
```",320
2015_1_1,122934,2013_0_2,83774,NON-CLONE,2026-07-05 18:28:35,"```json
{
  ""answer"": ""NO-NOT-SIMILAR"",
  ""explanation"": ""The two code snippets are not functionally similar. The first code snippet is a PHP script that reads input from a file, processes the data, and outputs the results. The second code snippet is a C++ program that reads input from the standard input, processes the data, and outputs the results. The tasks and the steps taken to accomplish these tasks are different.""
}
```",321
2015_1_1,111264,2013_0_1,99825,NON-CLONE,2026-07-05 18:28:36,"```json
{
  ""answer"": ""NO-NOT-SIMILAR"",
  ""explanation"": ""The two code snippets are not functionally similar. The first snippet is a PHP script that processes input to calculate minimum values for a series of plates. The second snippet is a C++ program that reads a string of numbers, processes it according to certain rules, and determines the outcome of a game based on the processed data. The tasks and the logic implemented in the two snippets are different and do not achieve the same result.""
}
```",322
2015_1_1,121770,2013_0_3,53348,NON-CLONE,2026-07-05 18:28:37,"```json
{
  ""answer"": ""NO-NOT-SIMILAR"",
  ""explanation"": ""The two code snippets are not functionally similar. The first snippet is a PHP script that calculates the number of mushrooms eaten and prints the result for each test case. The second snippet is a C++ program that generates palindromic numbers and prints the count of palindromic numbers within a given range for each test case. The tasks and the methods used in the two snippets are completely different.""
}
```",323
2016_0_1,76319,2015_0_1,25955,NON-CLONE,2026-07-05 18:28:38,"```json
{
  ""answer"": ""NO-NOT-SIMILAR"",
  ""explanation"": ""The two code snippets are not functionally similar. The first code snippet is in Java and processes a file named 'input.txt' to find a number that is not a sum of distinct powers of 11, and writes the result to 'sheepOutput.txt'. The second code snippet is in PHP and processes a file from a URL to calculate a number based on the input and writes the result to 'codejamoutput.txt'. The tasks and the logic implemented in each code snippet are different.""
}
```",324
2016_0_1,117099,2014_2_1,118754,NON-CLONE,2026-07-05 18:28:39,"```json
{
  ""answer"": ""NO-NOT-SIMILAR"",
  ""explanation"": ""The two code snippets are not functionally similar. The first code snippet is a Java program that solves a problem related to finding the smallest number that can be expressed as a sum of multiples of a given number and contains a specific digit. The second code snippet is a PHP program that appears to be related to a problem called 'Code Jam 2014 - Round 1B - Question A', but it is not clear what the exact problem is without more context. The two code snippets are written in different programming languages",325
2016_0_1,100898,2016_0_4,142083,NON-CLONE,2026-07-05 18:28:40,"```json
{
  ""answer"": ""NO-NOT-SIMILAR"",
  ""explanation"": ""The two code snippets are not functionally similar. The Java code snippet is designed to solve the problem of counting sheep, which involves finding the smallest number that contains all digits from 0 to 9 when repeated. The Python code snippet, on the other hand, appears to be designed to solve a different problem, which involves generating a sequence based on given parameters k, c, and s. The operations and logic in both snippets are different and do not achieve the same result.""
}
```",326
2016_0_1,65647,2016_1_2,21265,NON-CLONE,2026-07-05 18:28:41,"```json
{
  ""answer"": ""NO-NOT-SIMILAR"",
  ""explanation"": ""The two code snippets are not functionally similar. The first code snippet is in C++ and is designed to find the smallest number that can be written using all the digits from 0 to 9 at least once, given a number of test cases. The second code snippet is in PHP and is designed to find the soldiers who are missing from a squad, given a number of test cases. The two code snippets are not similar in their functionality or purpose.""
}
```",327
2016_0_1,134225,2016_1_2,22155,NON-CLONE,2026-07-05 18:28:41,"```json
{
  ""answer"": ""NO-NOT-SIMILAR"",
  ""explanation"": ""The two code snippets are not functionally similar. The first code snippet is in C++ and appears to be solving a problem related to finding the smallest number that contains all digits from 0 to 9 at least once. The second code snippet is in PHP and appears to be solving a problem related to finding the smallest number that contains all digits from 0 to 9 at least once, but it also involves reading input in a different manner and handling the output differently.""
}
```",328
2016_0_1,143909,2015_0_1,47939,NON-CLONE,2026-07-05 18:28:42,"```json
{
  ""answer"": ""NO-NOT-SIMILAR"",
  ""explanation"": ""The two code snippets are not functionally similar. The first code snippet is in C++ and is designed to find the smallest number that, when its digits are added to a bitmask, results in a bitmask with all bits set (indicating that all digits from 0 to 9 have been seen). The second code snippet is in Java and is designed to solve a problem related to standing ovations, which involves calculating the minimum number of people needed to stand up in a room based on a given pattern of standing and sitting",329
2016_0_1,94639,2016_0_4,135114,NON-CLONE,2026-07-05 18:28:43,"```json
{
  ""answer"": ""NO-NOT-SIMILAR"",
  ""explanation"": ""The two code snippets are not functionally similar. The first code snippet is a Python function that calculates the smallest number that contains all digits from 0 to 9 when multiplied by a given number. The second code snippet is a C++ program that calculates the smallest number that can be formed by concatenating a given number 'C' times, where the total number of digits is 'K' and the sum of the digits is 'S'. These two tasks are different and the code snippets are not similar.""
}
```",330
2016_0_1,88781,2013_0_2,71957,NON-CLONE,2026-07-05 18:28:44,"```json
{
  ""answer"": ""DONT-KNOW"",
  ""explanation"": ""The provided code snippets are in different programming languages (Python and PHP) and do not appear to be related to the same task or problem. The first snippet appears to be a solution for a problem related to finding a number that contains all digits from 0 to 9, while the second snippet appears to be a solution for a problem related to finding the maximum values in a 2D array and checking if a number can be placed in that array without violating the maximum values. Therefore, the two code snippets are not functionally similar.""
",331
2016_0_1,71388,2014_2_1,118754,NON-CLONE,2026-07-05 18:28:45,"```json
{
  ""answer"": ""NO-NOT-SIMILAR"",
  ""explanation"": ""The two code snippets are not functionally similar. The first code snippet is a Python script that solves a problem related to finding the smallest number that can be obtained by multiplying a given number by a sequence of integers until all digits from 0 to 9 are used. The second code snippet is a PHP script that appears to be related to a problem called 'Code Jam 2014 - Round 1B - Question A', but it does not match the functionality of the first code snippet. The PHP script seems",332
2016_0_1,48618,2015_1_1,124602,NON-CLONE,2026-07-05 18:28:45,"```json
{
  ""answer"": ""NO-NOT-SIMILAR"",
  ""explanation"": ""The two code snippets are not functionally similar. The first snippet is written in PHP and appears to be solving a problem related to finding a number that contains all digits from 1 to 10 when multiplied by a certain count. The second snippet is written in Python and appears to be solving a problem related to calculating two values based on a list of integers. The tasks and the logic used in the two snippets are different.""
}
```",333
2016_0_1,39027,2013_0_1,103399,NON-CLONE,2026-07-05 18:28:46,"```json
{
  ""answer"": ""DONT-KNOW"",
  ""explanation"": ""The provided code snippets are in different programming languages (PHP and Java) and are not directly comparable for functional similarity. The PHP code snippet appears to be solving a problem related to standing ovation, while the Java code snippet appears to be solving a problem related to a board game with a 4x4 grid. The logic and structure of the two code snippets are not similar enough to determine functional similarity.""
}
```",334
2016_0_1,113708,2016_0_4,136626,NON-CLONE,2026-07-05 18:28:47,"```json
{
  ""answer"": ""NO-NOT-SIMILAR"",
  ""explanation"": ""The two code snippets are not functionally similar. The first snippet is a PHP script that calculates the smallest number that contains all digits from 0 to 9 when multiplied by a given base. The second snippet is a Java program that appears to be unrelated to the first snippet and does not perform the same task.""
}
```",335
2016_0_4,136626,2015_0_2,81081,NON-CLONE,2026-07-05 18:28:48,"```json
{
  ""answer"": ""NO-NOT-SIMILAR"",
  ""explanation"": ""The two code snippets are not functionally similar. The Java code snippet is designed to solve a problem related to calculating paths in a grid, while the Python code snippet is designed to solve a pancake sorting problem. The tasks and the logic implemented in each code snippet are different.""
}
```",336
2016_0_4,125922,2016_1_1,4557,NON-CLONE,2026-07-05 18:28:48,"```json
{
  ""answer"": ""NO-NOT-SIMILAR"",
  ""explanation"": ""The two code snippets are not functionally similar. The Java code snippet is designed to process input parameters and output results based on specific conditions related to K, C, and S. The PHP code snippet, on the other hand, appears to be incomplete and does not clearly define what it is supposed to do. Therefore, it is not possible to determine if they are functionally similar.""
}
```",337
2016_0_4,99642,2015_0_3,49764,NON-CLONE,2026-07-05 18:28:49,"```json
{
  ""answer"": ""NO-NOT-SIMILAR"",
  ""explanation"": ""The two code snippets are not functionally similar. The Java code snippet is designed to read input from a file, process the input, and write the output to another file. The C++ code snippet is designed to solve a problem related to string manipulation and power operations, and it also reads input from a file and writes the output to another file. However, the specific tasks and the algorithms used to achieve these tasks are different.""
}
```",338
2016_0_4,135114,2016_1_1,15819,NON-CLONE,2026-07-05 18:28:50,"```json
{
  ""answer"": ""NO-NOT-SIMILAR"",
  ""explanation"": ""The two code snippets are not functionally similar. The first code snippet is a C++ program that solves a problem related to generating a sequence based on given parameters. The second code snippet is a Java program that solves a problem related to finding the last word in a given string in lexicographical order. The tasks and the logic implemented in each code snippet are different.""
}
```",339
2016_0_4,90060,2016_1_2,21265,NON-CLONE,2026-07-05 18:28:51,"```json
{
  ""answer"": ""NO-NOT-SIMILAR"",
  ""explanation"": ""The two code snippets are not functionally similar. The first code snippet is in C++ and appears to be solving a problem related to generating a sequence of numbers based on input parameters. The second code snippet is in PHP and appears to be processing a file input to find missing soldiers in a squad. The tasks and the logic implemented in each code snippet are different.""
}
```",340
2016_0_4,45917,2014_2_1,128920,NON-CLONE,2026-07-05 18:28:52,"```json
{
  ""answer"": ""NO-NOT-SIMILAR"",
  ""explanation"": ""The two code snippets are not functionally similar. The first code snippet is a C++ program that reads input, builds a solution, and prints the result. The second code snippet is a Python program that reads input, processes it, and prints the result. The two code snippets are written in different languages and have different structures, making it clear that they are not functionally similar.""
}
```",341
2016_0_4,63570,2014_3_1,138308,NON-CLONE,2026-07-05 18:28:52,"```json
{
  ""answer"": ""NO-NOT-SIMILAR"",
  ""explanation"": ""The two code snippets are not functionally similar. The first code snippet is in Python and appears to be solving a problem related to generating a sequence of numbers based on given inputs. The second code snippet is in C++ and appears to be solving a problem related to finding the greatest common divisor (GCD) and then determining if a number can be represented as a power of 2. The tasks and the logic used in both snippets are different and do not achieve the same result.""
}
```",342
2016_0_4,158305,2015_0_3,41900,NON-CLONE,2026-07-05 18:28:53,"```json
{
  ""answer"": ""NO-NOT-SIMILAR"",
  ""explanation"": ""The two code snippets are not functionally similar. The first code snippet is a solution for a problem related to generating guesses based on given parameters K, C, and S. The second code snippet is a solution for a problem related to string manipulation and pattern recognition. They are not similar in their functionality or the tasks they are designed to solve.""
}
```",343
2016_0_4,142083,2015_0_1,43660,NON-CLONE,2026-07-05 18:28:54,"```json
{
  ""answer"": ""NO-NOT-SIMILAR"",
  ""explanation"": ""The two code snippets are not functionally similar. The first code snippet is in Python and appears to be reading input from a file, processing it, and writing output to another file. The second code snippet is in Java and appears to be reading input from the standard input, processing it, and writing output to the standard output. The tasks and the logic implemented in the two code snippets are different.""
}
```",344
2016_0_4,80717,2013_0_2,91409,NON-CLONE,2026-07-05 18:28:55,"```json
{
  ""answer"": ""NO-NOT-SIMILAR"",
  ""explanation"": ""The two code snippets are not functionally similar. The first code snippet is a PHP script that reads input from a file, processes the data, and writes the output to another file. The second code snippet is a C++ program that reads input from a file, processes the data, and writes the output to another file. While both snippets are designed to process input and produce output, the specific steps and logic they use are different.""
}
```",345
2016_0_4,139021,2013_0_2,78034,NON-CLONE,2026-07-05 18:28:55,"```json
{
  ""answer"": ""NO-NOT-SIMILAR"",
  ""explanation"": ""The two code snippets are not functionally similar. The PHP code snippet appears to be solving a problem related to fractiles and art works, while the Python code snippet is solving a problem related to a lawn and its dimensions. The tasks and the logic implemented in the two code snippets are different.""
}
```",346
2016_0_4,37736,2015_0_3,72742,NON-CLONE,2026-07-05 18:28:56,"```json
{
  ""answer"": ""NO-NOT-SIMILAR"",
  ""explanation"": ""The two code snippets are not functionally similar. The first snippet is written in PHP and appears to be solving a problem related to file reading and processing. The second snippet is written in Python and appears to be solving a problem related to quaternion multiplication and string processing. The tasks and logic in the two snippets are different and cannot be considered functionally similar.""
}
```",347
2016_1_1,15819,2013_0_2,85165,NON-CLONE,2026-07-05 18:28:57,"```json
{
  ""answer"": ""DONT-KNOW"",
  ""explanation"": ""The provided code snippets are in different programming languages (Java and Python) and are solving different problems. The Java code snippet appears to be solving a problem related to finding the last word in a sequence, while the Python code snippet appears to be solving a problem related to lawn maintenance. Therefore, they are not functionally similar.""
}
```",348
2016_1_1,28201,2013_0_2,78034,NON-CLONE,2026-07-05 18:28:58,"```json
{
  ""answer"": ""NO-NOT-SIMILAR"",
  ""explanation"": ""The two code snippets are not functionally similar. The Java code snippet is designed to sort a string and write the sorted string to a file, while the Python code snippet is designed to solve a problem related to a lawn and print a result based on the input. The tasks and the logic implemented in the two code snippets are different.""
}
```",349
2016_1_1,22113,2016_1_2,7956,NON-CLONE,2026-07-05 18:28:58,"```json
{
  ""answer"": ""NO-NOT-SIMILAR"",
  ""explanation"": ""The two code snippets are not functionally similar. The first code snippet is in Java and is designed to solve a problem related to string manipulation, where it concatenates characters in a specific order based on their ASCII values. The second code snippet is in Python and is designed to solve a problem related to counting numbers in a 2D array and returning the odd numbers in sorted order. The tasks and the steps taken to accomplish these tasks are different, and the code snippets are not similar.""
}
```",350
2016_1_1,15421,2016_2_1,193929,NON-CLONE,2026-07-05 18:28:59,"```json
{
  ""answer"": ""NO-NOT-SIMILAR"",
  ""explanation"": ""The two code snippets are not functionally similar. The first code snippet is a C++ program that reads a string and rearranges its characters to form the lexicographically smallest string. The second code snippet is a Java program that reads a string and counts the occurrences of each character, then uses this information to determine the number of each digit in the string. The tasks performed by the two code snippets are different.""
}
```",351
2016_1_1,31768,2014_2_1,118416,NON-CLONE,2026-07-05 18:29:00,"```json
{
  ""answer"": ""YES-SIMILAR"",
  ""explanation"": ""Both code snippets appear to be solving the same problem, which is to find the lexicographically smallest string that can be formed by concatenating the strings in the input array. The C++ code snippet is a straightforward implementation of this logic, while the Python code snippet is more complex and includes additional functions and logic for handling input and output. However, the core logic for finding the lexicographically smallest string is the same in both snippets.""
}
```",352
2016_1_1,20829,2013_0_2,85165,NON-CLONE,2026-07-05 18:29:01,"```json
{
  ""answer"": ""NO-NOT-SIMILAR"",
  ""explanation"": ""The two code snippets are not functionally similar. The first code snippet is in C++ and appears to be solving a problem related to pattern matching and string manipulation. The second code snippet is in Python and appears to be solving a problem related to lawn maintenance and height adjustments. The tasks and the logic implemented in the two snippets are different.""
}
```",353
2016_1_1,3308,2016_2_1,186531,NON-CLONE,2026-07-05 18:29:01,"```json
{
  ""answer"": ""NO-NOT-SIMILAR"",
  ""explanation"": ""The two code snippets are not functionally similar. The Python code snippet appears to be solving a problem related to finding the last word in a given string, while the C++ code snippet appears to be solving a problem related to counting the occurrences of each letter in a given string and then printing the letters in a specific order based on their frequency. The two code snippets are not similar in their functionality or the problems they are solving.""
}
```",354
2016_1_1,33316,2013_0_3,74156,NON-CLONE,2026-07-05 18:29:02,"```json
{
  ""answer"": ""NO-NOT-SIMILAR"",
  ""explanation"": ""The two code snippets are not functionally similar. The first code snippet is a Python script that reads input from a file, processes it, and writes output to another file. The second code snippet is a Java program that reads input from a file, processes it, and writes output to another file. While both scripts handle file input and output, they perform different tasks. The Python script appears to be sorting a list of characters based on their frequency and order, while the Java program appears to be counting the number of fair square",355
2016_1_1,14703,2014_3_1,140281,NON-CLONE,2026-07-05 18:29:03,"```json
{
  ""answer"": ""NO-NOT-SIMILAR"",
  ""explanation"": ""The two code snippets are not functionally similar. The first code snippet is written in Python and appears to be a function that takes a string of characters and rearranges them in a specific order. The second code snippet is written in Java and appears to be a class that reads input, processes it, and outputs a result. The two snippets do not perform the same task and are not functionally similar.""
}
```",356
2016_1_1,3735,2013_0_2,85165,NON-CLONE,2026-07-05 18:29:04,"```json
{
  ""answer"": ""NO-NOT-SIMILAR"",
  ""explanation"": ""The two code snippets are not functionally similar. The first code snippet is a PHP script that reads input from STDIN, processes the input to find the last word in lexicographical order, and prints the result. The second code snippet is a Python script that reads input from STDIN or a file, processes the input to determine if a lawn can be leveled, and prints the result. The tasks and logic in the two snippets are different.""
}
```",357
2016_1_1,18665,2013_0_2,85165,NON-CLONE,2026-07-05 18:29:04,"```json
{
  ""answer"": ""NO-NOT-SIMILAR"",
  ""explanation"": ""The two code snippets are not functionally similar. The first code snippet is in PHP and appears to be solving a problem related to string manipulation, while the second code snippet is in Python and appears to be solving a problem related to lawn maintenance. The tasks and the logic used in both snippets are different.""
}
```",358
2016_1_1,4557,2015_0_1,106809,NON-CLONE,2026-07-05 18:29:05,"```json
{
  ""answer"": ""NO-NOT-SIMILAR"",
  ""explanation"": ""The two code snippets are not functionally similar. The first code snippet is a PHP script that processes an input file to an output file, while the second code snippet is a Python script that reads input and calculates a value based on the input string. The tasks and the steps taken to accomplish these tasks are different.""
}
```",359
2016_1_2,23627,2016_0_1,88781,NON-CLONE,2026-07-05 18:29:06,"```json
{
  ""answer"": ""NO-NOT-SIMILAR"",
  ""explanation"": ""The two code snippets are not functionally similar. The first code snippet is a Java program that reads input from a file, processes the input to find the numbers that appear an odd number of times, and outputs the sorted list of these numbers. The second code snippet is a Python program that reads input from standard input, finds the smallest number that contains all the digits from 0 to 9 at least once, and outputs the number. The two programs are not similar in their functionality or the tasks they perform.""
}
```",360
2016_1_2,26561,2013_1_1,37029,NON-CLONE,2026-07-05 18:29:07,"```json
{
  ""answer"": ""DONT-KNOW"",
  ""explanation"": ""The provided code snippets are in different programming languages (Java and Python) and do not appear to be related to each other. The Java code snippet appears to be part of a program that reads input, processes it, and outputs a result, while the Python code snippet appears to be part of a program that reads input, processes it, and outputs a result. However, without more context or information, it is not clear if these two code snippets are functionally similar or not.""
}
```",361
2016_1_2,21848,2015_0_2,96440,NON-CLONE,2026-07-05 18:29:07,"```json
{
  ""answer"": ""NO-NOT-SIMILAR"",
  ""explanation"": ""The two code snippets are not functionally similar. The first code snippet is a Java program that reads input from a file, processes the input to determine the missing row in a grid, and writes the result to an output file. The second code snippet is a C++ program that reads input from the standard input, processes the input to find the minimum number of operations required to make all elements in a vector equal, and writes the result to the standard output. The tasks and the methods used to achieve these tasks are different,",362
2016_1_2,7905,2013_0_2,44471,NON-CLONE,2026-07-05 18:29:08,"```json
{
  ""answer"": ""NO-NOT-SIMILAR"",
  ""explanation"": ""The two code snippets are not functionally similar. The first code snippet is a C++ program that reads input, processes it, and outputs the result. The second code snippet is a Java program that reads input, processes it, and outputs the result. While both programs are similar in that they both read input, process it, and output the result, they are not functionally similar because they are written in different programming languages and use different data structures and algorithms.""
}
```",363
2016_1_2,22827,2013_0_3,74156,NON-CLONE,2026-07-05 18:29:09,"```json
{
  ""answer"": ""NO-NOT-SIMILAR"",
  ""explanation"": ""The two code snippets are not functionally similar. The first code snippet is in C++ and reads input from the standard input, processes a series of numbers, and outputs the odd numbers that appear an odd number of times. The second code snippet is in Java and reads input from a file, processes a range of numbers, and counts the number of fair squares (numbers that are palindromic and also the square of a palindromic number), then outputs the count. The tasks and the methods used to achieve",364
2016_1_2,26565,2016_0_1,113708,NON-CLONE,2026-07-05 18:29:10,"```json
{
  ""answer"": ""NO-NOT-SIMILAR"",
  ""explanation"": ""The two code snippets are not functionally similar. The first code snippet is in C++ and reads input for a number of test cases, then for each test case, it reads a 2D array and finds the numbers that occur an odd number of times. The second code snippet is in PHP and reads input for a number of test cases, then for each test case, it finds the smallest number that is a multiple of the base and does not contain any of the digits 0-9. These two tasks are",365
2016_1_2,30453,2016_2_1,193717,NON-CLONE,2026-07-05 18:29:11,"```json
{
  ""answer"": ""NO-NOT-SIMILAR"",
  ""explanation"": ""The two code snippets are not functionally similar. The first code snippet is written in Python and appears to be counting the occurrences of odd numbers in a list of lists. The second code snippet is written in PHP and appears to be solving a problem related to counting the occurrences of letters in a string to determine the number of each digit from 0 to 9. The tasks and the logic used in the two snippets are different.""
}
```",366
2016_1_2,14745,2015_0_3,18309,NON-CLONE,2026-07-05 18:29:12,"```json
{
  ""answer"": ""NO-NOT-SIMILAR"",
  ""explanation"": ""The two code snippets are not functionally similar. The first code snippet is a Python script that reads input, processes it, and outputs a result. The second code snippet is a PHP script that also reads input, processes it, and outputs a result. However, the specific tasks and the logic implemented in each script are different. The Python script appears to be counting occurrences of elements in a list and finding odd occurrences, while the PHP script appears to be processing a string and checking for specific patterns and conditions.""
}
```",367
2016_1_2,7956,2015_0_2,96440,NON-CLONE,2026-07-05 18:29:12,"```json
{
  ""answer"": ""NO-NOT-SIMILAR"",
  ""explanation"": ""The two code snippets are not functionally similar. The first code snippet is designed to find the numbers that appear an odd number of times in a given set of columns and output them in sorted order. The second code snippet is designed to find the minimum number of operations required to make all elements in a given array equal by incrementing or decrementing them, and output the result for each test case. The two code snippets perform different tasks and are not functionally similar.""
}
```",368
2016_1_2,22155,2014_3_1,139370,NON-CLONE,2026-07-05 18:29:13,"```json
{
  ""answer"": ""NO-NOT-SIMILAR"",
  ""explanation"": ""The two code snippets are not functionally similar. The first snippet is a PHP script that reads input from STDIN, processes it, and outputs the result. The second snippet is a Python script that reads input from a file, processes it, and writes the result to a file. The tasks and the steps taken to achieve these tasks are different.""
}
```",369
2016_1_2,21265,2015_0_3,72742,NON-CLONE,2026-07-05 18:29:14,"```json
{
  ""answer"": ""NO-NOT-SIMILAR"",
  ""explanation"": ""The two code snippets are not functionally similar. The first snippet is in PHP and processes input to find missing soldiers in a squad, while the second snippet is in Python and checks if a string contains a specific pattern related to quaternion multiplication. The logic and functionality of the two snippets are different.""
}
```",370
2016_1_2,19133,2015_0_1,86599,NON-CLONE,2026-07-05 18:29:14,"```json
{
  ""answer"": ""NO-NOT-SIMILAR"",
  ""explanation"": ""The two code snippets are not functionally similar. The first code snippet is in PHP and is designed to read input from a file, process the data, and write the output to another file. The second code snippet is in Python and is designed to read input from a file, process the data, and print the output to the console. The tasks they perform are similar, but the specific steps and the way they achieve those tasks are different.""
}
```",371
2016_2_1,201276,2015_0_2,81081,NON-CLONE,2026-07-05 18:29:15,"{
  ""answer"": ""NO-NOT-SIMILAR"",
  ""explanation"": ""The two code snippets are not functionally similar. The Java code snippet is designed to solve a problem related to counting the frequency of digits in a string, while the Python code snippet is designed to solve a pancake sort problem. The two problems are different and the code snippets are not similar.""
}",372
2016_2_1,180026,2016_0_1,143909,NON-CLONE,2026-07-05 18:29:16,"```json
{
  ""answer"": ""NO-NOT-SIMILAR"",
  ""explanation"": ""The two code snippets are not functionally similar. The first code snippet is in Java and is designed to solve a problem related to counting letters and numbers in a string. The second code snippet is in C++ and is designed to find the smallest number that contains all the digits from 0 to 9 at least once. The tasks and the logic used in both snippets are different, and they do not achieve the same result.""
}
```",373
2016_2_1,193929,2013_1_1,34507,NON-CLONE,2026-07-05 18:29:17,"```json
{
  ""answer"": ""NO-NOT-SIMILAR"",
  ""explanation"": ""The two code snippets are not functionally similar. The first code snippet is in Java and is designed to solve a problem related to counting and printing digits based on a given string. The second code snippet is in PHP and is designed to solve a problem related to finding a specific value based on given parameters. The tasks and the logic used in both snippets are different.""
}
```",374
2016_2_1,194349,2015_0_3,103774,NON-CLONE,2026-07-05 18:29:18,"```json
{
  ""answer"": ""NO-NOT-SIMILAR"",
  ""explanation"": ""The two code snippets are not functionally similar. The first code snippet is a C++ program that solves a problem related to counting letters in a string and determining the numbers based on those counts. The second code snippet is a Python program that appears to be unrelated to the first one, as it does not contain any logic related to letter counting or number determination.""
}
```",375
2016_2_1,186531,2016_1_1,15819,NON-CLONE,2026-07-05 18:29:19,"```json
{
  ""answer"": ""NO-NOT-SIMILAR"",
  ""explanation"": ""The two code snippets are not functionally similar. The first code snippet is a C++ program that solves a problem related to counting the occurrences of letters in a string and then rearranging them to form a specific pattern. The second code snippet is a Java program that solves a problem related to finding the lexicographically largest word that can be formed from a given string. The tasks and the logic used in both snippets are different, and they are not designed to achieve the same result.""
}
```",376
2016_2_1,179503,2015_0_3,18309,NON-CLONE,2026-07-05 18:29:20,"```json
{
  ""answer"": ""NO-NOT-SIMILAR"",
  ""explanation"": ""The two code snippets are not functionally similar. The first code snippet is in C++ and is designed to solve a problem related to counting and printing digits based on a given string. The second code snippet is in PHP and appears to be a more complex program that involves handling input, output, and performing mathematical operations. The PHP code snippet also includes a class for handling input and output, which is not present in the C++ code snippet. Therefore, the two code snippets are not functionally similar.""
}
```",377
2016_2_1,185295,2013_0_3,108834,NON-CLONE,2026-07-05 18:29:21,"```json
{
  ""answer"": ""NO-NOT-SIMILAR"",
  ""explanation"": ""The two code snippets are not functionally similar. The first code snippet is in Python and is designed to solve a problem by counting the occurrences of specific letters in a string and then constructing a number based on those counts. The second code snippet is in Java and appears to be a more complex program that includes a main method, a solver class, and various utility methods for handling input and output, as well as checking for palindromes. The Java code also includes a pre-solving step that is not present in the Python",378
2016_2_1,196651,2013_0_1,126886,NON-CLONE,2026-07-05 18:29:22,"```json
{
  ""answer"": ""NO-NOT-SIMILAR"",
  ""explanation"": ""The two code snippets are not functionally similar. The first code snippet is in Python and appears to be solving a problem related to digit recognition or some kind of data processing. The second code snippet is in Java and appears to be solving a problem related to the game Tic Tac Toe, specifically determining the winner or the status of the game based on the board configuration. The tasks and the logic implemented in the two snippets are different.""
}
```",379
2016_2_1,182378,2016_1_1,15819,NON-CLONE,2026-07-05 18:29:23,"```json
{
  ""answer"": ""YES-SIMILAR"",
  ""explanation"": ""Both code snippets are designed to solve the problem of finding the 'last word' in a given string, where the 'last word' is defined as the lexicographically smallest string that can be formed by rearranging the characters of the input string. The 'last word' is constructed by repeatedly removing the character 'Z', 'E', 'R', 'O', 'W', 'T', 'H', 'U', 'X', 'S', 'I', 'V', 'N' (in that order) and",380
2016_2_1,198100,2013_0_3,51164,NON-CLONE,2026-07-05 18:29:24,"```json
{
  ""answer"": ""NO-NOT-SIMILAR"",
  ""explanation"": ""The two code snippets are not functionally similar. The first code snippet is a PHP script that processes a file containing phone numbers and outputs the digits in a specific order. The second code snippet is a Python script that finds all fair squares (numbers that are palindromic in both decimal and square) up to a certain limit and counts how many of these fair squares fall within a given range. These two tasks are different and the code snippets are not similar.""
}
```",381
2016_2_1,193717,2013_0_3,108834,NON-CLONE,2026-07-05 18:29:25,"```json
{
  ""answer"": ""NO-NOT-SIMILAR"",
  ""explanation"": ""The two code snippets are not functionally similar. The first snippet is a PHP script that reads a series of strings and outputs the number of each digit in the input strings. The second snippet is a Java class that reads a series of numbers and outputs whether each number is a palindrome or not. The tasks and the logic used in the two snippets are completely different.""
}
```",382
2016_2_1,200006,2015_0_1,47939,NON-CLONE,2026-07-05 18:29:26,"```json
{
  ""answer"": ""NO-NOT-SIMILAR"",
  ""explanation"": ""The two code snippets are not functionally similar. The first snippet is written in PHP and is designed to solve a problem by counting the occurrences of certain letters in a string and then constructing a number based on those counts. The second snippet is written in Java and is designed to solve a similar problem by using a list to store the positions of certain digits in a string and then counting the number of digits that need to be standing up to ensure no one is left standing. The two snippets are not functionally similar because they use",383
