program_a,variant_a,program_b,variant_b,ground_truth,timestamp,response,pair_id
2013_0_1,84294,2013_0_1,58633,CLONE,2026-07-11 14:55:08,"{
  ""answer"": ""YES-SIMILAR"",
  ""explanation"": ""Both code snippets implement the logic for determining the winner of a Tic-Tac-Toe game on a 4x4 grid. They both read multiple test cases, process 4x4 game boards represented by characters ('X', 'O', 'T', '.') to determine win conditions, and output results indicating whether X wins, O wins, the game is a draw, or not completed. While they use different approaches (one uses boolean flags and array checks, the other uses multiplication of numeric codes), they both solve the same problem and produce equivalent outputs for the same inputs.""
}",0
2013_0_1,84294,2013_0_1,124149,CLONE,2026-07-11 14:55:10,"{
  ""answer"": ""YES-SIMILAR"",
  ""explanation"": ""Both code snippets implement the same logic for determining the winner of a Tic-Tac-Toe game on a 4x4 grid. They both: 1) Read multiple test cases, 2) Process a 4x4 grid of characters ('X', 'O', 'T', '.'). 3) Handle 'T' as a wildcard that counts for both players, 4) Check rows, columns, and diagonals for winning conditions, 5) Determine win/loss/draw status based on whether any player has four consecutive marks in a line, 6) Handle incomplete games where there are still empty spaces. The core algorithmic approach and final output format are identical, though the implementation details differ (e.g., variable naming, how the board is processed, input/output methods).""
}",1
2013_0_1,84294,2013_0_1,88116,CLONE,2026-07-11 14:55:11,"{
  ""answer"": ""YES-SIMILAR"",
  ""explanation"": ""Both code snippets solve the same problem: determining the winner of a Tic-Tac-Toe-like game on a 4x4 board. They both check for winning conditions in rows, columns, and diagonals, handling 'T' as a wildcard for either player. Both output 'X won', 'O won', 'Draw', or 'Game has not completed' based on the same logic. While the implementation approaches differ (one uses direct boolean checks and counters, the other uses string pattern matching with a HashSet), the functional outcome and problem domain are identical.""
}",2
2013_0_1,84294,2013_0_1,124226,CLONE,2026-07-11 14:55:13,"{
  ""answer"": ""YES-SIMILAR"",
  ""explanation"": ""Both code snippets implement the same logic for solving a Tic-Tac-Toe-like game problem (likely the Google Code Jam 'Tic-Tac-Toe-Tomek' problem). They both: 1) Read multiple test cases, 2) Parse a 4x4 grid of characters ('X', 'O', 'T', '.'). 3) Check all rows, columns, and diagonals for winning conditions (where 'T' acts as a wildcard), 4) Determine if X or O has won, 5) Handle incomplete games (when there are empty cells), and 6) Output appropriate results ('X won', 'O won', 'Draw', or 'Game has not completed'). While the implementation details differ (different variable names, control flow structures, and some minor logic variations like how diagonal checks are handled), the core algorithm and expected outputs are identical.""
}",3
2013_0_1,58633,2013_0_1,124149,CLONE,2026-07-11 14:55:14,"{
  ""answer"": ""YES-SIMILAR"",
  ""explanation"": ""Both code snippets implement the same logic for solving a Tic-Tac-Toe-like game (likely the Tic-Tac-Toe or Crossword puzzle variant). They both read a grid of 4x4 characters ('X', 'O', '.', 'T'), determine if there's a winner by checking rows, columns, and diagonals, and output the result ('X won', 'O won', 'Draw', or 'Game has not completed') for each test case. The core algorithmic approach, data structures used (arrays), and logic flow are fundamentally identical, though the implementation details and variable naming differ.""
}",4
2013_0_1,58633,2013_0_1,88116,CLONE,2026-07-11 14:55:15,"{
  ""answer"": ""YES-SIMILAR"",
  ""explanation"": ""Both code snippets implement the same logic for solving a Tic-Tac-Toe-like game problem (likely from Google Code Jam). They both read a 4x4 board, check for winning conditions (rows, columns, diagonals), and determine if X wins, O wins, the game is a draw, or not completed. While the implementation approaches differ significantly - one uses numeric multiplication to detect patterns and the other uses string matching with a HashSet - the core functionality and expected outputs are identical. Both handle the same input/output format and produce equivalent results for the same test cases.""
}",5
2013_0_1,58633,2013_0_1,124226,CLONE,2026-07-11 14:55:16,"{
  ""answer"": ""YES-SIMILAR"",
  ""explanation"": ""Both code snippets implement the same logic for solving the Tic-Tac-Toe (or equivalent game) problem where they check rows, columns, and diagonals for winning conditions ('X' or 'O'). They both read a 4x4 grid from input, process each cell to determine if it's 'X', 'O', '.', or 'T', then check all possible winning combinations. The output format is also similar, indicating which player won or if the game is incomplete or a draw. While the implementation details differ (e.g., use of arrays vs. 2D char arrays, different variable names, different I/O methods), the core functionality and algorithmic approach are identical.""
}",6
2013_0_1,124149,2013_0_1,88116,CLONE,2026-07-11 14:55:18,"{
  ""answer"": ""YES-SIMILAR"",
  ""explanation"": ""Both code snippets implement the same logic for solving a Tic-Tac-Toe-like game problem (likely the Google Code Jam 2013 Qualification Round Problem A). They both read a 4x4 grid of characters ('X', 'O', 'T', '.') and determine the game state: whether X wins, O wins, it's a draw, or the game hasn't completed. Both use different approaches but achieve the same result - checking rows, columns, and diagonals for winning conditions. In Snippet 1, this is done by creating separate X and O grids and checking for all Xs or Os in each line. In Snippet 2, it uses a HashSet approach where all possible lines (rows, columns, diagonals) are constructed as strings and checked against predefined winning patterns. Despite structural differences, both programs process the same input format and produce identical output for the same inputs.""
}",7
2013_0_1,124149,2013_0_1,124226,CLONE,2026-07-11 14:55:19,"{
  ""answer"": ""YES-SIMILAR"",
  ""explanation"": ""Both code snippets implement the same logic for determining the winner of a Tic-Tac-Toe game on a 4x4 board. They both read input from files/stdin, parse the board state, check rows, columns, and diagonals for winning conditions involving 'X' and 'O', handle the special case of 'T' (which acts as a wildcard), and output the appropriate result ('X won', 'O won', 'Draw', or 'Game has not completed'). The core algorithm and decision-making process are identical between the two snippets.""
}",8
2013_0_1,88116,2013_0_1,124226,CLONE,2026-07-11 14:55:20,"{
  ""answer"": ""YES-SIMILAR"",
  ""explanation"": ""Both code snippets implement the same logic for determining the winner of a Tic-Tac-Toe game (or a variant called 'Tic-Tac-Toe with T's'). They both check for winning conditions across rows, columns, and diagonals, treating 'T' as a wildcard that can represent either 'X' or 'O'. Both also handle the game states: 'X won', 'O won', 'Game has not completed' (when there are empty spaces), and 'Draw' (when no moves left and no winner). While the implementation details differ (one uses a HashSet approach with string patterns, the other uses direct character comparisons), the core functionality and output behavior are identical.""
}",9
2013_0_2,95524,2013_0_2,44471,CLONE,2026-07-11 14:55:21,"{
  ""answer"": ""NO-NOT-SIMILAR"",
  ""explanation"": ""The two code snippets solve different problems and have different approaches. Code Snippet 1 is solving a lawn mower problem where each cell in a grid must be achievable by cutting either horizontally or vertically from a higher height, checking all cells against their neighbors. Code Snippet 2 is checking if a pattern is possible by ensuring that cells with the minimum value can be achieved by making entire rows or columns equal to that minimum value. The logic, algorithms, and problem interpretations are fundamentally different.""
}",10
2013_0_2,95524,2013_0_2,55421,CLONE,2026-07-11 14:55:22,"{
  ""answer"": ""NO-NOT-SIMILAR"",
  ""explanation"": ""The two code snippets implement different algorithms for solving what appears to be the same problem (Lawnmower problem from Google Code Jam). In Code Snippet 1, the approach involves checking horizontal and vertical conditions by comparing each cell with its neighbors in both directions, marking cells as possible or impossible based on these comparisons. In contrast, Code Snippet 2 uses a simpler approach where it checks if any cell has a value greater than all values in its row or column. While both try to determine whether a lawn pattern can be achieved by mowing rows and columns, their logic and implementation details differ significantly, making them not functionally similar.""
}",11
2013_0_2,95524,2013_0_2,90919,CLONE,2026-07-11 14:55:23,"{
  ""answer"": ""YES-SIMILAR"",
  ""explanation"": ""Both code snippets solve the same problem: determining whether a given N×M grid of integers can be transformed into a valid configuration where each cell's value is either the maximum value in its row or column. The first snippet uses a more complex approach involving checking horizontal and vertical constraints separately, while the second snippet simplifies this by precomputing row and column maximums and then checking if each cell equals either its row or column maximum. Despite differences in implementation details and structure, both programs read input from files, process grids, and output 'YES' or 'NO' based on the same logical condition.""
}",12
2013_0_2,95524,2013_0_2,114653,CLONE,2026-07-11 14:55:24,"{
  ""answer"": ""NO-NOT-SIMILAR"",
  ""explanation"": ""The two code snippets implement different algorithms for solving what appears to be the same problem (checking if a grid can be constructed by cutting grass from left-to-right and top-to-bottom). Code snippet 1 uses a complex approach involving checking horizontal and vertical constraints for each cell individually, while code snippet 2 uses a simpler method where it marks cells as valid if they are maximum values in their respective rows or columns. The core logic and approach differ significantly, making them not functionally similar.""
}",13
2013_0_2,44471,2013_0_2,55421,CLONE,2026-07-11 14:55:25,"{
  ""answer"": ""YES-SIMILAR"",
  ""explanation"": ""Both code snippets implement the same solution for the Lawnmower problem from Google Code Jam 2013 Round 1A. They both read input from files, process a 2D grid of integers representing lawn patterns, and determine whether it's possible to achieve the final pattern by cutting grass in rows or columns. Both algorithms check if each cell can be achieved by either its row or column being all equal to that cell's value. The core logic for determining validity is fundamentally the same, though they use different approaches for parsing input (Scanner vs BufferedReader/Scanner) and slightly different implementation details in the validation functions.""
}",14
2013_0_2,44471,2013_0_2,90919,CLONE,2026-07-11 14:55:26,"{
  ""answer"": ""NO-NOT-SIMILAR"",
  ""explanation"": ""The two code snippets implement different algorithms for solving what appears to be the same problem (possibly the Lawnmower problem from Google Code Jam). However, their approaches are fundamentally different. Snippet 1 focuses on finding the lowest value and checking if each cell equal to that value can have valid row/column patterns, while Snippet 2 calculates maximum values per row and column and checks if each cell equals either its row's maximum or column's maximum. These different logic approaches lead to different solutions, making them not functionally similar.""
}",15
2013_0_2,44471,2013_0_2,114653,CLONE,2026-07-11 14:55:27,"{
  ""answer"": ""NO-NOT-SIMILAR"",
  ""explanation"": ""The two code snippets implement different algorithms for solving what appears to be a lawn mower problem. Code Snippet 1 focuses on finding the lowest value in each matrix and checking if each cell with that value can be part of a valid row or column pattern, while Code Snippet 2 finds maximum values in each row and column and marks cells that match these maximums as 'visible', then checks if all cells are marked. The core logic and approach differ significantly, making them not functionally similar.""
}",16
2013_0_2,55421,2013_0_2,90919,CLONE,2026-07-11 14:55:28,"{
  ""answer"": ""YES-SIMILAR"",
  ""explanation"": ""Both code snippets solve the same problem: determining whether a given lawn pattern can be achieved by cutting rows and columns. They both read input from files, process a grid of integers representing lawn heights, and output 'YES' or 'NO' based on whether each test case's pattern is valid. The core logic in both is equivalent: for each cell in the grid, check if its value equals the maximum in its row OR the maximum in its column. Code snippet 1 uses multiple BufferedReader/FileReader and BufferedWriter/FileWriter objects with manual parsing, while snippet 2 uses Scanner and PrintWriter more directly. However, the fundamental algorithm and problem solving approach are identical.""
}",17
2013_0_2,55421,2013_0_2,114653,CLONE,2026-07-11 14:55:30,"{
  ""answer"": ""YES-SIMILAR"",
  ""explanation"": ""Both code snippets solve the same problem: determining whether a given lawn pattern can be achieved by cutting grass only in rows or columns. They both read input from files, process a 2D grid representing grass heights, and output 'YES' or 'NO' based on whether the pattern is achievable. The core logic in both involves checking if each cell's height can be achieved by either the maximum height in its row or column. While the implementation details differ (e.g., file I/O handling, variable naming, and some control flow), the fundamental algorithm and problem-solving approach are identical.""
}",18
2013_0_2,90919,2013_0_2,114653,CLONE,2026-07-11 14:55:31,"{
  ""answer"": ""YES-SIMILAR"",
  ""explanation"": ""Both code snippets solve the same problem: determining whether a given N×M grid can be transformed into a valid state where each cell's value equals either the maximum value in its row or column. Both use a similar approach - for each cell, they check if its value matches the maximum in its row or column. Code snippet 1 precomputes row and column maxima and checks if each cell equals either the row max or column max. Code snippet 2 also computes row and column maxima but uses a boolean visibility matrix to track which cells satisfy the condition. The core logic and problem solving approach are fundamentally identical, though implemented with different variable names and structures.""
}",19
2013_0_3,55548,2013_0_3,94901,CLONE,2026-07-11 14:55:32,"{
  ""answer"": ""YES-SIMILAR"",
  ""explanation"": ""Both code snippets solve the same problem: finding 'fair and square' numbers within a given range. A fair and square number is one that is a perfect square and whose square root is a palindrome. Both programs precompute all valid fair and square numbers up to 10^15, then answer queries about how many such numbers exist in given ranges. The first snippet uses a mathematical approach to generate palindromes and their squares, while the second uses a brute-force method checking each number's palindrome property and its square's palindrome property. Despite different implementation strategies, both achieve identical functionality and produce the same results for the same inputs.""
}",20
2013_0_3,55548,2013_0_3,78294,CLONE,2026-07-11 14:55:33,"{
  ""answer"": ""YES-SIMILAR"",
  ""explanation"": ""Both code snippets solve the same problem: counting 'fair and square' numbers within a given range. A fair and square number is a number that is both a palindrome and the square of another palindrome. Both programs precompute the list of fair and square numbers and then use binary search or linear search to count how many fall within each test case's range. The first snippet generates these numbers programmatically through complex digit manipulation and flipping operations, while the second snippet uses a precomputed array of all valid solutions. Despite different implementation approaches, they achieve identical functionality and produce the same outputs for the same inputs.""
}",21
2013_0_3,55548,2013_0_3,118052,CLONE,2026-07-11 14:55:34,"{
  ""answer"": ""YES-SIMILAR"",
  ""explanation"": ""Both code snippets solve the same problem: finding 'fair and square' numbers within a given range. A fair and square number is a number that is both a perfect square and whose square root is also a palindrome. Both programs identify these numbers by generating potential candidates and checking if they meet the criteria. Code snippet 1 precomputes all valid fair-square numbers up to a certain limit using mathematical generation and digit manipulation techniques, while code snippet 2 directly checks all possible palindromic roots up to a large limit. Despite different approaches (precomputation vs. direct enumeration), both programs ultimately solve the identical problem and produce the same results for the same inputs.""
}",22
2013_0_3,55548,2013_0_3,83531,CLONE,2026-07-11 14:55:35,"{
  ""answer"": ""YES-SIMILAR"",
  ""explanation"": ""Both code snippets solve the same problem: finding 'fair and square' numbers within a given range. A fair and square number is a number that is both a perfect square and whose square root is a palindrome. Both snippets read input ranges, process them to count such numbers, and output results in the same format ('Case #X: Y'). While the implementation approaches differ significantly (one precomputes all valid numbers using digit manipulation and the other uses a naive approach with palindrome checking), they ultimately address the identical computational task and produce equivalent outputs for the same inputs.""
}",23
2013_0_3,94901,2013_0_3,78294,CLONE,2026-07-11 14:55:37,"{
  ""answer"": ""YES-SIMILAR"",
  ""explanation"": ""Both code snippets solve the same problem: counting 'fair and square' numbers within a given range. A fair and square number is a number that is both a palindrome and the square of another palindrome. Both programs read input test cases, process them to find palindromic squares within specified ranges, and output the count of such numbers for each case. While Code Snippet 1 calculates the palindromic squares dynamically using BigInteger arithmetic and loops through potential candidates, Code Snippet 2 pre-computes all valid palindromic squares up to a certain limit and stores them in a static array. Despite different implementation approaches (dynamic calculation vs. lookup table), both achieve the identical functional outcome of determining fair and square numbers in the given ranges.""
}",24
2013_0_3,94901,2013_0_3,118052,CLONE,2026-07-11 14:55:38,"{
  ""answer"": ""YES-SIMILAR"",
  ""explanation"": ""Both code snippets solve the same problem: finding 'fair and square' numbers within given ranges. A fair and square number is one that is a palindrome and whose square is also a palindrome. Both programs precompute all valid palindromic squares up to 10^15, then answer multiple range queries about how many such numbers exist in each range. The core logic is identical: check if a number is a palindrome, square it, check if the square is also a palindrome, and store valid results. The main differences are in implementation details like using BigInteger vs long, different I/O approaches, and data structures (ArrayList vs HashSet), but the functional behavior is the same.""
}",25
2013_0_3,94901,2013_0_3,83531,CLONE,2026-07-11 14:55:39,"{
  ""answer"": ""YES-SIMILAR"",
  ""explanation"": ""Both code snippets solve the same problem: counting 'fair and square' numbers within a given range. A fair and square number is a number that is both a palindrome and whose square is also a palindrome. Both programs read input test cases, process each case to count such numbers in the specified range, and write results to an output file. While they use different approaches (one precomputes all valid squares up to a limit, the other checks each number individually), they perform the identical core logic of identifying palindromic numbers and their palindromic squares.""
}",26
2013_0_3,78294,2013_0_3,118052,CLONE,2026-07-11 14:55:40,"{
  ""answer"": ""YES-SIMILAR"",
  ""explanation"": ""Both code snippets solve the same problem: counting 'fair and square' numbers within a given range [A, B]. A fair and square number is a number that is both a palindrome and the square of another palindrome. Code snippet 1 precomputes all such numbers up to a certain limit and stores them in an array 'sols', then simply counts how many fall within each query range. Code snippet 2 dynamically generates potential palindromes, squares them, checks if the square is also a palindrome, and stores valid results in a set. Both approaches ultimately count the same set of numbers, though they differ in implementation strategy (precomputation vs. generation) and some minor details like input/output handling.""
}",27
2013_0_3,78294,2013_0_3,83531,CLONE,2026-07-11 14:55:41,"{
  ""answer"": ""YES-SIMILAR"",
  ""explanation"": ""Both code snippets solve the same problem: counting 'fair and square' numbers within a given range [A, B]. A fair and square number is one that is both a palindrome and the square of another palindrome. Code snippet 1 directly uses a precomputed array of fair and square numbers, while code snippet 2 dynamically generates and checks palindromes and their squares. Despite different approaches (precomputed vs. runtime generation), both achieve the same functional outcome of counting fair and square numbers in the specified range.""
}",28
2013_0_3,118052,2013_0_3,83531,CLONE,2026-07-11 14:55:42,"{
  ""answer"": ""YES-SIMILAR"",
  ""explanation"": ""Both code snippets solve the same problem: finding 'Fair and Square' numbers within a given range. A Fair and Square number is a number that is both a palindrome and whose square is also a palindrome. Both snippets use the same core logic: they precompute all valid Fair and Square numbers up to a certain limit, then answer queries about how many such numbers exist in a given range. The main differences are in implementation details like I/O handling, data structures used (HashSet vs array-based memoization), and code organization, but the functional behavior and algorithmic approach are fundamentally the same.""
}",29
2013_1_1,35305,2013_1_1,30788,CLONE,2026-07-11 14:55:43,"{
  ""answer"": ""NO-NOT-SIMILAR"",
  ""explanation"": ""The two code snippets solve different problems. Code Snippet 1 uses binary search with BigInteger arithmetic to find the maximum number of rings that can be painted given constraints, while Code Snippet 2 uses a mathematical formula (quadratic equation) to directly calculate the result. Although both deal with ring painting problems, their approaches, data types (BigInteger vs long), and algorithms (binary search vs direct calculation) are fundamentally different.""
}",30
2013_1_1,35305,2013_1_1,30610,CLONE,2026-07-11 14:55:44,"{
  ""answer"": ""NO-NOT-SIMILAR"",
  ""explanation"": ""The two code snippets are not functionally similar. Code snippet 1 implements a binary search algorithm to find the maximum value of 'n' such that a certain mathematical condition involving BigInteger arithmetic is satisfied. It reads from 'input.in', processes the data, and writes results to 'output.txt'. Code snippet 2 is a utility class that provides various helper methods for file I/O, string parsing, mathematical operations, and input/output handling, but does not contain any actual algorithmic logic or problem-solving code. The second snippet appears to be a collection of reusable utilities rather than a complete program solving a specific computational task.""
}",31
2013_1_1,35305,2013_1_1,30305,CLONE,2026-07-11 14:55:46,"{
  ""answer"": ""YES-SIMILAR"",
  ""explanation"": ""Both code snippets solve the same problem: given two integers r and t, find the largest integer n such that the sum 2*n*r + n^2 - n <= t. This is equivalent to finding the maximum number of concentric circles that can be painted with a given amount of paint, where each circle requires 2*r + 2*i + 1 units of paint for the i-th circle. Both implementations use binary search (Snippet 1 explicitly uses while loop with lo/hi bounds, Snippet 2 implicitly uses binary search via sqrt calculation). Snippet 1 performs binary search on the value of n directly, while Snippet 2 calculates the exact mathematical solution using the quadratic formula but implements it with BigInteger arithmetic and square root computation. Despite different approaches, both compute the same mathematical result.""
}",32
2013_1_1,35305,2013_1_1,40715,CLONE,2026-07-11 14:55:47,"{
  ""answer"": ""NO-NOT-SIMILAR"",
  ""explanation"": ""The two code snippets solve different problems and use fundamentally different approaches. Code snippet 1 uses binary search with BigInteger arithmetic to find the maximum number of rings that can be painted given constraints, while code snippet 2 uses mathematical formulas and iterative checking with double precision floating-point arithmetic. The mathematical approach in snippet 2 appears to be solving a quadratic equation, whereas snippet 1 implements a binary search algorithm. Additionally, the input/output handling differs significantly between the two snippets.""
}",33
2013_1_1,30788,2013_1_1,30610,CLONE,2026-07-11 14:55:48,"{
  ""answer"": ""NO-NOT-SIMILAR"",
  ""explanation"": ""The two code snippets are not functionally similar. Code snippet 1 is a complete, self-contained program that solves a specific mathematical problem involving calculating a value 'n' based on given parameters 'R' and 'T', using quadratic formula solving and file I/O operations. It reads from a fixed input file and writes to a fixed output file. Code snippet 2 is a utility class that provides various helper methods for file reading, printing, and mathematical operations, but does not contain any actual problem-solving logic or main execution flow. While both use Java I/O and math operations, they serve completely different purposes - one solves a specific computational problem while the other provides reusable utility functions.""
}",34
2013_1_1,30788,2013_1_1,30305,CLONE,2026-07-11 14:55:49,"{
  ""answer"": ""YES-SIMILAR"",
  ""explanation"": ""Both code snippets solve the same problem: given values R and T, calculate the maximum number of black circles that can be painted around a white circle of radius R, where each black circle has radius 1 and the total area covered by black circles does not exceed T. Both use the mathematical formula derived from solving a quadratic equation to find this value. While they differ in implementation details (Scanner vs BufferedReader, PrintWriter vs System.out, exact variable names, and some minor code structure), they perform identical computations and achieve the same functional outcome.""
}",35
2013_1_1,30788,2013_1_1,40715,CLONE,2026-07-11 14:55:50,"{
  ""answer"": ""NO-NOT-SIMILAR"",
  ""explanation"": ""The two code snippets are not functionally similar. While both appear to solve a problem involving calculating how many circles can be painted given certain constraints, they use different mathematical approaches and algorithms. Code snippet 1 uses a direct quadratic formula approach to calculate the number of circles, while code snippet 2 uses an iterative approach with a loop to find the solution. Additionally, the variable names, input/output handling, and mathematical formulations differ significantly between the two snippets.""
}",36
2013_1_1,30610,2013_1_1,30305,CLONE,2026-07-11 14:55:51,"{
  ""answer"": ""NO-NOT-SIMILAR"",
  ""explanation"": ""The two code snippets have completely different purposes and functionalities. Code Snippet 1 is a utility class that provides various helper methods for file I/O, string parsing, mathematical operations, and input/output handling. It's designed as a general-purpose utility class with methods for reading from files or standard input, writing to files or standard output, performing basic math operations, and error handling. Code Snippet 2 is a complete program solving a specific algorithmic problem (likely from Code Jam) that involves reading input from a file, processing large numbers using BigInteger arithmetic, calculating square roots, and outputting results in a specific format. The two snippets serve entirely different purposes and implement different algorithms.""
}",37
2013_1_1,30610,2013_1_1,40715,CLONE,2026-07-11 14:55:52,"{
  ""answer"": ""NO-NOT-SIMILAR"",
  ""explanation"": ""The two code snippets have completely different purposes and functionalities. Code snippet 1 is a utility class that provides various helper methods for file I/O operations, string parsing, mathematical functions, and input/output handling. It appears to be a general-purpose utility class that could be reused across different programs. Code snippet 2 is a specific program that solves a particular computational problem (related to calculating the number of paint circles that can be painted given constraints). It reads from a specific input file, performs mathematical calculations, and writes results to an output file. The first snippet is a utility library while the second is a complete problem-solving program with specific business logic.""
}",38
2013_1_1,30305,2013_1_1,40715,CLONE,2026-07-11 14:55:54,"{
  ""answer"": ""YES-SIMILAR"",
  ""explanation"": ""Both code snippets solve the same problem from Google Code Jam Round 1A 2013, Problem A (often called 'The Problem with the Paint'). They both read input values r (radius) and t (amount of paint), and calculate how many black rings can be painted around a white circle. Both implement mathematical solutions involving quadratic equations to find the maximum number of rings. While Code Snippet 1 uses BigInteger for precision with large numbers and implements custom square root functions, Code Snippet 2 uses double arithmetic and a more direct mathematical approach. However, both ultimately compute the same mathematical result using different numerical methods.""
}",39
2014_0_2,107403,2014_0_2,81302,CLONE,2026-07-11 14:55:55,"{
  ""answer"": ""YES-SIMILAR"",
  ""explanation"": ""Both code snippets solve the same problem: determining the optimal strategy to minimize the time to reach a target amount of cookies in the 'Cookie Clicker' problem from Google Code Jam. They both use a greedy approach where they compare the time to finish without buying a farm versus the time to buy a farm and then finish. Both implement the same core algorithm with identical logic flow and mathematical approach, differing only in minor syntactic variations (e.g., variable names, formatting, input/output handling methods) and slight differences in how they structure the loop condition and output formatting.""
}",40
2014_0_2,107403,2014_0_2,27351,CLONE,2026-07-11 14:55:56,"{
  ""answer"": ""YES-SIMILAR"",
  ""explanation"": ""Both code snippets implement the same algorithm to solve the same problem, which appears to be the 'Cookie Clicker' problem from Google Code Jam. They both use a greedy approach where they compare the time needed to win without buying a farm versus buying a farm and then winning. Both calculate the optimal time by incrementally purchasing farms when beneficial until the benefit of buying another farm is less than continuing without buying. The core logic and mathematical approach are identical, though they differ in naming conventions, input/output handling methods, and some minor structural details.""
}",41
2014_0_2,107403,2014_0_2,41018,CLONE,2026-07-11 14:55:57,"{
  ""answer"": ""YES-SIMILAR"",
  ""explanation"": ""Both code snippets solve the same problem: determining the optimal strategy for buying cookie farms to minimize the time to reach a target number of cookies. They both use the same core algorithm - comparing the time to reach the goal directly versus the time to buy a farm and then reach the goal with increased production rate. The key logic in both is identical: while (X / rate > C / rate + X / (rate + F)), accumulate time and increase rate. The only differences are in input/output handling (Scanner vs BufferedReader), variable naming conventions, and file naming, but the functional behavior and algorithmic approach are the same.""
}",42
2014_0_2,107403,2014_0_2,110678,CLONE,2026-07-11 14:55:58,"{
  ""answer"": ""YES-SIMILAR"",
  ""explanation"": ""Both code snippets solve the same problem: determining the optimal strategy for earning cookies in a cookie clicker-style game. They both use the same core algorithm - calculating when it's beneficial to buy farms (upgrade the cookie production rate) versus waiting. Both implement a while loop that compares the time to win without buying a farm versus the time to win after buying a farm. The key logic in both is identical: while (X / rate > C / rate + X / (rate + F)), they accumulate time and increase the rate. The only differences are in I/O handling (file vs stdin/stdout), variable naming, and minor structural differences, but the functional behavior and algorithmic approach are the same.""
}",43
2014_0_2,81302,2014_0_2,27351,CLONE,2026-07-11 14:55:59,"{
  ""answer"": ""YES-SIMILAR"",
  ""explanation"": ""Both code snippets implement the same algorithm to solve the Cookie Clicker problem from Google Code Jam. They both use a greedy approach where they compare the time needed to win without buying a farm versus buying a farm and then winning. Both calculate the optimal strategy by comparing these two options iteratively until the best solution is found. The core logic and mathematical approach are identical, though they differ in input/output handling (file vs standard I/O) and some variable naming.""
}",44
2014_0_2,81302,2014_0_2,41018,CLONE,2026-07-11 14:56:00,"{
  ""answer"": ""YES-SIMILAR"",
  ""explanation"": ""Both code snippets solve the same problem: determining the minimum time to reach a target number of cookies in the 'Cookie Clicker' game from Google Code Jam 2014. They both use a greedy algorithm approach where they compare the time to reach the goal directly versus buying a farm and then reaching the goal with increased production rate. Both implement the same core logic: calculate time to goal vs time to buy farm plus time to goal with higher rate, and if buying a farm is better, purchase it and continue. The only differences are in input/output handling (Scanner vs BufferedReader), variable naming, file naming conventions, and minor formatting, but the fundamental algorithm and logic are identical.""
}",45
2014_0_2,81302,2014_0_2,110678,CLONE,2026-07-11 14:56:01,"{
  ""answer"": ""YES-SIMILAR"",
  ""explanation"": ""Both code snippets solve the same problem: determining the optimal strategy for buying farms in a cookie-clicker-like game to minimize the total time to reach X cookies. They both use a greedy approach where they compare the time needed to win without buying a farm versus the time needed to buy a farm and then win. The core logic is identical: calculate time to win at current rate vs time to buy farm + time to win at increased rate, and if buying the farm helps, purchase it and continue. The only differences are in input/output handling (file vs stdin/stdout) and minor variable naming, but the algorithmic approach and functional behavior are the same.""
}",46
2014_0_2,27351,2014_0_2,41018,CLONE,2026-07-11 14:56:03,"{
  ""answer"": ""YES-SIMILAR"",
  ""explanation"": ""Both code snippets solve the same problem: determining the minimum time to reach a target number of cookies in the 'Cookie Clicker' problem from Google Code Jam. They use identical algorithmic approaches - greedy optimization where the program decides whether to buy a farm or continue without buying based on comparing the time to reach the goal directly versus buying a farm and then reaching the goal. Both implement the same core logic using similar variable names (c/f/x vs cost/extra/goal), and both iterate until no more beneficial farms can be bought. The only differences are in input/output handling (Scanner vs BufferedReader/StringTokenizer, System.out vs PrintWriter) and minor variable naming conventions, but the functional behavior and algorithmic approach are fundamentally the same.""
}",47
2014_0_2,27351,2014_0_2,110678,CLONE,2026-07-11 14:56:04,"{
  ""answer"": ""YES-SIMILAR"",
  ""explanation"": ""Both code snippets solve the same problem: determining the optimal strategy for collecting cookies in the 'Cookie Clicker' problem from Google Code Jam. They both use a greedy approach where they compare the time needed to win without buying a farm versus buying a farm and then winning. Both algorithms:\n\n1. Read input values (farm cost C, farm rate increase F, target cookies X)\n2. Start with initial cookie production rate (2.0)\n3. Compare time to win with current rate vs time to buy farm + win with increased rate\n4. If buying farm is beneficial, update rate and accumulate time\n5. Continue until buying farms no longer improves winning time\n6. Output the final minimum time\n\nThe core logic and algorithmic approach are identical, though implemented with slightly different variable names and minor structural differences.""
}",48
2014_0_2,41018,2014_0_2,110678,CLONE,2026-07-11 14:56:05,"{
  ""answer"": ""YES-SIMILAR"",
  ""explanation"": ""Both code snippets solve the same problem: determining the optimal strategy for buying farms to minimize the time needed to reach a target number of cookies in the 'Cookie Clicker' game. They both use a greedy approach where they compare the time to win without buying a farm versus the time to buy a farm and then win. The core logic and algorithmic approach are identical, though they differ in input/output mechanisms (file I/O vs standard input/output) and variable naming conventions.""
}",49
2014_0_3,108079,2014_0_3,27551,CLONE,2026-07-11 14:56:06,"{
  ""answer"": ""NO-NOT-SIMILAR"",
  ""explanation"": ""The two code snippets implement different approaches to solve the Minesweeper problem. Code Snippet 1 uses a dynamic programming approach with a knapsack-like algorithm to determine valid configurations, while Code Snippet 2 uses a greedy approach with specific rules for different board dimensions. The handling of edge cases, the logic for placing mines, and the overall algorithmic strategies are fundamentally different between the two implementations.""
}",50
2014_0_3,108079,2014_0_3,99421,CLONE,2026-07-11 14:56:07,"{
  ""answer"": ""NO-NOT-SIMILAR"",
  ""explanation"": ""These two code snippets implement completely different approaches to solve what appears to be the same problem - Minesweeper board generation. Code Snippet 1 uses a dynamic programming approach with a knapsack-like algorithm to determine valid configurations, while Code Snippet 2 uses a greedy heuristic approach trying different strategies to place empty cells. The core algorithms, data structures, and problem-solving methodologies are fundamentally different. Additionally, their input/output formats and handling of edge cases differ significantly.""
}",51
2014_0_3,108079,2014_0_3,22792,CLONE,2026-07-11 14:56:08,"{
  ""answer"": ""YES-SIMILAR"",
  ""explanation"": ""Both code snippets implement solutions for the Minesweeper problem from Google Code Jam, specifically for the 'C-large' problem. They both aim to place mines on a grid such that the remaining empty spaces form a connected region starting from the top-left corner ('c'). Both programs read input from files, process multiple test cases, and output results to files. While their implementation approaches differ significantly (one uses dynamic programming with knapsack-like approach, the other uses a greedy placement algorithm with neighbor marking), they ultimately solve the same problem with identical input/output formats and logic requirements. The core functionality of generating valid Minesweeper board configurations is the same in both.""
}",52
2014_0_3,108079,2014_0_3,71973,CLONE,2026-07-11 14:56:09,"{
  ""answer"": ""NO-NOT-SIMILAR"",
  ""explanation"": ""The two code snippets implement different algorithms for solving the Minesweeper board generation problem. Code Snippet 1 uses a dynamic programming approach with a knapsack-like method to determine valid configurations, while Code Snippet 2 uses a greedy algorithm that fills cells based on minimizing adjacent empty cells. The core logic, approach, and implementation strategies are fundamentally different. Additionally, the output formatting and handling of edge cases vary between the two implementations.""
}",53
2014_0_3,27551,2014_0_3,99421,CLONE,2026-07-11 14:56:11,"{
  ""answer"": ""NO-NOT-SIMILAR"",
  ""explanation"": ""The two code snippets solve different problems and have fundamentally different approaches. Code Snippet 1 solves a Minesweeper-like problem where it attempts to generate a valid Minesweeper board configuration given dimensions and mine count, returning 'Impossible' when no valid configuration exists. Code Snippet 2 also solves a Minesweeper-like problem but uses a more complex algorithm involving strategic placement of mines and empty cells based on heuristics and multiple comparison strategies. While both deal with Minesweeper board generation, their algorithms, approaches, and implementation details are significantly different. Snippet 1 has specific hardcoded cases for small boards and simple filling logic, while Snippet 2 uses a sophisticated approach with threading, multiple comparators, and iterative optimization strategies.""
}",54
2014_0_3,27551,2014_0_3,22792,CLONE,2026-07-11 14:56:12,"{
  ""answer"": ""YES-SIMILAR"",
  ""explanation"": ""Both code snippets implement solutions for the Minesweeper click problem from Google Code Jam. They both read input parameters (rows, columns, mines), attempt to arrange mines in a grid such that the remaining cells can be revealed, and output either an impossible message or a valid grid configuration. Both use similar strategies: handling edge cases for small grids (1xN, Nx1, 2xN, Nx2), checking for impossible configurations based on remaining cells, and filling the grid with mines strategically. The core logic of placing mines and determining valid arrangements is fundamentally the same, though implemented with different approaches and variable naming conventions.""
}",55
2014_0_3,27551,2014_0_3,71973,CLONE,2026-07-11 14:56:13,"{
  ""answer"": ""NO-NOT-SIMILAR"",
  ""explanation"": ""The two code snippets implement different algorithms for solving what appears to be the same problem (Minesweeper board generation). Code Snippet 1 uses a systematic approach based on rows/columns and specific rules for different board dimensions, particularly handling edge cases like 1xN, Nx1, 2xN, and Nx2 boards. It attempts to place mines strategically to create a valid configuration. Code Snippet 2 uses a different approach where it starts with all mines ('*'), places the click cell ('c') at position [0][0], then iteratively converts adjacent mine cells to empty ('.') cells. The algorithmic approaches, control flow, and solution strategies are fundamentally different, making them not functionally similar.""
}",56
2014_0_3,99421,2014_0_3,22792,CLONE,2026-07-11 14:56:15,"{
  ""answer"": ""YES-SIMILAR"",
  ""explanation"": ""Both code snippets solve the same problem: the Minesweeper clicker problem from Google Code Jam. They both aim to find a valid configuration of mines on a grid such that clicking the top-left corner reveals all non-mine cells. Both implementations use similar high-level approaches: they read input cases, attempt to place mines strategically, and output either a valid solution or 'Impossible'. While the specific algorithms and implementation details differ (e.g., threading in the first snippet, different placement strategies, various helper methods), the core functionality and problem-solving approach are fundamentally the same.""
}",57
2014_0_3,99421,2014_0_3,71973,CLONE,2026-07-11 14:56:16,"{
  ""answer"": ""NO-NOT-SIMILAR"",
  ""explanation"": ""The two code snippets solve different problems and have fundamentally different approaches. Code Snippet 1 is a complex multi-threaded solution for a Minesweeper-like puzzle where it attempts to place mines and empty cells according to specific rules using various heuristics and multiple strategies. It uses threading, complex data structures, and multiple comparator strategies. Code Snippet 2 solves a simpler grid filling problem where it fills a grid with mines ('*') and empty spaces ('.') starting from a click position ('c'), following a greedy algorithm that expands from the initial click. The core logic, problem domain, and implementation approaches are completely different.""
}",58
2014_0_3,22792,2014_0_3,71973,CLONE,2026-07-11 14:56:17,"{
  ""answer"": ""NO-NOT-SIMILAR"",
  ""explanation"": ""The two code snippets implement different approaches to solve what appears to be the same problem (Minesweeper board generation). Code Snippet 1 uses a complex algorithm involving marking neighbors, tracking possible mine placements, and iterative selection based on neighbor counts. Code Snippet 2 uses a simpler greedy approach that fills cells in a spiral-like pattern starting from the top-left corner. While both attempt to generate a Minesweeper board with a click cell and place mines appropriately, their methodologies and logic are fundamentally different. The first snippet focuses on strategic mine placement with neighbor consideration, while the second uses a sequential filling approach. Additionally, the output formatting and error handling differ between the two implementations.""
}",59
2014_2_1,124976,2014_2_1,115332,CLONE,2026-07-11 14:56:18,"{
  ""answer"": ""YES-SIMILAR"",
  ""explanation"": ""Both code snippets implement the same algorithm for solving a problem involving string manipulation and calculating minimum operations to make strings identical. They both: 1) Read input from files (or standard input), 2) Parse multiple test cases, 3) Process strings to identify character sequences and their counts, 4) Check for compatibility between strings (Fegla Won condition), 5) Calculate minimum operations needed to equalize character frequencies across strings, and 6) Output results in the same format. While the implementation details differ (e.g., use of StringBuffer vs PrintWriter, different variable naming, and slightly different control flow structures), the core logic and functionality are equivalent.""
}",60
2014_2_1,124976,2014_2_1,119554,CLONE,2026-07-11 14:56:20,"{
  ""answer"": ""YES-SIMILAR"",
  ""explanation"": ""Both code snippets solve the same problem: determining the minimum number of moves to make a set of strings identical by removing or adding characters, with the constraint that characters must appear in the same order. Both use the same core algorithm: 1) Parse input strings and compress them into character-run sequences (character and count pairs), 2) Check if all strings have the same character sequence (if not, 'Fegla Won'), 3) Calculate the optimal number of operations needed to make all character runs have the same count by finding the median (or near-median) values. The key logic for handling character compression, validation, and cost calculation is fundamentally the same in both snippets.""
}",61
2014_2_1,124976,2014_2_1,126555,CLONE,2026-07-11 14:56:21,"{
  ""answer"": ""NO-NOT-SIMILAR"",
  ""explanation"": ""The two code snippets implement different algorithms for solving what appears to be a string manipulation problem. Code snippet 1 processes input from files, analyzes character sequences to determine if strings can be made identical through operations, and calculates minimum moves needed. It uses a complex approach with character counting and sequence analysis. Code snippet 2 uses a recursive approach with filtering and stack-based character comparison to determine if strings have compatible patterns and calculates moves differently. While both deal with string processing and calculating minimum operations, their approaches, data structures, and logic flow are fundamentally different.""
}",62
2014_2_1,124976,2014_2_1,125050,CLONE,2026-07-11 14:56:22,"{
  ""answer"": ""YES-SIMILAR"",
  ""explanation"": ""Both code snippets solve the same problem: determining the minimum number of moves to make a set of strings identical by removing or adding characters, where each string consists of repeated characters. Both use a character grouping approach to identify unique character sequences and their counts, then calculate the optimal number of moves needed to balance these counts across all strings. They both handle the case where strings have different structures by returning 'Fegla Won'. The core algorithm and logic are fundamentally the same, though implemented with different variable names, input handling methods, and some structural differences.""
}",63
2014_2_1,115332,2014_2_1,119554,CLONE,2026-07-11 14:56:23,"{
  ""answer"": ""YES-SIMILAR"",
  ""explanation"": ""Both code snippets solve the same problem: determining the minimum number of character changes needed to make a set of strings identical, or returning 'Fegla Won' if it's impossible. They both:\n\n1. Read multiple strings and process them to identify character sequences and their frequencies\n2. Check if all strings have the same character pattern (same sequence of unique characters)\n3. If patterns match, calculate the optimal number of operations by finding median-like values for each position\n4. Return 'Fegla Won' if patterns don't match, otherwise return the calculated cost\n\nThe core logic for processing strings, checking consistency, and computing minimum operations is fundamentally the same, though implemented with different data structures and variable names.""
}",64
2014_2_1,115332,2014_2_1,126555,CLONE,2026-07-11 14:56:24,"{
  ""answer"": ""NO-NOT-SIMILAR"",
  ""explanation"": ""The two code snippets implement different algorithms for solving what appears to be a string manipulation problem. Code Snippet 1 processes strings by creating a matrix representation and finding minimum operations through a complex parsing and calculation process. Code Snippet 2 uses a recursive approach with filtering and stack-based character comparison to determine if strings can be made identical with minimal operations. While both deal with string processing and calculating minimum moves, their approaches, data structures, and algorithms are fundamentally different. Additionally, the input/output mechanisms and problem handling differ significantly between the two implementations.""
}",65
2014_2_1,115332,2014_2_1,125050,CLONE,2026-07-11 14:56:25,"{
  ""answer"": ""YES-SIMILAR"",
  ""explanation"": ""Both code snippets solve the same problem: determining the minimum number of character moves required to make all strings identical by grouping consecutive characters. They both use a similar approach of:\n1. Reading multiple strings\n2. Analyzing character groups (consecutive identical characters)\n3. Ensuring all strings have the same character group structure\n4. Calculating minimum operations needed to make each group have the same count\n5. Returning \""Fegla Won\"" if the strings cannot be made identical\n\nThe core logic for grouping characters, checking consistency across strings, and computing minimum moves is fundamentally the same in both snippets, though implemented with different variable names and slightly different code structures.""
}",66
2014_2_1,119554,2014_2_1,126555,CLONE,2026-07-11 14:56:26,"{
  ""answer"": ""NO-NOT-SIMILAR"",
  ""explanation"": ""The two code snippets implement different algorithms for solving what appears to be a string manipulation problem. Code snippet 1 processes strings by grouping consecutive identical characters and calculating minimum moves to make all strings have the same character groupings, while code snippet 2 uses a recursive approach to remove common prefixes and calculate minimum moves based on string lengths. The core logic, data structures, and algorithmic approaches are fundamentally different, making them not functionally similar.""
}",67
2014_2_1,119554,2014_2_1,125050,CLONE,2026-07-11 14:56:28,"{
  ""answer"": ""YES-SIMILAR"",
  ""explanation"": ""Both code snippets solve the same problem: determining the minimum number of character changes needed to make a set of strings identical by grouping consecutive identical characters. They both:\n\n1. Read input data (number of test cases, then number of strings per case)\n2. Process each string to group consecutive identical characters into character-count pairs\n3. Validate that all strings have the same sequence of unique characters\n4. Calculate the optimal number of moves by finding the median-like value that minimizes total absolute differences\n5. Output results in the same format (\""Case #X: Y\"" where Y is either the move count or \""Fegla Won\"")\n\nThe core algorithmic approach is identical, though the implementation details differ (e.g., using classes vs arrays, different I/O approaches, variable naming). Both handle the same edge cases and produce the same outputs.""
}",68
2014_2_1,126555,2014_2_1,125050,CLONE,2026-07-11 14:56:29,"{
  ""answer"": ""YES-SIMILAR"",
  ""explanation"": ""Both code snippets solve the same problem: determining the minimum number of moves to make a list of strings identical by removing characters from the beginning of strings. They both use a greedy approach where they first validate that all strings have the same character sequence pattern, then calculate the optimal number of moves needed to make all strings have the same length for each character group. Both handle edge cases like mismatched patterns (returning 'Fegla Won') and compute the minimum moves by trying all possible target lengths for each character group and finding the one that minimizes total moves.""
}",69
2014_3_1,141827,2014_3_1,137264,CLONE,2026-07-11 14:56:30,"{
  ""answer"": ""YES-SIMILAR"",
  ""explanation"": ""Both code snippets solve the same problem: determining the minimum number of generations required for a population to reach a certain ratio p/q, where the population doubles each generation. In Code Snippet 1, this is handled by the main_A method which calculates the number of steps needed to represent p/q in binary form, while Code Snippet 2 directly computes the same value using binary search on powers of 2. Both approaches use GCD to reduce fractions and check if the denominator is a power of 2. If not, the result is 'impossible'. The core algorithmic approach and problem domain are identical, though implemented differently.""
}",70
2014_3_1,141827,2014_3_1,138894,CLONE,2026-07-11 14:56:31,"{
  ""answer"": ""YES-SIMILAR"",
  ""explanation"": ""Both code snippets solve the same problem: determining the number of generations needed for a fraction P/Q to reach 1/2 or less through binary division, or returning 'impossible' if it's not achievable within 40 steps. Code Snippet 1 implements this logic in the main_A method using a loop that repeatedly divides Q by 2 and counts steps, while Code Snippet 2 uses a more direct approach with a loop checking conditions and calling helper methods. Both use the same core algorithmic approach, have identical input/output formats, and handle the same edge cases. The primary difference is in implementation style and additional features like file handling and multiple problem solving methods in Code Snippet 1.""
}",71
2014_3_1,141827,2014_3_1,136615,CLONE,2026-07-11 14:56:32,"{
  ""answer"": ""NO-NOT-SIMILAR"",
  ""explanation"": ""The two code snippets are not functionally similar. While both deal with parsing input files and processing fractions, they solve completely different problems. Code snippet 1 handles four different problems (A, B, C, D) with distinct logic for each, whereas code snippet 2 specifically solves the 'Part Elf' problem from Google Code Jam, focusing on determining the generation of an elf based on a fraction. The algorithms, input handling, and output formats differ significantly between the two.""
}",72
2014_3_1,141827,2014_3_1,138529,CLONE,2026-07-11 14:56:33,"{
  ""answer"": ""NO-NOT-SIMILAR"",
  ""explanation"": ""The two code snippets are not functionally similar. While both handle input/output operations and process problems from files, they address completely different problems. Code Snippet 1 appears to solve multiple problems (A, B, C, D) with distinct logic for each, where Problem A involves calculating the number of generations for a fraction to reach 1/2^k form. Code Snippet 2 specifically solves Problem A from Google Code Jam 2014 Round 1C, using GCD and bit manipulation to determine if a fraction can be expressed as 1/2^k and calculate the generation count. The algorithms, data structures, and problem-solving approaches are fundamentally different.""
}",73
2014_3_1,137264,2014_3_1,138894,CLONE,2026-07-11 14:56:34,"{
  ""answer"": ""YES-SIMILAR"",
  ""explanation"": ""Both code snippets solve the same problem: determining the minimum number of generations needed for a population to reach a certain ratio P/Q, where the population doubles each generation. Both use GCD to reduce fractions, check if the denominator is a power of 2, and calculate the answer using binary search or iterative division. The core logic and mathematical approach are fundamentally the same, though implemented differently - one uses precomputed powers of 2 and binary search while the other uses iterative halving and checks for powers of 2.""
}",74
2014_3_1,137264,2014_3_1,136615,CLONE,2026-07-11 14:56:36,"{
  ""answer"": ""YES-SIMILAR"",
  ""explanation"": ""Both code snippets solve the same problem: determining the minimum number of generations required for a part-elf to reach full elf status based on a given fraction P/Q. They both:\n1. Read input fractions P/Q\n2. Simplify the fraction using GCD\n3. Check if the denominator is a power of 2 (required condition for solvability)\n4. Calculate the minimum generations needed\n5. Output results in the format \""Case #X: Y\"" where X is case number and Y is result\n\nThe core logic is identical - both check if Q is a power of 2, and if so, find the smallest j such that P * 2^j >= Q. The only differences are in I/O implementation (BufferedReader vs Scanner, BufferedOutputStream vs BufferedWriter), file handling, and minor variable naming, but the algorithmic approach and final outcome are equivalent.""
}",75
2014_3_1,137264,2014_3_1,138529,CLONE,2026-07-11 14:56:37,"{
  ""answer"": ""YES-SIMILAR"",
  ""explanation"": ""Both code snippets solve the same problem: determining the minimum number of generations needed for a population to reach a given ratio p/q, where the population doubles each generation. They both use GCD to reduce fractions, check if the denominator is a power of 2, and calculate the result based on bit operations or binary search. The core logic and mathematical approach are identical, though implemented with different coding styles and I/O methods.""
}",76
2014_3_1,138894,2014_3_1,136615,CLONE,2026-07-11 14:56:38,"{
  ""answer"": ""YES-SIMILAR"",
  ""explanation"": ""Both code snippets solve the same problem: determining the generation number when a fraction P/Q represents a part-elf, where the generation is calculated based on how many times the denominator Q can be divided by 2 to reach a power of 2. Both use GCD to reduce fractions and check if the denominator is a power of 2. The core logic for checking if a number is a power of 2 and calculating the generation count is essentially the same, though implemented differently (one uses bit manipulation and loop counting, the other uses recursive GCD and direct division). Both handle the same edge cases and produce identical outputs for the same inputs.""
}",77
2014_3_1,138894,2014_3_1,138529,CLONE,2026-07-11 14:56:39,"{
  ""answer"": ""YES-SIMILAR"",
  ""explanation"": ""Both code snippets solve the same problem: determining the minimum number of generations needed for a population to reach a certain ratio P/Q, where the population doubles each generation. They both use a similar approach of checking if the ratio can be expressed as a power of 2 and calculating the difference between exponents. Both implementations read input from files, parse fractions, and output results in the same format (Case #X: result). While the implementation details differ (e.g., different variable names, slightly different logic paths, and different GCD implementations), they fundamentally perform the same task and arrive at the same solution approach.""
}",78
2014_3_1,136615,2014_3_1,138529,CLONE,2026-07-11 14:56:40,"{
  ""answer"": ""YES-SIMILAR"",
  ""explanation"": ""Both code snippets solve the same problem: determining the generation number when a fraction P/Q can be expressed as a binary fraction (i.e., P/Q = x/2^k for some integer x). They both read input from files, parse fractions, calculate the greatest common divisor (GCD), check if the denominator is a power of 2, and compute how many times the numerator needs to be multiplied by 2 to reach a value between 1 and 2. Both output 'impossible' when the fraction cannot be represented in the required form, and output the generation number otherwise. While the implementation details differ (e.g., using different data structures, variable names, and I/O methods), the core algorithm and logic are identical.""
}",79
2015_0_1,79967,2015_0_1,35102,CLONE,2026-07-11 14:56:42,"{
  ""answer"": ""NO-NOT-SIMILAR"",
  ""explanation"": ""The two code snippets implement different algorithms for solving the same problem. Code snippet 1 processes the input by reading from a file, parsing each line to extract maximum shyness level and audience string, then calculates how many friends are needed to ensure all audience members stand. Code snippet 2 also reads from a file but uses a different approach where it iterates through each shyness level and checks if enough people are already standing before adding more. The core logic differs significantly: snippet 1 starts with the first person already standing and builds up, while snippet 2 iterates through each shyness level and adds people accordingly. Additionally, the input parsing methods and output formatting differ between the two snippets.""
}",80
2015_0_1,79967,2015_0_1,68106,CLONE,2026-07-11 14:56:43,"{
  ""answer"": ""YES-SIMILAR"",
  ""explanation"": ""Both code snippets solve the same problem: determining the minimum number of friends needed to stand so that everyone in the audience can clap. They both use a greedy approach where they track the number of people standing and calculate how many additional people are needed when the current standing count is insufficient for the shyness level of the next person. The core logic is identical: for each position in the audience string, if the current standing count is less than the shyness level (position index), additional friends must stand to make up the difference. Both snippets read input from files, process test cases, and output results in the same format ('Case #X: Y'). The variable names and some minor structural differences don't affect the functional equivalence.""
}",81
2015_0_1,79967,2015_0_1,65869,CLONE,2026-07-11 14:56:44,"{
  ""answer"": ""YES-SIMILAR"",
  ""explanation"": ""Both code snippets solve the same problem: determining the minimum number of friends needed to stand up so that everyone in an audience can stand. They both read input from files, process each test case to calculate required friends, and output results in the same format (\""Case #X: Y\""). The core algorithm logic is identical - both track cumulative standing people and calculate how many additional friends are needed when the current standing count is insufficient for the audience level at each position.""
}",82
2015_0_1,79967,2015_0_1,46754,CLONE,2026-07-11 14:56:45,"{
  ""answer"": ""YES-SIMILAR"",
  ""explanation"": ""Both code snippets solve the same problem: determining the minimum number of friends needed to stand up so that everyone in an audience can stand. They both read input from files, process each test case, and output results in the same format ('Case #X: Y'). The core logic is equivalent - tracking cumulative standing people and calculating how many additional friends are needed when the current standing count is insufficient for the current shyness level. While they use different I/O approaches (BufferedReader/PrintStream vs Scanner/BufferedWriter) and slightly different variable names, the algorithmic approach and final result are identical.""
}",83
2015_0_1,35102,2015_0_1,68106,CLONE,2026-07-11 14:56:46,"{
  ""answer"": ""YES-SIMILAR"",
  ""explanation"": ""Both code snippets solve the same problem: determining the minimum number of friends needed to be invited so that everyone in an audience stands up during a standing ovation. The core logic is identical: for each shyness level, if the number of people already standing is sufficient to accommodate the current shyness level, add the audience at that level to the standing count; otherwise, calculate how many friends are needed to make up the difference, add those friends and the audience to the standing count. Both use a greedy approach and produce the same output format. The differences are only in file I/O handling (using different paths/files), variable naming, and minor structural differences, but the algorithmic approach and functional behavior are the same.""
}",84
2015_0_1,35102,2015_0_1,65869,CLONE,2026-07-11 14:56:47,"{
  ""answer"": ""YES-SIMILAR"",
  ""explanation"": ""Both code snippets solve the same problem: determining the minimum number of friends needed to ensure all audience members stand up during a performance based on their shyness levels. They both read input from files, process data to calculate required friends, and write results to output files. The core logic in both involves iterating through shyness levels, tracking cumulative standing people, and calculating additional friends needed when the current standing count is insufficient for the next shyness level. While the implementation details differ (different variable names, slightly different calculation approaches, different I/O handling), the fundamental algorithm and purpose are identical.""
}",85
2015_0_1,35102,2015_0_1,46754,CLONE,2026-07-11 14:56:48,"{
  ""answer"": ""YES-SIMILAR"",
  ""explanation"": ""Both code snippets solve the same problem: determining the minimum number of friends needed to stand up in a crowd based on shyness levels. They both read input from files, process each test case using a loop over shyness levels, and calculate the required friends. The core logic in both is equivalent - they track cumulative standing people and determine when additional friends are needed. The main differences are in file handling (Paths vs File), variable names, and minor formatting, but the functional behavior is identical.""
}",86
2015_0_1,68106,2015_0_1,65869,CLONE,2026-07-11 14:56:49,"{
  ""answer"": ""YES-SIMILAR"",
  ""explanation"": ""Both code snippets solve the same problem: determining the minimum number of additional people needed to ensure everyone can stand during a show, given a string where each character represents the number of people with that shyness level. Both use a greedy approach to track cumulative standing people and calculate how many new people need to be added when the current standing count is insufficient for the next shyness level. The core logic and algorithm are identical, though implemented with different variable names and code structures.""
}",87
2015_0_1,68106,2015_0_1,46754,CLONE,2026-07-11 14:56:50,"{
  ""answer"": ""YES-SIMILAR"",
  ""explanation"": ""Both code snippets solve the same problem: determining the minimum number of friends needed to ensure all audience members can stand during an ovation event. They both use a greedy approach where they track the cumulative number of people who are already standing and calculate how many additional people (friends) need to be added when the cumulative count is insufficient for the current shyness level. The core logic in both snippets is equivalent, though they differ slightly in variable naming, input/output handling, and minor structural details.""
}",88
2015_0_1,65869,2015_0_1,46754,CLONE,2026-07-11 14:56:51,"{
  ""answer"": ""YES-SIMILAR"",
  ""explanation"": ""Both code snippets solve the same problem: determining the minimum number of friends needed to ensure everyone can clap at a standing ovation. They both read input from files, process each test case to calculate the required number of friends, and write output to files. The core algorithm is identical - tracking cumulative applause levels and determining when additional friends are needed. The main differences are in I/O handling (BufferedReader/BufferedWriter vs Scanner/BufferedWriter) and variable naming, but the functional behavior is the same.""
}",89
2015_0_2,34257,2015_0_2,32722,CLONE,2026-07-11 14:56:52,"{
  ""answer"": ""YES-SIMILAR"",
  ""explanation"": ""Both code snippets solve the same problem: finding the minimum time needed to eat all pancakes given that you can split a pancake into two equal-sized pancakes in one minute. In Code Snippet 1, this is done using a priority queue approach where the largest pancake is repeatedly cut until optimal. In Code Snippet 2, it uses a mathematical approach trying all possible numbers of minutes (from 1 to max pancakes) and calculating the minimum time required. Both approaches aim to minimize the total time including both eating and splitting operations, and they produce the same output for the same input.""
}",90
2015_0_2,34257,2015_0_2,77145,CLONE,2026-07-11 14:56:53,"{
  ""answer"": ""NO-NOT-SIMILAR"",
  ""explanation"": ""The two code snippets solve different problems. Code snippet 1 is a solution to a pancake flipping problem where pancakes are processed using a priority queue and recursive logic to minimize the number of operations needed to reduce the maximum pancake size. Code snippet 2 solves a different problem involving finding the minimum number of operations to make all elements in an array equal by dividing them into subparts. The core algorithms, data structures (priority queue vs simple array), and problem domains are completely different.""
}",91
2015_0_2,34257,2015_0_2,72707,CLONE,2026-07-11 14:56:54,"{
  ""answer"": ""NO-NOT-SIMILAR"",
  ""explanation"": ""The two code snippets implement fundamentally different algorithms for solving what appears to be the same problem (likely Google Code Jam's 'Pancake Deque' problem). Code snippet 1 uses a recursive approach with a priority queue of Pancake objects that can be cut, while code snippet 2 uses an iterative approach with a priority queue of integers and calculates optimal cuts using mathematical formulas. The core logic, data structures, and algorithmic approaches are completely different, making them not functionally similar.""
}",92
2015_0_2,34257,2015_0_2,68668,CLONE,2026-07-11 14:56:56,"{
  ""answer"": ""YES-SIMILAR"",
  ""explanation"": ""Both code snippets solve the same problem: finding the minimum number of minutes required to eat all pancakes, where each minute you can either eat one pancake from a stack or split one stack into two equal-sized stacks (with rounding up). In Code Snippet 1, the solution uses a priority queue to always process the largest stack first, simulating the optimal strategy of splitting large stacks. In Code Snippet 2, the solution tries all possible numbers of splits (from 1 to 1000) and calculates the total time needed for each case, taking the minimum. Both approaches aim to minimize the total eating time, making them functionally equivalent.""
}",93
2015_0_2,32722,2015_0_2,77145,CLONE,2026-07-11 14:56:57,"{
  ""answer"": ""YES-SIMILAR"",
  ""explanation"": ""Both code snippets solve the same problem: finding the minimum time needed to eat all pancakes given that you can split a stack into two smaller stacks in one minute. They both use a similar approach of trying different numbers of minutes (from 1 to maximum pancakes) as potential solutions and calculating the total time required for each case. In Code Snippet 1, for each possible number of minutes 'i', it calculates how many times we need to split the stacks ('divideTime') and adds 'i' (the minutes spent eating). In Code Snippet 2, it does the same but uses a slightly different formula for calculating splits: (a[j] - 1) / count instead of (diner[j] / i - 1) with modulo checks. Both calculate the minimum of these totals across all possible split strategies. The core logic, input/output handling, and algorithmic approach are fundamentally identical.""
}",94
2015_0_2,32722,2015_0_2,72707,CLONE,2026-07-11 14:56:58,"{
  ""answer"": ""YES-SIMILAR"",
  ""explanation"": ""Both code snippets solve the same problem: finding the minimum time needed to eat all pancakes given that you can split a stack into two equal or nearly equal stacks in one minute. Both use a similar approach of trying different numbers of minutes (from 1 to maximum pancakes) and calculating the total operations needed for each case. They both use mathematical formulas to calculate how many splits are needed (using division and ceiling operations). The core algorithm logic is identical, though the implementation details differ (file I/O vs stdin/stdout, data structures used, variable naming, etc.).""
}",95
2015_0_2,32722,2015_0_2,68668,CLONE,2026-07-11 14:56:59,"{
  ""answer"": ""YES-SIMILAR"",
  ""explanation"": ""Both code snippets solve the same problem: finding the minimum time required to finish eating all pancakes, where each minute you can either eat one pancake from a stack or split a stack into two equal stacks (with rounding up). The core logic in both is identical: for each possible number of minutes i (from 1 to maximum pancakes), calculate the total time needed by splitting stacks optimally, and find the minimum among all such possibilities. The difference is only in I/O handling (file vs standard input) and variable naming, but the algorithmic approach is exactly the same.""
}",96
2015_0_2,77145,2015_0_2,72707,CLONE,2026-07-11 14:57:00,"{
  ""answer"": ""NO-NOT-SIMILAR"",
  ""explanation"": ""The two code snippets implement different algorithms and solve different problems. Code snippet 1 appears to be solving a problem related to minimizing maximum values through a specific optimization process involving division and counting operations. Code snippet 2 uses a priority queue approach to solve what seems to be a different optimization problem involving dividing plates optimally. The core logic, data structures used (arrays vs priority queue), and algorithmic approaches are fundamentally different.""
}",97
2015_0_2,77145,2015_0_2,68668,CLONE,2026-07-11 14:57:01,"{
  ""answer"": ""YES-SIMILAR"",
  ""explanation"": ""Both code snippets solve the same problem: finding the minimum time required to eat all pancakes given that you can eat up to a certain number per minute and can also split pancakes into smaller piles. In both snippets, the approach involves trying different eating speeds (from 1 to a limit), calculating the total time needed for each speed, and returning the minimum. Code snippet 1 uses a while loop to increment the speed starting from 2, while snippet 2 uses a for loop from 1 to 1000. Both calculate the same formula: for each speed 'count' or 'i', they compute the sum of (pancake_count - 1) / count for all pancakes plus the speed itself, then find the minimum such sum.""
}",98
2015_0_2,72707,2015_0_2,68668,CLONE,2026-07-11 14:57:03,"{
  ""answer"": ""YES-SIMILAR"",
  ""explanation"": ""Both code snippets solve the same problem: finding the minimum number of operations to eat all pancakes, where each operation can either be eating one pancake from a stack or splitting one stack into two equal-sized stacks (rounded up). The core logic in both is to try different numbers of splits (from 1 to a limit) and calculate the total operations needed for each case. In Code Snippet 1, the approach uses a priority queue to track maximum values, while Code Snippet 2 directly works with an array of pancake counts. However, both approaches compute the same mathematical formula: for a given split size 'i', the total operations is 'i' (for the splits) plus the sum of (pancake_count - 1) / i for all stacks. Both algorithms converge on the same optimal solution through different implementation paths.""
}",99
2015_0_3,74464,2015_0_3,88073,CLONE,2026-07-11 14:57:04,"{
  ""answer"": ""YES-SIMILAR"",
  ""explanation"": ""Both code snippets solve the same problem: determining whether a string of characters ('i', 'j', 'k') repeated X times can be split into three parts such that the first part evaluates to 'i', the second to 'j', and the third to 'k'. They both use similar mathematical concepts involving quaternion multiplication rules, though implemented differently. Code snippet 1 uses a lookup table approach for multiplication and complex prefix/suffix array calculations, while snippet 2 uses direct character-based multiplication functions. However, both approaches ultimately verify if the product of the entire string (repeated X times) equals 'ijk' in the quaternion group, which is the core requirement of the problem.""
}",100
2015_0_3,74464,2015_0_3,21597,CLONE,2026-07-11 14:57:05,"{
  ""answer"": ""YES-SIMILAR"",
  ""explanation"": ""Both code snippets implement solutions to the same problem: determining whether a given string of characters ('i', 'j', 'k') can be split into three parts such that their product equals 'i' followed by 'j' followed by 'k'. Both use quaternion multiplication tables to define how these characters combine, and both attempt to find valid splits in the string. While the implementation details differ (C uses prefix/suffix arrays and complex checking logic while Dijkstra uses substring operations and simpler iteration), they address the exact same mathematical problem with the same underlying logic of quaternion multiplication and string splitting.""
}",101
2015_0_3,74464,2015_0_3,62582,CLONE,2026-07-11 14:57:06,"{
  ""answer"": ""NO-NOT-SIMILAR"",
  ""explanation"": ""The two code snippets implement different algorithms to solve what appears to be the same problem (determining if a string can be split into three parts whose product equals 'ijk'). However, their approaches and logic are fundamentally different. Code snippet 1 uses a complex mathematical approach involving precomputed prefix/suffix arrays and multiplication tables to check all possible splits, while code snippet 2 uses a simpler iterative approach that tries to find subsequences matching 'i', 'j', and 'k' in order. The core logic, data structures, and algorithmic strategies differ significantly between the two implementations.""
}",102
2015_0_3,74464,2015_0_3,107238,CLONE,2026-07-11 14:57:08,"{
  ""answer"": ""YES-SIMILAR"",
  ""explanation"": ""Both code snippets solve the same problem: determining if a string of characters 'i', 'j', 'k' repeated X times can be split into three parts such that the first part evaluates to 'i', the second to 'j', and the third to 'k'. Both use the same multiplication table for quaternion operations and implement similar logic for checking possible splits. While the approaches differ in implementation details (e.g., Code Snippet 1 uses prefix/suffix arrays and complex checks while Code Snippet 2 uses a more direct approach with position tracking), they both aim to solve the identical computational problem using equivalent mathematical operations on quaternions.""
}",103
2015_0_3,88073,2015_0_3,21597,CLONE,2026-07-11 14:57:09,"{
  ""answer"": ""YES-SIMILAR"",
  ""explanation"": ""Both code snippets implement solutions to the same problem: determining whether a given string expression can be split into three parts such that their product equals -1 in the quaternion group. Both use similar core concepts: quaternion multiplication tables, pattern recognition for repeated characters, and optimization techniques for large repetition counts (X). While they differ in implementation details like input/output methods (Scanner vs BufferedReader), variable naming, and some algorithmic approaches (the first uses a more mathematical approach with sign tracking while the second uses direct quaternion multiplication), they both fundamentally solve the same computational problem using equivalent logical frameworks.""
}",104
2015_0_3,88073,2015_0_3,62582,CLONE,2026-07-11 14:57:10,"{
  ""answer"": ""NO-NOT-SIMILAR"",
  ""explanation"": ""The two code snippets implement different approaches to solve what appears to be the same problem (related to quaternion multiplication and decomposition). Code snippet 1 uses explicit character-based operations with helper functions getSign() and getChar() to simulate quaternion multiplication, and performs systematic checks for 'i', 'j', 'k' subexpressions. Code snippet 2 uses integer encoding (replacing 'i','j','k' with 2,3,4) and a different algorithmic approach involving recursive substring manipulation and carry tracking. The core logic, data representation, and algorithmic strategies are fundamentally different, making them not functionally similar.""
}",105
2015_0_3,88073,2015_0_3,107238,CLONE,2026-07-11 14:57:11,"{
  ""answer"": ""YES-SIMILAR"",
  ""explanation"": ""Both code snippets solve the same problem: determining whether a given string expression repeated X times can be split into three parts such that their product equals 'i', 'j', and 'k' respectively in the context of quaternion multiplication. Both use similar mathematical concepts involving quaternion multiplication tables and modular arithmetic. They both attempt to find positions where the cumulative product reaches 'i' and then 'j', and then verify that the remaining product equals 'k'. While the implementation details differ (e.g., different data structures, variable names, and some algorithmic approaches), the core logic and mathematical approach are fundamentally the same.""
}",106
2015_0_3,21597,2015_0_3,62582,CLONE,2026-07-11 14:57:12,"{
  ""answer"": ""NO-NOT-SIMILAR"",
  ""explanation"": ""The two code snippets implement different approaches to solve what appears to be the same problem (Dijkstra's algorithm or quaternion multiplication validation). Code snippet 1 uses a predefined multiplication table for quaternions and performs explicit string manipulation and iteration to find valid splits of the input string into three parts that multiply to -1. Code snippet 2 uses a more mathematical approach with bit manipulation and carries, replacing characters with numeric values and using a custom multiplication function. The core logic, data structures, and algorithms are fundamentally different, making them not functionally similar.""
}",107
2015_0_3,21597,2015_0_3,107238,CLONE,2026-07-11 14:57:13,"{
  ""answer"": ""YES-SIMILAR"",
  ""explanation"": ""Both code snippets implement solutions to the same problem: determining if a string of characters ('i', 'j', 'k') repeated X times can be split into three parts such that their product equals 'i' * 'j' * 'k' = '-1'. Both use multiplication tables for quaternion operations, identify positions where subproducts equal 'i' and 'j', and verify if the remaining portion produces 'k'. The core logic for checking the decomposition and using modular arithmetic (specifically modulo 4) is fundamentally the same in both approaches.""
}",108
2015_0_3,62582,2015_0_3,107238,CLONE,2026-07-11 14:57:14,"{
  ""answer"": ""YES-SIMILAR"",
  ""explanation"": ""Both code snippets implement solutions to the same problem involving quaternion multiplication and checking if a string can be split into three parts representing quaternions i, j, k. Both use a multiplication table for quaternions (i=2, j=3, k=4) and employ similar logic to find positions where the cumulative product equals i and j respectively, then verify the remaining part equals k. While the implementation details differ significantly (e.g., recursion vs iteration, different variable names, different approaches to handling repetition), the core algorithmic approach and final goal are identical.""
}",109
2015_0_4,107149,2015_0_4,96734,CLONE,2026-07-11 14:57:15,"{
  ""answer"": ""YES-SIMILAR"",
  ""explanation"": ""Both code snippets implement the same logic for determining the winner (Richard or Gabriel) in the Omino game based on the dimensions of a grid (r x c) and the size of an Omino (x). They both handle cases for x=1 through x=6 with similar conditional checks, including divisibility conditions, grid size constraints, and special cases for small grids or specific Omino shapes. The core algorithmic approach and decision-making process are fundamentally the same, though the implementation details and code structure differ slightly.""
}",110
2015_0_4,107149,2015_0_4,79014,CLONE,2026-07-11 14:57:16,"{
  ""answer"": ""YES-SIMILAR"",
  ""explanation"": ""Both code snippets implement the same logic for determining whether Richard or Gabriel wins in the Omino game problem. They both read input from a file (first snippet) or standard input (second snippet), process the same game rules for different values of X (the number of cells in the polyomino), and output the same results. The core algorithmic approach is identical: checking divisibility conditions, minimum dimensions required for Richard to win, and handling special cases for X=1 through X=6. The only differences are in I/O handling (file vs stdin/stdout) and minor code style variations, but the functional behavior is the same.""
}",111
2015_0_4,107149,2015_0_4,21673,CLONE,2026-07-11 14:57:18,"{
  ""answer"": ""YES-SIMILAR"",
  ""explanation"": ""Both code snippets implement the same logic for determining whether Gabriel can win the Omino game given parameters X (the number of cells in each polyomino), R (rows), and C (columns). They both use the same core algorithm: first checking if the total area (R*C) is divisible by X, then applying specific rules based on the value of X. The conditions for when Richard wins (RICHARD) vs when Gabriel wins (GABRIEL) are identical in both implementations, though they're structured differently - one uses nested if-else statements while the other uses a more compact conditional approach. Both handle cases for X=1 through X=6 with the same logic, and both output results in the same format (Case #X: RESULT). The only differences are in I/O handling (file vs stdin/stdout) and code style, but the functional behavior is equivalent.""
}",112
2015_0_4,107149,2015_0_4,77477,CLONE,2026-07-11 14:57:19,"{
  ""answer"": ""NO-NOT-SIMILAR"",
  ""explanation"": ""The two code snippets are not functionally similar. While both solve a problem involving determining winners (Richard or Gabriel) in a game based on grid dimensions and polyominoes, they use different logic and conditions for the same cases. For example, in the case of x=5, the first snippet has specific conditions like (r<=3 && c<=5) || (r<=5 && c<=3), while the second snippet uses a simpler condition 15 < grid. Additionally, the second snippet's logic for x=4 and x=5 differs significantly from the first snippet. The core algorithmic approach and edge case handling are fundamentally different between the two.""
}",113
2015_0_4,96734,2015_0_4,79014,CLONE,2026-07-11 14:57:20,"{
  ""answer"": ""YES-SIMILAR"",
  ""explanation"": ""Both code snippets solve the same problem: determining whether Richard or Gabriel wins in a game involving polyominoes (X-ominos) on a rectangular grid of size R×C. Both implement the same core logic: checking divisibility of area by X, handling special cases for different values of X (particularly X≥7), and applying geometric constraints based on grid dimensions. The key difference is in implementation details - one uses BufferedReader/InputStreamReader while the other uses Scanner, and the conditional logic is expressed differently but achieves identical results. The fundamental algorithm and win conditions are the same in both.""
}",114
2015_0_4,96734,2015_0_4,21673,CLONE,2026-07-11 14:57:21,"{
  ""answer"": ""YES-SIMILAR"",
  ""explanation"": ""Both code snippets solve the same problem: determining whether Gabriel can win a game against Richard based on the dimensions of a grid (R x C) and the number of cells in an Omino (X). The core logic in both programs checks divisibility conditions, handles special cases for different values of X (particularly X >= 7), and evaluates constraints based on grid dimensions. While the implementation details differ (e.g., use of BufferedReader vs Scanner, different variable names, and slightly different conditional structures), the functional behavior and outcome are identical. Both programs output 'GABRIEL' or 'RICHARD' depending on whether the given configuration allows Gabriel to place all pieces without losing.""
}",115
2015_0_4,96734,2015_0_4,77477,CLONE,2026-07-11 14:57:23,"{
  ""answer"": ""NO-NOT-SIMILAR"",
  ""explanation"": ""The two code snippets implement different logic for determining the winner in a game involving polyominoes. While both deal with game outcomes based on dimensions and polyomino size, their decision-making processes differ significantly. Code snippet 1 has more complex rules including checks for specific geometric constraints like holes in polyominoes (x >= 7), L-shaped configurations (r == 1 || c == 1 and x > 2), and detailed handling of different polyomino sizes. In contrast, code snippet 2 uses a simpler approach with fewer conditions and different logic flow, particularly in how it handles cases where x >= 7 and the specific conditions for when Gabriel wins. The fundamental algorithms and rule sets are not equivalent.""
}",116
2015_0_4,79014,2015_0_4,21673,CLONE,2026-07-11 14:57:24,"{
  ""answer"": ""NO-NOT-SIMILAR"",
  ""explanation"": ""The two code snippets implement different logic for determining the winner in a game involving polyominoes. In Code Snippet 1, Richard wins if richardCanWin() returns true, while in Code Snippet 2, Gabriel wins if good() returns true. The conditions for victory are fundamentally different. For example, Code Snippet 1 considers X=1 as a case where Gabriel always wins (returns false), while Code Snippet 2 treats N=1 as a case where Gabriel wins (returns true). Additionally, the logic for cases N=5 and N=6 differs significantly between the two snippets, making them not functionally equivalent.""
}",117
2015_0_4,79014,2015_0_4,77477,CLONE,2026-07-11 14:57:26,"{
  ""answer"": ""NO-NOT-SIMILAR"",
  ""explanation"": ""The two code snippets are not functionally similar. While both appear to solve a game theory problem involving Richard and Gabriel, they differ significantly in their logic and conditions. Code snippet 1 correctly identifies that X=1 and X=2 always result in Gabriel winning, uses proper min/max dimensions for X=3,4,5,6 cases, and correctly handles the case where X>=7. Code snippet 2 has flawed logic: it doesn't properly handle X=3,4,5 cases (e.g., it checks 2<r&&2<c instead of requiring MinS>=2 and MaxS>=3), incorrectly assumes that X=5 needs 15<grid instead of checking MinS>=3 and MaxS>=5, and has a wrong condition for X=6 (should require MinS>=4 and MaxS>=6). Additionally, the input/output mechanisms differ significantly - one uses Scanner and System.out, while the other uses BufferedReader/PrintWriter with file I/O.""
}",118
2015_0_4,21673,2015_0_4,77477,CLONE,2026-07-11 14:57:27,"{
  ""answer"": ""NO-NOT-SIMILAR"",
  ""explanation"": ""The two code snippets solve different problems and have different logic implementations. Code snippet 1 implements a solution for a specific game theory problem where Gabriel and Richard play a game with polyominoes, determining if Richard can win given certain conditions. Code snippet 2 implements a general solution that determines if 'GABRIEL' or 'RICHARD' wins based on grid dimensions and polyomino size, but uses different logic rules and conditions than snippet 1. While both deal with similar game concepts, their specific implementations, conditional checks, and logic flows differ significantly.""
}",119
2015_1_1,127730,2015_1_1,114491,CLONE,2026-07-11 14:57:28,"{
  ""answer"": ""YES-SIMILAR"",
  ""explanation"": ""Both code snippets implement the same algorithm for solving the same problem. They both read multiple test cases, process arrays of integers, and compute two values (res1 and res2 in snippet 1, y and z in snippet 2) based on the differences between consecutive elements. The first snippet uses solve1() and solve2() methods while the second uses direct logic in the main loop, but both calculate the same results: the total consumption in the first case and the minimum eating rate in the second case. The core logic and mathematical approach are identical.""
}",120
2015_1_1,127730,2015_1_1,125935,CLONE,2026-07-11 14:57:29,"{
  ""answer"": ""YES-SIMILAR"",
  ""explanation"": ""Both code snippets implement the same algorithm to solve a problem involving calculating two different values based on an array of integers. In both cases: 1) solve1/solve() method calculates the total difference between consecutive elements where the second is smaller than the first (accumulating all decreases). 2) solve2/solve() method finds the maximum rate of decrease and then calculates how much would need to be eaten at that constant rate across all elements. The core logic and mathematical approach are identical, though the implementations differ in syntax, structure, and some variable naming conventions.""
}",121
2015_1_1,127730,2015_1_1,124925,CLONE,2026-07-11 14:57:30,"{
  ""answer"": ""YES-SIMILAR"",
  ""explanation"": ""Both code snippets implement the same algorithm to solve a problem involving calculating two different results for a sequence of numbers. In both cases, they calculate: 1) The total amount of decrease between consecutive elements (result1), and 2) The minimum amount of food that needs to be eaten at a constant rate to cover all decreases (result2). The core logic is identical - they both iterate through the array once to find maximum difference between consecutive elements, then use that maximum difference to calculate the second result. The only differences are in I/O handling (file vs stdin), variable naming, and some minor structural variations, but the functional behavior is the same.""
}",122
2015_1_1,127730,2015_1_1,115055,CLONE,2026-07-11 14:57:31,"{
  ""answer"": ""YES-SIMILAR"",
  ""explanation"": ""Both code snippets solve the same problem involving calculating two different eating strategies for mushrooms over time intervals. In both snippets, the first value (solve1/solve2 in snippet 1, eatAny in snippet 2) represents the total amount eaten by consuming at variable rates (difference between consecutive values), while the second value (solve2 in snippet 1, eatConst in snippet 2) represents the minimum constant rate needed to consume all mushrooms. Both calculate the maximum difference between consecutive elements as the rate, then apply that rate to compute consumption amounts. The core algorithmic logic is identical, though snippet 2 uses file I/O with different variable names and structure.""
}",123
2015_1_1,114491,2015_1_1,125935,CLONE,2026-07-11 14:57:32,"{
  ""answer"": ""YES-SIMILAR"",
  ""explanation"": ""Both code snippets perform the same core algorithmic task. They both process multiple test cases, each containing an array of integers. For each array, they calculate two values: 1) The total amount of decrease between consecutive elements (y), and 2) The maximum decrease between consecutive elements (rate), then compute how much would have been lost if a constant rate of decrease was applied to all elements (z). The logic and output format match exactly, though Code Snippet 2 uses more concise syntax and helper methods for input/output.""
}",124
2015_1_1,114491,2015_1_1,124925,CLONE,2026-07-11 14:57:33,"{
  ""answer"": ""YES-SIMILAR"",
  ""explanation"": ""Both code snippets solve the same problem involving calculating two different results based on an array of integers. In both cases, the first result (y/z in snippet 1, result1 in snippet 2) represents the total decrease between consecutive elements in the array. The second result (z in snippet 1, result2 in snippet 2) calculates the cost based on a maximum difference rate. Both use nested loops to process the input array and compute similar logic with equivalent variable names and operations, though the variable naming and some structural differences exist.""
}",125
2015_1_1,114491,2015_1_1,115055,CLONE,2026-07-11 14:57:34,"{
  ""answer"": ""YES-SIMILAR"",
  ""explanation"": ""Both code snippets solve the same problem: calculating two different eating strategies for mushrooms over time intervals. They both read input data (either from console or file), process arrays of integers representing mushroom counts, compute the total eaten amount using two methods (one based on actual decreases and another based on maximum rate), and output results in the same format. The core algorithmic logic is identical - computing cumulative differences and applying a constant rate strategy.""
}",126
2015_1_1,125935,2015_1_1,124925,CLONE,2026-07-11 14:57:35,"{
  ""answer"": ""YES-SIMILAR"",
  ""explanation"": ""Both code snippets solve the same problem involving calculating two different results based on an array of integers. In both cases: 1) The first result (result1/result) calculates the total difference where consecutive elements decrease (sum of positive differences between adjacent elements). 2) The second result (result2/result) calculates a different sum using the maximum difference found in the sequence, applied consistently across all elements. Both snippets process input similarly, iterate through arrays, and compute equivalent mathematical operations, though Code Snippet 1 uses more complex helper methods and data structures while Code Snippet 2 uses straightforward loops.""
}",127
2015_1_1,125935,2015_1_1,115055,CLONE,2026-07-11 14:57:36,"{
  ""answer"": ""YES-SIMILAR"",
  ""explanation"": ""Both code snippets solve the same problem: calculating two values based on an array of integers representing mushroom counts over time. In both cases, the first value (eatAny/eatAny) represents the total consumption when eating the difference between consecutive elements whenever the latter is smaller. The second value (eatConst/eatConst) represents consumption at a constant rate equal to the maximum difference between consecutive elements. Both use identical logic and calculations, though Code Snippet 1 uses a custom scanner and has some syntactic differences, while Code Snippet 2 reads from files and writes to files.""
}",128
2015_1_1,124925,2015_1_1,115055,CLONE,2026-07-11 14:57:38,"{
  ""answer"": ""YES-SIMILAR"",
  ""explanation"": ""Both code snippets solve the same problem: calculating two different eating strategies for mushrooms based on a sequence of values. In both cases, the first strategy (eatAny/eat1) calculates the total consumption by summing up all differences where the previous value is greater than the current one. The second strategy (eatConst/eat2) calculates consumption based on a constant rate determined by the maximum difference between consecutive values. Both use identical logic for computing these two values, though Code Snippet 1 reads from standard input while Code Snippet 2 reads from files, and they have different variable naming and structure but perform the same algorithmic operations.""
}",129
2016_0_1,60475,2016_0_1,69477,CLONE,2026-07-11 14:57:39,"{
  ""answer"": ""YES-SIMILAR"",
  ""explanation"": ""Both code snippets solve the same problem: determining the last number in a sequence where multiples of a given number contain all digits from 0-9 (or 'INSOMNIA' if the number is 0). They both use a similar algorithm - iterate through multiples of the input number, track which digits have been seen, and stop when all 10 digits (0-9) have appeared. The core logic and expected output format match exactly, though they differ in I/O handling (file vs stdin/stdout) and implementation details like variable naming and some structural choices.""
}",130
2016_0_1,60475,2016_0_1,123558,CLONE,2026-07-11 14:57:40,"{
  ""answer"": ""NO-NOT-SIMILAR"",
  ""explanation"": ""The two code snippets solve different problems. Code Snippet 1 implements the 'Counting Sheep' problem from Google Code Jam, where it finds the last number that contains all digits 0-9 when multiplied by increasing factors starting from the input number. Code Snippet 2 also attempts to solve 'Counting Sheep' but has logical flaws - it checks for all bits set in a digit map and incorrectly uses a 'lastDigitMap' which doesn't properly track digit coverage. Additionally, the second snippet has issues with input parsing and logic flow that prevent it from correctly solving the original problem. The core algorithms and approaches differ significantly.""
}",131
2016_0_1,60475,2016_0_1,55901,CLONE,2026-07-11 14:57:41,"{
  ""answer"": ""YES-SIMILAR"",
  ""explanation"": ""Both code snippets solve the same problem: finding the last number in a sequence where all digits 0-9 appear at least once when multiplying a given number by successive integers starting from 1. They both use a boolean array to track which digits have been seen, increment a counter for each unseen digit, and stop when all 10 digits are accounted for. The core algorithm logic is identical, though the second snippet uses a more structured approach with helper methods and a custom scanner class.""
}",132
2016_0_1,60475,2016_0_1,72044,CLONE,2026-07-11 14:57:42,"{
  ""answer"": ""YES-SIMILAR"",
  ""explanation"": ""Both code snippets solve the same problem: 'Counting Sheep' from Google Code Jam. They both read input from a file, process each test case, and output results to another file. The core logic is identical: for each test case with number N, they keep multiplying N by increasing integers (1, 2, 3...) until all digits 0-9 appear in the product. Both use a data structure (boolean array in first snippet, HashSet in second) to track which digits have been seen. When all digits are seen, they output the current product. Both handle the special case where N=0 by outputting 'INSOMNIA'. The only differences are in I/O methods (Scanner vs BufferedReader), variable naming, file paths, and minor implementation details, but the functional behavior is the same.""
}",133
2016_0_1,69477,2016_0_1,123558,CLONE,2026-07-11 14:57:43,"{
  ""answer"": ""NO-NOT-SIMILAR"",
  ""explanation"": ""The two code snippets implement different approaches to solve what appears to be the same problem (Counting Sheep from Google Code Jam). Snippet 1 reads from standard input and processes each test case by incrementing the number and checking digits until all digits 0-9 are seen. Snippet 2 also reads from a file but uses a different algorithm that tracks digit presence in bitmaps and has logic for handling special cases including INSOMNIA differently. While both aim to find the last number in a sequence where all digits 0-9 appear, their implementation details, input methods, and edge case handling differ significantly.""
}",134
2016_0_1,69477,2016_0_1,55901,CLONE,2026-07-11 14:57:44,"{
  ""answer"": ""YES-SIMILAR"",
  ""explanation"": ""Both code snippets solve the same problem: finding the last number in a sequence where all digits 0-9 have been seen. They both use a similar approach of multiplying the input number by increasing multipliers and checking which digits appear in the product until all digits 0-9 are accounted for. The core logic and algorithm are identical, though the implementations differ in input/output handling and variable naming.""
}",135
2016_0_1,69477,2016_0_1,72044,CLONE,2026-07-11 14:57:45,"{
  ""answer"": ""YES-SIMILAR"",
  ""explanation"": ""Both code snippets solve the same problem: 'Counting Sheep' from Google Code Jam. They both read input numbers, determine the smallest positive integer that contains all digits 0-9 when multiplied by the input number, and output the result. The core logic is identical - they repeatedly multiply the input number by increasing integers and check for unique digits until all 10 digits (0-9) are found. The only differences are in input/output methods (System.in/System.out vs file I/O), variable naming, and some minor implementation details like loop conditions and digit extraction methods, but the fundamental algorithm and purpose are the same.""
}",136
2016_0_1,123558,2016_0_1,55901,CLONE,2026-07-11 14:57:46,"{
  ""answer"": ""YES-SIMILAR"",
  ""explanation"": ""Both code snippets solve the same problem: determining the last number in a sequence where all digits 0-9 appear at least once when multiplying a given number by successive integers. They both use a boolean array to track which digits have been seen and iterate through multiples until all digits are covered. The core logic and algorithm are identical, though Code Snippet 1 uses a manual file reader while Code Snippet 2 uses a custom MyScanner class, and Code Snippet 1 has some redundant logic in the setBitMap method that doesn't affect functionality.""
}",137
2016_0_1,123558,2016_0_1,72044,CLONE,2026-07-11 14:57:48,"{
  ""answer"": ""YES-SIMILAR"",
  ""explanation"": ""Both code snippets implement the same algorithm to solve the 'Counting Sheep' problem. They both: 1) Read input from a file, 2) Process multiple test cases, 3) For each test case, repeatedly multiply a number by increasing integers until all digits 0-9 appear in the product, 4) Output the first such number or 'INSOMNIA' if it never happens. The core logic of checking for all digits 0-9 appearing in a number is identical in both, though they use different approaches (bit manipulation vs. hash set) and different I/O methods.""
}",138
2016_0_1,55901,2016_0_1,72044,CLONE,2026-07-11 14:57:49,"{
  ""answer"": ""YES-SIMILAR"",
  ""explanation"": ""Both code snippets solve the same problem: 'Counting Sheep' from Google Code Jam 2016 Round 1A. They both take an input number, multiply it by increasing integers (starting from 1), and check if all digits 0-9 appear in the product. When all digits are seen, they output the last number; otherwise, if no solution is found within a reasonable range, they output 'INSOMNIA'. Both use similar logic with digit extraction and tracking of seen digits, though Code Snippet 1 uses a boolean array while Code Snippet 2 uses a HashSet. The core algorithm and problem solving approach are identical.""
}",139
2016_0_2,68074,2016_0_2,150691,CLONE,2026-07-11 14:57:50,"{
  ""answer"": ""YES-SIMILAR"",
  ""explanation"": ""Both code snippets solve the same problem: finding the minimum number of maneuvers to make all pancakes face up ('+') in a stack. In Code Snippet 1, the approach uses a greedy method where it iterates from right to left, counting flips needed when encountering a '-' character and flipping the comparison character. Code Snippet 2 also uses a greedy strategy but explicitly converts '+' to 1 and '-' to 0, then processes from right to left, performing swaps or direct flips based on conditions. Both approaches essentially implement the same algorithmic logic to solve the pancake flipping problem.""
}",140
2016_0_2,68074,2016_0_2,125812,CLONE,2026-07-11 14:57:51,"{
  ""answer"": ""YES-SIMILAR"",
  ""explanation"": ""Both code snippets solve the same problem: determining the minimum number of flips needed to make all pancakes happy (face up). They both use a greedy approach by scanning from right to left (or left to right with alternating patterns) and counting the number of operations required to flip all characters to the same state. The core algorithm logic is fundamentally the same - identifying transitions between different states ('+' and '-') and counting the necessary flips. While the implementation details differ (e.g., input methods, variable naming, loop directions), the functional behavior and solution approach are equivalent.""
}",141
2016_0_2,68074,2016_0_2,88861,CLONE,2026-07-11 14:57:52,"{
  ""answer"": ""YES-SIMILAR"",
  ""explanation"": ""Both code snippets solve the same problem: counting the minimum number of operations needed to make all characters in a string '+' by flipping prefixes. In Code Snippet 1, the approach involves iterating from right to left and flipping the target character when a mismatch is found. In Code Snippet 2, the approach counts transitions between different characters and adds one more flip if the final character is '-'. Both methods effectively count the same thing - the number of 'flips' required to make all pancakes face up ('+') in the Code Jam 2016 'Pancake Flipper' problem.""
}",142
2016_0_2,68074,2016_0_2,162423,CLONE,2026-07-11 14:57:53,"{
  ""answer"": ""YES-SIMILAR"",
  ""explanation"": ""Both code snippets solve the same problem: determining the minimum number of maneuvers needed to make all pancakes face up ('+') in a stack. In Code Snippet 1, the algorithm iterates from right to left, counting flips when a pancake differs from the current expected character ('-' or '+'). In Code Snippet 2, the algorithm counts transitions between different adjacent characters and adds one more if the last pancake is facing down ('-'). Both approaches effectively count the same thing - the number of operations required to flip the entire string to all '+' characters. The core logic is fundamentally equivalent, though implemented differently.""
}",143
2016_0_2,150691,2016_0_2,125812,CLONE,2026-07-11 14:57:54,"{
  ""answer"": ""YES-SIMILAR"",
  ""explanation"": ""Both code snippets solve the same problem: determining the minimum number of moves to make all pancakes face up ('+') in a stack. They both use a greedy approach to flip groups of pancakes. In the first snippet, the algorithm works by identifying the rightmost '-' and flipping the prefix to convert it to '+', while keeping track of flip operations. The second snippet identifies alternating patterns and counts flips needed to make all pancakes happy. Both approaches ultimately calculate the same result - the minimum number of flips required to make all pancakes '+'. The core logic and problem-solving strategy are fundamentally the same, despite different implementation details and variable naming.""
}",144
2016_0_2,150691,2016_0_2,88861,CLONE,2026-07-11 14:57:55,"{
  ""answer"": ""YES-SIMILAR"",
  ""explanation"": ""Both code snippets solve the same problem: determining the minimum number of operations needed to make all characters in a string either all '+' or all '-'. In Code Snippet 1, the approach involves simulating pancake flipping operations using an array representation and swapping logic. In Code Snippet 2, the approach counts the transitions between different characters ('+' to '-' or '-' to '+') and adds one more flip if the final character is '-'. Both methods count the same underlying quantity - the number of times the character changes from the initial state to the desired final state, which represents the minimum number of flips required.""
}",145
2016_0_2,150691,2016_0_2,162423,CLONE,2026-07-11 14:57:57,"{
  ""answer"": ""YES-SIMILAR"",
  ""explanation"": ""Both code snippets solve the same problem: determining the minimum number of operations needed to make all pancakes face up ('+') in a stack. In the first snippet, the approach involves simulating flipping operations from the bottom up, tracking the state of each pancake and performing swaps/flip operations. In the second snippet, the approach is more direct: counting the transitions between different pancake states ('+' to '-' or '-' to '+') and adding one more if the last pancake is '-'. Both approaches ultimately compute the same result - the minimum number of flips required to get all pancakes facing up. The core algorithmic goal and output are identical.""
}",146
2016_0_2,125812,2016_0_2,88861,CLONE,2026-07-11 14:57:58,"{
  ""answer"": ""YES-SIMILAR"",
  ""explanation"": ""Both code snippets solve the same problem: determining the minimum number of pancake flips required to make all pancakes happy (+). They both process a string of pancakes represented by '+' and '-' characters and count the number of operations needed to convert the entire string to all '+'. The logic in both is fundamentally the same - counting transitions from one state to another and adding one more flip if the final state is '-'. Although the implementation details differ (e.g., using indexOf vs. direct iteration, different variable names, different I/O handling), the core algorithm and expected output are identical.""
}",147
2016_0_2,125812,2016_0_2,162423,CLONE,2026-07-11 14:57:59,"{
  ""answer"": ""YES-SIMILAR"",
  ""explanation"": ""Both code snippets solve the same problem: determining the minimum number of pancake flips needed to make all pancakes happy side up ('+'). They both read input from files, process each test case, and output results in the same format. The core logic in both is equivalent - counting the transitions between different pancake states and adding one more flip if the last pancake is sad ('-'). The first snippet uses a more complex approach tracking alternating characters, while the second uses a simpler direct counting method, but both arrive at the same solution.""
}",148
2016_0_2,88861,2016_0_2,162423,CLONE,2026-07-11 14:58:00,"{
  ""answer"": ""YES-SIMILAR"",
  ""explanation"": ""Both code snippets solve the same problem: counting the number of flips needed to make all characters in a string either all '+' or all '-'. The logic is identical - they both iterate through the string and count transitions between different characters, then add one more flip if the last character is '-'. The first snippet uses a simple Scanner for input/output and a basic loop, while the second uses a custom InputReader class and handles file I/O, but the core algorithm and functionality are the same.""
}",149
2016_0_4,100472,2016_0_4,129913,CLONE,2026-07-11 14:58:01,"{
  ""answer"": ""YES-SIMILAR"",
  ""explanation"": ""Both code snippets solve the same Google Code Jam problem (Fractiles), which involves determining the minimum number of tiles to check in a fractal structure to identify all possible patterns. Both implementations use similar logic: they read input parameters K (size), C (complexity), and S (samples), check if S*C >= K to determine possibility, and then generate a sequence of tile positions to test. While the specific algorithms for generating these positions differ slightly in their mathematical approach and variable naming, both programs produce equivalent outputs for the same inputs and follow the same core problem-solving strategy.""
}",150
2016_0_4,100472,2016_0_4,58218,CLONE,2026-07-11 14:58:02,"{
  ""answer"": ""NO-NOT-SIMILAR"",
  ""explanation"": ""The two code snippets implement different algorithms for solving the same problem (Fractiles from Google Code Jam). While both handle the same input format (K, C, S parameters) and produce similar outputs (either 'IMPOSSIBLE' or a list of integers), their core logic differs significantly. The first snippet uses a mathematical approach based on powers of K to calculate positions, while the second uses a block-based approach with product calculations. The output generation and handling of edge cases also differ between the two implementations.""
}",151
2016_0_4,100472,2016_0_4,63729,CLONE,2026-07-11 14:58:03,"{
  ""answer"": ""NO-NOT-SIMILAR"",
  ""explanation"": ""The two code snippets implement different solutions for what appears to be the same Google Code Jam problem (Fractiles). Code snippet 1 focuses on finding optimal positions in a fractal structure using mathematical calculations based on k, c, and s values, while code snippet 2 generates strings with 'L' and 'G' characters and counts transitions between them to determine positions. The core logic, algorithms, and approach to solving the problem are fundamentally different, making them not functionally similar.""
}",152
2016_0_4,100472,2016_0_4,138317,CLONE,2026-07-11 14:58:04,"{
  ""answer"": ""NO-NOT-SIMILAR"",
  ""explanation"": ""The two code snippets implement different solutions for the same problem (Fractiles), but they are not functionally equivalent. Code snippet 1 implements a complex algorithm that calculates positions based on mathematical formulas involving powers and iterations, while code snippet 2 uses a much simpler approach that just outputs sequential numbers from 'init' to 'k'. Additionally, their handling of edge cases like 'IMPOSSIBLE' is different. For example, snippet 1 checks if s < ans_no and returns 'IMPOSSIBLE', while snippet 2 only checks s < k when c == 1. The core logic and output generation differ significantly.""
}",153
2016_0_4,129913,2016_0_4,58218,CLONE,2026-07-11 14:58:05,"{
  ""answer"": ""YES-SIMILAR"",
  ""explanation"": ""Both code snippets solve the same problem: determining a sequence of positions to check in a fractile structure based on parameters K (size), C (complexity), and S (score). They both use similar logic to calculate these positions using mathematical formulas involving powers of K. The core algorithm for generating the solution is essentially the same, though they differ in input/output handling (console vs file) and some implementation details like how they process the data and format output.""
}",154
2016_0_4,129913,2016_0_4,63729,CLONE,2026-07-11 14:58:06,"{
  ""answer"": ""NO-NOT-SIMILAR"",
  ""explanation"": ""The two code snippets implement different algorithms for solving what appears to be a Code Jam problem related to fractiles. Code Snippet 1 directly computes positions using mathematical formulas based on K, C, and S parameters to determine if a solution is possible and outputs specific indices. Code Snippet 2 generates strings representing patterns ('L' and 'G'), analyzes transitions between these characters to count changes, and uses this information to determine which positions to output. The core logic, approach, and problem-solving strategies are fundamentally different between the two snippets.""
}",155
2016_0_4,129913,2016_0_4,138317,CLONE,2026-07-11 14:58:07,"{
  ""answer"": ""NO-NOT-SIMILAR"",
  ""explanation"": ""The two code snippets implement different algorithms for solving what appears to be a fractile problem. Code Snippet 1 uses a mathematical approach to calculate positions based on K, C, and S parameters, involving powers and iterative calculations to generate specific output values. Code Snippet 2 implements a much simpler approach where it just outputs sequential numbers from 'init' to 'k', with a basic impossibility condition. The core logic, output format, and problem-solving approaches are fundamentally different.""
}",156
2016_0_4,58218,2016_0_4,63729,CLONE,2026-07-11 14:58:08,"{
  ""answer"": ""NO-NOT-SIMILAR"",
  ""explanation"": ""The two code snippets implement different algorithms for solving what appears to be the same Code Jam problem (Fractiles). Code Snippet 1 uses a mathematical approach based on base-K representation and block processing to generate tile positions, while Code Snippet 2 generates a string pattern with 'L' and 'G' characters and counts transitions between them to determine the solution. The core logic, input/output handling, and algorithmic approaches are fundamentally different, making them not functionally similar.""
}",157
2016_0_4,58218,2016_0_4,138317,CLONE,2026-07-11 14:58:09,"{
  ""answer"": ""NO-NOT-SIMILAR"",
  ""explanation"": ""The two code snippets implement different algorithms for solving what appears to be the same problem (Fractiles), but they produce different outputs. Code Snippet 1 uses a complex mathematical approach involving block size calculations and polynomial evaluation to determine positions, while Code Snippet 2 uses a much simpler approach that just returns sequential numbers from a starting point. Additionally, their handling of edge cases like 'IMPOSSIBLE' scenarios differs significantly. The core logic and output generation mechanisms are fundamentally different.""
}",158
2016_0_4,63729,2016_0_4,138317,CLONE,2026-07-11 14:58:10,"{
  ""answer"": ""NO-NOT-SIMILAR"",
  ""explanation"": ""The two code snippets implement different approaches to solve what appears to be the same problem (Fractiles from Google Code Jam). Code Snippet 1 uses a complex algorithm involving string generation, bit manipulation, and change counting to determine positions, while Code Snippet 2 implements a much simpler approach that directly calculates positions based on conditions. The core logic and output generation differ significantly between the two implementations, making them functionally different despite potentially solving the same problem.""
}",159
2016_1_1,1153,2016_1_1,14479,CLONE,2026-07-11 14:58:11,"{
  ""answer"": ""NO-NOT-SIMILAR"",
  ""explanation"": ""The two code snippets implement different algorithms for solving what appears to be the same problem (finding the lexicographically largest string by inserting characters at the beginning or end). In Code Snippet 1, for each character, it compares it with the first character of the result string and inserts at the beginning if greater or equal, otherwise appends at the end. In Code Snippet 2, it finds the maximum character first, then processes characters differently - inserting at the beginning only when encountering the maximum character, and appending otherwise. These different approaches lead to different results for the same input, making them not functionally similar.""
}",160
2016_1_1,1153,2016_1_1,8299,CLONE,2026-07-11 14:58:12,"{
  ""answer"": ""YES-SIMILAR"",
  ""explanation"": ""Both code snippets solve the same problem: arranging the characters of a string to form the lexicographically largest possible string by either prepending or appending each character to a result string. In both cases, when a new character is processed, if it's greater than or equal to the first character of the current result string, it's inserted at the beginning; otherwise, it's appended at the end. The only differences are in input handling (custom Reader vs Scanner), variable naming, and minor syntactic variations, but the core algorithm and logic are identical.""
}",161
2016_1_1,1153,2016_1_1,29796,CLONE,2026-07-11 14:58:13,"{
  ""answer"": ""YES-SIMILAR"",
  ""explanation"": ""Both code snippets solve the same problem: given a string, construct the lexicographically largest string possible by either prepending or appending each character to the result string. In Code Snippet 1, characters are inserted at the beginning if they are greater than or equal to the first character, otherwise appended. In Code Snippet 2, the comparison is done using string concatenation (result + ch vs ch + result), which effectively implements the same logic: if appending the character gives a larger string, append it; otherwise prepend it. Both approaches produce identical results for the same input.""
}",162
2016_1_1,1153,2016_1_1,2003,CLONE,2026-07-11 14:58:14,"{
  ""answer"": ""YES-SIMILAR"",
  ""explanation"": ""Both code snippets solve the same problem: given a string, construct the lexicographically largest string by either appending or prepending each character to a result string. The logic is identical - for each character in the input string, if it's greater than or equal to the first character of the result string, prepend it; otherwise, append it. The only differences are in input/output handling (one reads from stdin, the other from a file), and variable naming, but the core algorithm and functionality are the same.""
}",163
2016_1_1,14479,2016_1_1,8299,CLONE,2026-07-11 14:58:15,"{
  ""answer"": ""NO-NOT-SIMILAR"",
  ""explanation"": ""The two code snippets implement different algorithms and solve different problems. Code snippet 1 reads input from files matching a pattern, processes each test case using a complex algorithm that finds the maximum character and rearranges the string accordingly, and writes output to a file. Code snippet 2 reads from standard input, processes each string by comparing characters to build a result string where characters greater than or equal to the first character are prepended. The core logic and problem being solved are fundamentally different.""
}",164
2016_1_1,14479,2016_1_1,29796,CLONE,2026-07-11 14:58:16,"{
  ""answer"": ""NO-NOT-SIMILAR"",
  ""explanation"": ""The two code snippets implement different algorithms for solving what appears to be the same problem (possibly 'Last Word' from Google Code Jam). In Code Snippet 1, the algorithm finds the maximum character and builds the result by prepending characters equal to the maximum character, while other characters are appended. In Code Snippet 2, the algorithm compares string concatenations ('result + ch' vs 'ch + result') to decide whether to append or prepend each character. These are fundamentally different approaches and will produce different outputs for the same input.""
}",165
2016_1_1,14479,2016_1_1,2003,CLONE,2026-07-11 14:58:17,"{
  ""answer"": ""NO-NOT-SIMILAR"",
  ""explanation"": ""The two code snippets implement different algorithms and solve different problems. Code Snippet 1 finds the maximum character in a string and rearranges the string such that all occurrences of the maximum character appear first, followed by other characters in their original order. Code Snippet 2 compares each character with the first character of the output string and places characters either at the beginning or end of the output string based on lexicographical comparison. The logic and approach are fundamentally different, so they are not functionally similar.""
}",166
2016_1_1,8299,2016_1_1,29796,CLONE,2026-07-11 14:58:18,"{
  ""answer"": ""NO-NOT-SIMILAR"",
  ""explanation"": ""The two code snippets are not functionally similar. While both attempt to rearrange characters from an input string into a specific order, they use different logic. Code snippet 1 always places the next character at the beginning of the result string if it's greater than or equal to the first character of the current result, otherwise at the end. Code snippet 2 compares the concatenation of the current result with the character versus the character followed by the current result, placing the character either at the beginning or end based on which produces a lexicographically larger string. These different comparison criteria lead to different outputs for the same inputs.""
}",167
2016_1_1,8299,2016_1_1,2003,CLONE,2026-07-11 14:58:19,"{
  ""answer"": ""YES-SIMILAR"",
  ""explanation"": ""Both code snippets implement the same core logic for rearranging characters in a string. They both process each character of an input string and decide whether to prepend or append it to a result string based on lexicographical comparison with the first character of the result so far. The key difference is in input/output handling - one reads from standard input and writes to standard output using Scanner, while the other reads from a file and writes to another file using BufferedReader and FileWriter. However, the algorithmic behavior is identical.""
}",168
2016_1_1,29796,2016_1_1,2003,CLONE,2026-07-11 14:58:20,"{
  ""answer"": ""NO-NOT-SIMILAR"",
  ""explanation"": ""The two code snippets are not functionally similar. While both attempt to solve a problem involving arranging characters of a string in a specific order, they use different logic and produce different results. In Code Snippet 1, the algorithm compares (result + ch) with (ch + result) to decide where to place the character, which leads to building the lexicographically largest string possible by choosing the optimal position for each character. In contrast, Code Snippet 2 compares the current character with the first character of the result string and appends or prepends accordingly, which produces a different outcome. Additionally, the input/output mechanisms differ significantly between the two snippets.""
}",169
2016_1_2,8152,2016_1_2,31984,CLONE,2026-07-11 14:58:21,"{
  ""answer"": ""NO-NOT-SIMILAR"",
  ""explanation"": ""The two code snippets have completely different functionalities. Code snippet 1 reads input from a file, processes a specific algorithm involving sorting and removing pairs of identical numbers, and outputs results in a particular format. Code snippet 2 reads input from a file and parses it into a 2D array structure for storing multiple test cases with their respective data lines. They serve entirely different purposes within competitive programming contexts.""
}",170
2016_1_2,8152,2016_1_2,20611,CLONE,2026-07-11 14:58:22,"{
  ""answer"": ""YES-SIMILAR"",
  ""explanation"": ""Both code snippets solve the same problem: finding the missing row in a grid where each row and column appears an even number of times except for one row/column which appears an odd number of times. In Code Snippet 1, the approach involves reading all numbers, sorting them, and removing pairs until only the missing numbers remain. In Code Snippet 2, it uses a frequency map to count occurrences of each number, then identifies those with odd frequencies. Both approaches ultimately identify the same set of missing numbers (the ones appearing an odd number of times) and output them sorted. The core logic and intent are identical.""
}",171
2016_1_2,8152,2016_1_2,19093,CLONE,2026-07-11 14:58:23,"{
  ""answer"": ""NO-NOT-SIMILAR"",
  ""explanation"": ""The two code snippets perform completely different tasks. Code Snippet 1 is designed to solve a problem where given a grid of integers, it identifies the missing row or column by counting occurrences of each number and finding those that appear an odd number of times. Code Snippet 2 is a comprehensive utility class with many different functionalities including graph algorithms, data structures, mathematical operations, and various helper classes, but does not solve the same problem as Code Snippet 1. The core logic and purpose of both snippets are fundamentally different.""
}",172
2016_1_2,8152,2016_1_2,30007,CLONE,2026-07-11 14:58:24,"{
  ""answer"": ""YES-SIMILAR"",
  ""explanation"": ""Both code snippets solve the same problem: given a grid of integers where each row appears exactly twice except for one row which appears only once, identify the missing row. Both programs read input from files (B-large.in and in.txt respectively), process the data by counting occurrences of each number, and output the numbers that appear an odd number of times (which corresponds to the unique row). The core logic involves identifying elements that occur an odd number of times in a collection, sorting them, and printing them as the result. While the implementation details differ (e.g., using ArrayList vs MultiSet, different I/O approaches, etc.), the functional behavior and problem-solving approach are equivalent.""
}",173
2016_1_2,31984,2016_1_2,20611,CLONE,2026-07-11 14:58:25,"{
  ""answer"": ""NO-NOT-SIMILAR"",
  ""explanation"": ""The two code snippets perform completely different tasks. Code snippet 1 reads input data from a file and parses it into a 2D array structure, likely for processing multiple test cases with specific formatting requirements. Code snippet 2 is a solver class that processes input to find missing numbers in a grid pattern using frequency counting and sorting. While both involve reading input, their purposes, algorithms, and expected outputs are fundamentally different.""
}",174
2016_1_2,31984,2016_1_2,19093,CLONE,2026-07-11 14:58:27,"{
  ""answer"": ""NO-NOT-SIMILAR"",
  ""explanation"": ""The two code snippets are not functionally similar. Code Snippet 1 is focused on reading input data from a file and parsing it into a 2D string array, specifically handling a format where each test case consists of a number N followed by 2*N-1 lines of data. Code Snippet 2 is a comprehensive Java class for solving a competitive programming problem (likely related to finding missing numbers in a grid pattern), which includes various algorithms like graph traversal, disjoint sets, segment trees, modular arithmetic, and complex input/output handling. The tasks, structures, and purposes of these snippets are entirely different.""
}",175
2016_1_2,31984,2016_1_2,30007,CLONE,2026-07-11 14:58:28,"{
  ""answer"": ""NO-NOT-SIMILAR"",
  ""explanation"": ""The two code snippets have completely different functionalities. Code Snippet 1 reads input data from a file and stores it in a 2D array structure, focusing on parsing and organizing input for later use. Code Snippet 2 implements a complete solution for a competitive programming problem (likely involving finding missing numbers in a grid), using advanced data structures like MultiSet, reading input via a custom scanner, processing the data, and writing output to a file. The tasks, data structures, and overall purpose of these snippets are fundamentally different.""
}",176
2016_1_2,20611,2016_1_2,19093,CLONE,2026-07-11 14:58:29,"{
  ""answer"": ""YES-SIMILAR"",
  ""explanation"": ""Both code snippets solve the same problem: finding the missing number(s) in a grid where each row and column should appear an even number of times except for one missing number. In Code Snippet 1, a TreeMap is used to count frequencies and then filter odd counts. In Code Snippet 2, a fixed-size array 'count' is used to track frequencies and similarly filters for odd counts. Both use sorting to arrange results. The core algorithm and purpose are identical despite different data structures and some additional unrelated code in Snippet 2.""
}",177
2016_1_2,20611,2016_1_2,30007,CLONE,2026-07-11 14:58:30,"{
  ""answer"": ""YES-SIMILAR"",
  ""explanation"": ""Both code snippets solve the same problem: given a grid of size n x n where each row and column appears exactly twice except for one row and one column which appear only once, identify the missing row and column. Both use frequency counting to track how many times each number appears, then filter for numbers that appear an odd number of times (indicating they belong to the missing row/column). They both sort the results and format them as space-separated values. While the implementation details differ (e.g., data structures used, I/O handling, naming conventions), the core logic and algorithmic approach are identical.""
}",178
2016_1_2,19093,2016_1_2,30007,CLONE,2026-07-11 14:58:31,"{
  ""answer"": ""YES-SIMILAR"",
  ""explanation"": ""Both code snippets solve the same problem: given multiple rows of integers (2n-1 rows of n integers each), find the missing row where all numbers appear an even number of times except for n numbers that appear an odd number of times. Both use a counting approach to identify which numbers appear an odd number of times, sort them, and output the result in the same format (Case #T: numbers). The core logic and algorithm are identical, though the implementation details differ slightly (e.g., different input/output handling classes, variable naming, and some auxiliary methods).""
}",179
2016_2_1,197689,2016_2_1,192495,CLONE,2026-07-11 14:58:32,"{
  ""answer"": ""NO-NOT-SIMILAR"",
  ""explanation"": ""The two code snippets are not functionally similar. While both attempt to solve a problem involving identifying digits from scrambled letters, they use fundamentally different approaches. Code Snippet 1 uses a complex iterative method with multiple counters and conditional checks to deduce digit counts based on unique letter combinations, while Code Snippet 2 directly maps each letter to its corresponding digit using a switch statement and then adjusts counts through simple arithmetic operations. Additionally, they differ in input/output handling (file vs stdin/stdout), variable naming conventions, and overall algorithmic structure.""
}",180
2016_2_1,197689,2016_2_1,187476,CLONE,2026-07-11 14:58:33,"{
  ""answer"": ""YES-SIMILAR"",
  ""explanation"": ""Both code snippets solve the same problem: determining the digits (0-9) represented by scrambled letters in a string. They both use a greedy approach based on unique letter patterns to identify digits. Code snippet 1 manually counts each character and applies specific rules for identifying digits like 0, 2, 4, 6, 8, etc., while code snippet 2 uses a more structured approach with maps and sets to track character frequencies and digit mappings. Despite differences in implementation style and structure, both programs correctly decode the scrambled strings into sorted numeric sequences.""
}",181
2016_2_1,197689,2016_2_1,193269,CLONE,2026-07-11 14:58:34,"{
  ""answer"": ""YES-SIMILAR"",
  ""explanation"": ""Both code snippets solve the same problem: given a scrambled string of letters representing digits (0-9), unscramble them to form the actual digits in ascending order. They both use a character counting approach where they count occurrences of each letter and then systematically identify digits based on unique letter combinations. Code Snippet 1 uses individual integer counters for each letter and manually handles the logic for identifying digits, while Code Snippet 2 uses a HashMap to store character counts and a more structured approach with helper methods. Despite differences in implementation style (manual counters vs. HashMap), data structures (arrays vs. map), and control flow (nested loops vs. while loops with helper methods), both programs achieve identical functionality and produce the same output for the same input.""
}",182
2016_2_1,197689,2016_2_1,184367,CLONE,2026-07-11 14:58:36,"{
  ""answer"": ""YES-SIMILAR"",
  ""explanation"": ""Both code snippets solve the same problem: given a scrambled string of letters representing digits (0-9), reconstruct the original phone number by identifying unique letter patterns. Both use character counting and logical deduction to identify digits in a specific order. Code Snippet 1 manually counts each character and uses conditional logic to deduce digits based on unique letter combinations, while Code Snippet 2 uses HashMaps to map unique letters to digits and performs similar deduction logic. Both approaches correctly handle the unique letter patterns (like 'Z' for zero, 'W' for two, etc.) and adjust counts accordingly to avoid double-counting. Both output the same formatted result with 'Case #X:' prefix followed by the reconstructed digits in ascending order.""
}",183
2016_2_1,192495,2016_2_1,187476,CLONE,2026-07-11 14:58:37,"{
  ""answer"": ""YES-SIMILAR"",
  ""explanation"": ""Both code snippets solve the same problem: given a scrambled string of letters representing digits (0-9), reconstruct the original digits in ascending order. They both use a strategy based on unique characters to identify digits first (like 'Z' for zero, 'W' for two, etc.), then deduce other digits from remaining characters. Both process the input by counting character frequencies, using these counts to determine how many times each digit appears, and finally outputting the digits in sorted order. While the implementation details differ (e.g., hardcoded logic vs. mapping approach, different variable names, and I/O handling), their core algorithmic approach and final outcome are functionally equivalent.""
}",184
2016_2_1,192495,2016_2_1,193269,CLONE,2026-07-11 14:58:38,"{
  ""answer"": ""YES-SIMILAR"",
  ""explanation"": ""Both code snippets solve the same problem: given a scrambled string of letters representing digits (zero through nine), reconstruct the original digits in ascending order. Code Snippet 1 uses an array to count occurrences of each digit and then adjusts counts based on unique letter patterns before printing digits. Code Snippet 2 uses a HashMap to track character frequencies and removes characters in a specific order based on unique letters for each digit (like 'Z' for zero, 'W' for two, etc.) to identify digits. Despite different data structures and implementation approaches, both algorithms achieve the same goal of decoding the scrambled string into sorted digits.""
}",185
2016_2_1,192495,2016_2_1,184367,CLONE,2026-07-11 14:58:39,"{
  ""answer"": ""YES-SIMILAR"",
  ""explanation"": ""Both code snippets solve the same problem: determining a phone number from shuffled letters representing digits. They both use a frequency counting approach where they count occurrences of specific letters that uniquely identify certain digits (like 'Z' for zero, 'W' for two, etc.), then use logical deductions to determine remaining digit counts. Both snippets process input strings, count character frequencies, apply deduction logic to resolve ambiguous counts, and output the reconstructed phone numbers in ascending order. While they differ in implementation details (e.g., direct array indexing vs. hash maps, different variable names, different I/O handling), their core algorithmic approach and final result are identical.""
}",186
2016_2_1,187476,2016_2_1,193269,CLONE,2026-07-11 14:58:40,"{
  ""answer"": ""YES-SIMILAR"",
  ""explanation"": ""Both code snippets solve the same problem: determining the digits (0-9) represented in a scrambled string of letters. They both use a character frequency counting approach where they identify unique characters that appear only in specific numbers (like 'Z' only in ZERO, 'W' only in TWO, etc.) to systematically deduce and remove digits from the input string. Both algorithms build character frequency maps, then process digits in a specific order based on unique character indicators, remove the corresponding characters, and collect the resulting digits. The core logic and approach are fundamentally identical, though implemented with different variable names, structures, and ordering of digit processing.""
}",187
2016_2_1,187476,2016_2_1,184367,CLONE,2026-07-11 14:58:42,"{
  ""answer"": ""YES-SIMILAR"",
  ""explanation"": ""Both code snippets solve the same problem: determining a phone number from a scrambled string of letters representing digits. They both use a character frequency analysis approach where they identify unique characters that correspond to specific digits (like 'Z' for ZERO, 'W' for TWO, etc.) and then derive other digits based on remaining character counts. Both algorithms process the input string to count character frequencies, use these counts to determine how many times each digit appears, and finally construct the sorted output string of digits. While the implementation details differ (e.g., different ordering of digit processing, different variable names, and slightly different logic for handling dependencies between digits), the core algorithmic approach and final result are functionally equivalent.""
}",188
2016_2_1,193269,2016_2_1,184367,CLONE,2026-07-11 14:58:43,"{
  ""answer"": ""YES-SIMILAR"",
  ""explanation"": ""Both code snippets solve the same problem: determining a phone number from scrambled English word representations of digits. They both use a character frequency analysis approach where they identify unique characters that appear only in specific numbers (like 'Z' for zero, 'W' for two, etc.) to count occurrences of each digit. Both algorithms process the input string to count character frequencies, then use these counts to deduce how many times each digit appears, and finally construct the resulting phone number string. While they implement different approaches (one uses direct character removal logic, the other uses substring matching and adjustment calculations), they ultimately solve the identical problem with equivalent functional outcomes.""
}",189
2016_3_1,205670,2016_3_1,211583,CLONE,2026-07-11 14:58:44,"{
  ""answer"": ""NO-NOT-SIMILAR"",
  ""explanation"": ""The two code snippets implement different algorithms for solving what appears to be the same problem (Senate Evacuation or similar). Code Snippet 1 uses a greedy approach by always selecting the senator with the maximum count, while Code Snippet 2 uses a priority queue-based approach that considers pairs of senators. The logic for determining when to add senators to the output differs significantly between the two approaches, and they handle edge cases differently. For example, Snippet 1 checks if the maximum count divided by total remaining senators is greater than 0.5, whereas Snippet 2 has more complex conditions involving (sum-1)/2 and (sum-2)/2. These fundamental differences in algorithmic approach make them not functionally similar.""
}",190
2016_3_1,205670,2016_3_1,210871,CLONE,2026-07-11 14:58:46,"{
  ""answer"": ""NO-NOT-SIMILAR"",
  ""explanation"": ""The two code snippets are not functionally similar. While both appear to solve a problem related to assigning senators to parties (likely the 'Senate Evacuation' problem from Google Code Jam 2016 Round 1A), they implement fundamentally different algorithms and approaches. Code Snippet 1 uses a greedy approach with complex logic to determine which senators to evacuate at each step, including checks for majorities and handling edge cases. Code Snippet 2 uses a simpler approach where it evacuates senators in groups of 2 when possible, and handles remaining senators differently. The core algorithmic differences, data structures used (arrays vs HashMap), and output formatting make them non-equivalent solutions.""
}",191
2016_3_1,205670,2016_3_1,218815,CLONE,2026-07-11 14:58:46,"{
  ""answer"": ""NO-NOT-SIMILAR"",
  ""explanation"": ""The two code snippets solve different problems and have fundamentally different approaches. Code Snippet 1 appears to solve a problem related to assigning senators to parties in a way that avoids a supermajority, using a greedy algorithm that tracks maximum values and adjusts based on ratios. Code Snippet 2 seems to solve a different problem involving string manipulation and character distribution across arrays. The core logic, data structures, and problem domains are completely different between the two snippets.""
}",192
2016_3_1,205670,2016_3_1,207727,CLONE,2026-07-11 14:58:48,"{
  ""answer"": ""NO-NOT-SIMILAR"",
  ""explanation"": ""The two code snippets implement different algorithms for solving what appears to be the same problem (Senate Evacuation from Google Code Jam 2016 Round 1C). However, their approaches and logic differ significantly. Code Snippet 1 uses arrays to track senator counts and implements a complex greedy algorithm with multiple checks for majority conditions before removing senators. Code Snippet 2 uses HashMaps and LinkedHashMaps, sorts parties by count, and removes senators in pairs or singletons based on a simpler rule: when only 2 senators remain, they're removed together, otherwise remove the two highest-count parties. The fundamental approach, data structures used, and removal strategies are different, making them not functionally similar.""
}",193
2016_3_1,211583,2016_3_1,210871,CLONE,2026-07-11 14:58:49,"{
  ""answer"": ""NO-NOT-SIMILAR"",
  ""explanation"": ""The two code snippets solve different problems and have fundamentally different approaches. Code Snippet 1 is designed to distribute diplomats from different countries such that no country has more than half of the total diplomats at any time, using a priority queue to manage the distribution process. Code Snippet 2 appears to be solving a different problem related to distributing people or entities according to some rules, but does not appear to be implementing the same logic as the first snippet. The algorithms, data structures used, and problem domains are distinct between the two.""
}",194
2016_3_1,211583,2016_3_1,218815,CLONE,2026-07-11 14:58:50,"{
  ""answer"": ""NO-NOT-SIMILAR"",
  ""explanation"": ""The two code snippets solve different problems. Code Snippet 1 appears to be solving a problem related to distributing diplomats from countries with certain constraints, using a priority queue to manage the distribution process. Code Snippet 2 seems to be solving a different problem involving string manipulation and character distribution among groups. The core logic, data structures used (priority queue vs arrays), and overall approach are fundamentally different, indicating they are not functionally similar.""
}",195
2016_3_1,211583,2016_3_1,207727,CLONE,2026-07-11 14:58:51,"{
  ""answer"": ""NO-NOT-SIMILAR"",
  ""explanation"": ""The two code snippets solve different problems and have fundamentally different approaches. Code snippet 1 is designed to handle a specific problem involving distributing people from different parties with certain constraints using a priority queue and complex conditional logic. Code snippet 2 solves a different problem related to allocating seats in a parliament or similar scenario, where it tries to maintain a balance by removing two representatives at a time when possible. While both involve sorting and managing counts of elements, their objectives, algorithms, and output formats are distinct.""
}",196
2016_3_1,210871,2016_3_1,218815,CLONE,2026-07-11 14:58:52,"{
  ""answer"": ""NO-NOT-SIMILAR"",
  ""explanation"": ""The two code snippets have different approaches and logic for solving what appears to be a similar problem. Code snippet 1 uses a greedy algorithm that repeatedly finds the maximum value in a map and processes characters accordingly, handling cases where there are 2 or more maximum values differently. Code snippet 2 uses a different approach by building strings based on numeric values and then processing them from highest to lowest count, using substring operations. While both seem to solve some kind of party/legislature problem involving distributing people into groups, their implementation strategies, data structures, and algorithms are fundamentally different. The core logic and control flow do not match, making them not functionally similar.""
}",197
2016_3_1,210871,2016_3_1,207727,CLONE,2026-07-11 14:58:53,"{
  ""answer"": ""NO-NOT-SIMILAR"",
  ""explanation"": ""The two code snippets implement different algorithms for solving what appears to be the same problem (Senate Evacuation from Google Code Jam). However, their approaches differ significantly. Snippet 1 uses a greedy approach where it repeatedly finds the maximum value entries and handles cases where there are exactly 2 people left differently than Snippet 2. Snippet 2 sorts the map by values and always takes the top two elements when possible, with special handling when only 2 people remain. The core logic for handling the evacuation process is fundamentally different between the two implementations.""
}",198
2016_3_1,218815,2016_3_1,207727,CLONE,2026-07-11 14:58:54,"{
  ""answer"": ""NO-NOT-SIMILAR"",
  ""explanation"": ""The two code snippets implement different algorithms for solving what appears to be the same problem (Senate Evacuation from Google Code Jam 2016 Round 1C). However, their approaches are fundamentally different. Snippet 1 uses an array-based approach where it tracks parties by their counts in an array indexed by count values, then processes them from highest to lowest count. Snippet 2 uses a HashMap with sorting to track party counts and always removes the two largest parties at each step, except when only 2 seats remain which it handles specially. While both attempt to solve the same problem, their logic and implementation strategies differ significantly, making them not functionally similar.""
}",199
2013_0_1,84294,2016_3_1,218815,NON-CLONE,2026-07-11 14:58:55,"{
  ""answer"": ""NO-NOT-SIMILAR"",
  ""explanation"": ""The two code snippets implement completely different algorithms and solve different problems. Code snippet 1 is a solution for the Tic-Tac-Toe problem (also known as 'Tic-Tac-Toe' or 'Tic-Tac-Toe Game'), where it determines the winner of a 4x4 game board. The second code snippet appears to be solving a different problem related to assigning letters to numbers and generating a sequence based on some priority logic. The structures, purposes, and functionalities of these two programs are entirely distinct.""
}",200
2013_0_1,84294,2015_1_1,124925,NON-CLONE,2026-07-11 14:58:56,"{
  ""answer"": ""NO-NOT-SIMILAR"",
  ""explanation"": ""The two code snippets implement completely different algorithms and solve different problems. Code snippet 1 is a Tic-Tac-Toe game solver that determines the outcome of a 4x4 board game with X, O, and T characters. It checks rows, columns, and diagonals for winning conditions. Code snippet 2 is a problem related to eating pancakes where it calculates minimum time needed to eat pancakes at different rates. The tasks, inputs, outputs, and logic are entirely different between these two snippets.""
}",201
2013_0_1,84294,2016_0_2,88861,NON-CLONE,2026-07-11 14:58:57,"{
  ""answer"": ""NO-NOT-SIMILAR"",
  ""explanation"": ""The two code snippets perform completely different tasks. Code snippet 1 implements a Tic-Tac-Toe game solver that determines the outcome of a 4x4 board game (win, loss, draw, or incomplete), while code snippet 2 solves a pancake flipping problem where it calculates the minimum number of flips needed to make all pancakes face up. The algorithms, data structures, and problem domains are entirely different.""
}",202
2013_0_1,84294,2014_0_2,107403,NON-CLONE,2026-07-11 14:58:58,"{
  ""answer"": ""NO-NOT-SIMILAR"",
  ""explanation"": ""The two code snippets implement completely different algorithms and solve different problems. Code snippet 1 implements a Tic-Tac-Toe game solver that determines the outcome of a 4x4 board game based on X and O placements, while code snippet 2 solves an optimization problem related to farming cookies where the goal is to minimize time to reach a target number of cookies by deciding when to buy farms. The functions, logic, and purpose of both codes are entirely different.""
}",203
2013_0_1,58633,2015_0_3,62582,NON-CLONE,2026-07-11 14:58:59,"{
  ""answer"": ""NO-NOT-SIMILAR"",
  ""explanation"": ""The two code snippets are not functionally similar. Code snippet 1 is designed to solve a Tic-Tac-Toe game analysis problem, determining the outcome of games based on a 4x4 grid input. It processes game states, checks for wins in rows, columns, and diagonals, and outputs results to a file. Code snippet 2 is implementing a solution for the 'Dijkstra' problem, which involves determining whether a string can be split into three parts that represent specific quaternion multiplications (i, j, k). These are entirely different computational problems with different logic, data structures, and objectives.""
}",204
2013_0_1,58633,2013_1_1,35305,NON-CLONE,2026-07-11 14:59:00,"{
  ""answer"": ""NO-NOT-SIMILAR"",
  ""explanation"": ""The two code snippets are not functionally similar. Code Snippet 1 is designed to solve a Tic-Tac-Toe-like game analysis problem where it reads a 4x4 board configuration and determines the winner (X, O) or the game state (Draw, Not Completed). It involves parsing input, processing a matrix, and applying logical conditions to determine outcomes. Code Snippet 2 solves a different mathematical problem involving finding the maximum number of circles that can be placed within a given area using binary search on a mathematical formula. The tasks, input/output formats, algorithms, and logic are completely different between the two snippets.""
}",205
2013_0_1,58633,2016_0_4,100472,NON-CLONE,2026-07-11 14:59:01,"{
  ""answer"": ""NO-NOT-SIMILAR"",
  ""explanation"": ""The two code snippets are not functionally similar. Code Snippet 1 appears to solve a Tic-Tac-Toe-like game analysis problem where it reads a 4x4 board and determines if X or O has won, or if the game is incomplete or a draw. Code Snippet 2 solves a completely different problem related to 'Fractiles' in the context of Google Code Jam, which involves calculating positions in a fractal structure based on parameters k, c, and s. The problems, logic, and purposes of these two snippets are entirely different.""
}",206
2013_0_1,124149,2015_0_1,68106,NON-CLONE,2026-07-11 14:59:02,"{
  ""answer"": ""NO-NOT-SIMILAR"",
  ""explanation"": ""The two code snippets implement completely different algorithms and solve different problems. Code snippet 1 implements a Tic-Tac-Toe game logic analyzer that determines the outcome of a Tic-Tac-Toe board (win for X, win for O, draw, or game not completed), while code snippet 2 solves a problem related to calculating minimum additional people needed to ensure everyone can stand at a concert based on crowd dynamics. The structures, input/output formats, and logical operations are entirely different.""
}",207
2013_0_1,124149,2016_1_2,8152,NON-CLONE,2026-07-11 14:59:03,"{
  ""answer"": ""NO-NOT-SIMILAR"",
  ""explanation"": ""The two code snippets implement completely different functionalities. Code Snippet 1 is designed to solve a Tic-Tac-Toe game logic problem, determining the winner or game state from a 4x4 grid with 'X', 'O', and 'T' characters. Code Snippet 2 solves a different problem involving finding missing numbers in a list where most numbers appear twice except for one unique number that appears once. The algorithms, data structures, and problem domains are entirely distinct.""
}",208
2013_0_1,88116,2016_1_1,2003,NON-CLONE,2026-07-11 14:59:04,"{
  ""answer"": ""NO-NOT-SIMILAR"",
  ""explanation"": ""The two code snippets implement completely different tasks. Code Snippet 1 is a solution for a Tic-Tac-Toe-like game analysis problem where it checks for wins or draws on a 4x4 grid. It analyzes rows, columns, and diagonals to determine if X or O has won, or if the game is incomplete or ended in a draw. Code Snippet 2 solves a different problem related to rearranging characters in a string to form the lexicographically largest possible string by comparing characters and building the result accordingly. The functional purposes, logic, and problem domains of these two snippets are entirely different.""
}",209
2013_0_2,95524,2015_0_3,88073,NON-CLONE,2026-07-11 14:59:05,"{
  ""answer"": ""NO-NOT-SIMILAR"",
  ""explanation"": ""The two code snippets implement completely different algorithms and solve different problems. Code snippet 1 is about determining if a grid can be 'cut' according to certain horizontal and vertical constraints, while code snippet 2 is about evaluating quaternion multiplication expressions to determine if a given string can be split into segments representing 'i', 'j', and 'k'. The problems, logic, and objectives are entirely unrelated.""
}",210
2013_0_2,95524,2016_0_4,63729,NON-CLONE,2026-07-11 14:59:06,"{
  ""answer"": ""NO-NOT-SIMILAR"",
  ""explanation"": ""The two code snippets implement completely different algorithms and solve different problems. Code snippet 1 is designed to determine if a given grid can be reduced to a certain state through horizontal and vertical pruning operations, while code snippet 2 is a fractile solving algorithm that deals with generating patterns and determining positions based on complexity levels. The tasks, input/output formats, and underlying logic are entirely different.""
}",211
2013_0_2,95524,2014_0_3,71973,NON-CLONE,2026-07-11 14:59:07,"{
  ""answer"": ""NO-NOT-SIMILAR"",
  ""explanation"": ""The two code snippets implement completely different algorithms and solve different problems. Code Snippet 1 is about determining if a grid can be modified to meet certain horizontal and vertical constraints, using a boolean matrix to track possible values. Code Snippet 2 is about solving a Minesweeper-like puzzle where the goal is to reveal cells in a grid starting from a specific cell, following specific rules about how cells can be revealed based on adjacent cells. The input/output formats, problem domains, and core logic are entirely different.""
}",212
2013_0_2,95524,2016_3_1,205670,NON-CLONE,2026-07-11 14:59:08,"{
  ""answer"": ""NO-NOT-SIMILAR"",
  ""explanation"": ""The two code snippets implement completely different algorithms and solve different problems. Code snippet 1 is about determining if a grid can be 'cut' horizontally and vertically according to certain rules, while code snippet 2 is about allocating senators to parties in a way that avoids a supermajority. The structures, logic, and purposes of the two codes are entirely different.""
}",213
2013_0_2,44471,2013_0_3,118052,NON-CLONE,2026-07-11 14:59:09,"{
  ""answer"": ""NO-NOT-SIMILAR"",
  ""explanation"": ""The two code snippets are not functionally similar. Code Snippet 1 is about determining if a lawn mower pattern is achievable by checking if each cell can be reduced to the minimum value through row/column operations. It involves reading a grid of integers and performing logical checks on rows and columns. Code Snippet 2 is about finding 'Fair and Square' numbers, which are numbers that are palindromes and whose squares are also palindromes. It involves generating palindromic numbers, squaring them, checking if the square is also a palindrome, and then counting how many such numbers fall within a given range. These are completely different problems with different algorithms, data structures, and objectives.""
}",214
2013_0_2,44471,2013_0_3,55548,NON-CLONE,2026-07-11 14:59:10,"{
  ""answer"": ""NO-NOT-SIMILAR"",
  ""explanation"": ""The two code snippets are not functionally similar. Code Snippet 1 is designed to solve a problem related to checking if a given pattern in a 2D grid can be achieved by lowering heights in rows and columns, essentially determining if a configuration is possible. It reads input from a file, processes a grid of integers, and determines if a specific pattern is achievable based on minimum values and row/column constraints. On the other hand, Code Snippet 2 deals with finding 'Fair Square' numbers - numbers that are perfect squares and whose square root is also a palindrome. It precomputes all such numbers up to a certain limit and then answers queries about how many fair squares exist within a given range. These are completely different problems with different algorithms, data structures, and objectives.""
}",215
2013_0_2,44471,2016_1_2,30007,NON-CLONE,2026-07-11 14:59:11,"{
  ""answer"": ""NO-NOT-SIMILAR"",
  ""explanation"": ""The two code snippets implement completely different algorithms and solve different problems. Code Snippet 1 is about determining if a lawn mower pattern is possible based on height values in a grid, involving checking rows and columns against a minimum value. Code Snippet 2 is about finding missing numbers in a grid by counting occurrences and identifying odd-count elements in a multiset. They differ in problem domain, data structures used (2D arrays vs multisets), input/output handling, and core logic.""
}",216
2013_0_2,55421,2014_2_1,125050,NON-CLONE,2026-07-11 14:59:13,"{
  ""answer"": ""NO-NOT-SIMILAR"",
  ""explanation"": ""The two code snippets are not functionally similar. Code Snippet 1 is solving a lawn mower problem where it checks if a given grid pattern can be achieved by mowing rows and columns independently. It reads input from files, processes a 2D array representing a garden pattern, and determines if the pattern is achievable based on row/column constraints. Code Snippet 2 is solving a different problem related to string manipulation and character frequency optimization, where it tries to make all strings identical by minimizing operations on character counts. The problems, input/output handling, algorithms, and overall functionality are completely different.""
}",217
2013_0_2,55421,2015_0_1,68106,NON-CLONE,2026-07-11 14:59:14,"{
  ""answer"": ""NO-NOT-SIMILAR"",
  ""explanation"": ""The two code snippets implement completely different algorithms and solve different problems. Code snippet 1 is a solution for the 'Lawnmower' problem from Google Code Jam 2013, where it determines if a given lawn pattern can be achieved by mowing rows and columns. Code snippet 2 solves a 'Standing Ovation' problem, calculating the minimum number of friends needed to ensure everyone stands at a concert. The structures, logic, data processing methods, and problem domains are entirely different.""
}",218
2013_0_2,90919,2013_1_1,35305,NON-CLONE,2026-07-11 14:59:15,"{
  ""answer"": ""NO-NOT-SIMILAR"",
  ""explanation"": ""The two code snippets perform completely different tasks. Code snippet 1 solves a problem where it checks if a 2D grid can be transformed such that each cell equals the maximum value in its row or column. It reads a grid, finds row and column maximums, then validates if each cell matches either its row or column maximum. Code snippet 2 solves a binary search problem involving BigInteger arithmetic to find the maximum number of circles that can be placed within certain constraints. The problems, algorithms, data structures, and input/output formats are entirely different between the two snippets.""
}",219
2013_0_3,55548,2014_2_1,125050,NON-CLONE,2026-07-11 14:59:16,"{
  ""answer"": ""NO-NOT-SIMILAR"",
  ""explanation"": ""The two code snippets implement completely different algorithms and solve different problems. Code snippet 1 is designed to find 'fair square' numbers - numbers that are perfect squares and whose square representation is a palindrome. It precomputes these numbers and then answers queries about how many fair squares exist within a given range. Code snippet 2 is a solution for the Google Code Jam problem 'The Repeater', which deals with making strings have identical character sequences by minimizing operations. The tasks, logic, data structures, and input/output handling are entirely different between the two snippets.""
}",220
2013_0_3,55548,2013_1_1,30610,NON-CLONE,2026-07-11 14:59:17,"{
  ""answer"": ""NO-NOT-SIMILAR"",
  ""explanation"": ""The two code snippets have completely different functionalities and purposes. Code snippet 1 is focused on finding 'fair square' numbers - numbers that are perfect squares and whose square roots are palindromes. It precomputes a list of such numbers and then answers queries about how many fair squares exist within a given range. Code snippet 2 is a utility class providing various helper methods for file I/O, string parsing, mathematical operations, and prime number checking. These snippets serve entirely different roles in a program and do not perform the same tasks.""
}",221
2013_0_3,55548,2015_0_3,62582,NON-CLONE,2026-07-11 14:59:18,"{
  ""answer"": ""NO-NOT-SIMILAR"",
  ""explanation"": ""The two code snippets implement completely different algorithms and solve different problems. Code snippet 1 is designed to find 'fair square' numbers - numbers that are perfect squares and whose decimal representation is a palindrome. It precomputes a list of such numbers and then answers queries about how many fair squares exist within a given range. On the other hand, code snippet 2 implements a solution for the Dijkstra group problem, which involves determining whether a string can be split into three parts representing the elements i, j, and k of the quaternion group. The core logic, data structures, and problem domains are entirely distinct between these two snippets.""
}",222
2013_0_3,55548,2015_0_1,79967,NON-CLONE,2026-07-11 14:59:19,"{
  ""answer"": ""NO-NOT-SIMILAR"",
  ""explanation"": ""The two code snippets implement completely different algorithms and solve different problems. Code snippet 1 is designed to find 'fair square' numbers (numbers that are perfect squares and whose square root is a palindrome) within a given range, using complex manipulation of character arrays and mathematical operations. Code snippet 2 solves a different problem about determining how many friends need to be invited to a shindig so that everyone can clap, based on a string representing audience members and their shyness levels. The core logic, data structures, and problem domains are entirely different.""
}",223
2013_0_3,94901,2015_1_1,124925,NON-CLONE,2026-07-11 14:59:20,"{
  ""answer"": ""NO-NOT-SIMILAR"",
  ""explanation"": ""The two code snippets perform completely different tasks. Code Snippet 1 is designed to find palindromic square numbers within a given range and count how many such numbers exist in each test case, which involves mathematical operations and number theory concepts. Code Snippet 2 is about calculating the minimum number of minutes required to eat all pancakes, considering two different eating strategies (eating at a constant rate vs. eating at varying rates), which is a completely different algorithmic problem focused on optimization and greedy approaches. These snippets address entirely different computational problems.""
}",224
2013_0_3,94901,2016_1_2,31984,NON-CLONE,2026-07-11 14:59:21,"{
  ""answer"": ""NO-NOT-SIMILAR"",
  ""explanation"": ""The two code snippets have completely different functionalities. Code snippet 1 is a Java program that processes test cases to find 'fair and square' numbers within given ranges, involving mathematical operations on BigInteger values and file I/O for reading test data and writing results. Code snippet 2 is a utility class focused solely on reading input data from a file and storing it in a 2D string array, with no mathematical processing or output generation. The purpose, logic, and output of these snippets are fundamentally different.""
}",225
2013_0_3,94901,2015_0_3,88073,NON-CLONE,2026-07-11 14:59:22,"{
  ""answer"": ""NO-NOT-SIMILAR"",
  ""explanation"": ""The two code snippets are not functionally similar. Code Snippet 1 is designed to find palindromic square numbers within a given range and then count how many such numbers exist in multiple test cases. It involves operations with BigInteger, string reversal, and mathematical computations on palindromes. On the other hand, Code Snippet 2 deals with evaluating expressions involving quaternion multiplication rules ('i', 'j', 'k') and determining whether a repeated expression can be split into segments that multiply to give 'i', 'j', 'k' in order. These are entirely different computational problems with no functional overlap.""
}",226
2013_0_3,78294,2014_0_3,108079,NON-CLONE,2026-07-11 14:59:23,"{
  ""answer"": ""NO-NOT-SIMILAR"",
  ""explanation"": ""The two code snippets implement completely different algorithms and solve different problems. Code snippet 1 is designed to solve a 'Fair Square' problem where it counts perfect squares that are also palindromes within a given range. It uses a precomputed array of known fair square numbers. Code snippet 2 solves a Minesweeper-like grid filling problem where it attempts to place mines on a grid such that the remaining empty spaces form a valid configuration. The problems, approaches, data structures, and logic are entirely different between the two snippets.""
}",227
2013_0_3,78294,2015_0_3,21597,NON-CLONE,2026-07-11 14:59:24,"{
  ""answer"": ""NO-NOT-SIMILAR"",
  ""explanation"": ""The two code snippets implement completely different algorithms and solve different problems. Code snippet 1 is designed to find 'fair square' numbers within a given range, where a fair square is a number that is both a perfect square and a palindrome. It uses a precomputed array of such numbers for efficiency. Code snippet 2 implements a solution for the 'Dijkstra' problem, which involves checking if a string can be split into three parts whose products equal 'i', 'j', and 'k' respectively according to a specific multiplication table. These are entirely unrelated computational problems with no functional similarity.""
}",228
2013_0_3,118052,2015_0_3,74464,NON-CLONE,2026-07-11 14:59:25,"{
  ""answer"": ""NO-NOT-SIMILAR"",
  ""explanation"": ""The two code snippets are not functionally similar. Code Snippet 1 is solving the 'Fair and Square' problem, which involves finding numbers that are palindromes and whose squares are also palindromes, then counting how many such numbers exist within given ranges. Code Snippet 2 is solving a completely different problem related to quaternion multiplication and checking if a string of characters 'i', 'j', 'k' can be split into three parts that multiply to give 'i', 'j', 'k' respectively. The problems, algorithms, and logic are entirely different.""
}",229
2013_1_1,35305,2014_2_1,115332,NON-CLONE,2026-07-11 14:59:26,"{
  ""answer"": ""NO-NOT-SIMILAR"",
  ""explanation"": ""The two code snippets implement completely different algorithms and solve different problems. Code Snippet 1 performs binary search to find the maximum value 'n' such that a mathematical condition involving BigInteger operations is satisfied, likely related to finding a root or solving an equation. Code Snippet 2 processes strings and matrices to determine if a string transformation is valid and calculates a minimum cost based on character frequency patterns. The problems, data structures, and algorithms used are entirely distinct.""
}",230
2013_1_1,35305,2016_2_1,197689,NON-CLONE,2026-07-11 14:59:28,"{
  ""answer"": ""NO-NOT-SIMILAR"",
  ""explanation"": ""The two code snippets perform entirely different tasks. Code Snippet 1 solves a mathematical problem using binary search to find the maximum value 'n' such that a certain formula involving 'r' and 't' is satisfied. It reads from 'input.in' and writes to 'output.txt'. Code Snippet 2 solves a string manipulation problem where it takes a scrambled string of letters representing digits and unscrambles them to form the correct digit sequence. It reads from 'C:/codejamdata/A-large.in' and writes to 'C:/codejamdata/gcj1abloutput.txt'. The algorithms, input/output formats, and problem domains are completely different.""
}",231
2013_1_1,35305,2014_3_1,138529,NON-CLONE,2026-07-11 14:59:29,"{
  ""answer"": ""NO-NOT-SIMILAR"",
  ""explanation"": ""The two code snippets perform completely different tasks. Code Snippet 1 solves a problem involving finding the maximum value using binary search on a mathematical formula with BigInteger arithmetic, likely related to finding the largest integer satisfying certain conditions. Code Snippet 2 solves a problem about determining the number of generations needed for a fraction to reach a power of 2, involving GCD calculation and bit operations. The problems, algorithms, data structures, and input/output formats are entirely different between the two snippets.""
}",232
2013_1_1,35305,2016_2_1,184367,NON-CLONE,2026-07-11 14:59:30,"{
  ""answer"": ""NO-NOT-SIMILAR"",
  ""explanation"": ""The two code snippets solve completely different problems. Code Snippet 1 performs binary search to find the maximum value 'n' such that a mathematical formula involving 'r' and 't' is satisfied, using BigInteger arithmetic. Code Snippet 2 solves a phone number reconstruction problem where it takes a scrambled string of letters representing digits and reconstructs the actual phone number by counting letter occurrences and applying logical deductions. The algorithms, input/output formats, and problem domains are entirely different.""
}",233
2013_1_1,30788,2016_2_1,187476,NON-CLONE,2026-07-11 14:59:30,"{
  ""answer"": ""NO-NOT-SIMILAR"",
  ""explanation"": ""The two code snippets perform completely different tasks. Code Snippet 1 solves a mathematical problem related to calculating the number of concentric circles that can be drawn given certain constraints, using quadratic formula solving. Code Snippet 2 solves a string parsing problem where it determines the digits in a scrambled word representation by analyzing character frequencies and matching them to known digit words. The problems, algorithms, and purposes of these codes are fundamentally different.""
}",234
2013_1_1,30788,2016_1_2,20611,NON-CLONE,2026-07-11 14:59:31,"{
  ""answer"": ""NO-NOT-SIMILAR"",
  ""explanation"": ""The two code snippets implement completely different algorithms and solve different problems. Code snippet 1 is solving a mathematical problem involving calculating the number of concentric circles that can be drawn given a radius R and area T, using quadratic formula calculations. Code snippet 2 is solving a problem related to finding missing numbers in a grid where each row and column appears an even number of times except for the missing row/column, using frequency counting and sorting. The problems, approaches, and logic are fundamentally different.""
}",235
2013_1_1,30788,2013_0_2,114653,NON-CLONE,2026-07-11 14:59:32,"{
  ""answer"": ""NO-NOT-SIMILAR"",
  ""explanation"": ""The two code snippets solve completely different problems. Code snippet 1 appears to solve a mathematical problem involving calculating the number of rings that can be drawn given certain constraints, using quadratic formula solving. Code snippet 2 solves a different problem related to determining whether a 2D grid can be transformed into a specific pattern by checking if each cell's value matches the maximum value in its row or column. The input/output formats, algorithms, and overall objectives of the two snippets are entirely different.""
}",236
2013_1_1,30610,2016_1_1,8299,NON-CLONE,2026-07-11 14:59:33,"{
  ""answer"": ""NO-NOT-SIMILAR"",
  ""explanation"": ""The two code snippets have completely different functionalities and purposes. Code Snippet 1 defines a utility class 'Util' with methods for file I/O operations, string parsing, mathematical functions, and input/output handling. It appears to be a general-purpose utility class for reading from files or standard input and performing various operations. Code Snippet 2 is a specific program that solves a particular problem (likely from Code Jam) by reading input, processing strings according to a specific algorithm, and printing formatted output. The first snippet is a utility library while the second is a complete program solving a specific task. They are not functionally similar.""
}",237
2013_1_1,30610,2016_1_2,31984,NON-CLONE,2026-07-11 14:59:35,"{
  ""answer"": ""NO-NOT-SIMILAR"",
  ""explanation"": ""The two code snippets have completely different functionalities. Code snippet 1 is a utility class that provides general input/output operations, file handling, string parsing, mathematical functions, and error handling. It's designed for general-purpose programming tasks including file reading, console I/O, and mathematical computations. Code snippet 2 is specifically designed to read and parse structured input data from a fixed file path, organizing it into a 2D array based on a specific format (number of cases followed by test case data). The purposes, functionality, and design goals of these two snippets are entirely different.""
}",238
2013_1_1,30305,2014_0_3,27551,NON-CLONE,2026-07-11 14:59:35,"{
  ""answer"": ""NO-NOT-SIMILAR"",
  ""explanation"": ""The two code snippets solve completely different problems. Code snippet 1 is solving a mathematical problem involving calculating the number of circles that can be painted given radius and paint amount, using big integer arithmetic and square root calculations. Code snippet 2 is solving a Minesweeper-like grid generation problem where it places mines on a grid and tries to create a valid configuration. The tasks, input/output formats, algorithms, and purposes of these two snippets are entirely different.""
}",239
2014_0_2,107403,2016_0_2,88861,NON-CLONE,2026-07-11 14:59:36,"{
  ""answer"": ""NO-NOT-SIMILAR"",
  ""explanation"": ""The two code snippets perform completely different tasks. Code Snippet 1 solves a problem related to optimizing cookie farming rates in a game, calculating the minimum time to reach a target number of cookies given increasing production rates. Code Snippet 2 solves a problem about counting pancake flips needed to make all pancakes face up, which is a different algorithmic challenge entirely. They differ in input handling, logic, and output format.""
}",240
2014_0_2,107403,2016_3_1,218815,NON-CLONE,2026-07-11 14:59:37,"{
  ""answer"": ""NO-NOT-SIMILAR"",
  ""explanation"": ""The two code snippets implement completely different algorithms and solve different problems. Code snippet 1 solves a problem related to optimizing cookie farming timing (calculating minimum time to reach a target amount with increasing production rates), while code snippet 2 deals with a parliamentary delegation problem involving distributing delegates from different parties. They have different input/output formats, data structures, and logical approaches. The tasks are fundamentally unrelated.""
}",241
2014_0_2,107403,2014_3_1,137264,NON-CLONE,2026-07-11 14:59:38,"{
  ""answer"": ""NO-NOT-SIMILAR"",
  ""explanation"": ""The two code snippets solve completely different problems. Code snippet 1 is solving a problem related to optimizing cookie farming timing (from Google Code Jam), where it calculates the minimum time to reach a target number of cookies given increasing production rates. Code snippet 2 is solving a problem about determining the minimum number of generations required for a fraction to become a power of 1/2, which is a different mathematical problem entirely. They have different input formats, different algorithms, and different outputs.""
}",242
2014_0_2,107403,2014_0_3,108079,NON-CLONE,2026-07-11 14:59:39,"{
  ""answer"": ""NO-NOT-SIMILAR"",
  ""explanation"": ""The two code snippets solve completely different problems and have no functional similarity. Code snippet 1 is solving a problem related to optimizing cookie farming timing in a game, calculating the minimum time to reach a target amount given increasing production rates. Code snippet 2 is solving a Minesweeper board generation problem, determining whether a valid configuration of mines and empty cells exists for a given grid size and mine count. The problems, algorithms, and objectives are entirely different.""
}",243
2014_0_2,81302,2015_1_1,115055,NON-CLONE,2026-07-11 14:59:40,"{
  ""answer"": ""NO-NOT-SIMILAR"",
  ""explanation"": ""The two code snippets solve completely different problems. Code snippet 1 is a solution to a cookie clicker problem where the goal is to find the minimum time to reach a target number of cookies by deciding when to buy farms. It involves calculating optimal timing for purchasing upgrades. Code snippet 2 solves a mushroom harvesting problem where the goal is to calculate two different strategies for eating mushrooms based on consumption rates and price differences. The problems, algorithms, input/output formats, and overall logic are entirely different.""
}",244
2014_0_2,81302,2015_0_3,62582,NON-CLONE,2026-07-11 14:59:41,"{
  ""answer"": ""NO-NOT-SIMILAR"",
  ""explanation"": ""The two code snippets implement completely different algorithms and solve different problems. Code snippet 1 is a solution to a problem involving optimizing cookie farming timing (likely from Google Code Jam), where it calculates the minimum time to reach a target number of cookies by deciding when to buy farms. Code snippet 2 implements a solution for determining whether a string can be split into three parts representing 'i', 'j', and 'k' in the context of quaternion multiplication, which is a different problem entirely. The structures, logic, variables, and purposes of these codes are fundamentally different.""
}",245
2014_0_2,81302,2014_3_1,138529,NON-CLONE,2026-07-11 14:59:42,"{
  ""answer"": ""NO-NOT-SIMILAR"",
  ""explanation"": ""The two code snippets implement completely different algorithms and solve different problems. Code snippet 1 is solving a problem related to optimizing cookie farming timing (from Google Code Jam), where it calculates the minimum time to reach a target number of cookies by deciding when to buy farms. Code snippet 2 is solving a problem about finding the minimum number of generations for a fraction to reduce to 1/2^k form, involving GCD calculation and bit operations. The tasks, input/output formats, and algorithmic approaches are entirely different.""
}",246
2014_0_2,27351,2016_1_2,31984,NON-CLONE,2026-07-11 14:59:43,"{
  ""answer"": ""NO-NOT-SIMILAR"",
  ""explanation"": ""The two code snippets perform entirely different tasks. Code Snippet 1 solves a specific optimization problem related to buying farms to minimize time (likely from Google Code Jam's Cookie Clicker problem), while Code Snippet 2 reads and parses input data for a completely different problem type involving reading structured input with cases and lines. The first snippet focuses on algorithmic computation with mathematical optimization, whereas the second snippet is purely focused on input file parsing and data organization. They operate at different levels of abstraction and solve different problems.""
}",247
2014_0_2,27351,2016_2_1,193269,NON-CLONE,2026-07-11 14:59:44,"{
  ""answer"": ""NO-NOT-SIMILAR"",
  ""explanation"": ""The two code snippets implement completely different algorithms and solve different problems. Code Snippet 1 solves a cookie clicker optimization problem where the goal is to find the minimum time to reach a certain number of cookies by deciding when to buy farms. Code Snippet 2 solves a digit reconstruction problem where the goal is to determine which digits (0-9) are represented in a scrambled string of letters. The tasks, algorithms, data structures, and input/output formats are entirely different between the two snippets.""
}",248
2014_0_2,41018,2016_0_4,129913,NON-CLONE,2026-07-11 14:59:45,"{
  ""answer"": ""NO-NOT-SIMILAR"",
  ""explanation"": ""The two code snippets implement completely different algorithms and solve different problems. Code Snippet 1 is a solution for the 'Cookie Clicker' problem from Google Code Jam 2014, where the goal is to calculate the minimum time to reach a target number of cookies by deciding when to buy farms. Code Snippet 2 solves the 'Fractiles' problem, which involves determining positions to check in a fractal structure. The problems, logic, variables, and overall approach are entirely different.""
}",249
2014_0_3,108079,2014_2_1,126555,NON-CLONE,2026-07-11 14:59:46,"{
  ""answer"": ""NO-NOT-SIMILAR"",
  ""explanation"": ""The two code snippets implement completely different algorithms and solve different problems. Code Snippet 1 is a Minesweeper solver that determines if a mine configuration is possible and outputs a valid board layout. Code Snippet 2 is a string manipulation problem solver that calculates minimum moves to make a set of strings identical by removing leading characters. The problems, logic, data structures, and intended functionality are entirely different.""
}",250
2014_0_3,108079,2016_2_1,187476,NON-CLONE,2026-07-11 14:59:47,"{
  ""answer"": ""NO-NOT-SIMILAR"",
  ""explanation"": ""The two code snippets implement completely different algorithms and solve different problems. Code snippet 1 is a Minesweeper solver that determines if a valid configuration of mines can be placed on a grid, while code snippet 2 is a digit reconstruction problem that identifies digits from scrambled English word representations. The tasks, logic, and expected outputs are fundamentally different.""
}",251
2014_0_3,108079,2015_0_2,32722,NON-CLONE,2026-07-11 14:59:48,"{
  ""answer"": ""NO-NOT-SIMILAR"",
  ""explanation"": ""The two code snippets solve completely different problems. Code Snippet 1 implements a Minesweeper board generation algorithm that determines if a valid configuration exists for a given grid size and mine count, and if so, outputs the board layout. Code Snippet 2 solves the Infinite House of Pancakes problem, which involves finding the minimum time needed to finish all pancakes by either eating them normally or splitting stacks. The problems, algorithms, data structures, and objectives are entirely different.""
}",252
2014_0_3,108079,2013_0_2,55421,NON-CLONE,2026-07-11 14:59:49,"{
  ""answer"": ""NO-NOT-SIMILAR"",
  ""explanation"": ""The two code snippets implement completely different algorithms for solving different problems. Code Snippet 1 solves the Minesweeper board generation problem where it needs to place mines on a grid such that the resulting board is solvable. It uses dynamic programming and backtracking to find valid configurations. Code Snippet 2 solves the Lawnmower problem where it determines if a lawn pattern can be mowed by cutting rows or columns sequentially. The problems, algorithms, and objectives are entirely different.""
}",253
2014_0_3,27551,2014_2_1,125050,NON-CLONE,2026-07-11 14:59:49,"{
  ""answer"": ""NO-NOT-SIMILAR"",
  ""explanation"": ""The two code snippets implement completely different algorithms and solve different problems. Code snippet 1 is a Minesweeper solver that generates a valid minefield layout given grid dimensions and number of mines, while code snippet 2 is a string manipulation problem that calculates minimum moves to make all strings have the same character frequency patterns. The tasks, input/output formats, and logic are entirely different.""
}",254
2014_0_3,27551,2013_0_1,124226,NON-CLONE,2026-07-11 14:59:50,"{
  ""answer"": ""NO-NOT-SIMILAR"",
  ""explanation"": ""The two code snippets implement completely different tasks. Code snippet 1 is a Minesweeper solver that takes grid dimensions and mine count as input and outputs a valid minefield configuration or 'Impossible' if none exists. Code snippet 2 is a Tic-Tac-Toe game result checker that analyzes a 4x4 game board to determine if X or O won, if the game is incomplete, or if it's a draw. The functions, inputs, outputs, and algorithms are entirely different between these two programs.""
}",255
2014_0_3,27551,2015_0_2,34257,NON-CLONE,2026-07-11 14:59:51,"{
  ""answer"": ""NO-NOT-SIMILAR"",
  ""explanation"": ""The two code snippets implement completely different algorithms and solve different problems. Code Snippet 1 is a Minesweeper solver that generates a valid minefield layout given grid dimensions and mine count, while Code Snippet 2 is a pancake sorting optimization problem that minimizes the maximum number of pancakes in any stack through cutting operations. The problems, logic, data structures, and objectives are entirely unrelated.""
}",256
2014_0_3,99421,2015_0_4,96734,NON-CLONE,2026-07-11 14:59:52,"{
  ""answer"": ""NO-NOT-SIMILAR"",
  ""explanation"": ""The two code snippets solve completely different problems and have distinct functionalities. Code Snippet 1 is a complex multi-threaded solution for a Minesweeper-like puzzle where it attempts to arrange mines on a grid according to specific rules and strategies. It uses thread pools, complex data structures, and multiple heuristics to solve the problem. Code Snippet 2 solves a different problem entirely - it determines whether Gabriel (the first player) can win a game involving placing polyominoes (specifically X-ominoes) on a rectangular grid, based on mathematical conditions. The core logic, problem domain, and implementation approaches are fundamentally different between these two snippets.""
}",257
2014_0_3,99421,2014_3_1,138529,NON-CLONE,2026-07-11 14:59:54,"{
  ""answer"": ""NO-NOT-SIMILAR"",
  ""explanation"": ""The two code snippets implement completely different algorithms and solve different problems. Code Snippet 1 is a complex multi-threaded solution for a Minesweeper-like puzzle where it attempts to place mines and empty cells according to certain rules and strategies. It uses advanced data structures like thread pools, sorted maps, and custom comparators. Code Snippet 2 is a simple algorithm for determining the number of generations needed for a fraction to become a power of 2, which is a mathematical problem about binary representations and greatest common divisors. These snippets have no functional similarity as they address entirely different computational problems.""
}",258
2014_0_3,22792,2013_0_2,90919,NON-CLONE,2026-07-11 14:59:55,"{
  ""answer"": ""NO-NOT-SIMILAR"",
  ""explanation"": ""The two code snippets implement completely different algorithms and solve different problems. Code Snippet 1 is a Minesweeper solver that attempts to place mines on a grid according to given constraints and determine if a valid configuration exists. It involves complex logic for mine placement, neighbor checking, and generating output based on game rules. Code Snippet 2 is a solution for a different problem (likely from a programming competition) that checks whether a given matrix can be transformed into a valid state by ensuring each element equals either the maximum value in its row or column. The problems, logic, and purposes of these snippets are fundamentally different.""
}",259
2014_2_1,124976,2014_0_3,99421,NON-CLONE,2026-07-11 14:59:56,"{
  ""answer"": ""NO-NOT-SIMILAR"",
  ""explanation"": ""The two code snippets implement completely different algorithms and solve different problems. Code snippet 1 is solving a problem related to string manipulation and character counting (likely from a programming competition like Google Code Jam), where it processes strings and calculates minimum operations needed to make them consistent. On the other hand, code snippet 2 is implementing a Minesweeper-like game solver that determines if a given configuration of mines and empty spaces is solvable and outputs a valid grid layout. The core logic, data structures, and problem domains are entirely different.""
}",260
2014_2_1,124976,2016_0_4,58218,NON-CLONE,2026-07-11 14:59:57,"{
  ""answer"": ""NO-NOT-SIMILAR"",
  ""explanation"": ""The two code snippets implement completely different algorithms and solve different problems. Code snippet 1 appears to solve a problem related to string manipulation and character counting, likely involving determining the minimum operations needed to make a set of strings identical by removing or adding characters. It reads from an input file, processes multiple test cases, and writes output to a file. Code snippet 2 solves a fractile problem, which involves finding positions in a sequence based on given parameters K, C, and S, returning either 'IMPOSSIBLE' or a series of numbers. The structure, purpose, and logic of both codes are fundamentally different.""
}",261
2014_2_1,124976,2016_3_1,211583,NON-CLONE,2026-07-11 14:59:58,"{
  ""answer"": ""NO-NOT-SIMILAR"",
  ""explanation"": ""The two code snippets implement completely different algorithms and solve different problems. Code snippet 1 is solving a problem related to string manipulation and character counting, likely from a competitive programming contest (possibly Google Code Jam 2014 Round 1B Problem A), where it processes strings and calculates minimum operations needed to make them identical. Code snippet 2 is solving a different problem involving distributing delegates using a priority queue approach, which appears to be related to a problem about assigning seats or delegates in a parliamentary system. The tasks, input/output formats, and underlying logic are fundamentally different.""
}",262
2014_2_1,124976,2015_0_2,34257,NON-CLONE,2026-07-11 14:59:59,"{
  ""answer"": ""NO-NOT-SIMILAR"",
  ""explanation"": ""The two code snippets implement completely different algorithms and solve different problems. Code snippet 1 appears to solve a problem related to string manipulation and character counting, likely from a competitive programming context (possibly Google Code Jam), where it processes strings and calculates minimum operations needed to make them identical. Code snippet 2 solves a pancake sorting or optimization problem using a priority queue, where it tries to minimize the maximum height of pancakes after cutting them optimally. The problems, data structures used (ArrayList vs PriorityQueue), and overall logic are entirely different.""
}",263
2014_2_1,115332,2014_0_3,99421,NON-CLONE,2026-07-11 15:00:00,"{
  ""answer"": ""NO-NOT-SIMILAR"",
  ""explanation"": ""The two code snippets implement completely different algorithms and solve different problems. Code snippet 1 is a solution for a problem involving string manipulation and finding minimum operations to make strings consistent, while code snippet 2 is a Minesweeper solver that attempts to find valid configurations for a Minesweeper board given certain constraints. The tasks, logic, and problem domains are entirely different.""
}",264
2014_2_1,115332,2016_1_2,19093,NON-CLONE,2026-07-11 15:00:01,"{
  ""answer"": ""NO-NOT-SIMILAR"",
  ""explanation"": ""The two code snippets implement completely different algorithms and solve different problems. Code snippet 1 is designed to solve a problem related to string manipulation and finding minimum operations to make strings consistent, likely from a competitive programming context like Google Code Jam. It processes strings, builds matrices, and calculates minimum distances. Code snippet 2 is a much larger, more complex implementation that includes various algorithms like graph traversal (DFS), Disjoint Set Union (DSU), segment trees, modular arithmetic, prime number generation, and other advanced data structures and algorithms. The core functionality, problem domain, and implementation approaches are entirely different between these two snippets.""
}",265
2014_2_1,115332,2016_0_1,55901,NON-CLONE,2026-07-11 15:00:02,"{
  ""answer"": ""NO-NOT-SIMILAR"",
  ""explanation"": ""The two code snippets implement completely different algorithms and solve different problems. Code snippet 1 appears to be solving a problem related to string manipulation and finding minimum operations to make strings consistent, involving character frequency analysis and matrix operations. Code snippet 2 solves the 'Last Digit' problem (also known as 'Counting Sheep'), where it determines the last digit of multiples of a number until all digits 0-9 have been seen. The tasks, logic, data structures, and objectives are entirely different.""
}",266
2014_2_1,119554,2015_0_4,107149,NON-CLONE,2026-07-11 15:00:03,"{
  ""answer"": ""NO-NOT-SIMILAR"",
  ""explanation"": ""The two code snippets implement completely different algorithms and solve different problems. Code snippet 1 is about analyzing character sequences and calculating minimum operations to make them identical, while code snippet 2 is about determining the winner in a game where players place polyominoes on a grid. The tasks, logic, and objectives of these programs are entirely unrelated.""
}",267
2014_2_1,119554,2016_1_2,20611,NON-CLONE,2026-07-11 15:00:04,"{
  ""answer"": ""NO-NOT-SIMILAR"",
  ""explanation"": ""The two code snippets implement completely different algorithms and solve different problems. Code snippet 1 is a solution for a problem involving analyzing character sequences and calculating minimum operations to make them identical, while code snippet 2 solves a problem about finding missing numbers in a grid pattern where each number appears an even number of times except for the missing ones. The structures, logic, and purposes of these codes are fundamentally different.""
}",268
2014_2_1,126555,2015_1_1,124925,NON-CLONE,2026-07-11 15:00:05,"{
  ""answer"": ""NO-NOT-SIMILAR"",
  ""explanation"": ""The two code snippets implement completely different algorithms and solve different problems. Code snippet 1 appears to be solving a string manipulation problem where it tries to make all strings identical by removing characters from the beginning, calculating minimum moves needed. It involves processing input files, handling string operations, and using recursive logic with Guava libraries. Code snippet 2 solves a plate stacking problem where it calculates minimum operations needed to make a sequence non-increasing by either eating plates or giving plates to neighbors. The problems, algorithms, data structures, and overall functionality are entirely different.""
}",269
2014_3_1,141827,2013_1_1,30305,NON-CLONE,2026-07-11 15:00:06,"{
  ""answer"": ""NO-NOT-SIMILAR"",
  ""explanation"": ""The two code snippets are not functionally similar. Code Snippet 1 is a multi-problem solver that handles four different problems (A, B, C, D) with distinct logic for each. Problem A involves calculating steps to reach a fraction, Problem B involves counting permutations with constraints, and Problems C and D have placeholder implementations. Code Snippet 2 specifically solves Problem A from Google Code Jam's Round 1A using mathematical optimization with BigInteger arithmetic to calculate the maximum number of black rings that can be painted given radius and area constraints. The algorithms, input/output handling, and problem domains are fundamentally different.""
}",270
2014_3_1,141827,2014_2_1,126555,NON-CLONE,2026-07-11 15:00:07,"{
  ""answer"": ""NO-NOT-SIMILAR"",
  ""explanation"": ""The two code snippets are not functionally similar. Code Snippet 1 appears to be solving multiple different problems (A, B, C, D) based on a problem identifier, with distinct logic for each problem type. It handles input parsing, file I/O, and different algorithmic approaches for each case. Code Snippet 2 focuses specifically on a single problem involving string manipulation and calculating minimum moves to make strings identical, using a recursive approach with character analysis. The problems being solved, the input/output handling, and the overall algorithmic approaches are fundamentally different between the two snippets.""
}",271
2014_3_1,141827,2013_1_1,30610,NON-CLONE,2026-07-11 15:00:08,"{
  ""answer"": ""NO-NOT-SIMILAR"",
  ""explanation"": ""The two code snippets are not functionally similar. Code Snippet 1 is a complete Java program designed to solve a specific algorithmic problem (likely from Google Code Jam or similar contest) with multiple problem-solving methods (main_A, main_B, main_C, main_D) that process input files and generate output. It handles file I/O, parsing fractions, and complex algorithms for problems A and B. Code Snippet 2 is a utility class that provides helper methods for file input/output operations, string parsing, mathematical functions, and input validation, but it doesn't contain any problem-solving logic or main execution method. The purpose, structure, and functionality of these two snippets are entirely different.""
}",272
2014_3_1,141827,2014_2_1,115332,NON-CLONE,2026-07-11 15:00:09,"{
  ""answer"": ""NO-NOT-SIMILAR"",
  ""explanation"": ""The two code snippets implement completely different algorithms and solve different problems. Code Snippet 1 appears to handle multiple problems (A, B, C, D) with distinct logic for each, where Problem A involves calculating steps to represent a fraction as a binary expansion, while Problems B, C, and D have different implementations. Code Snippet 2 specifically solves a problem related to string manipulation and optimization, determining the minimum cost to make strings uniform by grouping consecutive characters. The structures, purposes, and functionalities of these snippets are entirely different.""
}",273
2014_3_1,137264,2016_0_4,129913,NON-CLONE,2026-07-11 15:00:10,"{
  ""answer"": ""NO-NOT-SIMILAR"",
  ""explanation"": ""The two code snippets implement completely different algorithms and solve different problems. Code snippet 1 deals with finding the minimum number of generations for a fraction to reach a certain form (related to binary representation and GCD), while code snippet 2 is about a fractiles problem where it determines whether a solution exists and computes positions based on complexity. The tasks, inputs, outputs, and underlying logic are fundamentally different.""
}",274
2014_3_1,137264,2016_0_2,88861,NON-CLONE,2026-07-11 15:00:11,"{
  ""answer"": ""NO-NOT-SIMILAR"",
  ""explanation"": ""The two code snippets perform completely different tasks. Code snippet 1 solves a problem related to finding the minimum number of generations for a population to reach a certain ratio, involving GCD calculation and binary search on powers of 2. Code snippet 2 solves a pancake flipping problem where it counts the number of flips needed to make all pancakes face up. The input/output formats, algorithms, and objectives are entirely different between the two snippets.""
}",275
2014_3_1,137264,2014_2_1,126555,NON-CLONE,2026-07-11 15:00:12,"{
  ""answer"": ""NO-NOT-SIMILAR"",
  ""explanation"": ""The two code snippets perform completely different tasks and have no functional similarity. Code snippet 1 solves a problem related to finding the minimum number of generations for a population to reach a certain ratio (p/q), where q must be a power of 2, and uses GCD calculation and binary search. Code snippet 2 solves a string manipulation problem about minimizing character moves to make strings identical, involving string processing, filtering, and calculating minimum moves based on string lengths. The algorithms, data structures, and problem domains are entirely different.""
}",276
2014_3_1,138894,2016_0_4,138317,NON-CLONE,2026-07-11 15:00:13,"{
  ""answer"": ""NO-NOT-SIMILAR"",
  ""explanation"": ""The two code snippets implement completely different algorithms and solve different problems. Code snippet 1 is solving a problem related to determining the generation of a fraction in a binary tree (checking if a fraction P/Q can be represented in a certain way), while code snippet 2 is solving a fractile problem involving positions in a sequence based on parameters k, c, and s. The input formats are different (one uses '/' separated values, another uses space-separated values), the logic and mathematical operations are entirely different, and they produce different outputs for the same type of input.""
}",277
2014_3_1,138894,2015_0_4,77477,NON-CLONE,2026-07-11 15:00:14,"{
  ""answer"": ""NO-NOT-SIMILAR"",
  ""explanation"": ""The two code snippets perform completely different tasks. Code snippet 1 solves a problem related to determining the generation count in a genetic inheritance pattern, checking if a fraction can be represented in a specific binary form. Code snippet 2 solves a different problem about determining which player (Richard or Gabriel) wins a grid tiling game based on given dimensions and rules. The problems, logic, and outputs are fundamentally different.""
}",278
2014_3_1,136615,2016_0_4,138317,NON-CLONE,2026-07-11 15:00:15,"{
  ""answer"": ""NO-NOT-SIMILAR"",
  ""explanation"": ""The two code snippets are not functionally similar. Code snippet 1 is designed to solve a problem involving fractions and determining if a fraction can be represented with a certain number of generations, using GCD calculation and bit manipulation. It reads from a file named 'A-large.in', processes each test case, and writes results to 'A-large.out'. Code snippet 2 is solving a different problem related to fractiles, specifically finding positions based on parameters k, c, and s, and it takes a filename as a command-line argument. The core logic, purpose, and problem domain of these two snippets are completely different.""
}",279
2015_0_1,79967,2015_0_4,96734,NON-CLONE,2026-07-11 15:00:16,"{
  ""answer"": ""NO-NOT-SIMILAR"",
  ""explanation"": ""The two code snippets are not functionally similar. Code Snippet 1 solves a problem related to determining the minimum number of friends needed to stand up in an audience so that everyone can see, based on a given string representing audience members and their shyness levels. Code Snippet 2 solves a different problem entirely - it determines whether a player named Gabriel can win a game involving placing polyominoes (specifically 'Omino') on a rectangular grid, based on various mathematical conditions. The problems, algorithms, and purposes of the two snippets are completely different.""
}",280
2015_0_1,79967,2015_0_3,88073,NON-CLONE,2026-07-11 15:00:18,"{
  ""answer"": ""NO-NOT-SIMILAR"",
  ""explanation"": ""The two code snippets are not functionally similar. Code snippet 1 is solving a problem related to determining the minimum number of friends needed to ensure everyone in an audience stands up during a performance, based on a given string representing audience members and their shyness levels. It reads input from a file, processes each test case, and outputs results to another file. Code snippet 2 is solving a different problem involving quaternion multiplication and checking whether a given string expression can be split into three parts that represent the quaternions i, j, and k respectively. It uses a more complex mathematical approach involving signs and character operations in quaternion algebra. These are entirely different problems with different algorithms, data structures, and objectives.""
}",281
2015_0_1,79967,2014_0_3,22792,NON-CLONE,2026-07-11 15:00:19,"{
  ""answer"": ""NO-NOT-SIMILAR"",
  ""explanation"": ""The two code snippets implement completely different algorithms and solve different problems. Code Snippet 1 solves a problem related to determining the minimum number of friends needed to stand up in an audience so that everyone can see the show, based on audience members' shyness levels. Code Snippet 2 solves a Minesweeper-like problem where the goal is to place mines on a grid such that the resulting configuration is valid according to the game rules. The problems, algorithms, data structures, and overall logic are fundamentally different.""
}",282
2015_0_1,79967,2013_1_1,30610,NON-CLONE,2026-07-11 15:00:20,"{
  ""answer"": ""NO-NOT-SIMILAR"",
  ""explanation"": ""The two code snippets serve completely different purposes and have distinct functionalities. Code snippet 1 is a focused solution for a specific competitive programming problem (Code Jam 2015 Round 1A Problem A: Standing Ovation), which calculates the minimum number of friends needed to stand based on audience behavior. It reads from a file, processes input according to a specific algorithm, and writes output to another file. Code snippet 2 is a utility class with general-purpose methods for file I/O, input scanning, mathematical functions, and error handling. It does not implement any specific algorithmic problem-solving logic like the first snippet does. While both involve file operations and I/O, their overall purpose, scope, and functionality are entirely different.""
}",283
2015_0_1,35102,2016_0_2,68074,NON-CLONE,2026-07-11 15:00:21,"{
  ""answer"": ""NO-NOT-SIMILAR"",
  ""explanation"": ""The two code snippets solve completely different problems. Code Snippet 1 is about calculating the minimum number of friends needed to ensure everyone in an audience stands up based on their shyness levels, using a greedy approach to track standing people and required friends. Code Snippet 2 is about finding the minimum number of pancake flipping maneuvers needed to make all pancakes face up (represented by '+'), which is a different algorithmic problem entirely. They differ in both problem domain and solution approach.""
}",284
2015_0_1,35102,2016_0_1,55901,NON-CLONE,2026-07-11 15:00:22,"{
  ""answer"": ""NO-NOT-SIMILAR"",
  ""explanation"": ""The two code snippets implement completely different algorithms and solve different problems. Code snippet 1 is about calculating the minimum number of friends needed to ensure everyone in an audience stands up based on their shyness levels, which is a problem related to cumulative standing counts. Code snippet 2 is about finding the last number in a sequence where all digits 0-9 appear at least once when multiplying a given number by increasing integers, commonly known as the 'Last Number' or 'Countdown' problem. These are distinct computational problems with different logic, data structures, and objectives.""
}",285
2015_0_1,35102,2013_0_3,94901,NON-CLONE,2026-07-11 15:00:23,"{
  ""answer"": ""NO-NOT-SIMILAR"",
  ""explanation"": ""The two code snippets solve completely different problems. Code Snippet 1 is about calculating the minimum number of friends needed to ensure a standing ovation at a concert based on audience shyness levels. It processes input from a file, parses shyness levels, and calculates required friends using a specific algorithm. Code Snippet 2 is about finding 'fair square' numbers within a given range - numbers that are perfect squares and whose square roots are palindromes. It generates a list of such numbers and then answers queries about how many exist in specified ranges. The tasks, algorithms, input/output formats, and problem domains are entirely different.""
}",286
2015_0_1,68106,2013_0_2,44471,NON-CLONE,2026-07-11 15:00:24,"{
  ""answer"": ""NO-NOT-SIMILAR"",
  ""explanation"": ""The two code snippets solve completely different problems. Code Snippet 1 deals with calculating the minimum number of people needed to stand to ensure everyone can see the show based on audience ratings, using a greedy approach with a priority queue concept implicitly. Code Snippet 2 solves a lawn mower problem where it checks if a given pattern of heights can be achieved by cutting grass in rows and columns. The tasks, input/output formats, algorithms, and data structures used are entirely different.""
}",287
2015_0_1,68106,2013_0_3,83531,NON-CLONE,2026-07-11 15:00:25,"{
  ""answer"": ""NO-NOT-SIMILAR"",
  ""explanation"": ""The two code snippets implement completely different algorithms and solve different problems. Code Snippet 1 solves a problem related to calculating minimum additional people needed to ensure everyone can stand during applause, using character arrays and basic arithmetic operations. Code Snippet 2 solves a different problem involving counting palindromic numbers whose squares are also palindromes, using more complex data structures like arrays and mathematical operations. The core logic, problem domain, and implementation approaches are entirely different.""
}",288
2015_0_1,65869,2013_1_1,40715,NON-CLONE,2026-07-11 15:00:26,"{
  ""answer"": ""NO-NOT-SIMILAR"",
  ""explanation"": ""The two code snippets perform completely different tasks. Code snippet 1 appears to solve a problem related to determining the minimum number of additional people needed to ensure all audience members can clap (a 'standing ovation' problem), processing input lines with a string of digits representing audience clapping levels. Code snippet 2 solves a mathematical problem involving calculating how many circles can be painted given constraints on paint amount, using quadratic formula and iterative checking. They have different input/output formats, different algorithms, and address entirely different computational problems.""
}",289
2015_0_2,34257,2016_1_2,8152,NON-CLONE,2026-07-11 15:00:27,"{
  ""answer"": ""NO-NOT-SIMILAR"",
  ""explanation"": ""The two code snippets implement completely different algorithms and solve different problems. Code snippet 1 is a solution for a pancake flipping problem where it calculates the minimum number of moves to sort pancakes using a priority queue and greedy approach. Code snippet 2 solves a different problem involving finding missing numbers in a grid pattern by removing pairs from a sorted list. The input/output handling, data structures used (PriorityQueue vs ArrayList), algorithmic approaches, and problem domains are fundamentally different.""
}",290
2015_0_2,34257,2014_0_2,107403,NON-CLONE,2026-07-11 15:00:28,"{
  ""answer"": ""NO-NOT-SIMILAR"",
  ""explanation"": ""The two code snippets solve completely different problems. Code snippet 1 is about optimizing pancake stacking by cutting pancakes to minimize the maximum height, using a priority queue and recursive approach. Code snippet 2 solves a cookie clicker-style optimization problem where the goal is to minimize time to reach a target amount by deciding when to buy upgrades. The problems, algorithms, data structures, and objectives are fundamentally different.""
}",291
2015_0_2,34257,2016_2_1,187476,NON-CLONE,2026-07-11 15:00:29,"{
  ""answer"": ""NO-NOT-SIMILAR"",
  ""explanation"": ""The two code snippets perform completely different tasks. Code snippet 1 solves a pancake sorting problem where it tries to minimize the maximum height of pancakes after cutting them optimally using a priority queue approach. Code snippet 2 solves a digit reconstruction problem where it takes an anagram of English word representations of digits and reconstructs the original digits in ascending order. The algorithms, data structures, and problem domains are entirely different.""
}",292
2015_0_2,34257,2015_0_4,77477,NON-CLONE,2026-07-11 15:00:30,"{
  ""answer"": ""NO-NOT-SIMILAR"",
  ""explanation"": ""The two code snippets are not functionally similar. Code Snippet 1 solves a pancake sorting problem where it tries to minimize the maximum height of pancakes after cutting them optimally using a priority queue approach. Code Snippet 2 solves a different problem about determining whether Gabriel or Richard wins a game involving polyominoes (specifically, whether a grid can be tiled with X-ominoes). The problems are completely different, the algorithms are entirely different, and the input/output formats are also different.""
}",293
2015_0_2,32722,2016_1_1,14479,NON-CLONE,2026-07-11 15:00:31,"{
  ""answer"": ""NO-NOT-SIMILAR"",
  ""explanation"": ""The two code snippets implement completely different algorithms and solve different problems. Code Snippet 1 solves the 'Infinite House of Pancakes' problem where it calculates the minimum time needed to eat all pancakes by either eating or splitting stacks. Code Snippet 2 solves a different problem involving rearranging characters in a string based on their ASCII values. The problems, logic, input/output handling, and overall functionality are entirely distinct.""
}",294
2015_0_2,32722,2013_0_2,90919,NON-CLONE,2026-07-11 15:00:32,"{
  ""answer"": ""NO-NOT-SIMILAR"",
  ""explanation"": ""The two code snippets solve completely different problems. Code Snippet 1 is about finding the minimum time for pancakes to be eaten in an infinite house, involving optimization of eating and dividing strategies. Code Snippet 2 is about checking if a 2D matrix can be constructed such that each cell value equals the maximum value in its row or column, which is a different problem entirely. They have different input/output handling, algorithms, and objectives.""
}",295
2015_0_2,32722,2015_0_3,107238,NON-CLONE,2026-07-11 15:00:33,"{
  ""answer"": ""NO-NOT-SIMILAR"",
  ""explanation"": ""The two code snippets solve completely different problems. Code Snippet 1 is about optimizing pancake eating time in an infinite house, involving finding the minimum time to eat all pancakes given a special operation of splitting piles. Code Snippet 2 deals with quaternion multiplication and determining if a string of characters (representing quaternions i, j, k) can be split into three parts whose products are i, j, and k respectively. The problems, algorithms, data structures, and objectives are entirely different.""
}",296
2015_0_2,77145,2015_0_3,62582,NON-CLONE,2026-07-11 15:00:34,"{
  ""answer"": ""NO-NOT-SIMILAR"",
  ""explanation"": ""The two code snippets implement completely different algorithms and solve different problems. Code snippet 1 appears to be solving a problem related to finding minimum operations to reduce array elements, involving mathematical computations and loops to optimize a result. Code snippet 2 implements a solution for a quaternion multiplication problem (likely related to the 'Quaternion Multiplication' or 'Dijkstra's algorithm variant'), involving string manipulation, character replacement, and complex multiplication logic with carry handling. The core tasks, input/output formats, and algorithmic approaches are fundamentally different.""
}",297
2015_0_2,77145,2016_1_1,14479,NON-CLONE,2026-07-11 15:00:34,"{
  ""answer"": ""NO-NOT-SIMILAR"",
  ""explanation"": ""The two code snippets perform completely different tasks. Code Snippet 1 solves a problem involving finding the minimum cost to divide a set of people into groups, using mathematical optimization with a while loop and array operations. Code Snippet 2 solves a string manipulation problem where it rearranges characters based on their ASCII values, specifically looking for the maximum character and reorganizing the string accordingly. The algorithms, input/output handling, and overall logic are fundamentally different.""
}",298
2015_0_2,72707,2015_1_1,115055,NON-CLONE,2026-07-11 15:00:36,"{
  ""answer"": ""NO-NOT-SIMILAR"",
  ""explanation"": ""The two code snippets solve different problems. Code snippet 1 appears to be solving a problem related to managing a priority queue and calculating some optimal value based on decrementing values, likely related to eating mushrooms with varying rates. Code snippet 2 solves a classic 'Mushroom Monster' problem where it calculates two different eating strategies for mushrooms over time periods. The input methods differ (System.in vs file I/O), the algorithms are distinct, and the outputs are fundamentally different (single value vs pair of values). Therefore, they are not functionally similar.""
}",299
2015_0_3,74464,2016_0_2,125812,NON-CLONE,2026-07-11 15:00:37,"{
  ""answer"": ""NO-NOT-SIMILAR"",
  ""explanation"": ""The two code snippets implement completely different algorithms and solve different problems. Code snippet 1 is a complex implementation for determining if a string of quaternion characters ('i', 'j', 'k') can be split into three parts that multiply to give the quaternion value 'i'. It involves matrix multiplication, prefix/suffix arrays, and sophisticated logic for checking possible splits. Code snippet 2 solves a pancake flipping problem where the goal is to flip a stack of pancakes to make all of them happy-side up with minimum flips. The problems, algorithms, data structures, and objectives are entirely different.""
}",300
2015_0_3,74464,2014_2_1,119554,NON-CLONE,2026-07-11 15:00:38,"{
  ""answer"": ""NO-NOT-SIMILAR"",
  ""explanation"": ""The two code snippets implement completely different algorithms and solve different problems. Code snippet 1 is a solution for a problem involving quaternion multiplication and string decomposition to find if a given string can be split into three parts whose product equals 'ijk'. It uses complex mathematical operations with a predefined multiplication table and involves prefix/suffix arrays. Code snippet 2 is a solution for a string manipulation problem where it tries to make multiple strings identical by moving characters, calculating minimum moves needed. It focuses on character frequency analysis and averaging. These are entirely different computational problems with no functional similarity.""
}",301
2015_0_3,74464,2016_0_4,100472,NON-CLONE,2026-07-11 15:00:39,"{
  ""answer"": ""NO-NOT-SIMILAR"",
  ""explanation"": ""The two code snippets solve completely different problems and have no functional similarity. Code snippet 1 is designed to solve a problem related to quaternion multiplication and splitting a string into three parts that multiply to 'ijk', while code snippet 2 solves the Fractiles problem from Google Code Jam, which involves determining positions in a fractal tile pattern. The algorithms, data structures, and problem domains are entirely different.""
}",302
2015_0_3,74464,2013_0_1,58633,NON-CLONE,2026-07-11 15:00:40,"{
  ""answer"": ""NO-NOT-SIMILAR"",
  ""explanation"": ""The two code snippets are not functionally similar. Code snippet 1 appears to be solving a problem related to quaternion multiplication and determining if a string can be split into three parts that multiply to give a specific result (likely related to the quaternion group). It involves complex mathematical operations with a predefined multiplication table and uses concepts like prefix and suffix arrays. Code snippet 2 is solving a Tic-Tac-Toe-like game problem where it checks for winning conditions in a 4x4 grid and determines if a player has won or if the game is still ongoing or a draw. The tasks, logic, and domain of these two snippets are completely different.""
}",303
2015_0_3,88073,2016_2_1,187476,NON-CLONE,2026-07-11 15:00:41,"{
  ""answer"": ""NO-NOT-SIMILAR"",
  ""explanation"": ""The two code snippets implement completely different algorithms and solve different problems. Code snippet 1 implements a solution for a problem related to quaternion multiplication and checking if a string expression can be split into parts representing 'i', 'j', and 'k' with specific sign rules. Code snippet 2 solves a problem of reconstructing digits from scrambled English words (like 'ZERO', 'ONE', etc.) by counting character frequencies and using a specific sequence to identify digits. The tasks, logic, data structures, and objectives of these two codes are entirely different.""
}",304
2015_0_3,88073,2016_3_1,210871,NON-CLONE,2026-07-11 15:00:42,"{
  ""answer"": ""NO-NOT-SIMILAR"",
  ""explanation"": ""The two code snippets implement completely different algorithms and solve different problems. Code snippet 1 implements a solution for a problem related to quaternion multiplication and checking if a string expression can be split into parts representing 'i', 'j', and 'k' with specific sign rules. Code snippet 2 solves a different problem involving distributing votes among parties represented by letters, where it tries to find a valid distribution pattern based on maximum values. The core logic, data structures, and problem domains are entirely different.""
}",305
2015_0_3,88073,2013_0_3,83531,NON-CLONE,2026-07-11 15:00:43,"{
  ""answer"": ""NO-NOT-SIMILAR"",
  ""explanation"": ""The two code snippets implement completely different algorithms and solve different problems. Code snippet 1 implements a solution for a problem involving quaternion multiplication and evaluating expressions with repeated patterns, likely related to the Google Code Jam 2013 Qualification Round problem. It deals with operations on quaternions ('i', 'j', 'k') and checks if a given expression can be split into parts representing 'i', 'j', and 'k'. Code snippet 2 implements a solution for finding 'fair and square' numbers within a range, which involves checking palindromes and square roots. The structures, logic, and purposes of these codes are entirely different.""
}",306
2015_0_3,21597,2016_2_1,187476,NON-CLONE,2026-07-11 15:00:44,"{
  ""answer"": ""NO-NOT-SIMILAR"",
  ""explanation"": ""The two code snippets implement completely different algorithms and solve different problems. Code snippet 1 implements Dijkstra's algorithm for quaternion multiplication to determine if a string can be split into three parts that multiply to -1. Code snippet 2 solves a digit recognition problem where it identifies digits from scrambled English word representations. The core logic, data structures, and problem domains are entirely different.""
}",307
2015_0_3,21597,2016_0_2,88861,NON-CLONE,2026-07-11 15:00:45,"{
  ""answer"": ""NO-NOT-SIMILAR"",
  ""explanation"": ""The two code snippets implement completely different algorithms and solve different problems. Code snippet 1 implements Dijkstra's algorithm for quaternion multiplication and checks if a string can be split into three parts that multiply to give '-1'. It involves complex operations with quaternions, string manipulation, and iterative calculations. Code snippet 2 solves a pancake flipping problem where it counts the minimum number of flips needed to make all pancakes face up. The problems, algorithms, and outputs are entirely different.""
}",308
2015_0_3,62582,2014_2_1,125050,NON-CLONE,2026-07-11 15:00:46,"{
  ""answer"": ""NO-NOT-SIMILAR"",
  ""explanation"": ""The two code snippets implement completely different algorithms and solve different problems. Code Snippet 1 implements a solution for the 'Dijkstra' problem, which involves checking if a string can be split into parts that represent the quaternion units 'i', 'j', 'k' under specific multiplication rules. It uses complex logic involving string manipulation, modular arithmetic, and recursive functions to determine if a decomposition is possible. Code Snippet 2 solves a different problem related to string manipulation and minimizing character moves between strings to make them identical. It processes multiple strings, counts character frequencies, and calculates minimum operations needed to harmonize them. These are fundamentally different computational problems with no functional similarity.""
}",309
2015_0_4,107149,2016_1_2,20611,NON-CLONE,2026-07-11 15:00:47,"{
  ""answer"": ""NO-NOT-SIMILAR"",
  ""explanation"": ""The two code snippets are not functionally similar. Code snippet 1 is a solution to a game problem where two players (Richard and Gabriel) are playing with polyominoes on a grid, determining whether Gabriel can win based on the dimensions of the grid and the shape of the polyomino. Code snippet 2 is a solution to a different problem involving finding missing numbers in a matrix by counting frequencies. The tasks, logic, and purpose of the two snippets are completely different.""
}",310
2015_0_4,107149,2015_0_1,65869,NON-CLONE,2026-07-11 15:00:48,"{
  ""answer"": ""NO-NOT-SIMILAR"",
  ""explanation"": ""The two code snippets are not functionally similar. Code snippet 1 is solving a game problem where two players (Richard and Gabriel) are playing with polyominoes on a grid, determining if Gabriel can win based on the dimensions of the grid and the shape of the polyomino. Code snippet 2 is solving a different problem related to calculating the minimum number of additional people needed to ensure everyone can clap at the same time in a audience, based on the clapping capacity of each person. The problems, logic, and purpose of the code are completely different.""
}",311
2015_0_4,107149,2013_0_3,83531,NON-CLONE,2026-07-11 15:00:49,"{
  ""answer"": ""NO-NOT-SIMILAR"",
  ""explanation"": ""The two code snippets are not functionally similar. Code Snippet 1 solves the 'Omino' problem, which involves determining whether Gabriel can win a game against Richard based on grid dimensions and polyomino shape (X). It uses conditional logic to evaluate different cases for X=1 to X=6. Code Snippet 2 solves a completely different problem related to counting palindromic numbers and their squares within a range. It involves reading input, processing data using mathematical operations, and performing palindrome checks. The core algorithms, problem domains, and functionality are entirely different.""
}",312
2015_0_4,107149,2014_3_1,138894,NON-CLONE,2026-07-11 15:00:50,"{
  ""answer"": ""NO-NOT-SIMILAR"",
  ""explanation"": ""The two code snippets solve completely different problems. Code Snippet 1 is a solution to the 'Omino' problem (a Game Theory problem involving polyominoes and two players), where it determines whether Gabriel or Richard wins based on grid dimensions and polyomino size. Code Snippet 2 solves a different problem related to finding the generation when a fraction reaches a certain condition in a binary representation context. The input/output mechanisms, logic, and problem domains are entirely different.""
}",313
2015_0_4,96734,2015_1_1,127730,NON-CLONE,2026-07-11 15:00:51,"{
  ""answer"": ""NO-NOT-SIMILAR"",
  ""explanation"": ""The two code snippets implement completely different algorithms and solve different problems. Code snippet 1 is a solution to a game theory problem involving polyominoes (specifically, determining whether Gabriel or Richard wins in an X-pentomino game), while code snippet 2 solves a different problem related to eating cookies with minimum rates. The structures, logic, and purposes of the two codes are entirely different.""
}",314
2015_0_4,96734,2014_0_2,107403,NON-CLONE,2026-07-11 15:00:52,"{
  ""answer"": ""NO-NOT-SIMILAR"",
  ""explanation"": ""The two code snippets are not functionally similar. Code snippet 1 is designed to solve a game problem where two players (Richard and Gabriel) play with polyominoes on a grid, determining whether Richard (the first player) can win given certain conditions. It involves checking divisibility, dimensions, and shapes of polyominoes. On the other hand, code snippet 2 solves an optimization problem related to farming cookies, calculating the minimum time needed to reach a target number of cookies by deciding when to buy farms. The tasks, logic, and purpose of the two codes are completely different.""
}",315
2015_0_4,96734,2015_1_1,124925,NON-CLONE,2026-07-11 15:00:53,"{
  ""answer"": ""NO-NOT-SIMILAR"",
  ""explanation"": ""The two code snippets implement completely different algorithms and solve different problems. Code Snippet 1 is a solution to the 'Omino' problem where it determines whether Gabriel or Richard wins based on the dimensions of a grid and the shape of polyominoes. Code Snippet 2 is a solution to a different problem involving calculating minimum operations needed to reduce plate heights, which involves finding optimal eating rates. The tasks, logic, and purpose of these snippets are entirely different.""
}",316
2015_0_4,79014,2013_0_1,84294,NON-CLONE,2026-07-11 15:00:54,"{
  ""answer"": ""NO-NOT-SIMILAR"",
  ""explanation"": ""The two code snippets implement completely different algorithms and solve different problems. Code snippet 1 is a solution for a game theory problem where two players (Richard and Gabriel) play with polyominoes (X-ominos) on a rectangular grid, determining if Richard can win based on the dimensions and shape. Code snippet 2 implements a Tic-Tac-Toe game solver that determines the outcome of a 4x4 Tic-Tac-Toe game (possibly a variant) by checking rows, columns, and diagonals for winning conditions. These are fundamentally different computational problems with no functional similarity.""
}",317
2015_0_4,79014,2016_3_1,210871,NON-CLONE,2026-07-11 15:00:55,"{
  ""answer"": ""NO-NOT-SIMILAR"",
  ""explanation"": ""The two code snippets are not functionally similar. Code Snippet 1 is solving a game theory problem where Richard and Gabriel play with polyominoes (X-ominos) on a rectangular grid, determining if Richard can win based on grid dimensions and polyomino size. Code Snippet 2 is solving a different problem involving distributing votes among candidates (represented by letters) such that no candidate gets more than half the total votes at any time. The problems, logic, and algorithms used are completely different.""
}",318
2015_0_4,21673,2016_3_1,210871,NON-CLONE,2026-07-11 15:00:56,"{
  ""answer"": ""NO-NOT-SIMILAR"",
  ""explanation"": ""The two code snippets perform completely different tasks. Code snippet 1 is solving a game theory problem where it determines if Gabriel can win a game given dimensions R x C and a number N, based on mathematical conditions. Code snippet 2 is solving a different problem involving distributing letters based on their frequencies, where it processes character frequencies and outputs combinations of letters. The problems, logic, and outputs are fundamentally different, making them not functionally similar.""
}",319
2015_1_1,127730,2014_2_1,126555,NON-CLONE,2026-07-11 15:00:57,"{
  ""answer"": ""NO-NOT-SIMILAR"",
  ""explanation"": ""The two code snippets are not functionally similar. Code Snippet 1 solves a problem related to calculating minimum energy consumption for eating candies, where it processes arrays of integers and computes two different results (res1 and res2) based on specific algorithms. Code Snippet 2 solves a completely different problem involving string manipulation and character analysis, determining minimum moves to make strings identical by comparing their lengths and character sequences. The tasks, input/output formats, and algorithms used are entirely different between the two snippets.""
}",320
2015_1_1,127730,2016_0_1,72044,NON-CLONE,2026-07-11 15:00:58,"{
  ""answer"": ""NO-NOT-SIMILAR"",
  ""explanation"": ""The two code snippets implement completely different algorithms and solve different problems. Code snippet 1 is designed to process a series of test cases involving arrays of integers and calculate two different values (res1 and res2) based on adjacent element comparisons. It reads from a file, processes input arrays, and computes results using two helper functions (solve1 and solve2). In contrast, code snippet 2 solves the 'Counting Sheep' problem where it determines the smallest positive integer multiple of a given number that contains all digits from 0 to 9 at least once. This involves checking digit sets and iterative multiplication. The tasks, input/output formats, and logic are entirely distinct between the two snippets.""
}",321
2015_1_1,127730,2014_0_2,27351,NON-CLONE,2026-07-11 15:00:59,"{
  ""answer"": ""NO-NOT-SIMILAR"",
  ""explanation"": ""The two code snippets implement completely different algorithms and solve different problems. Code snippet 1 deals with calculating two different values (res1 and res2) based on an array of integers, likely related to eating rates and minimum consumption calculations. Code snippet 2 solves a cookie clicker type problem where the goal is to find the optimal time to buy farms to minimize total time to reach a certain number of cookies. The tasks, inputs, outputs, and logic are entirely distinct.""
}",322
2015_1_1,127730,2016_0_1,72044,NON-CLONE,2026-07-11 15:01:00,"{
  ""answer"": ""NO-NOT-SIMILAR"",
  ""explanation"": ""The two code snippets perform completely different tasks. Code Snippet 1 solves a problem related to calculating minimum eating rates for a sequence of numbers, involving two different solution methods (solve1 and solve2). Code Snippet 2 solves the 'Counting Sheep' problem from Google Code Jam, which involves finding the smallest positive integer multiple that contains all digits 0-9. The problems, algorithms, and outputs are entirely different.""
}",323
2015_1_1,114491,2013_0_3,118052,NON-CLONE,2026-07-11 15:01:01,"{
  ""answer"": ""NO-NOT-SIMILAR"",
  ""explanation"": ""The two code snippets perform completely different tasks. Code Snippet 1 appears to solve a problem related to calculating differences in arrays and rates, likely involving some kind of decreasing sequence analysis. Code Snippet 2 solves a completely different problem related to finding 'Fair and Square' numbers - numbers that are palindromes and whose squares are also palindromes. The algorithms, input/output formats, and problem domains are entirely different.""
}",324
2015_1_1,114491,2016_1_2,8152,NON-CLONE,2026-07-11 15:01:02,"{
  ""answer"": ""NO-NOT-SIMILAR"",
  ""explanation"": ""The two code snippets perform completely different tasks. Code Snippet 1 appears to solve a problem related to calculating rates of change and cumulative values from arrays of integers, likely related to a competitive programming problem involving maximizing profit or minimizing loss. Code Snippet 2 reads a large dataset, sorts it, removes pairs of matching elements, and outputs the remaining unique values. The algorithms, input/output handling, and objectives are fundamentally different between the two snippets.""
}",325
2015_1_1,114491,2014_3_1,136615,NON-CLONE,2026-07-11 15:01:03,"{
  ""answer"": ""NO-NOT-SIMILAR"",
  ""explanation"": ""The two code snippets are not functionally similar. Code Snippet 1 solves a problem involving calculating differences between consecutive elements in an array and determining two values based on those differences, likely related to a 'Cookie Clicker' style problem. Code Snippet 2 solves a different problem entirely, dealing with fractions and determining if a fraction can be represented as a binary fraction within a certain number of generations, which is related to a 'Part Elf' problem. The tasks, input/output formats, and algorithms used are completely different.""
}",326
2015_1_1,125935,2016_1_2,31984,NON-CLONE,2026-07-11 15:01:04,"{
  ""answer"": ""NO-NOT-SIMILAR"",
  ""explanation"": ""The two code snippets perform entirely different tasks. Code snippet 1 is a complete Java program that solves a specific algorithmic problem involving processing arrays of integers and computing two values based on differences between adjacent elements. It includes input/output handling and uses a custom scanner utility. Code snippet 2 is a utility class focused solely on reading input data from a file and storing it in a 2D array structure. It does not contain any logic for solving problems or performing computations. The functional purposes and implementations are completely different.""
}",327
2015_1_1,125935,2016_0_1,72044,NON-CLONE,2026-07-11 15:01:05,"{
  ""answer"": ""NO-NOT-SIMILAR"",
  ""explanation"": ""The two code snippets implement completely different algorithms and solve different problems. Code snippet 1 appears to be solving a problem related to calculating differences between consecutive elements in an array and performing some mathematical operations on them, returning an array of two long values. Code snippet 2 is solving the 'Counting Sheep' problem from Google Code Jam, which involves finding the smallest positive integer multiple of a given number that contains all digits from 0 to 9. The input/output mechanisms, logic, and objectives of these two snippets are entirely different.""
}",328
2015_1_1,124925,2016_1_1,8299,NON-CLONE,2026-07-11 15:01:06,"{
  ""answer"": ""NO-NOT-SIMILAR"",
  ""explanation"": ""The two code snippets perform completely different tasks. Code Snippet 1 processes plate heights to calculate two different results based on eating patterns, while Code Snippet 2 rearranges characters in a string by building a lexicographically largest possible string by either prepending or appending characters. The algorithms, input/output formats, and problem domains are entirely different.""
}",329
2016_0_1,60475,2014_0_3,108079,NON-CLONE,2026-07-11 15:01:07,"{
  ""answer"": ""NO-NOT-SIMILAR"",
  ""explanation"": ""The two code snippets solve completely different problems. Code snippet 1 is designed to solve the 'Counting Sheep' problem from Google Code Jam, where it determines which digits appear in multiples of a given number until all digits 0-9 have been seen. Code snippet 2 solves the 'Minesweeper' problem, which involves generating a Minesweeper board configuration given grid dimensions and mine count. The problems, algorithms, data structures, and overall logic are entirely different.""
}",330
2016_0_1,60475,2013_1_1,40715,NON-CLONE,2026-07-11 15:01:08,"{
  ""answer"": ""NO-NOT-SIMILAR"",
  ""explanation"": ""The two code snippets solve completely different problems. Code snippet 1 is solving the 'Counting Sheep' problem from Google Code Jam, where it determines when all digits 0-9 have been seen in multiples of a given number. Code snippet 2 is solving a different problem related to calculating how many red circles can be painted around a black circle, using mathematical formulas and iterative checking. The problems, algorithms, input/output formats, and logic are entirely different.""
}",331
2016_0_1,60475,2015_0_2,77145,NON-CLONE,2026-07-11 15:01:08,"{
  ""answer"": ""NO-NOT-SIMILAR"",
  ""explanation"": ""The two code snippets solve completely different problems. Code snippet 1 solves the 'Counting Sheep' problem where it determines the last number a person sees when counting multiples of a given number until all digits 0-9 have been seen. Code snippet 2 solves a different optimization problem involving finding minimum operations to make array elements equal by dividing them. The algorithms, input/output formats, and problem domains are entirely different.""
}",332
2016_0_1,60475,2014_0_2,107403,NON-CLONE,2026-07-11 15:01:09,"{
  ""answer"": ""NO-NOT-SIMILAR"",
  ""explanation"": ""The two code snippets perform completely different tasks. Code Snippet 1 solves the 'Counting Sheep' problem from Google Code Jam, where it determines which number will contain all digits 0-9 when multiplied by increasing factors. Code Snippet 2 solves a different problem related to optimizing cookie farming rates in a game. They have different input/output mechanisms, algorithms, and objectives. The first snippet deals with digit tracking and iteration while the second handles mathematical optimization with floating-point calculations.""
}",333
2016_0_1,69477,2016_0_2,162423,NON-CLONE,2026-07-11 15:01:10,"{
  ""answer"": ""NO-NOT-SIMILAR"",
  ""explanation"": ""The two code snippets perform completely different tasks. Code Snippet 1 solves the 'Counting Sheep' problem where it determines the last number that contains all digits 0-9 when multiplying a given number by successive integers. Code Snippet 2 solves the 'Revenge of the Pancakes' problem where it counts the minimum number of flips needed to make all pancakes face the same direction. The problems, algorithms, input/output formats, and logic are entirely different.""
}",334
2016_0_1,69477,2016_0_2,125812,NON-CLONE,2026-07-11 15:01:11,"{
  ""answer"": ""NO-NOT-SIMILAR"",
  ""explanation"": ""The two code snippets perform completely different tasks. Code Snippet 1 solves the 'Counting Sheep' problem from Google Code Jam, where it determines the nth multiple of a number that contains all digits 0-9. Code Snippet 2 solves a 'Pancake Flipper' problem, where it calculates the minimum number of flips needed to make all pancakes happy side up. The problems, algorithms, input/output handling, and logic are entirely different between the two snippets.""
}",335
2016_0_1,69477,2013_0_1,84294,NON-CLONE,2026-07-11 15:01:12,"{
  ""answer"": ""NO-NOT-SIMILAR"",
  ""explanation"": ""The two code snippets implement completely different algorithms and solve different problems. Code snippet 1 solves the 'Counting Sheep' problem where it determines the nth multiple of a number that contains all digits from 0-9. Code snippet 2 solves the 'Tic-Tac-Toe' problem where it determines the winner of a 4x4 Tic-Tac-Toe game. The tasks, logic, and expected outputs are entirely different.""
}",336
2016_0_1,123558,2016_1_1,14479,NON-CLONE,2026-07-11 15:01:13,"{
  ""answer"": ""NO-NOT-SIMILAR"",
  ""explanation"": ""The two code snippets perform completely different tasks. Code Snippet 1 solves the 'Counting Sheep' problem where it determines the last number a sheep sees before seeing all digits 0-9, or returns 'INSOMNIA' if it never sees all digits. Code Snippet 2 solves a different problem related to rearranging characters in a string to form the lexicographically largest possible string by moving the maximum character to the front. The problems, algorithms, and outputs are fundamentally different.""
}",337
2016_0_1,123558,2015_0_1,35102,NON-CLONE,2026-07-11 15:01:14,"{
  ""answer"": ""NO-NOT-SIMILAR"",
  ""explanation"": ""The two code snippets implement completely different algorithms and solve different problems. Code snippet 1 is about counting sheep and determining when all digits 0-9 have been seen in multiples of a number, with special handling for 'INSOMNIA' cases. Code snippet 2 is about calculating how many additional friends are needed to ensure everyone in an audience stands up based on shyness levels. The problems, logic, and purposes of the two snippets are entirely different.""
}",338
2016_0_1,55901,2015_1_1,125935,NON-CLONE,2026-07-11 15:01:15,"{
  ""answer"": ""NO-NOT-SIMILAR"",
  ""explanation"": ""The two code snippets perform entirely different tasks. Code snippet 1 solves the 'Counting Sheep' problem from Google Code Jam, where it determines the last number a person will see before seeing all digits 0-9 in multiples of a given number. Code snippet 2 solves a different problem related to calculating differences between consecutive elements in an array and determining optimal rates for consumption. The algorithms, input/output handling, and objectives are completely different.""
}",339
2016_0_2,68074,2013_0_1,124149,NON-CLONE,2026-07-11 15:01:16,"{
  ""answer"": ""NO-NOT-SIMILAR"",
  ""explanation"": ""The two code snippets implement completely different algorithms and solve different problems. Code snippet 1 solves the 'Pancake Flipper' problem where it calculates the minimum number of flips needed to make all pancakes face up ('+'). It processes a string of '+' and '-' characters and counts maneuvers. Code snippet 2 implements a Tic-Tac-Toe game solver that determines the winner or game state (win, draw, or not completed) based on a 4x4 board configuration. The problems, input formats, logic, and outputs are entirely different between these two snippets.""
}",340
2016_0_2,68074,2013_0_3,83531,NON-CLONE,2026-07-11 15:01:17,"{
  ""answer"": ""NO-NOT-SIMILAR"",
  ""explanation"": ""The two code snippets are not functionally similar. Code Snippet 1 solves the 'Pancakes' problem from Code Jam 2016, which involves finding the minimum number of flips needed to make all pancakes face up ('+') by flipping prefixes of the string representing pancake orientations. Code Snippet 2 solves a different problem related to counting 'fair and square' numbers within a range, involving palindrome checking and square root calculations. The problems, algorithms, and purposes of the two snippets are entirely different.""
}",341
2016_0_2,68074,2015_0_2,32722,NON-CLONE,2026-07-11 15:01:18,"{
  ""answer"": ""NO-NOT-SIMILAR"",
  ""explanation"": ""The two code snippets solve completely different problems. Code Snippet 1 is about finding the minimum number of maneuvers to make all pancakes face up (flipping operations on a string of '+' and '-' characters), which is related to the Code Jam 2016 problem 'Pancake Flipper'. Code Snippet 2 is about finding the minimum time for diners to finish their pancakes by either eating or splitting piles, which is related to the Code Jam 2015 problem 'Infinite House of Pancakes'. The algorithms, input/output formats, and problem domains are entirely different.""
}",342
2016_0_2,68074,2014_3_1,138529,NON-CLONE,2026-07-11 15:01:19,"{
  ""answer"": ""NO-NOT-SIMILAR"",
  ""explanation"": ""The two code snippets solve completely different problems. Code Snippet 1 is about finding the minimum number of maneuvers to make all pancakes face up in a stack (a flipping problem), while Code Snippet 2 is about determining the minimum number of generations for a population to reach a certain ratio, involving GCD calculations and bit operations. The algorithms, input/output handling, and problem domains are entirely different.""
}",343
2016_0_2,150691,2014_2_1,124976,NON-CLONE,2026-07-11 15:01:20,"{
  ""answer"": ""NO-NOT-SIMILAR"",
  ""explanation"": ""The two code snippets implement completely different algorithms and solve different problems. Code snippet 1 is a solution for a pancake flipping problem where the goal is to count the minimum number of flips needed to make all pancakes face up ('+'). It uses array manipulation and a greedy approach to flip portions of the sequence. Code snippet 2 is a solution for a string manipulation problem (likely 'Fegla Won' from Google Code Jam 2014 Round 1B) where the goal is to find the minimum number of character operations to make multiple strings identical by grouping consecutive characters. The problems, approaches, data structures, and outputs are fundamentally different.""
}",344
2016_0_2,150691,2013_0_2,55421,NON-CLONE,2026-07-11 15:01:21,"{
  ""answer"": ""NO-NOT-SIMILAR"",
  ""explanation"": ""The two code snippets solve completely different problems. Code snippet 1 is a solution for the Google Code Jam 2016 Problem B (Counting Sheep or similar pancake flipping problem), where it calculates the minimum number of operations to make all characters in a sequence '+'. The second snippet solves the Google Code Jam 2013 Problem B (Lawnmower problem), which determines whether a lawn pattern can be mowed by cutting rows or columns. The problems, algorithms, and objectives are entirely different.""
}",345
2016_0_2,150691,2014_2_1,124976,NON-CLONE,2026-07-11 15:01:22,"{
  ""answer"": ""NO-NOT-SIMILAR"",
  ""explanation"": ""The two code snippets implement completely different algorithms and solve different problems. Code snippet 1 appears to solve a pancake flipping problem where the goal is to flip a sequence of pancakes to all face up ('+') using the minimum number of operations. It uses a greedy approach to flip segments of the array. Code snippet 2 solves a different problem related to finding the minimum number of moves to make a set of strings identical by grouping consecutive characters and calculating optimal character counts. The problems, approaches, data structures, and outputs are fundamentally different between the two snippets.""
}",346
2016_0_2,125812,2016_0_4,58218,NON-CLONE,2026-07-11 15:01:23,"{
  ""answer"": ""NO-NOT-SIMILAR"",
  ""explanation"": ""The two code snippets are not functionally similar. Code Snippet 1 is designed to solve a pancake flipping problem where it calculates the minimum number of flips needed to make all pancakes happy (+). It processes input from a file, reads strings representing pancake states, and outputs the number of swaps required. On the other hand, Code Snippet 2 solves a completely different problem related to fractiles in a mathematical context, involving parameters K, C, and S, and generating an output based on complex calculations. The problems, input/output formats, and algorithms are entirely different.""
}",347
2016_0_2,125812,2013_0_3,55548,NON-CLONE,2026-07-11 15:01:24,"{
  ""answer"": ""NO-NOT-SIMILAR"",
  ""explanation"": ""The two code snippets are not functionally similar. Code snippet 1 is designed to solve a pancake flipping problem where it calculates the minimum number of flips needed to make all pancakes happy (+). It reads input from a file, processes each test case, and writes output to another file. Code snippet 2 is a completely different problem related to finding 'fair square' numbers - numbers that are perfect squares and whose square root is also a palindrome. It precomputes solutions and then answers queries about ranges of such numbers. The problems, algorithms, data structures, and overall functionality are entirely different.""
}",348
2016_0_2,88861,2013_0_3,55548,NON-CLONE,2026-07-11 15:01:25,"{
  ""answer"": ""NO-NOT-SIMILAR"",
  ""explanation"": ""The two code snippets perform completely different tasks. Code Snippet 1 solves a problem related to counting flips needed to make all characters in a string the same, while Code Snippet 2 deals with finding 'Fair Square' numbers (numbers that are perfect squares and whose square root is a palindrome). The algorithms, data structures, and objectives of these two snippets are entirely different.""
}",349
2016_0_4,100472,2016_3_1,218815,NON-CLONE,2026-07-11 15:01:26,"{
  ""answer"": ""NO-NOT-SIMILAR"",
  ""explanation"": ""The two code snippets solve completely different problems and have distinct functionalities. Code snippet 1 is a solution for the Google Code Jam 'Fractiles' problem, which involves determining positions in a fractal structure based on given parameters k, c, and s. It uses mathematical calculations and logic to output either a sequence of positions or 'IMPOSSIBLE'. Code snippet 2 solves a different problem related to parsing and rearranging strings based on numerical inputs, involving string manipulation and character processing. While both snippets use Java and involve input/output operations, they address entirely different algorithmic challenges and implement different logic and data structures.""
}",350
2016_0_4,100472,2015_1_1,125935,NON-CLONE,2026-07-11 15:01:27,"{
  ""answer"": ""NO-NOT-SIMILAR"",
  ""explanation"": ""The two code snippets solve completely different problems and have distinct functionalities. Code snippet 1 is designed to solve a Google Code Jam problem related to fractiles, involving calculations with integers k, c, and s to determine positions in a fractal structure. It outputs either a single number or 'IMPOSSIBLE' based on mathematical conditions. Code snippet 2 solves a different problem involving arrays of long integers, calculating two values based on differences between consecutive elements and finding maximum decreases. The problems, logic, data structures, and outputs are entirely different, making them not functionally similar.""
}",351
2016_0_4,100472,2013_0_2,90919,NON-CLONE,2026-07-11 15:01:28,"{
  ""answer"": ""NO-NOT-SIMILAR"",
  ""explanation"": ""The two code snippets solve completely different problems. Code snippet 1 is for the 'Fractiles' problem from Google Code Jam, which involves determining positions in a fractal structure based on given parameters k, c, and s. Code snippet 2 solves a different problem related to checking if a 2D grid can be constructed such that each cell's value equals the maximum value in its row or column. The tasks, logic, and input/output handling are fundamentally different between the two snippets.""
}",352
2016_0_4,100472,2016_0_1,55901,NON-CLONE,2026-07-11 15:01:30,"{
  ""answer"": ""NO-NOT-SIMILAR"",
  ""explanation"": ""The two code snippets solve completely different problems. Code snippet 1 is a solution for the Google Code Jam 'Fractiles' problem, which involves finding positions in a fractal structure based on given parameters k, c, and s. Code snippet 2 solves the 'Counting Sheep' problem (or a variant where it's called 'INSOMNIA'), which involves finding the last number in a sequence where all digits 0-9 appear at least once in the multiples of a given number. The problems, algorithms, input/output formats, and overall logic are entirely different.""
}",353
2016_0_4,129913,2013_1_1,30788,NON-CLONE,2026-07-11 15:01:30,"{
  ""answer"": ""NO-NOT-SIMILAR"",
  ""explanation"": ""The two code snippets implement completely different algorithms and solve different problems. Code snippet 1 is a solution for the 'Fractiles' problem from Google Code Jam, which involves determining positions in a fractal pattern based on given parameters K, C, and S. Code snippet 2 solves a mathematical problem related to finding the number of black rings in a circular target, using quadratic formula calculations. The structures, input/output handling, and core logic are entirely different.""
}",354
2016_0_4,129913,2013_1_1,30788,NON-CLONE,2026-07-11 15:01:31,"{
  ""answer"": ""NO-NOT-SIMILAR"",
  ""explanation"": ""The two code snippets implement completely different algorithms and solve different problems. Code snippet 1 is a solution to a fractile problem where it calculates positions based on given parameters K, C, and S, checking if a solution is possible and then generating output accordingly. Code snippet 2 solves a mathematical problem involving finding the number of black rings in a circular target based on the radius R and area T. They differ in input/output handling, problem domain, mathematical approach, and overall functionality.""
}",355
2016_0_4,129913,2016_1_2,30007,NON-CLONE,2026-07-11 15:01:32,"{
  ""answer"": ""NO-NOT-SIMILAR"",
  ""explanation"": ""The two code snippets implement completely different algorithms and solve different problems. Code Snippet 1 is solving a problem related to fractiles and requires determining if a solution is possible based on given parameters K, C, and S, then outputting a sequence of numbers. Code Snippet 2 is solving a different problem where it identifies unique elements in a grid by counting occurrences and finding odd-count elements. The structures, logic, and objectives of these codes are entirely distinct.""
}",356
2016_0_4,58218,2015_1_1,127730,NON-CLONE,2026-07-11 15:01:33,"{
  ""answer"": ""NO-NOT-SIMILAR"",
  ""explanation"": ""The two code snippets implement completely different algorithms and solve different problems. Code snippet 1 is solving a fractile problem where it determines if a solution is possible and generates output based on mathematical operations involving K, C, and S parameters. Code snippet 2 is solving a different problem related to eating cookies or consuming resources, calculating two different solutions (solve1 and solve2) for a given array of integers. The problems, logic, and purposes of these codes are entirely different.""
}",357
2016_0_4,58218,2016_0_2,68074,NON-CLONE,2026-07-11 15:01:34,"{
  ""answer"": ""NO-NOT-SIMILAR"",
  ""explanation"": ""The two code snippets solve completely different problems. Code Snippet 1 implements a solution for the 'Fractiles' problem from Google Code Jam, which involves determining positions to check in a fractal structure based on given parameters K, C, and S. Code Snippet 2 solves the 'Pancakes' problem, which involves finding the minimum number of flips needed to make all pancakes face up (or down) in a stack. While both snippets use similar input/output patterns (reading from files/standard input, writing to output), their core algorithms and problem domains are entirely different.""
}",358
2016_0_4,63729,2014_0_2,81302,NON-CLONE,2026-07-11 15:01:35,"{
  ""answer"": ""NO-NOT-SIMILAR"",
  ""explanation"": ""The two code snippets implement completely different algorithms and solve different problems. Code snippet 1 is a fractile problem solver that deals with generating patterns and determining positions based on given parameters K, C, and S. It involves string manipulation, pattern matching, and conditional logic to output either specific indices or 'IMPOSSIBLE'. Code snippet 2 solves a cookie clicker type optimization problem where it calculates the minimum time to reach a target amount of cookies by deciding when to buy farms. The core logic, data structures, and problem domain are entirely different between these two snippets.""
}",359
2016_1_1,1153,2014_2_1,126555,NON-CLONE,2026-07-11 15:01:36,"{
  ""answer"": ""NO-NOT-SIMILAR"",
  ""explanation"": ""The two code snippets solve completely different problems. Code Snippet 1 solves the 'The Last Word' problem where it arranges characters of a string to form the lexicographically largest possible string by either appending or prepending each character to a result builder. Code Snippet 2 solves a different problem related to string manipulation and calculating minimum moves to make strings identical, involving filtering, character analysis, and iterative calculations. The problems, logic, and objectives of these snippets are entirely different.""
}",360
2016_1_1,1153,2016_0_1,123558,NON-CLONE,2026-07-11 15:01:37,"{
  ""answer"": ""NO-NOT-SIMILAR"",
  ""explanation"": ""The two code snippets solve completely different problems. Code Snippet 1 solves the 'The Last Word' problem from Google Code Jam, where it arranges characters of a string to form the lexicographically largest possible string by either appending or prepending each character to a result string. Code Snippet 2 solves the 'Counting Sheep' problem, which involves finding the smallest positive integer multiple of a given number that contains all digits 0-9. The problems, algorithms, and outputs are entirely different.""
}",361
2016_1_1,1153,2016_0_4,58218,NON-CLONE,2026-07-11 15:01:38,"{
  ""answer"": ""NO-NOT-SIMILAR"",
  ""explanation"": ""The two code snippets perform completely different tasks. Code snippet 1 solves a problem where it constructs the lexicographically largest string by choosing characters from the beginning or end of a string, while code snippet 2 solves a fractiles problem involving mathematical computation and file I/O operations. The algorithms, input/output methods, and overall objectives of the two snippets are entirely different.""
}",362
2016_1_1,1153,2015_0_3,107238,NON-CLONE,2026-07-11 15:01:39,"{
  ""answer"": ""NO-NOT-SIMILAR"",
  ""explanation"": ""The two code snippets implement completely different algorithms and solve different problems. Code Snippet 1 solves the 'The Last Word' problem where it constructs the lexicographically largest possible string by choosing to prepend or append characters. Code Snippet 2 solves a different problem involving quaternion multiplication and determining if a string can be split into three parts whose products equal i, j, and k respectively. The problems, algorithms, and purposes of the two snippets are entirely different.""
}",363
2016_1_1,14479,2014_0_3,99421,NON-CLONE,2026-07-11 15:01:40,"{
  ""answer"": ""NO-NOT-SIMILAR"",
  ""explanation"": ""The two code snippets implement completely different algorithms and solve different problems. Code snippet 1 solves a string manipulation problem where it processes input strings to find a specific arrangement based on character comparison, while code snippet 2 solves a Minesweeper-like grid filling problem where it attempts to place mines and empty cells according to certain rules. The tasks, logic, and expected outputs are fundamentally different.""
}",364
2016_1_1,14479,2016_0_1,72044,NON-CLONE,2026-07-11 15:01:41,"{
  ""answer"": ""NO-NOT-SIMILAR"",
  ""explanation"": ""The two code snippets implement completely different algorithms and solve different problems. Code Snippet 1 solves a problem where it finds the lexicographically largest string by rearranging characters based on a maximum character condition, while Code Snippet 2 solves the 'Counting Sheep' problem where it determines when all digits 0-9 have been seen in multiples of a given number. The input/output handling, logic, and objectives are entirely different between the two snippets.""
}",365
2016_1_1,14479,2016_3_1,218815,NON-CLONE,2026-07-11 15:01:42,"{
  ""answer"": ""NO-NOT-SIMILAR"",
  ""explanation"": ""The two code snippets implement completely different algorithms and solve different problems. Code snippet 1 appears to solve a problem where it processes a string to find the maximum character and rearranges the string accordingly, while code snippet 2 solves a problem related to parsing and manipulating strings based on integer inputs to generate output in a specific format. The input/output mechanisms, data structures used, and core logic are fundamentally different between the two snippets.""
}",366
2016_1_1,8299,2016_2_1,193269,NON-CLONE,2026-07-11 15:01:43,"{
  ""answer"": ""NO-NOT-SIMILAR"",
  ""explanation"": ""The two code snippets perform completely different tasks. Code snippet 1 takes a string and rearranges its characters to form the lexicographically largest string by prepending characters that are greater than or equal to the current result's first character. Code snippet 2 takes a string of letters and converts it into a sorted sequence of digits (0-9) based on identifying unique letter patterns for each digit. These are fundamentally different algorithms solving different problems.""
}",367
2016_1_1,8299,2014_0_3,108079,NON-CLONE,2026-07-11 15:01:44,"{
  ""answer"": ""NO-NOT-SIMILAR"",
  ""explanation"": ""The two code snippets solve completely different problems. Code Snippet 1 is a solution to a problem where it takes a string and rearranges its characters to form the lexicographically largest string by either prepending or appending each character to the result string. Code Snippet 2 is a Minesweeper solver that determines whether a minefield configuration is possible given certain constraints and outputs a valid grid layout. The functional purposes, algorithms, and problem domains are entirely different.""
}",368
2016_1_1,29796,2016_3_1,211583,NON-CLONE,2026-07-11 15:01:44,"{
  ""answer"": ""NO-NOT-SIMILAR"",
  ""explanation"": ""The two code snippets solve completely different problems. Code snippet 1 takes a string and rearranges its characters to form the lexicographically largest possible string by choosing whether to append or prepend each character. Code snippet 2 deals with distributing diplomats from different countries such that no country has more than half of the total diplomats at any time, using a priority queue to manage the distribution. The tasks, input/output formats, and algorithms are fundamentally different.""
}",369
2016_1_2,8152,2014_3_1,138529,NON-CLONE,2026-07-11 15:01:45,"{
  ""answer"": ""NO-NOT-SIMILAR"",
  ""explanation"": ""The two code snippets perform completely different tasks. Code snippet 1 is solving a problem where it processes a grid of integers, removes pairs of identical numbers, and outputs the remaining unique values. It involves sorting, removing duplicates, and handling input/output from files. Code snippet 2 is solving a different problem related to calculating the minimum number of generations required for a population to reach a certain ratio, using GCD and bit operations. The problems, algorithms, and expected outputs are fundamentally different.""
}",370
2016_1_2,8152,2015_0_3,88073,NON-CLONE,2026-07-11 15:01:46,"{
  ""answer"": ""NO-NOT-SIMILAR"",
  ""explanation"": ""The two code snippets solve completely different problems. Code snippet 1 appears to be solving a problem related to finding missing numbers in a grid pattern, where it processes input arrays and removes pairs of identical elements until only unique values remain. On the other hand, code snippet 2 is implementing a solution for the 'Dijkstra' problem, which involves evaluating quaternion multiplication expressions to determine if a given string can be split into three parts representing the quaternions 'i', 'j', and 'k'. The algorithms, data structures, and problem domains are entirely different.""
}",371
2016_1_2,8152,2016_2_1,197689,NON-CLONE,2026-07-11 15:01:47,"{
  ""answer"": ""NO-NOT-SIMILAR"",
  ""explanation"": ""The two code snippets perform entirely different tasks. Code snippet 1 processes a grid of integers and identifies missing numbers by removing pairs from a sorted list, while code snippet 2 takes strings of letters and determines which digits (0-9) can be formed based on the frequency of specific letters. The input/output mechanisms, algorithms, and problem domains are completely different.""
}",372
2016_1_2,8152,2016_1_1,29796,NON-CLONE,2026-07-11 15:01:48,"{
  ""answer"": ""NO-NOT-SIMILAR"",
  ""explanation"": ""The two code snippets perform completely different tasks. Code snippet 1 processes a grid of integers, identifies missing values by removing pairs from a sorted list, and outputs the remaining values. Code snippet 2 takes a string and rearranges its characters to form the lexicographically largest possible string by choosing whether to prepend or append each character. The problems, algorithms, and outputs are fundamentally different.""
}",373
2016_1_2,31984,2015_0_2,77145,NON-CLONE,2026-07-11 15:01:49,"{
  ""answer"": ""NO-NOT-SIMILAR"",
  ""explanation"": ""The two code snippets perform entirely different tasks. Code snippet 1 reads input data from a file and stores it in a 2D array structure, likely for processing multiple test cases with specific formatting. Code snippet 2 reads input from standard input, processes it to solve a specific algorithmic problem (finding minimum cost), and outputs results. The first snippet focuses on input parsing and storage, while the second implements a mathematical optimization algorithm. They have no functional overlap.""
}",374
2016_1_2,31984,2015_0_4,96734,NON-CLONE,2026-07-11 15:01:50,"{
  ""answer"": ""NO-NOT-SIMILAR"",
  ""explanation"": ""The two code snippets perform entirely different tasks. Code snippet 1 reads input from a file and parses it into a 2D array structure for further processing, while code snippet 2 reads input from standard input, processes game logic for a puzzle called 'Omino', and outputs win/loss results based on mathematical conditions. The first snippet is about data parsing and storage, whereas the second is about game strategy logic and decision making. They have different purposes, input sources, and output behaviors.""
}",375
2016_1_2,31984,2016_0_1,69477,NON-CLONE,2026-07-11 15:01:51,"{
  ""answer"": ""NO-NOT-SIMILAR"",
  ""explanation"": ""The two code snippets perform completely different tasks. Code Snippet 1 reads input data from a file and stores it in a 2D array for later processing, likely for a Google Code Jam problem involving test cases and input lines. Code Snippet 2 reads input from standard input, processes each test case by calculating a specific mathematical result (related to 'INSOMNIA' problem where it finds the smallest multiple of a number that contains all digits 0-9), and outputs the results. The functionality, purpose, and logic of these snippets are entirely different.""
}",376
2016_1_2,20611,2015_0_4,79014,NON-CLONE,2026-07-11 15:01:52,"{
  ""answer"": ""NO-NOT-SIMILAR"",
  ""explanation"": ""The two code snippets solve completely different problems. Code Snippet 1 is designed to find missing numbers in a grid pattern by counting frequencies of integers, while Code Snippet 2 determines whether Richard can win a game based on grid dimensions and polyomino shapes. The first snippet deals with frequency analysis and set operations, whereas the second involves game theory logic and mathematical conditions. Their purposes, inputs, outputs, and algorithms are entirely unrelated.""
}",377
2016_1_2,20611,2013_1_1,35305,NON-CLONE,2026-07-11 15:01:53,"{
  ""answer"": ""NO-NOT-SIMILAR"",
  ""explanation"": ""The two code snippets perform completely different tasks. Code Snippet 1 is designed to find missing numbers in a grid by counting frequencies of integers and identifying those that appear an odd number of times. It reads input from a scanner, processes data to find missing elements, and outputs them as a string. Code Snippet 2 is a binary search algorithm that solves a mathematical problem involving finding the maximum value of 'n' such that a certain formula involving 'r' and 't' is satisfied. It reads from a file, performs complex arithmetic operations using BigInteger, and writes output to another file. These snippets address entirely different problems and use different algorithms and data structures.""
}",378
2016_1_2,19093,2014_2_1,115332,NON-CLONE,2026-07-11 15:01:54,"{
  ""answer"": ""NO-NOT-SIMILAR"",
  ""explanation"": ""The two code snippets implement completely different algorithms and solve different problems. Code snippet 1 appears to be solving a problem related to finding missing numbers in a grid pattern (based on the initial part of main method), while also containing various utility classes and algorithms for graph theory, number theory, and data structures like segment trees, disjoint sets, and maximum flow. Code snippet 2 solves a string manipulation problem where it tries to make all strings identical by minimizing character changes, essentially finding the minimum cost to transform strings into a common pattern. The core logic, problem domain, and implementation approaches are entirely different.""
}",379
2016_2_1,197689,2014_0_3,22792,NON-CLONE,2026-07-11 15:01:56,"{
  ""answer"": ""NO-NOT-SIMILAR"",
  ""explanation"": ""The two code snippets implement completely different algorithms and solve different problems. Code snippet 1 is designed to decode digit strings by analyzing character frequencies and applying logical deductions to determine which digits (0-9) are present in each string. It's a character frequency analysis and deduction problem, likely from a coding competition like Google Code Jam. Code snippet 2 implements a Minesweeper solver that attempts to place mines on a grid according to certain rules and constraints, determining if a configuration is possible. The fundamental tasks, algorithms, data structures, and problem domains are entirely different between these two snippets.""
}",380
2016_2_1,197689,2013_0_2,90919,NON-CLONE,2026-07-11 15:01:57,"{
  ""answer"": ""NO-NOT-SIMILAR"",
  ""explanation"": ""The two code snippets perform completely different tasks. Code snippet 1 is designed to decode digit words (like 'ZERO', 'ONE', etc.) from scrambled letters, determining which digits are represented by the given string combinations. It involves counting character frequencies and using logical deductions to identify each digit. Code snippet 2, on the other hand, is about checking whether a 2D grid of numbers can be validly constructed such that each cell's value equals either the maximum value in its row or column. These are entirely different problems with no functional overlap.""
}",381
2016_2_1,197689,2015_0_1,65869,NON-CLONE,2026-07-11 15:01:57,"{
  ""answer"": ""NO-NOT-SIMILAR"",
  ""explanation"": ""The two code snippets perform completely different tasks. Code snippet 1 is designed to decode digit words (like 'ZERO', 'ONE', etc.) from scrambled letters, essentially reconstructing numbers from their spelled-out forms. Code snippet 2 is about calculating the minimum number of additional people needed to ensure everyone can clap during a show based on audience members' clapping capacity. The problems, algorithms, and purposes of these snippets are entirely different.""
}",382
2016_2_1,197689,2013_0_1,124149,NON-CLONE,2026-07-11 15:01:58,"{
  ""answer"": ""NO-NOT-SIMILAR"",
  ""explanation"": ""The two code snippets perform entirely different tasks. Code Snippet 1 is designed to decode a scrambled representation of digits (0-9) from a string of characters, using character frequency analysis and logical deduction to reconstruct the original number sequence. Code Snippet 2 is a Tic-Tac-Toe game state analyzer that determines the winner or game status (win, draw, or incomplete) based on a 4x4 grid. The functional purposes, input/output formats, algorithms, and problem domains are completely different between these two snippets.""
}",383
2016_2_1,192495,2016_0_4,100472,NON-CLONE,2026-07-11 15:01:59,"{
  ""answer"": ""NO-NOT-SIMILAR"",
  ""explanation"": ""The two code snippets implement completely different algorithms and solve different problems. Code snippet 1 appears to be solving a problem related to decoding digit representations from letter sequences (likely from the Google Code Jam problem where letters represent digits), while code snippet 2 is solving a fractiles problem related to a mathematical puzzle involving tiles and complexity. The structures, logic, and purposes of the two codes are entirely different.""
}",384
2016_2_1,192495,2016_0_2,68074,NON-CLONE,2026-07-11 15:02:00,"{
  ""answer"": ""NO-NOT-SIMILAR"",
  ""explanation"": ""The two code snippets solve completely different problems. Code Snippet 1 is designed to decode a scrambled representation of digits (0-9) based on unique letter patterns, then output the digits in ascending order. Code Snippet 2 is about finding the minimum number of flips needed to make all characters in a string either '+' or '-'. The tasks, input/output formats, and algorithms used are entirely different.""
}",385
2016_2_1,192495,2014_0_3,71973,NON-CLONE,2026-07-11 15:02:01,"{
  ""answer"": ""NO-NOT-SIMILAR"",
  ""explanation"": ""The two code snippets perform completely different tasks. Code Snippet 1 appears to solve a problem where it processes strings containing letters representing digits (like 'Z' for zero) and reconstructs the original digit sequence by counting occurrences and using logical deductions. Code Snippet 2 solves a different problem involving creating a grid pattern with specified dimensions and placing cells ('.') based on certain rules to fill a given number of cells. The problems, logic, input/output formats, and overall functionality are entirely different.""
}",386
2016_2_1,187476,2016_0_4,100472,NON-CLONE,2026-07-11 15:02:02,"{
  ""answer"": ""NO-NOT-SIMILAR"",
  ""explanation"": ""The two code snippets are not functionally similar. Code Snippet 1 is designed to decode a scrambled string of letters representing digits (ZERO through NINE) into the actual numeric digits, using character frequency analysis and a predefined sequence to deduce the correct order. Code Snippet 2 is solving a completely different problem related to 'Fractiles' in the context of Google Code Jam, which involves determining positions in a fractal structure based on given parameters (k, c, s). The problems, logic, and objectives of these two snippets are entirely different.""
}",387
2016_2_1,187476,2014_0_3,22792,NON-CLONE,2026-07-11 15:02:04,"{
  ""answer"": ""NO-NOT-SIMILAR"",
  ""explanation"": ""The two code snippets implement completely different algorithms and solve different problems. Code Snippet 1 is designed to decode a scrambled string representation of digits (ZERO through NINE) by analyzing character frequencies and using a specific ordering to deduce the original numbers. It reads input from a file, processes each test case by identifying digits based on unique characters, and outputs the sorted digits. Code Snippet 2, on the other hand, is a Minesweeper solver that attempts to place mines in a grid such that the resulting configuration satisfies certain constraints about mine neighbors. It involves complex logic for determining safe positions for mines and handling edge cases related to neighbor counts. These are fundamentally different problems with distinct approaches and purposes.""
}",388
2016_2_1,193269,2013_0_1,84294,NON-CLONE,2026-07-11 15:02:04,"{
  ""answer"": ""NO-NOT-SIMILAR"",
  ""explanation"": ""The two code snippets implement completely different algorithms and solve different problems. Code snippet 1 is designed to decode a scrambled string representation of digits (0-9) by identifying unique letter patterns, while code snippet 2 determines the winner of a Tic-Tac-Toe game by checking rows, columns, and diagonals. The tasks, logic, and outputs of these programs are fundamentally unrelated.""
}",389
2016_3_1,205670,2013_0_2,114653,NON-CLONE,2026-07-11 15:02:06,"{
  ""answer"": ""NO-NOT-SIMILAR"",
  ""explanation"": ""The two code snippets implement completely different algorithms and solve different problems. Code Snippet 1 appears to be solving a problem related to assigning senators to parties in a way that avoids a supermajority, using a greedy approach to assign letters (A, B, C...) to represent parties. Code Snippet 2 solves a different problem involving checking whether a 2D grid can be viewed from all directions (rows and columns) such that every cell is visible from at least one direction. The core logic, data structures, and objectives are entirely different between the two snippets.""
}",390
2016_3_1,205670,2016_2_1,197689,NON-CLONE,2026-07-11 15:02:07,"{
  ""answer"": ""NO-NOT-SIMILAR"",
  ""explanation"": ""The two code snippets perform completely different tasks. Code Snippet 1 appears to solve a problem related to assigning senators to parties based on their counts, likely from a Google Code Jam problem about avoiding a majority in any party. It involves finding maximum values in arrays and making decisions based on ratios. Code Snippet 2 solves a digit reconstruction problem where it takes strings of letters representing digits and determines which digits are represented based on unique letter patterns. The algorithms, data structures, and objectives of these two codes are entirely different.""
}",391
2016_3_1,205670,2016_1_1,1153,NON-CLONE,2026-07-11 15:02:08,"{
  ""answer"": ""NO-NOT-SIMILAR"",
  ""explanation"": ""The two code snippets solve completely different problems. Code Snippet 1 appears to be solving a 'Fractiles' problem related to senate voting, where it tries to determine optimal seating arrangements based on senator counts and thresholds. It involves complex logic with tracking maximum values, sums, and conditional operations. Code Snippet 2 solves the 'The Last Word' problem where it constructs the lexicographically largest string by either prepending or appending characters to a StringBuilder based on comparison with the first character. The algorithms, problem domains, and logic are entirely different.""
}",392
2016_3_1,205670,2013_0_2,55421,NON-CLONE,2026-07-11 15:02:09,"{
  ""answer"": ""NO-NOT-SIMILAR"",
  ""explanation"": ""The two code snippets implement completely different algorithms and solve different problems. Code snippet 1 appears to be solving a problem related to senate voting or party management, where it tries to determine optimal seating arrangements based on senator counts and thresholds. Code snippet 2 is solving a lawn mower problem (likely from Google Code Jam 2013 Round 1A Problem B), which determines whether a given garden pattern can be achieved by mowing rows and columns. The problems, logic, data structures, and objectives are entirely different.""
}",393
2016_3_1,211583,2014_0_3,71973,NON-CLONE,2026-07-11 15:02:09,"{
  ""answer"": ""NO-NOT-SIMILAR"",
  ""explanation"": ""The two code snippets implement completely different algorithms and solve different problems. Code Snippet 1 appears to be solving a problem related to distributing people into groups based on priorities, using a priority queue to manage elements. Code Snippet 2 solves a different problem involving filling a grid with minesweeper-like logic to create a valid configuration. The tasks, input/output formats, and underlying algorithms are entirely distinct.""
}",394
2016_3_1,211583,2013_0_2,90919,NON-CLONE,2026-07-11 15:02:10,"{
  ""answer"": ""NO-NOT-SIMILAR"",
  ""explanation"": ""The two code snippets perform entirely different tasks. Code snippet 1 is designed to solve a problem involving distributing diplomats from countries with certain constraints, using a priority queue to manage the distribution process. Code snippet 2 is a solution to a matrix validation problem where it checks if each element in a 2D array equals either the maximum value in its row or column. The algorithms, data structures, and objectives of these two snippets are completely different.""
}",395
2016_3_1,211583,2013_0_1,124226,NON-CLONE,2026-07-11 15:02:11,"{
  ""answer"": ""NO-NOT-SIMILAR"",
  ""explanation"": ""The two code snippets implement completely different algorithms and solve different problems. Code snippet 1 appears to be solving a problem related to distributing people from different groups (represented by integers) using a priority queue, likely related to scheduling or allocation. Code snippet 2 solves the classic Tic-Tac-Toe game state determination problem, checking for wins, draws, or incomplete games on a 4x4 board. The tasks, logic, data structures, and input/output formats are entirely different between the two snippets.""
}",396
2016_3_1,210871,2015_0_1,68106,NON-CLONE,2026-07-11 15:02:12,"{
  ""answer"": ""NO-NOT-SIMILAR"",
  ""explanation"": ""The two code snippets solve completely different problems. Code Snippet 1 deals with distributing letters based on their values, trying to maintain a balanced distribution where no letter exceeds 2 units more than others. It involves finding maximum values in a map and printing combinations of letters. Code Snippet 2 solves a different problem about determining minimum additional people needed to ensure everyone can stand during an audience standing scenario. The input formats, logic, and output requirements are entirely different between the two snippets.""
}",397
2016_3_1,210871,2013_0_2,114653,NON-CLONE,2026-07-11 15:02:13,"{
  ""answer"": ""NO-NOT-SIMILAR"",
  ""explanation"": ""The two code snippets perform completely different tasks. Code Snippet 1 is solving a problem related to distributing letters based on their frequencies, likely for a 'Ganglion' or similar puzzle where the goal is to output a sequence of letters according to certain rules. Code Snippet 2 is solving a 'Bessie's Haybales' type problem where it determines whether a grid configuration is valid by checking if each cell's value matches the maximum value in its row or column. The algorithms, input/output formats, and objectives are entirely different.""
}",398
2016_3_1,218815,2016_0_1,60475,NON-CLONE,2026-07-11 15:02:14,"{
  ""answer"": ""NO-NOT-SIMILAR"",
  ""explanation"": ""The two code snippets solve completely different problems. Code Snippet 1 appears to be solving a problem related to assigning letters to numbers and generating a string output based on certain conditions, likely from Google Code Jam 2016 Round 1C Problem A. Code Snippet 2 solves the 'Last Digit' or 'Countdown' problem where it finds the last number in a sequence that contains all digits 0-9, commonly known as 'INSOMNIA' when the input is 0. The algorithms, data structures, and problem domains are entirely different.""
}",399
