program_a,variant_a,program_b,variant_b,ground_truth,timestamp,response,pair_id
2013_0_1,84294,2013_0_1,58633,CLONE,2026-07-18 06:22:20," {
     ""answer"": ""YES-SIMILAR"",
     ""explanation"": ""Both code snippets are solving the same problem, which is a game of Tic-Tac-Toe. They both take a series of 4x4 grids as input, check for a win or draw in the game, and output the result. They may differ in syntax, structure, and specific steps, but they achieve the same result.""
   }",0
2013_0_1,84294,2013_0_1,124149,CLONE,2026-07-18 06:22:24," {
     ""answer"": ""YES-SIMILAR"",
     ""explanation"": ""Both code snippets are solving the same problem: determining the outcome of a game of Tic-Tac-Toe. They both read a game board from input, check for a win or draw in rows, columns, and diagonals, and output the result. They differ in syntax, structure, and variable names, but they perform the same task.""
   }",1
2013_0_1,84294,2013_0_1,88116,CLONE,2026-07-18 06:22:29," {
     ""answer"": ""YES-SIMILAR"",
     ""explanation"": ""Both code snippets are solving the same problem, which is a game of Tic-Tac-Toe. The first code snippet is checking for a win, draw, or incomplete game for each player (X and O) by iterating through the game board and checking rows, columns, and diagonals. The second code snippet is also checking for a win, draw, or incomplete game for each player, but it is doing so by adding all possible winning combinations to a Hash",2
2013_0_1,84294,2013_0_1,124226,CLONE,2026-07-18 06:22:34," {
     ""answer"": ""YES-SIMILAR"",
     ""explanation"": ""Both code snippets are solving the same problem, which is to determine the winner of a game of Tic-Tac-Toe. They both read a game state from input, check for a winner in rows, columns, and diagonals, and output the result. The main differences are in syntax, variable naming, and the specific steps taken to check for a winner. However, the overall functionality and the logic used to determine the winner are similar.""
   }",3
2013_0_1,58633,2013_0_1,124149,CLONE,2026-07-18 06:22:40," {
     ""answer"": ""YES-SIMILAR"",
     ""explanation"": ""Both code snippets are solving the same problem, which is a game of Tic-Tac-Toe. They both read a game board from an input file, determine if there is a winner or if the game is a draw, and write the result to an output file. The main difference is in the structure and specific steps they take to accomplish this task. However, the overall functionality is the same.""
   }",4
2013_0_1,58633,2013_0_1,88116,CLONE,2026-07-18 06:22:45," {
    ""answer"": ""YES-SIMILAR"",
    ""explanation"": ""Both code snippets are solving the same problem, which is a game of Tic-Tac-Toe. They both read a game state from an input file, determine the winner or if the game is a draw, and write the result to an output file. The first code snippet checks for a win or draw by iterating through the rows and columns of the game board, while the second code snippet uses a HashSet to store all possible winning combinations and checks if any of them are present",5
2013_0_1,58633,2013_0_1,124226,CLONE,2026-07-18 06:22:49," {
     ""answer"": ""YES-SIMILAR"",
     ""explanation"": ""Both code snippets are solving the same problem, which is a game of Tic-Tac-Toe. They both read a game board from an input file, determine if there is a winner (X or O), or if the game is a draw or if it has not completed yet. The main difference is in the structure and specific steps they take to accomplish this task, but they both achieve the same result.""
   }",6
2013_0_1,124149,2013_0_1,88116,CLONE,2026-07-18 06:22:56," {
     ""answer"": ""YES-SIMILAR"",
     ""explanation"": ""Both code snippets are solving the same problem, which is a game of Tic-Tac-Toe on a 4x4 grid. They both read a game state from an input file, determine the winner or if the game is a draw, and write the result to an output file. The main difference is in the implementation details, such as how they check for a win (one uses nested loops, the other uses a HashSet and predefined winning patterns), but the overall functionality is the",7
2013_0_1,124149,2013_0_1,124226,CLONE,2026-07-18 06:23:00," {
     ""answer"": ""YES-SIMILAR"",
     ""explanation"": ""Both code snippets are solving the same problem, which is a game of Tic-Tac-Toe on a 4x4 grid. They both read a game state from an input file, determine if 'X' or 'O' has won the game, if the game is a draw, or if the game has not completed yet. The main difference between the two snippets is in their structure and syntax, but they both follow a similar approach to solve the problem.""
   }",8
2013_0_1,88116,2013_0_1,124226,CLONE,2026-07-18 06:23:05," {
     ""answer"": ""YES-SIMILAR"",
     ""explanation"": ""Both code snippets are solving the same problem: determining the outcome of a game of Tic-Tac-Toe. They both read a game board from input, check for a win or draw, and output the result. They differ in syntax, structure, and specific steps, but they achieve the same result.""
   }",9
2013_0_2,95524,2013_0_2,44471,CLONE,2026-07-18 06:23:10," {
     ""answer"": ""YES-SIMILAR"",
     ""explanation"": ""Both code snippets are solving the same problem: determining if a given matrix can be 'mowed' in a specific pattern. The first snippet does this by creating a 'posible' matrix to track possible mowing paths, while the second snippet checks each row and column for the lowest value and checks if it's possible to mow from that point. Both approaches are similar in their goal and methodology, even though they use different variable names and structures.""
   }",10
2013_0_2,95524,2013_0_2,55421,CLONE,2026-07-18 06:23:16," {
     ""answer"": ""YES-SIMILAR"",
     ""explanation"": ""Both code snippets are solving the same problem, which is to determine if it's possible to cut a lawn in a specific pattern. They both read input data, process it, and output the result. The main difference is in the implementation details, such as variable names and the specific steps taken to solve the problem. However, the core logic is similar: both snippets check if each cell in the grid is smaller than any cell in its row and column. If it is, then it's",11
2013_0_2,95524,2013_0_2,90919,CLONE,2026-07-18 06:23:20," {
     ""answer"": ""YES-SIMILAR"",
     ""explanation"": ""Both code snippets are solving the same problem, which is to determine if a given matrix can be made into a skyline by removing some buildings. The first code snippet is doing this by checking each building in the matrix and eliminating possibilities based on the heights of buildings to its left and right, and then vertically. The second code snippet is doing this by finding the maximum height in each row and column, and then checking if each building is either the maximum height of its row or column.",12
2013_0_2,95524,2013_0_2,114653,CLONE,2026-07-18 06:23:25," {
     ""answer"": ""YES-SIMILAR"",
     ""explanation"": ""Both code snippets are solving the same problem, which is to determine if a given matrix has a property where every row and column contains at least one maximum value. The first code snippet does this by initially marking all cells as possible, then eliminating cells that are less than a larger value in the same row or column. The second code snippet does this by initially marking no cells as possible, then adding cells that are equal to the maximum value in the same row or column. Despite the difference",13
2013_0_2,44471,2013_0_2,55421,CLONE,2026-07-18 06:23:29," {
     ""answer"": ""YES-SIMILAR"",
     ""explanation"": ""Both code snippets are solving the same problem: determining if a lawnmower can mow a given lawn pattern. They both read input, process it, and output the result. The main difference is in the structure and syntax, but the logic and the steps to solve the problem are essentially the same.""
   }",14
2013_0_2,44471,2013_0_2,90919,CLONE,2026-07-18 06:23:34," {
     ""answer"": ""YES-SIMILAR"",
     ""explanation"": ""Both code snippets are solving the same problem, which is to determine if a given matrix can be made into a lawnmower matrix (a matrix where every element is either the smallest element in its row or the smallest element in its column). The first code snippet reads the matrix and its dimensions from a file, while the second code snippet reads it from standard input. However, the main logic of the program is the same in both snippets. They both iterate over the matrix to find the",15
2013_0_2,44471,2013_0_2,114653,CLONE,2026-07-18 06:23:38," {
     ""answer"": ""YES-SIMILAR"",
     ""explanation"": ""Both code snippets are solving the same problem, which is to determine if a given matrix can be made into a lawnmower matrix. A lawnmower matrix is a matrix where every element is either the smallest element in its row or the smallest element in its column. Both snippets read a matrix from an input file, process it to determine if it's a lawnmower matrix, and then output the result to a file and the console. The main difference between the two snippets is",16
2013_0_2,55421,2013_0_2,90919,CLONE,2026-07-18 06:23:44," {
     ""answer"": ""YES-SIMILAR"",
     ""explanation"": ""Both code snippets are solving the same problem, which is to determine if a given 2D array (representing a lawn) can be mowed by a lawnmower that moves in rows and columns. The main difference between the two snippets is the structure and syntax, but the logic and approach are similar. Both snippets read input, process it, and output the result. They both use a 2D array to store the lawn data and check if each element in the array",17
2013_0_2,55421,2013_0_2,114653,CLONE,2026-07-18 06:23:48," {
     ""answer"": ""YES-SIMILAR"",
     ""explanation"": ""Both code snippets are solving the same problem, which is to determine if a given 2D array (representing a lawn) can be mowed by a lawnmower in a way that every cell is mowed at least once and no cell is mowed more than once. The first code snippet is reading the input, processing it, and writing the output to a file. The second code snippet is doing the same, but it is also printing the output to the console. The main",18
2013_0_2,90919,2013_0_2,114653,CLONE,2026-07-18 06:23:53," {
    ""answer"": ""YES-SIMILAR"",
    ""explanation"": ""Both code snippets are solving the same problem: determining if a given matrix can be marked such that each row and each column contains at least one marked cell and all cells in the matrix are marked. The main difference is in the implementation details such as variable names, file handling, and the structure of the code. However, the core logic of the two code snippets is the same, which is to find the maximum value in each row and column and mark the cells with these maximum values. Then, it",19
2013_0_3,55548,2013_0_3,94901,CLONE,2026-07-18 06:23:59," {
    ""answer"": ""NO-NOT-SIMILAR"",
    ""explanation"": ""The two code snippets are not functionally similar. Code Snippet 1 is generating a list of fair squares, which are numbers that are palindromes in both decimal and binary representation. It then reads a range from an input file and counts the number of fair squares within that range. Code Snippet 2, on the other hand, is generating a list of numbers that are palindromes in decimal and their squares are also palindromes in decimal. It then reads",20
2013_0_3,55548,2013_0_3,78294,CLONE,2026-07-18 06:24:05," {
     ""answer"": ""YES-SIMILAR"",
     ""explanation"": ""Both code snippets are solving the same problem, which is to find fair squares within a given range. A fair square is a square that is also a palindrome. The first code snippet generates all possible fair squares up to a certain length and stores them in a list. It then performs a binary search on this list to find the number of fair squares within the given range. The second code snippet also finds fair squares within a given range, but it does this by iterating",21
2013_0_3,55548,2013_0_3,118052,CLONE,2026-07-18 06:24:09," {
     ""answer"": ""NO-NOT-SIMILAR"",
     ""explanation"": ""The two code snippets are not functionally similar. Code Snippet 1 is generating a list of fair and square numbers, while Code Snippet 2 is checking if a number is a fair and square number. Code Snippet 1 is used to solve a problem that requires counting the number of fair and square numbers in a given range, while Code Snippet 2 is used to solve a problem that requires checking if a given number is a fair and square number. Therefore, they are not functionally",22
2013_0_3,55548,2013_0_3,83531,CLONE,2026-07-18 06:24:14," {
     ""answer"": ""YES-SIMILAR"",
     ""explanation"": ""Both code snippets are solving the same problem, which is to find the count of fair squares within a given range. A fair square is a square number that is also a palindrome. The first code snippet generates all possible fair squares up to a certain length and stores them in a list. The second code snippet checks for fair squares within a given range by iterating through the numbers and checking if their square is a palindrome. While the implementation details differ, the overall functionality",23
2013_0_3,94901,2013_0_3,78294,CLONE,2026-07-18 06:24:20," {
     ""answer"": ""YES-SIMILAR"",
     ""explanation"": ""Both code snippets are solving the same problem: finding the number of fair squares within a given range. A fair square is a square that is also a palindrome. The first code snippet generates all possible fair squares within the range and then counts the number of fair squares that fall within the given test cases. The second code snippet uses a precomputed list of fair squares and counts the number of fair squares that fall within the given test cases. Although the two code sn",24
2013_0_3,94901,2013_0_3,118052,CLONE,2026-07-18 06:24:24," {
     ""answer"": ""YES-SIMILAR"",
     ""explanation"": ""Both code snippets are solving the same problem, which is to find the number of palindromic squares within a given range. They both read input from a file, process it, and write output to a file. The main difference is in the structure and syntax, but the overall functionality is the same.""
   }",25
2013_0_3,94901,2013_0_3,83531,CLONE,2026-07-18 06:24:29," {
    ""answer"": ""YES-SIMILAR"",
    ""explanation"": ""Both code snippets are solving the same problem, which is to find the number of palindromic squares within a given range. The first code snippet is doing this by iterating through all numbers from 1 to 10^12, checking if the number and its square are palindromes, and adding the square to a list if it is. The second code snippet is doing this by initializing an array with the number of palindromic squares up to that",26
2013_0_3,78294,2013_0_3,118052,CLONE,2026-07-18 06:24:34," {
     ""answer"": ""YES-SIMILAR"",
     ""explanation"": ""Both code snippets are solving the same problem: counting the number of fair and square numbers within a given range. A fair and square number is a number that is both a perfect square and a palindrome. The first code snippet uses a precomputed list of fair and square numbers, while the second code snippet generates them on the fly. However, the overall approach and the functionality are similar.""
   }",27
2013_0_3,78294,2013_0_3,83531,CLONE,2026-07-18 06:24:39," {
     ""answer"": ""YES-SIMILAR"",
     ""explanation"": ""Both code snippets are solving the same problem: counting the number of fair squares (squares that are also palindromes) within a given range. The first code snippet uses a precomputed list of fair squares, while the second code snippet generates them on the fly. However, the underlying logic and the final outcome are the same, so the code snippets are functionally similar.""
   }",28
2013_0_3,118052,2013_0_3,83531,CLONE,2026-07-18 06:24:45," {
     ""answer"": ""YES-SIMILAR"",
     ""explanation"": ""Both code snippets are solving the same problem, which is to find the number of fair and square numbers within a given range. A fair and square number is a number that is both a square of a number and a palindrome. The first code snippet generates all fair and square numbers up to a certain limit and stores them in a set. Then it reads the test cases and for each test case, it counts the number of fair and square numbers within the given range. The second code snippet also",29
2013_1_1,35305,2013_1_1,30788,CLONE,2026-07-19 14:38:06," {
     ""answer"": ""YES-SIMILAR"",
     ""explanation"": ""Both code snippets are solving the same problem, which is to find the maximum number of squares that can be placed inside a circle with a given radius such that the total area of the squares does not exceed a given target area. The first code snippet uses binary search to find this maximum number, while the second code snippet uses a mathematical formula to calculate it. Although the approaches are different, they both achieve the same result.""
   }",30
2013_1_1,35305,2013_1_1,30610,CLONE,2026-07-19 14:38:08," {
     ""answer"": ""NO-NOT-SIMILAR"",
     ""explanation"": ""The two Java code snippets are not functionally similar. Code Snippet 1 is a solution to a problem that involves reading input from a file, performing calculations using BigInteger, and writing output to a file. It uses a binary search algorithm to find the maximum value of 'm' such that 's' (calculated using 'm', 'r', and 't') is less than or equal to 't'. Code Snippet 2, on the other hand, is a utility class",31
2013_1_1,35305,2013_1_1,30305,CLONE,2026-07-19 14:38:10," {
     ""answer"": ""YES-SIMILAR"",
     ""explanation"": ""Both code snippets are solving the same problem, which is to find the maximum number of tiles that can be arranged in a specific pattern such that the total number of tiles used does not exceed a given target value. The first snippet uses a binary search approach to find this maximum number, while the second snippet uses a mathematical formula to calculate it. However, both approaches achieve the same result, which is to find the maximum number of tiles that can be arranged in the pattern without exceeding the target value.""",32
2013_1_1,35305,2013_1_1,40715,CLONE,2026-07-19 14:38:12," {
     ""answer"": ""YES-SIMILAR"",
     ""explanation"": ""Both code snippets are solving the same problem, which is to find the maximum number of stones that can be picked up in a certain time period, given a rate of stone production. The first code snippet uses a binary search algorithm to find this maximum number, while the second code snippet uses a mathematical formula to calculate it. However, both approaches are solving the same problem and achieving the same result.""
   }",33
2013_1_1,30788,2013_1_1,30610,CLONE,2026-07-19 14:38:14," {
     ""answer"": ""NO-NOT-SIMILAR"",
     ""explanation"": ""The two code snippets are not functionally similar. Code Snippet 1 is a solution for a problem that involves calculating the number of steps required to cover a certain distance, given a radius and a target distance. It uses the quadratic formula to calculate the number of steps. Code Snippet 2, on the other hand, is a utility class that provides various utility functions and methods for input/output operations, mathematical calculations, and error handling. It does not solve the same problem as Code Sn",34
2013_1_1,30788,2013_1_1,30305,CLONE,2026-07-19 14:38:16," {
     ""answer"": ""YES-SIMILAR"",
     ""explanation"": ""Both code snippets are solving the same mathematical problem, which is to calculate the number of full circles that can be drawn within a given time frame, given the radius of the circles. The mathematical approach used in both snippets is similar, involving the use of the quadratic formula to calculate the number of circles. The only difference is in the implementation details, such as the use of different variable names and the use of BigInteger in the second snippet to handle larger numbers.""
   }",35
2013_1_1,30788,2013_1_1,40715,CLONE,2026-07-19 14:38:17," {
     ""answer"": ""YES-SIMILAR"",
     ""explanation"": ""Both code snippets are solving the same mathematical problem, which is to calculate the number of full circles that can be drawn within a given time frame, given the radius of the circle and the time available. The two snippets use different approaches to solve this problem, but they both achieve the same result.""
   }",36
2013_1_1,30610,2013_1_1,30305,CLONE,2026-07-19 14:38:20," {
     ""answer"": ""NO-NOT-SIMILAR"",
     ""explanation"": ""The two code snippets are not functionally similar. Code Snippet 1 is a utility class that provides various utility methods for file I/O, mathematical operations, and error handling. Code Snippet 2 is a solution to a specific problem from Google Code Jam, which involves reading input data, performing calculations, and outputting results. The two snippets have different purposes and functionalities, so they are not functionally similar.""
   }",37
2013_1_1,30610,2013_1_1,40715,CLONE,2026-07-19 14:38:22," {
     ""answer"": ""NO-NOT-SIMILAR"",
     ""explanation"": ""The two code snippets are not functionally similar. Code Snippet 1 is a utility class that provides various utility functions such as reading from a file, writing to a file, mathematical functions, and error handling. Code Snippet 2 is a solution to a specific problem from Google Code Jam Round 1A 2013. The two snippets have no common functionality or purpose, so they are not functionally similar.""
   }",38
2013_1_1,30305,2013_1_1,40715,CLONE,2026-07-19 14:38:24," {
     ""answer"": ""YES-SIMILAR"",
     ""explanation"": ""Both code snippets are solving the same problem, which is to calculate a value 'n' based on two input values 'r' and 't'. They both use mathematical operations to calculate 'n', and they both handle input/output in a similar way. The main difference is in the specific steps and syntax used to perform the calculations, but the overall approach and the result are the same.""
   }",39
2014_0_2,107403,2014_0_2,81302,CLONE,2026-07-19 14:38:25," {
     ""answer"": ""YES-SIMILAR"",
     ""explanation"": ""Both code snippets are solving the same problem, which is a calculation based on given input values C, F, and X. The main difference is in the structure and variable naming, but the logic and the steps to solve the problem are essentially the same. Both snippets are reading input values, processing them in a loop, and outputting the result.""
   }",40
2014_0_2,107403,2014_0_2,27351,CLONE,2026-07-19 14:38:27," {
     ""answer"": ""YES-SIMILAR"",
     ""explanation"": ""Both code snippets are solving the same problem, which is a mathematical optimization problem. They both read input data from a file, process it, and output the result to another file. The main difference is in the structure and variable naming, but the logic and the algorithm used to solve the problem are the same.""
   }",41
2014_0_2,107403,2014_0_2,41018,CLONE,2026-07-19 14:38:28," {
     ""answer"": ""YES-SIMILAR"",
     ""explanation"": ""Both code snippets are solving the same problem, which is a mathematical optimization problem. They are both calculating the minimum time required to achieve a certain goal by increasing a rate at a certain cost. The main difference is in the structure and variable names, but the logic and the approach are the same.""
   }",42
2014_0_2,107403,2014_0_2,110678,CLONE,2026-07-19 14:38:30," {
     ""answer"": ""YES-SIMILAR"",
     ""explanation"": ""Both code snippets are solving the same problem, which is a mathematical optimization problem. They are both calculating the minimum time required to achieve a certain number of cookies (X) by either continuously producing cookies at a certain rate (initially 2.0) or buying a farm that increases the rate by a certain amount (F) at a certain cost (C). The main difference is in the structure and variable naming, but the logic and approach are the same.""
   }",43
2014_0_2,81302,2014_0_2,27351,CLONE,2026-07-19 14:38:31," {
     ""answer"": ""YES-SIMILAR"",
     ""explanation"": ""Both code snippets are solving the same problem, which is to calculate the minimum time it takes to reach a destination (farm) under certain conditions. The first code snippet reads input from a file and writes output to a file, while the second code snippet reads input from the system input and writes output to the system output. However, the core logic of the two code snippets is similar. They both use a loop to calculate the time it takes to reach the destination under two scenarios: buying",44
2014_0_2,81302,2014_0_2,41018,CLONE,2026-07-19 14:38:33," {
    ""answer"": ""YES-SIMILAR"",
    ""explanation"": ""Both code snippets are solving the same problem, which is calculating the minimum time required to reach a certain distance (goal) with a given initial speed (rate). The first code snippet (Code Snippet 1) is doing this by comparing the time it takes to reach the goal directly (time1) with the time it takes to reach a farm (time2) and then the goal (time2), and deciding whether to buy a farm (increase speed) or not based on",45
2014_0_2,81302,2014_0_2,110678,CLONE,2026-07-19 14:38:35," {
     ""answer"": ""YES-SIMILAR"",
     ""explanation"": ""Both code snippets are solving the same problem, which is to calculate the minimum time required to reach a certain number of cookies (X) by either continuously producing cookies at a given rate (speed) or buying a farm that increases the rate (speed + F) and costs C cookies. The main difference is in the structure and variable naming, but the logic and approach are similar.""
   }",46
2014_0_2,27351,2014_0_2,41018,CLONE,2026-07-19 14:38:36," {
     ""answer"": ""YES-SIMILAR"",
     ""explanation"": ""Both code snippets are solving the same problem, which is a mathematical optimization problem. They are calculating the minimum time required to reach a certain distance (x) by either continuously traveling or buying a farm that increases the travel speed. The main difference is in the structure and variable naming, but the logic and approach are similar.""
   }",47
2014_0_2,27351,2014_0_2,110678,CLONE,2026-07-19 14:38:38," {
     ""answer"": ""YES-SIMILAR"",
     ""explanation"": ""Both code snippets are solving the same problem, which is to calculate the minimum time required to achieve a certain number of cookies (X) by either continuously producing cookies at a certain rate (initially 2 cookies/second) or buying a farm that increases the rate by a certain amount (F) and costs a certain amount (C). The main difference between the two snippets is the structure and variable naming, but the logic and approach are essentially the same.""
   }",48
2014_0_2,41018,2014_0_2,110678,CLONE,2026-07-19 14:38:39," {
     ""answer"": ""YES-SIMILAR"",
     ""explanation"": ""Both code snippets are solving the same problem, which is to calculate the minimum time required to achieve a certain number of cookies (goal) by buying farms that increase the cookie production rate. The main difference between the two snippets is the variable names and the structure of the loop, but the logic and the approach are the same.""
   }",49
2014_0_3,108079,2014_0_3,27551,CLONE,2026-07-19 14:38:43," {
     ""answer"": ""YES-SIMILAR"",
     ""explanation"": ""Both code snippets are solving the same problem, which is a game called Minesweeper. They both take the number of rows, columns, and mines as input and output a valid Minesweeper board configuration. They handle edge cases such as when the number of rows or columns is 1 or 2, and when the number of free cells is 2, 3, 5, or 7. They also handle the general case by placing mines in a zigzag pattern to",50
2014_0_3,108079,2014_0_3,99421,CLONE,2026-07-19 14:38:46," {
     ""answer"": ""YES-SIMILAR"",
     ""explanation"": ""Both code snippets are solving the same problem, which is a variant of the Minesweeper game. They both take in the number of rows, columns, and mines, and then attempt to place the mines and empty spaces in a way that the game is still winnable. The first code snippet uses a knapsack algorithm to determine if it's possible to place the empty spaces, while the second code snippet tries several strategies to place the empty spaces. While the approaches and implementations",51
2014_0_3,108079,2014_0_3,22792,CLONE,2026-07-19 14:38:53," {
     ""answer"": ""NO-NOT-SIMILAR"",
     ""explanation"": ""The two code snippets are not functionally similar. Code Snippet 1 is a solution for a Minesweeper game problem, which involves placing mines in a grid based on certain conditions. It uses a dynamic programming approach to solve the problem. Code Snippet 2 is also a solution for the same Minesweeper game problem, but it uses a different approach. It places mines in the grid by iteratively marking cells as mines based on certain conditions. The two approaches are not the same",52
2014_0_3,108079,2014_0_3,71973,CLONE,2026-07-19 14:38:55," {
     ""answer"": ""YES-SIMILAR"",
     ""explanation"": ""Both code snippets are solving the same problem, which is a Minesweeper-like game. They both read input for the game's dimensions and the number of mines, then generate a possible solution or determine if it's impossible. The main difference is in their approach: the first snippet uses a knapsack algorithm to distribute the safe spaces, while the second snippet uses a greedy algorithm to place the safe spaces. However, both approaches aim to achieve the same result: placing the",53
2014_0_3,27551,2014_0_3,99421,CLONE,2026-07-19 14:38:59," {
     ""answer"": ""NO-NOT-SIMILAR"",
     ""explanation"": ""The two code snippets are not functionally similar. While both snippets deal with generating a game field for a minesweeper-like game, they use different approaches to place the mines and the clickable cell. Code Snippet 1 uses a more straightforward approach, while Code Snippet 2 uses a more complex strategy involving threading and multiple comparators. Additionally, Code Snippet 2 has more error handling and logging, which Code Snippet 1 does not have. Therefore, although both",54
2014_0_3,27551,2014_0_3,22792,CLONE,2026-07-19 14:39:06," {
     ""answer"": ""YES-SIMILAR"",
     ""explanation"": ""Both code snippets are solving the same problem: generating a minesweeper game field with given dimensions and number of mines. They both read input, process it, and output the result. The main difference is in the implementation details, such as variable names, function names, and the order of operations. However, the core logic of both snippets is similar: they both place mines on the field, mark non-mine cells with the number of adjacent mines, and handle edge cases. Therefore, I believe",55
2014_0_3,27551,2014_0_3,71973,CLONE,2026-07-19 14:39:08," {
     ""answer"": ""YES-SIMILAR"",
     ""explanation"": ""Both code snippets are solving the same problem: generating a minefield configuration for a game. They both read input data from a file, process it, and write the output to another file. The main difference is in the approach to place the mines and the safe cells. However, the overall functionality and the end result are similar.""
   }",56
2014_0_3,99421,2014_0_3,22792,CLONE,2026-07-19 14:39:17," {
     ""answer"": ""NO-NOT-SIMILAR"",
     ""explanation"": ""The two code snippets are not functionally similar. While both snippets are solving a similar problem of placing mines in a grid, they use different approaches and algorithms to do so. The first snippet uses a thread pool to process multiple cases concurrently, while the second snippet processes them sequentially. Additionally, the first snippet uses various comparators to determine the next point to place a mine, while the second snippet uses a different strategy. Therefore, the two snippets are not",57
2014_0_3,99421,2014_0_3,71973,CLONE,2026-07-19 14:39:19," {
     ""answer"": ""YES-SIMILAR"",
     ""explanation"": ""Both code snippets are solving the same problem, which is a game-like scenario where the goal is to place a certain number of empty elements ('c' and '.') on a 2D grid while avoiding placing them on mines ('*'). The main difference is in the strategy used to place the empty elements. However, the overall functionality and purpose of the code is the same.""
   }",58
2014_0_3,22792,2014_0_3,71973,CLONE,2026-07-19 14:39:26," {
     ""answer"": ""YES-SIMILAR"",
     ""explanation"": ""Both code snippets are solving the same problem, which is a game called Minesweeper. The first code snippet is placing mines on a grid based on the input and then checking if it's possible to place all the mines according to the rules of the game. The second code snippet is also doing the same, but it's using a different approach to place the mines and check for possible placements. However, both snippets are achieving the same result, which is to determine if",59
2014_2_1,124976,2014_2_1,115332,CLONE,2026-07-19 14:39:28," {
     ""answer"": ""YES-SIMILAR"",
     ""explanation"": ""Both code snippets are solving the same problem, which is a game-theory problem. They both read input strings, analyze them, and determine a winner or a score based on the analysis. The main difference is in the implementation details, such as the structure of the loops and the way the strings are split and analyzed. However, the overall functionality and the problem they are solving are the same.""
   }",60
2014_2_1,124976,2014_2_1,119554,CLONE,2026-07-19 14:39:30," {
     ""answer"": ""YES-SIMILAR"",
     ""explanation"": ""Both code snippets are solving the same problem, which is to process a list of strings and determine a winner based on certain conditions. The first code snippet (Solve2014R1BA) reads the input, processes it, and calculates the result. The second code snippet (A) also reads the input, processes it, and calculates the result. The main difference between the two is the structure and the specific steps they take to accomplish the task. However, they both achieve",61
2014_2_1,124976,2014_2_1,126555,CLONE,2026-07-19 14:39:33," {
     ""answer"": ""YES-SIMILAR"",
     ""explanation"": ""Both code snippets are solving the same problem, which is to determine if a game is won by a player named Fegla or not. If Fegla wins, the output is 'Fegla Won'. Otherwise, the output is the minimum number of moves required to make all the strings in the input equal. The two code snippets achieve this in different ways, but they both follow a similar approach. The first code snippet uses a list to store the characters and their counts, while the",62
2014_2_1,124976,2014_2_1,125050,CLONE,2026-07-19 14:39:35," {
     ""answer"": ""YES-SIMILAR"",
     ""explanation"": ""Both code snippets are solving the same problem, which is a game-theory problem from a programming contest. They both read input strings, analyze the characters and their frequencies in the strings, and then determine the minimum number of moves required to make all strings equal or if it's impossible. The main difference is in the implementation details, such as the structure of the loops and the way the input is handled, but the overall logic and the approach to solve the problem are the same.""
   }",63
2014_2_1,115332,2014_2_1,119554,CLONE,2026-07-19 14:39:37," {
     ""answer"": ""YES-SIMILAR"",
     ""explanation"": ""Both code snippets are solving the same problem, which is to process a set of strings and calculate a certain value based on the occurrences of characters in each string. The first code snippet uses a matrix to store the occurrences and a separate function to find the minimum value, while the second code snippet uses a list of entities to store the occurrences and calculates the value directly in the solve function. However, the overall functionality and the approach to solve the problem are similar.""
",64
2014_2_1,115332,2014_2_1,126555,CLONE,2026-07-19 14:39:40," {
     ""answer"": ""YES-SIMILAR"",
     ""explanation"": ""Both code snippets are solving a similar problem. They are reading input strings, processing them to calculate a result, and then outputting the result. The first snippet is more complex, with additional features like handling errors and writing to a file, but the core functionality is similar. Both snippets are processing strings to calculate a minimum number of moves required to make all strings in a list have the same sequence of unique characters, with the same frequency. They are both using recursion and a brute force",65
2014_2_1,115332,2014_2_1,125050,CLONE,2026-07-19 14:39:42," {
     ""answer"": ""YES-SIMILAR"",
     ""explanation"": ""Both code snippets are solving the same problem, which is to process a set of strings and calculate a minimum number of moves required to make all strings have the same sequence of characters. The first code snippet uses a matrix to store the count of each character in each string, while the second code snippet uses a 2D array and a 1D array to store the same information. The main difference is in the implementation details, such as the way the input is read and the structure of the code",66
2014_2_1,119554,2014_2_1,126555,CLONE,2026-07-19 14:39:44," {
     ""answer"": ""YES-SIMILAR"",
     ""explanation"": ""Both code snippets are solving a similar problem: they are reading a list of strings from an input file, and they are checking if it's possible to make all strings equal by removing some characters from the beginning of each string. If it's possible, they are calculating the minimum number of moves required to make all strings equal. The main difference between the two code snippets is the approach they are using to solve the problem. However, the end result is the same, which makes them function",67
2014_2_1,119554,2014_2_1,125050,CLONE,2026-07-19 14:39:47," {
     ""answer"": ""YES-SIMILAR"",
     ""explanation"": ""Both code snippets are solving the same problem, which is to process a list of strings and calculate a certain value based on the frequency of characters in each string. The first code snippet uses a custom Entity class to store the character array and integer array for each string, while the second code snippet uses two 2D arrays to store the characters and their frequencies. However, the overall logic and approach of both code snippets are similar. They both read the input, process it, and output the",68
2014_2_1,126555,2014_2_1,125050,CLONE,2026-07-19 14:39:49," {
     ""answer"": ""YES-SIMILAR"",
     ""explanation"": ""Both code snippets are solving the same problem, which is to read a list of strings from an input source, process them, and output the result. The first code snippet uses Google Guava library for filtering and counting zero-length strings, while the second code snippet does not use any external libraries. However, the core logic of both code snippets is similar. They both process the input strings to extract unique characters and their counts, and then calculate the minimum number of moves required to make",69
2014_3_1,141827,2014_3_1,137264,CLONE,2026-07-19 14:39:52," {
     ""answer"": ""YES-SIMILAR"",
     ""explanation"": ""Both code snippets are solving the same problem, which is to determine the number of steps required to reach a certain fraction p/q, or determine if it's impossible. The first code snippet uses a binary search-like approach to find the number of steps, while the second code snippet uses a more direct approach by checking if p*2^j >= q for each j. However, both approaches are essentially trying to achieve the same result, which is to find the smallest j such that p",70
2014_3_1,141827,2014_3_1,138894,CLONE,2026-07-19 14:39:54," {
     ""answer"": ""YES-SIMILAR"",
     ""explanation"": ""Both code snippets are solving the same problem, which is to calculate the number of steps required to reach a certain fraction or determine if it's impossible. The first code snippet uses a binary search-like approach to subtract the largest possible fraction from the target fraction, while the second code snippet uses a more direct approach to divide the denominator by 2 until it reaches the target fraction or determines it's impossible. Although the approaches are different, they both achieve the same result and perform the",71
2014_3_1,141827,2014_3_1,136615,CLONE,2026-07-19 14:39:56," {
     ""answer"": ""YES-SIMILAR"",
     ""explanation"": ""Both code snippets are solving the same problem, which is to process input fractions and determine the number of generations required to reach a certain condition. The first code snippet (Code1C) uses a binary search-like approach to find the number of generations, while the second code snippet (PartElf) uses a more direct approach by repeatedly doubling the fraction until it meets the condition. Despite the difference in approach, both code snippets achieve the same result, which is to output the",72
2014_3_1,141827,2014_3_1,138529,CLONE,2026-07-19 14:39:58," {
     ""answer"": ""YES-SIMILAR"",
     ""explanation"": ""Both code snippets are solving the same problem for problem 'A' in a competition. They both read input, perform calculations, and write output. The first code snippet uses a binary search-like approach to find the number of steps required to reach a certain fraction, while the second code snippet uses bit shifting and a loop to perform a similar calculation. Although the approaches are different, they both achieve the same result, which is to determine the number of steps required to reach a certain fraction or if it",73
2014_3_1,137264,2014_3_1,138894,CLONE,2026-07-19 14:40:00," {
     ""answer"": ""YES-SIMILAR"",
     ""explanation"": ""Both code snippets are solving the same problem: they are reading a fraction P/Q from input, simplifying it, and then determining the smallest integer J such that P/Q >= 1/2^J. If no such J exists, they output 'impossible'. The first snippet calculates an array of powers of 2 and uses binary search to find the index of Q in this array. The second snippet calculates the value of Q/2^J directly in a loop.",74
2014_3_1,137264,2014_3_1,136615,CLONE,2026-07-19 14:40:02," {
     ""answer"": ""YES-SIMILAR"",
     ""explanation"": ""Both code snippets are solving a similar problem: they are reading a fraction P/Q from input, simplifying it, and then determining the smallest power of 2 that is greater than or equal to P/Q. If no such power of 2 exists, they output 'impossible'. The first code snippet does this by calculating an array of powers of 2 and using binary search to find the smallest power of 2 that is greater than or equal to Q. The second code snippet",75
2014_3_1,137264,2014_3_1,138529,CLONE,2026-07-19 14:40:04," {
     ""answer"": ""YES-SIMILAR"",
     ""explanation"": ""Both code snippets are solving the same problem, which is to determine the minimum number of flips required to convert a fraction p/q to a fraction with a denominator of a power of 2. The main difference between the two code snippets is the approach used to solve the problem. However, the overall functionality and the steps taken to achieve the result are similar. Both code snippets use the concept of the greatest common divisor (GCD) to simplify the fraction, and then",76
2014_3_1,138894,2014_3_1,136615,CLONE,2026-07-19 14:40:06," {
     ""answer"": ""YES-SIMILAR"",
     ""explanation"": ""Both code snippets are solving the same problem which is to determine if a fraction can be represented as a sum of fractions with denominator as a power of 2. If it can, find the minimum number of such fractions. If not, return 'impossible'. The first code snippet is using a loop to check and calculate the number of fractions, while the second code snippet is using a while loop and bitwise operations to achieve the same result. The main difference is in the structure",77
2014_3_1,138894,2014_3_1,138529,CLONE,2026-07-19 14:40:08," {
     ""answer"": ""YES-SIMILAR"",
     ""explanation"": ""Both code snippets are solving the same problem, which is to determine whether it's possible to reduce a given fraction P/Q to a fraction with the same value but with a denominator that is a power of 2. If it's possible, the code snippets calculate the number of steps required to do so. The main difference between the two code snippets is the approach used to solve the problem. However, the underlying logic and the steps taken to solve the problem are similar.""",78
2014_3_1,136615,2014_3_1,138529,CLONE,2026-07-19 14:40:10," {
     ""answer"": ""YES-SIMILAR"",
     ""explanation"": ""Both code snippets are solving the same problem, which is to determine the number of generations required for a fraction to become greater than or equal to 1, or to determine if it's impossible. They both read input from a file, process it, and write output to a file. The main difference is in the implementation details such as variable names, structure, and the specific steps they take to calculate the number of generations. However, the overall functionality and the problem they are solving are the same.""
",79
2015_0_1,79967,2015_0_1,35102,CLONE,2026-07-19 14:40:12," {
     ""answer"": ""YES-SIMILAR"",
     ""explanation"": ""Both code snippets are solving the same problem: calculating the minimum number of friends required to help people stand up in a row based on their shyness level. They both read input data, process it, and write the output. The main difference is in the structure and variable naming, but the logic and steps to solve the problem are essentially the same.""
   }",80
2015_0_1,79967,2015_0_1,68106,CLONE,2026-07-19 14:40:13," {
     ""answer"": ""YES-SIMILAR"",
     ""explanation"": ""Both code snippets are solving the same problem, which is about calculating the number of new stands that need to be added to accommodate all the audience members based on their standing preferences. They both read input data, process it, and output the result. The main difference is in the variable names and the structure of the loops, but the logic and the steps to solve the problem are essentially the same.""
   }",81
2015_0_1,79967,2015_0_1,65869,CLONE,2026-07-19 14:40:14," {
     ""answer"": ""YES-SIMILAR"",
     ""explanation"": ""Both code snippets are solving the same problem, which is to calculate the number of additional stands needed for each test case in a Google Code Jam problem. They both read input from a file, process it, and write the output to a file. The main difference is in the structure and variable names, but the logic and steps to solve the problem are essentially the same.""
   }",82
2015_0_1,79967,2015_0_1,46754,CLONE,2026-07-19 14:40:16," {
     ""answer"": ""YES-SIMILAR"",
     ""explanation"": ""Both code snippets are solving the same problem: determining the minimum number of friends that need to be invited to a stage show such that each audience member has at least as many friends standing in front of them as their shyness level. The main difference is in the structure and variable names, but the logic and steps are essentially the same.""
   }",83
2015_0_1,35102,2015_0_1,68106,CLONE,2026-07-19 14:40:17," {
     ""answer"": ""YES-SIMILAR"",
     ""explanation"": ""Both code snippets are solving the same problem, which is to calculate the minimum number of friends required to help people stand up in a row based on their shyness level. They both read input data, process it, and output the result. The main difference is in variable naming and structure, but the logic and algorithm used are essentially the same.""
   }",84
2015_0_1,35102,2015_0_1,65869,CLONE,2026-07-19 14:40:19," {
     ""answer"": ""YES-SIMILAR"",
     ""explanation"": ""Both code snippets are solving the same problem: calculating the minimum number of friends required to help people stand up in a row based on their shyness levels. They both read input from a file, process it, and write the output to another file. The main difference is in the structure and variable naming, but the logic and steps to solve the problem are essentially the same.""
   }",85
2015_0_1,35102,2015_0_1,46754,CLONE,2026-07-19 14:40:20," {
     ""answer"": ""YES-SIMILAR"",
     ""explanation"": ""Both code snippets are solving the same problem: determining the minimum number of friends needed to be invited to a standing ovation. They both read input data, process it, and write output data. The main difference is in the structure and variable names, but the logic and steps to solve the problem are essentially the same.""
   }",86
2015_0_1,68106,2015_0_1,65869,CLONE,2026-07-19 14:40:22," {
     ""answer"": ""YES-SIMILAR"",
     ""explanation"": ""Both code snippets are solving the same problem, which is to calculate the number of newbs (additional standing points) needed for a given input string of digits. They both read input from a file, process it, and write the output to another file. The main difference is in the structure and variable names, but the logic and the steps to solve the problem are essentially the same.""
   }",87
2015_0_1,68106,2015_0_1,46754,CLONE,2026-07-19 14:40:23," {
     ""answer"": ""YES-SIMILAR"",
     ""explanation"": ""Both code snippets are solving the same problem: they read an input file with a number of test cases, each containing a number N and a string S of length N. They then calculate a value 'newbs' for each test case, which represents the number of new people that need to be added to the audience to make sure that the sum of the number of people standing up at each position is greater than or equal to that position. The calculation is done in a similar way in both snippets,",88
2015_0_1,65869,2015_0_1,46754,CLONE,2026-07-19 14:40:25," {
     ""answer"": ""YES-SIMILAR"",
     ""explanation"": ""Both code snippets are solving the same problem, which is to calculate the minimum number of additional shyness levels needed to make sure every audience member in a row is at least as shyness level as their position in the row. They both read input from a file, process it, and write the output to another file. The main difference is in the structure and syntax of the code, but the logic and the steps to solve the problem are the same.""
   }",89
2015_0_2,34257,2015_0_2,32722,CLONE,2026-07-19 14:40:27," {
     ""answer"": ""YES-SIMILAR"",
     ""explanation"": ""Both code snippets are solving the same problem: the Infinite House of Pancakes problem from Google Code Jam 2016. They both read input data, process it, and output the result. The first code snippet uses a PriorityQueue and a custom Pancake class to solve the problem, while the second code snippet uses a simple array and nested loops. However, they both aim to find the minimum number of moves required to eat all the pancakes, where a move",90
2015_0_2,34257,2015_0_2,77145,CLONE,2026-07-19 14:40:29," {
     ""answer"": ""YES-SIMILAR"",
     ""explanation"": ""Both code snippets are solving a similar problem which involves reading input data, processing it, and outputting the result. The first code snippet is reading pancake sizes from a file, sorting them in descending order, and then trying to minimize the number of cuts needed to divide the pancakes into equal parts. The second code snippet is also reading input data, but it's reading the number of people and their respective pancake sizes. It then finds the maximum pancake",91
2015_0_2,34257,2015_0_2,72707,CLONE,2026-07-19 14:40:31," {
     ""answer"": ""YES-SIMILAR"",
     ""explanation"": ""Both code snippets are solving a similar problem which involves reading input, processing it, and outputting a result. The first code snippet is reading a number of test cases and for each test case, it reads a number of pancakes' sizes and then solves the problem by using a priority queue to store the pancakes and a recursive function to find the minimum number of cuts needed. The second code snippet is also reading a number of test cases and for each test case, it reads",92
2015_0_2,34257,2015_0_2,68668,CLONE,2026-07-19 14:40:32," {
     ""answer"": ""YES-SIMILAR"",
     ""explanation"": ""Both code snippets are solving the same problem, which is to minimize the number of cuts needed to divide a set of pancakes into equal parts. The first snippet uses a priority queue to store the pancakes and a recursive approach to cut the pancakes. The second snippet uses a simple loop to iterate through all possible cut sizes and calculates the number of cuts needed for each size. Although the approaches are different, they both aim to achieve the same result.""
   }",93
2015_0_2,32722,2015_0_2,77145,CLONE,2026-07-19 14:40:34," {
     ""answer"": ""YES-SIMILAR"",
     ""explanation"": ""Both code snippets are solving the same problem, which is to find the minimum number of steps required to eat all the pancakes in a group. The first code snippet reads input from a file and writes output to a file, while the second code snippet reads input from standard input and writes output to standard output. However, the core logic of the two code snippets is similar. Both snippets iterate through a range of possible division sizes and calculate the number of divisions required for each",94
2015_0_2,32722,2015_0_2,72707,CLONE,2026-07-19 14:40:36," {
     ""answer"": ""YES-SIMILAR"",
     ""explanation"": ""Both code snippets are solving the same problem, which is to find the minimum number of operations required to make all the pancakes equal in size. The first code snippet is reading input from a file and writing output to a file, while the second code snippet is reading input from standard input and writing output to standard output. Apart from that, the logic and approach used in both code snippets are similar. They both use a priority queue to store the number of pancakes each diner",95
2015_0_2,32722,2015_0_2,68668,CLONE,2026-07-19 14:40:37," {
     ""answer"": ""YES-SIMILAR"",
     ""explanation"": ""Both code snippets are solving the same problem, which is to find the minimum number of steps required to eat all the pancakes in a set. The first code snippet reads input from a file and writes output to a file, while the second code snippet reads input from standard input and writes output to standard output. However, the core logic of the two code snippets is similar. Both snippets iterate through a range of possible division sizes and calculate the number of steps required to eat",96
2015_0_2,77145,2015_0_2,72707,CLONE,2026-07-19 14:40:39," {
     ""answer"": ""YES-SIMILAR"",
     ""explanation"": ""Both code snippets are solving the same problem, which is to find the minimum number of chocolates needed to be distributed among a group of people such that each person gets at least one chocolate and the difference between the maximum and minimum number of chocolates is minimized. The first code snippet is using a loop to iterate through each group of people and calculate the minimum number of chocolates needed. The second code snippet is using a priority queue to store the number of chocolates each",97
2015_0_2,77145,2015_0_2,68668,CLONE,2026-07-19 14:40:41," {
    ""answer"": ""YES-SIMILAR"",
    ""explanation"": ""Both code snippets are solving the same problem, which is to find the minimum number of cuts needed to divide a set of pancakes into equal parts. They both use a similar approach of iterating through possible number of cuts and calculating the total number of cuts needed for each iteration. The main difference is in the structure and variable names used, but the functionality is the same.""
   }",98
2015_0_2,72707,2015_0_2,68668,CLONE,2026-07-19 14:40:42," {
     ""answer"": ""YES-SIMILAR"",
     ""explanation"": ""Both code snippets are solving a similar problem. They are reading input values, performing some calculations based on those inputs, and outputting a result. The main difference is in the implementation details. However, the core functionality of both snippets is to find the minimum number of cuts needed to divide pancakes into equal parts for each test case. Therefore, they are functionally similar.""
   }",99
2015_0_3,74464,2015_0_3,88073,CLONE,2026-07-19 14:40:46," {
     ""answer"": ""NO-NOT-SIMILAR"",
     ""explanation"": ""The two code snippets are not functionally similar. Code Snippet 1 is a solution for a problem that involves complex calculations and checks based on the input string and a given number X. It uses a multiplication table and checks for specific conditions to determine if a solution exists. Code Snippet 2, on the other hand, is a solution for a problem that involves evaluating an expression and checking if it meets certain conditions based on a given number X. It uses a different approach to evaluate the expression",100
2015_0_3,74464,2015_0_3,21597,CLONE,2026-07-19 14:40:48," {
    ""answer"": ""NO-NOT-SIMILAR"",
    ""explanation"": ""The two code snippets are not functionally similar. Code Snippet 1 is a solution to a problem that involves multiplication and checking conditions based on the results of those multiplications. It uses a table to store the results of multiplications and checks conditions based on the values in this table. Code Snippet 2, on the other hand, is a solution to a different problem that involves string manipulation and checking conditions based on the results of those manipulations. It uses a table to store the results",101
2015_0_3,74464,2015_0_3,62582,CLONE,2026-07-19 14:40:51," {
     ""answer"": ""YES-SIMILAR"",
     ""explanation"": ""Both code snippets are solving a similar problem, which is to determine if a given string of characters, where each character is replaced by a specific number, can be multiplied in a certain way to result in a specific number X. The first code snippet uses a more complex approach with a multiplication table and checks for certain conditions, while the second code snippet uses a simpler approach with a multiplication function that handles the multiplication logic. However, both approaches are fundamentally similar in that they are checking",102
2015_0_3,74464,2015_0_3,107238,CLONE,2026-07-19 14:40:53," {
     ""answer"": ""YES-SIMILAR"",
     ""explanation"": ""Both code snippets are solving the same problem, which is to determine if a given string can be divided into three parts such that the product of the characters in each part is 'i', 'j', and 'k' respectively. The first code snippet uses a more complex approach with nested loops and conditional statements to check all possible divisions of the string, while the second code snippet uses a simpler approach with a single loop to find the first occurrence of 'i' and 'j' in the",103
2015_0_3,88073,2015_0_3,21597,CLONE,2026-07-19 14:40:56," {
     ""answer"": ""YES-SIMILAR"",
     ""explanation"": ""Both code snippets are solving the same problem, which is to evaluate an expression consisting of characters 'i', 'j', and 'k' based on certain rules. The first code snippet uses a more procedural approach with multiple functions, while the second code snippet uses a more object-oriented approach with a class and methods. However, the underlying logic and the problem they are solving are the same.""
   }",104
2015_0_3,88073,2015_0_3,62582,CLONE,2026-07-19 14:40:58," {
     ""answer"": ""YES-SIMILAR"",
     ""explanation"": ""Both code snippets are solving a similar problem related to evaluating expressions containing 'i', 'j', and 'k' characters. The first snippet is using a more verbose and detailed approach, while the second snippet is using a more concise and optimized approach. However, both snippets are essentially performing the same task: evaluating an expression under certain conditions and determining if the result meets specific criteria.""
   }",105
2015_0_3,88073,2015_0_3,107238,CLONE,2026-07-19 14:41:00," {
     ""answer"": ""YES-SIMILAR"",
     ""explanation"": ""Both code snippets are solving a similar problem related to evaluating expressions containing 'i', 'j', and 'k' characters. The first code snippet is using a more iterative approach to evaluate the expression, while the second code snippet is using a more mathematical approach with a lookup table for multiplication of the characters. However, both approaches are trying to determine if the final result of the expression after a certain number of iterations is '0' and if the sign of the result is negative.",106
2015_0_3,21597,2015_0_3,62582,CLONE,2026-07-19 14:41:03," {
     ""answer"": ""YES-SIMILAR"",
     ""explanation"": ""Both code snippets are solving the same problem, which is a variant of the Dijkstra algorithm. The first code snippet is reading input from a file and processing it, while the second code snippet is reading input from the standard input. However, the core logic of both code snippets is similar. They both use a multiplication table to perform calculations on the input string and determine if it is possible to split the string into three parts that multiply to a specific value. The main difference between",107
2015_0_3,21597,2015_0_3,107238,CLONE,2026-07-19 14:41:05," {
     ""answer"": ""YES-SIMILAR"",
     ""explanation"": ""Both code snippets are solving the same problem, which is to determine whether a given string can be divided into three parts such that the product of the parts is 'k'. The first code snippet uses a multiplication table and a function to calculate the product of two elements. The second code snippet also uses a multiplication table and a function to calculate the product of two elements. The main difference is that the second code snippet uses a more optimized approach to find the positions of 'i' and",108
2015_0_3,62582,2015_0_3,107238,CLONE,2026-07-19 14:41:08," {
     ""answer"": ""YES-SIMILAR"",
     ""explanation"": ""Both code snippets are solving a similar problem related to mathematical operations on strings. The first code snippet is replacing characters 'i', 'j', and 'k' with '2', '3', and '4' respectively, and then performing some mathematical operations to check if the final result is '1'. The second code snippet is also performing mathematical operations on a string, but it is checking for the presence of 'i', 'j', and 'k' in the string and their positions to determine",109
2015_0_4,107149,2015_0_4,96734,CLONE,2026-07-19 14:41:10," {
     ""answer"": ""YES-SIMILAR"",
     ""explanation"": ""Both code snippets are solving the same problem, which is a game theory problem. They are determining a winner (RICHARD or GABRIEL) based on the values of x, r, and c. The logic to determine the winner is similar in both snippets. The first snippet uses if-else statements to check the conditions and determine the winner, while the second snippet uses a helper function doTestCase() to determine the winner. However, the logic inside the helper function is",110
2015_0_4,107149,2015_0_4,79014,CLONE,2026-07-19 14:41:11," {
     ""answer"": ""YES-SIMILAR"",
     ""explanation"": ""Both code snippets are solving the same problem, which is a game theory problem. They are determining the winner of a game based on the dimensions of a grid and the size of a shape (X). If the total number of cells in the grid is not divisible by X, Richard can win. Otherwise, the code checks specific conditions for each value of X to determine if Richard can win. The conditions are slightly different in each snippet, but they are checking the same fundamental concept: whether the dimensions of",111
2015_0_4,107149,2015_0_4,21673,CLONE,2026-07-19 14:41:13," {
     ""answer"": ""YES-SIMILAR"",
     ""explanation"": ""Both code snippets are solving the same problem, which is a game theory problem. They are reading input values for the number of cases, the size of the grid (R and C), and the number of players (N). Then, they are determining the winner of the game based on certain conditions. If the conditions are met, the winner is 'GABRIEL', otherwise, the winner is 'RICHARD'. The main difference between the two code snippets is the structure and the way",112
2015_0_4,107149,2015_0_4,77477,CLONE,2026-07-19 14:41:15," {
     ""answer"": ""YES-SIMILAR"",
     ""explanation"": ""Both code snippets are solving a similar problem: determining a winner based on the values of x, r, and c. The first code snippet uses a series of if-else statements to determine the winner, while the second code snippet uses a switch-like structure with nested if-else statements. However, the logic and conditions used to determine the winner are the same in both snippets. Therefore, they are functionally similar.""
   }",113
2015_0_4,96734,2015_0_4,79014,CLONE,2026-07-19 14:41:17," {
    ""answer"": ""YES-SIMILAR"",
    ""explanation"": ""Both code snippets are solving the same problem: determining whether Richard or Gabriel can win a game based on the input values of X, R, and C. They both read input values, perform calculations based on these values, and return a winner based on the results of these calculations. The main differences are in syntax, structure, and variable naming, but the logic and the decisions made based on the input values are essentially the same.""
   }",114
2015_0_4,96734,2015_0_4,21673,CLONE,2026-07-19 14:41:18," {
     ""answer"": ""YES-SIMILAR"",
     ""explanation"": ""Both code snippets are solving the same problem: determining the winner in a game based on the input values of X, R, and C. They both read input values, perform calculations based on these values, and output the winner based on the calculations. Although the specific steps and structures of the two code snippets are different, they both achieve the same result.""
   }",115
2015_0_4,96734,2015_0_4,77477,CLONE,2026-07-19 14:41:20," {
     ""answer"": ""YES-SIMILAR"",
     ""explanation"": ""Both code snippets are solving the same problem, which is to determine a winner based on the input values of x, r, and c. They both read input values, perform calculations based on those values, and output a result. The main difference is in the structure and syntax of the code, but the logic and the steps to achieve the result are similar.""
   }",116
2015_0_4,79014,2015_0_4,21673,CLONE,2026-07-19 14:41:21," {
     ""answer"": ""YES-SIMILAR"",
     ""explanation"": ""Both code snippets are solving the same problem: determining whether a player, Richard or Gabriel, can win a game based on the input values of X, R, and C. The main difference is in the structure and naming of functions, but the logic and conditions used to determine the winner are essentially the same.""
   }",117
2015_0_4,79014,2015_0_4,77477,CLONE,2026-07-19 14:41:23," {
     ""answer"": ""YES-SIMILAR"",
     ""explanation"": ""Both code snippets are solving the same problem, which is to determine the winner in a game based on the input values of X, R, and C. The main difference is in the structure and syntax, but the logic and the steps to determine the winner are essentially the same. Both snippets use a similar approach to check if the area (R*C) divides evenly into X, and then use a switch-case statement or if-else conditions to determine the winner based on the values",118
2015_0_4,21673,2015_0_4,77477,CLONE,2026-07-19 14:41:25," {
     ""answer"": ""YES-SIMILAR"",
     ""explanation"": ""Both code snippets are solving the same problem, which is a game strategy problem. They both read input data, process it, and output the result based on certain conditions. The main difference is in the structure and syntax. However, the logic and the conditions under which 'GABRIEL' wins are the same in both snippets. Therefore, they are functionally similar.""
   }",119
2015_1_1,127730,2015_1_1,114491,CLONE,2026-07-19 14:41:27," {
     ""answer"": ""YES-SIMILAR"",
     ""explanation"": ""Both code snippets are solving the same problem: they read a number of test cases, and for each test case, they read an array of integers. They then calculate two values: the total difference between each pair of consecutive elements in the array that are out of order (i.e., the current element is greater than the next element), and the minimum number of elements that need to be removed from the array such that the remaining elements are in non-decreasing order, with the removal rate being",120
2015_1_1,127730,2015_1_1,125935,CLONE,2026-07-19 14:41:29," {
     ""answer"": ""YES-SIMILAR"",
     ""explanation"": ""Both code snippets are solving the same problem. They read input data, process it in two different ways (solve1 and solve2 in the first snippet, and the calculation of x and y in the second snippet), and output the results. The first snippet calculates the total difference between decreasing elements in the array and the maximum difference between any two consecutive elements. The second snippet calculates the same total difference (x) and a different value (y) which is the sum of",121
2015_1_1,127730,2015_1_1,124925,CLONE,2026-07-19 14:41:31," {
     ""answer"": ""YES-SIMILAR"",
     ""explanation"": ""Both code snippets are solving the same problem: they read a number of test cases, and for each test case, they read a list of integers. The first function, solve1, calculates the total amount of food that needs to be removed from the previous plates to make them equal or less than the current plate. The second function, solve2, calculates the minimum amount of food that needs to be eaten from all plates except the one with the maximum difference. Both functions are used in the main",122
2015_1_1,127730,2015_1_1,115055,CLONE,2026-07-19 14:41:33," {
     ""answer"": ""YES-SIMILAR"",
     ""explanation"": ""Both code snippets are solving the same problem, which is to read a file containing a number of test cases. For each test case, it reads a line of integers, calculates two values (res1 and res2 or eatAny and eatConst) based on these integers, and then prints the case number and the two calculated values. The calculation of res1 and eatAny is the same, which is the sum of the differences between each pair of consecutive integers where the previous integer is greater",123
2015_1_1,114491,2015_1_1,125935,CLONE,2026-07-19 14:41:35," {
     ""answer"": ""YES-SIMILAR"",
     ""explanation"": ""Both code snippets are solving the same problem: they are reading a number of test cases, and for each test case, they are reading an array of integers. They then calculate two values: the first value is the sum of the differences between each pair of consecutive elements in the array if the current element is greater than the next one. The second value is the sum of the minimum values between the rate (maximum difference between consecutive elements) and each element in the array. The main difference between the two",124
2015_1_1,114491,2015_1_1,124925,CLONE,2026-07-19 14:41:36," {
    ""answer"": ""YES-SIMILAR"",
    ""explanation"": ""Both code snippets are solving the same problem which is to calculate two values (y and z or result1 and result2) based on an array of integers (m or plates). The first value is the sum of differences between the current and the next element in the array if the current element is greater. The second value is the sum of the minimum of the current element and a calculated rate (maximum difference between two consecutive elements) if the current element minus the rate is less than 0,",125
2015_1_1,114491,2015_1_1,115055,CLONE,2026-07-19 14:41:38," {
     ""answer"": ""YES-SIMILAR"",
     ""explanation"": ""Both code snippets are solving the same problem: they read a number of test cases, for each test case they read a number of mushroom heights, and then calculate two values: the total number of mushrooms that can be eaten at any rate (eatAny) and the total number of mushrooms that can be eaten at a constant rate (eatConst). The main difference between the two snippets is the structure and syntax, but the logic and the steps to calculate the values are the",126
2015_1_1,125935,2015_1_1,124925,CLONE,2026-07-19 14:41:40," {
     ""answer"": ""YES-SIMILAR"",
     ""explanation"": ""Both code snippets are solving a similar problem: they are processing an array of integers and calculating two values based on the differences between consecutive elements. The first value is the sum of the positive differences between consecutive elements (representing the total amount of adjustment needed to make all elements non-decreasing), and the second value is the sum of the minimum of each element and the maximum difference between consecutive elements (representing the total amount of adjustment needed to make all elements equal to the",127
2015_1_1,125935,2015_1_1,115055,CLONE,2026-07-19 14:41:42," {
     ""answer"": ""YES-SIMILAR"",
     ""explanation"": ""Both code snippets are solving the same problem: given a sequence of numbers representing the height of mushrooms, calculate two values: the total number of mushrooms that can be eaten at any rate (eatAny) and the total number of mushrooms that can be eaten at a constant rate (eatConst). The first code snippet is more complex due to its use of custom utility classes and methods, but it performs the same calculations and achieves the same result as the second code snippet.""
",128
2015_1_1,124925,2015_1_1,115055,CLONE,2026-07-19 14:41:44," {
     ""answer"": ""YES-SIMILAR"",
     ""explanation"": ""Both code snippets are solving the same problem, which is to calculate two types of total eaten mushrooms based on an array of mushroom heights. The first code snippet calculates the total difference between the current mushroom and the previous one, while the second code snippet calculates the difference between consecutive mushrooms. Both snippets then use these differences to calculate the total eaten mushrooms in two different ways. Therefore, they are functionally similar.""
   }",129
2016_0_1,60475,2016_0_1,69477,CLONE,2026-07-19 14:41:46," {
     ""answer"": ""YES-SIMILAR"",
     ""explanation"": ""Both code snippets are solving the same problem: finding the smallest number that produces all digits (0-9) when multiplied by a given number. They both use a similar approach: iteratively multiply the given number by increasing integers and check if all digits (0-9) have been produced. If all digits have been produced, they print the result. If the given number is 0, they print 'INSOMNIA'. The main difference between the two snippets",130
2016_0_1,60475,2016_0_1,123558,CLONE,2026-07-19 14:41:48," {
     ""answer"": ""YES-SIMILAR"",
     ""explanation"": ""Both code snippets are solving the same problem, which is to find the smallest number that produces all digits (0-9) when multiplied by a given number. If the given number is 0, the output is 'INSOMNIA'. The main difference between the two snippets is the structure and the variable names used, but the logic and the approach are similar.""
   }",131
2016_0_1,60475,2016_0_1,55901,CLONE,2026-07-19 14:41:50," {
     ""answer"": ""YES-SIMILAR"",
     ""explanation"": ""Both code snippets are solving the same problem, which is to find the smallest number N that is a multiple of a given number such that all digits from 0 to 9 have appeared in at least one of the numbers from 1 to N. If no such number exists, the program should output 'INSOMNIA'. The first code snippet uses a boolean array to keep track of the digits that have appeared, while the second code snippet uses a boolean array and a counter to keep",132
2016_0_1,60475,2016_0_1,72044,CLONE,2026-07-19 14:41:52," {
     ""answer"": ""YES-SIMILAR"",
     ""explanation"": ""Both code snippets are solving the same problem: finding the smallest number that contains all digits from 0 to 9 when multiplied by a given number. They both read input from a file, process it, and write output to a file. They both handle the case where the input is 0. They both use a loop to find the smallest number that contains all digits from 0 to 9. They both use a data structure (array in the first snippet, set in the second",133
2016_0_1,69477,2016_0_1,123558,CLONE,2026-07-19 14:41:54," {
     ""answer"": ""YES-SIMILAR"",
     ""explanation"": ""Both code snippets are solving the same problem, which is to find the smallest number N such that the digits 0-9 each occur at least once in the decimal representation of N * input number. If no such N exists, the program should output 'INSOMNIA'. The first code snippet reads input from standard input and writes output to standard output, while the second code snippet reads input from a file and writes output to standard output. The main logic of the two programs is similar,",134
2016_0_1,69477,2016_0_1,55901,CLONE,2026-07-19 14:41:55," {
     ""answer"": ""YES-SIMILAR"",
     ""explanation"": ""Both code snippets are solving the same problem: finding the smallest number that contains all digits from 0 to 9 when multiplied by a given number. They both read input, perform calculations, and output the result. Although they have different structures and syntax, they achieve the same goal and perform the same task.""
   }",135
2016_0_1,69477,2016_0_1,72044,CLONE,2026-07-19 14:41:57," {
     ""answer"": ""YES-SIMILAR"",
     ""explanation"": ""Both code snippets are solving the same problem, which is to find the smallest number N that contains all digits (0-9) when N is a multiple of a given number. The first code snippet uses a loop to iterate through multiples of the given number and checks each digit to see if it has been encountered before. The second code snippet uses a similar approach but uses a set to store the unique digits encountered. Both code snippets handle the case where the input is ",136
2016_0_1,123558,2016_0_1,55901,CLONE,2026-07-19 14:41:59," {
     ""answer"": ""YES-SIMILAR"",
     ""explanation"": ""Both code snippets are solving the same problem, which is to find the smallest number that contains all digits from 0 to 9 when multiplied by a given number. The first code snippet reads the input from a file and uses a while loop to iterate through multiples of the input number until all digits are found. The second code snippet reads the input from a file and uses a similar approach, but it uses a boolean array to keep track of the digits found and a while",137
2016_0_1,123558,2016_0_1,72044,CLONE,2026-07-19 14:42:01," {
     ""answer"": ""YES-SIMILAR"",
     ""explanation"": ""Both code snippets are solving the same problem: counting sheep. They both read a number from an input file, calculate a series of numbers based on that input, and check each number in the series to see if it contains all digits from 0 to 9. If it does, they print the number. If not, they continue to the next number in the series. If no number in the series contains all digits, they print 'INSOMNIA'. The main difference between the two sn",138
2016_0_1,55901,2016_0_1,72044,CLONE,2026-07-19 14:42:03," {
     ""answer"": ""YES-SIMILAR"",
     ""explanation"": ""Both code snippets are solving the same problem, which is to find the smallest number that contains all digits from 0 to 9 when multiplied by a certain number. The main difference between the two is the structure and the specific steps they take to accomplish this task. However, the overall functionality and the approach used are similar.""
   }",139
2016_0_2,68074,2016_0_2,150691,CLONE,2026-07-19 14:42:05," {
     ""answer"": ""YES-SIMILAR"",
     ""explanation"": ""Both code snippets are solving the same problem, which is to determine the minimum number of flips required to arrange a sequence of '+' and '-' characters in a specific order. The first code snippet iterates through the sequence from the end to the beginning, while the second code snippet iterates from the end to the beginning as well. Both snippets keep track of the current character to compare and flip the character when necessary. The main difference is in the handling of the input and output,",140
2016_0_2,68074,2016_0_2,125812,CLONE,2026-07-19 14:42:07," {
     ""answer"": ""YES-SIMILAR"",
     ""explanation"": ""Both code snippets are solving the same problem, which is to determine the minimum number of flips required to make all pancakes happy (i.e., all '+') in a given sequence of pancakes. The first code snippet iterates through the sequence from the end to the beginning, while the second code snippet iterates through the sequence from the beginning to the end. However, the logic and approach of both code snippets are similar. They both use a variable to keep",141
2016_0_2,68074,2016_0_2,88861,CLONE,2026-07-19 14:42:08," {
     ""answer"": ""YES-SIMILAR"",
     ""explanation"": ""Both code snippets are solving the same problem, which is to count the minimum number of flips required to arrange all pancakes in the same side. The first code snippet uses a character comparison approach, while the second code snippet uses a character comparison and a flip counter. However, both approaches are essentially the same, as they both iterate through the string of pancakes and flip the current character when it differs from the previous one. The final flip count is then printed out for each",142
2016_0_2,68074,2016_0_2,162423,CLONE,2026-07-19 14:42:10," {
     ""answer"": ""YES-SIMILAR"",
     ""explanation"": ""Both code snippets are solving the same problem: counting the minimum number of flips required to arrange all pancakes in the same side. The first snippet uses a loop to iterate through the string from the end to the beginning, comparing each character with a 'compareChar' variable and flipping it if necessary. The second snippet uses a loop to iterate through the string from the beginning to the end, comparing each character with the previous one and incrementing a 'count' variable if they",143
2016_0_2,150691,2016_0_2,125812,CLONE,2026-07-19 14:42:12," {
     ""answer"": ""YES-SIMILAR"",
     ""explanation"": ""Both code snippets are solving the same problem: given a sequence of '+' and '-' characters, find the minimum number of swaps required to make all characters the same. The first code snippet is iterating through the sequence from the end, swapping characters as necessary, while the second code snippet is iterating through the sequence from the start, counting the number of swaps required. However, both approaches are essentially doing the same thing: finding the minimum number of swaps to make all characters",144
2016_0_2,150691,2016_0_2,88861,CLONE,2026-07-19 14:42:14," {
     ""answer"": ""YES-SIMILAR"",
     ""explanation"": ""Both code snippets are solving the same problem, which is to count the minimum number of flips required to make all characters in a string the same. The first code snippet is more complex, using an array to store the characters and performing swaps when necessary. The second code snippet is simpler, using a single character variable to keep track of the current character and incrementing a flip counter when the current character changes. However, both code snippets achieve the same result and perform the same task.""",145
2016_0_2,150691,2016_0_2,162423,CLONE,2026-07-19 14:42:15," {
     ""answer"": ""YES-SIMILAR"",
     ""explanation"": ""Both code snippets are solving the same problem: counting the minimum number of flips required to make all pancakes happy. The first code snippet (GCJ2016B) reads a sequence of '+' and '-' characters, where '+' represents a happy pancake and '-' represents an unhappy pancake. It then iterates through the sequence, counting the number of flips required to make all pancakes happy. The second code snippet (revengep",146
2016_0_2,125812,2016_0_2,88861,CLONE,2026-07-19 14:42:17," {
     ""answer"": ""YES-SIMILAR"",
     ""explanation"": ""Both code snippets are solving the same problem: given a string of '+' and '-' characters, the task is to find the minimum number of swaps required to make all characters the same. The first snippet is reading input from a file and writing output to a file, while the second snippet is reading input from standard input and writing output to standard output. However, the core logic of both snippets is the same: they iterate through the string, counting the number of times the current",147
2016_0_2,125812,2016_0_2,162423,CLONE,2026-07-19 14:42:19," {
     ""answer"": ""YES-SIMILAR"",
     ""explanation"": ""Both code snippets are solving the same problem, which is to count the minimum number of swaps required to make all pancakes in a stack happy (or '+' in the given context). The first code snippet is using a while loop to iterate through the stack of pancakes, counting the number of swaps required to make all pancakes happy. The second code snippet is using a for loop to iterate through the stack of pancakes, counting the number of swaps",148
2016_0_2,88861,2016_0_2,162423,CLONE,2026-07-19 14:42:21," {
     ""answer"": ""YES-SIMILAR"",
     ""explanation"": ""Both code snippets are solving the same problem: they are counting the number of flips required to make all characters in a string the same. The first snippet uses a loop to iterate through the string and checks if the current character is different from the previous one. If it is, it increments a counter. At the end, it checks if the last character is '-' and increments the counter if it is. The second snippet also uses a loop to iterate through the string, but",149
2016_0_4,100472,2016_0_4,129913,CLONE,2026-07-19 14:42:23," {
     ""answer"": ""YES-SIMILAR"",
     ""explanation"": ""Both code snippets are solving the same problem, which is a Google Code Jam problem. They both take three inputs: K, C, and S. If C*S < K, they both print 'IMPOSSIBLE'. Otherwise, they both calculate and print a sequence of numbers based on the input values. The main difference is in the calculation method and the structure of the code, but the overall functionality is the same.""
   }",150
2016_0_4,100472,2016_0_4,58218,CLONE,2026-07-19 14:42:25," {
    ""answer"": ""YES-SIMILAR"",
    ""explanation"": ""Both code snippets are solving the same problem, which is a Google Code Jam problem. They both read input values for K, C, and S, and then perform calculations based on these values to determine a solution. If the solution is impossible, they both print 'IMPOSSIBLE'. Otherwise, they calculate and print a sequence of numbers. The main difference between the two snippets is the structure and the specific steps they take to calculate the solution, but they both achieve the same result.""
",151
2016_0_4,100472,2016_0_4,63729,CLONE,2026-07-19 14:42:27," {
     ""answer"": ""YES-SIMILAR"",
     ""explanation"": ""Both code snippets are solving the same problem, which is a Google Code Jam problem. They both take three inputs: K, C, and S. The first snippet calculates a value 'start' based on these inputs and prints it out, while the second snippet generates a string 'a' based on K and C, and then checks if the number of changes in 'a' is less than or equal to S. If it is, the second snippet prints out certain indices of 'a",152
2016_0_4,100472,2016_0_4,138317,CLONE,2026-07-19 14:42:28," {
     ""answer"": ""NO-NOT-SIMILAR"",
     ""explanation"": ""The two code snippets are not functionally similar. Code Snippet 1 is solving a problem related to generating a sequence of numbers based on the input values of k, c, and s. It calculates the start of the sequence and then generates the sequence based on certain conditions. On the other hand, Code Snippet 2 is also solving a similar problem but it generates the sequence in a different way. It directly generates the sequence based on the input values of k, c, and s without calcul",153
2016_0_4,129913,2016_0_4,58218,CLONE,2026-07-19 14:42:30," {
    ""answer"": ""YES-SIMILAR"",
    ""explanation"": ""Both code snippets are solving the same problem, which is to determine if it's possible to create fractiles based on given parameters K, C, and S. If it's possible, the code snippets calculate and print the fractile sequence. The main difference between the two snippets is the structure and the specific steps they take to calculate the fractile sequence. However, the overall functionality and the problem they are solving are the same.""
   }",154
2016_0_4,129913,2016_0_4,63729,CLONE,2026-07-19 14:42:32," {
     ""answer"": ""YES-SIMILAR"",
     ""explanation"": ""Both code snippets are solving a similar problem related to generating fractiles. They both take input for the number of test cases, the number of colors, the number of students, and the number of fractiles. Based on these inputs, they both determine if it's possible to generate the fractiles and if so, they generate the fractiles. The main difference is in the approach to generate the fractiles. However, the end result is the same, which is to print out the possible fractiles or",155
2016_0_4,129913,2016_0_4,138317,CLONE,2026-07-19 14:42:34," {
     ""answer"": ""NO-NOT-SIMILAR"",
     ""explanation"": ""The two code snippets are not functionally similar. Code Snippet 1 is solving a problem related to calculating fractiles based on given values of K, C, and S. It uses a nested loop structure to calculate the fractile values and prints them. On the other hand, Code Snippet 2 is also solving a problem related to calculating fractiles, but it uses a different approach. It reads the input values from a file, and it calculates the fractile values differently. Furthermore",156
2016_0_4,58218,2016_0_4,63729,CLONE,2026-07-19 14:42:36," {
     ""answer"": ""YES-SIMILAR"",
     ""explanation"": ""Both code snippets are solving the same problem, which is a programming competition problem. The first code snippet reads input from a file, processes it, and writes the output to another file. The second code snippet does the same, but it uses different variable names and a different approach to generate the output. However, the core functionality of both code snippets is similar. They both read input, process it, and write output. They both handle the case where it's impossible to achieve the desired",157
2016_0_4,58218,2016_0_4,138317,CLONE,2026-07-19 14:42:38," {
     ""answer"": ""NO-NOT-SIMILAR"",
     ""explanation"": ""The two code snippets are not functionally similar. Code Snippet 1 is solving a problem related to generating a sequence of numbers based on certain conditions (K, C, S), while Code Snippet 2 is only generating a sequence of numbers from 1 to K. The conditions (C, S) in Code Snippet 1 are not used in Code Snippet 2, and the sequence generation in Code Snippet 1 is more complex than in Code Snippet 2. Therefore,",158
2016_0_4,63729,2016_0_4,138317,CLONE,2026-07-19 14:42:40," {
     ""answer"": ""YES-SIMILAR"",
     ""explanation"": ""Both code snippets are solving the same problem, which is a programming challenge from Google Code Jam. They are reading input from a file, processing it, and writing the output to a file. The main difference is in the implementation details, such as variable names and the specific steps taken to solve the problem. However, both snippets are generating a sequence of characters based on the input values and checking for certain conditions to determine the output. They are functionally similar in that they both solve the same problem and",159
2016_1_1,1153,2016_1_1,14479,CLONE,2026-07-19 14:42:42," {
     ""answer"": ""YES-SIMILAR"",
     ""explanation"": ""Both code snippets are solving the same problem: they are reading a string and rearranging its characters such that the resulting string is lexicographically the largest possible string that can be obtained by rearranging the characters. The first snippet does this by iterating over the characters of the string and inserting each character at the beginning of a StringBuilder if it is greater than or equal to the first character of the StringBuilder, or appending it to the end otherwise. The second snippet does this by",160
2016_1_1,1153,2016_1_1,8299,CLONE,2026-07-19 14:42:44," {
     ""answer"": ""YES-SIMILAR"",
     ""explanation"": ""Both code snippets are solving the same problem, which is to rearrange a given string in a way that the resulting string is the lexicographically largest possible string that can be obtained by rearranging the characters of the original string. The first code snippet is using a StringBuilder to insert characters at the beginning or end of the string based on a comparison with the first character of the string. The second code snippet is using a simple string concatenation to achieve the same result. Despite the",161
2016_1_1,1153,2016_1_1,29796,CLONE,2026-07-19 14:42:46," {
     ""answer"": ""YES-SIMILAR"",
     ""explanation"": ""Both code snippets are solving the same problem. They are reading a string input and rearranging its characters in a way that the resulting string is the largest possible string in lexicographical order. The first snippet is using a StringBuilder to insert characters at the beginning or end based on a comparison, while the second snippet is concatenating strings. The overall logic and functionality of both snippets are similar.""
   }",162
2016_1_1,1153,2016_1_1,2003,CLONE,2026-07-19 14:42:47," {
    ""answer"": ""YES-SIMILAR"",
    ""explanation"": ""Both code snippets are solving the same problem: they are reading a string and rearranging its characters such that the first character of the rearranged string is the largest possible. If the current character is greater than or equal to the first character of the rearranged string, it is inserted at the beginning; otherwise, it is appended at the end. This results in a string where the first character is the largest possible, and the remaining characters are in the original order as much as possible.""
",163
2016_1_1,14479,2016_1_1,8299,CLONE,2026-07-19 14:42:49," {
     ""answer"": ""YES-SIMILAR"",
     ""explanation"": ""Both code snippets are solving a similar problem. They are both reading input files that match a specific regex pattern, processing the input, and writing the output to a file. The main difference is in the structure and implementation details. However, the core functionality of finding the maximum character in a string and rearranging the string based on that character is the same in both snippets.""
   }",164
2016_1_1,14479,2016_1_1,29796,CLONE,2026-07-19 14:42:51," {
     ""answer"": ""YES-SIMILAR"",
     ""explanation"": ""Both code snippets are solving the same problem, which is to read a string from input, find the maximum character in the string, and rearrange the string such that the maximum character appears at the beginning and the rest of the characters appear in their original order. The main difference between the two code snippets is the structure and the specific steps they take to accomplish this task. However, the overall functionality is the same.""
   }",165
2016_1_1,14479,2016_1_1,2003,CLONE,2026-07-19 14:42:52," {
     ""answer"": ""YES-SIMILAR"",
     ""explanation"": ""Both code snippets are solving the same problem, which is to read input files that match a specific pattern, process the input, and write the output to an output file. The first code snippet is more complex due to the use of custom classes for input/output handling and error checking, while the second code snippet is more straightforward and directly processes the input and output. However, the core functionality of both code snippets is similar: they read a file, process each line of the file, and",166
2016_1_1,8299,2016_1_1,29796,CLONE,2026-07-19 14:42:54," {
     ""answer"": ""YES-SIMILAR"",
     ""explanation"": ""Both code snippets are solving the same problem, which is to rearrange a given string in such a way that the resulting string is the lexicographically largest possible string that can be created from the given string. The first code snippet is using a function fkt1 to perform this task, while the second code snippet is using a function solve. The logic and approach used in both functions are similar. They both iterate through the string and compare each character with the first character of the result",167
2016_1_1,8299,2016_1_1,2003,CLONE,2026-07-19 14:42:56," {
    ""answer"": ""YES-SIMILAR"",
    ""explanation"": ""Both code snippets perform the same task: they read a number of strings from input, and for each string, they rearrange its characters such that the resulting string is lexicographically as large as possible, with the restriction that the first character of the resulting string is not larger than any of the other characters. The two code snippets achieve this task in a similar way: they iterate over the characters of the input string, and at each step, they either append the current character to the",168
2016_1_1,29796,2016_1_1,2003,CLONE,2026-07-19 14:42:57," {
     ""answer"": ""YES-SIMILAR"",
     ""explanation"": ""Both code snippets are solving the same problem, which is to read a string input and rearrange its characters in a specific order to produce a new string. The first code snippet reads input from the console, while the second code snippet reads input from a file. However, the logic and the algorithm used to rearrange the characters are the same in both snippets. Therefore, they are functionally similar.""
   }",169
2016_1_2,8152,2016_1_2,31984,CLONE,2026-07-19 14:42:59," {
     ""answer"": ""NO-NOT-SIMILAR"",
     ""explanation"": ""The two code snippets are not functionally similar. Code Snippet 1 is a complete program that reads input from a file, processes it, and writes output to another file. It reads a number of cases, and for each case, it reads a count and a list of integers. It then sorts the list, removes duplicate pairs of integers, and prints the remaining sorted list. Code Snippet 2 is a utility class that reads input from a file and stores it in a 2",170
2016_1_2,8152,2016_1_2,20611,CLONE,2026-07-19 14:43:01," {
     ""answer"": ""YES-SIMILAR"",
     ""explanation"": ""Both code snippets are solving the same problem, which is to find the numbers that appear an odd number of times in a list of numbers. The first code snippet reads the numbers into an ArrayList, sorts it, and then removes pairs of the same number. The second code snippet reads the numbers into a Map, counts the frequency of each number, and then finds the numbers with an odd frequency. Both approaches achieve the same result, which is to find the numbers that appear an odd number of times",171
2016_1_2,8152,2016_1_2,19093,CLONE,2026-07-19 14:43:06," {
     ""answer"": ""YES-SIMILAR"",
     ""explanation"": ""Both code snippets are solving the same problem: they are reading a number of integers, counting the occurrences of each integer, and then printing out the integers that occur an odd number of times. The first code snippet is more verbose and uses more complex data structures and algorithms, while the second code snippet is more concise and uses simpler data structures and algorithms. However, they both achieve the same result and perform the same task.""
   }",172
2016_1_2,8152,2016_1_2,30007,CLONE,2026-07-19 14:43:08," {
     ""answer"": ""YES-SIMILAR"",
     ""explanation"": ""Both code snippets are solving the same problem, which is to process a set of numbers and find the numbers that appear an odd number of times. The first code snippet reads the input, stores it in an ArrayList, sorts the ArrayList, and then removes duplicate pairs of numbers. The second code snippet reads the input, stores it in a MultiSet (which is a HashMap that counts the occurrences of each number), and then adds the numbers that appear an odd number of times to an array",173
2016_1_2,31984,2016_1_2,20611,CLONE,2026-07-19 14:43:10," {
     ""answer"": ""NO-NOT-SIMILAR"",
     ""explanation"": ""The two code snippets are not functionally similar. Code Snippet 1 is reading input from a file and storing it in a 2D array, while Code Snippet 2 is reading input from a Scanner object and using a Map to store the frequency of each number. The two code snippets are not performing the same task, so they are not functionally similar.""
   }",174
2016_1_2,31984,2016_1_2,19093,CLONE,2026-07-19 14:43:14," {
     ""answer"": ""NO-NOT-SIMILAR"",
     ""explanation"": ""The two code snippets are not functionally similar. Code Snippet 1 is a utility class that reads input from a file and stores it in a 2D array. Code Snippet 2, on the other hand, is a solution for a problem that involves reading input, counting the occurrences of numbers, and finding the numbers that occur an odd number of times. The two code snippets perform different tasks and have different structures, so they are not functionally similar.""
   }",175
2016_1_2,31984,2016_1_2,30007,CLONE,2026-07-19 14:43:17," {
     ""answer"": ""YES-SIMILAR"",
     ""explanation"": ""Both code snippets are designed to read input from a file and process it. The first code snippet reads a file containing a series of numbers, organizes them into cases, and stores them in a 2D array. The second code snippet also reads a file containing a series of numbers, but instead of organizing them into cases, it counts the occurrence of each number using a MultiSet and then finds the numbers that occur an odd number of times. Both snippets achieve different results but",176
2016_1_2,20611,2016_1_2,19093,CLONE,2026-07-19 14:43:22," {
     ""answer"": ""YES-SIMILAR"",
     ""explanation"": ""Both code snippets are solving the same problem: finding the numbers that appear an odd number of times in a list of numbers. The first code snippet uses a TreeMap to store the frequencies of the numbers and then iterates over the keys to find the numbers with odd frequencies. The second code snippet uses an array to store the frequencies of the numbers and then iterates over the array to find the numbers with odd frequencies. The main difference is in the implementation details, such as the use of a Tree",177
2016_1_2,20611,2016_1_2,30007,CLONE,2026-07-19 14:43:24," {
     ""answer"": ""YES-SIMILAR"",
     ""explanation"": ""Both code snippets are solving the same problem: finding the numbers that appear an odd number of times in a list of numbers. The first snippet uses a TreeMap to store the frequencies of the numbers and then iterates over the keys to find the numbers with odd frequencies. The second snippet uses a MultiSet (which is a custom class that extends HashMap) to store the frequencies of the numbers and then iterates over the entrySet to find the numbers with odd frequencies. Both snippets then sort",178
2016_1_2,19093,2016_1_2,30007,CLONE,2026-07-19 14:43:29," {
     ""answer"": ""YES-SIMILAR"",
     ""explanation"": ""Both code snippets are solving the same problem: finding the elements that appear an odd number of times in a list of numbers. The first snippet uses a frequency count array to keep track of the occurrences of each number, while the second snippet uses a MultiSet to achieve the same result. The approach and the solution are similar, so I would consider them functionally similar.""
   }",179
2016_2_1,197689,2016_2_1,192495,CLONE,2026-07-19 14:43:32," {
     ""answer"": ""YES-SIMILAR"",
     ""explanation"": ""Both code snippets are designed to solve the same problem, which is to decode a string of characters into a sequence of digits. They both read a file containing a number of test cases, each represented as a string of characters. They then count the occurrences of each character in the string and use these counts to determine the number of occurrences of each digit in the decoded sequence. Finally, they print out the decoded sequence for each test case. The main difference between the two snipp",180
2016_2_1,197689,2016_2_1,187476,CLONE,2026-07-19 14:43:34," {
     ""answer"": ""YES-SIMILAR"",
     ""explanation"": ""Both code snippets are solving the same problem, which is to decode a string of characters into a sequence of digits. The first code snippet is doing this by counting the occurrences of each character in the string and then using those counts to determine which digits are present. The second code snippet is doing this by creating a map of each digit's characters and their occurrences, and then checking if those characters are present in the string. Both approaches are similar in that they are both",181
2016_2_1,197689,2016_2_1,193269,CLONE,2026-07-19 14:43:36," {
     ""answer"": ""YES-SIMILAR"",
     ""explanation"": ""Both code snippets are designed to solve the same problem: they read a file containing words, count the occurrences of each character in the words, and then use those counts to determine the digits that could have been used to form those words. The first snippet does this by manually checking for each digit and subtracting its constituent characters from the total count, while the second snippet uses a HashMap to store the character counts and then checks for each digit by seeing if it can be formed from",182
2016_2_1,197689,2016_2_1,184367,CLONE,2026-07-19 14:43:38," {
     ""answer"": ""YES-SIMILAR"",
     ""explanation"": ""Both code snippets are solving the same problem, which is to decode a string of characters into a phone number. They both read a file containing a number of test cases, each consisting of a string of characters. They then count the occurrences of each character in the string and use these counts to determine the digits in the phone number. The first snippet does this by checking for the presence of specific characters to determine the digits, while the second snippet uses a mapping of characters to digits",183
2016_2_1,192495,2016_2_1,187476,CLONE,2026-07-19 14:43:40," {
     ""answer"": ""NO-NOT-SIMILAR"",
     ""explanation"": ""The two code snippets are not functionally similar. Code Snippet 1 is a program that reads a number of strings and counts the occurrences of specific characters in each string. It then uses these counts to deduce the digits that could have been used to form the string, and prints out these digits in the order they appear. Code Snippet 2, on the other hand, is a program that reads a number of strings and deduces the digits that could have been used",184
2016_2_1,192495,2016_2_1,193269,CLONE,2026-07-19 14:43:42," {
     ""answer"": ""YES-SIMILAR"",
     ""explanation"": ""Both code snippets are solving the same problem, which is to decode a string into a sequence of digits. They both use a similar approach of counting the occurrences of specific letters in the input string and using those counts to determine the digits. The main difference is in the implementation details, such as the use of a switch statement in the first snippet and a series of if statements in the second snippet to increment the digit counts, and the use of a HashMap in the second snippet to",185
2016_2_1,192495,2016_2_1,184367,CLONE,2026-07-19 14:43:44," {
     ""answer"": ""YES-SIMILAR"",
     ""explanation"": ""Both code snippets are solving the same problem, which is to decode a given string into a phone number. They both use a similar approach of counting the occurrences of certain characters in the string and using those counts to determine the digits of the phone number. The main difference is in the structure and syntax of the code, but the underlying logic and the steps taken to solve the problem are similar.""
   }",186
2016_2_1,187476,2016_2_1,193269,CLONE,2026-07-19 14:43:46," {
     ""answer"": ""YES-SIMILAR"",
     ""explanation"": ""Both code snippets are solving the same problem, which is to decode a given string into a sequence of digits. They both use a similar approach of counting the occurrences of characters in the string and using those counts to determine which digits are present in the string. The main difference is in the order in which they check for the digits and the specific functions they use to manipulate the character counts. However, the overall functionality and the end result are the same.""
   }",187
2016_2_1,187476,2016_2_1,184367,CLONE,2026-07-19 14:43:48," {
     ""answer"": ""YES-SIMILAR"",
     ""explanation"": ""Both code snippets are solving the same problem, which is to decode a string of characters into a phone number. They both use a mapping of characters to numbers and a frequency count to determine the numbers in the phone number. The main difference is in the structure and specific steps they take to accomplish this task, but the overall functionality is the same.""
   }",188
2016_2_1,193269,2016_2_1,184367,CLONE,2026-07-19 14:43:50," {
     ""answer"": ""YES-SIMILAR"",
     ""explanation"": ""Both code snippets are solving the same problem, which is to decode a given string into a sequence of digits. They both use a similar approach of counting the occurrences of certain characters in the string and using those counts to determine the digits in the sequence. The main difference is in the specific implementation details, such as the order in which the digits are processed and the way the results are printed. However, the overall functionality of the two code snippets is similar.""
   }",189
2016_3_1,205670,2016_3_1,211583,CLONE,2026-07-19 14:43:53," {
     ""answer"": ""YES-SIMILAR"",
     ""explanation"": ""Both code snippets are solving a similar problem, which is to process a list of integers representing the number of senators for each party in a legislature. The goal is to output a sequence of senator names (represented by uppercase letters) in a specific order based on the number of senators in each party. The two code snippets achieve this goal in different ways, but they both follow a similar approach: they process the input, keep track of the maximum number of senators",190
2016_3_1,205670,2016_3_1,210871,CLONE,2026-07-19 14:43:54," {
     ""answer"": ""YES-SIMILAR"",
     ""explanation"": ""Both code snippets are solving the same problem, which is a competition problem from Google Code Jam 2016 Round 1. The problem is about processing a list of senator votes and generating a sequence of senators based on certain conditions. The first code snippet is using a while loop to iterate through the senator list and append the senator with the maximum votes to a string builder. The second code snippet is using a while loop to iterate through a hashmap of senators",191
2016_3_1,205670,2016_3_1,218815,CLONE,2026-07-19 14:43:56," {
     ""answer"": ""YES-SIMILAR"",
     ""explanation"": ""Both code snippets are solving the same problem, which is a competition problem. They both read input data, process it, and output the result. The first code snippet is more verbose and uses more variables, while the second code snippet is more concise and uses fewer variables. However, they both achieve the same result by maintaining a list of senators and their votes, finding the maximum vote count, and constructing a string based on the votes. Therefore, they are functionally similar.""
",192
2016_3_1,205670,2016_3_1,207727,CLONE,2026-07-19 14:43:58," {
     ""answer"": ""YES-SIMILAR"",
     ""explanation"": ""Both code snippets are solving the same problem, which is a competition problem involving a list of parties and their respective senator counts. The goal is to create a sequence of senators in a specific order based on the counts. The first code snippet is using an array to store the senator counts and a loop to find the maximum count and its index. The second code snippet is using a HashMap to store the senator counts and a custom sorting method to find the maximum count and its corresponding party",193
2016_3_1,211583,2016_3_1,210871,CLONE,2026-07-19 14:44:00," {
    ""answer"": ""YES-SIMILAR"",
    ""explanation"": ""Both code snippets are solving a similar problem, which is a competition problem likely from Google Code Jam. The first code snippet is using a priority queue to process the input and print out the result based on certain conditions. The second code snippet is using a HashMap to store the input and print out the result based on the maximum value in the HashMap. Although the implementations are different, the underlying logic is similar. Both code snippets are trying to print out the characters based on their frequencies in a",194
2016_3_1,211583,2016_3_1,218815,CLONE,2026-07-19 14:44:02," {
     ""answer"": ""YES-SIMILAR"",
     ""explanation"": ""Both code snippets are solving the same problem, which is to process a series of integers and convert them into a sequence of characters. The first code snippet uses a priority queue to sort the integers and then processes them in a specific order to generate the sequence. The second code snippet directly processes the integers and appends the corresponding characters to a string array based on the integer value. Finally, it iterates over the string array in reverse order to generate the sequence. Although the two code sn",195
2016_3_1,211583,2016_3_1,207727,CLONE,2026-07-19 14:44:04," {
     ""answer"": ""YES-SIMILAR"",
     ""explanation"": ""Both code snippets are solving the same problem, which is a competition-style problem. They both read input data, process it, and output the result. The first code snippet uses a PriorityQueue to store the parties and their vote counts, while the second code snippet uses a HashMap. However, the main logic of the two code snippets is similar. They both sort the parties based on their vote counts and then pair them off in a way that maximizes the number of pairs. The",196
2016_3_1,210871,2016_3_1,218815,CLONE,2026-07-19 14:44:06," {
     ""answer"": ""YES-SIMILAR"",
     ""explanation"": ""Both code snippets are solving the same problem, which is to process a set of input values and output a specific arrangement of characters based on those values. The first code snippet uses a HashMap to store the input values and their corresponding characters, while the second code snippet uses an array of strings. However, the overall approach and the logic used to process the input and generate the output are similar in both snippets.""
   }",197
2016_3_1,210871,2016_3_1,207727,CLONE,2026-07-19 14:44:08," {
     ""answer"": ""YES-SIMILAR"",
     ""explanation"": ""Both code snippets are solving the same problem, which is to process a number of test cases. For each test case, they read a number of party sizes, store them in a map with corresponding party names (letters), and then repeatedly select the party with the most members and print their names until there are no more than 2 parties left. The main difference between the two code snippets is in their implementation details, such as the way they handle input/output, the way they find the party",198
2016_3_1,218815,2016_3_1,207727,CLONE,2026-07-19 14:44:10," {
     ""answer"": ""YES-SIMILAR"",
     ""explanation"": ""Both code snippets are solving the same problem, which is a competition problem from Google Code Jam 2016. The first code snippet is reading a number of test cases, and for each test case, it is reading a number of parties and their corresponding values. It then processes these values to generate a string output. The second code snippet is also reading a number of test cases, and for each test case, it is reading a number of parties and their corresponding values. It then sorts these",199
2013_0_1,84294,2016_3_1,218815,NON-CLONE,2026-07-19 14:44:12," {
     ""answer"": ""NO-NOT-SIMILAR"",
     ""explanation"": ""The two code snippets are not functionally similar. Code Snippet 1 is a program that checks the outcome of a tic-tac-toe game, while Code Snippet 2 is a program that rearranges a sequence of numbers and letters based on certain rules. They perform completely different tasks and have no similar functionality.""
   }",200
2013_0_1,84294,2015_1_1,124925,NON-CLONE,2026-07-19 14:44:14," {
    ""answer"": ""NO-NOT-SIMILAR"",
    ""explanation"": ""The two code snippets are not functionally similar. Code Snippet 1 is a program to determine the winner in a game of Tic-Tac-Toe, while Code Snippet 2 is a program to calculate the minimum number of operations required to make an array of integers non-decreasing. They perform completely different tasks and do not have any similar functionality.""
   }",201
2013_0_1,84294,2016_0_2,88861,NON-CLONE,2026-07-19 14:44:15," {
     ""answer"": ""NO-NOT-SIMILAR"",
     ""explanation"": ""The two code snippets are not functionally similar. The first code snippet is a game of Tic-Tac-Toe where it checks for a winner or a draw based on the input board configuration. The second code snippet, on the other hand, counts the number of flips between '+' and '-' characters in a given string.""
   }",202
2013_0_1,84294,2014_0_2,107403,NON-CLONE,2026-07-19 14:44:16," {
     ""answer"": ""NO-NOT-SIMILAR"",
     ""explanation"": ""The two code snippets are not functionally similar. Code Snippet 1 is a program to determine the winner of a game of Tic-Tac-Toe, while Code Snippet 2 is a program to calculate the minimum time it takes for a car to reach a destination at a certain speed with continuous acceleration.""
   }",203
2013_0_1,58633,2015_0_3,62582,NON-CLONE,2026-07-19 14:44:19," {
    ""answer"": ""NO-NOT-SIMILAR"",
    ""explanation"": ""The two code snippets are not functionally similar. Code Snippet 1 is a program that reads a game board configuration from a file and determines the winner of a game of Tic-Tac-Toe. It checks for winning conditions in rows, columns, and diagonals. Code Snippet 2 is a program that reads a string and an integer from standard input and performs some mathematical operations on the string based on the integer. The programs have no obvious similarity in their functionality.""
",204
2013_0_1,58633,2013_1_1,35305,NON-CLONE,2026-07-19 14:44:21," {
     ""answer"": ""NO-NOT-SIMILAR"",
     ""explanation"": ""The two code snippets are not functionally similar. Code Snippet 1 is a program that reads a game board configuration from a file, determines the winner or the status of the game (completed or not), and writes the result to another file. On the other hand, Code Snippet 2 is a program that reads two big integers from a file, performs a binary search to find a maximum value that satisfies a certain condition, and writes the result to another file. The two programs have completely",205
2013_0_1,58633,2016_0_4,100472,NON-CLONE,2026-07-19 14:44:23," {
     ""answer"": ""NO-NOT-SIMILAR"",
     ""explanation"": ""The two code snippets are not functionally similar. Code Snippet 1 is a solution for a game (probably a tic-tac-toe variant) that reads a game state from a file, determines the winner or if the game is a draw, and writes the result to another file. Code Snippet 2, on the other hand, is a solution for a different problem that involves calculating a sequence of numbers based on given input values. The two code snippets have",206
2013_0_1,124149,2015_0_1,68106,NON-CLONE,2026-07-19 14:44:25," {
     ""answer"": ""NO-NOT-SIMILAR"",
     ""explanation"": ""The two code snippets are not functionally similar. Code Snippet 1 is a game logic for a tic-tac-toe game, where it checks for the winner or if the game is a draw. On the other hand, Code Snippet 2 is a logic for a standing calculation in a competition, where it calculates the number of newbs (new participants) needed to reach a certain standing based on the current standing and the scores of the participants. The two code snipp",207
2013_0_1,124149,2016_1_2,8152,NON-CLONE,2026-07-19 14:44:26," {
     ""answer"": ""NO-NOT-SIMILAR"",
     ""explanation"": ""The two code snippets are not functionally similar. Code Snippet 1 is a game solver for a game called Tic-Tac-Toe, while Code Snippet 2 is a solution for a problem that involves sorting and removing duplicate elements from a list. The tasks and the approaches used in both code snippets are completely different.""
   }",208
2013_0_1,88116,2016_1_1,2003,NON-CLONE,2026-07-19 14:44:29," {
     ""answer"": ""NO-NOT-SIMILAR"",
     ""explanation"": ""The two code snippets are not functionally similar. Code Snippet 1 is a solution for a game (probably Tic-Tac-Toe) that checks if 'X' or 'O' has won the game, if the game has not completed, or if it's a draw. Code Snippet 2, on the other hand, is a solution for a different problem that sorts the characters in a string in a specific order. They do not perform the same task or achieve",209
2013_0_2,95524,2015_0_3,88073,NON-CLONE,2026-07-19 14:44:32," {
     ""answer"": ""NO-NOT-SIMILAR"",
     ""explanation"": ""The two code snippets are not functionally similar. The first code snippet is solving a problem related to a grid of numbers, where it checks if each number in the grid is greater than or equal to all the numbers to its left and right, and also greater than or equal to all the numbers above and below it. The second code snippet is evaluating a mathematical expression based on certain rules and checking if it results in a specific value after a certain number of iterations. The two problems and their",210
2013_0_2,95524,2016_0_4,63729,NON-CLONE,2026-07-19 14:44:34," {
    ""answer"": ""NO-NOT-SIMILAR"",
    ""explanation"": ""The two code snippets are not functionally similar. Code Snippet 1 is solving a problem related to a grid of numbers where it checks for certain conditions to be met in both horizontal and vertical directions. On the other hand, Code Snippet 2 is generating a string based on certain conditions and then checking for specific patterns in that string. The two code snippets are not solving the same problem or performing the same task, hence they are not functionally similar.""
   }",211
2013_0_2,95524,2014_0_3,71973,NON-CLONE,2026-07-19 14:44:36," {
     ""answer"": ""YES-SIMILAR"",
     ""explanation"": ""Both code snippets are solving a similar problem, which is to determine if a given grid of integers can be filled with a certain number of tiles such that each tile is higher than all the tiles in its row and column. The first code snippet does this by creating a boolean grid to keep track of possible tile placements, while the second code snippet uses a character grid to mark possible and impossible tile placements. However, the overall approach and the solution strategy are similar.""
   }",212
2013_0_2,95524,2016_3_1,205670,NON-CLONE,2026-07-19 14:44:37," {
     ""answer"": ""NO-NOT-SIMILAR"",
     ""explanation"": ""The two code snippets are not functionally similar. Code Snippet 1 is solving a problem related to a grid of numbers where it checks for certain conditions to be met in both horizontal and vertical directions. On the other hand, Code Snippet 2 is solving a problem related to a list of senators and their votes, where it checks for the maximum value and appends characters to a string based on certain conditions. The two problems and their solutions are not similar.""
   }",213
2013_0_2,44471,2013_0_3,118052,NON-CLONE,2026-07-19 14:44:39," {
     ""answer"": ""NO-NOT-SIMILAR"",
     ""explanation"": ""The two code snippets are not functionally similar. Code Snippet 1 is a solution for a problem that involves processing a matrix of integers and checking if it's possible to replace the lowest value in the matrix with a pattern that satisfies certain conditions. On the other hand, Code Snippet 2 is a solution for a problem that involves finding all fair and square numbers within a given range. Fair and square numbers are numbers that are both a palindrome and the square of a palindrome",214
2013_0_2,44471,2013_0_3,55548,NON-CLONE,2026-07-19 14:44:42," {
     ""answer"": ""NO-NOT-SIMILAR"",
     ""explanation"": ""The two code snippets are not functionally similar. The first code snippet is processing a matrix of integers and checking if it's possible to replace the lowest value in the matrix with a pattern that makes all rows and columns contain the same value. The second code snippet is generating a list of fair squares, which are numbers that when squared, the square is also a palindrome. The two code snippets are not related to each other and do not perform the same task.""",215
2013_0_2,44471,2016_1_2,30007,NON-CLONE,2026-07-19 14:44:44," {
     ""answer"": ""NO-NOT-SIMILAR"",
     ""explanation"": ""The two code snippets are not functionally similar. Code Snippet 1 is a solution for a problem that involves reading a matrix from a file, finding the smallest element in the matrix, and checking if it's possible to replace all occurrences of this smallest element with a different value such that each row and each column contains at least one occurrence of the smallest element. Code Snippet 2, on the other hand, is a solution for a different problem that involves reading a list of numbers",216
2013_0_2,55421,2014_2_1,125050,NON-CLONE,2026-07-19 14:44:46," {
     ""answer"": ""NO-NOT-SIMILAR"",
     ""explanation"": ""The two code snippets are not functionally similar. Code Snippet 1 is a solution for a lawnmower problem where it reads a file with a matrix of integers representing a garden pattern. The task is to determine if it's possible to cut the grass in the garden pattern such that each cell is cut to the height of the tallest grass in its row or column. Code Snippet 2, on the other hand, is a solution for a problem about finding the minimum number of moves",217
2013_0_2,55421,2015_0_1,68106,NON-CLONE,2026-07-19 14:44:48," {
     ""answer"": ""NO-NOT-SIMILAR"",
     ""explanation"": ""The two code snippets are not functionally similar. Code Snippet 1 is a solution for a lawnmower problem where it reads a file containing a matrix of integers and checks if it's possible to cut the grass in the lawn according to the given heights. Code Snippet 2, on the other hand, is a solution for a standing ovation problem where it calculates the minimum number of new people that need to be added to the audience to ensure that everyone in the audience sees",218
2013_0_2,90919,2013_1_1,35305,NON-CLONE,2026-07-19 14:44:50," {
     ""answer"": ""NO-NOT-SIMILAR"",
     ""explanation"": ""The two code snippets are not functionally similar. Code Snippet 1 is a solution for a problem that involves checking if each element in a 2D array is equal to the maximum value of its row or column. Code Snippet 2, on the other hand, is a solution for a problem that involves finding the maximum value of 'm' such that 's' is less than or equal to 't', where 's' is a function of 'm', 'r', and '",219
2013_0_3,55548,2014_2_1,125050,NON-CLONE,2026-07-19 14:44:53," {
     ""answer"": ""NO-NOT-SIMILAR"",
     ""explanation"": ""The two code snippets are not functionally similar. Code Snippet 1 is a solution for generating fair squares, which are numbers that are palindromes in base 10 and also palindromes in base 4. It generates a list of these numbers and then counts the number of fair squares within a given range. Code Snippet 2, on the other hand, is a solution for a problem that involves manipulating strings and finding the minimum number of moves required to make",220
2013_0_3,55548,2013_1_1,30610,NON-CLONE,2026-07-19 14:44:55," {
     ""answer"": ""NO-NOT-SIMILAR"",
     ""explanation"": ""The two code snippets are not functionally similar. Code Snippet 1 is a solution for a problem that involves generating fair squares, which are numbers that are the square of a number with an even number of digits where the digits are either all 0s and 1s or have an equal number of 0s and 1s. The code generates these fair squares and stores them in a list. It then reads a number of test cases from a file and for each test",221
2013_0_3,55548,2015_0_3,62582,NON-CLONE,2026-07-19 14:44:57," {
    ""answer"": ""NO-NOT-SIMILAR"",
    ""explanation"": ""The two code snippets are not functionally similar. Code Snippet 1 is a solution for a problem that involves generating fair squares, which are numbers that are palindromes in base 10 and base 4. The code generates these fair squares and stores them in a list. Then, it reads a number of test cases and for each test case, it finds the number of fair squares that are within a given range. Code Snippet 2, on the other hand,",222
2013_0_3,55548,2015_0_1,79967,NON-CLONE,2026-07-19 14:44:58," {
     ""answer"": ""NO-NOT-SIMILAR"",
     ""explanation"": ""The two code snippets are not functionally similar. Code Snippet 1 is a solution for generating fair squares, while Code Snippet 2 is a solution for a different problem related to standing ovations. They do not perform the same task or achieve the same result.""
   }",223
2013_0_3,94901,2015_1_1,124925,NON-CLONE,2026-07-19 14:45:00," {
     ""answer"": ""NO-NOT-SIMILAR"",
     ""explanation"": ""The two code snippets are not functionally similar. Code Snippet 1 is a program that reads a number of test cases from a file, and for each test case, it finds the number of perfect squares that are also palindromes within a given range. Code Snippet 2, on the other hand, is a program that reads a number of test cases from the standard input, and for each test case, it reads an array of integers and calculates two results based on the",224
2013_0_3,94901,2016_1_2,31984,NON-CLONE,2026-07-19 14:45:02," {
     ""answer"": ""NO-NOT-SIMILAR"",
     ""explanation"": ""The two code snippets are not functionally similar. Code Snippet 1 is a program that reads a file containing test cases, processes the test cases to find numbers that are palindromes and their squares are also palindromes, and then writes the count of such numbers to an output file. Code Snippet 2 is a utility class that reads an input file and stores the input data in a 2D array. The two code snippets have different functionalities and do not",225
2013_0_3,94901,2015_0_3,88073,NON-CLONE,2026-07-19 14:45:05," {
    ""answer"": ""NO-NOT-SIMILAR"",
    ""explanation"": ""The two code snippets are not functionally similar. Code Snippet 1 is a program that reads test cases from a file, processes them to find palindromic squares within a given range, and writes the results to an output file. Code Snippet 2, on the other hand, is a program that evaluates a given expression involving the characters 'i', 'j', and 'k' for a certain number of iterations (X) and determines if the final result is '0",226
2013_0_3,78294,2014_0_3,108079,NON-CLONE,2026-07-19 14:45:08," {
     ""answer"": ""NO-NOT-SIMILAR"",
     ""explanation"": ""The two code snippets are not functionally similar. Code Snippet 1 is a solution for a problem that involves finding fair squares within a given range, while Code Snippet 2 is a solution for a problem that involves generating a minesweeper board with a given number of rows, columns, and mines. The two problems have different requirements and the solutions use different algorithms and approaches.""
   }",227
2013_0_3,78294,2015_0_3,21597,NON-CLONE,2026-07-19 14:45:10," {
     ""answer"": ""NO-NOT-SIMILAR"",
     ""explanation"": ""The two code snippets are not functionally similar. Code Snippet 1 is a program that counts the number of fair squares within a given range. A fair square is a square number that is also a palindrome. The program reads the input range from a file, calculates the number of fair squares within that range, and writes the result to an output file. Code Snippet 2, on the other hand, is a program that checks if a given sequence of characters can be divided",228
2013_0_3,118052,2015_0_3,74464,NON-CLONE,2026-07-19 14:45:13," {
     ""answer"": ""NO-NOT-SIMILAR"",
     ""explanation"": ""The two code snippets are not functionally similar. Code Snippet 1 is a program that finds the count of fair and square numbers within a given range. A fair and square number is a number that is both a square of a number and a palindrome. The program generates all fair and square numbers up to 10^14 and stores them in a set. Then, it reads the range from the input and counts the number of fair and square numbers within that range. Code Snippet",229
2013_1_1,35305,2014_2_1,115332,NON-CLONE,2026-07-19 14:45:15," {
     ""answer"": ""NO-NOT-SIMILAR"",
     ""explanation"": ""The two code snippets are not functionally similar. Code Snippet 1 is a solution for a problem that involves finding the maximum value of 'm' such that 's' (a mathematical expression involving 'm', 'r', and 't') is less than or equal to 't'. Code Snippet 2, on the other hand, is a solution for a problem that involves finding the minimum number of operations required to make all characters in a string equal, where each operation can change one character",230
2013_1_1,35305,2016_2_1,197689,NON-CLONE,2026-07-19 14:45:17," {
     ""answer"": ""NO-NOT-SIMILAR"",
     ""explanation"": ""The two code snippets are not functionally similar. Code Snippet 1 is a solution for a problem that involves finding the maximum value of 'm' such that the expression 'm*r + m^2 + m' is less than or equal to 't'. This is a mathematical problem that involves binary search and BigInteger operations. Code Snippet 2, on the other hand, is a solution for a problem that involves counting the occurrences of certain characters in a string and then using",231
2013_1_1,35305,2014_3_1,138529,NON-CLONE,2026-07-19 14:45:19," {
     ""answer"": ""YES-SIMILAR"",
     ""explanation"": ""Both code snippets are solving a similar problem which involves reading input values, performing calculations, and writing output. The first code snippet is using a binary search algorithm to find the maximum value of 'm' such that 's' (calculated as a function of 'm', 'r', and 't') is less than or equal to 't'. The second code snippet is also performing calculations based on input values 'p' and 'q', and it's checking the divisibility of",232
2013_1_1,35305,2016_2_1,184367,NON-CLONE,2026-07-19 14:45:21," {
     ""answer"": ""NO-NOT-SIMILAR"",
     ""explanation"": ""The two code snippets are not functionally similar. Code Snippet 1 is a solution for a problem that involves performing a binary search to find a maximum value that satisfies a certain condition. Code Snippet 2 is a solution for a problem that involves decoding a phone number from a given string of characters by counting the occurrences of specific characters and using a mapping to convert them to digits. The two problems are not related, and the code snippets do not perform the same task or",233
2013_1_1,30788,2016_2_1,187476,NON-CLONE,2026-07-19 14:45:23," {
     ""answer"": ""NO-NOT-SIMILAR"",
     ""explanation"": ""The two code snippets are not functionally similar. Code Snippet 1 is solving a mathematical problem related to circles and areas, while Code Snippet 2 is processing and manipulating strings to decode a sequence of numbers. The tasks and the approaches used in both snippets are completely different, so they are not functionally similar.""
   }",234
2013_1_1,30788,2016_1_2,20611,NON-CLONE,2026-07-19 14:45:24," {
     ""answer"": ""NO-NOT-SIMILAR"",
     ""explanation"": ""The two code snippets are not functionally similar. Code Snippet 1 is solving a mathematical problem related to circles and areas, while Code Snippet 2 is processing input data to find missing numbers in a rank file. The tasks and the approaches used in both snippets are completely different.""
   }",235
2013_1_1,30788,2013_0_2,114653,NON-CLONE,2026-07-19 14:45:26," {
     ""answer"": ""NO-NOT-SIMILAR"",
     ""explanation"": ""The two code snippets are not functionally similar. Code Snippet 1 is solving a mathematical problem related to circles and areas, while Code Snippet 2 is solving a problem related to finding a solution in a 2D array. The problems and the approaches used in the two code snippets are fundamentally different.""
   }",236
2013_1_1,30610,2016_1_1,8299,NON-CLONE,2026-07-19 14:45:28," {
     ""answer"": ""NO-NOT-SIMILAR"",
     ""explanation"": ""The two code snippets are not functionally similar. Code Snippet 1 is a utility class that provides various utility methods for file I/O, mathematical operations, and error handling. Code Snippet 2 is a solution to a specific problem from Google Code Jam that takes a string as input and rearranges its characters to form a new string. The two snippets have no common functionality or purpose, so they are not functionally similar.""
   }",237
2013_1_1,30610,2016_1_2,31984,NON-CLONE,2026-07-19 14:45:29," {
     ""answer"": ""NO-NOT-SIMILAR"",
     ""explanation"": ""The two code snippets are not functionally similar. Code Snippet 1 is a utility class that provides various utility functions such as reading from a file, performing mathematical operations, and handling input/output. On the other hand, Code Snippet 2 is a class that reads input from a file and stores it in a 2D array. The two classes have different purposes and functionalities, so they are not functionally similar.""
   }",238
2013_1_1,30305,2014_0_3,27551,NON-CLONE,2026-07-19 14:45:32," {
     ""answer"": ""NO-NOT-SIMILAR"",
     ""explanation"": ""The two code snippets are not functionally similar. The first code snippet is solving a mathematical problem related to finding the root of a quadratic equation, while the second code snippet is generating a minefield pattern based on the given number of rows, columns, and mines. These are two completely different tasks, so the code snippets are not functionally similar.""
   }",239
2014_0_2,107403,2016_0_2,88861,NON-CLONE,2026-07-19 14:45:34," {
     ""answer"": ""NO-NOT-SIMILAR"",
     ""explanation"": ""The two code snippets are not functionally similar. Code Snippet 1 is a solution for a problem that involves calculating the minimum time required to reach a certain distance with a given initial rate and a rate increase. Code Snippet 2, on the other hand, is a solution for a problem that involves counting the minimum number of flips required to make all characters in a string the same.""
   }",240
2014_0_2,107403,2016_3_1,218815,NON-CLONE,2026-07-19 14:45:35," {
     ""answer"": ""NO-NOT-SIMILAR"",
     ""explanation"": ""The two code snippets are not functionally similar. Code Snippet 1 is a solution for a problem that involves calculating the minimum time required to achieve a certain distance with a given initial speed and acceleration. On the other hand, Code Snippet 2 is a solution for a problem that involves sorting and merging strings based on their lengths. The two problems and their solutions have no apparent similarity.""
   }",241
2014_0_2,107403,2014_3_1,137264,NON-CLONE,2026-07-19 14:45:37," {
     ""answer"": ""NO-NOT-SIMILAR"",
     ""explanation"": ""The two code snippets are not functionally similar. Code Snippet 1 is solving a problem related to calculating the minimum time required to reach a certain distance with a given initial speed and acceleration. Code Snippet 2, on the other hand, is solving a problem related to finding the minimum number of steps required to reach a fraction p/q using a specific algorithm. The problems and the solutions are not equivalent, so the code snippets are not functionally similar.""
   }",242
2014_0_2,107403,2014_0_3,108079,NON-CLONE,2026-07-19 14:45:40," {
     ""answer"": ""NO-NOT-SIMILAR"",
     ""explanation"": ""The two code snippets are not functionally similar. Code Snippet 1 is a solution for a problem that involves calculating the minimum time to reach a certain distance with a given initial speed and acceleration. Code Snippet 2 is a solution for a problem that involves generating a minesweeper board with a given number of rows, columns, and mines. The two problems are not related, and the code snippets do not perform the same task or achieve the same result.""
   }",243
2014_0_2,81302,2015_1_1,115055,NON-CLONE,2026-07-19 14:45:41," {
     ""answer"": ""NO-NOT-SIMILAR"",
     ""explanation"": ""The two code snippets are not functionally similar. Code Snippet 1 is solving a problem related to calculating time taken to reach a destination under certain conditions, while Code Snippet 2 is solving a problem related to calculating the number of mushrooms that can be eaten under different eating rates.""
   }",244
2014_0_2,81302,2015_0_3,62582,NON-CLONE,2026-07-19 14:45:43," {
     ""answer"": ""NO-NOT-SIMILAR"",
     ""explanation"": ""The two code snippets are not functionally similar. Code Snippet 1 is a program that calculates the time it takes to reach a farm based on certain conditions. It reads input from a file, performs calculations, and writes the output to another file. On the other hand, Code Snippet 2 is a program that performs operations on a string based on certain rules and checks if a final value is equal to 1. The two programs have no common functionality or purpose, and they do not perform",245
2014_0_2,81302,2014_3_1,138529,NON-CLONE,2026-07-19 14:45:45," {
    ""answer"": ""NO-NOT-SIMILAR"",
    ""explanation"": ""The two code snippets are not functionally similar. Code Snippet 1 is a program that calculates the time it takes for a person to reach a farm, while Code Snippet 2 is a program that calculates the number of times a fraction can be halved. The tasks performed by the two programs are completely different, so they are not functionally similar.""
   }",246
2014_0_2,27351,2016_1_2,31984,NON-CLONE,2026-07-19 14:45:47," {
     ""answer"": ""NO-NOT-SIMILAR"",
     ""explanation"": ""The two code snippets are not functionally similar. Code Snippet 1 is a solution for a problem that involves calculating the minimum time to reach a certain distance by either continuously moving or buying a farm to increase speed. Code Snippet 2, on the other hand, is a utility class for reading input from a file. They perform completely different tasks and do not share any similar functionality.""
   }",247
2014_0_2,27351,2016_2_1,193269,NON-CLONE,2026-07-19 14:45:49," {
     ""answer"": ""NO-NOT-SIMILAR"",
     ""explanation"": ""The two code snippets are not functionally similar. Code Snippet 1 is a solution for a problem that involves calculating the minimum time to reach a certain distance by either continuously buying a new vehicle or not buying one. On the other hand, Code Snippet 2 is a solution for a problem that involves extracting digits from a given string of characters. The two problems have no apparent relationship, and the code snippets do not share any similar algorithms or data structures.""
   }",248
2014_0_2,41018,2016_0_4,129913,NON-CLONE,2026-07-19 14:45:50," {
     ""answer"": ""NO-NOT-SIMILAR"",
     ""explanation"": ""The two code snippets are not functionally similar. Code Snippet 1 is a solution for a problem that involves calculating the minimum time required to achieve a certain goal by increasing a rate at a certain cost. On the other hand, Code Snippet 2 is a solution for a problem that involves generating a sequence of numbers based on certain constraints. The problems and the solutions are fundamentally different, so the code snippets are not functionally similar.""
   }",249
2014_0_3,108079,2014_2_1,126555,NON-CLONE,2026-07-19 14:45:53," {
     ""answer"": ""NO-NOT-SIMILAR"",
     ""explanation"": ""The two code snippets are not functionally similar. Code Snippet 1 is a solution for a Minesweeper game problem, while Code Snippet 2 is a solution for a problem related to string manipulation and finding the minimum number of moves. The tasks and the approaches used in both code snippets are completely different.""
   }",250
2014_0_3,108079,2016_2_1,187476,NON-CLONE,2026-07-19 14:45:55," {
    ""answer"": ""NO-NOT-SIMILAR"",
    ""explanation"": ""The two code snippets are not functionally similar. Code Snippet 1 is a solution for a Minesweeper problem, which involves creating a minefield based on given dimensions and number of mines. Code Snippet 2, on the other hand, is a solution for a problem that involves decoding a string of numbers spelled out in English into their numeric representation. The two problems are completely unrelated, and the code snippets do not share any similar algorithms or approaches.""
  ",251
2014_0_3,108079,2015_0_2,32722,NON-CLONE,2026-07-19 14:45:57," {
     ""answer"": ""NO-NOT-SIMILAR"",
     ""explanation"": ""The two code snippets are not functionally similar. Code Snippet 1 is a solution for a Minesweeper problem, while Code Snippet 2 is a solution for the Infinite House of Pancakes problem from Google Code Jam. The problems and their solutions are not related, so the code snippets are not functionally similar.""
   }",252
2014_0_3,108079,2013_0_2,55421,NON-CLONE,2026-07-19 14:45:59," {
     ""answer"": ""NO-NOT-SIMILAR"",
     ""explanation"": ""The two code snippets are not functionally similar. The first code snippet is a solution for a problem that involves generating a minesweeper board with a given number of rows, columns, and mines. The second code snippet is a solution for a problem that involves checking if a given lawnmower pattern is valid or not. The two problems are not the same, and the solutions are not similar in their approach or implementation.""
   }",253
2014_0_3,27551,2014_2_1,125050,NON-CLONE,2026-07-19 14:46:02," {
     ""answer"": ""NO-NOT-SIMILAR"",
     ""explanation"": ""The two code snippets are not functionally similar. Code Snippet 1 is a game simulation that generates a minefield based on the given number of rows, columns, and mines. It reads input from a file and writes output to another file. Code Snippet 2, on the other hand, is a solution for a problem that involves manipulating strings and calculating the minimum number of moves required to make all strings in an array equal. The two code snippets have different purposes and functionalities",254
2014_0_3,27551,2013_0_1,124226,NON-CLONE,2026-07-19 14:46:04," {
     ""answer"": ""NO-NOT-SIMILAR"",
     ""explanation"": ""The two code snippets are not functionally similar. Code Snippet 1 is a game implementation where it generates a minesweeper-like game field based on the input of rows, columns, and mines. It then prints the game field to an output file. On the other hand, Code Snippet 2 is a game implementation for a different type of game, possibly a tic-tac-toe-like game. It reads a game field from an input file and determines the outcome of",255
2014_0_3,27551,2015_0_2,34257,NON-CLONE,2026-07-19 14:46:06," {
     ""answer"": ""NO-NOT-SIMILAR"",
     ""explanation"": ""The two code snippets are not functionally similar. Code Snippet 1 is a game simulation where the task is to place mines in a field of a given size such that the field is still solvable. Code Snippet 2, on the other hand, is a problem-solving algorithm that involves cutting pancakes into equal parts and finding the minimum number of cuts required to achieve a certain condition. The two code snippets have different tasks and different approaches to solving those tasks, so",256
2014_0_3,99421,2015_0_4,96734,NON-CLONE,2026-07-19 14:46:09," {
     ""answer"": ""NO-NOT-SIMILAR"",
     ""explanation"": ""The two code snippets are not functionally similar. Code Snippet 1 is a complex program that generates a minefield configuration based on input parameters, while Code Snippet 2 is a simple program that determines the winner of a game based on the input parameters. They perform completely different tasks and do not have any obvious similarities in their functionality.""
   }",257
2014_0_3,99421,2014_3_1,138529,NON-CLONE,2026-07-19 14:46:11," {
     ""answer"": ""NO-NOT-SIMILAR"",
     ""explanation"": ""The two code snippets are not functionally similar. Code Snippet 1 is a solution for a game where the task is to place empty elements on a field with mines, while Code Snippet 2 is a solution for a problem related to finding the difference between two numbers in a specific format. The two code snippets have no common functionality or similar tasks, so they are not functionally similar.""
   }",258
2014_0_3,22792,2013_0_2,90919,NON-CLONE,2026-07-19 14:46:17," {
     ""answer"": ""NO-NOT-SIMILAR"",
     ""explanation"": ""The two code snippets are not functionally similar. The first code snippet is a Minesweeper game implementation that places mines on a grid based on certain conditions, while the second code snippet is a solution for a problem that checks if a given matrix can be formed by row and column maximums. They perform completely different tasks and have no similar functionality.""
   }",259
2014_2_1,124976,2014_0_3,99421,NON-CLONE,2026-07-19 14:46:21," {
     ""answer"": ""NO-NOT-SIMILAR"",
     ""explanation"": ""The two code snippets are not functionally similar. Code Snippet 1 is a solution for a problem that involves reading input data, processing it, and outputting the result. It seems to be solving a game-like problem where it determines if a player named Fegla won or not based on certain conditions. On the other hand, Code Snippet 2 is a more complex solution for a different problem. It uses threading and multiple comparators to try different strategies for placing empty elements in a",260
2014_2_1,124976,2016_0_4,58218,NON-CLONE,2026-07-19 14:46:23," {
     ""answer"": ""NO-NOT-SIMILAR"",
     ""explanation"": ""The two code snippets are not functionally similar. Code Snippet 1 is a solution for a problem that involves reading input data, processing it, and determining a winner based on certain conditions. It also calculates a value 'y' based on the input data. On the other hand, Code Snippet 2 is a solution for a different problem that involves reading input data, calculating a value 'prod' based on the input data, and generating an output string. The two code snippets",261
2014_2_1,124976,2016_3_1,211583,NON-CLONE,2026-07-19 14:46:25," {
     ""answer"": ""NO-NOT-SIMILAR"",
     ""explanation"": ""The two code snippets are not functionally similar. Code Snippet 1 is a solution for a problem that involves reading strings from an input file, counting the occurrences of characters in those strings, and determining a winner based on certain conditions. Code Snippet 2, on the other hand, is a solution for a problem that involves reading integers from an input, using a priority queue to pair elements, and printing characters based on those pairs. The problems and the solutions are not related, so",262
2014_2_1,124976,2015_0_2,34257,NON-CLONE,2026-07-19 14:46:26," {
     ""answer"": ""NO-NOT-SIMILAR"",
     ""explanation"": ""The two code snippets are not functionally similar. Code Snippet 1 is solving a problem related to string manipulation and comparison, while Code Snippet 2 is solving a problem related to a mathematical optimization using a priority queue and a recursive function. The problems and the solutions are fundamentally different, so the code snippets are not functionally similar.""
   }",263
2014_2_1,115332,2014_0_3,99421,NON-CLONE,2026-07-19 14:46:30," {
     ""answer"": ""NO-NOT-SIMILAR"",
     ""explanation"": ""The two code snippets are not functionally similar. Code Snippet 1 is a solution for a problem that involves processing a matrix of characters and calculating a minimum sum based on certain conditions. Code Snippet 2, on the other hand, is a solution for a different problem that involves placing mines and clicks on a field based on certain conditions. Although both snippets use similar programming constructs like loops and conditional statements, they are solving different problems and have different logic, making them not",264
2014_2_1,115332,2016_1_2,19093,NON-CLONE,2026-07-19 14:46:35," {
     ""answer"": ""NO-NOT-SIMILAR"",
     ""explanation"": ""The two code snippets are not functionally similar. Code Snippet 1 is a solution for a problem that involves reading a matrix of characters, finding the minimum number of changes required to make each row have the same characters, and summing up these minimum changes. Code Snippet 2, on the other hand, is a solution for a problem that involves reading a list of numbers, finding the numbers that appear an odd number of times, and printing them out. The two problems are not the same,",265
2014_2_1,115332,2016_0_1,55901,NON-CLONE,2026-07-19 14:46:37," {
     ""answer"": ""NO-NOT-SIMILAR"",
     ""explanation"": ""The two code snippets are not functionally similar. Code Snippet 1 is a solution for a problem that involves processing a matrix of characters and finding the minimum number of changes required to make each row have the same character. Code Snippet 2, on the other hand, is a solution for a problem that involves finding the smallest number that can be multiplied by a given number to produce a number containing all digits from 0 to 9. The two problems are fundamentally different, and the",266
2014_2_1,119554,2015_0_4,107149,NON-CLONE,2026-07-19 14:46:40," {
     ""answer"": ""NO-NOT-SIMILAR"",
     ""explanation"": ""The two code snippets are not functionally similar. Code Snippet 1 is a solution for a problem that involves processing a list of strings and performing certain operations on them. It reads input from a file, processes it, and writes the output to another file. Code Snippet 2, on the other hand, is a solution for a problem that involves determining the winner of a game based on the values of three variables: x, r, and c. It also reads input from a file and writes",267
2014_2_1,119554,2016_1_2,20611,NON-CLONE,2026-07-19 14:46:41," {
     ""answer"": ""NO-NOT-SIMILAR"",
     ""explanation"": ""The two code snippets are not functionally similar. Code Snippet 1 is a solution for a problem that involves processing a list of strings and calculating a certain value based on the frequency of characters in each string. Code Snippet 2, on the other hand, is a solution for a problem that involves finding missing numbers in a list of numbers. The two problems are not the same, and the solutions are not similar in their approach or the data structures used.""
   }",268
2014_2_1,126555,2015_1_1,124925,NON-CLONE,2026-07-19 14:46:44," {
     ""answer"": ""NO-NOT-SIMILAR"",
     ""explanation"": ""The two code snippets are not functionally similar. Code Snippet 1 is solving a problem that involves processing a list of strings and calculating a minimum number of moves based on the length of the strings and the characters they contain. On the other hand, Code Snippet 2 is solving a problem that involves processing a list of integers and calculating a sum of differences between consecutive integers. The problems and the solutions are fundamentally different, so the code snippets are not functionally similar",269
2014_3_1,141827,2013_1_1,30305,NON-CLONE,2026-07-19 14:46:47," {
     ""answer"": ""YES-SIMILAR"",
     ""explanation"": ""Both code snippets are solving the same problem from Google Code Jam. The first code snippet is a part of a larger program that handles multiple problems, while the second code snippet is a standalone program that solves only problem A. However, the core logic of both programs is similar. They both read input, perform calculations based on the input, and output the result. The first code snippet uses a binary search-like approach to find the number of steps required to reach a target fraction, while",270
2014_3_1,141827,2014_2_1,126555,NON-CLONE,2026-07-19 14:46:49," {
     ""answer"": ""NO-NOT-SIMILAR"",
     ""explanation"": ""The two code snippets are not functionally similar. Code Snippet 1 is a solution for a problem that involves reading input, performing calculations, and writing output based on the problem type (A, B, C, or D). It uses a Scanner to read input and a PrintWriter to write output. Code Snippet 2, on the other hand, is a solution for a different problem that involves reading a list of strings, performing calculations based on the length and content of the strings, and",271
2014_3_1,141827,2013_1_1,30610,NON-CLONE,2026-07-19 14:46:51," {
     ""answer"": ""NO-NOT-SIMILAR"",
     ""explanation"": ""The two code snippets are not functionally similar. Code Snippet 1 is a solution to a problem that involves reading input, performing calculations, and writing output. It has multiple methods for different problems, such as main_A, main_B, main_C, and main_D. Code Snippet 2, on the other hand, is a utility class that provides methods for scanning input, handling output, and performing common mathematical operations. The two code snippets have no overlap in",272
2014_3_1,141827,2014_2_1,115332,NON-CLONE,2026-07-19 14:46:54," {
     ""answer"": ""NO-NOT-SIMILAR"",
     ""explanation"": ""The two code snippets are not functionally similar. Code Snippet 1 is a solution for a problem that involves reading input, performing calculations, and writing output based on the problem type (A, B, C, or D). It uses a Scanner to read input and a PrintWriter to write output. Code Snippet 2, on the other hand, is a solution for a different problem that involves reading a matrix of characters, finding the minimum number of changes required to make all rows equal,",273
2014_3_1,137264,2016_0_4,129913,NON-CLONE,2026-07-19 14:46:56," {
     ""answer"": ""NO-NOT-SIMILAR"",
     ""explanation"": ""The two code snippets are not functionally similar. Code Snippet 1 is solving a problem related to fractions and finding the minimum number of steps required to reach a certain fraction, while Code Snippet 2 is solving a problem related to fractiles and finding a sequence of numbers that satisfy certain conditions. Although both snippets involve reading input and performing calculations, the problems they are solving and the methods used to solve them are significantly different.""
   }",274
2014_3_1,137264,2016_0_2,88861,NON-CLONE,2026-07-19 14:46:57," {
     ""answer"": ""NO-NOT-SIMILAR"",
     ""explanation"": ""The two code snippets are not functionally similar. Code Snippet 1 is a solution for a problem that involves calculating the greatest power of 2 that is less than or equal to a given fraction. It uses a loop to calculate powers of 2 and then checks if the given fraction is greater than or equal to the calculated power of 2. Code Snippet 2, on the other hand, is a solution for a problem that involves counting the number of flips required to make all characters",275
2014_3_1,137264,2014_2_1,126555,NON-CLONE,2026-07-19 14:46:59," {
     ""answer"": ""NO-NOT-SIMILAR"",
     ""explanation"": ""The two code snippets are not functionally similar. Code Snippet 1 is a solution for a problem that involves calculating the greatest power of 2 that is less than or equal to a given fraction. It reads input, calculates the greatest power of 2, and outputs the result. Code Snippet 2, on the other hand, is a solution for a different problem that involves manipulating strings and calculating the minimum number of moves required to make all strings in a list equal. The",276
2014_3_1,138894,2016_0_4,138317,NON-CLONE,2026-07-19 14:47:01," {
     ""answer"": ""NO-NOT-SIMILAR"",
     ""explanation"": ""The two code snippets are not functionally similar. Code Snippet 1 is solving a problem related to fractions and checking if a fraction can be represented in a specific format. On the other hand, Code Snippet 2 is solving a problem related to fractiles and finding all possible positions. The problems and the solutions are completely different, so the code snippets are not functionally similar.""
   }",277
2014_3_1,138894,2015_0_4,77477,NON-CLONE,2026-07-19 14:47:03," {
     ""answer"": ""NO-NOT-SIMILAR"",
     ""explanation"": ""The two code snippets are not functionally similar. Code Snippet 1 is a solution for a problem that involves checking if a fraction can be represented as a sum of unit fractions with a specific limit on the number of fractions. Code Snippet 2, on the other hand, is a solution for a problem that involves determining a winner in a game based on the size of the grid and the number of cells that need to be covered. The two problems are fundamentally different, and the solutions",278
2014_3_1,136615,2016_0_4,138317,NON-CLONE,2026-07-19 14:47:05," {
     ""answer"": ""NO-NOT-SIMILAR"",
     ""explanation"": ""The two code snippets are not functionally similar. Code Snippet 1 is solving a problem related to finding the generation of a fraction while Code Snippet 2 is solving a problem related to finding positions in a sequence. Although both snippets involve reading from a file and processing data, the problems they are solving and the methods used to solve them are different.""
   }",279
2015_0_1,79967,2015_0_4,96734,NON-CLONE,2026-07-19 14:47:07," {
     ""answer"": ""NO-NOT-SIMILAR"",
     ""explanation"": ""The two code snippets are not functionally similar. Code Snippet 1 is a solution for a problem that involves reading input from a file, processing it, and writing the output to a file. It uses a loop to read and process multiple test cases. The processing involves calculating a value based on the input string. Code Snippet 2 is a solution for a different problem that involves reading input from the console, processing it, and writing the output to the console. It also uses a loop to",280
2015_0_1,79967,2015_0_3,88073,NON-CLONE,2026-07-19 14:47:09," {
     ""answer"": ""NO-NOT-SIMILAR"",
     ""explanation"": ""The two code snippets are not functionally similar. Code Snippet 1 is a solution for a problem that involves processing a string of digits and calculating a value based on the digits and their positions. Code Snippet 2 is a solution for a problem that involves evaluating a mathematical expression involving the characters 'i', 'j', and 'k' and determining whether the expression evaluates to a specific value after a certain number of iterations. The two problems are fundamentally different, and",281
2015_0_1,79967,2014_0_3,22792,NON-CLONE,2026-07-19 14:47:16," {
     ""answer"": ""NO-NOT-SIMILAR"",
     ""explanation"": ""The two code snippets are not functionally similar. Code Snippet 1 is a solution for a problem that involves processing a string of digits representing the number of seats in a row and calculating the number of additional stands that need to be added to accommodate all the people. Code Snippet 2, on the other hand, is a solution for a problem that involves generating a minefield configuration based on given dimensions and number of mines. The two problems have different requirements and the code snippets reflect",282
2015_0_1,79967,2013_1_1,30610,NON-CLONE,2026-07-19 14:47:18," {
     ""answer"": ""NO-NOT-SIMILAR"",
     ""explanation"": ""The two code snippets are not functionally similar. Code Snippet 1 is a standalone Java program that reads input from a file, processes it, and writes the output to a file. It solves a specific problem related to a Google Code Jam competition. On the other hand, Code Snippet 2 is a utility class that provides various utility methods and functionalities such as file scanning, mathematical operations, and input/output handling. The two snippets are not related to the same problem",283
2015_0_1,35102,2016_0_2,68074,NON-CLONE,2026-07-19 14:47:20," {
    ""answer"": ""NO-NOT-SIMILAR"",
    ""explanation"": ""The two code snippets are not functionally similar. Code Snippet 1 is a solution for a problem related to 'Standing Oviation' where it calculates the minimum number of friends required to help people stand up based on their shyness level. On the other hand, Code Snippet 2 is a solution for a problem related to 'Pancakes' where it calculates the minimum number of flips required to arrange all pancakes in the same direction. The problems and the",284
2015_0_1,35102,2016_0_1,55901,NON-CLONE,2026-07-19 14:47:22," {
     ""answer"": ""NO-NOT-SIMILAR"",
     ""explanation"": ""The two code snippets are not functionally similar. Code Snippet 1 is a solution for a problem that involves calculating the number of friends required to help people in an audience stand up based on their shyness levels. Code Snippet 2, on the other hand, is a solution for a problem that involves finding the smallest number that produces every digit from 0 to 9 when multiplied by a sequence of numbers. The two problems are unrelated, and the code snippets do",285
2015_0_1,35102,2013_0_3,94901,NON-CLONE,2026-07-19 14:47:24," {
     ""answer"": ""NO-NOT-SIMILAR"",
     ""explanation"": ""The two code snippets are not functionally similar. Code Snippet 1 is a solution for a problem that involves calculating the number of friends required to help a person stand up in an audience based on their shyness level. Code Snippet 2, on the other hand, is a solution for a problem that involves finding the number of palindromic squares within a given range. The two problems are completely unrelated, and the code snippets do not share any similar logic or",286
2015_0_1,68106,2013_0_2,44471,NON-CLONE,2026-07-19 14:47:25," {
    ""answer"": ""NO-NOT-SIMILAR"",
    ""explanation"": ""The two code snippets are not functionally similar. Code Snippet 1 is processing a string of numbers to calculate the number of newbs needed to make a standing count. On the other hand, Code Snippet 2 is processing a 2D matrix to check if a lawnmower pattern is possible. The tasks and the data structures used in both snippets are completely different, which makes them not functionally similar.""
   }",287
2015_0_1,68106,2013_0_3,83531,NON-CLONE,2026-07-19 14:47:28," {
    ""answer"": ""NO-NOT-SIMILAR"",
    ""explanation"": ""The two code snippets are not functionally similar. Code Snippet 1 is a solution for a problem that involves processing a string of digits and calculating a certain value based on the digits. Code Snippet 2, on the other hand, is a solution for a problem that involves finding the number of palindromes that are also squares of a number within a given range. The two problems are not the same, and the solutions are not similar in terms of the algorithms or the",288
2015_0_1,65869,2013_1_1,40715,NON-CLONE,2026-07-19 14:47:29," {
     ""answer"": ""NO-NOT-SIMILAR"",
     ""explanation"": ""The two code snippets are not functionally similar. Code Snippet 1 is a solution for a problem that involves reading a string of numbers, calculating a sum based on the values of the numbers and their positions, and writing the result to an output file. Code Snippet 2, on the other hand, is a solution for a problem that involves reading two numbers, performing a mathematical calculation using those numbers, and writing the result to an output file. The two problems are not the same, and",289
2015_0_2,34257,2016_1_2,8152,NON-CLONE,2026-07-19 14:47:31," {
     ""answer"": ""NO-NOT-SIMILAR"",
     ""explanation"": ""The two code snippets are not functionally similar. Code Snippet 1 is a solution for a problem that involves cutting pancakes into equal parts and finding the minimum number of cuts required to achieve this. It uses a PriorityQueue to store the pancakes and a recursive function to simulate the cutting process. Code Snippet 2, on the other hand, is a solution for a different problem that involves finding the unique elements in a list of numbers. It uses an ArrayList to store",290
2015_0_2,34257,2014_0_2,107403,NON-CLONE,2026-07-19 14:47:33," {
     ""answer"": ""NO-NOT-SIMILAR"",
     ""explanation"": ""The two code snippets are not functionally similar. Code Snippet 1 is a solution to a problem that involves processing a set of pancakes with different sizes and cutting them into smaller pieces to minimize the total number of cuts. Code Snippet 2, on the other hand, is a solution to a problem that involves calculating the minimum time it takes to cover a certain distance at a certain speed, with the option to buy a faster horse. The two problems are fundamentally different, and the",291
2015_0_2,34257,2016_2_1,187476,NON-CLONE,2026-07-19 14:47:35," {
     ""answer"": ""NO-NOT-SIMILAR"",
     ""explanation"": ""The two code snippets are not functionally similar. Code Snippet 1 is a solution for a problem that involves processing a file with pancake sizes and cutting them into smaller pieces to minimize the maximum number of pieces. Code Snippet 2, on the other hand, is a solution for a problem that involves decoding a string of English letters into a sequence of numbers. The two problems have completely different approaches and solutions, so the code snippets are not functionally similar.""
   }",292
2015_0_2,34257,2015_0_4,77477,NON-CLONE,2026-07-19 14:47:37," {
     ""answer"": ""YES-SIMILAR"",
     ""explanation"": ""Both code snippets are solving a similar problem. The first code snippet is reading input from a file, processing it, and writing the output to another file. The second code snippet is also reading input from a file, processing it, and writing the output to another file. The main difference is in the processing part. The first code snippet is using a PriorityQueue to store Pancake objects and then performing some operations on them. The second code snippet is parsing the input and then",293
2015_0_2,32722,2016_1_1,14479,NON-CLONE,2026-07-19 14:47:39," {
     ""answer"": ""NO-NOT-SIMILAR"",
     ""explanation"": ""The two code snippets are not functionally similar. Code Snippet 1 is a solution for a problem related to finding the minimum time required to eat pancakes in a diner, while Code Snippet 2 is a solution for a problem related to sorting a string in a specific way. The problems and the solutions are not related, so the code snippets are not functionally similar.""
   }",294
2015_0_2,32722,2013_0_2,90919,NON-CLONE,2026-07-19 14:47:41," {
     ""answer"": ""NO-NOT-SIMILAR"",
     ""explanation"": ""The two code snippets are not functionally similar. Code Snippet 1 is a solution for a problem that involves finding the minimum number of operations to make all elements in an array equal, while Code Snippet 2 is a solution for a problem that involves checking if a matrix can be made by repeating a row or a column. The two problems are not the same, and the solutions are not similar in their approach or implementation.""
   }",295
2015_0_2,32722,2015_0_3,107238,NON-CLONE,2026-07-19 14:47:43," {
     ""answer"": ""NO-NOT-SIMILAR"",
     ""explanation"": ""The two code snippets are not functionally similar. Code Snippet 1 is a solution for a problem that involves finding the minimum number of operations to make all elements of an array equal, where each operation can divide an element into any number of parts. Code Snippet 2, on the other hand, is a solution for a problem that involves checking if a string can be transformed into the identity element of a group by repeatedly concatenating it with itself. The two problems are not related, and the",296
2015_0_2,77145,2015_0_3,62582,NON-CLONE,2026-07-19 14:47:45," {
     ""answer"": ""NO-NOT-SIMILAR"",
     ""explanation"": ""The two code snippets are not functionally similar. Code Snippet 1 is a solution to a problem that involves finding the minimum number of chocolates needed to be distributed among a group of people such that each person gets at least one chocolate and the difference between the maximum and minimum number of chocolates received by any two people is minimized. Code Snippet 2, on the other hand, is a solution to a problem that involves determining whether a given string can be transformed into a string that",297
2015_0_2,77145,2016_1_1,14479,NON-CLONE,2026-07-19 14:47:47," {
     ""answer"": ""NO-NOT-SIMILAR"",
     ""explanation"": ""The two code snippets are not functionally similar. Code Snippet 1 is a solution for a problem that involves reading input, processing it, and finding the maximum value in an array. It then performs a series of calculations to determine a result. Code Snippet 2, on the other hand, is a solution for a different problem. It reads input, processes it, and finds the maximum character in a string. It then recursively solves a subproblem and constructs a string as the",298
2015_0_2,72707,2015_1_1,115055,NON-CLONE,2026-07-19 14:47:48," {
     ""answer"": ""NO-NOT-SIMILAR"",
     ""explanation"": ""The two code snippets are not functionally similar. Code Snippet 1 is solving a problem related to finding the minimum number of operations required to make all elements of a list equal, while Code Snippet 2 is solving a problem related to calculating the minimum number of mushrooms that need to be eaten at any rate and at a constant rate.""
   }",299
2015_0_3,74464,2016_0_2,125812,NON-CLONE,2026-07-19 14:47:51," {
     ""answer"": ""NO-NOT-SIMILAR"",
     ""explanation"": ""The two code snippets are not functionally similar. Code Snippet 1 is a solution for a problem that involves manipulating a sequence of characters based on certain rules and checking if a condition is met. It uses a multiplication table and checks for specific patterns in the sequence. On the other hand, Code Snippet 2 is a solution for a problem that involves counting the number of swaps required to make all characters in a sequence the same. It alternates between two characters and counts the number of",300
2015_0_3,74464,2014_2_1,119554,NON-CLONE,2026-07-19 14:47:54," {
     ""answer"": ""NO-NOT-SIMILAR"",
     ""explanation"": ""The two code snippets are not functionally similar. Code Snippet 1 is a solution for a problem that involves multiplication and checking conditions based on the input string and a target value. It uses a multiplication table and checks for specific conditions to determine if a solution exists. Code Snippet 2, on the other hand, is a solution for a different problem that involves calculating the average of character counts in a list of strings and finding the minimum total difference between the counts and the average. The",301
2015_0_3,74464,2016_0_4,100472,NON-CLONE,2026-07-19 14:47:56," {
     ""answer"": ""NO-NOT-SIMILAR"",
     ""explanation"": ""The two code snippets are not functionally similar. Code Snippet 1 is a solution for a problem that involves manipulating and checking the multiplication of elements in an array based on certain conditions. On the other hand, Code Snippet 2 is a solution for a problem that involves generating a sequence of numbers based on given conditions. The two problems are not the same, and the solutions do not perform the same task or achieve the same result.""
   }",302
2015_0_3,74464,2013_0_1,58633,NON-CLONE,2026-07-19 14:47:58," {
     ""answer"": ""NO-NOT-SIMILAR"",
     ""explanation"": ""The two code snippets are not functionally similar. Code Snippet 1 is a solution for a problem that involves multiplication and checking conditions based on the input values and the results of those multiplications. On the other hand, Code Snippet 2 is a solution for a problem that involves checking the state of a 4x4 matrix for a winning condition in a game. The two problems are fundamentally different, and the solutions do not share any similarities in their approach or logic.""
  ",303
2015_0_3,88073,2016_2_1,187476,NON-CLONE,2026-07-19 14:48:01," {
     ""answer"": ""NO-NOT-SIMILAR"",
     ""explanation"": ""The two code snippets are not functionally similar. Code Snippet 1 is a solution for a problem that involves evaluating an expression and determining if it results in a specific value after a certain number of iterations. Code Snippet 2, on the other hand, is a solution for a problem that involves finding the sequence of numbers that can be formed from a given string of characters. The two problems are fundamentally different, and the solutions do not share any common approach or algorithm.""
   }",304
2015_0_3,88073,2016_3_1,210871,NON-CLONE,2026-07-19 14:48:03," {
     ""answer"": ""NO-NOT-SIMILAR"",
     ""explanation"": ""The two code snippets are not functionally similar. Code Snippet 1 is a solution for a problem that involves evaluating an expression containing 'i', 'j', and 'k' characters based on certain rules. It then checks if the expression evaluates to a specific value after a certain number of iterations. Code Snippet 2, on the other hand, is a solution for a problem that involves finding the maximum value in a map and printing the corresponding key. The two code snippets",305
2015_0_3,88073,2013_0_3,83531,NON-CLONE,2026-07-19 14:48:05," {
    ""answer"": ""NO-NOT-SIMILAR"",
    ""explanation"": ""The two code snippets are not functionally similar. Code Snippet 1 is a solution for a problem that involves evaluating an expression containing 'i', 'j', and 'k' characters based on certain rules. It checks if the expression evaluates to a specific value after a certain number of iterations. Code Snippet 2, on the other hand, is a solution for a problem that involves finding the number of palindromes that are also squares of a number within a given range",306
2015_0_3,21597,2016_2_1,187476,NON-CLONE,2026-07-19 14:48:08," {
     ""answer"": ""NO-NOT-SIMILAR"",
     ""explanation"": ""The two code snippets are not functionally similar. Code Snippet 1 is a solution for a problem that involves string manipulation and pattern recognition, specifically related to the Dijkstra algorithm. On the other hand, Code Snippet 2 is a solution for a problem that involves counting the occurrences of characters in a string and using that information to reconstruct a number sequence. The two problems and their solutions are not related, and the code snippets do not perform the same task or achieve",307
2015_0_3,21597,2016_0_2,88861,NON-CLONE,2026-07-19 14:48:09," {
     ""answer"": ""NO-NOT-SIMILAR"",
     ""explanation"": ""The two code snippets are not functionally similar. Code Snippet 1 is a solution for a problem that involves processing a sequence of characters and determining if it can be divided into three parts that, when multiplied together, result in a specific value. Code Snippet 2, on the other hand, is counting the number of flips in a sequence of '+' and '-' characters. The two snippets have completely different functionalities and do not perform the same task.""
   }",308
2015_0_3,62582,2014_2_1,125050,NON-CLONE,2026-07-19 14:48:12," {
     ""answer"": ""NO-NOT-SIMILAR"",
     ""explanation"": ""The two code snippets are not functionally similar. Code Snippet 1 is a solution for a problem that involves string manipulation and mathematical operations, while Code Snippet 2 is a solution for a problem that involves counting characters in strings and finding the minimum number of moves required to make all strings equal. The problems and the solutions are not the same, so the code snippets are not functionally similar.""
   }",309
2015_0_4,107149,2016_1_2,20611,NON-CLONE,2026-07-19 14:48:14," {
     ""answer"": ""NO-NOT-SIMILAR"",
     ""explanation"": ""The two code snippets are not functionally similar. Code Snippet 1 is a solution for a problem that involves determining a winner in a game based on the values of x, r, and c. It reads input from a file, processes it, and writes the output to another file. On the other hand, Code Snippet 2 is a solution for a problem that involves finding missing numbers in a list. It reads input, counts the frequency of each number, and outputs the numbers that occur an",310
2015_0_4,107149,2015_0_1,65869,NON-CLONE,2026-07-19 14:48:16," {
     ""answer"": ""NO-NOT-SIMILAR"",
     ""explanation"": ""The two code snippets are not functionally similar. Code Snippet 1 is a solution for a problem that involves determining a winner based on the values of x, r, and c. It reads input from a file, processes it, and writes the output to another file. Code Snippet 2, on the other hand, is a solution for a different problem. It reads a string of digits from a file, performs some calculations on it, and writes the result to another file. The two",311
2015_0_4,107149,2013_0_3,83531,NON-CLONE,2026-07-19 14:48:18," {
     ""answer"": ""NO-NOT-SIMILAR"",
     ""explanation"": ""The two code snippets are not functionally similar. Code Snippet 1 is a solution for a problem that involves determining a winner in a game based on the dimensions of a grid and a certain number 'x'. The game rules are different for each 'x' value. Code Snippet 2, on the other hand, is a solution for a problem that involves counting the number of palindromic squares within a range. The two problems have different objectives and use different algorithms to solve them.""",312
2015_0_4,107149,2014_3_1,138894,NON-CLONE,2026-07-19 14:48:20," {
     ""answer"": ""NO-NOT-SIMILAR"",
     ""explanation"": ""The two code snippets are not functionally similar. Code Snippet 1 is a solution for a problem that involves determining a winner based on the values of x, r, and c. It reads input from a file, processes it, and writes the output to another file. On the other hand, Code Snippet 2 is a solution for a problem that involves determining the number of steps required to reach a certain fraction or determining if it's impossible. It also reads input from a file and writes",313
2015_0_4,96734,2015_1_1,127730,NON-CLONE,2026-07-19 14:48:22," {
     ""answer"": ""NO-NOT-SIMILAR"",
     ""explanation"": ""The two code snippets are not functionally similar. Code Snippet 1 is a solution for a problem that involves determining a winner in a game based on the values of x, r, and c. On the other hand, Code Snippet 2 is a solution for a problem that involves calculating two different values (res1 and res2) based on an array of integers. The problems and the solutions are not related in any way, so the code snippets are not functionally similar",314
2015_0_4,96734,2014_0_2,107403,NON-CLONE,2026-07-19 14:48:23," {
     ""answer"": ""NO-NOT-SIMILAR"",
     ""explanation"": ""The two code snippets are not functionally similar. Code Snippet 1 is a solution for a problem that involves determining a winner in a game based on certain conditions. It reads input, processes it, and outputs the winner for each test case. On the other hand, Code Snippet 2 is a solution for a problem that involves calculating the minimum time to reach a destination based on a given speed, car speed, and distance. It reads input, processes it using a different algorithm, and outputs",315
2015_0_4,96734,2015_1_1,124925,NON-CLONE,2026-07-19 14:48:25," {
     ""answer"": ""NO-NOT-SIMILAR"",
     ""explanation"": ""The two code snippets are not functionally similar. Code Snippet 1 is a solution for a problem that involves determining a winner in a game based on the values of x, r, and c. Code Snippet 2, on the other hand, is a solution for a problem that involves calculating the minimum number of adjustments needed to make an array of integers non-decreasing. The two problems are unrelated, and the code snippets do not perform the same task or",316
2015_0_4,79014,2013_0_1,84294,NON-CLONE,2026-07-19 14:48:27," {
     ""answer"": ""NO-NOT-SIMILAR"",
     ""explanation"": ""The two code snippets are not functionally similar. Code Snippet 1 is a solution for a problem that involves determining whether a player can win a game based on the board size and the number of tiles each player has. It reads input for the number of test cases, then for each test case, it reads the board size and the number of tiles for each player. It then calculates whether the first player (Richard) can win based on these inputs. Code Snippet 2, on the",317
2015_0_4,79014,2016_3_1,210871,NON-CLONE,2026-07-19 14:48:29," {
     ""answer"": ""NO-NOT-SIMILAR"",
     ""explanation"": ""The two code snippets are not functionally similar. Code Snippet 1 is a solution for a problem that involves determining whether a player named Richard can win a game based on the input values of X, R, and C. The game's win condition is based on the divisibility of the area (R*C) by X and the values of the minimum and maximum of R and C. Code Snippet 2, on the other hand, is a solution for a problem that involves processing a",318
2015_0_4,21673,2016_3_1,210871,NON-CLONE,2026-07-19 14:48:31," {
     ""answer"": ""NO-NOT-SIMILAR"",
     ""explanation"": ""The two code snippets are not functionally similar. Code Snippet 1 is a solution to a problem that involves determining whether a given rectangle can be divided into smaller rectangles of a given size. Code Snippet 2, on the other hand, is a solution to a problem that involves distributing a set of values among a set of characters. The two problems are not the same, and the solutions to the problems are not similar.""
   }",319
2015_1_1,127730,2014_2_1,126555,NON-CLONE,2026-07-19 14:48:33," {
     ""answer"": ""NO-NOT-SIMILAR"",
     ""explanation"": ""The two code snippets are not functionally similar. Code Snippet 1 is a solution to a problem that involves reading a file with a certain format, processing the data, and calculating two different results based on that data. Code Snippet 2, on the other hand, is a solution to a different problem that involves processing a list of strings and calculating a single result based on that data. The two problems and the solutions are not similar in terms of the tasks they perform or the data they",320
2015_1_1,127730,2016_0_1,72044,NON-CLONE,2026-07-19 14:48:35," {
     ""answer"": ""NO-NOT-SIMILAR"",
     ""explanation"": ""The two code snippets are not functionally similar. Code Snippet 1 is processing a list of integers and calculating two different results based on the input. It uses two different algorithms, solve1 and solve2, to achieve this. On the other hand, Code Snippet 2 is reading a number and calculating the smallest number that, when multiplied by the input number, results in a number that contains all digits from 0 to 9. The two code snippets are",321
2015_1_1,127730,2014_0_2,27351,NON-CLONE,2026-07-19 14:48:37," {
     ""answer"": ""NO-NOT-SIMILAR"",
     ""explanation"": ""The two code snippets are not functionally similar. Code Snippet 1 is a solution for a problem that involves processing an array of integers and calculating two different results based on the array. It reads input from a file, processes it, and outputs the results. Code Snippet 2, on the other hand, is a solution for a problem that involves calculating the minimum time to reach a certain distance by either continuously moving or buying a farm that increases the speed. It reads input from a",322
2015_1_1,127730,2016_0_1,72044,NON-CLONE,2026-07-19 14:48:38," {
     ""answer"": ""NO-NOT-SIMILAR"",
     ""explanation"": ""The two code snippets are not functionally similar. Code Snippet 1 is solving a problem related to array manipulation and calculation of differences, while Code Snippet 2 is solving a problem related to finding a number that contains all digits from 0 to 9 when multiplied by a certain number.""
   }",323
2015_1_1,114491,2013_0_3,118052,NON-CLONE,2026-07-19 14:48:40," {
    ""answer"": ""NO-NOT-SIMILAR"",
    ""explanation"": ""The two code snippets are not functionally similar. Code Snippet 1 is processing an array of integers and calculating two values: 'y' and 'z'. It's used to find the difference between consecutive elements in the array and then calculate 'z' based on the maximum difference found. Code Snippet 2, on the other hand, is checking for palindromic numbers within a given range and counting the number of palindromic squares within that range. The two",324
2015_1_1,114491,2016_1_2,8152,NON-CLONE,2026-07-19 14:48:42," {
     ""answer"": ""NO-NOT-SIMILAR"",
     ""explanation"": ""The two code snippets are not functionally similar. Code Snippet 1 is processing an array of integers to calculate two values: 'y' and 'z'. It iterates over the array twice, once to calculate 'y' and another time to calculate 'z'. On the other hand, Code Snippet 2 is sorting an array of integers and removing pairs of equal elements until the size of the array is equal to a given count. The two code snippets have different functional",325
2015_1_1,114491,2014_3_1,136615,NON-CLONE,2026-07-19 14:48:44," {
     ""answer"": ""NO-NOT-SIMILAR"",
     ""explanation"": ""The two code snippets are not functionally similar. Code Snippet 1 is a program that reads a number of test cases and for each test case, it reads an array of integers. It then calculates two values: 'y' and 'z'. 'y' is the sum of the differences between each pair of consecutive elements in the array where the current element is greater than the next. 'z' is the sum of the minimum values between 'rate' and each element in the array,",326
2015_1_1,125935,2016_1_2,31984,NON-CLONE,2026-07-19 14:48:46," {
     ""answer"": ""NO-NOT-SIMILAR"",
     ""explanation"": ""The two code snippets are not functionally similar. Code Snippet 1 is a solution for a problem that involves reading input, processing it, and returning a result. It uses a custom scanner to read input and performs calculations on the input data. Code Snippet 2, on the other hand, is a utility class for reading input from a file. It does not perform any calculations or return any results. Therefore, the two code snippets are not functionally similar.""
   }",327
2015_1_1,125935,2016_0_1,72044,NON-CLONE,2026-07-19 14:48:48," {
     ""answer"": ""NO-NOT-SIMILAR"",
     ""explanation"": ""The two code snippets are not functionally similar. Code Snippet 1 is solving a problem related to finding the maximum difference between consecutive elements in an array and the minimum value of a subarray that satisfies a certain condition. On the other hand, Code Snippet 2 is solving a problem related to finding the smallest number that contains all digits from 0 to 9 when multiplied by a certain number. The problems and the approaches used in the two code snippets are completely different.""
",328
2015_1_1,124925,2016_1_1,8299,NON-CLONE,2026-07-19 14:48:49," {
     ""answer"": ""NO-NOT-SIMILAR"",
     ""explanation"": ""The two code snippets are not functionally similar. Code Snippet 1 is a solution for a problem that involves processing an array of integers and calculating two results based on certain conditions. On the other hand, Code Snippet 2 is a solution for a problem that involves manipulating a string and rearranging its characters based on a specific condition. The problems and the solutions are not related in any way, so the code snippets are not functionally similar.""
   }",329
2016_0_1,60475,2014_0_3,108079,NON-CLONE,2026-07-19 14:48:52," {
     ""answer"": ""NO-NOT-SIMILAR"",
     ""explanation"": ""The two code snippets are not functionally similar. Code Snippet 1 is a solution for a problem that involves finding the smallest number that can be multiplied by a given number to produce a number containing all digits from 0 to 9. Code Snippet 2, on the other hand, is a solution for a problem that involves generating a minefield configuration for a game of Minesweeper. The two problems are fundamentally different, and the solutions do not share any similarities in",330
2016_0_1,60475,2013_1_1,40715,NON-CLONE,2026-07-19 14:48:54," {
     ""answer"": ""NO-NOT-SIMILAR"",
     ""explanation"": ""The two code snippets are not functionally similar. Code Snippet 1 is a solution for a problem that involves reading a number 'n' from input, and then finding the smallest number 'sum' that is a multiple of 'n' such that all digits from 0 to 9 have appeared in at least one of the numbers from 'n' to 'sum'. Code Snippet 2, on the other hand, is a solution for a problem that involves reading two numbers 'r'",331
2016_0_1,60475,2015_0_2,77145,NON-CLONE,2026-07-19 14:48:55," {
     ""answer"": ""NO-NOT-SIMILAR"",
     ""explanation"": ""The two code snippets are not functionally similar. Code Snippet 1 is solving a problem related to finding the last number in a sequence that contains all digits from 0 to 9, while Code Snippet 2 is solving a problem related to finding the minimum number of candies that need to be distributed to a group of people such that each person has at least one candy and the total number of candies is minimized.""
   }",332
2016_0_1,60475,2014_0_2,107403,NON-CLONE,2026-07-19 14:48:57," {
     ""answer"": ""NO-NOT-SIMILAR"",
     ""explanation"": ""The two code snippets are not functionally similar. Code Snippet 1 is a solution for a problem that involves reading a number 'n' from an input file, calculating a sum of multiples of 'n' until all digits from 0 to 9 have appeared in the sum, and writing the result to an output file. Code Snippet 2, on the other hand, is a solution for a problem that involves calculating the minimum time required for a certain rate to cover a",333
2016_0_1,69477,2016_0_2,162423,NON-CLONE,2026-07-19 14:48:59," {
     ""answer"": ""NO-NOT-SIMILAR"",
     ""explanation"": ""The two code snippets are not functionally similar. Code Snippet 1 is a solution for a problem that involves finding the smallest number that contains all digits from 0 to 9 when multiplied by a given number. Code Snippet 2, on the other hand, is a solution for a problem that involves flipping pancakes to make them all happy side up. The two problems are not related, and the solutions do not perform the same task or achieve the same result.""
  ",334
2016_0_1,69477,2016_0_2,125812,NON-CLONE,2026-07-19 14:49:01," {
     ""answer"": ""NO-NOT-SIMILAR"",
     ""explanation"": ""The two code snippets are not functionally similar. Code Snippet 1 is a solution for a problem that involves reading a number, calculating a new number based on that input, and checking the digits of the calculated number until all digits from 0 to 9 have been encountered. On the other hand, Code Snippet 2 is a solution for a problem that involves reading a string of '+' and '-' characters, and counting the number of swaps required to alternate the characters.",335
2016_0_1,69477,2013_0_1,84294,NON-CLONE,2026-07-19 14:49:02," {
     ""answer"": ""NO-NOT-SIMILAR"",
     ""explanation"": ""The two code snippets are not functionally similar. Code Snippet 1 is a solution for a problem that involves reading an input number and finding the smallest number that is a multiple of the input number and contains all digits from 0 to 9. Code Snippet 2, on the other hand, is a solution for a problem that involves checking the winner of a tic-tac-toe game. The two problems are completely unrelated and the code snippets do not perform",336
2016_0_1,123558,2016_1_1,14479,NON-CLONE,2026-07-19 14:49:05," {
     ""answer"": ""NO-NOT-SIMILAR"",
     ""explanation"": ""The two code snippets are not functionally similar. Code Snippet 1 is a solution for a problem that involves counting sheep and finding a number that contains all digits from 0 to 9. Code Snippet 2, on the other hand, is a solution for a problem that involves finding the largest character in a string and rearranging the string such that the largest character appears first, followed by the remaining characters in their original order. The two problems are not the same, and the solutions",337
2016_0_1,123558,2015_0_1,35102,NON-CLONE,2026-07-19 14:49:06," {
     ""answer"": ""NO-NOT-SIMILAR"",
     ""explanation"": ""The two code snippets are not functionally similar. Code Snippet 1 is a solution for a problem that involves counting sheep to help a person fall asleep. It reads a number from an input file, multiplies it by increasing numbers until all digits from 0 to 9 have appeared in the resulting numbers, and then prints the last number that made this happen. Code Snippet 2, on the other hand, is a solution for a problem that involves standing ovation. It reads a string",338
2016_0_1,55901,2015_1_1,125935,NON-CLONE,2026-07-19 14:49:09," {
     ""answer"": ""NO-NOT-SIMILAR"",
     ""explanation"": ""The two code snippets are not functionally similar. Code Snippet 1 is a solution for a problem that involves finding the smallest number that can be multiplied by a given number to produce a number containing all digits from 0 to 9. Code Snippet 2, on the other hand, is a solution for a problem that involves calculating the sum of differences between consecutive elements in an array, and the sum of minimums between a range and consecutive elements in the array.""
   }",339
2016_0_2,68074,2013_0_1,124149,NON-CLONE,2026-07-19 14:49:11," {
     ""answer"": ""NO-NOT-SIMILAR"",
     ""explanation"": ""The two code snippets are not functionally similar. Code Snippet 1 is a solution for a problem that involves flipping pancakes to make them all the same side up, while Code Snippet 2 is a solution for a problem that involves determining the winner of a tic-tac-toe game. The problems and the solutions are completely different, so the code snippets are not functionally similar.""
   }",340
2016_0_2,68074,2013_0_3,83531,NON-CLONE,2026-07-19 14:49:13," {
     ""answer"": ""NO-NOT-SIMILAR"",
     ""explanation"": ""The two code snippets are not functionally similar. Code Snippet 1 is a solution for a problem that involves flipping pancakes, while Code Snippet 2 is a solution for a problem that involves finding the number of palindromic squares in a range. Although both snippets involve reading input and performing operations based on that input, the operations and the problems they are solving are fundamentally different.""
   }",341
2016_0_2,68074,2015_0_2,32722,NON-CLONE,2026-07-19 14:49:15," {
     ""answer"": ""NO-NOT-SIMILAR"",
     ""explanation"": ""The two code snippets are not functionally similar. Code Snippet 1 is a solution for a problem that involves flipping pancakes to make them all the same side up. It reads a string representing the initial state of the pancakes and calculates the minimum number of flips required to make all pancakes the same side up. Code Snippet 2, on the other hand, is a solution for a different problem that involves dividing pancakes among diners to minimize the",342
2016_0_2,68074,2014_3_1,138529,NON-CLONE,2026-07-19 14:49:16," {
     ""answer"": ""NO-NOT-SIMILAR"",
     ""explanation"": ""The two code snippets are not functionally similar. Code Snippet 1 is a solution for a problem that involves flipping pancakes, while Code Snippet 2 is a solution for a problem that involves finding the number of operations required to convert one fraction to another. The two problems are fundamentally different, and the solutions reflect this difference in their structure, logic, and variables used.""
   }",343
2016_0_2,150691,2014_2_1,124976,NON-CLONE,2026-07-19 14:49:19," {
     ""answer"": ""NO-NOT-SIMILAR"",
     ""explanation"": ""The two code snippets are not functionally similar. Code Snippet 1 is solving a problem related to a sequence of '+' and '-' characters, while Code Snippet 2 is solving a problem related to a set of strings. The problems and the solutions are not the same, so the code snippets are not functionally similar.""
   }",344
2016_0_2,150691,2013_0_2,55421,NON-CLONE,2026-07-19 14:49:20," {
     ""answer"": ""NO-NOT-SIMILAR"",
     ""explanation"": ""The two code snippets are not functionally similar. Code Snippet 1 is solving a problem related to a sequence of '+' and '-' characters, while Code Snippet 2 is solving a problem related to a lawnmower pattern. The problems and the solutions are completely different, even though they are both written in Java.""
   }",345
2016_0_2,150691,2014_2_1,124976,NON-CLONE,2026-07-19 14:49:22," {
     ""answer"": ""NO-NOT-SIMILAR"",
     ""explanation"": ""The two code snippets are not functionally similar. Code Snippet 1 is a solution for a problem that involves manipulating a sequence of '+' and '-' characters, while Code Snippet 2 is a solution for a problem that involves comparing and counting characters in multiple strings. The problems and their solutions are not related, so the code snippets are not functionally similar.""
   }",346
2016_0_2,125812,2016_0_4,58218,NON-CLONE,2026-07-19 14:49:24," {
     ""answer"": ""NO-NOT-SIMILAR"",
     ""explanation"": ""The two code snippets are not functionally similar. Code Snippet 1 is a solution for a problem that involves flipping pancakes to make them all happy or sad. It reads a string of '+' and '-' characters, where '+' represents a happy pancake and '-' represents a sad pancake. The goal is to find the minimum number of flips required to make all pancakes happy or sad. Code Snippet 2, on the other hand, is a",347
2016_0_2,125812,2013_0_3,55548,NON-CLONE,2026-07-19 14:49:26," {
     ""answer"": ""NO-NOT-SIMILAR"",
     ""explanation"": ""The two code snippets are not functionally similar. Code Snippet 1 is a solution for a problem that involves flipping pancakes to make them all happy or sad. It reads a string of '+' and '-' characters from an input file, and it counts the number of swaps required to make all the pancakes the same. Code Snippet 2, on the other hand, is a solution for a problem that involves finding fair squares. It generates a list of fair squ",348
2016_0_2,88861,2013_0_3,55548,NON-CLONE,2026-07-19 14:49:29," {
     ""answer"": ""NO-NOT-SIMILAR"",
     ""explanation"": ""The two code snippets are not functionally similar. Code Snippet 1 is a simple program that counts the number of flips needed to make all characters in a string the same. It reads a number of test cases and for each test case, it reads a string and counts the number of flips needed to make all characters in the string the same. Code Snippet 2, on the other hand, is a program that generates a list of fair square numbers (numbers that are the square of",349
2016_0_4,100472,2016_3_1,218815,NON-CLONE,2026-07-19 14:49:31," {
     ""answer"": ""NO-NOT-SIMILAR"",
     ""explanation"": ""The two code snippets are not functionally similar. Code Snippet 1 is a solution for a problem that involves calculating a sequence based on three input variables: k, c, and s. It performs a series of mathematical operations and prints the result. On the other hand, Code Snippet 2 is a solution for a different problem that involves manipulating strings based on an input array. It uses a different approach and does not perform any mathematical operations. Therefore, the two code snippets are",350
2016_0_4,100472,2015_1_1,125935,NON-CLONE,2026-07-19 14:49:33," {
    ""answer"": ""NO-NOT-SIMILAR"",
    ""explanation"": ""The two code snippets are not functionally similar. Code Snippet 1 is a solution for a problem related to Google Code Jam, specifically the 'Fractiles' problem. It reads input values for k, c, and s, and then calculates and prints a sequence of numbers based on these values. Code Snippet 2, on the other hand, is a solution for a different problem that involves reading an array of numbers and calculating two values, x and y, based on the differences",351
2016_0_4,100472,2013_0_2,90919,NON-CLONE,2026-07-19 14:49:35," {
     ""answer"": ""NO-NOT-SIMILAR"",
     ""explanation"": ""The two code snippets are not functionally similar. Code Snippet 1 is a solution for a problem related to Google Code Jam, specifically the 'Fractiles' problem. It reads input values for k, c, and s, and then calculates and prints a sequence of numbers based on these values. Code Snippet 2, on the other hand, is a solution for a different problem, likely from a coding competition. It reads input values for a 2D array, finds the maximum",352
2016_0_4,100472,2016_0_1,55901,NON-CLONE,2026-07-19 14:49:37," {
     ""answer"": ""NO-NOT-SIMILAR"",
     ""explanation"": ""The two code snippets are not functionally similar. Code Snippet 1 is a solution for a problem that involves generating a sequence of numbers based on certain conditions, while Code Snippet 2 is a solution for a problem that involves finding a number that contains all digits from 0 to 9 when multiplied by certain numbers. The problems and the solutions are not related.""
   }",353
2016_0_4,129913,2013_1_1,30788,NON-CLONE,2026-07-19 14:49:39," {
     ""answer"": ""NO-NOT-SIMILAR"",
     ""explanation"": ""The two code snippets are not functionally similar. Code Snippet 1 is a solution for a problem that involves calculating fractiles based on given inputs for K, C, and S. It uses a loop to calculate and print the fractiles. Code Snippet 2, on the other hand, is a solution for a different problem that involves calculating the number of circles that can be drawn inside a square based on given inputs for R and T. It uses a mathematical formula to calculate the number",354
2016_0_4,129913,2013_1_1,30788,NON-CLONE,2026-07-19 14:49:40," {
     ""answer"": ""NO-NOT-SIMILAR"",
     ""explanation"": ""The two code snippets are not functionally similar. Code Snippet 1 is solving a problem related to fractiles and calculating a sequence of numbers based on the input values of K, C, and S. On the other hand, Code Snippet 2 is solving a different problem related to circles and calculating the number of circles that can be inscribed in a larger circle based on the input values of R and T. The problems and the calculations involved are different, so the code snippets",355
2016_0_4,129913,2016_1_2,30007,NON-CLONE,2026-07-19 14:49:42," {
    ""answer"": ""NO-NOT-SIMILAR"",
    ""explanation"": ""The two code snippets are not functionally similar. Code Snippet 1 is a solution for a problem that involves calculating fractiles based on given inputs K, C, and S. It reads these inputs from standard input, performs calculations, and outputs the results. On the other hand, Code Snippet 2 is a solution for a different problem that involves finding unique elements in a list of numbers. It reads the numbers from standard input, performs calculations using a MultiSet data structure, and outputs the",356
2016_0_4,58218,2015_1_1,127730,NON-CLONE,2026-07-19 14:49:44," {
     ""answer"": ""NO-NOT-SIMILAR"",
     ""explanation"": ""The two code snippets are not functionally similar. Code Snippet 1 is a solution for a problem that involves generating a sequence of numbers based on certain input parameters, while Code Snippet 2 is a solution for a problem that involves calculating the minimum number of elements that need to be eaten from a sequence of numbers. The problems and the solutions are not related in any way, so the code snippets are not functionally similar.""
   }",357
2016_0_4,58218,2016_0_2,68074,NON-CLONE,2026-07-19 14:49:46," {
     ""answer"": ""NO-NOT-SIMILAR"",
     ""explanation"": ""The two code snippets are not functionally similar. Code Snippet 1 is a solution to a problem that involves reading input from a file, processing it, and writing the output to a file. It appears to be solving a problem related to fractiles or a mathematical sequence. On the other hand, Code Snippet 2 is a solution to a problem that involves reading a string of '+' and '-' characters and determining the minimum number of flips required to make all characters the same. The two",358
2016_0_4,63729,2014_0_2,81302,NON-CLONE,2026-07-19 14:49:48," {
     ""answer"": ""NO-NOT-SIMILAR"",
     ""explanation"": ""The two code snippets are not functionally similar. Code Snippet 1 is a solution for a problem that involves generating a sequence based on two input parameters K and C, and then finding a specific pattern in that sequence. It reads input from a file, processes it, and writes the output to another file. On the other hand, Code Snippet 2 is a solution for a problem that involves calculating the minimum time it takes to reach a destination with varying speeds. It also reads input from a",359
2016_1_1,1153,2014_2_1,126555,NON-CLONE,2026-07-19 14:49:51," {
     ""answer"": ""NO-NOT-SIMILAR"",
     ""explanation"": ""The two code snippets are not functionally similar. Code Snippet 1 is a solution for a problem that involves manipulating a string to find the last lexicographically largest string that can be formed by rearranging the characters of the input string. Code Snippet 2, on the other hand, is a solution for a different problem that involves finding the minimum number of moves required to make all strings in a list have the same characters in the same order. The two problems are not the same",360
2016_1_1,1153,2016_0_1,123558,NON-CLONE,2026-07-19 14:49:52," {
    ""answer"": ""NO-NOT-SIMILAR"",
    ""explanation"": ""The two code snippets are not functionally similar. Code Snippet 1 is a solution for a problem that involves manipulating a string to form a new string, while Code Snippet 2 is a solution for a problem that involves counting sheep and checking if a number contains all digits from 0 to 9. The tasks and the approaches used in both code snippets are completely different, hence they are not functionally similar.""
   }",361
2016_1_1,1153,2016_0_4,58218,NON-CLONE,2026-07-19 14:49:54," {
     ""answer"": ""NO-NOT-SIMILAR"",
     ""explanation"": ""The two code snippets are not functionally similar. Code Snippet 1 is a solution for a problem that involves manipulating a string input, while Code Snippet 2 is a solution for a problem that involves generating a sequence of numbers based on given parameters. The tasks and the approaches used in both code snippets are fundamentally different, so they are not functionally similar.""
   }",362
2016_1_1,1153,2015_0_3,107238,NON-CLONE,2026-07-19 14:49:56," {
    ""answer"": ""NO-NOT-SIMILAR"",
    ""explanation"": ""The two code snippets are not functionally similar. Code Snippet 1 is a program that reads a number of strings and rearranges each string such that the lexicographically largest string is formed. Code Snippet 2, on the other hand, is a program that checks if a given string of 'i', 'j', and 'k' characters can be rearranged to form a specific product when multiplied in a certain order. The two programs have completely different functionalities and do",363
2016_1_1,14479,2014_0_3,99421,NON-CLONE,2026-07-19 14:49:59," {
     ""answer"": ""NO-NOT-SIMILAR"",
     ""explanation"": ""The two code snippets are not functionally similar. Code Snippet 1 is a solution for a problem that involves reading a file with a specific pattern, processing the input, and writing the output to a file. It uses a FastScanner class to read the input and a TaskA class to solve the problem. Code Snippet 2, on the other hand, is a solution for a different problem that involves generating a field with mines and empty spaces based on certain conditions. It uses a thread pool",364
2016_1_1,14479,2016_0_1,72044,NON-CLONE,2026-07-19 14:50:01," {
     ""answer"": ""NO-NOT-SIMILAR"",
     ""explanation"": ""The two code snippets are not functionally similar. Code Snippet 1 is a solution for a problem that involves reading input files, processing the input, and writing output to a file. It uses a custom FastScanner class to read input efficiently. The main task is to find the file with the latest modification time that matches a certain regex pattern and process it. Code Snippet 2, on the other hand, is a solution for a problem that involves counting sheep. It reads a number from a",365
2016_1_1,14479,2016_3_1,218815,NON-CLONE,2026-07-19 14:50:03," {
     ""answer"": ""YES-SIMILAR"",
     ""explanation"": ""Both code snippets are solving the same problem, which is to find the string with the maximum character value and rearrange the string in a specific way. The first code snippet is using a more complex approach with recursion and string manipulation, while the second code snippet is using a more straightforward approach with a loop and string concatenation. However, both approaches achieve the same result, which is to rearrange the input string based on the maximum character value.""
   }",366
2016_1_1,8299,2016_2_1,193269,NON-CLONE,2026-07-19 14:50:05," {
     ""answer"": ""YES-SIMILAR"",
     ""explanation"": ""Both code snippets are solving the same problem, which is to rearrange the characters in a given string to form a new string of digits where each digit corresponds to a unique English word. The first code snippet does this by iterating through the string and appending characters to the beginning or end of the result string based on a comparison. The second code snippet does this by counting the occurrences of each character in the string and then iteratively removing the characters of each unique English word that",367
2016_1_1,8299,2014_0_3,108079,NON-CLONE,2026-07-19 14:50:07," {
     ""answer"": ""NO-NOT-SIMILAR"",
     ""explanation"": ""The two code snippets are not functionally similar. Code Snippet 1 is a solution for a problem that involves manipulating a string, while Code Snippet 2 is a solution for a problem that involves generating a minesweeper board. The tasks and the approaches used in both code snippets are different, so they are not functionally similar.""
   }",368
2016_1_1,29796,2016_3_1,211583,NON-CLONE,2026-07-19 14:50:09," {
     ""answer"": ""NO-NOT-SIMILAR"",
     ""explanation"": ""The two code snippets are not functionally similar. Code Snippet 1 is a simple program that reads a string and rearranges its characters based on a specific condition. On the other hand, Code Snippet 2 is a more complex program that reads integers, creates pairs of these integers, and then rearranges these pairs based on a set of conditions. The two programs do not perform the same task or achieve the same result.""
   }",369
2016_1_2,8152,2014_3_1,138529,NON-CLONE,2026-07-19 14:50:11," {
     ""answer"": ""NO-NOT-SIMILAR"",
     ""explanation"": ""The two code snippets are not functionally similar. Code Snippet 1 is a solution for a problem that involves reading a list of integers, removing duplicates, and printing the remaining sorted list. On the other hand, Code Snippet 2 is a solution for a problem that involves finding the difference between the number of times a number is divided by 2 in its prime factorization and the number of times another number is divided by 2 in its prime factorization. The two problems are",370
2016_1_2,8152,2015_0_3,88073,NON-CLONE,2026-07-19 14:50:13," {
     ""answer"": ""NO-NOT-SIMILAR"",
     ""explanation"": ""The two code snippets are not functionally similar. Code Snippet 1 is a solution for a problem that involves reading a number of integers from input, sorting them, and removing pairs of duplicates until only a specific number of unique integers remain. The remaining integers are then printed out. Code Snippet 2, on the other hand, is a solution for a problem that involves evaluating a boolean expression consisting of the characters 'i', 'j', and 'k' based",371
2016_1_2,8152,2016_2_1,197689,NON-CLONE,2026-07-19 14:50:16," {
     ""answer"": ""NO-NOT-SIMILAR"",
     ""explanation"": ""The two code snippets are not functionally similar. Code Snippet 1 is a solution for a problem that involves reading a list of numbers, removing duplicates, and sorting the remaining numbers. Code Snippet 2, on the other hand, is a solution for a problem that involves reading a string of characters, counting the occurrences of specific characters, and using those counts to construct a new string of digits. The two problems are fundamentally different, and the solutions reflect this difference",372
2016_1_2,8152,2016_1_1,29796,NON-CLONE,2026-07-19 14:50:17," {
     ""answer"": ""NO-NOT-SIMILAR"",
     ""explanation"": ""The two code snippets are not functionally similar. Code Snippet 1 is a program that reads a list of integers, removes duplicates, and sorts the remaining unique integers. It is used for a problem that involves finding a specific set of unique integers from a larger list. Code Snippet 2 is a program that reads a string and rearranges its characters in a specific way to produce a lexicographically largest string possible. The two programs have different functionalities and",373
2016_1_2,31984,2015_0_2,77145,NON-CLONE,2026-07-19 14:50:19," {
     ""answer"": ""NO-NOT-SIMILAR"",
     ""explanation"": ""The two code snippets are not functionally similar. Code Snippet 1 is a utility class that reads input from a file and stores it in a 2D array. It does not perform any calculations or operations on the input. On the other hand, Code Snippet 2 is a complete program that reads input, performs calculations (finding the maximum value, calculating sums, and finding the minimum value), and outputs the result. The two snippets have different purposes and functionalities.""",374
2016_1_2,31984,2015_0_4,96734,NON-CLONE,2026-07-19 14:50:21," {
     ""answer"": ""NO-NOT-SIMILAR"",
     ""explanation"": ""The two code snippets are not functionally similar. Code Snippet 1 is a utility class that reads input from a file and stores it in a 2D array. It is used to handle input for a problem that requires processing multiple test cases, each with a variable number of lines. Code Snippet 2 is a complete program that reads input from standard input, performs a series of calculations based on the input, and outputs the result. The two code snippets have different purposes and perform different",375
2016_1_2,31984,2016_0_1,69477,NON-CLONE,2026-07-19 14:50:23," {
     ""answer"": ""NO-NOT-SIMILAR"",
     ""explanation"": ""The two code snippets are not functionally similar. Code Snippet 1 is designed to read input from a file and store it in a 2D array, while Code Snippet 2 is a solution for a problem that involves reading a number, performing calculations based on that number, and then printing the result. The two snippets have different purposes and functionalities.""
   }",376
2016_1_2,20611,2015_0_4,79014,NON-CLONE,2026-07-19 14:50:24," {
     ""answer"": ""NO-NOT-SIMILAR"",
     ""explanation"": ""The two code snippets are not functionally similar. Code Snippet 1 is a solution for finding missing numbers in a list, while Code Snippet 2 is a solution for a game strategy problem. They perform completely different tasks and do not have any similar functionality.""
   }",377
2016_1_2,20611,2013_1_1,35305,NON-CLONE,2026-07-19 14:50:26," {
     ""answer"": ""NO-NOT-SIMILAR"",
     ""explanation"": ""The two code snippets are not functionally similar. Code Snippet 1 is a Java program that reads a number 'n' and then reads '2 * n - 1' numbers. It counts the frequency of each number and finds the numbers that appear an odd number of times. It then sorts these numbers and prints them. Code Snippet 2, on the other hand, is a Java program that reads a number 'kases' and then performs a binary search for each case. It calcul",378
2016_1_2,19093,2014_2_1,115332,NON-CLONE,2026-07-19 14:50:31," {
     ""answer"": ""NO-NOT-SIMILAR"",
     ""explanation"": ""The two code snippets are not functionally similar. Code Snippet 1 is a solution for a problem that involves reading a number of test cases, each containing a matrix of integers. For each test case, the code counts the occurrences of each integer in the matrix and stores the counts in an array. It then iterates through the array to find the integers that occur an odd number of times and prints them as the result for the test case. Code Snippet 2, on the",379
2016_2_1,197689,2014_0_3,22792,NON-CLONE,2026-07-19 14:50:39," {
     ""answer"": ""NO-NOT-SIMILAR"",
     ""explanation"": ""The two code snippets are not functionally similar. Code Snippet 1 is a solution for a problem that involves counting the occurrences of specific characters in a string and then using those counts to construct a new string. Code Snippet 2 is a solution for a problem that involves generating a minefield pattern based on given input parameters. The two problems are not the same, and the solutions do not have the same functionality or purpose.""
   }",380
2016_2_1,197689,2013_0_2,90919,NON-CLONE,2026-07-19 14:50:41," {
     ""answer"": ""NO-NOT-SIMILAR"",
     ""explanation"": ""The two code snippets are not functionally similar. Code Snippet 1 is a solution for a problem that involves reading a file, counting the occurrences of certain characters in each line, and then using those counts to determine the number of each digit (0-9) that can be formed from those characters. The output is then written to a file. Code Snippet 2, on the other hand, is a solution for a problem that involves reading a matrix of integers and checking if each",381
2016_2_1,197689,2015_0_1,65869,NON-CLONE,2026-07-19 14:50:42," {
     ""answer"": ""NO-NOT-SIMILAR"",
     ""explanation"": ""The two code snippets are not functionally similar. Code Snippet 1 is a program that reads a file containing a number of strings, each representing a number in a non-standard format (using letters instead of digits). The program then decodes these strings to their corresponding numeric values and writes the results to an output file. Code Snippet 2, on the other hand, reads a file containing a number and a string, where the string represents a sequence of digits. The program then",382
2016_2_1,197689,2013_0_1,124149,NON-CLONE,2026-07-19 14:50:45," {
     ""answer"": ""NO-NOT-SIMILAR"",
     ""explanation"": ""The two code snippets are not functionally similar. The first code snippet is a solution for a problem that involves counting the occurrences of certain characters in a string and using those counts to determine a numerical output. The second code snippet is a solution for a problem that involves checking for a win in a tic-tac-toe game. The two problems are not related, and the code snippets do not perform the same task or achieve the same result.""
   }",383
2016_2_1,192495,2016_0_4,100472,NON-CLONE,2026-07-19 14:50:47," {
     ""answer"": ""NO-NOT-SIMILAR"",
     ""explanation"": ""The two code snippets are not functionally similar. Code Snippet 1 is a solution for a problem that involves counting the occurrences of specific characters in a string and performing some calculations based on those counts. Code Snippet 2, on the other hand, is a solution for a completely different problem that involves generating a sequence of numbers based on certain conditions. The two problems and their solutions have no apparent similarity.""
   }",384
2016_2_1,192495,2016_0_2,68074,NON-CLONE,2026-07-19 14:50:48," {
     ""answer"": ""NO-NOT-SIMILAR"",
     ""explanation"": ""The two code snippets are not functionally similar. Code Snippet 1 is counting the occurrences of specific letters in a string and then performing some calculations to derive a result. Code Snippet 2, on the other hand, is counting the number of flips required to arrange all characters in a string in a specific order. The tasks performed by the two code snippets are fundamentally different, so they are not functionally similar.""
   }",385
2016_2_1,192495,2014_0_3,71973,NON-CLONE,2026-07-19 14:50:50," {
     ""answer"": ""NO-NOT-SIMILAR"",
     ""explanation"": ""The two code snippets are not functionally similar. Code Snippet 1 is a program that counts the occurrences of specific characters in a string and performs some calculations to derive a final output. On the other hand, Code Snippet 2 is a program that creates a 2D array (table) and fills it with characters based on certain conditions. The tasks performed by the two code snippets are fundamentally different, so they are not functionally similar.""
   }",386
2016_2_1,187476,2016_0_4,100472,NON-CLONE,2026-07-19 14:50:53," {
     ""answer"": ""NO-NOT-SIMILAR"",
     ""explanation"": ""The two code snippets are not functionally similar. Code Snippet 1 is a solution for a problem that involves processing a string of digits represented as words and converting them back to their numerical representation. It uses a series of maps and sets to keep track of the frequency of each character in the words and the overall string. On the other hand, Code Snippet 2 is a solution for a problem that involves generating a sequence of numbers based on certain conditions. It uses mathematical operations and does not",387
2016_2_1,187476,2014_0_3,22792,NON-CLONE,2026-07-19 14:50:59," {
     ""answer"": ""NO-NOT-SIMILAR"",
     ""explanation"": ""The two code snippets are not functionally similar. Code Snippet 1 is a solution for a problem that involves processing a string and mapping characters to their frequencies. It then uses this information to construct a sequence of numbers based on the frequencies of specific words. Code Snippet 2, on the other hand, is a solution for a problem that involves generating a minesweeper board configuration. It places mines on the board based on certain rules and checks if it's possible to place all the mines according",388
2016_2_1,193269,2013_0_1,84294,NON-CLONE,2026-07-19 14:51:02," {
     ""answer"": ""NO-NOT-SIMILAR"",
     ""explanation"": ""The two code snippets are not functionally similar. Code Snippet 1 is a solution for a problem that involves extracting digits from a string based on their unique characters. On the other hand, Code Snippet 2 is a solution for a tic-tac-toe game that checks for a winner or a draw based on the game board's state. The two problems have no direct relation, and the code snippets do not perform the same task or achieve the same result",389
2016_3_1,205670,2013_0_2,114653,NON-CLONE,2026-07-19 14:51:04," {
     ""answer"": ""NO-NOT-SIMILAR"",
     ""explanation"": ""The two code snippets are not functionally similar. Code Snippet 1 is a solution for a problem that involves finding a sequence of characters based on a given list of integers, while Code Snippet 2 is a solution for a problem that involves checking if a given 2D array has a special property where every cell is either the maximum in its row or the maximum in its column. The two problems have no obvious relationship, and the code snippets do not share any similar algorithms or data",390
2016_3_1,205670,2016_2_1,197689,NON-CLONE,2026-07-19 14:51:06," {
     ""answer"": ""NO-NOT-SIMILAR"",
     ""explanation"": ""The two code snippets are not functionally similar. Code Snippet 1 is a solution for a problem that involves finding a sequence of characters based on a given list of integers, while Code Snippet 2 is a solution for a problem that involves decoding a string of characters into a sequence of digits. Although both snippets involve processing a list of elements and making decisions based on the values of those elements, the problems they are solving and the steps they take to solve those problems are fundament",391
2016_3_1,205670,2016_1_1,1153,NON-CLONE,2026-07-19 14:51:08," {
     ""answer"": ""YES-SIMILAR"",
     ""explanation"": ""Both code snippets are solving the same problem, which is to rearrange a given string in a specific way such that the resulting string is lexicographically as large as possible. The first code snippet is more complex and involves finding the maximum value in an array and performing certain operations based on that value, while the second code snippet is simpler and directly compares characters in the string to insert them at the beginning or end of a StringBuilder object. However, the end result of both code snipp",392
2016_3_1,205670,2013_0_2,55421,NON-CLONE,2026-07-19 14:51:10," {
     ""answer"": ""NO-NOT-SIMILAR"",
     ""explanation"": ""The two code snippets are not functionally similar. Code Snippet 1 is a solution for a problem that involves finding a sequence of characters based on a given list of integers, while Code Snippet 2 is a solution for a problem that involves checking if a 2D array (representing a garden) can be mowed by a lawnmower. The two problems and their solutions are not related in any way.""
   }",393
2016_3_1,211583,2014_0_3,71973,NON-CLONE,2026-07-19 14:51:12," {
     ""answer"": ""NO-NOT-SIMILAR"",
     ""explanation"": ""The two code snippets are not functionally similar. Code Snippet 1 is a solution for a problem that involves processing a series of test cases, each containing an array of integers. It uses a priority queue to sort the integers and their indices, and then iteratively removes the largest elements and prints corresponding characters based on certain conditions. Code Snippet 2, on the other hand, is a solution for a problem that involves creating a grid of characters, where some cells are initially filled and",394
2016_3_1,211583,2013_0_2,90919,NON-CLONE,2026-07-19 14:51:14," {
     ""answer"": ""NO-NOT-SIMILAR"",
     ""explanation"": ""The two code snippets are not functionally similar. Code Snippet 1 is a solution for a problem that involves processing a series of test cases, each containing an array of integers. The code uses a priority queue to sort the integers and their indices, and then processes them in a specific order to output a sequence of characters. Code Snippet 2, on the other hand, is a solution for a problem that involves processing a 2D array of integers and checking if each integer is",395
2016_3_1,211583,2013_0_1,124226,NON-CLONE,2026-07-19 14:51:15," {
     ""answer"": ""NO-NOT-SIMILAR"",
     ""explanation"": ""The two code snippets are not functionally similar. Code Snippet 1 is a solution for a problem that involves a priority queue and character frequency, while Code Snippet 2 is a solution for a problem that involves checking for a winner in a tic-tac-toe game. The problems and the solutions are completely different, so the code snippets are not functionally similar.""
   }",396
2016_3_1,210871,2015_0_1,68106,NON-CLONE,2026-07-19 14:51:17," {
     ""answer"": ""NO-NOT-SIMILAR"",
     ""explanation"": ""The two code snippets are not functionally similar. Code Snippet 1 is a solution for a problem that involves processing a list of integers, each representing a value associated with a letter, and then outputting a sequence of letters based on certain conditions. Code Snippet 2, on the other hand, is a solution for a problem that involves calculating the number of newbs (newbies) needed to increase the standing of a group based on a given input string. The two problems and",397
2016_3_1,210871,2013_0_2,114653,NON-CLONE,2026-07-19 14:51:19," {
     ""answer"": ""NO-NOT-SIMILAR"",
     ""explanation"": ""The two code snippets are not functionally similar. Code Snippet 1 is a solution for a problem that involves processing a list of integers and selecting characters based on their frequencies, while Code Snippet 2 is a solution for a problem that involves checking if a 2D array has a special property. The tasks and the data structures used in the two snippets are different, so they are not functionally similar.""
   }",398
2016_3_1,218815,2016_0_1,60475,NON-CLONE,2026-07-19 14:51:21," {
     ""answer"": ""NO-NOT-SIMILAR"",
     ""explanation"": ""The two code snippets are not functionally similar. Code Snippet 1 is a solution for a problem that involves manipulating strings based on input numbers, while Code Snippet 2 is a solution for a problem that involves finding the smallest number that produces all digits when multiplied by a given number. The problems and the solutions are not related.""
   }",399
