program_a,variant_a,program_b,variant_b,ground_truth,timestamp,response,pair_id
2013_0_1,103399,2013_0_1,99825,CLONE,2026-07-05 18:57:51,"  ANSWER: YES-SIMILAR

EXPLANATION: The two code snippets are functionally similar. Both snippets
implement a game of tic-tac-toe. The first snippet is in Java, while the
second snippet is in C++. However, the functionality of the two snippets is
similar. Both snippets read a file containing a game of tic-tac-toe and
output the result of the game. The first snippet uses a 2D array to
represent the game board, while the second snippet uses a 2D",0
2013_0_1,99825,2013_0_1,125888,CLONE,2026-07-05 18:57:51,"  ANSWER: YES-SIMILAR

EXPLANATION: The two code snippets are functionally similar. They both perform the same task, which is to analyze the game state of a Tic-Tac-Toe game. The only difference is that one is written in C++ and the other is written in Python. However, the logic of the code is similar, and the only difference is the syntax and formatting. Therefore, they are functionally similar.",1
2013_0_1,125888,2013_0_1,84842,CLONE,2026-07-05 18:57:52,"  ANSWER: YES-SIMILAR

EXPLANATION: The two code snippets are functionally similar. They both perform the same task, which is to analyze a Tic-Tac-Toe game state and determine the winner. The only difference is the programming language used to write the code. The first code snippet is in Python, while the second code snippet is in PHP. However, the functionality of the code is the same, and the only difference is the syntax and the way the code is organized. Therefore, the two code snippets are functionally similar.",2
2013_0_1,84842,2013_0_1,103399,CLONE,2026-07-05 18:57:53,"  ANSWER: YES-SIMILAR

EXPLANATION: The two code snippets are functionally similar. They both achieve the same result or perform the same task, even if they differ in syntax, structure, or the specific steps they take to accomplish that task. The only difference is that one is written in PHP and the other is written in Java. However, the underlying logic and functionality of the two code snippets are similar.",3
2013_0_1,49244,2013_0_1,98087,CLONE,2026-07-05 18:57:55,"  ANSWER: YES-SIMILAR

EXPLANATION: The two code snippets are functionally similar. Both are
implementing a game of Tic Tac Toe. The first code snippet is written in
Java, while the second is written in C++. However, the functionality is
the same. The code snippets are both implementing a game of Tic Tac Toe,
where the goal is to get four in a row, either horizontally,
vertically, or diagonally. The only difference is the syntax and the
language used to",4
2013_0_1,98087,2013_0_1,91336,CLONE,2026-07-05 18:57:56,"  ANSWER: NO-NOT-SIMILAR

EXPLANATION: The two code snippets are not similar. The first code snippet is a
program that simulates a game of Tic Tac Toe. It has a lot of built-in
libraries and functions that are not present in the second code snippet. The
second code snippet is a program that reads a file and checks if a game has
been completed. It does not have any built-in libraries or functions. The
first code snippet has a lot of comments and functions that are not present in
",5
2013_0_1,91336,2013_0_1,102913,CLONE,2026-07-05 18:57:57,"  ANSWER: YES-SIMILAR

EXPLANATION: The two code snippets are functionally similar. They both achieve the same result or perform the same task, even if they differ in syntax, structure, or the specific steps they take to accomplish that task. The only difference is that one is written in Python and the other is written in PHP. However, the functionality of the two code snippets is the same.",6
2013_0_1,102913,2013_0_1,49244,CLONE,2026-07-05 18:57:58,"  ANSWER: YES-SIMILAR

EXPLANATION: The two code snippets are functionally similar. Both are programs that solve a tic-tac-toe game. The first code snippet is written in PHP, while the second is written in Java. However, the functionality of the two code snippets is similar. Both read input from a file, process the input, and write the output to another file. The only difference is the syntax and structure of the code. The first code snippet uses PHP's built-in functions for file input and output, while the second code snippet",7
2013_0_1,126886,2013_0_1,72071,CLONE,2026-07-05 18:57:59,"  ANSWER: YES-SIMILAR

EXPLANATION: The two code snippets are functionally similar. They both perform the same task, which is to read a file and print the contents of the file to the console. The only difference is that one is written in Java and the other is written in C++. However, the logic behind the code is the same, and the code snippets achieve the same result.",8
2013_0_1,72071,2013_0_1,70537,CLONE,2026-07-05 18:58:00,"  ANSWER: YES-SIMILAR

EXPLANATION: The two code snippets are functionally similar. They both solve the
same problem, which is to read a game board from a text file and determine
the winner. The only difference is the programming language and the style of
the code. The C++ code snippet uses C++11 and the Python code snippet uses
Python 3. The Python code snippet uses the itertools module to chain the
lines of the text file and the C++ code snippet uses the standard library to
read the lines of the text file.",9
2013_0_1,70537,2013_0_1,127485,CLONE,2026-07-05 18:58:01,"  ANSWER: YES-SIMILAR

EXPLANATION: The two code snippets are functionally similar. They both solve a problem of a game of tic-tac-toe. The first code snippet is in Python and the second code snippet is in PHP. However, the functionality is the same. The PHP code snippet uses a PHP function to read the input file and process it line by line. The Python code snippet uses a Python function to read the input file and process it line by line. Both code snippets use a similar approach to solve the problem. The only difference is the",10
2013_0_1,127485,2013_0_1,126886,CLONE,2026-07-05 18:58:03,"  ANSWER: YES-SIMILAR

EXPLANATION: The two code snippets are functionally similar. They both achieve the same result or perform the same task, even if they differ in syntax, structure, or the specific steps they take to accomplish that task. The only difference is that the Java code snippet uses a BufferedReader to read the input file, while the PHP code snippet uses the file_get_contents function to read the input file. However, the functionality of the code snippets is the same, and they can be considered similar.",11
2013_0_2,95524,2013_0_2,83774,CLONE,2026-07-05 18:58:04,"  {
""answer"": ""YES-SIMILAR"",
""explanation"": ""The two code snippets are similar because they both solve a problem involving a grid of numbers. The first snippet uses a 2D array to store the grid and checks if the values in each row and column are in non-descending order. The second snippet uses a 1D array to store the grid and checks if the values in each row and column are in non-descending order. Both snippets achieve the same result, even though they differ in syntax and structure. Therefore, they are functionally similar.""
",12
2013_0_2,83774,2013_0_2,78034,CLONE,2026-07-05 18:58:05,"  ANSWER: YES-SIMILAR

EXPLANATION: The two code snippets are functionally similar. Both are C++
programs that read input from standard input, parse it, and output the
result. The only difference is that one is written in C++ and the other is
written in Python. The C++ code uses the C++ standard library, while the
Python code uses the Python standard library. The functionality of the two
programs is the same, and the only difference is the syntax and the
programming language used to write them. Therefore, they are function",13
2013_0_2,78034,2013_0_2,71957,CLONE,2026-07-05 18:58:05,"  ANSWER: YES-SIMILAR

EXPLANATION: The two code snippets are functionally similar. Both snippets read input from a file, process it, and write output to a file. The only difference is that one snippet is in Python and the other is in PHP. The functionality of the snippets is the same, and the only difference is the syntax and the language used to write the code. Therefore, the snippets are functionally similar.",14
2013_0_2,71957,2013_0_2,95524,CLONE,2026-07-05 18:58:06,"  ANSWER: YES-SIMILAR

EXPLANATION: The two code snippets are functionally similar. They both read input from a file, process it, and write output to a file. The only difference is that the PHP code uses a different file name and the Java code uses a different file name and file path. The PHP code also uses a different approach to read the input file, while the Java code uses a different approach to process the input file. However, the overall functionality of the two code snippets is similar.",15
2013_0_2,44471,2013_0_2,140779,CLONE,2026-07-05 18:58:07,"  {
""answer"": ""YES-SIMILAR"",
""explanation"": ""The two code snippets are functionally similar. They both solve a problem involving a matrix, and they both use a similar approach to solve the problem. The only difference is that one is written in Java and the other is written in C++. The similarity is not perfect, but it is clear that the two snippets are similar in spirit.""
}",16
2013_0_2,140779,2013_0_2,122219,CLONE,2026-07-05 18:58:08,"  ANSWER: YES-SIMILAR

EXPLANATION: The two code snippets are functionally similar. They both solve a
problem of finding the maximum element in a matrix. The only difference is
the syntax and the way the problem is solved. The first code snippet uses a
two-dimensional array to represent the matrix and uses a nested loop to
iterate over the rows and columns. The second code snippet uses a one-dimensional
array to represent the matrix and uses a nested loop to iterate over the rows.
The code snippets achieve the same result, which is to",17
2013_0_2,122219,2013_0_2,96711,CLONE,2026-07-05 18:58:09,"  ANSWER: YES-SIMILAR

EXPLANATION: The two code snippets are functionally similar. Both snippets achieve the same result, which is to check if a given set of numbers can be arranged in a grid in a way that each row and each column has a maximum value that is less than or equal to the maximum value in that row or column. The only difference between the two snippets is the programming language and the syntax used. The Python snippet uses the Python 3.x syntax, while the PHP snippet uses the PHP syntax. The functionality of the two snippets is",18
2013_0_2,96711,2013_0_2,44471,CLONE,2026-07-05 18:58:10,"  ANSWER: YES-SIMILAR

EXPLANATION: The two code snippets are functionally similar. They both perform the same task, which is to read input from a file, process it, and write the output to another file. The only difference is that one is written in PHP and the other is written in Java. However, the logic behind the code is the same, and the snippets achieve the same result.",19
2013_0_2,55421,2013_0_2,91409,CLONE,2026-07-05 18:58:10,"  ANSWER: YES-SIMILAR

EXPLANATION: The two code snippets are functionally similar. They both solve a
problem involving a garden with a rectangular shape. The first code snippet
uses Java to solve the problem, while the second code snippet uses C++ to
solve the problem. However, the two code snippets have similar functionality
and achieve the same result. The only difference is the programming language
used to solve the problem.",20
2013_0_2,91409,2013_0_2,85165,CLONE,2026-07-05 18:58:11,"  ANSWER: YES-SIMILAR

EXPLANATION: The two code snippets are functionally similar. They both achieve the same result, which is to check if a lawn is valid or not. The only difference is in the syntax and structure of the code. The first code snippet is in C++, while the second code snippet is in Python. The Python code snippet uses the sys module to read input from the command line and write output to the command line. The C++ code snippet uses the ifstream and ofstream classes to read and write to files. The rest of the code is",21
2013_0_2,85165,2013_0_2,68303,CLONE,2026-07-05 18:58:12,"  ANSWER: YES-SIMILAR

EXPLANATION: The two code snippets are functionally similar. They both solve a
problem involving a garden with a rectangular shape. The first code snippet
uses a Python script to read input from a file and solve the problem. The
second code snippet uses PHP to read input from a file and solve the problem.
Both code snippets read the input file and store the garden dimensions in
variables. They both then iterate over the garden dimensions and store the
garden dimensions in arrays. Both code snippets then iterate over the
",22
2013_0_2,68303,2013_0_2,55421,CLONE,2026-07-05 18:58:13,"  {
""answer"": ""YES-SIMILAR"",
""explanation"": ""The two code snippets are similar because they both solve a problem involving a garden with a rectangular shape. The first code snippet uses PHP to read the garden's dimensions and the dimensions of the garden's rows and columns from a file, while the second code snippet uses Java to read the dimensions from a file and then uses a Scanner to read the garden's dimensions and rows and columns. The snippets then both use a similar algorithm to solve the problem, which involves finding the maximum number of flowers in each row and",23
2013_0_3,108834,2013_0_3,102625,CLONE,2026-07-05 18:58:15,"  ANSWER: YES-SIMILAR

EXPLANATION: The two code snippets are functionally similar. They both solve a problem involving finding the number of palindromes within a given range. The only difference is that one is written in Java and the other is written in C++. The logic of the two code snippets is similar, and they both use a similar approach to solve the problem. The only difference is that the C++ code uses a vector of long integers to store the palindromes, while the Java code uses a LinkedList of Results. Additionally, the C",24
2013_0_3,102625,2013_0_3,102207,CLONE,2026-07-05 18:58:16,"  ANSWER: YES-SIMILAR

EXPLANATION: The two code snippets are functionally similar. They both achieve the same result, which is to print the number of pairs of integers that are within the range of 1 to 100000000000000000000000000000000000000000000000000000000000000000000000",25
2013_0_3,102207,2013_0_3,89287,CLONE,2026-07-05 18:58:17,"  ANSWER: YES-SIMILAR

EXPLANATION: The two code snippets are functionally similar. They both achieve the same result, which is to find the number of perfect squares within a given range. The only difference is in the syntax and structure of the code. The first code snippet is in Python, while the second code snippet is in PHP. However, the logic and functionality of the code are similar. The first code snippet uses a Pythonic approach with functions and variables, while the second code snippet uses a PHPic approach with functions and variables. The only difference is that the first",26
2013_0_3,89287,2013_0_3,108834,CLONE,2026-07-05 18:58:19,"  ANSWER: YES-SIMILAR

EXPLANATION: The two code snippets are functionally similar. They both solve a
problem involving palindromes. The first code snippet uses a Java-specific
approach to solve the problem, while the second code snippet uses a Java-like
approach. However, the two code snippets achieve the same result, which is
to determine whether a number is a palindrome or not. The only difference is
the syntax and structure of the code, and the use of Java-specific libraries
and classes. Therefore, the",27
2013_0_3,59317,2013_0_3,81195,CLONE,2026-07-05 18:58:20,"  ANSWER: YES-SIMILAR

EXPLANATION: The two code snippets are similar in that they both solve a
problem involving palindromic numbers. The first code snippet uses a
different approach to solve the problem, but the overall logic is similar.
The second code snippet uses a different approach, but the overall logic is
similar. Both snippets find all palindromic numbers within a given
range and count the number of palindromes within that range. The only
difference is the approach used to find the palindromes, but the",28
2013_0_3,81195,2013_0_3,51164,CLONE,2026-07-05 18:58:21,"  ANSWER: YES-SIMILAR

EXPLANATION: The two code snippets are similar in that they both solve a
problem involving palindromic numbers. The first code snippet generates a
list of palindromic numbers and the second code snippet counts the number
of palindromic numbers in a given range. The similarity lies in the fact
that both code snippets achieve the same result, even though they differ in
syntax, structure, and specific steps they take to accomplish that task.",29
2013_0_3,51164,2013_0_3,92037,CLONE,2026-07-05 18:58:21,"  ANSWER: YES-SIMILAR

EXPLANATION: The two code snippets are functionally similar. They both achieve the same result, which is to count the number of fair squares in a given range. The only difference is that one is written in Python and the other is written in PHP. The logic of the code is the same, and the only difference is the syntax and the language in which it is written. Therefore, the two code snippets are functionally similar.",30
2013_0_3,92037,2013_0_3,59317,CLONE,2026-07-05 18:58:22,"  ANSWER: YES-SIMILAR

EXPLANATION: The two code snippets are functionally similar. They both achieve the same result, which is to count the number of fair and square numbers less than or equal to a given number. The only difference is that one is written in PHP and the other is written in Java. However, the logic behind the two code snippets is the same, and they both use the same approach to count the number of fair and square numbers.",31
2013_0_3,74156,2013_0_3,53348,CLONE,2026-07-05 18:58:23,"  ANSWER: YES-SIMILAR

EXPLANATION: The two code snippets are functionally similar. They both solve a
problem involving palindromes. The first code snippet uses a different
approach to solve the problem. The second code snippet uses a different
approach. However, the two code snippets achieve the same result. The
first code snippet uses a brute force approach to find all palindromes
within a given range, and then checks if the square of the palindrome is
also a palindrome. The second code snippet uses",32
2013_0_3,53348,2013_0_3,70289,CLONE,2026-07-05 18:58:25,"  ANSWER: YES-SIMILAR

EXPLANATION: The two code snippets are similar. They both solve a problem involving
palindromic numbers. The first code snippet uses a brute force approach to find
palindromic numbers, while the second code snippet uses a more efficient approach by
learning the palindromic numbers and storing them in a list. The second code snippet
then uses the list to solve the problem. The similarity lies in the fact that both
code snippets solve the problem of finding palindromic numbers.",33
2013_0_3,70289,2013_0_3,132829,CLONE,2026-07-05 18:58:26,"  ANSWER: YES-SIMILAR

EXPLANATION: The two code snippets are functionally similar. They both perform the same task, which is to read a file containing a list of numbers, and for each number in the list, count the number of perfect squares less than or equal to that number. The only difference is that the PHP code uses a regular expression to remove the newline characters from the input file, while the Python code uses the `str.strip()` method to remove the newline characters. Other than that, the code is similar.",34
2013_0_3,132829,2013_0_3,74156,CLONE,2026-07-05 18:58:26,"  ANSWER: YES-SIMILAR

EXPLANATION: The two code snippets are functionally similar. They both achieve the same result or perform the same task, even if they differ in syntax, structure, or the specific steps they take to accomplish that task. The only difference is that one is in PHP and the other is in Java. However, the logic behind the code is the same, and the snippets achieve the same result.",35
2013_1_1,42047,2013_1_1,28766,CLONE,2026-07-05 18:58:27,"  ANSWER: YES-SIMILAR

EXPLANATION: The two code snippets are functionally similar. They both solve a
problem involving finding the closest integer to a given target value. The
only difference is that one is written in Java and the other is written in C++.
The Java code uses the BigInteger class to perform arithmetic operations, while
the C++ code uses the unsigned long long type to perform arithmetic
operations. The rest of the code is similar, including the use of input and
output streams, the handling of command-line arguments, and the use",36
2013_1_1,28766,2013_1_1,37029,CLONE,2026-07-05 18:58:28,"  ANSWER: YES-SIMILAR

EXPLANATION: The two code snippets are functionally similar. They both solve a
problem involving a large number of rings and a target volume. The only
difference is that one is written in C++ and the other is written in Python.
The C++ code uses a brute force approach to find the number of rings, while
the Python code uses a more efficient approach based on the formula for the
volume of a sphere. The Python code also includes a sanity check to make sure
the answer is correct. However, the",37
2013_1_1,37029,2013_1_1,34507,CLONE,2026-07-05 18:58:29,"  ANSWER: YES-SIMILAR

EXPLANATION: The two code snippets are functionally similar. They both perform the same task, which is to read a file, process its contents, and write the results to another file. The only difference is in the programming language and syntax used. The Python code uses the Python syntax and the PHP code uses the PHP syntax. The functionality of the two code snippets is the same, and the only difference is the language and syntax used to write them.",38
2013_1_1,34507,2013_1_1,42047,CLONE,2026-07-05 18:58:30,"  ANSWER: YES-SIMILAR

EXPLANATION: The two code snippets are functionally similar. Both are
implementations of a program that takes a number and a target number as
input and outputs the number of steps it takes to reach the target
number. The only difference is that the Java code uses a more efficient
method to find the number, while the PHP code uses a brute force method to
find the number. The Java code uses a binary search method to find the
number, while the PHP code uses a brute force method to find the number.",39
2013_1_1,30835,2013_1_1,30228,CLONE,2026-07-05 18:58:31,"  ANSWER: YES-SIMILAR

EXPLANATION: The two code snippets are functionally similar. They both solve a
problem involving a bullseye target. The first code snippet uses a more
traditional approach to solve the problem, while the second code snippet uses a
more modern and efficient approach. However, the two code snippets achieve the
same result and perform the same task. The only difference is in the syntax and
structure of the code, and the specific steps taken to accomplish the task.

The first code snippet uses a more traditional approach to solve",40
2013_1_1,30228,2013_1_1,32497,CLONE,2026-07-05 18:58:32,"  ANSWER: YES-SIMILAR

EXPLANATION: The two code snippets are functionally similar. They both solve the same problem of finding the number of rings in a given input. The only difference is that one is written in C++ and the other is written in Python. The C++ code uses the standard C++ libraries and data structures, while the Python code uses the Python libraries and data structures. The logic of the two codes is the same, and the only difference is the syntax and the libraries used. Therefore, the two codes are functionally similar.",41
2013_1_1,32497,2013_1_1,39026,CLONE,2026-07-05 18:58:33,"  ANSWER: YES-SIMILAR

EXPLANATION: The two code snippets are functionally similar. They both achieve the same result, which is to find the number of rings in a ring. The only difference is the syntax and structure of the code. The first code snippet is in Python and the second code snippet is in PHP. However, the logic of the code is the same. The first code snippet uses a for loop to iterate through the input file and read the input data line by line. The second code snippet uses a for loop to iterate through the input file and read the input",42
2013_1_1,39026,2013_1_1,30835,CLONE,2026-07-05 18:58:33,"  ANSWER: YES-SIMILAR

EXPLANATION: The two code snippets are functionally similar. They both perform the same task of finding the number of circles that can be painted within the given radius and tiles. The only difference is that one is written in PHP and the other is written in Java. However, the logic behind the code is the same, and the snippets achieve the same result.",43
2013_1_1,32414,2013_1_1,30618,CLONE,2026-07-05 18:58:34,"  {
""answer"": ""YES-SIMILAR"",
""explanation"": ""The two code snippets are functionally similar. They both achieve the same result, which is to find the maximum value of x that satisfies the equation 2*x*x + (2*r - 1)*x - t = 0. The only difference is in the syntax and structure of the code, and the specific steps taken to accomplish the task. The C++ code uses a more straightforward approach to find the solution, while the Java code uses a more complex approach with a binary search algorithm. However, the",44
2013_1_1,30618,2013_1_1,30519,CLONE,2026-07-05 18:58:35,"  ANSWER: YES-SIMILAR

EXPLANATION: The two code snippets are functionally similar. They both achieve the same result or perform the same task, even if they differ in syntax, structure, or the specific steps they take to accomplish that task.

The first code snippet is a C++ program that takes a number r and a target t as input and outputs the number of circles that can be drawn with a radius r and a total of t units. The second code snippet is a Python program that takes a number r and a target t as input and outputs the number of",45
2013_1_1,30519,2013_1_1,31779,CLONE,2026-07-05 18:58:36,"  ANSWER: YES-SIMILAR

EXPLANATION: The two code snippets are functionally similar. They both achieve the same result or perform the same task, even if they differ in syntax, structure, or the specific steps they take to accomplish that task. The only difference is that one is written in Python and the other is written in PHP. However, the logic behind the code is the same, and the snippets achieve the same result.",46
2013_1_1,31779,2013_1_1,32414,CLONE,2026-07-05 18:58:36,"  ANSWER: YES-SIMILAR

EXPLANATION: The two code snippets are functionally similar. They both perform the same task, which is to calculate the maximum value of a function given a range of values. The only difference is that one is written in PHP and the other is written in Java. However, the logic of the two code snippets is similar, and they achieve the same result. The only difference is in the syntax and structure of the code, and the language used to write the code.",47
2014_2_1,115757,2014_2_1,131278,CLONE,2026-07-05 18:58:37,"  ANSWER: YES-SIMILAR

EXPLANATION: The two code snippets are functionally similar. They both achieve the same result or perform the same task, even though they differ in syntax, structure, or the specific steps they take to accomplish that task. The only difference is that one is written in Java and the other is written in C++. However, the logic behind the code is the same, and the snippets achieve the same result.",48
2014_2_1,131278,2014_2_1,128920,CLONE,2026-07-05 18:58:38,"  {
""answer"": ""YES-SIMILAR"",
""explanation"": ""The two code snippets are similar because they both achieve the same result or perform the same task, even if they differ in syntax, structure, or specific steps. The only difference is that one is written in C++ and the other is written in Python. Both snippets achieve the same result, which is to find the minimum number of operations needed to transform a string into a palindrome. The only difference in the two snippets is the way they handle the input and output. The C++ snippet uses freopen to read",49
2014_2_1,128920,2014_2_1,118754,CLONE,2026-07-05 18:58:39,"  ANSWER: YES-SIMILAR

EXPLANATION: The two code snippets are functionally similar. They both solve a
problem involving strings and counting the number of moves to transform one
string into another. The only difference is that one is written in Python and
the other is written in PHP. The logic of the code is the same, and the
only difference is the syntax and the language in which it is written.

The first code snippet is written in Python and uses a for loop to iterate over
the strings and count the number of moves to transform one string into",50
2014_2_1,118754,2014_2_1,115757,CLONE,2026-07-05 18:58:41,"  ANSWER: YES-SIMILAR

EXPLANATION: The two code snippets are functionally similar. They both solve a
problem involving a series of strings. The first code snippet uses PHP to solve
the problem, while the second code snippet uses Java to solve the problem. The
two code snippets achieve the same result, even though they differ in syntax,
structure, and the specific steps they take to accomplish that task. The only
difference is the programming language used to solve the problem.",51
2014_2_1,129296,2014_2_1,119165,CLONE,2026-07-05 18:58:42,"  {
""answer"": ""YES-SIMILAR"",
""explanation"": ""The two code snippets are similar because they both achieve the same result or perform the same task, even if they differ in syntax, structure, or the specific steps they take to accomplish that task. The only difference is that one is written in Java and the other is written in C++. Both snippets use the same approach to solve the problem, which is to read input from a file, tokenize the input, count the tokens, and output the result. The only difference is that one uses a Scanner to read the file",52
2014_2_1,119165,2014_2_1,118416,CLONE,2026-07-05 18:58:43,"  ANSWER: YES-SIMILAR

EXPLANATION: The two code snippets are functionally similar. They both solve a
problem involving a test case with a given input, and they both use the same
techniques to solve the problem. The only difference is that one is written in
C++ and the other is written in Python. The C++ code snippet uses the
""std::bitset"" library to perform bitwise operations, while the Python code
snippet uses the ""math"" library to perform bitwise operations. Both snippets
also use the """,53
2014_2_1,118416,2014_2_1,116147,CLONE,2026-07-05 18:58:44,"  ANSWER: YES-SIMILAR

EXPLANATION: The two code snippets are similar in that they both solve a
problem involving a sequence of strings. The first code snippet uses Python
to solve the problem, while the second code snippet uses PHP to solve the
problem. Both code snippets read input from files, process the input, and
write output to files. The first code snippet uses Python's built-in functions
to read input from files, process the input, and write output to files. The
second code snippet uses PHP's built-in functions to",54
2014_2_1,116147,2014_2_1,129296,CLONE,2026-07-05 18:58:45,"  ANSWER: YES-SIMILAR

EXPLANATION: The two code snippets are functionally similar. They both perform the same task, which is to read input from a file, process it, and write the output to another file. The only difference is that one is written in PHP and the other is written in Java. However, the logic of the code is the same, and the only difference is the syntax and the way the code is organized. Therefore, the two code snippets are functionally similar.",55
2014_2_1,131873,2014_2_1,118489,CLONE,2026-07-05 18:58:46,"  ANSWER: YES-SIMILAR

EXPLANATION: The two code snippets are functionally similar. Both are Java
programs that read input from a file, process it, and write output to a
file. The only difference is that the Java program uses a BufferedReader to
read the input file, while the C++ program uses a FileReader. Both
programs also use a similar algorithm to process the input data. The only
difference is that the Java program uses a PriorityQueue to store the
input data, while the C++ program uses a vector.",56
2014_2_1,118489,2014_2_1,121201,CLONE,2026-07-05 18:58:48,"  {
""answer"": ""YES-SIMILAR"",
""explanation"": ""The two code snippets are functionally similar. They both read an input file, transform a list of strings, and then calculate the total distance. The only difference is that the Python code uses a different approach to calculate the average number of repetitions, and the C++ code uses a different approach to calculate the total distance. However, the overall logic of the code is similar, and the two snippets achieve the same result.""
}",57
2014_2_1,121201,2014_2_1,114208,CLONE,2026-07-05 18:58:49,"  ANSWER: YES-SIMILAR

EXPLANATION: The two code snippets are similar in that they both achieve the same
result, which is to calculate the distance between two strings. The only
difference is the syntax and structure of the code. The first code snippet is
written in Python and uses the sys module to read input from the command line.
The second code snippet is written in PHP and uses the php://stdin stream to
read input from the command line. Both code snippets achieve the same result by
reading input from the command line, processing the input",58
2014_2_1,114208,2014_2_1,131873,CLONE,2026-07-05 18:58:50,"  ANSWER: YES-SIMILAR

EXPLANATION: The two code snippets are functionally similar. Both are designed to solve a problem involving reading lines from a file, processing them, and writing the results to a file. The only difference is that the PHP code uses a PHP-specific syntax and the Java code uses Java-specific syntax. The functionality of the code snippets is the same, and the only difference is the language in which they are written. Therefore, the code snippets are similar in functionality, but not identical.",59
2014_3_1,135560,2014_3_1,138308,CLONE,2026-07-05 18:58:51,"  {
""answer"": ""YES-SIMILAR"",
""explanation"": ""The two code snippets are similar because they both solve a problem involving calculating the number of times a number can be divided by another number. The first code snippet uses a more traditional approach to solve the problem, while the second code snippet uses a more modern and efficient approach. The two code snippets achieve the same result, even though they differ in syntax and structure. Therefore, they are functionally similar.""
}",60
2014_3_1,138308,2014_3_1,139209,CLONE,2026-07-05 18:58:52,"  ANSWER: YES-SIMILAR

EXPLANATION: The two code snippets are functionally similar. They both solve the same problem, which is to find the minimum number of times a given number can be divided by a given divisor. The only difference is that one is written in C++ and the other is written in Python. The C++ code uses a recursive function to solve the problem, while the Python code uses a loop and a function to solve the problem. However, the logic behind the two codes is the same, and they achieve the same result. Therefore, the code sni",61
2014_3_1,139209,2014_3_1,142092,CLONE,2026-07-05 18:58:53,"  ANSWER: YES-SIMILAR

EXPLANATION: The two code snippets are functionally similar. Both snippets achieve the same result or perform the same task, even though they differ in syntax, structure, or the specific steps they take to accomplish that task.

The first code snippet is written in Python and calculates the GCD (Greatest Common Divisor) of two numbers. The second code snippet is written in PHP and calculates the Elveness of a number. Both snippets achieve the same result or perform the same task, even though they differ in",62
2014_3_1,142092,2014_3_1,135560,CLONE,2026-07-05 18:58:54,"  ANSWER: YES-SIMILAR

EXPLANATION: The two code snippets are functionally similar. They achieve the same result or perform the same task, even if they differ in syntax, structure, or the specific steps they take to accomplish that task.

The first code snippet is written in PHP, while the second code snippet is written in Java. However, the functionality of the two code snippets is similar. Both snippets read input from a file, process it, and write the output to another file. The only difference is that the Java code snippet uses a BufferedReader to",63
2014_3_1,138333,2014_3_1,134611,CLONE,2026-07-05 18:58:54,"  ANSWER: YES-SIMILAR

EXPLANATION: The two code snippets are functionally similar. They both perform the same task, which is to calculate the power of a number. The only difference is in the syntax and structure of the code. The Java code uses a Scanner class to read input and a HashSet class to store the input. The C++ code uses a standard input stream to read input and a namespace std to access the input. Both codes achieve the same result.",64
2014_3_1,134611,2014_3_1,139370,CLONE,2026-07-05 18:58:55,"  ANSWER: YES-SIMILAR

EXPLANATION: The two code snippets are functionally similar. They both solve the same problem, which is to find the number of generations required to reach a given starting point. The only difference is that one is written in C++ and the other is written in Python. However, the logic of the code is the same, and the only difference is the syntax and the way the code is organized. Therefore, the two code snippets are functionally similar.",65
2014_3_1,139370,2014_3_1,134295,CLONE,2026-07-05 18:58:56,"  ANSWER: YES-SIMILAR

EXPLANATION: The two code snippets are functionally similar. They both solve a
problem by finding the greatest common divisor (GCD) of two numbers. The
Python code uses a more straightforward approach, while the PHP code uses a
more efficient algorithm. The PHP code also uses a function to calculate the
GCD, while the Python code uses a simple loop. However, the overall
functionality is the same.",66
2014_3_1,134295,2014_3_1,138333,CLONE,2026-07-05 18:58:57,"  ANSWER: YES-SIMILAR

EXPLANATION: The two code snippets are functionally similar. They both perform the same task, which is to compute the greatest common divisor (GCD) of two numbers. The only difference is the programming language used. The first code snippet is in PHP, while the second code snippet is in Java. However, the logic behind the code is the same, and the snippets achieve the same result. The only difference is the syntax and the way the code is structured.",67
2014_3_1,140281,2014_3_1,132142,CLONE,2026-07-05 18:58:58,"  ANSWER: YES-SIMILAR

EXPLANATION: The two code snippets are functionally similar. They both achieve the same result or perform the same task, even if they differ in syntax, structure, or the specific steps they take to accomplish that task. The only difference is that one is written in Java and the other is written in C++. However, the similarity lies in the fact that they both use the same algorithm to solve the problem. The algorithm is to find the greatest common divisor of two numbers, and then divide the larger number by the smaller number until the smaller number",68
2014_3_1,132142,2014_3_1,143074,CLONE,2026-07-05 18:58:59,"  ANSWER: YES-SIMILAR

EXPLANATION: The two code snippets are functionally similar. They both perform the same task, which is to calculate the GCD of two numbers. The only difference is in the syntax and structure of the code. The first code snippet is in C++, while the second code snippet is in Python. However, the logic of the code is the same. The first code snippet uses the C++ syntax and structure to perform the task, while the second code snippet uses the Python syntax and structure. The similarity lies in the fact that both code snippets achieve",69
2014_3_1,143074,2014_3_1,132975,CLONE,2026-07-05 18:58:59,"  ANSWER: YES-SIMILAR

EXPLANATION: The two code snippets are functionally similar. Both snippets achieve the same result, which is to determine the number of times a number can be divided by 2 before reaching 1. The only difference is that one snippet uses Python and the other uses PHP. Both snippets use the same logic to determine the result, which is to divide the number by 2 and check if the result is 1. The only difference is that one snippet uses a Python function to divide the number by 2 and the other uses a PHP function",70
2014_3_1,132975,2014_3_1,140281,CLONE,2026-07-05 18:59:00,"  ANSWER: YES-SIMILAR

EXPLANATION: The two code snippets are functionally similar. They both achieve the same result, which is to calculate the logarithm of a number to the base of 2. The only difference is the syntax and structure of the code. In the PHP code snippet, the input is taken from the standard input, and the output is written to a file called ""out.txt"". In the Java code snippet, the input is taken from the standard input, and the output is written to the standard output. The rest of the code is similar.",71
2015_0_1,47939,2015_0_1,44230,CLONE,2026-07-05 18:59:01,"  ANSWER: YES-SIMILAR

EXPLANATION: The two code snippets are functionally similar. They both solve the ""standing ovation"" problem, which is to find the number of standing ovations in a row of applause. The only difference is that one is written in Java and the other is written in C++. The logic of the two codes is similar, and the only difference is the syntax and the libraries used. The C++ code uses the C++ standard library, while the Java code uses the Java standard library. However, the logic is the same, and",72
2015_0_1,44230,2015_0_1,106809,CLONE,2026-07-05 18:59:02,"  {""answer"": ""YES-SIMILAR"", ""explanation"": ""The two code snippets are functionally similar. They both achieve the same result or perform the same task, even if they differ in syntax, structure, or the specific steps they take to accomplish that task. The only difference is the language used, with Code Snippet 1 being in C++ and Code Snippet 2 being in Python. However, the functionality of the snippets is the same, and the only difference is the syntax used to write the code.""}",73
2015_0_1,106809,2015_0_1,25955,CLONE,2026-07-05 18:59:02,"  ANSWER: YES-SIMILAR

EXPLANATION: The two code snippets are functionally similar. They both perform the same task, which is to calculate the number of people who need to borrow books to reach a certain level. The only difference is that one is written in Python and the other is written in PHP. The logic of the code is the same, and the only difference is the syntax and the way the code is formatted. Therefore, the two code snippets are functionally similar.",74
2015_0_1,25955,2015_0_1,47939,CLONE,2026-07-05 18:59:03,"  ANSWER: YES-SIMILAR

EXPLANATION: The two code snippets are functionally similar. They both achieve the same result, which is to read a file containing a list of integers, and output the sum of the integers. The only difference is that one is written in PHP and the other is written in Java. The code snippets have similar structures and use similar algorithms to achieve the same result. The only difference is the syntax and the language used to write the code.",75
2015_0_1,43660,2015_0_1,64620,CLONE,2026-07-05 18:59:04,"  {
""answer"": ""YES-SIMILAR"",
""explanation"": ""The two code snippets are similar because they both perform the same task, which is to read input from the user and print the result. The only difference is that the C++ code uses a different input method (std::cin) and the Java code uses a different input method (System.in). The similarity is not perfect, but it is sufficient to determine that the snippets are similar.""
}",76
2015_0_1,64620,2015_0_1,86599,CLONE,2026-07-05 18:59:05,"  ANSWER: YES-SIMILAR

EXPLANATION: The two code snippets are functionally similar. Both are C++ code that reads a file and performs a task. The only difference is that one is written in C++ and the other is written in Python. The C++ code uses the standard C++ library, while the Python code uses the Python standard library. The rest of the code is similar.",77
2015_0_1,86599,2015_0_1,28465,CLONE,2026-07-05 18:59:06,"  ANSWER: YES-SIMILAR

EXPLANATION: The two code snippets are functionally similar. They both perform the same task, which is to read a file and output the result. The only difference is the programming language used and the syntax. The Python code uses the `open` function to open the file, while the PHP code uses the `File` class to open the file. The Python code then reads the file line by line and splits each line into two parts, while the PHP code uses the `preg_split` function to split each line into two parts.",78
2015_0_1,28465,2015_0_1,43660,CLONE,2026-07-05 18:59:06,"  ANSWER: YES-SIMILAR

EXPLANATION: The two code snippets are functionally similar. Both are PHP and Java code snippets that perform the same task, which is to read a file and output the result. The only difference is the syntax and structure of the code. The PHP code snippet uses a more traditional PHP syntax and structure, while the Java code snippet uses a more modern Java syntax and structure. However, the functionality of the code is the same.",79
2015_0_1,100718,2015_0_1,65110,CLONE,2026-07-05 18:59:07,"  ANSWER: YES-SIMILAR

EXPLANATION: The two code snippets are functionally similar. They both achieve the same result or perform the same task, even though they differ in syntax, structure, or specific steps. The only difference is that one is written in Java and the other is written in C++. However, the logic behind the code is the same, and the snippets achieve the same result.",80
2015_0_1,65110,2015_0_1,60803,CLONE,2026-07-05 18:59:08,"  {
""answer"": ""YES-SIMILAR"",
""explanation"": ""The two code snippets are functionally similar. They both perform the same task, which is to read a file and output the result. The only difference is in the syntax and the specific steps taken to accomplish that task. The C++ code uses a more traditional approach with ifstream and ofstream, while the Python code uses the built-in functions open and sys.argv. The Python code also uses a more modern approach with NumPy and the list comprehension syntax. However, the overall functionality is the same.""
}",81
2015_0_1,60803,2015_0_1,96593,CLONE,2026-07-05 18:59:08,"  ANSWER: YES-SIMILAR

EXPLANATION: The two code snippets are functionally similar. Both snippets solve a problem involving a list of integers, where the first snippet uses Python's built-in functions to solve the problem, while the second snippet uses PHP's built-in functions. The only difference is the syntax and the language used to write the code. The snippets achieve the same result and perform the same task.",82
2015_0_1,96593,2015_0_1,100718,CLONE,2026-07-05 18:59:09,"  ANSWER: YES-SIMILAR

EXPLANATION: The two code snippets are functionally similar. They both achieve the same result, which is to find the minimum number of friends needed to achieve standing ovation. The only difference is in the syntax and structure of the code. The first code snippet is in PHP, while the second code snippet is in Java. However, the logic of the code is the same, and the two code snippets are functionally similar.",83
2015_0_2,91000,2015_0_2,96440,CLONE,2026-07-05 18:59:10,"  ANSWER: YES-SIMILAR

EXPLANATION: The two code snippets are functionally similar. Both snippets read input from a file, process it, and write the output to a file. The only difference is that one snippet uses Java and the other snippet uses C++. Additionally, the first snippet uses the Java standard library, while the second snippet uses the C++ standard library. However, the functionality of the two snippets is similar, as they both achieve the same result.",84
2015_0_2,96440,2015_0_2,36519,CLONE,2026-07-05 18:59:11,"  ANSWER: YES-SIMILAR

EXPLANATION: The two code snippets are functionally similar. Both are C++ code that solves a problem involving pancakes. The only difference is that one is written in C++ and the other is written in Python. The logic of the code is the same, and the only difference is the syntax and the libraries used.",85
2015_0_2,36519,2015_0_2,103402,CLONE,2026-07-05 18:59:11,"  ANSWER: YES-SIMILAR

EXPLANATION: The two code snippets are functionally similar. They both achieve the same result, which is to calculate the minimum time to cook a pile of pancakes. The only difference is in the syntax and structure of the code. The first code snippet is in Python, while the second code snippet is in PHP. However, the logic of the code is the same, and the two code snippets achieve the same result.",86
2015_0_2,103402,2015_0_2,91000,CLONE,2026-07-05 18:59:12,"  ANSWER: YES-SIMILAR

EXPLANATION: The two code snippets are functionally similar. They both achieve the same result, which is to read a file, process its contents, and write the results to an output file. The only difference is in the syntax and structure of the code. The PHP code uses a more traditional syntax and structure, while the Java code uses a more modern and object-oriented approach. However, the underlying logic is the same, and the code snippets are functionally similar.",87
2015_0_2,21812,2015_0_2,88257,CLONE,2026-07-05 18:59:13,"  ANSWER: YES-SIMILAR

EXPLANATION: The two code snippets are functionally similar. They both solve a problem involving eating pancakes. The first snippet uses a brute force approach to solve the problem, while the second snippet uses a more efficient approach. The snippets are similar in that they both read input from a file, parse the input, and solve the problem. The only difference is the approach used to solve the problem.",88
2015_0_2,88257,2015_0_2,81081,CLONE,2026-07-05 18:59:14,"  ANSWER: YES-SIMILAR

EXPLANATION: The two code snippets are similar. Both are C++ code that reads
input from a file, performs some calculations, and writes output to a file.
The only difference is that one is in C++ and the other is in Python. Both
perform the same task, which is to read input from a file, perform some
calculations, and write output to a file. The only difference is the
programming language used to write the code.",89
2015_0_2,81081,2015_0_2,102321,CLONE,2026-07-05 18:59:15,"  ANSWER: YES-SIMILAR

Explanation: The two code snippets are similar in that they both solve a
problem involving pancakes. The first code snippet is in Python and the
second is in PHP. Both snippets read input from a file, perform some
calculations, and then output the result. The main difference is that the
PHP code snippet uses a function called ""test"" to perform the
calculations, while the Python code snippet uses a function called
""solve_case"" to perform the calculations. Additionally, the PHP code snippet
uses a",90
2015_0_2,102321,2015_0_2,21812,CLONE,2026-07-05 18:59:16,"  ANSWER: YES-SIMILAR

EXPLANATION: The two code snippets are functionally similar. They both achieve the same result, which is to solve a problem involving pancakes. The only difference is the programming language used and the syntax. The Java code snippet uses a BufferedReader to read the input file, while the PHP code snippet uses fopen and fgets to read the input file. The rest of the code is similar, with the main function being the same.",91
2015_0_2,40957,2015_0_2,38840,CLONE,2026-07-05 18:59:17,"  ANSWER: YES-SIMILAR

EXPLANATION: The two code snippets are functionally similar. They both solve a
problem involving a set of integers, where the goal is to find the maximum
sum of the integers. The only difference is that one is written in Java and the
other is written in C++. The logic of the two code snippets is the same,
and the only difference is the syntax and the way the code is structured.

In the Java code snippet, the problem is solved using a class called B, which
reads input from",92
2015_0_2,38840,2015_0_2,100159,CLONE,2026-07-05 18:59:17,"  ANSWER: YES-SIMILAR

EXPLANATION: The two code snippets are functionally similar. They both solve a problem of moving plates around a circular table. The only difference is that one is written in C++ and the other is written in Python. The logic of the code is the same, and the only difference is the syntax and the libraries used. Therefore, the snippets are functionally similar.",93
2015_0_2,100159,2015_0_2,55775,CLONE,2026-07-05 18:59:18,"  ANSWER: YES-SIMILAR

EXPLANATION: The two code snippets are functionally similar. Both snippets solve the same problem, which is to find the minimum number of moves required to move all the pancakes to the highest stack. The only difference is the programming language used and the formatting of the code. The PHP code snippet uses a more modern and efficient way of solving the problem, while the Python code snippet uses a more traditional and verbose way of solving the problem. However, the two snippets achieve the same result and are functionally similar.",94
2015_0_2,55775,2015_0_2,40957,CLONE,2026-07-05 18:59:19,"  ANSWER: YES-SIMILAR

EXPLANATION: The two code snippets are functionally similar. They both solve a problem and achieve the same result. The only difference is that one is written in PHP and the other is written in Java. However, the logic behind the solution is the same. The code snippets are similar in that they both use a similar approach to solve the problem.",95
2015_0_3,42051,2015_0_3,41900,CLONE,2026-07-05 18:59:20,"  ANSWER: YES-SIMILAR

EXPLANATION: The two code snippets are functionally similar. They both solve a
problem involving a string of characters, where the goal is to find a
substring of the string that is equal to a given string. The only difference
between the two snippets is that one is in Java and the other is in C++.

The Java code snippet uses a Scanner to read input from a file, while the C++
code snippet uses freopen to read input from a file. The rest of the code is
similar. The Java",96
2015_0_3,41900,2015_0_3,103585,CLONE,2026-07-05 18:59:21,"  {
""answer"": ""YES-SIMILAR"",
""explanation"": ""The two code snippets are functionally similar. They both achieve the same result or perform the same task, even if they differ in syntax, structure, or the specific steps they take to accomplish that task. The only difference is that one is written in C++ and the other is written in Python. However, the functionality of the two code snippets is the same, and they can be considered similar.""
}",97
2015_0_3,103585,2015_0_3,19800,CLONE,2026-07-05 18:59:22,"  ANSWER: YES-SIMILAR

EXPLANATION: The two code snippets are similar in that they both perform the same
task, which is to multiply two numbers. The only difference is that one is
written in Python and the other is written in PHP. The functionality of the two
snippets is the same, but the syntax and structure of the code are different.
The Python code is more concise and easier to read, while the PHP code is more
verbose and has more comments. However, the functionality of the two snippets is
the same, and",98
2015_0_3,19800,2015_0_3,42051,CLONE,2026-07-05 18:59:23,"  ANSWER: YES-SIMILAR

EXPLANATION: The two code snippets are functionally similar. They both solve a
problem involving a quaternion number. The first code snippet is in PHP, while
the second is in Java. However, the logic behind solving the problem is the
same. The code snippets are similar in that they both use a quaternion
representation to solve the problem. The only difference is the syntax and
language used to implement the solution.",99
2015_0_3,47513,2015_0_3,49764,CLONE,2026-07-05 18:59:25,"  ANSWER: YES-SIMILAR

EXPLANATION: The two code snippets are functionally similar. Both are solving a problem involving a string of characters, where the characters are either 'i', 'j', 'k', or '-1', '-i', '-j', or '-k'. The code snippets are similar in that they both use a similar approach to solve the problem. The main difference is that the Java code uses a `Scanner` to read input from a file, while the C++ code uses `freopen` to read input from a file. The rest of",100
2015_0_3,49764,2015_0_3,103774,CLONE,2026-07-05 18:59:26,"  ANSWER: YES-SIMILAR

EXPLANATION: The two code snippets are functionally similar. Both are solving a problem involving a grid of size 1000x1000, where each cell can be one of four states (represented by the characters '1', 'i', 'j', and 'k'). The first code snippet uses a dynamic programming approach to solve the problem, while the second code snippet uses a recursive approach. The two code snippets achieve the same result, even though they differ in syntax and structure.",101
2015_0_3,103774,2015_0_3,102323,CLONE,2026-07-05 18:59:27,"  ANSWER: YES-SIMILAR

EXPLANATION: The two code snippets are functionally similar. They both perform the same task, which is to solve a problem involving a sequence of numbers. The only difference is that one is written in Python and the other is written in PHP. The code snippets have some similarities, such as the use of the same data structure (a 2D array) to represent the sequence of numbers, and the use of similar algorithms to perform the same task. However, there are also some differences, such as the use of different syntax and different libraries",102
2015_0_3,102323,2015_0_3,47513,CLONE,2026-07-05 18:59:28,"  ANSWER: YES-SIMILAR

EXPLANATION: The two code snippets are functionally similar. They both solve a
problem involving a string of length 12 or less, where each character is one
of the letters 'l', 'i', 'j', 'k', or 'p'. The first snippet uses a
state machine to consume the string and determine if it is valid. The second
snippet uses a similar approach, but with a different implementation. Both
snippets determine if the string is valid and if it is, they determine if the
",103
2015_0_3,96608,2015_0_3,23036,CLONE,2026-07-05 18:59:30,"  ANSWER: YES-SIMILAR

EXPLANATION: The two code snippets are functionally similar. They both solve a
problem involving a large number of strings, where each string is a
representation of a number. The first code snippet uses a map to store the
values of each string, and the second code snippet uses an array to store the
values of each string. Both snippets also use a function to calculate the
product of a number and a string. The only difference is that the first
snippet uses a map to store the values of each string,",104
2015_0_3,23036,2015_0_3,72742,CLONE,2026-07-05 18:59:31,"  ANSWER: YES-SIMILAR

EXPLANATION: The two code snippets are functionally similar. They both solve a problem that involves reading input from a file, processing it, and writing the output to a file. The only difference is that one is written in C++ and the other is written in Python. The logic of the two programs is the same, and the only difference is the syntax and the language used to implement it. Therefore, the two code snippets are functionally similar.",105
2015_0_3,72742,2015_0_3,18309,CLONE,2026-07-05 18:59:33,"  ANSWER: YES-SIMILAR

EXPLANATION: The two code snippets are similar. They both solve a problem and have similar functionality. The only difference is that one is in Python and the other is in PHP. The functionality is the same, and the only difference is the syntax and the language used to write it.",106
2015_0_3,18309,2015_0_3,96608,CLONE,2026-07-05 18:59:34,"  ANSWER: YES-SIMILAR

EXPLANATION: The two code snippets are functionally similar. They both solve a problem of finding a path from a starting point to a destination point. The only difference is that one is written in PHP and the other is written in Java. The logic of the two code snippets is similar, and they both use a similar approach to solve the problem. The only difference is that the Java code uses a different approach to solve the problem.",107
2015_0_4,86262,2015_0_4,63026,CLONE,2026-07-05 18:59:35,"  ANSWER: YES-SIMILAR

EXPLANATION: The two code snippets are similar in that they both perform the
same task, which is to determine whether a given input is a valid
configuration for a game. The only difference is that one is written in Java
and the other is written in C++. The logic of the code is the same, and
the only difference is the syntax and the way the code is organized.

The Java code uses a Scanner to read input from a file, while the C++ code
uses an ifstream to read input from a",108
2015_0_4,63026,2015_0_4,57828,CLONE,2026-07-05 18:59:36,"  {""answer"": ""YES-SIMILAR"", ""explanation"": ""The two code snippets are functionally similar. They both perform the same task, which is to read input from a file, process it, and write the output to another file. The only difference is the syntax and structure of the code, and the specific steps they take to accomplish the task. The Python code uses a more modern and efficient approach to read and write files, while the C++ code uses a more traditional and outdated approach. However, the underlying logic is the same.""}",109
2015_0_4,57828,2015_0_4,68310,CLONE,2026-07-05 18:59:37,"  ANSWER: YES-SIMILAR

EXPLANATION: The two code snippets are functionally similar. They both perform the same task, which is to determine whether a given set of dimensions (row, column, and size) can be tiled with an omino. The only difference is that one is written in Python and the other is written in PHP. The functionality is the same, and the only difference is the syntax and formatting of the code.",110
2015_0_4,68310,2015_0_4,86262,CLONE,2026-07-05 18:59:38,"  ANSWER: YES-SIMILAR

EXPLANATION: The two code snippets are functionally similar. They both perform the same task, which is to determine whether a given input is a valid input for a game. The only difference is that one is written in PHP and the other is written in Java. The functionality of the two code snippets is the same, and they both use the same algorithm to determine whether the input is valid or not. Therefore, they are functionally similar.",111
2015_0_4,30398,2015_0_4,86932,CLONE,2026-07-05 18:59:39,"  ANSWER: YES-SIMILAR

EXPLANATION: The two code snippets are functionally similar. They both solve the same problem and achieve the same result. The only difference is in the syntax and structure of the code. The first code snippet is in Java, while the second code snippet is in C++. The C++ code snippet uses the standard template library (STL) and the C++11 features to read input and write output, while the Java code snippet uses the Java Standard Library (JDK) and the Java 8 features to read input and write output.
",112
2015_0_4,86932,2015_0_4,94256,CLONE,2026-07-05 18:59:39,"  ANSWER: YES-SIMILAR

EXPLANATION: The two code snippets are functionally similar. They both achieve the same result or perform the same task, even though they differ in syntax, structure, or specific steps. The only difference is that one is written in C++ and the other is written in Python. However, the logic behind the code is the same, and the snippets achieve the same result.",113
2015_0_4,94256,2015_0_4,19708,CLONE,2026-07-05 18:59:40,"  ANSWER: YES-SIMILAR

EXPLANATION: The two code snippets are functionally similar. Both are
implementing a similar problem-solving approach. They are both taking input
from a file, processing it, and then printing the output to another file.
They are both using a similar naming convention for variables and functions.
They are both using a similar data structure to store the input data.

The only difference between the two code snippets is the language they are
written in. The first code snippet is in Python, while the second code
s",114
2015_0_4,19708,2015_0_4,30398,CLONE,2026-07-05 18:59:41,"  ANSWER: YES-SIMILAR

EXPLANATION: The two code snippets are functionally similar. They both solve the same problem, which is to determine whether a particular amino acid will win a game of Amino. The only difference is that one is written in PHP and the other is written in Java. The functionality of the two code snippets is the same, and they both achieve the same result.",115
2015_0_4,29877,2015_0_4,60776,CLONE,2026-07-05 18:59:42,"  ANSWER: YES-SIMILAR

EXPLANATION: The two code snippets are functionally similar. Both snippets achieve the same result, which is to determine whether a player can win a game of Ominous. The only difference is the language used and the formatting. The Java code snippet uses a Scanner to read input from a file, while the C++ code snippet uses a Scanner to read input from the command line. The rest of the code is similar, with the same variables, functions, and logic. Therefore, the two code snippets are functionally similar.",116
2015_0_4,60776,2015_0_4,74018,CLONE,2026-07-05 18:59:43,"  ANSWER: YES-SIMILAR

EXPLANATION: The two code snippets are functionally similar. They both achieve the same result or perform the same task, even if they differ in syntax, structure, or the specific steps they take to accomplish that task. The only difference is that one is written in C++ and the other is written in Python. However, the functionality of the two code snippets is the same, and they can be considered similar.",117
2015_0_4,74018,2015_0_4,78114,CLONE,2026-07-05 18:59:44,"  ANSWER: YES-SIMILAR

EXPLANATION: The two code snippets are functionally similar. They both solve the same problem and achieve the same result. The only difference is in the language and syntax used to solve the problem. The first code snippet is in Python, while the second code snippet is in PHP.",118
2015_0_4,78114,2015_0_4,29877,CLONE,2026-07-05 18:59:44,"  ANSWER: YES-SIMILAR

EXPLANATION: The two code snippets are functionally similar. Both snippets achieve the same result or perform the same task, even if they differ in syntax, structure, or specific steps. The only difference is that one is written in PHP and the other is written in Java. However, the logic behind the code is the same, and the snippets achieve the same result.",119
2015_1_1,112276,2015_1_1,111086,CLONE,2026-07-05 18:59:45,"  ANSWER: YES-SIMILAR

EXPLANATION: The two code snippets are functionally similar. They both read a
text file, process it, and write the output to a file. The only difference is
that the C++ code uses a Boost library to handle the integers, while the Java
code does not use any library. The rest of the code is similar, including the
setup, processCase, and main functions.",120
2015_1_1,111086,2015_1_1,117734,CLONE,2026-07-05 18:59:46,"  ANSWER: YES-SIMILAR

EXPLANATION: The two code snippets are functionally similar. Both snippets
solve the same problem, which is to read a text file and print the
result. The only difference is that one snippet uses C++11 and the other
snippet uses Python 3. The C++ snippet uses Boost libraries to read the
text file, while the Python snippet uses the built-in `readline` function
to read the text file. The snippets also differ in the way they handle
input and output. The",121
2015_1_1,117734,2015_1_1,122934,CLONE,2026-07-05 18:59:47,"  ANSWER: YES-SIMILAR

EXPLANATION: The two code snippets are functionally similar. They both solve a problem and achieve the same result. The only difference is the programming language used and the formatting of the code. The PHP code snippet uses a different syntax and formatting than the Python code snippet. However, the functionality of the code is the same.",122
2015_1_1,122934,2015_1_1,112276,CLONE,2026-07-05 18:59:48,"  ANSWER: YES-SIMILAR

EXPLANATION: The two code snippets are functionally similar. They both perform the same task, which is to read a file, process its contents, and write the results to a file. The only difference is in the programming language and syntax used. The PHP code uses a more traditional approach with file pointers and fgets, while the Java code uses a more modern approach with BufferedReader and Scanner. The logic of the code is the same, and the only difference is in the way the file is read and processed.",123
2015_1_1,118030,2015_1_1,122263,CLONE,2026-07-05 18:59:49,"  ANSWER: YES-SIMILAR

EXPLANATION: The two code snippets are functionally similar. Both are programs that read input, perform some computation, and then output the result. The only difference is that one is written in Java and the other is written in C++. The Java code uses the Scanner class to read input and the C++ code uses the std::cin class to read input. Both codes also use the same algorithm to solve the problem, which is to find the maximum number of mushrooms that can be eaten at any given time. The only difference is that",124
2015_1_1,122263,2015_1_1,124602,CLONE,2026-07-05 18:59:49,"  ANSWER: YES-SIMILAR

EXPLANATION: The two code snippets are functionally similar. They both solve a problem involving a sequence of numbers. The first code snippet uses a struct to represent the problem and the solution, while the second code snippet uses a map to represent the problem and the solution. The snippets achieve the same result, which is to find the maximum difference between any two numbers in the sequence. The only difference is in the syntax and structure of the code.",125
2015_1_1,124602,2015_1_1,111264,CLONE,2026-07-05 18:59:50,"  ANSWER: YES-SIMILAR

EXPLANATION: The two code snippets are functionally similar. They both solve the same problem of finding the minimums of a set of numbers. The only difference is the programming language and the syntax used. The PHP code snippet uses a more modern and concise syntax, while the Python code snippet uses a more traditional syntax. However, the logic behind the code is the same, and the snippets achieve the same result.",126
2015_1_1,111264,2015_1_1,118030,CLONE,2026-07-05 18:59:51,"  ANSWER: YES-SIMILAR

EXPLANATION: The two code snippets are functionally similar. They both achieve the same result, which is to calculate the number of mushrooms eaten by a mushroom monster. The only difference is in the syntax and structure of the code. The first code snippet is in PHP, while the second code snippet is in Java. However, the logic behind the code is the same. The first code snippet uses a PHP function to calculate the number of mushrooms eaten, while the second code snippet uses a Java function to calculate the",127
2015_1_1,112898,2015_1_1,111866,CLONE,2026-07-05 18:59:52,"  ANSWER: YES-SIMILAR

EXPLANATION: The two code snippets are functionally similar. They both perform the same task, which is to calculate the minimum number of eaten apples in a given set of apples. The only difference is in the syntax and structure of the code. The Java code uses an object-oriented approach with classes and methods, while the C++ code uses a procedural approach with functions and variables. However, the functionality of the two code snippets is the same, and they can be considered similar.",128
2015_1_1,111866,2015_1_1,111647,CLONE,2026-07-05 18:59:53,"  ANSWER: YES-SIMILAR

EXPLANATION: The two code snippets are functionally similar. They both perform the same task, which is to read input from a file and output the result. The only difference is that one is written in C++ and the other is written in Python. The C++ code uses the standard C++ library functions, while the Python code uses the Python built-in functions. However, the functionality of the code is the same.",129
2015_1_1,111647,2015_1_1,121770,CLONE,2026-07-05 18:59:53,"  ANSWER: YES-SIMILAR

EXPLANATION: The two code snippets are similar in that they both perform the same task, which is to read a line of input and output the result. The only difference is that one is written in Python and the other is written in PHP. The functionality of the code is the same, and the only difference is the syntax and the language used to write it.",130
2015_1_1,121770,2015_1_1,112898,CLONE,2026-07-05 18:59:54,"  ANSWER: YES-SIMILAR

EXPLANATION: The two code snippets are functionally similar. They both achieve the same result or perform the same task, even though they differ in syntax, structure, or specific steps.

The first code snippet is a PHP script that reads input from a file and performs a calculation on the input. The second code snippet is a Java program that reads input from a file and performs a calculation on the input. Both code snippets read input from a file and perform a calculation on the input. The only difference is that the first code snippet uses PHP",131
2016_0_1,76319,2016_0_1,65647,CLONE,2026-07-05 18:59:55,"  ANSWER: YES-SIMILAR

EXPLANATION: The two code snippets are functionally similar. Both snippets achieve the same result, which is to read a file and write the output to another file. The only difference is in the syntax and structure of the code. The first snippet is in Java, while the second snippet is in C++. However, the functionality is the same, and the snippets can be easily converted to each other's syntax and structure without any issues.",132
2016_0_1,65647,2016_0_1,94639,CLONE,2026-07-05 18:59:56,"  ANSWER: YES-SIMILAR

EXPLANATION: The two code snippets are functionally similar. Both are designed to solve a problem of counting the number of sheep in a flock. The first code snippet is written in C++, while the second is written in Python. However, the logic behind the two code snippets is similar. Both use a loop to iterate over the input number of sheep, and for each sheep, they check if the sheep's number is a multiple of 10. If it is, they add up the sum of the sheep's numbers. If",133
2016_0_1,94639,2016_0_1,48618,CLONE,2026-07-05 18:59:57,"  ANSWER: YES-SIMILAR

EXPLANATION: The two code snippets are functionally similar. They both achieve the same result, which is to count the number of sheep in a flock. The only difference is that one is written in Python and the other is written in PHP. The logic of the code is the same, and the only difference is the syntax and the language in which it is written. Therefore, the two code snippets are functionally similar.",134
2016_0_1,48618,2016_0_1,76319,CLONE,2026-07-05 18:59:57,"  ANSWER: YES-SIMILAR

EXPLANATION: The two code snippets are functionally similar. They both achieve the same result or perform the same task, even though they differ in syntax, structure, or specific steps. The snippets are similar in that they both read input from a file, perform a calculation, and write output to a file. The only difference is that one snippet uses PHP and the other uses Java. However, the logic and functionality of the snippets are similar.",135
2016_0_1,117099,2016_0_1,134225,CLONE,2026-07-05 18:59:58,"  {
""answer"": ""YES-SIMILAR"",
""explanation"": ""The two code snippets are functionally similar. They both achieve the same result, which is to find the smallest number that, when multiplied by 10, results in a number with all its digits set to 1. The only difference is in the syntax and structure of the code. The first code snippet is in Java, while the second code snippet is in C++. However, the logic of the code is the same, and the snippets achieve the same result.""
}",136
2016_0_1,134225,2016_0_1,88781,CLONE,2026-07-05 18:59:59,"  ANSWER: YES-SIMILAR

EXPLANATION: The two code snippets are functionally similar. Both are solving a problem involving finding the smallest number that has a given property. The first code snippet uses a brute force approach to find the smallest number that has a given property, while the second code snippet uses a more efficient approach that involves hashing. The second code snippet is more efficient because it avoids the need to search for the smallest number that has the property, and instead, it uses a hash table to keep track of the numbers that have the property. However, the first",137
2016_0_1,88781,2016_0_1,39027,CLONE,2026-07-05 19:00:00,"  ANSWER: YES-SIMILAR

EXPLANATION: The two code snippets are functionally similar. They both solve a problem and achieve the same result. The only difference is the programming language used and the formatting of the code. The PHP code is more readable and easier to follow than the Python code.",138
2016_0_1,39027,2016_0_1,117099,CLONE,2026-07-05 19:00:01,"  ANSWER: YES-SIMILAR

EXPLANATION: The two code snippets are functionally similar. They both achieve the same result, which is to read a file and write the contents to another file. The only difference is in the syntax and structure of the code. The PHP code uses fopen, fgets, and fclose functions to read and write the files, while the Java code uses the Scanner class to read the input and the System.out.printf method to write the output. The PHP code also uses an array to store the contents of the file, while the Java code",139
2016_0_1,100898,2016_0_1,143909,CLONE,2026-07-05 19:00:01,"  ANSWER: YES-SIMILAR

EXPLANATION: The two code snippets are functionally similar. They both achieve the same result, which is to count the number of sheep in a flock. The only difference is in the syntax and structure of the code. The Java code uses a Scanner to read input from the user, while the C++ code uses the standard input stream. The C++ code also uses a boolean array to keep track of the sheep, while the Java code uses a long variable to keep track of the sheep. However, the overall logic of the code is the same",140
2016_0_1,143909,2016_0_1,71388,CLONE,2026-07-05 19:00:02,"  ANSWER: YES-SIMILAR

EXPLANATION: The two code snippets are functionally similar. They both perform the same task of determining whether a given number is a prime number or not. The only difference is the syntax and the way the code is organized. The first code snippet is in C++, while the second code snippet is in Python. However, the logic behind the code is the same. The first code snippet uses a for loop to iterate through the numbers from 1 to 10 and checks if each number is a prime number or not. The second code snippet uses",141
2016_0_1,71388,2016_0_1,113708,CLONE,2026-07-05 19:00:03,"  ANSWER: YES-SIMILAR

EXPLANATION: The two code snippets are functionally similar. They both perform the same task, which is to calculate the nth number in the Fibonacci sequence. The only difference is the syntax and structure of the code. The first code snippet is in Python, while the second code snippet is in PHP. However, the logic of the code is the same, and the snippets achieve the same result.",142
2016_0_1,113708,2016_0_1,100898,CLONE,2026-07-05 19:00:04,"  ANSWER: YES-SIMILAR

EXPLANATION: The two code snippets are functionally similar. They both achieve the same result, which is to find the next number in the Fibonacci sequence. The only difference is in the syntax and structure of the code. The PHP code uses a function called ""bleatrix"" to achieve the result, while the Java code uses a class called ""CountingSheep"" and a method called ""charAdd"" to achieve the same result. The code snippets are functionally similar because they both use the same logic to find the next",143
2016_0_4,136626,2016_0_4,135114,CLONE,2026-07-05 19:00:05,"  ANSWER: YES-SIMILAR

EXPLANATION: The two code snippets are functionally similar. Both are programs that read input from the user and perform a specific task. The first code snippet is written in Java, while the second is written in C++. However, the similarity lies in the fact that both snippets achieve the same result, which is to read input from the user and perform a specific task. The first snippet uses the Scanner class to read input from the user, while the second snippet uses the stdin stream. Both snippets also use the same algorithm to perform the",144
2016_0_4,135114,2016_0_4,63570,CLONE,2026-07-05 19:00:05,"  ANSWER: YES-SIMILAR

EXPLANATION: The two code snippets are functionally similar. They both solve a
problem that involves a series of choices, and they both use a similar
algorithm to generate the choices. The only difference is that one is in C++
and the other is in Python. However, the logic behind the code is the same.
The C++ code uses a more efficient way of generating the choices, but the
Python code is more readable and easier to understand.",145
2016_0_4,63570,2016_0_4,80717,CLONE,2026-07-05 19:00:06,"  ANSWER: YES-SIMILAR

EXPLANATION: The two code snippets are functionally similar. They both achieve the same result or perform the same task, even though they differ in syntax, structure, or the specific steps they take to accomplish that task. The only difference is that one is written in Python and the other is written in PHP. However, the logic and functionality of the snippets are the same, and the only difference is the programming language used to write them. Therefore, the answer is YES-SIMILAR.",146
2016_0_4,80717,2016_0_4,136626,CLONE,2026-07-05 19:00:07,"  ANSWER: YES-SIMILAR

EXPLANATION: The two code snippets are functionally similar. They both perform the same task, which is to generate the possible combinations of a given set of numbers. The only difference is that one is written in PHP and the other is written in Java. The logic of the two code snippets is similar, and the only difference is the syntax and the specific steps they take to accomplish the task.",147
2016_0_4,125922,2016_0_4,90060,CLONE,2026-07-05 19:00:08,"  ANSWER: YES-SIMILAR

EXPLANATION: The two code snippets are functionally similar. They both perform the same task, which is to read a file and output the contents of the file in a specific format. The only difference is the syntax and structure of the code. The Java code uses a BufferedReader to read the file, while the C++ code uses a cin to read the file. The C++ code also uses a cout to output the contents of the file, while the Java code uses a System.out.println to output the contents of the file. The rest",148
2016_0_4,90060,2016_0_4,158305,CLONE,2026-07-05 19:00:09,"  ANSWER: YES-SIMILAR

EXPLANATION: The two code snippets are functionally similar. Both are C++ code that solves a problem involving a game. The only difference is that one is written in C++ and the other is written in Python. The logic of the code is the same, and the only difference is the syntax and the libraries used. The C++ code uses the standard C++ libraries, while the Python code uses the Python standard library. The code snippets are functionally similar because they achieve the same result, even though they differ in syntax and specific steps.",149
2016_0_4,158305,2016_0_4,139021,CLONE,2026-07-05 19:00:10,"  ANSWER: YES-SIMILAR

EXPLANATION: The two code snippets are similar. They both solve a problem
related to a fractal. The first code snippet is in Python and the second is
in PHP. However, the similarity lies in the fact that they both use the
same approach to solve the problem. They both start by reading input from
stdin, then they both call a function called ""solve_large"" which
determines if the input is valid. If the input is valid, they both call a
function called ""solve_",150
2016_0_4,139021,2016_0_4,125922,CLONE,2026-07-05 19:00:11,"  ANSWER: YES-SIMILAR

EXPLANATION: The two code snippets are functionally similar. They both solve a
problem involving a fractal. The first code snippet is in PHP, while the
second is in Java. However, the functionality of the two code snippets is
the same. They both read input from a file, process it, and write the
output to a file. The only difference is the syntax and the language used.
The first code snippet uses PHP syntax and the second code snippet uses Java
syntax. The functionality of the two code sni",151
2016_0_4,99642,2016_0_4,45917,CLONE,2026-07-05 19:00:12,"  ANSWER: YES-SIMILAR

EXPLANATION: The two code snippets are functionally similar. They both solve a
problem involving a set of integers, and they both use a similar approach to
solve the problem. The only difference is that one snippet uses Java and the
other uses C++.

The first snippet uses Java to read input from a file, process it, and write output
to another file. It uses the BufferedReader class to read the input file and
the PrintWriter class to write the output file. The second snippet uses C++ to
",152
2016_0_4,45917,2016_0_4,142083,CLONE,2026-07-05 19:00:13,"  {
""answer"": ""YES-SIMILAR"",
""explanation"": ""The two code snippets are functionally similar. Both are C++ code snippets that solve a problem. The only difference is that one is in C++ and the other is in Python. The code snippets achieve the same result and perform the same task, even though they differ in syntax, structure, and specific steps. The similarity is not perfect, but it is sufficient to consider them similar.""
}",153
2016_0_4,142083,2016_0_4,37736,CLONE,2026-07-05 19:00:14,"  ANSWER: YES-SIMILAR

EXPLANATION: The two code snippets are functionally similar. They achieve the same result or perform the same task, even if they differ in syntax, structure, or the specific steps they take to accomplish that task. The only difference is that one is written in Python and the other is written in PHP. However, the logic and functionality of the two code snippets are similar. They both read input from a file, process it, and write the output to another file. The only difference is that one uses the Python syntax and the other uses the PHP",154
2016_0_4,37736,2016_0_4,99642,CLONE,2026-07-05 19:00:15,"  ANSWER: YES-SIMILAR

EXPLANATION: The two code snippets are functionally similar. Both are solving a problem involving a set of integers, and they both use the same approach to solve the problem. The only difference is that one is written in PHP and the other is written in Java. The functionality of the code is the same, and the only difference is the syntax and the language used to write it.",155
2016_1_1,15819,2016_1_1,15421,CLONE,2026-07-05 19:00:16,"  ANSWER: YES-SIMILAR

EXPLANATION: The two code snippets are functionally similar. They both achieve the same result or perform the same task, even though they differ in syntax, structure, or the specific steps they take to accomplish that task.

The first code snippet is a Java program that reads a file and writes the last word of each line to a new file. The second code snippet is a C++ program that reads a string and outputs the last word of the string. Both programs achieve the same result, which is to output the last word of each line.",156
2016_1_1,15421,2016_1_1,3308,CLONE,2026-07-05 19:00:16,"  ANSWER: YES-SIMILAR

EXPLANATION: The two code snippets are functionally similar. They both solve a problem involving reading input from a file and outputting the result. The only difference is that one is written in C++ and the other is written in Python. The C++ code uses Boost libraries to perform integer and floating-point arithmetic, while the Python code uses the built-in `ord` function to compare the ASCII values of the characters. The rest of the code is similar.",157
2016_1_1,3308,2016_1_1,3735,CLONE,2026-07-05 19:00:17,"  ANSWER: YES-SIMILAR

EXPLANATION: The two code snippets are functionally similar. They both perform the same task, which is to read a file and write the last word of each line to a new file. The only difference is in the syntax and structure of the code. The Python code uses a more modern approach with the use of functions and variables, while the PHP code uses more traditional syntax and variables. However, the functionality is the same.",158
2016_1_1,3735,2016_1_1,15819,CLONE,2026-07-05 19:00:18,"  ANSWER: YES-SIMILAR

EXPLANATION: The two code snippets are functionally similar. They both achieve the same result, which is to read input from a file, process it, and write the output to another file. The only difference is in the syntax and structure of the code. The PHP code uses fscanf and fgets to read the input and output, while the Java code uses Files.readAllLines and FileWriter to read the input and output. The Java code also uses a StringBuilder to concatenate the last word in the input string. However, the overall",159
2016_1_1,28201,2016_1_1,31768,CLONE,2026-07-05 19:00:18,"  ANSWER: YES-SIMILAR

EXPLANATION: The two code snippets are functionally similar. They both achieve the same result, which is to sort a string in alphabetical order. The only difference is in the syntax and structure of the code. The first code snippet is in Java, while the second code snippet is in C++. However, the functionality of the code is the same.",160
2016_1_1,31768,2016_1_1,33316,CLONE,2026-07-05 19:00:19,"  ANSWER: YES-SIMILAR

EXPLANATION: The two code snippets are functionally similar. They both perform the same task, which is to read input from a file, sort the input, and write the sorted output to another file. The only difference is that one is written in C++ and the other is written in Python. However, the logic of the code is the same, and the only difference is the syntax and the libraries used. Therefore, the snippets are functionally similar.",161
2016_1_1,33316,2016_1_1,18665,CLONE,2026-07-05 19:00:20,"  ANSWER: YES-SIMILAR

EXPLANATION: The two code snippets are functionally similar. They both achieve the same result or perform the same task, even if they differ in syntax, structure, or the specific steps they take to accomplish that task. The only difference is that one is written in Python and the other is written in PHP. However, the functionality of the code is the same, and the only difference is the programming language used to write it.",162
2016_1_1,18665,2016_1_1,28201,CLONE,2026-07-05 19:00:21,"  ANSWER: YES-SIMILAR

EXPLANATION: The two code snippets are functionally similar. They both perform the same task, which is to sort a string in alphabetical order. The only difference is that one is written in PHP and the other is written in Java. The logic of the code is the same, and the only difference is the syntax and the language in which it is written. Therefore, the two code snippets are functionally similar.",163
2016_1_1,22113,2016_1_1,20829,CLONE,2026-07-05 19:00:21,"  ANSWER: YES-SIMILAR

EXPLANATION: The two code snippets are functionally similar. They both achieve the same result or perform the same task, even if they differ in syntax, structure, or the specific steps they take to accomplish that task. The only difference is that one is written in Java and the other is written in C++. However, the logic behind the code is the same, and the snippets are functionally similar.",164
2016_1_1,20829,2016_1_1,14703,CLONE,2026-07-05 19:00:22,"  ANSWER: YES-SIMILAR

EXPLANATION: The two code snippets are functionally similar. They both solve the same problem, which is to take a string and output the string in a different order. The only difference is that the C++ code uses a more complex approach to solve the problem, while the Python code uses a simpler approach. The C++ code uses a queue and a map to solve the problem, while the Python code uses a simple for loop. However, the end result is the same, and the two code snippets are functionally similar.",165
2016_1_1,14703,2016_1_1,4557,CLONE,2026-07-05 19:00:23,"  ANSWER: YES-SIMILAR

EXPLANATION: The two code snippets are functionally similar. They both achieve the same result, which is to take a string as input and output the string with the last character moved to the front. The only difference is in the syntax and structure of the code. The Python code uses a function called ""play_best"" to achieve this, while the PHP code uses a function called ""calcular"" to achieve the same result. The PHP code also uses a different approach to read input and write output, which is not a significant difference. Therefore,",166
2016_1_1,4557,2016_1_1,22113,CLONE,2026-07-05 19:00:24,"  ANSWER: YES-SIMILAR

EXPLANATION: The two code snippets are functionally similar. They both achieve the same result or perform the same task, even if they differ in syntax, structure, or the specific steps they take to accomplish that task. The only difference is that one is written in PHP and the other is written in Java. However, the functionality of the two code snippets is the same, and they can be considered similar.",167
2016_1_2,23627,2016_1_2,7905,CLONE,2026-07-05 19:00:25,"  ANSWER: YES-SIMILAR

EXPLANATION: The two code snippets are functionally similar. They both achieve the same result, which is to print the numbers from 1 to 4000 that appear an even number of times in a file. The only difference is that one is written in Java and the other is written in C++. The Java code uses a HashMap to store the counts of each number, while the C++ code uses an array to store the counts. The code snippets also differ in the way they read input and print output. The Java code uses",168
2016_1_2,7905,2016_1_2,30453,CLONE,2026-07-05 19:00:25,"  ANSWER: YES-SIMILAR

EXPLANATION: The two code snippets are functionally similar. They both perform the same task, which is to find the ranks of the numbers in a list of lists. The only difference is that one is written in C++ and the other is written in Python. The C++ code uses a more efficient method to count the number of occurrences of each number in the list of lists, which is the line ""int cnt[4000];"" followed by ""memset(cnt, 0, sizeof(cnt));"" to set",169
2016_1_2,30453,2016_1_2,22155,CLONE,2026-07-05 19:00:26,"  ANSWER: YES-SIMILAR

EXPLANATION: The two code snippets are functionally similar. They both take in a list of lists and return a list of unique elements in the list. The only difference is that the Python code uses a list comprehension to flatten the list of lists and count the unique elements, while the PHP code uses a for loop to iterate over the list of lists and count the unique elements. The rest of the code is similar.",170
2016_1_2,22155,2016_1_2,23627,CLONE,2026-07-05 19:00:27,"  ANSWER: YES-SIMILAR

EXPLANATION: The two code snippets are functionally similar. They both achieve the same result or perform the same task, even though they differ in syntax, structure, or the specific steps they take to accomplish that task. The only difference is that one is written in PHP and the other is written in Java. However, the functionality of the code is the same, and the only difference is the language in which it is written. Therefore, the answer is YES-SIMILAR.",171
2016_1_2,26561,2016_1_2,22827,CLONE,2026-07-05 19:00:28,"  ANSWER: YES-SIMILAR

EXPLANATION: The two code snippets are functionally similar. They both solve the same problem, which is to find the missing numbers in a list of numbers. The only difference is the syntax and the libraries used. The Java code uses Java libraries and classes, while the C++ code uses C++ libraries and headers. The functionality is the same, and the only difference is the syntax and the libraries used.",172
2016_1_2,22827,2016_1_2,14745,CLONE,2026-07-05 19:00:28,"  ANSWER: YES-SIMILAR

EXPLANATION: The two code snippets are functionally similar. They both achieve the same result or perform the same task, even if they differ in syntax, structure, or the specific steps they take to accomplish that task. The only difference between the two code snippets is the language in which they are written. The first code snippet is in C++, while the second code snippet is in Python. However, the functionality of the two code snippets is the same, and they both solve the same problem.",173
2016_1_2,14745,2016_1_2,21265,CLONE,2026-07-05 19:00:29,"  ANSWER: YES-SIMILAR

EXPLANATION: The two code snippets are functionally similar. They both solve a
problem of finding the missing soldiers in a battle. The only difference is
the language used. The first code snippet is in Python, while the second is in
PHP. The functionality of the two code snippets is the same. The first code
snippet reads the input from a file, processes it, and outputs the result. The
second code snippet reads the input from a file, processes it, and outputs the
result. The only difference is",174
2016_1_2,21265,2016_1_2,26561,CLONE,2026-07-05 19:00:30,"  ANSWER: YES-SIMILAR

EXPLANATION: The two code snippets are functionally similar. They both achieve the same result, which is to find the missing numbers in a list of numbers. The only difference is in the syntax and structure of the code. The first code snippet is in PHP, while the second code snippet is in Java. However, the logic of the code is the same, and the only difference is the syntax and structure of the code.",175
2016_1_2,21848,2016_1_2,26565,CLONE,2026-07-05 19:00:31,"  ANSWER: YES-SIMILAR

EXPLANATION: The two code snippets are functionally similar. They both achieve the same result, which is to read a file, process its contents, and write the results to a file. The only difference is in the syntax and structure of the code. The first code snippet is in Java, while the second is in C++. However, the functionality is the same.",176
2016_1_2,26565,2016_1_2,7956,CLONE,2026-07-05 19:00:32,"  ANSWER: YES-SIMILAR

EXPLANATION: The two code snippets are functionally similar. They both achieve the same result, which is to print the numbers that appear an odd number of times in the input. The only difference is in the syntax and structure of the code. The first code snippet is in C++, while the second code snippet is in Python. However, the logic of the code is the same, and the two code snippets achieve the same result.",177
2016_1_2,7956,2016_1_2,19133,CLONE,2026-07-05 19:00:32,"  ANSWER: YES-SIMILAR

EXPLANATION: The two code snippets are functionally similar. They both solve the same problem, which is to find the missing numbers in a 2D array. The only difference is the programming language and the syntax used. The PHP code uses a different syntax than the Python code, but the logic is the same. The PHP code uses a different approach to solve the problem, but the result is the same. Therefore, the two code snippets are functionally similar.",178
2016_1_2,19133,2016_1_2,21848,CLONE,2026-07-05 19:00:33,"  ANSWER: YES-SIMILAR

EXPLANATION: The two code snippets are functionally similar. They both perform the same task, which is to read a file, process its contents, and write the results to another file. The only difference is in the programming language and syntax used. The PHP code snippet uses PHP syntax and the Java code snippet uses Java syntax. However, the functionality of the code snippets is the same, and the only difference is in the way the code is written. Therefore, the answer is YES-SIMILAR.",179
2016_2_1,201276,2016_2_1,194349,CLONE,2026-07-05 19:00:34,"  {
""answer"": ""YES-SIMILAR"",
""explanation"": ""The two code snippets are functionally similar. They both achieve the same result or perform the same task, even if they differ in syntax, structure, or the specific steps they take to accomplish that task. The only difference is that one is written in Java and the other is written in C++. However, the functionality of the two code snippets is the same, and they both solve the problem of counting the number of digits in a given string.""
}",180
2016_2_1,194349,2016_2_1,185295,CLONE,2026-07-05 19:00:35,"  ANSWER: YES-SIMILAR

EXPLANATION: The two code snippets are functionally similar. They both achieve the same result or perform the same task, even though they differ in syntax, structure, or specific steps. The first code snippet is a C++ program that takes input as a string and outputs the number of each letter in the string. The second code snippet is a Python program that takes input as a file and outputs the number of each letter in the file. Both programs achieve the same result, which is to count the number of each letter in the input. The only difference",181
2016_2_1,185295,2016_2_1,198100,CLONE,2026-07-05 19:00:36,"  ANSWER: YES-SIMILAR

EXPLANATION: The two code snippets are functionally similar. They both solve the Fractiles problem (D) in Google Code Jam 2016. The first code snippet is written in Python and the second code snippet is written in PHP. However, the functionality of the two code snippets is the same. They both read the input file, process the test cases, and write the output to a file. The only difference is the syntax and the language used to write the code.",182
2016_2_1,198100,2016_2_1,201276,CLONE,2026-07-05 19:00:38,"  ANSWER: YES-SIMILAR

EXPLANATION: The two code snippets are functionally similar. They both solve the same problem, which is to read a file and output the result. The only difference is that one is written in PHP and the other is written in Java. The code snippets have similar functionality, and the only difference is the syntax and the language used to write the code.",183
2016_2_1,180026,2016_2_1,186531,CLONE,2026-07-05 19:00:39,"  {""answer"": ""YES-SIMILAR"", ""explanation"": ""The two code snippets are similar because they both achieve the same result, which is to count the frequency of each letter in a given string. The only difference is in the syntax and structure of the code, and the specific steps they take to accomplish the task. The Java code uses a Scanner to read input and a for loop to iterate over the string, while the C++ code uses a for loop to iterate over the string and a while loop to count the frequency of each letter. Both codes achieve the same result, but the C++ code",184
2016_2_1,186531,2016_2_1,196651,CLONE,2026-07-05 19:00:40,"  ANSWER: YES-SIMILAR

EXPLANATION: The two code snippets are functionally similar. Both are C++ code that
solves a problem involving a specific task. The only difference is that one is written in
C++ and the other is written in Python. However, the logic behind the code is the same.
The code snippets both take a string as input, count the frequency of each digit in the
string, and then output the count of each digit. The only difference is that one uses a
specific function to count the frequency of each digit and the",185
2016_2_1,196651,2016_2_1,193717,CLONE,2026-07-05 19:00:40,"  ANSWER: YES-SIMILAR

EXPLANATION: The two code snippets are functionally similar. They both solve a
problem by reading input from a file, processing it, and writing the output
to a file. The only difference is that the PHP code uses a different syntax
for reading and writing files, and the Python code uses a different syntax for
declaring functions and variables. Additionally, the PHP code uses a different
syntax for declaring arrays and for loop, while the Python code uses a different
syntax for declaring lists and for loop. However, the overall structure and",186
2016_2_1,193717,2016_2_1,180026,CLONE,2026-07-05 19:00:41,"  ANSWER: YES-SIMILAR

EXPLANATION: The two code snippets are functionally similar. They both perform the same task, which is to count the frequency of each letter in a given string and output the result. The only difference is that one is written in PHP and the other is written in Java. However, the logic behind the code is the same, and the code snippets achieve the same result.",187
2016_2_1,193929,2016_2_1,179503,CLONE,2026-07-05 19:00:43,"  ANSWER: YES-SIMILAR

EXPLANATION: The two code snippets are functionally similar. They both solve a
problem by reading a file, processing its contents, and writing the result to
another file. The only difference is that one is written in Java and the other
is written in C++. The Java code uses the Scanner class to read the input file,
while the C++ code uses the cin function. Both codes use the same algorithm to
process the input and write the output. The only difference is the syntax and
structure of the code.",188
2016_2_1,179503,2016_2_1,182378,CLONE,2026-07-05 19:00:43,"  {
""answer"": ""YES-SIMILAR"",
""explanation"": ""The two code snippets are functionally similar. They both achieve the same result, which is to read input from a file and print the sorted output. The only difference is in the syntax and structure of the code. The first code snippet is in C++, while the second code snippet is in Python. However, the functionality of the code is the same.""
}",189
2016_2_1,182378,2016_2_1,200006,CLONE,2026-07-05 19:00:45,"  ANSWER: YES-SIMILAR

EXPLANATION: The two code snippets are functionally similar. They both achieve the same result or perform the same task, even if they differ in syntax, structure, or the specific steps they take to accomplish that task. The only difference is that one is written in Python and the other is written in PHP. However, the logic and functionality of the two code snippets are similar, and they both solve the same problem. Therefore, the answer is YES-SIMILAR.",190
2016_2_1,200006,2016_2_1,193929,CLONE,2026-07-05 19:00:46,"  ANSWER: YES-SIMILAR

EXPLANATION: The two code snippets are functionally similar. They both solve a
problem by reading input from a file, processing it, and writing the result to
another file. The only difference is that one is written in PHP and the other
is written in Java. The functionality is the same, but the syntax and structure
of the code are different.",191
2013_0_1,103399,2015_0_2,96440,NON-CLONE,2026-07-05 19:00:47,"  ANSWER: YES-SIMILAR

EXPLANATION: The two code snippets are functionally similar. Both are programs that read a text file and solve a problem. The only difference is that one is written in Java and the other is written in C++. The Java code snippet uses the Java standard library, while the C++ code snippet uses the C++ standard library. The rest of the code is similar.",192
2013_0_1,49244,2016_2_1,186531,NON-CLONE,2026-07-05 19:00:48,"  ANSWER: YES-SIMILAR

EXPLANATION: The two code snippets are functionally similar. They both solve a
problem involving a game of tic-tac-toe. The first code snippet is written in
Java, while the second code snippet is written in C++. However, the logic behind
the two code snippets is similar. Both snippets use a similar approach to
solve the problem. They both use an array to keep track of the game board,
where each element in the array represents a square on the board. They both
also use",193
2013_0_1,126886,2016_0_4,45917,NON-CLONE,2026-07-05 19:00:50,"  ANSWER: YES-SIMILAR

EXPLANATION: The two code snippets are functionally similar. They both read input,
perform some computation, and then output the result. The only difference is that
the first code snippet uses Java and the second code snippet uses C++.

The first code snippet uses the Java `BufferedReader` class to read input from a file
and the `String` class to store the input. It then uses a `for` loop to iterate over
the input and perform some computation on each line. The second code snippet uses the
",194
2013_0_1,99825,2016_1_2,23627,NON-CLONE,2026-07-05 19:00:51,"  ANSWER: YES-SIMILAR

EXPLANATION: The two code snippets are functionally similar. They both achieve the same result or perform the same task, even though they differ in syntax, structure, or specific steps. The similarity lies in the fact that they both use a similar approach to solve the problem. The first code snippet uses a 2D array to store the state of the game, and the second code snippet uses a HashMap to store the state of the game. Both snippets also use a similar approach to count the number of losses and determine the winner. The only difference",195
2013_0_1,98087,2014_3_1,135560,NON-CLONE,2026-07-05 19:00:52,"  ANSWER: YES-SIMILAR

EXPLANATION: The two code snippets are functionally similar. They both solve a
problem involving a game of tic-tac-toe. The first code snippet uses a
different approach to solve the problem, but the overall logic is similar.
The second code snippet uses a different approach, but the overall logic is
similar. Both snippets read input from a file, process it, and write output
to a file. Both snippets use a similar approach to solve the problem, but
the specific steps taken to solve the",196
2013_0_1,72071,2015_0_3,103774,NON-CLONE,2026-07-05 19:00:53,"  {
""answer"": ""YES-SIMILAR"",
""explanation"": ""The two code snippets are functionally similar. They both perform the same task, which is to read input from the user, process it, and output the result. The only difference is the syntax and structure of the code. The first code snippet is in C++, while the second code snippet is in Python. However, the similarity lies in the fact that both snippets achieve the same result, which is to read input from the user, process it, and output the result. The only difference is the syntax and structure of the",197
2013_0_1,125888,2014_2_1,114208,NON-CLONE,2026-07-05 19:00:54,"  ANSWER: YES-SIMILAR

EXPLANATION: The two code snippets are functionally similar. They both solve a
problem involving a game of Tic-Tac-Toe. The first code snippet is in Python,
while the second is in PHP. However, the logic of the two code snippets is
similar. Both snippets read input from the user, process it, and then output
the result. The only difference is the syntax and the language used to write the
code. The first code snippet uses Python syntax and the second code snippet uses
PHP",198
2013_0_1,91336,2015_0_3,42051,NON-CLONE,2026-07-05 19:00:55,"  ANSWER: YES-SIMILAR

EXPLANATION: The two code snippets are similar in that they both solve a
problem involving a quaternion. The first code snippet is in Python and
solves a problem involving a quaternion, while the second code snippet is in
Java and solves a problem involving a quaternion. The similarity between the
two code snippets lies in the fact that they both involve solving a
problem involving a quaternion. The only difference between the two code
snippets is the programming language used to write them.",199
2013_0_1,70537,2015_0_3,49764,NON-CLONE,2026-07-05 19:00:56,"  ANSWER: YES-SIMILAR

EXPLANATION: The two code snippets are functionally similar. They both solve a
problem involving a game of tic-tac-toe. The first code snippet is in Python
and the second is in C++. The two snippets have similar functionality and
achieve the same result. The only difference is the syntax and the language
used. The first code snippet uses Python's built-in data structures and
functions, while the second code snippet uses C++'s standard library and
functions. The snippets have similar",200
2013_0_1,84842,2016_1_1,28201,NON-CLONE,2026-07-05 19:00:57,"  ANSWER: YES-SIMILAR

EXPLANATION: The two code snippets are functionally similar. They both read input from a file, sort the input, and write the sorted output to a file. The only difference is that the Java code uses a BufferedReader and BufferedWriter to read and write the files, while the PHP code uses the file() and fopen() functions to read and write the files. The rest of the code is similar.",201
2013_0_1,102913,2016_0_4,135114,NON-CLONE,2026-07-05 19:00:58,"  {
""answer"": ""YES-SIMILAR"",
""explanation"": ""The two code snippets are functionally similar because they both read a file, perform a task, and write the result to a file. The only difference is that the C++ code uses a different file input/output format than the PHP code. The C++ code uses the <bits/stdc++.h> header file, which defines the functions for input/output, while the PHP code uses the <fopen> function to open the file and the <fwrite> function to write to the file. The rest",202
2013_0_1,127485,2016_0_1,100898,NON-CLONE,2026-07-05 19:00:59,"  ANSWER: YES-SIMILAR

EXPLANATION: The two code snippets are functionally similar. Both snippets achieve the same result or perform the same task, even though they differ in syntax, structure, or the specific steps they take to accomplish that task.

The first code snippet is written in PHP and the second code snippet is written in Java. However, the functionality of the two code snippets is similar. Both snippets read input from a file, process it, and output the result. The only difference is that the first code snippet uses PHP syntax and the second code",203
2013_0_2,95524,2015_0_2,38840,NON-CLONE,2026-07-05 19:01:00,"  ANSWER: YES-SIMILAR

EXPLANATION: The two code snippets are functionally similar. Both are solving a problem involving a grid of numbers, where the goal is to determine whether a path exists from the top left to the bottom right of the grid. The only difference is that one is written in Java and the other is written in C++. The logic of the two programs is similar, with the main difference being the syntax and the specific steps taken to accomplish the task.",204
2013_0_2,44471,2014_2_1,114208,NON-CLONE,2026-07-05 19:01:01,"  ANSWER: YES-SIMILAR

EXPLANATION: The two code snippets are functionally similar. Both snippets
read input from a file, process it, and write the output to another file.
The only difference is that one snippet uses Java and the other uses PHP.
The functionality of the snippets is the same, and the only difference is
the syntax and the specific steps they take to accomplish the task.

The first snippet uses Java to read the input file, process it, and write the
output to another file. The second snippet uses PHP to read",205
2013_0_2,55421,2016_2_1,196651,NON-CLONE,2026-07-05 19:01:02,"  ANSWER: YES-SIMILAR

EXPLANATION: The two code snippets are functionally similar. They both solve a
problem and have the same functionality. The only difference is that one is in
Java and the other is in Python. The functionality is the same, and the only
difference is the syntax and the language used to implement it.",206
2013_0_2,83774,2016_2_1,201276,NON-CLONE,2026-07-05 19:01:03,"  ANSWER: YES-SIMILAR

EXPLANATION: The two code snippets are functionally similar. They both solve the same problem, which is to read a string of numbers and output the corresponding string of numbers. The only difference is that one is written in C++ and the other is written in Java. The C++ code uses a template function to parse the input string and the Java code uses a BufferedReader to read the input string. The rest of the code is similar. Therefore, the two code snippets are functionally similar.",207
2013_0_2,140779,2013_1_1,30519,NON-CLONE,2026-07-05 19:01:04,"  ANSWER: YES-SIMILAR

EXPLANATION: The two code snippets are functionally similar. They both solve the same problem, which is to find the maximum number of circles that can be drawn on a grid of size R x C, where each circle has a radius of 1. The only difference between the two snippets is that one is written in C++ and the other is written in Python. The functionality of the two snippets is the same, and the only difference is the syntax and the language in which they are written. Therefore, they are functionally similar.",208
2013_0_2,91409,2013_0_3,102207,NON-CLONE,2026-07-05 19:01:04,"  ANSWER: YES-SIMILAR

EXPLANATION: The two code snippets are functionally similar. Both are programs that read input from a file, process it, and write the output to another file. The only difference is that the first snippet uses C++ syntax and the second snippet uses Python syntax. The functionality of the two programs is the same, and the only difference is the language used to write them.",209
2013_0_2,78034,2014_2_1,129296,NON-CLONE,2026-07-05 19:01:05,"  ANSWER: YES-SIMILAR

EXPLANATION: The two code snippets are functionally similar. They both solve a problem involving a grid of cells, where each cell has a value. The first snippet uses a Pythonic approach to solve the problem, while the second snippet uses a Java-like approach. However, the core logic of the two snippets is similar, as they both iterate over the grid of cells, check the values of each cell, and if a cell's value is less than the maximum value in its row or column, they both raise a flag to indicate that",210
2013_0_2,122219,2014_3_1,138308,NON-CLONE,2026-07-05 19:01:06,"  {
""answer"": ""YES-SIMILAR"",
""explanation"": ""The two code snippets are functionally similar. They both perform the same task, which is to calculate the greatest common divisor of two numbers. The only difference is the syntax and the libraries used. The Python code uses the built-in libraries and the C++ code uses the C++ standard libraries. The functionality is the same, and the code snippets are similar.""
}",211
2013_0_2,85165,2014_3_1,134611,NON-CLONE,2026-07-05 19:01:07,"  ANSWER: YES-SIMILAR

EXPLANATION: The two code snippets are similar in that they both solve a problem involving a garden with a given layout. The first code snippet uses a Python approach to solve the problem, while the second code snippet uses a C++ approach. However, the overall structure of the two code snippets is similar, with the main function being the same and the input and output handling being similar. The only difference is the language used to solve the problem. Therefore, the answer is YES-SIMILAR.",212
2013_0_2,71957,2016_1_1,15819,NON-CLONE,2026-07-05 19:01:08,"  ANSWER: YES-SIMILAR

EXPLANATION: The two code snippets are functionally similar. They both perform the same task, which is to read a file and output the last word in each line. The only difference is that one is written in PHP and the other is written in Java. However, the logic behind the code is the same, and the code snippets achieve the same result. Therefore, the answer is YES-SIMILAR.",213
2013_0_2,96711,2013_0_3,51164,NON-CLONE,2026-07-05 19:01:08,"  ANSWER: YES-SIMILAR

EXPLANATION: The two code snippets are functionally similar. They both perform the same task, which is to check if a given number is a fair square or not. The only difference is the syntax and structure of the code. The first code snippet is in PHP, while the second code snippet is in Python. However, the logic behind the code is the same, and the two code snippets achieve the same result.",214
2013_0_2,68303,2016_0_1,71388,NON-CLONE,2026-07-05 19:01:09,"  ANSWER: YES-SIMILAR

EXPLANATION: The two code snippets are functionally similar. They both perform the same task, which is to read input from a file, process it, and output the result. The only difference is that one is written in PHP and the other is written in Python. The functionality is the same, and the only difference is the syntax and structure of the code.",215
2013_0_3,108834,2016_0_1,39027,NON-CLONE,2026-07-05 19:01:11,"  ANSWER: YES-SIMILAR

EXPLANATION: The two code snippets are functionally similar. They both perform the same task, which is to read a file and write the contents to another file. The only difference is that one is written in Java and the other is written in PHP. The similarity lies in the fact that they both use similar techniques to read and write files, such as using the FileInputStream and FileOutputStream classes in Java, and the fopen and fwrite functions in PHP. Additionally, the two code snippets both use similar data structures and algorithms to solve the problem",216
2013_0_3,59317,2016_1_2,26565,NON-CLONE,2026-07-05 19:01:11,"  {
""answer"": ""YES-SIMILAR"",
""explanation"": ""The two code snippets are similar because they both solve a problem involving finding the number of ways to arrange a set of numbers in a specific order. The snippets have similar structures and use similar data structures, such as vectors and maps. The only difference is that one snippet uses Java and the other snippet uses C++. However, the similarity is still significant because the snippets achieve the same result and perform the same task, even though they differ in syntax and specific steps.""
}",217
2013_0_3,74156,2015_0_3,49764,NON-CLONE,2026-07-05 19:01:13,"  ANSWER: YES-SIMILAR

EXPLANATION: The two code snippets are functionally similar. They both solve a
problem involving a string of characters, where the characters are either 'i',
'j', or 'k'. The first code snippet uses a Java-specific approach to solve the
problem, while the second code snippet uses a C++-specific approach. However,
the two code snippets achieve the same result, which is to determine whether a
string of characters can be divided into two parts where one part is a
palindrome and the other part",218
2013_0_3,102625,2013_0_1,126886,NON-CLONE,2026-07-05 19:01:14,"  ANSWER: YES-SIMILAR

EXPLANATION: The two code snippets are functionally similar. They both solve a
problem involving a game of Tic Tac Toe. The first code snippet is in C++,
while the second is in Java. However, the logic behind the two code snippets
is similar. They both read input from a file, parse the input, and then
determine the winner of the game. The only difference is the syntax and the
way the input is parsed. The first code snippet uses C++'s standard library
functions",219
2013_0_3,81195,2014_2_1,131873,NON-CLONE,2026-07-05 19:01:15,"  ANSWER: YES-SIMILAR

EXPLANATION: The two code snippets are functionally similar. They both achieve the same result, which is to find the number of cases where the input is a palindrome. The only difference is that one is written in C++ and the other is written in Java. The C++ code uses a vector to store the fair and square numbers, while the Java code uses an array. The C++ code also uses a priority queue to store the input, while the Java code uses a BufferedReader to read the input. The rest of the code is",220
2013_0_3,53348,2015_0_3,72742,NON-CLONE,2026-07-05 19:01:17,"  ANSWER: YES-SIMILAR

EXPLANATION: The two code snippets are functionally similar. They both solve a
problem that involves reading input from a file and writing output to a file.
The only difference is that one is written in C++ and the other is written in
Python. The similarity lies in the fact that they both use the same
algorithm to solve the problem. The algorithm is to read the input file, process
it, and write the output to a file. The only difference is that one is written
in C++ and the other is written in",221
2013_0_3,102207,2015_1_1,122934,NON-CLONE,2026-07-05 19:01:18,"  ANSWER: YES-SIMILAR

EXPLANATION: The two code snippets are functionally similar. They both perform the same task of counting the number of lines in a file. The only difference is that one is written in Python and the other is written in PHP. The code snippets are similar in that they both use the same approach to accomplish this task. The only difference is the syntax and the language used to write the code.",222
2013_0_3,51164,2014_2_1,129296,NON-CLONE,2026-07-05 19:01:19,"  ANSWER: YES-SIMILAR

EXPLANATION: The two code snippets are functionally similar. They both achieve the same result, which is to count the number of fair squares in a given set of squares. The only difference is that one is written in Python and the other is written in Java. The logic of the code is the same, and the only difference is the syntax and the way the code is organized. Therefore, the two code snippets are functionally similar.",223
2013_0_3,70289,2015_0_4,63026,NON-CLONE,2026-07-05 19:01:19,"  ANSWER: YES-SIMILAR

EXPLANATION: The two code snippets are functionally similar. They both solve a
problem by reading input from a file, processing it, and writing output to a
file. The only difference is that one is written in Python and the other is
written in C++. The similarity lies in the fact that they both have a similar
structure and functionality. The only difference is the syntax and the way
they handle input and output.",224
2013_0_3,89287,2016_1_1,15421,NON-CLONE,2026-07-05 19:01:20,"  ANSWER: YES-SIMILAR

EXPLANATION: The two code snippets are functionally similar. They both solve the same problem, which is to find the next palindrome number. The only difference is that one is written in PHP and the other is written in C++. The functionality of the two code snippets is the same, and they both achieve the same result.",225
2013_0_3,92037,2014_3_1,134611,NON-CLONE,2026-07-05 19:01:21,"  ANSWER: YES-SIMILAR

EXPLANATION: The two code snippets are functionally similar. They both achieve the same result, which is to find the number of pairs of integers in a given range that have the same number of digits in their square. The only difference is that the PHP code uses a different approach to generate the squares, and the C++ code uses a different approach to solve the problem. However, the two approaches achieve the same result.",226
2013_0_3,132829,2016_1_1,14703,NON-CLONE,2026-07-05 19:01:22,"  ANSWER: YES-SIMILAR

EXPLANATION: The two code snippets are functionally similar. Both snippets achieve the same result, which is to determine the number of perfect squares below a given number. The only difference is in the syntax and structure of the code. The PHP code uses a more traditional approach with functions and variables, while the Python code uses a more modern approach with functions and a main function. The logic of the code is the same, and the only difference is the way it is written.",227
2013_1_1,42047,2013_0_1,99825,NON-CLONE,2026-07-05 19:01:23,"  ANSWER: YES-SIMILAR

EXPLANATION: The two code snippets are functionally similar. Both snippets
solve the same problem of finding the number of moves required to make a
game of tic-tac-toe complete. The only difference is the syntax and
structure of the code. The Java code uses object-oriented programming
techniques and is more readable. The C++ code uses procedural programming
techniques and is more concise. However, the functionality of the two codes
is the same.",228
2013_1_1,30835,2015_0_3,103774,NON-CLONE,2026-07-05 19:01:23,"  {
""answer"": ""YES-SIMILAR"",
""explanation"": ""The two code snippets are similar because they both solve a problem involving a bullseye target. The first code snippet uses a different approach to solve the problem, but the overall functionality is similar. The second code snippet uses a different approach, but the overall functionality is similar. The snippets are functionally similar because they both achieve the same result, even if they differ in syntax, structure, or the specific steps they take to accomplish that task.""
}",229
2013_1_1,32414,2016_2_1,179503,NON-CLONE,2026-07-05 19:01:24,"  ANSWER: YES-SIMILAR

EXPLANATION: The two code snippets are functionally similar. They both solve a problem involving counting the number of digits in a string. The first code snippet uses a more traditional approach with a loop to iterate over the string and count the digits. The second code snippet uses a more modern approach with a more efficient algorithm to count the digits. The only difference is the syntax and the libraries used. Both snippets achieve the same result.",230
2013_1_1,28766,2015_0_1,47939,NON-CLONE,2026-07-05 19:01:25,"  ANSWER: YES-SIMILAR

EXPLANATION: The two code snippets are functionally similar. They both solve a problem and achieve the same result. The only difference is the programming language used and the formatting. The C++ code snippet uses C++11 syntax and formatting, while the Java code snippet uses Java syntax and formatting. The functionality of the two code snippets is the same, and they both solve the problem of finding the number of teams that can be formed in a competition.",231
2013_1_1,30228,2016_2_1,185295,NON-CLONE,2026-07-05 19:01:26,"  ANSWER: YES-SIMILAR

EXPLANATION: The two code snippets are functionally similar. They both solve a problem involving counting the number of letters in a string and outputting the result. The only difference is that the first code snippet uses a more traditional approach with loops and variables to count the number of letters, while the second code snippet uses a more modern approach with a dictionary to count the number of letters and a list to store the result. The second code snippet also uses a more efficient approach to eliminate duplicate letters in the result, which is not present in the first code snippet",232
2013_1_1,30618,2014_2_1,115757,NON-CLONE,2026-07-05 19:01:27,"  ANSWER: YES-SIMILAR

EXPLANATION: The two code snippets are functionally similar. They both solve a
problem involving finding the optimal solution to a problem. The first code
snippet uses a brute force approach to solve the problem, while the second
code snippet uses a more efficient approach. However, the two code snippets
achieve the same result, which is finding the optimal solution to the
problem. The only difference is in the approach used to solve the problem,
which is not considered a functional similarity.",233
2013_1_1,37029,2015_0_4,86932,NON-CLONE,2026-07-05 19:01:28,"  ANSWER: YES-SIMILAR

EXPLANATION: The two code snippets are functionally similar. They both achieve the same result, which is to determine whether a given number is a prime number or not. The only difference between the two code snippets is the syntax and the specific steps they take to accomplish the task. The first code snippet uses Python syntax and takes a different approach to the problem than the second code snippet, which uses C++ syntax. However, the underlying logic of the two code snippets is the same.",234
2013_1_1,32497,2016_2_1,194349,NON-CLONE,2026-07-05 19:01:29,"  ANSWER: YES-SIMILAR

EXPLANATION: The two code snippets are functionally similar. They both perform the same task, which is to read a file and output the number of times each letter appears in the file. The only difference is that one is written in Python and the other is written in C++. The Python code uses the `sys` and `math` modules to read the file and the C++ code uses the `iostream` and `string` libraries to read the file. The rest of the code is similar.",235
2013_1_1,30519,2015_0_1,65110,NON-CLONE,2026-07-05 19:01:29,"  ANSWER: YES-SIMILAR

EXPLANATION: The two code snippets are functionally similar. They both perform the same task, which is to find the last circle that can be fit into a given tube. The only difference is in the syntax and structure of the code. The first snippet is in Python, while the second snippet is in C++. However, the logic behind the code is the same. The first snippet uses a binary search algorithm to find the last circle that can be fit into a given tube, while the second snippet uses a for loop to iterate over the",236
2013_1_1,34507,2014_3_1,138308,NON-CLONE,2026-07-05 19:01:30,"  ANSWER: YES-SIMILAR

EXPLANATION: The two code snippets are functionally similar. They both perform the same task, which is to find the greatest common divisor of two numbers. The only difference is in the programming language and the syntax used. The PHP code snippet uses PHP syntax and the C++ code snippet uses C++ syntax. The functionality of the two code snippets is the same, and they can be considered similar.",237
2013_1_1,39026,2016_0_1,143909,NON-CLONE,2026-07-05 19:01:31,"  ANSWER: YES-SIMILAR

EXPLANATION: The two code snippets are functionally similar. They both perform the same task, which is to read a file, extract the number of cases from the first line, and then process each case in the file. The only difference is in the syntax and structure of the code. The PHP code uses a more traditional approach with variables and loops, while the C++ code uses a more functional approach with functions and a for loop. However, the functionality is the same, and the code snippets can be considered similar.",238
2013_1_1,31779,2014_3_1,132142,NON-CLONE,2026-07-05 19:01:32,"  ANSWER: YES-SIMILAR

EXPLANATION: The two code snippets are functionally similar. They both perform the same task, which is to calculate the greatest common divisor of two numbers. The only difference is the syntax and structure of the code. The PHP code uses fgets to read input from a file, while the C++ code uses ifstream to read input from a file. The PHP code uses sscanf to parse the input, while the C++ code uses gcd to calculate the greatest common divisor. The C++ code also uses a flag variable to determine",239
2014_2_1,115757,2013_0_1,99825,NON-CLONE,2026-07-05 19:01:33,"  {
""answer"": ""YES-SIMILAR"",
""explanation"": ""The two code snippets are functionally similar. They both achieve the same result or perform the same task, even if they differ in syntax, structure, or the specific steps they take to accomplish that task. The only difference is that one is written in Java and the other is written in C++. However, the functionality of the two code snippets is the same, and they can be considered similar.""
}",240
2014_2_1,129296,2015_1_1,122263,NON-CLONE,2026-07-05 19:01:34,"  ANSWER: YES-SIMILAR

EXPLANATION: The two code snippets are functionally similar. They both solve a
problem involving counting the frequency of characters in a string. The
Java code uses a Scanner to read the input, while the C++ code uses a
vector to store the input. The C++ code also uses a set to store the
frequency of each character, while the Java code uses an ArrayList to store
the input. The C++ code also uses a map to store the frequency of each
character, while the Java code uses an ArrayList to store",241
2014_2_1,131873,2016_1_2,19133,NON-CLONE,2026-07-05 19:01:35,"  ANSWER: YES-SIMILAR

EXPLANATION: The two code snippets are functionally similar. Both snippets read input from a file, process it, and write output to another file. The only difference is that one snippet uses Java and the other uses PHP. However, the logic of the snippets is similar. The first snippet uses a BufferedReader to read lines from a file, while the second snippet uses a PHP function to read lines from a file. The logic of the snippets is similar. The first snippet uses a BufferedWriter to write output to a file, while the",242
2014_2_1,131278,2013_0_1,91336,NON-CLONE,2026-07-05 19:01:36,"  ANSWER: YES-SIMILAR

EXPLANATION: The two code snippets are functionally similar. They both achieve the same result or perform the same task, even if they differ in syntax, structure, or the specific steps they take to accomplish that task. The only difference is that one is written in C++ and the other is written in Python. However, the functionality of the two code snippets is the same, and they both solve the problem of finding the winner of a game of tic-tac-toe.",243
2014_2_1,119165,2013_1_1,30835,NON-CLONE,2026-07-05 19:01:36,"  {
""answer"": ""YES-SIMILAR"",
""explanation"": ""The two code snippets are functionally similar. They both perform the same task of finding the closest integer to a given target value. The only difference is the syntax and the libraries used. The C++ code uses the standard library and the Java code uses the Java Standard Library.""
}",244
2014_2_1,118489,2016_0_1,100898,NON-CLONE,2026-07-05 19:01:38,"  ANSWER: YES-SIMILAR

EXPLANATION: The two code snippets are functionally similar. They both solve a
problem involving counting sheep. The first code snippet is in C++ and the
second is in Java. Both snippets read input from the console, count the number
of sheep, and output the result. The only difference is that the C++ code
snippet uses a Scanner object to read input from the console, while the Java
code snippet uses the Scanner class. The rest of the code is similar. Both
snippets use a loop to",245
2014_2_1,128920,2015_0_4,68310,NON-CLONE,2026-07-05 19:01:39,"  ANSWER: YES-SIMILAR

EXPLANATION: The two code snippets are functionally similar. They both solve a
problem involving a matrix of size n x m, where n and m are input
variables. The first code snippet uses a brute force approach to find the
number of Richard Ominos, while the second code snippet uses a more
efficient approach. The first code snippet uses a brute force approach to
find the number of Richard Ominos by checking each possible combination of
rows and columns, while the second code snippet uses a more efficient
appro",246
2014_2_1,118416,2015_0_2,102321,NON-CLONE,2026-07-05 19:01:40,"  ANSWER: YES-SIMILAR

Explanation: The two code snippets are similar in that they both solve a
problem involving a list of integers. The first code snippet uses a Python
function called ""solver"" to solve the problem, while the second code snippet
uses a PHP function called ""test"" to solve the problem. Both functions
read input from a file, process the input, and write output to a file. The
only difference between the two code snippets is the programming language
used to write the code. The first code snippet is written in Python, while",247
2014_2_1,121201,2013_0_2,91409,NON-CLONE,2026-07-05 19:01:41,"  ANSWER: YES-SIMILAR

EXPLANATION: The two code snippets are functionally similar. They both perform the same task, which is to read a text file and output the result. The only difference is that one is written in Python and the other is written in C++. The similarity lies in the fact that both snippets use the same approach to read the input file and output the result. The only difference is that one uses Python's built-in `open` function and the other uses C++'s `ifstream` function to read the input file. The",248
2014_2_1,118754,2015_0_2,81081,NON-CLONE,2026-07-05 19:01:42,"  ANSWER: YES-SIMILAR

EXPLANATION: The two code snippets are functionally similar. They both solve the same problem, which is to find the maximum number of pancakes that can be eaten in one go. The only difference is that one is written in PHP and the other is written in Python. Both snippets read in the input data, perform the necessary calculations, and then output the result. The only difference is the syntax of the code, which is not functionally significant.",249
2014_2_1,116147,2013_0_3,74156,NON-CLONE,2026-07-05 19:01:43,"  ANSWER: YES-SIMILAR

EXPLANATION: The two code snippets are functionally similar. They both perform the same task, which is to count the number of fair square numbers within a given range. The only difference is the programming language used and the file names. The Java code snippet uses a different file name and has additional comments to explain the code. The PHP code snippet is more concise and uses a simpler file name. However, the functionality is the same.",250
2014_2_1,114208,2013_0_3,102625,NON-CLONE,2026-07-05 19:01:44,"  ANSWER: YES-SIMILAR

EXPLANATION: The two code snippets are functionally similar. They both solve a problem involving a given input and produce an output. The only difference is that one is written in PHP and the other is written in C++. The PHP code snippet uses the PHP function fgets() to read input from the standard input, while the C++ code snippet uses the C++ function scanf() to read input from the standard input. Both snippets achieve the same result, which is to read input from the standard input, process it, and print the output",251
2014_3_1,135560,2016_1_2,21265,NON-CLONE,2026-07-05 19:01:45,"  ANSWER: YES-SIMILAR

EXPLANATION: The two code snippets are functionally similar. They both perform the same task, which is to read input from a file, process it, and write the output to another file. The only difference is that one is written in Java and the other is written in PHP. However, the logic of the code is similar, and the only difference is the syntax and the language used to write it. Therefore, the two code snippets are functionally similar.",252
2014_3_1,138333,2013_0_2,68303,NON-CLONE,2026-07-05 19:01:46,"  ANSWER: YES-SIMILAR

EXPLANATION: The two code snippets are functionally similar. They both perform the same task, which is to read input from a file, process it, and output the results. The only difference is that one is written in Java and the other is written in PHP. However, the functionality of the code is the same, and the only difference is the syntax and structure of the code. Therefore, the answer is YES-SIMILAR.",253
2014_3_1,140281,2013_1_1,30519,NON-CLONE,2026-07-05 19:01:47,"  ANSWER: YES-SIMILAR

EXPLANATION: The two code snippets are functionally similar. They both solve a
problem involving finding the number of circles that can be drawn around a
given radius. The only difference is that one is written in Java and the
other is written in Python. Both snippets use the same approach to solve the
problem, which is to find the number of circles that can be drawn around a
given radius by using a binary search algorithm. The only difference is that
one is written in Java and the other is written in Python.",254
2014_3_1,138308,2013_1_1,30519,NON-CLONE,2026-07-05 19:01:47,"  ANSWER: YES-SIMILAR

EXPLANATION: The two code snippets are functionally similar. They both perform the same task, which is to calculate the number of circles that can be drawn on a given radius. The only difference is that one is written in C++ and the other is written in Python. The functionality of the two snippets is the same, and the only difference is the syntax and the language used to write them. Therefore, they are functionally similar.",255
2014_3_1,134611,2016_1_2,14745,NON-CLONE,2026-07-05 19:01:48,"  ANSWER: YES-SIMILAR

EXPLANATION: The two code snippets are functionally similar. They both solve a problem involving a sequence of numbers, and they both use a similar approach to solve the problem. The only difference is that one is written in C++ and the other is written in Python. The C++ code uses a more traditional approach to solve the problem, while the Python code uses a more modern and efficient approach. However, the two codes achieve the same result.",256
2014_3_1,132142,2014_2_1,118754,NON-CLONE,2026-07-05 19:01:49,"  ANSWER: YES-SIMILAR

EXPLANATION: The two code snippets are functionally similar. They both perform the same task, which is to read input from a file, process it, and write the output to another file. The only difference is that one is written in C++ and the other is written in PHP. The functionality is the same, but the syntax and structure may differ.",257
2014_3_1,139209,2015_0_3,49764,NON-CLONE,2026-07-05 19:01:51,"  ANSWER: YES-SIMILAR

EXPLANATION: The two code snippets are functionally similar. They both solve a
problem involving a given input and produce an output. The only difference is
that one is written in Python and the other is written in C++. The Python code
uses the input file ""in/A-large.in"" and the output file ""out/A-large.out"",
while the C++ code uses the input file ""input.txt"" and the output file
""output.txt"". The rest of the code is similar.",258
2014_3_1,139370,2016_1_1,15819,NON-CLONE,2026-07-05 19:01:51,"  ANSWER: YES-SIMILAR

EXPLANATION: The two code snippets are functionally similar. They both solve a
problem by reading a file, processing its contents, and writing the result to
another file. The only difference is that the Java code uses a different
approach to solve the problem. The Java code uses a different approach to
solve the problem. The Python code uses a different approach to solve the
problem. Both codes achieve the same result, but they differ in syntax,
structure, and the specific steps they take to accomplish that task.

",259
2014_3_1,143074,2015_0_2,91000,NON-CLONE,2026-07-05 19:01:52,"  {
""answer"": ""YES-SIMILAR"",
""explanation"": ""The two code snippets are functionally similar. They both achieve the same result, which is to find the minimum number of pancakes that can be eaten by all the diners. The only difference is that one is written in Python and the other is written in Java. Both snippets use the same algorithm to achieve this result, which is to first sort the pancakes in descending order, then divide the pancakes into groups of equal size, and finally, find the minimum number of pancakes that",260
2014_3_1,142092,2015_0_1,106809,NON-CLONE,2026-07-05 19:01:53,"  {
""answer"": ""YES-SIMILAR"",
""explanation"": ""The two code snippets are functionally similar. They both perform the same task, which is to determine the number of operations needed to convert a given number of Elves to a full blooded Elf. The only difference is in the way the code is structured and the specific steps taken to accomplish the task. The first code snippet uses a for loop to iterate over the input array and then explodes the input array to get the Elveness and calculates the answer. The second code snippet uses a while loop to iterate",261
2014_3_1,134295,2015_0_4,94256,NON-CLONE,2026-07-05 19:01:54,"  {""answer"": ""YES-SIMILAR"", ""explanation"": ""Both code snippets are similar in that they both perform the same task, which is to determine whether a given number is a GCD (greatest common divisor) of two numbers. The only difference is the syntax and structure of the code, and the specific steps taken to accomplish the task. The Python code uses a more modern and efficient approach to determine the GCD, while the PHP code uses a more traditional and verbose approach. However, the end result is the same, and the code snippets are functionally similar.""}",262
2014_3_1,132975,2016_0_4,135114,NON-CLONE,2026-07-05 19:01:55,"  ANSWER: YES-SIMILAR

EXPLANATION: The two code snippets are functionally similar. Both are designed to read input from a file, process it, and write the output to a file. The only difference is that the C++ code uses a different input and output format than the PHP code. The C++ code uses the ""std::ifstream"" class to read the input file, while the PHP code uses the ""fopen"" function. The C++ code also uses the ""gmp"" library to perform some calculations, while the PHP code uses the ""log""",263
2015_0_1,47939,2016_0_1,71388,NON-CLONE,2026-07-05 19:01:56,"  ANSWER: YES-SIMILAR

EXPLANATION: The two code snippets are functionally similar. They both solve a problem and achieve the same result. The only difference is the syntax and structure of the code. In the first code snippet, it is a Java program that reads input from a file and writes output to a file. In the second code snippet, it is a Python program that reads input from the command line and writes output to the command line. The functionality of the two code snippets is the same, but the syntax and structure of the code is different.",264
2015_0_1,43660,2016_1_1,33316,NON-CLONE,2026-07-05 19:01:56,"  ANSWER: YES-SIMILAR

EXPLANATION: The two code snippets are functionally similar. They both perform the same task, which is to read input from a file, sort it, and write the sorted output to another file. The only difference is that one is written in Java and the other is written in Python. However, the logic behind the code is the same, and the code snippets are similar in terms of their functionality.",265
2015_0_1,100718,2016_2_1,198100,NON-CLONE,2026-07-05 19:01:57,"  ANSWER: YES-SIMILAR

EXPLANATION: The two code snippets are functionally similar. They both solve the Fractiles problem (D) in Google Code Jam 2016. The first code snippet is in Java, while the second code snippet is in PHP. However, the logic behind solving the problem is the same. The first code snippet reads the input file, processes it, and writes the output to a file. The second code snippet does the same, but it reads the input file in a different way. The main difference is that the first code snippet uses",266
2015_0_1,44230,2016_1_1,18665,NON-CLONE,2026-07-05 19:01:58,"  ANSWER: YES-SIMILAR

EXPLANATION: The two code snippets are functionally similar. They both perform the same task, which is to read input from a file and output the result to another file. The only difference is that one is written in C++ and the other is written in PHP. However, the logic behind the code is the same, and the code snippets achieve the same result.",267
2015_0_1,64620,2013_1_1,37029,NON-CLONE,2026-07-05 19:01:59,"  {
""answer"": ""YES-SIMILAR"",
""explanation"": ""The two code snippets are similar because they both solve a problem involving a puzzle. The first code snippet is in C++ and the second is in Python. Both snippets read input from a file, perform a calculation, and write output to a file. The C++ code snippet uses the standard C++ library functions to perform the calculations, while the Python code snippet uses the math library to perform the calculations. The snippets also have similar variable names and data types. The only difference is that the C++ code snippet uses",268
2015_0_1,65110,2015_0_3,42051,NON-CLONE,2026-07-05 19:02:00,"  {""answer"": ""YES-SIMILAR"", ""explanation"": ""The two code snippets are similar because they both solve a problem involving a quaternion. They both use a similar approach to solve the problem, and they both use a similar data structure to represent the quaternion. The only difference is in the syntax and the specific steps they take to accomplish the task. Therefore, they are functionally similar.""}",269
2015_0_1,106809,2015_0_2,96440,NON-CLONE,2026-07-05 19:02:01,"  ANSWER: YES-SIMILAR

EXPLANATION: The two code snippets are functionally similar. They both perform the same task, which is to read input from the user, process it, and output the result. The only difference is that one is written in Python and the other is written in C++. However, the logic behind the code is the same, and the snippets are similar in terms of their functionality.",270
2015_0_1,86599,2013_0_2,96711,NON-CLONE,2026-07-05 19:02:01,"  ANSWER: YES-SIMILAR

EXPLANATION: The two code snippets are functionally similar. Both snippets read input from a file, process it line by line, and output the result of the processing. The only difference is that one snippet uses Python syntax and the other uses PHP syntax. The functionality of the snippets is the same, and the only difference is the language in which they are written. Therefore, the snippets are functionally similar.",271
2015_0_1,60803,2015_1_1,111866,NON-CLONE,2026-07-05 19:02:02,"  ANSWER: YES-SIMILAR

EXPLANATION: The two code snippets are functionally similar. They both solve the same problem, which is to find the maximum number of candies that can be eaten in a certain amount of time. The only difference is that the first code snippet uses Python and the second code snippet uses C++. However, the logic of the code is the same, and the only difference is the syntax and the libraries used. Therefore, the two code snippets are functionally similar.",272
2015_0_1,25955,2013_0_1,72071,NON-CLONE,2026-07-05 19:02:03,"  ANSWER: YES-SIMILAR

EXPLANATION: The two code snippets are functionally similar. They both perform the same task, which is to read input from a file, process it, and write the output to another file. The only difference is that one is written in PHP and the other is written in C++. The similarity lies in the fact that they both use the same basic logic and have similar syntax. The only difference in the C++ code is the use of namespaces and the inclusion of header files, which do not affect the functionality of the code. Therefore, the",273
2015_0_1,28465,2015_0_2,88257,NON-CLONE,2026-07-05 19:02:04,"  ANSWER: YES-SIMILAR

EXPLANATION: The two code snippets are functionally similar. They both perform the same task, which is to read input from a file and output the result. The only difference is that one is written in PHP and the other is written in C++. However, the functionality of the code is the same.",274
2015_0_1,96593,2015_0_2,40957,NON-CLONE,2026-07-05 19:02:05,"  ANSWER: YES-SIMILAR

EXPLANATION: The two code snippets are functionally similar. They both perform the same task, which is to read input from a file, process it, and write the output to another file. The only difference is that one is written in PHP and the other is written in Java. However, the logic behind the code is the same, and the code snippets achieve the same result.",275
2015_0_2,91000,2013_0_1,98087,NON-CLONE,2026-07-05 19:02:06,"  {
""answer"": ""YES-SIMILAR"",
""explanation"": ""The two code snippets are functionally similar. They both solve the same problem, which is to determine the winner of a game of Tic Tac Toe. The only difference is that one is written in Java and the other is written in C++. The similarity lies in the fact that they both use the same algorithm to determine the winner, which is to check the rows, columns, and diagonals of the Tic Tac Toe board to see if any row or column has all X's or all",276
2015_0_2,21812,2013_0_3,102625,NON-CLONE,2026-07-05 19:02:07,"  ANSWER: YES-SIMILAR

EXPLANATION: The two code snippets are functionally similar. They both solve a
problem involving pancakes. The first code snippet uses a brute force approach
to solve the problem, while the second code snippet uses a more efficient
approach. The two code snippets achieve the same result, even though they
differ in syntax, structure, and the specific steps they take to accomplish
that task.",277
2015_0_2,40957,2013_0_2,71957,NON-CLONE,2026-07-05 19:02:07,"  ANSWER: YES-SIMILAR

EXPLANATION: The two code snippets are functionally similar. Both are solving a problem of finding the maximum value in a 2D array. The only difference is that one is written in Java and the other is written in PHP. The logic of the code is the same, and the only difference is the syntax and the language used to write it.",278
2015_0_2,96440,2015_0_1,86599,NON-CLONE,2026-07-05 19:02:08,"  ANSWER: YES-SIMILAR

EXPLANATION: The two code snippets are functionally similar. Both are C++ code that reads input from a file and performs a task. The only difference is that one is written in C++ and the other is written in Python. The C++ code uses the standard C++ libraries and the Python code uses the Python libraries. The functionality of the code is similar, and the only difference is the syntax and the libraries used.",279
2015_0_2,88257,2013_0_2,68303,NON-CLONE,2026-07-05 19:02:09,"  ANSWER: YES-SIMILAR

EXPLANATION: The two code snippets are functionally similar. They both perform the same task, which is to read input from a file and output the result. The only difference is the programming language used. The C++ code snippet uses C++ syntax and the PHP code snippet uses PHP syntax. However, the functionality is the same, and the code snippets achieve the same result.",280
2015_0_2,38840,2013_0_1,127485,NON-CLONE,2026-07-05 19:02:10,"  ANSWER: YES-SIMILAR

EXPLANATION: The two code snippets are functionally similar. Both snippets
solve the problem of playing tic-tac-toe. The C++ snippet uses a brute
force approach to find the best move for the current player, while the PHP
snippet uses a more efficient approach by checking for wins in all
possible directions. The snippets also have similar input and output, with
the PHP snippet reading from a file and printing the result to the
console. The only difference is the syntax and structure of the",281
2015_0_2,36519,2015_1_1,111086,NON-CLONE,2026-07-05 19:02:11,"  ANSWER: YES-SIMILAR

EXPLANATION: The two code snippets are functionally similar. They both solve a
problem involving a pile of pancakes. The first code snippet uses a
queue to keep track of the pancakes, while the second code snippet uses a
vector to keep track of the pancakes. Both code snippets read the input
file to get the number of pancakes and the pancakes themselves. Both code
snippets then calculate the total time to eat the pancakes. The only
difference is that",282
2015_0_2,81081,2013_0_3,108834,NON-CLONE,2026-07-05 19:02:12,"  ANSWER: YES-SIMILAR

EXPLANATION: The two code snippets are functionally similar. They both solve a problem involving palindromes. The first code snippet uses a different approach to solve the problem, while the second code snippet uses a different approach. However, both code snippets achieve the same result.",283
2015_0_2,100159,2016_2_1,179503,NON-CLONE,2026-07-05 19:02:13,"  {
""answer"": ""YES-SIMILAR"",
""explanation"": ""The two code snippets are functionally similar. They both achieve the same result, which is to print the number of times each letter appears in a given string. The only difference is in the syntax and structure of the code. The first code snippet is in Python, while the second is in C++. The C++ code snippet uses a different approach to solve the problem, but the result is the same.""
}",284
2015_0_2,103402,2015_0_1,106809,NON-CLONE,2026-07-05 19:02:14,"  {""answer"": ""YES-SIMILAR"", ""explanation"": ""The two code snippets are functionally similar. They both perform the same task of finding the minimum number of minutes to reach the end of a line. The only difference is in the syntax and structure of the code. The first code snippet uses PHP syntax and the second code snippet uses Python syntax. However, both snippets achieve the same result by reading the input file, finding the maximum value in each line, and then finding the minimum number of minutes to reach the end of that line. The only difference is in the way the code is struct",285
2015_0_2,102321,2015_0_3,72742,NON-CLONE,2026-07-05 19:02:15,"  ANSWER: YES-SIMILAR

EXPLANATION: The two code snippets are functionally similar. They both solve a
problem that involves reading input from a file, processing it, and writing the
output to a file. The only difference is that one code snippet uses PHP and the
other code snippet uses Python. The functionality of the code snippets is the
same, and the only difference is the programming language used to implement it.

The first code snippet uses the PHP language to read the input file, process it,
and write the output to a file. The",286
2015_0_2,55775,2016_1_2,14745,NON-CLONE,2026-07-05 19:02:16,"  ANSWER: YES-SIMILAR

EXPLANATION: The two code snippets are functionally similar. Both are solving a problem involving a sequence of numbers, and they both use a similar approach to solve the problem. The first snippet is written in PHP, while the second is written in Python. However, the similarity lies in the underlying logic of the problem-solving approach, rather than the syntax or language used to write the code.",287
2015_0_3,42051,2015_0_1,44230,NON-CLONE,2026-07-05 19:02:17,"  {""answer"": ""YES-SIMILAR"", ""explanation"": ""The two code snippets are functionally similar. They both solve the same task, which is to find the number of invitations to the party. The only difference is that one is written in Java and the other is written in C++. The similarity lies in the fact that they both use the same approach to solve the problem, which is to iterate over the input string and count the number of invitations. The only difference is that one uses a Scanner and the other uses a string stream, but the logic is the same.""}",288
2015_0_3,47513,2013_1_1,34507,NON-CLONE,2026-07-05 19:02:18,"  ANSWER: YES-SIMILAR

EXPLANATION: The two code snippets are functionally similar. They both solve a
problem involving a 2D grid and a 1D array. The Java code snippet uses a
static method to solve the problem, while the PHP code snippet uses a
function to solve the problem. However, the basic idea of the two code
snippets is the same. They both start by reading input from a file,
process the input, and then write the output to a file. The main difference
between the two code snippets is",289
2015_0_3,96608,2016_1_2,14745,NON-CLONE,2026-07-05 19:02:19,"  ANSWER: YES-SIMILAR

EXPLANATION: The two code snippets are functionally similar. Both are solving a
problem of finding a path in a graph. The only difference is that one is in
Java and the other is in Python. The logic of solving the problem is the
same. The only difference is the syntax and the way the problem is
formulated.",290
2015_0_3,41900,2015_0_1,96593,NON-CLONE,2026-07-05 19:02:20,"  ANSWER: YES-SIMILAR

EXPLANATION: The two code snippets are functionally similar. They both solve the same problem, which is to determine whether a group of people can stand in a circle if they are all standing in a straight line. The only difference is that the C++ code uses a multiset to keep track of the standing people, while the PHP code uses an array to keep track of the standing people. The rest of the code is similar, and the two snippets achieve the same result.",291
2015_0_3,49764,2016_1_2,14745,NON-CLONE,2026-07-05 19:02:22,"  ANSWER: YES-SIMILAR

EXPLANATION: The two code snippets are functionally similar. They both solve a
problem involving a list of integers. The first code snippet uses a
different approach to solve the problem. The second code snippet uses a
different approach. However, both code snippets achieve the same result.

The first code snippet uses a hash table to keep track of the frequency of
each integer in the list. It then checks if any integer has an odd
frequency. If it finds an integer with an odd frequency, it returns """,292
2015_0_3,23036,2016_0_4,142083,NON-CLONE,2026-07-05 19:02:22,"  ANSWER: YES-SIMILAR

EXPLANATION: The two code snippets are functionally similar. They both solve a
problem involving a sequence of numbers. The first code snippet uses an
enumeration to represent the sequence, while the second code snippet uses a
list to represent the sequence. The first code snippet also uses a function
called ""inv"" to invert the sign of a number, while the second code snippet
uses a function called ""pow"" to calculate the power of a number. The
first code snippet also uses a function called ""mul"" to multiply two",293
2015_0_3,103585,2014_3_1,138308,NON-CLONE,2026-07-05 19:02:23,"  ANSWER: YES-SIMILAR

EXPLANATION: The two code snippets are functionally similar. Both are programs that take input, perform some computation on that input, and then output the result. The only difference is that one is written in Python and the other is written in C++. The similarity lies in the fact that both perform the same task, even though they have different syntax and structure. The Python code uses a map data structure to perform the computation, while the C++ code uses a queue and a bitset. The only difference is that the C++ code uses a bit",294
2015_0_3,103774,2013_0_3,89287,NON-CLONE,2026-07-05 19:02:24,"  ANSWER: YES-SIMILAR

EXPLANATION: The two code snippets are similar in that they both solve a
problem involving a square number. The first code snippet uses a more
traditional approach to solve the problem, while the second code snippet uses
a more modern and efficient approach. The two code snippets achieve the same
result, which is to find the number of square numbers between two given
numbers. The only difference is in the way the problem is solved, with the
first code snippet using a more traditional approach and the second code
snippet using a",295
2015_0_3,72742,2013_0_3,89287,NON-CLONE,2026-07-05 19:02:25,"  ANSWER: YES-SIMILAR

EXPLANATION: The two code snippets are functionally similar. They both solve a problem that involves reading input from a file, processing it, and writing the output to another file. The only difference is that one is written in Python and the other is written in PHP. The logic and implementation of the code are similar, and the only difference is the syntax and formatting of the code. Therefore, the answer is YES-SIMILAR.",296
2015_0_3,19800,2016_1_1,22113,NON-CLONE,2026-07-05 19:02:26,"  ANSWER: YES-SIMILAR

EXPLANATION: The two code snippets are functionally similar. They both solve a
problem involving a string of characters, where each character is a
representation of a number. The first code snippet uses a specific algorithm to
multiply the numbers in the string, while the second code snippet uses a
stream of characters to solve the problem. The second code snippet uses a
different approach to solve the problem, but it is functionally similar to
the first code snippet.",297
2015_0_3,102323,2016_0_1,76319,NON-CLONE,2026-07-05 19:02:27,"  ANSWER: YES-SIMILAR

EXPLANATION: The two code snippets are functionally similar. They both read input from a file, process it, and write output to a file. The only difference is that the PHP code uses fopen, fscanf, and fclose, while the Java code uses BufferedReader, FileWriter, and BufferedWriter. The rest of the code is similar.",298
2015_0_3,18309,2016_1_1,15819,NON-CLONE,2026-07-05 19:02:28,"  ANSWER: YES-SIMILAR

EXPLANATION: The two code snippets are functionally similar. Both are programs that read input from a file, process it, and write output to another file. The only difference is that one is in PHP and the other is in Java. The functionality is the same, and the only difference is the syntax and the file paths.",299
2015_0_4,86262,2016_0_4,80717,NON-CLONE,2026-07-05 19:02:29,"  ANSWER: YES-SIMILAR

EXPLANATION: The two code snippets are functionally similar. Both are programs that take input from a file, process it, and output the results to another file. The only difference is that one is written in Java and the other is written in PHP. The functionality of the programs is the same, and the only difference is the syntax and structure of the code.",300
2015_0_4,30398,2016_1_2,26565,NON-CLONE,2026-07-05 19:02:30,"  ANSWER: YES-SIMILAR

EXPLANATION: The two code snippets are functionally similar. They both read input from a file, perform some operations on the input, and write the output to a file. The only difference is that one snippet uses Java and the other snippet uses C++. The similarity lies in the fact that both snippets achieve the same result, even though they differ in syntax and structure. The Java snippet uses a BufferedReader to read the input file, while the C++ snippet uses a vector and a map to achieve the same result. The only difference is that",301
2015_0_4,29877,2013_0_2,122219,NON-CLONE,2026-07-05 19:02:30,"  ANSWER: YES-SIMILAR

EXPLANATION: The two code snippets are functionally similar. They both perform the same task of determining whether a game can be won. The only difference is in the syntax and structure of the code. The first code snippet is in Java, while the second is in Python. However, the logic of the code is the same, and the snippets achieve the same result.",302
2015_0_4,63026,2013_0_3,92037,NON-CLONE,2026-07-05 19:02:31,"  ANSWER: YES-SIMILAR

EXPLANATION: The two code snippets are functionally similar. They both achieve the same result, which is to determine whether a number is a fair and square number. The only difference is the programming language and syntax used. The PHP code snippet uses PHP syntax and functions, while the C++ code snippet uses C++ syntax and includes libraries. However, the logic behind the code is the same, and the snippets achieve the same result.",303
2015_0_4,86932,2013_0_2,71957,NON-CLONE,2026-07-05 19:02:32,"  ANSWER: YES-SIMILAR

EXPLANATION: The two code snippets are functionally similar. They both achieve the same result, which is to determine whether a given set of numbers can be partitioned into two subsets, such that the sum of the numbers in each subset is equal. The only difference between the two code snippets is in the language they are written in. The first code snippet is written in C++, while the second code snippet is written in PHP. However, the logic behind the two code snippets is the same, and they achieve the same result.",304
2015_0_4,60776,2016_0_4,158305,NON-CLONE,2026-07-05 19:02:33,"  ANSWER: YES-SIMILAR

EXPLANATION: The two code snippets are functionally similar. They both solve a problem involving a rectangular grid of cells, where each cell has a value that is a power of 2. The first code snippet uses a brute force approach to solve the problem, while the second code snippet uses a more efficient approach that involves guessing the values of the cells. The two code snippets achieve the same result, even though they differ in syntax, structure, and the specific steps they take to accomplish that result.",305
2015_0_4,57828,2015_1_1,111866,NON-CLONE,2026-07-05 19:02:34,"  {""answer"": ""YES-SIMILAR"", ""explanation"": ""The two code snippets are functionally similar. They both perform the same task, which is to read input from the user, perform some calculations, and print the result to the console. The only difference is that one is written in Python and the other is written in C++. However, the similarity lies in the fact that they both use similar algorithms and data structures to achieve the same result.""}",306
2015_0_4,94256,2013_1_1,42047,NON-CLONE,2026-07-05 19:02:35,"  ANSWER: YES-SIMILAR

EXPLANATION: The two code snippets are functionally similar. They both solve the same problem, which is to find the maximum value that can be expressed by a given set of numbers. The only difference is that one is written in Python and the other is written in Java. The similarity lies in the fact that they both use the same algorithm to solve the problem, and they both have the same output. The only difference in the implementation is the syntax and the way the code is organized.",307
2015_0_4,74018,2015_0_2,91000,NON-CLONE,2026-07-05 19:02:35,"  ANSWER: YES-SIMILAR

EXPLANATION: The two code snippets are functionally similar. They both solve a problem involving a restaurant and its customers. The first code snippet uses a simple algorithm to determine the winner of a game of Pancakes, while the second code snippet uses a more complex algorithm to determine the winner of a game of Pancakes. However, both snippets achieve the same result, which is to determine the winner of a game of Pancakes. The only difference is in the specific steps taken to accomplish this result.",308
2015_0_4,68310,2014_3_1,134611,NON-CLONE,2026-07-05 19:02:36,"  ANSWER: YES-SIMILAR

EXPLANATION: The two code snippets are functionally similar. They both perform the same task, which is to read input from a file, process it, and output the result. The only difference is in the syntax and structure of the code. The PHP code uses a more modern and flexible syntax, while the C++ code uses a more traditional and rigid syntax. However, the functionality of the two code snippets is the same.",309
2015_0_4,19708,2014_3_1,138308,NON-CLONE,2026-07-05 19:02:37,"  ANSWER: YES-SIMILAR

EXPLANATION: The two code snippets are similar in that they both deal with
input/output and have similar syntax. Both snippets use the ""ini_set""
function to set the display_errors and error_reporting parameters, and both
snippets use the ""set_time_limit"" function to set the time limit. Both
snippets also use the ""ini_set"" function to set the memory_limit parameter.

The only difference between the two snippets is that one is in PHP and the",310
2015_0_4,78114,2016_1_1,3308,NON-CLONE,2026-07-05 19:02:38,"  ANSWER: YES-SIMILAR

EXPLANATION: The two code snippets are functionally similar. They both perform the same task, which is to read input from a file and write output to another file. The only difference is that the first code snippet uses PHP syntax and the second code snippet uses Python syntax. However, the functionality of the code snippets is the same, and they can be considered similar.",311
2015_1_1,112276,2013_1_1,31779,NON-CLONE,2026-07-05 19:02:39,"  ANSWER: YES-SIMILAR

EXPLANATION: The two code snippets are functionally similar. They both perform the same task, which is to read input from a file, process it, and write the output to another file. The only difference is that one is written in Java and the other is written in PHP. However, the functionality is the same, and the code snippets are similar in structure and syntax.",312
2015_1_1,118030,2016_1_1,15421,NON-CLONE,2026-07-05 19:02:40,"  ANSWER: YES-SIMILAR

EXPLANATION: The two code snippets are functionally similar. They both perform the same task, which is to eat mushrooms at a constant rate. The only difference is that one is written in Java and the other is written in C++.

The Java code snippet uses a Scanner class to read input from the user and stores the input in an array of integers. The C++ code snippet uses a stringstream class to read input from the user and stores the input in a string.

The Java code snippet then iterates over the",313
2015_1_1,112898,2014_3_1,134611,NON-CLONE,2026-07-05 19:02:41,"  ANSWER: YES-SIMILAR

EXPLANATION: The two code snippets are functionally similar. They both solve a problem involving a game of some sort, where the goal is to determine the generation number of a given starting position. The only difference is that one is written in Java and the other is written in C++. The logic of the two codes is similar, and the only difference is the syntax and the way the code is organized. The code snippets both use the same algorithm to solve the problem, and the only difference is the way the output is formatted.",314
2015_1_1,111086,2015_0_2,55775,NON-CLONE,2026-07-05 19:02:41,"  ANSWER: YES-SIMILAR

Explanation: The two code snippets are similar in that they both solve a
problem involving a sequence of integers. The first code snippet is in C++
and the second is in PHP. However, the similarity lies in the fact that
both snippets have a similar structure, with a setup function, a solve
function, and a main function. The setup function reads the input, while
the solve function calculates the solution, and the main function prints
the result. The only difference is the language in which the code is
written.",315
2015_1_1,122263,2016_1_2,26561,NON-CLONE,2026-07-05 19:02:42,"  ANSWER: YES-SIMILAR

EXPLANATION: The two code snippets are functionally similar. They both solve a problem involving a grid of numbers, where some of the numbers are missing. The first code snippet uses a C++ approach to solve the problem, while the second code snippet uses a Java approach. However, the core logic of the two snippets is similar. Both snippets read in a grid of numbers, count the number of each number, and then print the numbers that are missing. The only difference is the syntax and the libraries used.",316
2015_1_1,111866,2015_0_2,91000,NON-CLONE,2026-07-05 19:02:43,"  {
""answer"": ""YES-SIMILAR"",
""explanation"": ""The two code snippets are similar. They both involve solving a problem involving a large number of pancakes and a large number of diners. The snippets have similar structures and use similar algorithms to sort the pancakes and calculate the number of pancakes to be served to each diner. The only difference is that one is written in C++ and the other is written in Java, but the logic is the same.""
}",317
2015_1_1,117734,2013_0_3,59317,NON-CLONE,2026-07-05 19:02:44,"  ANSWER: YES-SIMILAR

EXPLANATION: The two code snippets are functionally similar. They both solve a problem and achieve the same result. The only difference is that one is written in Python and the other is written in Java. The logic of the two code snippets is similar, and they both use the same approach to solve the problem. The only difference is the syntax and the language used to write the code.",318
2015_1_1,124602,2016_1_1,20829,NON-CLONE,2026-07-05 19:02:45,"  ANSWER: YES-SIMILAR

EXPLANATION: The two code snippets are functionally similar. They both achieve the same result, which is to read input from stdin, perform a certain operation on the input, and then print the result to stdout. The only difference is that one is written in Python and the other is written in C++. The Python code uses the built-in functions input() and print() to read and print input and output, while the C++ code uses the C++ Standard Library functions cin and cout to read and print input and output. The rest of",319
2015_1_1,111647,2013_0_3,92037,NON-CLONE,2026-07-05 19:02:46,"  ANSWER: YES-SIMILAR

EXPLANATION: The two code snippets are similar in that they both perform the same
task, which is to read a file and output the result. The only difference is
that one is written in Python and the other is written in PHP. The functionality
of the code is the same, and the only difference is the syntax and the
programming language used to write it. Therefore, the two code snippets are
similar.",320
2015_1_1,122934,2013_0_2,83774,NON-CLONE,2026-07-05 19:02:46,"  {""answer"": ""YES-SIMILAR"", ""explanation"": ""The two code snippets are functionally similar. They both read input from a file, process it, and output the result. The only difference is that the C++ code uses a template function to parse the input, while the PHP code uses a simple string manipulation function to parse the input. The rest of the code is similar.""}",321
2015_1_1,111264,2013_0_1,99825,NON-CLONE,2026-07-05 19:02:47,"  {
""answer"": ""YES-SIMILAR"",
""explanation"": ""Both code snippets are similar in that they both perform the same task, which is to calculate the minimums of a set of numbers. The only difference is that one is written in PHP and the other is written in C++. However, the functionality is the same, and the code snippets are similar in structure and syntax.""
}",322
2015_1_1,121770,2013_0_3,53348,NON-CLONE,2026-07-05 19:02:48,"  ANSWER: YES-SIMILAR

EXPLANATION: The two code snippets are functionally similar. They both perform the same task, which is to read input from a file and output the result. The only difference is that one is written in PHP and the other is written in C++. The C++ code snippet uses a different approach to solve the problem, but the overall logic is the same. The PHP code snippet uses a different approach to solve the problem, but the overall logic is the same. Therefore, the two code snippets are functionally similar.",323
2016_0_1,76319,2015_0_1,25955,NON-CLONE,2026-07-05 19:02:49,"  ANSWER: YES-SIMILAR

EXPLANATION: The two code snippets are similar in that they both perform a task of counting the number of sheep in a flock. The only difference is that one is written in Java and the other is written in PHP. The logic of the code is the same, and the only difference is the syntax and the language used to write it. Therefore, the two code snippets are functionally similar.",324
2016_0_1,117099,2014_2_1,118754,NON-CLONE,2026-07-05 19:02:50,"  ANSWER: YES-SIMILAR

EXPLANATION: The two code snippets are functionally similar. They both perform the same task, which is to read input from a file, process it, and write the output to another file. The only difference is that one is written in Java and the other is written in PHP. However, the functionality of the code is the same.",325
2016_0_1,100898,2016_0_4,142083,NON-CLONE,2026-07-05 19:02:51,"  ANSWER: YES-SIMILAR

EXPLANATION: The two code snippets are functionally similar. They both achieve the same result or perform the same task, even if they differ in syntax, structure, or the specific steps they take to accomplish that task. The only difference is that the first code snippet is in Java and the second code snippet is in Python. However, the logic behind the two code snippets is the same, and they both use the same approach to solve the problem.",326
2016_0_1,65647,2016_1_2,21265,NON-CLONE,2026-07-05 19:02:52,"  ANSWER: YES-SIMILAR

EXPLANATION: The two code snippets are functionally similar. They both achieve the same result or perform the same task, even if they differ in syntax, structure, or the specific steps they take to accomplish that task. The only difference is that one is written in C++ and the other is written in PHP. However, the functionality of the two code snippets is the same, and they both solve the problem of finding the missing numbers in a row of numbers.",327
2016_0_1,134225,2016_1_2,22155,NON-CLONE,2026-07-05 19:02:52,"  ANSWER: YES-SIMILAR

EXPLANATION: The two code snippets are functionally similar. They both solve a problem involving finding the largest number in a range of numbers. The only difference is that one is written in C++ and the other is written in PHP. The functionality of the two snippets is the same, and they both achieve the same result. The only difference is the syntax and the way the problem is solved.",328
2016_0_1,143909,2015_0_1,47939,NON-CLONE,2026-07-05 19:02:53,"  ANSWER: YES-SIMILAR

EXPLANATION: The two code snippets are functionally similar. They both solve a problem involving a sequence of numbers. The first code snippet uses a for loop to iterate over the numbers in the sequence and adds the numbers to a mask. The second code snippet uses a list to store the numbers in the sequence and then iterates over the list to add the numbers to a mask. The only difference between the two code snippets is the syntax and structure of the code. The first code snippet uses C++ syntax and the second code snippet uses Java syntax.",329
2016_0_1,94639,2016_0_4,135114,NON-CLONE,2026-07-05 19:02:54,"  ANSWER: YES-SIMILAR

EXPLANATION: The two code snippets are functionally similar. They both solve the same problem, which is to count the number of sheep in a flock. The only difference is that one is written in Python and the other is written in C++. The C++ code snippet uses a different approach to solve the problem, but the overall logic is the same.",330
2016_0_1,88781,2013_0_2,71957,NON-CLONE,2026-07-05 19:02:55,"  ANSWER: YES-SIMILAR

EXPLANATION: The two code snippets are functionally similar. They both solve a problem involving a matrix of integers, where the goal is to find the largest number in each row and each column, and return ""YES"" if the largest number in each row is greater than the largest number in each column, and ""NO"" otherwise. The only difference is that the PHP code uses a function to read the input, while the Python code uses the built-in function `sys.stdin.readline()` to read the input. The rest of the",331
2016_0_1,71388,2014_2_1,118754,NON-CLONE,2026-07-05 19:02:56,"  ANSWER: YES-SIMILAR

EXPLANATION: The two code snippets are functionally similar. They both perform the same task, which is to read input from a file, process it, and write the output to another file. The only difference is that one is written in Python and the other is written in PHP. The functionality of the code is the same, and the only difference is the syntax and structure of the code. Therefore, the answer is YES-SIMILAR.",332
2016_0_1,48618,2015_1_1,124602,NON-CLONE,2026-07-05 19:02:56,"  ANSWER: YES-SIMILAR

EXPLANATION: The two code snippets are functionally similar. They both perform the same task, which is to read input from stdin and output the result to stdout. The only difference is in the syntax and structure of the code. The PHP code snippet uses a more traditional approach with variables and loops, while the Python code snippet uses functional programming concepts such as map and lambda functions. However, the overall logic of the code is the same.",333
2016_0_1,39027,2013_0_1,103399,NON-CLONE,2026-07-05 19:02:58,"  ANSWER: YES-SIMILAR

EXPLANATION: The two code snippets are functionally similar. They both read
from a file, process the data, and write the results to a file. The only
difference is that one is written in PHP and the other is written in Java.
The functionality is the same, and the only difference is the syntax and
language used to implement it.",334
2016_0_1,113708,2016_0_4,136626,NON-CLONE,2026-07-05 19:02:58,"  ANSWER: YES-SIMILAR

EXPLANATION: The two code snippets are functionally similar. Both are programs that take input from the user and output the result. The only difference is that one is written in PHP and the other is written in Java. The functionality of the programs is the same, and the only difference is the syntax and structure of the code.",335
2016_0_4,136626,2015_0_2,81081,NON-CLONE,2026-07-05 19:02:59,"  ANSWER: YES-SIMILAR

EXPLANATION: The two code snippets are similar in that they both solve a problem
and have a similar structure. Both snippets read input from a file, perform
calculations, and write output to a file. Both snippets use the same
function, `solve_case`, to solve the problem. The only difference is that
one snippet uses Java and the other snippet uses Python.",336
2016_0_4,125922,2016_1_1,4557,NON-CLONE,2026-07-05 19:03:00,"  ANSWER: YES-SIMILAR

EXPLANATION: The two code snippets are functionally similar. They both perform the same task of reading a file and outputting the result. The only difference is that one is written in Java and the other is written in PHP. However, the functionality is the same.",337
2016_0_4,99642,2015_0_3,49764,NON-CLONE,2026-07-05 19:03:01,"  ANSWER: YES-SIMILAR

EXPLANATION: The two code snippets are functionally similar. They both perform the same task, which is to read input from a file, process it, and write the output to another file. The only difference is that one is written in Java and the other is written in C++. The similarity lies in the fact that both snippets use similar algorithms and data structures to achieve their goal. The Java code uses a BufferedReader to read the input file, while the C++ code uses a FileInputStream. Both snippets also use a PrintWriter to",338
2016_0_4,135114,2016_1_1,15819,NON-CLONE,2026-07-05 19:03:02,"  ANSWER: YES-SIMILAR

EXPLANATION: The two code snippets are functionally similar. They both solve a problem and achieve the same result. The only difference is the syntax and structure of the code. The first code snippet is in C++, while the second code snippet is in Java. The similarity lies in the fact that they both read input from a file, process it, and write the output to a file. The only difference is the way they handle the input and output. The first code snippet uses the C++ standard library, while the second code snippet uses the Java N",339
2016_0_4,90060,2016_1_2,21265,NON-CLONE,2026-07-05 19:03:03,"  ANSWER: YES-SIMILAR

EXPLANATION: The two code snippets are functionally similar. Both are C++
programs that read input from stdin, perform some operations on the input,
and print the output to stdout. The only difference is that the C++ code
uses C++11 features such as namespaces, templates, and type aliases, while
the PHP code uses PHP's file_get_contents function to read the input.
Both programs also use the same algorithm to solve the problem, which is to
generate the output for",340
2016_0_4,45917,2014_2_1,128920,NON-CLONE,2026-07-05 19:03:04,"  {
""answer"": ""YES-SIMILAR"",
""explanation"": ""The two code snippets are similar. Both are C++ code snippets that solve a problem. The only difference is that one is in Python and the other is in C++. Both snippets read input, process it, and print the output. The only difference in the Python snippet is that it uses the 'raw_input' function to read input, while the C++ snippet uses the 'scanf' function. Both snippets have similar structures, with the main function calling the build function, which calls the read function",341
2016_0_4,63570,2014_3_1,138308,NON-CLONE,2026-07-05 19:03:05,"  {
""answer"": ""YES-SIMILAR"",
""explanation"": ""The two code snippets are functionally similar. They both perform the same task, which is to calculate the number of ways to arrange a set of objects in a specific order. The only difference is the syntax and structure of the code. The Python code uses a more modern and easier-to-read syntax, while the C++ code uses a more traditional and verbose syntax. However, the functionality of the two code snippets is the same.""
}",342
2016_0_4,158305,2015_0_3,41900,NON-CLONE,2026-07-05 19:03:06,"  ANSWER: YES-SIMILAR

EXPLANATION: The two code snippets are functionally similar. They both solve a
problem involving a game of tic-tac-toe. The first code snippet uses Python
syntax to solve the problem, while the second code snippet uses C++ syntax.
However, the two code snippets achieve the same result, which is to determine
whether a game of tic-tac-toe can be won by the first player. The only
difference is the syntax used to solve the problem.",343
2016_0_4,142083,2015_0_1,43660,NON-CLONE,2026-07-05 19:03:06,"  ANSWER: YES-SIMILAR

EXPLANATION: The two code snippets are functionally similar. They both perform the same task of solving a problem and return the same result. The only difference is the syntax and structure of the code. The Java code snippet uses a different approach to read input and write output compared to the Python code snippet. However, the functionality of the code is the same.",344
2016_0_4,80717,2013_0_2,91409,NON-CLONE,2026-07-05 19:03:07,"  ANSWER: YES-SIMILAR

EXPLANATION: The two code snippets are functionally similar. They both perform the same task, which is to read input from a file, process it, and write the output to another file. The only difference is in the syntax and structure of the code. The PHP code uses a more modern and flexible approach, while the C++ code uses a more traditional and efficient approach. However, the functionality is the same.",345
2016_0_4,139021,2013_0_2,78034,NON-CLONE,2026-07-05 19:03:08,"  ANSWER: YES-SIMILAR

EXPLANATION: The two code snippets are functionally similar. They both solve a
problem involving a rectangular lawn, where each square of the lawn has a
number of flowers on it. The first code snippet uses a brute force approach to
solve the problem, while the second code snippet uses a more efficient
approach. Both code snippets achieve the same result, which is to determine
whether a given rectangular lawn can be divided into m rows of n flowers
each, where m and n are given",346
2016_0_4,37736,2015_0_3,72742,NON-CLONE,2026-07-05 19:03:09,"  ANSWER: YES-SIMILAR

EXPLANATION: The two code snippets are functionally similar. They both perform the same task, which is to read input from a file and write output to another file. The only difference is that one is written in PHP and the other is written in Python. The functionality of the code is the same, and the only difference is the syntax and structure of the code. Therefore, the answer is YES-SIMILAR.",347
2016_1_1,15819,2013_0_2,85165,NON-CLONE,2026-07-05 19:03:10,"  ANSWER: YES-SIMILAR

EXPLANATION: The two code snippets are functionally similar. They both solve a problem involving a lawn mower. The first code snippet uses a different approach to solve the problem, while the second code snippet uses a different approach. However, both snippets achieve the same result, which is to determine whether a lawn mower can reach a certain location. The only difference is in the syntax and structure of the code, and the specific steps taken to accomplish the task. Therefore, the two code snippets are functionally similar.",348
2016_1_1,28201,2013_0_2,78034,NON-CLONE,2026-07-05 19:03:11,"  ANSWER: YES-SIMILAR

EXPLANATION: The two code snippets are functionally similar. They both perform the same task, which is to sort a string. The only difference is that one is written in Java and the other is written in Python. The logic of the code is the same, and the only difference is the syntax and the libraries used. Therefore, the two code snippets are functionally similar.",349
2016_1_1,22113,2016_1_2,7956,NON-CLONE,2026-07-05 19:03:12,"  ANSWER: YES-SIMILAR

EXPLANATION: The two code snippets are functionally similar. They both solve a
problem involving a 2D array of integers, where each integer represents a
number. The snippets differ in syntax and structure, but they achieve the same
result.

In the first snippet, the problem is stated as ""Find the last word in a
sentence."" The code uses a BufferedReader to read input from the user,
splits the input into an array of strings, and then iterates over the array to
find the last",350
2016_1_1,15421,2016_2_1,193929,NON-CLONE,2026-07-05 19:03:13,"  ANSWER: YES-SIMILAR

EXPLANATION: The two code snippets are similar in that they both solve a
problem involving a string of characters. The first code snippet uses a
specific algorithm to solve the problem, while the second code snippet uses a
different algorithm. However, both code snippets achieve the same result,
which is to print the digits of a string of characters in a specific
order. The only difference is in the specific steps taken to solve the
problem, and the specific algorithms used. Therefore, the two code snippets
are functionally similar",351
2016_1_1,31768,2014_2_1,118416,NON-CLONE,2026-07-05 19:03:14,"  ANSWER: YES-SIMILAR

EXPLANATION: The two code snippets are functionally similar. Both are C++ code that reads input from a file, processes it, and writes output to a file. The only difference is that one is written in C++ and the other is written in Python. The functionality of the code is the same, and the only difference is the syntax and the libraries used. Therefore, the code snippets are similar.",352
2016_1_1,20829,2013_0_2,85165,NON-CLONE,2026-07-05 19:03:15,"  ANSWER: YES-SIMILAR

EXPLANATION: The two code snippets are functionally similar. They both solve a
problem involving a lawn mower cutting through a large area. The first code
snippet is in C++ and the second is in Python. However, the logic of the
programs is similar. Both snippets read in a large input file, process it, and
output the result. The only difference is the syntax and the libraries used.
The C++ code uses standard C++ libraries such as <iostream>, <cmath>, <vector",353
2016_1_1,3308,2016_2_1,186531,NON-CLONE,2026-07-05 19:03:16,"  {
""answer"": ""YES-SIMILAR"",
""explanation"": ""The two code snippets are functionally similar. They both achieve the same result or perform the same task, even if they differ in syntax, structure, or the specific steps they take to accomplish that task. The only difference is that one is written in Python and the other is written in C++. However, the logic behind the code is the same, and the snippets achieve the same result.""
}",354
2016_1_1,33316,2013_0_3,74156,NON-CLONE,2026-07-05 19:03:17,"  ANSWER: YES-SIMILAR

EXPLANATION: The two code snippets are functionally similar. They both solve a
problem involving counting the number of fair square numbers within a given
range. The only difference between the two code snippets is the language in
which they are written. The first code snippet is written in Python, while the
second code snippet is written in Java. However, the logic behind the code is
the same. The first code snippet reads input from a file, counts the number of
fair square numbers within a given range, and writes the output",355
2016_1_1,14703,2014_3_1,140281,NON-CLONE,2026-07-05 19:03:17,"  ANSWER: YES-SIMILAR

EXPLANATION: The two code snippets are functionally similar. They both perform the same task, which is to play a game of ""Best"" with a given input. The only difference is that the Java code uses a different approach to read input and handle the output, while the Python code uses a different approach to handle the input and output. However, the core logic of the code is the same, and the two code snippets achieve the same result.",356
2016_1_1,3735,2013_0_2,85165,NON-CLONE,2026-07-05 19:03:18,"  ANSWER: YES-SIMILAR

EXPLANATION: The two code snippets are functionally similar. Both snippets
read input from STDIN, process it, and write output to STDOUT. The only
difference is that one snippet uses PHP and the other uses Python. The
snippets achieve the same result, which is to read input, process it, and
write output. The only difference in the two snippets is the syntax and
structure of the code, and the specific steps they take to accomplish the
task.",357
2016_1_1,18665,2013_0_2,85165,NON-CLONE,2026-07-05 19:03:19,"  ANSWER: YES-SIMILAR

EXPLANATION: The two code snippets are functionally similar. They both solve a
problem involving a lawn mower cutting a lawn. The first code snippet solves
the problem by sorting the letters of the lawn mower's path and then
comparing them to determine the shortest path. The second code snippet solves
the problem by reading the input from a file, sorting the lines of the file,
and then comparing the lines to determine the shortest path. The only difference
between the two code snippets is",358
2016_1_1,4557,2015_0_1,106809,NON-CLONE,2026-07-05 19:03:20,"  ANSWER: YES-SIMILAR

EXPLANATION: The two code snippets are functionally similar. They both perform the same task, which is to process a file and output the result. The only difference is in the syntax and structure of the code. The first code snippet is in PHP, while the second is in Python. However, the functionality of the code is the same. The first code snippet uses the PHP syntax and structure, while the second code snippet uses the Python syntax and structure. The similarity lies in the fact that both code snippets achieve the same result, which is to",359
2016_1_2,23627,2016_0_1,88781,NON-CLONE,2026-07-05 19:03:21,"  ANSWER: YES-SIMILAR

EXPLANATION: The two code snippets are functionally similar. They both achieve the same result or perform the same task, even if they differ in syntax, structure, or the specific steps they take to accomplish that task. The only difference is that one is written in Java and the other is written in Python. However, the logic behind the code is the same, and the snippets achieve the same result.",360
2016_1_2,26561,2013_1_1,37029,NON-CLONE,2026-07-05 19:03:21,"  ANSWER: YES-SIMILAR

EXPLANATION: The two code snippets are functionally similar. Both are programs that read input from a file, perform some calculations, and write output to a file. The only difference is that one is written in Java and the other is written in Python. The code snippets have similar functionality and are therefore similar.",361
2016_1_2,21848,2015_0_2,96440,NON-CLONE,2026-07-05 19:03:22,"  ANSWER: YES-SIMILAR

EXPLANATION: The two code snippets are functionally similar. They both solve a
problem involving a matrix of integers, where the goal is to find the
smallest number of rows that can be added to the matrix to make it
square. The snippets differ in syntax and structure, but they achieve the same
result. The first snippet uses a Java-specific syntax and structure, while
the second snippet uses C++-specific syntax and structure. However, the
underlying logic is the same.",362
2016_1_2,7905,2013_0_2,44471,NON-CLONE,2026-07-05 19:03:23,"  ANSWER: YES-SIMILAR

EXPLANATION: The two code snippets are functionally similar. They both read input from a file, process it, and write output to a file. The only difference is that the C++ code uses the standard library's `bits/stdc++.h` header, while the Java code uses the `java.io` package. The rest of the code is similar, including the use of `cin`, `cout`, `memset`, `assert`, and `for` loops. The only difference is that the Java code uses `Sc",363
2016_1_2,22827,2013_0_3,74156,NON-CLONE,2026-07-05 19:03:24,"  ANSWER: YES-SIMILAR

EXPLANATION: The two code snippets are functionally similar. They both achieve the same result, which is to count the number of fair square numbers within a given range. The only difference is the programming language and the file extension. The C++ code snippet uses the standard input and output streams, while the Java code snippet uses the Scanner class to read from a file and the PrintStream class to write to a file. The rest of the code is similar, including the use of the countFairSquare function, the isPalindrome function,",364
2016_1_2,26565,2016_0_1,113708,NON-CLONE,2026-07-05 19:03:25,"  ANSWER: YES-SIMILAR

EXPLANATION: The two code snippets are functionally similar. Both are programs that take input from the user and output the result. The only difference is that one is written in C++ and the other is written in PHP. The functionality of the programs is the same, and the only difference is the programming language used to write them.",365
2016_1_2,30453,2016_2_1,193717,NON-CLONE,2026-07-05 19:03:25,"  ANSWER: YES-SIMILAR

EXPLANATION: The two code snippets are functionally similar. They both achieve the same result, which is to print the ranks of the numbers in a list of lists. The only difference is in the syntax and structure of the code. In the first snippet, the code is written in Python, and it uses a list comprehension to flatten the list of lists and count the occurrences of each number. In the second snippet, the code is written in PHP, and it uses a for loop to iterate over the list of lists and count the occurr",366
2016_1_2,14745,2015_0_3,18309,NON-CLONE,2026-07-05 19:03:27,"  ANSWER: YES-SIMILAR

EXPLANATION: The two code snippets are functionally similar. They both solve a
problem involving a sequence of numbers. The first code snippet uses a
dictionary to count the frequency of each number in a list of numbers. The
second code snippet uses an array to store the numbers and checks if a
number is already in the array. Both snippets then check if the number is
odd or even and if it is a valid combination to get to -1. If it is, they
return ""YES"". If it is not, they",367
2016_1_2,7956,2015_0_2,96440,NON-CLONE,2026-07-05 19:03:27,"  ANSWER: YES-SIMILAR

EXPLANATION: The two code snippets are functionally similar. Both are solving a problem involving a matrix of integers. The first snippet uses Python and the second snippet uses C++. However, the functionality is similar. Both snippets read input, process the input, and output the result. The only difference is the syntax and the libraries used. The first snippet uses the Python standard library, while the second snippet uses the C++ standard library. The functionality is similar, but the syntax is different.",368
2016_1_2,22155,2014_3_1,139370,NON-CLONE,2026-07-05 19:03:28,"  ANSWER: YES-SIMILAR

EXPLANATION: The two code snippets are functionally similar. They both perform the same task, which is to read input from a file, process it, and output the result. The only difference is in the syntax and structure of the code. The first code snippet is in PHP, while the second code snippet is in Python. However, the functionality is the same. The first code snippet uses fscanf to read input from a file, while the second code snippet uses the readlines function to read input from a file. The code snippets also",369
2016_1_2,21265,2015_0_3,72742,NON-CLONE,2026-07-05 19:03:29,"  ANSWER: YES-SIMILAR

EXPLANATION: The two code snippets are functionally similar. They both perform the same task, which is to read a file and output the result. The only difference is that one is written in PHP and the other is written in Python. The functionality of the code is the same, and the only difference is the syntax and structure of the code. Therefore, the two code snippets are functionally similar.",370
2016_1_2,19133,2015_0_1,86599,NON-CLONE,2026-07-05 19:03:30,"  ANSWER: YES-SIMILAR

EXPLANATION: The two code snippets are functionally similar. Both snippets read input from a file, process it, and write the output to another file. The only difference is that the first snippet uses PHP syntax and the second snippet uses Python syntax. The logic of the two snippets is also similar, as they both read a line from the input file, split it into a list, and then process the list. The only difference is that the first snippet uses a for loop to iterate over the list, while the second snippet uses a for loop",371
2016_2_1,201276,2015_0_2,81081,NON-CLONE,2026-07-05 19:03:31,"  ANSWER: YES-SIMILAR

EXPLANATION: The two code snippets are similar. Both are Java code that uses the same algorithm to solve a problem. The only difference is that one is in Java and the other is in Python. The algorithm is the same, and the only difference is the language in which it is written.",372
2016_2_1,180026,2016_0_1,143909,NON-CLONE,2026-07-05 19:03:32,"  ANSWER: YES-SIMILAR

EXPLANATION: The two code snippets are functionally similar. They both achieve the same result, which is to count the number of distinct digits in a given input. The only difference is in the syntax and structure of the code. The first code snippet is in Java, while the second is in C++. However, the logic of the code is the same, and the only difference is in the way the code is structured and the syntax of the language. Therefore, the two code snippets are functionally similar.",373
2016_2_1,193929,2013_1_1,34507,NON-CLONE,2026-07-05 19:03:33,"  ANSWER: YES-SIMILAR

EXPLANATION: The two code snippets are functionally similar. They both solve a
problem involving a sequence of numbers. The first code snippet uses a Java
approach to solve the problem, while the second code snippet uses a PHP
approach. However, the underlying logic is the same. Both snippets read a
file, process the input, and output the result. The only difference is the
syntax and the language used to implement the logic.",374
2016_2_1,194349,2015_0_3,103774,NON-CLONE,2026-07-05 19:03:34,"  {
""answer"": ""YES-SIMILAR"",
""explanation"": ""The two code snippets are similar in that they both solve a problem involving a sequence of numbers. The first code snippet uses a different approach to solve the problem, but the end result is the same. The second code snippet uses a different approach, but the end result is also the same. Therefore, the two code snippets are similar.""
}",375
2016_2_1,186531,2016_1_1,15819,NON-CLONE,2026-07-05 19:03:35,"  ANSWER: YES-SIMILAR

EXPLANATION: The two code snippets are functionally similar. They both solve a
problem involving counting the number of occurrences of each digit in a
string. The first code snippet uses a brute force approach, where each
character in the string is checked individually, and the corresponding digit
count is incremented. The second code snippet uses a more efficient
approach, where the string is read into a list of characters, and the
digit count is incremented based on the character at each index. The
approaches are similar in",376
2016_2_1,179503,2015_0_3,18309,NON-CLONE,2026-07-05 19:03:36,"  ANSWER: YES-SIMILAR

EXPLANATION: The two code snippets are functionally similar. They both achieve the same result or perform the same task, even though they differ in syntax, structure, or specific steps. The only difference is that one is written in C++ and the other is written in PHP. However, the logic and functionality of the two code snippets are similar, and they both use the same approach to solve the problem. Therefore, they are functionally similar.",377
2016_2_1,185295,2013_0_3,108834,NON-CLONE,2026-07-05 19:03:38,"  ANSWER: YES-SIMILAR

EXPLANATION: The two code snippets are functionally similar. They both achieve the same result, which is to read a file, count the number of palindromes in the file, and write the result to an output file. The only difference is that the Java code uses a different approach to read the input file and write the output file. The Python code uses the built-in `readlines()` method to read the input file, while the Java code uses a `FileInputStream` to read the input file. Additionally, the Java code uses",378
2016_2_1,196651,2013_0_1,126886,NON-CLONE,2026-07-05 19:03:39,"  ANSWER: YES-SIMILAR

EXPLANATION: The two code snippets are functionally similar. They both solve a
problem of a Tic Tac Toe game. The first code snippet uses a Python script to
read a file with the game's input and output, and the second code snippet uses a
Java program to read a file with the game's input and output. However, the
functionality is similar because both snippets achieve the same result, even
though they differ in syntax, structure, and the specific steps they take to
accompl",379
2016_2_1,182378,2016_1_1,15819,NON-CLONE,2026-07-05 19:03:39,"  {
""answer"": ""YES-SIMILAR"",
""explanation"": ""The two code snippets are similar because they both read input from a file, perform a similar task, and write output to a file. The only difference is that one is in Python and the other is in Java.""
}",380
2016_2_1,198100,2013_0_3,51164,NON-CLONE,2026-07-05 19:03:41,"  ANSWER: YES-SIMILAR

EXPLANATION: The two code snippets are similar in that they both solve a problem
and produce output. The first code snippet is written in PHP and solves a
problem involving phone numbers, while the second code snippet is written in
Python and solves a problem involving fair squares. Both snippets read input
from a file, process it, and write output to a file. The only difference is
the programming language and the specific problem being solved. Therefore, the
two code snippets are functionally similar.",381
2016_2_1,193717,2013_0_3,108834,NON-CLONE,2026-07-05 19:03:42,"  ANSWER: YES-SIMILAR

EXPLANATION: The two code snippets are functionally similar. They both achieve the same result, which is to read input from a file, process it, and write the output to another file. The only difference is that one is written in PHP and the other is written in Java. The functionality is the same, but the syntax and structure may differ.",382
2016_2_1,200006,2015_0_1,47939,NON-CLONE,2026-07-05 19:03:43,"  ANSWER: YES-SIMILAR

EXPLANATION: The two code snippets are functionally similar. They both solve a
problem by reading input from a file, processing it, and writing the result to
another file. The only difference is that the Java code uses a Scanner and
PrintWriter to read and write the files, while the PHP code uses fopen and
fputs to read and write the files. The rest of the code is similar.",383
