Loaded 384 pairs from gcj_crosslang_clones/pairs.csv × 5 round(s) = 1920 total (0 already done, 1920 remaining)
`torch_dtype` is deprecated! Use `dtype` instead!
Loading checkpoint shards:   0%|          | 0/4 [00:00<?, ?it/s]Loading checkpoint shards:  25%|██▌       | 1/4 [00:04<00:13,  4.60s/it]Loading checkpoint shards:  50%|█████     | 2/4 [00:08<00:07,  3.90s/it]Loading checkpoint shards:  75%|███████▌  | 3/4 [00:11<00:03,  3.56s/it]Loading checkpoint shards: 100%|██████████| 4/4 [00:12<00:00,  2.56s/it]Loading checkpoint shards: 100%|██████████| 4/4 [00:12<00:00,  3.05s/it]
Model 'original' loaded. Starting inference...
--- Round 1/5 (0 done, 384 remaining) ---
[1/1920] 2026-08-03 22:29:46 | R1 | 2013_0_1/103399 vs 2013_0_1/99825 → CLONE
[2/1920] 2026-08-03 22:29:54 | R1 | 2013_0_1/99825 vs 2013_0_1/125888 → CLONE
[3/1920] 2026-08-03 22:29:59 | R1 | 2013_0_1/125888 vs 2013_0_1/84842 → CLONE
[4/1920] 2026-08-03 22:30:09 | R1 | 2013_0_1/84842 vs 2013_0_1/103399 → CLONE
[5/1920] 2026-08-03 22:30:21 | R1 | 2013_0_1/49244 vs 2013_0_1/98087 → CLONE
[6/1920] 2026-08-03 22:30:30 | R1 | 2013_0_1/98087 vs 2013_0_1/91336 → CLONE
[7/1920] 2026-08-03 22:30:39 | R1 | 2013_0_1/91336 vs 2013_0_1/102913 → CLONE
[8/1920] 2026-08-03 22:30:50 | R1 | 2013_0_1/102913 vs 2013_0_1/49244 → CLONE
[9/1920] 2026-08-03 22:31:02 | R1 | 2013_0_1/126886 vs 2013_0_1/72071 → CLONE
[10/1920] 2026-08-03 22:31:08 | R1 | 2013_0_1/72071 vs 2013_0_1/70537 → CLONE
[11/1920] 2026-08-03 22:31:15 | R1 | 2013_0_1/70537 vs 2013_0_1/127485 → CLONE
[12/1920] 2026-08-03 22:31:26 | R1 | 2013_0_1/127485 vs 2013_0_1/126886 → CLONE
[13/1920] 2026-08-03 22:31:34 | R1 | 2013_0_2/95524 vs 2013_0_2/83774 → CLONE
[14/1920] 2026-08-03 22:31:38 | R1 | 2013_0_2/83774 vs 2013_0_2/78034 → CLONE
[15/1920] 2026-08-03 22:31:43 | R1 | 2013_0_2/78034 vs 2013_0_2/71957 → CLONE
[16/1920] 2026-08-03 22:31:51 | R1 | 2013_0_2/71957 vs 2013_0_2/95524 → CLONE
[17/1920] 2026-08-03 22:31:57 | R1 | 2013_0_2/44471 vs 2013_0_2/140779 → CLONE
[18/1920] 2026-08-03 22:32:02 | R1 | 2013_0_2/140779 vs 2013_0_2/122219 → CLONE
[19/1920] 2026-08-03 22:32:07 | R1 | 2013_0_2/122219 vs 2013_0_2/96711 → CLONE
[20/1920] 2026-08-03 22:32:14 | R1 | 2013_0_2/96711 vs 2013_0_2/44471 → CLONE
[21/1920] 2026-08-03 22:32:22 | R1 | 2013_0_2/55421 vs 2013_0_2/91409 → CLONE
[22/1920] 2026-08-03 22:32:28 | R1 | 2013_0_2/91409 vs 2013_0_2/85165 → CLONE
[23/1920] 2026-08-03 22:32:33 | R1 | 2013_0_2/85165 vs 2013_0_2/68303 → CLONE
[24/1920] 2026-08-03 22:32:41 | R1 | 2013_0_2/68303 vs 2013_0_2/55421 → CLONE
[25/1920] 2026-08-03 22:33:00 | R1 | 2013_0_3/108834 vs 2013_0_3/102625 → CLONE
[26/1920] 2026-08-03 22:33:05 | R1 | 2013_0_3/102625 vs 2013_0_3/102207 → CLONE
[27/1920] 2026-08-03 22:33:12 | R1 | 2013_0_3/102207 vs 2013_0_3/89287 → CLONE
[28/1920] 2026-08-03 22:33:25 | R1 | 2013_0_3/89287 vs 2013_0_3/108834 → CLONE
[29/1920] 2026-08-03 22:33:33 | R1 | 2013_0_3/59317 vs 2013_0_3/81195 → CLONE
[30/1920] 2026-08-03 22:33:38 | R1 | 2013_0_3/81195 vs 2013_0_3/51164 → CLONE
[31/1920] 2026-08-03 22:33:42 | R1 | 2013_0_3/51164 vs 2013_0_3/92037 → CLONE
[32/1920] 2026-08-03 22:33:48 | R1 | 2013_0_3/92037 vs 2013_0_3/59317 → CLONE
[33/1920] 2026-08-03 22:33:58 | R1 | 2013_0_3/74156 vs 2013_0_3/53348 → CLONE
[34/1920] 2026-08-03 22:34:07 | R1 | 2013_0_3/53348 vs 2013_0_3/70289 → CLONE
[35/1920] 2026-08-03 22:34:13 | R1 | 2013_0_3/70289 vs 2013_0_3/132829 → CLONE
[36/1920] 2026-08-03 22:34:18 | R1 | 2013_0_3/132829 vs 2013_0_3/74156 → CLONE
[37/1920] 2026-08-03 22:34:25 | R1 | 2013_1_1/42047 vs 2013_1_1/28766 → CLONE
[38/1920] 2026-08-03 22:34:30 | R1 | 2013_1_1/28766 vs 2013_1_1/37029 → CLONE
[39/1920] 2026-08-03 22:34:37 | R1 | 2013_1_1/37029 vs 2013_1_1/34507 → CLONE
[40/1920] 2026-08-03 22:34:44 | R1 | 2013_1_1/34507 vs 2013_1_1/42047 → CLONE
[41/1920] 2026-08-03 22:34:49 | R1 | 2013_1_1/30835 vs 2013_1_1/30228 → CLONE
[42/1920] 2026-08-03 22:34:54 | R1 | 2013_1_1/30228 vs 2013_1_1/32497 → CLONE
[43/1920] 2026-08-03 22:34:59 | R1 | 2013_1_1/32497 vs 2013_1_1/39026 → CLONE
[44/1920] 2026-08-03 22:35:05 | R1 | 2013_1_1/39026 vs 2013_1_1/30835 → CLONE
[45/1920] 2026-08-03 22:35:10 | R1 | 2013_1_1/32414 vs 2013_1_1/30618 → CLONE
[46/1920] 2026-08-03 22:35:14 | R1 | 2013_1_1/30618 vs 2013_1_1/30519 → CLONE
[47/1920] 2026-08-03 22:35:19 | R1 | 2013_1_1/30519 vs 2013_1_1/31779 → CLONE
[48/1920] 2026-08-03 22:35:24 | R1 | 2013_1_1/31779 vs 2013_1_1/32414 → CLONE
[49/1920] 2026-08-03 22:35:31 | R1 | 2014_2_1/115757 vs 2014_2_1/131278 → CLONE
[50/1920] 2026-08-03 22:35:37 | R1 | 2014_2_1/131278 vs 2014_2_1/128920 → CLONE
[51/1920] 2026-08-03 22:35:46 | R1 | 2014_2_1/128920 vs 2014_2_1/118754 → CLONE
[52/1920] 2026-08-03 22:35:58 | R1 | 2014_2_1/118754 vs 2014_2_1/115757 → CLONE
[53/1920] 2026-08-03 22:36:04 | R1 | 2014_2_1/129296 vs 2014_2_1/119165 → CLONE
[54/1920] 2026-08-03 22:36:12 | R1 | 2014_2_1/119165 vs 2014_2_1/118416 → CLONE
[55/1920] 2026-08-03 22:36:18 | R1 | 2014_2_1/118416 vs 2014_2_1/116147 → CLONE
[56/1920] 2026-08-03 22:36:25 | R1 | 2014_2_1/116147 vs 2014_2_1/129296 → CLONE
[57/1920] 2026-08-03 22:36:44 | R1 | 2014_2_1/131873 vs 2014_2_1/118489 → CLONE
[58/1920] 2026-08-03 22:37:01 | R1 | 2014_2_1/118489 vs 2014_2_1/121201 → CLONE
[59/1920] 2026-08-03 22:37:08 | R1 | 2014_2_1/121201 vs 2014_2_1/114208 → CLONE
[60/1920] 2026-08-03 22:37:16 | R1 | 2014_2_1/114208 vs 2014_2_1/131873 → CLONE
[61/1920] 2026-08-03 22:37:22 | R1 | 2014_3_1/135560 vs 2014_3_1/138308 → CLONE
[62/1920] 2026-08-03 22:37:28 | R1 | 2014_3_1/138308 vs 2014_3_1/139209 → CLONE
[63/1920] 2026-08-03 22:37:32 | R1 | 2014_3_1/139209 vs 2014_3_1/142092 → CLONE
[64/1920] 2026-08-03 22:37:38 | R1 | 2014_3_1/142092 vs 2014_3_1/135560 → CLONE
[65/1920] 2026-08-03 22:37:43 | R1 | 2014_3_1/138333 vs 2014_3_1/134611 → CLONE
[66/1920] 2026-08-03 22:37:49 | R1 | 2014_3_1/134611 vs 2014_3_1/139370 → CLONE
[67/1920] 2026-08-03 22:37:54 | R1 | 2014_3_1/139370 vs 2014_3_1/134295 → CLONE
[68/1920] 2026-08-03 22:37:58 | R1 | 2014_3_1/134295 vs 2014_3_1/138333 → CLONE
[69/1920] 2026-08-03 22:38:05 | R1 | 2014_3_1/140281 vs 2014_3_1/132142 → CLONE
[70/1920] 2026-08-03 22:38:10 | R1 | 2014_3_1/132142 vs 2014_3_1/143074 → CLONE
[71/1920] 2026-08-03 22:38:15 | R1 | 2014_3_1/143074 vs 2014_3_1/132975 → CLONE
[72/1920] 2026-08-03 22:38:19 | R1 | 2014_3_1/132975 vs 2014_3_1/140281 → CLONE
[73/1920] 2026-08-03 22:38:23 | R1 | 2015_0_1/47939 vs 2015_0_1/44230 → CLONE
[74/1920] 2026-08-03 22:38:27 | R1 | 2015_0_1/44230 vs 2015_0_1/106809 → CLONE
[75/1920] 2026-08-03 22:38:31 | R1 | 2015_0_1/106809 vs 2015_0_1/25955 → CLONE
[76/1920] 2026-08-03 22:38:36 | R1 | 2015_0_1/25955 vs 2015_0_1/47939 → CLONE
[77/1920] 2026-08-03 22:38:43 | R1 | 2015_0_1/43660 vs 2015_0_1/64620 → CLONE
[78/1920] 2026-08-03 22:38:48 | R1 | 2015_0_1/64620 vs 2015_0_1/86599 → CLONE
[79/1920] 2026-08-03 22:38:53 | R1 | 2015_0_1/86599 vs 2015_0_1/28465 → CLONE
[80/1920] 2026-08-03 22:38:59 | R1 | 2015_0_1/28465 vs 2015_0_1/43660 → CLONE
[81/1920] 2026-08-03 22:39:03 | R1 | 2015_0_1/100718 vs 2015_0_1/65110 → CLONE
[82/1920] 2026-08-03 22:39:06 | R1 | 2015_0_1/65110 vs 2015_0_1/60803 → CLONE
[83/1920] 2026-08-03 22:39:10 | R1 | 2015_0_1/60803 vs 2015_0_1/96593 → CLONE
[84/1920] 2026-08-03 22:39:15 | R1 | 2015_0_1/96593 vs 2015_0_1/100718 → CLONE
[85/1920] 2026-08-03 22:39:20 | R1 | 2015_0_2/91000 vs 2015_0_2/96440 → CLONE
[86/1920] 2026-08-03 22:39:25 | R1 | 2015_0_2/96440 vs 2015_0_2/36519 → CLONE
[87/1920] 2026-08-03 22:39:29 | R1 | 2015_0_2/36519 vs 2015_0_2/103402 → CLONE
[88/1920] 2026-08-03 22:39:34 | R1 | 2015_0_2/103402 vs 2015_0_2/91000 → CLONE
[89/1920] 2026-08-03 22:39:39 | R1 | 2015_0_2/21812 vs 2015_0_2/88257 → CLONE
[90/1920] 2026-08-03 22:39:47 | R1 | 2015_0_2/88257 vs 2015_0_2/81081 → CLONE
[91/1920] 2026-08-03 22:39:54 | R1 | 2015_0_2/81081 vs 2015_0_2/102321 → CLONE
[92/1920] 2026-08-03 22:39:59 | R1 | 2015_0_2/102321 vs 2015_0_2/21812 → CLONE
[93/1920] 2026-08-03 22:40:05 | R1 | 2015_0_2/40957 vs 2015_0_2/38840 → CLONE
[94/1920] 2026-08-03 22:40:09 | R1 | 2015_0_2/38840 vs 2015_0_2/100159 → CLONE
[95/1920] 2026-08-03 22:40:14 | R1 | 2015_0_2/100159 vs 2015_0_2/55775 → CLONE
[96/1920] 2026-08-03 22:40:18 | R1 | 2015_0_2/55775 vs 2015_0_2/40957 → CLONE
[97/1920] 2026-08-03 22:40:30 | R1 | 2015_0_3/42051 vs 2015_0_3/41900 → CLONE
[98/1920] 2026-08-03 22:40:40 | R1 | 2015_0_3/41900 vs 2015_0_3/103585 → CLONE
[99/1920] 2026-08-03 22:40:48 | R1 | 2015_0_3/103585 vs 2015_0_3/19800 → CLONE
[100/1920] 2026-08-03 22:40:59 | R1 | 2015_0_3/19800 vs 2015_0_3/42051 → CLONE
[101/1920] 2026-08-03 22:41:13 | R1 | 2015_0_3/47513 vs 2015_0_3/49764 → CLONE
[102/1920] 2026-08-03 22:41:26 | R1 | 2015_0_3/49764 vs 2015_0_3/103774 → CLONE
[103/1920] 2026-08-03 22:41:35 | R1 | 2015_0_3/103774 vs 2015_0_3/102323 → CLONE
[104/1920] 2026-08-03 22:41:47 | R1 | 2015_0_3/102323 vs 2015_0_3/47513 → CLONE
[105/1920] 2026-08-03 22:42:02 | R1 | 2015_0_3/96608 vs 2015_0_3/23036 → CLONE
[106/1920] 2026-08-03 22:42:13 | R1 | 2015_0_3/23036 vs 2015_0_3/72742 → CLONE
[107/1920] 2026-08-03 22:42:29 | R1 | 2015_0_3/72742 vs 2015_0_3/18309 → CLONE
[108/1920] 2026-08-03 22:42:49 | R1 | 2015_0_3/18309 vs 2015_0_3/96608 → CLONE
[109/1920] 2026-08-03 22:42:55 | R1 | 2015_0_4/86262 vs 2015_0_4/63026 → CLONE
[110/1920] 2026-08-03 22:43:00 | R1 | 2015_0_4/63026 vs 2015_0_4/57828 → CLONE
[111/1920] 2026-08-03 22:43:05 | R1 | 2015_0_4/57828 vs 2015_0_4/68310 → CLONE
[112/1920] 2026-08-03 22:43:12 | R1 | 2015_0_4/68310 vs 2015_0_4/86262 → CLONE
[113/1920] 2026-08-03 22:43:16 | R1 | 2015_0_4/30398 vs 2015_0_4/86932 → CLONE
[114/1920] 2026-08-03 22:43:21 | R1 | 2015_0_4/86932 vs 2015_0_4/94256 → CLONE
[115/1920] 2026-08-03 22:43:29 | R1 | 2015_0_4/94256 vs 2015_0_4/19708 → CLONE
[116/1920] 2026-08-03 22:43:39 | R1 | 2015_0_4/19708 vs 2015_0_4/30398 → CLONE
[117/1920] 2026-08-03 22:43:44 | R1 | 2015_0_4/29877 vs 2015_0_4/60776 → CLONE
[118/1920] 2026-08-03 22:43:49 | R1 | 2015_0_4/60776 vs 2015_0_4/74018 → CLONE
[119/1920] 2026-08-03 22:43:54 | R1 | 2015_0_4/74018 vs 2015_0_4/78114 → CLONE
[120/1920] 2026-08-03 22:44:00 | R1 | 2015_0_4/78114 vs 2015_0_4/29877 → CLONE
[121/1920] 2026-08-03 22:44:09 | R1 | 2015_1_1/112276 vs 2015_1_1/111086 → CLONE
[122/1920] 2026-08-03 22:44:16 | R1 | 2015_1_1/111086 vs 2015_1_1/117734 → CLONE
[123/1920] 2026-08-03 22:44:20 | R1 | 2015_1_1/117734 vs 2015_1_1/122934 → CLONE
[124/1920] 2026-08-03 22:44:26 | R1 | 2015_1_1/122934 vs 2015_1_1/112276 → CLONE
[125/1920] 2026-08-03 22:44:33 | R1 | 2015_1_1/118030 vs 2015_1_1/122263 → CLONE
[126/1920] 2026-08-03 22:44:38 | R1 | 2015_1_1/122263 vs 2015_1_1/124602 → CLONE
[127/1920] 2026-08-03 22:44:42 | R1 | 2015_1_1/124602 vs 2015_1_1/111264 → CLONE
[128/1920] 2026-08-03 22:44:48 | R1 | 2015_1_1/111264 vs 2015_1_1/118030 → CLONE
[129/1920] 2026-08-03 22:44:54 | R1 | 2015_1_1/112898 vs 2015_1_1/111866 → CLONE
[130/1920] 2026-08-03 22:44:59 | R1 | 2015_1_1/111866 vs 2015_1_1/111647 → CLONE
[131/1920] 2026-08-03 22:45:04 | R1 | 2015_1_1/111647 vs 2015_1_1/121770 → CLONE
[132/1920] 2026-08-03 22:45:10 | R1 | 2015_1_1/121770 vs 2015_1_1/112898 → CLONE
[133/1920] 2026-08-03 22:45:14 | R1 | 2016_0_1/76319 vs 2016_0_1/65647 → CLONE
[134/1920] 2026-08-03 22:45:20 | R1 | 2016_0_1/65647 vs 2016_0_1/94639 → CLONE
[135/1920] 2026-08-03 22:45:25 | R1 | 2016_0_1/94639 vs 2016_0_1/48618 → CLONE
[136/1920] 2026-08-03 22:45:29 | R1 | 2016_0_1/48618 vs 2016_0_1/76319 → CLONE
[137/1920] 2026-08-03 22:45:34 | R1 | 2016_0_1/117099 vs 2016_0_1/134225 → CLONE
[138/1920] 2026-08-03 22:45:38 | R1 | 2016_0_1/134225 vs 2016_0_1/88781 → CLONE
[139/1920] 2026-08-03 22:45:43 | R1 | 2016_0_1/88781 vs 2016_0_1/39027 → CLONE
[140/1920] 2026-08-03 22:45:48 | R1 | 2016_0_1/39027 vs 2016_0_1/117099 → CLONE
[141/1920] 2026-08-03 22:45:53 | R1 | 2016_0_1/100898 vs 2016_0_1/143909 → CLONE
[142/1920] 2026-08-03 22:45:56 | R1 | 2016_0_1/143909 vs 2016_0_1/71388 → CLONE
[143/1920] 2026-08-03 22:45:59 | R1 | 2016_0_1/71388 vs 2016_0_1/113708 → CLONE
[144/1920] 2026-08-03 22:46:03 | R1 | 2016_0_1/113708 vs 2016_0_1/100898 → CLONE
[145/1920] 2026-08-03 22:46:09 | R1 | 2016_0_4/136626 vs 2016_0_4/135114 → CLONE
[146/1920] 2026-08-03 22:46:14 | R1 | 2016_0_4/135114 vs 2016_0_4/63570 → CLONE
[147/1920] 2026-08-03 22:46:20 | R1 | 2016_0_4/63570 vs 2016_0_4/80717 → CLONE
[148/1920] 2026-08-03 22:46:25 | R1 | 2016_0_4/80717 vs 2016_0_4/136626 → CLONE
[149/1920] 2026-08-03 22:46:32 | R1 | 2016_0_4/125922 vs 2016_0_4/90060 → CLONE
[150/1920] 2026-08-03 22:46:38 | R1 | 2016_0_4/90060 vs 2016_0_4/158305 → CLONE
[151/1920] 2026-08-03 22:46:46 | R1 | 2016_0_4/158305 vs 2016_0_4/139021 → CLONE
[152/1920] 2026-08-03 22:46:56 | R1 | 2016_0_4/139021 vs 2016_0_4/125922 → CLONE
[153/1920] 2026-08-03 22:47:05 | R1 | 2016_0_4/99642 vs 2016_0_4/45917 → CLONE
[154/1920] 2026-08-03 22:47:12 | R1 | 2016_0_4/45917 vs 2016_0_4/142083 → CLONE
[155/1920] 2026-08-03 22:47:17 | R1 | 2016_0_4/142083 vs 2016_0_4/37736 → CLONE
[156/1920] 2026-08-03 22:47:24 | R1 | 2016_0_4/37736 vs 2016_0_4/99642 → CLONE
[157/1920] 2026-08-03 22:47:30 | R1 | 2016_1_1/15819 vs 2016_1_1/15421 → CLONE
[158/1920] 2026-08-03 22:47:34 | R1 | 2016_1_1/15421 vs 2016_1_1/3308 → CLONE
[159/1920] 2026-08-03 22:47:38 | R1 | 2016_1_1/3308 vs 2016_1_1/3735 → CLONE
[160/1920] 2026-08-03 22:47:42 | R1 | 2016_1_1/3735 vs 2016_1_1/15819 → CLONE
[161/1920] 2026-08-03 22:47:47 | R1 | 2016_1_1/28201 vs 2016_1_1/31768 → CLONE
[162/1920] 2026-08-03 22:47:52 | R1 | 2016_1_1/31768 vs 2016_1_1/33316 → CLONE
[163/1920] 2026-08-03 22:47:58 | R1 | 2016_1_1/33316 vs 2016_1_1/18665 → CLONE
[164/1920] 2026-08-03 22:48:03 | R1 | 2016_1_1/18665 vs 2016_1_1/28201 → CLONE
[165/1920] 2026-08-03 22:48:08 | R1 | 2016_1_1/22113 vs 2016_1_1/20829 → CLONE
[166/1920] 2026-08-03 22:48:13 | R1 | 2016_1_1/20829 vs 2016_1_1/14703 → CLONE
[167/1920] 2026-08-03 22:48:18 | R1 | 2016_1_1/14703 vs 2016_1_1/4557 → CLONE
[168/1920] 2026-08-03 22:48:22 | R1 | 2016_1_1/4557 vs 2016_1_1/22113 → CLONE
[169/1920] 2026-08-03 22:48:26 | R1 | 2016_1_2/23627 vs 2016_1_2/7905 → CLONE
[170/1920] 2026-08-03 22:48:30 | R1 | 2016_1_2/7905 vs 2016_1_2/30453 → CLONE
[171/1920] 2026-08-03 22:48:34 | R1 | 2016_1_2/30453 vs 2016_1_2/22155 → CLONE
[172/1920] 2026-08-03 22:48:39 | R1 | 2016_1_2/22155 vs 2016_1_2/23627 → CLONE
[173/1920] 2026-08-03 22:48:43 | R1 | 2016_1_2/26561 vs 2016_1_2/22827 → CLONE
[174/1920] 2026-08-03 22:48:47 | R1 | 2016_1_2/22827 vs 2016_1_2/14745 → CLONE
[175/1920] 2026-08-03 22:48:51 | R1 | 2016_1_2/14745 vs 2016_1_2/21265 → CLONE
[176/1920] 2026-08-03 22:48:56 | R1 | 2016_1_2/21265 vs 2016_1_2/26561 → CLONE
[177/1920] 2026-08-03 22:49:00 | R1 | 2016_1_2/21848 vs 2016_1_2/26565 → CLONE
[178/1920] 2026-08-03 22:49:05 | R1 | 2016_1_2/26565 vs 2016_1_2/7956 → CLONE
[179/1920] 2026-08-03 22:49:09 | R1 | 2016_1_2/7956 vs 2016_1_2/19133 → CLONE
[180/1920] 2026-08-03 22:49:14 | R1 | 2016_1_2/19133 vs 2016_1_2/21848 → CLONE
[181/1920] 2026-08-03 22:49:22 | R1 | 2016_2_1/201276 vs 2016_2_1/194349 → CLONE
[182/1920] 2026-08-03 22:49:29 | R1 | 2016_2_1/194349 vs 2016_2_1/185295 → CLONE
[183/1920] 2026-08-03 22:49:41 | R1 | 2016_2_1/185295 vs 2016_2_1/198100 → CLONE
[184/1920] 2026-08-03 22:49:57 | R1 | 2016_2_1/198100 vs 2016_2_1/201276 → CLONE
[185/1920] 2026-08-03 22:50:03 | R1 | 2016_2_1/180026 vs 2016_2_1/186531 → CLONE
[186/1920] 2026-08-03 22:50:09 | R1 | 2016_2_1/186531 vs 2016_2_1/196651 → CLONE
[187/1920] 2026-08-03 22:50:13 | R1 | 2016_2_1/196651 vs 2016_2_1/193717 → CLONE
[188/1920] 2026-08-03 22:50:19 | R1 | 2016_2_1/193717 vs 2016_2_1/180026 → CLONE
[189/1920] 2026-08-03 22:50:30 | R1 | 2016_2_1/193929 vs 2016_2_1/179503 → CLONE
[190/1920] 2026-08-03 22:50:38 | R1 | 2016_2_1/179503 vs 2016_2_1/182378 → CLONE
[191/1920] 2026-08-03 22:50:50 | R1 | 2016_2_1/182378 vs 2016_2_1/200006 → CLONE
[192/1920] 2026-08-03 22:51:03 | R1 | 2016_2_1/200006 vs 2016_2_1/193929 → CLONE
[193/1920] 2026-08-03 22:51:13 | R1 | 2013_0_1/103399 vs 2015_0_2/96440 → NON-CLONE
[194/1920] 2026-08-03 22:51:24 | R1 | 2013_0_1/49244 vs 2016_2_1/186531 → NON-CLONE
[195/1920] 2026-08-03 22:51:34 | R1 | 2013_0_1/126886 vs 2016_0_4/45917 → NON-CLONE
[196/1920] 2026-08-03 22:51:41 | R1 | 2013_0_1/99825 vs 2016_1_2/23627 → NON-CLONE
[197/1920] 2026-08-03 22:51:50 | R1 | 2013_0_1/98087 vs 2014_3_1/135560 → NON-CLONE
[198/1920] 2026-08-03 22:51:59 | R1 | 2013_0_1/72071 vs 2015_0_3/103774 → NON-CLONE
[199/1920] 2026-08-03 22:52:05 | R1 | 2013_0_1/125888 vs 2014_2_1/114208 → NON-CLONE
[200/1920] 2026-08-03 22:52:11 | R1 | 2013_0_1/91336 vs 2015_0_3/42051 → NON-CLONE
[201/1920] 2026-08-03 22:52:20 | R1 | 2013_0_1/70537 vs 2015_0_3/49764 → NON-CLONE
[202/1920] 2026-08-03 22:52:26 | R1 | 2013_0_1/84842 vs 2016_1_1/28201 → NON-CLONE
[203/1920] 2026-08-03 22:52:34 | R1 | 2013_0_1/102913 vs 2016_0_4/135114 → NON-CLONE
[204/1920] 2026-08-03 22:52:41 | R1 | 2013_0_1/127485 vs 2016_0_1/100898 → NON-CLONE
[205/1920] 2026-08-03 22:52:45 | R1 | 2013_0_2/95524 vs 2015_0_2/38840 → NON-CLONE
[206/1920] 2026-08-03 22:52:53 | R1 | 2013_0_2/44471 vs 2014_2_1/114208 → NON-CLONE
[207/1920] 2026-08-03 22:52:59 | R1 | 2013_0_2/55421 vs 2016_2_1/196651 → NON-CLONE
[208/1920] 2026-08-03 22:53:06 | R1 | 2013_0_2/83774 vs 2016_2_1/201276 → NON-CLONE
[209/1920] 2026-08-03 22:53:09 | R1 | 2013_0_2/140779 vs 2013_1_1/30519 → NON-CLONE
[210/1920] 2026-08-03 22:53:14 | R1 | 2013_0_2/91409 vs 2013_0_3/102207 → NON-CLONE
[211/1920] 2026-08-03 22:53:20 | R1 | 2013_0_2/78034 vs 2014_2_1/129296 → NON-CLONE
[212/1920] 2026-08-03 22:53:25 | R1 | 2013_0_2/122219 vs 2014_3_1/138308 → NON-CLONE
[213/1920] 2026-08-03 22:53:31 | R1 | 2013_0_2/85165 vs 2014_3_1/134611 → NON-CLONE
[214/1920] 2026-08-03 22:53:36 | R1 | 2013_0_2/71957 vs 2016_1_1/15819 → NON-CLONE
[215/1920] 2026-08-03 22:53:40 | R1 | 2013_0_2/96711 vs 2013_0_3/51164 → NON-CLONE
[216/1920] 2026-08-03 22:53:43 | R1 | 2013_0_2/68303 vs 2016_0_1/71388 → NON-CLONE
[217/1920] 2026-08-03 22:54:00 | R1 | 2013_0_3/108834 vs 2016_0_1/39027 → NON-CLONE
[218/1920] 2026-08-03 22:54:05 | R1 | 2013_0_3/59317 vs 2016_1_2/26565 → NON-CLONE
[219/1920] 2026-08-03 22:54:13 | R1 | 2013_0_3/74156 vs 2015_0_3/49764 → NON-CLONE
[220/1920] 2026-08-03 22:54:21 | R1 | 2013_0_3/102625 vs 2013_0_1/126886 → NON-CLONE
[221/1920] 2026-08-03 22:54:29 | R1 | 2013_0_3/81195 vs 2014_2_1/131873 → NON-CLONE
[222/1920] 2026-08-03 22:54:43 | R1 | 2013_0_3/53348 vs 2015_0_3/72742 → NON-CLONE
[223/1920] 2026-08-03 22:54:47 | R1 | 2013_0_3/102207 vs 2015_1_1/122934 → NON-CLONE
[224/1920] 2026-08-03 22:54:52 | R1 | 2013_0_3/51164 vs 2014_2_1/129296 → NON-CLONE
[225/1920] 2026-08-03 22:54:57 | R1 | 2013_0_3/70289 vs 2015_0_4/63026 → NON-CLONE
[226/1920] 2026-08-03 22:55:01 | R1 | 2013_0_3/89287 vs 2016_1_1/15421 → NON-CLONE
[227/1920] 2026-08-03 22:55:05 | R1 | 2013_0_3/92037 vs 2014_3_1/134611 → NON-CLONE
[228/1920] 2026-08-03 22:55:10 | R1 | 2013_0_3/132829 vs 2016_1_1/14703 → NON-CLONE
[229/1920] 2026-08-03 22:55:17 | R1 | 2013_1_1/42047 vs 2013_0_1/99825 → NON-CLONE
[230/1920] 2026-08-03 22:55:22 | R1 | 2013_1_1/30835 vs 2015_0_3/103774 → NON-CLONE
[231/1920] 2026-08-03 22:55:27 | R1 | 2013_1_1/32414 vs 2016_2_1/179503 → NON-CLONE
[232/1920] 2026-08-03 22:55:31 | R1 | 2013_1_1/28766 vs 2015_0_1/47939 → NON-CLONE
[233/1920] 2026-08-03 22:55:35 | R1 | 2013_1_1/30228 vs 2016_2_1/185295 → NON-CLONE
[234/1920] 2026-08-03 22:55:40 | R1 | 2013_1_1/30618 vs 2014_2_1/115757 → NON-CLONE
[235/1920] 2026-08-03 22:55:44 | R1 | 2013_1_1/37029 vs 2015_0_4/86932 → NON-CLONE
[236/1920] 2026-08-03 22:55:49 | R1 | 2013_1_1/32497 vs 2016_2_1/194349 → NON-CLONE
[237/1920] 2026-08-03 22:55:53 | R1 | 2013_1_1/30519 vs 2015_0_1/65110 → NON-CLONE
[238/1920] 2026-08-03 22:55:59 | R1 | 2013_1_1/34507 vs 2014_3_1/138308 → NON-CLONE
[239/1920] 2026-08-03 22:56:04 | R1 | 2013_1_1/39026 vs 2016_0_1/143909 → NON-CLONE
[240/1920] 2026-08-03 22:56:09 | R1 | 2013_1_1/31779 vs 2014_3_1/132142 → NON-CLONE
[241/1920] 2026-08-03 22:56:18 | R1 | 2014_2_1/115757 vs 2013_0_1/99825 → NON-CLONE
[242/1920] 2026-08-03 22:56:24 | R1 | 2014_2_1/129296 vs 2015_1_1/122263 → NON-CLONE
[243/1920] 2026-08-03 22:56:30 | R1 | 2014_2_1/131873 vs 2016_1_2/19133 → NON-CLONE
[244/1920] 2026-08-03 22:56:34 | R1 | 2014_2_1/131278 vs 2013_0_1/91336 → NON-CLONE
[245/1920] 2026-08-03 22:56:39 | R1 | 2014_2_1/119165 vs 2013_1_1/30835 → NON-CLONE
[246/1920] 2026-08-03 22:56:54 | R1 | 2014_2_1/118489 vs 2016_0_1/100898 → NON-CLONE
[247/1920] 2026-08-03 22:56:59 | R1 | 2014_2_1/128920 vs 2015_0_4/68310 → NON-CLONE
[248/1920] 2026-08-03 22:57:04 | R1 | 2014_2_1/118416 vs 2015_0_2/102321 → NON-CLONE
[249/1920] 2026-08-03 22:57:10 | R1 | 2014_2_1/121201 vs 2013_0_2/91409 → NON-CLONE
[250/1920] 2026-08-03 22:57:23 | R1 | 2014_2_1/118754 vs 2015_0_2/81081 → NON-CLONE
[251/1920] 2026-08-03 22:57:28 | R1 | 2014_2_1/116147 vs 2013_0_3/74156 → NON-CLONE
[252/1920] 2026-08-03 22:57:36 | R1 | 2014_2_1/114208 vs 2013_0_3/102625 → NON-CLONE
[253/1920] 2026-08-03 22:57:41 | R1 | 2014_3_1/135560 vs 2016_1_2/21265 → NON-CLONE
[254/1920] 2026-08-03 22:57:45 | R1 | 2014_3_1/138333 vs 2013_0_2/68303 → NON-CLONE
[255/1920] 2026-08-03 22:57:50 | R1 | 2014_3_1/140281 vs 2013_1_1/30519 → NON-CLONE
[256/1920] 2026-08-03 22:57:55 | R1 | 2014_3_1/138308 vs 2013_1_1/30519 → NON-CLONE
[257/1920] 2026-08-03 22:58:00 | R1 | 2014_3_1/134611 vs 2016_1_2/14745 → NON-CLONE
[258/1920] 2026-08-03 22:58:10 | R1 | 2014_3_1/132142 vs 2014_2_1/118754 → NON-CLONE
[259/1920] 2026-08-03 22:58:17 | R1 | 2014_3_1/139209 vs 2015_0_3/49764 → NON-CLONE
[260/1920] 2026-08-03 22:58:22 | R1 | 2014_3_1/139370 vs 2016_1_1/15819 → NON-CLONE
[261/1920] 2026-08-03 22:58:26 | R1 | 2014_3_1/143074 vs 2015_0_2/91000 → NON-CLONE
[262/1920] 2026-08-03 22:58:28 | R1 | 2014_3_1/142092 vs 2015_0_1/106809 → NON-CLONE
[263/1920] 2026-08-03 22:58:33 | R1 | 2014_3_1/134295 vs 2015_0_4/94256 → NON-CLONE
[264/1920] 2026-08-03 22:58:36 | R1 | 2014_3_1/132975 vs 2016_0_4/135114 → NON-CLONE
[265/1920] 2026-08-03 22:58:41 | R1 | 2015_0_1/47939 vs 2016_0_1/71388 → NON-CLONE
[266/1920] 2026-08-03 22:58:45 | R1 | 2015_0_1/43660 vs 2016_1_1/33316 → NON-CLONE
[267/1920] 2026-08-03 22:58:55 | R1 | 2015_0_1/100718 vs 2016_2_1/198100 → NON-CLONE
[268/1920] 2026-08-03 22:58:59 | R1 | 2015_0_1/44230 vs 2016_1_1/18665 → NON-CLONE
[269/1920] 2026-08-03 22:59:06 | R1 | 2015_0_1/64620 vs 2013_1_1/37029 → NON-CLONE
[270/1920] 2026-08-03 22:59:14 | R1 | 2015_0_1/65110 vs 2015_0_3/42051 → NON-CLONE
[271/1920] 2026-08-03 22:59:18 | R1 | 2015_0_1/106809 vs 2015_0_2/96440 → NON-CLONE
[272/1920] 2026-08-03 22:59:22 | R1 | 2015_0_1/86599 vs 2013_0_2/96711 → NON-CLONE
[273/1920] 2026-08-03 22:59:26 | R1 | 2015_0_1/60803 vs 2015_1_1/111866 → NON-CLONE
[274/1920] 2026-08-03 22:59:31 | R1 | 2015_0_1/25955 vs 2013_0_1/72071 → NON-CLONE
[275/1920] 2026-08-03 22:59:36 | R1 | 2015_0_1/28465 vs 2015_0_2/88257 → NON-CLONE
[276/1920] 2026-08-03 22:59:44 | R1 | 2015_0_1/96593 vs 2015_0_2/40957 → NON-CLONE
[277/1920] 2026-08-03 22:59:49 | R1 | 2015_0_2/91000 vs 2013_0_1/98087 → NON-CLONE
[278/1920] 2026-08-03 22:59:56 | R1 | 2015_0_2/21812 vs 2013_0_3/102625 → NON-CLONE
[279/1920] 2026-08-03 23:00:03 | R1 | 2015_0_2/40957 vs 2013_0_2/71957 → NON-CLONE
[280/1920] 2026-08-03 23:00:06 | R1 | 2015_0_2/96440 vs 2015_0_1/86599 → NON-CLONE
[281/1920] 2026-08-03 23:00:10 | R1 | 2015_0_2/88257 vs 2013_0_2/68303 → NON-CLONE
[282/1920] 2026-08-03 23:00:16 | R1 | 2015_0_2/38840 vs 2013_0_1/127485 → NON-CLONE
[283/1920] 2026-08-03 23:00:22 | R1 | 2015_0_2/36519 vs 2015_1_1/111086 → NON-CLONE
[284/1920] 2026-08-03 23:00:36 | R1 | 2015_0_2/81081 vs 2013_0_3/108834 → NON-CLONE
[285/1920] 2026-08-03 23:00:40 | R1 | 2015_0_2/100159 vs 2016_2_1/179503 → NON-CLONE
[286/1920] 2026-08-03 23:00:43 | R1 | 2015_0_2/103402 vs 2015_0_1/106809 → NON-CLONE
[287/1920] 2026-08-03 23:00:52 | R1 | 2015_0_2/102321 vs 2015_0_3/72742 → NON-CLONE
[288/1920] 2026-08-03 23:00:56 | R1 | 2015_0_2/55775 vs 2016_1_2/14745 → NON-CLONE
[289/1920] 2026-08-03 23:01:02 | R1 | 2015_0_3/42051 vs 2015_0_1/44230 → NON-CLONE
[290/1920] 2026-08-03 23:01:10 | R1 | 2015_0_3/47513 vs 2013_1_1/34507 → NON-CLONE
[291/1920] 2026-08-03 23:01:19 | R1 | 2015_0_3/96608 vs 2016_1_2/14745 → NON-CLONE
[292/1920] 2026-08-03 23:01:27 | R1 | 2015_0_3/41900 vs 2015_0_1/96593 → NON-CLONE
[293/1920] 2026-08-03 23:01:34 | R1 | 2015_0_3/49764 vs 2016_1_2/14745 → NON-CLONE
[294/1920] 2026-08-03 23:01:40 | R1 | 2015_0_3/23036 vs 2016_0_4/142083 → NON-CLONE
[295/1920] 2026-08-03 23:01:45 | R1 | 2015_0_3/103585 vs 2014_3_1/138308 → NON-CLONE
[296/1920] 2026-08-03 23:01:51 | R1 | 2015_0_3/103774 vs 2013_0_3/89287 → NON-CLONE
[297/1920] 2026-08-03 23:02:00 | R1 | 2015_0_3/72742 vs 2013_0_3/89287 → NON-CLONE
[298/1920] 2026-08-03 23:02:04 | R1 | 2015_0_3/19800 vs 2016_1_1/22113 → NON-CLONE
[299/1920] 2026-08-03 23:02:12 | R1 | 2015_0_3/102323 vs 2016_0_1/76319 → NON-CLONE
[300/1920] 2026-08-03 23:02:22 | R1 | 2015_0_3/18309 vs 2016_1_1/15819 → NON-CLONE
[301/1920] 2026-08-03 23:02:28 | R1 | 2015_0_4/86262 vs 2016_0_4/80717 → NON-CLONE
[302/1920] 2026-08-03 23:02:34 | R1 | 2015_0_4/30398 vs 2016_1_2/26565 → NON-CLONE
[303/1920] 2026-08-03 23:02:37 | R1 | 2015_0_4/29877 vs 2013_0_2/122219 → NON-CLONE
[304/1920] 2026-08-03 23:02:43 | R1 | 2015_0_4/63026 vs 2013_0_3/92037 → NON-CLONE
[305/1920] 2026-08-03 23:02:48 | R1 | 2015_0_4/86932 vs 2013_0_2/71957 → NON-CLONE
[306/1920] 2026-08-03 23:02:53 | R1 | 2015_0_4/60776 vs 2016_0_4/158305 → NON-CLONE
[307/1920] 2026-08-03 23:02:56 | R1 | 2015_0_4/57828 vs 2015_1_1/111866 → NON-CLONE
[308/1920] 2026-08-03 23:03:01 | R1 | 2015_0_4/94256 vs 2013_1_1/42047 → NON-CLONE
[309/1920] 2026-08-03 23:03:05 | R1 | 2015_0_4/74018 vs 2015_0_2/91000 → NON-CLONE
[310/1920] 2026-08-03 23:03:11 | R1 | 2015_0_4/68310 vs 2014_3_1/134611 → NON-CLONE
[311/1920] 2026-08-03 23:03:19 | R1 | 2015_0_4/19708 vs 2014_3_1/138308 → NON-CLONE
[312/1920] 2026-08-03 23:03:24 | R1 | 2015_0_4/78114 vs 2016_1_1/3308 → NON-CLONE
[313/1920] 2026-08-03 23:03:30 | R1 | 2015_1_1/112276 vs 2013_1_1/31779 → NON-CLONE
[314/1920] 2026-08-03 23:03:35 | R1 | 2015_1_1/118030 vs 2016_1_1/15421 → NON-CLONE
[315/1920] 2026-08-03 23:03:41 | R1 | 2015_1_1/112898 vs 2014_3_1/134611 → NON-CLONE
[316/1920] 2026-08-03 23:03:49 | R1 | 2015_1_1/111086 vs 2015_0_2/55775 → NON-CLONE
[317/1920] 2026-08-03 23:03:56 | R1 | 2015_1_1/122263 vs 2016_1_2/26561 → NON-CLONE
[318/1920] 2026-08-03 23:04:01 | R1 | 2015_1_1/111866 vs 2015_0_2/91000 → NON-CLONE
[319/1920] 2026-08-03 23:04:06 | R1 | 2015_1_1/117734 vs 2013_0_3/59317 → NON-CLONE
[320/1920] 2026-08-03 23:04:10 | R1 | 2015_1_1/124602 vs 2016_1_1/20829 → NON-CLONE
[321/1920] 2026-08-03 23:04:14 | R1 | 2015_1_1/111647 vs 2013_0_3/92037 → NON-CLONE
[322/1920] 2026-08-03 23:04:18 | R1 | 2015_1_1/122934 vs 2013_0_2/83774 → NON-CLONE
[323/1920] 2026-08-03 23:04:25 | R1 | 2015_1_1/111264 vs 2013_0_1/99825 → NON-CLONE
[324/1920] 2026-08-03 23:04:35 | R1 | 2015_1_1/121770 vs 2013_0_3/53348 → NON-CLONE
[325/1920] 2026-08-03 23:04:41 | R1 | 2016_0_1/76319 vs 2015_0_1/25955 → NON-CLONE
[326/1920] 2026-08-03 23:04:50 | R1 | 2016_0_1/117099 vs 2014_2_1/118754 → NON-CLONE
[327/1920] 2026-08-03 23:04:54 | R1 | 2016_0_1/100898 vs 2016_0_4/142083 → NON-CLONE
[328/1920] 2026-08-03 23:04:57 | R1 | 2016_0_1/65647 vs 2016_1_2/21265 → NON-CLONE
[329/1920] 2026-08-03 23:05:02 | R1 | 2016_0_1/134225 vs 2016_1_2/22155 → NON-CLONE
[330/1920] 2026-08-03 23:05:07 | R1 | 2016_0_1/143909 vs 2015_0_1/47939 → NON-CLONE
[331/1920] 2026-08-03 23:05:12 | R1 | 2016_0_1/94639 vs 2016_0_4/135114 → NON-CLONE
[332/1920] 2026-08-03 23:05:16 | R1 | 2016_0_1/88781 vs 2013_0_2/71957 → NON-CLONE
[333/1920] 2026-08-03 23:05:24 | R1 | 2016_0_1/71388 vs 2014_2_1/118754 → NON-CLONE
[334/1920] 2026-08-03 23:05:27 | R1 | 2016_0_1/48618 vs 2015_1_1/124602 → NON-CLONE
[335/1920] 2026-08-03 23:05:37 | R1 | 2016_0_1/39027 vs 2013_0_1/103399 → NON-CLONE
[336/1920] 2026-08-03 23:05:41 | R1 | 2016_0_1/113708 vs 2016_0_4/136626 → NON-CLONE
[337/1920] 2026-08-03 23:05:48 | R1 | 2016_0_4/136626 vs 2015_0_2/81081 → NON-CLONE
[338/1920] 2026-08-03 23:05:54 | R1 | 2016_0_4/125922 vs 2016_1_1/4557 → NON-CLONE
[339/1920] 2026-08-03 23:06:06 | R1 | 2016_0_4/99642 vs 2015_0_3/49764 → NON-CLONE
[340/1920] 2026-08-03 23:06:10 | R1 | 2016_0_4/135114 vs 2016_1_1/15819 → NON-CLONE
[341/1920] 2026-08-03 23:06:15 | R1 | 2016_0_4/90060 vs 2016_1_2/21265 → NON-CLONE
[342/1920] 2026-08-03 23:06:21 | R1 | 2016_0_4/45917 vs 2014_2_1/128920 → NON-CLONE
[343/1920] 2026-08-03 23:06:25 | R1 | 2016_0_4/63570 vs 2014_3_1/138308 → NON-CLONE
[344/1920] 2026-08-03 23:06:32 | R1 | 2016_0_4/158305 vs 2015_0_3/41900 → NON-CLONE
[345/1920] 2026-08-03 23:06:35 | R1 | 2016_0_4/142083 vs 2015_0_1/43660 → NON-CLONE
[346/1920] 2026-08-03 23:06:39 | R1 | 2016_0_4/80717 vs 2013_0_2/91409 → NON-CLONE
[347/1920] 2026-08-03 23:06:48 | R1 | 2016_0_4/139021 vs 2013_0_2/78034 → NON-CLONE
[348/1920] 2026-08-03 23:06:55 | R1 | 2016_0_4/37736 vs 2015_0_3/72742 → NON-CLONE
[349/1920] 2026-08-03 23:07:00 | R1 | 2016_1_1/15819 vs 2013_0_2/85165 → NON-CLONE
[350/1920] 2026-08-03 23:07:04 | R1 | 2016_1_1/28201 vs 2013_0_2/78034 → NON-CLONE
[351/1920] 2026-08-03 23:07:09 | R1 | 2016_1_1/22113 vs 2016_1_2/7956 → NON-CLONE
[352/1920] 2026-08-03 23:07:18 | R1 | 2016_1_1/15421 vs 2016_2_1/193929 → NON-CLONE
[353/1920] 2026-08-03 23:07:23 | R1 | 2016_1_1/31768 vs 2014_2_1/118416 → NON-CLONE
[354/1920] 2026-08-03 23:07:28 | R1 | 2016_1_1/20829 vs 2013_0_2/85165 → NON-CLONE
[355/1920] 2026-08-03 23:07:34 | R1 | 2016_1_1/3308 vs 2016_2_1/186531 → NON-CLONE
[356/1920] 2026-08-03 23:07:39 | R1 | 2016_1_1/33316 vs 2013_0_3/74156 → NON-CLONE
[357/1920] 2026-08-03 23:07:43 | R1 | 2016_1_1/14703 vs 2014_3_1/140281 → NON-CLONE
[358/1920] 2026-08-03 23:07:46 | R1 | 2016_1_1/3735 vs 2013_0_2/85165 → NON-CLONE
[359/1920] 2026-08-03 23:07:51 | R1 | 2016_1_1/18665 vs 2013_0_2/85165 → NON-CLONE
[360/1920] 2026-08-03 23:07:56 | R1 | 2016_1_1/4557 vs 2015_0_1/106809 → NON-CLONE
[361/1920] 2026-08-03 23:08:00 | R1 | 2016_1_2/23627 vs 2016_0_1/88781 → NON-CLONE
[362/1920] 2026-08-03 23:08:06 | R1 | 2016_1_2/26561 vs 2013_1_1/37029 → NON-CLONE
[363/1920] 2026-08-03 23:08:10 | R1 | 2016_1_2/21848 vs 2015_0_2/96440 → NON-CLONE
[364/1920] 2026-08-03 23:08:15 | R1 | 2016_1_2/7905 vs 2013_0_2/44471 → NON-CLONE
[365/1920] 2026-08-03 23:08:19 | R1 | 2016_1_2/22827 vs 2013_0_3/74156 → NON-CLONE
[366/1920] 2026-08-03 23:08:23 | R1 | 2016_1_2/26565 vs 2016_0_1/113708 → NON-CLONE
[367/1920] 2026-08-03 23:08:26 | R1 | 2016_1_2/30453 vs 2016_2_1/193717 → NON-CLONE
[368/1920] 2026-08-03 23:08:35 | R1 | 2016_1_2/14745 vs 2015_0_3/18309 → NON-CLONE
[369/1920] 2026-08-03 23:08:39 | R1 | 2016_1_2/7956 vs 2015_0_2/96440 → NON-CLONE
[370/1920] 2026-08-03 23:08:42 | R1 | 2016_1_2/22155 vs 2014_3_1/139370 → NON-CLONE
[371/1920] 2026-08-03 23:08:52 | R1 | 2016_1_2/21265 vs 2015_0_3/72742 → NON-CLONE
[372/1920] 2026-08-03 23:08:56 | R1 | 2016_1_2/19133 vs 2015_0_1/86599 → NON-CLONE
[373/1920] 2026-08-03 23:09:08 | R1 | 2016_2_1/201276 vs 2015_0_2/81081 → NON-CLONE
[374/1920] 2026-08-03 23:09:12 | R1 | 2016_2_1/180026 vs 2016_0_1/143909 → NON-CLONE
[375/1920] 2026-08-03 23:09:21 | R1 | 2016_2_1/193929 vs 2013_1_1/34507 → NON-CLONE
[376/1920] 2026-08-03 23:09:27 | R1 | 2016_2_1/194349 vs 2015_0_3/103774 → NON-CLONE
[377/1920] 2026-08-03 23:09:33 | R1 | 2016_2_1/186531 vs 2016_1_1/15819 → NON-CLONE
[378/1920] 2026-08-03 23:09:46 | R1 | 2016_2_1/179503 vs 2015_0_3/18309 → NON-CLONE
[379/1920] 2026-08-03 23:10:03 | R1 | 2016_2_1/185295 vs 2013_0_3/108834 → NON-CLONE
[380/1920] 2026-08-03 23:10:09 | R1 | 2016_2_1/196651 vs 2013_0_1/126886 → NON-CLONE
[381/1920] 2026-08-03 23:10:16 | R1 | 2016_2_1/182378 vs 2016_1_1/15819 → NON-CLONE
[382/1920] 2026-08-03 23:10:24 | R1 | 2016_2_1/198100 vs 2013_0_3/51164 → NON-CLONE
[383/1920] 2026-08-03 23:10:38 | R1 | 2016_2_1/193717 vs 2013_0_3/108834 → NON-CLONE
[384/1920] 2026-08-03 23:10:45 | R1 | 2016_2_1/200006 vs 2015_0_1/47939 → NON-CLONE
Round 1 done → results_gcj_crosslang/cogito-v1-preview-llama-8B/results_original_deepcogito__cogito-v1-preview-llama-8B_round1.csv
--- Round 2/5 (0 done, 384 remaining) ---
[385/1920] 2026-08-03 23:10:57 | R2 | 2013_0_1/103399 vs 2013_0_1/99825 → CLONE
[386/1920] 2026-08-03 23:11:05 | R2 | 2013_0_1/99825 vs 2013_0_1/125888 → CLONE
[387/1920] 2026-08-03 23:11:10 | R2 | 2013_0_1/125888 vs 2013_0_1/84842 → CLONE
[388/1920] 2026-08-03 23:11:20 | R2 | 2013_0_1/84842 vs 2013_0_1/103399 → CLONE
[389/1920] 2026-08-03 23:11:32 | R2 | 2013_0_1/49244 vs 2013_0_1/98087 → CLONE
[390/1920] 2026-08-03 23:11:41 | R2 | 2013_0_1/98087 vs 2013_0_1/91336 → CLONE
[391/1920] 2026-08-03 23:11:49 | R2 | 2013_0_1/91336 vs 2013_0_1/102913 → CLONE
[392/1920] 2026-08-03 23:12:01 | R2 | 2013_0_1/102913 vs 2013_0_1/49244 → CLONE
[393/1920] 2026-08-03 23:12:11 | R2 | 2013_0_1/126886 vs 2013_0_1/72071 → CLONE
[394/1920] 2026-08-03 23:12:18 | R2 | 2013_0_1/72071 vs 2013_0_1/70537 → CLONE
[395/1920] 2026-08-03 23:12:25 | R2 | 2013_0_1/70537 vs 2013_0_1/127485 → CLONE
[396/1920] 2026-08-03 23:12:36 | R2 | 2013_0_1/127485 vs 2013_0_1/126886 → CLONE
[397/1920] 2026-08-03 23:12:43 | R2 | 2013_0_2/95524 vs 2013_0_2/83774 → CLONE
[398/1920] 2026-08-03 23:12:47 | R2 | 2013_0_2/83774 vs 2013_0_2/78034 → CLONE
[399/1920] 2026-08-03 23:12:52 | R2 | 2013_0_2/78034 vs 2013_0_2/71957 → CLONE
[400/1920] 2026-08-03 23:12:59 | R2 | 2013_0_2/71957 vs 2013_0_2/95524 → CLONE
[401/1920] 2026-08-03 23:13:05 | R2 | 2013_0_2/44471 vs 2013_0_2/140779 → CLONE
[402/1920] 2026-08-03 23:13:10 | R2 | 2013_0_2/140779 vs 2013_0_2/122219 → CLONE
[403/1920] 2026-08-03 23:13:14 | R2 | 2013_0_2/122219 vs 2013_0_2/96711 → CLONE
[404/1920] 2026-08-03 23:13:21 | R2 | 2013_0_2/96711 vs 2013_0_2/44471 → CLONE
[405/1920] 2026-08-03 23:13:29 | R2 | 2013_0_2/55421 vs 2013_0_2/91409 → CLONE
[406/1920] 2026-08-03 23:13:35 | R2 | 2013_0_2/91409 vs 2013_0_2/85165 → CLONE
[407/1920] 2026-08-03 23:13:41 | R2 | 2013_0_2/85165 vs 2013_0_2/68303 → CLONE
[408/1920] 2026-08-03 23:13:48 | R2 | 2013_0_2/68303 vs 2013_0_2/55421 → CLONE
[409/1920] 2026-08-03 23:14:07 | R2 | 2013_0_3/108834 vs 2013_0_3/102625 → CLONE
[410/1920] 2026-08-03 23:14:13 | R2 | 2013_0_3/102625 vs 2013_0_3/102207 → CLONE
[411/1920] 2026-08-03 23:14:20 | R2 | 2013_0_3/102207 vs 2013_0_3/89287 → CLONE
[412/1920] 2026-08-03 23:14:33 | R2 | 2013_0_3/89287 vs 2013_0_3/108834 → CLONE
[413/1920] 2026-08-03 23:14:41 | R2 | 2013_0_3/59317 vs 2013_0_3/81195 → CLONE
[414/1920] 2026-08-03 23:14:46 | R2 | 2013_0_3/81195 vs 2013_0_3/51164 → CLONE
[415/1920] 2026-08-03 23:14:50 | R2 | 2013_0_3/51164 vs 2013_0_3/92037 → CLONE
[416/1920] 2026-08-03 23:14:56 | R2 | 2013_0_3/92037 vs 2013_0_3/59317 → CLONE
[417/1920] 2026-08-03 23:15:06 | R2 | 2013_0_3/74156 vs 2013_0_3/53348 → CLONE
[418/1920] 2026-08-03 23:15:16 | R2 | 2013_0_3/53348 vs 2013_0_3/70289 → CLONE
[419/1920] 2026-08-03 23:15:22 | R2 | 2013_0_3/70289 vs 2013_0_3/132829 → CLONE
[420/1920] 2026-08-03 23:15:27 | R2 | 2013_0_3/132829 vs 2013_0_3/74156 → CLONE
[421/1920] 2026-08-03 23:15:34 | R2 | 2013_1_1/42047 vs 2013_1_1/28766 → CLONE
[422/1920] 2026-08-03 23:15:39 | R2 | 2013_1_1/28766 vs 2013_1_1/37029 → CLONE
[423/1920] 2026-08-03 23:15:45 | R2 | 2013_1_1/37029 vs 2013_1_1/34507 → CLONE
[424/1920] 2026-08-03 23:15:52 | R2 | 2013_1_1/34507 vs 2013_1_1/42047 → CLONE
[425/1920] 2026-08-03 23:15:57 | R2 | 2013_1_1/30835 vs 2013_1_1/30228 → CLONE
[426/1920] 2026-08-03 23:16:01 | R2 | 2013_1_1/30228 vs 2013_1_1/32497 → CLONE
[427/1920] 2026-08-03 23:16:08 | R2 | 2013_1_1/32497 vs 2013_1_1/39026 → CLONE
[428/1920] 2026-08-03 23:16:13 | R2 | 2013_1_1/39026 vs 2013_1_1/30835 → CLONE
[429/1920] 2026-08-03 23:16:18 | R2 | 2013_1_1/32414 vs 2013_1_1/30618 → CLONE
[430/1920] 2026-08-03 23:16:22 | R2 | 2013_1_1/30618 vs 2013_1_1/30519 → CLONE
[431/1920] 2026-08-03 23:16:26 | R2 | 2013_1_1/30519 vs 2013_1_1/31779 → CLONE
[432/1920] 2026-08-03 23:16:31 | R2 | 2013_1_1/31779 vs 2013_1_1/32414 → CLONE
[433/1920] 2026-08-03 23:16:38 | R2 | 2014_2_1/115757 vs 2014_2_1/131278 → CLONE
[434/1920] 2026-08-03 23:16:44 | R2 | 2014_2_1/131278 vs 2014_2_1/128920 → CLONE
[435/1920] 2026-08-03 23:16:53 | R2 | 2014_2_1/128920 vs 2014_2_1/118754 → CLONE
[436/1920] 2026-08-03 23:17:04 | R2 | 2014_2_1/118754 vs 2014_2_1/115757 → CLONE
[437/1920] 2026-08-03 23:17:12 | R2 | 2014_2_1/129296 vs 2014_2_1/119165 → CLONE
[438/1920] 2026-08-03 23:17:21 | R2 | 2014_2_1/119165 vs 2014_2_1/118416 → CLONE
[439/1920] 2026-08-03 23:17:27 | R2 | 2014_2_1/118416 vs 2014_2_1/116147 → CLONE
[440/1920] 2026-08-03 23:17:34 | R2 | 2014_2_1/116147 vs 2014_2_1/129296 → CLONE
[441/1920] 2026-08-03 23:17:53 | R2 | 2014_2_1/131873 vs 2014_2_1/118489 → CLONE
[442/1920] 2026-08-03 23:18:11 | R2 | 2014_2_1/118489 vs 2014_2_1/121201 → CLONE
[443/1920] 2026-08-03 23:18:18 | R2 | 2014_2_1/121201 vs 2014_2_1/114208 → CLONE
[444/1920] 2026-08-03 23:18:25 | R2 | 2014_2_1/114208 vs 2014_2_1/131873 → CLONE
[445/1920] 2026-08-03 23:18:31 | R2 | 2014_3_1/135560 vs 2014_3_1/138308 → CLONE
[446/1920] 2026-08-03 23:18:37 | R2 | 2014_3_1/138308 vs 2014_3_1/139209 → CLONE
[447/1920] 2026-08-03 23:18:41 | R2 | 2014_3_1/139209 vs 2014_3_1/142092 → CLONE
[448/1920] 2026-08-03 23:18:47 | R2 | 2014_3_1/142092 vs 2014_3_1/135560 → CLONE
[449/1920] 2026-08-03 23:18:52 | R2 | 2014_3_1/138333 vs 2014_3_1/134611 → CLONE
[450/1920] 2026-08-03 23:18:58 | R2 | 2014_3_1/134611 vs 2014_3_1/139370 → CLONE
[451/1920] 2026-08-03 23:19:03 | R2 | 2014_3_1/139370 vs 2014_3_1/134295 → CLONE
[452/1920] 2026-08-03 23:19:07 | R2 | 2014_3_1/134295 vs 2014_3_1/138333 → CLONE
[453/1920] 2026-08-03 23:19:13 | R2 | 2014_3_1/140281 vs 2014_3_1/132142 → CLONE
[454/1920] 2026-08-03 23:19:19 | R2 | 2014_3_1/132142 vs 2014_3_1/143074 → CLONE
[455/1920] 2026-08-03 23:19:23 | R2 | 2014_3_1/143074 vs 2014_3_1/132975 → CLONE
[456/1920] 2026-08-03 23:19:27 | R2 | 2014_3_1/132975 vs 2014_3_1/140281 → CLONE
[457/1920] 2026-08-03 23:19:31 | R2 | 2015_0_1/47939 vs 2015_0_1/44230 → CLONE
[458/1920] 2026-08-03 23:19:35 | R2 | 2015_0_1/44230 vs 2015_0_1/106809 → CLONE
[459/1920] 2026-08-03 23:19:39 | R2 | 2015_0_1/106809 vs 2015_0_1/25955 → CLONE
[460/1920] 2026-08-03 23:19:44 | R2 | 2015_0_1/25955 vs 2015_0_1/47939 → CLONE
[461/1920] 2026-08-03 23:19:50 | R2 | 2015_0_1/43660 vs 2015_0_1/64620 → CLONE
[462/1920] 2026-08-03 23:19:55 | R2 | 2015_0_1/64620 vs 2015_0_1/86599 → CLONE
[463/1920] 2026-08-03 23:20:01 | R2 | 2015_0_1/86599 vs 2015_0_1/28465 → CLONE
[464/1920] 2026-08-03 23:20:06 | R2 | 2015_0_1/28465 vs 2015_0_1/43660 → CLONE
[465/1920] 2026-08-03 23:20:10 | R2 | 2015_0_1/100718 vs 2015_0_1/65110 → CLONE
[466/1920] 2026-08-03 23:20:13 | R2 | 2015_0_1/65110 vs 2015_0_1/60803 → CLONE
[467/1920] 2026-08-03 23:20:17 | R2 | 2015_0_1/60803 vs 2015_0_1/96593 → CLONE
[468/1920] 2026-08-03 23:20:22 | R2 | 2015_0_1/96593 vs 2015_0_1/100718 → CLONE
[469/1920] 2026-08-03 23:20:28 | R2 | 2015_0_2/91000 vs 2015_0_2/96440 → CLONE
[470/1920] 2026-08-03 23:20:32 | R2 | 2015_0_2/96440 vs 2015_0_2/36519 → CLONE
[471/1920] 2026-08-03 23:20:37 | R2 | 2015_0_2/36519 vs 2015_0_2/103402 → CLONE
[472/1920] 2026-08-03 23:20:42 | R2 | 2015_0_2/103402 vs 2015_0_2/91000 → CLONE
[473/1920] 2026-08-03 23:20:46 | R2 | 2015_0_2/21812 vs 2015_0_2/88257 → CLONE
[474/1920] 2026-08-03 23:20:55 | R2 | 2015_0_2/88257 vs 2015_0_2/81081 → CLONE
[475/1920] 2026-08-03 23:21:03 | R2 | 2015_0_2/81081 vs 2015_0_2/102321 → CLONE
[476/1920] 2026-08-03 23:21:08 | R2 | 2015_0_2/102321 vs 2015_0_2/21812 → CLONE
[477/1920] 2026-08-03 23:21:13 | R2 | 2015_0_2/40957 vs 2015_0_2/38840 → CLONE
[478/1920] 2026-08-03 23:21:18 | R2 | 2015_0_2/38840 vs 2015_0_2/100159 → CLONE
[479/1920] 2026-08-03 23:21:22 | R2 | 2015_0_2/100159 vs 2015_0_2/55775 → CLONE
[480/1920] 2026-08-03 23:21:26 | R2 | 2015_0_2/55775 vs 2015_0_2/40957 → CLONE
[481/1920] 2026-08-03 23:21:39 | R2 | 2015_0_3/42051 vs 2015_0_3/41900 → CLONE
[482/1920] 2026-08-03 23:21:48 | R2 | 2015_0_3/41900 vs 2015_0_3/103585 → CLONE
[483/1920] 2026-08-03 23:21:56 | R2 | 2015_0_3/103585 vs 2015_0_3/19800 → CLONE
[484/1920] 2026-08-03 23:22:07 | R2 | 2015_0_3/19800 vs 2015_0_3/42051 → CLONE
[485/1920] 2026-08-03 23:22:21 | R2 | 2015_0_3/47513 vs 2015_0_3/49764 → CLONE
[486/1920] 2026-08-03 23:22:33 | R2 | 2015_0_3/49764 vs 2015_0_3/103774 → CLONE
[487/1920] 2026-08-03 23:22:42 | R2 | 2015_0_3/103774 vs 2015_0_3/102323 → CLONE
[488/1920] 2026-08-03 23:22:54 | R2 | 2015_0_3/102323 vs 2015_0_3/47513 → CLONE
[489/1920] 2026-08-03 23:23:08 | R2 | 2015_0_3/96608 vs 2015_0_3/23036 → CLONE
[490/1920] 2026-08-03 23:23:19 | R2 | 2015_0_3/23036 vs 2015_0_3/72742 → CLONE
[491/1920] 2026-08-03 23:23:35 | R2 | 2015_0_3/72742 vs 2015_0_3/18309 → CLONE
[492/1920] 2026-08-03 23:23:56 | R2 | 2015_0_3/18309 vs 2015_0_3/96608 → CLONE
[493/1920] 2026-08-03 23:24:02 | R2 | 2015_0_4/86262 vs 2015_0_4/63026 → CLONE
[494/1920] 2026-08-03 23:24:07 | R2 | 2015_0_4/63026 vs 2015_0_4/57828 → CLONE
[495/1920] 2026-08-03 23:24:12 | R2 | 2015_0_4/57828 vs 2015_0_4/68310 → CLONE
[496/1920] 2026-08-03 23:24:19 | R2 | 2015_0_4/68310 vs 2015_0_4/86262 → CLONE
[497/1920] 2026-08-03 23:24:23 | R2 | 2015_0_4/30398 vs 2015_0_4/86932 → CLONE
[498/1920] 2026-08-03 23:24:28 | R2 | 2015_0_4/86932 vs 2015_0_4/94256 → CLONE
[499/1920] 2026-08-03 23:24:37 | R2 | 2015_0_4/94256 vs 2015_0_4/19708 → CLONE
[500/1920] 2026-08-03 23:24:47 | R2 | 2015_0_4/19708 vs 2015_0_4/30398 → CLONE
[501/1920] 2026-08-03 23:24:51 | R2 | 2015_0_4/29877 vs 2015_0_4/60776 → CLONE
[502/1920] 2026-08-03 23:24:56 | R2 | 2015_0_4/60776 vs 2015_0_4/74018 → CLONE
[503/1920] 2026-08-03 23:25:00 | R2 | 2015_0_4/74018 vs 2015_0_4/78114 → CLONE
[504/1920] 2026-08-03 23:25:06 | R2 | 2015_0_4/78114 vs 2015_0_4/29877 → CLONE
[505/1920] 2026-08-03 23:25:16 | R2 | 2015_1_1/112276 vs 2015_1_1/111086 → CLONE
[506/1920] 2026-08-03 23:25:22 | R2 | 2015_1_1/111086 vs 2015_1_1/117734 → CLONE
[507/1920] 2026-08-03 23:25:27 | R2 | 2015_1_1/117734 vs 2015_1_1/122934 → CLONE
[508/1920] 2026-08-03 23:25:32 | R2 | 2015_1_1/122934 vs 2015_1_1/112276 → CLONE
[509/1920] 2026-08-03 23:25:39 | R2 | 2015_1_1/118030 vs 2015_1_1/122263 → CLONE
[510/1920] 2026-08-03 23:25:44 | R2 | 2015_1_1/122263 vs 2015_1_1/124602 → CLONE
[511/1920] 2026-08-03 23:25:48 | R2 | 2015_1_1/124602 vs 2015_1_1/111264 → CLONE
[512/1920] 2026-08-03 23:25:54 | R2 | 2015_1_1/111264 vs 2015_1_1/118030 → CLONE
[513/1920] 2026-08-03 23:26:00 | R2 | 2015_1_1/112898 vs 2015_1_1/111866 → CLONE
[514/1920] 2026-08-03 23:26:04 | R2 | 2015_1_1/111866 vs 2015_1_1/111647 → CLONE
[515/1920] 2026-08-03 23:26:09 | R2 | 2015_1_1/111647 vs 2015_1_1/121770 → CLONE
[516/1920] 2026-08-03 23:26:15 | R2 | 2015_1_1/121770 vs 2015_1_1/112898 → CLONE
[517/1920] 2026-08-03 23:26:20 | R2 | 2016_0_1/76319 vs 2016_0_1/65647 → CLONE
[518/1920] 2026-08-03 23:26:25 | R2 | 2016_0_1/65647 vs 2016_0_1/94639 → CLONE
[519/1920] 2026-08-03 23:26:30 | R2 | 2016_0_1/94639 vs 2016_0_1/48618 → CLONE
[520/1920] 2026-08-03 23:26:34 | R2 | 2016_0_1/48618 vs 2016_0_1/76319 → CLONE
[521/1920] 2026-08-03 23:26:39 | R2 | 2016_0_1/117099 vs 2016_0_1/134225 → CLONE
[522/1920] 2026-08-03 23:26:43 | R2 | 2016_0_1/134225 vs 2016_0_1/88781 → CLONE
[523/1920] 2026-08-03 23:26:49 | R2 | 2016_0_1/88781 vs 2016_0_1/39027 → CLONE
[524/1920] 2026-08-03 23:26:54 | R2 | 2016_0_1/39027 vs 2016_0_1/117099 → CLONE
[525/1920] 2026-08-03 23:26:58 | R2 | 2016_0_1/100898 vs 2016_0_1/143909 → CLONE
[526/1920] 2026-08-03 23:27:02 | R2 | 2016_0_1/143909 vs 2016_0_1/71388 → CLONE
[527/1920] 2026-08-03 23:27:05 | R2 | 2016_0_1/71388 vs 2016_0_1/113708 → CLONE
[528/1920] 2026-08-03 23:27:09 | R2 | 2016_0_1/113708 vs 2016_0_1/100898 → CLONE
[529/1920] 2026-08-03 23:27:16 | R2 | 2016_0_4/136626 vs 2016_0_4/135114 → CLONE
[530/1920] 2026-08-03 23:27:21 | R2 | 2016_0_4/135114 vs 2016_0_4/63570 → CLONE
[531/1920] 2026-08-03 23:27:26 | R2 | 2016_0_4/63570 vs 2016_0_4/80717 → CLONE
[532/1920] 2026-08-03 23:27:32 | R2 | 2016_0_4/80717 vs 2016_0_4/136626 → CLONE
[533/1920] 2026-08-03 23:27:38 | R2 | 2016_0_4/125922 vs 2016_0_4/90060 → CLONE
[534/1920] 2026-08-03 23:27:44 | R2 | 2016_0_4/90060 vs 2016_0_4/158305 → CLONE
[535/1920] 2026-08-03 23:27:53 | R2 | 2016_0_4/158305 vs 2016_0_4/139021 → CLONE
[536/1920] 2026-08-03 23:28:02 | R2 | 2016_0_4/139021 vs 2016_0_4/125922 → CLONE
[537/1920] 2026-08-03 23:28:12 | R2 | 2016_0_4/99642 vs 2016_0_4/45917 → CLONE
[538/1920] 2026-08-03 23:28:19 | R2 | 2016_0_4/45917 vs 2016_0_4/142083 → CLONE
[539/1920] 2026-08-03 23:28:24 | R2 | 2016_0_4/142083 vs 2016_0_4/37736 → CLONE
[540/1920] 2026-08-03 23:28:31 | R2 | 2016_0_4/37736 vs 2016_0_4/99642 → CLONE
[541/1920] 2026-08-03 23:28:36 | R2 | 2016_1_1/15819 vs 2016_1_1/15421 → CLONE
[542/1920] 2026-08-03 23:28:40 | R2 | 2016_1_1/15421 vs 2016_1_1/3308 → CLONE
[543/1920] 2026-08-03 23:28:44 | R2 | 2016_1_1/3308 vs 2016_1_1/3735 → CLONE
[544/1920] 2026-08-03 23:28:48 | R2 | 2016_1_1/3735 vs 2016_1_1/15819 → CLONE
[545/1920] 2026-08-03 23:28:53 | R2 | 2016_1_1/28201 vs 2016_1_1/31768 → CLONE
[546/1920] 2026-08-03 23:28:58 | R2 | 2016_1_1/31768 vs 2016_1_1/33316 → CLONE
[547/1920] 2026-08-03 23:29:03 | R2 | 2016_1_1/33316 vs 2016_1_1/18665 → CLONE
[548/1920] 2026-08-03 23:29:09 | R2 | 2016_1_1/18665 vs 2016_1_1/28201 → CLONE
[549/1920] 2026-08-03 23:29:14 | R2 | 2016_1_1/22113 vs 2016_1_1/20829 → CLONE
[550/1920] 2026-08-03 23:29:18 | R2 | 2016_1_1/20829 vs 2016_1_1/14703 → CLONE
[551/1920] 2026-08-03 23:29:22 | R2 | 2016_1_1/14703 vs 2016_1_1/4557 → CLONE
[552/1920] 2026-08-03 23:29:27 | R2 | 2016_1_1/4557 vs 2016_1_1/22113 → CLONE
[553/1920] 2026-08-03 23:29:32 | R2 | 2016_1_2/23627 vs 2016_1_2/7905 → CLONE
[554/1920] 2026-08-03 23:29:35 | R2 | 2016_1_2/7905 vs 2016_1_2/30453 → CLONE
[555/1920] 2026-08-03 23:29:38 | R2 | 2016_1_2/30453 vs 2016_1_2/22155 → CLONE
[556/1920] 2026-08-03 23:29:43 | R2 | 2016_1_2/22155 vs 2016_1_2/23627 → CLONE
[557/1920] 2026-08-03 23:29:48 | R2 | 2016_1_2/26561 vs 2016_1_2/22827 → CLONE
[558/1920] 2026-08-03 23:29:52 | R2 | 2016_1_2/22827 vs 2016_1_2/14745 → CLONE
[559/1920] 2026-08-03 23:29:56 | R2 | 2016_1_2/14745 vs 2016_1_2/21265 → CLONE
[560/1920] 2026-08-03 23:30:02 | R2 | 2016_1_2/21265 vs 2016_1_2/26561 → CLONE
[561/1920] 2026-08-03 23:30:06 | R2 | 2016_1_2/21848 vs 2016_1_2/26565 → CLONE
[562/1920] 2026-08-03 23:30:11 | R2 | 2016_1_2/26565 vs 2016_1_2/7956 → CLONE
[563/1920] 2026-08-03 23:30:15 | R2 | 2016_1_2/7956 vs 2016_1_2/19133 → CLONE
[564/1920] 2026-08-03 23:30:20 | R2 | 2016_1_2/19133 vs 2016_1_2/21848 → CLONE
[565/1920] 2026-08-03 23:30:29 | R2 | 2016_2_1/201276 vs 2016_2_1/194349 → CLONE
[566/1920] 2026-08-03 23:30:36 | R2 | 2016_2_1/194349 vs 2016_2_1/185295 → CLONE
[567/1920] 2026-08-03 23:30:48 | R2 | 2016_2_1/185295 vs 2016_2_1/198100 → CLONE
[568/1920] 2026-08-03 23:31:04 | R2 | 2016_2_1/198100 vs 2016_2_1/201276 → CLONE
[569/1920] 2026-08-03 23:31:11 | R2 | 2016_2_1/180026 vs 2016_2_1/186531 → CLONE
[570/1920] 2026-08-03 23:31:16 | R2 | 2016_2_1/186531 vs 2016_2_1/196651 → CLONE
[571/1920] 2026-08-03 23:31:20 | R2 | 2016_2_1/196651 vs 2016_2_1/193717 → CLONE
[572/1920] 2026-08-03 23:31:26 | R2 | 2016_2_1/193717 vs 2016_2_1/180026 → CLONE
[573/1920] 2026-08-03 23:31:37 | R2 | 2016_2_1/193929 vs 2016_2_1/179503 → CLONE
[574/1920] 2026-08-03 23:31:46 | R2 | 2016_2_1/179503 vs 2016_2_1/182378 → CLONE
[575/1920] 2026-08-03 23:31:56 | R2 | 2016_2_1/182378 vs 2016_2_1/200006 → CLONE
[576/1920] 2026-08-03 23:32:10 | R2 | 2016_2_1/200006 vs 2016_2_1/193929 → CLONE
[577/1920] 2026-08-03 23:32:20 | R2 | 2013_0_1/103399 vs 2015_0_2/96440 → NON-CLONE
[578/1920] 2026-08-03 23:32:30 | R2 | 2013_0_1/49244 vs 2016_2_1/186531 → NON-CLONE
[579/1920] 2026-08-03 23:32:40 | R2 | 2013_0_1/126886 vs 2016_0_4/45917 → NON-CLONE
[580/1920] 2026-08-03 23:32:47 | R2 | 2013_0_1/99825 vs 2016_1_2/23627 → NON-CLONE
[581/1920] 2026-08-03 23:32:56 | R2 | 2013_0_1/98087 vs 2014_3_1/135560 → NON-CLONE
[582/1920] 2026-08-03 23:33:05 | R2 | 2013_0_1/72071 vs 2015_0_3/103774 → NON-CLONE
[583/1920] 2026-08-03 23:33:11 | R2 | 2013_0_1/125888 vs 2014_2_1/114208 → NON-CLONE
[584/1920] 2026-08-03 23:33:18 | R2 | 2013_0_1/91336 vs 2015_0_3/42051 → NON-CLONE
[585/1920] 2026-08-03 23:33:28 | R2 | 2013_0_1/70537 vs 2015_0_3/49764 → NON-CLONE
[586/1920] 2026-08-03 23:33:34 | R2 | 2013_0_1/84842 vs 2016_1_1/28201 → NON-CLONE
[587/1920] 2026-08-03 23:33:42 | R2 | 2013_0_1/102913 vs 2016_0_4/135114 → NON-CLONE
[588/1920] 2026-08-03 23:33:49 | R2 | 2013_0_1/127485 vs 2016_0_1/100898 → NON-CLONE
[589/1920] 2026-08-03 23:33:53 | R2 | 2013_0_2/95524 vs 2015_0_2/38840 → NON-CLONE
[590/1920] 2026-08-03 23:34:01 | R2 | 2013_0_2/44471 vs 2014_2_1/114208 → NON-CLONE
[591/1920] 2026-08-03 23:34:07 | R2 | 2013_0_2/55421 vs 2016_2_1/196651 → NON-CLONE
[592/1920] 2026-08-03 23:34:14 | R2 | 2013_0_2/83774 vs 2016_2_1/201276 → NON-CLONE
[593/1920] 2026-08-03 23:34:17 | R2 | 2013_0_2/140779 vs 2013_1_1/30519 → NON-CLONE
[594/1920] 2026-08-03 23:34:23 | R2 | 2013_0_2/91409 vs 2013_0_3/102207 → NON-CLONE
[595/1920] 2026-08-03 23:34:29 | R2 | 2013_0_2/78034 vs 2014_2_1/129296 → NON-CLONE
[596/1920] 2026-08-03 23:34:34 | R2 | 2013_0_2/122219 vs 2014_3_1/138308 → NON-CLONE
[597/1920] 2026-08-03 23:34:39 | R2 | 2013_0_2/85165 vs 2014_3_1/134611 → NON-CLONE
[598/1920] 2026-08-03 23:34:44 | R2 | 2013_0_2/71957 vs 2016_1_1/15819 → NON-CLONE
[599/1920] 2026-08-03 23:34:48 | R2 | 2013_0_2/96711 vs 2013_0_3/51164 → NON-CLONE
[600/1920] 2026-08-03 23:34:52 | R2 | 2013_0_2/68303 vs 2016_0_1/71388 → NON-CLONE
[601/1920] 2026-08-03 23:35:08 | R2 | 2013_0_3/108834 vs 2016_0_1/39027 → NON-CLONE
[602/1920] 2026-08-03 23:35:13 | R2 | 2013_0_3/59317 vs 2016_1_2/26565 → NON-CLONE
[603/1920] 2026-08-03 23:35:21 | R2 | 2013_0_3/74156 vs 2015_0_3/49764 → NON-CLONE
[604/1920] 2026-08-03 23:35:29 | R2 | 2013_0_3/102625 vs 2013_0_1/126886 → NON-CLONE
[605/1920] 2026-08-03 23:35:37 | R2 | 2013_0_3/81195 vs 2014_2_1/131873 → NON-CLONE
[606/1920] 2026-08-03 23:35:50 | R2 | 2013_0_3/53348 vs 2015_0_3/72742 → NON-CLONE
[607/1920] 2026-08-03 23:35:54 | R2 | 2013_0_3/102207 vs 2015_1_1/122934 → NON-CLONE
[608/1920] 2026-08-03 23:36:00 | R2 | 2013_0_3/51164 vs 2014_2_1/129296 → NON-CLONE
[609/1920] 2026-08-03 23:36:04 | R2 | 2013_0_3/70289 vs 2015_0_4/63026 → NON-CLONE
[610/1920] 2026-08-03 23:36:09 | R2 | 2013_0_3/89287 vs 2016_1_1/15421 → NON-CLONE
[611/1920] 2026-08-03 23:36:13 | R2 | 2013_0_3/92037 vs 2014_3_1/134611 → NON-CLONE
[612/1920] 2026-08-03 23:36:17 | R2 | 2013_0_3/132829 vs 2016_1_1/14703 → NON-CLONE
[613/1920] 2026-08-03 23:36:25 | R2 | 2013_1_1/42047 vs 2013_0_1/99825 → NON-CLONE
[614/1920] 2026-08-03 23:36:31 | R2 | 2013_1_1/30835 vs 2015_0_3/103774 → NON-CLONE
[615/1920] 2026-08-03 23:36:35 | R2 | 2013_1_1/32414 vs 2016_2_1/179503 → NON-CLONE
[616/1920] 2026-08-03 23:36:39 | R2 | 2013_1_1/28766 vs 2015_0_1/47939 → NON-CLONE
[617/1920] 2026-08-03 23:36:44 | R2 | 2013_1_1/30228 vs 2016_2_1/185295 → NON-CLONE
[618/1920] 2026-08-03 23:36:49 | R2 | 2013_1_1/30618 vs 2014_2_1/115757 → NON-CLONE
[619/1920] 2026-08-03 23:36:53 | R2 | 2013_1_1/37029 vs 2015_0_4/86932 → NON-CLONE
[620/1920] 2026-08-03 23:36:58 | R2 | 2013_1_1/32497 vs 2016_2_1/194349 → NON-CLONE
[621/1920] 2026-08-03 23:37:03 | R2 | 2013_1_1/30519 vs 2015_0_1/65110 → NON-CLONE
[622/1920] 2026-08-03 23:37:08 | R2 | 2013_1_1/34507 vs 2014_3_1/138308 → NON-CLONE
[623/1920] 2026-08-03 23:37:13 | R2 | 2013_1_1/39026 vs 2016_0_1/143909 → NON-CLONE
[624/1920] 2026-08-03 23:37:19 | R2 | 2013_1_1/31779 vs 2014_3_1/132142 → NON-CLONE
[625/1920] 2026-08-03 23:37:27 | R2 | 2014_2_1/115757 vs 2013_0_1/99825 → NON-CLONE
[626/1920] 2026-08-03 23:37:34 | R2 | 2014_2_1/129296 vs 2015_1_1/122263 → NON-CLONE
[627/1920] 2026-08-03 23:37:39 | R2 | 2014_2_1/131873 vs 2016_1_2/19133 → NON-CLONE
[628/1920] 2026-08-03 23:37:44 | R2 | 2014_2_1/131278 vs 2013_0_1/91336 → NON-CLONE
[629/1920] 2026-08-03 23:37:48 | R2 | 2014_2_1/119165 vs 2013_1_1/30835 → NON-CLONE
[630/1920] 2026-08-03 23:38:04 | R2 | 2014_2_1/118489 vs 2016_0_1/100898 → NON-CLONE
[631/1920] 2026-08-03 23:38:09 | R2 | 2014_2_1/128920 vs 2015_0_4/68310 → NON-CLONE
[632/1920] 2026-08-03 23:38:13 | R2 | 2014_2_1/118416 vs 2015_0_2/102321 → NON-CLONE
[633/1920] 2026-08-03 23:38:19 | R2 | 2014_2_1/121201 vs 2013_0_2/91409 → NON-CLONE
[634/1920] 2026-08-03 23:38:33 | R2 | 2014_2_1/118754 vs 2015_0_2/81081 → NON-CLONE
[635/1920] 2026-08-03 23:38:37 | R2 | 2014_2_1/116147 vs 2013_0_3/74156 → NON-CLONE
[636/1920] 2026-08-03 23:38:45 | R2 | 2014_2_1/114208 vs 2013_0_3/102625 → NON-CLONE
[637/1920] 2026-08-03 23:38:49 | R2 | 2014_3_1/135560 vs 2016_1_2/21265 → NON-CLONE
[638/1920] 2026-08-03 23:38:54 | R2 | 2014_3_1/138333 vs 2013_0_2/68303 → NON-CLONE
[639/1920] 2026-08-03 23:38:59 | R2 | 2014_3_1/140281 vs 2013_1_1/30519 → NON-CLONE
[640/1920] 2026-08-03 23:39:04 | R2 | 2014_3_1/138308 vs 2013_1_1/30519 → NON-CLONE
[641/1920] 2026-08-03 23:39:09 | R2 | 2014_3_1/134611 vs 2016_1_2/14745 → NON-CLONE
[642/1920] 2026-08-03 23:39:19 | R2 | 2014_3_1/132142 vs 2014_2_1/118754 → NON-CLONE
[643/1920] 2026-08-03 23:39:26 | R2 | 2014_3_1/139209 vs 2015_0_3/49764 → NON-CLONE
[644/1920] 2026-08-03 23:39:32 | R2 | 2014_3_1/139370 vs 2016_1_1/15819 → NON-CLONE
[645/1920] 2026-08-03 23:39:35 | R2 | 2014_3_1/143074 vs 2015_0_2/91000 → NON-CLONE
[646/1920] 2026-08-03 23:39:37 | R2 | 2014_3_1/142092 vs 2015_0_1/106809 → NON-CLONE
[647/1920] 2026-08-03 23:39:42 | R2 | 2014_3_1/134295 vs 2015_0_4/94256 → NON-CLONE
[648/1920] 2026-08-03 23:39:46 | R2 | 2014_3_1/132975 vs 2016_0_4/135114 → NON-CLONE
[649/1920] 2026-08-03 23:39:50 | R2 | 2015_0_1/47939 vs 2016_0_1/71388 → NON-CLONE
[650/1920] 2026-08-03 23:39:55 | R2 | 2015_0_1/43660 vs 2016_1_1/33316 → NON-CLONE
[651/1920] 2026-08-03 23:40:06 | R2 | 2015_0_1/100718 vs 2016_2_1/198100 → NON-CLONE
[652/1920] 2026-08-03 23:40:10 | R2 | 2015_0_1/44230 vs 2016_1_1/18665 → NON-CLONE
[653/1920] 2026-08-03 23:40:16 | R2 | 2015_0_1/64620 vs 2013_1_1/37029 → NON-CLONE
[654/1920] 2026-08-03 23:40:24 | R2 | 2015_0_1/65110 vs 2015_0_3/42051 → NON-CLONE
[655/1920] 2026-08-03 23:40:29 | R2 | 2015_0_1/106809 vs 2015_0_2/96440 → NON-CLONE
[656/1920] 2026-08-03 23:40:32 | R2 | 2015_0_1/86599 vs 2013_0_2/96711 → NON-CLONE
[657/1920] 2026-08-03 23:40:37 | R2 | 2015_0_1/60803 vs 2015_1_1/111866 → NON-CLONE
[658/1920] 2026-08-03 23:40:41 | R2 | 2015_0_1/25955 vs 2013_0_1/72071 → NON-CLONE
[659/1920] 2026-08-03 23:40:47 | R2 | 2015_0_1/28465 vs 2015_0_2/88257 → NON-CLONE
[660/1920] 2026-08-03 23:40:54 | R2 | 2015_0_1/96593 vs 2015_0_2/40957 → NON-CLONE
[661/1920] 2026-08-03 23:41:00 | R2 | 2015_0_2/91000 vs 2013_0_1/98087 → NON-CLONE
[662/1920] 2026-08-03 23:41:07 | R2 | 2015_0_2/21812 vs 2013_0_3/102625 → NON-CLONE
[663/1920] 2026-08-03 23:41:13 | R2 | 2015_0_2/40957 vs 2013_0_2/71957 → NON-CLONE
[664/1920] 2026-08-03 23:41:17 | R2 | 2015_0_2/96440 vs 2015_0_1/86599 → NON-CLONE
[665/1920] 2026-08-03 23:41:20 | R2 | 2015_0_2/88257 vs 2013_0_2/68303 → NON-CLONE
[666/1920] 2026-08-03 23:41:27 | R2 | 2015_0_2/38840 vs 2013_0_1/127485 → NON-CLONE
[667/1920] 2026-08-03 23:41:33 | R2 | 2015_0_2/36519 vs 2015_1_1/111086 → NON-CLONE
[668/1920] 2026-08-03 23:41:47 | R2 | 2015_0_2/81081 vs 2013_0_3/108834 → NON-CLONE
[669/1920] 2026-08-03 23:41:50 | R2 | 2015_0_2/100159 vs 2016_2_1/179503 → NON-CLONE
[670/1920] 2026-08-03 23:41:53 | R2 | 2015_0_2/103402 vs 2015_0_1/106809 → NON-CLONE
[671/1920] 2026-08-03 23:42:02 | R2 | 2015_0_2/102321 vs 2015_0_3/72742 → NON-CLONE
[672/1920] 2026-08-03 23:42:06 | R2 | 2015_0_2/55775 vs 2016_1_2/14745 → NON-CLONE
[673/1920] 2026-08-03 23:42:12 | R2 | 2015_0_3/42051 vs 2015_0_1/44230 → NON-CLONE
[674/1920] 2026-08-03 23:42:19 | R2 | 2015_0_3/47513 vs 2013_1_1/34507 → NON-CLONE
[675/1920] 2026-08-03 23:42:29 | R2 | 2015_0_3/96608 vs 2016_1_2/14745 → NON-CLONE
[676/1920] 2026-08-03 23:42:37 | R2 | 2015_0_3/41900 vs 2015_0_1/96593 → NON-CLONE
[677/1920] 2026-08-03 23:42:45 | R2 | 2015_0_3/49764 vs 2016_1_2/14745 → NON-CLONE
[678/1920] 2026-08-03 23:42:51 | R2 | 2015_0_3/23036 vs 2016_0_4/142083 → NON-CLONE
[679/1920] 2026-08-03 23:42:56 | R2 | 2015_0_3/103585 vs 2014_3_1/138308 → NON-CLONE
[680/1920] 2026-08-03 23:43:01 | R2 | 2015_0_3/103774 vs 2013_0_3/89287 → NON-CLONE
[681/1920] 2026-08-03 23:43:10 | R2 | 2015_0_3/72742 vs 2013_0_3/89287 → NON-CLONE
[682/1920] 2026-08-03 23:43:15 | R2 | 2015_0_3/19800 vs 2016_1_1/22113 → NON-CLONE
[683/1920] 2026-08-03 23:43:23 | R2 | 2015_0_3/102323 vs 2016_0_1/76319 → NON-CLONE
[684/1920] 2026-08-03 23:43:34 | R2 | 2015_0_3/18309 vs 2016_1_1/15819 → NON-CLONE
[685/1920] 2026-08-03 23:43:40 | R2 | 2015_0_4/86262 vs 2016_0_4/80717 → NON-CLONE
[686/1920] 2026-08-03 23:43:46 | R2 | 2015_0_4/30398 vs 2016_1_2/26565 → NON-CLONE
[687/1920] 2026-08-03 23:43:49 | R2 | 2015_0_4/29877 vs 2013_0_2/122219 → NON-CLONE
[688/1920] 2026-08-03 23:43:54 | R2 | 2015_0_4/63026 vs 2013_0_3/92037 → NON-CLONE
[689/1920] 2026-08-03 23:44:00 | R2 | 2015_0_4/86932 vs 2013_0_2/71957 → NON-CLONE
[690/1920] 2026-08-03 23:44:04 | R2 | 2015_0_4/60776 vs 2016_0_4/158305 → NON-CLONE
[691/1920] 2026-08-03 23:44:08 | R2 | 2015_0_4/57828 vs 2015_1_1/111866 → NON-CLONE
[692/1920] 2026-08-03 23:44:13 | R2 | 2015_0_4/94256 vs 2013_1_1/42047 → NON-CLONE
[693/1920] 2026-08-03 23:44:17 | R2 | 2015_0_4/74018 vs 2015_0_2/91000 → NON-CLONE
[694/1920] 2026-08-03 23:44:23 | R2 | 2015_0_4/68310 vs 2014_3_1/134611 → NON-CLONE
[695/1920] 2026-08-03 23:44:31 | R2 | 2015_0_4/19708 vs 2014_3_1/138308 → NON-CLONE
[696/1920] 2026-08-03 23:44:36 | R2 | 2015_0_4/78114 vs 2016_1_1/3308 → NON-CLONE
[697/1920] 2026-08-03 23:44:41 | R2 | 2015_1_1/112276 vs 2013_1_1/31779 → NON-CLONE
[698/1920] 2026-08-03 23:44:47 | R2 | 2015_1_1/118030 vs 2016_1_1/15421 → NON-CLONE
[699/1920] 2026-08-03 23:44:53 | R2 | 2015_1_1/112898 vs 2014_3_1/134611 → NON-CLONE
[700/1920] 2026-08-03 23:45:01 | R2 | 2015_1_1/111086 vs 2015_0_2/55775 → NON-CLONE
[701/1920] 2026-08-03 23:45:08 | R2 | 2015_1_1/122263 vs 2016_1_2/26561 → NON-CLONE
[702/1920] 2026-08-03 23:45:13 | R2 | 2015_1_1/111866 vs 2015_0_2/91000 → NON-CLONE
[703/1920] 2026-08-03 23:45:18 | R2 | 2015_1_1/117734 vs 2013_0_3/59317 → NON-CLONE
[704/1920] 2026-08-03 23:45:22 | R2 | 2015_1_1/124602 vs 2016_1_1/20829 → NON-CLONE
[705/1920] 2026-08-03 23:45:26 | R2 | 2015_1_1/111647 vs 2013_0_3/92037 → NON-CLONE
[706/1920] 2026-08-03 23:45:29 | R2 | 2015_1_1/122934 vs 2013_0_2/83774 → NON-CLONE
[707/1920] 2026-08-03 23:45:36 | R2 | 2015_1_1/111264 vs 2013_0_1/99825 → NON-CLONE
[708/1920] 2026-08-03 23:45:47 | R2 | 2015_1_1/121770 vs 2013_0_3/53348 → NON-CLONE
[709/1920] 2026-08-03 23:45:52 | R2 | 2016_0_1/76319 vs 2015_0_1/25955 → NON-CLONE
[710/1920] 2026-08-03 23:46:02 | R2 | 2016_0_1/117099 vs 2014_2_1/118754 → NON-CLONE
[711/1920] 2026-08-03 23:46:05 | R2 | 2016_0_1/100898 vs 2016_0_4/142083 → NON-CLONE
[712/1920] 2026-08-03 23:46:09 | R2 | 2016_0_1/65647 vs 2016_1_2/21265 → NON-CLONE
[713/1920] 2026-08-03 23:46:14 | R2 | 2016_0_1/134225 vs 2016_1_2/22155 → NON-CLONE
[714/1920] 2026-08-03 23:46:18 | R2 | 2016_0_1/143909 vs 2015_0_1/47939 → NON-CLONE
[715/1920] 2026-08-03 23:46:24 | R2 | 2016_0_1/94639 vs 2016_0_4/135114 → NON-CLONE
[716/1920] 2026-08-03 23:46:29 | R2 | 2016_0_1/88781 vs 2013_0_2/71957 → NON-CLONE
[717/1920] 2026-08-03 23:46:36 | R2 | 2016_0_1/71388 vs 2014_2_1/118754 → NON-CLONE
[718/1920] 2026-08-03 23:46:39 | R2 | 2016_0_1/48618 vs 2015_1_1/124602 → NON-CLONE
[719/1920] 2026-08-03 23:46:50 | R2 | 2016_0_1/39027 vs 2013_0_1/103399 → NON-CLONE
[720/1920] 2026-08-03 23:46:54 | R2 | 2016_0_1/113708 vs 2016_0_4/136626 → NON-CLONE
[721/1920] 2026-08-03 23:47:01 | R2 | 2016_0_4/136626 vs 2015_0_2/81081 → NON-CLONE
[722/1920] 2026-08-03 23:47:07 | R2 | 2016_0_4/125922 vs 2016_1_1/4557 → NON-CLONE
[723/1920] 2026-08-03 23:47:19 | R2 | 2016_0_4/99642 vs 2015_0_3/49764 → NON-CLONE
[724/1920] 2026-08-03 23:47:23 | R2 | 2016_0_4/135114 vs 2016_1_1/15819 → NON-CLONE
[725/1920] 2026-08-03 23:47:27 | R2 | 2016_0_4/90060 vs 2016_1_2/21265 → NON-CLONE
[726/1920] 2026-08-03 23:47:33 | R2 | 2016_0_4/45917 vs 2014_2_1/128920 → NON-CLONE
[727/1920] 2026-08-03 23:47:37 | R2 | 2016_0_4/63570 vs 2014_3_1/138308 → NON-CLONE
[728/1920] 2026-08-03 23:47:45 | R2 | 2016_0_4/158305 vs 2015_0_3/41900 → NON-CLONE
[729/1920] 2026-08-03 23:47:48 | R2 | 2016_0_4/142083 vs 2015_0_1/43660 → NON-CLONE
[730/1920] 2026-08-03 23:47:52 | R2 | 2016_0_4/80717 vs 2013_0_2/91409 → NON-CLONE
[731/1920] 2026-08-03 23:48:01 | R2 | 2016_0_4/139021 vs 2013_0_2/78034 → NON-CLONE
[732/1920] 2026-08-03 23:48:07 | R2 | 2016_0_4/37736 vs 2015_0_3/72742 → NON-CLONE
[733/1920] 2026-08-03 23:48:13 | R2 | 2016_1_1/15819 vs 2013_0_2/85165 → NON-CLONE
[734/1920] 2026-08-03 23:48:17 | R2 | 2016_1_1/28201 vs 2013_0_2/78034 → NON-CLONE
[735/1920] 2026-08-03 23:48:22 | R2 | 2016_1_1/22113 vs 2016_1_2/7956 → NON-CLONE
[736/1920] 2026-08-03 23:48:31 | R2 | 2016_1_1/15421 vs 2016_2_1/193929 → NON-CLONE
[737/1920] 2026-08-03 23:48:36 | R2 | 2016_1_1/31768 vs 2014_2_1/118416 → NON-CLONE
[738/1920] 2026-08-03 23:48:41 | R2 | 2016_1_1/20829 vs 2013_0_2/85165 → NON-CLONE
[739/1920] 2026-08-03 23:48:46 | R2 | 2016_1_1/3308 vs 2016_2_1/186531 → NON-CLONE
[740/1920] 2026-08-03 23:48:52 | R2 | 2016_1_1/33316 vs 2013_0_3/74156 → NON-CLONE
[741/1920] 2026-08-03 23:48:56 | R2 | 2016_1_1/14703 vs 2014_3_1/140281 → NON-CLONE
[742/1920] 2026-08-03 23:48:59 | R2 | 2016_1_1/3735 vs 2013_0_2/85165 → NON-CLONE
[743/1920] 2026-08-03 23:49:04 | R2 | 2016_1_1/18665 vs 2013_0_2/85165 → NON-CLONE
[744/1920] 2026-08-03 23:49:08 | R2 | 2016_1_1/4557 vs 2015_0_1/106809 → NON-CLONE
[745/1920] 2026-08-03 23:49:13 | R2 | 2016_1_2/23627 vs 2016_0_1/88781 → NON-CLONE
[746/1920] 2026-08-03 23:49:19 | R2 | 2016_1_2/26561 vs 2013_1_1/37029 → NON-CLONE
[747/1920] 2026-08-03 23:49:23 | R2 | 2016_1_2/21848 vs 2015_0_2/96440 → NON-CLONE
[748/1920] 2026-08-03 23:49:28 | R2 | 2016_1_2/7905 vs 2013_0_2/44471 → NON-CLONE
[749/1920] 2026-08-03 23:49:31 | R2 | 2016_1_2/22827 vs 2013_0_3/74156 → NON-CLONE
[750/1920] 2026-08-03 23:49:36 | R2 | 2016_1_2/26565 vs 2016_0_1/113708 → NON-CLONE
[751/1920] 2026-08-03 23:49:40 | R2 | 2016_1_2/30453 vs 2016_2_1/193717 → NON-CLONE
[752/1920] 2026-08-03 23:49:48 | R2 | 2016_1_2/14745 vs 2015_0_3/18309 → NON-CLONE
[753/1920] 2026-08-03 23:49:52 | R2 | 2016_1_2/7956 vs 2015_0_2/96440 → NON-CLONE
[754/1920] 2026-08-03 23:49:56 | R2 | 2016_1_2/22155 vs 2014_3_1/139370 → NON-CLONE
[755/1920] 2026-08-03 23:50:06 | R2 | 2016_1_2/21265 vs 2015_0_3/72742 → NON-CLONE
[756/1920] 2026-08-03 23:50:09 | R2 | 2016_1_2/19133 vs 2015_0_1/86599 → NON-CLONE
[757/1920] 2026-08-03 23:50:22 | R2 | 2016_2_1/201276 vs 2015_0_2/81081 → NON-CLONE
[758/1920] 2026-08-03 23:50:25 | R2 | 2016_2_1/180026 vs 2016_0_1/143909 → NON-CLONE
[759/1920] 2026-08-03 23:50:34 | R2 | 2016_2_1/193929 vs 2013_1_1/34507 → NON-CLONE
[760/1920] 2026-08-03 23:50:41 | R2 | 2016_2_1/194349 vs 2015_0_3/103774 → NON-CLONE
[761/1920] 2026-08-03 23:50:47 | R2 | 2016_2_1/186531 vs 2016_1_1/15819 → NON-CLONE
[762/1920] 2026-08-03 23:51:00 | R2 | 2016_2_1/179503 vs 2015_0_3/18309 → NON-CLONE
[763/1920] 2026-08-03 23:51:16 | R2 | 2016_2_1/185295 vs 2013_0_3/108834 → NON-CLONE
[764/1920] 2026-08-03 23:51:22 | R2 | 2016_2_1/196651 vs 2013_0_1/126886 → NON-CLONE
[765/1920] 2026-08-03 23:51:29 | R2 | 2016_2_1/182378 vs 2016_1_1/15819 → NON-CLONE
[766/1920] 2026-08-03 23:51:37 | R2 | 2016_2_1/198100 vs 2013_0_3/51164 → NON-CLONE
[767/1920] 2026-08-03 23:51:51 | R2 | 2016_2_1/193717 vs 2013_0_3/108834 → NON-CLONE
[768/1920] 2026-08-03 23:51:58 | R2 | 2016_2_1/200006 vs 2015_0_1/47939 → NON-CLONE
Round 2 done → results_gcj_crosslang/cogito-v1-preview-llama-8B/results_original_deepcogito__cogito-v1-preview-llama-8B_round2.csv
--- Round 3/5 (0 done, 384 remaining) ---
[769/1920] 2026-08-03 23:52:11 | R3 | 2013_0_1/103399 vs 2013_0_1/99825 → CLONE
[770/1920] 2026-08-03 23:52:18 | R3 | 2013_0_1/99825 vs 2013_0_1/125888 → CLONE
[771/1920] 2026-08-03 23:52:23 | R3 | 2013_0_1/125888 vs 2013_0_1/84842 → CLONE
[772/1920] 2026-08-03 23:52:34 | R3 | 2013_0_1/84842 vs 2013_0_1/103399 → CLONE
[773/1920] 2026-08-03 23:52:46 | R3 | 2013_0_1/49244 vs 2013_0_1/98087 → CLONE
[774/1920] 2026-08-03 23:52:55 | R3 | 2013_0_1/98087 vs 2013_0_1/91336 → CLONE
[775/1920] 2026-08-03 23:53:03 | R3 | 2013_0_1/91336 vs 2013_0_1/102913 → CLONE
[776/1920] 2026-08-03 23:53:15 | R3 | 2013_0_1/102913 vs 2013_0_1/49244 → CLONE
[777/1920] 2026-08-03 23:53:26 | R3 | 2013_0_1/126886 vs 2013_0_1/72071 → CLONE
[778/1920] 2026-08-03 23:53:32 | R3 | 2013_0_1/72071 vs 2013_0_1/70537 → CLONE
[779/1920] 2026-08-03 23:53:39 | R3 | 2013_0_1/70537 vs 2013_0_1/127485 → CLONE
[780/1920] 2026-08-03 23:53:50 | R3 | 2013_0_1/127485 vs 2013_0_1/126886 → CLONE
[781/1920] 2026-08-03 23:53:57 | R3 | 2013_0_2/95524 vs 2013_0_2/83774 → CLONE
[782/1920] 2026-08-03 23:54:01 | R3 | 2013_0_2/83774 vs 2013_0_2/78034 → CLONE
[783/1920] 2026-08-03 23:54:06 | R3 | 2013_0_2/78034 vs 2013_0_2/71957 → CLONE
[784/1920] 2026-08-03 23:54:13 | R3 | 2013_0_2/71957 vs 2013_0_2/95524 → CLONE
[785/1920] 2026-08-03 23:54:20 | R3 | 2013_0_2/44471 vs 2013_0_2/140779 → CLONE
[786/1920] 2026-08-03 23:54:24 | R3 | 2013_0_2/140779 vs 2013_0_2/122219 → CLONE
[787/1920] 2026-08-03 23:54:29 | R3 | 2013_0_2/122219 vs 2013_0_2/96711 → CLONE
[788/1920] 2026-08-03 23:54:36 | R3 | 2013_0_2/96711 vs 2013_0_2/44471 → CLONE
[789/1920] 2026-08-03 23:54:44 | R3 | 2013_0_2/55421 vs 2013_0_2/91409 → CLONE
[790/1920] 2026-08-03 23:54:50 | R3 | 2013_0_2/91409 vs 2013_0_2/85165 → CLONE
[791/1920] 2026-08-03 23:54:55 | R3 | 2013_0_2/85165 vs 2013_0_2/68303 → CLONE
[792/1920] 2026-08-03 23:55:03 | R3 | 2013_0_2/68303 vs 2013_0_2/55421 → CLONE
[793/1920] 2026-08-03 23:55:22 | R3 | 2013_0_3/108834 vs 2013_0_3/102625 → CLONE
[794/1920] 2026-08-03 23:55:28 | R3 | 2013_0_3/102625 vs 2013_0_3/102207 → CLONE
[795/1920] 2026-08-03 23:55:35 | R3 | 2013_0_3/102207 vs 2013_0_3/89287 → CLONE
[796/1920] 2026-08-03 23:55:49 | R3 | 2013_0_3/89287 vs 2013_0_3/108834 → CLONE
[797/1920] 2026-08-03 23:55:56 | R3 | 2013_0_3/59317 vs 2013_0_3/81195 → CLONE
[798/1920] 2026-08-03 23:56:02 | R3 | 2013_0_3/81195 vs 2013_0_3/51164 → CLONE
[799/1920] 2026-08-03 23:56:05 | R3 | 2013_0_3/51164 vs 2013_0_3/92037 → CLONE
[800/1920] 2026-08-03 23:56:11 | R3 | 2013_0_3/92037 vs 2013_0_3/59317 → CLONE
[801/1920] 2026-08-03 23:56:22 | R3 | 2013_0_3/74156 vs 2013_0_3/53348 → CLONE
[802/1920] 2026-08-03 23:56:31 | R3 | 2013_0_3/53348 vs 2013_0_3/70289 → CLONE
[803/1920] 2026-08-03 23:56:37 | R3 | 2013_0_3/70289 vs 2013_0_3/132829 → CLONE
[804/1920] 2026-08-03 23:56:42 | R3 | 2013_0_3/132829 vs 2013_0_3/74156 → CLONE
[805/1920] 2026-08-03 23:56:49 | R3 | 2013_1_1/42047 vs 2013_1_1/28766 → CLONE
[806/1920] 2026-08-03 23:56:54 | R3 | 2013_1_1/28766 vs 2013_1_1/37029 → CLONE
[807/1920] 2026-08-03 23:57:00 | R3 | 2013_1_1/37029 vs 2013_1_1/34507 → CLONE
[808/1920] 2026-08-03 23:57:07 | R3 | 2013_1_1/34507 vs 2013_1_1/42047 → CLONE
[809/1920] 2026-08-03 23:57:12 | R3 | 2013_1_1/30835 vs 2013_1_1/30228 → CLONE
[810/1920] 2026-08-03 23:57:17 | R3 | 2013_1_1/30228 vs 2013_1_1/32497 → CLONE
[811/1920] 2026-08-03 23:57:23 | R3 | 2013_1_1/32497 vs 2013_1_1/39026 → CLONE
[812/1920] 2026-08-03 23:57:28 | R3 | 2013_1_1/39026 vs 2013_1_1/30835 → CLONE
[813/1920] 2026-08-03 23:57:33 | R3 | 2013_1_1/32414 vs 2013_1_1/30618 → CLONE
[814/1920] 2026-08-03 23:57:37 | R3 | 2013_1_1/30618 vs 2013_1_1/30519 → CLONE
[815/1920] 2026-08-03 23:57:41 | R3 | 2013_1_1/30519 vs 2013_1_1/31779 → CLONE
[816/1920] 2026-08-03 23:57:46 | R3 | 2013_1_1/31779 vs 2013_1_1/32414 → CLONE
[817/1920] 2026-08-03 23:57:53 | R3 | 2014_2_1/115757 vs 2014_2_1/131278 → CLONE
[818/1920] 2026-08-03 23:57:59 | R3 | 2014_2_1/131278 vs 2014_2_1/128920 → CLONE
[819/1920] 2026-08-03 23:58:08 | R3 | 2014_2_1/128920 vs 2014_2_1/118754 → CLONE
[820/1920] 2026-08-03 23:58:19 | R3 | 2014_2_1/118754 vs 2014_2_1/115757 → CLONE
[821/1920] 2026-08-03 23:58:27 | R3 | 2014_2_1/129296 vs 2014_2_1/119165 → CLONE
[822/1920] 2026-08-03 23:58:35 | R3 | 2014_2_1/119165 vs 2014_2_1/118416 → CLONE
[823/1920] 2026-08-03 23:58:41 | R3 | 2014_2_1/118416 vs 2014_2_1/116147 → CLONE
[824/1920] 2026-08-03 23:58:48 | R3 | 2014_2_1/116147 vs 2014_2_1/129296 → CLONE
[825/1920] 2026-08-03 23:59:08 | R3 | 2014_2_1/131873 vs 2014_2_1/118489 → CLONE
[826/1920] 2026-08-03 23:59:25 | R3 | 2014_2_1/118489 vs 2014_2_1/121201 → CLONE
[827/1920] 2026-08-03 23:59:32 | R3 | 2014_2_1/121201 vs 2014_2_1/114208 → CLONE
[828/1920] 2026-08-03 23:59:40 | R3 | 2014_2_1/114208 vs 2014_2_1/131873 → CLONE
[829/1920] 2026-08-03 23:59:46 | R3 | 2014_3_1/135560 vs 2014_3_1/138308 → CLONE
[830/1920] 2026-08-03 23:59:51 | R3 | 2014_3_1/138308 vs 2014_3_1/139209 → CLONE
[831/1920] 2026-08-03 23:59:56 | R3 | 2014_3_1/139209 vs 2014_3_1/142092 → CLONE
[832/1920] 2026-08-04 00:00:02 | R3 | 2014_3_1/142092 vs 2014_3_1/135560 → CLONE
[833/1920] 2026-08-04 00:00:07 | R3 | 2014_3_1/138333 vs 2014_3_1/134611 → CLONE
[834/1920] 2026-08-04 00:00:12 | R3 | 2014_3_1/134611 vs 2014_3_1/139370 → CLONE
[835/1920] 2026-08-04 00:00:17 | R3 | 2014_3_1/139370 vs 2014_3_1/134295 → CLONE
[836/1920] 2026-08-04 00:00:21 | R3 | 2014_3_1/134295 vs 2014_3_1/138333 → CLONE
[837/1920] 2026-08-04 00:00:28 | R3 | 2014_3_1/140281 vs 2014_3_1/132142 → CLONE
[838/1920] 2026-08-04 00:00:33 | R3 | 2014_3_1/132142 vs 2014_3_1/143074 → CLONE
[839/1920] 2026-08-04 00:00:37 | R3 | 2014_3_1/143074 vs 2014_3_1/132975 → CLONE
[840/1920] 2026-08-04 00:00:41 | R3 | 2014_3_1/132975 vs 2014_3_1/140281 → CLONE
[841/1920] 2026-08-04 00:00:45 | R3 | 2015_0_1/47939 vs 2015_0_1/44230 → CLONE
[842/1920] 2026-08-04 00:00:49 | R3 | 2015_0_1/44230 vs 2015_0_1/106809 → CLONE
[843/1920] 2026-08-04 00:00:53 | R3 | 2015_0_1/106809 vs 2015_0_1/25955 → CLONE
[844/1920] 2026-08-04 00:00:58 | R3 | 2015_0_1/25955 vs 2015_0_1/47939 → CLONE
[845/1920] 2026-08-04 00:01:05 | R3 | 2015_0_1/43660 vs 2015_0_1/64620 → CLONE
[846/1920] 2026-08-04 00:01:09 | R3 | 2015_0_1/64620 vs 2015_0_1/86599 → CLONE
[847/1920] 2026-08-04 00:01:15 | R3 | 2015_0_1/86599 vs 2015_0_1/28465 → CLONE
[848/1920] 2026-08-04 00:01:21 | R3 | 2015_0_1/28465 vs 2015_0_1/43660 → CLONE
[849/1920] 2026-08-04 00:01:25 | R3 | 2015_0_1/100718 vs 2015_0_1/65110 → CLONE
[850/1920] 2026-08-04 00:01:28 | R3 | 2015_0_1/65110 vs 2015_0_1/60803 → CLONE
[851/1920] 2026-08-04 00:01:31 | R3 | 2015_0_1/60803 vs 2015_0_1/96593 → CLONE
[852/1920] 2026-08-04 00:01:37 | R3 | 2015_0_1/96593 vs 2015_0_1/100718 → CLONE
[853/1920] 2026-08-04 00:01:42 | R3 | 2015_0_2/91000 vs 2015_0_2/96440 → CLONE
[854/1920] 2026-08-04 00:01:47 | R3 | 2015_0_2/96440 vs 2015_0_2/36519 → CLONE
[855/1920] 2026-08-04 00:01:52 | R3 | 2015_0_2/36519 vs 2015_0_2/103402 → CLONE
[856/1920] 2026-08-04 00:01:56 | R3 | 2015_0_2/103402 vs 2015_0_2/91000 → CLONE
[857/1920] 2026-08-04 00:02:01 | R3 | 2015_0_2/21812 vs 2015_0_2/88257 → CLONE
[858/1920] 2026-08-04 00:02:10 | R3 | 2015_0_2/88257 vs 2015_0_2/81081 → CLONE
[859/1920] 2026-08-04 00:02:18 | R3 | 2015_0_2/81081 vs 2015_0_2/102321 → CLONE
[860/1920] 2026-08-04 00:02:22 | R3 | 2015_0_2/102321 vs 2015_0_2/21812 → CLONE
[861/1920] 2026-08-04 00:02:28 | R3 | 2015_0_2/40957 vs 2015_0_2/38840 → CLONE
[862/1920] 2026-08-04 00:02:32 | R3 | 2015_0_2/38840 vs 2015_0_2/100159 → CLONE
[863/1920] 2026-08-04 00:02:37 | R3 | 2015_0_2/100159 vs 2015_0_2/55775 → CLONE
[864/1920] 2026-08-04 00:02:42 | R3 | 2015_0_2/55775 vs 2015_0_2/40957 → CLONE
[865/1920] 2026-08-04 00:02:54 | R3 | 2015_0_3/42051 vs 2015_0_3/41900 → CLONE
[866/1920] 2026-08-04 00:03:03 | R3 | 2015_0_3/41900 vs 2015_0_3/103585 → CLONE
[867/1920] 2026-08-04 00:03:11 | R3 | 2015_0_3/103585 vs 2015_0_3/19800 → CLONE
[868/1920] 2026-08-04 00:03:22 | R3 | 2015_0_3/19800 vs 2015_0_3/42051 → CLONE
[869/1920] 2026-08-04 00:03:36 | R3 | 2015_0_3/47513 vs 2015_0_3/49764 → CLONE
[870/1920] 2026-08-04 00:03:48 | R3 | 2015_0_3/49764 vs 2015_0_3/103774 → CLONE
[871/1920] 2026-08-04 00:03:56 | R3 | 2015_0_3/103774 vs 2015_0_3/102323 → CLONE
[872/1920] 2026-08-04 00:04:09 | R3 | 2015_0_3/102323 vs 2015_0_3/47513 → CLONE
[873/1920] 2026-08-04 00:04:23 | R3 | 2015_0_3/96608 vs 2015_0_3/23036 → CLONE
[874/1920] 2026-08-04 00:04:34 | R3 | 2015_0_3/23036 vs 2015_0_3/72742 → CLONE
[875/1920] 2026-08-04 00:04:50 | R3 | 2015_0_3/72742 vs 2015_0_3/18309 → CLONE
[876/1920] 2026-08-04 00:05:10 | R3 | 2015_0_3/18309 vs 2015_0_3/96608 → CLONE
[877/1920] 2026-08-04 00:05:17 | R3 | 2015_0_4/86262 vs 2015_0_4/63026 → CLONE
[878/1920] 2026-08-04 00:05:22 | R3 | 2015_0_4/63026 vs 2015_0_4/57828 → CLONE
[879/1920] 2026-08-04 00:05:27 | R3 | 2015_0_4/57828 vs 2015_0_4/68310 → CLONE
[880/1920] 2026-08-04 00:05:34 | R3 | 2015_0_4/68310 vs 2015_0_4/86262 → CLONE
[881/1920] 2026-08-04 00:05:38 | R3 | 2015_0_4/30398 vs 2015_0_4/86932 → CLONE
[882/1920] 2026-08-04 00:05:43 | R3 | 2015_0_4/86932 vs 2015_0_4/94256 → CLONE
[883/1920] 2026-08-04 00:05:52 | R3 | 2015_0_4/94256 vs 2015_0_4/19708 → CLONE
[884/1920] 2026-08-04 00:06:01 | R3 | 2015_0_4/19708 vs 2015_0_4/30398 → CLONE
[885/1920] 2026-08-04 00:06:06 | R3 | 2015_0_4/29877 vs 2015_0_4/60776 → CLONE
[886/1920] 2026-08-04 00:06:10 | R3 | 2015_0_4/60776 vs 2015_0_4/74018 → CLONE
[887/1920] 2026-08-04 00:06:15 | R3 | 2015_0_4/74018 vs 2015_0_4/78114 → CLONE
[888/1920] 2026-08-04 00:06:21 | R3 | 2015_0_4/78114 vs 2015_0_4/29877 → CLONE
[889/1920] 2026-08-04 00:06:30 | R3 | 2015_1_1/112276 vs 2015_1_1/111086 → CLONE
[890/1920] 2026-08-04 00:06:37 | R3 | 2015_1_1/111086 vs 2015_1_1/117734 → CLONE
[891/1920] 2026-08-04 00:06:41 | R3 | 2015_1_1/117734 vs 2015_1_1/122934 → CLONE
[892/1920] 2026-08-04 00:06:47 | R3 | 2015_1_1/122934 vs 2015_1_1/112276 → CLONE
[893/1920] 2026-08-04 00:06:54 | R3 | 2015_1_1/118030 vs 2015_1_1/122263 → CLONE
[894/1920] 2026-08-04 00:06:59 | R3 | 2015_1_1/122263 vs 2015_1_1/124602 → CLONE
[895/1920] 2026-08-04 00:07:03 | R3 | 2015_1_1/124602 vs 2015_1_1/111264 → CLONE
[896/1920] 2026-08-04 00:07:09 | R3 | 2015_1_1/111264 vs 2015_1_1/118030 → CLONE
[897/1920] 2026-08-04 00:07:14 | R3 | 2015_1_1/112898 vs 2015_1_1/111866 → CLONE
[898/1920] 2026-08-04 00:07:19 | R3 | 2015_1_1/111866 vs 2015_1_1/111647 → CLONE
[899/1920] 2026-08-04 00:07:24 | R3 | 2015_1_1/111647 vs 2015_1_1/121770 → CLONE
[900/1920] 2026-08-04 00:07:30 | R3 | 2015_1_1/121770 vs 2015_1_1/112898 → CLONE
[901/1920] 2026-08-04 00:07:35 | R3 | 2016_0_1/76319 vs 2016_0_1/65647 → CLONE
[902/1920] 2026-08-04 00:07:40 | R3 | 2016_0_1/65647 vs 2016_0_1/94639 → CLONE
[903/1920] 2026-08-04 00:07:45 | R3 | 2016_0_1/94639 vs 2016_0_1/48618 → CLONE
[904/1920] 2026-08-04 00:07:49 | R3 | 2016_0_1/48618 vs 2016_0_1/76319 → CLONE
[905/1920] 2026-08-04 00:07:54 | R3 | 2016_0_1/117099 vs 2016_0_1/134225 → CLONE
[906/1920] 2026-08-04 00:07:59 | R3 | 2016_0_1/134225 vs 2016_0_1/88781 → CLONE
[907/1920] 2026-08-04 00:08:04 | R3 | 2016_0_1/88781 vs 2016_0_1/39027 → CLONE
[908/1920] 2026-08-04 00:08:09 | R3 | 2016_0_1/39027 vs 2016_0_1/117099 → CLONE
[909/1920] 2026-08-04 00:08:14 | R3 | 2016_0_1/100898 vs 2016_0_1/143909 → CLONE
[910/1920] 2026-08-04 00:08:17 | R3 | 2016_0_1/143909 vs 2016_0_1/71388 → CLONE
[911/1920] 2026-08-04 00:08:20 | R3 | 2016_0_1/71388 vs 2016_0_1/113708 → CLONE
[912/1920] 2026-08-04 00:08:25 | R3 | 2016_0_1/113708 vs 2016_0_1/100898 → CLONE
[913/1920] 2026-08-04 00:08:31 | R3 | 2016_0_4/136626 vs 2016_0_4/135114 → CLONE
[914/1920] 2026-08-04 00:08:36 | R3 | 2016_0_4/135114 vs 2016_0_4/63570 → CLONE
[915/1920] 2026-08-04 00:08:41 | R3 | 2016_0_4/63570 vs 2016_0_4/80717 → CLONE
[916/1920] 2026-08-04 00:08:47 | R3 | 2016_0_4/80717 vs 2016_0_4/136626 → CLONE
[917/1920] 2026-08-04 00:08:53 | R3 | 2016_0_4/125922 vs 2016_0_4/90060 → CLONE
[918/1920] 2026-08-04 00:09:00 | R3 | 2016_0_4/90060 vs 2016_0_4/158305 → CLONE
[919/1920] 2026-08-04 00:09:08 | R3 | 2016_0_4/158305 vs 2016_0_4/139021 → CLONE
[920/1920] 2026-08-04 00:09:17 | R3 | 2016_0_4/139021 vs 2016_0_4/125922 → CLONE
[921/1920] 2026-08-04 00:09:27 | R3 | 2016_0_4/99642 vs 2016_0_4/45917 → CLONE
[922/1920] 2026-08-04 00:09:34 | R3 | 2016_0_4/45917 vs 2016_0_4/142083 → CLONE
[923/1920] 2026-08-04 00:09:38 | R3 | 2016_0_4/142083 vs 2016_0_4/37736 → CLONE
[924/1920] 2026-08-04 00:09:46 | R3 | 2016_0_4/37736 vs 2016_0_4/99642 → CLONE
[925/1920] 2026-08-04 00:09:51 | R3 | 2016_1_1/15819 vs 2016_1_1/15421 → CLONE
[926/1920] 2026-08-04 00:09:55 | R3 | 2016_1_1/15421 vs 2016_1_1/3308 → CLONE
[927/1920] 2026-08-04 00:09:59 | R3 | 2016_1_1/3308 vs 2016_1_1/3735 → CLONE
[928/1920] 2026-08-04 00:10:03 | R3 | 2016_1_1/3735 vs 2016_1_1/15819 → CLONE
[929/1920] 2026-08-04 00:10:08 | R3 | 2016_1_1/28201 vs 2016_1_1/31768 → CLONE
[930/1920] 2026-08-04 00:10:13 | R3 | 2016_1_1/31768 vs 2016_1_1/33316 → CLONE
[931/1920] 2026-08-04 00:10:18 | R3 | 2016_1_1/33316 vs 2016_1_1/18665 → CLONE
[932/1920] 2026-08-04 00:10:23 | R3 | 2016_1_1/18665 vs 2016_1_1/28201 → CLONE
[933/1920] 2026-08-04 00:10:28 | R3 | 2016_1_1/22113 vs 2016_1_1/20829 → CLONE
[934/1920] 2026-08-04 00:10:33 | R3 | 2016_1_1/20829 vs 2016_1_1/14703 → CLONE
[935/1920] 2026-08-04 00:10:38 | R3 | 2016_1_1/14703 vs 2016_1_1/4557 → CLONE
[936/1920] 2026-08-04 00:10:42 | R3 | 2016_1_1/4557 vs 2016_1_1/22113 → CLONE
[937/1920] 2026-08-04 00:10:46 | R3 | 2016_1_2/23627 vs 2016_1_2/7905 → CLONE
[938/1920] 2026-08-04 00:10:50 | R3 | 2016_1_2/7905 vs 2016_1_2/30453 → CLONE
[939/1920] 2026-08-04 00:10:53 | R3 | 2016_1_2/30453 vs 2016_1_2/22155 → CLONE
[940/1920] 2026-08-04 00:10:58 | R3 | 2016_1_2/22155 vs 2016_1_2/23627 → CLONE
[941/1920] 2026-08-04 00:11:03 | R3 | 2016_1_2/26561 vs 2016_1_2/22827 → CLONE
[942/1920] 2026-08-04 00:11:07 | R3 | 2016_1_2/22827 vs 2016_1_2/14745 → CLONE
[943/1920] 2026-08-04 00:11:11 | R3 | 2016_1_2/14745 vs 2016_1_2/21265 → CLONE
[944/1920] 2026-08-04 00:11:16 | R3 | 2016_1_2/21265 vs 2016_1_2/26561 → CLONE
[945/1920] 2026-08-04 00:11:21 | R3 | 2016_1_2/21848 vs 2016_1_2/26565 → CLONE
[946/1920] 2026-08-04 00:11:25 | R3 | 2016_1_2/26565 vs 2016_1_2/7956 → CLONE
[947/1920] 2026-08-04 00:11:29 | R3 | 2016_1_2/7956 vs 2016_1_2/19133 → CLONE
[948/1920] 2026-08-04 00:11:35 | R3 | 2016_1_2/19133 vs 2016_1_2/21848 → CLONE
[949/1920] 2026-08-04 00:11:43 | R3 | 2016_2_1/201276 vs 2016_2_1/194349 → CLONE
[950/1920] 2026-08-04 00:11:51 | R3 | 2016_2_1/194349 vs 2016_2_1/185295 → CLONE
[951/1920] 2026-08-04 00:12:03 | R3 | 2016_2_1/185295 vs 2016_2_1/198100 → CLONE
[952/1920] 2026-08-04 00:12:18 | R3 | 2016_2_1/198100 vs 2016_2_1/201276 → CLONE
[953/1920] 2026-08-04 00:12:25 | R3 | 2016_2_1/180026 vs 2016_2_1/186531 → CLONE
[954/1920] 2026-08-04 00:12:30 | R3 | 2016_2_1/186531 vs 2016_2_1/196651 → CLONE
[955/1920] 2026-08-04 00:12:35 | R3 | 2016_2_1/196651 vs 2016_2_1/193717 → CLONE
[956/1920] 2026-08-04 00:12:40 | R3 | 2016_2_1/193717 vs 2016_2_1/180026 → CLONE
[957/1920] 2026-08-04 00:12:51 | R3 | 2016_2_1/193929 vs 2016_2_1/179503 → CLONE
[958/1920] 2026-08-04 00:13:00 | R3 | 2016_2_1/179503 vs 2016_2_1/182378 → CLONE
[959/1920] 2026-08-04 00:13:11 | R3 | 2016_2_1/182378 vs 2016_2_1/200006 → CLONE
[960/1920] 2026-08-04 00:13:24 | R3 | 2016_2_1/200006 vs 2016_2_1/193929 → CLONE
[961/1920] 2026-08-04 00:13:34 | R3 | 2013_0_1/103399 vs 2015_0_2/96440 → NON-CLONE
[962/1920] 2026-08-04 00:13:45 | R3 | 2013_0_1/49244 vs 2016_2_1/186531 → NON-CLONE
[963/1920] 2026-08-04 00:13:54 | R3 | 2013_0_1/126886 vs 2016_0_4/45917 → NON-CLONE
[964/1920] 2026-08-04 00:14:01 | R3 | 2013_0_1/99825 vs 2016_1_2/23627 → NON-CLONE
[965/1920] 2026-08-04 00:14:11 | R3 | 2013_0_1/98087 vs 2014_3_1/135560 → NON-CLONE
[966/1920] 2026-08-04 00:14:19 | R3 | 2013_0_1/72071 vs 2015_0_3/103774 → NON-CLONE
[967/1920] 2026-08-04 00:14:26 | R3 | 2013_0_1/125888 vs 2014_2_1/114208 → NON-CLONE
[968/1920] 2026-08-04 00:14:32 | R3 | 2013_0_1/91336 vs 2015_0_3/42051 → NON-CLONE
[969/1920] 2026-08-04 00:14:42 | R3 | 2013_0_1/70537 vs 2015_0_3/49764 → NON-CLONE
[970/1920] 2026-08-04 00:14:48 | R3 | 2013_0_1/84842 vs 2016_1_1/28201 → NON-CLONE
[971/1920] 2026-08-04 00:14:56 | R3 | 2013_0_1/102913 vs 2016_0_4/135114 → NON-CLONE
[972/1920] 2026-08-04 00:15:03 | R3 | 2013_0_1/127485 vs 2016_0_1/100898 → NON-CLONE
[973/1920] 2026-08-04 00:15:08 | R3 | 2013_0_2/95524 vs 2015_0_2/38840 → NON-CLONE
[974/1920] 2026-08-04 00:15:15 | R3 | 2013_0_2/44471 vs 2014_2_1/114208 → NON-CLONE
[975/1920] 2026-08-04 00:15:21 | R3 | 2013_0_2/55421 vs 2016_2_1/196651 → NON-CLONE
[976/1920] 2026-08-04 00:15:28 | R3 | 2013_0_2/83774 vs 2016_2_1/201276 → NON-CLONE
[977/1920] 2026-08-04 00:15:31 | R3 | 2013_0_2/140779 vs 2013_1_1/30519 → NON-CLONE
[978/1920] 2026-08-04 00:15:37 | R3 | 2013_0_2/91409 vs 2013_0_3/102207 → NON-CLONE
[979/1920] 2026-08-04 00:15:43 | R3 | 2013_0_2/78034 vs 2014_2_1/129296 → NON-CLONE
[980/1920] 2026-08-04 00:15:47 | R3 | 2013_0_2/122219 vs 2014_3_1/138308 → NON-CLONE
[981/1920] 2026-08-04 00:15:53 | R3 | 2013_0_2/85165 vs 2014_3_1/134611 → NON-CLONE
[982/1920] 2026-08-04 00:15:58 | R3 | 2013_0_2/71957 vs 2016_1_1/15819 → NON-CLONE
[983/1920] 2026-08-04 00:16:02 | R3 | 2013_0_2/96711 vs 2013_0_3/51164 → NON-CLONE
[984/1920] 2026-08-04 00:16:05 | R3 | 2013_0_2/68303 vs 2016_0_1/71388 → NON-CLONE
[985/1920] 2026-08-04 00:16:22 | R3 | 2013_0_3/108834 vs 2016_0_1/39027 → NON-CLONE
[986/1920] 2026-08-04 00:16:26 | R3 | 2013_0_3/59317 vs 2016_1_2/26565 → NON-CLONE
[987/1920] 2026-08-04 00:16:35 | R3 | 2013_0_3/74156 vs 2015_0_3/49764 → NON-CLONE
[988/1920] 2026-08-04 00:16:43 | R3 | 2013_0_3/102625 vs 2013_0_1/126886 → NON-CLONE
[989/1920] 2026-08-04 00:16:50 | R3 | 2013_0_3/81195 vs 2014_2_1/131873 → NON-CLONE
[990/1920] 2026-08-04 00:17:04 | R3 | 2013_0_3/53348 vs 2015_0_3/72742 → NON-CLONE
[991/1920] 2026-08-04 00:17:08 | R3 | 2013_0_3/102207 vs 2015_1_1/122934 → NON-CLONE
[992/1920] 2026-08-04 00:17:13 | R3 | 2013_0_3/51164 vs 2014_2_1/129296 → NON-CLONE
[993/1920] 2026-08-04 00:17:18 | R3 | 2013_0_3/70289 vs 2015_0_4/63026 → NON-CLONE
[994/1920] 2026-08-04 00:17:22 | R3 | 2013_0_3/89287 vs 2016_1_1/15421 → NON-CLONE
[995/1920] 2026-08-04 00:17:27 | R3 | 2013_0_3/92037 vs 2014_3_1/134611 → NON-CLONE
[996/1920] 2026-08-04 00:17:31 | R3 | 2013_0_3/132829 vs 2016_1_1/14703 → NON-CLONE
[997/1920] 2026-08-04 00:17:38 | R3 | 2013_1_1/42047 vs 2013_0_1/99825 → NON-CLONE
[998/1920] 2026-08-04 00:17:44 | R3 | 2013_1_1/30835 vs 2015_0_3/103774 → NON-CLONE
[999/1920] 2026-08-04 00:17:48 | R3 | 2013_1_1/32414 vs 2016_2_1/179503 → NON-CLONE
[1000/1920] 2026-08-04 00:17:53 | R3 | 2013_1_1/28766 vs 2015_0_1/47939 → NON-CLONE
[1001/1920] 2026-08-04 00:17:57 | R3 | 2013_1_1/30228 vs 2016_2_1/185295 → NON-CLONE
[1002/1920] 2026-08-04 00:18:02 | R3 | 2013_1_1/30618 vs 2014_2_1/115757 → NON-CLONE
[1003/1920] 2026-08-04 00:18:07 | R3 | 2013_1_1/37029 vs 2015_0_4/86932 → NON-CLONE
[1004/1920] 2026-08-04 00:18:12 | R3 | 2013_1_1/32497 vs 2016_2_1/194349 → NON-CLONE
[1005/1920] 2026-08-04 00:18:16 | R3 | 2013_1_1/30519 vs 2015_0_1/65110 → NON-CLONE
[1006/1920] 2026-08-04 00:18:22 | R3 | 2013_1_1/34507 vs 2014_3_1/138308 → NON-CLONE
[1007/1920] 2026-08-04 00:18:27 | R3 | 2013_1_1/39026 vs 2016_0_1/143909 → NON-CLONE
[1008/1920] 2026-08-04 00:18:33 | R3 | 2013_1_1/31779 vs 2014_3_1/132142 → NON-CLONE
[1009/1920] 2026-08-04 00:18:40 | R3 | 2014_2_1/115757 vs 2013_0_1/99825 → NON-CLONE
[1010/1920] 2026-08-04 00:18:48 | R3 | 2014_2_1/129296 vs 2015_1_1/122263 → NON-CLONE
[1011/1920] 2026-08-04 00:18:53 | R3 | 2014_2_1/131873 vs 2016_1_2/19133 → NON-CLONE
[1012/1920] 2026-08-04 00:18:58 | R3 | 2014_2_1/131278 vs 2013_0_1/91336 → NON-CLONE
[1013/1920] 2026-08-04 00:19:02 | R3 | 2014_2_1/119165 vs 2013_1_1/30835 → NON-CLONE
[1014/1920] 2026-08-04 00:19:17 | R3 | 2014_2_1/118489 vs 2016_0_1/100898 → NON-CLONE
[1015/1920] 2026-08-04 00:19:22 | R3 | 2014_2_1/128920 vs 2015_0_4/68310 → NON-CLONE
[1016/1920] 2026-08-04 00:19:27 | R3 | 2014_2_1/118416 vs 2015_0_2/102321 → NON-CLONE
[1017/1920] 2026-08-04 00:19:33 | R3 | 2014_2_1/121201 vs 2013_0_2/91409 → NON-CLONE
[1018/1920] 2026-08-04 00:19:46 | R3 | 2014_2_1/118754 vs 2015_0_2/81081 → NON-CLONE
[1019/1920] 2026-08-04 00:19:50 | R3 | 2014_2_1/116147 vs 2013_0_3/74156 → NON-CLONE
[1020/1920] 2026-08-04 00:19:59 | R3 | 2014_2_1/114208 vs 2013_0_3/102625 → NON-CLONE
[1021/1920] 2026-08-04 00:20:03 | R3 | 2014_3_1/135560 vs 2016_1_2/21265 → NON-CLONE
[1022/1920] 2026-08-04 00:20:07 | R3 | 2014_3_1/138333 vs 2013_0_2/68303 → NON-CLONE
[1023/1920] 2026-08-04 00:20:12 | R3 | 2014_3_1/140281 vs 2013_1_1/30519 → NON-CLONE
[1024/1920] 2026-08-04 00:20:17 | R3 | 2014_3_1/138308 vs 2013_1_1/30519 → NON-CLONE
[1025/1920] 2026-08-04 00:20:22 | R3 | 2014_3_1/134611 vs 2016_1_2/14745 → NON-CLONE
[1026/1920] 2026-08-04 00:20:32 | R3 | 2014_3_1/132142 vs 2014_2_1/118754 → NON-CLONE
[1027/1920] 2026-08-04 00:20:39 | R3 | 2014_3_1/139209 vs 2015_0_3/49764 → NON-CLONE
[1028/1920] 2026-08-04 00:20:45 | R3 | 2014_3_1/139370 vs 2016_1_1/15819 → NON-CLONE
[1029/1920] 2026-08-04 00:20:48 | R3 | 2014_3_1/143074 vs 2015_0_2/91000 → NON-CLONE
[1030/1920] 2026-08-04 00:20:50 | R3 | 2014_3_1/142092 vs 2015_0_1/106809 → NON-CLONE
[1031/1920] 2026-08-04 00:20:55 | R3 | 2014_3_1/134295 vs 2015_0_4/94256 → NON-CLONE
[1032/1920] 2026-08-04 00:20:59 | R3 | 2014_3_1/132975 vs 2016_0_4/135114 → NON-CLONE
[1033/1920] 2026-08-04 00:21:03 | R3 | 2015_0_1/47939 vs 2016_0_1/71388 → NON-CLONE
[1034/1920] 2026-08-04 00:21:08 | R3 | 2015_0_1/43660 vs 2016_1_1/33316 → NON-CLONE
[1035/1920] 2026-08-04 00:21:18 | R3 | 2015_0_1/100718 vs 2016_2_1/198100 → NON-CLONE
[1036/1920] 2026-08-04 00:21:23 | R3 | 2015_0_1/44230 vs 2016_1_1/18665 → NON-CLONE
[1037/1920] 2026-08-04 00:21:29 | R3 | 2015_0_1/64620 vs 2013_1_1/37029 → NON-CLONE
[1038/1920] 2026-08-04 00:21:38 | R3 | 2015_0_1/65110 vs 2015_0_3/42051 → NON-CLONE
[1039/1920] 2026-08-04 00:21:42 | R3 | 2015_0_1/106809 vs 2015_0_2/96440 → NON-CLONE
[1040/1920] 2026-08-04 00:21:45 | R3 | 2015_0_1/86599 vs 2013_0_2/96711 → NON-CLONE
[1041/1920] 2026-08-04 00:21:50 | R3 | 2015_0_1/60803 vs 2015_1_1/111866 → NON-CLONE
[1042/1920] 2026-08-04 00:21:55 | R3 | 2015_0_1/25955 vs 2013_0_1/72071 → NON-CLONE
[1043/1920] 2026-08-04 00:22:01 | R3 | 2015_0_1/28465 vs 2015_0_2/88257 → NON-CLONE
[1044/1920] 2026-08-04 00:22:08 | R3 | 2015_0_1/96593 vs 2015_0_2/40957 → NON-CLONE
[1045/1920] 2026-08-04 00:22:13 | R3 | 2015_0_2/91000 vs 2013_0_1/98087 → NON-CLONE
[1046/1920] 2026-08-04 00:22:20 | R3 | 2015_0_2/21812 vs 2013_0_3/102625 → NON-CLONE
[1047/1920] 2026-08-04 00:22:26 | R3 | 2015_0_2/40957 vs 2013_0_2/71957 → NON-CLONE
[1048/1920] 2026-08-04 00:22:30 | R3 | 2015_0_2/96440 vs 2015_0_1/86599 → NON-CLONE
[1049/1920] 2026-08-04 00:22:34 | R3 | 2015_0_2/88257 vs 2013_0_2/68303 → NON-CLONE
[1050/1920] 2026-08-04 00:22:40 | R3 | 2015_0_2/38840 vs 2013_0_1/127485 → NON-CLONE
[1051/1920] 2026-08-04 00:22:46 | R3 | 2015_0_2/36519 vs 2015_1_1/111086 → NON-CLONE
[1052/1920] 2026-08-04 00:23:00 | R3 | 2015_0_2/81081 vs 2013_0_3/108834 → NON-CLONE
[1053/1920] 2026-08-04 00:23:03 | R3 | 2015_0_2/100159 vs 2016_2_1/179503 → NON-CLONE
[1054/1920] 2026-08-04 00:23:06 | R3 | 2015_0_2/103402 vs 2015_0_1/106809 → NON-CLONE
[1055/1920] 2026-08-04 00:23:16 | R3 | 2015_0_2/102321 vs 2015_0_3/72742 → NON-CLONE
[1056/1920] 2026-08-04 00:23:19 | R3 | 2015_0_2/55775 vs 2016_1_2/14745 → NON-CLONE
[1057/1920] 2026-08-04 00:23:25 | R3 | 2015_0_3/42051 vs 2015_0_1/44230 → NON-CLONE
[1058/1920] 2026-08-04 00:23:33 | R3 | 2015_0_3/47513 vs 2013_1_1/34507 → NON-CLONE
[1059/1920] 2026-08-04 00:23:43 | R3 | 2015_0_3/96608 vs 2016_1_2/14745 → NON-CLONE
[1060/1920] 2026-08-04 00:23:50 | R3 | 2015_0_3/41900 vs 2015_0_1/96593 → NON-CLONE
[1061/1920] 2026-08-04 00:23:58 | R3 | 2015_0_3/49764 vs 2016_1_2/14745 → NON-CLONE
[1062/1920] 2026-08-04 00:24:04 | R3 | 2015_0_3/23036 vs 2016_0_4/142083 → NON-CLONE
[1063/1920] 2026-08-04 00:24:09 | R3 | 2015_0_3/103585 vs 2014_3_1/138308 → NON-CLONE
[1064/1920] 2026-08-04 00:24:14 | R3 | 2015_0_3/103774 vs 2013_0_3/89287 → NON-CLONE
[1065/1920] 2026-08-04 00:24:23 | R3 | 2015_0_3/72742 vs 2013_0_3/89287 → NON-CLONE
[1066/1920] 2026-08-04 00:24:28 | R3 | 2015_0_3/19800 vs 2016_1_1/22113 → NON-CLONE
[1067/1920] 2026-08-04 00:24:36 | R3 | 2015_0_3/102323 vs 2016_0_1/76319 → NON-CLONE
[1068/1920] 2026-08-04 00:24:47 | R3 | 2015_0_3/18309 vs 2016_1_1/15819 → NON-CLONE
[1069/1920] 2026-08-04 00:24:53 | R3 | 2015_0_4/86262 vs 2016_0_4/80717 → NON-CLONE
[1070/1920] 2026-08-04 00:24:58 | R3 | 2015_0_4/30398 vs 2016_1_2/26565 → NON-CLONE
[1071/1920] 2026-08-04 00:25:02 | R3 | 2015_0_4/29877 vs 2013_0_2/122219 → NON-CLONE
[1072/1920] 2026-08-04 00:25:08 | R3 | 2015_0_4/63026 vs 2013_0_3/92037 → NON-CLONE
[1073/1920] 2026-08-04 00:25:13 | R3 | 2015_0_4/86932 vs 2013_0_2/71957 → NON-CLONE
[1074/1920] 2026-08-04 00:25:18 | R3 | 2015_0_4/60776 vs 2016_0_4/158305 → NON-CLONE
[1075/1920] 2026-08-04 00:25:21 | R3 | 2015_0_4/57828 vs 2015_1_1/111866 → NON-CLONE
[1076/1920] 2026-08-04 00:25:26 | R3 | 2015_0_4/94256 vs 2013_1_1/42047 → NON-CLONE
[1077/1920] 2026-08-04 00:25:30 | R3 | 2015_0_4/74018 vs 2015_0_2/91000 → NON-CLONE
[1078/1920] 2026-08-04 00:25:36 | R3 | 2015_0_4/68310 vs 2014_3_1/134611 → NON-CLONE
[1079/1920] 2026-08-04 00:25:44 | R3 | 2015_0_4/19708 vs 2014_3_1/138308 → NON-CLONE
[1080/1920] 2026-08-04 00:25:49 | R3 | 2015_0_4/78114 vs 2016_1_1/3308 → NON-CLONE
[1081/1920] 2026-08-04 00:25:55 | R3 | 2015_1_1/112276 vs 2013_1_1/31779 → NON-CLONE
[1082/1920] 2026-08-04 00:26:00 | R3 | 2015_1_1/118030 vs 2016_1_1/15421 → NON-CLONE
[1083/1920] 2026-08-04 00:26:06 | R3 | 2015_1_1/112898 vs 2014_3_1/134611 → NON-CLONE
[1084/1920] 2026-08-04 00:26:14 | R3 | 2015_1_1/111086 vs 2015_0_2/55775 → NON-CLONE
[1085/1920] 2026-08-04 00:26:22 | R3 | 2015_1_1/122263 vs 2016_1_2/26561 → NON-CLONE
[1086/1920] 2026-08-04 00:26:26 | R3 | 2015_1_1/111866 vs 2015_0_2/91000 → NON-CLONE
[1087/1920] 2026-08-04 00:26:31 | R3 | 2015_1_1/117734 vs 2013_0_3/59317 → NON-CLONE
[1088/1920] 2026-08-04 00:26:35 | R3 | 2015_1_1/124602 vs 2016_1_1/20829 → NON-CLONE
[1089/1920] 2026-08-04 00:26:39 | R3 | 2015_1_1/111647 vs 2013_0_3/92037 → NON-CLONE
[1090/1920] 2026-08-04 00:26:43 | R3 | 2015_1_1/122934 vs 2013_0_2/83774 → NON-CLONE
[1091/1920] 2026-08-04 00:26:49 | R3 | 2015_1_1/111264 vs 2013_0_1/99825 → NON-CLONE
[1092/1920] 2026-08-04 00:27:00 | R3 | 2015_1_1/121770 vs 2013_0_3/53348 → NON-CLONE
[1093/1920] 2026-08-04 00:27:05 | R3 | 2016_0_1/76319 vs 2015_0_1/25955 → NON-CLONE
[1094/1920] 2026-08-04 00:27:15 | R3 | 2016_0_1/117099 vs 2014_2_1/118754 → NON-CLONE
[1095/1920] 2026-08-04 00:27:19 | R3 | 2016_0_1/100898 vs 2016_0_4/142083 → NON-CLONE
[1096/1920] 2026-08-04 00:27:22 | R3 | 2016_0_1/65647 vs 2016_1_2/21265 → NON-CLONE
[1097/1920] 2026-08-04 00:27:27 | R3 | 2016_0_1/134225 vs 2016_1_2/22155 → NON-CLONE
[1098/1920] 2026-08-04 00:27:31 | R3 | 2016_0_1/143909 vs 2015_0_1/47939 → NON-CLONE
[1099/1920] 2026-08-04 00:27:37 | R3 | 2016_0_1/94639 vs 2016_0_4/135114 → NON-CLONE
[1100/1920] 2026-08-04 00:27:42 | R3 | 2016_0_1/88781 vs 2013_0_2/71957 → NON-CLONE
[1101/1920] 2026-08-04 00:27:50 | R3 | 2016_0_1/71388 vs 2014_2_1/118754 → NON-CLONE
[1102/1920] 2026-08-04 00:27:53 | R3 | 2016_0_1/48618 vs 2015_1_1/124602 → NON-CLONE
[1103/1920] 2026-08-04 00:28:04 | R3 | 2016_0_1/39027 vs 2013_0_1/103399 → NON-CLONE
[1104/1920] 2026-08-04 00:28:07 | R3 | 2016_0_1/113708 vs 2016_0_4/136626 → NON-CLONE
[1105/1920] 2026-08-04 00:28:15 | R3 | 2016_0_4/136626 vs 2015_0_2/81081 → NON-CLONE
[1106/1920] 2026-08-04 00:28:20 | R3 | 2016_0_4/125922 vs 2016_1_1/4557 → NON-CLONE
[1107/1920] 2026-08-04 00:28:33 | R3 | 2016_0_4/99642 vs 2015_0_3/49764 → NON-CLONE
[1108/1920] 2026-08-04 00:28:36 | R3 | 2016_0_4/135114 vs 2016_1_1/15819 → NON-CLONE
[1109/1920] 2026-08-04 00:28:41 | R3 | 2016_0_4/90060 vs 2016_1_2/21265 → NON-CLONE
[1110/1920] 2026-08-04 00:28:47 | R3 | 2016_0_4/45917 vs 2014_2_1/128920 → NON-CLONE
[1111/1920] 2026-08-04 00:28:51 | R3 | 2016_0_4/63570 vs 2014_3_1/138308 → NON-CLONE
[1112/1920] 2026-08-04 00:28:58 | R3 | 2016_0_4/158305 vs 2015_0_3/41900 → NON-CLONE
[1113/1920] 2026-08-04 00:29:02 | R3 | 2016_0_4/142083 vs 2015_0_1/43660 → NON-CLONE
[1114/1920] 2026-08-04 00:29:06 | R3 | 2016_0_4/80717 vs 2013_0_2/91409 → NON-CLONE
[1115/1920] 2026-08-04 00:29:15 | R3 | 2016_0_4/139021 vs 2013_0_2/78034 → NON-CLONE
[1116/1920] 2026-08-04 00:29:21 | R3 | 2016_0_4/37736 vs 2015_0_3/72742 → NON-CLONE
[1117/1920] 2026-08-04 00:29:27 | R3 | 2016_1_1/15819 vs 2013_0_2/85165 → NON-CLONE
[1118/1920] 2026-08-04 00:29:31 | R3 | 2016_1_1/28201 vs 2013_0_2/78034 → NON-CLONE
[1119/1920] 2026-08-04 00:29:35 | R3 | 2016_1_1/22113 vs 2016_1_2/7956 → NON-CLONE
[1120/1920] 2026-08-04 00:29:45 | R3 | 2016_1_1/15421 vs 2016_2_1/193929 → NON-CLONE
[1121/1920] 2026-08-04 00:29:50 | R3 | 2016_1_1/31768 vs 2014_2_1/118416 → NON-CLONE
[1122/1920] 2026-08-04 00:29:55 | R3 | 2016_1_1/20829 vs 2013_0_2/85165 → NON-CLONE
[1123/1920] 2026-08-04 00:30:00 | R3 | 2016_1_1/3308 vs 2016_2_1/186531 → NON-CLONE
[1124/1920] 2026-08-04 00:30:05 | R3 | 2016_1_1/33316 vs 2013_0_3/74156 → NON-CLONE
[1125/1920] 2026-08-04 00:30:09 | R3 | 2016_1_1/14703 vs 2014_3_1/140281 → NON-CLONE
[1126/1920] 2026-08-04 00:30:12 | R3 | 2016_1_1/3735 vs 2013_0_2/85165 → NON-CLONE
[1127/1920] 2026-08-04 00:30:17 | R3 | 2016_1_1/18665 vs 2013_0_2/85165 → NON-CLONE
[1128/1920] 2026-08-04 00:30:21 | R3 | 2016_1_1/4557 vs 2015_0_1/106809 → NON-CLONE
[1129/1920] 2026-08-04 00:30:26 | R3 | 2016_1_2/23627 vs 2016_0_1/88781 → NON-CLONE
[1130/1920] 2026-08-04 00:30:32 | R3 | 2016_1_2/26561 vs 2013_1_1/37029 → NON-CLONE
[1131/1920] 2026-08-04 00:30:36 | R3 | 2016_1_2/21848 vs 2015_0_2/96440 → NON-CLONE
[1132/1920] 2026-08-04 00:30:41 | R3 | 2016_1_2/7905 vs 2013_0_2/44471 → NON-CLONE
[1133/1920] 2026-08-04 00:30:45 | R3 | 2016_1_2/22827 vs 2013_0_3/74156 → NON-CLONE
[1134/1920] 2026-08-04 00:30:49 | R3 | 2016_1_2/26565 vs 2016_0_1/113708 → NON-CLONE
[1135/1920] 2026-08-04 00:30:53 | R3 | 2016_1_2/30453 vs 2016_2_1/193717 → NON-CLONE
[1136/1920] 2026-08-04 00:31:01 | R3 | 2016_1_2/14745 vs 2015_0_3/18309 → NON-CLONE
[1137/1920] 2026-08-04 00:31:06 | R3 | 2016_1_2/7956 vs 2015_0_2/96440 → NON-CLONE
[1138/1920] 2026-08-04 00:31:09 | R3 | 2016_1_2/22155 vs 2014_3_1/139370 → NON-CLONE
[1139/1920] 2026-08-04 00:31:19 | R3 | 2016_1_2/21265 vs 2015_0_3/72742 → NON-CLONE
[1140/1920] 2026-08-04 00:31:23 | R3 | 2016_1_2/19133 vs 2015_0_1/86599 → NON-CLONE
[1141/1920] 2026-08-04 00:31:35 | R3 | 2016_2_1/201276 vs 2015_0_2/81081 → NON-CLONE
[1142/1920] 2026-08-04 00:31:39 | R3 | 2016_2_1/180026 vs 2016_0_1/143909 → NON-CLONE
[1143/1920] 2026-08-04 00:31:48 | R3 | 2016_2_1/193929 vs 2013_1_1/34507 → NON-CLONE
[1144/1920] 2026-08-04 00:31:54 | R3 | 2016_2_1/194349 vs 2015_0_3/103774 → NON-CLONE
[1145/1920] 2026-08-04 00:32:00 | R3 | 2016_2_1/186531 vs 2016_1_1/15819 → NON-CLONE
[1146/1920] 2026-08-04 00:32:13 | R3 | 2016_2_1/179503 vs 2015_0_3/18309 → NON-CLONE
[1147/1920] 2026-08-04 00:32:30 | R3 | 2016_2_1/185295 vs 2013_0_3/108834 → NON-CLONE
[1148/1920] 2026-08-04 00:32:36 | R3 | 2016_2_1/196651 vs 2013_0_1/126886 → NON-CLONE
[1149/1920] 2026-08-04 00:32:43 | R3 | 2016_2_1/182378 vs 2016_1_1/15819 → NON-CLONE
[1150/1920] 2026-08-04 00:32:51 | R3 | 2016_2_1/198100 vs 2013_0_3/51164 → NON-CLONE
[1151/1920] 2026-08-04 00:33:05 | R3 | 2016_2_1/193717 vs 2013_0_3/108834 → NON-CLONE
[1152/1920] 2026-08-04 00:33:11 | R3 | 2016_2_1/200006 vs 2015_0_1/47939 → NON-CLONE
Round 3 done → results_gcj_crosslang/cogito-v1-preview-llama-8B/results_original_deepcogito__cogito-v1-preview-llama-8B_round3.csv
--- Round 4/5 (0 done, 384 remaining) ---
[1153/1920] 2026-08-04 00:33:24 | R4 | 2013_0_1/103399 vs 2013_0_1/99825 → CLONE
[1154/1920] 2026-08-04 00:33:31 | R4 | 2013_0_1/99825 vs 2013_0_1/125888 → CLONE
[1155/1920] 2026-08-04 00:33:36 | R4 | 2013_0_1/125888 vs 2013_0_1/84842 → CLONE
[1156/1920] 2026-08-04 00:33:46 | R4 | 2013_0_1/84842 vs 2013_0_1/103399 → CLONE
[1157/1920] 2026-08-04 00:33:59 | R4 | 2013_0_1/49244 vs 2013_0_1/98087 → CLONE
[1158/1920] 2026-08-04 00:34:08 | R4 | 2013_0_1/98087 vs 2013_0_1/91336 → CLONE
[1159/1920] 2026-08-04 00:34:16 | R4 | 2013_0_1/91336 vs 2013_0_1/102913 → CLONE
[1160/1920] 2026-08-04 00:34:28 | R4 | 2013_0_1/102913 vs 2013_0_1/49244 → CLONE
[1161/1920] 2026-08-04 00:34:39 | R4 | 2013_0_1/126886 vs 2013_0_1/72071 → CLONE
[1162/1920] 2026-08-04 00:34:46 | R4 | 2013_0_1/72071 vs 2013_0_1/70537 → CLONE
[1163/1920] 2026-08-04 00:34:53 | R4 | 2013_0_1/70537 vs 2013_0_1/127485 → CLONE
[1164/1920] 2026-08-04 00:35:04 | R4 | 2013_0_1/127485 vs 2013_0_1/126886 → CLONE
[1165/1920] 2026-08-04 00:35:10 | R4 | 2013_0_2/95524 vs 2013_0_2/83774 → CLONE
[1166/1920] 2026-08-04 00:35:15 | R4 | 2013_0_2/83774 vs 2013_0_2/78034 → CLONE
[1167/1920] 2026-08-04 00:35:19 | R4 | 2013_0_2/78034 vs 2013_0_2/71957 → CLONE
[1168/1920] 2026-08-04 00:35:27 | R4 | 2013_0_2/71957 vs 2013_0_2/95524 → CLONE
[1169/1920] 2026-08-04 00:35:33 | R4 | 2013_0_2/44471 vs 2013_0_2/140779 → CLONE
[1170/1920] 2026-08-04 00:35:37 | R4 | 2013_0_2/140779 vs 2013_0_2/122219 → CLONE
[1171/1920] 2026-08-04 00:35:43 | R4 | 2013_0_2/122219 vs 2013_0_2/96711 → CLONE
[1172/1920] 2026-08-04 00:35:49 | R4 | 2013_0_2/96711 vs 2013_0_2/44471 → CLONE
[1173/1920] 2026-08-04 00:35:57 | R4 | 2013_0_2/55421 vs 2013_0_2/91409 → CLONE
[1174/1920] 2026-08-04 00:36:03 | R4 | 2013_0_2/91409 vs 2013_0_2/85165 → CLONE
[1175/1920] 2026-08-04 00:36:08 | R4 | 2013_0_2/85165 vs 2013_0_2/68303 → CLONE
[1176/1920] 2026-08-04 00:36:16 | R4 | 2013_0_2/68303 vs 2013_0_2/55421 → CLONE
[1177/1920] 2026-08-04 00:36:35 | R4 | 2013_0_3/108834 vs 2013_0_3/102625 → CLONE
[1178/1920] 2026-08-04 00:36:41 | R4 | 2013_0_3/102625 vs 2013_0_3/102207 → CLONE
[1179/1920] 2026-08-04 00:36:48 | R4 | 2013_0_3/102207 vs 2013_0_3/89287 → CLONE
[1180/1920] 2026-08-04 00:37:01 | R4 | 2013_0_3/89287 vs 2013_0_3/108834 → CLONE
[1181/1920] 2026-08-04 00:37:09 | R4 | 2013_0_3/59317 vs 2013_0_3/81195 → CLONE
[1182/1920] 2026-08-04 00:37:14 | R4 | 2013_0_3/81195 vs 2013_0_3/51164 → CLONE
[1183/1920] 2026-08-04 00:37:18 | R4 | 2013_0_3/51164 vs 2013_0_3/92037 → CLONE
[1184/1920] 2026-08-04 00:37:24 | R4 | 2013_0_3/92037 vs 2013_0_3/59317 → CLONE
[1185/1920] 2026-08-04 00:37:35 | R4 | 2013_0_3/74156 vs 2013_0_3/53348 → CLONE
[1186/1920] 2026-08-04 00:37:44 | R4 | 2013_0_3/53348 vs 2013_0_3/70289 → CLONE
[1187/1920] 2026-08-04 00:37:50 | R4 | 2013_0_3/70289 vs 2013_0_3/132829 → CLONE
[1188/1920] 2026-08-04 00:37:55 | R4 | 2013_0_3/132829 vs 2013_0_3/74156 → CLONE
[1189/1920] 2026-08-04 00:38:02 | R4 | 2013_1_1/42047 vs 2013_1_1/28766 → CLONE
[1190/1920] 2026-08-04 00:38:08 | R4 | 2013_1_1/28766 vs 2013_1_1/37029 → CLONE
[1191/1920] 2026-08-04 00:38:13 | R4 | 2013_1_1/37029 vs 2013_1_1/34507 → CLONE
[1192/1920] 2026-08-04 00:38:20 | R4 | 2013_1_1/34507 vs 2013_1_1/42047 → CLONE
[1193/1920] 2026-08-04 00:38:25 | R4 | 2013_1_1/30835 vs 2013_1_1/30228 → CLONE
[1194/1920] 2026-08-04 00:38:30 | R4 | 2013_1_1/30228 vs 2013_1_1/32497 → CLONE
[1195/1920] 2026-08-04 00:38:35 | R4 | 2013_1_1/32497 vs 2013_1_1/39026 → CLONE
[1196/1920] 2026-08-04 00:38:41 | R4 | 2013_1_1/39026 vs 2013_1_1/30835 → CLONE
[1197/1920] 2026-08-04 00:38:46 | R4 | 2013_1_1/32414 vs 2013_1_1/30618 → CLONE
[1198/1920] 2026-08-04 00:38:50 | R4 | 2013_1_1/30618 vs 2013_1_1/30519 → CLONE
[1199/1920] 2026-08-04 00:38:55 | R4 | 2013_1_1/30519 vs 2013_1_1/31779 → CLONE
[1200/1920] 2026-08-04 00:38:59 | R4 | 2013_1_1/31779 vs 2013_1_1/32414 → CLONE
[1201/1920] 2026-08-04 00:39:06 | R4 | 2014_2_1/115757 vs 2014_2_1/131278 → CLONE
[1202/1920] 2026-08-04 00:39:12 | R4 | 2014_2_1/131278 vs 2014_2_1/128920 → CLONE
[1203/1920] 2026-08-04 00:39:21 | R4 | 2014_2_1/128920 vs 2014_2_1/118754 → CLONE
[1204/1920] 2026-08-04 00:39:32 | R4 | 2014_2_1/118754 vs 2014_2_1/115757 → CLONE
[1205/1920] 2026-08-04 00:39:39 | R4 | 2014_2_1/129296 vs 2014_2_1/119165 → CLONE
[1206/1920] 2026-08-04 00:39:48 | R4 | 2014_2_1/119165 vs 2014_2_1/118416 → CLONE
[1207/1920] 2026-08-04 00:39:54 | R4 | 2014_2_1/118416 vs 2014_2_1/116147 → CLONE
[1208/1920] 2026-08-04 00:40:01 | R4 | 2014_2_1/116147 vs 2014_2_1/129296 → CLONE
[1209/1920] 2026-08-04 00:40:20 | R4 | 2014_2_1/131873 vs 2014_2_1/118489 → CLONE
[1210/1920] 2026-08-04 00:40:38 | R4 | 2014_2_1/118489 vs 2014_2_1/121201 → CLONE
[1211/1920] 2026-08-04 00:40:45 | R4 | 2014_2_1/121201 vs 2014_2_1/114208 → CLONE
[1212/1920] 2026-08-04 00:40:52 | R4 | 2014_2_1/114208 vs 2014_2_1/131873 → CLONE
[1213/1920] 2026-08-04 00:40:59 | R4 | 2014_3_1/135560 vs 2014_3_1/138308 → CLONE
[1214/1920] 2026-08-04 00:41:04 | R4 | 2014_3_1/138308 vs 2014_3_1/139209 → CLONE
[1215/1920] 2026-08-04 00:41:09 | R4 | 2014_3_1/139209 vs 2014_3_1/142092 → CLONE
[1216/1920] 2026-08-04 00:41:15 | R4 | 2014_3_1/142092 vs 2014_3_1/135560 → CLONE
[1217/1920] 2026-08-04 00:41:20 | R4 | 2014_3_1/138333 vs 2014_3_1/134611 → CLONE
[1218/1920] 2026-08-04 00:41:26 | R4 | 2014_3_1/134611 vs 2014_3_1/139370 → CLONE
[1219/1920] 2026-08-04 00:41:30 | R4 | 2014_3_1/139370 vs 2014_3_1/134295 → CLONE
[1220/1920] 2026-08-04 00:41:35 | R4 | 2014_3_1/134295 vs 2014_3_1/138333 → CLONE
[1221/1920] 2026-08-04 00:41:41 | R4 | 2014_3_1/140281 vs 2014_3_1/132142 → CLONE
[1222/1920] 2026-08-04 00:41:46 | R4 | 2014_3_1/132142 vs 2014_3_1/143074 → CLONE
[1223/1920] 2026-08-04 00:41:51 | R4 | 2014_3_1/143074 vs 2014_3_1/132975 → CLONE
[1224/1920] 2026-08-04 00:41:54 | R4 | 2014_3_1/132975 vs 2014_3_1/140281 → CLONE
[1225/1920] 2026-08-04 00:41:58 | R4 | 2015_0_1/47939 vs 2015_0_1/44230 → CLONE
[1226/1920] 2026-08-04 00:42:02 | R4 | 2015_0_1/44230 vs 2015_0_1/106809 → CLONE
[1227/1920] 2026-08-04 00:42:06 | R4 | 2015_0_1/106809 vs 2015_0_1/25955 → CLONE
[1228/1920] 2026-08-04 00:42:11 | R4 | 2015_0_1/25955 vs 2015_0_1/47939 → CLONE
[1229/1920] 2026-08-04 00:42:18 | R4 | 2015_0_1/43660 vs 2015_0_1/64620 → CLONE
[1230/1920] 2026-08-04 00:42:22 | R4 | 2015_0_1/64620 vs 2015_0_1/86599 → CLONE
[1231/1920] 2026-08-04 00:42:28 | R4 | 2015_0_1/86599 vs 2015_0_1/28465 → CLONE
[1232/1920] 2026-08-04 00:42:34 | R4 | 2015_0_1/28465 vs 2015_0_1/43660 → CLONE
[1233/1920] 2026-08-04 00:42:38 | R4 | 2015_0_1/100718 vs 2015_0_1/65110 → CLONE
[1234/1920] 2026-08-04 00:42:41 | R4 | 2015_0_1/65110 vs 2015_0_1/60803 → CLONE
[1235/1920] 2026-08-04 00:42:45 | R4 | 2015_0_1/60803 vs 2015_0_1/96593 → CLONE
[1236/1920] 2026-08-04 00:42:49 | R4 | 2015_0_1/96593 vs 2015_0_1/100718 → CLONE
[1237/1920] 2026-08-04 00:42:54 | R4 | 2015_0_2/91000 vs 2015_0_2/96440 → CLONE
[1238/1920] 2026-08-04 00:43:00 | R4 | 2015_0_2/96440 vs 2015_0_2/36519 → CLONE
[1239/1920] 2026-08-04 00:43:04 | R4 | 2015_0_2/36519 vs 2015_0_2/103402 → CLONE
[1240/1920] 2026-08-04 00:43:09 | R4 | 2015_0_2/103402 vs 2015_0_2/91000 → CLONE
[1241/1920] 2026-08-04 00:43:14 | R4 | 2015_0_2/21812 vs 2015_0_2/88257 → CLONE
[1242/1920] 2026-08-04 00:43:22 | R4 | 2015_0_2/88257 vs 2015_0_2/81081 → CLONE
[1243/1920] 2026-08-04 00:43:30 | R4 | 2015_0_2/81081 vs 2015_0_2/102321 → CLONE
[1244/1920] 2026-08-04 00:43:35 | R4 | 2015_0_2/102321 vs 2015_0_2/21812 → CLONE
[1245/1920] 2026-08-04 00:43:41 | R4 | 2015_0_2/40957 vs 2015_0_2/38840 → CLONE
[1246/1920] 2026-08-04 00:43:45 | R4 | 2015_0_2/38840 vs 2015_0_2/100159 → CLONE
[1247/1920] 2026-08-04 00:43:49 | R4 | 2015_0_2/100159 vs 2015_0_2/55775 → CLONE
[1248/1920] 2026-08-04 00:43:54 | R4 | 2015_0_2/55775 vs 2015_0_2/40957 → CLONE
[1249/1920] 2026-08-04 00:44:07 | R4 | 2015_0_3/42051 vs 2015_0_3/41900 → CLONE
[1250/1920] 2026-08-04 00:44:16 | R4 | 2015_0_3/41900 vs 2015_0_3/103585 → CLONE
[1251/1920] 2026-08-04 00:44:24 | R4 | 2015_0_3/103585 vs 2015_0_3/19800 → CLONE
[1252/1920] 2026-08-04 00:44:35 | R4 | 2015_0_3/19800 vs 2015_0_3/42051 → CLONE
[1253/1920] 2026-08-04 00:44:48 | R4 | 2015_0_3/47513 vs 2015_0_3/49764 → CLONE
[1254/1920] 2026-08-04 00:45:00 | R4 | 2015_0_3/49764 vs 2015_0_3/103774 → CLONE
[1255/1920] 2026-08-04 00:45:09 | R4 | 2015_0_3/103774 vs 2015_0_3/102323 → CLONE
[1256/1920] 2026-08-04 00:45:21 | R4 | 2015_0_3/102323 vs 2015_0_3/47513 → CLONE
[1257/1920] 2026-08-04 00:45:35 | R4 | 2015_0_3/96608 vs 2015_0_3/23036 → CLONE
[1258/1920] 2026-08-04 00:45:47 | R4 | 2015_0_3/23036 vs 2015_0_3/72742 → CLONE
[1259/1920] 2026-08-04 00:46:02 | R4 | 2015_0_3/72742 vs 2015_0_3/18309 → CLONE
[1260/1920] 2026-08-04 00:46:22 | R4 | 2015_0_3/18309 vs 2015_0_3/96608 → CLONE
[1261/1920] 2026-08-04 00:46:29 | R4 | 2015_0_4/86262 vs 2015_0_4/63026 → CLONE
[1262/1920] 2026-08-04 00:46:34 | R4 | 2015_0_4/63026 vs 2015_0_4/57828 → CLONE
[1263/1920] 2026-08-04 00:46:39 | R4 | 2015_0_4/57828 vs 2015_0_4/68310 → CLONE
[1264/1920] 2026-08-04 00:46:46 | R4 | 2015_0_4/68310 vs 2015_0_4/86262 → CLONE
[1265/1920] 2026-08-04 00:46:50 | R4 | 2015_0_4/30398 vs 2015_0_4/86932 → CLONE
[1266/1920] 2026-08-04 00:46:55 | R4 | 2015_0_4/86932 vs 2015_0_4/94256 → CLONE
[1267/1920] 2026-08-04 00:47:04 | R4 | 2015_0_4/94256 vs 2015_0_4/19708 → CLONE
[1268/1920] 2026-08-04 00:47:14 | R4 | 2015_0_4/19708 vs 2015_0_4/30398 → CLONE
[1269/1920] 2026-08-04 00:47:19 | R4 | 2015_0_4/29877 vs 2015_0_4/60776 → CLONE
[1270/1920] 2026-08-04 00:47:23 | R4 | 2015_0_4/60776 vs 2015_0_4/74018 → CLONE
[1271/1920] 2026-08-04 00:47:28 | R4 | 2015_0_4/74018 vs 2015_0_4/78114 → CLONE
[1272/1920] 2026-08-04 00:47:34 | R4 | 2015_0_4/78114 vs 2015_0_4/29877 → CLONE
[1273/1920] 2026-08-04 00:47:44 | R4 | 2015_1_1/112276 vs 2015_1_1/111086 → CLONE
[1274/1920] 2026-08-04 00:47:50 | R4 | 2015_1_1/111086 vs 2015_1_1/117734 → CLONE
[1275/1920] 2026-08-04 00:47:54 | R4 | 2015_1_1/117734 vs 2015_1_1/122934 → CLONE
[1276/1920] 2026-08-04 00:48:00 | R4 | 2015_1_1/122934 vs 2015_1_1/112276 → CLONE
[1277/1920] 2026-08-04 00:48:06 | R4 | 2015_1_1/118030 vs 2015_1_1/122263 → CLONE
[1278/1920] 2026-08-04 00:48:11 | R4 | 2015_1_1/122263 vs 2015_1_1/124602 → CLONE
[1279/1920] 2026-08-04 00:48:16 | R4 | 2015_1_1/124602 vs 2015_1_1/111264 → CLONE
[1280/1920] 2026-08-04 00:48:21 | R4 | 2015_1_1/111264 vs 2015_1_1/118030 → CLONE
[1281/1920] 2026-08-04 00:48:27 | R4 | 2015_1_1/112898 vs 2015_1_1/111866 → CLONE
[1282/1920] 2026-08-04 00:48:31 | R4 | 2015_1_1/111866 vs 2015_1_1/111647 → CLONE
[1283/1920] 2026-08-04 00:48:36 | R4 | 2015_1_1/111647 vs 2015_1_1/121770 → CLONE
[1284/1920] 2026-08-04 00:48:43 | R4 | 2015_1_1/121770 vs 2015_1_1/112898 → CLONE
[1285/1920] 2026-08-04 00:48:47 | R4 | 2016_0_1/76319 vs 2016_0_1/65647 → CLONE
[1286/1920] 2026-08-04 00:48:52 | R4 | 2016_0_1/65647 vs 2016_0_1/94639 → CLONE
[1287/1920] 2026-08-04 00:48:57 | R4 | 2016_0_1/94639 vs 2016_0_1/48618 → CLONE
[1288/1920] 2026-08-04 00:49:01 | R4 | 2016_0_1/48618 vs 2016_0_1/76319 → CLONE
[1289/1920] 2026-08-04 00:49:06 | R4 | 2016_0_1/117099 vs 2016_0_1/134225 → CLONE
[1290/1920] 2026-08-04 00:49:10 | R4 | 2016_0_1/134225 vs 2016_0_1/88781 → CLONE
[1291/1920] 2026-08-04 00:49:16 | R4 | 2016_0_1/88781 vs 2016_0_1/39027 → CLONE
[1292/1920] 2026-08-04 00:49:21 | R4 | 2016_0_1/39027 vs 2016_0_1/117099 → CLONE
[1293/1920] 2026-08-04 00:49:25 | R4 | 2016_0_1/100898 vs 2016_0_1/143909 → CLONE
[1294/1920] 2026-08-04 00:49:28 | R4 | 2016_0_1/143909 vs 2016_0_1/71388 → CLONE
[1295/1920] 2026-08-04 00:49:32 | R4 | 2016_0_1/71388 vs 2016_0_1/113708 → CLONE
[1296/1920] 2026-08-04 00:49:36 | R4 | 2016_0_1/113708 vs 2016_0_1/100898 → CLONE
[1297/1920] 2026-08-04 00:49:42 | R4 | 2016_0_4/136626 vs 2016_0_4/135114 → CLONE
[1298/1920] 2026-08-04 00:49:47 | R4 | 2016_0_4/135114 vs 2016_0_4/63570 → CLONE
[1299/1920] 2026-08-04 00:49:52 | R4 | 2016_0_4/63570 vs 2016_0_4/80717 → CLONE
[1300/1920] 2026-08-04 00:49:58 | R4 | 2016_0_4/80717 vs 2016_0_4/136626 → CLONE
[1301/1920] 2026-08-04 00:50:05 | R4 | 2016_0_4/125922 vs 2016_0_4/90060 → CLONE
[1302/1920] 2026-08-04 00:50:11 | R4 | 2016_0_4/90060 vs 2016_0_4/158305 → CLONE
[1303/1920] 2026-08-04 00:50:20 | R4 | 2016_0_4/158305 vs 2016_0_4/139021 → CLONE
[1304/1920] 2026-08-04 00:50:29 | R4 | 2016_0_4/139021 vs 2016_0_4/125922 → CLONE
[1305/1920] 2026-08-04 00:50:39 | R4 | 2016_0_4/99642 vs 2016_0_4/45917 → CLONE
[1306/1920] 2026-08-04 00:50:46 | R4 | 2016_0_4/45917 vs 2016_0_4/142083 → CLONE
[1307/1920] 2026-08-04 00:50:51 | R4 | 2016_0_4/142083 vs 2016_0_4/37736 → CLONE
[1308/1920] 2026-08-04 00:50:58 | R4 | 2016_0_4/37736 vs 2016_0_4/99642 → CLONE
[1309/1920] 2026-08-04 00:51:03 | R4 | 2016_1_1/15819 vs 2016_1_1/15421 → CLONE
[1310/1920] 2026-08-04 00:51:07 | R4 | 2016_1_1/15421 vs 2016_1_1/3308 → CLONE
[1311/1920] 2026-08-04 00:51:10 | R4 | 2016_1_1/3308 vs 2016_1_1/3735 → CLONE
[1312/1920] 2026-08-04 00:51:15 | R4 | 2016_1_1/3735 vs 2016_1_1/15819 → CLONE
[1313/1920] 2026-08-04 00:51:20 | R4 | 2016_1_1/28201 vs 2016_1_1/31768 → CLONE
[1314/1920] 2026-08-04 00:51:24 | R4 | 2016_1_1/31768 vs 2016_1_1/33316 → CLONE
[1315/1920] 2026-08-04 00:51:30 | R4 | 2016_1_1/33316 vs 2016_1_1/18665 → CLONE
[1316/1920] 2026-08-04 00:51:36 | R4 | 2016_1_1/18665 vs 2016_1_1/28201 → CLONE
[1317/1920] 2026-08-04 00:51:40 | R4 | 2016_1_1/22113 vs 2016_1_1/20829 → CLONE
[1318/1920] 2026-08-04 00:51:45 | R4 | 2016_1_1/20829 vs 2016_1_1/14703 → CLONE
[1319/1920] 2026-08-04 00:51:49 | R4 | 2016_1_1/14703 vs 2016_1_1/4557 → CLONE
[1320/1920] 2026-08-04 00:51:54 | R4 | 2016_1_1/4557 vs 2016_1_1/22113 → CLONE
[1321/1920] 2026-08-04 00:51:58 | R4 | 2016_1_2/23627 vs 2016_1_2/7905 → CLONE
[1322/1920] 2026-08-04 00:52:02 | R4 | 2016_1_2/7905 vs 2016_1_2/30453 → CLONE
[1323/1920] 2026-08-04 00:52:05 | R4 | 2016_1_2/30453 vs 2016_1_2/22155 → CLONE
[1324/1920] 2026-08-04 00:52:10 | R4 | 2016_1_2/22155 vs 2016_1_2/23627 → CLONE
[1325/1920] 2026-08-04 00:52:14 | R4 | 2016_1_2/26561 vs 2016_1_2/22827 → CLONE
[1326/1920] 2026-08-04 00:52:18 | R4 | 2016_1_2/22827 vs 2016_1_2/14745 → CLONE
[1327/1920] 2026-08-04 00:52:23 | R4 | 2016_1_2/14745 vs 2016_1_2/21265 → CLONE
[1328/1920] 2026-08-04 00:52:28 | R4 | 2016_1_2/21265 vs 2016_1_2/26561 → CLONE
[1329/1920] 2026-08-04 00:52:32 | R4 | 2016_1_2/21848 vs 2016_1_2/26565 → CLONE
[1330/1920] 2026-08-04 00:52:36 | R4 | 2016_1_2/26565 vs 2016_1_2/7956 → CLONE
[1331/1920] 2026-08-04 00:52:40 | R4 | 2016_1_2/7956 vs 2016_1_2/19133 → CLONE
[1332/1920] 2026-08-04 00:52:46 | R4 | 2016_1_2/19133 vs 2016_1_2/21848 → CLONE
[1333/1920] 2026-08-04 00:52:55 | R4 | 2016_2_1/201276 vs 2016_2_1/194349 → CLONE
[1334/1920] 2026-08-04 00:53:01 | R4 | 2016_2_1/194349 vs 2016_2_1/185295 → CLONE
[1335/1920] 2026-08-04 00:53:14 | R4 | 2016_2_1/185295 vs 2016_2_1/198100 → CLONE
[1336/1920] 2026-08-04 00:53:30 | R4 | 2016_2_1/198100 vs 2016_2_1/201276 → CLONE
[1337/1920] 2026-08-04 00:53:37 | R4 | 2016_2_1/180026 vs 2016_2_1/186531 → CLONE
[1338/1920] 2026-08-04 00:53:42 | R4 | 2016_2_1/186531 vs 2016_2_1/196651 → CLONE
[1339/1920] 2026-08-04 00:53:47 | R4 | 2016_2_1/196651 vs 2016_2_1/193717 → CLONE
[1340/1920] 2026-08-04 00:53:52 | R4 | 2016_2_1/193717 vs 2016_2_1/180026 → CLONE
[1341/1920] 2026-08-04 00:54:04 | R4 | 2016_2_1/193929 vs 2016_2_1/179503 → CLONE
[1342/1920] 2026-08-04 00:54:12 | R4 | 2016_2_1/179503 vs 2016_2_1/182378 → CLONE
[1343/1920] 2026-08-04 00:54:22 | R4 | 2016_2_1/182378 vs 2016_2_1/200006 → CLONE
[1344/1920] 2026-08-04 00:54:35 | R4 | 2016_2_1/200006 vs 2016_2_1/193929 → CLONE
[1345/1920] 2026-08-04 00:54:46 | R4 | 2013_0_1/103399 vs 2015_0_2/96440 → NON-CLONE
[1346/1920] 2026-08-04 00:54:57 | R4 | 2013_0_1/49244 vs 2016_2_1/186531 → NON-CLONE
[1347/1920] 2026-08-04 00:55:06 | R4 | 2013_0_1/126886 vs 2016_0_4/45917 → NON-CLONE
[1348/1920] 2026-08-04 00:55:13 | R4 | 2013_0_1/99825 vs 2016_1_2/23627 → NON-CLONE
[1349/1920] 2026-08-04 00:55:23 | R4 | 2013_0_1/98087 vs 2014_3_1/135560 → NON-CLONE
[1350/1920] 2026-08-04 00:55:31 | R4 | 2013_0_1/72071 vs 2015_0_3/103774 → NON-CLONE
[1351/1920] 2026-08-04 00:55:37 | R4 | 2013_0_1/125888 vs 2014_2_1/114208 → NON-CLONE
[1352/1920] 2026-08-04 00:55:44 | R4 | 2013_0_1/91336 vs 2015_0_3/42051 → NON-CLONE
[1353/1920] 2026-08-04 00:55:54 | R4 | 2013_0_1/70537 vs 2015_0_3/49764 → NON-CLONE
[1354/1920] 2026-08-04 00:55:59 | R4 | 2013_0_1/84842 vs 2016_1_1/28201 → NON-CLONE
[1355/1920] 2026-08-04 00:56:08 | R4 | 2013_0_1/102913 vs 2016_0_4/135114 → NON-CLONE
[1356/1920] 2026-08-04 00:56:14 | R4 | 2013_0_1/127485 vs 2016_0_1/100898 → NON-CLONE
[1357/1920] 2026-08-04 00:56:19 | R4 | 2013_0_2/95524 vs 2015_0_2/38840 → NON-CLONE
[1358/1920] 2026-08-04 00:56:26 | R4 | 2013_0_2/44471 vs 2014_2_1/114208 → NON-CLONE
[1359/1920] 2026-08-04 00:56:33 | R4 | 2013_0_2/55421 vs 2016_2_1/196651 → NON-CLONE
[1360/1920] 2026-08-04 00:56:40 | R4 | 2013_0_2/83774 vs 2016_2_1/201276 → NON-CLONE
[1361/1920] 2026-08-04 00:56:43 | R4 | 2013_0_2/140779 vs 2013_1_1/30519 → NON-CLONE
[1362/1920] 2026-08-04 00:56:49 | R4 | 2013_0_2/91409 vs 2013_0_3/102207 → NON-CLONE
[1363/1920] 2026-08-04 00:56:55 | R4 | 2013_0_2/78034 vs 2014_2_1/129296 → NON-CLONE
[1364/1920] 2026-08-04 00:57:00 | R4 | 2013_0_2/122219 vs 2014_3_1/138308 → NON-CLONE
[1365/1920] 2026-08-04 00:57:05 | R4 | 2013_0_2/85165 vs 2014_3_1/134611 → NON-CLONE
[1366/1920] 2026-08-04 00:57:11 | R4 | 2013_0_2/71957 vs 2016_1_1/15819 → NON-CLONE
[1367/1920] 2026-08-04 00:57:15 | R4 | 2013_0_2/96711 vs 2013_0_3/51164 → NON-CLONE
[1368/1920] 2026-08-04 00:57:18 | R4 | 2013_0_2/68303 vs 2016_0_1/71388 → NON-CLONE
[1369/1920] 2026-08-04 00:57:34 | R4 | 2013_0_3/108834 vs 2016_0_1/39027 → NON-CLONE
[1370/1920] 2026-08-04 00:57:39 | R4 | 2013_0_3/59317 vs 2016_1_2/26565 → NON-CLONE
[1371/1920] 2026-08-04 00:57:48 | R4 | 2013_0_3/74156 vs 2015_0_3/49764 → NON-CLONE
[1372/1920] 2026-08-04 00:57:55 | R4 | 2013_0_3/102625 vs 2013_0_1/126886 → NON-CLONE
[1373/1920] 2026-08-04 00:58:03 | R4 | 2013_0_3/81195 vs 2014_2_1/131873 → NON-CLONE
[1374/1920] 2026-08-04 00:58:17 | R4 | 2013_0_3/53348 vs 2015_0_3/72742 → NON-CLONE
[1375/1920] 2026-08-04 00:58:20 | R4 | 2013_0_3/102207 vs 2015_1_1/122934 → NON-CLONE
[1376/1920] 2026-08-04 00:58:26 | R4 | 2013_0_3/51164 vs 2014_2_1/129296 → NON-CLONE
[1377/1920] 2026-08-04 00:58:31 | R4 | 2013_0_3/70289 vs 2015_0_4/63026 → NON-CLONE
[1378/1920] 2026-08-04 00:58:35 | R4 | 2013_0_3/89287 vs 2016_1_1/15421 → NON-CLONE
[1379/1920] 2026-08-04 00:58:39 | R4 | 2013_0_3/92037 vs 2014_3_1/134611 → NON-CLONE
[1380/1920] 2026-08-04 00:58:44 | R4 | 2013_0_3/132829 vs 2016_1_1/14703 → NON-CLONE
[1381/1920] 2026-08-04 00:58:50 | R4 | 2013_1_1/42047 vs 2013_0_1/99825 → NON-CLONE
[1382/1920] 2026-08-04 00:58:56 | R4 | 2013_1_1/30835 vs 2015_0_3/103774 → NON-CLONE
[1383/1920] 2026-08-04 00:59:00 | R4 | 2013_1_1/32414 vs 2016_2_1/179503 → NON-CLONE
[1384/1920] 2026-08-04 00:59:05 | R4 | 2013_1_1/28766 vs 2015_0_1/47939 → NON-CLONE
[1385/1920] 2026-08-04 00:59:09 | R4 | 2013_1_1/30228 vs 2016_2_1/185295 → NON-CLONE
[1386/1920] 2026-08-04 00:59:14 | R4 | 2013_1_1/30618 vs 2014_2_1/115757 → NON-CLONE
[1387/1920] 2026-08-04 00:59:18 | R4 | 2013_1_1/37029 vs 2015_0_4/86932 → NON-CLONE
[1388/1920] 2026-08-04 00:59:23 | R4 | 2013_1_1/32497 vs 2016_2_1/194349 → NON-CLONE
[1389/1920] 2026-08-04 00:59:27 | R4 | 2013_1_1/30519 vs 2015_0_1/65110 → NON-CLONE
[1390/1920] 2026-08-04 00:59:34 | R4 | 2013_1_1/34507 vs 2014_3_1/138308 → NON-CLONE
[1391/1920] 2026-08-04 00:59:39 | R4 | 2013_1_1/39026 vs 2016_0_1/143909 → NON-CLONE
[1392/1920] 2026-08-04 00:59:45 | R4 | 2013_1_1/31779 vs 2014_3_1/132142 → NON-CLONE
[1393/1920] 2026-08-04 00:59:53 | R4 | 2014_2_1/115757 vs 2013_0_1/99825 → NON-CLONE
[1394/1920] 2026-08-04 01:00:00 | R4 | 2014_2_1/129296 vs 2015_1_1/122263 → NON-CLONE
[1395/1920] 2026-08-04 01:00:06 | R4 | 2014_2_1/131873 vs 2016_1_2/19133 → NON-CLONE
[1396/1920] 2026-08-04 01:00:10 | R4 | 2014_2_1/131278 vs 2013_0_1/91336 → NON-CLONE
[1397/1920] 2026-08-04 01:00:14 | R4 | 2014_2_1/119165 vs 2013_1_1/30835 → NON-CLONE
[1398/1920] 2026-08-04 01:00:30 | R4 | 2014_2_1/118489 vs 2016_0_1/100898 → NON-CLONE
[1399/1920] 2026-08-04 01:00:35 | R4 | 2014_2_1/128920 vs 2015_0_4/68310 → NON-CLONE
[1400/1920] 2026-08-04 01:00:39 | R4 | 2014_2_1/118416 vs 2015_0_2/102321 → NON-CLONE
[1401/1920] 2026-08-04 01:00:45 | R4 | 2014_2_1/121201 vs 2013_0_2/91409 → NON-CLONE
[1402/1920] 2026-08-04 01:00:59 | R4 | 2014_2_1/118754 vs 2015_0_2/81081 → NON-CLONE
[1403/1920] 2026-08-04 01:01:03 | R4 | 2014_2_1/116147 vs 2013_0_3/74156 → NON-CLONE
[1404/1920] 2026-08-04 01:01:11 | R4 | 2014_2_1/114208 vs 2013_0_3/102625 → NON-CLONE
[1405/1920] 2026-08-04 01:01:15 | R4 | 2014_3_1/135560 vs 2016_1_2/21265 → NON-CLONE
[1406/1920] 2026-08-04 01:01:20 | R4 | 2014_3_1/138333 vs 2013_0_2/68303 → NON-CLONE
[1407/1920] 2026-08-04 01:01:25 | R4 | 2014_3_1/140281 vs 2013_1_1/30519 → NON-CLONE
[1408/1920] 2026-08-04 01:01:30 | R4 | 2014_3_1/138308 vs 2013_1_1/30519 → NON-CLONE
[1409/1920] 2026-08-04 01:01:34 | R4 | 2014_3_1/134611 vs 2016_1_2/14745 → NON-CLONE
[1410/1920] 2026-08-04 01:01:44 | R4 | 2014_3_1/132142 vs 2014_2_1/118754 → NON-CLONE
[1411/1920] 2026-08-04 01:01:51 | R4 | 2014_3_1/139209 vs 2015_0_3/49764 → NON-CLONE
[1412/1920] 2026-08-04 01:01:57 | R4 | 2014_3_1/139370 vs 2016_1_1/15819 → NON-CLONE
[1413/1920] 2026-08-04 01:02:00 | R4 | 2014_3_1/143074 vs 2015_0_2/91000 → NON-CLONE
[1414/1920] 2026-08-04 01:02:03 | R4 | 2014_3_1/142092 vs 2015_0_1/106809 → NON-CLONE
[1415/1920] 2026-08-04 01:02:07 | R4 | 2014_3_1/134295 vs 2015_0_4/94256 → NON-CLONE
[1416/1920] 2026-08-04 01:02:10 | R4 | 2014_3_1/132975 vs 2016_0_4/135114 → NON-CLONE
[1417/1920] 2026-08-04 01:02:15 | R4 | 2015_0_1/47939 vs 2016_0_1/71388 → NON-CLONE
[1418/1920] 2026-08-04 01:02:20 | R4 | 2015_0_1/43660 vs 2016_1_1/33316 → NON-CLONE
[1419/1920] 2026-08-04 01:02:30 | R4 | 2015_0_1/100718 vs 2016_2_1/198100 → NON-CLONE
[1420/1920] 2026-08-04 01:02:34 | R4 | 2015_0_1/44230 vs 2016_1_1/18665 → NON-CLONE
[1421/1920] 2026-08-04 01:02:41 | R4 | 2015_0_1/64620 vs 2013_1_1/37029 → NON-CLONE
[1422/1920] 2026-08-04 01:02:50 | R4 | 2015_0_1/65110 vs 2015_0_3/42051 → NON-CLONE
[1423/1920] 2026-08-04 01:02:54 | R4 | 2015_0_1/106809 vs 2015_0_2/96440 → NON-CLONE
[1424/1920] 2026-08-04 01:02:57 | R4 | 2015_0_1/86599 vs 2013_0_2/96711 → NON-CLONE
[1425/1920] 2026-08-04 01:03:02 | R4 | 2015_0_1/60803 vs 2015_1_1/111866 → NON-CLONE
[1426/1920] 2026-08-04 01:03:07 | R4 | 2015_0_1/25955 vs 2013_0_1/72071 → NON-CLONE
[1427/1920] 2026-08-04 01:03:13 | R4 | 2015_0_1/28465 vs 2015_0_2/88257 → NON-CLONE
[1428/1920] 2026-08-04 01:03:20 | R4 | 2015_0_1/96593 vs 2015_0_2/40957 → NON-CLONE
[1429/1920] 2026-08-04 01:03:26 | R4 | 2015_0_2/91000 vs 2013_0_1/98087 → NON-CLONE
[1430/1920] 2026-08-04 01:03:33 | R4 | 2015_0_2/21812 vs 2013_0_3/102625 → NON-CLONE
[1431/1920] 2026-08-04 01:03:39 | R4 | 2015_0_2/40957 vs 2013_0_2/71957 → NON-CLONE
[1432/1920] 2026-08-04 01:03:43 | R4 | 2015_0_2/96440 vs 2015_0_1/86599 → NON-CLONE
[1433/1920] 2026-08-04 01:03:46 | R4 | 2015_0_2/88257 vs 2013_0_2/68303 → NON-CLONE
[1434/1920] 2026-08-04 01:03:52 | R4 | 2015_0_2/38840 vs 2013_0_1/127485 → NON-CLONE
[1435/1920] 2026-08-04 01:03:59 | R4 | 2015_0_2/36519 vs 2015_1_1/111086 → NON-CLONE
[1436/1920] 2026-08-04 01:04:12 | R4 | 2015_0_2/81081 vs 2013_0_3/108834 → NON-CLONE
[1437/1920] 2026-08-04 01:04:16 | R4 | 2015_0_2/100159 vs 2016_2_1/179503 → NON-CLONE
[1438/1920] 2026-08-04 01:04:19 | R4 | 2015_0_2/103402 vs 2015_0_1/106809 → NON-CLONE
[1439/1920] 2026-08-04 01:04:28 | R4 | 2015_0_2/102321 vs 2015_0_3/72742 → NON-CLONE
[1440/1920] 2026-08-04 01:04:31 | R4 | 2015_0_2/55775 vs 2016_1_2/14745 → NON-CLONE
[1441/1920] 2026-08-04 01:04:38 | R4 | 2015_0_3/42051 vs 2015_0_1/44230 → NON-CLONE
[1442/1920] 2026-08-04 01:04:45 | R4 | 2015_0_3/47513 vs 2013_1_1/34507 → NON-CLONE
[1443/1920] 2026-08-04 01:04:54 | R4 | 2015_0_3/96608 vs 2016_1_2/14745 → NON-CLONE
[1444/1920] 2026-08-04 01:05:02 | R4 | 2015_0_3/41900 vs 2015_0_1/96593 → NON-CLONE
[1445/1920] 2026-08-04 01:05:10 | R4 | 2015_0_3/49764 vs 2016_1_2/14745 → NON-CLONE
[1446/1920] 2026-08-04 01:05:16 | R4 | 2015_0_3/23036 vs 2016_0_4/142083 → NON-CLONE
[1447/1920] 2026-08-04 01:05:21 | R4 | 2015_0_3/103585 vs 2014_3_1/138308 → NON-CLONE
[1448/1920] 2026-08-04 01:05:26 | R4 | 2015_0_3/103774 vs 2013_0_3/89287 → NON-CLONE
[1449/1920] 2026-08-04 01:05:35 | R4 | 2015_0_3/72742 vs 2013_0_3/89287 → NON-CLONE
[1450/1920] 2026-08-04 01:05:39 | R4 | 2015_0_3/19800 vs 2016_1_1/22113 → NON-CLONE
[1451/1920] 2026-08-04 01:05:47 | R4 | 2015_0_3/102323 vs 2016_0_1/76319 → NON-CLONE
[1452/1920] 2026-08-04 01:05:58 | R4 | 2015_0_3/18309 vs 2016_1_1/15819 → NON-CLONE
[1453/1920] 2026-08-04 01:06:04 | R4 | 2015_0_4/86262 vs 2016_0_4/80717 → NON-CLONE
[1454/1920] 2026-08-04 01:06:10 | R4 | 2015_0_4/30398 vs 2016_1_2/26565 → NON-CLONE
[1455/1920] 2026-08-04 01:06:14 | R4 | 2015_0_4/29877 vs 2013_0_2/122219 → NON-CLONE
[1456/1920] 2026-08-04 01:06:19 | R4 | 2015_0_4/63026 vs 2013_0_3/92037 → NON-CLONE
[1457/1920] 2026-08-04 01:06:25 | R4 | 2015_0_4/86932 vs 2013_0_2/71957 → NON-CLONE
[1458/1920] 2026-08-04 01:06:30 | R4 | 2015_0_4/60776 vs 2016_0_4/158305 → NON-CLONE
[1459/1920] 2026-08-04 01:06:33 | R4 | 2015_0_4/57828 vs 2015_1_1/111866 → NON-CLONE
[1460/1920] 2026-08-04 01:06:38 | R4 | 2015_0_4/94256 vs 2013_1_1/42047 → NON-CLONE
[1461/1920] 2026-08-04 01:06:42 | R4 | 2015_0_4/74018 vs 2015_0_2/91000 → NON-CLONE
[1462/1920] 2026-08-04 01:06:48 | R4 | 2015_0_4/68310 vs 2014_3_1/134611 → NON-CLONE
[1463/1920] 2026-08-04 01:06:57 | R4 | 2015_0_4/19708 vs 2014_3_1/138308 → NON-CLONE
[1464/1920] 2026-08-04 01:07:01 | R4 | 2015_0_4/78114 vs 2016_1_1/3308 → NON-CLONE
[1465/1920] 2026-08-04 01:07:06 | R4 | 2015_1_1/112276 vs 2013_1_1/31779 → NON-CLONE
[1466/1920] 2026-08-04 01:07:12 | R4 | 2015_1_1/118030 vs 2016_1_1/15421 → NON-CLONE
[1467/1920] 2026-08-04 01:07:18 | R4 | 2015_1_1/112898 vs 2014_3_1/134611 → NON-CLONE
[1468/1920] 2026-08-04 01:07:26 | R4 | 2015_1_1/111086 vs 2015_0_2/55775 → NON-CLONE
[1469/1920] 2026-08-04 01:07:33 | R4 | 2015_1_1/122263 vs 2016_1_2/26561 → NON-CLONE
[1470/1920] 2026-08-04 01:07:38 | R4 | 2015_1_1/111866 vs 2015_0_2/91000 → NON-CLONE
[1471/1920] 2026-08-04 01:07:43 | R4 | 2015_1_1/117734 vs 2013_0_3/59317 → NON-CLONE
[1472/1920] 2026-08-04 01:07:47 | R4 | 2015_1_1/124602 vs 2016_1_1/20829 → NON-CLONE
[1473/1920] 2026-08-04 01:07:51 | R4 | 2015_1_1/111647 vs 2013_0_3/92037 → NON-CLONE
[1474/1920] 2026-08-04 01:07:54 | R4 | 2015_1_1/122934 vs 2013_0_2/83774 → NON-CLONE
[1475/1920] 2026-08-04 01:08:01 | R4 | 2015_1_1/111264 vs 2013_0_1/99825 → NON-CLONE
[1476/1920] 2026-08-04 01:08:11 | R4 | 2015_1_1/121770 vs 2013_0_3/53348 → NON-CLONE
[1477/1920] 2026-08-04 01:08:17 | R4 | 2016_0_1/76319 vs 2015_0_1/25955 → NON-CLONE
[1478/1920] 2026-08-04 01:08:26 | R4 | 2016_0_1/117099 vs 2014_2_1/118754 → NON-CLONE
[1479/1920] 2026-08-04 01:08:30 | R4 | 2016_0_1/100898 vs 2016_0_4/142083 → NON-CLONE
[1480/1920] 2026-08-04 01:08:33 | R4 | 2016_0_1/65647 vs 2016_1_2/21265 → NON-CLONE
[1481/1920] 2026-08-04 01:08:37 | R4 | 2016_0_1/134225 vs 2016_1_2/22155 → NON-CLONE
[1482/1920] 2026-08-04 01:08:42 | R4 | 2016_0_1/143909 vs 2015_0_1/47939 → NON-CLONE
[1483/1920] 2026-08-04 01:08:48 | R4 | 2016_0_1/94639 vs 2016_0_4/135114 → NON-CLONE
[1484/1920] 2026-08-04 01:08:52 | R4 | 2016_0_1/88781 vs 2013_0_2/71957 → NON-CLONE
[1485/1920] 2026-08-04 01:09:00 | R4 | 2016_0_1/71388 vs 2014_2_1/118754 → NON-CLONE
[1486/1920] 2026-08-04 01:09:04 | R4 | 2016_0_1/48618 vs 2015_1_1/124602 → NON-CLONE
[1487/1920] 2026-08-04 01:09:15 | R4 | 2016_0_1/39027 vs 2013_0_1/103399 → NON-CLONE
[1488/1920] 2026-08-04 01:09:19 | R4 | 2016_0_1/113708 vs 2016_0_4/136626 → NON-CLONE
[1489/1920] 2026-08-04 01:09:26 | R4 | 2016_0_4/136626 vs 2015_0_2/81081 → NON-CLONE
[1490/1920] 2026-08-04 01:09:32 | R4 | 2016_0_4/125922 vs 2016_1_1/4557 → NON-CLONE
[1491/1920] 2026-08-04 01:09:45 | R4 | 2016_0_4/99642 vs 2015_0_3/49764 → NON-CLONE
[1492/1920] 2026-08-04 01:09:48 | R4 | 2016_0_4/135114 vs 2016_1_1/15819 → NON-CLONE
[1493/1920] 2026-08-04 01:09:53 | R4 | 2016_0_4/90060 vs 2016_1_2/21265 → NON-CLONE
[1494/1920] 2026-08-04 01:09:59 | R4 | 2016_0_4/45917 vs 2014_2_1/128920 → NON-CLONE
[1495/1920] 2026-08-04 01:10:03 | R4 | 2016_0_4/63570 vs 2014_3_1/138308 → NON-CLONE
[1496/1920] 2026-08-04 01:10:10 | R4 | 2016_0_4/158305 vs 2015_0_3/41900 → NON-CLONE
[1497/1920] 2026-08-04 01:10:13 | R4 | 2016_0_4/142083 vs 2015_0_1/43660 → NON-CLONE
[1498/1920] 2026-08-04 01:10:18 | R4 | 2016_0_4/80717 vs 2013_0_2/91409 → NON-CLONE
[1499/1920] 2026-08-04 01:10:26 | R4 | 2016_0_4/139021 vs 2013_0_2/78034 → NON-CLONE
[1500/1920] 2026-08-04 01:10:33 | R4 | 2016_0_4/37736 vs 2015_0_3/72742 → NON-CLONE
[1501/1920] 2026-08-04 01:10:38 | R4 | 2016_1_1/15819 vs 2013_0_2/85165 → NON-CLONE
[1502/1920] 2026-08-04 01:10:43 | R4 | 2016_1_1/28201 vs 2013_0_2/78034 → NON-CLONE
[1503/1920] 2026-08-04 01:10:47 | R4 | 2016_1_1/22113 vs 2016_1_2/7956 → NON-CLONE
[1504/1920] 2026-08-04 01:10:57 | R4 | 2016_1_1/15421 vs 2016_2_1/193929 → NON-CLONE
[1505/1920] 2026-08-04 01:11:01 | R4 | 2016_1_1/31768 vs 2014_2_1/118416 → NON-CLONE
[1506/1920] 2026-08-04 01:11:06 | R4 | 2016_1_1/20829 vs 2013_0_2/85165 → NON-CLONE
[1507/1920] 2026-08-04 01:11:12 | R4 | 2016_1_1/3308 vs 2016_2_1/186531 → NON-CLONE
[1508/1920] 2026-08-04 01:11:17 | R4 | 2016_1_1/33316 vs 2013_0_3/74156 → NON-CLONE
[1509/1920] 2026-08-04 01:11:20 | R4 | 2016_1_1/14703 vs 2014_3_1/140281 → NON-CLONE
[1510/1920] 2026-08-04 01:11:24 | R4 | 2016_1_1/3735 vs 2013_0_2/85165 → NON-CLONE
[1511/1920] 2026-08-04 01:11:29 | R4 | 2016_1_1/18665 vs 2013_0_2/85165 → NON-CLONE
[1512/1920] 2026-08-04 01:11:33 | R4 | 2016_1_1/4557 vs 2015_0_1/106809 → NON-CLONE
[1513/1920] 2026-08-04 01:11:37 | R4 | 2016_1_2/23627 vs 2016_0_1/88781 → NON-CLONE
[1514/1920] 2026-08-04 01:11:43 | R4 | 2016_1_2/26561 vs 2013_1_1/37029 → NON-CLONE
[1515/1920] 2026-08-04 01:11:47 | R4 | 2016_1_2/21848 vs 2015_0_2/96440 → NON-CLONE
[1516/1920] 2026-08-04 01:11:53 | R4 | 2016_1_2/7905 vs 2013_0_2/44471 → NON-CLONE
[1517/1920] 2026-08-04 01:11:56 | R4 | 2016_1_2/22827 vs 2013_0_3/74156 → NON-CLONE
[1518/1920] 2026-08-04 01:12:00 | R4 | 2016_1_2/26565 vs 2016_0_1/113708 → NON-CLONE
[1519/1920] 2026-08-04 01:12:04 | R4 | 2016_1_2/30453 vs 2016_2_1/193717 → NON-CLONE
[1520/1920] 2026-08-04 01:12:12 | R4 | 2016_1_2/14745 vs 2015_0_3/18309 → NON-CLONE
[1521/1920] 2026-08-04 01:12:16 | R4 | 2016_1_2/7956 vs 2015_0_2/96440 → NON-CLONE
[1522/1920] 2026-08-04 01:12:20 | R4 | 2016_1_2/22155 vs 2014_3_1/139370 → NON-CLONE
[1523/1920] 2026-08-04 01:12:30 | R4 | 2016_1_2/21265 vs 2015_0_3/72742 → NON-CLONE
[1524/1920] 2026-08-04 01:12:34 | R4 | 2016_1_2/19133 vs 2015_0_1/86599 → NON-CLONE
[1525/1920] 2026-08-04 01:12:47 | R4 | 2016_2_1/201276 vs 2015_0_2/81081 → NON-CLONE
[1526/1920] 2026-08-04 01:12:50 | R4 | 2016_2_1/180026 vs 2016_0_1/143909 → NON-CLONE
[1527/1920] 2026-08-04 01:12:59 | R4 | 2016_2_1/193929 vs 2013_1_1/34507 → NON-CLONE
[1528/1920] 2026-08-04 01:13:06 | R4 | 2016_2_1/194349 vs 2015_0_3/103774 → NON-CLONE
[1529/1920] 2026-08-04 01:13:12 | R4 | 2016_2_1/186531 vs 2016_1_1/15819 → NON-CLONE
[1530/1920] 2026-08-04 01:13:25 | R4 | 2016_2_1/179503 vs 2015_0_3/18309 → NON-CLONE
[1531/1920] 2026-08-04 01:13:41 | R4 | 2016_2_1/185295 vs 2013_0_3/108834 → NON-CLONE
[1532/1920] 2026-08-04 01:13:47 | R4 | 2016_2_1/196651 vs 2013_0_1/126886 → NON-CLONE
[1533/1920] 2026-08-04 01:13:54 | R4 | 2016_2_1/182378 vs 2016_1_1/15819 → NON-CLONE
[1534/1920] 2026-08-04 01:14:02 | R4 | 2016_2_1/198100 vs 2013_0_3/51164 → NON-CLONE
[1535/1920] 2026-08-04 01:14:16 | R4 | 2016_2_1/193717 vs 2013_0_3/108834 → NON-CLONE
[1536/1920] 2026-08-04 01:14:23 | R4 | 2016_2_1/200006 vs 2015_0_1/47939 → NON-CLONE
Round 4 done → results_gcj_crosslang/cogito-v1-preview-llama-8B/results_original_deepcogito__cogito-v1-preview-llama-8B_round4.csv
--- Round 5/5 (0 done, 384 remaining) ---
[1537/1920] 2026-08-04 01:14:35 | R5 | 2013_0_1/103399 vs 2013_0_1/99825 → CLONE
[1538/1920] 2026-08-04 01:14:43 | R5 | 2013_0_1/99825 vs 2013_0_1/125888 → CLONE
[1539/1920] 2026-08-04 01:14:48 | R5 | 2013_0_1/125888 vs 2013_0_1/84842 → CLONE
[1540/1920] 2026-08-04 01:14:57 | R5 | 2013_0_1/84842 vs 2013_0_1/103399 → CLONE
[1541/1920] 2026-08-04 01:15:10 | R5 | 2013_0_1/49244 vs 2013_0_1/98087 → CLONE
[1542/1920] 2026-08-04 01:15:18 | R5 | 2013_0_1/98087 vs 2013_0_1/91336 → CLONE
[1543/1920] 2026-08-04 01:15:27 | R5 | 2013_0_1/91336 vs 2013_0_1/102913 → CLONE
[1544/1920] 2026-08-04 01:15:39 | R5 | 2013_0_1/102913 vs 2013_0_1/49244 → CLONE
[1545/1920] 2026-08-04 01:15:50 | R5 | 2013_0_1/126886 vs 2013_0_1/72071 → CLONE
[1546/1920] 2026-08-04 01:15:57 | R5 | 2013_0_1/72071 vs 2013_0_1/70537 → CLONE
[1547/1920] 2026-08-04 01:16:04 | R5 | 2013_0_1/70537 vs 2013_0_1/127485 → CLONE
[1548/1920] 2026-08-04 01:16:15 | R5 | 2013_0_1/127485 vs 2013_0_1/126886 → CLONE
[1549/1920] 2026-08-04 01:16:22 | R5 | 2013_0_2/95524 vs 2013_0_2/83774 → CLONE
[1550/1920] 2026-08-04 01:16:27 | R5 | 2013_0_2/83774 vs 2013_0_2/78034 → CLONE
[1551/1920] 2026-08-04 01:16:31 | R5 | 2013_0_2/78034 vs 2013_0_2/71957 → CLONE
[1552/1920] 2026-08-04 01:16:38 | R5 | 2013_0_2/71957 vs 2013_0_2/95524 → CLONE
[1553/1920] 2026-08-04 01:16:44 | R5 | 2013_0_2/44471 vs 2013_0_2/140779 → CLONE
[1554/1920] 2026-08-04 01:16:49 | R5 | 2013_0_2/140779 vs 2013_0_2/122219 → CLONE
[1555/1920] 2026-08-04 01:16:54 | R5 | 2013_0_2/122219 vs 2013_0_2/96711 → CLONE
[1556/1920] 2026-08-04 01:17:00 | R5 | 2013_0_2/96711 vs 2013_0_2/44471 → CLONE
[1557/1920] 2026-08-04 01:17:08 | R5 | 2013_0_2/55421 vs 2013_0_2/91409 → CLONE
[1558/1920] 2026-08-04 01:17:14 | R5 | 2013_0_2/91409 vs 2013_0_2/85165 → CLONE
[1559/1920] 2026-08-04 01:17:20 | R5 | 2013_0_2/85165 vs 2013_0_2/68303 → CLONE
[1560/1920] 2026-08-04 01:17:27 | R5 | 2013_0_2/68303 vs 2013_0_2/55421 → CLONE
[1561/1920] 2026-08-04 01:17:46 | R5 | 2013_0_3/108834 vs 2013_0_3/102625 → CLONE
[1562/1920] 2026-08-04 01:17:52 | R5 | 2013_0_3/102625 vs 2013_0_3/102207 → CLONE
[1563/1920] 2026-08-04 01:17:59 | R5 | 2013_0_3/102207 vs 2013_0_3/89287 → CLONE
[1564/1920] 2026-08-04 01:18:12 | R5 | 2013_0_3/89287 vs 2013_0_3/108834 → CLONE
[1565/1920] 2026-08-04 01:18:19 | R5 | 2013_0_3/59317 vs 2013_0_3/81195 → CLONE
[1566/1920] 2026-08-04 01:18:24 | R5 | 2013_0_3/81195 vs 2013_0_3/51164 → CLONE
[1567/1920] 2026-08-04 01:18:28 | R5 | 2013_0_3/51164 vs 2013_0_3/92037 → CLONE
[1568/1920] 2026-08-04 01:18:35 | R5 | 2013_0_3/92037 vs 2013_0_3/59317 → CLONE
[1569/1920] 2026-08-04 01:18:45 | R5 | 2013_0_3/74156 vs 2013_0_3/53348 → CLONE
[1570/1920] 2026-08-04 01:18:55 | R5 | 2013_0_3/53348 vs 2013_0_3/70289 → CLONE
[1571/1920] 2026-08-04 01:19:01 | R5 | 2013_0_3/70289 vs 2013_0_3/132829 → CLONE
[1572/1920] 2026-08-04 01:19:06 | R5 | 2013_0_3/132829 vs 2013_0_3/74156 → CLONE
[1573/1920] 2026-08-04 01:19:14 | R5 | 2013_1_1/42047 vs 2013_1_1/28766 → CLONE
[1574/1920] 2026-08-04 01:19:19 | R5 | 2013_1_1/28766 vs 2013_1_1/37029 → CLONE
[1575/1920] 2026-08-04 01:19:25 | R5 | 2013_1_1/37029 vs 2013_1_1/34507 → CLONE
[1576/1920] 2026-08-04 01:19:32 | R5 | 2013_1_1/34507 vs 2013_1_1/42047 → CLONE
[1577/1920] 2026-08-04 01:19:37 | R5 | 2013_1_1/30835 vs 2013_1_1/30228 → CLONE
[1578/1920] 2026-08-04 01:19:41 | R5 | 2013_1_1/30228 vs 2013_1_1/32497 → CLONE
[1579/1920] 2026-08-04 01:19:47 | R5 | 2013_1_1/32497 vs 2013_1_1/39026 → CLONE
[1580/1920] 2026-08-04 01:19:52 | R5 | 2013_1_1/39026 vs 2013_1_1/30835 → CLONE
[1581/1920] 2026-08-04 01:19:57 | R5 | 2013_1_1/32414 vs 2013_1_1/30618 → CLONE
[1582/1920] 2026-08-04 01:20:01 | R5 | 2013_1_1/30618 vs 2013_1_1/30519 → CLONE
[1583/1920] 2026-08-04 01:20:05 | R5 | 2013_1_1/30519 vs 2013_1_1/31779 → CLONE
[1584/1920] 2026-08-04 01:20:11 | R5 | 2013_1_1/31779 vs 2013_1_1/32414 → CLONE
[1585/1920] 2026-08-04 01:20:17 | R5 | 2014_2_1/115757 vs 2014_2_1/131278 → CLONE
[1586/1920] 2026-08-04 01:20:23 | R5 | 2014_2_1/131278 vs 2014_2_1/128920 → CLONE
[1587/1920] 2026-08-04 01:20:32 | R5 | 2014_2_1/128920 vs 2014_2_1/118754 → CLONE
[1588/1920] 2026-08-04 01:20:43 | R5 | 2014_2_1/118754 vs 2014_2_1/115757 → CLONE
[1589/1920] 2026-08-04 01:20:50 | R5 | 2014_2_1/129296 vs 2014_2_1/119165 → CLONE
[1590/1920] 2026-08-04 01:20:59 | R5 | 2014_2_1/119165 vs 2014_2_1/118416 → CLONE
[1591/1920] 2026-08-04 01:21:04 | R5 | 2014_2_1/118416 vs 2014_2_1/116147 → CLONE
[1592/1920] 2026-08-04 01:21:11 | R5 | 2014_2_1/116147 vs 2014_2_1/129296 → CLONE
[1593/1920] 2026-08-04 01:21:30 | R5 | 2014_2_1/131873 vs 2014_2_1/118489 → CLONE
[1594/1920] 2026-08-04 01:21:47 | R5 | 2014_2_1/118489 vs 2014_2_1/121201 → CLONE
[1595/1920] 2026-08-04 01:21:54 | R5 | 2014_2_1/121201 vs 2014_2_1/114208 → CLONE
[1596/1920] 2026-08-04 01:22:02 | R5 | 2014_2_1/114208 vs 2014_2_1/131873 → CLONE
[1597/1920] 2026-08-04 01:22:08 | R5 | 2014_3_1/135560 vs 2014_3_1/138308 → CLONE
[1598/1920] 2026-08-04 01:22:14 | R5 | 2014_3_1/138308 vs 2014_3_1/139209 → CLONE
[1599/1920] 2026-08-04 01:22:19 | R5 | 2014_3_1/139209 vs 2014_3_1/142092 → CLONE
[1600/1920] 2026-08-04 01:22:25 | R5 | 2014_3_1/142092 vs 2014_3_1/135560 → CLONE
[1601/1920] 2026-08-04 01:22:30 | R5 | 2014_3_1/138333 vs 2014_3_1/134611 → CLONE
[1602/1920] 2026-08-04 01:22:36 | R5 | 2014_3_1/134611 vs 2014_3_1/139370 → CLONE
[1603/1920] 2026-08-04 01:22:41 | R5 | 2014_3_1/139370 vs 2014_3_1/134295 → CLONE
[1604/1920] 2026-08-04 01:22:45 | R5 | 2014_3_1/134295 vs 2014_3_1/138333 → CLONE
[1605/1920] 2026-08-04 01:22:51 | R5 | 2014_3_1/140281 vs 2014_3_1/132142 → CLONE
[1606/1920] 2026-08-04 01:22:57 | R5 | 2014_3_1/132142 vs 2014_3_1/143074 → CLONE
[1607/1920] 2026-08-04 01:23:01 | R5 | 2014_3_1/143074 vs 2014_3_1/132975 → CLONE
[1608/1920] 2026-08-04 01:23:05 | R5 | 2014_3_1/132975 vs 2014_3_1/140281 → CLONE
[1609/1920] 2026-08-04 01:23:09 | R5 | 2015_0_1/47939 vs 2015_0_1/44230 → CLONE
[1610/1920] 2026-08-04 01:23:13 | R5 | 2015_0_1/44230 vs 2015_0_1/106809 → CLONE
[1611/1920] 2026-08-04 01:23:16 | R5 | 2015_0_1/106809 vs 2015_0_1/25955 → CLONE
[1612/1920] 2026-08-04 01:23:21 | R5 | 2015_0_1/25955 vs 2015_0_1/47939 → CLONE
[1613/1920] 2026-08-04 01:23:27 | R5 | 2015_0_1/43660 vs 2015_0_1/64620 → CLONE
[1614/1920] 2026-08-04 01:23:32 | R5 | 2015_0_1/64620 vs 2015_0_1/86599 → CLONE
[1615/1920] 2026-08-04 01:23:38 | R5 | 2015_0_1/86599 vs 2015_0_1/28465 → CLONE
[1616/1920] 2026-08-04 01:23:44 | R5 | 2015_0_1/28465 vs 2015_0_1/43660 → CLONE
[1617/1920] 2026-08-04 01:23:47 | R5 | 2015_0_1/100718 vs 2015_0_1/65110 → CLONE
[1618/1920] 2026-08-04 01:23:51 | R5 | 2015_0_1/65110 vs 2015_0_1/60803 → CLONE
[1619/1920] 2026-08-04 01:23:54 | R5 | 2015_0_1/60803 vs 2015_0_1/96593 → CLONE
[1620/1920] 2026-08-04 01:23:59 | R5 | 2015_0_1/96593 vs 2015_0_1/100718 → CLONE
[1621/1920] 2026-08-04 01:24:04 | R5 | 2015_0_2/91000 vs 2015_0_2/96440 → CLONE
[1622/1920] 2026-08-04 01:24:10 | R5 | 2015_0_2/96440 vs 2015_0_2/36519 → CLONE
[1623/1920] 2026-08-04 01:24:14 | R5 | 2015_0_2/36519 vs 2015_0_2/103402 → CLONE
[1624/1920] 2026-08-04 01:24:18 | R5 | 2015_0_2/103402 vs 2015_0_2/91000 → CLONE
[1625/1920] 2026-08-04 01:24:23 | R5 | 2015_0_2/21812 vs 2015_0_2/88257 → CLONE
[1626/1920] 2026-08-04 01:24:31 | R5 | 2015_0_2/88257 vs 2015_0_2/81081 → CLONE
[1627/1920] 2026-08-04 01:24:39 | R5 | 2015_0_2/81081 vs 2015_0_2/102321 → CLONE
[1628/1920] 2026-08-04 01:24:44 | R5 | 2015_0_2/102321 vs 2015_0_2/21812 → CLONE
[1629/1920] 2026-08-04 01:24:49 | R5 | 2015_0_2/40957 vs 2015_0_2/38840 → CLONE
[1630/1920] 2026-08-04 01:24:53 | R5 | 2015_0_2/38840 vs 2015_0_2/100159 → CLONE
[1631/1920] 2026-08-04 01:24:58 | R5 | 2015_0_2/100159 vs 2015_0_2/55775 → CLONE
[1632/1920] 2026-08-04 01:25:02 | R5 | 2015_0_2/55775 vs 2015_0_2/40957 → CLONE
[1633/1920] 2026-08-04 01:25:15 | R5 | 2015_0_3/42051 vs 2015_0_3/41900 → CLONE
[1634/1920] 2026-08-04 01:25:25 | R5 | 2015_0_3/41900 vs 2015_0_3/103585 → CLONE
[1635/1920] 2026-08-04 01:25:33 | R5 | 2015_0_3/103585 vs 2015_0_3/19800 → CLONE
[1636/1920] 2026-08-04 01:25:44 | R5 | 2015_0_3/19800 vs 2015_0_3/42051 → CLONE
[1637/1920] 2026-08-04 01:25:58 | R5 | 2015_0_3/47513 vs 2015_0_3/49764 → CLONE
[1638/1920] 2026-08-04 01:26:10 | R5 | 2015_0_3/49764 vs 2015_0_3/103774 → CLONE
[1639/1920] 2026-08-04 01:26:19 | R5 | 2015_0_3/103774 vs 2015_0_3/102323 → CLONE
[1640/1920] 2026-08-04 01:26:31 | R5 | 2015_0_3/102323 vs 2015_0_3/47513 → CLONE
[1641/1920] 2026-08-04 01:26:45 | R5 | 2015_0_3/96608 vs 2015_0_3/23036 → CLONE
[1642/1920] 2026-08-04 01:26:56 | R5 | 2015_0_3/23036 vs 2015_0_3/72742 → CLONE
[1643/1920] 2026-08-04 01:27:12 | R5 | 2015_0_3/72742 vs 2015_0_3/18309 → CLONE
[1644/1920] 2026-08-04 01:27:31 | R5 | 2015_0_3/18309 vs 2015_0_3/96608 → CLONE
[1645/1920] 2026-08-04 01:27:38 | R5 | 2015_0_4/86262 vs 2015_0_4/63026 → CLONE
[1646/1920] 2026-08-04 01:27:42 | R5 | 2015_0_4/63026 vs 2015_0_4/57828 → CLONE
[1647/1920] 2026-08-04 01:27:47 | R5 | 2015_0_4/57828 vs 2015_0_4/68310 → CLONE
[1648/1920] 2026-08-04 01:27:54 | R5 | 2015_0_4/68310 vs 2015_0_4/86262 → CLONE
[1649/1920] 2026-08-04 01:27:58 | R5 | 2015_0_4/30398 vs 2015_0_4/86932 → CLONE
[1650/1920] 2026-08-04 01:28:03 | R5 | 2015_0_4/86932 vs 2015_0_4/94256 → CLONE
[1651/1920] 2026-08-04 01:28:12 | R5 | 2015_0_4/94256 vs 2015_0_4/19708 → CLONE
[1652/1920] 2026-08-04 01:28:21 | R5 | 2015_0_4/19708 vs 2015_0_4/30398 → CLONE
[1653/1920] 2026-08-04 01:28:26 | R5 | 2015_0_4/29877 vs 2015_0_4/60776 → CLONE
[1654/1920] 2026-08-04 01:28:31 | R5 | 2015_0_4/60776 vs 2015_0_4/74018 → CLONE
[1655/1920] 2026-08-04 01:28:36 | R5 | 2015_0_4/74018 vs 2015_0_4/78114 → CLONE
[1656/1920] 2026-08-04 01:28:42 | R5 | 2015_0_4/78114 vs 2015_0_4/29877 → CLONE
[1657/1920] 2026-08-04 01:28:52 | R5 | 2015_1_1/112276 vs 2015_1_1/111086 → CLONE
[1658/1920] 2026-08-04 01:28:58 | R5 | 2015_1_1/111086 vs 2015_1_1/117734 → CLONE
[1659/1920] 2026-08-04 01:29:02 | R5 | 2015_1_1/117734 vs 2015_1_1/122934 → CLONE
[1660/1920] 2026-08-04 01:29:08 | R5 | 2015_1_1/122934 vs 2015_1_1/112276 → CLONE
[1661/1920] 2026-08-04 01:29:15 | R5 | 2015_1_1/118030 vs 2015_1_1/122263 → CLONE
[1662/1920] 2026-08-04 01:29:20 | R5 | 2015_1_1/122263 vs 2015_1_1/124602 → CLONE
[1663/1920] 2026-08-04 01:29:24 | R5 | 2015_1_1/124602 vs 2015_1_1/111264 → CLONE
[1664/1920] 2026-08-04 01:29:30 | R5 | 2015_1_1/111264 vs 2015_1_1/118030 → CLONE
[1665/1920] 2026-08-04 01:29:36 | R5 | 2015_1_1/112898 vs 2015_1_1/111866 → CLONE
[1666/1920] 2026-08-04 01:29:40 | R5 | 2015_1_1/111866 vs 2015_1_1/111647 → CLONE
[1667/1920] 2026-08-04 01:29:46 | R5 | 2015_1_1/111647 vs 2015_1_1/121770 → CLONE
[1668/1920] 2026-08-04 01:29:51 | R5 | 2015_1_1/121770 vs 2015_1_1/112898 → CLONE
[1669/1920] 2026-08-04 01:29:56 | R5 | 2016_0_1/76319 vs 2016_0_1/65647 → CLONE
[1670/1920] 2026-08-04 01:30:01 | R5 | 2016_0_1/65647 vs 2016_0_1/94639 → CLONE
[1671/1920] 2026-08-04 01:30:06 | R5 | 2016_0_1/94639 vs 2016_0_1/48618 → CLONE
[1672/1920] 2026-08-04 01:30:10 | R5 | 2016_0_1/48618 vs 2016_0_1/76319 → CLONE
[1673/1920] 2026-08-04 01:30:14 | R5 | 2016_0_1/117099 vs 2016_0_1/134225 → CLONE
[1674/1920] 2026-08-04 01:30:19 | R5 | 2016_0_1/134225 vs 2016_0_1/88781 → CLONE
[1675/1920] 2026-08-04 01:30:24 | R5 | 2016_0_1/88781 vs 2016_0_1/39027 → CLONE
[1676/1920] 2026-08-04 01:30:29 | R5 | 2016_0_1/39027 vs 2016_0_1/117099 → CLONE
[1677/1920] 2026-08-04 01:30:34 | R5 | 2016_0_1/100898 vs 2016_0_1/143909 → CLONE
[1678/1920] 2026-08-04 01:30:37 | R5 | 2016_0_1/143909 vs 2016_0_1/71388 → CLONE
[1679/1920] 2026-08-04 01:30:40 | R5 | 2016_0_1/71388 vs 2016_0_1/113708 → CLONE
[1680/1920] 2026-08-04 01:30:44 | R5 | 2016_0_1/113708 vs 2016_0_1/100898 → CLONE
[1681/1920] 2026-08-04 01:30:50 | R5 | 2016_0_4/136626 vs 2016_0_4/135114 → CLONE
[1682/1920] 2026-08-04 01:30:55 | R5 | 2016_0_4/135114 vs 2016_0_4/63570 → CLONE
[1683/1920] 2026-08-04 01:31:00 | R5 | 2016_0_4/63570 vs 2016_0_4/80717 → CLONE
[1684/1920] 2026-08-04 01:31:06 | R5 | 2016_0_4/80717 vs 2016_0_4/136626 → CLONE
[1685/1920] 2026-08-04 01:31:12 | R5 | 2016_0_4/125922 vs 2016_0_4/90060 → CLONE
[1686/1920] 2026-08-04 01:31:18 | R5 | 2016_0_4/90060 vs 2016_0_4/158305 → CLONE
[1687/1920] 2026-08-04 01:31:27 | R5 | 2016_0_4/158305 vs 2016_0_4/139021 → CLONE
[1688/1920] 2026-08-04 01:31:36 | R5 | 2016_0_4/139021 vs 2016_0_4/125922 → CLONE
[1689/1920] 2026-08-04 01:31:46 | R5 | 2016_0_4/99642 vs 2016_0_4/45917 → CLONE
[1690/1920] 2026-08-04 01:31:53 | R5 | 2016_0_4/45917 vs 2016_0_4/142083 → CLONE
[1691/1920] 2026-08-04 01:31:58 | R5 | 2016_0_4/142083 vs 2016_0_4/37736 → CLONE
[1692/1920] 2026-08-04 01:32:05 | R5 | 2016_0_4/37736 vs 2016_0_4/99642 → CLONE
[1693/1920] 2026-08-04 01:32:10 | R5 | 2016_1_1/15819 vs 2016_1_1/15421 → CLONE
[1694/1920] 2026-08-04 01:32:15 | R5 | 2016_1_1/15421 vs 2016_1_1/3308 → CLONE
[1695/1920] 2026-08-04 01:32:18 | R5 | 2016_1_1/3308 vs 2016_1_1/3735 → CLONE
[1696/1920] 2026-08-04 01:32:22 | R5 | 2016_1_1/3735 vs 2016_1_1/15819 → CLONE
[1697/1920] 2026-08-04 01:32:28 | R5 | 2016_1_1/28201 vs 2016_1_1/31768 → CLONE
[1698/1920] 2026-08-04 01:32:33 | R5 | 2016_1_1/31768 vs 2016_1_1/33316 → CLONE
[1699/1920] 2026-08-04 01:32:38 | R5 | 2016_1_1/33316 vs 2016_1_1/18665 → CLONE
[1700/1920] 2026-08-04 01:32:44 | R5 | 2016_1_1/18665 vs 2016_1_1/28201 → CLONE
[1701/1920] 2026-08-04 01:32:49 | R5 | 2016_1_1/22113 vs 2016_1_1/20829 → CLONE
[1702/1920] 2026-08-04 01:32:53 | R5 | 2016_1_1/20829 vs 2016_1_1/14703 → CLONE
[1703/1920] 2026-08-04 01:32:57 | R5 | 2016_1_1/14703 vs 2016_1_1/4557 → CLONE
[1704/1920] 2026-08-04 01:33:02 | R5 | 2016_1_1/4557 vs 2016_1_1/22113 → CLONE
[1705/1920] 2026-08-04 01:33:07 | R5 | 2016_1_2/23627 vs 2016_1_2/7905 → CLONE
[1706/1920] 2026-08-04 01:33:11 | R5 | 2016_1_2/7905 vs 2016_1_2/30453 → CLONE
[1707/1920] 2026-08-04 01:33:14 | R5 | 2016_1_2/30453 vs 2016_1_2/22155 → CLONE
[1708/1920] 2026-08-04 01:33:19 | R5 | 2016_1_2/22155 vs 2016_1_2/23627 → CLONE
[1709/1920] 2026-08-04 01:33:23 | R5 | 2016_1_2/26561 vs 2016_1_2/22827 → CLONE
[1710/1920] 2026-08-04 01:33:26 | R5 | 2016_1_2/22827 vs 2016_1_2/14745 → CLONE
[1711/1920] 2026-08-04 01:33:30 | R5 | 2016_1_2/14745 vs 2016_1_2/21265 → CLONE
[1712/1920] 2026-08-04 01:33:36 | R5 | 2016_1_2/21265 vs 2016_1_2/26561 → CLONE
[1713/1920] 2026-08-04 01:33:40 | R5 | 2016_1_2/21848 vs 2016_1_2/26565 → CLONE
[1714/1920] 2026-08-04 01:33:45 | R5 | 2016_1_2/26565 vs 2016_1_2/7956 → CLONE
[1715/1920] 2026-08-04 01:33:48 | R5 | 2016_1_2/7956 vs 2016_1_2/19133 → CLONE
[1716/1920] 2026-08-04 01:33:54 | R5 | 2016_1_2/19133 vs 2016_1_2/21848 → CLONE
[1717/1920] 2026-08-04 01:34:02 | R5 | 2016_2_1/201276 vs 2016_2_1/194349 → CLONE
[1718/1920] 2026-08-04 01:34:09 | R5 | 2016_2_1/194349 vs 2016_2_1/185295 → CLONE
[1719/1920] 2026-08-04 01:34:21 | R5 | 2016_2_1/185295 vs 2016_2_1/198100 → CLONE
[1720/1920] 2026-08-04 01:34:36 | R5 | 2016_2_1/198100 vs 2016_2_1/201276 → CLONE
[1721/1920] 2026-08-04 01:34:44 | R5 | 2016_2_1/180026 vs 2016_2_1/186531 → CLONE
[1722/1920] 2026-08-04 01:34:49 | R5 | 2016_2_1/186531 vs 2016_2_1/196651 → CLONE
[1723/1920] 2026-08-04 01:34:53 | R5 | 2016_2_1/196651 vs 2016_2_1/193717 → CLONE
[1724/1920] 2026-08-04 01:34:59 | R5 | 2016_2_1/193717 vs 2016_2_1/180026 → CLONE
[1725/1920] 2026-08-04 01:35:10 | R5 | 2016_2_1/193929 vs 2016_2_1/179503 → CLONE
[1726/1920] 2026-08-04 01:35:19 | R5 | 2016_2_1/179503 vs 2016_2_1/182378 → CLONE
[1727/1920] 2026-08-04 01:35:29 | R5 | 2016_2_1/182378 vs 2016_2_1/200006 → CLONE
[1728/1920] 2026-08-04 01:35:43 | R5 | 2016_2_1/200006 vs 2016_2_1/193929 → CLONE
[1729/1920] 2026-08-04 01:35:54 | R5 | 2013_0_1/103399 vs 2015_0_2/96440 → NON-CLONE
[1730/1920] 2026-08-04 01:36:05 | R5 | 2013_0_1/49244 vs 2016_2_1/186531 → NON-CLONE
[1731/1920] 2026-08-04 01:36:14 | R5 | 2013_0_1/126886 vs 2016_0_4/45917 → NON-CLONE
[1732/1920] 2026-08-04 01:36:21 | R5 | 2013_0_1/99825 vs 2016_1_2/23627 → NON-CLONE
[1733/1920] 2026-08-04 01:36:31 | R5 | 2013_0_1/98087 vs 2014_3_1/135560 → NON-CLONE
[1734/1920] 2026-08-04 01:36:39 | R5 | 2013_0_1/72071 vs 2015_0_3/103774 → NON-CLONE
[1735/1920] 2026-08-04 01:36:45 | R5 | 2013_0_1/125888 vs 2014_2_1/114208 → NON-CLONE
[1736/1920] 2026-08-04 01:36:51 | R5 | 2013_0_1/91336 vs 2015_0_3/42051 → NON-CLONE
[1737/1920] 2026-08-04 01:37:01 | R5 | 2013_0_1/70537 vs 2015_0_3/49764 → NON-CLONE
[1738/1920] 2026-08-04 01:37:07 | R5 | 2013_0_1/84842 vs 2016_1_1/28201 → NON-CLONE
[1739/1920] 2026-08-04 01:37:15 | R5 | 2013_0_1/102913 vs 2016_0_4/135114 → NON-CLONE
[1740/1920] 2026-08-04 01:37:21 | R5 | 2013_0_1/127485 vs 2016_0_1/100898 → NON-CLONE
[1741/1920] 2026-08-04 01:37:26 | R5 | 2013_0_2/95524 vs 2015_0_2/38840 → NON-CLONE
[1742/1920] 2026-08-04 01:37:33 | R5 | 2013_0_2/44471 vs 2014_2_1/114208 → NON-CLONE
[1743/1920] 2026-08-04 01:37:39 | R5 | 2013_0_2/55421 vs 2016_2_1/196651 → NON-CLONE
[1744/1920] 2026-08-04 01:37:46 | R5 | 2013_0_2/83774 vs 2016_2_1/201276 → NON-CLONE
[1745/1920] 2026-08-04 01:37:49 | R5 | 2013_0_2/140779 vs 2013_1_1/30519 → NON-CLONE
[1746/1920] 2026-08-04 01:37:55 | R5 | 2013_0_2/91409 vs 2013_0_3/102207 → NON-CLONE
[1747/1920] 2026-08-04 01:38:01 | R5 | 2013_0_2/78034 vs 2014_2_1/129296 → NON-CLONE
[1748/1920] 2026-08-04 01:38:06 | R5 | 2013_0_2/122219 vs 2014_3_1/138308 → NON-CLONE
[1749/1920] 2026-08-04 01:38:11 | R5 | 2013_0_2/85165 vs 2014_3_1/134611 → NON-CLONE
[1750/1920] 2026-08-04 01:38:17 | R5 | 2013_0_2/71957 vs 2016_1_1/15819 → NON-CLONE
[1751/1920] 2026-08-04 01:38:20 | R5 | 2013_0_2/96711 vs 2013_0_3/51164 → NON-CLONE
[1752/1920] 2026-08-04 01:38:23 | R5 | 2013_0_2/68303 vs 2016_0_1/71388 → NON-CLONE
[1753/1920] 2026-08-04 01:38:40 | R5 | 2013_0_3/108834 vs 2016_0_1/39027 → NON-CLONE
[1754/1920] 2026-08-04 01:38:44 | R5 | 2013_0_3/59317 vs 2016_1_2/26565 → NON-CLONE
[1755/1920] 2026-08-04 01:38:52 | R5 | 2013_0_3/74156 vs 2015_0_3/49764 → NON-CLONE
[1756/1920] 2026-08-04 01:38:59 | R5 | 2013_0_3/102625 vs 2013_0_1/126886 → NON-CLONE
[1757/1920] 2026-08-04 01:39:06 | R5 | 2013_0_3/81195 vs 2014_2_1/131873 → NON-CLONE
[1758/1920] 2026-08-04 01:39:19 | R5 | 2013_0_3/53348 vs 2015_0_3/72742 → NON-CLONE
[1759/1920] 2026-08-04 01:39:23 | R5 | 2013_0_3/102207 vs 2015_1_1/122934 → NON-CLONE
[1760/1920] 2026-08-04 01:39:27 | R5 | 2013_0_3/51164 vs 2014_2_1/129296 → NON-CLONE
[1761/1920] 2026-08-04 01:39:32 | R5 | 2013_0_3/70289 vs 2015_0_4/63026 → NON-CLONE
[1762/1920] 2026-08-04 01:39:36 | R5 | 2013_0_3/89287 vs 2016_1_1/15421 → NON-CLONE
[1763/1920] 2026-08-04 01:39:40 | R5 | 2013_0_3/92037 vs 2014_3_1/134611 → NON-CLONE
[1764/1920] 2026-08-04 01:39:44 | R5 | 2013_0_3/132829 vs 2016_1_1/14703 → NON-CLONE
[1765/1920] 2026-08-04 01:39:50 | R5 | 2013_1_1/42047 vs 2013_0_1/99825 → NON-CLONE
[1766/1920] 2026-08-04 01:39:55 | R5 | 2013_1_1/30835 vs 2015_0_3/103774 → NON-CLONE
[1767/1920] 2026-08-04 01:39:59 | R5 | 2013_1_1/32414 vs 2016_2_1/179503 → NON-CLONE
[1768/1920] 2026-08-04 01:40:03 | R5 | 2013_1_1/28766 vs 2015_0_1/47939 → NON-CLONE
[1769/1920] 2026-08-04 01:40:07 | R5 | 2013_1_1/30228 vs 2016_2_1/185295 → NON-CLONE
[1770/1920] 2026-08-04 01:40:12 | R5 | 2013_1_1/30618 vs 2014_2_1/115757 → NON-CLONE
[1771/1920] 2026-08-04 01:40:15 | R5 | 2013_1_1/37029 vs 2015_0_4/86932 → NON-CLONE
[1772/1920] 2026-08-04 01:40:20 | R5 | 2013_1_1/32497 vs 2016_2_1/194349 → NON-CLONE
[1773/1920] 2026-08-04 01:40:23 | R5 | 2013_1_1/30519 vs 2015_0_1/65110 → NON-CLONE
[1774/1920] 2026-08-04 01:40:29 | R5 | 2013_1_1/34507 vs 2014_3_1/138308 → NON-CLONE
[1775/1920] 2026-08-04 01:40:34 | R5 | 2013_1_1/39026 vs 2016_0_1/143909 → NON-CLONE
[1776/1920] 2026-08-04 01:40:39 | R5 | 2013_1_1/31779 vs 2014_3_1/132142 → NON-CLONE
[1777/1920] 2026-08-04 01:40:46 | R5 | 2014_2_1/115757 vs 2013_0_1/99825 → NON-CLONE
[1778/1920] 2026-08-04 01:40:52 | R5 | 2014_2_1/129296 vs 2015_1_1/122263 → NON-CLONE
[1779/1920] 2026-08-04 01:40:57 | R5 | 2014_2_1/131873 vs 2016_1_2/19133 → NON-CLONE
[1780/1920] 2026-08-04 01:41:02 | R5 | 2014_2_1/131278 vs 2013_0_1/91336 → NON-CLONE
[1781/1920] 2026-08-04 01:41:06 | R5 | 2014_2_1/119165 vs 2013_1_1/30835 → NON-CLONE
[1782/1920] 2026-08-04 01:41:20 | R5 | 2014_2_1/118489 vs 2016_0_1/100898 → NON-CLONE
[1783/1920] 2026-08-04 01:41:24 | R5 | 2014_2_1/128920 vs 2015_0_4/68310 → NON-CLONE
[1784/1920] 2026-08-04 01:41:29 | R5 | 2014_2_1/118416 vs 2015_0_2/102321 → NON-CLONE
[1785/1920] 2026-08-04 01:41:34 | R5 | 2014_2_1/121201 vs 2013_0_2/91409 → NON-CLONE
[1786/1920] 2026-08-04 01:41:46 | R5 | 2014_2_1/118754 vs 2015_0_2/81081 → NON-CLONE
[1787/1920] 2026-08-04 01:41:50 | R5 | 2014_2_1/116147 vs 2013_0_3/74156 → NON-CLONE
[1788/1920] 2026-08-04 01:41:58 | R5 | 2014_2_1/114208 vs 2013_0_3/102625 → NON-CLONE
[1789/1920] 2026-08-04 01:42:02 | R5 | 2014_3_1/135560 vs 2016_1_2/21265 → NON-CLONE
[1790/1920] 2026-08-04 01:42:06 | R5 | 2014_3_1/138333 vs 2013_0_2/68303 → NON-CLONE
[1791/1920] 2026-08-04 01:42:10 | R5 | 2014_3_1/140281 vs 2013_1_1/30519 → NON-CLONE
[1792/1920] 2026-08-04 01:42:15 | R5 | 2014_3_1/138308 vs 2013_1_1/30519 → NON-CLONE
[1793/1920] 2026-08-04 01:42:19 | R5 | 2014_3_1/134611 vs 2016_1_2/14745 → NON-CLONE
[1794/1920] 2026-08-04 01:42:28 | R5 | 2014_3_1/132142 vs 2014_2_1/118754 → NON-CLONE
[1795/1920] 2026-08-04 01:42:35 | R5 | 2014_3_1/139209 vs 2015_0_3/49764 → NON-CLONE
[1796/1920] 2026-08-04 01:42:40 | R5 | 2014_3_1/139370 vs 2016_1_1/15819 → NON-CLONE
[1797/1920] 2026-08-04 01:42:43 | R5 | 2014_3_1/143074 vs 2015_0_2/91000 → NON-CLONE
[1798/1920] 2026-08-04 01:42:47 | R5 | 2014_3_1/142092 vs 2015_0_1/106809 → NON-CLONE
[1799/1920] 2026-08-04 01:42:51 | R5 | 2014_3_1/134295 vs 2015_0_4/94256 → NON-CLONE
[1800/1920] 2026-08-04 01:42:54 | R5 | 2014_3_1/132975 vs 2016_0_4/135114 → NON-CLONE
[1801/1920] 2026-08-04 01:42:58 | R5 | 2015_0_1/47939 vs 2016_0_1/71388 → NON-CLONE
[1802/1920] 2026-08-04 01:43:02 | R5 | 2015_0_1/43660 vs 2016_1_1/33316 → NON-CLONE
[1803/1920] 2026-08-04 01:43:12 | R5 | 2015_0_1/100718 vs 2016_2_1/198100 → NON-CLONE
[1804/1920] 2026-08-04 01:43:15 | R5 | 2015_0_1/44230 vs 2016_1_1/18665 → NON-CLONE
[1805/1920] 2026-08-04 01:43:23 | R5 | 2015_0_1/64620 vs 2013_1_1/37029 → NON-CLONE
[1806/1920] 2026-08-04 01:43:30 | R5 | 2015_0_1/65110 vs 2015_0_3/42051 → NON-CLONE
[1807/1920] 2026-08-04 01:43:34 | R5 | 2015_0_1/106809 vs 2015_0_2/96440 → NON-CLONE
[1808/1920] 2026-08-04 01:43:37 | R5 | 2015_0_1/86599 vs 2013_0_2/96711 → NON-CLONE
[1809/1920] 2026-08-04 01:43:41 | R5 | 2015_0_1/60803 vs 2015_1_1/111866 → NON-CLONE
[1810/1920] 2026-08-04 01:43:46 | R5 | 2015_0_1/25955 vs 2013_0_1/72071 → NON-CLONE
[1811/1920] 2026-08-04 01:43:51 | R5 | 2015_0_1/28465 vs 2015_0_2/88257 → NON-CLONE
[1812/1920] 2026-08-04 01:43:59 | R5 | 2015_0_1/96593 vs 2015_0_2/40957 → NON-CLONE
[1813/1920] 2026-08-04 01:44:06 | R5 | 2015_0_2/91000 vs 2013_0_1/98087 → NON-CLONE
[1814/1920] 2026-08-04 01:44:12 | R5 | 2015_0_2/21812 vs 2013_0_3/102625 → NON-CLONE
[1815/1920] 2026-08-04 01:44:18 | R5 | 2015_0_2/40957 vs 2013_0_2/71957 → NON-CLONE
[1816/1920] 2026-08-04 01:44:21 | R5 | 2015_0_2/96440 vs 2015_0_1/86599 → NON-CLONE
[1817/1920] 2026-08-04 01:44:24 | R5 | 2015_0_2/88257 vs 2013_0_2/68303 → NON-CLONE
[1818/1920] 2026-08-04 01:44:30 | R5 | 2015_0_2/38840 vs 2013_0_1/127485 → NON-CLONE
[1819/1920] 2026-08-04 01:44:37 | R5 | 2015_0_2/36519 vs 2015_1_1/111086 → NON-CLONE
[1820/1920] 2026-08-04 01:44:50 | R5 | 2015_0_2/81081 vs 2013_0_3/108834 → NON-CLONE
[1821/1920] 2026-08-04 01:44:55 | R5 | 2015_0_2/100159 vs 2016_2_1/179503 → NON-CLONE
[1822/1920] 2026-08-04 01:44:58 | R5 | 2015_0_2/103402 vs 2015_0_1/106809 → NON-CLONE
[1823/1920] 2026-08-04 01:45:06 | R5 | 2015_0_2/102321 vs 2015_0_3/72742 → NON-CLONE
[1824/1920] 2026-08-04 01:45:09 | R5 | 2015_0_2/55775 vs 2016_1_2/14745 → NON-CLONE
[1825/1920] 2026-08-04 01:45:15 | R5 | 2015_0_3/42051 vs 2015_0_1/44230 → NON-CLONE
[1826/1920] 2026-08-04 01:45:23 | R5 | 2015_0_3/47513 vs 2013_1_1/34507 → NON-CLONE
[1827/1920] 2026-08-04 01:45:32 | R5 | 2015_0_3/96608 vs 2016_1_2/14745 → NON-CLONE
[1828/1920] 2026-08-04 01:45:39 | R5 | 2015_0_3/41900 vs 2015_0_1/96593 → NON-CLONE
[1829/1920] 2026-08-04 01:45:46 | R5 | 2015_0_3/49764 vs 2016_1_2/14745 → NON-CLONE
[1830/1920] 2026-08-04 01:45:52 | R5 | 2015_0_3/23036 vs 2016_0_4/142083 → NON-CLONE
[1831/1920] 2026-08-04 01:45:56 | R5 | 2015_0_3/103585 vs 2014_3_1/138308 → NON-CLONE
[1832/1920] 2026-08-04 01:46:01 | R5 | 2015_0_3/103774 vs 2013_0_3/89287 → NON-CLONE
[1833/1920] 2026-08-04 01:46:09 | R5 | 2015_0_3/72742 vs 2013_0_3/89287 → NON-CLONE
[1834/1920] 2026-08-04 01:46:13 | R5 | 2015_0_3/19800 vs 2016_1_1/22113 → NON-CLONE
[1835/1920] 2026-08-04 01:46:20 | R5 | 2015_0_3/102323 vs 2016_0_1/76319 → NON-CLONE
[1836/1920] 2026-08-04 01:46:30 | R5 | 2015_0_3/18309 vs 2016_1_1/15819 → NON-CLONE
[1837/1920] 2026-08-04 01:46:35 | R5 | 2015_0_4/86262 vs 2016_0_4/80717 → NON-CLONE
[1838/1920] 2026-08-04 01:46:41 | R5 | 2015_0_4/30398 vs 2016_1_2/26565 → NON-CLONE
[1839/1920] 2026-08-04 01:46:44 | R5 | 2015_0_4/29877 vs 2013_0_2/122219 → NON-CLONE
[1840/1920] 2026-08-04 01:46:49 | R5 | 2015_0_4/63026 vs 2013_0_3/92037 → NON-CLONE
[1841/1920] 2026-08-04 01:46:54 | R5 | 2015_0_4/86932 vs 2013_0_2/71957 → NON-CLONE
[1842/1920] 2026-08-04 01:46:58 | R5 | 2015_0_4/60776 vs 2016_0_4/158305 → NON-CLONE
[1843/1920] 2026-08-04 01:47:01 | R5 | 2015_0_4/57828 vs 2015_1_1/111866 → NON-CLONE
[1844/1920] 2026-08-04 01:47:06 | R5 | 2015_0_4/94256 vs 2013_1_1/42047 → NON-CLONE
[1845/1920] 2026-08-04 01:47:09 | R5 | 2015_0_4/74018 vs 2015_0_2/91000 → NON-CLONE
[1846/1920] 2026-08-04 01:47:15 | R5 | 2015_0_4/68310 vs 2014_3_1/134611 → NON-CLONE
[1847/1920] 2026-08-04 01:47:23 | R5 | 2015_0_4/19708 vs 2014_3_1/138308 → NON-CLONE
[1848/1920] 2026-08-04 01:47:27 | R5 | 2015_0_4/78114 vs 2016_1_1/3308 → NON-CLONE
[1849/1920] 2026-08-04 01:47:32 | R5 | 2015_1_1/112276 vs 2013_1_1/31779 → NON-CLONE
[1850/1920] 2026-08-04 01:47:37 | R5 | 2015_1_1/118030 vs 2016_1_1/15421 → NON-CLONE
[1851/1920] 2026-08-04 01:47:43 | R5 | 2015_1_1/112898 vs 2014_3_1/134611 → NON-CLONE
[1852/1920] 2026-08-04 01:47:50 | R5 | 2015_1_1/111086 vs 2015_0_2/55775 → NON-CLONE
[1853/1920] 2026-08-04 01:47:56 | R5 | 2015_1_1/122263 vs 2016_1_2/26561 → NON-CLONE
[1854/1920] 2026-08-04 01:48:01 | R5 | 2015_1_1/111866 vs 2015_0_2/91000 → NON-CLONE
[1855/1920] 2026-08-04 01:48:05 | R5 | 2015_1_1/117734 vs 2013_0_3/59317 → NON-CLONE
[1856/1920] 2026-08-04 01:48:09 | R5 | 2015_1_1/124602 vs 2016_1_1/20829 → NON-CLONE
[1857/1920] 2026-08-04 01:48:12 | R5 | 2015_1_1/111647 vs 2013_0_3/92037 → NON-CLONE
[1858/1920] 2026-08-04 01:48:15 | R5 | 2015_1_1/122934 vs 2013_0_2/83774 → NON-CLONE
[1859/1920] 2026-08-04 01:48:22 | R5 | 2015_1_1/111264 vs 2013_0_1/99825 → NON-CLONE
[1860/1920] 2026-08-04 01:48:31 | R5 | 2015_1_1/121770 vs 2013_0_3/53348 → NON-CLONE
[1861/1920] 2026-08-04 01:48:36 | R5 | 2016_0_1/76319 vs 2015_0_1/25955 → NON-CLONE
[1862/1920] 2026-08-04 01:48:45 | R5 | 2016_0_1/117099 vs 2014_2_1/118754 → NON-CLONE
[1863/1920] 2026-08-04 01:48:48 | R5 | 2016_0_1/100898 vs 2016_0_4/142083 → NON-CLONE
[1864/1920] 2026-08-04 01:48:51 | R5 | 2016_0_1/65647 vs 2016_1_2/21265 → NON-CLONE
[1865/1920] 2026-08-04 01:48:55 | R5 | 2016_0_1/134225 vs 2016_1_2/22155 → NON-CLONE
[1866/1920] 2026-08-04 01:48:59 | R5 | 2016_0_1/143909 vs 2015_0_1/47939 → NON-CLONE
[1867/1920] 2026-08-04 01:49:04 | R5 | 2016_0_1/94639 vs 2016_0_4/135114 → NON-CLONE
[1868/1920] 2026-08-04 01:49:08 | R5 | 2016_0_1/88781 vs 2013_0_2/71957 → NON-CLONE
[1869/1920] 2026-08-04 01:49:15 | R5 | 2016_0_1/71388 vs 2014_2_1/118754 → NON-CLONE
[1870/1920] 2026-08-04 01:49:18 | R5 | 2016_0_1/48618 vs 2015_1_1/124602 → NON-CLONE
[1871/1920] 2026-08-04 01:49:28 | R5 | 2016_0_1/39027 vs 2013_0_1/103399 → NON-CLONE
[1872/1920] 2026-08-04 01:49:31 | R5 | 2016_0_1/113708 vs 2016_0_4/136626 → NON-CLONE
[1873/1920] 2026-08-04 01:49:38 | R5 | 2016_0_4/136626 vs 2015_0_2/81081 → NON-CLONE
[1874/1920] 2026-08-04 01:49:43 | R5 | 2016_0_4/125922 vs 2016_1_1/4557 → NON-CLONE
[1875/1920] 2026-08-04 01:49:55 | R5 | 2016_0_4/99642 vs 2015_0_3/49764 → NON-CLONE
[1876/1920] 2026-08-04 01:49:58 | R5 | 2016_0_4/135114 vs 2016_1_1/15819 → NON-CLONE
[1877/1920] 2026-08-04 01:50:02 | R5 | 2016_0_4/90060 vs 2016_1_2/21265 → NON-CLONE
[1878/1920] 2026-08-04 01:50:08 | R5 | 2016_0_4/45917 vs 2014_2_1/128920 → NON-CLONE
[1879/1920] 2026-08-04 01:50:11 | R5 | 2016_0_4/63570 vs 2014_3_1/138308 → NON-CLONE
[1880/1920] 2026-08-04 01:50:18 | R5 | 2016_0_4/158305 vs 2015_0_3/41900 → NON-CLONE
[1881/1920] 2026-08-04 01:50:21 | R5 | 2016_0_4/142083 vs 2015_0_1/43660 → NON-CLONE
[1882/1920] 2026-08-04 01:50:25 | R5 | 2016_0_4/80717 vs 2013_0_2/91409 → NON-CLONE
[1883/1920] 2026-08-04 01:50:33 | R5 | 2016_0_4/139021 vs 2013_0_2/78034 → NON-CLONE
[1884/1920] 2026-08-04 01:50:39 | R5 | 2016_0_4/37736 vs 2015_0_3/72742 → NON-CLONE
[1885/1920] 2026-08-04 01:50:44 | R5 | 2016_1_1/15819 vs 2013_0_2/85165 → NON-CLONE
[1886/1920] 2026-08-04 01:50:48 | R5 | 2016_1_1/28201 vs 2013_0_2/78034 → NON-CLONE
[1887/1920] 2026-08-04 01:50:52 | R5 | 2016_1_1/22113 vs 2016_1_2/7956 → NON-CLONE
[1888/1920] 2026-08-04 01:51:01 | R5 | 2016_1_1/15421 vs 2016_2_1/193929 → NON-CLONE
[1889/1920] 2026-08-04 01:51:05 | R5 | 2016_1_1/31768 vs 2014_2_1/118416 → NON-CLONE
[1890/1920] 2026-08-04 01:51:10 | R5 | 2016_1_1/20829 vs 2013_0_2/85165 → NON-CLONE
[1891/1920] 2026-08-04 01:51:15 | R5 | 2016_1_1/3308 vs 2016_2_1/186531 → NON-CLONE
[1892/1920] 2026-08-04 01:51:19 | R5 | 2016_1_1/33316 vs 2013_0_3/74156 → NON-CLONE
[1893/1920] 2026-08-04 01:51:23 | R5 | 2016_1_1/14703 vs 2014_3_1/140281 → NON-CLONE
[1894/1920] 2026-08-04 01:51:26 | R5 | 2016_1_1/3735 vs 2013_0_2/85165 → NON-CLONE
[1895/1920] 2026-08-04 01:51:30 | R5 | 2016_1_1/18665 vs 2013_0_2/85165 → NON-CLONE
[1896/1920] 2026-08-04 01:51:34 | R5 | 2016_1_1/4557 vs 2015_0_1/106809 → NON-CLONE
[1897/1920] 2026-08-04 01:51:38 | R5 | 2016_1_2/23627 vs 2016_0_1/88781 → NON-CLONE
[1898/1920] 2026-08-04 01:51:43 | R5 | 2016_1_2/26561 vs 2013_1_1/37029 → NON-CLONE
[1899/1920] 2026-08-04 01:51:47 | R5 | 2016_1_2/21848 vs 2015_0_2/96440 → NON-CLONE
[1900/1920] 2026-08-04 01:51:52 | R5 | 2016_1_2/7905 vs 2013_0_2/44471 → NON-CLONE
[1901/1920] 2026-08-04 01:51:55 | R5 | 2016_1_2/22827 vs 2013_0_3/74156 → NON-CLONE
[1902/1920] 2026-08-04 01:51:59 | R5 | 2016_1_2/26565 vs 2016_0_1/113708 → NON-CLONE
[1903/1920] 2026-08-04 01:52:02 | R5 | 2016_1_2/30453 vs 2016_2_1/193717 → NON-CLONE
[1904/1920] 2026-08-04 01:52:09 | R5 | 2016_1_2/14745 vs 2015_0_3/18309 → NON-CLONE
[1905/1920] 2026-08-04 01:52:13 | R5 | 2016_1_2/7956 vs 2015_0_2/96440 → NON-CLONE
[1906/1920] 2026-08-04 01:52:16 | R5 | 2016_1_2/22155 vs 2014_3_1/139370 → NON-CLONE
[1907/1920] 2026-08-04 01:52:25 | R5 | 2016_1_2/21265 vs 2015_0_3/72742 → NON-CLONE
[1908/1920] 2026-08-04 01:52:29 | R5 | 2016_1_2/19133 vs 2015_0_1/86599 → NON-CLONE
[1909/1920] 2026-08-04 01:52:40 | R5 | 2016_2_1/201276 vs 2015_0_2/81081 → NON-CLONE
[1910/1920] 2026-08-04 01:52:44 | R5 | 2016_2_1/180026 vs 2016_0_1/143909 → NON-CLONE
[1911/1920] 2026-08-04 01:52:52 | R5 | 2016_2_1/193929 vs 2013_1_1/34507 → NON-CLONE
[1912/1920] 2026-08-04 01:52:58 | R5 | 2016_2_1/194349 vs 2015_0_3/103774 → NON-CLONE
[1913/1920] 2026-08-04 01:53:03 | R5 | 2016_2_1/186531 vs 2016_1_1/15819 → NON-CLONE
[1914/1920] 2026-08-04 01:53:15 | R5 | 2016_2_1/179503 vs 2015_0_3/18309 → NON-CLONE
[1915/1920] 2026-08-04 01:53:33 | R5 | 2016_2_1/185295 vs 2013_0_3/108834 → NON-CLONE
[1916/1920] 2026-08-04 01:53:38 | R5 | 2016_2_1/196651 vs 2013_0_1/126886 → NON-CLONE
[1917/1920] 2026-08-04 01:53:46 | R5 | 2016_2_1/182378 vs 2016_1_1/15819 → NON-CLONE
[1918/1920] 2026-08-04 01:53:54 | R5 | 2016_2_1/198100 vs 2013_0_3/51164 → NON-CLONE
[1919/1920] 2026-08-04 01:54:09 | R5 | 2016_2_1/193717 vs 2013_0_3/108834 → NON-CLONE
[1920/1920] 2026-08-04 01:54:16 | R5 | 2016_2_1/200006 vs 2015_0_1/47939 → NON-CLONE
Round 5 done → results_gcj_crosslang/cogito-v1-preview-llama-8B/results_original_deepcogito__cogito-v1-preview-llama-8B_round5.csv
All 5 round(s) complete. Files: results_gcj_crosslang/cogito-v1-preview-llama-8B/results_original_deepcogito__cogito-v1-preview-llama-8B_round1.csv, results_gcj_crosslang/cogito-v1-preview-llama-8B/results_original_deepcogito__cogito-v1-preview-llama-8B_round2.csv, results_gcj_crosslang/cogito-v1-preview-llama-8B/results_original_deepcogito__cogito-v1-preview-llama-8B_round3.csv, results_gcj_crosslang/cogito-v1-preview-llama-8B/results_original_deepcogito__cogito-v1-preview-llama-8B_round4.csv, results_gcj_crosslang/cogito-v1-preview-llama-8B/results_original_deepcogito__cogito-v1-preview-llama-8B_round5.csv
