Loaded 400 pairs from gcj_java_clones/pairs.csv × 5 round(s) = 2000 total (52 already done, 1948 remaining)
/home/chaiyong.rag/quantization-clone-study/gguf/lib/python3.10/site-packages/huggingface_hub/utils/_validators.py:205: UserWarning: The `local_dir_use_symlinks` argument is deprecated and ignored in `hf_hub_download`. Downloading to a local directory does not use symlinks anymore.
  warnings.warn(
llama_context: n_ctx_seq (16384) < n_ctx_train (10485760) -- the full capacity of the model will not be utilized
llama_kv_cache_iswa: using full-size SWA cache (ref: https://github.com/ggml-org/llama.cpp/pull/13194#issuecomment-2868343055)
Model 'gguf' loaded. Starting inference...
--- Round 1/5 (52 done, 348 remaining) ---
[53/2000] 2026-07-10 17:20:00 | R1 | 2014_0_3/108079 vs 2014_0_3/22792 → CLONE
[54/2000] 2026-07-10 17:20:03 | R1 | 2014_0_3/108079 vs 2014_0_3/71973 → CLONE
[55/2000] 2026-07-10 17:20:08 | R1 | 2014_0_3/27551 vs 2014_0_3/99421 → CLONE
[56/2000] 2026-07-10 17:20:14 | R1 | 2014_0_3/27551 vs 2014_0_3/22792 → CLONE
[57/2000] 2026-07-10 17:20:16 | R1 | 2014_0_3/27551 vs 2014_0_3/71973 → CLONE
[58/2000] 2026-07-10 17:20:24 | R1 | 2014_0_3/99421 vs 2014_0_3/22792 → CLONE
[59/2000] 2026-07-10 17:20:27 | R1 | 2014_0_3/99421 vs 2014_0_3/71973 → CLONE
[60/2000] 2026-07-10 17:20:33 | R1 | 2014_0_3/22792 vs 2014_0_3/71973 → CLONE
[61/2000] 2026-07-10 17:20:35 | R1 | 2014_2_1/124976 vs 2014_2_1/115332 → CLONE
[62/2000] 2026-07-10 17:20:38 | R1 | 2014_2_1/124976 vs 2014_2_1/119554 → CLONE
[63/2000] 2026-07-10 17:20:40 | R1 | 2014_2_1/124976 vs 2014_2_1/126555 → CLONE
[64/2000] 2026-07-10 17:20:42 | R1 | 2014_2_1/124976 vs 2014_2_1/125050 → CLONE
[65/2000] 2026-07-10 17:20:45 | R1 | 2014_2_1/115332 vs 2014_2_1/119554 → CLONE
[66/2000] 2026-07-10 17:20:48 | R1 | 2014_2_1/115332 vs 2014_2_1/126555 → CLONE
[67/2000] 2026-07-10 17:20:50 | R1 | 2014_2_1/115332 vs 2014_2_1/125050 → CLONE
[68/2000] 2026-07-10 17:20:53 | R1 | 2014_2_1/119554 vs 2014_2_1/126555 → CLONE
[69/2000] 2026-07-10 17:20:55 | R1 | 2014_2_1/119554 vs 2014_2_1/125050 → CLONE
[70/2000] 2026-07-10 17:20:58 | R1 | 2014_2_1/126555 vs 2014_2_1/125050 → CLONE
[71/2000] 2026-07-10 17:21:01 | R1 | 2014_3_1/141827 vs 2014_3_1/137264 → CLONE
[72/2000] 2026-07-10 17:21:04 | R1 | 2014_3_1/141827 vs 2014_3_1/138894 → CLONE
[73/2000] 2026-07-10 17:21:06 | R1 | 2014_3_1/141827 vs 2014_3_1/136615 → CLONE
[74/2000] 2026-07-10 17:21:08 | R1 | 2014_3_1/141827 vs 2014_3_1/138529 → CLONE
[75/2000] 2026-07-10 17:21:10 | R1 | 2014_3_1/137264 vs 2014_3_1/138894 → CLONE
[76/2000] 2026-07-10 17:21:13 | R1 | 2014_3_1/137264 vs 2014_3_1/136615 → CLONE
[77/2000] 2026-07-10 17:21:15 | R1 | 2014_3_1/137264 vs 2014_3_1/138529 → CLONE
[78/2000] 2026-07-10 17:21:17 | R1 | 2014_3_1/138894 vs 2014_3_1/136615 → CLONE
[79/2000] 2026-07-10 17:21:20 | R1 | 2014_3_1/138894 vs 2014_3_1/138529 → CLONE
[80/2000] 2026-07-10 17:21:22 | R1 | 2014_3_1/136615 vs 2014_3_1/138529 → CLONE
[81/2000] 2026-07-10 17:21:24 | R1 | 2015_0_1/79967 vs 2015_0_1/35102 → CLONE
[82/2000] 2026-07-10 17:21:26 | R1 | 2015_0_1/79967 vs 2015_0_1/68106 → CLONE
[83/2000] 2026-07-10 17:21:28 | R1 | 2015_0_1/79967 vs 2015_0_1/65869 → CLONE
[84/2000] 2026-07-10 17:21:30 | R1 | 2015_0_1/79967 vs 2015_0_1/46754 → CLONE
[85/2000] 2026-07-10 17:21:32 | R1 | 2015_0_1/35102 vs 2015_0_1/68106 → CLONE
[86/2000] 2026-07-10 17:21:35 | R1 | 2015_0_1/35102 vs 2015_0_1/65869 → CLONE
[87/2000] 2026-07-10 17:21:37 | R1 | 2015_0_1/35102 vs 2015_0_1/46754 → CLONE
[88/2000] 2026-07-10 17:21:39 | R1 | 2015_0_1/68106 vs 2015_0_1/65869 → CLONE
[89/2000] 2026-07-10 17:21:41 | R1 | 2015_0_1/68106 vs 2015_0_1/46754 → CLONE
[90/2000] 2026-07-10 17:21:43 | R1 | 2015_0_1/65869 vs 2015_0_1/46754 → CLONE
[91/2000] 2026-07-10 17:21:46 | R1 | 2015_0_2/34257 vs 2015_0_2/32722 → CLONE
[92/2000] 2026-07-10 17:21:48 | R1 | 2015_0_2/34257 vs 2015_0_2/77145 → CLONE
[93/2000] 2026-07-10 17:21:50 | R1 | 2015_0_2/34257 vs 2015_0_2/72707 → CLONE
[94/2000] 2026-07-10 17:21:52 | R1 | 2015_0_2/34257 vs 2015_0_2/68668 → CLONE
[95/2000] 2026-07-10 17:21:54 | R1 | 2015_0_2/32722 vs 2015_0_2/77145 → CLONE
[96/2000] 2026-07-10 17:21:56 | R1 | 2015_0_2/32722 vs 2015_0_2/72707 → CLONE
[97/2000] 2026-07-10 17:21:58 | R1 | 2015_0_2/32722 vs 2015_0_2/68668 → CLONE
[98/2000] 2026-07-10 17:22:00 | R1 | 2015_0_2/77145 vs 2015_0_2/72707 → CLONE
[99/2000] 2026-07-10 17:22:02 | R1 | 2015_0_2/77145 vs 2015_0_2/68668 → CLONE
[100/2000] 2026-07-10 17:22:04 | R1 | 2015_0_2/72707 vs 2015_0_2/68668 → CLONE
[101/2000] 2026-07-10 17:22:08 | R1 | 2015_0_3/74464 vs 2015_0_3/88073 → CLONE
[102/2000] 2026-07-10 17:22:10 | R1 | 2015_0_3/74464 vs 2015_0_3/21597 → CLONE
[103/2000] 2026-07-10 17:22:13 | R1 | 2015_0_3/74464 vs 2015_0_3/62582 → CLONE
[104/2000] 2026-07-10 17:22:15 | R1 | 2015_0_3/74464 vs 2015_0_3/107238 → CLONE
[105/2000] 2026-07-10 17:22:19 | R1 | 2015_0_3/88073 vs 2015_0_3/21597 → CLONE
[106/2000] 2026-07-10 17:22:21 | R1 | 2015_0_3/88073 vs 2015_0_3/62582 → CLONE
[107/2000] 2026-07-10 17:22:24 | R1 | 2015_0_3/88073 vs 2015_0_3/107238 → CLONE
[108/2000] 2026-07-10 17:22:27 | R1 | 2015_0_3/21597 vs 2015_0_3/62582 → CLONE
[109/2000] 2026-07-10 17:22:29 | R1 | 2015_0_3/21597 vs 2015_0_3/107238 → CLONE
[110/2000] 2026-07-10 17:22:32 | R1 | 2015_0_3/62582 vs 2015_0_3/107238 → CLONE
[111/2000] 2026-07-10 17:22:35 | R1 | 2015_0_4/107149 vs 2015_0_4/96734 → CLONE
[112/2000] 2026-07-10 17:22:37 | R1 | 2015_0_4/107149 vs 2015_0_4/79014 → CLONE
[113/2000] 2026-07-10 17:22:39 | R1 | 2015_0_4/107149 vs 2015_0_4/21673 → CLONE
[114/2000] 2026-07-10 17:22:41 | R1 | 2015_0_4/107149 vs 2015_0_4/77477 → CLONE
[115/2000] 2026-07-10 17:22:44 | R1 | 2015_0_4/96734 vs 2015_0_4/79014 → CLONE
[116/2000] 2026-07-10 17:22:46 | R1 | 2015_0_4/96734 vs 2015_0_4/21673 → CLONE
[117/2000] 2026-07-10 17:22:48 | R1 | 2015_0_4/96734 vs 2015_0_4/77477 → CLONE
[118/2000] 2026-07-10 17:22:50 | R1 | 2015_0_4/79014 vs 2015_0_4/21673 → CLONE
[119/2000] 2026-07-10 17:22:53 | R1 | 2015_0_4/79014 vs 2015_0_4/77477 → CLONE
[120/2000] 2026-07-10 17:22:55 | R1 | 2015_0_4/21673 vs 2015_0_4/77477 → CLONE
[121/2000] 2026-07-10 17:22:57 | R1 | 2015_1_1/127730 vs 2015_1_1/114491 → CLONE
[122/2000] 2026-07-10 17:23:00 | R1 | 2015_1_1/127730 vs 2015_1_1/125935 → CLONE
[123/2000] 2026-07-10 17:23:02 | R1 | 2015_1_1/127730 vs 2015_1_1/124925 → CLONE
[124/2000] 2026-07-10 17:23:04 | R1 | 2015_1_1/127730 vs 2015_1_1/115055 → CLONE
[125/2000] 2026-07-10 17:23:07 | R1 | 2015_1_1/114491 vs 2015_1_1/125935 → CLONE
[126/2000] 2026-07-10 17:23:09 | R1 | 2015_1_1/114491 vs 2015_1_1/124925 → CLONE
[127/2000] 2026-07-10 17:23:11 | R1 | 2015_1_1/114491 vs 2015_1_1/115055 → CLONE
[128/2000] 2026-07-10 17:23:14 | R1 | 2015_1_1/125935 vs 2015_1_1/124925 → CLONE
[129/2000] 2026-07-10 17:23:16 | R1 | 2015_1_1/125935 vs 2015_1_1/115055 → CLONE
[130/2000] 2026-07-10 17:23:18 | R1 | 2015_1_1/124925 vs 2015_1_1/115055 → CLONE
[131/2000] 2026-07-10 17:23:20 | R1 | 2016_0_1/60475 vs 2016_0_1/69477 → CLONE
[132/2000] 2026-07-10 17:23:23 | R1 | 2016_0_1/60475 vs 2016_0_1/123558 → CLONE
[133/2000] 2026-07-10 17:23:25 | R1 | 2016_0_1/60475 vs 2016_0_1/55901 → CLONE
[134/2000] 2026-07-10 17:23:27 | R1 | 2016_0_1/60475 vs 2016_0_1/72044 → CLONE
[135/2000] 2026-07-10 17:23:29 | R1 | 2016_0_1/69477 vs 2016_0_1/123558 → CLONE
[136/2000] 2026-07-10 17:23:32 | R1 | 2016_0_1/69477 vs 2016_0_1/55901 → CLONE
[137/2000] 2026-07-10 17:23:34 | R1 | 2016_0_1/69477 vs 2016_0_1/72044 → CLONE
[138/2000] 2026-07-10 17:23:37 | R1 | 2016_0_1/123558 vs 2016_0_1/55901 → CLONE
[139/2000] 2026-07-10 17:23:39 | R1 | 2016_0_1/123558 vs 2016_0_1/72044 → CLONE
[140/2000] 2026-07-10 17:23:42 | R1 | 2016_0_1/55901 vs 2016_0_1/72044 → CLONE
[141/2000] 2026-07-10 17:23:44 | R1 | 2016_0_2/68074 vs 2016_0_2/150691 → CLONE
[142/2000] 2026-07-10 17:23:46 | R1 | 2016_0_2/68074 vs 2016_0_2/125812 → CLONE
[143/2000] 2026-07-10 17:23:48 | R1 | 2016_0_2/68074 vs 2016_0_2/88861 → CLONE
[144/2000] 2026-07-10 17:23:51 | R1 | 2016_0_2/68074 vs 2016_0_2/162423 → CLONE
[145/2000] 2026-07-10 17:23:53 | R1 | 2016_0_2/150691 vs 2016_0_2/125812 → CLONE
[146/2000] 2026-07-10 17:23:55 | R1 | 2016_0_2/150691 vs 2016_0_2/88861 → CLONE
[147/2000] 2026-07-10 17:23:57 | R1 | 2016_0_2/150691 vs 2016_0_2/162423 → CLONE
[148/2000] 2026-07-10 17:23:59 | R1 | 2016_0_2/125812 vs 2016_0_2/88861 → CLONE
[149/2000] 2026-07-10 17:24:01 | R1 | 2016_0_2/125812 vs 2016_0_2/162423 → CLONE
[150/2000] 2026-07-10 17:24:03 | R1 | 2016_0_2/88861 vs 2016_0_2/162423 → CLONE
[151/2000] 2026-07-10 17:24:05 | R1 | 2016_0_4/100472 vs 2016_0_4/129913 → CLONE
[152/2000] 2026-07-10 17:24:07 | R1 | 2016_0_4/100472 vs 2016_0_4/58218 → CLONE
[153/2000] 2026-07-10 17:24:10 | R1 | 2016_0_4/100472 vs 2016_0_4/63729 → CLONE
[154/2000] 2026-07-10 17:24:12 | R1 | 2016_0_4/100472 vs 2016_0_4/138317 → CLONE
[155/2000] 2026-07-10 17:24:14 | R1 | 2016_0_4/129913 vs 2016_0_4/58218 → CLONE
[156/2000] 2026-07-10 17:24:16 | R1 | 2016_0_4/129913 vs 2016_0_4/63729 → CLONE
[157/2000] 2026-07-10 17:24:19 | R1 | 2016_0_4/129913 vs 2016_0_4/138317 → CLONE
[158/2000] 2026-07-10 17:24:21 | R1 | 2016_0_4/58218 vs 2016_0_4/63729 → CLONE
[159/2000] 2026-07-10 17:24:23 | R1 | 2016_0_4/58218 vs 2016_0_4/138317 → CLONE
[160/2000] 2026-07-10 17:24:26 | R1 | 2016_0_4/63729 vs 2016_0_4/138317 → CLONE
[161/2000] 2026-07-10 17:24:28 | R1 | 2016_1_1/1153 vs 2016_1_1/14479 → CLONE
[162/2000] 2026-07-10 17:24:30 | R1 | 2016_1_1/1153 vs 2016_1_1/8299 → CLONE
[163/2000] 2026-07-10 17:24:32 | R1 | 2016_1_1/1153 vs 2016_1_1/29796 → CLONE
[164/2000] 2026-07-10 17:24:34 | R1 | 2016_1_1/1153 vs 2016_1_1/2003 → CLONE
[165/2000] 2026-07-10 17:24:36 | R1 | 2016_1_1/14479 vs 2016_1_1/8299 → CLONE
[166/2000] 2026-07-10 17:24:38 | R1 | 2016_1_1/14479 vs 2016_1_1/29796 → CLONE
[167/2000] 2026-07-10 17:24:40 | R1 | 2016_1_1/14479 vs 2016_1_1/2003 → CLONE
[168/2000] 2026-07-10 17:24:42 | R1 | 2016_1_1/8299 vs 2016_1_1/29796 → CLONE
[169/2000] 2026-07-10 17:24:44 | R1 | 2016_1_1/8299 vs 2016_1_1/2003 → CLONE
[170/2000] 2026-07-10 17:24:47 | R1 | 2016_1_1/29796 vs 2016_1_1/2003 → CLONE
[171/2000] 2026-07-10 17:24:49 | R1 | 2016_1_2/8152 vs 2016_1_2/31984 → CLONE
[172/2000] 2026-07-10 17:24:51 | R1 | 2016_1_2/8152 vs 2016_1_2/20611 → CLONE
[173/2000] 2026-07-10 17:24:56 | R1 | 2016_1_2/8152 vs 2016_1_2/19093 → CLONE
[174/2000] 2026-07-10 17:24:58 | R1 | 2016_1_2/8152 vs 2016_1_2/30007 → CLONE
[175/2000] 2026-07-10 17:25:00 | R1 | 2016_1_2/31984 vs 2016_1_2/20611 → CLONE
[176/2000] 2026-07-10 17:25:05 | R1 | 2016_1_2/31984 vs 2016_1_2/19093 → CLONE
[177/2000] 2026-07-10 17:25:07 | R1 | 2016_1_2/31984 vs 2016_1_2/30007 → CLONE
[178/2000] 2026-07-10 17:25:12 | R1 | 2016_1_2/20611 vs 2016_1_2/19093 → CLONE
[179/2000] 2026-07-10 17:25:15 | R1 | 2016_1_2/20611 vs 2016_1_2/30007 → CLONE
[180/2000] 2026-07-10 17:25:20 | R1 | 2016_1_2/19093 vs 2016_1_2/30007 → CLONE
[181/2000] 2026-07-10 17:25:23 | R1 | 2016_2_1/197689 vs 2016_2_1/192495 → CLONE
[182/2000] 2026-07-10 17:25:26 | R1 | 2016_2_1/197689 vs 2016_2_1/187476 → CLONE
[183/2000] 2026-07-10 17:25:28 | R1 | 2016_2_1/197689 vs 2016_2_1/193269 → CLONE
[184/2000] 2026-07-10 17:25:31 | R1 | 2016_2_1/197689 vs 2016_2_1/184367 → CLONE
[185/2000] 2026-07-10 17:25:33 | R1 | 2016_2_1/192495 vs 2016_2_1/187476 → CLONE
[186/2000] 2026-07-10 17:25:36 | R1 | 2016_2_1/192495 vs 2016_2_1/193269 → CLONE
[187/2000] 2026-07-10 17:25:38 | R1 | 2016_2_1/192495 vs 2016_2_1/184367 → CLONE
[188/2000] 2026-07-10 17:25:41 | R1 | 2016_2_1/187476 vs 2016_2_1/193269 → CLONE
[189/2000] 2026-07-10 17:25:43 | R1 | 2016_2_1/187476 vs 2016_2_1/184367 → CLONE
[190/2000] 2026-07-10 17:25:46 | R1 | 2016_2_1/193269 vs 2016_2_1/184367 → CLONE
[191/2000] 2026-07-10 17:25:49 | R1 | 2016_3_1/205670 vs 2016_3_1/211583 → CLONE
[192/2000] 2026-07-10 17:25:51 | R1 | 2016_3_1/205670 vs 2016_3_1/210871 → CLONE
[193/2000] 2026-07-10 17:25:53 | R1 | 2016_3_1/205670 vs 2016_3_1/218815 → CLONE
[194/2000] 2026-07-10 17:25:55 | R1 | 2016_3_1/205670 vs 2016_3_1/207727 → CLONE
[195/2000] 2026-07-10 17:25:58 | R1 | 2016_3_1/211583 vs 2016_3_1/210871 → CLONE
[196/2000] 2026-07-10 17:26:00 | R1 | 2016_3_1/211583 vs 2016_3_1/218815 → CLONE
[197/2000] 2026-07-10 17:26:02 | R1 | 2016_3_1/211583 vs 2016_3_1/207727 → CLONE
[198/2000] 2026-07-10 17:26:05 | R1 | 2016_3_1/210871 vs 2016_3_1/218815 → CLONE
[199/2000] 2026-07-10 17:26:07 | R1 | 2016_3_1/210871 vs 2016_3_1/207727 → CLONE
[200/2000] 2026-07-10 17:26:10 | R1 | 2016_3_1/218815 vs 2016_3_1/207727 → CLONE
[201/2000] 2026-07-10 17:26:12 | R1 | 2013_0_1/84294 vs 2016_3_1/218815 → NON-CLONE
[202/2000] 2026-07-10 17:26:14 | R1 | 2013_0_1/84294 vs 2015_1_1/124925 → NON-CLONE
[203/2000] 2026-07-10 17:26:16 | R1 | 2013_0_1/84294 vs 2016_0_2/88861 → NON-CLONE
[204/2000] 2026-07-10 17:26:18 | R1 | 2013_0_1/84294 vs 2014_0_2/107403 → NON-CLONE
[205/2000] 2026-07-10 17:26:21 | R1 | 2013_0_1/58633 vs 2015_0_3/62582 → NON-CLONE
[206/2000] 2026-07-10 17:26:23 | R1 | 2013_0_1/58633 vs 2013_1_1/35305 → NON-CLONE
[207/2000] 2026-07-10 17:26:25 | R1 | 2013_0_1/58633 vs 2016_0_4/100472 → NON-CLONE
[208/2000] 2026-07-10 17:26:28 | R1 | 2013_0_1/124149 vs 2015_0_1/68106 → NON-CLONE
[209/2000] 2026-07-10 17:26:30 | R1 | 2013_0_1/124149 vs 2016_1_2/8152 → NON-CLONE
[210/2000] 2026-07-10 17:26:32 | R1 | 2013_0_1/88116 vs 2016_1_1/2003 → NON-CLONE
[211/2000] 2026-07-10 17:26:36 | R1 | 2013_0_2/95524 vs 2015_0_3/88073 → NON-CLONE
[212/2000] 2026-07-10 17:26:38 | R1 | 2013_0_2/95524 vs 2016_0_4/63729 → NON-CLONE
[213/2000] 2026-07-10 17:26:40 | R1 | 2013_0_2/95524 vs 2014_0_3/71973 → NON-CLONE
[214/2000] 2026-07-10 17:26:43 | R1 | 2013_0_2/95524 vs 2016_3_1/205670 → NON-CLONE
[215/2000] 2026-07-10 17:26:45 | R1 | 2013_0_2/44471 vs 2013_0_3/118052 → NON-CLONE
[216/2000] 2026-07-10 17:26:48 | R1 | 2013_0_2/44471 vs 2013_0_3/55548 → NON-CLONE
[217/2000] 2026-07-10 17:26:50 | R1 | 2013_0_2/44471 vs 2016_1_2/30007 → NON-CLONE
[218/2000] 2026-07-10 17:26:53 | R1 | 2013_0_2/55421 vs 2014_2_1/125050 → NON-CLONE
[219/2000] 2026-07-10 17:26:55 | R1 | 2013_0_2/55421 vs 2015_0_1/68106 → NON-CLONE
[220/2000] 2026-07-10 17:26:57 | R1 | 2013_0_2/90919 vs 2013_1_1/35305 → NON-CLONE
[221/2000] 2026-07-10 17:27:00 | R1 | 2013_0_3/55548 vs 2014_2_1/125050 → NON-CLONE
[222/2000] 2026-07-10 17:27:02 | R1 | 2013_0_3/55548 vs 2013_1_1/30610 → NON-CLONE
[223/2000] 2026-07-10 17:27:04 | R1 | 2013_0_3/55548 vs 2015_0_3/62582 → NON-CLONE
[224/2000] 2026-07-10 17:27:06 | R1 | 2013_0_3/55548 vs 2015_0_1/79967 → NON-CLONE
[225/2000] 2026-07-10 17:27:09 | R1 | 2013_0_3/94901 vs 2015_1_1/124925 → NON-CLONE
[226/2000] 2026-07-10 17:27:11 | R1 | 2013_0_3/94901 vs 2016_1_2/31984 → NON-CLONE
[227/2000] 2026-07-10 17:27:14 | R1 | 2013_0_3/94901 vs 2015_0_3/88073 → NON-CLONE
[228/2000] 2026-07-10 17:27:17 | R1 | 2013_0_3/78294 vs 2014_0_3/108079 → NON-CLONE
[229/2000] 2026-07-10 17:27:20 | R1 | 2013_0_3/78294 vs 2015_0_3/21597 → NON-CLONE
[230/2000] 2026-07-10 17:27:23 | R1 | 2013_0_3/118052 vs 2015_0_3/74464 → NON-CLONE
[231/2000] 2026-07-10 17:27:26 | R1 | 2013_1_1/35305 vs 2014_2_1/115332 → NON-CLONE
[232/2000] 2026-07-10 17:27:28 | R1 | 2013_1_1/35305 vs 2016_2_1/197689 → NON-CLONE
[233/2000] 2026-07-10 17:27:31 | R1 | 2013_1_1/35305 vs 2014_3_1/138529 → NON-CLONE
[234/2000] 2026-07-10 17:27:33 | R1 | 2013_1_1/35305 vs 2016_2_1/184367 → NON-CLONE
[235/2000] 2026-07-10 17:27:36 | R1 | 2013_1_1/30788 vs 2016_2_1/187476 → NON-CLONE
[236/2000] 2026-07-10 17:27:38 | R1 | 2013_1_1/30788 vs 2016_1_2/20611 → NON-CLONE
[237/2000] 2026-07-10 17:27:40 | R1 | 2013_1_1/30788 vs 2013_0_2/114653 → NON-CLONE
[238/2000] 2026-07-10 17:27:42 | R1 | 2013_1_1/30610 vs 2016_1_1/8299 → NON-CLONE
[239/2000] 2026-07-10 17:27:44 | R1 | 2013_1_1/30610 vs 2016_1_2/31984 → NON-CLONE
[240/2000] 2026-07-10 17:27:48 | R1 | 2013_1_1/30305 vs 2014_0_3/27551 → NON-CLONE
[241/2000] 2026-07-10 17:27:50 | R1 | 2014_0_2/107403 vs 2016_0_2/88861 → NON-CLONE
[242/2000] 2026-07-10 17:27:53 | R1 | 2014_0_2/107403 vs 2016_3_1/218815 → NON-CLONE
[243/2000] 2026-07-10 17:27:55 | R1 | 2014_0_2/107403 vs 2014_3_1/137264 → NON-CLONE
[244/2000] 2026-07-10 17:27:58 | R1 | 2014_0_2/107403 vs 2014_0_3/108079 → NON-CLONE
[245/2000] 2026-07-10 17:28:00 | R1 | 2014_0_2/81302 vs 2015_1_1/115055 → NON-CLONE
[246/2000] 2026-07-10 17:28:03 | R1 | 2014_0_2/81302 vs 2015_0_3/62582 → NON-CLONE
[247/2000] 2026-07-10 17:28:05 | R1 | 2014_0_2/81302 vs 2014_3_1/138529 → NON-CLONE
[248/2000] 2026-07-10 17:28:07 | R1 | 2014_0_2/27351 vs 2016_1_2/31984 → NON-CLONE
[249/2000] 2026-07-10 17:28:09 | R1 | 2014_0_2/27351 vs 2016_2_1/193269 → NON-CLONE
[250/2000] 2026-07-10 17:28:11 | R1 | 2014_0_2/41018 vs 2016_0_4/129913 → NON-CLONE
[251/2000] 2026-07-10 17:28:15 | R1 | 2014_0_3/108079 vs 2014_2_1/126555 → NON-CLONE
[252/2000] 2026-07-10 17:28:17 | R1 | 2014_0_3/108079 vs 2016_2_1/187476 → NON-CLONE
[253/2000] 2026-07-10 17:28:19 | R1 | 2014_0_3/108079 vs 2015_0_2/32722 → NON-CLONE
[254/2000] 2026-07-10 17:28:22 | R1 | 2014_0_3/108079 vs 2013_0_2/55421 → NON-CLONE
[255/2000] 2026-07-10 17:28:25 | R1 | 2014_0_3/27551 vs 2014_2_1/125050 → NON-CLONE
[256/2000] 2026-07-10 17:28:27 | R1 | 2014_0_3/27551 vs 2013_0_1/124226 → NON-CLONE
[257/2000] 2026-07-10 17:28:29 | R1 | 2014_0_3/27551 vs 2015_0_2/34257 → NON-CLONE
[258/2000] 2026-07-10 17:28:34 | R1 | 2014_0_3/99421 vs 2015_0_4/96734 → NON-CLONE
[259/2000] 2026-07-10 17:28:36 | R1 | 2014_0_3/99421 vs 2014_3_1/138529 → NON-CLONE
[260/2000] 2026-07-10 17:28:42 | R1 | 2014_0_3/22792 vs 2013_0_2/90919 → NON-CLONE
[261/2000] 2026-07-10 17:28:46 | R1 | 2014_2_1/124976 vs 2014_0_3/99421 → NON-CLONE
[262/2000] 2026-07-10 17:28:48 | R1 | 2014_2_1/124976 vs 2016_0_4/58218 → NON-CLONE
[263/2000] 2026-07-10 17:28:51 | R1 | 2014_2_1/124976 vs 2016_3_1/211583 → NON-CLONE
[264/2000] 2026-07-10 17:28:52 | R1 | 2014_2_1/124976 vs 2015_0_2/34257 → NON-CLONE
[265/2000] 2026-07-10 17:28:57 | R1 | 2014_2_1/115332 vs 2014_0_3/99421 → NON-CLONE
[266/2000] 2026-07-10 17:29:02 | R1 | 2014_2_1/115332 vs 2016_1_2/19093 → NON-CLONE
[267/2000] 2026-07-10 17:29:04 | R1 | 2014_2_1/115332 vs 2016_0_1/55901 → NON-CLONE
[268/2000] 2026-07-10 17:29:07 | R1 | 2014_2_1/119554 vs 2015_0_4/107149 → NON-CLONE
[269/2000] 2026-07-10 17:29:09 | R1 | 2014_2_1/119554 vs 2016_1_2/20611 → NON-CLONE
[270/2000] 2026-07-10 17:29:12 | R1 | 2014_2_1/126555 vs 2015_1_1/124925 → NON-CLONE
[271/2000] 2026-07-10 17:29:16 | R1 | 2014_3_1/141827 vs 2013_1_1/30305 → NON-CLONE
[272/2000] 2026-07-10 17:29:18 | R1 | 2014_3_1/141827 vs 2014_2_1/126555 → NON-CLONE
[273/2000] 2026-07-10 17:29:21 | R1 | 2014_3_1/141827 vs 2013_1_1/30610 → NON-CLONE
[274/2000] 2026-07-10 17:29:23 | R1 | 2014_3_1/141827 vs 2014_2_1/115332 → NON-CLONE
[275/2000] 2026-07-10 17:29:25 | R1 | 2014_3_1/137264 vs 2016_0_4/129913 → NON-CLONE
[276/2000] 2026-07-10 17:29:27 | R1 | 2014_3_1/137264 vs 2016_0_2/88861 → NON-CLONE
[277/2000] 2026-07-10 17:29:30 | R1 | 2014_3_1/137264 vs 2014_2_1/126555 → NON-CLONE
[278/2000] 2026-07-10 17:29:32 | R1 | 2014_3_1/138894 vs 2016_0_4/138317 → NON-CLONE
[279/2000] 2026-07-10 17:29:35 | R1 | 2014_3_1/138894 vs 2015_0_4/77477 → NON-CLONE
[280/2000] 2026-07-10 17:29:37 | R1 | 2014_3_1/136615 vs 2016_0_4/138317 → NON-CLONE
[281/2000] 2026-07-10 17:29:40 | R1 | 2015_0_1/79967 vs 2015_0_4/96734 → NON-CLONE
[282/2000] 2026-07-10 17:29:42 | R1 | 2015_0_1/79967 vs 2015_0_3/88073 → NON-CLONE
[283/2000] 2026-07-10 17:29:48 | R1 | 2015_0_1/79967 vs 2014_0_3/22792 → NON-CLONE
[284/2000] 2026-07-10 17:29:51 | R1 | 2015_0_1/79967 vs 2013_1_1/30610 → NON-CLONE
[285/2000] 2026-07-10 17:29:53 | R1 | 2015_0_1/35102 vs 2016_0_2/68074 → NON-CLONE
[286/2000] 2026-07-10 17:29:56 | R1 | 2015_0_1/35102 vs 2016_0_1/55901 → NON-CLONE
[287/2000] 2026-07-10 17:29:58 | R1 | 2015_0_1/35102 vs 2013_0_3/94901 → NON-CLONE
[288/2000] 2026-07-10 17:30:00 | R1 | 2015_0_1/68106 vs 2013_0_2/44471 → NON-CLONE
[289/2000] 2026-07-10 17:30:03 | R1 | 2015_0_1/68106 vs 2013_0_3/83531 → NON-CLONE
[290/2000] 2026-07-10 17:30:05 | R1 | 2015_0_1/65869 vs 2013_1_1/40715 → NON-CLONE
[291/2000] 2026-07-10 17:30:08 | R1 | 2015_0_2/34257 vs 2016_1_2/8152 → NON-CLONE
[292/2000] 2026-07-10 17:30:10 | R1 | 2015_0_2/34257 vs 2014_0_2/107403 → NON-CLONE
[293/2000] 2026-07-10 17:30:12 | R1 | 2015_0_2/34257 vs 2016_2_1/187476 → NON-CLONE
[294/2000] 2026-07-10 17:30:14 | R1 | 2015_0_2/34257 vs 2015_0_4/77477 → NON-CLONE
[295/2000] 2026-07-10 17:30:17 | R1 | 2015_0_2/32722 vs 2016_1_1/14479 → NON-CLONE
[296/2000] 2026-07-10 17:30:19 | R1 | 2015_0_2/32722 vs 2013_0_2/90919 → NON-CLONE
[297/2000] 2026-07-10 17:30:21 | R1 | 2015_0_2/32722 vs 2015_0_3/107238 → NON-CLONE
[298/2000] 2026-07-10 17:30:24 | R1 | 2015_0_2/77145 vs 2015_0_3/62582 → NON-CLONE
[299/2000] 2026-07-10 17:30:26 | R1 | 2015_0_2/77145 vs 2016_1_1/14479 → NON-CLONE
[300/2000] 2026-07-10 17:30:29 | R1 | 2015_0_2/72707 vs 2015_1_1/115055 → NON-CLONE
[301/2000] 2026-07-10 17:30:32 | R1 | 2015_0_3/74464 vs 2016_0_2/125812 → NON-CLONE
[302/2000] 2026-07-10 17:30:34 | R1 | 2015_0_3/74464 vs 2014_2_1/119554 → NON-CLONE
[303/2000] 2026-07-10 17:30:36 | R1 | 2015_0_3/74464 vs 2016_0_4/100472 → NON-CLONE
[304/2000] 2026-07-10 17:30:39 | R1 | 2015_0_3/74464 vs 2013_0_1/58633 → NON-CLONE
[305/2000] 2026-07-10 17:30:42 | R1 | 2015_0_3/88073 vs 2016_2_1/187476 → NON-CLONE
[306/2000] 2026-07-10 17:30:44 | R1 | 2015_0_3/88073 vs 2016_3_1/210871 → NON-CLONE
[307/2000] 2026-07-10 17:30:46 | R1 | 2015_0_3/88073 vs 2013_0_3/83531 → NON-CLONE
[308/2000] 2026-07-10 17:30:49 | R1 | 2015_0_3/21597 vs 2016_2_1/187476 → NON-CLONE
[309/2000] 2026-07-10 17:30:51 | R1 | 2015_0_3/21597 vs 2016_0_2/88861 → NON-CLONE
[310/2000] 2026-07-10 17:30:54 | R1 | 2015_0_3/62582 vs 2014_2_1/125050 → NON-CLONE
[311/2000] 2026-07-10 17:30:56 | R1 | 2015_0_4/107149 vs 2016_1_2/20611 → NON-CLONE
[312/2000] 2026-07-10 17:30:58 | R1 | 2015_0_4/107149 vs 2015_0_1/65869 → NON-CLONE
[313/2000] 2026-07-10 17:31:01 | R1 | 2015_0_4/107149 vs 2013_0_3/83531 → NON-CLONE
[314/2000] 2026-07-10 17:31:03 | R1 | 2015_0_4/107149 vs 2014_3_1/138894 → NON-CLONE
[315/2000] 2026-07-10 17:31:06 | R1 | 2015_0_4/96734 vs 2015_1_1/127730 → NON-CLONE
[316/2000] 2026-07-10 17:31:07 | R1 | 2015_0_4/96734 vs 2014_0_2/107403 → NON-CLONE
[317/2000] 2026-07-10 17:31:09 | R1 | 2015_0_4/96734 vs 2015_1_1/124925 → NON-CLONE
[318/2000] 2026-07-10 17:31:12 | R1 | 2015_0_4/79014 vs 2013_0_1/84294 → NON-CLONE
[319/2000] 2026-07-10 17:31:14 | R1 | 2015_0_4/79014 vs 2016_3_1/210871 → NON-CLONE
[320/2000] 2026-07-10 17:31:16 | R1 | 2015_0_4/21673 vs 2016_3_1/210871 → NON-CLONE
[321/2000] 2026-07-10 17:31:19 | R1 | 2015_1_1/127730 vs 2014_2_1/126555 → NON-CLONE
[322/2000] 2026-07-10 17:31:21 | R1 | 2015_1_1/127730 vs 2016_0_1/72044 → NON-CLONE
[323/2000] 2026-07-10 17:31:23 | R1 | 2015_1_1/127730 vs 2014_0_2/27351 → NON-CLONE
[324/2000] 2026-07-10 17:31:26 | R1 | 2015_1_1/127730 vs 2016_0_1/72044 → NON-CLONE
[325/2000] 2026-07-10 17:31:28 | R1 | 2015_1_1/114491 vs 2013_0_3/118052 → NON-CLONE
[326/2000] 2026-07-10 17:31:30 | R1 | 2015_1_1/114491 vs 2016_1_2/8152 → NON-CLONE
[327/2000] 2026-07-10 17:31:32 | R1 | 2015_1_1/114491 vs 2014_3_1/136615 → NON-CLONE
[328/2000] 2026-07-10 17:31:35 | R1 | 2015_1_1/125935 vs 2016_1_2/31984 → NON-CLONE
[329/2000] 2026-07-10 17:31:37 | R1 | 2015_1_1/125935 vs 2016_0_1/72044 → NON-CLONE
[330/2000] 2026-07-10 17:31:39 | R1 | 2015_1_1/124925 vs 2016_1_1/8299 → NON-CLONE
[331/2000] 2026-07-10 17:31:42 | R1 | 2016_0_1/60475 vs 2014_0_3/108079 → NON-CLONE
[332/2000] 2026-07-10 17:31:44 | R1 | 2016_0_1/60475 vs 2013_1_1/40715 → NON-CLONE
[333/2000] 2026-07-10 17:31:46 | R1 | 2016_0_1/60475 vs 2015_0_2/77145 → NON-CLONE
[334/2000] 2026-07-10 17:31:48 | R1 | 2016_0_1/60475 vs 2014_0_2/107403 → NON-CLONE
[335/2000] 2026-07-10 17:31:50 | R1 | 2016_0_1/69477 vs 2016_0_2/162423 → NON-CLONE
[336/2000] 2026-07-10 17:31:53 | R1 | 2016_0_1/69477 vs 2016_0_2/125812 → NON-CLONE
[337/2000] 2026-07-10 17:31:55 | R1 | 2016_0_1/69477 vs 2013_0_1/84294 → NON-CLONE
[338/2000] 2026-07-10 17:31:58 | R1 | 2016_0_1/123558 vs 2016_1_1/14479 → NON-CLONE
[339/2000] 2026-07-10 17:32:00 | R1 | 2016_0_1/123558 vs 2015_0_1/35102 → NON-CLONE
[340/2000] 2026-07-10 17:32:03 | R1 | 2016_0_1/55901 vs 2015_1_1/125935 → NON-CLONE
[341/2000] 2026-07-10 17:32:05 | R1 | 2016_0_2/68074 vs 2013_0_1/124149 → NON-CLONE
[342/2000] 2026-07-10 17:32:08 | R1 | 2016_0_2/68074 vs 2013_0_3/83531 → NON-CLONE
[343/2000] 2026-07-10 17:32:10 | R1 | 2016_0_2/68074 vs 2015_0_2/32722 → NON-CLONE
[344/2000] 2026-07-10 17:32:12 | R1 | 2016_0_2/68074 vs 2014_3_1/138529 → NON-CLONE
[345/2000] 2026-07-10 17:32:15 | R1 | 2016_0_2/150691 vs 2014_2_1/124976 → NON-CLONE
[346/2000] 2026-07-10 17:32:18 | R1 | 2016_0_2/150691 vs 2013_0_2/55421 → NON-CLONE
[347/2000] 2026-07-10 17:32:20 | R1 | 2016_0_2/150691 vs 2014_2_1/124976 → NON-CLONE
[348/2000] 2026-07-10 17:32:23 | R1 | 2016_0_2/125812 vs 2016_0_4/58218 → NON-CLONE
[349/2000] 2026-07-10 17:32:25 | R1 | 2016_0_2/125812 vs 2013_0_3/55548 → NON-CLONE
[350/2000] 2026-07-10 17:32:28 | R1 | 2016_0_2/88861 vs 2013_0_3/55548 → NON-CLONE
[351/2000] 2026-07-10 17:32:31 | R1 | 2016_0_4/100472 vs 2016_3_1/218815 → NON-CLONE
[352/2000] 2026-07-10 17:32:33 | R1 | 2016_0_4/100472 vs 2015_1_1/125935 → NON-CLONE
[353/2000] 2026-07-10 17:32:35 | R1 | 2016_0_4/100472 vs 2013_0_2/90919 → NON-CLONE
[354/2000] 2026-07-10 17:32:38 | R1 | 2016_0_4/100472 vs 2016_0_1/55901 → NON-CLONE
[355/2000] 2026-07-10 17:32:40 | R1 | 2016_0_4/129913 vs 2013_1_1/30788 → NON-CLONE
[356/2000] 2026-07-10 17:32:42 | R1 | 2016_0_4/129913 vs 2013_1_1/30788 → NON-CLONE
[357/2000] 2026-07-10 17:32:44 | R1 | 2016_0_4/129913 vs 2016_1_2/30007 → NON-CLONE
[358/2000] 2026-07-10 17:32:47 | R1 | 2016_0_4/58218 vs 2015_1_1/127730 → NON-CLONE
[359/2000] 2026-07-10 17:32:49 | R1 | 2016_0_4/58218 vs 2016_0_2/68074 → NON-CLONE
[360/2000] 2026-07-10 17:32:51 | R1 | 2016_0_4/63729 vs 2014_0_2/81302 → NON-CLONE
[361/2000] 2026-07-10 17:32:54 | R1 | 2016_1_1/1153 vs 2014_2_1/126555 → NON-CLONE
[362/2000] 2026-07-10 17:32:56 | R1 | 2016_1_1/1153 vs 2016_0_1/123558 → NON-CLONE
[363/2000] 2026-07-10 17:32:58 | R1 | 2016_1_1/1153 vs 2016_0_4/58218 → NON-CLONE
[364/2000] 2026-07-10 17:33:01 | R1 | 2016_1_1/1153 vs 2015_0_3/107238 → NON-CLONE
[365/2000] 2026-07-10 17:33:05 | R1 | 2016_1_1/14479 vs 2014_0_3/99421 → NON-CLONE
[366/2000] 2026-07-10 17:33:07 | R1 | 2016_1_1/14479 vs 2016_0_1/72044 → NON-CLONE
[367/2000] 2026-07-10 17:33:09 | R1 | 2016_1_1/14479 vs 2016_3_1/218815 → NON-CLONE
[368/2000] 2026-07-10 17:33:12 | R1 | 2016_1_1/8299 vs 2016_2_1/193269 → NON-CLONE
[369/2000] 2026-07-10 17:33:15 | R1 | 2016_1_1/8299 vs 2014_0_3/108079 → NON-CLONE
[370/2000] 2026-07-10 17:33:17 | R1 | 2016_1_1/29796 vs 2016_3_1/211583 → NON-CLONE
[371/2000] 2026-07-10 17:33:19 | R1 | 2016_1_2/8152 vs 2014_3_1/138529 → NON-CLONE
[372/2000] 2026-07-10 17:33:21 | R1 | 2016_1_2/8152 vs 2015_0_3/88073 → NON-CLONE
[373/2000] 2026-07-10 17:33:24 | R1 | 2016_1_2/8152 vs 2016_2_1/197689 → NON-CLONE
[374/2000] 2026-07-10 17:33:26 | R1 | 2016_1_2/8152 vs 2016_1_1/29796 → NON-CLONE
[375/2000] 2026-07-10 17:33:28 | R1 | 2016_1_2/31984 vs 2015_0_2/77145 → NON-CLONE
[376/2000] 2026-07-10 17:33:30 | R1 | 2016_1_2/31984 vs 2015_0_4/96734 → NON-CLONE
[377/2000] 2026-07-10 17:33:32 | R1 | 2016_1_2/31984 vs 2016_0_1/69477 → NON-CLONE
[378/2000] 2026-07-10 17:33:34 | R1 | 2016_1_2/20611 vs 2015_0_4/79014 → NON-CLONE
[379/2000] 2026-07-10 17:33:36 | R1 | 2016_1_2/20611 vs 2013_1_1/35305 → NON-CLONE
[380/2000] 2026-07-10 17:33:41 | R1 | 2016_1_2/19093 vs 2014_2_1/115332 → NON-CLONE
[381/2000] 2026-07-10 17:33:48 | R1 | 2016_2_1/197689 vs 2014_0_3/22792 → NON-CLONE
[382/2000] 2026-07-10 17:33:50 | R1 | 2016_2_1/197689 vs 2013_0_2/90919 → NON-CLONE
[383/2000] 2026-07-10 17:33:52 | R1 | 2016_2_1/197689 vs 2015_0_1/65869 → NON-CLONE
[384/2000] 2026-07-10 17:33:55 | R1 | 2016_2_1/197689 vs 2013_0_1/124149 → NON-CLONE
[385/2000] 2026-07-10 17:33:57 | R1 | 2016_2_1/192495 vs 2016_0_4/100472 → NON-CLONE
[386/2000] 2026-07-10 17:33:59 | R1 | 2016_2_1/192495 vs 2016_0_2/68074 → NON-CLONE
[387/2000] 2026-07-10 17:34:01 | R1 | 2016_2_1/192495 vs 2014_0_3/71973 → NON-CLONE
[388/2000] 2026-07-10 17:34:04 | R1 | 2016_2_1/187476 vs 2016_0_4/100472 → NON-CLONE
[389/2000] 2026-07-10 17:34:10 | R1 | 2016_2_1/187476 vs 2014_0_3/22792 → NON-CLONE
[390/2000] 2026-07-10 17:34:13 | R1 | 2016_2_1/193269 vs 2013_0_1/84294 → NON-CLONE
[391/2000] 2026-07-10 17:34:15 | R1 | 2016_3_1/205670 vs 2013_0_2/114653 → NON-CLONE
[392/2000] 2026-07-10 17:34:18 | R1 | 2016_3_1/205670 vs 2016_2_1/197689 → NON-CLONE
[393/2000] 2026-07-10 17:34:20 | R1 | 2016_3_1/205670 vs 2016_1_1/1153 → NON-CLONE
[394/2000] 2026-07-10 17:34:22 | R1 | 2016_3_1/205670 vs 2013_0_2/55421 → NON-CLONE
[395/2000] 2026-07-10 17:34:25 | R1 | 2016_3_1/211583 vs 2014_0_3/71973 → NON-CLONE
[396/2000] 2026-07-10 17:34:27 | R1 | 2016_3_1/211583 vs 2013_0_2/90919 → NON-CLONE
[397/2000] 2026-07-10 17:34:29 | R1 | 2016_3_1/211583 vs 2013_0_1/124226 → NON-CLONE
[398/2000] 2026-07-10 17:34:32 | R1 | 2016_3_1/210871 vs 2015_0_1/68106 → NON-CLONE
[399/2000] 2026-07-10 17:34:34 | R1 | 2016_3_1/210871 vs 2013_0_2/114653 → NON-CLONE
[400/2000] 2026-07-10 17:34:37 | R1 | 2016_3_1/218815 vs 2016_0_1/60475 → NON-CLONE
Round 1 done → results_gcj_java/Llama-4-Scout-17B-16E-Instruct/results_gguf_llama4_scout_Q2_K_round1.csv
--- Round 2/5 (0 done, 400 remaining) ---
[401/2000] 2026-07-10 17:34:39 | R2 | 2013_0_1/84294 vs 2013_0_1/58633 → CLONE
[402/2000] 2026-07-10 17:34:42 | R2 | 2013_0_1/84294 vs 2013_0_1/124149 → CLONE
[403/2000] 2026-07-10 17:34:44 | R2 | 2013_0_1/84294 vs 2013_0_1/88116 → CLONE
[404/2000] 2026-07-10 17:34:46 | R2 | 2013_0_1/84294 vs 2013_0_1/124226 → CLONE
[405/2000] 2026-07-10 17:34:49 | R2 | 2013_0_1/58633 vs 2013_0_1/124149 → CLONE
[406/2000] 2026-07-10 17:34:51 | R2 | 2013_0_1/58633 vs 2013_0_1/88116 → CLONE
[407/2000] 2026-07-10 17:34:53 | R2 | 2013_0_1/58633 vs 2013_0_1/124226 → CLONE
[408/2000] 2026-07-10 17:34:56 | R2 | 2013_0_1/124149 vs 2013_0_1/88116 → CLONE
[409/2000] 2026-07-10 17:34:58 | R2 | 2013_0_1/124149 vs 2013_0_1/124226 → CLONE
[410/2000] 2026-07-10 17:35:01 | R2 | 2013_0_1/88116 vs 2013_0_1/124226 → CLONE
[411/2000] 2026-07-10 17:35:04 | R2 | 2013_0_2/95524 vs 2013_0_2/44471 → CLONE
[412/2000] 2026-07-10 17:35:06 | R2 | 2013_0_2/95524 vs 2013_0_2/55421 → CLONE
[413/2000] 2026-07-10 17:35:08 | R2 | 2013_0_2/95524 vs 2013_0_2/90919 → CLONE
[414/2000] 2026-07-10 17:35:10 | R2 | 2013_0_2/95524 vs 2013_0_2/114653 → CLONE
[415/2000] 2026-07-10 17:35:13 | R2 | 2013_0_2/44471 vs 2013_0_2/55421 → CLONE
[416/2000] 2026-07-10 17:35:15 | R2 | 2013_0_2/44471 vs 2013_0_2/90919 → CLONE
[417/2000] 2026-07-10 17:35:17 | R2 | 2013_0_2/44471 vs 2013_0_2/114653 → CLONE
[418/2000] 2026-07-10 17:35:20 | R2 | 2013_0_2/55421 vs 2013_0_2/90919 → CLONE
[419/2000] 2026-07-10 17:35:22 | R2 | 2013_0_2/55421 vs 2013_0_2/114653 → CLONE
[420/2000] 2026-07-10 17:35:25 | R2 | 2013_0_2/90919 vs 2013_0_2/114653 → CLONE
[421/2000] 2026-07-10 17:35:28 | R2 | 2013_0_3/55548 vs 2013_0_3/94901 → CLONE
[422/2000] 2026-07-10 17:35:30 | R2 | 2013_0_3/55548 vs 2013_0_3/78294 → CLONE
[423/2000] 2026-07-10 17:35:32 | R2 | 2013_0_3/55548 vs 2013_0_3/118052 → CLONE
[424/2000] 2026-07-10 17:35:35 | R2 | 2013_0_3/55548 vs 2013_0_3/83531 → CLONE
[425/2000] 2026-07-10 17:35:38 | R2 | 2013_0_3/94901 vs 2013_0_3/78294 → CLONE
[426/2000] 2026-07-10 17:35:40 | R2 | 2013_0_3/94901 vs 2013_0_3/118052 → CLONE
[427/2000] 2026-07-10 17:35:43 | R2 | 2013_0_3/94901 vs 2013_0_3/83531 → CLONE
[428/2000] 2026-07-10 17:35:45 | R2 | 2013_0_3/78294 vs 2013_0_3/118052 → CLONE
[429/2000] 2026-07-10 17:35:48 | R2 | 2013_0_3/78294 vs 2013_0_3/83531 → CLONE
[430/2000] 2026-07-10 17:35:50 | R2 | 2013_0_3/118052 vs 2013_0_3/83531 → CLONE
[431/2000] 2026-07-10 17:35:52 | R2 | 2013_1_1/35305 vs 2013_1_1/30788 → CLONE
[432/2000] 2026-07-10 17:35:55 | R2 | 2013_1_1/35305 vs 2013_1_1/30610 → CLONE
[433/2000] 2026-07-10 17:35:58 | R2 | 2013_1_1/35305 vs 2013_1_1/30305 → CLONE
[434/2000] 2026-07-10 17:36:00 | R2 | 2013_1_1/35305 vs 2013_1_1/40715 → CLONE
[435/2000] 2026-07-10 17:36:02 | R2 | 2013_1_1/30788 vs 2013_1_1/30610 → CLONE
[436/2000] 2026-07-10 17:36:05 | R2 | 2013_1_1/30788 vs 2013_1_1/30305 → CLONE
[437/2000] 2026-07-10 17:36:07 | R2 | 2013_1_1/30788 vs 2013_1_1/40715 → CLONE
[438/2000] 2026-07-10 17:36:10 | R2 | 2013_1_1/30610 vs 2013_1_1/30305 → CLONE
[439/2000] 2026-07-10 17:36:12 | R2 | 2013_1_1/30610 vs 2013_1_1/40715 → CLONE
[440/2000] 2026-07-10 17:36:15 | R2 | 2013_1_1/30305 vs 2013_1_1/40715 → CLONE
[441/2000] 2026-07-10 17:36:17 | R2 | 2014_0_2/107403 vs 2014_0_2/81302 → CLONE
[442/2000] 2026-07-10 17:36:19 | R2 | 2014_0_2/107403 vs 2014_0_2/27351 → CLONE
[443/2000] 2026-07-10 17:36:21 | R2 | 2014_0_2/107403 vs 2014_0_2/41018 → CLONE
[444/2000] 2026-07-10 17:36:23 | R2 | 2014_0_2/107403 vs 2014_0_2/110678 → CLONE
[445/2000] 2026-07-10 17:36:26 | R2 | 2014_0_2/81302 vs 2014_0_2/27351 → CLONE
[446/2000] 2026-07-10 17:36:27 | R2 | 2014_0_2/81302 vs 2014_0_2/41018 → CLONE
[447/2000] 2026-07-10 17:36:29 | R2 | 2014_0_2/81302 vs 2014_0_2/110678 → CLONE
[448/2000] 2026-07-10 17:36:31 | R2 | 2014_0_2/27351 vs 2014_0_2/41018 → CLONE
[449/2000] 2026-07-10 17:36:33 | R2 | 2014_0_2/27351 vs 2014_0_2/110678 → CLONE
[450/2000] 2026-07-10 17:36:35 | R2 | 2014_0_2/41018 vs 2014_0_2/110678 → CLONE
[451/2000] 2026-07-10 17:36:39 | R2 | 2014_0_3/108079 vs 2014_0_3/27551 → CLONE
[452/2000] 2026-07-10 17:36:43 | R2 | 2014_0_3/108079 vs 2014_0_3/99421 → CLONE
[453/2000] 2026-07-10 17:36:49 | R2 | 2014_0_3/108079 vs 2014_0_3/22792 → CLONE
[454/2000] 2026-07-10 17:36:52 | R2 | 2014_0_3/108079 vs 2014_0_3/71973 → CLONE
[455/2000] 2026-07-10 17:36:57 | R2 | 2014_0_3/27551 vs 2014_0_3/99421 → CLONE
[456/2000] 2026-07-10 17:37:03 | R2 | 2014_0_3/27551 vs 2014_0_3/22792 → CLONE
[457/2000] 2026-07-10 17:37:05 | R2 | 2014_0_3/27551 vs 2014_0_3/71973 → CLONE
[458/2000] 2026-07-10 17:37:13 | R2 | 2014_0_3/99421 vs 2014_0_3/22792 → CLONE
[459/2000] 2026-07-10 17:37:15 | R2 | 2014_0_3/99421 vs 2014_0_3/71973 → CLONE
[460/2000] 2026-07-10 17:37:21 | R2 | 2014_0_3/22792 vs 2014_0_3/71973 → CLONE
[461/2000] 2026-07-10 17:37:24 | R2 | 2014_2_1/124976 vs 2014_2_1/115332 → CLONE
[462/2000] 2026-07-10 17:37:26 | R2 | 2014_2_1/124976 vs 2014_2_1/119554 → CLONE
[463/2000] 2026-07-10 17:37:29 | R2 | 2014_2_1/124976 vs 2014_2_1/126555 → CLONE
[464/2000] 2026-07-10 17:37:31 | R2 | 2014_2_1/124976 vs 2014_2_1/125050 → CLONE
[465/2000] 2026-07-10 17:37:34 | R2 | 2014_2_1/115332 vs 2014_2_1/119554 → CLONE
[466/2000] 2026-07-10 17:37:36 | R2 | 2014_2_1/115332 vs 2014_2_1/126555 → CLONE
[467/2000] 2026-07-10 17:37:38 | R2 | 2014_2_1/115332 vs 2014_2_1/125050 → CLONE
[468/2000] 2026-07-10 17:37:41 | R2 | 2014_2_1/119554 vs 2014_2_1/126555 → CLONE
[469/2000] 2026-07-10 17:37:44 | R2 | 2014_2_1/119554 vs 2014_2_1/125050 → CLONE
[470/2000] 2026-07-10 17:37:47 | R2 | 2014_2_1/126555 vs 2014_2_1/125050 → CLONE
[471/2000] 2026-07-10 17:37:50 | R2 | 2014_3_1/141827 vs 2014_3_1/137264 → CLONE
[472/2000] 2026-07-10 17:37:52 | R2 | 2014_3_1/141827 vs 2014_3_1/138894 → CLONE
[473/2000] 2026-07-10 17:37:54 | R2 | 2014_3_1/141827 vs 2014_3_1/136615 → CLONE
[474/2000] 2026-07-10 17:37:57 | R2 | 2014_3_1/141827 vs 2014_3_1/138529 → CLONE
[475/2000] 2026-07-10 17:37:59 | R2 | 2014_3_1/137264 vs 2014_3_1/138894 → CLONE
[476/2000] 2026-07-10 17:38:01 | R2 | 2014_3_1/137264 vs 2014_3_1/136615 → CLONE
[477/2000] 2026-07-10 17:38:04 | R2 | 2014_3_1/137264 vs 2014_3_1/138529 → CLONE
[478/2000] 2026-07-10 17:38:06 | R2 | 2014_3_1/138894 vs 2014_3_1/136615 → CLONE
[479/2000] 2026-07-10 17:38:08 | R2 | 2014_3_1/138894 vs 2014_3_1/138529 → CLONE
[480/2000] 2026-07-10 17:38:11 | R2 | 2014_3_1/136615 vs 2014_3_1/138529 → CLONE
[481/2000] 2026-07-10 17:38:13 | R2 | 2015_0_1/79967 vs 2015_0_1/35102 → CLONE
[482/2000] 2026-07-10 17:38:15 | R2 | 2015_0_1/79967 vs 2015_0_1/68106 → CLONE
[483/2000] 2026-07-10 17:38:17 | R2 | 2015_0_1/79967 vs 2015_0_1/65869 → CLONE
[484/2000] 2026-07-10 17:38:19 | R2 | 2015_0_1/79967 vs 2015_0_1/46754 → CLONE
[485/2000] 2026-07-10 17:38:22 | R2 | 2015_0_1/35102 vs 2015_0_1/68106 → CLONE
[486/2000] 2026-07-10 17:38:24 | R2 | 2015_0_1/35102 vs 2015_0_1/65869 → CLONE
[487/2000] 2026-07-10 17:38:26 | R2 | 2015_0_1/35102 vs 2015_0_1/46754 → CLONE
[488/2000] 2026-07-10 17:38:28 | R2 | 2015_0_1/68106 vs 2015_0_1/65869 → CLONE
[489/2000] 2026-07-10 17:38:30 | R2 | 2015_0_1/68106 vs 2015_0_1/46754 → CLONE
[490/2000] 2026-07-10 17:38:32 | R2 | 2015_0_1/65869 vs 2015_0_1/46754 → CLONE
[491/2000] 2026-07-10 17:38:35 | R2 | 2015_0_2/34257 vs 2015_0_2/32722 → CLONE
[492/2000] 2026-07-10 17:38:37 | R2 | 2015_0_2/34257 vs 2015_0_2/77145 → CLONE
[493/2000] 2026-07-10 17:38:39 | R2 | 2015_0_2/34257 vs 2015_0_2/72707 → CLONE
[494/2000] 2026-07-10 17:38:40 | R2 | 2015_0_2/34257 vs 2015_0_2/68668 → CLONE
[495/2000] 2026-07-10 17:38:43 | R2 | 2015_0_2/32722 vs 2015_0_2/77145 → CLONE
[496/2000] 2026-07-10 17:38:45 | R2 | 2015_0_2/32722 vs 2015_0_2/72707 → CLONE
[497/2000] 2026-07-10 17:38:46 | R2 | 2015_0_2/32722 vs 2015_0_2/68668 → CLONE
[498/2000] 2026-07-10 17:38:48 | R2 | 2015_0_2/77145 vs 2015_0_2/72707 → CLONE
[499/2000] 2026-07-10 17:38:50 | R2 | 2015_0_2/77145 vs 2015_0_2/68668 → CLONE
[500/2000] 2026-07-10 17:38:52 | R2 | 2015_0_2/72707 vs 2015_0_2/68668 → CLONE
[501/2000] 2026-07-10 17:38:56 | R2 | 2015_0_3/74464 vs 2015_0_3/88073 → CLONE
[502/2000] 2026-07-10 17:38:59 | R2 | 2015_0_3/74464 vs 2015_0_3/21597 → CLONE
[503/2000] 2026-07-10 17:39:01 | R2 | 2015_0_3/74464 vs 2015_0_3/62582 → CLONE
[504/2000] 2026-07-10 17:39:04 | R2 | 2015_0_3/74464 vs 2015_0_3/107238 → CLONE
[505/2000] 2026-07-10 17:39:07 | R2 | 2015_0_3/88073 vs 2015_0_3/21597 → CLONE
[506/2000] 2026-07-10 17:39:09 | R2 | 2015_0_3/88073 vs 2015_0_3/62582 → CLONE
[507/2000] 2026-07-10 17:39:12 | R2 | 2015_0_3/88073 vs 2015_0_3/107238 → CLONE
[508/2000] 2026-07-10 17:39:15 | R2 | 2015_0_3/21597 vs 2015_0_3/62582 → CLONE
[509/2000] 2026-07-10 17:39:18 | R2 | 2015_0_3/21597 vs 2015_0_3/107238 → CLONE
[510/2000] 2026-07-10 17:39:20 | R2 | 2015_0_3/62582 vs 2015_0_3/107238 → CLONE
[511/2000] 2026-07-10 17:39:23 | R2 | 2015_0_4/107149 vs 2015_0_4/96734 → CLONE
[512/2000] 2026-07-10 17:39:25 | R2 | 2015_0_4/107149 vs 2015_0_4/79014 → CLONE
[513/2000] 2026-07-10 17:39:27 | R2 | 2015_0_4/107149 vs 2015_0_4/21673 → CLONE
[514/2000] 2026-07-10 17:39:29 | R2 | 2015_0_4/107149 vs 2015_0_4/77477 → CLONE
[515/2000] 2026-07-10 17:39:32 | R2 | 2015_0_4/96734 vs 2015_0_4/79014 → CLONE
[516/2000] 2026-07-10 17:39:34 | R2 | 2015_0_4/96734 vs 2015_0_4/21673 → CLONE
[517/2000] 2026-07-10 17:39:36 | R2 | 2015_0_4/96734 vs 2015_0_4/77477 → CLONE
[518/2000] 2026-07-10 17:39:38 | R2 | 2015_0_4/79014 vs 2015_0_4/21673 → CLONE
[519/2000] 2026-07-10 17:39:41 | R2 | 2015_0_4/79014 vs 2015_0_4/77477 → CLONE
[520/2000] 2026-07-10 17:39:43 | R2 | 2015_0_4/21673 vs 2015_0_4/77477 → CLONE
[521/2000] 2026-07-10 17:39:45 | R2 | 2015_1_1/127730 vs 2015_1_1/114491 → CLONE
[522/2000] 2026-07-10 17:39:48 | R2 | 2015_1_1/127730 vs 2015_1_1/125935 → CLONE
[523/2000] 2026-07-10 17:39:50 | R2 | 2015_1_1/127730 vs 2015_1_1/124925 → CLONE
[524/2000] 2026-07-10 17:39:52 | R2 | 2015_1_1/127730 vs 2015_1_1/115055 → CLONE
[525/2000] 2026-07-10 17:39:55 | R2 | 2015_1_1/114491 vs 2015_1_1/125935 → CLONE
[526/2000] 2026-07-10 17:39:57 | R2 | 2015_1_1/114491 vs 2015_1_1/124925 → CLONE
[527/2000] 2026-07-10 17:39:59 | R2 | 2015_1_1/114491 vs 2015_1_1/115055 → CLONE
[528/2000] 2026-07-10 17:40:01 | R2 | 2015_1_1/125935 vs 2015_1_1/124925 → CLONE
[529/2000] 2026-07-10 17:40:04 | R2 | 2015_1_1/125935 vs 2015_1_1/115055 → CLONE
[530/2000] 2026-07-10 17:40:06 | R2 | 2015_1_1/124925 vs 2015_1_1/115055 → CLONE
[531/2000] 2026-07-10 17:40:08 | R2 | 2016_0_1/60475 vs 2016_0_1/69477 → CLONE
[532/2000] 2026-07-10 17:40:11 | R2 | 2016_0_1/60475 vs 2016_0_1/123558 → CLONE
[533/2000] 2026-07-10 17:40:13 | R2 | 2016_0_1/60475 vs 2016_0_1/55901 → CLONE
[534/2000] 2026-07-10 17:40:15 | R2 | 2016_0_1/60475 vs 2016_0_1/72044 → CLONE
[535/2000] 2026-07-10 17:40:17 | R2 | 2016_0_1/69477 vs 2016_0_1/123558 → CLONE
[536/2000] 2026-07-10 17:40:20 | R2 | 2016_0_1/69477 vs 2016_0_1/55901 → CLONE
[537/2000] 2026-07-10 17:40:22 | R2 | 2016_0_1/69477 vs 2016_0_1/72044 → CLONE
[538/2000] 2026-07-10 17:40:25 | R2 | 2016_0_1/123558 vs 2016_0_1/55901 → CLONE
[539/2000] 2026-07-10 17:40:27 | R2 | 2016_0_1/123558 vs 2016_0_1/72044 → CLONE
[540/2000] 2026-07-10 17:40:30 | R2 | 2016_0_1/55901 vs 2016_0_1/72044 → CLONE
[541/2000] 2026-07-10 17:40:32 | R2 | 2016_0_2/68074 vs 2016_0_2/150691 → CLONE
[542/2000] 2026-07-10 17:40:34 | R2 | 2016_0_2/68074 vs 2016_0_2/125812 → CLONE
[543/2000] 2026-07-10 17:40:36 | R2 | 2016_0_2/68074 vs 2016_0_2/88861 → CLONE
[544/2000] 2026-07-10 17:40:38 | R2 | 2016_0_2/68074 vs 2016_0_2/162423 → CLONE
[545/2000] 2026-07-10 17:40:41 | R2 | 2016_0_2/150691 vs 2016_0_2/125812 → CLONE
[546/2000] 2026-07-10 17:40:43 | R2 | 2016_0_2/150691 vs 2016_0_2/88861 → CLONE
[547/2000] 2026-07-10 17:40:45 | R2 | 2016_0_2/150691 vs 2016_0_2/162423 → CLONE
[548/2000] 2026-07-10 17:40:47 | R2 | 2016_0_2/125812 vs 2016_0_2/88861 → CLONE
[549/2000] 2026-07-10 17:40:49 | R2 | 2016_0_2/125812 vs 2016_0_2/162423 → CLONE
[550/2000] 2026-07-10 17:40:51 | R2 | 2016_0_2/88861 vs 2016_0_2/162423 → CLONE
[551/2000] 2026-07-10 17:40:53 | R2 | 2016_0_4/100472 vs 2016_0_4/129913 → CLONE
[552/2000] 2026-07-10 17:40:56 | R2 | 2016_0_4/100472 vs 2016_0_4/58218 → CLONE
[553/2000] 2026-07-10 17:40:58 | R2 | 2016_0_4/100472 vs 2016_0_4/63729 → CLONE
[554/2000] 2026-07-10 17:41:00 | R2 | 2016_0_4/100472 vs 2016_0_4/138317 → CLONE
[555/2000] 2026-07-10 17:41:02 | R2 | 2016_0_4/129913 vs 2016_0_4/58218 → CLONE
[556/2000] 2026-07-10 17:41:05 | R2 | 2016_0_4/129913 vs 2016_0_4/63729 → CLONE
[557/2000] 2026-07-10 17:41:07 | R2 | 2016_0_4/129913 vs 2016_0_4/138317 → CLONE
[558/2000] 2026-07-10 17:41:10 | R2 | 2016_0_4/58218 vs 2016_0_4/63729 → CLONE
[559/2000] 2026-07-10 17:41:11 | R2 | 2016_0_4/58218 vs 2016_0_4/138317 → CLONE
[560/2000] 2026-07-10 17:41:14 | R2 | 2016_0_4/63729 vs 2016_0_4/138317 → CLONE
[561/2000] 2026-07-10 17:41:17 | R2 | 2016_1_1/1153 vs 2016_1_1/14479 → CLONE
[562/2000] 2026-07-10 17:41:19 | R2 | 2016_1_1/1153 vs 2016_1_1/8299 → CLONE
[563/2000] 2026-07-10 17:41:20 | R2 | 2016_1_1/1153 vs 2016_1_1/29796 → CLONE
[564/2000] 2026-07-10 17:41:22 | R2 | 2016_1_1/1153 vs 2016_1_1/2003 → CLONE
[565/2000] 2026-07-10 17:41:25 | R2 | 2016_1_1/14479 vs 2016_1_1/8299 → CLONE
[566/2000] 2026-07-10 17:41:27 | R2 | 2016_1_1/14479 vs 2016_1_1/29796 → CLONE
[567/2000] 2026-07-10 17:41:29 | R2 | 2016_1_1/14479 vs 2016_1_1/2003 → CLONE
[568/2000] 2026-07-10 17:41:31 | R2 | 2016_1_1/8299 vs 2016_1_1/29796 → CLONE
[569/2000] 2026-07-10 17:41:33 | R2 | 2016_1_1/8299 vs 2016_1_1/2003 → CLONE
[570/2000] 2026-07-10 17:41:35 | R2 | 2016_1_1/29796 vs 2016_1_1/2003 → CLONE
[571/2000] 2026-07-10 17:41:37 | R2 | 2016_1_2/8152 vs 2016_1_2/31984 → CLONE
[572/2000] 2026-07-10 17:41:39 | R2 | 2016_1_2/8152 vs 2016_1_2/20611 → CLONE
[573/2000] 2026-07-10 17:41:44 | R2 | 2016_1_2/8152 vs 2016_1_2/19093 → CLONE
[574/2000] 2026-07-10 17:41:47 | R2 | 2016_1_2/8152 vs 2016_1_2/30007 → CLONE
[575/2000] 2026-07-10 17:41:48 | R2 | 2016_1_2/31984 vs 2016_1_2/20611 → CLONE
[576/2000] 2026-07-10 17:41:53 | R2 | 2016_1_2/31984 vs 2016_1_2/19093 → CLONE
[577/2000] 2026-07-10 17:41:55 | R2 | 2016_1_2/31984 vs 2016_1_2/30007 → CLONE
[578/2000] 2026-07-10 17:42:00 | R2 | 2016_1_2/20611 vs 2016_1_2/19093 → CLONE
[579/2000] 2026-07-10 17:42:03 | R2 | 2016_1_2/20611 vs 2016_1_2/30007 → CLONE
[580/2000] 2026-07-10 17:42:08 | R2 | 2016_1_2/19093 vs 2016_1_2/30007 → CLONE
[581/2000] 2026-07-10 17:42:12 | R2 | 2016_2_1/197689 vs 2016_2_1/192495 → CLONE
[582/2000] 2026-07-10 17:42:14 | R2 | 2016_2_1/197689 vs 2016_2_1/187476 → CLONE
[583/2000] 2026-07-10 17:42:16 | R2 | 2016_2_1/197689 vs 2016_2_1/193269 → CLONE
[584/2000] 2026-07-10 17:42:19 | R2 | 2016_2_1/197689 vs 2016_2_1/184367 → CLONE
[585/2000] 2026-07-10 17:42:21 | R2 | 2016_2_1/192495 vs 2016_2_1/187476 → CLONE
[586/2000] 2026-07-10 17:42:24 | R2 | 2016_2_1/192495 vs 2016_2_1/193269 → CLONE
[587/2000] 2026-07-10 17:42:26 | R2 | 2016_2_1/192495 vs 2016_2_1/184367 → CLONE
[588/2000] 2026-07-10 17:42:29 | R2 | 2016_2_1/187476 vs 2016_2_1/193269 → CLONE
[589/2000] 2026-07-10 17:42:31 | R2 | 2016_2_1/187476 vs 2016_2_1/184367 → CLONE
[590/2000] 2026-07-10 17:42:34 | R2 | 2016_2_1/193269 vs 2016_2_1/184367 → CLONE
[591/2000] 2026-07-10 17:42:37 | R2 | 2016_3_1/205670 vs 2016_3_1/211583 → CLONE
[592/2000] 2026-07-10 17:42:39 | R2 | 2016_3_1/205670 vs 2016_3_1/210871 → CLONE
[593/2000] 2026-07-10 17:42:41 | R2 | 2016_3_1/205670 vs 2016_3_1/218815 → CLONE
[594/2000] 2026-07-10 17:42:43 | R2 | 2016_3_1/205670 vs 2016_3_1/207727 → CLONE
[595/2000] 2026-07-10 17:42:46 | R2 | 2016_3_1/211583 vs 2016_3_1/210871 → CLONE
[596/2000] 2026-07-10 17:42:48 | R2 | 2016_3_1/211583 vs 2016_3_1/218815 → CLONE
[597/2000] 2026-07-10 17:42:50 | R2 | 2016_3_1/211583 vs 2016_3_1/207727 → CLONE
[598/2000] 2026-07-10 17:42:53 | R2 | 2016_3_1/210871 vs 2016_3_1/218815 → CLONE
[599/2000] 2026-07-10 17:42:55 | R2 | 2016_3_1/210871 vs 2016_3_1/207727 → CLONE
[600/2000] 2026-07-10 17:42:58 | R2 | 2016_3_1/218815 vs 2016_3_1/207727 → CLONE
[601/2000] 2026-07-10 17:43:00 | R2 | 2013_0_1/84294 vs 2016_3_1/218815 → NON-CLONE
[602/2000] 2026-07-10 17:43:02 | R2 | 2013_0_1/84294 vs 2015_1_1/124925 → NON-CLONE
[603/2000] 2026-07-10 17:43:04 | R2 | 2013_0_1/84294 vs 2016_0_2/88861 → NON-CLONE
[604/2000] 2026-07-10 17:43:06 | R2 | 2013_0_1/84294 vs 2014_0_2/107403 → NON-CLONE
[605/2000] 2026-07-10 17:43:09 | R2 | 2013_0_1/58633 vs 2015_0_3/62582 → NON-CLONE
[606/2000] 2026-07-10 17:43:11 | R2 | 2013_0_1/58633 vs 2013_1_1/35305 → NON-CLONE
[607/2000] 2026-07-10 17:43:14 | R2 | 2013_0_1/58633 vs 2016_0_4/100472 → NON-CLONE
[608/2000] 2026-07-10 17:43:16 | R2 | 2013_0_1/124149 vs 2015_0_1/68106 → NON-CLONE
[609/2000] 2026-07-10 17:43:18 | R2 | 2013_0_1/124149 vs 2016_1_2/8152 → NON-CLONE
[610/2000] 2026-07-10 17:43:21 | R2 | 2013_0_1/88116 vs 2016_1_1/2003 → NON-CLONE
[611/2000] 2026-07-10 17:43:24 | R2 | 2013_0_2/95524 vs 2015_0_3/88073 → NON-CLONE
[612/2000] 2026-07-10 17:43:27 | R2 | 2013_0_2/95524 vs 2016_0_4/63729 → NON-CLONE
[613/2000] 2026-07-10 17:43:29 | R2 | 2013_0_2/95524 vs 2014_0_3/71973 → NON-CLONE
[614/2000] 2026-07-10 17:43:31 | R2 | 2013_0_2/95524 vs 2016_3_1/205670 → NON-CLONE
[615/2000] 2026-07-10 17:43:34 | R2 | 2013_0_2/44471 vs 2013_0_3/118052 → NON-CLONE
[616/2000] 2026-07-10 17:43:36 | R2 | 2013_0_2/44471 vs 2013_0_3/55548 → NON-CLONE
[617/2000] 2026-07-10 17:43:39 | R2 | 2013_0_2/44471 vs 2016_1_2/30007 → NON-CLONE
[618/2000] 2026-07-10 17:43:41 | R2 | 2013_0_2/55421 vs 2014_2_1/125050 → NON-CLONE
[619/2000] 2026-07-10 17:43:43 | R2 | 2013_0_2/55421 vs 2015_0_1/68106 → NON-CLONE
[620/2000] 2026-07-10 17:43:45 | R2 | 2013_0_2/90919 vs 2013_1_1/35305 → NON-CLONE
[621/2000] 2026-07-10 17:43:48 | R2 | 2013_0_3/55548 vs 2014_2_1/125050 → NON-CLONE
[622/2000] 2026-07-10 17:43:51 | R2 | 2013_0_3/55548 vs 2013_1_1/30610 → NON-CLONE
[623/2000] 2026-07-10 17:43:53 | R2 | 2013_0_3/55548 vs 2015_0_3/62582 → NON-CLONE
[624/2000] 2026-07-10 17:43:55 | R2 | 2013_0_3/55548 vs 2015_0_1/79967 → NON-CLONE
[625/2000] 2026-07-10 17:43:57 | R2 | 2013_0_3/94901 vs 2015_1_1/124925 → NON-CLONE
[626/2000] 2026-07-10 17:43:59 | R2 | 2013_0_3/94901 vs 2016_1_2/31984 → NON-CLONE
[627/2000] 2026-07-10 17:44:02 | R2 | 2013_0_3/94901 vs 2015_0_3/88073 → NON-CLONE
[628/2000] 2026-07-10 17:44:06 | R2 | 2013_0_3/78294 vs 2014_0_3/108079 → NON-CLONE
[629/2000] 2026-07-10 17:44:08 | R2 | 2013_0_3/78294 vs 2015_0_3/21597 → NON-CLONE
[630/2000] 2026-07-10 17:44:11 | R2 | 2013_0_3/118052 vs 2015_0_3/74464 → NON-CLONE
[631/2000] 2026-07-10 17:44:14 | R2 | 2013_1_1/35305 vs 2014_2_1/115332 → NON-CLONE
[632/2000] 2026-07-10 17:44:17 | R2 | 2013_1_1/35305 vs 2016_2_1/197689 → NON-CLONE
[633/2000] 2026-07-10 17:44:19 | R2 | 2013_1_1/35305 vs 2014_3_1/138529 → NON-CLONE
[634/2000] 2026-07-10 17:44:21 | R2 | 2013_1_1/35305 vs 2016_2_1/184367 → NON-CLONE
[635/2000] 2026-07-10 17:44:24 | R2 | 2013_1_1/30788 vs 2016_2_1/187476 → NON-CLONE
[636/2000] 2026-07-10 17:44:26 | R2 | 2013_1_1/30788 vs 2016_1_2/20611 → NON-CLONE
[637/2000] 2026-07-10 17:44:28 | R2 | 2013_1_1/30788 vs 2013_0_2/114653 → NON-CLONE
[638/2000] 2026-07-10 17:44:31 | R2 | 2013_1_1/30610 vs 2016_1_1/8299 → NON-CLONE
[639/2000] 2026-07-10 17:44:33 | R2 | 2013_1_1/30610 vs 2016_1_2/31984 → NON-CLONE
[640/2000] 2026-07-10 17:44:36 | R2 | 2013_1_1/30305 vs 2014_0_3/27551 → NON-CLONE
[641/2000] 2026-07-10 17:44:38 | R2 | 2014_0_2/107403 vs 2016_0_2/88861 → NON-CLONE
[642/2000] 2026-07-10 17:44:41 | R2 | 2014_0_2/107403 vs 2016_3_1/218815 → NON-CLONE
[643/2000] 2026-07-10 17:44:43 | R2 | 2014_0_2/107403 vs 2014_3_1/137264 → NON-CLONE
[644/2000] 2026-07-10 17:44:46 | R2 | 2014_0_2/107403 vs 2014_0_3/108079 → NON-CLONE
[645/2000] 2026-07-10 17:44:48 | R2 | 2014_0_2/81302 vs 2015_1_1/115055 → NON-CLONE
[646/2000] 2026-07-10 17:44:51 | R2 | 2014_0_2/81302 vs 2015_0_3/62582 → NON-CLONE
[647/2000] 2026-07-10 17:44:53 | R2 | 2014_0_2/81302 vs 2014_3_1/138529 → NON-CLONE
[648/2000] 2026-07-10 17:44:55 | R2 | 2014_0_2/27351 vs 2016_1_2/31984 → NON-CLONE
[649/2000] 2026-07-10 17:44:57 | R2 | 2014_0_2/27351 vs 2016_2_1/193269 → NON-CLONE
[650/2000] 2026-07-10 17:45:00 | R2 | 2014_0_2/41018 vs 2016_0_4/129913 → NON-CLONE
[651/2000] 2026-07-10 17:45:03 | R2 | 2014_0_3/108079 vs 2014_2_1/126555 → NON-CLONE
[652/2000] 2026-07-10 17:45:05 | R2 | 2014_0_3/108079 vs 2016_2_1/187476 → NON-CLONE
[653/2000] 2026-07-10 17:45:07 | R2 | 2014_0_3/108079 vs 2015_0_2/32722 → NON-CLONE
[654/2000] 2026-07-10 17:45:10 | R2 | 2014_0_3/108079 vs 2013_0_2/55421 → NON-CLONE
[655/2000] 2026-07-10 17:45:13 | R2 | 2014_0_3/27551 vs 2014_2_1/125050 → NON-CLONE
[656/2000] 2026-07-10 17:45:15 | R2 | 2014_0_3/27551 vs 2013_0_1/124226 → NON-CLONE
[657/2000] 2026-07-10 17:45:17 | R2 | 2014_0_3/27551 vs 2015_0_2/34257 → NON-CLONE
[658/2000] 2026-07-10 17:45:22 | R2 | 2014_0_3/99421 vs 2015_0_4/96734 → NON-CLONE
[659/2000] 2026-07-10 17:45:24 | R2 | 2014_0_3/99421 vs 2014_3_1/138529 → NON-CLONE
[660/2000] 2026-07-10 17:45:30 | R2 | 2014_0_3/22792 vs 2013_0_2/90919 → NON-CLONE
[661/2000] 2026-07-10 17:45:35 | R2 | 2014_2_1/124976 vs 2014_0_3/99421 → NON-CLONE
[662/2000] 2026-07-10 17:45:37 | R2 | 2014_2_1/124976 vs 2016_0_4/58218 → NON-CLONE
[663/2000] 2026-07-10 17:45:39 | R2 | 2014_2_1/124976 vs 2016_3_1/211583 → NON-CLONE
[664/2000] 2026-07-10 17:45:41 | R2 | 2014_2_1/124976 vs 2015_0_2/34257 → NON-CLONE
[665/2000] 2026-07-10 17:45:46 | R2 | 2014_2_1/115332 vs 2014_0_3/99421 → NON-CLONE
[666/2000] 2026-07-10 17:45:50 | R2 | 2014_2_1/115332 vs 2016_1_2/19093 → NON-CLONE
[667/2000] 2026-07-10 17:45:53 | R2 | 2014_2_1/115332 vs 2016_0_1/55901 → NON-CLONE
[668/2000] 2026-07-10 17:45:56 | R2 | 2014_2_1/119554 vs 2015_0_4/107149 → NON-CLONE
[669/2000] 2026-07-10 17:45:58 | R2 | 2014_2_1/119554 vs 2016_1_2/20611 → NON-CLONE
[670/2000] 2026-07-10 17:46:01 | R2 | 2014_2_1/126555 vs 2015_1_1/124925 → NON-CLONE
[671/2000] 2026-07-10 17:46:04 | R2 | 2014_3_1/141827 vs 2013_1_1/30305 → NON-CLONE
[672/2000] 2026-07-10 17:46:07 | R2 | 2014_3_1/141827 vs 2014_2_1/126555 → NON-CLONE
[673/2000] 2026-07-10 17:46:10 | R2 | 2014_3_1/141827 vs 2013_1_1/30610 → NON-CLONE
[674/2000] 2026-07-10 17:46:12 | R2 | 2014_3_1/141827 vs 2014_2_1/115332 → NON-CLONE
[675/2000] 2026-07-10 17:46:14 | R2 | 2014_3_1/137264 vs 2016_0_4/129913 → NON-CLONE
[676/2000] 2026-07-10 17:46:16 | R2 | 2014_3_1/137264 vs 2016_0_2/88861 → NON-CLONE
[677/2000] 2026-07-10 17:46:19 | R2 | 2014_3_1/137264 vs 2014_2_1/126555 → NON-CLONE
[678/2000] 2026-07-10 17:46:21 | R2 | 2014_3_1/138894 vs 2016_0_4/138317 → NON-CLONE
[679/2000] 2026-07-10 17:46:23 | R2 | 2014_3_1/138894 vs 2015_0_4/77477 → NON-CLONE
[680/2000] 2026-07-10 17:46:26 | R2 | 2014_3_1/136615 vs 2016_0_4/138317 → NON-CLONE
[681/2000] 2026-07-10 17:46:28 | R2 | 2015_0_1/79967 vs 2015_0_4/96734 → NON-CLONE
[682/2000] 2026-07-10 17:46:31 | R2 | 2015_0_1/79967 vs 2015_0_3/88073 → NON-CLONE
[683/2000] 2026-07-10 17:46:37 | R2 | 2015_0_1/79967 vs 2014_0_3/22792 → NON-CLONE
[684/2000] 2026-07-10 17:46:39 | R2 | 2015_0_1/79967 vs 2013_1_1/30610 → NON-CLONE
[685/2000] 2026-07-10 17:46:42 | R2 | 2015_0_1/35102 vs 2016_0_2/68074 → NON-CLONE
[686/2000] 2026-07-10 17:46:44 | R2 | 2015_0_1/35102 vs 2016_0_1/55901 → NON-CLONE
[687/2000] 2026-07-10 17:46:47 | R2 | 2015_0_1/35102 vs 2013_0_3/94901 → NON-CLONE
[688/2000] 2026-07-10 17:46:49 | R2 | 2015_0_1/68106 vs 2013_0_2/44471 → NON-CLONE
[689/2000] 2026-07-10 17:46:51 | R2 | 2015_0_1/68106 vs 2013_0_3/83531 → NON-CLONE
[690/2000] 2026-07-10 17:46:54 | R2 | 2015_0_1/65869 vs 2013_1_1/40715 → NON-CLONE
[691/2000] 2026-07-10 17:46:56 | R2 | 2015_0_2/34257 vs 2016_1_2/8152 → NON-CLONE
[692/2000] 2026-07-10 17:46:58 | R2 | 2015_0_2/34257 vs 2014_0_2/107403 → NON-CLONE
[693/2000] 2026-07-10 17:47:00 | R2 | 2015_0_2/34257 vs 2016_2_1/187476 → NON-CLONE
[694/2000] 2026-07-10 17:47:03 | R2 | 2015_0_2/34257 vs 2015_0_4/77477 → NON-CLONE
[695/2000] 2026-07-10 17:47:05 | R2 | 2015_0_2/32722 vs 2016_1_1/14479 → NON-CLONE
[696/2000] 2026-07-10 17:47:08 | R2 | 2015_0_2/32722 vs 2013_0_2/90919 → NON-CLONE
[697/2000] 2026-07-10 17:47:10 | R2 | 2015_0_2/32722 vs 2015_0_3/107238 → NON-CLONE
[698/2000] 2026-07-10 17:47:13 | R2 | 2015_0_2/77145 vs 2015_0_3/62582 → NON-CLONE
[699/2000] 2026-07-10 17:47:15 | R2 | 2015_0_2/77145 vs 2016_1_1/14479 → NON-CLONE
[700/2000] 2026-07-10 17:47:17 | R2 | 2015_0_2/72707 vs 2015_1_1/115055 → NON-CLONE
[701/2000] 2026-07-10 17:47:21 | R2 | 2015_0_3/74464 vs 2016_0_2/125812 → NON-CLONE
[702/2000] 2026-07-10 17:47:23 | R2 | 2015_0_3/74464 vs 2014_2_1/119554 → NON-CLONE
[703/2000] 2026-07-10 17:47:25 | R2 | 2015_0_3/74464 vs 2016_0_4/100472 → NON-CLONE
[704/2000] 2026-07-10 17:47:27 | R2 | 2015_0_3/74464 vs 2013_0_1/58633 → NON-CLONE
[705/2000] 2026-07-10 17:47:30 | R2 | 2015_0_3/88073 vs 2016_2_1/187476 → NON-CLONE
[706/2000] 2026-07-10 17:47:33 | R2 | 2015_0_3/88073 vs 2016_3_1/210871 → NON-CLONE
[707/2000] 2026-07-10 17:47:35 | R2 | 2015_0_3/88073 vs 2013_0_3/83531 → NON-CLONE
[708/2000] 2026-07-10 17:47:38 | R2 | 2015_0_3/21597 vs 2016_2_1/187476 → NON-CLONE
[709/2000] 2026-07-10 17:47:40 | R2 | 2015_0_3/21597 vs 2016_0_2/88861 → NON-CLONE
[710/2000] 2026-07-10 17:47:43 | R2 | 2015_0_3/62582 vs 2014_2_1/125050 → NON-CLONE
[711/2000] 2026-07-10 17:47:45 | R2 | 2015_0_4/107149 vs 2016_1_2/20611 → NON-CLONE
[712/2000] 2026-07-10 17:47:48 | R2 | 2015_0_4/107149 vs 2015_0_1/65869 → NON-CLONE
[713/2000] 2026-07-10 17:47:50 | R2 | 2015_0_4/107149 vs 2013_0_3/83531 → NON-CLONE
[714/2000] 2026-07-10 17:47:52 | R2 | 2015_0_4/107149 vs 2014_3_1/138894 → NON-CLONE
[715/2000] 2026-07-10 17:47:55 | R2 | 2015_0_4/96734 vs 2015_1_1/127730 → NON-CLONE
[716/2000] 2026-07-10 17:47:57 | R2 | 2015_0_4/96734 vs 2014_0_2/107403 → NON-CLONE
[717/2000] 2026-07-10 17:47:58 | R2 | 2015_0_4/96734 vs 2015_1_1/124925 → NON-CLONE
[718/2000] 2026-07-10 17:48:01 | R2 | 2015_0_4/79014 vs 2013_0_1/84294 → NON-CLONE
[719/2000] 2026-07-10 17:48:03 | R2 | 2015_0_4/79014 vs 2016_3_1/210871 → NON-CLONE
[720/2000] 2026-07-10 17:48:05 | R2 | 2015_0_4/21673 vs 2016_3_1/210871 → NON-CLONE
[721/2000] 2026-07-10 17:48:08 | R2 | 2015_1_1/127730 vs 2014_2_1/126555 → NON-CLONE
[722/2000] 2026-07-10 17:48:10 | R2 | 2015_1_1/127730 vs 2016_0_1/72044 → NON-CLONE
[723/2000] 2026-07-10 17:48:13 | R2 | 2015_1_1/127730 vs 2014_0_2/27351 → NON-CLONE
[724/2000] 2026-07-10 17:48:15 | R2 | 2015_1_1/127730 vs 2016_0_1/72044 → NON-CLONE
[725/2000] 2026-07-10 17:48:17 | R2 | 2015_1_1/114491 vs 2013_0_3/118052 → NON-CLONE
[726/2000] 2026-07-10 17:48:19 | R2 | 2015_1_1/114491 vs 2016_1_2/8152 → NON-CLONE
[727/2000] 2026-07-10 17:48:21 | R2 | 2015_1_1/114491 vs 2014_3_1/136615 → NON-CLONE
[728/2000] 2026-07-10 17:48:24 | R2 | 2015_1_1/125935 vs 2016_1_2/31984 → NON-CLONE
[729/2000] 2026-07-10 17:48:26 | R2 | 2015_1_1/125935 vs 2016_0_1/72044 → NON-CLONE
[730/2000] 2026-07-10 17:48:28 | R2 | 2015_1_1/124925 vs 2016_1_1/8299 → NON-CLONE
[731/2000] 2026-07-10 17:48:31 | R2 | 2016_0_1/60475 vs 2014_0_3/108079 → NON-CLONE
[732/2000] 2026-07-10 17:48:33 | R2 | 2016_0_1/60475 vs 2013_1_1/40715 → NON-CLONE
[733/2000] 2026-07-10 17:48:35 | R2 | 2016_0_1/60475 vs 2015_0_2/77145 → NON-CLONE
[734/2000] 2026-07-10 17:48:37 | R2 | 2016_0_1/60475 vs 2014_0_2/107403 → NON-CLONE
[735/2000] 2026-07-10 17:48:39 | R2 | 2016_0_1/69477 vs 2016_0_2/162423 → NON-CLONE
[736/2000] 2026-07-10 17:48:41 | R2 | 2016_0_1/69477 vs 2016_0_2/125812 → NON-CLONE
[737/2000] 2026-07-10 17:48:43 | R2 | 2016_0_1/69477 vs 2013_0_1/84294 → NON-CLONE
[738/2000] 2026-07-10 17:48:46 | R2 | 2016_0_1/123558 vs 2016_1_1/14479 → NON-CLONE
[739/2000] 2026-07-10 17:48:48 | R2 | 2016_0_1/123558 vs 2015_0_1/35102 → NON-CLONE
[740/2000] 2026-07-10 17:48:51 | R2 | 2016_0_1/55901 vs 2015_1_1/125935 → NON-CLONE
[741/2000] 2026-07-10 17:48:54 | R2 | 2016_0_2/68074 vs 2013_0_1/124149 → NON-CLONE
[742/2000] 2026-07-10 17:48:56 | R2 | 2016_0_2/68074 vs 2013_0_3/83531 → NON-CLONE
[743/2000] 2026-07-10 17:48:58 | R2 | 2016_0_2/68074 vs 2015_0_2/32722 → NON-CLONE
[744/2000] 2026-07-10 17:49:01 | R2 | 2016_0_2/68074 vs 2014_3_1/138529 → NON-CLONE
[745/2000] 2026-07-10 17:49:03 | R2 | 2016_0_2/150691 vs 2014_2_1/124976 → NON-CLONE
[746/2000] 2026-07-10 17:49:06 | R2 | 2016_0_2/150691 vs 2013_0_2/55421 → NON-CLONE
[747/2000] 2026-07-10 17:49:08 | R2 | 2016_0_2/150691 vs 2014_2_1/124976 → NON-CLONE
[748/2000] 2026-07-10 17:49:11 | R2 | 2016_0_2/125812 vs 2016_0_4/58218 → NON-CLONE
[749/2000] 2026-07-10 17:49:13 | R2 | 2016_0_2/125812 vs 2013_0_3/55548 → NON-CLONE
[750/2000] 2026-07-10 17:49:16 | R2 | 2016_0_2/88861 vs 2013_0_3/55548 → NON-CLONE
[751/2000] 2026-07-10 17:49:19 | R2 | 2016_0_4/100472 vs 2016_3_1/218815 → NON-CLONE
[752/2000] 2026-07-10 17:49:21 | R2 | 2016_0_4/100472 vs 2015_1_1/125935 → NON-CLONE
[753/2000] 2026-07-10 17:49:23 | R2 | 2016_0_4/100472 vs 2013_0_2/90919 → NON-CLONE
[754/2000] 2026-07-10 17:49:26 | R2 | 2016_0_4/100472 vs 2016_0_1/55901 → NON-CLONE
[755/2000] 2026-07-10 17:49:28 | R2 | 2016_0_4/129913 vs 2013_1_1/30788 → NON-CLONE
[756/2000] 2026-07-10 17:49:30 | R2 | 2016_0_4/129913 vs 2013_1_1/30788 → NON-CLONE
[757/2000] 2026-07-10 17:49:32 | R2 | 2016_0_4/129913 vs 2016_1_2/30007 → NON-CLONE
[758/2000] 2026-07-10 17:49:34 | R2 | 2016_0_4/58218 vs 2015_1_1/127730 → NON-CLONE
[759/2000] 2026-07-10 17:49:36 | R2 | 2016_0_4/58218 vs 2016_0_2/68074 → NON-CLONE
[760/2000] 2026-07-10 17:49:39 | R2 | 2016_0_4/63729 vs 2014_0_2/81302 → NON-CLONE
[761/2000] 2026-07-10 17:49:42 | R2 | 2016_1_1/1153 vs 2014_2_1/126555 → NON-CLONE
[762/2000] 2026-07-10 17:49:44 | R2 | 2016_1_1/1153 vs 2016_0_1/123558 → NON-CLONE
[763/2000] 2026-07-10 17:49:46 | R2 | 2016_1_1/1153 vs 2016_0_4/58218 → NON-CLONE
[764/2000] 2026-07-10 17:49:48 | R2 | 2016_1_1/1153 vs 2015_0_3/107238 → NON-CLONE
[765/2000] 2026-07-10 17:49:52 | R2 | 2016_1_1/14479 vs 2014_0_3/99421 → NON-CLONE
[766/2000] 2026-07-10 17:49:55 | R2 | 2016_1_1/14479 vs 2016_0_1/72044 → NON-CLONE
[767/2000] 2026-07-10 17:49:57 | R2 | 2016_1_1/14479 vs 2016_3_1/218815 → NON-CLONE
[768/2000] 2026-07-10 17:49:59 | R2 | 2016_1_1/8299 vs 2016_2_1/193269 → NON-CLONE
[769/2000] 2026-07-10 17:50:02 | R2 | 2016_1_1/8299 vs 2014_0_3/108079 → NON-CLONE
[770/2000] 2026-07-10 17:50:04 | R2 | 2016_1_1/29796 vs 2016_3_1/211583 → NON-CLONE
[771/2000] 2026-07-10 17:50:07 | R2 | 2016_1_2/8152 vs 2014_3_1/138529 → NON-CLONE
[772/2000] 2026-07-10 17:50:09 | R2 | 2016_1_2/8152 vs 2015_0_3/88073 → NON-CLONE
[773/2000] 2026-07-10 17:50:12 | R2 | 2016_1_2/8152 vs 2016_2_1/197689 → NON-CLONE
[774/2000] 2026-07-10 17:50:14 | R2 | 2016_1_2/8152 vs 2016_1_1/29796 → NON-CLONE
[775/2000] 2026-07-10 17:50:15 | R2 | 2016_1_2/31984 vs 2015_0_2/77145 → NON-CLONE
[776/2000] 2026-07-10 17:50:17 | R2 | 2016_1_2/31984 vs 2015_0_4/96734 → NON-CLONE
[777/2000] 2026-07-10 17:50:19 | R2 | 2016_1_2/31984 vs 2016_0_1/69477 → NON-CLONE
[778/2000] 2026-07-10 17:50:21 | R2 | 2016_1_2/20611 vs 2015_0_4/79014 → NON-CLONE
[779/2000] 2026-07-10 17:50:23 | R2 | 2016_1_2/20611 vs 2013_1_1/35305 → NON-CLONE
[780/2000] 2026-07-10 17:50:29 | R2 | 2016_1_2/19093 vs 2014_2_1/115332 → NON-CLONE
[781/2000] 2026-07-10 17:50:36 | R2 | 2016_2_1/197689 vs 2014_0_3/22792 → NON-CLONE
[782/2000] 2026-07-10 17:50:38 | R2 | 2016_2_1/197689 vs 2013_0_2/90919 → NON-CLONE
[783/2000] 2026-07-10 17:50:40 | R2 | 2016_2_1/197689 vs 2015_0_1/65869 → NON-CLONE
[784/2000] 2026-07-10 17:50:42 | R2 | 2016_2_1/197689 vs 2013_0_1/124149 → NON-CLONE
[785/2000] 2026-07-10 17:50:45 | R2 | 2016_2_1/192495 vs 2016_0_4/100472 → NON-CLONE
[786/2000] 2026-07-10 17:50:47 | R2 | 2016_2_1/192495 vs 2016_0_2/68074 → NON-CLONE
[787/2000] 2026-07-10 17:50:49 | R2 | 2016_2_1/192495 vs 2014_0_3/71973 → NON-CLONE
[788/2000] 2026-07-10 17:50:52 | R2 | 2016_2_1/187476 vs 2016_0_4/100472 → NON-CLONE
[789/2000] 2026-07-10 17:50:58 | R2 | 2016_2_1/187476 vs 2014_0_3/22792 → NON-CLONE
[790/2000] 2026-07-10 17:51:00 | R2 | 2016_2_1/193269 vs 2013_0_1/84294 → NON-CLONE
[791/2000] 2026-07-10 17:51:03 | R2 | 2016_3_1/205670 vs 2013_0_2/114653 → NON-CLONE
[792/2000] 2026-07-10 17:51:06 | R2 | 2016_3_1/205670 vs 2016_2_1/197689 → NON-CLONE
[793/2000] 2026-07-10 17:51:08 | R2 | 2016_3_1/205670 vs 2016_1_1/1153 → NON-CLONE
[794/2000] 2026-07-10 17:51:10 | R2 | 2016_3_1/205670 vs 2013_0_2/55421 → NON-CLONE
[795/2000] 2026-07-10 17:51:13 | R2 | 2016_3_1/211583 vs 2014_0_3/71973 → NON-CLONE
[796/2000] 2026-07-10 17:51:15 | R2 | 2016_3_1/211583 vs 2013_0_2/90919 → NON-CLONE
[797/2000] 2026-07-10 17:51:17 | R2 | 2016_3_1/211583 vs 2013_0_1/124226 → NON-CLONE
[798/2000] 2026-07-10 17:51:19 | R2 | 2016_3_1/210871 vs 2015_0_1/68106 → NON-CLONE
[799/2000] 2026-07-10 17:51:22 | R2 | 2016_3_1/210871 vs 2013_0_2/114653 → NON-CLONE
[800/2000] 2026-07-10 17:51:24 | R2 | 2016_3_1/218815 vs 2016_0_1/60475 → NON-CLONE
Round 2 done → results_gcj_java/Llama-4-Scout-17B-16E-Instruct/results_gguf_llama4_scout_Q2_K_round2.csv
--- Round 3/5 (0 done, 400 remaining) ---
[801/2000] 2026-07-10 17:51:27 | R3 | 2013_0_1/84294 vs 2013_0_1/58633 → CLONE
[802/2000] 2026-07-10 17:51:29 | R3 | 2013_0_1/84294 vs 2013_0_1/124149 → CLONE
[803/2000] 2026-07-10 17:51:31 | R3 | 2013_0_1/84294 vs 2013_0_1/88116 → CLONE
[804/2000] 2026-07-10 17:51:34 | R3 | 2013_0_1/84294 vs 2013_0_1/124226 → CLONE
[805/2000] 2026-07-10 17:51:37 | R3 | 2013_0_1/58633 vs 2013_0_1/124149 → CLONE
[806/2000] 2026-07-10 17:51:39 | R3 | 2013_0_1/58633 vs 2013_0_1/88116 → CLONE
[807/2000] 2026-07-10 17:51:41 | R3 | 2013_0_1/58633 vs 2013_0_1/124226 → CLONE
[808/2000] 2026-07-10 17:51:44 | R3 | 2013_0_1/124149 vs 2013_0_1/88116 → CLONE
[809/2000] 2026-07-10 17:51:46 | R3 | 2013_0_1/124149 vs 2013_0_1/124226 → CLONE
[810/2000] 2026-07-10 17:51:48 | R3 | 2013_0_1/88116 vs 2013_0_1/124226 → CLONE
[811/2000] 2026-07-10 17:51:51 | R3 | 2013_0_2/95524 vs 2013_0_2/44471 → CLONE
[812/2000] 2026-07-10 17:51:54 | R3 | 2013_0_2/95524 vs 2013_0_2/55421 → CLONE
[813/2000] 2026-07-10 17:51:56 | R3 | 2013_0_2/95524 vs 2013_0_2/90919 → CLONE
[814/2000] 2026-07-10 17:51:58 | R3 | 2013_0_2/95524 vs 2013_0_2/114653 → CLONE
[815/2000] 2026-07-10 17:52:01 | R3 | 2013_0_2/44471 vs 2013_0_2/55421 → CLONE
[816/2000] 2026-07-10 17:52:03 | R3 | 2013_0_2/44471 vs 2013_0_2/90919 → CLONE
[817/2000] 2026-07-10 17:52:05 | R3 | 2013_0_2/44471 vs 2013_0_2/114653 → CLONE
[818/2000] 2026-07-10 17:52:08 | R3 | 2013_0_2/55421 vs 2013_0_2/90919 → CLONE
[819/2000] 2026-07-10 17:52:10 | R3 | 2013_0_2/55421 vs 2013_0_2/114653 → CLONE
[820/2000] 2026-07-10 17:52:13 | R3 | 2013_0_2/90919 vs 2013_0_2/114653 → CLONE
[821/2000] 2026-07-10 17:52:15 | R3 | 2013_0_3/55548 vs 2013_0_3/94901 → CLONE
[822/2000] 2026-07-10 17:52:18 | R3 | 2013_0_3/55548 vs 2013_0_3/78294 → CLONE
[823/2000] 2026-07-10 17:52:20 | R3 | 2013_0_3/55548 vs 2013_0_3/118052 → CLONE
[824/2000] 2026-07-10 17:52:23 | R3 | 2013_0_3/55548 vs 2013_0_3/83531 → CLONE
[825/2000] 2026-07-10 17:52:26 | R3 | 2013_0_3/94901 vs 2013_0_3/78294 → CLONE
[826/2000] 2026-07-10 17:52:28 | R3 | 2013_0_3/94901 vs 2013_0_3/118052 → CLONE
[827/2000] 2026-07-10 17:52:30 | R3 | 2013_0_3/94901 vs 2013_0_3/83531 → CLONE
[828/2000] 2026-07-10 17:52:33 | R3 | 2013_0_3/78294 vs 2013_0_3/118052 → CLONE
[829/2000] 2026-07-10 17:52:35 | R3 | 2013_0_3/78294 vs 2013_0_3/83531 → CLONE
[830/2000] 2026-07-10 17:52:38 | R3 | 2013_0_3/118052 vs 2013_0_3/83531 → CLONE
[831/2000] 2026-07-10 17:52:40 | R3 | 2013_1_1/35305 vs 2013_1_1/30788 → CLONE
[832/2000] 2026-07-10 17:52:43 | R3 | 2013_1_1/35305 vs 2013_1_1/30610 → CLONE
[833/2000] 2026-07-10 17:52:45 | R3 | 2013_1_1/35305 vs 2013_1_1/30305 → CLONE
[834/2000] 2026-07-10 17:52:47 | R3 | 2013_1_1/35305 vs 2013_1_1/40715 → CLONE
[835/2000] 2026-07-10 17:52:50 | R3 | 2013_1_1/30788 vs 2013_1_1/30610 → CLONE
[836/2000] 2026-07-10 17:52:53 | R3 | 2013_1_1/30788 vs 2013_1_1/30305 → CLONE
[837/2000] 2026-07-10 17:52:55 | R3 | 2013_1_1/30788 vs 2013_1_1/40715 → CLONE
[838/2000] 2026-07-10 17:52:58 | R3 | 2013_1_1/30610 vs 2013_1_1/30305 → CLONE
[839/2000] 2026-07-10 17:53:00 | R3 | 2013_1_1/30610 vs 2013_1_1/40715 → CLONE
[840/2000] 2026-07-10 17:53:03 | R3 | 2013_1_1/30305 vs 2013_1_1/40715 → CLONE
[841/2000] 2026-07-10 17:53:06 | R3 | 2014_0_2/107403 vs 2014_0_2/81302 → CLONE
[842/2000] 2026-07-10 17:53:08 | R3 | 2014_0_2/107403 vs 2014_0_2/27351 → CLONE
[843/2000] 2026-07-10 17:53:10 | R3 | 2014_0_2/107403 vs 2014_0_2/41018 → CLONE
[844/2000] 2026-07-10 17:53:12 | R3 | 2014_0_2/107403 vs 2014_0_2/110678 → CLONE
[845/2000] 2026-07-10 17:53:14 | R3 | 2014_0_2/81302 vs 2014_0_2/27351 → CLONE
[846/2000] 2026-07-10 17:53:16 | R3 | 2014_0_2/81302 vs 2014_0_2/41018 → CLONE
[847/2000] 2026-07-10 17:53:17 | R3 | 2014_0_2/81302 vs 2014_0_2/110678 → CLONE
[848/2000] 2026-07-10 17:53:20 | R3 | 2014_0_2/27351 vs 2014_0_2/41018 → CLONE
[849/2000] 2026-07-10 17:53:22 | R3 | 2014_0_2/27351 vs 2014_0_2/110678 → CLONE
[850/2000] 2026-07-10 17:53:24 | R3 | 2014_0_2/41018 vs 2014_0_2/110678 → CLONE
[851/2000] 2026-07-10 17:53:28 | R3 | 2014_0_3/108079 vs 2014_0_3/27551 → CLONE
[852/2000] 2026-07-10 17:53:32 | R3 | 2014_0_3/108079 vs 2014_0_3/99421 → CLONE
[853/2000] 2026-07-10 17:53:38 | R3 | 2014_0_3/108079 vs 2014_0_3/22792 → CLONE
[854/2000] 2026-07-10 17:53:40 | R3 | 2014_0_3/108079 vs 2014_0_3/71973 → CLONE
[855/2000] 2026-07-10 17:53:45 | R3 | 2014_0_3/27551 vs 2014_0_3/99421 → CLONE
[856/2000] 2026-07-10 17:53:51 | R3 | 2014_0_3/27551 vs 2014_0_3/22792 → CLONE
[857/2000] 2026-07-10 17:53:53 | R3 | 2014_0_3/27551 vs 2014_0_3/71973 → CLONE
[858/2000] 2026-07-10 17:54:01 | R3 | 2014_0_3/99421 vs 2014_0_3/22792 → CLONE
[859/2000] 2026-07-10 17:54:03 | R3 | 2014_0_3/99421 vs 2014_0_3/71973 → CLONE
[860/2000] 2026-07-10 17:54:09 | R3 | 2014_0_3/22792 vs 2014_0_3/71973 → CLONE
[861/2000] 2026-07-10 17:54:12 | R3 | 2014_2_1/124976 vs 2014_2_1/115332 → CLONE
[862/2000] 2026-07-10 17:54:14 | R3 | 2014_2_1/124976 vs 2014_2_1/119554 → CLONE
[863/2000] 2026-07-10 17:54:17 | R3 | 2014_2_1/124976 vs 2014_2_1/126555 → CLONE
[864/2000] 2026-07-10 17:54:19 | R3 | 2014_2_1/124976 vs 2014_2_1/125050 → CLONE
[865/2000] 2026-07-10 17:54:22 | R3 | 2014_2_1/115332 vs 2014_2_1/119554 → CLONE
[866/2000] 2026-07-10 17:54:24 | R3 | 2014_2_1/115332 vs 2014_2_1/126555 → CLONE
[867/2000] 2026-07-10 17:54:26 | R3 | 2014_2_1/115332 vs 2014_2_1/125050 → CLONE
[868/2000] 2026-07-10 17:54:29 | R3 | 2014_2_1/119554 vs 2014_2_1/126555 → CLONE
[869/2000] 2026-07-10 17:54:32 | R3 | 2014_2_1/119554 vs 2014_2_1/125050 → CLONE
[870/2000] 2026-07-10 17:54:35 | R3 | 2014_2_1/126555 vs 2014_2_1/125050 → CLONE
[871/2000] 2026-07-10 17:54:38 | R3 | 2014_3_1/141827 vs 2014_3_1/137264 → CLONE
[872/2000] 2026-07-10 17:54:40 | R3 | 2014_3_1/141827 vs 2014_3_1/138894 → CLONE
[873/2000] 2026-07-10 17:54:42 | R3 | 2014_3_1/141827 vs 2014_3_1/136615 → CLONE
[874/2000] 2026-07-10 17:54:45 | R3 | 2014_3_1/141827 vs 2014_3_1/138529 → CLONE
[875/2000] 2026-07-10 17:54:47 | R3 | 2014_3_1/137264 vs 2014_3_1/138894 → CLONE
[876/2000] 2026-07-10 17:54:49 | R3 | 2014_3_1/137264 vs 2014_3_1/136615 → CLONE
[877/2000] 2026-07-10 17:54:52 | R3 | 2014_3_1/137264 vs 2014_3_1/138529 → CLONE
[878/2000] 2026-07-10 17:54:54 | R3 | 2014_3_1/138894 vs 2014_3_1/136615 → CLONE
[879/2000] 2026-07-10 17:54:56 | R3 | 2014_3_1/138894 vs 2014_3_1/138529 → CLONE
[880/2000] 2026-07-10 17:54:59 | R3 | 2014_3_1/136615 vs 2014_3_1/138529 → CLONE
[881/2000] 2026-07-10 17:55:01 | R3 | 2015_0_1/79967 vs 2015_0_1/35102 → CLONE
[882/2000] 2026-07-10 17:55:02 | R3 | 2015_0_1/79967 vs 2015_0_1/68106 → CLONE
[883/2000] 2026-07-10 17:55:05 | R3 | 2015_0_1/79967 vs 2015_0_1/65869 → CLONE
[884/2000] 2026-07-10 17:55:07 | R3 | 2015_0_1/79967 vs 2015_0_1/46754 → CLONE
[885/2000] 2026-07-10 17:55:09 | R3 | 2015_0_1/35102 vs 2015_0_1/68106 → CLONE
[886/2000] 2026-07-10 17:55:11 | R3 | 2015_0_1/35102 vs 2015_0_1/65869 → CLONE
[887/2000] 2026-07-10 17:55:13 | R3 | 2015_0_1/35102 vs 2015_0_1/46754 → CLONE
[888/2000] 2026-07-10 17:55:15 | R3 | 2015_0_1/68106 vs 2015_0_1/65869 → CLONE
[889/2000] 2026-07-10 17:55:17 | R3 | 2015_0_1/68106 vs 2015_0_1/46754 → CLONE
[890/2000] 2026-07-10 17:55:19 | R3 | 2015_0_1/65869 vs 2015_0_1/46754 → CLONE
[891/2000] 2026-07-10 17:55:22 | R3 | 2015_0_2/34257 vs 2015_0_2/32722 → CLONE
[892/2000] 2026-07-10 17:55:24 | R3 | 2015_0_2/34257 vs 2015_0_2/77145 → CLONE
[893/2000] 2026-07-10 17:55:26 | R3 | 2015_0_2/34257 vs 2015_0_2/72707 → CLONE
[894/2000] 2026-07-10 17:55:28 | R3 | 2015_0_2/34257 vs 2015_0_2/68668 → CLONE
[895/2000] 2026-07-10 17:55:30 | R3 | 2015_0_2/32722 vs 2015_0_2/77145 → CLONE
[896/2000] 2026-07-10 17:55:32 | R3 | 2015_0_2/32722 vs 2015_0_2/72707 → CLONE
[897/2000] 2026-07-10 17:55:33 | R3 | 2015_0_2/32722 vs 2015_0_2/68668 → CLONE
[898/2000] 2026-07-10 17:55:36 | R3 | 2015_0_2/77145 vs 2015_0_2/72707 → CLONE
[899/2000] 2026-07-10 17:55:37 | R3 | 2015_0_2/77145 vs 2015_0_2/68668 → CLONE
[900/2000] 2026-07-10 17:55:40 | R3 | 2015_0_2/72707 vs 2015_0_2/68668 → CLONE
[901/2000] 2026-07-10 17:55:44 | R3 | 2015_0_3/74464 vs 2015_0_3/88073 → CLONE
[902/2000] 2026-07-10 17:55:46 | R3 | 2015_0_3/74464 vs 2015_0_3/21597 → CLONE
[903/2000] 2026-07-10 17:55:49 | R3 | 2015_0_3/74464 vs 2015_0_3/62582 → CLONE
[904/2000] 2026-07-10 17:55:51 | R3 | 2015_0_3/74464 vs 2015_0_3/107238 → CLONE
[905/2000] 2026-07-10 17:55:55 | R3 | 2015_0_3/88073 vs 2015_0_3/21597 → CLONE
[906/2000] 2026-07-10 17:55:57 | R3 | 2015_0_3/88073 vs 2015_0_3/62582 → CLONE
[907/2000] 2026-07-10 17:56:00 | R3 | 2015_0_3/88073 vs 2015_0_3/107238 → CLONE
[908/2000] 2026-07-10 17:56:03 | R3 | 2015_0_3/21597 vs 2015_0_3/62582 → CLONE
[909/2000] 2026-07-10 17:56:06 | R3 | 2015_0_3/21597 vs 2015_0_3/107238 → CLONE
[910/2000] 2026-07-10 17:56:09 | R3 | 2015_0_3/62582 vs 2015_0_3/107238 → CLONE
[911/2000] 2026-07-10 17:56:12 | R3 | 2015_0_4/107149 vs 2015_0_4/96734 → CLONE
[912/2000] 2026-07-10 17:56:14 | R3 | 2015_0_4/107149 vs 2015_0_4/79014 → CLONE
[913/2000] 2026-07-10 17:56:16 | R3 | 2015_0_4/107149 vs 2015_0_4/21673 → CLONE
[914/2000] 2026-07-10 17:56:18 | R3 | 2015_0_4/107149 vs 2015_0_4/77477 → CLONE
[915/2000] 2026-07-10 17:56:21 | R3 | 2015_0_4/96734 vs 2015_0_4/79014 → CLONE
[916/2000] 2026-07-10 17:56:23 | R3 | 2015_0_4/96734 vs 2015_0_4/21673 → CLONE
[917/2000] 2026-07-10 17:56:25 | R3 | 2015_0_4/96734 vs 2015_0_4/77477 → CLONE
[918/2000] 2026-07-10 17:56:27 | R3 | 2015_0_4/79014 vs 2015_0_4/21673 → CLONE
[919/2000] 2026-07-10 17:56:30 | R3 | 2015_0_4/79014 vs 2015_0_4/77477 → CLONE
[920/2000] 2026-07-10 17:56:32 | R3 | 2015_0_4/21673 vs 2015_0_4/77477 → CLONE
[921/2000] 2026-07-10 17:56:35 | R3 | 2015_1_1/127730 vs 2015_1_1/114491 → CLONE
[922/2000] 2026-07-10 17:56:37 | R3 | 2015_1_1/127730 vs 2015_1_1/125935 → CLONE
[923/2000] 2026-07-10 17:56:39 | R3 | 2015_1_1/127730 vs 2015_1_1/124925 → CLONE
[924/2000] 2026-07-10 17:56:42 | R3 | 2015_1_1/127730 vs 2015_1_1/115055 → CLONE
[925/2000] 2026-07-10 17:56:44 | R3 | 2015_1_1/114491 vs 2015_1_1/125935 → CLONE
[926/2000] 2026-07-10 17:56:46 | R3 | 2015_1_1/114491 vs 2015_1_1/124925 → CLONE
[927/2000] 2026-07-10 17:56:49 | R3 | 2015_1_1/114491 vs 2015_1_1/115055 → CLONE
[928/2000] 2026-07-10 17:56:51 | R3 | 2015_1_1/125935 vs 2015_1_1/124925 → CLONE
[929/2000] 2026-07-10 17:56:54 | R3 | 2015_1_1/125935 vs 2015_1_1/115055 → CLONE
[930/2000] 2026-07-10 17:56:56 | R3 | 2015_1_1/124925 vs 2015_1_1/115055 → CLONE
[931/2000] 2026-07-10 17:56:59 | R3 | 2016_0_1/60475 vs 2016_0_1/69477 → CLONE
[932/2000] 2026-07-10 17:57:01 | R3 | 2016_0_1/60475 vs 2016_0_1/123558 → CLONE
[933/2000] 2026-07-10 17:57:04 | R3 | 2016_0_1/60475 vs 2016_0_1/55901 → CLONE
[934/2000] 2026-07-10 17:57:05 | R3 | 2016_0_1/60475 vs 2016_0_1/72044 → CLONE
[935/2000] 2026-07-10 17:57:08 | R3 | 2016_0_1/69477 vs 2016_0_1/123558 → CLONE
[936/2000] 2026-07-10 17:57:10 | R3 | 2016_0_1/69477 vs 2016_0_1/55901 → CLONE
[937/2000] 2026-07-10 17:57:13 | R3 | 2016_0_1/69477 vs 2016_0_1/72044 → CLONE
[938/2000] 2026-07-10 17:57:15 | R3 | 2016_0_1/123558 vs 2016_0_1/55901 → CLONE
[939/2000] 2026-07-10 17:57:18 | R3 | 2016_0_1/123558 vs 2016_0_1/72044 → CLONE
[940/2000] 2026-07-10 17:57:20 | R3 | 2016_0_1/55901 vs 2016_0_1/72044 → CLONE
[941/2000] 2026-07-10 17:57:23 | R3 | 2016_0_2/68074 vs 2016_0_2/150691 → CLONE
[942/2000] 2026-07-10 17:57:25 | R3 | 2016_0_2/68074 vs 2016_0_2/125812 → CLONE
[943/2000] 2026-07-10 17:57:27 | R3 | 2016_0_2/68074 vs 2016_0_2/88861 → CLONE
[944/2000] 2026-07-10 17:57:29 | R3 | 2016_0_2/68074 vs 2016_0_2/162423 → CLONE
[945/2000] 2026-07-10 17:57:32 | R3 | 2016_0_2/150691 vs 2016_0_2/125812 → CLONE
[946/2000] 2026-07-10 17:57:34 | R3 | 2016_0_2/150691 vs 2016_0_2/88861 → CLONE
[947/2000] 2026-07-10 17:57:36 | R3 | 2016_0_2/150691 vs 2016_0_2/162423 → CLONE
[948/2000] 2026-07-10 17:57:38 | R3 | 2016_0_2/125812 vs 2016_0_2/88861 → CLONE
[949/2000] 2026-07-10 17:57:40 | R3 | 2016_0_2/125812 vs 2016_0_2/162423 → CLONE
[950/2000] 2026-07-10 17:57:43 | R3 | 2016_0_2/88861 vs 2016_0_2/162423 → CLONE
[951/2000] 2026-07-10 17:57:45 | R3 | 2016_0_4/100472 vs 2016_0_4/129913 → CLONE
[952/2000] 2026-07-10 17:57:47 | R3 | 2016_0_4/100472 vs 2016_0_4/58218 → CLONE
[953/2000] 2026-07-10 17:57:50 | R3 | 2016_0_4/100472 vs 2016_0_4/63729 → CLONE
[954/2000] 2026-07-10 17:57:52 | R3 | 2016_0_4/100472 vs 2016_0_4/138317 → CLONE
[955/2000] 2026-07-10 17:57:54 | R3 | 2016_0_4/129913 vs 2016_0_4/58218 → CLONE
[956/2000] 2026-07-10 17:57:57 | R3 | 2016_0_4/129913 vs 2016_0_4/63729 → CLONE
[957/2000] 2026-07-10 17:57:59 | R3 | 2016_0_4/129913 vs 2016_0_4/138317 → CLONE
[958/2000] 2026-07-10 17:58:02 | R3 | 2016_0_4/58218 vs 2016_0_4/63729 → CLONE
[959/2000] 2026-07-10 17:58:03 | R3 | 2016_0_4/58218 vs 2016_0_4/138317 → CLONE
[960/2000] 2026-07-10 17:58:06 | R3 | 2016_0_4/63729 vs 2016_0_4/138317 → CLONE
[961/2000] 2026-07-10 17:58:09 | R3 | 2016_1_1/1153 vs 2016_1_1/14479 → CLONE
[962/2000] 2026-07-10 17:58:10 | R3 | 2016_1_1/1153 vs 2016_1_1/8299 → CLONE
[963/2000] 2026-07-10 17:58:12 | R3 | 2016_1_1/1153 vs 2016_1_1/29796 → CLONE
[964/2000] 2026-07-10 17:58:14 | R3 | 2016_1_1/1153 vs 2016_1_1/2003 → CLONE
[965/2000] 2026-07-10 17:58:17 | R3 | 2016_1_1/14479 vs 2016_1_1/8299 → CLONE
[966/2000] 2026-07-10 17:58:19 | R3 | 2016_1_1/14479 vs 2016_1_1/29796 → CLONE
[967/2000] 2026-07-10 17:58:21 | R3 | 2016_1_1/14479 vs 2016_1_1/2003 → CLONE
[968/2000] 2026-07-10 17:58:23 | R3 | 2016_1_1/8299 vs 2016_1_1/29796 → CLONE
[969/2000] 2026-07-10 17:58:25 | R3 | 2016_1_1/8299 vs 2016_1_1/2003 → CLONE
[970/2000] 2026-07-10 17:58:27 | R3 | 2016_1_1/29796 vs 2016_1_1/2003 → CLONE
[971/2000] 2026-07-10 17:58:30 | R3 | 2016_1_2/8152 vs 2016_1_2/31984 → CLONE
[972/2000] 2026-07-10 17:58:32 | R3 | 2016_1_2/8152 vs 2016_1_2/20611 → CLONE
[973/2000] 2026-07-10 17:58:37 | R3 | 2016_1_2/8152 vs 2016_1_2/19093 → CLONE
[974/2000] 2026-07-10 17:58:39 | R3 | 2016_1_2/8152 vs 2016_1_2/30007 → CLONE
[975/2000] 2026-07-10 17:58:41 | R3 | 2016_1_2/31984 vs 2016_1_2/20611 → CLONE
[976/2000] 2026-07-10 17:58:45 | R3 | 2016_1_2/31984 vs 2016_1_2/19093 → CLONE
[977/2000] 2026-07-10 17:58:48 | R3 | 2016_1_2/31984 vs 2016_1_2/30007 → CLONE
[978/2000] 2026-07-10 17:58:53 | R3 | 2016_1_2/20611 vs 2016_1_2/19093 → CLONE
[979/2000] 2026-07-10 17:58:55 | R3 | 2016_1_2/20611 vs 2016_1_2/30007 → CLONE
[980/2000] 2026-07-10 17:59:01 | R3 | 2016_1_2/19093 vs 2016_1_2/30007 → CLONE
[981/2000] 2026-07-10 17:59:04 | R3 | 2016_2_1/197689 vs 2016_2_1/192495 → CLONE
[982/2000] 2026-07-10 17:59:06 | R3 | 2016_2_1/197689 vs 2016_2_1/187476 → CLONE
[983/2000] 2026-07-10 17:59:09 | R3 | 2016_2_1/197689 vs 2016_2_1/193269 → CLONE
[984/2000] 2026-07-10 17:59:11 | R3 | 2016_2_1/197689 vs 2016_2_1/184367 → CLONE
[985/2000] 2026-07-10 17:59:14 | R3 | 2016_2_1/192495 vs 2016_2_1/187476 → CLONE
[986/2000] 2026-07-10 17:59:16 | R3 | 2016_2_1/192495 vs 2016_2_1/193269 → CLONE
[987/2000] 2026-07-10 17:59:18 | R3 | 2016_2_1/192495 vs 2016_2_1/184367 → CLONE
[988/2000] 2026-07-10 17:59:21 | R3 | 2016_2_1/187476 vs 2016_2_1/193269 → CLONE
[989/2000] 2026-07-10 17:59:24 | R3 | 2016_2_1/187476 vs 2016_2_1/184367 → CLONE
[990/2000] 2026-07-10 17:59:26 | R3 | 2016_2_1/193269 vs 2016_2_1/184367 → CLONE
[991/2000] 2026-07-10 17:59:29 | R3 | 2016_3_1/205670 vs 2016_3_1/211583 → CLONE
[992/2000] 2026-07-10 17:59:31 | R3 | 2016_3_1/205670 vs 2016_3_1/210871 → CLONE
[993/2000] 2026-07-10 17:59:33 | R3 | 2016_3_1/205670 vs 2016_3_1/218815 → CLONE
[994/2000] 2026-07-10 17:59:36 | R3 | 2016_3_1/205670 vs 2016_3_1/207727 → CLONE
[995/2000] 2026-07-10 17:59:38 | R3 | 2016_3_1/211583 vs 2016_3_1/210871 → CLONE
[996/2000] 2026-07-10 17:59:40 | R3 | 2016_3_1/211583 vs 2016_3_1/218815 → CLONE
[997/2000] 2026-07-10 17:59:42 | R3 | 2016_3_1/211583 vs 2016_3_1/207727 → CLONE
[998/2000] 2026-07-10 17:59:45 | R3 | 2016_3_1/210871 vs 2016_3_1/218815 → CLONE
[999/2000] 2026-07-10 17:59:47 | R3 | 2016_3_1/210871 vs 2016_3_1/207727 → CLONE
[1000/2000] 2026-07-10 17:59:50 | R3 | 2016_3_1/218815 vs 2016_3_1/207727 → CLONE
[1001/2000] 2026-07-10 17:59:52 | R3 | 2013_0_1/84294 vs 2016_3_1/218815 → NON-CLONE
[1002/2000] 2026-07-10 17:59:54 | R3 | 2013_0_1/84294 vs 2015_1_1/124925 → NON-CLONE
[1003/2000] 2026-07-10 17:59:56 | R3 | 2013_0_1/84294 vs 2016_0_2/88861 → NON-CLONE
[1004/2000] 2026-07-10 17:59:58 | R3 | 2013_0_1/84294 vs 2014_0_2/107403 → NON-CLONE
[1005/2000] 2026-07-10 18:00:01 | R3 | 2013_0_1/58633 vs 2015_0_3/62582 → NON-CLONE
[1006/2000] 2026-07-10 18:00:03 | R3 | 2013_0_1/58633 vs 2013_1_1/35305 → NON-CLONE
[1007/2000] 2026-07-10 18:00:05 | R3 | 2013_0_1/58633 vs 2016_0_4/100472 → NON-CLONE
[1008/2000] 2026-07-10 18:00:08 | R3 | 2013_0_1/124149 vs 2015_0_1/68106 → NON-CLONE
[1009/2000] 2026-07-10 18:00:10 | R3 | 2013_0_1/124149 vs 2016_1_2/8152 → NON-CLONE
[1010/2000] 2026-07-10 18:00:13 | R3 | 2013_0_1/88116 vs 2016_1_1/2003 → NON-CLONE
[1011/2000] 2026-07-10 18:00:16 | R3 | 2013_0_2/95524 vs 2015_0_3/88073 → NON-CLONE
[1012/2000] 2026-07-10 18:00:18 | R3 | 2013_0_2/95524 vs 2016_0_4/63729 → NON-CLONE
[1013/2000] 2026-07-10 18:00:20 | R3 | 2013_0_2/95524 vs 2014_0_3/71973 → NON-CLONE
[1014/2000] 2026-07-10 18:00:23 | R3 | 2013_0_2/95524 vs 2016_3_1/205670 → NON-CLONE
[1015/2000] 2026-07-10 18:00:25 | R3 | 2013_0_2/44471 vs 2013_0_3/118052 → NON-CLONE
[1016/2000] 2026-07-10 18:00:28 | R3 | 2013_0_2/44471 vs 2013_0_3/55548 → NON-CLONE
[1017/2000] 2026-07-10 18:00:30 | R3 | 2013_0_2/44471 vs 2016_1_2/30007 → NON-CLONE
[1018/2000] 2026-07-10 18:00:33 | R3 | 2013_0_2/55421 vs 2014_2_1/125050 → NON-CLONE
[1019/2000] 2026-07-10 18:00:35 | R3 | 2013_0_2/55421 vs 2015_0_1/68106 → NON-CLONE
[1020/2000] 2026-07-10 18:00:37 | R3 | 2013_0_2/90919 vs 2013_1_1/35305 → NON-CLONE
[1021/2000] 2026-07-10 18:00:40 | R3 | 2013_0_3/55548 vs 2014_2_1/125050 → NON-CLONE
[1022/2000] 2026-07-10 18:00:42 | R3 | 2013_0_3/55548 vs 2013_1_1/30610 → NON-CLONE
[1023/2000] 2026-07-10 18:00:44 | R3 | 2013_0_3/55548 vs 2015_0_3/62582 → NON-CLONE
[1024/2000] 2026-07-10 18:00:46 | R3 | 2013_0_3/55548 vs 2015_0_1/79967 → NON-CLONE
[1025/2000] 2026-07-10 18:00:49 | R3 | 2013_0_3/94901 vs 2015_1_1/124925 → NON-CLONE
[1026/2000] 2026-07-10 18:00:51 | R3 | 2013_0_3/94901 vs 2016_1_2/31984 → NON-CLONE
[1027/2000] 2026-07-10 18:00:53 | R3 | 2013_0_3/94901 vs 2015_0_3/88073 → NON-CLONE
[1028/2000] 2026-07-10 18:00:57 | R3 | 2013_0_3/78294 vs 2014_0_3/108079 → NON-CLONE
[1029/2000] 2026-07-10 18:01:00 | R3 | 2013_0_3/78294 vs 2015_0_3/21597 → NON-CLONE
[1030/2000] 2026-07-10 18:01:03 | R3 | 2013_0_3/118052 vs 2015_0_3/74464 → NON-CLONE
[1031/2000] 2026-07-10 18:01:05 | R3 | 2013_1_1/35305 vs 2014_2_1/115332 → NON-CLONE
[1032/2000] 2026-07-10 18:01:08 | R3 | 2013_1_1/35305 vs 2016_2_1/197689 → NON-CLONE
[1033/2000] 2026-07-10 18:01:10 | R3 | 2013_1_1/35305 vs 2014_3_1/138529 → NON-CLONE
[1034/2000] 2026-07-10 18:01:13 | R3 | 2013_1_1/35305 vs 2016_2_1/184367 → NON-CLONE
[1035/2000] 2026-07-10 18:01:15 | R3 | 2013_1_1/30788 vs 2016_2_1/187476 → NON-CLONE
[1036/2000] 2026-07-10 18:01:17 | R3 | 2013_1_1/30788 vs 2016_1_2/20611 → NON-CLONE
[1037/2000] 2026-07-10 18:01:19 | R3 | 2013_1_1/30788 vs 2013_0_2/114653 → NON-CLONE
[1038/2000] 2026-07-10 18:01:22 | R3 | 2013_1_1/30610 vs 2016_1_1/8299 → NON-CLONE
[1039/2000] 2026-07-10 18:01:24 | R3 | 2013_1_1/30610 vs 2016_1_2/31984 → NON-CLONE
[1040/2000] 2026-07-10 18:01:28 | R3 | 2013_1_1/30305 vs 2014_0_3/27551 → NON-CLONE
[1041/2000] 2026-07-10 18:01:30 | R3 | 2014_0_2/107403 vs 2016_0_2/88861 → NON-CLONE
[1042/2000] 2026-07-10 18:01:32 | R3 | 2014_0_2/107403 vs 2016_3_1/218815 → NON-CLONE
[1043/2000] 2026-07-10 18:01:34 | R3 | 2014_0_2/107403 vs 2014_3_1/137264 → NON-CLONE
[1044/2000] 2026-07-10 18:01:37 | R3 | 2014_0_2/107403 vs 2014_0_3/108079 → NON-CLONE
[1045/2000] 2026-07-10 18:01:40 | R3 | 2014_0_2/81302 vs 2015_1_1/115055 → NON-CLONE
[1046/2000] 2026-07-10 18:01:42 | R3 | 2014_0_2/81302 vs 2015_0_3/62582 → NON-CLONE
[1047/2000] 2026-07-10 18:01:44 | R3 | 2014_0_2/81302 vs 2014_3_1/138529 → NON-CLONE
[1048/2000] 2026-07-10 18:01:47 | R3 | 2014_0_2/27351 vs 2016_1_2/31984 → NON-CLONE
[1049/2000] 2026-07-10 18:01:49 | R3 | 2014_0_2/27351 vs 2016_2_1/193269 → NON-CLONE
[1050/2000] 2026-07-10 18:01:51 | R3 | 2014_0_2/41018 vs 2016_0_4/129913 → NON-CLONE
[1051/2000] 2026-07-10 18:01:55 | R3 | 2014_0_3/108079 vs 2014_2_1/126555 → NON-CLONE
[1052/2000] 2026-07-10 18:01:57 | R3 | 2014_0_3/108079 vs 2016_2_1/187476 → NON-CLONE
[1053/2000] 2026-07-10 18:01:59 | R3 | 2014_0_3/108079 vs 2015_0_2/32722 → NON-CLONE
[1054/2000] 2026-07-10 18:02:01 | R3 | 2014_0_3/108079 vs 2013_0_2/55421 → NON-CLONE
[1055/2000] 2026-07-10 18:02:05 | R3 | 2014_0_3/27551 vs 2014_2_1/125050 → NON-CLONE
[1056/2000] 2026-07-10 18:02:07 | R3 | 2014_0_3/27551 vs 2013_0_1/124226 → NON-CLONE
[1057/2000] 2026-07-10 18:02:09 | R3 | 2014_0_3/27551 vs 2015_0_2/34257 → NON-CLONE
[1058/2000] 2026-07-10 18:02:13 | R3 | 2014_0_3/99421 vs 2015_0_4/96734 → NON-CLONE
[1059/2000] 2026-07-10 18:02:16 | R3 | 2014_0_3/99421 vs 2014_3_1/138529 → NON-CLONE
[1060/2000] 2026-07-10 18:02:22 | R3 | 2014_0_3/22792 vs 2013_0_2/90919 → NON-CLONE
[1061/2000] 2026-07-10 18:02:26 | R3 | 2014_2_1/124976 vs 2014_0_3/99421 → NON-CLONE
[1062/2000] 2026-07-10 18:02:28 | R3 | 2014_2_1/124976 vs 2016_0_4/58218 → NON-CLONE
[1063/2000] 2026-07-10 18:02:31 | R3 | 2014_2_1/124976 vs 2016_3_1/211583 → NON-CLONE
[1064/2000] 2026-07-10 18:02:32 | R3 | 2014_2_1/124976 vs 2015_0_2/34257 → NON-CLONE
[1065/2000] 2026-07-10 18:02:37 | R3 | 2014_2_1/115332 vs 2014_0_3/99421 → NON-CLONE
[1066/2000] 2026-07-10 18:02:42 | R3 | 2014_2_1/115332 vs 2016_1_2/19093 → NON-CLONE
[1067/2000] 2026-07-10 18:02:44 | R3 | 2014_2_1/115332 vs 2016_0_1/55901 → NON-CLONE
[1068/2000] 2026-07-10 18:02:47 | R3 | 2014_2_1/119554 vs 2015_0_4/107149 → NON-CLONE
[1069/2000] 2026-07-10 18:02:49 | R3 | 2014_2_1/119554 vs 2016_1_2/20611 → NON-CLONE
[1070/2000] 2026-07-10 18:02:52 | R3 | 2014_2_1/126555 vs 2015_1_1/124925 → NON-CLONE
[1071/2000] 2026-07-10 18:02:55 | R3 | 2014_3_1/141827 vs 2013_1_1/30305 → NON-CLONE
[1072/2000] 2026-07-10 18:02:58 | R3 | 2014_3_1/141827 vs 2014_2_1/126555 → NON-CLONE
[1073/2000] 2026-07-10 18:03:01 | R3 | 2014_3_1/141827 vs 2013_1_1/30610 → NON-CLONE
[1074/2000] 2026-07-10 18:03:03 | R3 | 2014_3_1/141827 vs 2014_2_1/115332 → NON-CLONE
[1075/2000] 2026-07-10 18:03:05 | R3 | 2014_3_1/137264 vs 2016_0_4/129913 → NON-CLONE
[1076/2000] 2026-07-10 18:03:07 | R3 | 2014_3_1/137264 vs 2016_0_2/88861 → NON-CLONE
[1077/2000] 2026-07-10 18:03:10 | R3 | 2014_3_1/137264 vs 2014_2_1/126555 → NON-CLONE
[1078/2000] 2026-07-10 18:03:12 | R3 | 2014_3_1/138894 vs 2016_0_4/138317 → NON-CLONE
[1079/2000] 2026-07-10 18:03:14 | R3 | 2014_3_1/138894 vs 2015_0_4/77477 → NON-CLONE
[1080/2000] 2026-07-10 18:03:17 | R3 | 2014_3_1/136615 vs 2016_0_4/138317 → NON-CLONE
[1081/2000] 2026-07-10 18:03:19 | R3 | 2015_0_1/79967 vs 2015_0_4/96734 → NON-CLONE
[1082/2000] 2026-07-10 18:03:22 | R3 | 2015_0_1/79967 vs 2015_0_3/88073 → NON-CLONE
[1083/2000] 2026-07-10 18:03:28 | R3 | 2015_0_1/79967 vs 2014_0_3/22792 → NON-CLONE
[1084/2000] 2026-07-10 18:03:30 | R3 | 2015_0_1/79967 vs 2013_1_1/30610 → NON-CLONE
[1085/2000] 2026-07-10 18:03:33 | R3 | 2015_0_1/35102 vs 2016_0_2/68074 → NON-CLONE
[1086/2000] 2026-07-10 18:03:35 | R3 | 2015_0_1/35102 vs 2016_0_1/55901 → NON-CLONE
[1087/2000] 2026-07-10 18:03:37 | R3 | 2015_0_1/35102 vs 2013_0_3/94901 → NON-CLONE
[1088/2000] 2026-07-10 18:03:40 | R3 | 2015_0_1/68106 vs 2013_0_2/44471 → NON-CLONE
[1089/2000] 2026-07-10 18:03:42 | R3 | 2015_0_1/68106 vs 2013_0_3/83531 → NON-CLONE
[1090/2000] 2026-07-10 18:03:45 | R3 | 2015_0_1/65869 vs 2013_1_1/40715 → NON-CLONE
[1091/2000] 2026-07-10 18:03:47 | R3 | 2015_0_2/34257 vs 2016_1_2/8152 → NON-CLONE
[1092/2000] 2026-07-10 18:03:49 | R3 | 2015_0_2/34257 vs 2014_0_2/107403 → NON-CLONE
[1093/2000] 2026-07-10 18:03:51 | R3 | 2015_0_2/34257 vs 2016_2_1/187476 → NON-CLONE
[1094/2000] 2026-07-10 18:03:53 | R3 | 2015_0_2/34257 vs 2015_0_4/77477 → NON-CLONE
[1095/2000] 2026-07-10 18:03:56 | R3 | 2015_0_2/32722 vs 2016_1_1/14479 → NON-CLONE
[1096/2000] 2026-07-10 18:03:58 | R3 | 2015_0_2/32722 vs 2013_0_2/90919 → NON-CLONE
[1097/2000] 2026-07-10 18:04:00 | R3 | 2015_0_2/32722 vs 2015_0_3/107238 → NON-CLONE
[1098/2000] 2026-07-10 18:04:03 | R3 | 2015_0_2/77145 vs 2015_0_3/62582 → NON-CLONE
[1099/2000] 2026-07-10 18:04:05 | R3 | 2015_0_2/77145 vs 2016_1_1/14479 → NON-CLONE
[1100/2000] 2026-07-10 18:04:08 | R3 | 2015_0_2/72707 vs 2015_1_1/115055 → NON-CLONE
[1101/2000] 2026-07-10 18:04:11 | R3 | 2015_0_3/74464 vs 2016_0_2/125812 → NON-CLONE
[1102/2000] 2026-07-10 18:04:13 | R3 | 2015_0_3/74464 vs 2014_2_1/119554 → NON-CLONE
[1103/2000] 2026-07-10 18:04:15 | R3 | 2015_0_3/74464 vs 2016_0_4/100472 → NON-CLONE
[1104/2000] 2026-07-10 18:04:17 | R3 | 2015_0_3/74464 vs 2013_0_1/58633 → NON-CLONE
[1105/2000] 2026-07-10 18:04:20 | R3 | 2015_0_3/88073 vs 2016_2_1/187476 → NON-CLONE
[1106/2000] 2026-07-10 18:04:23 | R3 | 2015_0_3/88073 vs 2016_3_1/210871 → NON-CLONE
[1107/2000] 2026-07-10 18:04:25 | R3 | 2015_0_3/88073 vs 2013_0_3/83531 → NON-CLONE
[1108/2000] 2026-07-10 18:04:28 | R3 | 2015_0_3/21597 vs 2016_2_1/187476 → NON-CLONE
[1109/2000] 2026-07-10 18:04:30 | R3 | 2015_0_3/21597 vs 2016_0_2/88861 → NON-CLONE
[1110/2000] 2026-07-10 18:04:33 | R3 | 2015_0_3/62582 vs 2014_2_1/125050 → NON-CLONE
[1111/2000] 2026-07-10 18:04:35 | R3 | 2015_0_4/107149 vs 2016_1_2/20611 → NON-CLONE
[1112/2000] 2026-07-10 18:04:38 | R3 | 2015_0_4/107149 vs 2015_0_1/65869 → NON-CLONE
[1113/2000] 2026-07-10 18:04:40 | R3 | 2015_0_4/107149 vs 2013_0_3/83531 → NON-CLONE
[1114/2000] 2026-07-10 18:04:42 | R3 | 2015_0_4/107149 vs 2014_3_1/138894 → NON-CLONE
[1115/2000] 2026-07-10 18:04:45 | R3 | 2015_0_4/96734 vs 2015_1_1/127730 → NON-CLONE
[1116/2000] 2026-07-10 18:04:47 | R3 | 2015_0_4/96734 vs 2014_0_2/107403 → NON-CLONE
[1117/2000] 2026-07-10 18:04:49 | R3 | 2015_0_4/96734 vs 2015_1_1/124925 → NON-CLONE
[1118/2000] 2026-07-10 18:04:51 | R3 | 2015_0_4/79014 vs 2013_0_1/84294 → NON-CLONE
[1119/2000] 2026-07-10 18:04:53 | R3 | 2015_0_4/79014 vs 2016_3_1/210871 → NON-CLONE
[1120/2000] 2026-07-10 18:04:56 | R3 | 2015_0_4/21673 vs 2016_3_1/210871 → NON-CLONE
[1121/2000] 2026-07-10 18:04:59 | R3 | 2015_1_1/127730 vs 2014_2_1/126555 → NON-CLONE
[1122/2000] 2026-07-10 18:05:01 | R3 | 2015_1_1/127730 vs 2016_0_1/72044 → NON-CLONE
[1123/2000] 2026-07-10 18:05:03 | R3 | 2015_1_1/127730 vs 2014_0_2/27351 → NON-CLONE
[1124/2000] 2026-07-10 18:05:05 | R3 | 2015_1_1/127730 vs 2016_0_1/72044 → NON-CLONE
[1125/2000] 2026-07-10 18:05:07 | R3 | 2015_1_1/114491 vs 2013_0_3/118052 → NON-CLONE
[1126/2000] 2026-07-10 18:05:09 | R3 | 2015_1_1/114491 vs 2016_1_2/8152 → NON-CLONE
[1127/2000] 2026-07-10 18:05:12 | R3 | 2015_1_1/114491 vs 2014_3_1/136615 → NON-CLONE
[1128/2000] 2026-07-10 18:05:14 | R3 | 2015_1_1/125935 vs 2016_1_2/31984 → NON-CLONE
[1129/2000] 2026-07-10 18:05:16 | R3 | 2015_1_1/125935 vs 2016_0_1/72044 → NON-CLONE
[1130/2000] 2026-07-10 18:05:18 | R3 | 2015_1_1/124925 vs 2016_1_1/8299 → NON-CLONE
[1131/2000] 2026-07-10 18:05:22 | R3 | 2016_0_1/60475 vs 2014_0_3/108079 → NON-CLONE
[1132/2000] 2026-07-10 18:05:24 | R3 | 2016_0_1/60475 vs 2013_1_1/40715 → NON-CLONE
[1133/2000] 2026-07-10 18:05:26 | R3 | 2016_0_1/60475 vs 2015_0_2/77145 → NON-CLONE
[1134/2000] 2026-07-10 18:05:28 | R3 | 2016_0_1/60475 vs 2014_0_2/107403 → NON-CLONE
[1135/2000] 2026-07-10 18:05:30 | R3 | 2016_0_1/69477 vs 2016_0_2/162423 → NON-CLONE
[1136/2000] 2026-07-10 18:05:32 | R3 | 2016_0_1/69477 vs 2016_0_2/125812 → NON-CLONE
[1137/2000] 2026-07-10 18:05:34 | R3 | 2016_0_1/69477 vs 2013_0_1/84294 → NON-CLONE
[1138/2000] 2026-07-10 18:05:37 | R3 | 2016_0_1/123558 vs 2016_1_1/14479 → NON-CLONE
[1139/2000] 2026-07-10 18:05:39 | R3 | 2016_0_1/123558 vs 2015_0_1/35102 → NON-CLONE
[1140/2000] 2026-07-10 18:05:42 | R3 | 2016_0_1/55901 vs 2015_1_1/125935 → NON-CLONE
[1141/2000] 2026-07-10 18:05:44 | R3 | 2016_0_2/68074 vs 2013_0_1/124149 → NON-CLONE
[1142/2000] 2026-07-10 18:05:47 | R3 | 2016_0_2/68074 vs 2013_0_3/83531 → NON-CLONE
[1143/2000] 2026-07-10 18:05:49 | R3 | 2016_0_2/68074 vs 2015_0_2/32722 → NON-CLONE
[1144/2000] 2026-07-10 18:05:51 | R3 | 2016_0_2/68074 vs 2014_3_1/138529 → NON-CLONE
[1145/2000] 2026-07-10 18:05:54 | R3 | 2016_0_2/150691 vs 2014_2_1/124976 → NON-CLONE
[1146/2000] 2026-07-10 18:05:57 | R3 | 2016_0_2/150691 vs 2013_0_2/55421 → NON-CLONE
[1147/2000] 2026-07-10 18:05:59 | R3 | 2016_0_2/150691 vs 2014_2_1/124976 → NON-CLONE
[1148/2000] 2026-07-10 18:06:02 | R3 | 2016_0_2/125812 vs 2016_0_4/58218 → NON-CLONE
[1149/2000] 2026-07-10 18:06:04 | R3 | 2016_0_2/125812 vs 2013_0_3/55548 → NON-CLONE
[1150/2000] 2026-07-10 18:06:07 | R3 | 2016_0_2/88861 vs 2013_0_3/55548 → NON-CLONE
[1151/2000] 2026-07-10 18:06:10 | R3 | 2016_0_4/100472 vs 2016_3_1/218815 → NON-CLONE
[1152/2000] 2026-07-10 18:06:12 | R3 | 2016_0_4/100472 vs 2015_1_1/125935 → NON-CLONE
[1153/2000] 2026-07-10 18:06:14 | R3 | 2016_0_4/100472 vs 2013_0_2/90919 → NON-CLONE
[1154/2000] 2026-07-10 18:06:17 | R3 | 2016_0_4/100472 vs 2016_0_1/55901 → NON-CLONE
[1155/2000] 2026-07-10 18:06:19 | R3 | 2016_0_4/129913 vs 2013_1_1/30788 → NON-CLONE
[1156/2000] 2026-07-10 18:06:21 | R3 | 2016_0_4/129913 vs 2013_1_1/30788 → NON-CLONE
[1157/2000] 2026-07-10 18:06:23 | R3 | 2016_0_4/129913 vs 2016_1_2/30007 → NON-CLONE
[1158/2000] 2026-07-10 18:06:26 | R3 | 2016_0_4/58218 vs 2015_1_1/127730 → NON-CLONE
[1159/2000] 2026-07-10 18:06:28 | R3 | 2016_0_4/58218 vs 2016_0_2/68074 → NON-CLONE
[1160/2000] 2026-07-10 18:06:30 | R3 | 2016_0_4/63729 vs 2014_0_2/81302 → NON-CLONE
[1161/2000] 2026-07-10 18:06:33 | R3 | 2016_1_1/1153 vs 2014_2_1/126555 → NON-CLONE
[1162/2000] 2026-07-10 18:06:35 | R3 | 2016_1_1/1153 vs 2016_0_1/123558 → NON-CLONE
[1163/2000] 2026-07-10 18:06:37 | R3 | 2016_1_1/1153 vs 2016_0_4/58218 → NON-CLONE
[1164/2000] 2026-07-10 18:06:39 | R3 | 2016_1_1/1153 vs 2015_0_3/107238 → NON-CLONE
[1165/2000] 2026-07-10 18:06:44 | R3 | 2016_1_1/14479 vs 2014_0_3/99421 → NON-CLONE
[1166/2000] 2026-07-10 18:06:46 | R3 | 2016_1_1/14479 vs 2016_0_1/72044 → NON-CLONE
[1167/2000] 2026-07-10 18:06:48 | R3 | 2016_1_1/14479 vs 2016_3_1/218815 → NON-CLONE
[1168/2000] 2026-07-10 18:06:51 | R3 | 2016_1_1/8299 vs 2016_2_1/193269 → NON-CLONE
[1169/2000] 2026-07-10 18:06:53 | R3 | 2016_1_1/8299 vs 2014_0_3/108079 → NON-CLONE
[1170/2000] 2026-07-10 18:06:56 | R3 | 2016_1_1/29796 vs 2016_3_1/211583 → NON-CLONE
[1171/2000] 2026-07-10 18:06:58 | R3 | 2016_1_2/8152 vs 2014_3_1/138529 → NON-CLONE
[1172/2000] 2026-07-10 18:07:00 | R3 | 2016_1_2/8152 vs 2015_0_3/88073 → NON-CLONE
[1173/2000] 2026-07-10 18:07:03 | R3 | 2016_1_2/8152 vs 2016_2_1/197689 → NON-CLONE
[1174/2000] 2026-07-10 18:07:05 | R3 | 2016_1_2/8152 vs 2016_1_1/29796 → NON-CLONE
[1175/2000] 2026-07-10 18:07:07 | R3 | 2016_1_2/31984 vs 2015_0_2/77145 → NON-CLONE
[1176/2000] 2026-07-10 18:07:09 | R3 | 2016_1_2/31984 vs 2015_0_4/96734 → NON-CLONE
[1177/2000] 2026-07-10 18:07:11 | R3 | 2016_1_2/31984 vs 2016_0_1/69477 → NON-CLONE
[1178/2000] 2026-07-10 18:07:13 | R3 | 2016_1_2/20611 vs 2015_0_4/79014 → NON-CLONE
[1179/2000] 2026-07-10 18:07:15 | R3 | 2016_1_2/20611 vs 2013_1_1/35305 → NON-CLONE
[1180/2000] 2026-07-10 18:07:21 | R3 | 2016_1_2/19093 vs 2014_2_1/115332 → NON-CLONE
[1181/2000] 2026-07-10 18:07:27 | R3 | 2016_2_1/197689 vs 2014_0_3/22792 → NON-CLONE
[1182/2000] 2026-07-10 18:07:29 | R3 | 2016_2_1/197689 vs 2013_0_2/90919 → NON-CLONE
[1183/2000] 2026-07-10 18:07:31 | R3 | 2016_2_1/197689 vs 2015_0_1/65869 → NON-CLONE
[1184/2000] 2026-07-10 18:07:34 | R3 | 2016_2_1/197689 vs 2013_0_1/124149 → NON-CLONE
[1185/2000] 2026-07-10 18:07:36 | R3 | 2016_2_1/192495 vs 2016_0_4/100472 → NON-CLONE
[1186/2000] 2026-07-10 18:07:38 | R3 | 2016_2_1/192495 vs 2016_0_2/68074 → NON-CLONE
[1187/2000] 2026-07-10 18:07:41 | R3 | 2016_2_1/192495 vs 2014_0_3/71973 → NON-CLONE
[1188/2000] 2026-07-10 18:07:43 | R3 | 2016_2_1/187476 vs 2016_0_4/100472 → NON-CLONE
[1189/2000] 2026-07-10 18:07:49 | R3 | 2016_2_1/187476 vs 2014_0_3/22792 → NON-CLONE
[1190/2000] 2026-07-10 18:07:52 | R3 | 2016_2_1/193269 vs 2013_0_1/84294 → NON-CLONE
[1191/2000] 2026-07-10 18:07:54 | R3 | 2016_3_1/205670 vs 2013_0_2/114653 → NON-CLONE
[1192/2000] 2026-07-10 18:07:57 | R3 | 2016_3_1/205670 vs 2016_2_1/197689 → NON-CLONE
[1193/2000] 2026-07-10 18:07:59 | R3 | 2016_3_1/205670 vs 2016_1_1/1153 → NON-CLONE
[1194/2000] 2026-07-10 18:08:02 | R3 | 2016_3_1/205670 vs 2013_0_2/55421 → NON-CLONE
[1195/2000] 2026-07-10 18:08:04 | R3 | 2016_3_1/211583 vs 2014_0_3/71973 → NON-CLONE
[1196/2000] 2026-07-10 18:08:07 | R3 | 2016_3_1/211583 vs 2013_0_2/90919 → NON-CLONE
[1197/2000] 2026-07-10 18:08:09 | R3 | 2016_3_1/211583 vs 2013_0_1/124226 → NON-CLONE
[1198/2000] 2026-07-10 18:08:11 | R3 | 2016_3_1/210871 vs 2015_0_1/68106 → NON-CLONE
[1199/2000] 2026-07-10 18:08:13 | R3 | 2016_3_1/210871 vs 2013_0_2/114653 → NON-CLONE
[1200/2000] 2026-07-10 18:08:16 | R3 | 2016_3_1/218815 vs 2016_0_1/60475 → NON-CLONE
Round 3 done → results_gcj_java/Llama-4-Scout-17B-16E-Instruct/results_gguf_llama4_scout_Q2_K_round3.csv
--- Round 4/5 (0 done, 400 remaining) ---
[1201/2000] 2026-07-10 18:08:19 | R4 | 2013_0_1/84294 vs 2013_0_1/58633 → CLONE
[1202/2000] 2026-07-10 18:08:21 | R4 | 2013_0_1/84294 vs 2013_0_1/124149 → CLONE
[1203/2000] 2026-07-10 18:08:23 | R4 | 2013_0_1/84294 vs 2013_0_1/88116 → CLONE
[1204/2000] 2026-07-10 18:08:26 | R4 | 2013_0_1/84294 vs 2013_0_1/124226 → CLONE
[1205/2000] 2026-07-10 18:08:28 | R4 | 2013_0_1/58633 vs 2013_0_1/124149 → CLONE
[1206/2000] 2026-07-10 18:08:31 | R4 | 2013_0_1/58633 vs 2013_0_1/88116 → CLONE
[1207/2000] 2026-07-10 18:08:33 | R4 | 2013_0_1/58633 vs 2013_0_1/124226 → CLONE
[1208/2000] 2026-07-10 18:08:36 | R4 | 2013_0_1/124149 vs 2013_0_1/88116 → CLONE
[1209/2000] 2026-07-10 18:08:38 | R4 | 2013_0_1/124149 vs 2013_0_1/124226 → CLONE
[1210/2000] 2026-07-10 18:08:40 | R4 | 2013_0_1/88116 vs 2013_0_1/124226 → CLONE
[1211/2000] 2026-07-10 18:08:43 | R4 | 2013_0_2/95524 vs 2013_0_2/44471 → CLONE
[1212/2000] 2026-07-10 18:08:46 | R4 | 2013_0_2/95524 vs 2013_0_2/55421 → CLONE
[1213/2000] 2026-07-10 18:08:48 | R4 | 2013_0_2/95524 vs 2013_0_2/90919 → CLONE
[1214/2000] 2026-07-10 18:08:50 | R4 | 2013_0_2/95524 vs 2013_0_2/114653 → CLONE
[1215/2000] 2026-07-10 18:08:53 | R4 | 2013_0_2/44471 vs 2013_0_2/55421 → CLONE
[1216/2000] 2026-07-10 18:08:55 | R4 | 2013_0_2/44471 vs 2013_0_2/90919 → CLONE
[1217/2000] 2026-07-10 18:08:57 | R4 | 2013_0_2/44471 vs 2013_0_2/114653 → CLONE
[1218/2000] 2026-07-10 18:09:00 | R4 | 2013_0_2/55421 vs 2013_0_2/90919 → CLONE
[1219/2000] 2026-07-10 18:09:02 | R4 | 2013_0_2/55421 vs 2013_0_2/114653 → CLONE
[1220/2000] 2026-07-10 18:09:05 | R4 | 2013_0_2/90919 vs 2013_0_2/114653 → CLONE
[1221/2000] 2026-07-10 18:09:07 | R4 | 2013_0_3/55548 vs 2013_0_3/94901 → CLONE
[1222/2000] 2026-07-10 18:09:10 | R4 | 2013_0_3/55548 vs 2013_0_3/78294 → CLONE
[1223/2000] 2026-07-10 18:09:12 | R4 | 2013_0_3/55548 vs 2013_0_3/118052 → CLONE
[1224/2000] 2026-07-10 18:09:15 | R4 | 2013_0_3/55548 vs 2013_0_3/83531 → CLONE
[1225/2000] 2026-07-10 18:09:18 | R4 | 2013_0_3/94901 vs 2013_0_3/78294 → CLONE
[1226/2000] 2026-07-10 18:09:20 | R4 | 2013_0_3/94901 vs 2013_0_3/118052 → CLONE
[1227/2000] 2026-07-10 18:09:22 | R4 | 2013_0_3/94901 vs 2013_0_3/83531 → CLONE
[1228/2000] 2026-07-10 18:09:25 | R4 | 2013_0_3/78294 vs 2013_0_3/118052 → CLONE
[1229/2000] 2026-07-10 18:09:27 | R4 | 2013_0_3/78294 vs 2013_0_3/83531 → CLONE
[1230/2000] 2026-07-10 18:09:29 | R4 | 2013_0_3/118052 vs 2013_0_3/83531 → CLONE
[1231/2000] 2026-07-10 18:09:32 | R4 | 2013_1_1/35305 vs 2013_1_1/30788 → CLONE
[1232/2000] 2026-07-10 18:09:34 | R4 | 2013_1_1/35305 vs 2013_1_1/30610 → CLONE
[1233/2000] 2026-07-10 18:09:37 | R4 | 2013_1_1/35305 vs 2013_1_1/30305 → CLONE
[1234/2000] 2026-07-10 18:09:39 | R4 | 2013_1_1/35305 vs 2013_1_1/40715 → CLONE
[1235/2000] 2026-07-10 18:09:42 | R4 | 2013_1_1/30788 vs 2013_1_1/30610 → CLONE
[1236/2000] 2026-07-10 18:09:44 | R4 | 2013_1_1/30788 vs 2013_1_1/30305 → CLONE
[1237/2000] 2026-07-10 18:09:46 | R4 | 2013_1_1/30788 vs 2013_1_1/40715 → CLONE
[1238/2000] 2026-07-10 18:09:49 | R4 | 2013_1_1/30610 vs 2013_1_1/30305 → CLONE
[1239/2000] 2026-07-10 18:09:51 | R4 | 2013_1_1/30610 vs 2013_1_1/40715 → CLONE
[1240/2000] 2026-07-10 18:09:54 | R4 | 2013_1_1/30305 vs 2013_1_1/40715 → CLONE
[1241/2000] 2026-07-10 18:09:56 | R4 | 2014_0_2/107403 vs 2014_0_2/81302 → CLONE
[1242/2000] 2026-07-10 18:09:58 | R4 | 2014_0_2/107403 vs 2014_0_2/27351 → CLONE
[1243/2000] 2026-07-10 18:10:00 | R4 | 2014_0_2/107403 vs 2014_0_2/41018 → CLONE
[1244/2000] 2026-07-10 18:10:02 | R4 | 2014_0_2/107403 vs 2014_0_2/110678 → CLONE
[1245/2000] 2026-07-10 18:10:04 | R4 | 2014_0_2/81302 vs 2014_0_2/27351 → CLONE
[1246/2000] 2026-07-10 18:10:06 | R4 | 2014_0_2/81302 vs 2014_0_2/41018 → CLONE
[1247/2000] 2026-07-10 18:10:08 | R4 | 2014_0_2/81302 vs 2014_0_2/110678 → CLONE
[1248/2000] 2026-07-10 18:10:10 | R4 | 2014_0_2/27351 vs 2014_0_2/41018 → CLONE
[1249/2000] 2026-07-10 18:10:12 | R4 | 2014_0_2/27351 vs 2014_0_2/110678 → CLONE
[1250/2000] 2026-07-10 18:10:14 | R4 | 2014_0_2/41018 vs 2014_0_2/110678 → CLONE
[1251/2000] 2026-07-10 18:10:18 | R4 | 2014_0_3/108079 vs 2014_0_3/27551 → CLONE
[1252/2000] 2026-07-10 18:10:22 | R4 | 2014_0_3/108079 vs 2014_0_3/99421 → CLONE
[1253/2000] 2026-07-10 18:10:28 | R4 | 2014_0_3/108079 vs 2014_0_3/22792 → CLONE
[1254/2000] 2026-07-10 18:10:30 | R4 | 2014_0_3/108079 vs 2014_0_3/71973 → CLONE
[1255/2000] 2026-07-10 18:10:35 | R4 | 2014_0_3/27551 vs 2014_0_3/99421 → CLONE
[1256/2000] 2026-07-10 18:10:41 | R4 | 2014_0_3/27551 vs 2014_0_3/22792 → CLONE
[1257/2000] 2026-07-10 18:10:43 | R4 | 2014_0_3/27551 vs 2014_0_3/71973 → CLONE
[1258/2000] 2026-07-10 18:10:52 | R4 | 2014_0_3/99421 vs 2014_0_3/22792 → CLONE
[1259/2000] 2026-07-10 18:10:54 | R4 | 2014_0_3/99421 vs 2014_0_3/71973 → CLONE
[1260/2000] 2026-07-10 18:11:00 | R4 | 2014_0_3/22792 vs 2014_0_3/71973 → CLONE
[1261/2000] 2026-07-10 18:11:02 | R4 | 2014_2_1/124976 vs 2014_2_1/115332 → CLONE
[1262/2000] 2026-07-10 18:11:05 | R4 | 2014_2_1/124976 vs 2014_2_1/119554 → CLONE
[1263/2000] 2026-07-10 18:11:07 | R4 | 2014_2_1/124976 vs 2014_2_1/126555 → CLONE
[1264/2000] 2026-07-10 18:11:10 | R4 | 2014_2_1/124976 vs 2014_2_1/125050 → CLONE
[1265/2000] 2026-07-10 18:11:12 | R4 | 2014_2_1/115332 vs 2014_2_1/119554 → CLONE
[1266/2000] 2026-07-10 18:11:15 | R4 | 2014_2_1/115332 vs 2014_2_1/126555 → CLONE
[1267/2000] 2026-07-10 18:11:17 | R4 | 2014_2_1/115332 vs 2014_2_1/125050 → CLONE
[1268/2000] 2026-07-10 18:11:20 | R4 | 2014_2_1/119554 vs 2014_2_1/126555 → CLONE
[1269/2000] 2026-07-10 18:11:22 | R4 | 2014_2_1/119554 vs 2014_2_1/125050 → CLONE
[1270/2000] 2026-07-10 18:11:25 | R4 | 2014_2_1/126555 vs 2014_2_1/125050 → CLONE
[1271/2000] 2026-07-10 18:11:29 | R4 | 2014_3_1/141827 vs 2014_3_1/137264 → CLONE
[1272/2000] 2026-07-10 18:11:31 | R4 | 2014_3_1/141827 vs 2014_3_1/138894 → CLONE
[1273/2000] 2026-07-10 18:11:33 | R4 | 2014_3_1/141827 vs 2014_3_1/136615 → CLONE
[1274/2000] 2026-07-10 18:11:35 | R4 | 2014_3_1/141827 vs 2014_3_1/138529 → CLONE
[1275/2000] 2026-07-10 18:11:38 | R4 | 2014_3_1/137264 vs 2014_3_1/138894 → CLONE
[1276/2000] 2026-07-10 18:11:40 | R4 | 2014_3_1/137264 vs 2014_3_1/136615 → CLONE
[1277/2000] 2026-07-10 18:11:42 | R4 | 2014_3_1/137264 vs 2014_3_1/138529 → CLONE
[1278/2000] 2026-07-10 18:11:45 | R4 | 2014_3_1/138894 vs 2014_3_1/136615 → CLONE
[1279/2000] 2026-07-10 18:11:47 | R4 | 2014_3_1/138894 vs 2014_3_1/138529 → CLONE
[1280/2000] 2026-07-10 18:11:49 | R4 | 2014_3_1/136615 vs 2014_3_1/138529 → CLONE
[1281/2000] 2026-07-10 18:11:51 | R4 | 2015_0_1/79967 vs 2015_0_1/35102 → CLONE
[1282/2000] 2026-07-10 18:11:53 | R4 | 2015_0_1/79967 vs 2015_0_1/68106 → CLONE
[1283/2000] 2026-07-10 18:11:56 | R4 | 2015_0_1/79967 vs 2015_0_1/65869 → CLONE
[1284/2000] 2026-07-10 18:11:58 | R4 | 2015_0_1/79967 vs 2015_0_1/46754 → CLONE
[1285/2000] 2026-07-10 18:12:00 | R4 | 2015_0_1/35102 vs 2015_0_1/68106 → CLONE
[1286/2000] 2026-07-10 18:12:02 | R4 | 2015_0_1/35102 vs 2015_0_1/65869 → CLONE
[1287/2000] 2026-07-10 18:12:04 | R4 | 2015_0_1/35102 vs 2015_0_1/46754 → CLONE
[1288/2000] 2026-07-10 18:12:06 | R4 | 2015_0_1/68106 vs 2015_0_1/65869 → CLONE
[1289/2000] 2026-07-10 18:12:08 | R4 | 2015_0_1/68106 vs 2015_0_1/46754 → CLONE
[1290/2000] 2026-07-10 18:12:10 | R4 | 2015_0_1/65869 vs 2015_0_1/46754 → CLONE
[1291/2000] 2026-07-10 18:12:13 | R4 | 2015_0_2/34257 vs 2015_0_2/32722 → CLONE
[1292/2000] 2026-07-10 18:12:15 | R4 | 2015_0_2/34257 vs 2015_0_2/77145 → CLONE
[1293/2000] 2026-07-10 18:12:17 | R4 | 2015_0_2/34257 vs 2015_0_2/72707 → CLONE
[1294/2000] 2026-07-10 18:12:19 | R4 | 2015_0_2/34257 vs 2015_0_2/68668 → CLONE
[1295/2000] 2026-07-10 18:12:21 | R4 | 2015_0_2/32722 vs 2015_0_2/77145 → CLONE
[1296/2000] 2026-07-10 18:12:22 | R4 | 2015_0_2/32722 vs 2015_0_2/72707 → CLONE
[1297/2000] 2026-07-10 18:12:24 | R4 | 2015_0_2/32722 vs 2015_0_2/68668 → CLONE
[1298/2000] 2026-07-10 18:12:26 | R4 | 2015_0_2/77145 vs 2015_0_2/72707 → CLONE
[1299/2000] 2026-07-10 18:12:28 | R4 | 2015_0_2/77145 vs 2015_0_2/68668 → CLONE
[1300/2000] 2026-07-10 18:12:30 | R4 | 2015_0_2/72707 vs 2015_0_2/68668 → CLONE
[1301/2000] 2026-07-10 18:12:34 | R4 | 2015_0_3/74464 vs 2015_0_3/88073 → CLONE
[1302/2000] 2026-07-10 18:12:37 | R4 | 2015_0_3/74464 vs 2015_0_3/21597 → CLONE
[1303/2000] 2026-07-10 18:12:39 | R4 | 2015_0_3/74464 vs 2015_0_3/62582 → CLONE
[1304/2000] 2026-07-10 18:12:42 | R4 | 2015_0_3/74464 vs 2015_0_3/107238 → CLONE
[1305/2000] 2026-07-10 18:12:45 | R4 | 2015_0_3/88073 vs 2015_0_3/21597 → CLONE
[1306/2000] 2026-07-10 18:12:48 | R4 | 2015_0_3/88073 vs 2015_0_3/62582 → CLONE
[1307/2000] 2026-07-10 18:12:50 | R4 | 2015_0_3/88073 vs 2015_0_3/107238 → CLONE
[1308/2000] 2026-07-10 18:12:53 | R4 | 2015_0_3/21597 vs 2015_0_3/62582 → CLONE
[1309/2000] 2026-07-10 18:12:56 | R4 | 2015_0_3/21597 vs 2015_0_3/107238 → CLONE
[1310/2000] 2026-07-10 18:12:58 | R4 | 2015_0_3/62582 vs 2015_0_3/107238 → CLONE
[1311/2000] 2026-07-10 18:13:01 | R4 | 2015_0_4/107149 vs 2015_0_4/96734 → CLONE
[1312/2000] 2026-07-10 18:13:03 | R4 | 2015_0_4/107149 vs 2015_0_4/79014 → CLONE
[1313/2000] 2026-07-10 18:13:05 | R4 | 2015_0_4/107149 vs 2015_0_4/21673 → CLONE
[1314/2000] 2026-07-10 18:13:07 | R4 | 2015_0_4/107149 vs 2015_0_4/77477 → CLONE
[1315/2000] 2026-07-10 18:13:10 | R4 | 2015_0_4/96734 vs 2015_0_4/79014 → CLONE
[1316/2000] 2026-07-10 18:13:12 | R4 | 2015_0_4/96734 vs 2015_0_4/21673 → CLONE
[1317/2000] 2026-07-10 18:13:14 | R4 | 2015_0_4/96734 vs 2015_0_4/77477 → CLONE
[1318/2000] 2026-07-10 18:13:16 | R4 | 2015_0_4/79014 vs 2015_0_4/21673 → CLONE
[1319/2000] 2026-07-10 18:13:19 | R4 | 2015_0_4/79014 vs 2015_0_4/77477 → CLONE
[1320/2000] 2026-07-10 18:13:21 | R4 | 2015_0_4/21673 vs 2015_0_4/77477 → CLONE
[1321/2000] 2026-07-10 18:13:23 | R4 | 2015_1_1/127730 vs 2015_1_1/114491 → CLONE
[1322/2000] 2026-07-10 18:13:26 | R4 | 2015_1_1/127730 vs 2015_1_1/125935 → CLONE
[1323/2000] 2026-07-10 18:13:28 | R4 | 2015_1_1/127730 vs 2015_1_1/124925 → CLONE
[1324/2000] 2026-07-10 18:13:30 | R4 | 2015_1_1/127730 vs 2015_1_1/115055 → CLONE
[1325/2000] 2026-07-10 18:13:32 | R4 | 2015_1_1/114491 vs 2015_1_1/125935 → CLONE
[1326/2000] 2026-07-10 18:13:34 | R4 | 2015_1_1/114491 vs 2015_1_1/124925 → CLONE
[1327/2000] 2026-07-10 18:13:37 | R4 | 2015_1_1/114491 vs 2015_1_1/115055 → CLONE
[1328/2000] 2026-07-10 18:13:39 | R4 | 2015_1_1/125935 vs 2015_1_1/124925 → CLONE
[1329/2000] 2026-07-10 18:13:41 | R4 | 2015_1_1/125935 vs 2015_1_1/115055 → CLONE
[1330/2000] 2026-07-10 18:13:44 | R4 | 2015_1_1/124925 vs 2015_1_1/115055 → CLONE
[1331/2000] 2026-07-10 18:13:46 | R4 | 2016_0_1/60475 vs 2016_0_1/69477 → CLONE
[1332/2000] 2026-07-10 18:13:48 | R4 | 2016_0_1/60475 vs 2016_0_1/123558 → CLONE
[1333/2000] 2026-07-10 18:13:51 | R4 | 2016_0_1/60475 vs 2016_0_1/55901 → CLONE
[1334/2000] 2026-07-10 18:13:53 | R4 | 2016_0_1/60475 vs 2016_0_1/72044 → CLONE
[1335/2000] 2026-07-10 18:13:55 | R4 | 2016_0_1/69477 vs 2016_0_1/123558 → CLONE
[1336/2000] 2026-07-10 18:13:58 | R4 | 2016_0_1/69477 vs 2016_0_1/55901 → CLONE
[1337/2000] 2026-07-10 18:14:00 | R4 | 2016_0_1/69477 vs 2016_0_1/72044 → CLONE
[1338/2000] 2026-07-10 18:14:03 | R4 | 2016_0_1/123558 vs 2016_0_1/55901 → CLONE
[1339/2000] 2026-07-10 18:14:05 | R4 | 2016_0_1/123558 vs 2016_0_1/72044 → CLONE
[1340/2000] 2026-07-10 18:14:08 | R4 | 2016_0_1/55901 vs 2016_0_1/72044 → CLONE
[1341/2000] 2026-07-10 18:14:10 | R4 | 2016_0_2/68074 vs 2016_0_2/150691 → CLONE
[1342/2000] 2026-07-10 18:14:12 | R4 | 2016_0_2/68074 vs 2016_0_2/125812 → CLONE
[1343/2000] 2026-07-10 18:14:14 | R4 | 2016_0_2/68074 vs 2016_0_2/88861 → CLONE
[1344/2000] 2026-07-10 18:14:16 | R4 | 2016_0_2/68074 vs 2016_0_2/162423 → CLONE
[1345/2000] 2026-07-10 18:14:19 | R4 | 2016_0_2/150691 vs 2016_0_2/125812 → CLONE
[1346/2000] 2026-07-10 18:14:20 | R4 | 2016_0_2/150691 vs 2016_0_2/88861 → CLONE
[1347/2000] 2026-07-10 18:14:22 | R4 | 2016_0_2/150691 vs 2016_0_2/162423 → CLONE
[1348/2000] 2026-07-10 18:14:25 | R4 | 2016_0_2/125812 vs 2016_0_2/88861 → CLONE
[1349/2000] 2026-07-10 18:14:27 | R4 | 2016_0_2/125812 vs 2016_0_2/162423 → CLONE
[1350/2000] 2026-07-10 18:14:29 | R4 | 2016_0_2/88861 vs 2016_0_2/162423 → CLONE
[1351/2000] 2026-07-10 18:14:31 | R4 | 2016_0_4/100472 vs 2016_0_4/129913 → CLONE
[1352/2000] 2026-07-10 18:14:33 | R4 | 2016_0_4/100472 vs 2016_0_4/58218 → CLONE
[1353/2000] 2026-07-10 18:14:35 | R4 | 2016_0_4/100472 vs 2016_0_4/63729 → CLONE
[1354/2000] 2026-07-10 18:14:38 | R4 | 2016_0_4/100472 vs 2016_0_4/138317 → CLONE
[1355/2000] 2026-07-10 18:14:40 | R4 | 2016_0_4/129913 vs 2016_0_4/58218 → CLONE
[1356/2000] 2026-07-10 18:14:42 | R4 | 2016_0_4/129913 vs 2016_0_4/63729 → CLONE
[1357/2000] 2026-07-10 18:14:44 | R4 | 2016_0_4/129913 vs 2016_0_4/138317 → CLONE
[1358/2000] 2026-07-10 18:14:47 | R4 | 2016_0_4/58218 vs 2016_0_4/63729 → CLONE
[1359/2000] 2026-07-10 18:14:49 | R4 | 2016_0_4/58218 vs 2016_0_4/138317 → CLONE
[1360/2000] 2026-07-10 18:14:52 | R4 | 2016_0_4/63729 vs 2016_0_4/138317 → CLONE
[1361/2000] 2026-07-10 18:14:54 | R4 | 2016_1_1/1153 vs 2016_1_1/14479 → CLONE
[1362/2000] 2026-07-10 18:14:56 | R4 | 2016_1_1/1153 vs 2016_1_1/8299 → CLONE
[1363/2000] 2026-07-10 18:14:58 | R4 | 2016_1_1/1153 vs 2016_1_1/29796 → CLONE
[1364/2000] 2026-07-10 18:15:00 | R4 | 2016_1_1/1153 vs 2016_1_1/2003 → CLONE
[1365/2000] 2026-07-10 18:15:02 | R4 | 2016_1_1/14479 vs 2016_1_1/8299 → CLONE
[1366/2000] 2026-07-10 18:15:04 | R4 | 2016_1_1/14479 vs 2016_1_1/29796 → CLONE
[1367/2000] 2026-07-10 18:15:06 | R4 | 2016_1_1/14479 vs 2016_1_1/2003 → CLONE
[1368/2000] 2026-07-10 18:15:08 | R4 | 2016_1_1/8299 vs 2016_1_1/29796 → CLONE
[1369/2000] 2026-07-10 18:15:10 | R4 | 2016_1_1/8299 vs 2016_1_1/2003 → CLONE
[1370/2000] 2026-07-10 18:15:12 | R4 | 2016_1_1/29796 vs 2016_1_1/2003 → CLONE
[1371/2000] 2026-07-10 18:15:14 | R4 | 2016_1_2/8152 vs 2016_1_2/31984 → CLONE
[1372/2000] 2026-07-10 18:15:16 | R4 | 2016_1_2/8152 vs 2016_1_2/20611 → CLONE
[1373/2000] 2026-07-10 18:15:21 | R4 | 2016_1_2/8152 vs 2016_1_2/19093 → CLONE
[1374/2000] 2026-07-10 18:15:24 | R4 | 2016_1_2/8152 vs 2016_1_2/30007 → CLONE
[1375/2000] 2026-07-10 18:15:26 | R4 | 2016_1_2/31984 vs 2016_1_2/20611 → CLONE
[1376/2000] 2026-07-10 18:15:30 | R4 | 2016_1_2/31984 vs 2016_1_2/19093 → CLONE
[1377/2000] 2026-07-10 18:15:32 | R4 | 2016_1_2/31984 vs 2016_1_2/30007 → CLONE
[1378/2000] 2026-07-10 18:15:38 | R4 | 2016_1_2/20611 vs 2016_1_2/19093 → CLONE
[1379/2000] 2026-07-10 18:15:40 | R4 | 2016_1_2/20611 vs 2016_1_2/30007 → CLONE
[1380/2000] 2026-07-10 18:15:46 | R4 | 2016_1_2/19093 vs 2016_1_2/30007 → CLONE
[1381/2000] 2026-07-10 18:15:49 | R4 | 2016_2_1/197689 vs 2016_2_1/192495 → CLONE
[1382/2000] 2026-07-10 18:15:51 | R4 | 2016_2_1/197689 vs 2016_2_1/187476 → CLONE
[1383/2000] 2026-07-10 18:15:53 | R4 | 2016_2_1/197689 vs 2016_2_1/193269 → CLONE
[1384/2000] 2026-07-10 18:15:56 | R4 | 2016_2_1/197689 vs 2016_2_1/184367 → CLONE
[1385/2000] 2026-07-10 18:15:58 | R4 | 2016_2_1/192495 vs 2016_2_1/187476 → CLONE
[1386/2000] 2026-07-10 18:16:01 | R4 | 2016_2_1/192495 vs 2016_2_1/193269 → CLONE
[1387/2000] 2026-07-10 18:16:03 | R4 | 2016_2_1/192495 vs 2016_2_1/184367 → CLONE
[1388/2000] 2026-07-10 18:16:06 | R4 | 2016_2_1/187476 vs 2016_2_1/193269 → CLONE
[1389/2000] 2026-07-10 18:16:08 | R4 | 2016_2_1/187476 vs 2016_2_1/184367 → CLONE
[1390/2000] 2026-07-10 18:16:11 | R4 | 2016_2_1/193269 vs 2016_2_1/184367 → CLONE
[1391/2000] 2026-07-10 18:16:13 | R4 | 2016_3_1/205670 vs 2016_3_1/211583 → CLONE
[1392/2000] 2026-07-10 18:16:15 | R4 | 2016_3_1/205670 vs 2016_3_1/210871 → CLONE
[1393/2000] 2026-07-10 18:16:18 | R4 | 2016_3_1/205670 vs 2016_3_1/218815 → CLONE
[1394/2000] 2026-07-10 18:16:20 | R4 | 2016_3_1/205670 vs 2016_3_1/207727 → CLONE
[1395/2000] 2026-07-10 18:16:22 | R4 | 2016_3_1/211583 vs 2016_3_1/210871 → CLONE
[1396/2000] 2026-07-10 18:16:25 | R4 | 2016_3_1/211583 vs 2016_3_1/218815 → CLONE
[1397/2000] 2026-07-10 18:16:27 | R4 | 2016_3_1/211583 vs 2016_3_1/207727 → CLONE
[1398/2000] 2026-07-10 18:16:29 | R4 | 2016_3_1/210871 vs 2016_3_1/218815 → CLONE
[1399/2000] 2026-07-10 18:16:31 | R4 | 2016_3_1/210871 vs 2016_3_1/207727 → CLONE
[1400/2000] 2026-07-10 18:16:34 | R4 | 2016_3_1/218815 vs 2016_3_1/207727 → CLONE
[1401/2000] 2026-07-10 18:16:37 | R4 | 2013_0_1/84294 vs 2016_3_1/218815 → NON-CLONE
[1402/2000] 2026-07-10 18:16:38 | R4 | 2013_0_1/84294 vs 2015_1_1/124925 → NON-CLONE
[1403/2000] 2026-07-10 18:16:40 | R4 | 2013_0_1/84294 vs 2016_0_2/88861 → NON-CLONE
[1404/2000] 2026-07-10 18:16:42 | R4 | 2013_0_1/84294 vs 2014_0_2/107403 → NON-CLONE
[1405/2000] 2026-07-10 18:16:45 | R4 | 2013_0_1/58633 vs 2015_0_3/62582 → NON-CLONE
[1406/2000] 2026-07-10 18:16:47 | R4 | 2013_0_1/58633 vs 2013_1_1/35305 → NON-CLONE
[1407/2000] 2026-07-10 18:16:50 | R4 | 2013_0_1/58633 vs 2016_0_4/100472 → NON-CLONE
[1408/2000] 2026-07-10 18:16:52 | R4 | 2013_0_1/124149 vs 2015_0_1/68106 → NON-CLONE
[1409/2000] 2026-07-10 18:16:54 | R4 | 2013_0_1/124149 vs 2016_1_2/8152 → NON-CLONE
[1410/2000] 2026-07-10 18:16:57 | R4 | 2013_0_1/88116 vs 2016_1_1/2003 → NON-CLONE
[1411/2000] 2026-07-10 18:17:00 | R4 | 2013_0_2/95524 vs 2015_0_3/88073 → NON-CLONE
[1412/2000] 2026-07-10 18:17:02 | R4 | 2013_0_2/95524 vs 2016_0_4/63729 → NON-CLONE
[1413/2000] 2026-07-10 18:17:05 | R4 | 2013_0_2/95524 vs 2014_0_3/71973 → NON-CLONE
[1414/2000] 2026-07-10 18:17:07 | R4 | 2013_0_2/95524 vs 2016_3_1/205670 → NON-CLONE
[1415/2000] 2026-07-10 18:17:09 | R4 | 2013_0_2/44471 vs 2013_0_3/118052 → NON-CLONE
[1416/2000] 2026-07-10 18:17:12 | R4 | 2013_0_2/44471 vs 2013_0_3/55548 → NON-CLONE
[1417/2000] 2026-07-10 18:17:14 | R4 | 2013_0_2/44471 vs 2016_1_2/30007 → NON-CLONE
[1418/2000] 2026-07-10 18:17:17 | R4 | 2013_0_2/55421 vs 2014_2_1/125050 → NON-CLONE
[1419/2000] 2026-07-10 18:17:19 | R4 | 2013_0_2/55421 vs 2015_0_1/68106 → NON-CLONE
[1420/2000] 2026-07-10 18:17:21 | R4 | 2013_0_2/90919 vs 2013_1_1/35305 → NON-CLONE
[1421/2000] 2026-07-10 18:17:24 | R4 | 2013_0_3/55548 vs 2014_2_1/125050 → NON-CLONE
[1422/2000] 2026-07-10 18:17:27 | R4 | 2013_0_3/55548 vs 2013_1_1/30610 → NON-CLONE
[1423/2000] 2026-07-10 18:17:29 | R4 | 2013_0_3/55548 vs 2015_0_3/62582 → NON-CLONE
[1424/2000] 2026-07-10 18:17:31 | R4 | 2013_0_3/55548 vs 2015_0_1/79967 → NON-CLONE
[1425/2000] 2026-07-10 18:17:33 | R4 | 2013_0_3/94901 vs 2015_1_1/124925 → NON-CLONE
[1426/2000] 2026-07-10 18:17:35 | R4 | 2013_0_3/94901 vs 2016_1_2/31984 → NON-CLONE
[1427/2000] 2026-07-10 18:17:38 | R4 | 2013_0_3/94901 vs 2015_0_3/88073 → NON-CLONE
[1428/2000] 2026-07-10 18:17:42 | R4 | 2013_0_3/78294 vs 2014_0_3/108079 → NON-CLONE
[1429/2000] 2026-07-10 18:17:44 | R4 | 2013_0_3/78294 vs 2015_0_3/21597 → NON-CLONE
[1430/2000] 2026-07-10 18:17:47 | R4 | 2013_0_3/118052 vs 2015_0_3/74464 → NON-CLONE
[1431/2000] 2026-07-10 18:17:50 | R4 | 2013_1_1/35305 vs 2014_2_1/115332 → NON-CLONE
[1432/2000] 2026-07-10 18:17:52 | R4 | 2013_1_1/35305 vs 2016_2_1/197689 → NON-CLONE
[1433/2000] 2026-07-10 18:17:55 | R4 | 2013_1_1/35305 vs 2014_3_1/138529 → NON-CLONE
[1434/2000] 2026-07-10 18:17:57 | R4 | 2013_1_1/35305 vs 2016_2_1/184367 → NON-CLONE
[1435/2000] 2026-07-10 18:18:00 | R4 | 2013_1_1/30788 vs 2016_2_1/187476 → NON-CLONE
[1436/2000] 2026-07-10 18:18:02 | R4 | 2013_1_1/30788 vs 2016_1_2/20611 → NON-CLONE
[1437/2000] 2026-07-10 18:18:04 | R4 | 2013_1_1/30788 vs 2013_0_2/114653 → NON-CLONE
[1438/2000] 2026-07-10 18:18:06 | R4 | 2013_1_1/30610 vs 2016_1_1/8299 → NON-CLONE
[1439/2000] 2026-07-10 18:18:09 | R4 | 2013_1_1/30610 vs 2016_1_2/31984 → NON-CLONE
[1440/2000] 2026-07-10 18:18:12 | R4 | 2013_1_1/30305 vs 2014_0_3/27551 → NON-CLONE
[1441/2000] 2026-07-10 18:18:14 | R4 | 2014_0_2/107403 vs 2016_0_2/88861 → NON-CLONE
[1442/2000] 2026-07-10 18:18:17 | R4 | 2014_0_2/107403 vs 2016_3_1/218815 → NON-CLONE
[1443/2000] 2026-07-10 18:18:19 | R4 | 2014_0_2/107403 vs 2014_3_1/137264 → NON-CLONE
[1444/2000] 2026-07-10 18:18:22 | R4 | 2014_0_2/107403 vs 2014_0_3/108079 → NON-CLONE
[1445/2000] 2026-07-10 18:18:24 | R4 | 2014_0_2/81302 vs 2015_1_1/115055 → NON-CLONE
[1446/2000] 2026-07-10 18:18:27 | R4 | 2014_0_2/81302 vs 2015_0_3/62582 → NON-CLONE
[1447/2000] 2026-07-10 18:18:29 | R4 | 2014_0_2/81302 vs 2014_3_1/138529 → NON-CLONE
[1448/2000] 2026-07-10 18:18:31 | R4 | 2014_0_2/27351 vs 2016_1_2/31984 → NON-CLONE
[1449/2000] 2026-07-10 18:18:34 | R4 | 2014_0_2/27351 vs 2016_2_1/193269 → NON-CLONE
[1450/2000] 2026-07-10 18:18:36 | R4 | 2014_0_2/41018 vs 2016_0_4/129913 → NON-CLONE
[1451/2000] 2026-07-10 18:18:40 | R4 | 2014_0_3/108079 vs 2014_2_1/126555 → NON-CLONE
[1452/2000] 2026-07-10 18:18:42 | R4 | 2014_0_3/108079 vs 2016_2_1/187476 → NON-CLONE
[1453/2000] 2026-07-10 18:18:44 | R4 | 2014_0_3/108079 vs 2015_0_2/32722 → NON-CLONE
[1454/2000] 2026-07-10 18:18:46 | R4 | 2014_0_3/108079 vs 2013_0_2/55421 → NON-CLONE
[1455/2000] 2026-07-10 18:18:49 | R4 | 2014_0_3/27551 vs 2014_2_1/125050 → NON-CLONE
[1456/2000] 2026-07-10 18:18:52 | R4 | 2014_0_3/27551 vs 2013_0_1/124226 → NON-CLONE
[1457/2000] 2026-07-10 18:18:54 | R4 | 2014_0_3/27551 vs 2015_0_2/34257 → NON-CLONE
[1458/2000] 2026-07-10 18:18:58 | R4 | 2014_0_3/99421 vs 2015_0_4/96734 → NON-CLONE
[1459/2000] 2026-07-10 18:19:00 | R4 | 2014_0_3/99421 vs 2014_3_1/138529 → NON-CLONE
[1460/2000] 2026-07-10 18:19:07 | R4 | 2014_0_3/22792 vs 2013_0_2/90919 → NON-CLONE
[1461/2000] 2026-07-10 18:19:11 | R4 | 2014_2_1/124976 vs 2014_0_3/99421 → NON-CLONE
[1462/2000] 2026-07-10 18:19:13 | R4 | 2014_2_1/124976 vs 2016_0_4/58218 → NON-CLONE
[1463/2000] 2026-07-10 18:19:16 | R4 | 2014_2_1/124976 vs 2016_3_1/211583 → NON-CLONE
[1464/2000] 2026-07-10 18:19:18 | R4 | 2014_2_1/124976 vs 2015_0_2/34257 → NON-CLONE
[1465/2000] 2026-07-10 18:19:22 | R4 | 2014_2_1/115332 vs 2014_0_3/99421 → NON-CLONE
[1466/2000] 2026-07-10 18:19:27 | R4 | 2014_2_1/115332 vs 2016_1_2/19093 → NON-CLONE
[1467/2000] 2026-07-10 18:19:29 | R4 | 2014_2_1/115332 vs 2016_0_1/55901 → NON-CLONE
[1468/2000] 2026-07-10 18:19:32 | R4 | 2014_2_1/119554 vs 2015_0_4/107149 → NON-CLONE
[1469/2000] 2026-07-10 18:19:34 | R4 | 2014_2_1/119554 vs 2016_1_2/20611 → NON-CLONE
[1470/2000] 2026-07-10 18:19:37 | R4 | 2014_2_1/126555 vs 2015_1_1/124925 → NON-CLONE
[1471/2000] 2026-07-10 18:19:41 | R4 | 2014_3_1/141827 vs 2013_1_1/30305 → NON-CLONE
[1472/2000] 2026-07-10 18:19:43 | R4 | 2014_3_1/141827 vs 2014_2_1/126555 → NON-CLONE
[1473/2000] 2026-07-10 18:19:46 | R4 | 2014_3_1/141827 vs 2013_1_1/30610 → NON-CLONE
[1474/2000] 2026-07-10 18:19:48 | R4 | 2014_3_1/141827 vs 2014_2_1/115332 → NON-CLONE
[1475/2000] 2026-07-10 18:19:50 | R4 | 2014_3_1/137264 vs 2016_0_4/129913 → NON-CLONE
[1476/2000] 2026-07-10 18:19:52 | R4 | 2014_3_1/137264 vs 2016_0_2/88861 → NON-CLONE
[1477/2000] 2026-07-10 18:19:55 | R4 | 2014_3_1/137264 vs 2014_2_1/126555 → NON-CLONE
[1478/2000] 2026-07-10 18:19:57 | R4 | 2014_3_1/138894 vs 2016_0_4/138317 → NON-CLONE
[1479/2000] 2026-07-10 18:19:59 | R4 | 2014_3_1/138894 vs 2015_0_4/77477 → NON-CLONE
[1480/2000] 2026-07-10 18:20:02 | R4 | 2014_3_1/136615 vs 2016_0_4/138317 → NON-CLONE
[1481/2000] 2026-07-10 18:20:04 | R4 | 2015_0_1/79967 vs 2015_0_4/96734 → NON-CLONE
[1482/2000] 2026-07-10 18:20:07 | R4 | 2015_0_1/79967 vs 2015_0_3/88073 → NON-CLONE
[1483/2000] 2026-07-10 18:20:13 | R4 | 2015_0_1/79967 vs 2014_0_3/22792 → NON-CLONE
[1484/2000] 2026-07-10 18:20:15 | R4 | 2015_0_1/79967 vs 2013_1_1/30610 → NON-CLONE
[1485/2000] 2026-07-10 18:20:18 | R4 | 2015_0_1/35102 vs 2016_0_2/68074 → NON-CLONE
[1486/2000] 2026-07-10 18:20:20 | R4 | 2015_0_1/35102 vs 2016_0_1/55901 → NON-CLONE
[1487/2000] 2026-07-10 18:20:22 | R4 | 2015_0_1/35102 vs 2013_0_3/94901 → NON-CLONE
[1488/2000] 2026-07-10 18:20:25 | R4 | 2015_0_1/68106 vs 2013_0_2/44471 → NON-CLONE
[1489/2000] 2026-07-10 18:20:27 | R4 | 2015_0_1/68106 vs 2013_0_3/83531 → NON-CLONE
[1490/2000] 2026-07-10 18:20:30 | R4 | 2015_0_1/65869 vs 2013_1_1/40715 → NON-CLONE
[1491/2000] 2026-07-10 18:20:32 | R4 | 2015_0_2/34257 vs 2016_1_2/8152 → NON-CLONE
[1492/2000] 2026-07-10 18:20:34 | R4 | 2015_0_2/34257 vs 2014_0_2/107403 → NON-CLONE
[1493/2000] 2026-07-10 18:20:36 | R4 | 2015_0_2/34257 vs 2016_2_1/187476 → NON-CLONE
[1494/2000] 2026-07-10 18:20:38 | R4 | 2015_0_2/34257 vs 2015_0_4/77477 → NON-CLONE
[1495/2000] 2026-07-10 18:20:41 | R4 | 2015_0_2/32722 vs 2016_1_1/14479 → NON-CLONE
[1496/2000] 2026-07-10 18:20:43 | R4 | 2015_0_2/32722 vs 2013_0_2/90919 → NON-CLONE
[1497/2000] 2026-07-10 18:20:46 | R4 | 2015_0_2/32722 vs 2015_0_3/107238 → NON-CLONE
[1498/2000] 2026-07-10 18:20:48 | R4 | 2015_0_2/77145 vs 2015_0_3/62582 → NON-CLONE
[1499/2000] 2026-07-10 18:20:51 | R4 | 2015_0_2/77145 vs 2016_1_1/14479 → NON-CLONE
[1500/2000] 2026-07-10 18:20:53 | R4 | 2015_0_2/72707 vs 2015_1_1/115055 → NON-CLONE
[1501/2000] 2026-07-10 18:20:56 | R4 | 2015_0_3/74464 vs 2016_0_2/125812 → NON-CLONE
[1502/2000] 2026-07-10 18:20:59 | R4 | 2015_0_3/74464 vs 2014_2_1/119554 → NON-CLONE
[1503/2000] 2026-07-10 18:21:01 | R4 | 2015_0_3/74464 vs 2016_0_4/100472 → NON-CLONE
[1504/2000] 2026-07-10 18:21:03 | R4 | 2015_0_3/74464 vs 2013_0_1/58633 → NON-CLONE
[1505/2000] 2026-07-10 18:21:06 | R4 | 2015_0_3/88073 vs 2016_2_1/187476 → NON-CLONE
[1506/2000] 2026-07-10 18:21:08 | R4 | 2015_0_3/88073 vs 2016_3_1/210871 → NON-CLONE
[1507/2000] 2026-07-10 18:21:11 | R4 | 2015_0_3/88073 vs 2013_0_3/83531 → NON-CLONE
[1508/2000] 2026-07-10 18:21:13 | R4 | 2015_0_3/21597 vs 2016_2_1/187476 → NON-CLONE
[1509/2000] 2026-07-10 18:21:15 | R4 | 2015_0_3/21597 vs 2016_0_2/88861 → NON-CLONE
[1510/2000] 2026-07-10 18:21:18 | R4 | 2015_0_3/62582 vs 2014_2_1/125050 → NON-CLONE
[1511/2000] 2026-07-10 18:21:21 | R4 | 2015_0_4/107149 vs 2016_1_2/20611 → NON-CLONE
[1512/2000] 2026-07-10 18:21:23 | R4 | 2015_0_4/107149 vs 2015_0_1/65869 → NON-CLONE
[1513/2000] 2026-07-10 18:21:25 | R4 | 2015_0_4/107149 vs 2013_0_3/83531 → NON-CLONE
[1514/2000] 2026-07-10 18:21:28 | R4 | 2015_0_4/107149 vs 2014_3_1/138894 → NON-CLONE
[1515/2000] 2026-07-10 18:21:30 | R4 | 2015_0_4/96734 vs 2015_1_1/127730 → NON-CLONE
[1516/2000] 2026-07-10 18:21:32 | R4 | 2015_0_4/96734 vs 2014_0_2/107403 → NON-CLONE
[1517/2000] 2026-07-10 18:21:34 | R4 | 2015_0_4/96734 vs 2015_1_1/124925 → NON-CLONE
[1518/2000] 2026-07-10 18:21:36 | R4 | 2015_0_4/79014 vs 2013_0_1/84294 → NON-CLONE
[1519/2000] 2026-07-10 18:21:38 | R4 | 2015_0_4/79014 vs 2016_3_1/210871 → NON-CLONE
[1520/2000] 2026-07-10 18:21:41 | R4 | 2015_0_4/21673 vs 2016_3_1/210871 → NON-CLONE
[1521/2000] 2026-07-10 18:21:44 | R4 | 2015_1_1/127730 vs 2014_2_1/126555 → NON-CLONE
[1522/2000] 2026-07-10 18:21:46 | R4 | 2015_1_1/127730 vs 2016_0_1/72044 → NON-CLONE
[1523/2000] 2026-07-10 18:21:48 | R4 | 2015_1_1/127730 vs 2014_0_2/27351 → NON-CLONE
[1524/2000] 2026-07-10 18:21:50 | R4 | 2015_1_1/127730 vs 2016_0_1/72044 → NON-CLONE
[1525/2000] 2026-07-10 18:21:52 | R4 | 2015_1_1/114491 vs 2013_0_3/118052 → NON-CLONE
[1526/2000] 2026-07-10 18:21:54 | R4 | 2015_1_1/114491 vs 2016_1_2/8152 → NON-CLONE
[1527/2000] 2026-07-10 18:21:57 | R4 | 2015_1_1/114491 vs 2014_3_1/136615 → NON-CLONE
[1528/2000] 2026-07-10 18:21:59 | R4 | 2015_1_1/125935 vs 2016_1_2/31984 → NON-CLONE
[1529/2000] 2026-07-10 18:22:01 | R4 | 2015_1_1/125935 vs 2016_0_1/72044 → NON-CLONE
[1530/2000] 2026-07-10 18:22:03 | R4 | 2015_1_1/124925 vs 2016_1_1/8299 → NON-CLONE
[1531/2000] 2026-07-10 18:22:07 | R4 | 2016_0_1/60475 vs 2014_0_3/108079 → NON-CLONE
[1532/2000] 2026-07-10 18:22:09 | R4 | 2016_0_1/60475 vs 2013_1_1/40715 → NON-CLONE
[1533/2000] 2026-07-10 18:22:11 | R4 | 2016_0_1/60475 vs 2015_0_2/77145 → NON-CLONE
[1534/2000] 2026-07-10 18:22:12 | R4 | 2016_0_1/60475 vs 2014_0_2/107403 → NON-CLONE
[1535/2000] 2026-07-10 18:22:15 | R4 | 2016_0_1/69477 vs 2016_0_2/162423 → NON-CLONE
[1536/2000] 2026-07-10 18:22:17 | R4 | 2016_0_1/69477 vs 2016_0_2/125812 → NON-CLONE
[1537/2000] 2026-07-10 18:22:19 | R4 | 2016_0_1/69477 vs 2013_0_1/84294 → NON-CLONE
[1538/2000] 2026-07-10 18:22:22 | R4 | 2016_0_1/123558 vs 2016_1_1/14479 → NON-CLONE
[1539/2000] 2026-07-10 18:22:24 | R4 | 2016_0_1/123558 vs 2015_0_1/35102 → NON-CLONE
[1540/2000] 2026-07-10 18:22:27 | R4 | 2016_0_1/55901 vs 2015_1_1/125935 → NON-CLONE
[1541/2000] 2026-07-10 18:22:30 | R4 | 2016_0_2/68074 vs 2013_0_1/124149 → NON-CLONE
[1542/2000] 2026-07-10 18:22:32 | R4 | 2016_0_2/68074 vs 2013_0_3/83531 → NON-CLONE
[1543/2000] 2026-07-10 18:22:34 | R4 | 2016_0_2/68074 vs 2015_0_2/32722 → NON-CLONE
[1544/2000] 2026-07-10 18:22:36 | R4 | 2016_0_2/68074 vs 2014_3_1/138529 → NON-CLONE
[1545/2000] 2026-07-10 18:22:39 | R4 | 2016_0_2/150691 vs 2014_2_1/124976 → NON-CLONE
[1546/2000] 2026-07-10 18:22:42 | R4 | 2016_0_2/150691 vs 2013_0_2/55421 → NON-CLONE
[1547/2000] 2026-07-10 18:22:44 | R4 | 2016_0_2/150691 vs 2014_2_1/124976 → NON-CLONE
[1548/2000] 2026-07-10 18:22:47 | R4 | 2016_0_2/125812 vs 2016_0_4/58218 → NON-CLONE
[1549/2000] 2026-07-10 18:22:49 | R4 | 2016_0_2/125812 vs 2013_0_3/55548 → NON-CLONE
[1550/2000] 2026-07-10 18:22:52 | R4 | 2016_0_2/88861 vs 2013_0_3/55548 → NON-CLONE
[1551/2000] 2026-07-10 18:22:55 | R4 | 2016_0_4/100472 vs 2016_3_1/218815 → NON-CLONE
[1552/2000] 2026-07-10 18:22:57 | R4 | 2016_0_4/100472 vs 2015_1_1/125935 → NON-CLONE
[1553/2000] 2026-07-10 18:22:59 | R4 | 2016_0_4/100472 vs 2013_0_2/90919 → NON-CLONE
[1554/2000] 2026-07-10 18:23:02 | R4 | 2016_0_4/100472 vs 2016_0_1/55901 → NON-CLONE
[1555/2000] 2026-07-10 18:23:04 | R4 | 2016_0_4/129913 vs 2013_1_1/30788 → NON-CLONE
[1556/2000] 2026-07-10 18:23:06 | R4 | 2016_0_4/129913 vs 2013_1_1/30788 → NON-CLONE
[1557/2000] 2026-07-10 18:23:08 | R4 | 2016_0_4/129913 vs 2016_1_2/30007 → NON-CLONE
[1558/2000] 2026-07-10 18:23:11 | R4 | 2016_0_4/58218 vs 2015_1_1/127730 → NON-CLONE
[1559/2000] 2026-07-10 18:23:13 | R4 | 2016_0_4/58218 vs 2016_0_2/68074 → NON-CLONE
[1560/2000] 2026-07-10 18:23:15 | R4 | 2016_0_4/63729 vs 2014_0_2/81302 → NON-CLONE
[1561/2000] 2026-07-10 18:23:18 | R4 | 2016_1_1/1153 vs 2014_2_1/126555 → NON-CLONE
[1562/2000] 2026-07-10 18:23:20 | R4 | 2016_1_1/1153 vs 2016_0_1/123558 → NON-CLONE
[1563/2000] 2026-07-10 18:23:22 | R4 | 2016_1_1/1153 vs 2016_0_4/58218 → NON-CLONE
[1564/2000] 2026-07-10 18:23:25 | R4 | 2016_1_1/1153 vs 2015_0_3/107238 → NON-CLONE
[1565/2000] 2026-07-10 18:23:29 | R4 | 2016_1_1/14479 vs 2014_0_3/99421 → NON-CLONE
[1566/2000] 2026-07-10 18:23:31 | R4 | 2016_1_1/14479 vs 2016_0_1/72044 → NON-CLONE
[1567/2000] 2026-07-10 18:23:33 | R4 | 2016_1_1/14479 vs 2016_3_1/218815 → NON-CLONE
[1568/2000] 2026-07-10 18:23:36 | R4 | 2016_1_1/8299 vs 2016_2_1/193269 → NON-CLONE
[1569/2000] 2026-07-10 18:23:39 | R4 | 2016_1_1/8299 vs 2014_0_3/108079 → NON-CLONE
[1570/2000] 2026-07-10 18:23:41 | R4 | 2016_1_1/29796 vs 2016_3_1/211583 → NON-CLONE
[1571/2000] 2026-07-10 18:23:43 | R4 | 2016_1_2/8152 vs 2014_3_1/138529 → NON-CLONE
[1572/2000] 2026-07-10 18:23:46 | R4 | 2016_1_2/8152 vs 2015_0_3/88073 → NON-CLONE
[1573/2000] 2026-07-10 18:23:48 | R4 | 2016_1_2/8152 vs 2016_2_1/197689 → NON-CLONE
[1574/2000] 2026-07-10 18:23:50 | R4 | 2016_1_2/8152 vs 2016_1_1/29796 → NON-CLONE
[1575/2000] 2026-07-10 18:23:52 | R4 | 2016_1_2/31984 vs 2015_0_2/77145 → NON-CLONE
[1576/2000] 2026-07-10 18:23:54 | R4 | 2016_1_2/31984 vs 2015_0_4/96734 → NON-CLONE
[1577/2000] 2026-07-10 18:23:56 | R4 | 2016_1_2/31984 vs 2016_0_1/69477 → NON-CLONE
[1578/2000] 2026-07-10 18:23:58 | R4 | 2016_1_2/20611 vs 2015_0_4/79014 → NON-CLONE
[1579/2000] 2026-07-10 18:24:00 | R4 | 2016_1_2/20611 vs 2013_1_1/35305 → NON-CLONE
[1580/2000] 2026-07-10 18:24:06 | R4 | 2016_1_2/19093 vs 2014_2_1/115332 → NON-CLONE
[1581/2000] 2026-07-10 18:24:12 | R4 | 2016_2_1/197689 vs 2014_0_3/22792 → NON-CLONE
[1582/2000] 2026-07-10 18:24:14 | R4 | 2016_2_1/197689 vs 2013_0_2/90919 → NON-CLONE
[1583/2000] 2026-07-10 18:24:17 | R4 | 2016_2_1/197689 vs 2015_0_1/65869 → NON-CLONE
[1584/2000] 2026-07-10 18:24:19 | R4 | 2016_2_1/197689 vs 2013_0_1/124149 → NON-CLONE
[1585/2000] 2026-07-10 18:24:21 | R4 | 2016_2_1/192495 vs 2016_0_4/100472 → NON-CLONE
[1586/2000] 2026-07-10 18:24:24 | R4 | 2016_2_1/192495 vs 2016_0_2/68074 → NON-CLONE
[1587/2000] 2026-07-10 18:24:26 | R4 | 2016_2_1/192495 vs 2014_0_3/71973 → NON-CLONE
[1588/2000] 2026-07-10 18:24:28 | R4 | 2016_2_1/187476 vs 2016_0_4/100472 → NON-CLONE
[1589/2000] 2026-07-10 18:24:37 | R4 | 2016_2_1/187476 vs 2014_0_3/22792 → NON-CLONE
[1590/2000] 2026-07-10 18:24:41 | R4 | 2016_2_1/193269 vs 2013_0_1/84294 → NON-CLONE
[1591/2000] 2026-07-10 18:24:44 | R4 | 2016_3_1/205670 vs 2013_0_2/114653 → NON-CLONE
[1592/2000] 2026-07-10 18:24:47 | R4 | 2016_3_1/205670 vs 2016_2_1/197689 → NON-CLONE
[1593/2000] 2026-07-10 18:24:50 | R4 | 2016_3_1/205670 vs 2016_1_1/1153 → NON-CLONE
[1594/2000] 2026-07-10 18:24:53 | R4 | 2016_3_1/205670 vs 2013_0_2/55421 → NON-CLONE
[1595/2000] 2026-07-10 18:24:56 | R4 | 2016_3_1/211583 vs 2014_0_3/71973 → NON-CLONE
[1596/2000] 2026-07-10 18:24:58 | R4 | 2016_3_1/211583 vs 2013_0_2/90919 → NON-CLONE
[1597/2000] 2026-07-10 18:25:00 | R4 | 2016_3_1/211583 vs 2013_0_1/124226 → NON-CLONE
[1598/2000] 2026-07-10 18:25:03 | R4 | 2016_3_1/210871 vs 2015_0_1/68106 → NON-CLONE
[1599/2000] 2026-07-10 18:25:05 | R4 | 2016_3_1/210871 vs 2013_0_2/114653 → NON-CLONE
[1600/2000] 2026-07-10 18:25:08 | R4 | 2016_3_1/218815 vs 2016_0_1/60475 → NON-CLONE
Round 4 done → results_gcj_java/Llama-4-Scout-17B-16E-Instruct/results_gguf_llama4_scout_Q2_K_round4.csv
--- Round 5/5 (0 done, 400 remaining) ---
[1601/2000] 2026-07-10 18:25:11 | R5 | 2013_0_1/84294 vs 2013_0_1/58633 → CLONE
[1602/2000] 2026-07-10 18:25:14 | R5 | 2013_0_1/84294 vs 2013_0_1/124149 → CLONE
[1603/2000] 2026-07-10 18:25:16 | R5 | 2013_0_1/84294 vs 2013_0_1/88116 → CLONE
[1604/2000] 2026-07-10 18:25:18 | R5 | 2013_0_1/84294 vs 2013_0_1/124226 → CLONE
[1605/2000] 2026-07-10 18:25:21 | R5 | 2013_0_1/58633 vs 2013_0_1/124149 → CLONE
[1606/2000] 2026-07-10 18:25:24 | R5 | 2013_0_1/58633 vs 2013_0_1/88116 → CLONE
[1607/2000] 2026-07-10 18:25:26 | R5 | 2013_0_1/58633 vs 2013_0_1/124226 → CLONE
[1608/2000] 2026-07-10 18:25:29 | R5 | 2013_0_1/124149 vs 2013_0_1/88116 → CLONE
[1609/2000] 2026-07-10 18:25:31 | R5 | 2013_0_1/124149 vs 2013_0_1/124226 → CLONE
[1610/2000] 2026-07-10 18:25:34 | R5 | 2013_0_1/88116 vs 2013_0_1/124226 → CLONE
[1611/2000] 2026-07-10 18:25:38 | R5 | 2013_0_2/95524 vs 2013_0_2/44471 → CLONE
[1612/2000] 2026-07-10 18:25:40 | R5 | 2013_0_2/95524 vs 2013_0_2/55421 → CLONE
[1613/2000] 2026-07-10 18:25:42 | R5 | 2013_0_2/95524 vs 2013_0_2/90919 → CLONE
[1614/2000] 2026-07-10 18:25:44 | R5 | 2013_0_2/95524 vs 2013_0_2/114653 → CLONE
[1615/2000] 2026-07-10 18:25:47 | R5 | 2013_0_2/44471 vs 2013_0_2/55421 → CLONE
[1616/2000] 2026-07-10 18:25:50 | R5 | 2013_0_2/44471 vs 2013_0_2/90919 → CLONE
[1617/2000] 2026-07-10 18:25:52 | R5 | 2013_0_2/44471 vs 2013_0_2/114653 → CLONE
[1618/2000] 2026-07-10 18:25:55 | R5 | 2013_0_2/55421 vs 2013_0_2/90919 → CLONE
[1619/2000] 2026-07-10 18:25:57 | R5 | 2013_0_2/55421 vs 2013_0_2/114653 → CLONE
[1620/2000] 2026-07-10 18:26:00 | R5 | 2013_0_2/90919 vs 2013_0_2/114653 → CLONE
[1621/2000] 2026-07-10 18:26:03 | R5 | 2013_0_3/55548 vs 2013_0_3/94901 → CLONE
[1622/2000] 2026-07-10 18:26:06 | R5 | 2013_0_3/55548 vs 2013_0_3/78294 → CLONE
[1623/2000] 2026-07-10 18:26:08 | R5 | 2013_0_3/55548 vs 2013_0_3/118052 → CLONE
[1624/2000] 2026-07-10 18:26:11 | R5 | 2013_0_3/55548 vs 2013_0_3/83531 → CLONE
[1625/2000] 2026-07-10 18:26:14 | R5 | 2013_0_3/94901 vs 2013_0_3/78294 → CLONE
[1626/2000] 2026-07-10 18:26:16 | R5 | 2013_0_3/94901 vs 2013_0_3/118052 → CLONE
[1627/2000] 2026-07-10 18:26:19 | R5 | 2013_0_3/94901 vs 2013_0_3/83531 → CLONE
[1628/2000] 2026-07-10 18:26:22 | R5 | 2013_0_3/78294 vs 2013_0_3/118052 → CLONE
[1629/2000] 2026-07-10 18:26:24 | R5 | 2013_0_3/78294 vs 2013_0_3/83531 → CLONE
[1630/2000] 2026-07-10 18:26:27 | R5 | 2013_0_3/118052 vs 2013_0_3/83531 → CLONE
[1631/2000] 2026-07-10 18:26:29 | R5 | 2013_1_1/35305 vs 2013_1_1/30788 → CLONE
[1632/2000] 2026-07-10 18:26:32 | R5 | 2013_1_1/35305 vs 2013_1_1/30610 → CLONE
[1633/2000] 2026-07-10 18:26:35 | R5 | 2013_1_1/35305 vs 2013_1_1/30305 → CLONE
[1634/2000] 2026-07-10 18:26:38 | R5 | 2013_1_1/35305 vs 2013_1_1/40715 → CLONE
[1635/2000] 2026-07-10 18:26:41 | R5 | 2013_1_1/30788 vs 2013_1_1/30610 → CLONE
[1636/2000] 2026-07-10 18:26:43 | R5 | 2013_1_1/30788 vs 2013_1_1/30305 → CLONE
[1637/2000] 2026-07-10 18:26:46 | R5 | 2013_1_1/30788 vs 2013_1_1/40715 → CLONE
[1638/2000] 2026-07-10 18:26:49 | R5 | 2013_1_1/30610 vs 2013_1_1/30305 → CLONE
[1639/2000] 2026-07-10 18:26:51 | R5 | 2013_1_1/30610 vs 2013_1_1/40715 → CLONE
[1640/2000] 2026-07-10 18:26:54 | R5 | 2013_1_1/30305 vs 2013_1_1/40715 → CLONE
[1641/2000] 2026-07-10 18:26:57 | R5 | 2014_0_2/107403 vs 2014_0_2/81302 → CLONE
[1642/2000] 2026-07-10 18:26:59 | R5 | 2014_0_2/107403 vs 2014_0_2/27351 → CLONE
[1643/2000] 2026-07-10 18:27:01 | R5 | 2014_0_2/107403 vs 2014_0_2/41018 → CLONE
[1644/2000] 2026-07-10 18:27:03 | R5 | 2014_0_2/107403 vs 2014_0_2/110678 → CLONE
[1645/2000] 2026-07-10 18:27:06 | R5 | 2014_0_2/81302 vs 2014_0_2/27351 → CLONE
[1646/2000] 2026-07-10 18:27:08 | R5 | 2014_0_2/81302 vs 2014_0_2/41018 → CLONE
[1647/2000] 2026-07-10 18:27:09 | R5 | 2014_0_2/81302 vs 2014_0_2/110678 → CLONE
[1648/2000] 2026-07-10 18:27:11 | R5 | 2014_0_2/27351 vs 2014_0_2/41018 → CLONE
[1649/2000] 2026-07-10 18:27:13 | R5 | 2014_0_2/27351 vs 2014_0_2/110678 → CLONE
[1650/2000] 2026-07-10 18:27:16 | R5 | 2014_0_2/41018 vs 2014_0_2/110678 → CLONE
[1651/2000] 2026-07-10 18:27:20 | R5 | 2014_0_3/108079 vs 2014_0_3/27551 → CLONE
[1652/2000] 2026-07-10 18:27:25 | R5 | 2014_0_3/108079 vs 2014_0_3/99421 → CLONE
[1653/2000] 2026-07-10 18:27:30 | R5 | 2014_0_3/108079 vs 2014_0_3/22792 → CLONE
[1654/2000] 2026-07-10 18:27:33 | R5 | 2014_0_3/108079 vs 2014_0_3/71973 → CLONE
[1655/2000] 2026-07-10 18:27:38 | R5 | 2014_0_3/27551 vs 2014_0_3/99421 → CLONE
[1656/2000] 2026-07-10 18:27:44 | R5 | 2014_0_3/27551 vs 2014_0_3/22792 → CLONE
[1657/2000] 2026-07-10 18:27:46 | R5 | 2014_0_3/27551 vs 2014_0_3/71973 → CLONE
[1658/2000] 2026-07-10 18:27:54 | R5 | 2014_0_3/99421 vs 2014_0_3/22792 → CLONE
[1659/2000] 2026-07-10 18:27:56 | R5 | 2014_0_3/99421 vs 2014_0_3/71973 → CLONE
[1660/2000] 2026-07-10 18:28:02 | R5 | 2014_0_3/22792 vs 2014_0_3/71973 → CLONE
[1661/2000] 2026-07-10 18:28:05 | R5 | 2014_2_1/124976 vs 2014_2_1/115332 → CLONE
[1662/2000] 2026-07-10 18:28:08 | R5 | 2014_2_1/124976 vs 2014_2_1/119554 → CLONE
[1663/2000] 2026-07-10 18:28:11 | R5 | 2014_2_1/124976 vs 2014_2_1/126555 → CLONE
[1664/2000] 2026-07-10 18:28:14 | R5 | 2014_2_1/124976 vs 2014_2_1/125050 → CLONE
[1665/2000] 2026-07-10 18:28:17 | R5 | 2014_2_1/115332 vs 2014_2_1/119554 → CLONE
[1666/2000] 2026-07-10 18:28:19 | R5 | 2014_2_1/115332 vs 2014_2_1/126555 → CLONE
[1667/2000] 2026-07-10 18:28:21 | R5 | 2014_2_1/115332 vs 2014_2_1/125050 → CLONE
[1668/2000] 2026-07-10 18:28:25 | R5 | 2014_2_1/119554 vs 2014_2_1/126555 → CLONE
[1669/2000] 2026-07-10 18:28:27 | R5 | 2014_2_1/119554 vs 2014_2_1/125050 → CLONE
[1670/2000] 2026-07-10 18:28:30 | R5 | 2014_2_1/126555 vs 2014_2_1/125050 → CLONE
[1671/2000] 2026-07-10 18:28:34 | R5 | 2014_3_1/141827 vs 2014_3_1/137264 → CLONE
[1672/2000] 2026-07-10 18:28:36 | R5 | 2014_3_1/141827 vs 2014_3_1/138894 → CLONE
[1673/2000] 2026-07-10 18:28:39 | R5 | 2014_3_1/141827 vs 2014_3_1/136615 → CLONE
[1674/2000] 2026-07-10 18:28:41 | R5 | 2014_3_1/141827 vs 2014_3_1/138529 → CLONE
[1675/2000] 2026-07-10 18:28:44 | R5 | 2014_3_1/137264 vs 2014_3_1/138894 → CLONE
[1676/2000] 2026-07-10 18:28:46 | R5 | 2014_3_1/137264 vs 2014_3_1/136615 → CLONE
[1677/2000] 2026-07-10 18:28:48 | R5 | 2014_3_1/137264 vs 2014_3_1/138529 → CLONE
[1678/2000] 2026-07-10 18:28:51 | R5 | 2014_3_1/138894 vs 2014_3_1/136615 → CLONE
[1679/2000] 2026-07-10 18:28:53 | R5 | 2014_3_1/138894 vs 2014_3_1/138529 → CLONE
[1680/2000] 2026-07-10 18:28:55 | R5 | 2014_3_1/136615 vs 2014_3_1/138529 → CLONE
[1681/2000] 2026-07-10 18:28:58 | R5 | 2015_0_1/79967 vs 2015_0_1/35102 → CLONE
[1682/2000] 2026-07-10 18:29:00 | R5 | 2015_0_1/79967 vs 2015_0_1/68106 → CLONE
[1683/2000] 2026-07-10 18:29:02 | R5 | 2015_0_1/79967 vs 2015_0_1/65869 → CLONE
[1684/2000] 2026-07-10 18:29:04 | R5 | 2015_0_1/79967 vs 2015_0_1/46754 → CLONE
[1685/2000] 2026-07-10 18:29:06 | R5 | 2015_0_1/35102 vs 2015_0_1/68106 → CLONE
[1686/2000] 2026-07-10 18:29:09 | R5 | 2015_0_1/35102 vs 2015_0_1/65869 → CLONE
[1687/2000] 2026-07-10 18:29:10 | R5 | 2015_0_1/35102 vs 2015_0_1/46754 → CLONE
[1688/2000] 2026-07-10 18:29:13 | R5 | 2015_0_1/68106 vs 2015_0_1/65869 → CLONE
[1689/2000] 2026-07-10 18:29:15 | R5 | 2015_0_1/68106 vs 2015_0_1/46754 → CLONE
[1690/2000] 2026-07-10 18:29:17 | R5 | 2015_0_1/65869 vs 2015_0_1/46754 → CLONE
[1691/2000] 2026-07-10 18:29:20 | R5 | 2015_0_2/34257 vs 2015_0_2/32722 → CLONE
[1692/2000] 2026-07-10 18:29:22 | R5 | 2015_0_2/34257 vs 2015_0_2/77145 → CLONE
[1693/2000] 2026-07-10 18:29:24 | R5 | 2015_0_2/34257 vs 2015_0_2/72707 → CLONE
[1694/2000] 2026-07-10 18:29:26 | R5 | 2015_0_2/34257 vs 2015_0_2/68668 → CLONE
[1695/2000] 2026-07-10 18:29:28 | R5 | 2015_0_2/32722 vs 2015_0_2/77145 → CLONE
[1696/2000] 2026-07-10 18:29:30 | R5 | 2015_0_2/32722 vs 2015_0_2/72707 → CLONE
[1697/2000] 2026-07-10 18:29:32 | R5 | 2015_0_2/32722 vs 2015_0_2/68668 → CLONE
[1698/2000] 2026-07-10 18:29:34 | R5 | 2015_0_2/77145 vs 2015_0_2/72707 → CLONE
[1699/2000] 2026-07-10 18:29:36 | R5 | 2015_0_2/77145 vs 2015_0_2/68668 → CLONE
[1700/2000] 2026-07-10 18:29:38 | R5 | 2015_0_2/72707 vs 2015_0_2/68668 → CLONE
[1701/2000] 2026-07-10 18:29:42 | R5 | 2015_0_3/74464 vs 2015_0_3/88073 → CLONE
[1702/2000] 2026-07-10 18:29:45 | R5 | 2015_0_3/74464 vs 2015_0_3/21597 → CLONE
[1703/2000] 2026-07-10 18:29:48 | R5 | 2015_0_3/74464 vs 2015_0_3/62582 → CLONE
[1704/2000] 2026-07-10 18:29:50 | R5 | 2015_0_3/74464 vs 2015_0_3/107238 → CLONE
[1705/2000] 2026-07-10 18:29:54 | R5 | 2015_0_3/88073 vs 2015_0_3/21597 → CLONE
[1706/2000] 2026-07-10 18:29:56 | R5 | 2015_0_3/88073 vs 2015_0_3/62582 → CLONE
[1707/2000] 2026-07-10 18:29:59 | R5 | 2015_0_3/88073 vs 2015_0_3/107238 → CLONE
[1708/2000] 2026-07-10 18:30:02 | R5 | 2015_0_3/21597 vs 2015_0_3/62582 → CLONE
[1709/2000] 2026-07-10 18:30:05 | R5 | 2015_0_3/21597 vs 2015_0_3/107238 → CLONE
[1710/2000] 2026-07-10 18:30:08 | R5 | 2015_0_3/62582 vs 2015_0_3/107238 → CLONE
[1711/2000] 2026-07-10 18:30:10 | R5 | 2015_0_4/107149 vs 2015_0_4/96734 → CLONE
[1712/2000] 2026-07-10 18:30:13 | R5 | 2015_0_4/107149 vs 2015_0_4/79014 → CLONE
[1713/2000] 2026-07-10 18:30:15 | R5 | 2015_0_4/107149 vs 2015_0_4/21673 → CLONE
[1714/2000] 2026-07-10 18:30:17 | R5 | 2015_0_4/107149 vs 2015_0_4/77477 → CLONE
[1715/2000] 2026-07-10 18:30:20 | R5 | 2015_0_4/96734 vs 2015_0_4/79014 → CLONE
[1716/2000] 2026-07-10 18:30:22 | R5 | 2015_0_4/96734 vs 2015_0_4/21673 → CLONE
[1717/2000] 2026-07-10 18:30:24 | R5 | 2015_0_4/96734 vs 2015_0_4/77477 → CLONE
[1718/2000] 2026-07-10 18:30:26 | R5 | 2015_0_4/79014 vs 2015_0_4/21673 → CLONE
[1719/2000] 2026-07-10 18:30:29 | R5 | 2015_0_4/79014 vs 2015_0_4/77477 → CLONE
[1720/2000] 2026-07-10 18:30:31 | R5 | 2015_0_4/21673 vs 2015_0_4/77477 → CLONE
[1721/2000] 2026-07-10 18:30:33 | R5 | 2015_1_1/127730 vs 2015_1_1/114491 → CLONE
[1722/2000] 2026-07-10 18:30:36 | R5 | 2015_1_1/127730 vs 2015_1_1/125935 → CLONE
[1723/2000] 2026-07-10 18:30:38 | R5 | 2015_1_1/127730 vs 2015_1_1/124925 → CLONE
[1724/2000] 2026-07-10 18:30:40 | R5 | 2015_1_1/127730 vs 2015_1_1/115055 → CLONE
[1725/2000] 2026-07-10 18:30:43 | R5 | 2015_1_1/114491 vs 2015_1_1/125935 → CLONE
[1726/2000] 2026-07-10 18:30:45 | R5 | 2015_1_1/114491 vs 2015_1_1/124925 → CLONE
[1727/2000] 2026-07-10 18:30:47 | R5 | 2015_1_1/114491 vs 2015_1_1/115055 → CLONE
[1728/2000] 2026-07-10 18:30:50 | R5 | 2015_1_1/125935 vs 2015_1_1/124925 → CLONE
[1729/2000] 2026-07-10 18:30:52 | R5 | 2015_1_1/125935 vs 2015_1_1/115055 → CLONE
[1730/2000] 2026-07-10 18:30:54 | R5 | 2015_1_1/124925 vs 2015_1_1/115055 → CLONE
[1731/2000] 2026-07-10 18:30:57 | R5 | 2016_0_1/60475 vs 2016_0_1/69477 → CLONE
[1732/2000] 2026-07-10 18:30:59 | R5 | 2016_0_1/60475 vs 2016_0_1/123558 → CLONE
[1733/2000] 2026-07-10 18:31:02 | R5 | 2016_0_1/60475 vs 2016_0_1/55901 → CLONE
[1734/2000] 2026-07-10 18:31:04 | R5 | 2016_0_1/60475 vs 2016_0_1/72044 → CLONE
[1735/2000] 2026-07-10 18:31:06 | R5 | 2016_0_1/69477 vs 2016_0_1/123558 → CLONE
[1736/2000] 2026-07-10 18:31:08 | R5 | 2016_0_1/69477 vs 2016_0_1/55901 → CLONE
[1737/2000] 2026-07-10 18:31:11 | R5 | 2016_0_1/69477 vs 2016_0_1/72044 → CLONE
[1738/2000] 2026-07-10 18:31:13 | R5 | 2016_0_1/123558 vs 2016_0_1/55901 → CLONE
[1739/2000] 2026-07-10 18:31:16 | R5 | 2016_0_1/123558 vs 2016_0_1/72044 → CLONE
[1740/2000] 2026-07-10 18:31:18 | R5 | 2016_0_1/55901 vs 2016_0_1/72044 → CLONE
[1741/2000] 2026-07-10 18:31:21 | R5 | 2016_0_2/68074 vs 2016_0_2/150691 → CLONE
[1742/2000] 2026-07-10 18:31:24 | R5 | 2016_0_2/68074 vs 2016_0_2/125812 → CLONE
[1743/2000] 2026-07-10 18:31:26 | R5 | 2016_0_2/68074 vs 2016_0_2/88861 → CLONE
[1744/2000] 2026-07-10 18:31:28 | R5 | 2016_0_2/68074 vs 2016_0_2/162423 → CLONE
[1745/2000] 2026-07-10 18:31:30 | R5 | 2016_0_2/150691 vs 2016_0_2/125812 → CLONE
[1746/2000] 2026-07-10 18:31:32 | R5 | 2016_0_2/150691 vs 2016_0_2/88861 → CLONE
[1747/2000] 2026-07-10 18:31:34 | R5 | 2016_0_2/150691 vs 2016_0_2/162423 → CLONE
[1748/2000] 2026-07-10 18:31:36 | R5 | 2016_0_2/125812 vs 2016_0_2/88861 → CLONE
[1749/2000] 2026-07-10 18:31:38 | R5 | 2016_0_2/125812 vs 2016_0_2/162423 → CLONE
[1750/2000] 2026-07-10 18:31:40 | R5 | 2016_0_2/88861 vs 2016_0_2/162423 → CLONE
[1751/2000] 2026-07-10 18:31:43 | R5 | 2016_0_4/100472 vs 2016_0_4/129913 → CLONE
[1752/2000] 2026-07-10 18:31:46 | R5 | 2016_0_4/100472 vs 2016_0_4/58218 → CLONE
[1753/2000] 2026-07-10 18:31:48 | R5 | 2016_0_4/100472 vs 2016_0_4/63729 → CLONE
[1754/2000] 2026-07-10 18:31:50 | R5 | 2016_0_4/100472 vs 2016_0_4/138317 → CLONE
[1755/2000] 2026-07-10 18:31:53 | R5 | 2016_0_4/129913 vs 2016_0_4/58218 → CLONE
[1756/2000] 2026-07-10 18:31:55 | R5 | 2016_0_4/129913 vs 2016_0_4/63729 → CLONE
[1757/2000] 2026-07-10 18:31:57 | R5 | 2016_0_4/129913 vs 2016_0_4/138317 → CLONE
[1758/2000] 2026-07-10 18:32:00 | R5 | 2016_0_4/58218 vs 2016_0_4/63729 → CLONE
[1759/2000] 2026-07-10 18:32:02 | R5 | 2016_0_4/58218 vs 2016_0_4/138317 → CLONE
[1760/2000] 2026-07-10 18:32:04 | R5 | 2016_0_4/63729 vs 2016_0_4/138317 → CLONE
[1761/2000] 2026-07-10 18:32:08 | R5 | 2016_1_1/1153 vs 2016_1_1/14479 → CLONE
[1762/2000] 2026-07-10 18:32:09 | R5 | 2016_1_1/1153 vs 2016_1_1/8299 → CLONE
[1763/2000] 2026-07-10 18:32:11 | R5 | 2016_1_1/1153 vs 2016_1_1/29796 → CLONE
[1764/2000] 2026-07-10 18:32:13 | R5 | 2016_1_1/1153 vs 2016_1_1/2003 → CLONE
[1765/2000] 2026-07-10 18:32:16 | R5 | 2016_1_1/14479 vs 2016_1_1/8299 → CLONE
[1766/2000] 2026-07-10 18:32:18 | R5 | 2016_1_1/14479 vs 2016_1_1/29796 → CLONE
[1767/2000] 2026-07-10 18:32:20 | R5 | 2016_1_1/14479 vs 2016_1_1/2003 → CLONE
[1768/2000] 2026-07-10 18:32:22 | R5 | 2016_1_1/8299 vs 2016_1_1/29796 → CLONE
[1769/2000] 2026-07-10 18:32:24 | R5 | 2016_1_1/8299 vs 2016_1_1/2003 → CLONE
[1770/2000] 2026-07-10 18:32:26 | R5 | 2016_1_1/29796 vs 2016_1_1/2003 → CLONE
[1771/2000] 2026-07-10 18:32:29 | R5 | 2016_1_2/8152 vs 2016_1_2/31984 → CLONE
[1772/2000] 2026-07-10 18:32:31 | R5 | 2016_1_2/8152 vs 2016_1_2/20611 → CLONE
[1773/2000] 2026-07-10 18:32:37 | R5 | 2016_1_2/8152 vs 2016_1_2/19093 → CLONE
[1774/2000] 2026-07-10 18:32:39 | R5 | 2016_1_2/8152 vs 2016_1_2/30007 → CLONE
[1775/2000] 2026-07-10 18:32:41 | R5 | 2016_1_2/31984 vs 2016_1_2/20611 → CLONE
[1776/2000] 2026-07-10 18:32:46 | R5 | 2016_1_2/31984 vs 2016_1_2/19093 → CLONE
[1777/2000] 2026-07-10 18:32:48 | R5 | 2016_1_2/31984 vs 2016_1_2/30007 → CLONE
[1778/2000] 2026-07-10 18:32:53 | R5 | 2016_1_2/20611 vs 2016_1_2/19093 → CLONE
[1779/2000] 2026-07-10 18:32:55 | R5 | 2016_1_2/20611 vs 2016_1_2/30007 → CLONE
[1780/2000] 2026-07-10 18:33:01 | R5 | 2016_1_2/19093 vs 2016_1_2/30007 → CLONE
[1781/2000] 2026-07-10 18:33:04 | R5 | 2016_2_1/197689 vs 2016_2_1/192495 → CLONE
[1782/2000] 2026-07-10 18:33:07 | R5 | 2016_2_1/197689 vs 2016_2_1/187476 → CLONE
[1783/2000] 2026-07-10 18:33:08 | R5 | 2016_2_1/197689 vs 2016_2_1/193269 → CLONE
[1784/2000] 2026-07-10 18:33:11 | R5 | 2016_2_1/197689 vs 2016_2_1/184367 → CLONE
[1785/2000] 2026-07-10 18:33:14 | R5 | 2016_2_1/192495 vs 2016_2_1/187476 → CLONE
[1786/2000] 2026-07-10 18:33:16 | R5 | 2016_2_1/192495 vs 2016_2_1/193269 → CLONE
[1787/2000] 2026-07-10 18:33:18 | R5 | 2016_2_1/192495 vs 2016_2_1/184367 → CLONE
[1788/2000] 2026-07-10 18:33:21 | R5 | 2016_2_1/187476 vs 2016_2_1/193269 → CLONE
[1789/2000] 2026-07-10 18:33:24 | R5 | 2016_2_1/187476 vs 2016_2_1/184367 → CLONE
[1790/2000] 2026-07-10 18:33:27 | R5 | 2016_2_1/193269 vs 2016_2_1/184367 → CLONE
[1791/2000] 2026-07-10 18:33:29 | R5 | 2016_3_1/205670 vs 2016_3_1/211583 → CLONE
[1792/2000] 2026-07-10 18:33:31 | R5 | 2016_3_1/205670 vs 2016_3_1/210871 → CLONE
[1793/2000] 2026-07-10 18:33:34 | R5 | 2016_3_1/205670 vs 2016_3_1/218815 → CLONE
[1794/2000] 2026-07-10 18:33:36 | R5 | 2016_3_1/205670 vs 2016_3_1/207727 → CLONE
[1795/2000] 2026-07-10 18:33:39 | R5 | 2016_3_1/211583 vs 2016_3_1/210871 → CLONE
[1796/2000] 2026-07-10 18:33:41 | R5 | 2016_3_1/211583 vs 2016_3_1/218815 → CLONE
[1797/2000] 2026-07-10 18:33:43 | R5 | 2016_3_1/211583 vs 2016_3_1/207727 → CLONE
[1798/2000] 2026-07-10 18:33:46 | R5 | 2016_3_1/210871 vs 2016_3_1/218815 → CLONE
[1799/2000] 2026-07-10 18:33:48 | R5 | 2016_3_1/210871 vs 2016_3_1/207727 → CLONE
[1800/2000] 2026-07-10 18:33:50 | R5 | 2016_3_1/218815 vs 2016_3_1/207727 → CLONE
[1801/2000] 2026-07-10 18:33:53 | R5 | 2013_0_1/84294 vs 2016_3_1/218815 → NON-CLONE
[1802/2000] 2026-07-10 18:33:55 | R5 | 2013_0_1/84294 vs 2015_1_1/124925 → NON-CLONE
[1803/2000] 2026-07-10 18:33:57 | R5 | 2013_0_1/84294 vs 2016_0_2/88861 → NON-CLONE
[1804/2000] 2026-07-10 18:33:59 | R5 | 2013_0_1/84294 vs 2014_0_2/107403 → NON-CLONE
[1805/2000] 2026-07-10 18:34:02 | R5 | 2013_0_1/58633 vs 2015_0_3/62582 → NON-CLONE
[1806/2000] 2026-07-10 18:34:04 | R5 | 2013_0_1/58633 vs 2013_1_1/35305 → NON-CLONE
[1807/2000] 2026-07-10 18:34:07 | R5 | 2013_0_1/58633 vs 2016_0_4/100472 → NON-CLONE
[1808/2000] 2026-07-10 18:34:09 | R5 | 2013_0_1/124149 vs 2015_0_1/68106 → NON-CLONE
[1809/2000] 2026-07-10 18:34:11 | R5 | 2013_0_1/124149 vs 2016_1_2/8152 → NON-CLONE
[1810/2000] 2026-07-10 18:34:14 | R5 | 2013_0_1/88116 vs 2016_1_1/2003 → NON-CLONE
[1811/2000] 2026-07-10 18:34:17 | R5 | 2013_0_2/95524 vs 2015_0_3/88073 → NON-CLONE
[1812/2000] 2026-07-10 18:34:19 | R5 | 2013_0_2/95524 vs 2016_0_4/63729 → NON-CLONE
[1813/2000] 2026-07-10 18:34:22 | R5 | 2013_0_2/95524 vs 2014_0_3/71973 → NON-CLONE
[1814/2000] 2026-07-10 18:34:24 | R5 | 2013_0_2/95524 vs 2016_3_1/205670 → NON-CLONE
[1815/2000] 2026-07-10 18:34:26 | R5 | 2013_0_2/44471 vs 2013_0_3/118052 → NON-CLONE
[1816/2000] 2026-07-10 18:34:29 | R5 | 2013_0_2/44471 vs 2013_0_3/55548 → NON-CLONE
[1817/2000] 2026-07-10 18:34:31 | R5 | 2013_0_2/44471 vs 2016_1_2/30007 → NON-CLONE
[1818/2000] 2026-07-10 18:34:34 | R5 | 2013_0_2/55421 vs 2014_2_1/125050 → NON-CLONE
[1819/2000] 2026-07-10 18:34:36 | R5 | 2013_0_2/55421 vs 2015_0_1/68106 → NON-CLONE
[1820/2000] 2026-07-10 18:34:38 | R5 | 2013_0_2/90919 vs 2013_1_1/35305 → NON-CLONE
[1821/2000] 2026-07-10 18:34:41 | R5 | 2013_0_3/55548 vs 2014_2_1/125050 → NON-CLONE
[1822/2000] 2026-07-10 18:34:44 | R5 | 2013_0_3/55548 vs 2013_1_1/30610 → NON-CLONE
[1823/2000] 2026-07-10 18:34:46 | R5 | 2013_0_3/55548 vs 2015_0_3/62582 → NON-CLONE
[1824/2000] 2026-07-10 18:34:48 | R5 | 2013_0_3/55548 vs 2015_0_1/79967 → NON-CLONE
[1825/2000] 2026-07-10 18:34:50 | R5 | 2013_0_3/94901 vs 2015_1_1/124925 → NON-CLONE
[1826/2000] 2026-07-10 18:34:52 | R5 | 2013_0_3/94901 vs 2016_1_2/31984 → NON-CLONE
[1827/2000] 2026-07-10 18:34:55 | R5 | 2013_0_3/94901 vs 2015_0_3/88073 → NON-CLONE
[1828/2000] 2026-07-10 18:34:58 | R5 | 2013_0_3/78294 vs 2014_0_3/108079 → NON-CLONE
[1829/2000] 2026-07-10 18:35:01 | R5 | 2013_0_3/78294 vs 2015_0_3/21597 → NON-CLONE
[1830/2000] 2026-07-10 18:35:04 | R5 | 2013_0_3/118052 vs 2015_0_3/74464 → NON-CLONE
[1831/2000] 2026-07-10 18:35:07 | R5 | 2013_1_1/35305 vs 2014_2_1/115332 → NON-CLONE
[1832/2000] 2026-07-10 18:35:09 | R5 | 2013_1_1/35305 vs 2016_2_1/197689 → NON-CLONE
[1833/2000] 2026-07-10 18:35:12 | R5 | 2013_1_1/35305 vs 2014_3_1/138529 → NON-CLONE
[1834/2000] 2026-07-10 18:35:14 | R5 | 2013_1_1/35305 vs 2016_2_1/184367 → NON-CLONE
[1835/2000] 2026-07-10 18:35:17 | R5 | 2013_1_1/30788 vs 2016_2_1/187476 → NON-CLONE
[1836/2000] 2026-07-10 18:35:19 | R5 | 2013_1_1/30788 vs 2016_1_2/20611 → NON-CLONE
[1837/2000] 2026-07-10 18:35:21 | R5 | 2013_1_1/30788 vs 2013_0_2/114653 → NON-CLONE
[1838/2000] 2026-07-10 18:35:24 | R5 | 2013_1_1/30610 vs 2016_1_1/8299 → NON-CLONE
[1839/2000] 2026-07-10 18:35:26 | R5 | 2013_1_1/30610 vs 2016_1_2/31984 → NON-CLONE
[1840/2000] 2026-07-10 18:35:29 | R5 | 2013_1_1/30305 vs 2014_0_3/27551 → NON-CLONE
[1841/2000] 2026-07-10 18:35:31 | R5 | 2014_0_2/107403 vs 2016_0_2/88861 → NON-CLONE
[1842/2000] 2026-07-10 18:35:33 | R5 | 2014_0_2/107403 vs 2016_3_1/218815 → NON-CLONE
[1843/2000] 2026-07-10 18:35:36 | R5 | 2014_0_2/107403 vs 2014_3_1/137264 → NON-CLONE
[1844/2000] 2026-07-10 18:35:39 | R5 | 2014_0_2/107403 vs 2014_0_3/108079 → NON-CLONE
[1845/2000] 2026-07-10 18:35:41 | R5 | 2014_0_2/81302 vs 2015_1_1/115055 → NON-CLONE
[1846/2000] 2026-07-10 18:35:44 | R5 | 2014_0_2/81302 vs 2015_0_3/62582 → NON-CLONE
[1847/2000] 2026-07-10 18:35:46 | R5 | 2014_0_2/81302 vs 2014_3_1/138529 → NON-CLONE
[1848/2000] 2026-07-10 18:35:48 | R5 | 2014_0_2/27351 vs 2016_1_2/31984 → NON-CLONE
[1849/2000] 2026-07-10 18:35:50 | R5 | 2014_0_2/27351 vs 2016_2_1/193269 → NON-CLONE
[1850/2000] 2026-07-10 18:35:52 | R5 | 2014_0_2/41018 vs 2016_0_4/129913 → NON-CLONE
[1851/2000] 2026-07-10 18:35:56 | R5 | 2014_0_3/108079 vs 2014_2_1/126555 → NON-CLONE
[1852/2000] 2026-07-10 18:35:58 | R5 | 2014_0_3/108079 vs 2016_2_1/187476 → NON-CLONE
[1853/2000] 2026-07-10 18:36:00 | R5 | 2014_0_3/108079 vs 2015_0_2/32722 → NON-CLONE
[1854/2000] 2026-07-10 18:36:03 | R5 | 2014_0_3/108079 vs 2013_0_2/55421 → NON-CLONE
[1855/2000] 2026-07-10 18:36:06 | R5 | 2014_0_3/27551 vs 2014_2_1/125050 → NON-CLONE
[1856/2000] 2026-07-10 18:36:08 | R5 | 2014_0_3/27551 vs 2013_0_1/124226 → NON-CLONE
[1857/2000] 2026-07-10 18:36:10 | R5 | 2014_0_3/27551 vs 2015_0_2/34257 → NON-CLONE
[1858/2000] 2026-07-10 18:36:15 | R5 | 2014_0_3/99421 vs 2015_0_4/96734 → NON-CLONE
[1859/2000] 2026-07-10 18:36:17 | R5 | 2014_0_3/99421 vs 2014_3_1/138529 → NON-CLONE
[1860/2000] 2026-07-10 18:36:23 | R5 | 2014_0_3/22792 vs 2013_0_2/90919 → NON-CLONE
[1861/2000] 2026-07-10 18:36:28 | R5 | 2014_2_1/124976 vs 2014_0_3/99421 → NON-CLONE
[1862/2000] 2026-07-10 18:36:30 | R5 | 2014_2_1/124976 vs 2016_0_4/58218 → NON-CLONE
[1863/2000] 2026-07-10 18:36:32 | R5 | 2014_2_1/124976 vs 2016_3_1/211583 → NON-CLONE
[1864/2000] 2026-07-10 18:36:34 | R5 | 2014_2_1/124976 vs 2015_0_2/34257 → NON-CLONE
[1865/2000] 2026-07-10 18:36:38 | R5 | 2014_2_1/115332 vs 2014_0_3/99421 → NON-CLONE
[1866/2000] 2026-07-10 18:36:43 | R5 | 2014_2_1/115332 vs 2016_1_2/19093 → NON-CLONE
[1867/2000] 2026-07-10 18:36:46 | R5 | 2014_2_1/115332 vs 2016_0_1/55901 → NON-CLONE
[1868/2000] 2026-07-10 18:36:49 | R5 | 2014_2_1/119554 vs 2015_0_4/107149 → NON-CLONE
[1869/2000] 2026-07-10 18:36:51 | R5 | 2014_2_1/119554 vs 2016_1_2/20611 → NON-CLONE
[1870/2000] 2026-07-10 18:36:53 | R5 | 2014_2_1/126555 vs 2015_1_1/124925 → NON-CLONE
[1871/2000] 2026-07-10 18:36:57 | R5 | 2014_3_1/141827 vs 2013_1_1/30305 → NON-CLONE
[1872/2000] 2026-07-10 18:37:00 | R5 | 2014_3_1/141827 vs 2014_2_1/126555 → NON-CLONE
[1873/2000] 2026-07-10 18:37:02 | R5 | 2014_3_1/141827 vs 2013_1_1/30610 → NON-CLONE
[1874/2000] 2026-07-10 18:37:04 | R5 | 2014_3_1/141827 vs 2014_2_1/115332 → NON-CLONE
[1875/2000] 2026-07-10 18:37:07 | R5 | 2014_3_1/137264 vs 2016_0_4/129913 → NON-CLONE
[1876/2000] 2026-07-10 18:37:09 | R5 | 2014_3_1/137264 vs 2016_0_2/88861 → NON-CLONE
[1877/2000] 2026-07-10 18:37:11 | R5 | 2014_3_1/137264 vs 2014_2_1/126555 → NON-CLONE
[1878/2000] 2026-07-10 18:37:14 | R5 | 2014_3_1/138894 vs 2016_0_4/138317 → NON-CLONE
[1879/2000] 2026-07-10 18:37:16 | R5 | 2014_3_1/138894 vs 2015_0_4/77477 → NON-CLONE
[1880/2000] 2026-07-10 18:37:18 | R5 | 2014_3_1/136615 vs 2016_0_4/138317 → NON-CLONE
[1881/2000] 2026-07-10 18:37:21 | R5 | 2015_0_1/79967 vs 2015_0_4/96734 → NON-CLONE
[1882/2000] 2026-07-10 18:37:24 | R5 | 2015_0_1/79967 vs 2015_0_3/88073 → NON-CLONE
[1883/2000] 2026-07-10 18:37:30 | R5 | 2015_0_1/79967 vs 2014_0_3/22792 → NON-CLONE
[1884/2000] 2026-07-10 18:37:32 | R5 | 2015_0_1/79967 vs 2013_1_1/30610 → NON-CLONE
[1885/2000] 2026-07-10 18:37:34 | R5 | 2015_0_1/35102 vs 2016_0_2/68074 → NON-CLONE
[1886/2000] 2026-07-10 18:37:37 | R5 | 2015_0_1/35102 vs 2016_0_1/55901 → NON-CLONE
[1887/2000] 2026-07-10 18:37:39 | R5 | 2015_0_1/35102 vs 2013_0_3/94901 → NON-CLONE
[1888/2000] 2026-07-10 18:37:42 | R5 | 2015_0_1/68106 vs 2013_0_2/44471 → NON-CLONE
[1889/2000] 2026-07-10 18:37:44 | R5 | 2015_0_1/68106 vs 2013_0_3/83531 → NON-CLONE
[1890/2000] 2026-07-10 18:37:47 | R5 | 2015_0_1/65869 vs 2013_1_1/40715 → NON-CLONE
[1891/2000] 2026-07-10 18:37:49 | R5 | 2015_0_2/34257 vs 2016_1_2/8152 → NON-CLONE
[1892/2000] 2026-07-10 18:37:51 | R5 | 2015_0_2/34257 vs 2014_0_2/107403 → NON-CLONE
[1893/2000] 2026-07-10 18:37:53 | R5 | 2015_0_2/34257 vs 2016_2_1/187476 → NON-CLONE
[1894/2000] 2026-07-10 18:37:55 | R5 | 2015_0_2/34257 vs 2015_0_4/77477 → NON-CLONE
[1895/2000] 2026-07-10 18:37:58 | R5 | 2015_0_2/32722 vs 2016_1_1/14479 → NON-CLONE
[1896/2000] 2026-07-10 18:38:00 | R5 | 2015_0_2/32722 vs 2013_0_2/90919 → NON-CLONE
[1897/2000] 2026-07-10 18:38:03 | R5 | 2015_0_2/32722 vs 2015_0_3/107238 → NON-CLONE
[1898/2000] 2026-07-10 18:38:06 | R5 | 2015_0_2/77145 vs 2015_0_3/62582 → NON-CLONE
[1899/2000] 2026-07-10 18:38:08 | R5 | 2015_0_2/77145 vs 2016_1_1/14479 → NON-CLONE
[1900/2000] 2026-07-10 18:38:10 | R5 | 2015_0_2/72707 vs 2015_1_1/115055 → NON-CLONE
[1901/2000] 2026-07-10 18:38:13 | R5 | 2015_0_3/74464 vs 2016_0_2/125812 → NON-CLONE
[1902/2000] 2026-07-10 18:38:16 | R5 | 2015_0_3/74464 vs 2014_2_1/119554 → NON-CLONE
[1903/2000] 2026-07-10 18:38:18 | R5 | 2015_0_3/74464 vs 2016_0_4/100472 → NON-CLONE
[1904/2000] 2026-07-10 18:38:20 | R5 | 2015_0_3/74464 vs 2013_0_1/58633 → NON-CLONE
[1905/2000] 2026-07-10 18:38:23 | R5 | 2015_0_3/88073 vs 2016_2_1/187476 → NON-CLONE
[1906/2000] 2026-07-10 18:38:25 | R5 | 2015_0_3/88073 vs 2016_3_1/210871 → NON-CLONE
[1907/2000] 2026-07-10 18:38:28 | R5 | 2015_0_3/88073 vs 2013_0_3/83531 → NON-CLONE
[1908/2000] 2026-07-10 18:38:31 | R5 | 2015_0_3/21597 vs 2016_2_1/187476 → NON-CLONE
[1909/2000] 2026-07-10 18:38:33 | R5 | 2015_0_3/21597 vs 2016_0_2/88861 → NON-CLONE
[1910/2000] 2026-07-10 18:38:36 | R5 | 2015_0_3/62582 vs 2014_2_1/125050 → NON-CLONE
[1911/2000] 2026-07-10 18:38:38 | R5 | 2015_0_4/107149 vs 2016_1_2/20611 → NON-CLONE
[1912/2000] 2026-07-10 18:38:40 | R5 | 2015_0_4/107149 vs 2015_0_1/65869 → NON-CLONE
[1913/2000] 2026-07-10 18:38:43 | R5 | 2015_0_4/107149 vs 2013_0_3/83531 → NON-CLONE
[1914/2000] 2026-07-10 18:38:45 | R5 | 2015_0_4/107149 vs 2014_3_1/138894 → NON-CLONE
[1915/2000] 2026-07-10 18:38:48 | R5 | 2015_0_4/96734 vs 2015_1_1/127730 → NON-CLONE
[1916/2000] 2026-07-10 18:38:49 | R5 | 2015_0_4/96734 vs 2014_0_2/107403 → NON-CLONE
[1917/2000] 2026-07-10 18:38:51 | R5 | 2015_0_4/96734 vs 2015_1_1/124925 → NON-CLONE
[1918/2000] 2026-07-10 18:38:54 | R5 | 2015_0_4/79014 vs 2013_0_1/84294 → NON-CLONE
[1919/2000] 2026-07-10 18:38:56 | R5 | 2015_0_4/79014 vs 2016_3_1/210871 → NON-CLONE
[1920/2000] 2026-07-10 18:38:59 | R5 | 2015_0_4/21673 vs 2016_3_1/210871 → NON-CLONE
[1921/2000] 2026-07-10 18:39:01 | R5 | 2015_1_1/127730 vs 2014_2_1/126555 → NON-CLONE
[1922/2000] 2026-07-10 18:39:04 | R5 | 2015_1_1/127730 vs 2016_0_1/72044 → NON-CLONE
[1923/2000] 2026-07-10 18:39:06 | R5 | 2015_1_1/127730 vs 2014_0_2/27351 → NON-CLONE
[1924/2000] 2026-07-10 18:39:08 | R5 | 2015_1_1/127730 vs 2016_0_1/72044 → NON-CLONE
[1925/2000] 2026-07-10 18:39:10 | R5 | 2015_1_1/114491 vs 2013_0_3/118052 → NON-CLONE
[1926/2000] 2026-07-10 18:39:12 | R5 | 2015_1_1/114491 vs 2016_1_2/8152 → NON-CLONE
[1927/2000] 2026-07-10 18:39:14 | R5 | 2015_1_1/114491 vs 2014_3_1/136615 → NON-CLONE
[1928/2000] 2026-07-10 18:39:17 | R5 | 2015_1_1/125935 vs 2016_1_2/31984 → NON-CLONE
[1929/2000] 2026-07-10 18:39:19 | R5 | 2015_1_1/125935 vs 2016_0_1/72044 → NON-CLONE
[1930/2000] 2026-07-10 18:39:21 | R5 | 2015_1_1/124925 vs 2016_1_1/8299 → NON-CLONE
[1931/2000] 2026-07-10 18:39:24 | R5 | 2016_0_1/60475 vs 2014_0_3/108079 → NON-CLONE
[1932/2000] 2026-07-10 18:39:26 | R5 | 2016_0_1/60475 vs 2013_1_1/40715 → NON-CLONE
[1933/2000] 2026-07-10 18:39:28 | R5 | 2016_0_1/60475 vs 2015_0_2/77145 → NON-CLONE
[1934/2000] 2026-07-10 18:39:30 | R5 | 2016_0_1/60475 vs 2014_0_2/107403 → NON-CLONE
[1935/2000] 2026-07-10 18:39:33 | R5 | 2016_0_1/69477 vs 2016_0_2/162423 → NON-CLONE
[1936/2000] 2026-07-10 18:39:35 | R5 | 2016_0_1/69477 vs 2016_0_2/125812 → NON-CLONE
[1937/2000] 2026-07-10 18:39:37 | R5 | 2016_0_1/69477 vs 2013_0_1/84294 → NON-CLONE
[1938/2000] 2026-07-10 18:39:40 | R5 | 2016_0_1/123558 vs 2016_1_1/14479 → NON-CLONE
[1939/2000] 2026-07-10 18:39:42 | R5 | 2016_0_1/123558 vs 2015_0_1/35102 → NON-CLONE
[1940/2000] 2026-07-10 18:39:45 | R5 | 2016_0_1/55901 vs 2015_1_1/125935 → NON-CLONE
[1941/2000] 2026-07-10 18:39:47 | R5 | 2016_0_2/68074 vs 2013_0_1/124149 → NON-CLONE
[1942/2000] 2026-07-10 18:39:50 | R5 | 2016_0_2/68074 vs 2013_0_3/83531 → NON-CLONE
[1943/2000] 2026-07-10 18:39:52 | R5 | 2016_0_2/68074 vs 2015_0_2/32722 → NON-CLONE
[1944/2000] 2026-07-10 18:39:54 | R5 | 2016_0_2/68074 vs 2014_3_1/138529 → NON-CLONE
[1945/2000] 2026-07-10 18:39:57 | R5 | 2016_0_2/150691 vs 2014_2_1/124976 → NON-CLONE
[1946/2000] 2026-07-10 18:39:59 | R5 | 2016_0_2/150691 vs 2013_0_2/55421 → NON-CLONE
[1947/2000] 2026-07-10 18:40:02 | R5 | 2016_0_2/150691 vs 2014_2_1/124976 → NON-CLONE
[1948/2000] 2026-07-10 18:40:04 | R5 | 2016_0_2/125812 vs 2016_0_4/58218 → NON-CLONE
[1949/2000] 2026-07-10 18:40:07 | R5 | 2016_0_2/125812 vs 2013_0_3/55548 → NON-CLONE
[1950/2000] 2026-07-10 18:40:10 | R5 | 2016_0_2/88861 vs 2013_0_3/55548 → NON-CLONE
[1951/2000] 2026-07-10 18:40:12 | R5 | 2016_0_4/100472 vs 2016_3_1/218815 → NON-CLONE
[1952/2000] 2026-07-10 18:40:15 | R5 | 2016_0_4/100472 vs 2015_1_1/125935 → NON-CLONE
[1953/2000] 2026-07-10 18:40:17 | R5 | 2016_0_4/100472 vs 2013_0_2/90919 → NON-CLONE
[1954/2000] 2026-07-10 18:40:20 | R5 | 2016_0_4/100472 vs 2016_0_1/55901 → NON-CLONE
[1955/2000] 2026-07-10 18:40:22 | R5 | 2016_0_4/129913 vs 2013_1_1/30788 → NON-CLONE
[1956/2000] 2026-07-10 18:40:23 | R5 | 2016_0_4/129913 vs 2013_1_1/30788 → NON-CLONE
[1957/2000] 2026-07-10 18:40:26 | R5 | 2016_0_4/129913 vs 2016_1_2/30007 → NON-CLONE
[1958/2000] 2026-07-10 18:40:28 | R5 | 2016_0_4/58218 vs 2015_1_1/127730 → NON-CLONE
[1959/2000] 2026-07-10 18:40:30 | R5 | 2016_0_4/58218 vs 2016_0_2/68074 → NON-CLONE
[1960/2000] 2026-07-10 18:40:33 | R5 | 2016_0_4/63729 vs 2014_0_2/81302 → NON-CLONE
[1961/2000] 2026-07-10 18:40:36 | R5 | 2016_1_1/1153 vs 2014_2_1/126555 → NON-CLONE
[1962/2000] 2026-07-10 18:40:38 | R5 | 2016_1_1/1153 vs 2016_0_1/123558 → NON-CLONE
[1963/2000] 2026-07-10 18:40:40 | R5 | 2016_1_1/1153 vs 2016_0_4/58218 → NON-CLONE
[1964/2000] 2026-07-10 18:40:42 | R5 | 2016_1_1/1153 vs 2015_0_3/107238 → NON-CLONE
[1965/2000] 2026-07-10 18:40:47 | R5 | 2016_1_1/14479 vs 2014_0_3/99421 → NON-CLONE
[1966/2000] 2026-07-10 18:40:49 | R5 | 2016_1_1/14479 vs 2016_0_1/72044 → NON-CLONE
[1967/2000] 2026-07-10 18:40:51 | R5 | 2016_1_1/14479 vs 2016_3_1/218815 → NON-CLONE
[1968/2000] 2026-07-10 18:40:54 | R5 | 2016_1_1/8299 vs 2016_2_1/193269 → NON-CLONE
[1969/2000] 2026-07-10 18:40:56 | R5 | 2016_1_1/8299 vs 2014_0_3/108079 → NON-CLONE
[1970/2000] 2026-07-10 18:40:59 | R5 | 2016_1_1/29796 vs 2016_3_1/211583 → NON-CLONE
[1971/2000] 2026-07-10 18:41:01 | R5 | 2016_1_2/8152 vs 2014_3_1/138529 → NON-CLONE
[1972/2000] 2026-07-10 18:41:03 | R5 | 2016_1_2/8152 vs 2015_0_3/88073 → NON-CLONE
[1973/2000] 2026-07-10 18:41:06 | R5 | 2016_1_2/8152 vs 2016_2_1/197689 → NON-CLONE
[1974/2000] 2026-07-10 18:41:08 | R5 | 2016_1_2/8152 vs 2016_1_1/29796 → NON-CLONE
[1975/2000] 2026-07-10 18:41:10 | R5 | 2016_1_2/31984 vs 2015_0_2/77145 → NON-CLONE
[1976/2000] 2026-07-10 18:41:12 | R5 | 2016_1_2/31984 vs 2015_0_4/96734 → NON-CLONE
[1977/2000] 2026-07-10 18:41:13 | R5 | 2016_1_2/31984 vs 2016_0_1/69477 → NON-CLONE
[1978/2000] 2026-07-10 18:41:16 | R5 | 2016_1_2/20611 vs 2015_0_4/79014 → NON-CLONE
[1979/2000] 2026-07-10 18:41:18 | R5 | 2016_1_2/20611 vs 2013_1_1/35305 → NON-CLONE
[1980/2000] 2026-07-10 18:41:23 | R5 | 2016_1_2/19093 vs 2014_2_1/115332 → NON-CLONE
[1981/2000] 2026-07-10 18:41:30 | R5 | 2016_2_1/197689 vs 2014_0_3/22792 → NON-CLONE
[1982/2000] 2026-07-10 18:41:32 | R5 | 2016_2_1/197689 vs 2013_0_2/90919 → NON-CLONE
[1983/2000] 2026-07-10 18:41:34 | R5 | 2016_2_1/197689 vs 2015_0_1/65869 → NON-CLONE
[1984/2000] 2026-07-10 18:41:36 | R5 | 2016_2_1/197689 vs 2013_0_1/124149 → NON-CLONE
[1985/2000] 2026-07-10 18:41:39 | R5 | 2016_2_1/192495 vs 2016_0_4/100472 → NON-CLONE
[1986/2000] 2026-07-10 18:41:41 | R5 | 2016_2_1/192495 vs 2016_0_2/68074 → NON-CLONE
[1987/2000] 2026-07-10 18:41:43 | R5 | 2016_2_1/192495 vs 2014_0_3/71973 → NON-CLONE
[1988/2000] 2026-07-10 18:41:46 | R5 | 2016_2_1/187476 vs 2016_0_4/100472 → NON-CLONE
[1989/2000] 2026-07-10 18:41:52 | R5 | 2016_2_1/187476 vs 2014_0_3/22792 → NON-CLONE
[1990/2000] 2026-07-10 18:41:54 | R5 | 2016_2_1/193269 vs 2013_0_1/84294 → NON-CLONE
[1991/2000] 2026-07-10 18:41:57 | R5 | 2016_3_1/205670 vs 2013_0_2/114653 → NON-CLONE
[1992/2000] 2026-07-10 18:42:00 | R5 | 2016_3_1/205670 vs 2016_2_1/197689 → NON-CLONE
[1993/2000] 2026-07-10 18:42:02 | R5 | 2016_3_1/205670 vs 2016_1_1/1153 → NON-CLONE
[1994/2000] 2026-07-10 18:42:04 | R5 | 2016_3_1/205670 vs 2013_0_2/55421 → NON-CLONE
[1995/2000] 2026-07-10 18:42:07 | R5 | 2016_3_1/211583 vs 2014_0_3/71973 → NON-CLONE
[1996/2000] 2026-07-10 18:42:09 | R5 | 2016_3_1/211583 vs 2013_0_2/90919 → NON-CLONE
[1997/2000] 2026-07-10 18:42:11 | R5 | 2016_3_1/211583 vs 2013_0_1/124226 → NON-CLONE
[1998/2000] 2026-07-10 18:42:14 | R5 | 2016_3_1/210871 vs 2015_0_1/68106 → NON-CLONE
[1999/2000] 2026-07-10 18:42:16 | R5 | 2016_3_1/210871 vs 2013_0_2/114653 → NON-CLONE
[2000/2000] 2026-07-10 18:42:18 | R5 | 2016_3_1/218815 vs 2016_0_1/60475 → NON-CLONE
Round 5 done → results_gcj_java/Llama-4-Scout-17B-16E-Instruct/results_gguf_llama4_scout_Q2_K_round5.csv
All 5 round(s) complete. Files: results_gcj_java/Llama-4-Scout-17B-16E-Instruct/results_gguf_llama4_scout_Q2_K_round1.csv, results_gcj_java/Llama-4-Scout-17B-16E-Instruct/results_gguf_llama4_scout_Q2_K_round2.csv, results_gcj_java/Llama-4-Scout-17B-16E-Instruct/results_gguf_llama4_scout_Q2_K_round3.csv, results_gcj_java/Llama-4-Scout-17B-16E-Instruct/results_gguf_llama4_scout_Q2_K_round4.csv, results_gcj_java/Llama-4-Scout-17B-16E-Instruct/results_gguf_llama4_scout_Q2_K_round5.csv
