Loaded 400 pairs from gcj_java_clones/pairs.csv × 5 round(s) = 2000 total (0 already done, 2000 remaining)
`torch_dtype` is deprecated! Use `dtype` instead!
Fetching 4 files:   0%|          | 0/4 [00:00<?, ?it/s]Fetching 4 files:  25%|██▌       | 1/4 [02:49<08:28, 169.43s/it]Fetching 4 files: 100%|██████████| 4/4 [02:49<00:00, 42.36s/it] 
Loading checkpoint shards:   0%|          | 0/4 [00:00<?, ?it/s]Loading checkpoint shards:  25%|██▌       | 1/4 [00:02<00:08,  2.85s/it]Loading checkpoint shards:  50%|█████     | 2/4 [00:05<00:05,  2.67s/it]Loading checkpoint shards:  75%|███████▌  | 3/4 [00:07<00:02,  2.61s/it]Loading checkpoint shards: 100%|██████████| 4/4 [00:08<00:00,  1.80s/it]Loading checkpoint shards: 100%|██████████| 4/4 [00:08<00:00,  2.12s/it]
Model 'original' loaded. Starting inference...
--- Round 1/5 (0 done, 400 remaining) ---
[1/2000] 2026-08-03 18:02:54 | R1 | 2013_0_1/84294 vs 2013_0_1/58633 → CLONE
[2/2000] 2026-08-03 18:03:01 | R1 | 2013_0_1/84294 vs 2013_0_1/124149 → CLONE
[3/2000] 2026-08-03 18:03:08 | R1 | 2013_0_1/84294 vs 2013_0_1/88116 → CLONE
[4/2000] 2026-08-03 18:03:15 | R1 | 2013_0_1/84294 vs 2013_0_1/124226 → CLONE
[5/2000] 2026-08-03 18:03:25 | R1 | 2013_0_1/58633 vs 2013_0_1/124149 → CLONE
[6/2000] 2026-08-03 18:03:35 | R1 | 2013_0_1/58633 vs 2013_0_1/88116 → CLONE
[7/2000] 2026-08-03 18:03:44 | R1 | 2013_0_1/58633 vs 2013_0_1/124226 → CLONE
[8/2000] 2026-08-03 18:03:53 | R1 | 2013_0_1/124149 vs 2013_0_1/88116 → CLONE
[9/2000] 2026-08-03 18:04:02 | R1 | 2013_0_1/124149 vs 2013_0_1/124226 → CLONE
[10/2000] 2026-08-03 18:04:10 | R1 | 2013_0_1/88116 vs 2013_0_1/124226 → CLONE
[11/2000] 2026-08-03 18:04:17 | R1 | 2013_0_2/95524 vs 2013_0_2/44471 → CLONE
[12/2000] 2026-08-03 18:04:25 | R1 | 2013_0_2/95524 vs 2013_0_2/55421 → CLONE
[13/2000] 2026-08-03 18:04:33 | R1 | 2013_0_2/95524 vs 2013_0_2/90919 → CLONE
[14/2000] 2026-08-03 18:04:40 | R1 | 2013_0_2/95524 vs 2013_0_2/114653 → CLONE
[15/2000] 2026-08-03 18:04:50 | R1 | 2013_0_2/44471 vs 2013_0_2/55421 → CLONE
[16/2000] 2026-08-03 18:04:56 | R1 | 2013_0_2/44471 vs 2013_0_2/90919 → CLONE
[17/2000] 2026-08-03 18:05:04 | R1 | 2013_0_2/44471 vs 2013_0_2/114653 → CLONE
[18/2000] 2026-08-03 18:05:12 | R1 | 2013_0_2/55421 vs 2013_0_2/90919 → CLONE
[19/2000] 2026-08-03 18:05:19 | R1 | 2013_0_2/55421 vs 2013_0_2/114653 → CLONE
[20/2000] 2026-08-03 18:05:26 | R1 | 2013_0_2/90919 vs 2013_0_2/114653 → CLONE
[21/2000] 2026-08-03 18:05:35 | R1 | 2013_0_3/55548 vs 2013_0_3/94901 → CLONE
[22/2000] 2026-08-03 18:05:47 | R1 | 2013_0_3/55548 vs 2013_0_3/78294 → CLONE
[23/2000] 2026-08-03 18:05:54 | R1 | 2013_0_3/55548 vs 2013_0_3/118052 → CLONE
[24/2000] 2026-08-03 18:06:06 | R1 | 2013_0_3/55548 vs 2013_0_3/83531 → CLONE
[25/2000] 2026-08-03 18:06:15 | R1 | 2013_0_3/94901 vs 2013_0_3/78294 → CLONE
[26/2000] 2026-08-03 18:06:21 | R1 | 2013_0_3/94901 vs 2013_0_3/118052 → CLONE
[27/2000] 2026-08-03 18:06:31 | R1 | 2013_0_3/94901 vs 2013_0_3/83531 → CLONE
[28/2000] 2026-08-03 18:06:37 | R1 | 2013_0_3/78294 vs 2013_0_3/118052 → CLONE
[29/2000] 2026-08-03 18:06:44 | R1 | 2013_0_3/78294 vs 2013_0_3/83531 → CLONE
[30/2000] 2026-08-03 18:06:51 | R1 | 2013_0_3/118052 vs 2013_0_3/83531 → CLONE
[31/2000] 2026-08-03 18:06:57 | R1 | 2013_1_1/35305 vs 2013_1_1/30788 → CLONE
[32/2000] 2026-08-03 18:07:03 | R1 | 2013_1_1/35305 vs 2013_1_1/30610 → CLONE
[33/2000] 2026-08-03 18:07:11 | R1 | 2013_1_1/35305 vs 2013_1_1/30305 → CLONE
[34/2000] 2026-08-03 18:07:17 | R1 | 2013_1_1/35305 vs 2013_1_1/40715 → CLONE
[35/2000] 2026-08-03 18:07:23 | R1 | 2013_1_1/30788 vs 2013_1_1/30610 → CLONE
[36/2000] 2026-08-03 18:07:33 | R1 | 2013_1_1/30788 vs 2013_1_1/30305 → CLONE
[37/2000] 2026-08-03 18:07:39 | R1 | 2013_1_1/30788 vs 2013_1_1/40715 → CLONE
[38/2000] 2026-08-03 18:07:49 | R1 | 2013_1_1/30610 vs 2013_1_1/30305 → CLONE
[39/2000] 2026-08-03 18:07:56 | R1 | 2013_1_1/30610 vs 2013_1_1/40715 → CLONE
[40/2000] 2026-08-03 18:08:04 | R1 | 2013_1_1/30305 vs 2013_1_1/40715 → CLONE
[41/2000] 2026-08-03 18:08:09 | R1 | 2014_0_2/107403 vs 2014_0_2/81302 → CLONE
[42/2000] 2026-08-03 18:08:13 | R1 | 2014_0_2/107403 vs 2014_0_2/27351 → CLONE
[43/2000] 2026-08-03 18:08:17 | R1 | 2014_0_2/107403 vs 2014_0_2/41018 → CLONE
[44/2000] 2026-08-03 18:08:21 | R1 | 2014_0_2/107403 vs 2014_0_2/110678 → CLONE
[45/2000] 2026-08-03 18:08:26 | R1 | 2014_0_2/81302 vs 2014_0_2/27351 → CLONE
[46/2000] 2026-08-03 18:08:30 | R1 | 2014_0_2/81302 vs 2014_0_2/41018 → CLONE
[47/2000] 2026-08-03 18:08:35 | R1 | 2014_0_2/81302 vs 2014_0_2/110678 → CLONE
[48/2000] 2026-08-03 18:08:38 | R1 | 2014_0_2/27351 vs 2014_0_2/41018 → CLONE
[49/2000] 2026-08-03 18:08:43 | R1 | 2014_0_2/27351 vs 2014_0_2/110678 → CLONE
[50/2000] 2026-08-03 18:08:47 | R1 | 2014_0_2/41018 vs 2014_0_2/110678 → CLONE
[51/2000] 2026-08-03 18:09:02 | R1 | 2014_0_3/108079 vs 2014_0_3/27551 → CLONE
[52/2000] 2026-08-03 18:09:26 | R1 | 2014_0_3/108079 vs 2014_0_3/99421 → CLONE
[53/2000] 2026-08-03 18:10:07 | R1 | 2014_0_3/108079 vs 2014_0_3/22792 → CLONE
[54/2000] 2026-08-03 18:10:21 | R1 | 2014_0_3/108079 vs 2014_0_3/71973 → CLONE
[55/2000] 2026-08-03 18:10:41 | R1 | 2014_0_3/27551 vs 2014_0_3/99421 → CLONE
[56/2000] 2026-08-03 18:11:19 | R1 | 2014_0_3/27551 vs 2014_0_3/22792 → CLONE
[57/2000] 2026-08-03 18:11:29 | R1 | 2014_0_3/27551 vs 2014_0_3/71973 → CLONE
[58/2000] 2026-08-03 18:12:13 | R1 | 2014_0_3/99421 vs 2014_0_3/22792 → CLONE
[59/2000] 2026-08-03 18:12:32 | R1 | 2014_0_3/99421 vs 2014_0_3/71973 → CLONE
[60/2000] 2026-08-03 18:13:06 | R1 | 2014_0_3/22792 vs 2014_0_3/71973 → CLONE
[61/2000] 2026-08-03 18:13:16 | R1 | 2014_2_1/124976 vs 2014_2_1/115332 → CLONE
[62/2000] 2026-08-03 18:13:27 | R1 | 2014_2_1/124976 vs 2014_2_1/119554 → CLONE
[63/2000] 2026-08-03 18:13:37 | R1 | 2014_2_1/124976 vs 2014_2_1/126555 → CLONE
[64/2000] 2026-08-03 18:13:46 | R1 | 2014_2_1/124976 vs 2014_2_1/125050 → CLONE
[65/2000] 2026-08-03 18:13:54 | R1 | 2014_2_1/115332 vs 2014_2_1/119554 → CLONE
[66/2000] 2026-08-03 18:14:03 | R1 | 2014_2_1/115332 vs 2014_2_1/126555 → CLONE
[67/2000] 2026-08-03 18:14:12 | R1 | 2014_2_1/115332 vs 2014_2_1/125050 → CLONE
[68/2000] 2026-08-03 18:14:22 | R1 | 2014_2_1/119554 vs 2014_2_1/126555 → CLONE
[69/2000] 2026-08-03 18:14:31 | R1 | 2014_2_1/119554 vs 2014_2_1/125050 → CLONE
[70/2000] 2026-08-03 18:14:42 | R1 | 2014_2_1/126555 vs 2014_2_1/125050 → CLONE
[71/2000] 2026-08-03 18:14:52 | R1 | 2014_3_1/141827 vs 2014_3_1/137264 → CLONE
[72/2000] 2026-08-03 18:15:02 | R1 | 2014_3_1/141827 vs 2014_3_1/138894 → CLONE
[73/2000] 2026-08-03 18:15:13 | R1 | 2014_3_1/141827 vs 2014_3_1/136615 → CLONE
[74/2000] 2026-08-03 18:15:22 | R1 | 2014_3_1/141827 vs 2014_3_1/138529 → CLONE
[75/2000] 2026-08-03 18:15:28 | R1 | 2014_3_1/137264 vs 2014_3_1/138894 → CLONE
[76/2000] 2026-08-03 18:15:35 | R1 | 2014_3_1/137264 vs 2014_3_1/136615 → CLONE
[77/2000] 2026-08-03 18:15:42 | R1 | 2014_3_1/137264 vs 2014_3_1/138529 → CLONE
[78/2000] 2026-08-03 18:15:47 | R1 | 2014_3_1/138894 vs 2014_3_1/136615 → CLONE
[79/2000] 2026-08-03 18:15:52 | R1 | 2014_3_1/138894 vs 2014_3_1/138529 → CLONE
[80/2000] 2026-08-03 18:15:57 | R1 | 2014_3_1/136615 vs 2014_3_1/138529 → CLONE
[81/2000] 2026-08-03 18:16:02 | R1 | 2015_0_1/79967 vs 2015_0_1/35102 → CLONE
[82/2000] 2026-08-03 18:16:07 | R1 | 2015_0_1/79967 vs 2015_0_1/68106 → CLONE
[83/2000] 2026-08-03 18:16:13 | R1 | 2015_0_1/79967 vs 2015_0_1/65869 → CLONE
[84/2000] 2026-08-03 18:16:18 | R1 | 2015_0_1/79967 vs 2015_0_1/46754 → CLONE
[85/2000] 2026-08-03 18:16:23 | R1 | 2015_0_1/35102 vs 2015_0_1/68106 → CLONE
[86/2000] 2026-08-03 18:16:29 | R1 | 2015_0_1/35102 vs 2015_0_1/65869 → CLONE
[87/2000] 2026-08-03 18:16:34 | R1 | 2015_0_1/35102 vs 2015_0_1/46754 → CLONE
[88/2000] 2026-08-03 18:16:39 | R1 | 2015_0_1/68106 vs 2015_0_1/65869 → CLONE
[89/2000] 2026-08-03 18:16:43 | R1 | 2015_0_1/68106 vs 2015_0_1/46754 → CLONE
[90/2000] 2026-08-03 18:16:48 | R1 | 2015_0_1/65869 vs 2015_0_1/46754 → CLONE
[91/2000] 2026-08-03 18:16:53 | R1 | 2015_0_2/34257 vs 2015_0_2/32722 → CLONE
[92/2000] 2026-08-03 18:16:58 | R1 | 2015_0_2/34257 vs 2015_0_2/77145 → CLONE
[93/2000] 2026-08-03 18:17:02 | R1 | 2015_0_2/34257 vs 2015_0_2/72707 → CLONE
[94/2000] 2026-08-03 18:17:08 | R1 | 2015_0_2/34257 vs 2015_0_2/68668 → CLONE
[95/2000] 2026-08-03 18:17:13 | R1 | 2015_0_2/32722 vs 2015_0_2/77145 → CLONE
[96/2000] 2026-08-03 18:17:17 | R1 | 2015_0_2/32722 vs 2015_0_2/72707 → CLONE
[97/2000] 2026-08-03 18:17:22 | R1 | 2015_0_2/32722 vs 2015_0_2/68668 → CLONE
[98/2000] 2026-08-03 18:17:25 | R1 | 2015_0_2/77145 vs 2015_0_2/72707 → CLONE
[99/2000] 2026-08-03 18:17:30 | R1 | 2015_0_2/77145 vs 2015_0_2/68668 → CLONE
[100/2000] 2026-08-03 18:17:34 | R1 | 2015_0_2/72707 vs 2015_0_2/68668 → CLONE
[101/2000] 2026-08-03 18:17:51 | R1 | 2015_0_3/74464 vs 2015_0_3/88073 → CLONE
[102/2000] 2026-08-03 18:18:08 | R1 | 2015_0_3/74464 vs 2015_0_3/21597 → CLONE
[103/2000] 2026-08-03 18:18:22 | R1 | 2015_0_3/74464 vs 2015_0_3/62582 → CLONE
[104/2000] 2026-08-03 18:18:37 | R1 | 2015_0_3/74464 vs 2015_0_3/107238 → CLONE
[105/2000] 2026-08-03 18:18:50 | R1 | 2015_0_3/88073 vs 2015_0_3/21597 → CLONE
[106/2000] 2026-08-03 18:19:02 | R1 | 2015_0_3/88073 vs 2015_0_3/62582 → CLONE
[107/2000] 2026-08-03 18:19:15 | R1 | 2015_0_3/88073 vs 2015_0_3/107238 → CLONE
[108/2000] 2026-08-03 18:19:23 | R1 | 2015_0_3/21597 vs 2015_0_3/62582 → CLONE
[109/2000] 2026-08-03 18:19:33 | R1 | 2015_0_3/21597 vs 2015_0_3/107238 → CLONE
[110/2000] 2026-08-03 18:19:44 | R1 | 2015_0_3/62582 vs 2015_0_3/107238 → CLONE
[111/2000] 2026-08-03 18:19:50 | R1 | 2015_0_4/107149 vs 2015_0_4/96734 → CLONE
[112/2000] 2026-08-03 18:19:57 | R1 | 2015_0_4/107149 vs 2015_0_4/79014 → CLONE
[113/2000] 2026-08-03 18:20:03 | R1 | 2015_0_4/107149 vs 2015_0_4/21673 → CLONE
[114/2000] 2026-08-03 18:20:10 | R1 | 2015_0_4/107149 vs 2015_0_4/77477 → CLONE
[115/2000] 2026-08-03 18:20:16 | R1 | 2015_0_4/96734 vs 2015_0_4/79014 → CLONE
[116/2000] 2026-08-03 18:20:21 | R1 | 2015_0_4/96734 vs 2015_0_4/21673 → CLONE
[117/2000] 2026-08-03 18:20:26 | R1 | 2015_0_4/96734 vs 2015_0_4/77477 → CLONE
[118/2000] 2026-08-03 18:20:32 | R1 | 2015_0_4/79014 vs 2015_0_4/21673 → CLONE
[119/2000] 2026-08-03 18:20:37 | R1 | 2015_0_4/79014 vs 2015_0_4/77477 → CLONE
[120/2000] 2026-08-03 18:20:43 | R1 | 2015_0_4/21673 vs 2015_0_4/77477 → CLONE
[121/2000] 2026-08-03 18:20:49 | R1 | 2015_1_1/127730 vs 2015_1_1/114491 → CLONE
[122/2000] 2026-08-03 18:20:56 | R1 | 2015_1_1/127730 vs 2015_1_1/125935 → CLONE
[123/2000] 2026-08-03 18:21:01 | R1 | 2015_1_1/127730 vs 2015_1_1/124925 → CLONE
[124/2000] 2026-08-03 18:21:07 | R1 | 2015_1_1/127730 vs 2015_1_1/115055 → CLONE
[125/2000] 2026-08-03 18:21:14 | R1 | 2015_1_1/114491 vs 2015_1_1/125935 → CLONE
[126/2000] 2026-08-03 18:21:19 | R1 | 2015_1_1/114491 vs 2015_1_1/124925 → CLONE
[127/2000] 2026-08-03 18:21:24 | R1 | 2015_1_1/114491 vs 2015_1_1/115055 → CLONE
[128/2000] 2026-08-03 18:21:30 | R1 | 2015_1_1/125935 vs 2015_1_1/124925 → CLONE
[129/2000] 2026-08-03 18:21:39 | R1 | 2015_1_1/125935 vs 2015_1_1/115055 → CLONE
[130/2000] 2026-08-03 18:21:44 | R1 | 2015_1_1/124925 vs 2015_1_1/115055 → CLONE
[131/2000] 2026-08-03 18:21:49 | R1 | 2016_0_1/60475 vs 2016_0_1/69477 → CLONE
[132/2000] 2026-08-03 18:21:55 | R1 | 2016_0_1/60475 vs 2016_0_1/123558 → CLONE
[133/2000] 2026-08-03 18:22:04 | R1 | 2016_0_1/60475 vs 2016_0_1/55901 → CLONE
[134/2000] 2026-08-03 18:22:10 | R1 | 2016_0_1/60475 vs 2016_0_1/72044 → CLONE
[135/2000] 2026-08-03 18:22:15 | R1 | 2016_0_1/69477 vs 2016_0_1/123558 → CLONE
[136/2000] 2026-08-03 18:22:24 | R1 | 2016_0_1/69477 vs 2016_0_1/55901 → CLONE
[137/2000] 2026-08-03 18:22:29 | R1 | 2016_0_1/69477 vs 2016_0_1/72044 → CLONE
[138/2000] 2026-08-03 18:22:38 | R1 | 2016_0_1/123558 vs 2016_0_1/55901 → CLONE
[139/2000] 2026-08-03 18:22:44 | R1 | 2016_0_1/123558 vs 2016_0_1/72044 → CLONE
[140/2000] 2026-08-03 18:22:52 | R1 | 2016_0_1/55901 vs 2016_0_1/72044 → CLONE
[141/2000] 2026-08-03 18:22:57 | R1 | 2016_0_2/68074 vs 2016_0_2/150691 → CLONE
[142/2000] 2026-08-03 18:23:00 | R1 | 2016_0_2/68074 vs 2016_0_2/125812 → CLONE
[143/2000] 2026-08-03 18:23:05 | R1 | 2016_0_2/68074 vs 2016_0_2/88861 → CLONE
[144/2000] 2026-08-03 18:23:11 | R1 | 2016_0_2/68074 vs 2016_0_2/162423 → CLONE
[145/2000] 2026-08-03 18:23:17 | R1 | 2016_0_2/150691 vs 2016_0_2/125812 → CLONE
[146/2000] 2026-08-03 18:23:20 | R1 | 2016_0_2/150691 vs 2016_0_2/88861 → CLONE
[147/2000] 2026-08-03 18:23:25 | R1 | 2016_0_2/150691 vs 2016_0_2/162423 → CLONE
[148/2000] 2026-08-03 18:23:29 | R1 | 2016_0_2/125812 vs 2016_0_2/88861 → CLONE
[149/2000] 2026-08-03 18:23:34 | R1 | 2016_0_2/125812 vs 2016_0_2/162423 → CLONE
[150/2000] 2026-08-03 18:23:38 | R1 | 2016_0_2/88861 vs 2016_0_2/162423 → CLONE
[151/2000] 2026-08-03 18:23:43 | R1 | 2016_0_4/100472 vs 2016_0_4/129913 → CLONE
[152/2000] 2026-08-03 18:23:49 | R1 | 2016_0_4/100472 vs 2016_0_4/58218 → CLONE
[153/2000] 2026-08-03 18:23:57 | R1 | 2016_0_4/100472 vs 2016_0_4/63729 → CLONE
[154/2000] 2026-08-03 18:24:03 | R1 | 2016_0_4/100472 vs 2016_0_4/138317 → CLONE
[155/2000] 2026-08-03 18:24:08 | R1 | 2016_0_4/129913 vs 2016_0_4/58218 → CLONE
[156/2000] 2026-08-03 18:24:15 | R1 | 2016_0_4/129913 vs 2016_0_4/63729 → CLONE
[157/2000] 2026-08-03 18:24:20 | R1 | 2016_0_4/129913 vs 2016_0_4/138317 → CLONE
[158/2000] 2026-08-03 18:24:26 | R1 | 2016_0_4/58218 vs 2016_0_4/63729 → CLONE
[159/2000] 2026-08-03 18:24:32 | R1 | 2016_0_4/58218 vs 2016_0_4/138317 → CLONE
[160/2000] 2026-08-03 18:24:40 | R1 | 2016_0_4/63729 vs 2016_0_4/138317 → CLONE
[161/2000] 2026-08-03 18:24:47 | R1 | 2016_1_1/1153 vs 2016_1_1/14479 → CLONE
[162/2000] 2026-08-03 18:24:50 | R1 | 2016_1_1/1153 vs 2016_1_1/8299 → CLONE
[163/2000] 2026-08-03 18:24:55 | R1 | 2016_1_1/1153 vs 2016_1_1/29796 → CLONE
[164/2000] 2026-08-03 18:24:59 | R1 | 2016_1_1/1153 vs 2016_1_1/2003 → CLONE
[165/2000] 2026-08-03 18:25:06 | R1 | 2016_1_1/14479 vs 2016_1_1/8299 → CLONE
[166/2000] 2026-08-03 18:25:12 | R1 | 2016_1_1/14479 vs 2016_1_1/29796 → CLONE
[167/2000] 2026-08-03 18:25:20 | R1 | 2016_1_1/14479 vs 2016_1_1/2003 → CLONE
[168/2000] 2026-08-03 18:25:24 | R1 | 2016_1_1/8299 vs 2016_1_1/29796 → CLONE
[169/2000] 2026-08-03 18:25:29 | R1 | 2016_1_1/8299 vs 2016_1_1/2003 → CLONE
[170/2000] 2026-08-03 18:25:33 | R1 | 2016_1_1/29796 vs 2016_1_1/2003 → CLONE
[171/2000] 2026-08-03 18:25:38 | R1 | 2016_1_2/8152 vs 2016_1_2/31984 → CLONE
[172/2000] 2026-08-03 18:25:43 | R1 | 2016_1_2/8152 vs 2016_1_2/20611 → CLONE
[173/2000] 2026-08-03 18:26:02 | R1 | 2016_1_2/8152 vs 2016_1_2/19093 → CLONE
[174/2000] 2026-08-03 18:26:09 | R1 | 2016_1_2/8152 vs 2016_1_2/30007 → CLONE
[175/2000] 2026-08-03 18:26:13 | R1 | 2016_1_2/31984 vs 2016_1_2/20611 → CLONE
[176/2000] 2026-08-03 18:26:31 | R1 | 2016_1_2/31984 vs 2016_1_2/19093 → CLONE
[177/2000] 2026-08-03 18:26:39 | R1 | 2016_1_2/31984 vs 2016_1_2/30007 → CLONE
[178/2000] 2026-08-03 18:26:59 | R1 | 2016_1_2/20611 vs 2016_1_2/19093 → CLONE
[179/2000] 2026-08-03 18:27:05 | R1 | 2016_1_2/20611 vs 2016_1_2/30007 → CLONE
[180/2000] 2026-08-03 18:27:30 | R1 | 2016_1_2/19093 vs 2016_1_2/30007 → CLONE
[181/2000] 2026-08-03 18:27:38 | R1 | 2016_2_1/197689 vs 2016_2_1/192495 → CLONE
[182/2000] 2026-08-03 18:27:49 | R1 | 2016_2_1/197689 vs 2016_2_1/187476 → CLONE
[183/2000] 2026-08-03 18:27:59 | R1 | 2016_2_1/197689 vs 2016_2_1/193269 → CLONE
[184/2000] 2026-08-03 18:28:11 | R1 | 2016_2_1/197689 vs 2016_2_1/184367 → CLONE
[185/2000] 2026-08-03 18:28:19 | R1 | 2016_2_1/192495 vs 2016_2_1/187476 → CLONE
[186/2000] 2026-08-03 18:28:26 | R1 | 2016_2_1/192495 vs 2016_2_1/193269 → CLONE
[187/2000] 2026-08-03 18:28:33 | R1 | 2016_2_1/192495 vs 2016_2_1/184367 → CLONE
[188/2000] 2026-08-03 18:28:42 | R1 | 2016_2_1/187476 vs 2016_2_1/193269 → CLONE
[189/2000] 2026-08-03 18:28:49 | R1 | 2016_2_1/187476 vs 2016_2_1/184367 → CLONE
[190/2000] 2026-08-03 18:28:56 | R1 | 2016_2_1/193269 vs 2016_2_1/184367 → CLONE
[191/2000] 2026-08-03 18:29:03 | R1 | 2016_3_1/205670 vs 2016_3_1/211583 → CLONE
[192/2000] 2026-08-03 18:29:09 | R1 | 2016_3_1/205670 vs 2016_3_1/210871 → CLONE
[193/2000] 2026-08-03 18:29:16 | R1 | 2016_3_1/205670 vs 2016_3_1/218815 → CLONE
[194/2000] 2026-08-03 18:29:22 | R1 | 2016_3_1/205670 vs 2016_3_1/207727 → CLONE
[195/2000] 2026-08-03 18:29:28 | R1 | 2016_3_1/211583 vs 2016_3_1/210871 → CLONE
[196/2000] 2026-08-03 18:29:35 | R1 | 2016_3_1/211583 vs 2016_3_1/218815 → CLONE
[197/2000] 2026-08-03 18:29:43 | R1 | 2016_3_1/211583 vs 2016_3_1/207727 → CLONE
[198/2000] 2026-08-03 18:29:48 | R1 | 2016_3_1/210871 vs 2016_3_1/218815 → CLONE
[199/2000] 2026-08-03 18:29:55 | R1 | 2016_3_1/210871 vs 2016_3_1/207727 → CLONE
[200/2000] 2026-08-03 18:30:01 | R1 | 2016_3_1/218815 vs 2016_3_1/207727 → CLONE
[201/2000] 2026-08-03 18:30:06 | R1 | 2013_0_1/84294 vs 2016_3_1/218815 → NON-CLONE
[202/2000] 2026-08-03 18:30:11 | R1 | 2013_0_1/84294 vs 2015_1_1/124925 → NON-CLONE
[203/2000] 2026-08-03 18:30:16 | R1 | 2013_0_1/84294 vs 2016_0_2/88861 → NON-CLONE
[204/2000] 2026-08-03 18:30:20 | R1 | 2013_0_1/84294 vs 2014_0_2/107403 → NON-CLONE
[205/2000] 2026-08-03 18:30:29 | R1 | 2013_0_1/58633 vs 2015_0_3/62582 → NON-CLONE
[206/2000] 2026-08-03 18:30:36 | R1 | 2013_0_1/58633 vs 2013_1_1/35305 → NON-CLONE
[207/2000] 2026-08-03 18:30:44 | R1 | 2013_0_1/58633 vs 2016_0_4/100472 → NON-CLONE
[208/2000] 2026-08-03 18:30:50 | R1 | 2013_0_1/124149 vs 2015_0_1/68106 → NON-CLONE
[209/2000] 2026-08-03 18:30:56 | R1 | 2013_0_1/124149 vs 2016_1_2/8152 → NON-CLONE
[210/2000] 2026-08-03 18:31:02 | R1 | 2013_0_1/88116 vs 2016_1_1/2003 → NON-CLONE
[211/2000] 2026-08-03 18:31:13 | R1 | 2013_0_2/95524 vs 2015_0_3/88073 → NON-CLONE
[212/2000] 2026-08-03 18:31:20 | R1 | 2013_0_2/95524 vs 2016_0_4/63729 → NON-CLONE
[213/2000] 2026-08-03 18:31:27 | R1 | 2013_0_2/95524 vs 2014_0_3/71973 → NON-CLONE
[214/2000] 2026-08-03 18:31:34 | R1 | 2013_0_2/95524 vs 2016_3_1/205670 → NON-CLONE
[215/2000] 2026-08-03 18:31:41 | R1 | 2013_0_2/44471 vs 2013_0_3/118052 → NON-CLONE
[216/2000] 2026-08-03 18:31:51 | R1 | 2013_0_2/44471 vs 2013_0_3/55548 → NON-CLONE
[217/2000] 2026-08-03 18:31:59 | R1 | 2013_0_2/44471 vs 2016_1_2/30007 → NON-CLONE
[218/2000] 2026-08-03 18:32:09 | R1 | 2013_0_2/55421 vs 2014_2_1/125050 → NON-CLONE
[219/2000] 2026-08-03 18:32:15 | R1 | 2013_0_2/55421 vs 2015_0_1/68106 → NON-CLONE
[220/2000] 2026-08-03 18:32:20 | R1 | 2013_0_2/90919 vs 2013_1_1/35305 → NON-CLONE
[221/2000] 2026-08-03 18:32:31 | R1 | 2013_0_3/55548 vs 2014_2_1/125050 → NON-CLONE
[222/2000] 2026-08-03 18:32:41 | R1 | 2013_0_3/55548 vs 2013_1_1/30610 → NON-CLONE
[223/2000] 2026-08-03 18:32:49 | R1 | 2013_0_3/55548 vs 2015_0_3/62582 → NON-CLONE
[224/2000] 2026-08-03 18:32:58 | R1 | 2013_0_3/55548 vs 2015_0_1/79967 → NON-CLONE
[225/2000] 2026-08-03 18:33:04 | R1 | 2013_0_3/94901 vs 2015_1_1/124925 → NON-CLONE
[226/2000] 2026-08-03 18:33:11 | R1 | 2013_0_3/94901 vs 2016_1_2/31984 → NON-CLONE
[227/2000] 2026-08-03 18:33:20 | R1 | 2013_0_3/94901 vs 2015_0_3/88073 → NON-CLONE
[228/2000] 2026-08-03 18:33:32 | R1 | 2013_0_3/78294 vs 2014_0_3/108079 → NON-CLONE
[229/2000] 2026-08-03 18:33:41 | R1 | 2013_0_3/78294 vs 2015_0_3/21597 → NON-CLONE
[230/2000] 2026-08-03 18:33:52 | R1 | 2013_0_3/118052 vs 2015_0_3/74464 → NON-CLONE
[231/2000] 2026-08-03 18:33:56 | R1 | 2013_1_1/35305 vs 2014_2_1/115332 → NON-CLONE
[232/2000] 2026-08-03 18:34:05 | R1 | 2013_1_1/35305 vs 2016_2_1/197689 → NON-CLONE
[233/2000] 2026-08-03 18:34:10 | R1 | 2013_1_1/35305 vs 2014_3_1/138529 → NON-CLONE
[234/2000] 2026-08-03 18:34:16 | R1 | 2013_1_1/35305 vs 2016_2_1/184367 → NON-CLONE
[235/2000] 2026-08-03 18:34:20 | R1 | 2013_1_1/30788 vs 2016_2_1/187476 → NON-CLONE
[236/2000] 2026-08-03 18:34:26 | R1 | 2013_1_1/30788 vs 2016_1_2/20611 → NON-CLONE
[237/2000] 2026-08-03 18:34:33 | R1 | 2013_1_1/30788 vs 2013_0_2/114653 → NON-CLONE
[238/2000] 2026-08-03 18:34:37 | R1 | 2013_1_1/30610 vs 2016_1_1/8299 → NON-CLONE
[239/2000] 2026-08-03 18:34:45 | R1 | 2013_1_1/30610 vs 2016_1_2/31984 → NON-CLONE
[240/2000] 2026-08-03 18:34:58 | R1 | 2013_1_1/30305 vs 2014_0_3/27551 → NON-CLONE
[241/2000] 2026-08-03 18:35:02 | R1 | 2014_0_2/107403 vs 2016_0_2/88861 → NON-CLONE
[242/2000] 2026-08-03 18:35:06 | R1 | 2014_0_2/107403 vs 2016_3_1/218815 → NON-CLONE
[243/2000] 2026-08-03 18:35:11 | R1 | 2014_0_2/107403 vs 2014_3_1/137264 → NON-CLONE
[244/2000] 2026-08-03 18:35:18 | R1 | 2014_0_2/107403 vs 2014_0_3/108079 → NON-CLONE
[245/2000] 2026-08-03 18:35:24 | R1 | 2014_0_2/81302 vs 2015_1_1/115055 → NON-CLONE
[246/2000] 2026-08-03 18:35:30 | R1 | 2014_0_2/81302 vs 2015_0_3/62582 → NON-CLONE
[247/2000] 2026-08-03 18:35:34 | R1 | 2014_0_2/81302 vs 2014_3_1/138529 → NON-CLONE
[248/2000] 2026-08-03 18:35:39 | R1 | 2014_0_2/27351 vs 2016_1_2/31984 → NON-CLONE
[249/2000] 2026-08-03 18:35:43 | R1 | 2014_0_2/27351 vs 2016_2_1/193269 → NON-CLONE
[250/2000] 2026-08-03 18:35:47 | R1 | 2014_0_2/41018 vs 2016_0_4/129913 → NON-CLONE
[251/2000] 2026-08-03 18:36:00 | R1 | 2014_0_3/108079 vs 2014_2_1/126555 → NON-CLONE
[252/2000] 2026-08-03 18:36:10 | R1 | 2014_0_3/108079 vs 2016_2_1/187476 → NON-CLONE
[253/2000] 2026-08-03 18:36:22 | R1 | 2014_0_3/108079 vs 2015_0_2/32722 → NON-CLONE
[254/2000] 2026-08-03 18:36:36 | R1 | 2014_0_3/108079 vs 2013_0_2/55421 → NON-CLONE
[255/2000] 2026-08-03 18:36:45 | R1 | 2014_0_3/27551 vs 2014_2_1/125050 → NON-CLONE
[256/2000] 2026-08-03 18:36:56 | R1 | 2014_0_3/27551 vs 2013_0_1/124226 → NON-CLONE
[257/2000] 2026-08-03 18:37:07 | R1 | 2014_0_3/27551 vs 2015_0_2/34257 → NON-CLONE
[258/2000] 2026-08-03 18:37:20 | R1 | 2014_0_3/99421 vs 2015_0_4/96734 → NON-CLONE
[259/2000] 2026-08-03 18:37:36 | R1 | 2014_0_3/99421 vs 2014_3_1/138529 → NON-CLONE
[260/2000] 2026-08-03 18:38:06 | R1 | 2014_0_3/22792 vs 2013_0_2/90919 → NON-CLONE
[261/2000] 2026-08-03 18:38:25 | R1 | 2014_2_1/124976 vs 2014_0_3/99421 → NON-CLONE
[262/2000] 2026-08-03 18:38:34 | R1 | 2014_2_1/124976 vs 2016_0_4/58218 → NON-CLONE
[263/2000] 2026-08-03 18:38:43 | R1 | 2014_2_1/124976 vs 2016_3_1/211583 → NON-CLONE
[264/2000] 2026-08-03 18:38:51 | R1 | 2014_2_1/124976 vs 2015_0_2/34257 → NON-CLONE
[265/2000] 2026-08-03 18:39:08 | R1 | 2014_2_1/115332 vs 2014_0_3/99421 → NON-CLONE
[266/2000] 2026-08-03 18:39:36 | R1 | 2014_2_1/115332 vs 2016_1_2/19093 → NON-CLONE
[267/2000] 2026-08-03 18:39:44 | R1 | 2014_2_1/115332 vs 2016_0_1/55901 → NON-CLONE
[268/2000] 2026-08-03 18:39:52 | R1 | 2014_2_1/119554 vs 2015_0_4/107149 → NON-CLONE
[269/2000] 2026-08-03 18:39:59 | R1 | 2014_2_1/119554 vs 2016_1_2/20611 → NON-CLONE
[270/2000] 2026-08-03 18:40:07 | R1 | 2014_2_1/126555 vs 2015_1_1/124925 → NON-CLONE
[271/2000] 2026-08-03 18:40:21 | R1 | 2014_3_1/141827 vs 2013_1_1/30305 → NON-CLONE
[272/2000] 2026-08-03 18:40:36 | R1 | 2014_3_1/141827 vs 2014_2_1/126555 → NON-CLONE
[273/2000] 2026-08-03 18:40:47 | R1 | 2014_3_1/141827 vs 2013_1_1/30610 → NON-CLONE
[274/2000] 2026-08-03 18:40:58 | R1 | 2014_3_1/141827 vs 2014_2_1/115332 → NON-CLONE
[275/2000] 2026-08-03 18:41:02 | R1 | 2014_3_1/137264 vs 2016_0_4/129913 → NON-CLONE
[276/2000] 2026-08-03 18:41:06 | R1 | 2014_3_1/137264 vs 2016_0_2/88861 → NON-CLONE
[277/2000] 2026-08-03 18:41:16 | R1 | 2014_3_1/137264 vs 2014_2_1/126555 → NON-CLONE
[278/2000] 2026-08-03 18:41:21 | R1 | 2014_3_1/138894 vs 2016_0_4/138317 → NON-CLONE
[279/2000] 2026-08-03 18:41:26 | R1 | 2014_3_1/138894 vs 2015_0_4/77477 → NON-CLONE
[280/2000] 2026-08-03 18:41:31 | R1 | 2014_3_1/136615 vs 2016_0_4/138317 → NON-CLONE
[281/2000] 2026-08-03 18:41:37 | R1 | 2015_0_1/79967 vs 2015_0_4/96734 → NON-CLONE
[282/2000] 2026-08-03 18:41:46 | R1 | 2015_0_1/79967 vs 2015_0_3/88073 → NON-CLONE
[283/2000] 2026-08-03 18:42:18 | R1 | 2015_0_1/79967 vs 2014_0_3/22792 → NON-CLONE
[284/2000] 2026-08-03 18:42:25 | R1 | 2015_0_1/79967 vs 2013_1_1/30610 → NON-CLONE
[285/2000] 2026-08-03 18:42:29 | R1 | 2015_0_1/35102 vs 2016_0_2/68074 → NON-CLONE
[286/2000] 2026-08-03 18:42:38 | R1 | 2015_0_1/35102 vs 2016_0_1/55901 → NON-CLONE
[287/2000] 2026-08-03 18:42:44 | R1 | 2015_0_1/35102 vs 2013_0_3/94901 → NON-CLONE
[288/2000] 2026-08-03 18:42:50 | R1 | 2015_0_1/68106 vs 2013_0_2/44471 → NON-CLONE
[289/2000] 2026-08-03 18:42:56 | R1 | 2015_0_1/68106 vs 2013_0_3/83531 → NON-CLONE
[290/2000] 2026-08-03 18:43:02 | R1 | 2015_0_1/65869 vs 2013_1_1/40715 → NON-CLONE
[291/2000] 2026-08-03 18:43:06 | R1 | 2015_0_2/34257 vs 2016_1_2/8152 → NON-CLONE
[292/2000] 2026-08-03 18:43:12 | R1 | 2015_0_2/34257 vs 2014_0_2/107403 → NON-CLONE
[293/2000] 2026-08-03 18:43:17 | R1 | 2015_0_2/34257 vs 2016_2_1/187476 → NON-CLONE
[294/2000] 2026-08-03 18:43:24 | R1 | 2015_0_2/34257 vs 2015_0_4/77477 → NON-CLONE
[295/2000] 2026-08-03 18:43:31 | R1 | 2015_0_2/32722 vs 2016_1_1/14479 → NON-CLONE
[296/2000] 2026-08-03 18:43:36 | R1 | 2015_0_2/32722 vs 2013_0_2/90919 → NON-CLONE
[297/2000] 2026-08-03 18:43:43 | R1 | 2015_0_2/32722 vs 2015_0_3/107238 → NON-CLONE
[298/2000] 2026-08-03 18:43:49 | R1 | 2015_0_2/77145 vs 2015_0_3/62582 → NON-CLONE
[299/2000] 2026-08-03 18:43:56 | R1 | 2015_0_2/77145 vs 2016_1_1/14479 → NON-CLONE
[300/2000] 2026-08-03 18:43:59 | R1 | 2015_0_2/72707 vs 2015_1_1/115055 → NON-CLONE
[301/2000] 2026-08-03 18:44:10 | R1 | 2015_0_3/74464 vs 2016_0_2/125812 → NON-CLONE
[302/2000] 2026-08-03 18:44:23 | R1 | 2015_0_3/74464 vs 2014_2_1/119554 → NON-CLONE
[303/2000] 2026-08-03 18:44:35 | R1 | 2015_0_3/74464 vs 2016_0_4/100472 → NON-CLONE
[304/2000] 2026-08-03 18:44:51 | R1 | 2015_0_3/74464 vs 2013_0_1/58633 → NON-CLONE
[305/2000] 2026-08-03 18:45:01 | R1 | 2015_0_3/88073 vs 2016_2_1/187476 → NON-CLONE
[306/2000] 2026-08-03 18:45:10 | R1 | 2015_0_3/88073 vs 2016_3_1/210871 → NON-CLONE
[307/2000] 2026-08-03 18:45:20 | R1 | 2015_0_3/88073 vs 2013_0_3/83531 → NON-CLONE
[308/2000] 2026-08-03 18:45:28 | R1 | 2015_0_3/21597 vs 2016_2_1/187476 → NON-CLONE
[309/2000] 2026-08-03 18:45:34 | R1 | 2015_0_3/21597 vs 2016_0_2/88861 → NON-CLONE
[310/2000] 2026-08-03 18:45:42 | R1 | 2015_0_3/62582 vs 2014_2_1/125050 → NON-CLONE
[311/2000] 2026-08-03 18:45:47 | R1 | 2015_0_4/107149 vs 2016_1_2/20611 → NON-CLONE
[312/2000] 2026-08-03 18:45:54 | R1 | 2015_0_4/107149 vs 2015_0_1/65869 → NON-CLONE
[313/2000] 2026-08-03 18:46:02 | R1 | 2015_0_4/107149 vs 2013_0_3/83531 → NON-CLONE
[314/2000] 2026-08-03 18:46:09 | R1 | 2015_0_4/107149 vs 2014_3_1/138894 → NON-CLONE
[315/2000] 2026-08-03 18:46:14 | R1 | 2015_0_4/96734 vs 2015_1_1/127730 → NON-CLONE
[316/2000] 2026-08-03 18:46:20 | R1 | 2015_0_4/96734 vs 2014_0_2/107403 → NON-CLONE
[317/2000] 2026-08-03 18:46:25 | R1 | 2015_0_4/96734 vs 2015_1_1/124925 → NON-CLONE
[318/2000] 2026-08-03 18:46:32 | R1 | 2015_0_4/79014 vs 2013_0_1/84294 → NON-CLONE
[319/2000] 2026-08-03 18:46:38 | R1 | 2015_0_4/79014 vs 2016_3_1/210871 → NON-CLONE
[320/2000] 2026-08-03 18:46:44 | R1 | 2015_0_4/21673 vs 2016_3_1/210871 → NON-CLONE
[321/2000] 2026-08-03 18:46:51 | R1 | 2015_1_1/127730 vs 2014_2_1/126555 → NON-CLONE
[322/2000] 2026-08-03 18:46:57 | R1 | 2015_1_1/127730 vs 2016_0_1/72044 → NON-CLONE
[323/2000] 2026-08-03 18:47:02 | R1 | 2015_1_1/127730 vs 2014_0_2/27351 → NON-CLONE
[324/2000] 2026-08-03 18:47:07 | R1 | 2015_1_1/127730 vs 2016_0_1/72044 → NON-CLONE
[325/2000] 2026-08-03 18:47:11 | R1 | 2015_1_1/114491 vs 2013_0_3/118052 → NON-CLONE
[326/2000] 2026-08-03 18:47:16 | R1 | 2015_1_1/114491 vs 2016_1_2/8152 → NON-CLONE
[327/2000] 2026-08-03 18:47:21 | R1 | 2015_1_1/114491 vs 2014_3_1/136615 → NON-CLONE
[328/2000] 2026-08-03 18:47:28 | R1 | 2015_1_1/125935 vs 2016_1_2/31984 → NON-CLONE
[329/2000] 2026-08-03 18:47:34 | R1 | 2015_1_1/125935 vs 2016_0_1/72044 → NON-CLONE
[330/2000] 2026-08-03 18:47:38 | R1 | 2015_1_1/124925 vs 2016_1_1/8299 → NON-CLONE
[331/2000] 2026-08-03 18:47:50 | R1 | 2016_0_1/60475 vs 2014_0_3/108079 → NON-CLONE
[332/2000] 2026-08-03 18:47:55 | R1 | 2016_0_1/60475 vs 2013_1_1/40715 → NON-CLONE
[333/2000] 2026-08-03 18:47:59 | R1 | 2016_0_1/60475 vs 2015_0_2/77145 → NON-CLONE
[334/2000] 2026-08-03 18:48:05 | R1 | 2016_0_1/60475 vs 2014_0_2/107403 → NON-CLONE
[335/2000] 2026-08-03 18:48:09 | R1 | 2016_0_1/69477 vs 2016_0_2/162423 → NON-CLONE
[336/2000] 2026-08-03 18:48:13 | R1 | 2016_0_1/69477 vs 2016_0_2/125812 → NON-CLONE
[337/2000] 2026-08-03 18:48:17 | R1 | 2016_0_1/69477 vs 2013_0_1/84294 → NON-CLONE
[338/2000] 2026-08-03 18:48:25 | R1 | 2016_0_1/123558 vs 2016_1_1/14479 → NON-CLONE
[339/2000] 2026-08-03 18:48:30 | R1 | 2016_0_1/123558 vs 2015_0_1/35102 → NON-CLONE
[340/2000] 2026-08-03 18:48:41 | R1 | 2016_0_1/55901 vs 2015_1_1/125935 → NON-CLONE
[341/2000] 2026-08-03 18:48:47 | R1 | 2016_0_2/68074 vs 2013_0_1/124149 → NON-CLONE
[342/2000] 2026-08-03 18:48:53 | R1 | 2016_0_2/68074 vs 2013_0_3/83531 → NON-CLONE
[343/2000] 2026-08-03 18:48:58 | R1 | 2016_0_2/68074 vs 2015_0_2/32722 → NON-CLONE
[344/2000] 2026-08-03 18:49:03 | R1 | 2016_0_2/68074 vs 2014_3_1/138529 → NON-CLONE
[345/2000] 2026-08-03 18:49:11 | R1 | 2016_0_2/150691 vs 2014_2_1/124976 → NON-CLONE
[346/2000] 2026-08-03 18:49:18 | R1 | 2016_0_2/150691 vs 2013_0_2/55421 → NON-CLONE
[347/2000] 2026-08-03 18:49:26 | R1 | 2016_0_2/150691 vs 2014_2_1/124976 → NON-CLONE
[348/2000] 2026-08-03 18:49:30 | R1 | 2016_0_2/125812 vs 2016_0_4/58218 → NON-CLONE
[349/2000] 2026-08-03 18:49:38 | R1 | 2016_0_2/125812 vs 2013_0_3/55548 → NON-CLONE
[350/2000] 2026-08-03 18:49:45 | R1 | 2016_0_2/88861 vs 2013_0_3/55548 → NON-CLONE
[351/2000] 2026-08-03 18:49:51 | R1 | 2016_0_4/100472 vs 2016_3_1/218815 → NON-CLONE
[352/2000] 2026-08-03 18:49:59 | R1 | 2016_0_4/100472 vs 2015_1_1/125935 → NON-CLONE
[353/2000] 2026-08-03 18:50:06 | R1 | 2016_0_4/100472 vs 2013_0_2/90919 → NON-CLONE
[354/2000] 2026-08-03 18:50:14 | R1 | 2016_0_4/100472 vs 2016_0_1/55901 → NON-CLONE
[355/2000] 2026-08-03 18:50:18 | R1 | 2016_0_4/129913 vs 2013_1_1/30788 → NON-CLONE
[356/2000] 2026-08-03 18:50:23 | R1 | 2016_0_4/129913 vs 2013_1_1/30788 → NON-CLONE
[357/2000] 2026-08-03 18:50:30 | R1 | 2016_0_4/129913 vs 2016_1_2/30007 → NON-CLONE
[358/2000] 2026-08-03 18:50:35 | R1 | 2016_0_4/58218 vs 2015_1_1/127730 → NON-CLONE
[359/2000] 2026-08-03 18:50:40 | R1 | 2016_0_4/58218 vs 2016_0_2/68074 → NON-CLONE
[360/2000] 2026-08-03 18:50:47 | R1 | 2016_0_4/63729 vs 2014_0_2/81302 → NON-CLONE
[361/2000] 2026-08-03 18:50:55 | R1 | 2016_1_1/1153 vs 2014_2_1/126555 → NON-CLONE
[362/2000] 2026-08-03 18:50:58 | R1 | 2016_1_1/1153 vs 2016_0_1/123558 → NON-CLONE
[363/2000] 2026-08-03 18:51:03 | R1 | 2016_1_1/1153 vs 2016_0_4/58218 → NON-CLONE
[364/2000] 2026-08-03 18:51:08 | R1 | 2016_1_1/1153 vs 2015_0_3/107238 → NON-CLONE
[365/2000] 2026-08-03 18:51:27 | R1 | 2016_1_1/14479 vs 2014_0_3/99421 → NON-CLONE
[366/2000] 2026-08-03 18:51:34 | R1 | 2016_1_1/14479 vs 2016_0_1/72044 → NON-CLONE
[367/2000] 2026-08-03 18:51:41 | R1 | 2016_1_1/14479 vs 2016_3_1/218815 → NON-CLONE
[368/2000] 2026-08-03 18:51:48 | R1 | 2016_1_1/8299 vs 2016_2_1/193269 → NON-CLONE
[369/2000] 2026-08-03 18:51:57 | R1 | 2016_1_1/8299 vs 2014_0_3/108079 → NON-CLONE
[370/2000] 2026-08-03 18:52:02 | R1 | 2016_1_1/29796 vs 2016_3_1/211583 → NON-CLONE
[371/2000] 2026-08-03 18:52:07 | R1 | 2016_1_2/8152 vs 2014_3_1/138529 → NON-CLONE
[372/2000] 2026-08-03 18:52:15 | R1 | 2016_1_2/8152 vs 2015_0_3/88073 → NON-CLONE
[373/2000] 2026-08-03 18:52:25 | R1 | 2016_1_2/8152 vs 2016_2_1/197689 → NON-CLONE
[374/2000] 2026-08-03 18:52:29 | R1 | 2016_1_2/8152 vs 2016_1_1/29796 → NON-CLONE
[375/2000] 2026-08-03 18:52:33 | R1 | 2016_1_2/31984 vs 2015_0_2/77145 → NON-CLONE
[376/2000] 2026-08-03 18:52:39 | R1 | 2016_1_2/31984 vs 2015_0_4/96734 → NON-CLONE
[377/2000] 2026-08-03 18:52:43 | R1 | 2016_1_2/31984 vs 2016_0_1/69477 → NON-CLONE
[378/2000] 2026-08-03 18:52:47 | R1 | 2016_1_2/20611 vs 2015_0_4/79014 → NON-CLONE
[379/2000] 2026-08-03 18:52:51 | R1 | 2016_1_2/20611 vs 2013_1_1/35305 → NON-CLONE
[380/2000] 2026-08-03 18:53:19 | R1 | 2016_1_2/19093 vs 2014_2_1/115332 → NON-CLONE
[381/2000] 2026-08-03 18:53:51 | R1 | 2016_2_1/197689 vs 2014_0_3/22792 → NON-CLONE
[382/2000] 2026-08-03 18:54:02 | R1 | 2016_2_1/197689 vs 2013_0_2/90919 → NON-CLONE
[383/2000] 2026-08-03 18:54:12 | R1 | 2016_2_1/197689 vs 2015_0_1/65869 → NON-CLONE
[384/2000] 2026-08-03 18:54:21 | R1 | 2016_2_1/197689 vs 2013_0_1/124149 → NON-CLONE
[385/2000] 2026-08-03 18:54:28 | R1 | 2016_2_1/192495 vs 2016_0_4/100472 → NON-CLONE
[386/2000] 2026-08-03 18:54:32 | R1 | 2016_2_1/192495 vs 2016_0_2/68074 → NON-CLONE
[387/2000] 2026-08-03 18:54:38 | R1 | 2016_2_1/192495 vs 2014_0_3/71973 → NON-CLONE
[388/2000] 2026-08-03 18:54:44 | R1 | 2016_2_1/187476 vs 2016_0_4/100472 → NON-CLONE
[389/2000] 2026-08-03 18:55:19 | R1 | 2016_2_1/187476 vs 2014_0_3/22792 → NON-CLONE
[390/2000] 2026-08-03 18:55:27 | R1 | 2016_2_1/193269 vs 2013_0_1/84294 → NON-CLONE
[391/2000] 2026-08-03 18:55:33 | R1 | 2016_3_1/205670 vs 2013_0_2/114653 → NON-CLONE
[392/2000] 2026-08-03 18:55:43 | R1 | 2016_3_1/205670 vs 2016_2_1/197689 → NON-CLONE
[393/2000] 2026-08-03 18:55:47 | R1 | 2016_3_1/205670 vs 2016_1_1/1153 → NON-CLONE
[394/2000] 2026-08-03 18:55:53 | R1 | 2016_3_1/205670 vs 2013_0_2/55421 → NON-CLONE
[395/2000] 2026-08-03 18:55:58 | R1 | 2016_3_1/211583 vs 2014_0_3/71973 → NON-CLONE
[396/2000] 2026-08-03 18:56:05 | R1 | 2016_3_1/211583 vs 2013_0_2/90919 → NON-CLONE
[397/2000] 2026-08-03 18:56:11 | R1 | 2016_3_1/211583 vs 2013_0_1/124226 → NON-CLONE
[398/2000] 2026-08-03 18:56:16 | R1 | 2016_3_1/210871 vs 2015_0_1/68106 → NON-CLONE
[399/2000] 2026-08-03 18:56:23 | R1 | 2016_3_1/210871 vs 2013_0_2/114653 → NON-CLONE
[400/2000] 2026-08-03 18:56:28 | R1 | 2016_3_1/218815 vs 2016_0_1/60475 → NON-CLONE
Round 1 done → results_gcj_java/cogito-v1-preview-llama-8B/results_original_deepcogito__cogito-v1-preview-llama-8B_round1.csv
--- Round 2/5 (0 done, 400 remaining) ---
[401/2000] 2026-08-03 18:56:36 | R2 | 2013_0_1/84294 vs 2013_0_1/58633 → CLONE
[402/2000] 2026-08-03 18:56:43 | R2 | 2013_0_1/84294 vs 2013_0_1/124149 → CLONE
[403/2000] 2026-08-03 18:56:50 | R2 | 2013_0_1/84294 vs 2013_0_1/88116 → CLONE
[404/2000] 2026-08-03 18:56:57 | R2 | 2013_0_1/84294 vs 2013_0_1/124226 → CLONE
[405/2000] 2026-08-03 18:57:06 | R2 | 2013_0_1/58633 vs 2013_0_1/124149 → CLONE
[406/2000] 2026-08-03 18:57:16 | R2 | 2013_0_1/58633 vs 2013_0_1/88116 → CLONE
[407/2000] 2026-08-03 18:57:26 | R2 | 2013_0_1/58633 vs 2013_0_1/124226 → CLONE
[408/2000] 2026-08-03 18:57:35 | R2 | 2013_0_1/124149 vs 2013_0_1/88116 → CLONE
[409/2000] 2026-08-03 18:57:43 | R2 | 2013_0_1/124149 vs 2013_0_1/124226 → CLONE
[410/2000] 2026-08-03 18:57:52 | R2 | 2013_0_1/88116 vs 2013_0_1/124226 → CLONE
[411/2000] 2026-08-03 18:57:59 | R2 | 2013_0_2/95524 vs 2013_0_2/44471 → CLONE
[412/2000] 2026-08-03 18:58:06 | R2 | 2013_0_2/95524 vs 2013_0_2/55421 → CLONE
[413/2000] 2026-08-03 18:58:14 | R2 | 2013_0_2/95524 vs 2013_0_2/90919 → CLONE
[414/2000] 2026-08-03 18:58:21 | R2 | 2013_0_2/95524 vs 2013_0_2/114653 → CLONE
[415/2000] 2026-08-03 18:58:30 | R2 | 2013_0_2/44471 vs 2013_0_2/55421 → CLONE
[416/2000] 2026-08-03 18:58:37 | R2 | 2013_0_2/44471 vs 2013_0_2/90919 → CLONE
[417/2000] 2026-08-03 18:58:45 | R2 | 2013_0_2/44471 vs 2013_0_2/114653 → CLONE
[418/2000] 2026-08-03 18:58:53 | R2 | 2013_0_2/55421 vs 2013_0_2/90919 → CLONE
[419/2000] 2026-08-03 18:59:00 | R2 | 2013_0_2/55421 vs 2013_0_2/114653 → CLONE
[420/2000] 2026-08-03 18:59:07 | R2 | 2013_0_2/90919 vs 2013_0_2/114653 → CLONE
[421/2000] 2026-08-03 18:59:16 | R2 | 2013_0_3/55548 vs 2013_0_3/94901 → CLONE
[422/2000] 2026-08-03 18:59:27 | R2 | 2013_0_3/55548 vs 2013_0_3/78294 → CLONE
[423/2000] 2026-08-03 18:59:35 | R2 | 2013_0_3/55548 vs 2013_0_3/118052 → CLONE
[424/2000] 2026-08-03 18:59:46 | R2 | 2013_0_3/55548 vs 2013_0_3/83531 → CLONE
[425/2000] 2026-08-03 18:59:55 | R2 | 2013_0_3/94901 vs 2013_0_3/78294 → CLONE
[426/2000] 2026-08-03 19:00:02 | R2 | 2013_0_3/94901 vs 2013_0_3/118052 → CLONE
[427/2000] 2026-08-03 19:00:11 | R2 | 2013_0_3/94901 vs 2013_0_3/83531 → CLONE
[428/2000] 2026-08-03 19:00:17 | R2 | 2013_0_3/78294 vs 2013_0_3/118052 → CLONE
[429/2000] 2026-08-03 19:00:24 | R2 | 2013_0_3/78294 vs 2013_0_3/83531 → CLONE
[430/2000] 2026-08-03 19:00:31 | R2 | 2013_0_3/118052 vs 2013_0_3/83531 → CLONE
[431/2000] 2026-08-03 19:00:37 | R2 | 2013_1_1/35305 vs 2013_1_1/30788 → CLONE
[432/2000] 2026-08-03 19:00:43 | R2 | 2013_1_1/35305 vs 2013_1_1/30610 → CLONE
[433/2000] 2026-08-03 19:00:51 | R2 | 2013_1_1/35305 vs 2013_1_1/30305 → CLONE
[434/2000] 2026-08-03 19:00:56 | R2 | 2013_1_1/35305 vs 2013_1_1/40715 → CLONE
[435/2000] 2026-08-03 19:01:02 | R2 | 2013_1_1/30788 vs 2013_1_1/30610 → CLONE
[436/2000] 2026-08-03 19:01:12 | R2 | 2013_1_1/30788 vs 2013_1_1/30305 → CLONE
[437/2000] 2026-08-03 19:01:18 | R2 | 2013_1_1/30788 vs 2013_1_1/40715 → CLONE
[438/2000] 2026-08-03 19:01:28 | R2 | 2013_1_1/30610 vs 2013_1_1/30305 → CLONE
[439/2000] 2026-08-03 19:01:35 | R2 | 2013_1_1/30610 vs 2013_1_1/40715 → CLONE
[440/2000] 2026-08-03 19:01:43 | R2 | 2013_1_1/30305 vs 2013_1_1/40715 → CLONE
[441/2000] 2026-08-03 19:01:48 | R2 | 2014_0_2/107403 vs 2014_0_2/81302 → CLONE
[442/2000] 2026-08-03 19:01:52 | R2 | 2014_0_2/107403 vs 2014_0_2/27351 → CLONE
[443/2000] 2026-08-03 19:01:56 | R2 | 2014_0_2/107403 vs 2014_0_2/41018 → CLONE
[444/2000] 2026-08-03 19:02:00 | R2 | 2014_0_2/107403 vs 2014_0_2/110678 → CLONE
[445/2000] 2026-08-03 19:02:05 | R2 | 2014_0_2/81302 vs 2014_0_2/27351 → CLONE
[446/2000] 2026-08-03 19:02:09 | R2 | 2014_0_2/81302 vs 2014_0_2/41018 → CLONE
[447/2000] 2026-08-03 19:02:14 | R2 | 2014_0_2/81302 vs 2014_0_2/110678 → CLONE
[448/2000] 2026-08-03 19:02:18 | R2 | 2014_0_2/27351 vs 2014_0_2/41018 → CLONE
[449/2000] 2026-08-03 19:02:22 | R2 | 2014_0_2/27351 vs 2014_0_2/110678 → CLONE
[450/2000] 2026-08-03 19:02:26 | R2 | 2014_0_2/41018 vs 2014_0_2/110678 → CLONE
[451/2000] 2026-08-03 19:02:41 | R2 | 2014_0_3/108079 vs 2014_0_3/27551 → CLONE
[452/2000] 2026-08-03 19:03:05 | R2 | 2014_0_3/108079 vs 2014_0_3/99421 → CLONE
[453/2000] 2026-08-03 19:03:45 | R2 | 2014_0_3/108079 vs 2014_0_3/22792 → CLONE
[454/2000] 2026-08-03 19:03:59 | R2 | 2014_0_3/108079 vs 2014_0_3/71973 → CLONE
[455/2000] 2026-08-03 19:04:19 | R2 | 2014_0_3/27551 vs 2014_0_3/99421 → CLONE
[456/2000] 2026-08-03 19:04:57 | R2 | 2014_0_3/27551 vs 2014_0_3/22792 → CLONE
[457/2000] 2026-08-03 19:05:07 | R2 | 2014_0_3/27551 vs 2014_0_3/71973 → CLONE
[458/2000] 2026-08-03 19:05:51 | R2 | 2014_0_3/99421 vs 2014_0_3/22792 → CLONE
[459/2000] 2026-08-03 19:06:10 | R2 | 2014_0_3/99421 vs 2014_0_3/71973 → CLONE
[460/2000] 2026-08-03 19:06:45 | R2 | 2014_0_3/22792 vs 2014_0_3/71973 → CLONE
[461/2000] 2026-08-03 19:06:54 | R2 | 2014_2_1/124976 vs 2014_2_1/115332 → CLONE
[462/2000] 2026-08-03 19:07:05 | R2 | 2014_2_1/124976 vs 2014_2_1/119554 → CLONE
[463/2000] 2026-08-03 19:07:15 | R2 | 2014_2_1/124976 vs 2014_2_1/126555 → CLONE
[464/2000] 2026-08-03 19:07:25 | R2 | 2014_2_1/124976 vs 2014_2_1/125050 → CLONE
[465/2000] 2026-08-03 19:07:32 | R2 | 2014_2_1/115332 vs 2014_2_1/119554 → CLONE
[466/2000] 2026-08-03 19:07:41 | R2 | 2014_2_1/115332 vs 2014_2_1/126555 → CLONE
[467/2000] 2026-08-03 19:07:50 | R2 | 2014_2_1/115332 vs 2014_2_1/125050 → CLONE
[468/2000] 2026-08-03 19:08:00 | R2 | 2014_2_1/119554 vs 2014_2_1/126555 → CLONE
[469/2000] 2026-08-03 19:08:10 | R2 | 2014_2_1/119554 vs 2014_2_1/125050 → CLONE
[470/2000] 2026-08-03 19:08:21 | R2 | 2014_2_1/126555 vs 2014_2_1/125050 → CLONE
[471/2000] 2026-08-03 19:08:31 | R2 | 2014_3_1/141827 vs 2014_3_1/137264 → CLONE
[472/2000] 2026-08-03 19:08:41 | R2 | 2014_3_1/141827 vs 2014_3_1/138894 → CLONE
[473/2000] 2026-08-03 19:08:52 | R2 | 2014_3_1/141827 vs 2014_3_1/136615 → CLONE
[474/2000] 2026-08-03 19:09:00 | R2 | 2014_3_1/141827 vs 2014_3_1/138529 → CLONE
[475/2000] 2026-08-03 19:09:06 | R2 | 2014_3_1/137264 vs 2014_3_1/138894 → CLONE
[476/2000] 2026-08-03 19:09:13 | R2 | 2014_3_1/137264 vs 2014_3_1/136615 → CLONE
[477/2000] 2026-08-03 19:09:20 | R2 | 2014_3_1/137264 vs 2014_3_1/138529 → CLONE
[478/2000] 2026-08-03 19:09:25 | R2 | 2014_3_1/138894 vs 2014_3_1/136615 → CLONE
[479/2000] 2026-08-03 19:09:30 | R2 | 2014_3_1/138894 vs 2014_3_1/138529 → CLONE
[480/2000] 2026-08-03 19:09:35 | R2 | 2014_3_1/136615 vs 2014_3_1/138529 → CLONE
[481/2000] 2026-08-03 19:09:40 | R2 | 2015_0_1/79967 vs 2015_0_1/35102 → CLONE
[482/2000] 2026-08-03 19:09:45 | R2 | 2015_0_1/79967 vs 2015_0_1/68106 → CLONE
[483/2000] 2026-08-03 19:09:51 | R2 | 2015_0_1/79967 vs 2015_0_1/65869 → CLONE
[484/2000] 2026-08-03 19:09:56 | R2 | 2015_0_1/79967 vs 2015_0_1/46754 → CLONE
[485/2000] 2026-08-03 19:10:01 | R2 | 2015_0_1/35102 vs 2015_0_1/68106 → CLONE
[486/2000] 2026-08-03 19:10:06 | R2 | 2015_0_1/35102 vs 2015_0_1/65869 → CLONE
[487/2000] 2026-08-03 19:10:11 | R2 | 2015_0_1/35102 vs 2015_0_1/46754 → CLONE
[488/2000] 2026-08-03 19:10:16 | R2 | 2015_0_1/68106 vs 2015_0_1/65869 → CLONE
[489/2000] 2026-08-03 19:10:20 | R2 | 2015_0_1/68106 vs 2015_0_1/46754 → CLONE
[490/2000] 2026-08-03 19:10:25 | R2 | 2015_0_1/65869 vs 2015_0_1/46754 → CLONE
[491/2000] 2026-08-03 19:10:30 | R2 | 2015_0_2/34257 vs 2015_0_2/32722 → CLONE
[492/2000] 2026-08-03 19:10:35 | R2 | 2015_0_2/34257 vs 2015_0_2/77145 → CLONE
[493/2000] 2026-08-03 19:10:40 | R2 | 2015_0_2/34257 vs 2015_0_2/72707 → CLONE
[494/2000] 2026-08-03 19:10:45 | R2 | 2015_0_2/34257 vs 2015_0_2/68668 → CLONE
[495/2000] 2026-08-03 19:10:50 | R2 | 2015_0_2/32722 vs 2015_0_2/77145 → CLONE
[496/2000] 2026-08-03 19:10:55 | R2 | 2015_0_2/32722 vs 2015_0_2/72707 → CLONE
[497/2000] 2026-08-03 19:11:00 | R2 | 2015_0_2/32722 vs 2015_0_2/68668 → CLONE
[498/2000] 2026-08-03 19:11:03 | R2 | 2015_0_2/77145 vs 2015_0_2/72707 → CLONE
[499/2000] 2026-08-03 19:11:08 | R2 | 2015_0_2/77145 vs 2015_0_2/68668 → CLONE
[500/2000] 2026-08-03 19:11:12 | R2 | 2015_0_2/72707 vs 2015_0_2/68668 → CLONE
[501/2000] 2026-08-03 19:11:29 | R2 | 2015_0_3/74464 vs 2015_0_3/88073 → CLONE
[502/2000] 2026-08-03 19:11:45 | R2 | 2015_0_3/74464 vs 2015_0_3/21597 → CLONE
[503/2000] 2026-08-03 19:12:00 | R2 | 2015_0_3/74464 vs 2015_0_3/62582 → CLONE
[504/2000] 2026-08-03 19:12:14 | R2 | 2015_0_3/74464 vs 2015_0_3/107238 → CLONE
[505/2000] 2026-08-03 19:12:28 | R2 | 2015_0_3/88073 vs 2015_0_3/21597 → CLONE
[506/2000] 2026-08-03 19:12:40 | R2 | 2015_0_3/88073 vs 2015_0_3/62582 → CLONE
[507/2000] 2026-08-03 19:12:52 | R2 | 2015_0_3/88073 vs 2015_0_3/107238 → CLONE
[508/2000] 2026-08-03 19:13:00 | R2 | 2015_0_3/21597 vs 2015_0_3/62582 → CLONE
[509/2000] 2026-08-03 19:13:10 | R2 | 2015_0_3/21597 vs 2015_0_3/107238 → CLONE
[510/2000] 2026-08-03 19:13:20 | R2 | 2015_0_3/62582 vs 2015_0_3/107238 → CLONE
[511/2000] 2026-08-03 19:13:27 | R2 | 2015_0_4/107149 vs 2015_0_4/96734 → CLONE
[512/2000] 2026-08-03 19:13:34 | R2 | 2015_0_4/107149 vs 2015_0_4/79014 → CLONE
[513/2000] 2026-08-03 19:13:40 | R2 | 2015_0_4/107149 vs 2015_0_4/21673 → CLONE
[514/2000] 2026-08-03 19:13:46 | R2 | 2015_0_4/107149 vs 2015_0_4/77477 → CLONE
[515/2000] 2026-08-03 19:13:53 | R2 | 2015_0_4/96734 vs 2015_0_4/79014 → CLONE
[516/2000] 2026-08-03 19:13:58 | R2 | 2015_0_4/96734 vs 2015_0_4/21673 → CLONE
[517/2000] 2026-08-03 19:14:04 | R2 | 2015_0_4/96734 vs 2015_0_4/77477 → CLONE
[518/2000] 2026-08-03 19:14:09 | R2 | 2015_0_4/79014 vs 2015_0_4/21673 → CLONE
[519/2000] 2026-08-03 19:14:15 | R2 | 2015_0_4/79014 vs 2015_0_4/77477 → CLONE
[520/2000] 2026-08-03 19:14:21 | R2 | 2015_0_4/21673 vs 2015_0_4/77477 → CLONE
[521/2000] 2026-08-03 19:14:26 | R2 | 2015_1_1/127730 vs 2015_1_1/114491 → CLONE
[522/2000] 2026-08-03 19:14:33 | R2 | 2015_1_1/127730 vs 2015_1_1/125935 → CLONE
[523/2000] 2026-08-03 19:14:38 | R2 | 2015_1_1/127730 vs 2015_1_1/124925 → CLONE
[524/2000] 2026-08-03 19:14:44 | R2 | 2015_1_1/127730 vs 2015_1_1/115055 → CLONE
[525/2000] 2026-08-03 19:14:51 | R2 | 2015_1_1/114491 vs 2015_1_1/125935 → CLONE
[526/2000] 2026-08-03 19:14:56 | R2 | 2015_1_1/114491 vs 2015_1_1/124925 → CLONE
[527/2000] 2026-08-03 19:15:02 | R2 | 2015_1_1/114491 vs 2015_1_1/115055 → CLONE
[528/2000] 2026-08-03 19:15:08 | R2 | 2015_1_1/125935 vs 2015_1_1/124925 → CLONE
[529/2000] 2026-08-03 19:15:16 | R2 | 2015_1_1/125935 vs 2015_1_1/115055 → CLONE
[530/2000] 2026-08-03 19:15:21 | R2 | 2015_1_1/124925 vs 2015_1_1/115055 → CLONE
[531/2000] 2026-08-03 19:15:26 | R2 | 2016_0_1/60475 vs 2016_0_1/69477 → CLONE
[532/2000] 2026-08-03 19:15:32 | R2 | 2016_0_1/60475 vs 2016_0_1/123558 → CLONE
[533/2000] 2026-08-03 19:15:41 | R2 | 2016_0_1/60475 vs 2016_0_1/55901 → CLONE
[534/2000] 2026-08-03 19:15:47 | R2 | 2016_0_1/60475 vs 2016_0_1/72044 → CLONE
[535/2000] 2026-08-03 19:15:52 | R2 | 2016_0_1/69477 vs 2016_0_1/123558 → CLONE
[536/2000] 2026-08-03 19:16:00 | R2 | 2016_0_1/69477 vs 2016_0_1/55901 → CLONE
[537/2000] 2026-08-03 19:16:05 | R2 | 2016_0_1/69477 vs 2016_0_1/72044 → CLONE
[538/2000] 2026-08-03 19:16:13 | R2 | 2016_0_1/123558 vs 2016_0_1/55901 → CLONE
[539/2000] 2026-08-03 19:16:20 | R2 | 2016_0_1/123558 vs 2016_0_1/72044 → CLONE
[540/2000] 2026-08-03 19:16:28 | R2 | 2016_0_1/55901 vs 2016_0_1/72044 → CLONE
[541/2000] 2026-08-03 19:16:33 | R2 | 2016_0_2/68074 vs 2016_0_2/150691 → CLONE
[542/2000] 2026-08-03 19:16:37 | R2 | 2016_0_2/68074 vs 2016_0_2/125812 → CLONE
[543/2000] 2026-08-03 19:16:42 | R2 | 2016_0_2/68074 vs 2016_0_2/88861 → CLONE
[544/2000] 2026-08-03 19:16:47 | R2 | 2016_0_2/68074 vs 2016_0_2/162423 → CLONE
[545/2000] 2026-08-03 19:16:53 | R2 | 2016_0_2/150691 vs 2016_0_2/125812 → CLONE
[546/2000] 2026-08-03 19:16:57 | R2 | 2016_0_2/150691 vs 2016_0_2/88861 → CLONE
[547/2000] 2026-08-03 19:17:02 | R2 | 2016_0_2/150691 vs 2016_0_2/162423 → CLONE
[548/2000] 2026-08-03 19:17:06 | R2 | 2016_0_2/125812 vs 2016_0_2/88861 → CLONE
[549/2000] 2026-08-03 19:17:11 | R2 | 2016_0_2/125812 vs 2016_0_2/162423 → CLONE
[550/2000] 2026-08-03 19:17:15 | R2 | 2016_0_2/88861 vs 2016_0_2/162423 → CLONE
[551/2000] 2026-08-03 19:17:20 | R2 | 2016_0_4/100472 vs 2016_0_4/129913 → CLONE
[552/2000] 2026-08-03 19:17:26 | R2 | 2016_0_4/100472 vs 2016_0_4/58218 → CLONE
[553/2000] 2026-08-03 19:17:34 | R2 | 2016_0_4/100472 vs 2016_0_4/63729 → CLONE
[554/2000] 2026-08-03 19:17:40 | R2 | 2016_0_4/100472 vs 2016_0_4/138317 → CLONE
[555/2000] 2026-08-03 19:17:45 | R2 | 2016_0_4/129913 vs 2016_0_4/58218 → CLONE
[556/2000] 2026-08-03 19:17:52 | R2 | 2016_0_4/129913 vs 2016_0_4/63729 → CLONE
[557/2000] 2026-08-03 19:17:57 | R2 | 2016_0_4/129913 vs 2016_0_4/138317 → CLONE
[558/2000] 2026-08-03 19:18:03 | R2 | 2016_0_4/58218 vs 2016_0_4/63729 → CLONE
[559/2000] 2026-08-03 19:18:09 | R2 | 2016_0_4/58218 vs 2016_0_4/138317 → CLONE
[560/2000] 2026-08-03 19:18:16 | R2 | 2016_0_4/63729 vs 2016_0_4/138317 → CLONE
[561/2000] 2026-08-03 19:18:23 | R2 | 2016_1_1/1153 vs 2016_1_1/14479 → CLONE
[562/2000] 2026-08-03 19:18:28 | R2 | 2016_1_1/1153 vs 2016_1_1/8299 → CLONE
[563/2000] 2026-08-03 19:18:32 | R2 | 2016_1_1/1153 vs 2016_1_1/29796 → CLONE
[564/2000] 2026-08-03 19:18:36 | R2 | 2016_1_1/1153 vs 2016_1_1/2003 → CLONE
[565/2000] 2026-08-03 19:18:42 | R2 | 2016_1_1/14479 vs 2016_1_1/8299 → CLONE
[566/2000] 2026-08-03 19:18:49 | R2 | 2016_1_1/14479 vs 2016_1_1/29796 → CLONE
[567/2000] 2026-08-03 19:18:56 | R2 | 2016_1_1/14479 vs 2016_1_1/2003 → CLONE
[568/2000] 2026-08-03 19:19:00 | R2 | 2016_1_1/8299 vs 2016_1_1/29796 → CLONE
[569/2000] 2026-08-03 19:19:05 | R2 | 2016_1_1/8299 vs 2016_1_1/2003 → CLONE
[570/2000] 2026-08-03 19:19:09 | R2 | 2016_1_1/29796 vs 2016_1_1/2003 → CLONE
[571/2000] 2026-08-03 19:19:14 | R2 | 2016_1_2/8152 vs 2016_1_2/31984 → CLONE
[572/2000] 2026-08-03 19:19:19 | R2 | 2016_1_2/8152 vs 2016_1_2/20611 → CLONE
[573/2000] 2026-08-03 19:19:39 | R2 | 2016_1_2/8152 vs 2016_1_2/19093 → CLONE
[574/2000] 2026-08-03 19:19:45 | R2 | 2016_1_2/8152 vs 2016_1_2/30007 → CLONE
[575/2000] 2026-08-03 19:19:50 | R2 | 2016_1_2/31984 vs 2016_1_2/20611 → CLONE
[576/2000] 2026-08-03 19:20:08 | R2 | 2016_1_2/31984 vs 2016_1_2/19093 → CLONE
[577/2000] 2026-08-03 19:20:16 | R2 | 2016_1_2/31984 vs 2016_1_2/30007 → CLONE
[578/2000] 2026-08-03 19:20:36 | R2 | 2016_1_2/20611 vs 2016_1_2/19093 → CLONE
[579/2000] 2026-08-03 19:20:41 | R2 | 2016_1_2/20611 vs 2016_1_2/30007 → CLONE
[580/2000] 2026-08-03 19:21:07 | R2 | 2016_1_2/19093 vs 2016_1_2/30007 → CLONE
[581/2000] 2026-08-03 19:21:14 | R2 | 2016_2_1/197689 vs 2016_2_1/192495 → CLONE
[582/2000] 2026-08-03 19:21:25 | R2 | 2016_2_1/197689 vs 2016_2_1/187476 → CLONE
[583/2000] 2026-08-03 19:21:35 | R2 | 2016_2_1/197689 vs 2016_2_1/193269 → CLONE
[584/2000] 2026-08-03 19:21:47 | R2 | 2016_2_1/197689 vs 2016_2_1/184367 → CLONE
[585/2000] 2026-08-03 19:21:55 | R2 | 2016_2_1/192495 vs 2016_2_1/187476 → CLONE
[586/2000] 2026-08-03 19:22:02 | R2 | 2016_2_1/192495 vs 2016_2_1/193269 → CLONE
[587/2000] 2026-08-03 19:22:08 | R2 | 2016_2_1/192495 vs 2016_2_1/184367 → CLONE
[588/2000] 2026-08-03 19:22:16 | R2 | 2016_2_1/187476 vs 2016_2_1/193269 → CLONE
[589/2000] 2026-08-03 19:22:24 | R2 | 2016_2_1/187476 vs 2016_2_1/184367 → CLONE
[590/2000] 2026-08-03 19:22:31 | R2 | 2016_2_1/193269 vs 2016_2_1/184367 → CLONE
[591/2000] 2026-08-03 19:22:38 | R2 | 2016_3_1/205670 vs 2016_3_1/211583 → CLONE
[592/2000] 2026-08-03 19:22:44 | R2 | 2016_3_1/205670 vs 2016_3_1/210871 → CLONE
[593/2000] 2026-08-03 19:22:52 | R2 | 2016_3_1/205670 vs 2016_3_1/218815 → CLONE
[594/2000] 2026-08-03 19:22:58 | R2 | 2016_3_1/205670 vs 2016_3_1/207727 → CLONE
[595/2000] 2026-08-03 19:23:05 | R2 | 2016_3_1/211583 vs 2016_3_1/210871 → CLONE
[596/2000] 2026-08-03 19:23:12 | R2 | 2016_3_1/211583 vs 2016_3_1/218815 → CLONE
[597/2000] 2026-08-03 19:23:19 | R2 | 2016_3_1/211583 vs 2016_3_1/207727 → CLONE
[598/2000] 2026-08-03 19:23:24 | R2 | 2016_3_1/210871 vs 2016_3_1/218815 → CLONE
[599/2000] 2026-08-03 19:23:31 | R2 | 2016_3_1/210871 vs 2016_3_1/207727 → CLONE
[600/2000] 2026-08-03 19:23:37 | R2 | 2016_3_1/218815 vs 2016_3_1/207727 → CLONE
[601/2000] 2026-08-03 19:23:42 | R2 | 2013_0_1/84294 vs 2016_3_1/218815 → NON-CLONE
[602/2000] 2026-08-03 19:23:46 | R2 | 2013_0_1/84294 vs 2015_1_1/124925 → NON-CLONE
[603/2000] 2026-08-03 19:23:52 | R2 | 2013_0_1/84294 vs 2016_0_2/88861 → NON-CLONE
[604/2000] 2026-08-03 19:23:56 | R2 | 2013_0_1/84294 vs 2014_0_2/107403 → NON-CLONE
[605/2000] 2026-08-03 19:24:05 | R2 | 2013_0_1/58633 vs 2015_0_3/62582 → NON-CLONE
[606/2000] 2026-08-03 19:24:11 | R2 | 2013_0_1/58633 vs 2013_1_1/35305 → NON-CLONE
[607/2000] 2026-08-03 19:24:20 | R2 | 2013_0_1/58633 vs 2016_0_4/100472 → NON-CLONE
[608/2000] 2026-08-03 19:24:25 | R2 | 2013_0_1/124149 vs 2015_0_1/68106 → NON-CLONE
[609/2000] 2026-08-03 19:24:32 | R2 | 2013_0_1/124149 vs 2016_1_2/8152 → NON-CLONE
[610/2000] 2026-08-03 19:24:37 | R2 | 2013_0_1/88116 vs 2016_1_1/2003 → NON-CLONE
[611/2000] 2026-08-03 19:24:48 | R2 | 2013_0_2/95524 vs 2015_0_3/88073 → NON-CLONE
[612/2000] 2026-08-03 19:24:55 | R2 | 2013_0_2/95524 vs 2016_0_4/63729 → NON-CLONE
[613/2000] 2026-08-03 19:25:02 | R2 | 2013_0_2/95524 vs 2014_0_3/71973 → NON-CLONE
[614/2000] 2026-08-03 19:25:09 | R2 | 2013_0_2/95524 vs 2016_3_1/205670 → NON-CLONE
[615/2000] 2026-08-03 19:25:15 | R2 | 2013_0_2/44471 vs 2013_0_3/118052 → NON-CLONE
[616/2000] 2026-08-03 19:25:26 | R2 | 2013_0_2/44471 vs 2013_0_3/55548 → NON-CLONE
[617/2000] 2026-08-03 19:25:34 | R2 | 2013_0_2/44471 vs 2016_1_2/30007 → NON-CLONE
[618/2000] 2026-08-03 19:25:43 | R2 | 2013_0_2/55421 vs 2014_2_1/125050 → NON-CLONE
[619/2000] 2026-08-03 19:25:50 | R2 | 2013_0_2/55421 vs 2015_0_1/68106 → NON-CLONE
[620/2000] 2026-08-03 19:25:56 | R2 | 2013_0_2/90919 vs 2013_1_1/35305 → NON-CLONE
[621/2000] 2026-08-03 19:26:07 | R2 | 2013_0_3/55548 vs 2014_2_1/125050 → NON-CLONE
[622/2000] 2026-08-03 19:26:16 | R2 | 2013_0_3/55548 vs 2013_1_1/30610 → NON-CLONE
[623/2000] 2026-08-03 19:26:25 | R2 | 2013_0_3/55548 vs 2015_0_3/62582 → NON-CLONE
[624/2000] 2026-08-03 19:26:34 | R2 | 2013_0_3/55548 vs 2015_0_1/79967 → NON-CLONE
[625/2000] 2026-08-03 19:26:40 | R2 | 2013_0_3/94901 vs 2015_1_1/124925 → NON-CLONE
[626/2000] 2026-08-03 19:26:46 | R2 | 2013_0_3/94901 vs 2016_1_2/31984 → NON-CLONE
[627/2000] 2026-08-03 19:26:55 | R2 | 2013_0_3/94901 vs 2015_0_3/88073 → NON-CLONE
[628/2000] 2026-08-03 19:27:08 | R2 | 2013_0_3/78294 vs 2014_0_3/108079 → NON-CLONE
[629/2000] 2026-08-03 19:27:17 | R2 | 2013_0_3/78294 vs 2015_0_3/21597 → NON-CLONE
[630/2000] 2026-08-03 19:27:27 | R2 | 2013_0_3/118052 vs 2015_0_3/74464 → NON-CLONE
[631/2000] 2026-08-03 19:27:32 | R2 | 2013_1_1/35305 vs 2014_2_1/115332 → NON-CLONE
[632/2000] 2026-08-03 19:27:40 | R2 | 2013_1_1/35305 vs 2016_2_1/197689 → NON-CLONE
[633/2000] 2026-08-03 19:27:45 | R2 | 2013_1_1/35305 vs 2014_3_1/138529 → NON-CLONE
[634/2000] 2026-08-03 19:27:50 | R2 | 2013_1_1/35305 vs 2016_2_1/184367 → NON-CLONE
[635/2000] 2026-08-03 19:27:55 | R2 | 2013_1_1/30788 vs 2016_2_1/187476 → NON-CLONE
[636/2000] 2026-08-03 19:28:00 | R2 | 2013_1_1/30788 vs 2016_1_2/20611 → NON-CLONE
[637/2000] 2026-08-03 19:28:07 | R2 | 2013_1_1/30788 vs 2013_0_2/114653 → NON-CLONE
[638/2000] 2026-08-03 19:28:12 | R2 | 2013_1_1/30610 vs 2016_1_1/8299 → NON-CLONE
[639/2000] 2026-08-03 19:28:19 | R2 | 2013_1_1/30610 vs 2016_1_2/31984 → NON-CLONE
[640/2000] 2026-08-03 19:28:33 | R2 | 2013_1_1/30305 vs 2014_0_3/27551 → NON-CLONE
[641/2000] 2026-08-03 19:28:36 | R2 | 2014_0_2/107403 vs 2016_0_2/88861 → NON-CLONE
[642/2000] 2026-08-03 19:28:40 | R2 | 2014_0_2/107403 vs 2016_3_1/218815 → NON-CLONE
[643/2000] 2026-08-03 19:28:45 | R2 | 2014_0_2/107403 vs 2014_3_1/137264 → NON-CLONE
[644/2000] 2026-08-03 19:28:54 | R2 | 2014_0_2/107403 vs 2014_0_3/108079 → NON-CLONE
[645/2000] 2026-08-03 19:28:59 | R2 | 2014_0_2/81302 vs 2015_1_1/115055 → NON-CLONE
[646/2000] 2026-08-03 19:29:05 | R2 | 2014_0_2/81302 vs 2015_0_3/62582 → NON-CLONE
[647/2000] 2026-08-03 19:29:10 | R2 | 2014_0_2/81302 vs 2014_3_1/138529 → NON-CLONE
[648/2000] 2026-08-03 19:29:14 | R2 | 2014_0_2/27351 vs 2016_1_2/31984 → NON-CLONE
[649/2000] 2026-08-03 19:29:19 | R2 | 2014_0_2/27351 vs 2016_2_1/193269 → NON-CLONE
[650/2000] 2026-08-03 19:29:23 | R2 | 2014_0_2/41018 vs 2016_0_4/129913 → NON-CLONE
[651/2000] 2026-08-03 19:29:36 | R2 | 2014_0_3/108079 vs 2014_2_1/126555 → NON-CLONE
[652/2000] 2026-08-03 19:29:45 | R2 | 2014_0_3/108079 vs 2016_2_1/187476 → NON-CLONE
[653/2000] 2026-08-03 19:29:57 | R2 | 2014_0_3/108079 vs 2015_0_2/32722 → NON-CLONE
[654/2000] 2026-08-03 19:30:11 | R2 | 2014_0_3/108079 vs 2013_0_2/55421 → NON-CLONE
[655/2000] 2026-08-03 19:30:20 | R2 | 2014_0_3/27551 vs 2014_2_1/125050 → NON-CLONE
[656/2000] 2026-08-03 19:30:31 | R2 | 2014_0_3/27551 vs 2013_0_1/124226 → NON-CLONE
[657/2000] 2026-08-03 19:30:41 | R2 | 2014_0_3/27551 vs 2015_0_2/34257 → NON-CLONE
[658/2000] 2026-08-03 19:30:53 | R2 | 2014_0_3/99421 vs 2015_0_4/96734 → NON-CLONE
[659/2000] 2026-08-03 19:31:09 | R2 | 2014_0_3/99421 vs 2014_3_1/138529 → NON-CLONE
[660/2000] 2026-08-03 19:31:39 | R2 | 2014_0_3/22792 vs 2013_0_2/90919 → NON-CLONE
[661/2000] 2026-08-03 19:32:00 | R2 | 2014_2_1/124976 vs 2014_0_3/99421 → NON-CLONE
[662/2000] 2026-08-03 19:32:08 | R2 | 2014_2_1/124976 vs 2016_0_4/58218 → NON-CLONE
[663/2000] 2026-08-03 19:32:17 | R2 | 2014_2_1/124976 vs 2016_3_1/211583 → NON-CLONE
[664/2000] 2026-08-03 19:32:25 | R2 | 2014_2_1/124976 vs 2015_0_2/34257 → NON-CLONE
[665/2000] 2026-08-03 19:32:43 | R2 | 2014_2_1/115332 vs 2014_0_3/99421 → NON-CLONE
[666/2000] 2026-08-03 19:33:10 | R2 | 2014_2_1/115332 vs 2016_1_2/19093 → NON-CLONE
[667/2000] 2026-08-03 19:33:19 | R2 | 2014_2_1/115332 vs 2016_0_1/55901 → NON-CLONE
[668/2000] 2026-08-03 19:33:26 | R2 | 2014_2_1/119554 vs 2015_0_4/107149 → NON-CLONE
[669/2000] 2026-08-03 19:33:33 | R2 | 2014_2_1/119554 vs 2016_1_2/20611 → NON-CLONE
[670/2000] 2026-08-03 19:33:40 | R2 | 2014_2_1/126555 vs 2015_1_1/124925 → NON-CLONE
[671/2000] 2026-08-03 19:33:54 | R2 | 2014_3_1/141827 vs 2013_1_1/30305 → NON-CLONE
[672/2000] 2026-08-03 19:34:09 | R2 | 2014_3_1/141827 vs 2014_2_1/126555 → NON-CLONE
[673/2000] 2026-08-03 19:34:19 | R2 | 2014_3_1/141827 vs 2013_1_1/30610 → NON-CLONE
[674/2000] 2026-08-03 19:34:30 | R2 | 2014_3_1/141827 vs 2014_2_1/115332 → NON-CLONE
[675/2000] 2026-08-03 19:34:34 | R2 | 2014_3_1/137264 vs 2016_0_4/129913 → NON-CLONE
[676/2000] 2026-08-03 19:34:39 | R2 | 2014_3_1/137264 vs 2016_0_2/88861 → NON-CLONE
[677/2000] 2026-08-03 19:34:49 | R2 | 2014_3_1/137264 vs 2014_2_1/126555 → NON-CLONE
[678/2000] 2026-08-03 19:34:54 | R2 | 2014_3_1/138894 vs 2016_0_4/138317 → NON-CLONE
[679/2000] 2026-08-03 19:34:59 | R2 | 2014_3_1/138894 vs 2015_0_4/77477 → NON-CLONE
[680/2000] 2026-08-03 19:35:04 | R2 | 2014_3_1/136615 vs 2016_0_4/138317 → NON-CLONE
[681/2000] 2026-08-03 19:35:11 | R2 | 2015_0_1/79967 vs 2015_0_4/96734 → NON-CLONE
[682/2000] 2026-08-03 19:35:20 | R2 | 2015_0_1/79967 vs 2015_0_3/88073 → NON-CLONE
[683/2000] 2026-08-03 19:35:53 | R2 | 2015_0_1/79967 vs 2014_0_3/22792 → NON-CLONE
[684/2000] 2026-08-03 19:35:59 | R2 | 2015_0_1/79967 vs 2013_1_1/30610 → NON-CLONE
[685/2000] 2026-08-03 19:36:02 | R2 | 2015_0_1/35102 vs 2016_0_2/68074 → NON-CLONE
[686/2000] 2026-08-03 19:36:11 | R2 | 2015_0_1/35102 vs 2016_0_1/55901 → NON-CLONE
[687/2000] 2026-08-03 19:36:18 | R2 | 2015_0_1/35102 vs 2013_0_3/94901 → NON-CLONE
[688/2000] 2026-08-03 19:36:23 | R2 | 2015_0_1/68106 vs 2013_0_2/44471 → NON-CLONE
[689/2000] 2026-08-03 19:36:30 | R2 | 2015_0_1/68106 vs 2013_0_3/83531 → NON-CLONE
[690/2000] 2026-08-03 19:36:35 | R2 | 2015_0_1/65869 vs 2013_1_1/40715 → NON-CLONE
[691/2000] 2026-08-03 19:36:39 | R2 | 2015_0_2/34257 vs 2016_1_2/8152 → NON-CLONE
[692/2000] 2026-08-03 19:36:44 | R2 | 2015_0_2/34257 vs 2014_0_2/107403 → NON-CLONE
[693/2000] 2026-08-03 19:36:50 | R2 | 2015_0_2/34257 vs 2016_2_1/187476 → NON-CLONE
[694/2000] 2026-08-03 19:36:56 | R2 | 2015_0_2/34257 vs 2015_0_4/77477 → NON-CLONE
[695/2000] 2026-08-03 19:37:03 | R2 | 2015_0_2/32722 vs 2016_1_1/14479 → NON-CLONE
[696/2000] 2026-08-03 19:37:08 | R2 | 2015_0_2/32722 vs 2013_0_2/90919 → NON-CLONE
[697/2000] 2026-08-03 19:37:14 | R2 | 2015_0_2/32722 vs 2015_0_3/107238 → NON-CLONE
[698/2000] 2026-08-03 19:37:21 | R2 | 2015_0_2/77145 vs 2015_0_3/62582 → NON-CLONE
[699/2000] 2026-08-03 19:37:27 | R2 | 2015_0_2/77145 vs 2016_1_1/14479 → NON-CLONE
[700/2000] 2026-08-03 19:37:31 | R2 | 2015_0_2/72707 vs 2015_1_1/115055 → NON-CLONE
[701/2000] 2026-08-03 19:37:42 | R2 | 2015_0_3/74464 vs 2016_0_2/125812 → NON-CLONE
[702/2000] 2026-08-03 19:37:55 | R2 | 2015_0_3/74464 vs 2014_2_1/119554 → NON-CLONE
[703/2000] 2026-08-03 19:38:07 | R2 | 2015_0_3/74464 vs 2016_0_4/100472 → NON-CLONE
[704/2000] 2026-08-03 19:38:23 | R2 | 2015_0_3/74464 vs 2013_0_1/58633 → NON-CLONE
[705/2000] 2026-08-03 19:38:34 | R2 | 2015_0_3/88073 vs 2016_2_1/187476 → NON-CLONE
[706/2000] 2026-08-03 19:38:43 | R2 | 2015_0_3/88073 vs 2016_3_1/210871 → NON-CLONE
[707/2000] 2026-08-03 19:38:52 | R2 | 2015_0_3/88073 vs 2013_0_3/83531 → NON-CLONE
[708/2000] 2026-08-03 19:39:01 | R2 | 2015_0_3/21597 vs 2016_2_1/187476 → NON-CLONE
[709/2000] 2026-08-03 19:39:06 | R2 | 2015_0_3/21597 vs 2016_0_2/88861 → NON-CLONE
[710/2000] 2026-08-03 19:39:14 | R2 | 2015_0_3/62582 vs 2014_2_1/125050 → NON-CLONE
[711/2000] 2026-08-03 19:39:20 | R2 | 2015_0_4/107149 vs 2016_1_2/20611 → NON-CLONE
[712/2000] 2026-08-03 19:39:26 | R2 | 2015_0_4/107149 vs 2015_0_1/65869 → NON-CLONE
[713/2000] 2026-08-03 19:39:34 | R2 | 2015_0_4/107149 vs 2013_0_3/83531 → NON-CLONE
[714/2000] 2026-08-03 19:39:41 | R2 | 2015_0_4/107149 vs 2014_3_1/138894 → NON-CLONE
[715/2000] 2026-08-03 19:39:46 | R2 | 2015_0_4/96734 vs 2015_1_1/127730 → NON-CLONE
[716/2000] 2026-08-03 19:39:51 | R2 | 2015_0_4/96734 vs 2014_0_2/107403 → NON-CLONE
[717/2000] 2026-08-03 19:39:57 | R2 | 2015_0_4/96734 vs 2015_1_1/124925 → NON-CLONE
[718/2000] 2026-08-03 19:40:03 | R2 | 2015_0_4/79014 vs 2013_0_1/84294 → NON-CLONE
[719/2000] 2026-08-03 19:40:09 | R2 | 2015_0_4/79014 vs 2016_3_1/210871 → NON-CLONE
[720/2000] 2026-08-03 19:40:15 | R2 | 2015_0_4/21673 vs 2016_3_1/210871 → NON-CLONE
[721/2000] 2026-08-03 19:40:22 | R2 | 2015_1_1/127730 vs 2014_2_1/126555 → NON-CLONE
[722/2000] 2026-08-03 19:40:28 | R2 | 2015_1_1/127730 vs 2016_0_1/72044 → NON-CLONE
[723/2000] 2026-08-03 19:40:33 | R2 | 2015_1_1/127730 vs 2014_0_2/27351 → NON-CLONE
[724/2000] 2026-08-03 19:40:38 | R2 | 2015_1_1/127730 vs 2016_0_1/72044 → NON-CLONE
[725/2000] 2026-08-03 19:40:42 | R2 | 2015_1_1/114491 vs 2013_0_3/118052 → NON-CLONE
[726/2000] 2026-08-03 19:40:47 | R2 | 2015_1_1/114491 vs 2016_1_2/8152 → NON-CLONE
[727/2000] 2026-08-03 19:40:52 | R2 | 2015_1_1/114491 vs 2014_3_1/136615 → NON-CLONE
[728/2000] 2026-08-03 19:41:00 | R2 | 2015_1_1/125935 vs 2016_1_2/31984 → NON-CLONE
[729/2000] 2026-08-03 19:41:06 | R2 | 2015_1_1/125935 vs 2016_0_1/72044 → NON-CLONE
[730/2000] 2026-08-03 19:41:10 | R2 | 2015_1_1/124925 vs 2016_1_1/8299 → NON-CLONE
[731/2000] 2026-08-03 19:41:22 | R2 | 2016_0_1/60475 vs 2014_0_3/108079 → NON-CLONE
[732/2000] 2026-08-03 19:41:27 | R2 | 2016_0_1/60475 vs 2013_1_1/40715 → NON-CLONE
[733/2000] 2026-08-03 19:41:32 | R2 | 2016_0_1/60475 vs 2015_0_2/77145 → NON-CLONE
[734/2000] 2026-08-03 19:41:37 | R2 | 2016_0_1/60475 vs 2014_0_2/107403 → NON-CLONE
[735/2000] 2026-08-03 19:41:41 | R2 | 2016_0_1/69477 vs 2016_0_2/162423 → NON-CLONE
[736/2000] 2026-08-03 19:41:46 | R2 | 2016_0_1/69477 vs 2016_0_2/125812 → NON-CLONE
[737/2000] 2026-08-03 19:41:50 | R2 | 2016_0_1/69477 vs 2013_0_1/84294 → NON-CLONE
[738/2000] 2026-08-03 19:41:57 | R2 | 2016_0_1/123558 vs 2016_1_1/14479 → NON-CLONE
[739/2000] 2026-08-03 19:42:03 | R2 | 2016_0_1/123558 vs 2015_0_1/35102 → NON-CLONE
[740/2000] 2026-08-03 19:42:13 | R2 | 2016_0_1/55901 vs 2015_1_1/125935 → NON-CLONE
[741/2000] 2026-08-03 19:42:19 | R2 | 2016_0_2/68074 vs 2013_0_1/124149 → NON-CLONE
[742/2000] 2026-08-03 19:42:25 | R2 | 2016_0_2/68074 vs 2013_0_3/83531 → NON-CLONE
[743/2000] 2026-08-03 19:42:30 | R2 | 2016_0_2/68074 vs 2015_0_2/32722 → NON-CLONE
[744/2000] 2026-08-03 19:42:35 | R2 | 2016_0_2/68074 vs 2014_3_1/138529 → NON-CLONE
[745/2000] 2026-08-03 19:42:42 | R2 | 2016_0_2/150691 vs 2014_2_1/124976 → NON-CLONE
[746/2000] 2026-08-03 19:42:49 | R2 | 2016_0_2/150691 vs 2013_0_2/55421 → NON-CLONE
[747/2000] 2026-08-03 19:42:56 | R2 | 2016_0_2/150691 vs 2014_2_1/124976 → NON-CLONE
[748/2000] 2026-08-03 19:43:01 | R2 | 2016_0_2/125812 vs 2016_0_4/58218 → NON-CLONE
[749/2000] 2026-08-03 19:43:09 | R2 | 2016_0_2/125812 vs 2013_0_3/55548 → NON-CLONE
[750/2000] 2026-08-03 19:43:15 | R2 | 2016_0_2/88861 vs 2013_0_3/55548 → NON-CLONE
[751/2000] 2026-08-03 19:43:22 | R2 | 2016_0_4/100472 vs 2016_3_1/218815 → NON-CLONE
[752/2000] 2026-08-03 19:43:29 | R2 | 2016_0_4/100472 vs 2015_1_1/125935 → NON-CLONE
[753/2000] 2026-08-03 19:43:36 | R2 | 2016_0_4/100472 vs 2013_0_2/90919 → NON-CLONE
[754/2000] 2026-08-03 19:43:45 | R2 | 2016_0_4/100472 vs 2016_0_1/55901 → NON-CLONE
[755/2000] 2026-08-03 19:43:49 | R2 | 2016_0_4/129913 vs 2013_1_1/30788 → NON-CLONE
[756/2000] 2026-08-03 19:43:53 | R2 | 2016_0_4/129913 vs 2013_1_1/30788 → NON-CLONE
[757/2000] 2026-08-03 19:44:01 | R2 | 2016_0_4/129913 vs 2016_1_2/30007 → NON-CLONE
[758/2000] 2026-08-03 19:44:06 | R2 | 2016_0_4/58218 vs 2015_1_1/127730 → NON-CLONE
[759/2000] 2026-08-03 19:44:12 | R2 | 2016_0_4/58218 vs 2016_0_2/68074 → NON-CLONE
[760/2000] 2026-08-03 19:44:18 | R2 | 2016_0_4/63729 vs 2014_0_2/81302 → NON-CLONE
[761/2000] 2026-08-03 19:44:26 | R2 | 2016_1_1/1153 vs 2014_2_1/126555 → NON-CLONE
[762/2000] 2026-08-03 19:44:30 | R2 | 2016_1_1/1153 vs 2016_0_1/123558 → NON-CLONE
[763/2000] 2026-08-03 19:44:34 | R2 | 2016_1_1/1153 vs 2016_0_4/58218 → NON-CLONE
[764/2000] 2026-08-03 19:44:39 | R2 | 2016_1_1/1153 vs 2015_0_3/107238 → NON-CLONE
[765/2000] 2026-08-03 19:44:59 | R2 | 2016_1_1/14479 vs 2014_0_3/99421 → NON-CLONE
[766/2000] 2026-08-03 19:45:06 | R2 | 2016_1_1/14479 vs 2016_0_1/72044 → NON-CLONE
[767/2000] 2026-08-03 19:45:14 | R2 | 2016_1_1/14479 vs 2016_3_1/218815 → NON-CLONE
[768/2000] 2026-08-03 19:45:20 | R2 | 2016_1_1/8299 vs 2016_2_1/193269 → NON-CLONE
[769/2000] 2026-08-03 19:45:29 | R2 | 2016_1_1/8299 vs 2014_0_3/108079 → NON-CLONE
[770/2000] 2026-08-03 19:45:33 | R2 | 2016_1_1/29796 vs 2016_3_1/211583 → NON-CLONE
[771/2000] 2026-08-03 19:45:38 | R2 | 2016_1_2/8152 vs 2014_3_1/138529 → NON-CLONE
[772/2000] 2026-08-03 19:45:46 | R2 | 2016_1_2/8152 vs 2015_0_3/88073 → NON-CLONE
[773/2000] 2026-08-03 19:45:55 | R2 | 2016_1_2/8152 vs 2016_2_1/197689 → NON-CLONE
[774/2000] 2026-08-03 19:46:00 | R2 | 2016_1_2/8152 vs 2016_1_1/29796 → NON-CLONE
[775/2000] 2026-08-03 19:46:04 | R2 | 2016_1_2/31984 vs 2015_0_2/77145 → NON-CLONE
[776/2000] 2026-08-03 19:46:09 | R2 | 2016_1_2/31984 vs 2015_0_4/96734 → NON-CLONE
[777/2000] 2026-08-03 19:46:13 | R2 | 2016_1_2/31984 vs 2016_0_1/69477 → NON-CLONE
[778/2000] 2026-08-03 19:46:18 | R2 | 2016_1_2/20611 vs 2015_0_4/79014 → NON-CLONE
[779/2000] 2026-08-03 19:46:21 | R2 | 2016_1_2/20611 vs 2013_1_1/35305 → NON-CLONE
[780/2000] 2026-08-03 19:46:49 | R2 | 2016_1_2/19093 vs 2014_2_1/115332 → NON-CLONE
[781/2000] 2026-08-03 19:47:22 | R2 | 2016_2_1/197689 vs 2014_0_3/22792 → NON-CLONE
[782/2000] 2026-08-03 19:47:32 | R2 | 2016_2_1/197689 vs 2013_0_2/90919 → NON-CLONE
[783/2000] 2026-08-03 19:47:43 | R2 | 2016_2_1/197689 vs 2015_0_1/65869 → NON-CLONE
[784/2000] 2026-08-03 19:47:52 | R2 | 2016_2_1/197689 vs 2013_0_1/124149 → NON-CLONE
[785/2000] 2026-08-03 19:47:59 | R2 | 2016_2_1/192495 vs 2016_0_4/100472 → NON-CLONE
[786/2000] 2026-08-03 19:48:03 | R2 | 2016_2_1/192495 vs 2016_0_2/68074 → NON-CLONE
[787/2000] 2026-08-03 19:48:09 | R2 | 2016_2_1/192495 vs 2014_0_3/71973 → NON-CLONE
[788/2000] 2026-08-03 19:48:15 | R2 | 2016_2_1/187476 vs 2016_0_4/100472 → NON-CLONE
[789/2000] 2026-08-03 19:48:48 | R2 | 2016_2_1/187476 vs 2014_0_3/22792 → NON-CLONE
[790/2000] 2026-08-03 19:48:56 | R2 | 2016_2_1/193269 vs 2013_0_1/84294 → NON-CLONE
[791/2000] 2026-08-03 19:49:02 | R2 | 2016_3_1/205670 vs 2013_0_2/114653 → NON-CLONE
[792/2000] 2026-08-03 19:49:11 | R2 | 2016_3_1/205670 vs 2016_2_1/197689 → NON-CLONE
[793/2000] 2026-08-03 19:49:16 | R2 | 2016_3_1/205670 vs 2016_1_1/1153 → NON-CLONE
[794/2000] 2026-08-03 19:49:22 | R2 | 2016_3_1/205670 vs 2013_0_2/55421 → NON-CLONE
[795/2000] 2026-08-03 19:49:27 | R2 | 2016_3_1/211583 vs 2014_0_3/71973 → NON-CLONE
[796/2000] 2026-08-03 19:49:34 | R2 | 2016_3_1/211583 vs 2013_0_2/90919 → NON-CLONE
[797/2000] 2026-08-03 19:49:40 | R2 | 2016_3_1/211583 vs 2013_0_1/124226 → NON-CLONE
[798/2000] 2026-08-03 19:49:45 | R2 | 2016_3_1/210871 vs 2015_0_1/68106 → NON-CLONE
[799/2000] 2026-08-03 19:49:52 | R2 | 2016_3_1/210871 vs 2013_0_2/114653 → NON-CLONE
[800/2000] 2026-08-03 19:49:57 | R2 | 2016_3_1/218815 vs 2016_0_1/60475 → NON-CLONE
Round 2 done → results_gcj_java/cogito-v1-preview-llama-8B/results_original_deepcogito__cogito-v1-preview-llama-8B_round2.csv
--- Round 3/5 (0 done, 400 remaining) ---
[801/2000] 2026-08-03 19:50:05 | R3 | 2013_0_1/84294 vs 2013_0_1/58633 → CLONE
[802/2000] 2026-08-03 19:50:12 | R3 | 2013_0_1/84294 vs 2013_0_1/124149 → CLONE
[803/2000] 2026-08-03 19:50:19 | R3 | 2013_0_1/84294 vs 2013_0_1/88116 → CLONE
[804/2000] 2026-08-03 19:50:26 | R3 | 2013_0_1/84294 vs 2013_0_1/124226 → CLONE
[805/2000] 2026-08-03 19:50:36 | R3 | 2013_0_1/58633 vs 2013_0_1/124149 → CLONE
[806/2000] 2026-08-03 19:50:45 | R3 | 2013_0_1/58633 vs 2013_0_1/88116 → CLONE
[807/2000] 2026-08-03 19:50:55 | R3 | 2013_0_1/58633 vs 2013_0_1/124226 → CLONE
[808/2000] 2026-08-03 19:51:04 | R3 | 2013_0_1/124149 vs 2013_0_1/88116 → CLONE
[809/2000] 2026-08-03 19:51:13 | R3 | 2013_0_1/124149 vs 2013_0_1/124226 → CLONE
[810/2000] 2026-08-03 19:51:22 | R3 | 2013_0_1/88116 vs 2013_0_1/124226 → CLONE
[811/2000] 2026-08-03 19:51:29 | R3 | 2013_0_2/95524 vs 2013_0_2/44471 → CLONE
[812/2000] 2026-08-03 19:51:36 | R3 | 2013_0_2/95524 vs 2013_0_2/55421 → CLONE
[813/2000] 2026-08-03 19:51:44 | R3 | 2013_0_2/95524 vs 2013_0_2/90919 → CLONE
[814/2000] 2026-08-03 19:51:51 | R3 | 2013_0_2/95524 vs 2013_0_2/114653 → CLONE
[815/2000] 2026-08-03 19:51:59 | R3 | 2013_0_2/44471 vs 2013_0_2/55421 → CLONE
[816/2000] 2026-08-03 19:52:06 | R3 | 2013_0_2/44471 vs 2013_0_2/90919 → CLONE
[817/2000] 2026-08-03 19:52:13 | R3 | 2013_0_2/44471 vs 2013_0_2/114653 → CLONE
[818/2000] 2026-08-03 19:52:21 | R3 | 2013_0_2/55421 vs 2013_0_2/90919 → CLONE
[819/2000] 2026-08-03 19:52:28 | R3 | 2013_0_2/55421 vs 2013_0_2/114653 → CLONE
[820/2000] 2026-08-03 19:52:35 | R3 | 2013_0_2/90919 vs 2013_0_2/114653 → CLONE
[821/2000] 2026-08-03 19:52:45 | R3 | 2013_0_3/55548 vs 2013_0_3/94901 → CLONE
[822/2000] 2026-08-03 19:52:56 | R3 | 2013_0_3/55548 vs 2013_0_3/78294 → CLONE
[823/2000] 2026-08-03 19:53:03 | R3 | 2013_0_3/55548 vs 2013_0_3/118052 → CLONE
[824/2000] 2026-08-03 19:53:15 | R3 | 2013_0_3/55548 vs 2013_0_3/83531 → CLONE
[825/2000] 2026-08-03 19:53:24 | R3 | 2013_0_3/94901 vs 2013_0_3/78294 → CLONE
[826/2000] 2026-08-03 19:53:30 | R3 | 2013_0_3/94901 vs 2013_0_3/118052 → CLONE
[827/2000] 2026-08-03 19:53:39 | R3 | 2013_0_3/94901 vs 2013_0_3/83531 → CLONE
[828/2000] 2026-08-03 19:53:45 | R3 | 2013_0_3/78294 vs 2013_0_3/118052 → CLONE
[829/2000] 2026-08-03 19:53:53 | R3 | 2013_0_3/78294 vs 2013_0_3/83531 → CLONE
[830/2000] 2026-08-03 19:54:00 | R3 | 2013_0_3/118052 vs 2013_0_3/83531 → CLONE
[831/2000] 2026-08-03 19:54:05 | R3 | 2013_1_1/35305 vs 2013_1_1/30788 → CLONE
[832/2000] 2026-08-03 19:54:12 | R3 | 2013_1_1/35305 vs 2013_1_1/30610 → CLONE
[833/2000] 2026-08-03 19:54:20 | R3 | 2013_1_1/35305 vs 2013_1_1/30305 → CLONE
[834/2000] 2026-08-03 19:54:25 | R3 | 2013_1_1/35305 vs 2013_1_1/40715 → CLONE
[835/2000] 2026-08-03 19:54:31 | R3 | 2013_1_1/30788 vs 2013_1_1/30610 → CLONE
[836/2000] 2026-08-03 19:54:41 | R3 | 2013_1_1/30788 vs 2013_1_1/30305 → CLONE
[837/2000] 2026-08-03 19:54:47 | R3 | 2013_1_1/30788 vs 2013_1_1/40715 → CLONE
[838/2000] 2026-08-03 19:54:57 | R3 | 2013_1_1/30610 vs 2013_1_1/30305 → CLONE
[839/2000] 2026-08-03 19:55:03 | R3 | 2013_1_1/30610 vs 2013_1_1/40715 → CLONE
[840/2000] 2026-08-03 19:55:11 | R3 | 2013_1_1/30305 vs 2013_1_1/40715 → CLONE
[841/2000] 2026-08-03 19:55:15 | R3 | 2014_0_2/107403 vs 2014_0_2/81302 → CLONE
[842/2000] 2026-08-03 19:55:20 | R3 | 2014_0_2/107403 vs 2014_0_2/27351 → CLONE
[843/2000] 2026-08-03 19:55:23 | R3 | 2014_0_2/107403 vs 2014_0_2/41018 → CLONE
[844/2000] 2026-08-03 19:55:27 | R3 | 2014_0_2/107403 vs 2014_0_2/110678 → CLONE
[845/2000] 2026-08-03 19:55:32 | R3 | 2014_0_2/81302 vs 2014_0_2/27351 → CLONE
[846/2000] 2026-08-03 19:55:36 | R3 | 2014_0_2/81302 vs 2014_0_2/41018 → CLONE
[847/2000] 2026-08-03 19:55:41 | R3 | 2014_0_2/81302 vs 2014_0_2/110678 → CLONE
[848/2000] 2026-08-03 19:55:45 | R3 | 2014_0_2/27351 vs 2014_0_2/41018 → CLONE
[849/2000] 2026-08-03 19:55:50 | R3 | 2014_0_2/27351 vs 2014_0_2/110678 → CLONE
[850/2000] 2026-08-03 19:55:54 | R3 | 2014_0_2/41018 vs 2014_0_2/110678 → CLONE
[851/2000] 2026-08-03 19:56:09 | R3 | 2014_0_3/108079 vs 2014_0_3/27551 → CLONE
[852/2000] 2026-08-03 19:56:33 | R3 | 2014_0_3/108079 vs 2014_0_3/99421 → CLONE
[853/2000] 2026-08-03 19:57:12 | R3 | 2014_0_3/108079 vs 2014_0_3/22792 → CLONE
[854/2000] 2026-08-03 19:57:25 | R3 | 2014_0_3/108079 vs 2014_0_3/71973 → CLONE
[855/2000] 2026-08-03 19:57:42 | R3 | 2014_0_3/27551 vs 2014_0_3/99421 → CLONE
[856/2000] 2026-08-03 19:58:17 | R3 | 2014_0_3/27551 vs 2014_0_3/22792 → CLONE
[857/2000] 2026-08-03 19:58:25 | R3 | 2014_0_3/27551 vs 2014_0_3/71973 → CLONE
[858/2000] 2026-08-03 19:59:06 | R3 | 2014_0_3/99421 vs 2014_0_3/22792 → CLONE
[859/2000] 2026-08-03 19:59:23 | R3 | 2014_0_3/99421 vs 2014_0_3/71973 → CLONE
[860/2000] 2026-08-03 19:59:55 | R3 | 2014_0_3/22792 vs 2014_0_3/71973 → CLONE
[861/2000] 2026-08-03 20:00:03 | R3 | 2014_2_1/124976 vs 2014_2_1/115332 → CLONE
[862/2000] 2026-08-03 20:00:13 | R3 | 2014_2_1/124976 vs 2014_2_1/119554 → CLONE
[863/2000] 2026-08-03 20:00:22 | R3 | 2014_2_1/124976 vs 2014_2_1/126555 → CLONE
[864/2000] 2026-08-03 20:00:30 | R3 | 2014_2_1/124976 vs 2014_2_1/125050 → CLONE
[865/2000] 2026-08-03 20:00:37 | R3 | 2014_2_1/115332 vs 2014_2_1/119554 → CLONE
[866/2000] 2026-08-03 20:00:45 | R3 | 2014_2_1/115332 vs 2014_2_1/126555 → CLONE
[867/2000] 2026-08-03 20:00:53 | R3 | 2014_2_1/115332 vs 2014_2_1/125050 → CLONE
[868/2000] 2026-08-03 20:01:02 | R3 | 2014_2_1/119554 vs 2014_2_1/126555 → CLONE
[869/2000] 2026-08-03 20:01:11 | R3 | 2014_2_1/119554 vs 2014_2_1/125050 → CLONE
[870/2000] 2026-08-03 20:01:21 | R3 | 2014_2_1/126555 vs 2014_2_1/125050 → CLONE
[871/2000] 2026-08-03 20:01:30 | R3 | 2014_3_1/141827 vs 2014_3_1/137264 → CLONE
[872/2000] 2026-08-03 20:01:39 | R3 | 2014_3_1/141827 vs 2014_3_1/138894 → CLONE
[873/2000] 2026-08-03 20:01:49 | R3 | 2014_3_1/141827 vs 2014_3_1/136615 → CLONE
[874/2000] 2026-08-03 20:01:57 | R3 | 2014_3_1/141827 vs 2014_3_1/138529 → CLONE
[875/2000] 2026-08-03 20:02:03 | R3 | 2014_3_1/137264 vs 2014_3_1/138894 → CLONE
[876/2000] 2026-08-03 20:02:09 | R3 | 2014_3_1/137264 vs 2014_3_1/136615 → CLONE
[877/2000] 2026-08-03 20:02:15 | R3 | 2014_3_1/137264 vs 2014_3_1/138529 → CLONE
[878/2000] 2026-08-03 20:02:20 | R3 | 2014_3_1/138894 vs 2014_3_1/136615 → CLONE
[879/2000] 2026-08-03 20:02:25 | R3 | 2014_3_1/138894 vs 2014_3_1/138529 → CLONE
[880/2000] 2026-08-03 20:02:29 | R3 | 2014_3_1/136615 vs 2014_3_1/138529 → CLONE
[881/2000] 2026-08-03 20:02:34 | R3 | 2015_0_1/79967 vs 2015_0_1/35102 → CLONE
[882/2000] 2026-08-03 20:02:38 | R3 | 2015_0_1/79967 vs 2015_0_1/68106 → CLONE
[883/2000] 2026-08-03 20:02:44 | R3 | 2015_0_1/79967 vs 2015_0_1/65869 → CLONE
[884/2000] 2026-08-03 20:02:50 | R3 | 2015_0_1/79967 vs 2015_0_1/46754 → CLONE
[885/2000] 2026-08-03 20:02:54 | R3 | 2015_0_1/35102 vs 2015_0_1/68106 → CLONE
[886/2000] 2026-08-03 20:02:59 | R3 | 2015_0_1/35102 vs 2015_0_1/65869 → CLONE
[887/2000] 2026-08-03 20:03:04 | R3 | 2015_0_1/35102 vs 2015_0_1/46754 → CLONE
[888/2000] 2026-08-03 20:03:08 | R3 | 2015_0_1/68106 vs 2015_0_1/65869 → CLONE
[889/2000] 2026-08-03 20:03:12 | R3 | 2015_0_1/68106 vs 2015_0_1/46754 → CLONE
[890/2000] 2026-08-03 20:03:16 | R3 | 2015_0_1/65869 vs 2015_0_1/46754 → CLONE
[891/2000] 2026-08-03 20:03:21 | R3 | 2015_0_2/34257 vs 2015_0_2/32722 → CLONE
[892/2000] 2026-08-03 20:03:26 | R3 | 2015_0_2/34257 vs 2015_0_2/77145 → CLONE
[893/2000] 2026-08-03 20:03:30 | R3 | 2015_0_2/34257 vs 2015_0_2/72707 → CLONE
[894/2000] 2026-08-03 20:03:35 | R3 | 2015_0_2/34257 vs 2015_0_2/68668 → CLONE
[895/2000] 2026-08-03 20:03:40 | R3 | 2015_0_2/32722 vs 2015_0_2/77145 → CLONE
[896/2000] 2026-08-03 20:03:44 | R3 | 2015_0_2/32722 vs 2015_0_2/72707 → CLONE
[897/2000] 2026-08-03 20:03:48 | R3 | 2015_0_2/32722 vs 2015_0_2/68668 → CLONE
[898/2000] 2026-08-03 20:03:51 | R3 | 2015_0_2/77145 vs 2015_0_2/72707 → CLONE
[899/2000] 2026-08-03 20:03:56 | R3 | 2015_0_2/77145 vs 2015_0_2/68668 → CLONE
[900/2000] 2026-08-03 20:04:01 | R3 | 2015_0_2/72707 vs 2015_0_2/68668 → CLONE
[901/2000] 2026-08-03 20:04:18 | R3 | 2015_0_3/74464 vs 2015_0_3/88073 → CLONE
[902/2000] 2026-08-03 20:04:33 | R3 | 2015_0_3/74464 vs 2015_0_3/21597 → CLONE
[903/2000] 2026-08-03 20:04:47 | R3 | 2015_0_3/74464 vs 2015_0_3/62582 → CLONE
[904/2000] 2026-08-03 20:05:03 | R3 | 2015_0_3/74464 vs 2015_0_3/107238 → CLONE
[905/2000] 2026-08-03 20:05:16 | R3 | 2015_0_3/88073 vs 2015_0_3/21597 → CLONE
[906/2000] 2026-08-03 20:05:27 | R3 | 2015_0_3/88073 vs 2015_0_3/62582 → CLONE
[907/2000] 2026-08-03 20:05:39 | R3 | 2015_0_3/88073 vs 2015_0_3/107238 → CLONE
[908/2000] 2026-08-03 20:05:47 | R3 | 2015_0_3/21597 vs 2015_0_3/62582 → CLONE
[909/2000] 2026-08-03 20:05:55 | R3 | 2015_0_3/21597 vs 2015_0_3/107238 → CLONE
[910/2000] 2026-08-03 20:06:05 | R3 | 2015_0_3/62582 vs 2015_0_3/107238 → CLONE
[911/2000] 2026-08-03 20:06:10 | R3 | 2015_0_4/107149 vs 2015_0_4/96734 → CLONE
[912/2000] 2026-08-03 20:06:16 | R3 | 2015_0_4/107149 vs 2015_0_4/79014 → CLONE
[913/2000] 2026-08-03 20:06:22 | R3 | 2015_0_4/107149 vs 2015_0_4/21673 → CLONE
[914/2000] 2026-08-03 20:06:28 | R3 | 2015_0_4/107149 vs 2015_0_4/77477 → CLONE
[915/2000] 2026-08-03 20:06:34 | R3 | 2015_0_4/96734 vs 2015_0_4/79014 → CLONE
[916/2000] 2026-08-03 20:06:38 | R3 | 2015_0_4/96734 vs 2015_0_4/21673 → CLONE
[917/2000] 2026-08-03 20:06:43 | R3 | 2015_0_4/96734 vs 2015_0_4/77477 → CLONE
[918/2000] 2026-08-03 20:06:48 | R3 | 2015_0_4/79014 vs 2015_0_4/21673 → CLONE
[919/2000] 2026-08-03 20:06:53 | R3 | 2015_0_4/79014 vs 2015_0_4/77477 → CLONE
[920/2000] 2026-08-03 20:06:59 | R3 | 2015_0_4/21673 vs 2015_0_4/77477 → CLONE
[921/2000] 2026-08-03 20:07:03 | R3 | 2015_1_1/127730 vs 2015_1_1/114491 → CLONE
[922/2000] 2026-08-03 20:07:10 | R3 | 2015_1_1/127730 vs 2015_1_1/125935 → CLONE
[923/2000] 2026-08-03 20:07:14 | R3 | 2015_1_1/127730 vs 2015_1_1/124925 → CLONE
[924/2000] 2026-08-03 20:07:20 | R3 | 2015_1_1/127730 vs 2015_1_1/115055 → CLONE
[925/2000] 2026-08-03 20:07:27 | R3 | 2015_1_1/114491 vs 2015_1_1/125935 → CLONE
[926/2000] 2026-08-03 20:07:31 | R3 | 2015_1_1/114491 vs 2015_1_1/124925 → CLONE
[927/2000] 2026-08-03 20:07:36 | R3 | 2015_1_1/114491 vs 2015_1_1/115055 → CLONE
[928/2000] 2026-08-03 20:07:41 | R3 | 2015_1_1/125935 vs 2015_1_1/124925 → CLONE
[929/2000] 2026-08-03 20:07:49 | R3 | 2015_1_1/125935 vs 2015_1_1/115055 → CLONE
[930/2000] 2026-08-03 20:07:54 | R3 | 2015_1_1/124925 vs 2015_1_1/115055 → CLONE
[931/2000] 2026-08-03 20:07:59 | R3 | 2016_0_1/60475 vs 2016_0_1/69477 → CLONE
[932/2000] 2026-08-03 20:08:04 | R3 | 2016_0_1/60475 vs 2016_0_1/123558 → CLONE
[933/2000] 2026-08-03 20:08:12 | R3 | 2016_0_1/60475 vs 2016_0_1/55901 → CLONE
[934/2000] 2026-08-03 20:08:17 | R3 | 2016_0_1/60475 vs 2016_0_1/72044 → CLONE
[935/2000] 2026-08-03 20:08:22 | R3 | 2016_0_1/69477 vs 2016_0_1/123558 → CLONE
[936/2000] 2026-08-03 20:08:29 | R3 | 2016_0_1/69477 vs 2016_0_1/55901 → CLONE
[937/2000] 2026-08-03 20:08:34 | R3 | 2016_0_1/69477 vs 2016_0_1/72044 → CLONE
[938/2000] 2026-08-03 20:08:42 | R3 | 2016_0_1/123558 vs 2016_0_1/55901 → CLONE
[939/2000] 2026-08-03 20:08:47 | R3 | 2016_0_1/123558 vs 2016_0_1/72044 → CLONE
[940/2000] 2026-08-03 20:08:54 | R3 | 2016_0_1/55901 vs 2016_0_1/72044 → CLONE
[941/2000] 2026-08-03 20:08:59 | R3 | 2016_0_2/68074 vs 2016_0_2/150691 → CLONE
[942/2000] 2026-08-03 20:09:02 | R3 | 2016_0_2/68074 vs 2016_0_2/125812 → CLONE
[943/2000] 2026-08-03 20:09:06 | R3 | 2016_0_2/68074 vs 2016_0_2/88861 → CLONE
[944/2000] 2026-08-03 20:09:11 | R3 | 2016_0_2/68074 vs 2016_0_2/162423 → CLONE
[945/2000] 2026-08-03 20:09:17 | R3 | 2016_0_2/150691 vs 2016_0_2/125812 → CLONE
[946/2000] 2026-08-03 20:09:20 | R3 | 2016_0_2/150691 vs 2016_0_2/88861 → CLONE
[947/2000] 2026-08-03 20:09:25 | R3 | 2016_0_2/150691 vs 2016_0_2/162423 → CLONE
[948/2000] 2026-08-03 20:09:28 | R3 | 2016_0_2/125812 vs 2016_0_2/88861 → CLONE
[949/2000] 2026-08-03 20:09:33 | R3 | 2016_0_2/125812 vs 2016_0_2/162423 → CLONE
[950/2000] 2026-08-03 20:09:36 | R3 | 2016_0_2/88861 vs 2016_0_2/162423 → CLONE
[951/2000] 2026-08-03 20:09:41 | R3 | 2016_0_4/100472 vs 2016_0_4/129913 → CLONE
[952/2000] 2026-08-03 20:09:46 | R3 | 2016_0_4/100472 vs 2016_0_4/58218 → CLONE
[953/2000] 2026-08-03 20:09:54 | R3 | 2016_0_4/100472 vs 2016_0_4/63729 → CLONE
[954/2000] 2026-08-03 20:09:59 | R3 | 2016_0_4/100472 vs 2016_0_4/138317 → CLONE
[955/2000] 2026-08-03 20:10:04 | R3 | 2016_0_4/129913 vs 2016_0_4/58218 → CLONE
[956/2000] 2026-08-03 20:10:10 | R3 | 2016_0_4/129913 vs 2016_0_4/63729 → CLONE
[957/2000] 2026-08-03 20:10:14 | R3 | 2016_0_4/129913 vs 2016_0_4/138317 → CLONE
[958/2000] 2026-08-03 20:10:21 | R3 | 2016_0_4/58218 vs 2016_0_4/63729 → CLONE
[959/2000] 2026-08-03 20:10:26 | R3 | 2016_0_4/58218 vs 2016_0_4/138317 → CLONE
[960/2000] 2026-08-03 20:10:32 | R3 | 2016_0_4/63729 vs 2016_0_4/138317 → CLONE
[961/2000] 2026-08-03 20:10:39 | R3 | 2016_1_1/1153 vs 2016_1_1/14479 → CLONE
[962/2000] 2026-08-03 20:10:43 | R3 | 2016_1_1/1153 vs 2016_1_1/8299 → CLONE
[963/2000] 2026-08-03 20:10:47 | R3 | 2016_1_1/1153 vs 2016_1_1/29796 → CLONE
[964/2000] 2026-08-03 20:10:50 | R3 | 2016_1_1/1153 vs 2016_1_1/2003 → CLONE
[965/2000] 2026-08-03 20:10:56 | R3 | 2016_1_1/14479 vs 2016_1_1/8299 → CLONE
[966/2000] 2026-08-03 20:11:02 | R3 | 2016_1_1/14479 vs 2016_1_1/29796 → CLONE
[967/2000] 2026-08-03 20:11:09 | R3 | 2016_1_1/14479 vs 2016_1_1/2003 → CLONE
[968/2000] 2026-08-03 20:11:12 | R3 | 2016_1_1/8299 vs 2016_1_1/29796 → CLONE
[969/2000] 2026-08-03 20:11:17 | R3 | 2016_1_1/8299 vs 2016_1_1/2003 → CLONE
[970/2000] 2026-08-03 20:11:20 | R3 | 2016_1_1/29796 vs 2016_1_1/2003 → CLONE
[971/2000] 2026-08-03 20:11:25 | R3 | 2016_1_2/8152 vs 2016_1_2/31984 → CLONE
[972/2000] 2026-08-03 20:11:29 | R3 | 2016_1_2/8152 vs 2016_1_2/20611 → CLONE
[973/2000] 2026-08-03 20:11:47 | R3 | 2016_1_2/8152 vs 2016_1_2/19093 → CLONE
[974/2000] 2026-08-03 20:11:53 | R3 | 2016_1_2/8152 vs 2016_1_2/30007 → CLONE
[975/2000] 2026-08-03 20:11:57 | R3 | 2016_1_2/31984 vs 2016_1_2/20611 → CLONE
[976/2000] 2026-08-03 20:12:14 | R3 | 2016_1_2/31984 vs 2016_1_2/19093 → CLONE
[977/2000] 2026-08-03 20:12:20 | R3 | 2016_1_2/31984 vs 2016_1_2/30007 → CLONE
[978/2000] 2026-08-03 20:12:39 | R3 | 2016_1_2/20611 vs 2016_1_2/19093 → CLONE
[979/2000] 2026-08-03 20:12:44 | R3 | 2016_1_2/20611 vs 2016_1_2/30007 → CLONE
[980/2000] 2026-08-03 20:13:08 | R3 | 2016_1_2/19093 vs 2016_1_2/30007 → CLONE
[981/2000] 2026-08-03 20:13:16 | R3 | 2016_2_1/197689 vs 2016_2_1/192495 → CLONE
[982/2000] 2026-08-03 20:13:27 | R3 | 2016_2_1/197689 vs 2016_2_1/187476 → CLONE
[983/2000] 2026-08-03 20:13:37 | R3 | 2016_2_1/197689 vs 2016_2_1/193269 → CLONE
[984/2000] 2026-08-03 20:13:49 | R3 | 2016_2_1/197689 vs 2016_2_1/184367 → CLONE
[985/2000] 2026-08-03 20:13:57 | R3 | 2016_2_1/192495 vs 2016_2_1/187476 → CLONE
[986/2000] 2026-08-03 20:14:04 | R3 | 2016_2_1/192495 vs 2016_2_1/193269 → CLONE
[987/2000] 2026-08-03 20:14:10 | R3 | 2016_2_1/192495 vs 2016_2_1/184367 → CLONE
[988/2000] 2026-08-03 20:14:19 | R3 | 2016_2_1/187476 vs 2016_2_1/193269 → CLONE
[989/2000] 2026-08-03 20:14:26 | R3 | 2016_2_1/187476 vs 2016_2_1/184367 → CLONE
[990/2000] 2026-08-03 20:14:33 | R3 | 2016_2_1/193269 vs 2016_2_1/184367 → CLONE
[991/2000] 2026-08-03 20:14:39 | R3 | 2016_3_1/205670 vs 2016_3_1/211583 → CLONE
[992/2000] 2026-08-03 20:14:45 | R3 | 2016_3_1/205670 vs 2016_3_1/210871 → CLONE
[993/2000] 2026-08-03 20:14:52 | R3 | 2016_3_1/205670 vs 2016_3_1/218815 → CLONE
[994/2000] 2026-08-03 20:14:58 | R3 | 2016_3_1/205670 vs 2016_3_1/207727 → CLONE
[995/2000] 2026-08-03 20:15:05 | R3 | 2016_3_1/211583 vs 2016_3_1/210871 → CLONE
[996/2000] 2026-08-03 20:15:12 | R3 | 2016_3_1/211583 vs 2016_3_1/218815 → CLONE
[997/2000] 2026-08-03 20:15:19 | R3 | 2016_3_1/211583 vs 2016_3_1/207727 → CLONE
[998/2000] 2026-08-03 20:15:24 | R3 | 2016_3_1/210871 vs 2016_3_1/218815 → CLONE
[999/2000] 2026-08-03 20:15:31 | R3 | 2016_3_1/210871 vs 2016_3_1/207727 → CLONE
[1000/2000] 2026-08-03 20:15:37 | R3 | 2016_3_1/218815 vs 2016_3_1/207727 → CLONE
[1001/2000] 2026-08-03 20:15:42 | R3 | 2013_0_1/84294 vs 2016_3_1/218815 → NON-CLONE
[1002/2000] 2026-08-03 20:15:46 | R3 | 2013_0_1/84294 vs 2015_1_1/124925 → NON-CLONE
[1003/2000] 2026-08-03 20:15:52 | R3 | 2013_0_1/84294 vs 2016_0_2/88861 → NON-CLONE
[1004/2000] 2026-08-03 20:15:55 | R3 | 2013_0_1/84294 vs 2014_0_2/107403 → NON-CLONE
[1005/2000] 2026-08-03 20:16:04 | R3 | 2013_0_1/58633 vs 2015_0_3/62582 → NON-CLONE
[1006/2000] 2026-08-03 20:16:11 | R3 | 2013_0_1/58633 vs 2013_1_1/35305 → NON-CLONE
[1007/2000] 2026-08-03 20:16:19 | R3 | 2013_0_1/58633 vs 2016_0_4/100472 → NON-CLONE
[1008/2000] 2026-08-03 20:16:25 | R3 | 2013_0_1/124149 vs 2015_0_1/68106 → NON-CLONE
[1009/2000] 2026-08-03 20:16:31 | R3 | 2013_0_1/124149 vs 2016_1_2/8152 → NON-CLONE
[1010/2000] 2026-08-03 20:16:37 | R3 | 2013_0_1/88116 vs 2016_1_1/2003 → NON-CLONE
[1011/2000] 2026-08-03 20:16:48 | R3 | 2013_0_2/95524 vs 2015_0_3/88073 → NON-CLONE
[1012/2000] 2026-08-03 20:16:54 | R3 | 2013_0_2/95524 vs 2016_0_4/63729 → NON-CLONE
[1013/2000] 2026-08-03 20:17:01 | R3 | 2013_0_2/95524 vs 2014_0_3/71973 → NON-CLONE
[1014/2000] 2026-08-03 20:17:08 | R3 | 2013_0_2/95524 vs 2016_3_1/205670 → NON-CLONE
[1015/2000] 2026-08-03 20:17:15 | R3 | 2013_0_2/44471 vs 2013_0_3/118052 → NON-CLONE
[1016/2000] 2026-08-03 20:17:25 | R3 | 2013_0_2/44471 vs 2013_0_3/55548 → NON-CLONE
[1017/2000] 2026-08-03 20:17:34 | R3 | 2013_0_2/44471 vs 2016_1_2/30007 → NON-CLONE
[1018/2000] 2026-08-03 20:17:43 | R3 | 2013_0_2/55421 vs 2014_2_1/125050 → NON-CLONE
[1019/2000] 2026-08-03 20:17:49 | R3 | 2013_0_2/55421 vs 2015_0_1/68106 → NON-CLONE
[1020/2000] 2026-08-03 20:17:55 | R3 | 2013_0_2/90919 vs 2013_1_1/35305 → NON-CLONE
[1021/2000] 2026-08-03 20:18:06 | R3 | 2013_0_3/55548 vs 2014_2_1/125050 → NON-CLONE
[1022/2000] 2026-08-03 20:18:15 | R3 | 2013_0_3/55548 vs 2013_1_1/30610 → NON-CLONE
[1023/2000] 2026-08-03 20:18:24 | R3 | 2013_0_3/55548 vs 2015_0_3/62582 → NON-CLONE
[1024/2000] 2026-08-03 20:18:32 | R3 | 2013_0_3/55548 vs 2015_0_1/79967 → NON-CLONE
[1025/2000] 2026-08-03 20:18:38 | R3 | 2013_0_3/94901 vs 2015_1_1/124925 → NON-CLONE
[1026/2000] 2026-08-03 20:18:45 | R3 | 2013_0_3/94901 vs 2016_1_2/31984 → NON-CLONE
[1027/2000] 2026-08-03 20:18:54 | R3 | 2013_0_3/94901 vs 2015_0_3/88073 → NON-CLONE
[1028/2000] 2026-08-03 20:19:06 | R3 | 2013_0_3/78294 vs 2014_0_3/108079 → NON-CLONE
[1029/2000] 2026-08-03 20:19:15 | R3 | 2013_0_3/78294 vs 2015_0_3/21597 → NON-CLONE
[1030/2000] 2026-08-03 20:19:25 | R3 | 2013_0_3/118052 vs 2015_0_3/74464 → NON-CLONE
[1031/2000] 2026-08-03 20:19:30 | R3 | 2013_1_1/35305 vs 2014_2_1/115332 → NON-CLONE
[1032/2000] 2026-08-03 20:19:37 | R3 | 2013_1_1/35305 vs 2016_2_1/197689 → NON-CLONE
[1033/2000] 2026-08-03 20:19:43 | R3 | 2013_1_1/35305 vs 2014_3_1/138529 → NON-CLONE
[1034/2000] 2026-08-03 20:19:48 | R3 | 2013_1_1/35305 vs 2016_2_1/184367 → NON-CLONE
[1035/2000] 2026-08-03 20:19:53 | R3 | 2013_1_1/30788 vs 2016_2_1/187476 → NON-CLONE
[1036/2000] 2026-08-03 20:19:58 | R3 | 2013_1_1/30788 vs 2016_1_2/20611 → NON-CLONE
[1037/2000] 2026-08-03 20:20:05 | R3 | 2013_1_1/30788 vs 2013_0_2/114653 → NON-CLONE
[1038/2000] 2026-08-03 20:20:09 | R3 | 2013_1_1/30610 vs 2016_1_1/8299 → NON-CLONE
[1039/2000] 2026-08-03 20:20:17 | R3 | 2013_1_1/30610 vs 2016_1_2/31984 → NON-CLONE
[1040/2000] 2026-08-03 20:20:31 | R3 | 2013_1_1/30305 vs 2014_0_3/27551 → NON-CLONE
[1041/2000] 2026-08-03 20:20:34 | R3 | 2014_0_2/107403 vs 2016_0_2/88861 → NON-CLONE
[1042/2000] 2026-08-03 20:20:38 | R3 | 2014_0_2/107403 vs 2016_3_1/218815 → NON-CLONE
[1043/2000] 2026-08-03 20:20:43 | R3 | 2014_0_2/107403 vs 2014_3_1/137264 → NON-CLONE
[1044/2000] 2026-08-03 20:20:51 | R3 | 2014_0_2/107403 vs 2014_0_3/108079 → NON-CLONE
[1045/2000] 2026-08-03 20:20:57 | R3 | 2014_0_2/81302 vs 2015_1_1/115055 → NON-CLONE
[1046/2000] 2026-08-03 20:21:03 | R3 | 2014_0_2/81302 vs 2015_0_3/62582 → NON-CLONE
[1047/2000] 2026-08-03 20:21:07 | R3 | 2014_0_2/81302 vs 2014_3_1/138529 → NON-CLONE
[1048/2000] 2026-08-03 20:21:12 | R3 | 2014_0_2/27351 vs 2016_1_2/31984 → NON-CLONE
[1049/2000] 2026-08-03 20:21:16 | R3 | 2014_0_2/27351 vs 2016_2_1/193269 → NON-CLONE
[1050/2000] 2026-08-03 20:21:20 | R3 | 2014_0_2/41018 vs 2016_0_4/129913 → NON-CLONE
[1051/2000] 2026-08-03 20:21:33 | R3 | 2014_0_3/108079 vs 2014_2_1/126555 → NON-CLONE
[1052/2000] 2026-08-03 20:21:42 | R3 | 2014_0_3/108079 vs 2016_2_1/187476 → NON-CLONE
[1053/2000] 2026-08-03 20:21:54 | R3 | 2014_0_3/108079 vs 2015_0_2/32722 → NON-CLONE
[1054/2000] 2026-08-03 20:22:09 | R3 | 2014_0_3/108079 vs 2013_0_2/55421 → NON-CLONE
[1055/2000] 2026-08-03 20:22:17 | R3 | 2014_0_3/27551 vs 2014_2_1/125050 → NON-CLONE
[1056/2000] 2026-08-03 20:22:28 | R3 | 2014_0_3/27551 vs 2013_0_1/124226 → NON-CLONE
[1057/2000] 2026-08-03 20:22:38 | R3 | 2014_0_3/27551 vs 2015_0_2/34257 → NON-CLONE
[1058/2000] 2026-08-03 20:22:50 | R3 | 2014_0_3/99421 vs 2015_0_4/96734 → NON-CLONE
[1059/2000] 2026-08-03 20:23:07 | R3 | 2014_0_3/99421 vs 2014_3_1/138529 → NON-CLONE
[1060/2000] 2026-08-03 20:23:36 | R3 | 2014_0_3/22792 vs 2013_0_2/90919 → NON-CLONE
[1061/2000] 2026-08-03 20:23:56 | R3 | 2014_2_1/124976 vs 2014_0_3/99421 → NON-CLONE
[1062/2000] 2026-08-03 20:24:05 | R3 | 2014_2_1/124976 vs 2016_0_4/58218 → NON-CLONE
[1063/2000] 2026-08-03 20:24:13 | R3 | 2014_2_1/124976 vs 2016_3_1/211583 → NON-CLONE
[1064/2000] 2026-08-03 20:24:22 | R3 | 2014_2_1/124976 vs 2015_0_2/34257 → NON-CLONE
[1065/2000] 2026-08-03 20:24:39 | R3 | 2014_2_1/115332 vs 2014_0_3/99421 → NON-CLONE
[1066/2000] 2026-08-03 20:25:06 | R3 | 2014_2_1/115332 vs 2016_1_2/19093 → NON-CLONE
[1067/2000] 2026-08-03 20:25:15 | R3 | 2014_2_1/115332 vs 2016_0_1/55901 → NON-CLONE
[1068/2000] 2026-08-03 20:25:23 | R3 | 2014_2_1/119554 vs 2015_0_4/107149 → NON-CLONE
[1069/2000] 2026-08-03 20:25:29 | R3 | 2014_2_1/119554 vs 2016_1_2/20611 → NON-CLONE
[1070/2000] 2026-08-03 20:25:36 | R3 | 2014_2_1/126555 vs 2015_1_1/124925 → NON-CLONE
[1071/2000] 2026-08-03 20:25:50 | R3 | 2014_3_1/141827 vs 2013_1_1/30305 → NON-CLONE
[1072/2000] 2026-08-03 20:26:04 | R3 | 2014_3_1/141827 vs 2014_2_1/126555 → NON-CLONE
[1073/2000] 2026-08-03 20:26:15 | R3 | 2014_3_1/141827 vs 2013_1_1/30610 → NON-CLONE
[1074/2000] 2026-08-03 20:26:26 | R3 | 2014_3_1/141827 vs 2014_2_1/115332 → NON-CLONE
[1075/2000] 2026-08-03 20:26:30 | R3 | 2014_3_1/137264 vs 2016_0_4/129913 → NON-CLONE
[1076/2000] 2026-08-03 20:26:34 | R3 | 2014_3_1/137264 vs 2016_0_2/88861 → NON-CLONE
[1077/2000] 2026-08-03 20:26:43 | R3 | 2014_3_1/137264 vs 2014_2_1/126555 → NON-CLONE
[1078/2000] 2026-08-03 20:26:49 | R3 | 2014_3_1/138894 vs 2016_0_4/138317 → NON-CLONE
[1079/2000] 2026-08-03 20:26:54 | R3 | 2014_3_1/138894 vs 2015_0_4/77477 → NON-CLONE
[1080/2000] 2026-08-03 20:26:59 | R3 | 2014_3_1/136615 vs 2016_0_4/138317 → NON-CLONE
[1081/2000] 2026-08-03 20:27:06 | R3 | 2015_0_1/79967 vs 2015_0_4/96734 → NON-CLONE
[1082/2000] 2026-08-03 20:27:14 | R3 | 2015_0_1/79967 vs 2015_0_3/88073 → NON-CLONE
[1083/2000] 2026-08-03 20:27:47 | R3 | 2015_0_1/79967 vs 2014_0_3/22792 → NON-CLONE
[1084/2000] 2026-08-03 20:27:54 | R3 | 2015_0_1/79967 vs 2013_1_1/30610 → NON-CLONE
[1085/2000] 2026-08-03 20:27:57 | R3 | 2015_0_1/35102 vs 2016_0_2/68074 → NON-CLONE
[1086/2000] 2026-08-03 20:28:06 | R3 | 2015_0_1/35102 vs 2016_0_1/55901 → NON-CLONE
[1087/2000] 2026-08-03 20:28:13 | R3 | 2015_0_1/35102 vs 2013_0_3/94901 → NON-CLONE
[1088/2000] 2026-08-03 20:28:18 | R3 | 2015_0_1/68106 vs 2013_0_2/44471 → NON-CLONE
[1089/2000] 2026-08-03 20:28:24 | R3 | 2015_0_1/68106 vs 2013_0_3/83531 → NON-CLONE
[1090/2000] 2026-08-03 20:28:29 | R3 | 2015_0_1/65869 vs 2013_1_1/40715 → NON-CLONE
[1091/2000] 2026-08-03 20:28:34 | R3 | 2015_0_2/34257 vs 2016_1_2/8152 → NON-CLONE
[1092/2000] 2026-08-03 20:28:39 | R3 | 2015_0_2/34257 vs 2014_0_2/107403 → NON-CLONE
[1093/2000] 2026-08-03 20:28:44 | R3 | 2015_0_2/34257 vs 2016_2_1/187476 → NON-CLONE
[1094/2000] 2026-08-03 20:28:51 | R3 | 2015_0_2/34257 vs 2015_0_4/77477 → NON-CLONE
[1095/2000] 2026-08-03 20:28:58 | R3 | 2015_0_2/32722 vs 2016_1_1/14479 → NON-CLONE
[1096/2000] 2026-08-03 20:29:02 | R3 | 2015_0_2/32722 vs 2013_0_2/90919 → NON-CLONE
[1097/2000] 2026-08-03 20:29:09 | R3 | 2015_0_2/32722 vs 2015_0_3/107238 → NON-CLONE
[1098/2000] 2026-08-03 20:29:15 | R3 | 2015_0_2/77145 vs 2015_0_3/62582 → NON-CLONE
[1099/2000] 2026-08-03 20:29:22 | R3 | 2015_0_2/77145 vs 2016_1_1/14479 → NON-CLONE
[1100/2000] 2026-08-03 20:29:25 | R3 | 2015_0_2/72707 vs 2015_1_1/115055 → NON-CLONE
[1101/2000] 2026-08-03 20:29:36 | R3 | 2015_0_3/74464 vs 2016_0_2/125812 → NON-CLONE
[1102/2000] 2026-08-03 20:29:49 | R3 | 2015_0_3/74464 vs 2014_2_1/119554 → NON-CLONE
[1103/2000] 2026-08-03 20:30:01 | R3 | 2015_0_3/74464 vs 2016_0_4/100472 → NON-CLONE
[1104/2000] 2026-08-03 20:30:16 | R3 | 2015_0_3/74464 vs 2013_0_1/58633 → NON-CLONE
[1105/2000] 2026-08-03 20:30:27 | R3 | 2015_0_3/88073 vs 2016_2_1/187476 → NON-CLONE
[1106/2000] 2026-08-03 20:30:36 | R3 | 2015_0_3/88073 vs 2016_3_1/210871 → NON-CLONE
[1107/2000] 2026-08-03 20:30:46 | R3 | 2015_0_3/88073 vs 2013_0_3/83531 → NON-CLONE
[1108/2000] 2026-08-03 20:30:54 | R3 | 2015_0_3/21597 vs 2016_2_1/187476 → NON-CLONE
[1109/2000] 2026-08-03 20:31:00 | R3 | 2015_0_3/21597 vs 2016_0_2/88861 → NON-CLONE
[1110/2000] 2026-08-03 20:31:08 | R3 | 2015_0_3/62582 vs 2014_2_1/125050 → NON-CLONE
[1111/2000] 2026-08-03 20:31:14 | R3 | 2015_0_4/107149 vs 2016_1_2/20611 → NON-CLONE
[1112/2000] 2026-08-03 20:31:20 | R3 | 2015_0_4/107149 vs 2015_0_1/65869 → NON-CLONE
[1113/2000] 2026-08-03 20:31:28 | R3 | 2015_0_4/107149 vs 2013_0_3/83531 → NON-CLONE
[1114/2000] 2026-08-03 20:31:35 | R3 | 2015_0_4/107149 vs 2014_3_1/138894 → NON-CLONE
[1115/2000] 2026-08-03 20:31:40 | R3 | 2015_0_4/96734 vs 2015_1_1/127730 → NON-CLONE
[1116/2000] 2026-08-03 20:31:45 | R3 | 2015_0_4/96734 vs 2014_0_2/107403 → NON-CLONE
[1117/2000] 2026-08-03 20:31:50 | R3 | 2015_0_4/96734 vs 2015_1_1/124925 → NON-CLONE
[1118/2000] 2026-08-03 20:31:57 | R3 | 2015_0_4/79014 vs 2013_0_1/84294 → NON-CLONE
[1119/2000] 2026-08-03 20:32:03 | R3 | 2015_0_4/79014 vs 2016_3_1/210871 → NON-CLONE
[1120/2000] 2026-08-03 20:32:08 | R3 | 2015_0_4/21673 vs 2016_3_1/210871 → NON-CLONE
[1121/2000] 2026-08-03 20:32:15 | R3 | 2015_1_1/127730 vs 2014_2_1/126555 → NON-CLONE
[1122/2000] 2026-08-03 20:32:21 | R3 | 2015_1_1/127730 vs 2016_0_1/72044 → NON-CLONE
[1123/2000] 2026-08-03 20:32:26 | R3 | 2015_1_1/127730 vs 2014_0_2/27351 → NON-CLONE
[1124/2000] 2026-08-03 20:32:31 | R3 | 2015_1_1/127730 vs 2016_0_1/72044 → NON-CLONE
[1125/2000] 2026-08-03 20:32:35 | R3 | 2015_1_1/114491 vs 2013_0_3/118052 → NON-CLONE
[1126/2000] 2026-08-03 20:32:40 | R3 | 2015_1_1/114491 vs 2016_1_2/8152 → NON-CLONE
[1127/2000] 2026-08-03 20:32:45 | R3 | 2015_1_1/114491 vs 2014_3_1/136615 → NON-CLONE
[1128/2000] 2026-08-03 20:32:52 | R3 | 2015_1_1/125935 vs 2016_1_2/31984 → NON-CLONE
[1129/2000] 2026-08-03 20:32:58 | R3 | 2015_1_1/125935 vs 2016_0_1/72044 → NON-CLONE
[1130/2000] 2026-08-03 20:33:02 | R3 | 2015_1_1/124925 vs 2016_1_1/8299 → NON-CLONE
[1131/2000] 2026-08-03 20:33:14 | R3 | 2016_0_1/60475 vs 2014_0_3/108079 → NON-CLONE
[1132/2000] 2026-08-03 20:33:18 | R3 | 2016_0_1/60475 vs 2013_1_1/40715 → NON-CLONE
[1133/2000] 2026-08-03 20:33:23 | R3 | 2016_0_1/60475 vs 2015_0_2/77145 → NON-CLONE
[1134/2000] 2026-08-03 20:33:28 | R3 | 2016_0_1/60475 vs 2014_0_2/107403 → NON-CLONE
[1135/2000] 2026-08-03 20:33:32 | R3 | 2016_0_1/69477 vs 2016_0_2/162423 → NON-CLONE
[1136/2000] 2026-08-03 20:33:36 | R3 | 2016_0_1/69477 vs 2016_0_2/125812 → NON-CLONE
[1137/2000] 2026-08-03 20:33:41 | R3 | 2016_0_1/69477 vs 2013_0_1/84294 → NON-CLONE
[1138/2000] 2026-08-03 20:33:48 | R3 | 2016_0_1/123558 vs 2016_1_1/14479 → NON-CLONE
[1139/2000] 2026-08-03 20:33:54 | R3 | 2016_0_1/123558 vs 2015_0_1/35102 → NON-CLONE
[1140/2000] 2026-08-03 20:34:05 | R3 | 2016_0_1/55901 vs 2015_1_1/125935 → NON-CLONE
[1141/2000] 2026-08-03 20:34:10 | R3 | 2016_0_2/68074 vs 2013_0_1/124149 → NON-CLONE
[1142/2000] 2026-08-03 20:34:17 | R3 | 2016_0_2/68074 vs 2013_0_3/83531 → NON-CLONE
[1143/2000] 2026-08-03 20:34:22 | R3 | 2016_0_2/68074 vs 2015_0_2/32722 → NON-CLONE
[1144/2000] 2026-08-03 20:34:27 | R3 | 2016_0_2/68074 vs 2014_3_1/138529 → NON-CLONE
[1145/2000] 2026-08-03 20:34:35 | R3 | 2016_0_2/150691 vs 2014_2_1/124976 → NON-CLONE
[1146/2000] 2026-08-03 20:34:41 | R3 | 2016_0_2/150691 vs 2013_0_2/55421 → NON-CLONE
[1147/2000] 2026-08-03 20:34:48 | R3 | 2016_0_2/150691 vs 2014_2_1/124976 → NON-CLONE
[1148/2000] 2026-08-03 20:34:53 | R3 | 2016_0_2/125812 vs 2016_0_4/58218 → NON-CLONE
[1149/2000] 2026-08-03 20:35:01 | R3 | 2016_0_2/125812 vs 2013_0_3/55548 → NON-CLONE
[1150/2000] 2026-08-03 20:35:08 | R3 | 2016_0_2/88861 vs 2013_0_3/55548 → NON-CLONE
[1151/2000] 2026-08-03 20:35:14 | R3 | 2016_0_4/100472 vs 2016_3_1/218815 → NON-CLONE
[1152/2000] 2026-08-03 20:35:21 | R3 | 2016_0_4/100472 vs 2015_1_1/125935 → NON-CLONE
[1153/2000] 2026-08-03 20:35:28 | R3 | 2016_0_4/100472 vs 2013_0_2/90919 → NON-CLONE
[1154/2000] 2026-08-03 20:35:36 | R3 | 2016_0_4/100472 vs 2016_0_1/55901 → NON-CLONE
[1155/2000] 2026-08-03 20:35:41 | R3 | 2016_0_4/129913 vs 2013_1_1/30788 → NON-CLONE
[1156/2000] 2026-08-03 20:35:45 | R3 | 2016_0_4/129913 vs 2013_1_1/30788 → NON-CLONE
[1157/2000] 2026-08-03 20:35:52 | R3 | 2016_0_4/129913 vs 2016_1_2/30007 → NON-CLONE
[1158/2000] 2026-08-03 20:35:58 | R3 | 2016_0_4/58218 vs 2015_1_1/127730 → NON-CLONE
[1159/2000] 2026-08-03 20:36:03 | R3 | 2016_0_4/58218 vs 2016_0_2/68074 → NON-CLONE
[1160/2000] 2026-08-03 20:36:09 | R3 | 2016_0_4/63729 vs 2014_0_2/81302 → NON-CLONE
[1161/2000] 2026-08-03 20:36:17 | R3 | 2016_1_1/1153 vs 2014_2_1/126555 → NON-CLONE
[1162/2000] 2026-08-03 20:36:21 | R3 | 2016_1_1/1153 vs 2016_0_1/123558 → NON-CLONE
[1163/2000] 2026-08-03 20:36:25 | R3 | 2016_1_1/1153 vs 2016_0_4/58218 → NON-CLONE
[1164/2000] 2026-08-03 20:36:30 | R3 | 2016_1_1/1153 vs 2015_0_3/107238 → NON-CLONE
[1165/2000] 2026-08-03 20:36:49 | R3 | 2016_1_1/14479 vs 2014_0_3/99421 → NON-CLONE
[1166/2000] 2026-08-03 20:36:56 | R3 | 2016_1_1/14479 vs 2016_0_1/72044 → NON-CLONE
[1167/2000] 2026-08-03 20:37:03 | R3 | 2016_1_1/14479 vs 2016_3_1/218815 → NON-CLONE
[1168/2000] 2026-08-03 20:37:09 | R3 | 2016_1_1/8299 vs 2016_2_1/193269 → NON-CLONE
[1169/2000] 2026-08-03 20:37:19 | R3 | 2016_1_1/8299 vs 2014_0_3/108079 → NON-CLONE
[1170/2000] 2026-08-03 20:37:23 | R3 | 2016_1_1/29796 vs 2016_3_1/211583 → NON-CLONE
[1171/2000] 2026-08-03 20:37:29 | R3 | 2016_1_2/8152 vs 2014_3_1/138529 → NON-CLONE
[1172/2000] 2026-08-03 20:37:36 | R3 | 2016_1_2/8152 vs 2015_0_3/88073 → NON-CLONE
[1173/2000] 2026-08-03 20:37:46 | R3 | 2016_1_2/8152 vs 2016_2_1/197689 → NON-CLONE
[1174/2000] 2026-08-03 20:37:50 | R3 | 2016_1_2/8152 vs 2016_1_1/29796 → NON-CLONE
[1175/2000] 2026-08-03 20:37:54 | R3 | 2016_1_2/31984 vs 2015_0_2/77145 → NON-CLONE
[1176/2000] 2026-08-03 20:38:00 | R3 | 2016_1_2/31984 vs 2015_0_4/96734 → NON-CLONE
[1177/2000] 2026-08-03 20:38:04 | R3 | 2016_1_2/31984 vs 2016_0_1/69477 → NON-CLONE
[1178/2000] 2026-08-03 20:38:08 | R3 | 2016_1_2/20611 vs 2015_0_4/79014 → NON-CLONE
[1179/2000] 2026-08-03 20:38:12 | R3 | 2016_1_2/20611 vs 2013_1_1/35305 → NON-CLONE
[1180/2000] 2026-08-03 20:38:39 | R3 | 2016_1_2/19093 vs 2014_2_1/115332 → NON-CLONE
[1181/2000] 2026-08-03 20:39:12 | R3 | 2016_2_1/197689 vs 2014_0_3/22792 → NON-CLONE
[1182/2000] 2026-08-03 20:39:22 | R3 | 2016_2_1/197689 vs 2013_0_2/90919 → NON-CLONE
[1183/2000] 2026-08-03 20:39:32 | R3 | 2016_2_1/197689 vs 2015_0_1/65869 → NON-CLONE
[1184/2000] 2026-08-03 20:39:41 | R3 | 2016_2_1/197689 vs 2013_0_1/124149 → NON-CLONE
[1185/2000] 2026-08-03 20:39:48 | R3 | 2016_2_1/192495 vs 2016_0_4/100472 → NON-CLONE
[1186/2000] 2026-08-03 20:39:52 | R3 | 2016_2_1/192495 vs 2016_0_2/68074 → NON-CLONE
[1187/2000] 2026-08-03 20:39:58 | R3 | 2016_2_1/192495 vs 2014_0_3/71973 → NON-CLONE
[1188/2000] 2026-08-03 20:40:04 | R3 | 2016_2_1/187476 vs 2016_0_4/100472 → NON-CLONE
[1189/2000] 2026-08-03 20:40:38 | R3 | 2016_2_1/187476 vs 2014_0_3/22792 → NON-CLONE
[1190/2000] 2026-08-03 20:40:45 | R3 | 2016_2_1/193269 vs 2013_0_1/84294 → NON-CLONE
[1191/2000] 2026-08-03 20:40:52 | R3 | 2016_3_1/205670 vs 2013_0_2/114653 → NON-CLONE
[1192/2000] 2026-08-03 20:41:01 | R3 | 2016_3_1/205670 vs 2016_2_1/197689 → NON-CLONE
[1193/2000] 2026-08-03 20:41:06 | R3 | 2016_3_1/205670 vs 2016_1_1/1153 → NON-CLONE
[1194/2000] 2026-08-03 20:41:12 | R3 | 2016_3_1/205670 vs 2013_0_2/55421 → NON-CLONE
[1195/2000] 2026-08-03 20:41:17 | R3 | 2016_3_1/211583 vs 2014_0_3/71973 → NON-CLONE
[1196/2000] 2026-08-03 20:41:24 | R3 | 2016_3_1/211583 vs 2013_0_2/90919 → NON-CLONE
[1197/2000] 2026-08-03 20:41:30 | R3 | 2016_3_1/211583 vs 2013_0_1/124226 → NON-CLONE
[1198/2000] 2026-08-03 20:41:35 | R3 | 2016_3_1/210871 vs 2015_0_1/68106 → NON-CLONE
[1199/2000] 2026-08-03 20:41:42 | R3 | 2016_3_1/210871 vs 2013_0_2/114653 → NON-CLONE
[1200/2000] 2026-08-03 20:41:47 | R3 | 2016_3_1/218815 vs 2016_0_1/60475 → NON-CLONE
Round 3 done → results_gcj_java/cogito-v1-preview-llama-8B/results_original_deepcogito__cogito-v1-preview-llama-8B_round3.csv
--- Round 4/5 (0 done, 400 remaining) ---
[1201/2000] 2026-08-03 20:41:55 | R4 | 2013_0_1/84294 vs 2013_0_1/58633 → CLONE
[1202/2000] 2026-08-03 20:42:02 | R4 | 2013_0_1/84294 vs 2013_0_1/124149 → CLONE
[1203/2000] 2026-08-03 20:42:09 | R4 | 2013_0_1/84294 vs 2013_0_1/88116 → CLONE
[1204/2000] 2026-08-03 20:42:15 | R4 | 2013_0_1/84294 vs 2013_0_1/124226 → CLONE
[1205/2000] 2026-08-03 20:42:25 | R4 | 2013_0_1/58633 vs 2013_0_1/124149 → CLONE
[1206/2000] 2026-08-03 20:42:34 | R4 | 2013_0_1/58633 vs 2013_0_1/88116 → CLONE
[1207/2000] 2026-08-03 20:42:44 | R4 | 2013_0_1/58633 vs 2013_0_1/124226 → CLONE
[1208/2000] 2026-08-03 20:42:53 | R4 | 2013_0_1/124149 vs 2013_0_1/88116 → CLONE
[1209/2000] 2026-08-03 20:43:01 | R4 | 2013_0_1/124149 vs 2013_0_1/124226 → CLONE
[1210/2000] 2026-08-03 20:43:10 | R4 | 2013_0_1/88116 vs 2013_0_1/124226 → CLONE
[1211/2000] 2026-08-03 20:43:16 | R4 | 2013_0_2/95524 vs 2013_0_2/44471 → CLONE
[1212/2000] 2026-08-03 20:43:23 | R4 | 2013_0_2/95524 vs 2013_0_2/55421 → CLONE
[1213/2000] 2026-08-03 20:43:31 | R4 | 2013_0_2/95524 vs 2013_0_2/90919 → CLONE
[1214/2000] 2026-08-03 20:43:38 | R4 | 2013_0_2/95524 vs 2013_0_2/114653 → CLONE
[1215/2000] 2026-08-03 20:43:47 | R4 | 2013_0_2/44471 vs 2013_0_2/55421 → CLONE
[1216/2000] 2026-08-03 20:43:54 | R4 | 2013_0_2/44471 vs 2013_0_2/90919 → CLONE
[1217/2000] 2026-08-03 20:44:01 | R4 | 2013_0_2/44471 vs 2013_0_2/114653 → CLONE
[1218/2000] 2026-08-03 20:44:09 | R4 | 2013_0_2/55421 vs 2013_0_2/90919 → CLONE
[1219/2000] 2026-08-03 20:44:16 | R4 | 2013_0_2/55421 vs 2013_0_2/114653 → CLONE
[1220/2000] 2026-08-03 20:44:23 | R4 | 2013_0_2/90919 vs 2013_0_2/114653 → CLONE
[1221/2000] 2026-08-03 20:44:33 | R4 | 2013_0_3/55548 vs 2013_0_3/94901 → CLONE
[1222/2000] 2026-08-03 20:44:44 | R4 | 2013_0_3/55548 vs 2013_0_3/78294 → CLONE
[1223/2000] 2026-08-03 20:44:52 | R4 | 2013_0_3/55548 vs 2013_0_3/118052 → CLONE
[1224/2000] 2026-08-03 20:45:03 | R4 | 2013_0_3/55548 vs 2013_0_3/83531 → CLONE
[1225/2000] 2026-08-03 20:45:12 | R4 | 2013_0_3/94901 vs 2013_0_3/78294 → CLONE
[1226/2000] 2026-08-03 20:45:18 | R4 | 2013_0_3/94901 vs 2013_0_3/118052 → CLONE
[1227/2000] 2026-08-03 20:45:28 | R4 | 2013_0_3/94901 vs 2013_0_3/83531 → CLONE
[1228/2000] 2026-08-03 20:45:33 | R4 | 2013_0_3/78294 vs 2013_0_3/118052 → CLONE
[1229/2000] 2026-08-03 20:45:41 | R4 | 2013_0_3/78294 vs 2013_0_3/83531 → CLONE
[1230/2000] 2026-08-03 20:45:47 | R4 | 2013_0_3/118052 vs 2013_0_3/83531 → CLONE
[1231/2000] 2026-08-03 20:45:53 | R4 | 2013_1_1/35305 vs 2013_1_1/30788 → CLONE
[1232/2000] 2026-08-03 20:45:59 | R4 | 2013_1_1/35305 vs 2013_1_1/30610 → CLONE
[1233/2000] 2026-08-03 20:46:07 | R4 | 2013_1_1/35305 vs 2013_1_1/30305 → CLONE
[1234/2000] 2026-08-03 20:46:11 | R4 | 2013_1_1/35305 vs 2013_1_1/40715 → CLONE
[1235/2000] 2026-08-03 20:46:18 | R4 | 2013_1_1/30788 vs 2013_1_1/30610 → CLONE
[1236/2000] 2026-08-03 20:46:27 | R4 | 2013_1_1/30788 vs 2013_1_1/30305 → CLONE
[1237/2000] 2026-08-03 20:46:33 | R4 | 2013_1_1/30788 vs 2013_1_1/40715 → CLONE
[1238/2000] 2026-08-03 20:46:43 | R4 | 2013_1_1/30610 vs 2013_1_1/30305 → CLONE
[1239/2000] 2026-08-03 20:46:49 | R4 | 2013_1_1/30610 vs 2013_1_1/40715 → CLONE
[1240/2000] 2026-08-03 20:46:57 | R4 | 2013_1_1/30305 vs 2013_1_1/40715 → CLONE
[1241/2000] 2026-08-03 20:47:02 | R4 | 2014_0_2/107403 vs 2014_0_2/81302 → CLONE
[1242/2000] 2026-08-03 20:47:06 | R4 | 2014_0_2/107403 vs 2014_0_2/27351 → CLONE
[1243/2000] 2026-08-03 20:47:10 | R4 | 2014_0_2/107403 vs 2014_0_2/41018 → CLONE
[1244/2000] 2026-08-03 20:47:13 | R4 | 2014_0_2/107403 vs 2014_0_2/110678 → CLONE
[1245/2000] 2026-08-03 20:47:19 | R4 | 2014_0_2/81302 vs 2014_0_2/27351 → CLONE
[1246/2000] 2026-08-03 20:47:23 | R4 | 2014_0_2/81302 vs 2014_0_2/41018 → CLONE
[1247/2000] 2026-08-03 20:47:27 | R4 | 2014_0_2/81302 vs 2014_0_2/110678 → CLONE
[1248/2000] 2026-08-03 20:47:32 | R4 | 2014_0_2/27351 vs 2014_0_2/41018 → CLONE
[1249/2000] 2026-08-03 20:47:36 | R4 | 2014_0_2/27351 vs 2014_0_2/110678 → CLONE
[1250/2000] 2026-08-03 20:47:40 | R4 | 2014_0_2/41018 vs 2014_0_2/110678 → CLONE
[1251/2000] 2026-08-03 20:47:55 | R4 | 2014_0_3/108079 vs 2014_0_3/27551 → CLONE
[1252/2000] 2026-08-03 20:48:20 | R4 | 2014_0_3/108079 vs 2014_0_3/99421 → CLONE
[1253/2000] 2026-08-03 20:49:00 | R4 | 2014_0_3/108079 vs 2014_0_3/22792 → CLONE
[1254/2000] 2026-08-03 20:49:13 | R4 | 2014_0_3/108079 vs 2014_0_3/71973 → CLONE
[1255/2000] 2026-08-03 20:49:32 | R4 | 2014_0_3/27551 vs 2014_0_3/99421 → CLONE
[1256/2000] 2026-08-03 20:50:10 | R4 | 2014_0_3/27551 vs 2014_0_3/22792 → CLONE
[1257/2000] 2026-08-03 20:50:19 | R4 | 2014_0_3/27551 vs 2014_0_3/71973 → CLONE
[1258/2000] 2026-08-03 20:51:03 | R4 | 2014_0_3/99421 vs 2014_0_3/22792 → CLONE
[1259/2000] 2026-08-03 20:51:22 | R4 | 2014_0_3/99421 vs 2014_0_3/71973 → CLONE
[1260/2000] 2026-08-03 20:51:57 | R4 | 2014_0_3/22792 vs 2014_0_3/71973 → CLONE
[1261/2000] 2026-08-03 20:52:06 | R4 | 2014_2_1/124976 vs 2014_2_1/115332 → CLONE
[1262/2000] 2026-08-03 20:52:17 | R4 | 2014_2_1/124976 vs 2014_2_1/119554 → CLONE
[1263/2000] 2026-08-03 20:52:26 | R4 | 2014_2_1/124976 vs 2014_2_1/126555 → CLONE
[1264/2000] 2026-08-03 20:52:35 | R4 | 2014_2_1/124976 vs 2014_2_1/125050 → CLONE
[1265/2000] 2026-08-03 20:52:43 | R4 | 2014_2_1/115332 vs 2014_2_1/119554 → CLONE
[1266/2000] 2026-08-03 20:52:52 | R4 | 2014_2_1/115332 vs 2014_2_1/126555 → CLONE
[1267/2000] 2026-08-03 20:53:00 | R4 | 2014_2_1/115332 vs 2014_2_1/125050 → CLONE
[1268/2000] 2026-08-03 20:53:10 | R4 | 2014_2_1/119554 vs 2014_2_1/126555 → CLONE
[1269/2000] 2026-08-03 20:53:19 | R4 | 2014_2_1/119554 vs 2014_2_1/125050 → CLONE
[1270/2000] 2026-08-03 20:53:30 | R4 | 2014_2_1/126555 vs 2014_2_1/125050 → CLONE
[1271/2000] 2026-08-03 20:53:40 | R4 | 2014_3_1/141827 vs 2014_3_1/137264 → CLONE
[1272/2000] 2026-08-03 20:53:51 | R4 | 2014_3_1/141827 vs 2014_3_1/138894 → CLONE
[1273/2000] 2026-08-03 20:54:01 | R4 | 2014_3_1/141827 vs 2014_3_1/136615 → CLONE
[1274/2000] 2026-08-03 20:54:10 | R4 | 2014_3_1/141827 vs 2014_3_1/138529 → CLONE
[1275/2000] 2026-08-03 20:54:16 | R4 | 2014_3_1/137264 vs 2014_3_1/138894 → CLONE
[1276/2000] 2026-08-03 20:54:23 | R4 | 2014_3_1/137264 vs 2014_3_1/136615 → CLONE
[1277/2000] 2026-08-03 20:54:30 | R4 | 2014_3_1/137264 vs 2014_3_1/138529 → CLONE
[1278/2000] 2026-08-03 20:54:35 | R4 | 2014_3_1/138894 vs 2014_3_1/136615 → CLONE
[1279/2000] 2026-08-03 20:54:40 | R4 | 2014_3_1/138894 vs 2014_3_1/138529 → CLONE
[1280/2000] 2026-08-03 20:54:45 | R4 | 2014_3_1/136615 vs 2014_3_1/138529 → CLONE
[1281/2000] 2026-08-03 20:54:51 | R4 | 2015_0_1/79967 vs 2015_0_1/35102 → CLONE
[1282/2000] 2026-08-03 20:54:56 | R4 | 2015_0_1/79967 vs 2015_0_1/68106 → CLONE
[1283/2000] 2026-08-03 20:55:02 | R4 | 2015_0_1/79967 vs 2015_0_1/65869 → CLONE
[1284/2000] 2026-08-03 20:55:07 | R4 | 2015_0_1/79967 vs 2015_0_1/46754 → CLONE
[1285/2000] 2026-08-03 20:55:12 | R4 | 2015_0_1/35102 vs 2015_0_1/68106 → CLONE
[1286/2000] 2026-08-03 20:55:17 | R4 | 2015_0_1/35102 vs 2015_0_1/65869 → CLONE
[1287/2000] 2026-08-03 20:55:22 | R4 | 2015_0_1/35102 vs 2015_0_1/46754 → CLONE
[1288/2000] 2026-08-03 20:55:27 | R4 | 2015_0_1/68106 vs 2015_0_1/65869 → CLONE
[1289/2000] 2026-08-03 20:55:32 | R4 | 2015_0_1/68106 vs 2015_0_1/46754 → CLONE
[1290/2000] 2026-08-03 20:55:36 | R4 | 2015_0_1/65869 vs 2015_0_1/46754 → CLONE
[1291/2000] 2026-08-03 20:55:41 | R4 | 2015_0_2/34257 vs 2015_0_2/32722 → CLONE
[1292/2000] 2026-08-03 20:55:45 | R4 | 2015_0_2/34257 vs 2015_0_2/77145 → CLONE
[1293/2000] 2026-08-03 20:55:50 | R4 | 2015_0_2/34257 vs 2015_0_2/72707 → CLONE
[1294/2000] 2026-08-03 20:55:55 | R4 | 2015_0_2/34257 vs 2015_0_2/68668 → CLONE
[1295/2000] 2026-08-03 20:56:00 | R4 | 2015_0_2/32722 vs 2015_0_2/77145 → CLONE
[1296/2000] 2026-08-03 20:56:04 | R4 | 2015_0_2/32722 vs 2015_0_2/72707 → CLONE
[1297/2000] 2026-08-03 20:56:09 | R4 | 2015_0_2/32722 vs 2015_0_2/68668 → CLONE
[1298/2000] 2026-08-03 20:56:13 | R4 | 2015_0_2/77145 vs 2015_0_2/72707 → CLONE
[1299/2000] 2026-08-03 20:56:17 | R4 | 2015_0_2/77145 vs 2015_0_2/68668 → CLONE
[1300/2000] 2026-08-03 20:56:22 | R4 | 2015_0_2/72707 vs 2015_0_2/68668 → CLONE
[1301/2000] 2026-08-03 20:56:38 | R4 | 2015_0_3/74464 vs 2015_0_3/88073 → CLONE
[1302/2000] 2026-08-03 20:56:55 | R4 | 2015_0_3/74464 vs 2015_0_3/21597 → CLONE
[1303/2000] 2026-08-03 20:57:09 | R4 | 2015_0_3/74464 vs 2015_0_3/62582 → CLONE
[1304/2000] 2026-08-03 20:57:24 | R4 | 2015_0_3/74464 vs 2015_0_3/107238 → CLONE
[1305/2000] 2026-08-03 20:57:38 | R4 | 2015_0_3/88073 vs 2015_0_3/21597 → CLONE
[1306/2000] 2026-08-03 20:57:50 | R4 | 2015_0_3/88073 vs 2015_0_3/62582 → CLONE
[1307/2000] 2026-08-03 20:58:03 | R4 | 2015_0_3/88073 vs 2015_0_3/107238 → CLONE
[1308/2000] 2026-08-03 20:58:11 | R4 | 2015_0_3/21597 vs 2015_0_3/62582 → CLONE
[1309/2000] 2026-08-03 20:58:21 | R4 | 2015_0_3/21597 vs 2015_0_3/107238 → CLONE
[1310/2000] 2026-08-03 20:58:31 | R4 | 2015_0_3/62582 vs 2015_0_3/107238 → CLONE
[1311/2000] 2026-08-03 20:58:38 | R4 | 2015_0_4/107149 vs 2015_0_4/96734 → CLONE
[1312/2000] 2026-08-03 20:58:44 | R4 | 2015_0_4/107149 vs 2015_0_4/79014 → CLONE
[1313/2000] 2026-08-03 20:58:50 | R4 | 2015_0_4/107149 vs 2015_0_4/21673 → CLONE
[1314/2000] 2026-08-03 20:58:56 | R4 | 2015_0_4/107149 vs 2015_0_4/77477 → CLONE
[1315/2000] 2026-08-03 20:59:03 | R4 | 2015_0_4/96734 vs 2015_0_4/79014 → CLONE
[1316/2000] 2026-08-03 20:59:08 | R4 | 2015_0_4/96734 vs 2015_0_4/21673 → CLONE
[1317/2000] 2026-08-03 20:59:13 | R4 | 2015_0_4/96734 vs 2015_0_4/77477 → CLONE
[1318/2000] 2026-08-03 20:59:19 | R4 | 2015_0_4/79014 vs 2015_0_4/21673 → CLONE
[1319/2000] 2026-08-03 20:59:24 | R4 | 2015_0_4/79014 vs 2015_0_4/77477 → CLONE
[1320/2000] 2026-08-03 20:59:30 | R4 | 2015_0_4/21673 vs 2015_0_4/77477 → CLONE
[1321/2000] 2026-08-03 20:59:36 | R4 | 2015_1_1/127730 vs 2015_1_1/114491 → CLONE
[1322/2000] 2026-08-03 20:59:43 | R4 | 2015_1_1/127730 vs 2015_1_1/125935 → CLONE
[1323/2000] 2026-08-03 20:59:48 | R4 | 2015_1_1/127730 vs 2015_1_1/124925 → CLONE
[1324/2000] 2026-08-03 20:59:54 | R4 | 2015_1_1/127730 vs 2015_1_1/115055 → CLONE
[1325/2000] 2026-08-03 21:00:01 | R4 | 2015_1_1/114491 vs 2015_1_1/125935 → CLONE
[1326/2000] 2026-08-03 21:00:06 | R4 | 2015_1_1/114491 vs 2015_1_1/124925 → CLONE
[1327/2000] 2026-08-03 21:00:11 | R4 | 2015_1_1/114491 vs 2015_1_1/115055 → CLONE
[1328/2000] 2026-08-03 21:00:17 | R4 | 2015_1_1/125935 vs 2015_1_1/124925 → CLONE
[1329/2000] 2026-08-03 21:00:26 | R4 | 2015_1_1/125935 vs 2015_1_1/115055 → CLONE
[1330/2000] 2026-08-03 21:00:31 | R4 | 2015_1_1/124925 vs 2015_1_1/115055 → CLONE
[1331/2000] 2026-08-03 21:00:36 | R4 | 2016_0_1/60475 vs 2016_0_1/69477 → CLONE
[1332/2000] 2026-08-03 21:00:42 | R4 | 2016_0_1/60475 vs 2016_0_1/123558 → CLONE
[1333/2000] 2026-08-03 21:00:51 | R4 | 2016_0_1/60475 vs 2016_0_1/55901 → CLONE
[1334/2000] 2026-08-03 21:00:57 | R4 | 2016_0_1/60475 vs 2016_0_1/72044 → CLONE
[1335/2000] 2026-08-03 21:01:03 | R4 | 2016_0_1/69477 vs 2016_0_1/123558 → CLONE
[1336/2000] 2026-08-03 21:01:11 | R4 | 2016_0_1/69477 vs 2016_0_1/55901 → CLONE
[1337/2000] 2026-08-03 21:01:16 | R4 | 2016_0_1/69477 vs 2016_0_1/72044 → CLONE
[1338/2000] 2026-08-03 21:01:25 | R4 | 2016_0_1/123558 vs 2016_0_1/55901 → CLONE
[1339/2000] 2026-08-03 21:01:30 | R4 | 2016_0_1/123558 vs 2016_0_1/72044 → CLONE
[1340/2000] 2026-08-03 21:01:39 | R4 | 2016_0_1/55901 vs 2016_0_1/72044 → CLONE
[1341/2000] 2026-08-03 21:01:44 | R4 | 2016_0_2/68074 vs 2016_0_2/150691 → CLONE
[1342/2000] 2026-08-03 21:01:48 | R4 | 2016_0_2/68074 vs 2016_0_2/125812 → CLONE
[1343/2000] 2026-08-03 21:01:52 | R4 | 2016_0_2/68074 vs 2016_0_2/88861 → CLONE
[1344/2000] 2026-08-03 21:01:57 | R4 | 2016_0_2/68074 vs 2016_0_2/162423 → CLONE
[1345/2000] 2026-08-03 21:02:03 | R4 | 2016_0_2/150691 vs 2016_0_2/125812 → CLONE
[1346/2000] 2026-08-03 21:02:07 | R4 | 2016_0_2/150691 vs 2016_0_2/88861 → CLONE
[1347/2000] 2026-08-03 21:02:12 | R4 | 2016_0_2/150691 vs 2016_0_2/162423 → CLONE
[1348/2000] 2026-08-03 21:02:16 | R4 | 2016_0_2/125812 vs 2016_0_2/88861 → CLONE
[1349/2000] 2026-08-03 21:02:21 | R4 | 2016_0_2/125812 vs 2016_0_2/162423 → CLONE
[1350/2000] 2026-08-03 21:02:25 | R4 | 2016_0_2/88861 vs 2016_0_2/162423 → CLONE
[1351/2000] 2026-08-03 21:02:30 | R4 | 2016_0_4/100472 vs 2016_0_4/129913 → CLONE
[1352/2000] 2026-08-03 21:02:36 | R4 | 2016_0_4/100472 vs 2016_0_4/58218 → CLONE
[1353/2000] 2026-08-03 21:02:44 | R4 | 2016_0_4/100472 vs 2016_0_4/63729 → CLONE
[1354/2000] 2026-08-03 21:02:50 | R4 | 2016_0_4/100472 vs 2016_0_4/138317 → CLONE
[1355/2000] 2026-08-03 21:02:55 | R4 | 2016_0_4/129913 vs 2016_0_4/58218 → CLONE
[1356/2000] 2026-08-03 21:03:02 | R4 | 2016_0_4/129913 vs 2016_0_4/63729 → CLONE
[1357/2000] 2026-08-03 21:03:06 | R4 | 2016_0_4/129913 vs 2016_0_4/138317 → CLONE
[1358/2000] 2026-08-03 21:03:14 | R4 | 2016_0_4/58218 vs 2016_0_4/63729 → CLONE
[1359/2000] 2026-08-03 21:03:19 | R4 | 2016_0_4/58218 vs 2016_0_4/138317 → CLONE
[1360/2000] 2026-08-03 21:03:26 | R4 | 2016_0_4/63729 vs 2016_0_4/138317 → CLONE
[1361/2000] 2026-08-03 21:03:33 | R4 | 2016_1_1/1153 vs 2016_1_1/14479 → CLONE
[1362/2000] 2026-08-03 21:03:38 | R4 | 2016_1_1/1153 vs 2016_1_1/8299 → CLONE
[1363/2000] 2026-08-03 21:03:42 | R4 | 2016_1_1/1153 vs 2016_1_1/29796 → CLONE
[1364/2000] 2026-08-03 21:03:46 | R4 | 2016_1_1/1153 vs 2016_1_1/2003 → CLONE
[1365/2000] 2026-08-03 21:03:53 | R4 | 2016_1_1/14479 vs 2016_1_1/8299 → CLONE
[1366/2000] 2026-08-03 21:04:00 | R4 | 2016_1_1/14479 vs 2016_1_1/29796 → CLONE
[1367/2000] 2026-08-03 21:04:07 | R4 | 2016_1_1/14479 vs 2016_1_1/2003 → CLONE
[1368/2000] 2026-08-03 21:04:11 | R4 | 2016_1_1/8299 vs 2016_1_1/29796 → CLONE
[1369/2000] 2026-08-03 21:04:16 | R4 | 2016_1_1/8299 vs 2016_1_1/2003 → CLONE
[1370/2000] 2026-08-03 21:04:20 | R4 | 2016_1_1/29796 vs 2016_1_1/2003 → CLONE
[1371/2000] 2026-08-03 21:04:25 | R4 | 2016_1_2/8152 vs 2016_1_2/31984 → CLONE
[1372/2000] 2026-08-03 21:04:30 | R4 | 2016_1_2/8152 vs 2016_1_2/20611 → CLONE
[1373/2000] 2026-08-03 21:04:50 | R4 | 2016_1_2/8152 vs 2016_1_2/19093 → CLONE
[1374/2000] 2026-08-03 21:04:56 | R4 | 2016_1_2/8152 vs 2016_1_2/30007 → CLONE
[1375/2000] 2026-08-03 21:05:00 | R4 | 2016_1_2/31984 vs 2016_1_2/20611 → CLONE
[1376/2000] 2026-08-03 21:05:18 | R4 | 2016_1_2/31984 vs 2016_1_2/19093 → CLONE
[1377/2000] 2026-08-03 21:05:25 | R4 | 2016_1_2/31984 vs 2016_1_2/30007 → CLONE
[1378/2000] 2026-08-03 21:05:46 | R4 | 2016_1_2/20611 vs 2016_1_2/19093 → CLONE
[1379/2000] 2026-08-03 21:05:51 | R4 | 2016_1_2/20611 vs 2016_1_2/30007 → CLONE
[1380/2000] 2026-08-03 21:06:17 | R4 | 2016_1_2/19093 vs 2016_1_2/30007 → CLONE
[1381/2000] 2026-08-03 21:06:24 | R4 | 2016_2_1/197689 vs 2016_2_1/192495 → CLONE
[1382/2000] 2026-08-03 21:06:35 | R4 | 2016_2_1/197689 vs 2016_2_1/187476 → CLONE
[1383/2000] 2026-08-03 21:06:45 | R4 | 2016_2_1/197689 vs 2016_2_1/193269 → CLONE
[1384/2000] 2026-08-03 21:06:58 | R4 | 2016_2_1/197689 vs 2016_2_1/184367 → CLONE
[1385/2000] 2026-08-03 21:07:06 | R4 | 2016_2_1/192495 vs 2016_2_1/187476 → CLONE
[1386/2000] 2026-08-03 21:07:12 | R4 | 2016_2_1/192495 vs 2016_2_1/193269 → CLONE
[1387/2000] 2026-08-03 21:07:19 | R4 | 2016_2_1/192495 vs 2016_2_1/184367 → CLONE
[1388/2000] 2026-08-03 21:07:28 | R4 | 2016_2_1/187476 vs 2016_2_1/193269 → CLONE
[1389/2000] 2026-08-03 21:07:35 | R4 | 2016_2_1/187476 vs 2016_2_1/184367 → CLONE
[1390/2000] 2026-08-03 21:07:42 | R4 | 2016_2_1/193269 vs 2016_2_1/184367 → CLONE
[1391/2000] 2026-08-03 21:07:49 | R4 | 2016_3_1/205670 vs 2016_3_1/211583 → CLONE
[1392/2000] 2026-08-03 21:07:55 | R4 | 2016_3_1/205670 vs 2016_3_1/210871 → CLONE
[1393/2000] 2026-08-03 21:08:02 | R4 | 2016_3_1/205670 vs 2016_3_1/218815 → CLONE
[1394/2000] 2026-08-03 21:08:08 | R4 | 2016_3_1/205670 vs 2016_3_1/207727 → CLONE
[1395/2000] 2026-08-03 21:08:15 | R4 | 2016_3_1/211583 vs 2016_3_1/210871 → CLONE
[1396/2000] 2026-08-03 21:08:22 | R4 | 2016_3_1/211583 vs 2016_3_1/218815 → CLONE
[1397/2000] 2026-08-03 21:08:29 | R4 | 2016_3_1/211583 vs 2016_3_1/207727 → CLONE
[1398/2000] 2026-08-03 21:08:34 | R4 | 2016_3_1/210871 vs 2016_3_1/218815 → CLONE
[1399/2000] 2026-08-03 21:08:42 | R4 | 2016_3_1/210871 vs 2016_3_1/207727 → CLONE
[1400/2000] 2026-08-03 21:08:47 | R4 | 2016_3_1/218815 vs 2016_3_1/207727 → CLONE
[1401/2000] 2026-08-03 21:08:53 | R4 | 2013_0_1/84294 vs 2016_3_1/218815 → NON-CLONE
[1402/2000] 2026-08-03 21:08:57 | R4 | 2013_0_1/84294 vs 2015_1_1/124925 → NON-CLONE
[1403/2000] 2026-08-03 21:09:03 | R4 | 2013_0_1/84294 vs 2016_0_2/88861 → NON-CLONE
[1404/2000] 2026-08-03 21:09:07 | R4 | 2013_0_1/84294 vs 2014_0_2/107403 → NON-CLONE
[1405/2000] 2026-08-03 21:09:15 | R4 | 2013_0_1/58633 vs 2015_0_3/62582 → NON-CLONE
[1406/2000] 2026-08-03 21:09:22 | R4 | 2013_0_1/58633 vs 2013_1_1/35305 → NON-CLONE
[1407/2000] 2026-08-03 21:09:31 | R4 | 2013_0_1/58633 vs 2016_0_4/100472 → NON-CLONE
[1408/2000] 2026-08-03 21:09:36 | R4 | 2013_0_1/124149 vs 2015_0_1/68106 → NON-CLONE
[1409/2000] 2026-08-03 21:09:42 | R4 | 2013_0_1/124149 vs 2016_1_2/8152 → NON-CLONE
[1410/2000] 2026-08-03 21:09:48 | R4 | 2013_0_1/88116 vs 2016_1_1/2003 → NON-CLONE
[1411/2000] 2026-08-03 21:09:59 | R4 | 2013_0_2/95524 vs 2015_0_3/88073 → NON-CLONE
[1412/2000] 2026-08-03 21:10:06 | R4 | 2013_0_2/95524 vs 2016_0_4/63729 → NON-CLONE
[1413/2000] 2026-08-03 21:10:13 | R4 | 2013_0_2/95524 vs 2014_0_3/71973 → NON-CLONE
[1414/2000] 2026-08-03 21:10:20 | R4 | 2013_0_2/95524 vs 2016_3_1/205670 → NON-CLONE
[1415/2000] 2026-08-03 21:10:27 | R4 | 2013_0_2/44471 vs 2013_0_3/118052 → NON-CLONE
[1416/2000] 2026-08-03 21:10:37 | R4 | 2013_0_2/44471 vs 2013_0_3/55548 → NON-CLONE
[1417/2000] 2026-08-03 21:10:45 | R4 | 2013_0_2/44471 vs 2016_1_2/30007 → NON-CLONE
[1418/2000] 2026-08-03 21:10:55 | R4 | 2013_0_2/55421 vs 2014_2_1/125050 → NON-CLONE
[1419/2000] 2026-08-03 21:11:01 | R4 | 2013_0_2/55421 vs 2015_0_1/68106 → NON-CLONE
[1420/2000] 2026-08-03 21:11:07 | R4 | 2013_0_2/90919 vs 2013_1_1/35305 → NON-CLONE
[1421/2000] 2026-08-03 21:11:17 | R4 | 2013_0_3/55548 vs 2014_2_1/125050 → NON-CLONE
[1422/2000] 2026-08-03 21:11:27 | R4 | 2013_0_3/55548 vs 2013_1_1/30610 → NON-CLONE
[1423/2000] 2026-08-03 21:11:36 | R4 | 2013_0_3/55548 vs 2015_0_3/62582 → NON-CLONE
[1424/2000] 2026-08-03 21:11:44 | R4 | 2013_0_3/55548 vs 2015_0_1/79967 → NON-CLONE
[1425/2000] 2026-08-03 21:11:50 | R4 | 2013_0_3/94901 vs 2015_1_1/124925 → NON-CLONE
[1426/2000] 2026-08-03 21:11:57 | R4 | 2013_0_3/94901 vs 2016_1_2/31984 → NON-CLONE
[1427/2000] 2026-08-03 21:12:06 | R4 | 2013_0_3/94901 vs 2015_0_3/88073 → NON-CLONE
[1428/2000] 2026-08-03 21:12:18 | R4 | 2013_0_3/78294 vs 2014_0_3/108079 → NON-CLONE
[1429/2000] 2026-08-03 21:12:27 | R4 | 2013_0_3/78294 vs 2015_0_3/21597 → NON-CLONE
[1430/2000] 2026-08-03 21:12:38 | R4 | 2013_0_3/118052 vs 2015_0_3/74464 → NON-CLONE
[1431/2000] 2026-08-03 21:12:42 | R4 | 2013_1_1/35305 vs 2014_2_1/115332 → NON-CLONE
[1432/2000] 2026-08-03 21:12:51 | R4 | 2013_1_1/35305 vs 2016_2_1/197689 → NON-CLONE
[1433/2000] 2026-08-03 21:12:56 | R4 | 2013_1_1/35305 vs 2014_3_1/138529 → NON-CLONE
[1434/2000] 2026-08-03 21:13:01 | R4 | 2013_1_1/35305 vs 2016_2_1/184367 → NON-CLONE
[1435/2000] 2026-08-03 21:13:06 | R4 | 2013_1_1/30788 vs 2016_2_1/187476 → NON-CLONE
[1436/2000] 2026-08-03 21:13:11 | R4 | 2013_1_1/30788 vs 2016_1_2/20611 → NON-CLONE
[1437/2000] 2026-08-03 21:13:19 | R4 | 2013_1_1/30788 vs 2013_0_2/114653 → NON-CLONE
[1438/2000] 2026-08-03 21:13:23 | R4 | 2013_1_1/30610 vs 2016_1_1/8299 → NON-CLONE
[1439/2000] 2026-08-03 21:13:30 | R4 | 2013_1_1/30610 vs 2016_1_2/31984 → NON-CLONE
[1440/2000] 2026-08-03 21:13:45 | R4 | 2013_1_1/30305 vs 2014_0_3/27551 → NON-CLONE
[1441/2000] 2026-08-03 21:13:48 | R4 | 2014_0_2/107403 vs 2016_0_2/88861 → NON-CLONE
[1442/2000] 2026-08-03 21:13:52 | R4 | 2014_0_2/107403 vs 2016_3_1/218815 → NON-CLONE
[1443/2000] 2026-08-03 21:13:57 | R4 | 2014_0_2/107403 vs 2014_3_1/137264 → NON-CLONE
[1444/2000] 2026-08-03 21:14:05 | R4 | 2014_0_2/107403 vs 2014_0_3/108079 → NON-CLONE
[1445/2000] 2026-08-03 21:14:10 | R4 | 2014_0_2/81302 vs 2015_1_1/115055 → NON-CLONE
[1446/2000] 2026-08-03 21:14:16 | R4 | 2014_0_2/81302 vs 2015_0_3/62582 → NON-CLONE
[1447/2000] 2026-08-03 21:14:20 | R4 | 2014_0_2/81302 vs 2014_3_1/138529 → NON-CLONE
[1448/2000] 2026-08-03 21:14:25 | R4 | 2014_0_2/27351 vs 2016_1_2/31984 → NON-CLONE
[1449/2000] 2026-08-03 21:14:29 | R4 | 2014_0_2/27351 vs 2016_2_1/193269 → NON-CLONE
[1450/2000] 2026-08-03 21:14:33 | R4 | 2014_0_2/41018 vs 2016_0_4/129913 → NON-CLONE
[1451/2000] 2026-08-03 21:14:46 | R4 | 2014_0_3/108079 vs 2014_2_1/126555 → NON-CLONE
[1452/2000] 2026-08-03 21:14:55 | R4 | 2014_0_3/108079 vs 2016_2_1/187476 → NON-CLONE
[1453/2000] 2026-08-03 21:15:07 | R4 | 2014_0_3/108079 vs 2015_0_2/32722 → NON-CLONE
[1454/2000] 2026-08-03 21:15:22 | R4 | 2014_0_3/108079 vs 2013_0_2/55421 → NON-CLONE
[1455/2000] 2026-08-03 21:15:30 | R4 | 2014_0_3/27551 vs 2014_2_1/125050 → NON-CLONE
[1456/2000] 2026-08-03 21:15:42 | R4 | 2014_0_3/27551 vs 2013_0_1/124226 → NON-CLONE
[1457/2000] 2026-08-03 21:15:52 | R4 | 2014_0_3/27551 vs 2015_0_2/34257 → NON-CLONE
[1458/2000] 2026-08-03 21:16:05 | R4 | 2014_0_3/99421 vs 2015_0_4/96734 → NON-CLONE
[1459/2000] 2026-08-03 21:16:21 | R4 | 2014_0_3/99421 vs 2014_3_1/138529 → NON-CLONE
[1460/2000] 2026-08-03 21:16:52 | R4 | 2014_0_3/22792 vs 2013_0_2/90919 → NON-CLONE
[1461/2000] 2026-08-03 21:17:12 | R4 | 2014_2_1/124976 vs 2014_0_3/99421 → NON-CLONE
[1462/2000] 2026-08-03 21:17:20 | R4 | 2014_2_1/124976 vs 2016_0_4/58218 → NON-CLONE
[1463/2000] 2026-08-03 21:17:28 | R4 | 2014_2_1/124976 vs 2016_3_1/211583 → NON-CLONE
[1464/2000] 2026-08-03 21:17:36 | R4 | 2014_2_1/124976 vs 2015_0_2/34257 → NON-CLONE
[1465/2000] 2026-08-03 21:17:54 | R4 | 2014_2_1/115332 vs 2014_0_3/99421 → NON-CLONE
[1466/2000] 2026-08-03 21:18:21 | R4 | 2014_2_1/115332 vs 2016_1_2/19093 → NON-CLONE
[1467/2000] 2026-08-03 21:18:30 | R4 | 2014_2_1/115332 vs 2016_0_1/55901 → NON-CLONE
[1468/2000] 2026-08-03 21:18:38 | R4 | 2014_2_1/119554 vs 2015_0_4/107149 → NON-CLONE
[1469/2000] 2026-08-03 21:18:44 | R4 | 2014_2_1/119554 vs 2016_1_2/20611 → NON-CLONE
[1470/2000] 2026-08-03 21:18:52 | R4 | 2014_2_1/126555 vs 2015_1_1/124925 → NON-CLONE
[1471/2000] 2026-08-03 21:19:06 | R4 | 2014_3_1/141827 vs 2013_1_1/30305 → NON-CLONE
[1472/2000] 2026-08-03 21:19:20 | R4 | 2014_3_1/141827 vs 2014_2_1/126555 → NON-CLONE
[1473/2000] 2026-08-03 21:19:31 | R4 | 2014_3_1/141827 vs 2013_1_1/30610 → NON-CLONE
[1474/2000] 2026-08-03 21:19:42 | R4 | 2014_3_1/141827 vs 2014_2_1/115332 → NON-CLONE
[1475/2000] 2026-08-03 21:19:47 | R4 | 2014_3_1/137264 vs 2016_0_4/129913 → NON-CLONE
[1476/2000] 2026-08-03 21:19:51 | R4 | 2014_3_1/137264 vs 2016_0_2/88861 → NON-CLONE
[1477/2000] 2026-08-03 21:20:01 | R4 | 2014_3_1/137264 vs 2014_2_1/126555 → NON-CLONE
[1478/2000] 2026-08-03 21:20:06 | R4 | 2014_3_1/138894 vs 2016_0_4/138317 → NON-CLONE
[1479/2000] 2026-08-03 21:20:11 | R4 | 2014_3_1/138894 vs 2015_0_4/77477 → NON-CLONE
[1480/2000] 2026-08-03 21:20:16 | R4 | 2014_3_1/136615 vs 2016_0_4/138317 → NON-CLONE
[1481/2000] 2026-08-03 21:20:23 | R4 | 2015_0_1/79967 vs 2015_0_4/96734 → NON-CLONE
[1482/2000] 2026-08-03 21:20:31 | R4 | 2015_0_1/79967 vs 2015_0_3/88073 → NON-CLONE
[1483/2000] 2026-08-03 21:21:03 | R4 | 2015_0_1/79967 vs 2014_0_3/22792 → NON-CLONE
[1484/2000] 2026-08-03 21:21:10 | R4 | 2015_0_1/79967 vs 2013_1_1/30610 → NON-CLONE
[1485/2000] 2026-08-03 21:21:13 | R4 | 2015_0_1/35102 vs 2016_0_2/68074 → NON-CLONE
[1486/2000] 2026-08-03 21:21:22 | R4 | 2015_0_1/35102 vs 2016_0_1/55901 → NON-CLONE
[1487/2000] 2026-08-03 21:21:29 | R4 | 2015_0_1/35102 vs 2013_0_3/94901 → NON-CLONE
[1488/2000] 2026-08-03 21:21:35 | R4 | 2015_0_1/68106 vs 2013_0_2/44471 → NON-CLONE
[1489/2000] 2026-08-03 21:21:41 | R4 | 2015_0_1/68106 vs 2013_0_3/83531 → NON-CLONE
[1490/2000] 2026-08-03 21:21:46 | R4 | 2015_0_1/65869 vs 2013_1_1/40715 → NON-CLONE
[1491/2000] 2026-08-03 21:21:50 | R4 | 2015_0_2/34257 vs 2016_1_2/8152 → NON-CLONE
[1492/2000] 2026-08-03 21:21:56 | R4 | 2015_0_2/34257 vs 2014_0_2/107403 → NON-CLONE
[1493/2000] 2026-08-03 21:22:01 | R4 | 2015_0_2/34257 vs 2016_2_1/187476 → NON-CLONE
[1494/2000] 2026-08-03 21:22:08 | R4 | 2015_0_2/34257 vs 2015_0_4/77477 → NON-CLONE
[1495/2000] 2026-08-03 21:22:15 | R4 | 2015_0_2/32722 vs 2016_1_1/14479 → NON-CLONE
[1496/2000] 2026-08-03 21:22:19 | R4 | 2015_0_2/32722 vs 2013_0_2/90919 → NON-CLONE
[1497/2000] 2026-08-03 21:22:27 | R4 | 2015_0_2/32722 vs 2015_0_3/107238 → NON-CLONE
[1498/2000] 2026-08-03 21:22:32 | R4 | 2015_0_2/77145 vs 2015_0_3/62582 → NON-CLONE
[1499/2000] 2026-08-03 21:22:39 | R4 | 2015_0_2/77145 vs 2016_1_1/14479 → NON-CLONE
[1500/2000] 2026-08-03 21:22:43 | R4 | 2015_0_2/72707 vs 2015_1_1/115055 → NON-CLONE
[1501/2000] 2026-08-03 21:22:55 | R4 | 2015_0_3/74464 vs 2016_0_2/125812 → NON-CLONE
[1502/2000] 2026-08-03 21:23:08 | R4 | 2015_0_3/74464 vs 2014_2_1/119554 → NON-CLONE
[1503/2000] 2026-08-03 21:23:19 | R4 | 2015_0_3/74464 vs 2016_0_4/100472 → NON-CLONE
[1504/2000] 2026-08-03 21:23:35 | R4 | 2015_0_3/74464 vs 2013_0_1/58633 → NON-CLONE
[1505/2000] 2026-08-03 21:23:45 | R4 | 2015_0_3/88073 vs 2016_2_1/187476 → NON-CLONE
[1506/2000] 2026-08-03 21:23:54 | R4 | 2015_0_3/88073 vs 2016_3_1/210871 → NON-CLONE
[1507/2000] 2026-08-03 21:24:04 | R4 | 2015_0_3/88073 vs 2013_0_3/83531 → NON-CLONE
[1508/2000] 2026-08-03 21:24:12 | R4 | 2015_0_3/21597 vs 2016_2_1/187476 → NON-CLONE
[1509/2000] 2026-08-03 21:24:17 | R4 | 2015_0_3/21597 vs 2016_0_2/88861 → NON-CLONE
[1510/2000] 2026-08-03 21:24:25 | R4 | 2015_0_3/62582 vs 2014_2_1/125050 → NON-CLONE
[1511/2000] 2026-08-03 21:24:31 | R4 | 2015_0_4/107149 vs 2016_1_2/20611 → NON-CLONE
[1512/2000] 2026-08-03 21:24:37 | R4 | 2015_0_4/107149 vs 2015_0_1/65869 → NON-CLONE
[1513/2000] 2026-08-03 21:24:46 | R4 | 2015_0_4/107149 vs 2013_0_3/83531 → NON-CLONE
[1514/2000] 2026-08-03 21:24:52 | R4 | 2015_0_4/107149 vs 2014_3_1/138894 → NON-CLONE
[1515/2000] 2026-08-03 21:24:57 | R4 | 2015_0_4/96734 vs 2015_1_1/127730 → NON-CLONE
[1516/2000] 2026-08-03 21:25:02 | R4 | 2015_0_4/96734 vs 2014_0_2/107403 → NON-CLONE
[1517/2000] 2026-08-03 21:25:08 | R4 | 2015_0_4/96734 vs 2015_1_1/124925 → NON-CLONE
[1518/2000] 2026-08-03 21:25:14 | R4 | 2015_0_4/79014 vs 2013_0_1/84294 → NON-CLONE
[1519/2000] 2026-08-03 21:25:20 | R4 | 2015_0_4/79014 vs 2016_3_1/210871 → NON-CLONE
[1520/2000] 2026-08-03 21:25:26 | R4 | 2015_0_4/21673 vs 2016_3_1/210871 → NON-CLONE
[1521/2000] 2026-08-03 21:25:33 | R4 | 2015_1_1/127730 vs 2014_2_1/126555 → NON-CLONE
[1522/2000] 2026-08-03 21:25:39 | R4 | 2015_1_1/127730 vs 2016_0_1/72044 → NON-CLONE
[1523/2000] 2026-08-03 21:25:44 | R4 | 2015_1_1/127730 vs 2014_0_2/27351 → NON-CLONE
[1524/2000] 2026-08-03 21:25:49 | R4 | 2015_1_1/127730 vs 2016_0_1/72044 → NON-CLONE
[1525/2000] 2026-08-03 21:25:53 | R4 | 2015_1_1/114491 vs 2013_0_3/118052 → NON-CLONE
[1526/2000] 2026-08-03 21:25:59 | R4 | 2015_1_1/114491 vs 2016_1_2/8152 → NON-CLONE
[1527/2000] 2026-08-03 21:26:04 | R4 | 2015_1_1/114491 vs 2014_3_1/136615 → NON-CLONE
[1528/2000] 2026-08-03 21:26:11 | R4 | 2015_1_1/125935 vs 2016_1_2/31984 → NON-CLONE
[1529/2000] 2026-08-03 21:26:17 | R4 | 2015_1_1/125935 vs 2016_0_1/72044 → NON-CLONE
[1530/2000] 2026-08-03 21:26:22 | R4 | 2015_1_1/124925 vs 2016_1_1/8299 → NON-CLONE
[1531/2000] 2026-08-03 21:26:34 | R4 | 2016_0_1/60475 vs 2014_0_3/108079 → NON-CLONE
[1532/2000] 2026-08-03 21:26:38 | R4 | 2016_0_1/60475 vs 2013_1_1/40715 → NON-CLONE
[1533/2000] 2026-08-03 21:26:43 | R4 | 2016_0_1/60475 vs 2015_0_2/77145 → NON-CLONE
[1534/2000] 2026-08-03 21:26:48 | R4 | 2016_0_1/60475 vs 2014_0_2/107403 → NON-CLONE
[1535/2000] 2026-08-03 21:26:52 | R4 | 2016_0_1/69477 vs 2016_0_2/162423 → NON-CLONE
[1536/2000] 2026-08-03 21:26:56 | R4 | 2016_0_1/69477 vs 2016_0_2/125812 → NON-CLONE
[1537/2000] 2026-08-03 21:27:01 | R4 | 2016_0_1/69477 vs 2013_0_1/84294 → NON-CLONE
[1538/2000] 2026-08-03 21:27:08 | R4 | 2016_0_1/123558 vs 2016_1_1/14479 → NON-CLONE
[1539/2000] 2026-08-03 21:27:13 | R4 | 2016_0_1/123558 vs 2015_0_1/35102 → NON-CLONE
[1540/2000] 2026-08-03 21:27:24 | R4 | 2016_0_1/55901 vs 2015_1_1/125935 → NON-CLONE
[1541/2000] 2026-08-03 21:27:29 | R4 | 2016_0_2/68074 vs 2013_0_1/124149 → NON-CLONE
[1542/2000] 2026-08-03 21:27:36 | R4 | 2016_0_2/68074 vs 2013_0_3/83531 → NON-CLONE
[1543/2000] 2026-08-03 21:27:40 | R4 | 2016_0_2/68074 vs 2015_0_2/32722 → NON-CLONE
[1544/2000] 2026-08-03 21:27:46 | R4 | 2016_0_2/68074 vs 2014_3_1/138529 → NON-CLONE
[1545/2000] 2026-08-03 21:27:53 | R4 | 2016_0_2/150691 vs 2014_2_1/124976 → NON-CLONE
[1546/2000] 2026-08-03 21:28:00 | R4 | 2016_0_2/150691 vs 2013_0_2/55421 → NON-CLONE
[1547/2000] 2026-08-03 21:28:07 | R4 | 2016_0_2/150691 vs 2014_2_1/124976 → NON-CLONE
[1548/2000] 2026-08-03 21:28:12 | R4 | 2016_0_2/125812 vs 2016_0_4/58218 → NON-CLONE
[1549/2000] 2026-08-03 21:28:19 | R4 | 2016_0_2/125812 vs 2013_0_3/55548 → NON-CLONE
[1550/2000] 2026-08-03 21:28:26 | R4 | 2016_0_2/88861 vs 2013_0_3/55548 → NON-CLONE
[1551/2000] 2026-08-03 21:28:32 | R4 | 2016_0_4/100472 vs 2016_3_1/218815 → NON-CLONE
[1552/2000] 2026-08-03 21:28:40 | R4 | 2016_0_4/100472 vs 2015_1_1/125935 → NON-CLONE
[1553/2000] 2026-08-03 21:28:47 | R4 | 2016_0_4/100472 vs 2013_0_2/90919 → NON-CLONE
[1554/2000] 2026-08-03 21:28:56 | R4 | 2016_0_4/100472 vs 2016_0_1/55901 → NON-CLONE
[1555/2000] 2026-08-03 21:29:00 | R4 | 2016_0_4/129913 vs 2013_1_1/30788 → NON-CLONE
[1556/2000] 2026-08-03 21:29:05 | R4 | 2016_0_4/129913 vs 2013_1_1/30788 → NON-CLONE
[1557/2000] 2026-08-03 21:29:12 | R4 | 2016_0_4/129913 vs 2016_1_2/30007 → NON-CLONE
[1558/2000] 2026-08-03 21:29:17 | R4 | 2016_0_4/58218 vs 2015_1_1/127730 → NON-CLONE
[1559/2000] 2026-08-03 21:29:23 | R4 | 2016_0_4/58218 vs 2016_0_2/68074 → NON-CLONE
[1560/2000] 2026-08-03 21:29:29 | R4 | 2016_0_4/63729 vs 2014_0_2/81302 → NON-CLONE
[1561/2000] 2026-08-03 21:29:37 | R4 | 2016_1_1/1153 vs 2014_2_1/126555 → NON-CLONE
[1562/2000] 2026-08-03 21:29:41 | R4 | 2016_1_1/1153 vs 2016_0_1/123558 → NON-CLONE
[1563/2000] 2026-08-03 21:29:45 | R4 | 2016_1_1/1153 vs 2016_0_4/58218 → NON-CLONE
[1564/2000] 2026-08-03 21:29:50 | R4 | 2016_1_1/1153 vs 2015_0_3/107238 → NON-CLONE
[1565/2000] 2026-08-03 21:30:09 | R4 | 2016_1_1/14479 vs 2014_0_3/99421 → NON-CLONE
[1566/2000] 2026-08-03 21:30:17 | R4 | 2016_1_1/14479 vs 2016_0_1/72044 → NON-CLONE
[1567/2000] 2026-08-03 21:30:24 | R4 | 2016_1_1/14479 vs 2016_3_1/218815 → NON-CLONE
[1568/2000] 2026-08-03 21:30:30 | R4 | 2016_1_1/8299 vs 2016_2_1/193269 → NON-CLONE
[1569/2000] 2026-08-03 21:30:39 | R4 | 2016_1_1/8299 vs 2014_0_3/108079 → NON-CLONE
[1570/2000] 2026-08-03 21:30:43 | R4 | 2016_1_1/29796 vs 2016_3_1/211583 → NON-CLONE
[1571/2000] 2026-08-03 21:30:49 | R4 | 2016_1_2/8152 vs 2014_3_1/138529 → NON-CLONE
[1572/2000] 2026-08-03 21:30:57 | R4 | 2016_1_2/8152 vs 2015_0_3/88073 → NON-CLONE
[1573/2000] 2026-08-03 21:31:06 | R4 | 2016_1_2/8152 vs 2016_2_1/197689 → NON-CLONE
[1574/2000] 2026-08-03 21:31:10 | R4 | 2016_1_2/8152 vs 2016_1_1/29796 → NON-CLONE
[1575/2000] 2026-08-03 21:31:14 | R4 | 2016_1_2/31984 vs 2015_0_2/77145 → NON-CLONE
[1576/2000] 2026-08-03 21:31:19 | R4 | 2016_1_2/31984 vs 2015_0_4/96734 → NON-CLONE
[1577/2000] 2026-08-03 21:31:23 | R4 | 2016_1_2/31984 vs 2016_0_1/69477 → NON-CLONE
[1578/2000] 2026-08-03 21:31:28 | R4 | 2016_1_2/20611 vs 2015_0_4/79014 → NON-CLONE
[1579/2000] 2026-08-03 21:31:31 | R4 | 2016_1_2/20611 vs 2013_1_1/35305 → NON-CLONE
[1580/2000] 2026-08-03 21:31:59 | R4 | 2016_1_2/19093 vs 2014_2_1/115332 → NON-CLONE
[1581/2000] 2026-08-03 21:32:32 | R4 | 2016_2_1/197689 vs 2014_0_3/22792 → NON-CLONE
[1582/2000] 2026-08-03 21:32:43 | R4 | 2016_2_1/197689 vs 2013_0_2/90919 → NON-CLONE
[1583/2000] 2026-08-03 21:32:54 | R4 | 2016_2_1/197689 vs 2015_0_1/65869 → NON-CLONE
[1584/2000] 2026-08-03 21:33:02 | R4 | 2016_2_1/197689 vs 2013_0_1/124149 → NON-CLONE
[1585/2000] 2026-08-03 21:33:09 | R4 | 2016_2_1/192495 vs 2016_0_4/100472 → NON-CLONE
[1586/2000] 2026-08-03 21:33:14 | R4 | 2016_2_1/192495 vs 2016_0_2/68074 → NON-CLONE
[1587/2000] 2026-08-03 21:33:20 | R4 | 2016_2_1/192495 vs 2014_0_3/71973 → NON-CLONE
[1588/2000] 2026-08-03 21:33:25 | R4 | 2016_2_1/187476 vs 2016_0_4/100472 → NON-CLONE
[1589/2000] 2026-08-03 21:33:59 | R4 | 2016_2_1/187476 vs 2014_0_3/22792 → NON-CLONE
[1590/2000] 2026-08-03 21:34:07 | R4 | 2016_2_1/193269 vs 2013_0_1/84294 → NON-CLONE
[1591/2000] 2026-08-03 21:34:13 | R4 | 2016_3_1/205670 vs 2013_0_2/114653 → NON-CLONE
[1592/2000] 2026-08-03 21:34:22 | R4 | 2016_3_1/205670 vs 2016_2_1/197689 → NON-CLONE
[1593/2000] 2026-08-03 21:34:27 | R4 | 2016_3_1/205670 vs 2016_1_1/1153 → NON-CLONE
[1594/2000] 2026-08-03 21:34:33 | R4 | 2016_3_1/205670 vs 2013_0_2/55421 → NON-CLONE
[1595/2000] 2026-08-03 21:34:38 | R4 | 2016_3_1/211583 vs 2014_0_3/71973 → NON-CLONE
[1596/2000] 2026-08-03 21:34:44 | R4 | 2016_3_1/211583 vs 2013_0_2/90919 → NON-CLONE
[1597/2000] 2026-08-03 21:34:50 | R4 | 2016_3_1/211583 vs 2013_0_1/124226 → NON-CLONE
[1598/2000] 2026-08-03 21:34:56 | R4 | 2016_3_1/210871 vs 2015_0_1/68106 → NON-CLONE
[1599/2000] 2026-08-03 21:35:03 | R4 | 2016_3_1/210871 vs 2013_0_2/114653 → NON-CLONE
[1600/2000] 2026-08-03 21:35:08 | R4 | 2016_3_1/218815 vs 2016_0_1/60475 → NON-CLONE
Round 4 done → results_gcj_java/cogito-v1-preview-llama-8B/results_original_deepcogito__cogito-v1-preview-llama-8B_round4.csv
--- Round 5/5 (0 done, 400 remaining) ---
[1601/2000] 2026-08-03 21:35:16 | R5 | 2013_0_1/84294 vs 2013_0_1/58633 → CLONE
[1602/2000] 2026-08-03 21:35:23 | R5 | 2013_0_1/84294 vs 2013_0_1/124149 → CLONE
[1603/2000] 2026-08-03 21:35:31 | R5 | 2013_0_1/84294 vs 2013_0_1/88116 → CLONE
[1604/2000] 2026-08-03 21:35:36 | R5 | 2013_0_1/84294 vs 2013_0_1/124226 → CLONE
[1605/2000] 2026-08-03 21:35:47 | R5 | 2013_0_1/58633 vs 2013_0_1/124149 → CLONE
[1606/2000] 2026-08-03 21:35:57 | R5 | 2013_0_1/58633 vs 2013_0_1/88116 → CLONE
[1607/2000] 2026-08-03 21:36:07 | R5 | 2013_0_1/58633 vs 2013_0_1/124226 → CLONE
[1608/2000] 2026-08-03 21:36:15 | R5 | 2013_0_1/124149 vs 2013_0_1/88116 → CLONE
[1609/2000] 2026-08-03 21:36:24 | R5 | 2013_0_1/124149 vs 2013_0_1/124226 → CLONE
[1610/2000] 2026-08-03 21:36:33 | R5 | 2013_0_1/88116 vs 2013_0_1/124226 → CLONE
[1611/2000] 2026-08-03 21:36:39 | R5 | 2013_0_2/95524 vs 2013_0_2/44471 → CLONE
[1612/2000] 2026-08-03 21:36:47 | R5 | 2013_0_2/95524 vs 2013_0_2/55421 → CLONE
[1613/2000] 2026-08-03 21:36:54 | R5 | 2013_0_2/95524 vs 2013_0_2/90919 → CLONE
[1614/2000] 2026-08-03 21:37:01 | R5 | 2013_0_2/95524 vs 2013_0_2/114653 → CLONE
[1615/2000] 2026-08-03 21:37:10 | R5 | 2013_0_2/44471 vs 2013_0_2/55421 → CLONE
[1616/2000] 2026-08-03 21:37:17 | R5 | 2013_0_2/44471 vs 2013_0_2/90919 → CLONE
[1617/2000] 2026-08-03 21:37:24 | R5 | 2013_0_2/44471 vs 2013_0_2/114653 → CLONE
[1618/2000] 2026-08-03 21:37:32 | R5 | 2013_0_2/55421 vs 2013_0_2/90919 → CLONE
[1619/2000] 2026-08-03 21:37:39 | R5 | 2013_0_2/55421 vs 2013_0_2/114653 → CLONE
[1620/2000] 2026-08-03 21:37:46 | R5 | 2013_0_2/90919 vs 2013_0_2/114653 → CLONE
[1621/2000] 2026-08-03 21:37:55 | R5 | 2013_0_3/55548 vs 2013_0_3/94901 → CLONE
[1622/2000] 2026-08-03 21:38:06 | R5 | 2013_0_3/55548 vs 2013_0_3/78294 → CLONE
[1623/2000] 2026-08-03 21:38:14 | R5 | 2013_0_3/55548 vs 2013_0_3/118052 → CLONE
[1624/2000] 2026-08-03 21:38:25 | R5 | 2013_0_3/55548 vs 2013_0_3/83531 → CLONE
[1625/2000] 2026-08-03 21:38:34 | R5 | 2013_0_3/94901 vs 2013_0_3/78294 → CLONE
[1626/2000] 2026-08-03 21:38:41 | R5 | 2013_0_3/94901 vs 2013_0_3/118052 → CLONE
[1627/2000] 2026-08-03 21:38:50 | R5 | 2013_0_3/94901 vs 2013_0_3/83531 → CLONE
[1628/2000] 2026-08-03 21:38:56 | R5 | 2013_0_3/78294 vs 2013_0_3/118052 → CLONE
[1629/2000] 2026-08-03 21:39:04 | R5 | 2013_0_3/78294 vs 2013_0_3/83531 → CLONE
[1630/2000] 2026-08-03 21:39:11 | R5 | 2013_0_3/118052 vs 2013_0_3/83531 → CLONE
[1631/2000] 2026-08-03 21:39:16 | R5 | 2013_1_1/35305 vs 2013_1_1/30788 → CLONE
[1632/2000] 2026-08-03 21:39:22 | R5 | 2013_1_1/35305 vs 2013_1_1/30610 → CLONE
[1633/2000] 2026-08-03 21:39:31 | R5 | 2013_1_1/35305 vs 2013_1_1/30305 → CLONE
[1634/2000] 2026-08-03 21:39:36 | R5 | 2013_1_1/35305 vs 2013_1_1/40715 → CLONE
[1635/2000] 2026-08-03 21:39:42 | R5 | 2013_1_1/30788 vs 2013_1_1/30610 → CLONE
[1636/2000] 2026-08-03 21:39:52 | R5 | 2013_1_1/30788 vs 2013_1_1/30305 → CLONE
[1637/2000] 2026-08-03 21:39:58 | R5 | 2013_1_1/30788 vs 2013_1_1/40715 → CLONE
[1638/2000] 2026-08-03 21:40:07 | R5 | 2013_1_1/30610 vs 2013_1_1/30305 → CLONE
[1639/2000] 2026-08-03 21:40:13 | R5 | 2013_1_1/30610 vs 2013_1_1/40715 → CLONE
[1640/2000] 2026-08-03 21:40:21 | R5 | 2013_1_1/30305 vs 2013_1_1/40715 → CLONE
[1641/2000] 2026-08-03 21:40:26 | R5 | 2014_0_2/107403 vs 2014_0_2/81302 → CLONE
[1642/2000] 2026-08-03 21:40:30 | R5 | 2014_0_2/107403 vs 2014_0_2/27351 → CLONE
[1643/2000] 2026-08-03 21:40:34 | R5 | 2014_0_2/107403 vs 2014_0_2/41018 → CLONE
[1644/2000] 2026-08-03 21:40:38 | R5 | 2014_0_2/107403 vs 2014_0_2/110678 → CLONE
[1645/2000] 2026-08-03 21:40:43 | R5 | 2014_0_2/81302 vs 2014_0_2/27351 → CLONE
[1646/2000] 2026-08-03 21:40:47 | R5 | 2014_0_2/81302 vs 2014_0_2/41018 → CLONE
[1647/2000] 2026-08-03 21:40:52 | R5 | 2014_0_2/81302 vs 2014_0_2/110678 → CLONE
[1648/2000] 2026-08-03 21:40:55 | R5 | 2014_0_2/27351 vs 2014_0_2/41018 → CLONE
[1649/2000] 2026-08-03 21:41:00 | R5 | 2014_0_2/27351 vs 2014_0_2/110678 → CLONE
[1650/2000] 2026-08-03 21:41:04 | R5 | 2014_0_2/41018 vs 2014_0_2/110678 → CLONE
[1651/2000] 2026-08-03 21:41:19 | R5 | 2014_0_3/108079 vs 2014_0_3/27551 → CLONE
[1652/2000] 2026-08-03 21:41:44 | R5 | 2014_0_3/108079 vs 2014_0_3/99421 → CLONE
[1653/2000] 2026-08-03 21:42:25 | R5 | 2014_0_3/108079 vs 2014_0_3/22792 → CLONE
[1654/2000] 2026-08-03 21:42:39 | R5 | 2014_0_3/108079 vs 2014_0_3/71973 → CLONE
[1655/2000] 2026-08-03 21:42:59 | R5 | 2014_0_3/27551 vs 2014_0_3/99421 → CLONE
[1656/2000] 2026-08-03 21:43:36 | R5 | 2014_0_3/27551 vs 2014_0_3/22792 → CLONE
[1657/2000] 2026-08-03 21:43:46 | R5 | 2014_0_3/27551 vs 2014_0_3/71973 → CLONE
[1658/2000] 2026-08-03 21:44:30 | R5 | 2014_0_3/99421 vs 2014_0_3/22792 → CLONE
[1659/2000] 2026-08-03 21:44:49 | R5 | 2014_0_3/99421 vs 2014_0_3/71973 → CLONE
[1660/2000] 2026-08-03 21:45:23 | R5 | 2014_0_3/22792 vs 2014_0_3/71973 → CLONE
[1661/2000] 2026-08-03 21:45:33 | R5 | 2014_2_1/124976 vs 2014_2_1/115332 → CLONE
[1662/2000] 2026-08-03 21:45:44 | R5 | 2014_2_1/124976 vs 2014_2_1/119554 → CLONE
[1663/2000] 2026-08-03 21:45:54 | R5 | 2014_2_1/124976 vs 2014_2_1/126555 → CLONE
[1664/2000] 2026-08-03 21:46:03 | R5 | 2014_2_1/124976 vs 2014_2_1/125050 → CLONE
[1665/2000] 2026-08-03 21:46:11 | R5 | 2014_2_1/115332 vs 2014_2_1/119554 → CLONE
[1666/2000] 2026-08-03 21:46:19 | R5 | 2014_2_1/115332 vs 2014_2_1/126555 → CLONE
[1667/2000] 2026-08-03 21:46:28 | R5 | 2014_2_1/115332 vs 2014_2_1/125050 → CLONE
[1668/2000] 2026-08-03 21:46:38 | R5 | 2014_2_1/119554 vs 2014_2_1/126555 → CLONE
[1669/2000] 2026-08-03 21:46:47 | R5 | 2014_2_1/119554 vs 2014_2_1/125050 → CLONE
[1670/2000] 2026-08-03 21:46:57 | R5 | 2014_2_1/126555 vs 2014_2_1/125050 → CLONE
[1671/2000] 2026-08-03 21:47:08 | R5 | 2014_3_1/141827 vs 2014_3_1/137264 → CLONE
[1672/2000] 2026-08-03 21:47:18 | R5 | 2014_3_1/141827 vs 2014_3_1/138894 → CLONE
[1673/2000] 2026-08-03 21:47:29 | R5 | 2014_3_1/141827 vs 2014_3_1/136615 → CLONE
[1674/2000] 2026-08-03 21:47:38 | R5 | 2014_3_1/141827 vs 2014_3_1/138529 → CLONE
[1675/2000] 2026-08-03 21:47:44 | R5 | 2014_3_1/137264 vs 2014_3_1/138894 → CLONE
[1676/2000] 2026-08-03 21:47:51 | R5 | 2014_3_1/137264 vs 2014_3_1/136615 → CLONE
[1677/2000] 2026-08-03 21:47:57 | R5 | 2014_3_1/137264 vs 2014_3_1/138529 → CLONE
[1678/2000] 2026-08-03 21:48:02 | R5 | 2014_3_1/138894 vs 2014_3_1/136615 → CLONE
[1679/2000] 2026-08-03 21:48:07 | R5 | 2014_3_1/138894 vs 2014_3_1/138529 → CLONE
[1680/2000] 2026-08-03 21:48:13 | R5 | 2014_3_1/136615 vs 2014_3_1/138529 → CLONE
[1681/2000] 2026-08-03 21:48:17 | R5 | 2015_0_1/79967 vs 2015_0_1/35102 → CLONE
[1682/2000] 2026-08-03 21:48:22 | R5 | 2015_0_1/79967 vs 2015_0_1/68106 → CLONE
[1683/2000] 2026-08-03 21:48:28 | R5 | 2015_0_1/79967 vs 2015_0_1/65869 → CLONE
[1684/2000] 2026-08-03 21:48:33 | R5 | 2015_0_1/79967 vs 2015_0_1/46754 → CLONE
[1685/2000] 2026-08-03 21:48:38 | R5 | 2015_0_1/35102 vs 2015_0_1/68106 → CLONE
[1686/2000] 2026-08-03 21:48:44 | R5 | 2015_0_1/35102 vs 2015_0_1/65869 → CLONE
[1687/2000] 2026-08-03 21:48:49 | R5 | 2015_0_1/35102 vs 2015_0_1/46754 → CLONE
[1688/2000] 2026-08-03 21:48:53 | R5 | 2015_0_1/68106 vs 2015_0_1/65869 → CLONE
[1689/2000] 2026-08-03 21:48:58 | R5 | 2015_0_1/68106 vs 2015_0_1/46754 → CLONE
[1690/2000] 2026-08-03 21:49:02 | R5 | 2015_0_1/65869 vs 2015_0_1/46754 → CLONE
[1691/2000] 2026-08-03 21:49:07 | R5 | 2015_0_2/34257 vs 2015_0_2/32722 → CLONE
[1692/2000] 2026-08-03 21:49:12 | R5 | 2015_0_2/34257 vs 2015_0_2/77145 → CLONE
[1693/2000] 2026-08-03 21:49:17 | R5 | 2015_0_2/34257 vs 2015_0_2/72707 → CLONE
[1694/2000] 2026-08-03 21:49:22 | R5 | 2015_0_2/34257 vs 2015_0_2/68668 → CLONE
[1695/2000] 2026-08-03 21:49:27 | R5 | 2015_0_2/32722 vs 2015_0_2/77145 → CLONE
[1696/2000] 2026-08-03 21:49:32 | R5 | 2015_0_2/32722 vs 2015_0_2/72707 → CLONE
[1697/2000] 2026-08-03 21:49:36 | R5 | 2015_0_2/32722 vs 2015_0_2/68668 → CLONE
[1698/2000] 2026-08-03 21:49:40 | R5 | 2015_0_2/77145 vs 2015_0_2/72707 → CLONE
[1699/2000] 2026-08-03 21:49:44 | R5 | 2015_0_2/77145 vs 2015_0_2/68668 → CLONE
[1700/2000] 2026-08-03 21:49:48 | R5 | 2015_0_2/72707 vs 2015_0_2/68668 → CLONE
[1701/2000] 2026-08-03 21:50:06 | R5 | 2015_0_3/74464 vs 2015_0_3/88073 → CLONE
[1702/2000] 2026-08-03 21:50:22 | R5 | 2015_0_3/74464 vs 2015_0_3/21597 → CLONE
[1703/2000] 2026-08-03 21:50:36 | R5 | 2015_0_3/74464 vs 2015_0_3/62582 → CLONE
[1704/2000] 2026-08-03 21:50:51 | R5 | 2015_0_3/74464 vs 2015_0_3/107238 → CLONE
[1705/2000] 2026-08-03 21:51:04 | R5 | 2015_0_3/88073 vs 2015_0_3/21597 → CLONE
[1706/2000] 2026-08-03 21:51:16 | R5 | 2015_0_3/88073 vs 2015_0_3/62582 → CLONE
[1707/2000] 2026-08-03 21:51:27 | R5 | 2015_0_3/88073 vs 2015_0_3/107238 → CLONE
[1708/2000] 2026-08-03 21:51:36 | R5 | 2015_0_3/21597 vs 2015_0_3/62582 → CLONE
[1709/2000] 2026-08-03 21:51:46 | R5 | 2015_0_3/21597 vs 2015_0_3/107238 → CLONE
[1710/2000] 2026-08-03 21:51:56 | R5 | 2015_0_3/62582 vs 2015_0_3/107238 → CLONE
[1711/2000] 2026-08-03 21:52:02 | R5 | 2015_0_4/107149 vs 2015_0_4/96734 → CLONE
[1712/2000] 2026-08-03 21:52:09 | R5 | 2015_0_4/107149 vs 2015_0_4/79014 → CLONE
[1713/2000] 2026-08-03 21:52:15 | R5 | 2015_0_4/107149 vs 2015_0_4/21673 → CLONE
[1714/2000] 2026-08-03 21:52:21 | R5 | 2015_0_4/107149 vs 2015_0_4/77477 → CLONE
[1715/2000] 2026-08-03 21:52:28 | R5 | 2015_0_4/96734 vs 2015_0_4/79014 → CLONE
[1716/2000] 2026-08-03 21:52:33 | R5 | 2015_0_4/96734 vs 2015_0_4/21673 → CLONE
[1717/2000] 2026-08-03 21:52:39 | R5 | 2015_0_4/96734 vs 2015_0_4/77477 → CLONE
[1718/2000] 2026-08-03 21:52:44 | R5 | 2015_0_4/79014 vs 2015_0_4/21673 → CLONE
[1719/2000] 2026-08-03 21:52:49 | R5 | 2015_0_4/79014 vs 2015_0_4/77477 → CLONE
[1720/2000] 2026-08-03 21:52:56 | R5 | 2015_0_4/21673 vs 2015_0_4/77477 → CLONE
[1721/2000] 2026-08-03 21:53:01 | R5 | 2015_1_1/127730 vs 2015_1_1/114491 → CLONE
[1722/2000] 2026-08-03 21:53:08 | R5 | 2015_1_1/127730 vs 2015_1_1/125935 → CLONE
[1723/2000] 2026-08-03 21:53:13 | R5 | 2015_1_1/127730 vs 2015_1_1/124925 → CLONE
[1724/2000] 2026-08-03 21:53:20 | R5 | 2015_1_1/127730 vs 2015_1_1/115055 → CLONE
[1725/2000] 2026-08-03 21:53:26 | R5 | 2015_1_1/114491 vs 2015_1_1/125935 → CLONE
[1726/2000] 2026-08-03 21:53:31 | R5 | 2015_1_1/114491 vs 2015_1_1/124925 → CLONE
[1727/2000] 2026-08-03 21:53:36 | R5 | 2015_1_1/114491 vs 2015_1_1/115055 → CLONE
[1728/2000] 2026-08-03 21:53:42 | R5 | 2015_1_1/125935 vs 2015_1_1/124925 → CLONE
[1729/2000] 2026-08-03 21:53:51 | R5 | 2015_1_1/125935 vs 2015_1_1/115055 → CLONE
[1730/2000] 2026-08-03 21:53:56 | R5 | 2015_1_1/124925 vs 2015_1_1/115055 → CLONE
[1731/2000] 2026-08-03 21:54:01 | R5 | 2016_0_1/60475 vs 2016_0_1/69477 → CLONE
[1732/2000] 2026-08-03 21:54:07 | R5 | 2016_0_1/60475 vs 2016_0_1/123558 → CLONE
[1733/2000] 2026-08-03 21:54:15 | R5 | 2016_0_1/60475 vs 2016_0_1/55901 → CLONE
[1734/2000] 2026-08-03 21:54:21 | R5 | 2016_0_1/60475 vs 2016_0_1/72044 → CLONE
[1735/2000] 2026-08-03 21:54:27 | R5 | 2016_0_1/69477 vs 2016_0_1/123558 → CLONE
[1736/2000] 2026-08-03 21:54:35 | R5 | 2016_0_1/69477 vs 2016_0_1/55901 → CLONE
[1737/2000] 2026-08-03 21:54:40 | R5 | 2016_0_1/69477 vs 2016_0_1/72044 → CLONE
[1738/2000] 2026-08-03 21:54:48 | R5 | 2016_0_1/123558 vs 2016_0_1/55901 → CLONE
[1739/2000] 2026-08-03 21:54:53 | R5 | 2016_0_1/123558 vs 2016_0_1/72044 → CLONE
[1740/2000] 2026-08-03 21:55:02 | R5 | 2016_0_1/55901 vs 2016_0_1/72044 → CLONE
[1741/2000] 2026-08-03 21:55:06 | R5 | 2016_0_2/68074 vs 2016_0_2/150691 → CLONE
[1742/2000] 2026-08-03 21:55:10 | R5 | 2016_0_2/68074 vs 2016_0_2/125812 → CLONE
[1743/2000] 2026-08-03 21:55:15 | R5 | 2016_0_2/68074 vs 2016_0_2/88861 → CLONE
[1744/2000] 2026-08-03 21:55:20 | R5 | 2016_0_2/68074 vs 2016_0_2/162423 → CLONE
[1745/2000] 2026-08-03 21:55:26 | R5 | 2016_0_2/150691 vs 2016_0_2/125812 → CLONE
[1746/2000] 2026-08-03 21:55:30 | R5 | 2016_0_2/150691 vs 2016_0_2/88861 → CLONE
[1747/2000] 2026-08-03 21:55:35 | R5 | 2016_0_2/150691 vs 2016_0_2/162423 → CLONE
[1748/2000] 2026-08-03 21:55:39 | R5 | 2016_0_2/125812 vs 2016_0_2/88861 → CLONE
[1749/2000] 2026-08-03 21:55:44 | R5 | 2016_0_2/125812 vs 2016_0_2/162423 → CLONE
[1750/2000] 2026-08-03 21:55:48 | R5 | 2016_0_2/88861 vs 2016_0_2/162423 → CLONE
[1751/2000] 2026-08-03 21:55:53 | R5 | 2016_0_4/100472 vs 2016_0_4/129913 → CLONE
[1752/2000] 2026-08-03 21:55:59 | R5 | 2016_0_4/100472 vs 2016_0_4/58218 → CLONE
[1753/2000] 2026-08-03 21:56:08 | R5 | 2016_0_4/100472 vs 2016_0_4/63729 → CLONE
[1754/2000] 2026-08-03 21:56:14 | R5 | 2016_0_4/100472 vs 2016_0_4/138317 → CLONE
[1755/2000] 2026-08-03 21:56:19 | R5 | 2016_0_4/129913 vs 2016_0_4/58218 → CLONE
[1756/2000] 2026-08-03 21:56:26 | R5 | 2016_0_4/129913 vs 2016_0_4/63729 → CLONE
[1757/2000] 2026-08-03 21:56:30 | R5 | 2016_0_4/129913 vs 2016_0_4/138317 → CLONE
[1758/2000] 2026-08-03 21:56:37 | R5 | 2016_0_4/58218 vs 2016_0_4/63729 → CLONE
[1759/2000] 2026-08-03 21:56:43 | R5 | 2016_0_4/58218 vs 2016_0_4/138317 → CLONE
[1760/2000] 2026-08-03 21:56:50 | R5 | 2016_0_4/63729 vs 2016_0_4/138317 → CLONE
[1761/2000] 2026-08-03 21:56:57 | R5 | 2016_1_1/1153 vs 2016_1_1/14479 → CLONE
[1762/2000] 2026-08-03 21:57:01 | R5 | 2016_1_1/1153 vs 2016_1_1/8299 → CLONE
[1763/2000] 2026-08-03 21:57:05 | R5 | 2016_1_1/1153 vs 2016_1_1/29796 → CLONE
[1764/2000] 2026-08-03 21:57:09 | R5 | 2016_1_1/1153 vs 2016_1_1/2003 → CLONE
[1765/2000] 2026-08-03 21:57:16 | R5 | 2016_1_1/14479 vs 2016_1_1/8299 → CLONE
[1766/2000] 2026-08-03 21:57:22 | R5 | 2016_1_1/14479 vs 2016_1_1/29796 → CLONE
[1767/2000] 2026-08-03 21:57:29 | R5 | 2016_1_1/14479 vs 2016_1_1/2003 → CLONE
[1768/2000] 2026-08-03 21:57:33 | R5 | 2016_1_1/8299 vs 2016_1_1/29796 → CLONE
[1769/2000] 2026-08-03 21:57:38 | R5 | 2016_1_1/8299 vs 2016_1_1/2003 → CLONE
[1770/2000] 2026-08-03 21:57:42 | R5 | 2016_1_1/29796 vs 2016_1_1/2003 → CLONE
[1771/2000] 2026-08-03 21:57:47 | R5 | 2016_1_2/8152 vs 2016_1_2/31984 → CLONE
[1772/2000] 2026-08-03 21:57:51 | R5 | 2016_1_2/8152 vs 2016_1_2/20611 → CLONE
[1773/2000] 2026-08-03 21:58:11 | R5 | 2016_1_2/8152 vs 2016_1_2/19093 → CLONE
[1774/2000] 2026-08-03 21:58:17 | R5 | 2016_1_2/8152 vs 2016_1_2/30007 → CLONE
[1775/2000] 2026-08-03 21:58:21 | R5 | 2016_1_2/31984 vs 2016_1_2/20611 → CLONE
[1776/2000] 2026-08-03 21:58:39 | R5 | 2016_1_2/31984 vs 2016_1_2/19093 → CLONE
[1777/2000] 2026-08-03 21:58:47 | R5 | 2016_1_2/31984 vs 2016_1_2/30007 → CLONE
[1778/2000] 2026-08-03 21:59:08 | R5 | 2016_1_2/20611 vs 2016_1_2/19093 → CLONE
[1779/2000] 2026-08-03 21:59:13 | R5 | 2016_1_2/20611 vs 2016_1_2/30007 → CLONE
[1780/2000] 2026-08-03 21:59:38 | R5 | 2016_1_2/19093 vs 2016_1_2/30007 → CLONE
[1781/2000] 2026-08-03 21:59:46 | R5 | 2016_2_1/197689 vs 2016_2_1/192495 → CLONE
[1782/2000] 2026-08-03 21:59:57 | R5 | 2016_2_1/197689 vs 2016_2_1/187476 → CLONE
[1783/2000] 2026-08-03 22:00:08 | R5 | 2016_2_1/197689 vs 2016_2_1/193269 → CLONE
[1784/2000] 2026-08-03 22:00:20 | R5 | 2016_2_1/197689 vs 2016_2_1/184367 → CLONE
[1785/2000] 2026-08-03 22:00:27 | R5 | 2016_2_1/192495 vs 2016_2_1/187476 → CLONE
[1786/2000] 2026-08-03 22:00:33 | R5 | 2016_2_1/192495 vs 2016_2_1/193269 → CLONE
[1787/2000] 2026-08-03 22:00:40 | R5 | 2016_2_1/192495 vs 2016_2_1/184367 → CLONE
[1788/2000] 2026-08-03 22:00:48 | R5 | 2016_2_1/187476 vs 2016_2_1/193269 → CLONE
[1789/2000] 2026-08-03 22:00:55 | R5 | 2016_2_1/187476 vs 2016_2_1/184367 → CLONE
[1790/2000] 2026-08-03 22:01:02 | R5 | 2016_2_1/193269 vs 2016_2_1/184367 → CLONE
[1791/2000] 2026-08-03 22:01:09 | R5 | 2016_3_1/205670 vs 2016_3_1/211583 → CLONE
[1792/2000] 2026-08-03 22:01:15 | R5 | 2016_3_1/205670 vs 2016_3_1/210871 → CLONE
[1793/2000] 2026-08-03 22:01:22 | R5 | 2016_3_1/205670 vs 2016_3_1/218815 → CLONE
[1794/2000] 2026-08-03 22:01:28 | R5 | 2016_3_1/205670 vs 2016_3_1/207727 → CLONE
[1795/2000] 2026-08-03 22:01:35 | R5 | 2016_3_1/211583 vs 2016_3_1/210871 → CLONE
[1796/2000] 2026-08-03 22:01:42 | R5 | 2016_3_1/211583 vs 2016_3_1/218815 → CLONE
[1797/2000] 2026-08-03 22:01:49 | R5 | 2016_3_1/211583 vs 2016_3_1/207727 → CLONE
[1798/2000] 2026-08-03 22:01:54 | R5 | 2016_3_1/210871 vs 2016_3_1/218815 → CLONE
[1799/2000] 2026-08-03 22:02:01 | R5 | 2016_3_1/210871 vs 2016_3_1/207727 → CLONE
[1800/2000] 2026-08-03 22:02:07 | R5 | 2016_3_1/218815 vs 2016_3_1/207727 → CLONE
[1801/2000] 2026-08-03 22:02:12 | R5 | 2013_0_1/84294 vs 2016_3_1/218815 → NON-CLONE
[1802/2000] 2026-08-03 22:02:17 | R5 | 2013_0_1/84294 vs 2015_1_1/124925 → NON-CLONE
[1803/2000] 2026-08-03 22:02:23 | R5 | 2013_0_1/84294 vs 2016_0_2/88861 → NON-CLONE
[1804/2000] 2026-08-03 22:02:26 | R5 | 2013_0_1/84294 vs 2014_0_2/107403 → NON-CLONE
[1805/2000] 2026-08-03 22:02:35 | R5 | 2013_0_1/58633 vs 2015_0_3/62582 → NON-CLONE
[1806/2000] 2026-08-03 22:02:42 | R5 | 2013_0_1/58633 vs 2013_1_1/35305 → NON-CLONE
[1807/2000] 2026-08-03 22:02:51 | R5 | 2013_0_1/58633 vs 2016_0_4/100472 → NON-CLONE
[1808/2000] 2026-08-03 22:02:56 | R5 | 2013_0_1/124149 vs 2015_0_1/68106 → NON-CLONE
[1809/2000] 2026-08-03 22:03:03 | R5 | 2013_0_1/124149 vs 2016_1_2/8152 → NON-CLONE
[1810/2000] 2026-08-03 22:03:09 | R5 | 2013_0_1/88116 vs 2016_1_1/2003 → NON-CLONE
[1811/2000] 2026-08-03 22:03:19 | R5 | 2013_0_2/95524 vs 2015_0_3/88073 → NON-CLONE
[1812/2000] 2026-08-03 22:03:26 | R5 | 2013_0_2/95524 vs 2016_0_4/63729 → NON-CLONE
[1813/2000] 2026-08-03 22:03:33 | R5 | 2013_0_2/95524 vs 2014_0_3/71973 → NON-CLONE
[1814/2000] 2026-08-03 22:03:40 | R5 | 2013_0_2/95524 vs 2016_3_1/205670 → NON-CLONE
[1815/2000] 2026-08-03 22:03:46 | R5 | 2013_0_2/44471 vs 2013_0_3/118052 → NON-CLONE
[1816/2000] 2026-08-03 22:03:56 | R5 | 2013_0_2/44471 vs 2013_0_3/55548 → NON-CLONE
[1817/2000] 2026-08-03 22:04:04 | R5 | 2013_0_2/44471 vs 2016_1_2/30007 → NON-CLONE
[1818/2000] 2026-08-03 22:04:13 | R5 | 2013_0_2/55421 vs 2014_2_1/125050 → NON-CLONE
[1819/2000] 2026-08-03 22:04:20 | R5 | 2013_0_2/55421 vs 2015_0_1/68106 → NON-CLONE
[1820/2000] 2026-08-03 22:04:25 | R5 | 2013_0_2/90919 vs 2013_1_1/35305 → NON-CLONE
[1821/2000] 2026-08-03 22:04:36 | R5 | 2013_0_3/55548 vs 2014_2_1/125050 → NON-CLONE
[1822/2000] 2026-08-03 22:04:45 | R5 | 2013_0_3/55548 vs 2013_1_1/30610 → NON-CLONE
[1823/2000] 2026-08-03 22:04:54 | R5 | 2013_0_3/55548 vs 2015_0_3/62582 → NON-CLONE
[1824/2000] 2026-08-03 22:05:02 | R5 | 2013_0_3/55548 vs 2015_0_1/79967 → NON-CLONE
[1825/2000] 2026-08-03 22:05:08 | R5 | 2013_0_3/94901 vs 2015_1_1/124925 → NON-CLONE
[1826/2000] 2026-08-03 22:05:15 | R5 | 2013_0_3/94901 vs 2016_1_2/31984 → NON-CLONE
[1827/2000] 2026-08-03 22:05:24 | R5 | 2013_0_3/94901 vs 2015_0_3/88073 → NON-CLONE
[1828/2000] 2026-08-03 22:05:36 | R5 | 2013_0_3/78294 vs 2014_0_3/108079 → NON-CLONE
[1829/2000] 2026-08-03 22:05:45 | R5 | 2013_0_3/78294 vs 2015_0_3/21597 → NON-CLONE
[1830/2000] 2026-08-03 22:05:56 | R5 | 2013_0_3/118052 vs 2015_0_3/74464 → NON-CLONE
[1831/2000] 2026-08-03 22:06:01 | R5 | 2013_1_1/35305 vs 2014_2_1/115332 → NON-CLONE
[1832/2000] 2026-08-03 22:06:09 | R5 | 2013_1_1/35305 vs 2016_2_1/197689 → NON-CLONE
[1833/2000] 2026-08-03 22:06:15 | R5 | 2013_1_1/35305 vs 2014_3_1/138529 → NON-CLONE
[1834/2000] 2026-08-03 22:06:20 | R5 | 2013_1_1/35305 vs 2016_2_1/184367 → NON-CLONE
[1835/2000] 2026-08-03 22:06:25 | R5 | 2013_1_1/30788 vs 2016_2_1/187476 → NON-CLONE
[1836/2000] 2026-08-03 22:06:30 | R5 | 2013_1_1/30788 vs 2016_1_2/20611 → NON-CLONE
[1837/2000] 2026-08-03 22:06:37 | R5 | 2013_1_1/30788 vs 2013_0_2/114653 → NON-CLONE
[1838/2000] 2026-08-03 22:06:41 | R5 | 2013_1_1/30610 vs 2016_1_1/8299 → NON-CLONE
[1839/2000] 2026-08-03 22:06:48 | R5 | 2013_1_1/30610 vs 2016_1_2/31984 → NON-CLONE
[1840/2000] 2026-08-03 22:07:02 | R5 | 2013_1_1/30305 vs 2014_0_3/27551 → NON-CLONE
[1841/2000] 2026-08-03 22:07:05 | R5 | 2014_0_2/107403 vs 2016_0_2/88861 → NON-CLONE
[1842/2000] 2026-08-03 22:07:09 | R5 | 2014_0_2/107403 vs 2016_3_1/218815 → NON-CLONE
[1843/2000] 2026-08-03 22:07:14 | R5 | 2014_0_2/107403 vs 2014_3_1/137264 → NON-CLONE
[1844/2000] 2026-08-03 22:07:22 | R5 | 2014_0_2/107403 vs 2014_0_3/108079 → NON-CLONE
[1845/2000] 2026-08-03 22:07:28 | R5 | 2014_0_2/81302 vs 2015_1_1/115055 → NON-CLONE
[1846/2000] 2026-08-03 22:07:33 | R5 | 2014_0_2/81302 vs 2015_0_3/62582 → NON-CLONE
[1847/2000] 2026-08-03 22:07:37 | R5 | 2014_0_2/81302 vs 2014_3_1/138529 → NON-CLONE
[1848/2000] 2026-08-03 22:07:42 | R5 | 2014_0_2/27351 vs 2016_1_2/31984 → NON-CLONE
[1849/2000] 2026-08-03 22:07:46 | R5 | 2014_0_2/27351 vs 2016_2_1/193269 → NON-CLONE
[1850/2000] 2026-08-03 22:07:50 | R5 | 2014_0_2/41018 vs 2016_0_4/129913 → NON-CLONE
[1851/2000] 2026-08-03 22:08:03 | R5 | 2014_0_3/108079 vs 2014_2_1/126555 → NON-CLONE
[1852/2000] 2026-08-03 22:08:12 | R5 | 2014_0_3/108079 vs 2016_2_1/187476 → NON-CLONE
[1853/2000] 2026-08-03 22:08:24 | R5 | 2014_0_3/108079 vs 2015_0_2/32722 → NON-CLONE
[1854/2000] 2026-08-03 22:08:39 | R5 | 2014_0_3/108079 vs 2013_0_2/55421 → NON-CLONE
[1855/2000] 2026-08-03 22:08:47 | R5 | 2014_0_3/27551 vs 2014_2_1/125050 → NON-CLONE
[1856/2000] 2026-08-03 22:08:58 | R5 | 2014_0_3/27551 vs 2013_0_1/124226 → NON-CLONE
[1857/2000] 2026-08-03 22:09:08 | R5 | 2014_0_3/27551 vs 2015_0_2/34257 → NON-CLONE
[1858/2000] 2026-08-03 22:09:21 | R5 | 2014_0_3/99421 vs 2015_0_4/96734 → NON-CLONE
[1859/2000] 2026-08-03 22:09:37 | R5 | 2014_0_3/99421 vs 2014_3_1/138529 → NON-CLONE
[1860/2000] 2026-08-03 22:10:07 | R5 | 2014_0_3/22792 vs 2013_0_2/90919 → NON-CLONE
[1861/2000] 2026-08-03 22:10:27 | R5 | 2014_2_1/124976 vs 2014_0_3/99421 → NON-CLONE
[1862/2000] 2026-08-03 22:10:35 | R5 | 2014_2_1/124976 vs 2016_0_4/58218 → NON-CLONE
[1863/2000] 2026-08-03 22:10:43 | R5 | 2014_2_1/124976 vs 2016_3_1/211583 → NON-CLONE
[1864/2000] 2026-08-03 22:10:51 | R5 | 2014_2_1/124976 vs 2015_0_2/34257 → NON-CLONE
[1865/2000] 2026-08-03 22:11:09 | R5 | 2014_2_1/115332 vs 2014_0_3/99421 → NON-CLONE
[1866/2000] 2026-08-03 22:11:36 | R5 | 2014_2_1/115332 vs 2016_1_2/19093 → NON-CLONE
[1867/2000] 2026-08-03 22:11:44 | R5 | 2014_2_1/115332 vs 2016_0_1/55901 → NON-CLONE
[1868/2000] 2026-08-03 22:11:52 | R5 | 2014_2_1/119554 vs 2015_0_4/107149 → NON-CLONE
[1869/2000] 2026-08-03 22:11:58 | R5 | 2014_2_1/119554 vs 2016_1_2/20611 → NON-CLONE
[1870/2000] 2026-08-03 22:12:06 | R5 | 2014_2_1/126555 vs 2015_1_1/124925 → NON-CLONE
[1871/2000] 2026-08-03 22:12:20 | R5 | 2014_3_1/141827 vs 2013_1_1/30305 → NON-CLONE
[1872/2000] 2026-08-03 22:12:34 | R5 | 2014_3_1/141827 vs 2014_2_1/126555 → NON-CLONE
[1873/2000] 2026-08-03 22:12:45 | R5 | 2014_3_1/141827 vs 2013_1_1/30610 → NON-CLONE
[1874/2000] 2026-08-03 22:12:56 | R5 | 2014_3_1/141827 vs 2014_2_1/115332 → NON-CLONE
[1875/2000] 2026-08-03 22:13:00 | R5 | 2014_3_1/137264 vs 2016_0_4/129913 → NON-CLONE
[1876/2000] 2026-08-03 22:13:04 | R5 | 2014_3_1/137264 vs 2016_0_2/88861 → NON-CLONE
[1877/2000] 2026-08-03 22:13:14 | R5 | 2014_3_1/137264 vs 2014_2_1/126555 → NON-CLONE
[1878/2000] 2026-08-03 22:13:20 | R5 | 2014_3_1/138894 vs 2016_0_4/138317 → NON-CLONE
[1879/2000] 2026-08-03 22:13:25 | R5 | 2014_3_1/138894 vs 2015_0_4/77477 → NON-CLONE
[1880/2000] 2026-08-03 22:13:30 | R5 | 2014_3_1/136615 vs 2016_0_4/138317 → NON-CLONE
[1881/2000] 2026-08-03 22:13:36 | R5 | 2015_0_1/79967 vs 2015_0_4/96734 → NON-CLONE
[1882/2000] 2026-08-03 22:13:45 | R5 | 2015_0_1/79967 vs 2015_0_3/88073 → NON-CLONE
[1883/2000] 2026-08-03 22:14:17 | R5 | 2015_0_1/79967 vs 2014_0_3/22792 → NON-CLONE
[1884/2000] 2026-08-03 22:14:24 | R5 | 2015_0_1/79967 vs 2013_1_1/30610 → NON-CLONE
[1885/2000] 2026-08-03 22:14:28 | R5 | 2015_0_1/35102 vs 2016_0_2/68074 → NON-CLONE
[1886/2000] 2026-08-03 22:14:36 | R5 | 2015_0_1/35102 vs 2016_0_1/55901 → NON-CLONE
[1887/2000] 2026-08-03 22:14:43 | R5 | 2015_0_1/35102 vs 2013_0_3/94901 → NON-CLONE
[1888/2000] 2026-08-03 22:14:49 | R5 | 2015_0_1/68106 vs 2013_0_2/44471 → NON-CLONE
[1889/2000] 2026-08-03 22:14:55 | R5 | 2015_0_1/68106 vs 2013_0_3/83531 → NON-CLONE
[1890/2000] 2026-08-03 22:15:00 | R5 | 2015_0_1/65869 vs 2013_1_1/40715 → NON-CLONE
[1891/2000] 2026-08-03 22:15:04 | R5 | 2015_0_2/34257 vs 2016_1_2/8152 → NON-CLONE
[1892/2000] 2026-08-03 22:15:10 | R5 | 2015_0_2/34257 vs 2014_0_2/107403 → NON-CLONE
[1893/2000] 2026-08-03 22:15:15 | R5 | 2015_0_2/34257 vs 2016_2_1/187476 → NON-CLONE
[1894/2000] 2026-08-03 22:15:22 | R5 | 2015_0_2/34257 vs 2015_0_4/77477 → NON-CLONE
[1895/2000] 2026-08-03 22:15:29 | R5 | 2015_0_2/32722 vs 2016_1_1/14479 → NON-CLONE
[1896/2000] 2026-08-03 22:15:34 | R5 | 2015_0_2/32722 vs 2013_0_2/90919 → NON-CLONE
[1897/2000] 2026-08-03 22:15:41 | R5 | 2015_0_2/32722 vs 2015_0_3/107238 → NON-CLONE
[1898/2000] 2026-08-03 22:15:46 | R5 | 2015_0_2/77145 vs 2015_0_3/62582 → NON-CLONE
[1899/2000] 2026-08-03 22:15:54 | R5 | 2015_0_2/77145 vs 2016_1_1/14479 → NON-CLONE
[1900/2000] 2026-08-03 22:15:57 | R5 | 2015_0_2/72707 vs 2015_1_1/115055 → NON-CLONE
[1901/2000] 2026-08-03 22:16:09 | R5 | 2015_0_3/74464 vs 2016_0_2/125812 → NON-CLONE
[1902/2000] 2026-08-03 22:16:22 | R5 | 2015_0_3/74464 vs 2014_2_1/119554 → NON-CLONE
[1903/2000] 2026-08-03 22:16:34 | R5 | 2015_0_3/74464 vs 2016_0_4/100472 → NON-CLONE
[1904/2000] 2026-08-03 22:16:49 | R5 | 2015_0_3/74464 vs 2013_0_1/58633 → NON-CLONE
[1905/2000] 2026-08-03 22:17:00 | R5 | 2015_0_3/88073 vs 2016_2_1/187476 → NON-CLONE
[1906/2000] 2026-08-03 22:17:09 | R5 | 2015_0_3/88073 vs 2016_3_1/210871 → NON-CLONE
[1907/2000] 2026-08-03 22:17:18 | R5 | 2015_0_3/88073 vs 2013_0_3/83531 → NON-CLONE
[1908/2000] 2026-08-03 22:17:27 | R5 | 2015_0_3/21597 vs 2016_2_1/187476 → NON-CLONE
[1909/2000] 2026-08-03 22:17:32 | R5 | 2015_0_3/21597 vs 2016_0_2/88861 → NON-CLONE
[1910/2000] 2026-08-03 22:17:40 | R5 | 2015_0_3/62582 vs 2014_2_1/125050 → NON-CLONE
[1911/2000] 2026-08-03 22:17:46 | R5 | 2015_0_4/107149 vs 2016_1_2/20611 → NON-CLONE
[1912/2000] 2026-08-03 22:17:52 | R5 | 2015_0_4/107149 vs 2015_0_1/65869 → NON-CLONE
[1913/2000] 2026-08-03 22:18:00 | R5 | 2015_0_4/107149 vs 2013_0_3/83531 → NON-CLONE
[1914/2000] 2026-08-03 22:18:07 | R5 | 2015_0_4/107149 vs 2014_3_1/138894 → NON-CLONE
[1915/2000] 2026-08-03 22:18:12 | R5 | 2015_0_4/96734 vs 2015_1_1/127730 → NON-CLONE
[1916/2000] 2026-08-03 22:18:17 | R5 | 2015_0_4/96734 vs 2014_0_2/107403 → NON-CLONE
[1917/2000] 2026-08-03 22:18:22 | R5 | 2015_0_4/96734 vs 2015_1_1/124925 → NON-CLONE
[1918/2000] 2026-08-03 22:18:29 | R5 | 2015_0_4/79014 vs 2013_0_1/84294 → NON-CLONE
[1919/2000] 2026-08-03 22:18:35 | R5 | 2015_0_4/79014 vs 2016_3_1/210871 → NON-CLONE
[1920/2000] 2026-08-03 22:18:41 | R5 | 2015_0_4/21673 vs 2016_3_1/210871 → NON-CLONE
[1921/2000] 2026-08-03 22:18:48 | R5 | 2015_1_1/127730 vs 2014_2_1/126555 → NON-CLONE
[1922/2000] 2026-08-03 22:18:53 | R5 | 2015_1_1/127730 vs 2016_0_1/72044 → NON-CLONE
[1923/2000] 2026-08-03 22:18:59 | R5 | 2015_1_1/127730 vs 2014_0_2/27351 → NON-CLONE
[1924/2000] 2026-08-03 22:19:04 | R5 | 2015_1_1/127730 vs 2016_0_1/72044 → NON-CLONE
[1925/2000] 2026-08-03 22:19:08 | R5 | 2015_1_1/114491 vs 2013_0_3/118052 → NON-CLONE
[1926/2000] 2026-08-03 22:19:13 | R5 | 2015_1_1/114491 vs 2016_1_2/8152 → NON-CLONE
[1927/2000] 2026-08-03 22:19:19 | R5 | 2015_1_1/114491 vs 2014_3_1/136615 → NON-CLONE
[1928/2000] 2026-08-03 22:19:26 | R5 | 2015_1_1/125935 vs 2016_1_2/31984 → NON-CLONE
[1929/2000] 2026-08-03 22:19:32 | R5 | 2015_1_1/125935 vs 2016_0_1/72044 → NON-CLONE
[1930/2000] 2026-08-03 22:19:36 | R5 | 2015_1_1/124925 vs 2016_1_1/8299 → NON-CLONE
[1931/2000] 2026-08-03 22:19:48 | R5 | 2016_0_1/60475 vs 2014_0_3/108079 → NON-CLONE
[1932/2000] 2026-08-03 22:19:53 | R5 | 2016_0_1/60475 vs 2013_1_1/40715 → NON-CLONE
[1933/2000] 2026-08-03 22:19:57 | R5 | 2016_0_1/60475 vs 2015_0_2/77145 → NON-CLONE
[1934/2000] 2026-08-03 22:20:03 | R5 | 2016_0_1/60475 vs 2014_0_2/107403 → NON-CLONE
[1935/2000] 2026-08-03 22:20:07 | R5 | 2016_0_1/69477 vs 2016_0_2/162423 → NON-CLONE
[1936/2000] 2026-08-03 22:20:11 | R5 | 2016_0_1/69477 vs 2016_0_2/125812 → NON-CLONE
[1937/2000] 2026-08-03 22:20:16 | R5 | 2016_0_1/69477 vs 2013_0_1/84294 → NON-CLONE
[1938/2000] 2026-08-03 22:20:23 | R5 | 2016_0_1/123558 vs 2016_1_1/14479 → NON-CLONE
[1939/2000] 2026-08-03 22:20:28 | R5 | 2016_0_1/123558 vs 2015_0_1/35102 → NON-CLONE
[1940/2000] 2026-08-03 22:20:39 | R5 | 2016_0_1/55901 vs 2015_1_1/125935 → NON-CLONE
[1941/2000] 2026-08-03 22:20:44 | R5 | 2016_0_2/68074 vs 2013_0_1/124149 → NON-CLONE
[1942/2000] 2026-08-03 22:20:51 | R5 | 2016_0_2/68074 vs 2013_0_3/83531 → NON-CLONE
[1943/2000] 2026-08-03 22:20:55 | R5 | 2016_0_2/68074 vs 2015_0_2/32722 → NON-CLONE
[1944/2000] 2026-08-03 22:21:01 | R5 | 2016_0_2/68074 vs 2014_3_1/138529 → NON-CLONE
[1945/2000] 2026-08-03 22:21:08 | R5 | 2016_0_2/150691 vs 2014_2_1/124976 → NON-CLONE
[1946/2000] 2026-08-03 22:21:15 | R5 | 2016_0_2/150691 vs 2013_0_2/55421 → NON-CLONE
[1947/2000] 2026-08-03 22:21:22 | R5 | 2016_0_2/150691 vs 2014_2_1/124976 → NON-CLONE
[1948/2000] 2026-08-03 22:21:27 | R5 | 2016_0_2/125812 vs 2016_0_4/58218 → NON-CLONE
[1949/2000] 2026-08-03 22:21:35 | R5 | 2016_0_2/125812 vs 2013_0_3/55548 → NON-CLONE
[1950/2000] 2026-08-03 22:21:42 | R5 | 2016_0_2/88861 vs 2013_0_3/55548 → NON-CLONE
[1951/2000] 2026-08-03 22:21:48 | R5 | 2016_0_4/100472 vs 2016_3_1/218815 → NON-CLONE
[1952/2000] 2026-08-03 22:21:55 | R5 | 2016_0_4/100472 vs 2015_1_1/125935 → NON-CLONE
[1953/2000] 2026-08-03 22:22:02 | R5 | 2016_0_4/100472 vs 2013_0_2/90919 → NON-CLONE
[1954/2000] 2026-08-03 22:22:11 | R5 | 2016_0_4/100472 vs 2016_0_1/55901 → NON-CLONE
[1955/2000] 2026-08-03 22:22:16 | R5 | 2016_0_4/129913 vs 2013_1_1/30788 → NON-CLONE
[1956/2000] 2026-08-03 22:22:20 | R5 | 2016_0_4/129913 vs 2013_1_1/30788 → NON-CLONE
[1957/2000] 2026-08-03 22:22:28 | R5 | 2016_0_4/129913 vs 2016_1_2/30007 → NON-CLONE
[1958/2000] 2026-08-03 22:22:33 | R5 | 2016_0_4/58218 vs 2015_1_1/127730 → NON-CLONE
[1959/2000] 2026-08-03 22:22:38 | R5 | 2016_0_4/58218 vs 2016_0_2/68074 → NON-CLONE
[1960/2000] 2026-08-03 22:22:45 | R5 | 2016_0_4/63729 vs 2014_0_2/81302 → NON-CLONE
[1961/2000] 2026-08-03 22:22:53 | R5 | 2016_1_1/1153 vs 2014_2_1/126555 → NON-CLONE
[1962/2000] 2026-08-03 22:22:57 | R5 | 2016_1_1/1153 vs 2016_0_1/123558 → NON-CLONE
[1963/2000] 2026-08-03 22:23:01 | R5 | 2016_1_1/1153 vs 2016_0_4/58218 → NON-CLONE
[1964/2000] 2026-08-03 22:23:06 | R5 | 2016_1_1/1153 vs 2015_0_3/107238 → NON-CLONE
[1965/2000] 2026-08-03 22:23:25 | R5 | 2016_1_1/14479 vs 2014_0_3/99421 → NON-CLONE
[1966/2000] 2026-08-03 22:23:33 | R5 | 2016_1_1/14479 vs 2016_0_1/72044 → NON-CLONE
[1967/2000] 2026-08-03 22:23:40 | R5 | 2016_1_1/14479 vs 2016_3_1/218815 → NON-CLONE
[1968/2000] 2026-08-03 22:23:46 | R5 | 2016_1_1/8299 vs 2016_2_1/193269 → NON-CLONE
[1969/2000] 2026-08-03 22:23:55 | R5 | 2016_1_1/8299 vs 2014_0_3/108079 → NON-CLONE
[1970/2000] 2026-08-03 22:23:59 | R5 | 2016_1_1/29796 vs 2016_3_1/211583 → NON-CLONE
[1971/2000] 2026-08-03 22:24:05 | R5 | 2016_1_2/8152 vs 2014_3_1/138529 → NON-CLONE
[1972/2000] 2026-08-03 22:24:13 | R5 | 2016_1_2/8152 vs 2015_0_3/88073 → NON-CLONE
[1973/2000] 2026-08-03 22:24:22 | R5 | 2016_1_2/8152 vs 2016_2_1/197689 → NON-CLONE
[1974/2000] 2026-08-03 22:24:26 | R5 | 2016_1_2/8152 vs 2016_1_1/29796 → NON-CLONE
[1975/2000] 2026-08-03 22:24:30 | R5 | 2016_1_2/31984 vs 2015_0_2/77145 → NON-CLONE
[1976/2000] 2026-08-03 22:24:35 | R5 | 2016_1_2/31984 vs 2015_0_4/96734 → NON-CLONE
[1977/2000] 2026-08-03 22:24:39 | R5 | 2016_1_2/31984 vs 2016_0_1/69477 → NON-CLONE
[1978/2000] 2026-08-03 22:24:44 | R5 | 2016_1_2/20611 vs 2015_0_4/79014 → NON-CLONE
[1979/2000] 2026-08-03 22:24:48 | R5 | 2016_1_2/20611 vs 2013_1_1/35305 → NON-CLONE
[1980/2000] 2026-08-03 22:25:15 | R5 | 2016_1_2/19093 vs 2014_2_1/115332 → NON-CLONE
[1981/2000] 2026-08-03 22:25:48 | R5 | 2016_2_1/197689 vs 2014_0_3/22792 → NON-CLONE
[1982/2000] 2026-08-03 22:25:59 | R5 | 2016_2_1/197689 vs 2013_0_2/90919 → NON-CLONE
[1983/2000] 2026-08-03 22:26:10 | R5 | 2016_2_1/197689 vs 2015_0_1/65869 → NON-CLONE
[1984/2000] 2026-08-03 22:26:18 | R5 | 2016_2_1/197689 vs 2013_0_1/124149 → NON-CLONE
[1985/2000] 2026-08-03 22:26:25 | R5 | 2016_2_1/192495 vs 2016_0_4/100472 → NON-CLONE
[1986/2000] 2026-08-03 22:26:30 | R5 | 2016_2_1/192495 vs 2016_0_2/68074 → NON-CLONE
[1987/2000] 2026-08-03 22:26:35 | R5 | 2016_2_1/192495 vs 2014_0_3/71973 → NON-CLONE
[1988/2000] 2026-08-03 22:26:41 | R5 | 2016_2_1/187476 vs 2016_0_4/100472 → NON-CLONE
[1989/2000] 2026-08-03 22:27:15 | R5 | 2016_2_1/187476 vs 2014_0_3/22792 → NON-CLONE
[1990/2000] 2026-08-03 22:27:22 | R5 | 2016_2_1/193269 vs 2013_0_1/84294 → NON-CLONE
[1991/2000] 2026-08-03 22:27:29 | R5 | 2016_3_1/205670 vs 2013_0_2/114653 → NON-CLONE
[1992/2000] 2026-08-03 22:27:38 | R5 | 2016_3_1/205670 vs 2016_2_1/197689 → NON-CLONE
[1993/2000] 2026-08-03 22:27:43 | R5 | 2016_3_1/205670 vs 2016_1_1/1153 → NON-CLONE
[1994/2000] 2026-08-03 22:27:49 | R5 | 2016_3_1/205670 vs 2013_0_2/55421 → NON-CLONE
[1995/2000] 2026-08-03 22:27:54 | R5 | 2016_3_1/211583 vs 2014_0_3/71973 → NON-CLONE
[1996/2000] 2026-08-03 22:28:01 | R5 | 2016_3_1/211583 vs 2013_0_2/90919 → NON-CLONE
[1997/2000] 2026-08-03 22:28:07 | R5 | 2016_3_1/211583 vs 2013_0_1/124226 → NON-CLONE
[1998/2000] 2026-08-03 22:28:12 | R5 | 2016_3_1/210871 vs 2015_0_1/68106 → NON-CLONE
[1999/2000] 2026-08-03 22:28:19 | R5 | 2016_3_1/210871 vs 2013_0_2/114653 → NON-CLONE
[2000/2000] 2026-08-03 22:28:24 | R5 | 2016_3_1/218815 vs 2016_0_1/60475 → NON-CLONE
Round 5 done → results_gcj_java/cogito-v1-preview-llama-8B/results_original_deepcogito__cogito-v1-preview-llama-8B_round5.csv
All 5 round(s) complete. Files: results_gcj_java/cogito-v1-preview-llama-8B/results_original_deepcogito__cogito-v1-preview-llama-8B_round1.csv, results_gcj_java/cogito-v1-preview-llama-8B/results_original_deepcogito__cogito-v1-preview-llama-8B_round2.csv, results_gcj_java/cogito-v1-preview-llama-8B/results_original_deepcogito__cogito-v1-preview-llama-8B_round3.csv, results_gcj_java/cogito-v1-preview-llama-8B/results_original_deepcogito__cogito-v1-preview-llama-8B_round4.csv, results_gcj_java/cogito-v1-preview-llama-8B/results_original_deepcogito__cogito-v1-preview-llama-8B_round5.csv
