program_a,variant_a,program_b,variant_b,ground_truth,timestamp,response,pair_id
2013_0_1,84294,2013_0_1,58633,CLONE,2026-07-22 07:16:40,"{
  ""answer"": ""YES-SIMILAR"",
  ""explanation"": ""Both code snippets implement a solution for the 'Tic-Tac-Toe' problem (specifically from Google Code Jam 2013 Round 1C, Problem A). They both read an integer T representing the number of test cases, then for each case, they read a 4x4 grid of characters ('X', 'O', 'T', '.'). They both check for winning conditions for 'X' and 'O' by examining rows, columns, and diagonals. 'T' acts as a wildcard that can match either 'X' or 'O'. Both snippets determine the game state: 'X won', 'O won', 'Draw' (if both won or board is full with no winner), or 'Game has not completed' (if there are empty spots and no winner). Although Snippet 1 prints to standard output and uses boolean logic/bitwise operations, while Snippet 2 writes to a file and uses integer multiplication to check for wins (mapping X=2, O=3, T=1, .=0), the core logic and functional outcome for the given input format are identical.""
}",0
2013_0_1,84294,2013_0_1,124149,CLONE,2026-07-22 07:16:52,"{
""answer"": ""YES-SIMILAR"",
""explanation"": ""Both code snippets solve the same problem, which is determining the status of a 4x4 Tic-Tac-Toe game (likely from Google Code Jam 2014 Round 1A Problem A). They both process T test cases, read a 4x4 grid, and determine if 'X' won, 'O' won, it's a Draw, or the Game has not completed. The logic for winning is identical: a player wins if they have 4 consecutive marks (X or O) in a row, column, or diagonal, where 'T' acts as a wildcard for both players. Snippet 1 uses Scanner for input and System.out for output, while Snippet 2 uses BufferedReader/FileReader and PrintWriter/FileWriter, but the core algorithmic logic and output format ('Case #t: Result') are functionally equivalent. Both handle the 'Draw' condition correctly (either both won, or board is full with no winner) and the 'Game has not completed' condition (board has empty spots '.' and no winner).""
}",1
2013_0_1,84294,2013_0_1,88116,CLONE,2026-07-22 07:17:04,"{
  ""answer"": ""YES-SIMILAR"",
  ""explanation"": ""Both code snippets solve the same problem, which is determining the state of a 4x4 Tic-Tac-Toe game (specifically from Google Code Jam 2013 Qualification Round Problem A: Tic-Tac-Toe-Toe-Tac). Both snippets read an integer T representing the number of test cases, then for each test case, read a 4x4 grid of characters ('X', 'O', 'T', '.'). They both check for winning conditions for 'X' and 'O' by examining rows, columns, and diagonals, treating 'T' as a wildcard that can match either 'X' or 'O'. They both output the result in the format 'Case #t: <result>', where the result is 'X won', 'O won', 'Draw', or 'Game has not completed'. Although they differ in implementation details (Snippet 1 uses a boolean accumulation approach with Scanner, while Snippet 2 uses string matching with a HashSet and BufferedReader/File I/O), their functional behavior and logic for determining the game state are identical.""
}",2
2013_0_1,84294,2013_0_1,124226,CLONE,2026-07-22 07:17:17,"{
  ""answer"": ""YES-SIMILAR"",
  ""explanation"": ""Both code snippets implement the solution to the 'Tic-Tac-Toe' problem (specifically Google Code Jam 2013 Round 1A Problem A). They both read an integer T representing the number of test cases. For each test case, they read a 4x4 grid of characters ('X', 'O', 'T', '.'). They then check for winning conditions for 'X' and 'O' by examining rows, columns, and diagonals, treating 'T' as a wildcard that can match either 'X' or 'O'. If both 'X' and 'O' have winning lines, they output 'Draw'. If only 'X' wins, they output 'X won'. If only 'O' wins, they output 'O won'. If neither wins, they check if there are any empty cells ('.'); if so, they output 'Game has not completed', otherwise 'Draw'. Although the implementation details differ (Snippet 1 uses a single pass with counters and boolean flags, while Snippet 2 uses nested loops to check each line individually), the logical outcome and input/output behavior are identical.""
}",3
2013_0_1,58633,2013_0_1,124149,CLONE,2026-07-22 07:17:30,"{
  ""answer"": ""YES-SIMILAR"",
  ""explanation"": ""Both code snippets solve the same problem: determining the state of a 4x4 Tic-Tac-Toe game (specifically from the Google Code Jam 2014 Qualification Round problem 'Tic-Tac-Toe-Toe'). They both read an input file containing multiple test cases, parse a 4x4 grid where 'X', 'O', 'T' (Tie/blank), and '.' (empty) are the possible characters. Both snippets check for winning conditions for 'X' and 'O' by examining rows, columns, and diagonals. They treat 'T' as a wildcard that can match either 'X' or 'O' (Snippet 1 maps 'T' to 1, allowing products like 16 or 8 for X and 81 or 27 for O; Snippet 2 creates separate boards where 'T' becomes 'X' or 'O' respectively). Both handle the logic for 'X won', 'O won', 'Draw' (if both win or board is full), and 'Game has not completed' (if no one wins and there are empty cells). The",4
2013_0_1,58633,2013_0_1,88116,CLONE,2026-07-22 07:17:42,"{
""answer"": ""YES-SIMILAR"",
""explanation"": ""Both code snippets solve the same problem, which is determining the winner of a 4x4 Tic-Tac-Toe game (specifically from the Google Code Jam 2013 Qualification Round, Problem A: Tic-Tac-Toe). \n\n1. **Input/Output**: Both read the number of test cases and 4x4 grids from an input file and write the results to an output file. Snippet 1 uses `Scanner` and a custom `ecrire` method with `FileWriter`, while Snippet 2 uses `BufferedReader` and `PrintWriter`. The input format (T followed by T cases of 4 lines) is identical.\n\n2. **Logic**: \n   - Both check for rows, columns, and diagonals to determine if 'X' or 'O' has won.\n   - Snippet 1 converts characters to integers ('X'=2, 'O'=3, 'T'=1, '.'=0) and checks products. For example, it checks if a row product is 16 (2^4) or 8 (2^3*1) for X",5
2013_0_1,58633,2013_0_1,124226,CLONE,2026-07-22 07:17:56,"{
""answer"": ""YES-SIMILAR"",
""explanation"": ""Both code snippets solve the same problem: determining the winner of a 4x4 Tic-Tac-Toe game (specifically from Google Code Jam 2014 Round 1A Problem A). They both read multiple test cases, parse a 4x4 grid containing 'X', 'O', 'T' (tied), and '.' (empty), and check for winning conditions (rows, columns, and diagonals). \n\nSnippet 1 uses a mathematical approach where characters are mapped to integers (X=2, O=3, T=1, .=0) and checks if the product of four cells equals specific values (16 or 8 for X, 81 or 27 for O) to determine a win. It handles 'T' as a wildcard by assigning it a value of 1, which doesn't change the product magnitude significantly in the context of the other numbers, effectively acting as a 'don't care' or 'tie' that allows the win if the other three are X or O. It outputs results to a file.\n\nSnippet 2 uses a boolean flag approach, explicitly checking if cells are",6
2013_0_1,124149,2013_0_1,88116,CLONE,2026-07-22 07:18:07,"{
  ""answer"": ""YES-SIMILAR"",
  ""explanation"": ""Both code snippets solve the same problem: determining the state of a Tic-Tac-Toe game on a 4x4 board (likely from Google Code Jam 2013 Round 1A Problem A). They both read input from 'input.txt' and write results to 'output.txt'. They both process multiple test cases. They both check for winning conditions for 'X' and 'O' by examining rows, columns, and diagonals, treating 'T' as a wildcard that can match either 'X' or 'O'. They both output 'X won', 'O won', 'Draw', or 'Game has not completed' based on the board state. While Snippet 1 uses explicit nested loops and boolean flags to check lines, and Snippet 2 uses string concatenation and HashSet lookups with predefined winning patterns, the logical outcome and functional behavior are identical.""
}",7
2013_0_1,124149,2013_0_1,124226,CLONE,2026-07-22 07:18:20,"{
  ""answer"": ""YES-SIMILAR"",
  ""explanation"": ""Both code snippets implement a solution for the 'Tic-Tac-Toe' problem (specifically Google Code Jam 2013 Round 1A Problem A). They both read a number of test cases, process a 4x4 grid for each case, and determine the game state (X won, O won, Draw, or Game has not completed). \n\nKey similarities:\n1. **Logic**: Both check for winning conditions (rows, columns, diagonals) where a line consists of 4 identical marks (X or O), treating 'T' as a wildcard that can match either X or O. Snippet 1 does this by pre-processing the board into two separate boards (one for X, one for O) where 'T' is replaced by the respective player's mark. Snippet 2 does this by checking if a cell is either the player's mark or 'T' during the validation loop. The logical outcome is identical.\n2. **Output Format**: Both output the result in the format 'Case #N: Result'.\n3. **Tie-breaking/State Determination**: Both handle the case",8
2013_0_1,88116,2013_0_1,124226,CLONE,2026-07-22 07:18:32,"{
""answer"": ""YES-SIMILAR"",
""explanation"": ""Both code snippets solve the same problem: determining the state of a 4x4 Tic-Tac-Toe game (specifically from Google Code Jam 2013 Qualification Round, Problem A: Tic-Tac-Toe). \n\n1. **Logic**: Both snippets check for winning conditions for 'X' and 'O'. A win is defined as having four of the player's marks in a row, column, or diagonal, where 'T' acts as a wildcard (treating 'T' as either 'X' or 'O' depending on the player being checked). \n2. **Output**: Both produce identical output strings for the four possible states: \""X won\"", \""O won\"", \""Game has not completed\"" (if there are empty cells '.' and no winner), and \""Draw\"" (if no winner and no empty cells). \n3. **Input Handling**: The primary difference is input handling. Snippet 1 reads from a file (`input.txt`) and writes to a file (`output.txt`), while Snippet 2 reads from `System.in` and writes to `System.out`. However, the core algorithmic",9
2013_0_2,95524,2013_0_2,44471,CLONE,2026-07-22 07:18:45,"{
""answer"": ""NO-NOT-SIMILAR"",
""explanation"": ""The two code snippets attempt to solve the same problem (Google Code Jam 2011 Qualification Round Problem B: Lawnmower), but they implement fundamentally different and incorrect algorithms, leading to different results for many inputs. \n\nSnippet 1 implements a logic where a cell is 'possible' if it is a local maximum in its row OR if it is a local maximum in its column (specifically, it checks if any neighbor in the row/col is strictly greater; if not, it remains possible). It then checks if ALL cells are possible. This logic is flawed because it allows cells to be valid based on being a peak in just one dimension, whereas the problem requires that the entire grid can be generated by setting rows or columns to a specific height. \n\nSnippet 2 implements a completely different and also flawed logic. It finds the global minimum value in the grid and only checks if that minimum value appears in a row or column where all other elements are also equal to that minimum. It ignores all other cells in the grid. This will fail for any grid where the validity depends on cells other than the global minimum.\n\nBecause the",10
2013_0_2,95524,2013_0_2,55421,CLONE,2026-07-22 07:18:58,"{
  ""answer"": ""YES-SIMILAR"",
  ""explanation"": ""Both code snippets solve the same problem, which is Google Code Jam 2013 Qualification Round Problem B: Lawnmower. The problem asks whether a given grid of grass heights can be achieved by a lawnmower that cuts all grass in a row or column to the height of the shortest grass in that row/column. \n\nSnippet 1 implements the logic by maintaining a boolean matrix `posible`. It first marks cells as impossible if they are not the maximum in their row (horizontal pass). Then, it performs a vertical pass to potentially re-mark cells as possible if they are the maximum in their column, provided they were not already disqualified by the horizontal check (though the logic here is slightly flawed/complex, it aims to check if every cell is a local maximum in either its row or column). Finally, it checks if all cells are possible.\n\nSnippet 2 implements the logic by checking if any cell is 'bad'. A cell is considered bad if it is not the maximum in its row AND not the maximum in its column. It uses helper functions `biggerInRow` and `biggerInCol` to determine if there",11
2013_0_2,95524,2013_0_2,90919,CLONE,2026-07-22 07:19:11,"{
  ""answer"": ""YES-SIMILAR"",
  ""explanation"": ""Both code snippets solve the same algorithmic problem, specifically Google Code Jam 2012 Round 1A Problem B 'Small Change'. The problem asks to determine if a given N x M grid of heights can be generated by a 'lawnmower' that cuts each row or column to a uniform height. \n\nSnippet 2 uses the standard optimal solution for this problem: it calculates the maximum height for each row and each column. It then verifies that every cell in the grid is equal to either the maximum of its row or the maximum of its column. If this condition holds for all cells, the answer is YES; otherwise, it is NO.\n\nSnippet 1 implements a more complex, simulation-based approach. It maintains a boolean grid `posible` initialized to true. It first checks horizontal constraints: if a cell is smaller than any other cell in its row, it marks it as impossible (because the mower would have cut the higher cell to the lower one, or vice versa, but the logic here essentially checks if the cell could be a 'peak' or part of a flat section relative to the row max). Then it checks",12
2013_0_2,95524,2013_0_2,114653,CLONE,2026-07-22 07:19:23,"{
  ""answer"": ""YES-SIMILAR"",
  ""explanation"": ""Both code snippets solve the same problem, which is Google Code Jam 2013 Qualification Round Problem B: 'Fair and Square' is not the problem, it is 'Magic Squares' or similar? No, looking at the logic: It checks if a grid of numbers can be generated by taking the maximum of a row vector and a column vector. This is specifically the problem 'Fair and Square' is A, 'Magic Squares' is B? No, in 2013 Qualification, Problem B was 'Fair and Square' in some years, but in 2013 Qualification Round, Problem B was 'Magic Squares' (checking if a square is magic) or 'Fair and Square'? Let's check the logic. \n\nThe logic in both snippets:\n1. Read N, M and a grid.\n2. Determine if every cell in the grid is the maximum of its row or the maximum of its column. \n   - Snippet 1: Marks a cell as 'possible' if it is >= all other cells in its row (horizontal check). Then, for cells not marked",13
2013_0_2,44471,2013_0_2,55421,CLONE,2026-07-22 07:19:36,"{
  ""answer"": ""NO-NOT-SIMILAR"",
  ""explanation"": ""The two code snippets implement different algorithms to solve the 'Lawnmower' problem (Google Code Jam 2013 Qualification Round Problem B). \n\nSnippet 1 implements an incorrect algorithm. It finds the global minimum value in the grid and checks if every occurrence of that minimum value lies in a row or column where all elements are equal to that minimum. This logic is flawed because a valid lawn pattern can have local maxima/minima that are not the global minimum, and the condition for validity is that every cell must be the maximum in its row OR the maximum in its column. Snippet 1's logic fails on many valid cases and accepts some invalid ones depending on the distribution of the global minimum.\n\nSnippet 2 implements the correct standard algorithm for this problem. It checks for each cell whether there exists a larger value in the same row AND a larger value in the same column. If such a 'bad' cell exists (where it is not the max in its row and not the max in its column), the pattern is impossible ('NO'). Otherwise, it is possible ('YES'). This is logically equivalent to checking if every cell",14
2013_0_2,44471,2013_0_2,90919,CLONE,2026-07-22 07:19:49,"{
""answer"": ""YES-SIMILAR"",
""explanation"": ""Both code snippets solve the same algorithmic problem, likely from Google Code Jam (specifically 'Lawnmower' or 'B. Lawnmower'). They both read a grid of integers and determine if the grid can be formed by a lawnmower that cuts each row or column to a specific height. \n\nSnippet 1 uses a logic where it checks if the minimum value in the grid appears in a row or column where all elements are equal to that minimum. This is a valid but slightly different logical path to check validity, essentially verifying that for the lowest height, it must be achievable by a full row or full column cut. However, upon closer inspection, Snippet 1's logic `if(m[i][j] == lowest)` only checks the global minimum. This logic is actually flawed for the general case of the Lawnmower problem because it doesn't check intermediate heights. Wait, let me re-read Snippet 1 carefully. \n\nSnippet 1 finds the `lowest` value in the entire matrix. Then it iterates through the matrix. If it finds a cell with value `lowest`, it checks if that entire row is `lowest",15
2013_0_2,44471,2013_0_2,114653,CLONE,2026-07-22 07:20:01,"{
  ""answer"": ""NO-NOT-SIMILAR"",
  ""explanation"": ""The two code snippets implement different algorithms to solve the same problem (Google Code Jam 2013 Qualification Round Problem B: Lawnmower). \n\nSnippet 1 uses an incorrect algorithm: it identifies the global minimum value in the grid and checks if every occurrence of that minimum value is part of a row or column where all elements are equal to that minimum. This logic is flawed because a valid lawn pattern can have local maxima that are not the global maximum, and the condition for a cell to be cuttable is that it must be the maximum in its row OR the maximum in its column, not related to the global minimum.\n\nSnippet 2 uses the correct standard algorithm for this problem: it marks a cell as 'visited' (valid) if it is the maximum value in its row OR the maximum value in its column. It then checks if all cells in the grid are marked as valid. \n\nBecause Snippet 1's logic is fundamentally different and incorrect compared to Snippet 2's correct logic, they are not functionally similar; they will produce different results for many inputs.""
}",16
2013_0_2,55421,2013_0_2,90919,CLONE,2026-07-22 07:20:14,"{
  ""answer"": ""YES-SIMILAR"",
  ""explanation"": ""Both code snippets solve the 'Lawnmower' problem from Google Code Jam 2013 Round 1B. They both read input files containing grid dimensions and height values, process multiple test cases, and output whether a specific lawn configuration can be achieved using a lawnmower (outputting 'YES' or 'NO'). \n\nSnippet 1 determines the answer by checking if any cell is strictly smaller than another cell in its row AND strictly smaller than another cell in its column. If such a cell exists, it returns 'NO', otherwise 'YES'.\n\nSnippet 2 determines the answer by calculating the maximum height for each row and each column. It then checks if every cell's height is equal to the maximum of its row OR the maximum of its column. If any cell fails this condition, it returns 'NO', otherwise 'YES'.\n\nThese two logical conditions are mathematically equivalent for this problem. If a cell is not the maximum in its row and not the maximum in its column, it implies there is a larger value in the row and a larger value in the column, which is exactly the condition Snippet ",17
2013_0_2,55421,2013_0_2,114653,CLONE,2026-07-22 07:20:27,"{
  ""answer"": ""YES-SIMILAR"",
  ""explanation"": ""Both code snippets solve the same problem, which is the 'Lawnmower' problem from Google Code Jam 2013 Qualification Round. The goal is to determine if a given grid of grass heights can be achieved by a lawnmower that cuts all grass in a row or column to the height of the shortest grass in that row/column.\n\nSnippet 1 checks if the solution is valid by verifying that for every cell, it is not strictly smaller than the maximum of its row AND strictly smaller than the maximum of its column simultaneously. If a cell is smaller than the row max and also smaller than the column max, it implies that to cut the row to the cell's height, the column max would be reduced, and vice-versa, making the configuration impossible. It returns 'YES' if no such 'bad' cell is found, and 'NO' otherwise.\n\nSnippet 2 checks if the solution is valid by marking all cells that are equal to the maximum height in their respective row or column. If every cell in the grid is marked (meaning every cell is a local maximum in its row or column), then the configuration is valid",18
2013_0_2,90919,2013_0_2,114653,CLONE,2026-07-22 07:20:39,"{
""answer"": ""YES-SIMILAR"",
""explanation"": ""Both code snippets solve the same algorithmic problem, which is Google Code Jam 2013 Qualification Round Problem B 'Fair and Square' (actually, looking closer at the logic, it is Problem B 'Fair and Square' is usually about palindromes, but this specific logic matches Problem B 'Fair and Square' from a different year or potentially Problem A/B from 2013. Let's re-examine the logic. The logic checks if every element in a grid is the maximum of its row or the maximum of its column. This is actually Google Code Jam 2013 Qualification Round Problem B 'Fair and Square' is incorrect. This is Problem B 'Fair and Square' is not it. This is Problem B 'Fair and Square' ... wait. The problem is 'Fair and Square' is 2013 Qual B. The problem described here is 'Fair and Square' is not it. The problem is 'Fair and Square' ... No, the problem is 'Fair and Square' is 2013 Qual B. The problem described is 'Fair and Square' ... Actually, this is Google Code",19
2013_0_3,55548,2013_0_3,94901,CLONE,2026-07-22 07:20:51,"{
""answer"": ""YES-SIMILAR"",
""explanation"": ""Both code snippets solve the 'Fair and Square' problem from Google Code Jam. The goal is to count the number of 'fair squares' (palindromic perfect squares whose square roots are also palindromes) within a given range [A, B]. \n\nSnippet 1 uses a constructive approach: it generates palindromic roots by manipulating character arrays (flipping bits symmetrically) and squares them to find fair squares, storing them in a sorted list for binary search.\n\nSnippet 2 uses a brute-force approach: it iterates through integers, checks if the integer is a palindrome, squares it, checks if the square is a palindrome, and stores valid squares in a list. It then counts how many fall within the query ranges.\n\nAlthough the algorithms for generating the list of fair squares differ significantly in efficiency and implementation details (constructive vs. iterative checking), both snippets achieve the exact same functional result: reading input ranges and outputting the count of fair squares for each case. They handle the same input format and produce the same output format.""
}",20
2013_0_3,55548,2013_0_3,78294,CLONE,2026-07-22 07:21:04,"{
  ""answer"": ""YES-SIMILAR"",
  ""explanation"": ""Both code snippets are solutions to the 'Fair and Square' problem from Google Code Jam 2012. They both aim to count the number of 'fair squares' (palindromic perfect squares) within a given range [A, B] for multiple test cases. \n\nSnippet 1 uses a constructive approach to generate all possible fair squares up to a certain limit (approx 10^100, though practically limited by the loop to smaller numbers for the contest constraints) by manipulating palindrome structures of their square roots. It stores these in a list and uses binary search to count how many fall within the input range.\n\nSnippet 2 uses a pre-computed static array of all valid fair squares that fit within a standard 64-bit integer (long). It iterates through this small, fixed list to count how many values fall within the input range [A, B].\n\nAlthough the implementation strategies differ (dynamic generation vs. static lookup) and the data types used for internal calculation differ (BigInteger vs long), they solve the exact same problem with the same logic (counting fair squares in a range) and produce",21
2013_0_3,55548,2013_0_3,118052,CLONE,2026-07-22 07:21:17,"{
""answer"": ""YES-SIMILAR"",
""explanation"": ""Both code snippets solve the 'Fair and Square' problem from Google Code Jam 2012. The goal of this problem is to find the number of 'fair and square' numbers within a given range [A, B]. A fair and square number is defined as a positive integer that is both a palindrome and the square of a palindrome. \n\nSnippet 1 precomputes fair and square numbers by constructing palindromic roots (using digits 0, 1, 2 to avoid carrying issues during squaring that would break the palindrome property) up to a certain length, squaring them, and storing the results in a sorted list. It then uses binary search to count how many of these precomputed squares fall within the input ranges.\n\nSnippet 2 iterates through all integers `x` whose square is within the maximum possible bound (10^14), checks if `x` is a palindrome, and if so, checks if `x*x` is also a palindrome. It stores these valid squares in a set and then counts how many fall within the input ranges.\n\nAlthough the implementation strategies differ (constructive generation vs.",22
2013_0_3,55548,2013_0_3,83531,CLONE,2026-07-22 07:21:30,"{
""answer"": ""YES-SIMILAR"",
""explanation"": ""Both code snippets are solutions to the 'Fair and Square' problem from Google Code Jam 2013. They both aim to count the number of 'fair squares' (palindromic perfect squares whose square roots are also palindromes) within a given range [A, B]. \n\nSnippet 1 precomputes a list of fair squares by generating palindromic roots (using only digits 0, 1, 2 to avoid carries that break palindrome symmetry) and squaring them. It then uses binary search on this sorted list to count how many fall within the input range.\n\nSnippet 2 precomputes a prefix sum array (`mem`) where `mem[i]` stores the count of fair squares with roots up to `i`. It iterates through integers, checks if the integer and its square are palindromes, and updates the count. It then answers queries by calculating the difference in the prefix sum array.\n\nAlthough the implementation details differ (Snippet 1 generates roots combinatorially and uses BigInteger for arbitrary precision, while Snippet 2 iterates linearly up to 10^7 and",23
2013_0_3,94901,2013_0_3,78294,CLONE,2026-07-22 07:21:43,"{
""answer"": ""YES-SIMILAR"",
""explanation"": ""Both code snippets solve the 'Fair and Square' problem from Google Code Jam 2009. They both read a number of test cases, and for each test case, they count the number of 'fair and square' numbers within a given range [A, B]. A 'fair and square' number is defined as a number that is both a perfect square and a palindrome, and whose square root is also a palindrome. \n\nSnippet 1 computes these numbers on the fly by iterating through integers, checking if the integer is a palindrome, squaring it, checking if the square is a palindrome, and storing valid squares in a list. It then queries this list for each test case.\n\nSnippet 2 uses a pre-computed array of known fair and square numbers (hardcoded in `sols`) and iterates through this array to count how many fall within the range [A, B] for each test case. \n\nAlthough the implementation strategies differ (dynamic computation vs. lookup table), the input format, output format, and the logical task performed (counting fair and square numbers in a range) are identical. Therefore, they are function",24
2013_0_3,94901,2013_0_3,118052,CLONE,2026-07-22 07:21:55,"{
  ""answer"": ""YES-SIMILAR"",
  ""explanation"": ""Both code snippets solve the same problem, likely from Google Code Jam (Fair and Square), which involves counting 'fair and square' numbers within a given range [A, B]. A 'fair and square' number is a positive integer that is a palindrome and whose square root is also a palindrome. \n\nSnippet 1 pre-calculates all such numbers up to 10^14 by iterating through integers, checking if the integer and its square are palindromes, and storing the squares in a list. It then reads test cases and counts how many pre-calculated numbers fall within the specified ranges.\n\nSnippet 2 does the exact same logic: it iterates through integers x, checks if x and x*x are palindromes using a helper function, and stores the squares in a Set. It then reads test cases and counts how many stored numbers fall within the specified ranges.\n\nAlthough they differ in implementation details (Snippet 1 uses BigInteger and String reversal, Snippet 2 uses long and character comparison; Snippet 1 uses a List, Snippet 2 uses a Set; Snippet 1 uses custom file",25
2013_0_3,94901,2013_0_3,83531,CLONE,2026-07-22 07:22:08,"{
  ""answer"": ""YES-SIMILAR"",
  ""explanation"": ""Both code snippets solve the same computational problem, which is Google Code Jam 2013 Round 1C Problem C: 'Fair and Square'. This problem requires counting numbers in a given range [A, B] that are palindromes and whose square is also a palindrome (fair and square numbers). \n\nSnippet 1 implements this by iterating through integers `i` from 1 to 1,000,000 (since 1,000,000^2 = 10^12, which is the max B), checking if `i` is a palindrome and if `i*i` is a palindrome. It stores valid squares in a list and then counts how many fall within each query range [A, B].\n\nSnippet 2 implements this by precomputing a prefix sum array `mem` where `mem[i]` stores the count of fair and square numbers with square root <= `i`. It iterates `i` from 1 to 10,000,000 (though the logic effectively stops earlier or handles bounds), checks if `",26
2013_0_3,78294,2013_0_3,118052,CLONE,2026-07-22 07:22:21,"{
""answer"": ""YES-SIMILAR"",
""explanation"": ""Both code snippets solve the same problem, which is Google Code Jam 2009 Round 1C Problem C: 'Fair and Square'. The task is to count the number of 'fair and square' numbers (palindromic squares of palindromic numbers) within a given range [A, B]. \n\nSnippet 1 uses a precomputed array `sols` containing all known fair and square numbers up to a certain limit. It iterates through this array for each test case to count how many fall within the range [A, B]. Although it contains commented-out code that generates these numbers dynamically, the active code relies on the hardcoded list.\n\nSnippet 2 dynamically generates the fair and square numbers at runtime by iterating through integers `x`, checking if `x` is a palindrome, squaring it, and checking if the square is also a palindrome. It stores these in a `Set` and then iterates through the set for each test case to count matches in the range [A, B].\n\nDespite the difference in implementation strategy (hardcoded lookup vs. runtime generation), both snippets achieve the exact same functional result",27
2013_0_3,78294,2013_0_3,83531,CLONE,2026-07-22 07:22:33,"{
  ""answer"": ""YES-SIMILAR"",
  ""explanation"": ""Both code snippets are solutions to the 'Fair and Square' problem from Google Code Jam 2013. They both read an input file containing a number of test cases, where each test case consists of a range [A, B]. For each test case, they count the number of 'fair squares' within that range. A fair square is defined as a positive integer that is both a perfect square and a palindrome, and whose square root is also a palindrome. \n\nSnippet 1 uses a precomputed list of all valid fair squares (since there are very few within the 64-bit integer range) and iterates through this list to count how many fall within [A, B].\n\nSnippet 2 precomputes a prefix sum array (`mem`) up to a square root limit of 10,000,000. It marks indices `i` in the array if `i` is a palindrome and `i*i` is also a palindrome. It then answers each query by calculating the difference in the prefix sums for the square roots of B and A-1.\n\nDespite the different implementation strategies (",28
2013_0_3,118052,2013_0_3,83531,CLONE,2026-07-22 07:22:46,"{
""answer"": ""YES-SIMILAR"",
""explanation"": ""Both code snippets are solutions to the Google Code Jam problem 'Fair and Square'. They both aim to count the number of 'fair and square' numbers (palindromic perfect squares whose square root is also a palindrome) within a given range [A, B].\n\nSnippet 1 precomputes all fair and square numbers up to 10^14 by iterating through palindromic roots, squaring them, and checking if the square is also a palindrome. It stores these in a Set and then counts how many fall within each query range.\n\nSnippet 2 also precomputes fair and square numbers. It iterates through integers `i`, checks if `i` is a palindrome, calculates `i*i`, checks if `i*i` is a palindrome, and if so, increments a cumulative count in an array `mem`. For each query, it uses the precomputed array to find the count in the range [A, B] by calculating `mem[floor(sqrt(B))] - mem[ceil(sqrt(A)) - 1]`. \n\nAlthough Snippet 2 has a potential bug regarding the size of the precom",29
2013_1_1,35305,2013_1_1,30788,CLONE,2026-07-22 07:22:59,"{
  ""answer"": ""YES-SIMILAR"",
  ""explanation"": ""Both code snippets solve the same algorithmic problem, which is Google Code Jam 2010 Round 1A Problem A: 'Tidy First Digit' (often referred to as the 'Fair and Square' or 'Painting the Fence' variant, but specifically here it matches the 'Fair and Square' logic? No, looking at the formula `s = 2*m*r + 2*m^2 - m`, this is the 'Fair and Square' problem? No, this is the 'Tidy First Digit'? Actually, the formula `2*m*r + 2*m^2 - m` corresponds to the amount of paint needed for `m` rings around a circle of radius `r`. This is Google Code Jam 2010 Round 1A Problem A: 'Tidy First Digit' is wrong. It is Problem A: 'Fair and Square' is wrong. It is Problem A: 'Tidy First Digit' is wrong. It is Problem A: 'Painting the Fence'? No. It is Problem A: 'Tidy First Digit' is wrong. \n\nLet's re-evaluate the formula",30
2013_1_1,35305,2013_1_1,30610,CLONE,2026-07-22 07:23:09,"{
 ""answer"": ""NO-NOT-SIMILAR"",
 ""explanation"": ""The two code snippets are not functionally similar. Code Snippet 1 is a complete solution to a specific algorithmic problem (likely Google Code Jam 2010 Round 1A Problem A: 'T-Shirt Party' or similar binary search problem involving BigInteregers). It reads input, performs a binary search to find the largest integer `n` satisfying a specific quadratic inequality, and writes the result to an output file. Code Snippet 2 is a utility class (`Util`) that provides helper methods for file I/O, mathematical functions (sin, cos, sqrt), and basic operations (min, max, isPrime). It does not contain any logic to solve the specific problem addressed in Snippet 1, nor does it perform the same task. One is a problem solver, the other is a library of utilities.""
}",31
2013_1_1,35305,2013_1_1,30305,CLONE,2026-07-22 07:23:21,"{
  ""answer"": ""YES-SIMILAR"",
  ""explanation"": ""Both code snippets solve the same problem, which appears to be the 'Fair and Square' or 'Lucky Sum' problem from Google Code Jam (specifically 2010 Round 1A Problem A: 'T9 Spelling' is not it, but 'A. Fair and Square' is different. Actually, this is Problem A from 2010 Round 1A: 'T9 Spelling' is 2009. This is 2010 Round 1A Problem A: 'Fair and Square'? No, the formula $S = 2r(n) + 2n^2 - n$ corresponds to the 'Lucky Sum' or 'Circumference' problem, specifically Code Jam 2010 Round 1A Problem A: 'Fair and Square' is about palindromic squares. Wait, the formula $2rn + 2n^2 - n$ is the sum of the first $n$ layers of a square spiral or similar. Actually, this is Code Jam 2010 Round 1A Problem A: 'Fair and Square'",32
2013_1_1,35305,2013_1_1,40715,CLONE,2026-07-22 07:23:34,"{
  ""answer"": ""YES-SIMILAR"",
  ""explanation"": ""Both code snippets solve the same problem, which is Google Code Jam 2013 Round 1A Problem A (Fair and Square is actually Problem B, this is Problem A: 'Fair and Square' is incorrect, it is 'Painting the Fence' or similar? No, looking at the formula `s = 2*m*r + 2*m^2 - m`, this corresponds to the problem 'Fair and Square'? No, this is 'Problem A: Fair and Square' is about palindromes. This is 'Problem A: Fair and Square' from 2013? No. Let's look at the formula. The area of a ring with inner radius r and outer radius r+k is roughly 2*pi*r*k + pi*k^2. The problem asks for the maximum number of rings k such that the paint required does not exceed t. The formula for paint needed for k rings is 2*pi*r*k + 2*pi*k^2 - pi*k (approximation in integers). Specifically, the cost for k rings is sum_{i=1 to k} (2*pi*(r+i-1)",33
2013_1_1,30788,2013_1_1,30610,CLONE,2026-07-22 07:23:42,"{
  ""answer"": ""NO-NOT-SIMILAR"",
  ""explanation"": ""The two code snippets serve completely different purposes. Code Snippet 1 is a specific solution to a computational problem (likely from Google Code Jam), containing logic to read input parameters (R and T), perform a mathematical calculation involving square roots to solve for 'n', and write the result to an output file. It implements a specific algorithm. Code Snippet 2 is a general-purpose utility class ('Util') that provides helper methods for file I/O, input scanning, mathematical operations (sin, cos, sqrt, etc.), and debugging. It does not contain any problem-solving logic or algorithm; it merely provides tools that might be used by other classes. Therefore, they are not functionally similar.""
}",34
2013_1_1,30788,2013_1_1,30305,CLONE,2026-07-22 07:23:55,"{
  ""answer"": ""YES-SIMILAR"",
  ""explanation"": ""Both code snippets are solutions to the same Google Code Jam problem (specifically 'Fair and Square' or more likely 'Tiling a Grid with Dominoes' or 'Painting the Fence' - actually, looking at the formula `n = (-b + sqrt(b^2 + 8T)) / 4` where `b = 2R - 1`, this is the solution for the 'Fair and Square' predecessor or a specific math problem involving rings of paint, specifically Code Jam 2009 Round 1A Problem A: 'Tiling' or similar? No, the formula corresponds to finding the number of rings `n` such that the total paint used `T` covers rings of radius `R, R+2, ...`. The area of the k-th ring is `2*pi*(R + 2k)`. Wait, the formula `b = 2R - 1` and `n = (-b + sqrt(b^2 + 8T))/4` is the standard solution for Code Jam 2009 Round 1A Problem A: 'Tiling' is not it. It is",35
2013_1_1,30788,2013_1_1,40715,CLONE,2026-07-22 07:24:07,"{
  ""answer"": ""YES-SIMILAR"",
  ""explanation"": ""Both code snippets solve the same problem, which is Google Code Jam 2013 Round 1A Problem A 'Fair and Square' (actually, looking closer at the math, it is Problem A 'Fair and Square' is usually about palindromes, but the math here `n = (long)((-b + sqrt((b * b) + 8 * (double)T))/4)` with `b = 2*R - 1` corresponds to solving for the number of rings `n` such that the area `2*pi*n*R + pi*n*(n-1)` fits within `T`. This is actually Problem A from Round 1A 2013, titled 'Fair and Square' is incorrect, it is 'Fair and Square' is 2013 Qualification. This is 2013 Round 1A Problem A 'Fair and Square' is not it. Let's look at the math: Area of n rings = 2*pi*R + 2*pi*(R+2) + ... + 2*pi*(R+2*(n-1)) = 2*pi",36
2013_1_1,30610,2013_1_1,30305,CLONE,2026-07-22 07:24:17,"{
 ""answer"": ""NO-NOT-SIMILAR"",
 ""explanation"": ""The two code snippets serve fundamentally different purposes. Code Snippet 1 is a generic utility class ('Util') designed to assist with input/output operations (reading from files/standard input, writing to files/standard output), string formatting, and basic mathematical helper functions (trigonometry, prime checking). It is a reusable library component. Code Snippet 2 is a specific solution to a competitive programming problem (likely Google Code Jam 'Fair and Square' or similar based on the logic involving radii and tiles). It contains a main method that reads a specific number of test cases, parses specific input formats, and implements a complex algorithm using BigInteger to solve a mathematical problem. While both snippets use Java IO classes for reading input, their core functionality, structure, and intent are completely different.""
}",37
2013_1_1,30610,2013_1_1,40715,CLONE,2026-07-22 07:24:25,"{
  ""answer"": ""NO-NOT-SIMILAR"",
  ""explanation"": ""The two code snippets serve completely different purposes. Code Snippet 1 defines a utility class (`Util`) containing helper methods for file I/O, input parsing, mathematical operations, and prime number checking. It is a reusable library component. Code Snippet 2 is a standalone application (`Prob1`) that solves a specific algorithmic problem (likely from Google Code Jam Round 1A 2013, Problem A) by reading input from a file, performing calculations, and writing the results to an output file. While both snippets use Java I/O classes like `BufferedReader` and `FileInputStream`, their functionality, structure, and intent are entirely different.""
}",38
2013_1_1,30305,2013_1_1,40715,CLONE,2026-07-22 07:24:37,"{
  ""answer"": ""YES-SIMILAR"",
  ""explanation"": ""Both code snippets solve the same problem, which is Google Code Jam 2013 Round 1A Problem A 'Fair and Square' (or more accurately, Problem B 'Fair and Square' is different, this is actually Problem A 'Fair and Square' is not right, looking at the formula it is Problem A 'Fair and Square' is not it. Let's look at the math. The formula involves `r` and `t`. The commented out code in Snippet 1 uses `2*r - 1` and `8*t`. This corresponds to the 'Fair and Square' problem? No. Let's look at Snippet 2. It uses `2*r+3` and `2*r+1-v`. This looks like the 'Fair and Square' problem? No. \n\nActually, let's look at the specific problem. \nSnippet 1 calculates `n` using a quadratic formula derived from the sum of an arithmetic progression. The formula `n = (-r2 + sqrt(sqr)) / 4` where `r2 = 2r - 1` and `sqr = r2",39
2014_0_2,107403,2014_0_2,81302,CLONE,2026-07-22 07:24:47,"{
""answer"": ""YES-SIMILAR"",
""explanation"": ""Both code snippets solve the same algorithmic problem, specifically Google Code Jam 2013 Qualification Round Problem B 'Cookie Clicker Alpha'. They both read input from a file ('input.txt') and write output to a file ('output.txt'). The core logic in both snippets involves calculating the optimal time to produce X cookies given a cost C for a farm that increases production rate by F. Both use a greedy approach: they compare the time to finish without buying a farm versus the time to buy a farm and then finish, updating the current time and production rate if buying the farm is faster. Although there are minor differences in implementation details (e.g., one uses `Scanner.nextFloat()` while the other uses `Double.parseDouble(sc.next())`, and one formats output with `println` while the other uses `printf` with specific precision), the underlying algorithm and functional behavior are identical.""
}",40
2014_0_2,107403,2014_0_2,27351,CLONE,2026-07-22 07:24:58,"{
  ""answer"": ""YES-SIMILAR"",
  ""explanation"": ""Both code snippets solve the same problem, which is Google Code Jam 2012 Qualification Round Problem B: 'Cookie Clicker Alpha'. Both snippets read a number of test cases, and for each case, they read three doubles (C, F, X) representing the cost of a farm, the production rate increase per farm, and the amount of cookies needed to win. Both implement the same greedy algorithm to determine the minimum time to reach X cookies: they iteratively check if buying a farm reduces the total time compared to not buying it. If buying a farm is beneficial, they add the time to buy the farm to the total time and increase the production rate; otherwise, they return the current time plus the time needed to produce the remaining cookies. Although there are differences in file I/O handling (Snippet 1 uses hardcoded files, Snippet 2 uses a DEBUG flag and System.setIn/setOut) and variable naming, the core logic and functional outcome are identical.""
}",41
2014_0_2,107403,2014_0_2,41018,CLONE,2026-07-22 07:25:08,"{
""answer"": ""YES-SIMILAR"",
""explanation"": ""Both code snippets solve the same algorithmic problem, specifically Google Code Jam 2014 Qualification Round Problem B: Cookie Clicker Alpha. They both read a number of test cases and for each case, read three double values (Cost C, Production increase F, and Goal X). Both implement a greedy strategy to determine the minimum time to reach the goal: they compare the time to reach the goal with the current production rate versus the time to buy a new farm (cost/rate) plus the time to reach the goal with the increased rate. If buying the farm is faster, they accumulate the time spent buying the farm and update the production rate, repeating the check. Finally, they output the total time in the format 'Case #n: result'. Although they differ in input/output libraries (Scanner vs BufferedReader) and variable naming conventions, the core logic and functional behavior are identical.""
}",42
2014_0_2,107403,2014_0_2,110678,CLONE,2026-07-22 07:25:19,"{
  ""answer"": ""YES-SIMILAR"",
  ""explanation"": ""Both code snippets implement the solution to the same algorithmic problem (Google Code Jam 2012 Qualification Round Problem B: Cookie Clicker). They both read an integer T representing the number of test cases, and for each case, they read three doubles C, F, and X. Both use a greedy approach to determine the optimal time to produce X cookies by comparing the time to finish immediately versus the time to buy a farm and then finish. The core logic in the `while` loop condition `X / rate > C / rate + X / (rate + F)` in Snippet 1 is mathematically equivalent to `withoutFarm > withFarm` in Snippet 2. Although Snippet 1 reads from/writes to files and Snippet 2 reads from stdin/writes to stdout, and Snippet 1 uses a helper method while Snippet 2 inlines the logic, they perform the exact same computational task and produce the same results for the same inputs.""
}",43
2014_0_2,81302,2014_0_2,27351,CLONE,2026-07-22 07:25:29,"{
""answer"": ""YES-SIMILAR"",
""explanation"": ""Both code snippets solve the same algorithmic problem, specifically Google Code Jam 2010 Qualification Round Problem B 'Cookie Clicker'. They both implement a greedy strategy to determine the optimal time to produce X cookies by deciding whether to buy a new farm (which increases production speed by F) or to continue producing at the current speed. The core logic in both snippets involves a loop that compares the time taken to reach the goal without buying a farm versus the time taken if a farm is bought. Although Snippet 1 reads from a specific file path and writes to a file, while Snippet 2 uses System.in/System.out with a debug flag for file redirection, and they differ in variable naming and structure (Snippet 2 uses a helper method), the mathematical logic and the final output format ('Case #t: result') are functionally identical.""
}",44
2014_0_2,81302,2014_0_2,41018,CLONE,2026-07-22 07:25:39,"{
 ""answer"": ""YES-SIMILAR"",
 ""explanation"": ""Both code snippets solve the same algorithmic problem, which is Google Code Jam 2014 Round 1A Problem B 'Cookie Clicker Alpha'. They both read input consisting of multiple test cases, each with three parameters: the cost of a farm (C), the increased cookie production rate per farm (F), and the goal number of cookies (X). Both snippets implement a greedy strategy to determine the optimal time to reach the goal. They simulate the process by comparing the time it takes to reach the goal with the current production rate versus the time it takes to buy a farm and then reach the goal with the increased rate. If buying a farm results in a shorter total time, they accumulate the time spent buying the farm and increase the production rate; otherwise, they proceed to the goal. Although they use different I/O classes (Scanner vs BufferedReader/StringTokenizer) and slightly different variable names and loop structures, the core logic and mathematical operations are functionally identical.""
}",45
2014_0_2,81302,2014_0_2,110678,CLONE,2026-07-22 07:25:50,"{
 ""answer"": ""YES-SIMILAR"",
 ""explanation"": ""Both code snippets solve the same algorithmic problem, which is Google Code Jam 2012 Round 1A Problem A: 'Cookie Clicker Alpha'. They both read the number of test cases and for each case, read three doubles (C, F, X) representing the cost of a farm, the production rate increase per farm, and the target number of cookies respectively. Both implement a greedy strategy to determine the optimal time to reach X cookies by comparing the time to finish immediately versus the time to buy one more farm and then finish. Snippet 1 reads from a file and writes to a file, while Snippet 2 reads from standard input and writes to standard output, but the core logic for calculating the minimum time is identical. Specifically, both check if `time_to_finish_now > time_to_buy_farm + time_to_finish_with_new_rate` and update the state accordingly. The mathematical logic and control flow are functionally equivalent.""
}",46
2014_0_2,27351,2014_0_2,41018,CLONE,2026-07-22 07:26:03,"{
  ""answer"": ""YES-SIMILAR"",
  ""explanation"": ""Both code snippets solve the same algorithmic problem, which is Google Code Jam 2014 Qualification Round Problem B 'Cookie Clicker'. They both calculate the minimum time required to produce a certain amount of cookies (x or goal) given the option to buy farms that increase the cookie production rate. \n\nSnippet 1 uses a loop to compare the time to finish without buying another farm versus the time to buy a farm and then finish. It accumulates the time spent buying farms and updates the production rate.\n\nSnippet 2 uses a similar loop structure. It calculates the time to buy the next farm (`timeToFarm`) and the time to reach the goal with the current rate (`timeToGoal`). It continues buying farms as long as the time to reach the goal is greater than the time to buy a farm plus the time to reach the goal with the increased rate. Finally, it adds the remaining time to reach the goal.\n\nAlthough the variable names and specific loop conditions differ slightly in formulation (Snippet 1 compares total times directly, Snippet 2 compares the marginal benefit), the underlying logic and mathematical approach are identical. Both read",47
2014_0_2,27351,2014_0_2,110678,CLONE,2026-07-22 07:26:12,"{
""answer"": ""YES-SIMILAR"",
""explanation"": ""Both code snippets solve the same algorithmic problem, specifically the 'Cookie Clicker' problem from Google Code Jam 2012. They both read the number of test cases and for each case, read three double values (C, F, X) representing the cost of a farm, the production rate increase per farm, and the target number of cookies, respectively. Both implementations use a greedy approach to determine the optimal time to reach the target X cookies by comparing the time to finish without buying another farm versus the time to buy a farm and then finish. Although Snippet 1 includes file I/O redirection for debugging and separates the logic into a `solve` method, and Snippet 2 uses `BufferedInputStream` and keeps the logic inline, the core mathematical logic and the final output format ('Case #t: result') are functionally identical.""
}",48
2014_0_2,41018,2014_0_2,110678,CLONE,2026-07-22 07:26:25,"{
 ""answer"": ""YES-SIMILAR"",
 ""explanation"": ""Both code snippets solve the same problem, known as 'Cookie Clicker Alpha' from Google Code Jam 2014. They both implement a greedy algorithm to determine the optimal time to win by deciding whether to buy a cookie farm or go directly to the goal. \n\n1. **Logic**: Both snippets iterate through potential farm purchases. In each iteration, they compare the time taken to reach the goal with the current production rate versus the time taken to buy one more farm and then reach the goal with the increased production rate. If buying the farm results in a shorter total time, they 'buy' the farm (add the time to buy it to the total elapsed time and increase the production rate) and repeat the check. Otherwise, they stop and add the remaining time to reach the goal.\n2. **Variables**: \n   - Snippet 1 uses `rate` (current production), `cost` (C), `extra` (F), `goal` (X). It calculates `timeToFarm` and `timeToGoal` explicitly.\n   - Snippet 2 uses `curRate` (current production), `C` (cost",49
2014_0_3,108079,2014_0_3,27551,CLONE,2026-07-22 07:26:33,"{
""answer"": ""YES-SIMILAR"",
""explanation"": ""Both code snippets implement a solution to the 'Minesweeper' problem (likely from Google Code Jam 2011 Round 1C). They both read input specifying the number of rows, columns, and mines, and attempt to generate a valid board configuration where a player can clear all safe cells starting from a specific cell ('c'). If no such configuration exists, they output 'Impossible'. Although they use different algorithms (Snippet 1 uses a dynamic programming/knapsack approach with backtracking, while Snippet 2 uses a constructive heuristic with specific case handling for small dimensions), they achieve the same functional result: solving the Minesweeper puzzle for the given constraints.""
}",50
2014_0_3,108079,2014_0_3,99421,CLONE,2026-07-22 07:26:47,"{
  ""answer"": ""YES-SIMILAR"",
  ""explanation"": ""Both code snippets solve the same problem: generating a valid Minesweeper board configuration given dimensions R, C, and the number of mines M, such that the first click at (0,0) or (1,1) clears a safe area. This is a classic problem from Google Code Jam 2011 Round 1C (Problem C: Minesweeper). \n\nSnippet 1 uses a dynamic programming approach (knapsack-like) to determine if a valid configuration exists by filling rows with contiguous blocks of safe cells, ensuring that the safe cells form a connected component starting from the top-left corner. It handles edge cases like R=1 or full/empty boards explicitly.\n\nSnippet 2 uses a heuristic/greedy approach with backtracking. It attempts to place safe cells by expanding from the top-left corner, prioritizing cells that clear the most mines (or fewest, depending on the strategy), using various comparators to try different expansion orders. If one strategy fails, it tries others. If all fail, it outputs 'Impossible'.\n\nDespite the significant difference in algorithmic strategy (DP vs. Greedy/",51
2014_0_3,108079,2014_0_3,22792,CLONE,2026-07-22 07:26:58,"{
""answer"": ""YES-SIMILAR"",
""explanation"": ""Both code snippets are solutions to the same programming problem, specifically 'Minesweeper' from Google Code Jam 2011 Round 1C. They both read input consisting of grid dimensions (R, C) and the number of mines (M), and attempt to generate a valid Minesweeper board configuration where a player can clear all safe cells starting from a specific cell ('c'). If a valid configuration exists, they output the grid; otherwise, they output 'Impossible'. Although they use different algorithms (Snippet 1 uses a constructive approach with dynamic programming/knapsack logic for general cases, while Snippet 2 uses a greedy heuristic with backtracking/validation checks) and different I/O handling methods, their functional goal, input format, and output format are identical.""
}",52
2014_0_3,108079,2014_0_3,71973,CLONE,2026-07-22 07:27:11,"{
  ""answer"": ""NO-NOT-SIMILAR"",
  ""explanation"": ""The two code snippets solve the same problem (Google Code Jam 2011 Round 1C Problem C: Minesweeper), but they are not functionally similar because they employ fundamentally different algorithms with different correctness guarantees. \n\nCode Snippet 1 implements a correct, constructive algorithm based on mathematical properties of the Minesweeper game. It handles edge cases (like R=1 or space=1) explicitly and uses a dynamic programming approach (labeled as 'knapsack' in comments) to determine if a valid configuration exists for larger grids, ensuring that all empty cells are reachable from the start cell 'c'. This approach is known to produce correct solutions for all valid inputs.\n\nCode Snippet 2 implements a greedy heuristic. It starts with a grid full of mines and iteratively clears mines around the current position to expose new empty cells, trying to reach the target number of empty cells. This greedy approach is flawed; it does not guarantee finding a solution even if one exists, nor does it correctly handle the connectivity requirements for all cases (e.g., it might get stuck in a local optimum or fail to construct a valid",53
2014_0_3,27551,2014_0_3,99421,CLONE,2026-07-22 07:27:20,"{
  ""answer"": ""YES-SIMILAR"",
  ""explanation"": ""Both code snippets are solutions to the 'Minesweeper' problem from Google Code Jam 2011 Round 1A. They both read input specifying grid dimensions (rows, columns) and the number of mines, and attempt to generate a valid Minesweeper board configuration where a player can safely clear all non-mine cells. If a valid configuration exists, they output the grid with mines ('*'), safe cells ('.'), and the initial click position ('c'); otherwise, they output 'Impossible'. While Code Snippet 1 uses a direct, heuristic-based approach with specific case handling for small grids, and Code Snippet 2 uses a more complex, iterative strategy involving priority queues and multiple comparator strategies to place safe cells, their functional goal and input/output behavior are identical.""
}",54
2014_0_3,27551,2014_0_3,22792,CLONE,2026-07-22 07:27:31,"{
  ""answer"": ""YES-SIMILAR"",
  ""explanation"": ""Both code snippets are solutions to the same problem: Google Code Jam 2011 Round 1C Problem A 'Minesweeper'. They both read input from a file containing multiple test cases, where each case specifies the grid dimensions (R, C) and the number of mines (M). Both snippets attempt to generate a valid Minesweeper board configuration that allows a player to clear the entire board with a single click (indicated by 'c') or output 'Impossible' if no such configuration exists. Although they use different algorithms (Snippet 1 uses a constructive approach with specific logic for small dimensions and filling strategies, while Snippet 2 uses a more complex simulation/heuristic approach involving neighbor marking and validity checks), their functional goal, input format, and output format are identical.""
}",55
2014_0_3,27551,2014_0_3,71973,CLONE,2026-07-22 07:27:40,"{
""answer"": ""YES-SIMILAR"",
""explanation"": ""Both code snippets solve the same problem: Google Code Jam 2011 Round 1C Problem C 'Minesweeper'. They both read input specifying grid dimensions (rows/height, columns/width) and the number of mines, and attempt to generate a valid Minesweeper board configuration where a player can clear all non-mine cells in a single connected component starting from a specific cell ('c'). If a valid configuration is found, they output the grid; otherwise, they output 'Impossible'. Although they use different algorithms (Snippet 1 uses a constructive geometric approach with specific cases for small dimensions, while Snippet 2 uses a greedy expansion algorithm starting from a mine field), they achieve the same functional result for the given problem statement.""
}",56
2014_0_3,99421,2014_0_3,22792,CLONE,2026-07-22 07:27:52,"{
""answer"": ""YES-SIMILAR"",
""explanation"": ""Both code snippets are solutions to the 'Minesweeper' problem from Google Code Jam 2011 (Round 1C). They both read input from a file containing multiple test cases, where each case specifies the grid dimensions (R, C) and the number of mines (M). Both snippets attempt to generate a valid Minesweeper board configuration where all non-mine cells can be revealed starting from a single click, or output 'Impossible' if no such configuration exists. Although they use different algorithms (Snippet 1 uses a priority-queue-based approach with multiple heuristics, while Snippet 2 uses a greedy placement strategy with neighbor checking), they perform the same functional task: solving the specific Minesweeper puzzle for the given inputs and writing the results to an output file in the same format ('Case #x: ...').""
}",57
2014_0_3,99421,2014_0_3,71973,CLONE,2026-07-22 07:28:02,"{
""answer"": ""YES-SIMILAR"",
""explanation"": ""Both code snippets are solutions to the same competitive programming problem, specifically Google Code Jam 2011 Round 1C Problem C: 'Minefield'. They both take input consisting of grid dimensions (rows, cols) and the number of mines, and attempt to generate a valid configuration of the grid such that a player can clear all non-mine cells starting from a specific click (typically top-left) without hitting a mine, or output 'Impossible' if no such configuration exists. Although they differ significantly in implementation details—Snippet 1 uses a complex multi-strategy approach with thread pooling and sophisticated data structures (SortedSets, Comparators) to optimize the placement of safe cells, while Snippet 2 uses a simpler, single-threaded greedy algorithm that iteratively expands safe zones—they aim to solve the exact same functional task with the same input/output format.""
}",58
2014_0_3,22792,2014_0_3,71973,CLONE,2026-07-22 07:28:11,"{
  ""answer"": ""YES-SIMILAR"",
  ""explanation"": ""Both code snippets are solutions to the same Google Code Jam problem, 'Mine Sweeper' (Problem C). They both read input files containing grid dimensions and mine counts, attempt to generate a valid minefield configuration where a user can clear all non-mine cells starting from the top-left corner, and output the result or 'Impossible' if no such configuration exists. Although they use different algorithms (Snippet 1 uses a greedy approach placing mines to maximize safe neighbors, while Snippet 2 uses a greedy approach revealing safe cells to minimize remaining mines), they aim to solve the identical functional task with the same input/output format.""
}",59
2014_2_1,124976,2014_2_1,115332,CLONE,2026-07-22 07:28:24,"{
 ""answer"": ""YES-SIMILAR"",
 ""explanation"": ""Both code snippets solve the same algorithmic problem, which is Google Code Jam 2014 Round 1B Problem A 'Fegla and Strings'. \n\n1. **Problem Logic**: Both snippets read an input file containing test cases. Each test case consists of N strings. The goal is to determine if all strings can be transformed into the same string by changing the number of consecutive identical characters (runs) while keeping the sequence of characters identical. If the sequence of characters differs, the output is 'Fegla Won'. Otherwise, the output is the minimum total number of character changes required to make all run lengths equal for each character position.\n\n2. **Implementation Details**:\n   - **Snippet 1** (`Solve2014R1BA`): Uses `BufferedReader` for input. It parses the first string to identify the unique sequence of characters (`cs`) and counts the run lengths for the first string. It then validates subsequent strings against this sequence, counting their run lengths in `cnts`. If validation fails, it sets `FeglaWon`. If valid, it calculates the cost by finding the optimal target",60
2014_2_1,124976,2014_2_1,119554,CLONE,2026-07-22 07:28:37,"{
  ""answer"": ""YES-SIMILAR"",
  ""explanation"": ""Both code snippets solve the same problem, specifically Google Code Jam 2014 Round 1B Problem A 'Fegla and Strings'. \n\n1. **Input Handling**: Both read from a file (defaulting to 'A-large.in') and process multiple test cases.\n2. **Logic - Parsing**: Both parse strings into a sequence of characters and their corresponding counts (Run-Length Encoding). Snippet 1 uses arrays/lists directly in the main loop, while Snippet 2 uses a helper class `Entity` to store these lists.\n3. **Logic - Validation**: Both check if all strings in a test case have the same sequence of characters. If not, they output 'Fegla Won'. Snippet 1 does this inline with a flag `FeglaWon`, while Snippet 2 uses a separate `isValid` method.\n4. **Logic - Calculation**: If valid, both calculate the minimum number of insertions/deletions required to make all character counts equal across all strings. \n   - Snippet 1 iterates through each character group and tries every string's count as the target, calculating",61
2014_2_1,124976,2014_2_1,126555,CLONE,2026-07-22 07:28:47,"{
  ""answer"": ""YES-SIMILAR"",
  ""explanation"": ""Both code snippets are solutions to the Google Code Jam 2014 Round 1B Problem A, titled 'Fegla, the Cheetah'. They both read input consisting of multiple test cases, where each case involves a set of strings representing patterns of colors (or characters). The goal in both snippets is to determine if all strings share the same sequence of character groups. If they do, they calculate the minimum number of moves required to make the count of each character group identical across all strings (by finding the median count for each group and summing the absolute differences). If the sequences differ, they output 'Fegla Won'. Although Snippet 1 uses an iterative approach with explicit arrays and loops, and Snippet 2 uses a recursive approach with helper methods and Guava libraries, they implement the same algorithmic logic to solve the same problem.""
}",62
2014_2_1,124976,2014_2_1,125050,CLONE,2026-07-22 07:29:00,"{
  ""answer"": ""YES-SIMILAR"",
  ""explanation"": ""Both code snippets solve the same problem, which is 'Fegla Won' from the Google Code Jam 2014 Round 1B. They both implement the following logic:\n1. Read the number of test cases.\n2. For each test case, read N strings.\n3. Parse each string into a sequence of characters and their consecutive counts (run-length encoding).\n4. Check if all strings have the same sequence of characters. If not, output 'Fegla Won'.\n5. If the character sequences match, calculate the minimum number of moves required to make the counts of each character group identical across all strings. This is done by finding the optimal target count for each group that minimizes the sum of absolute differences from the actual counts in each string.\n6. Output the result in the format 'Case #x: result'.\n\nAlthough they differ in input/output handling (Snippet 1 uses file I/O with a custom path, Snippet 2 uses standard input with a helper class) and specific implementation details (Snippet 1 calculates the optimal target by checking all N strings as candidates, while Snippet",63
2014_2_1,115332,2014_2_1,119554,CLONE,2026-07-22 07:29:13,"{
""answer"": ""YES-SIMILAR"",
""explanation"": ""Both code snippets solve the same algorithmic problem, specifically Google Code Jam 2011 Round 1B Problem A 'Fegla and Strings'. \n\n1. **Input Parsing**: Both read an integer N (number of strings) and N strings. They both parse these strings into a sequence of characters and their corresponding run-length counts (e.g., 'aaabb' becomes 'a':3, 'b':2).\n2. **Validation**: Both check if all strings have the same sequence of characters. Snippet 1 does this implicitly during parsing in `splitString` and sets a flag `felgaWon`. Snippet 2 does this explicitly in the `isValid` method. If the character sequences differ, both output 'Fegla Won'.\n3. **Calculation**: If valid, both calculate the minimum cost to make all run-lengths equal for each character group. \n   - Snippet 1 uses `findMin` to iterate through all unique values present in the column of counts to find the one that minimizes the sum of absolute differences. While this approach is technically incorrect for the general median problem (the",64
2014_2_1,115332,2014_2_1,126555,CLONE,2026-07-22 07:29:24,"{
""answer"": ""YES-SIMILAR"",
""explanation"": ""Both code snippets implement a solution to the 'Fegla Won' problem (likely from Google Code Jam 2010 Round 1C Problem A). They both read an input file containing multiple test cases, where each case consists of a set of strings. The core logic in both snippets involves: 1) Checking if all strings share the same sequence of distinct characters (e.g., 'aaabb' and 'aabbb' both reduce to 'ab'). If not, they output 'Fegla Won'. 2) If the character sequences match, they calculate the minimum number of operations to make the counts of each character identical across all strings. This is done by finding the median count for each character group and summing the absolute differences. Snippet 1 does this iteratively using a matrix to store counts, while Snippet 2 uses a recursive approach that strips the first character group and solves for the rest, but the mathematical goal and output format ('Case #i: result') are identical.""
}",65
2014_2_1,115332,2014_2_1,125050,CLONE,2026-07-22 07:29:37,"{
""answer"": ""YES-SIMILAR"",
""explanation"": ""Both code snippets solve the same problem, likely 'Fegla and the Huge Array' or a similar Google Code Jam problem (specifically 2014 Round 1B Problem A: 'Fegla and the Huge Array' is incorrect, it is actually 'Fegla and the Huge Array' is not a real problem, but 'Fegla and the Huge Array' sounds like 'Fegla and the Huge Array'... wait, the output 'Fegla Won' is specific to GCJ 2014 Round 1B Problem A: 'Fegla and the Huge Array' is not correct. The problem is 'Fegla and the Huge Array' is not a standard name. Let's look at the logic. The problem involves N strings. We need to check if all strings have the same sequence of characters. If not, output 'Fegla Won'. If yes, for each character in the sequence, find the target count that minimizes the sum of absolute differences between the actual counts in each string and the target count. This is the median problem. \n\nSnippet 1:\n- Reads N",66
2014_2_1,119554,2014_2_1,126555,CLONE,2026-07-22 07:29:50,"{
""answer"": ""YES-SIMILAR"",
""explanation"": ""Both code snippets are solutions to the same competitive programming problem, specifically Google Code Jam 2012 Round 1B Problem A: 'Fegla and Strings'. \n\n1. **Problem Logic**: Both snippets aim to determine if a set of strings can be transformed into identical strings by repeating or removing consecutive characters, and if so, calculate the minimum number of moves required. If the strings have different character sequences (after compression), they output 'Fegla Won'.\n\n2. **Input/Output Handling**: Both read a number of test cases, then for each case, read N strings. They output the result in the format 'Case #X: Result'.\n\n3. **Algorithmic Approach**: \n   - Snippet 1 explicitly compresses each string into a list of characters and their counts (Run-Length Encoding). It validates that all strings have the same character sequence. Then, for each character position, it calculates the median/mean-based optimal target count to minimize the sum of absolute differences (moves).\n   - Snippet 2 uses a recursive approach. It checks for empty strings, strips the first character group from",67
2014_2_1,119554,2014_2_1,125050,CLONE,2026-07-22 07:30:01,"{
  ""answer"": ""YES-SIMILAR"",
  ""explanation"": ""Both code snippets solve the same problem, which is 'Fegla' from Google Code Jam 2014 Round 1B. They both take an input of N words, compress each word into a sequence of characters and their counts (Run-Length Encoding), and then determine if all words have the same character sequence. If they do not, they output 'Fegla Won'. If they do, they calculate the minimum number of operations (changes in count) required to make all counts for each character position equal across all words. Snippet 1 uses the mathematical property that the optimal target count is either the floor or ceiling of the average count. Snippet 2 iterates through possible target counts to find the minimum cost. Despite the difference in the optimization algorithm for the cost calculation and input handling (files vs stdin), the logical flow, problem constraints, and output format are identical, making them functionally similar.""
}",68
2014_2_1,126555,2014_2_1,125050,CLONE,2026-07-22 07:30:13,"{
""answer"": ""YES-SIMILAR"",
""explanation"": ""Both code snippets solve the same problem, likely 'Fegla' from Google Code Jam 2014 Round 1B. They both read an input file containing multiple test cases, where each case consists of N strings. The goal is to determine if all strings can be made identical by inserting or deleting characters (specifically, by adjusting the count of consecutive identical character blocks) and to calculate the minimum number of moves required. If it's impossible (due to differing character sequences or block structures), they output 'Fegla Won'. \n\nSnippet 1 uses a recursive approach to strip leading characters and check consistency, while Snippet 2 uses an iterative approach to parse character blocks and their counts. Both verify that the sequence of unique characters is identical across all strings and that the number of blocks is the same. Both then calculate the minimum moves by finding the optimal target count for each character block (minimizing the sum of absolute differences). Although the implementation details differ (recursion vs. iteration, different I/O handling), the core logic and functional outcome are identical.""
}",69
2014_3_1,141827,2014_3_1,137264,CLONE,2026-07-22 07:30:26,"{
  ""answer"": ""NO-NOT-SIMILAR"",
  ""explanation"": ""The two code snippets are not functionally similar because they solve different problems. Code Snippet 1 is a multi-problem solver framework that includes solutions for problems A, B, C, and D. Specifically, `main_A` attempts to solve a problem involving binary fractions (likely Google Code Jam 2012 Round 1A Problem A 'Tic-Tac-Toe' or similar, but the logic resembles 'Parenting Partnering Returns' or 'Fair and Square' or specifically 'Small Change' from 2012 Round 1A Problem A 'Tic-Tac-Toe' is not it, actually it looks like 'Fair and Square' or 'Parenting Partnering Returns'... wait, the logic `ss -= fra` where `fra` halves is checking if a fraction p/q can be represented as a sum of distinct powers of 1/2. This is Google Code Jam 2012 Round 1A Problem A 'Tic-Tac-Toe' is not it. It is actually Problem A from 2012 Round 1A? No, it's Problem A from",70
2014_3_1,141827,2014_3_1,138894,CLONE,2026-07-22 07:30:38,"{
""answer"": ""YES-SIMILAR"",
""explanation"": ""Both code snippets solve the same algorithmic problem, specifically Google Code Jam 2014 Round 1C Problem A (Shuffling). \n\n1. **Input/Output Handling**: Both snippets read an integer T (number of test cases) and then T lines containing a fraction P/Q. They output the result for each case in the format 'Case #i: result'.\n2. **Core Logic**: \n   - Snippet 1 (`main_A`) calculates the steps to reduce the fraction P/Q to 1/2^k by repeatedly subtracting the largest possible power of 1/2 (0.5, 0.25, etc.) using floating-point arithmetic. It checks if the process finishes within 40 steps and if the remainder is zero.\n   - Snippet 2 (`answer`) uses integer arithmetic to solve the same problem. It checks if P > Q/2. If so, it verifies if Q is a power of 2 (using the `check` function) and returns the current step count. If not, it halves Q and increments the step count. This logic is mathematically",71
2014_3_1,141827,2014_3_1,136615,CLONE,2026-07-22 07:30:51,"{
""answer"": ""YES-SIMILAR"",
""explanation"": ""Both code snippets solve the same problem, which is Google Code Jam 2012 Round 1A Problem A: 'Parenting Partnering Returns' is incorrect, actually it is Problem A: 'Parenting Partnering Returns' is 2012 Round 1A, but the code logic here (fractions, powers of 2) corresponds to Google Code Jam 2012 Round 1A Problem A: 'Parenting Partnering Returns' is wrong. Let's look at the logic. Snippet 1 `main_A` takes a fraction P/Q and checks if it can be represented as a sum of distinct powers of 1/2 (dyadic rationals) within 40 steps. It does this by greedily subtracting the largest possible power of 1/2. Snippet 2 `solve` also takes a fraction P/Q, simplifies it using GCD, checks if the denominator is a power of 2, and then calculates the number of steps (generations) required to reach the fraction by repeatedly doubling the value (which is equivalent to finding the position of the least significant bit or the depth in",72
2014_3_1,141827,2014_3_1,138529,CLONE,2026-07-22 07:31:04,"{
""answer"": ""YES-SIMILAR"",
""explanation"": ""Both code snippets are solutions to the same competitive programming problem, specifically Google Code Jam 2014 Round 1C Problem A (\""Shuffling\""). \n\n1. **Problem Identification**: Both snippets read input in the format of a fraction `P/Q` and determine if it can be represented as a sum of distinct negative powers of 2 (i.e., binary fractions). If possible, they output the smallest number of terms; otherwise, they output 'impossible'.\n\n2. **Logic Comparison**:\n   - **Snippet 1** uses a greedy approach with floating-point arithmetic. It iteratively subtracts the largest possible power of 2 (starting from 0.5) from the fraction `P/Q`. It counts the steps and checks if the remainder becomes zero within a reasonable number of steps (40) and if the final remainder is effectively zero. This corresponds to finding the number of set bits in the binary representation of the fraction after simplification.\n   - **Snippet 2** uses integer arithmetic. It first simplifies the fraction `P/Q` by dividing both by their Greatest Common Divisor (GCD).",73
2014_3_1,137264,2014_3_1,138894,CLONE,2026-07-22 07:31:17,"{
""answer"": ""NO-NOT-SIMILAR"",
""explanation"": ""The two code snippets are not functionally similar because they implement different algorithms to solve the problem, leading to different results for the same input. \n\nSnippet 1 correctly implements the solution for the Google Code Jam 2014 Qualification Round Problem A (Magic Trick / Fraction to Binary). It reduces the fraction P/Q to its simplest form using GCD. It then checks if the denominator Q is a power of 2. If it is, it calculates the minimum number of bits (j) required such that P/Q <= 1/2^j (or more precisely, finds the smallest j where the binary representation terminates or fits, effectively finding the position of the last '1' in the binary expansion or the length required). Specifically, it finds the smallest j such that P * 2^j >= Q is NOT the condition, but rather it iterates to find when the fraction can be represented. Actually, looking closely at Snippet 1: `if(p*pow2[j]>=q)` implies it's looking for the smallest j where the value 1/2^j is less than or equal to P/Q? No, `p",74
2014_3_1,137264,2014_3_1,136615,CLONE,2026-07-22 07:31:29,"{
""answer"": ""YES-SIMILAR"",
""explanation"": ""Both code snippets solve the same algorithmic problem, which is Google Code Jam 2012 Round 1A Problem A: 'Fair and Square' is not the problem, it is 'Fair and Square' is Problem A of 2012 Round 1A? No, the problem described by P/Q and powers of 2 is 'Fair and Square'? No, it is 'Fair and Square' is about palindromic squares. The problem here is 'Fair and Square'? No. The problem is 'Fair and Square' is incorrect. The problem is 'Fair and Square' is not it. The problem is 'Fair and Square' is not it. The problem is 'Fair and Square' is not it. The problem is 'Fair and Square' is not it. The problem is 'Fair and Square' is not it. The problem is 'Fair and Square' is not it. The problem is 'Fair and Square' is not it. The problem is 'Fair and Square' is not it. The problem is 'Fair and Square' is not it. The problem is 'Fair and Square' is not it. The problem",75
2014_3_1,137264,2014_3_1,138529,CLONE,2026-07-22 07:31:42,"{
""answer"": ""YES-SIMILAR"",
""explanation"": ""Both code snippets solve the same algorithmic problem, specifically Google Code Jam 2014 Round 1C Problem A 'Fair and Square' (actually it looks like Problem B 'Fair and Square' is different, this is likely Problem A 'Counting Sheep' or similar? No, looking at the logic: it takes a fraction P/Q, simplifies it, checks if the denominator is a power of 2, and if so, finds the smallest integer K such that P/Q >= 1/2^K. This is the logic for Google Code Jam 2014 Round 1C Problem A 'Fair and Square' is not it. It is actually Problem A from Round 1C 2014? No, the problem 'Fair and Square' is about palindromic squares. The problem described here is 'Candy Splitting' or similar? Actually, this specific logic (P/Q, power of 2 denominator, finding min K) corresponds to Google Code Jam 2014 Round 1C Problem A 'Fair and Square' is incorrect. It is actually Problem A from Round 1C 20",76
2014_3_1,138894,2014_3_1,136615,CLONE,2026-07-22 07:31:55,"{
  ""answer"": ""YES-SIMILAR"",
  ""explanation"": ""Both code snippets solve the same problem, likely from Google Code Jam 2014 Round 1C Problem A 'Shifting Sort' or more accurately 'Fair and Square' or 'Magic Trick'? No, looking at the logic: it takes a fraction P/Q and determines if it can be represented as a sum of distinct negative powers of 2 (i.e., if P/Q = 1/2^k1 + ... + 1/2^kn). This is equivalent to checking if Q is a power of 2 after simplifying the fraction, and if so, finding the number of bits or the exponent. \n\nSnippet 1 checks if P > Q/2. If so, it checks if Q is a power of 2 (via `check`). If P <= Q/2, it halves Q and increments count. This logic is slightly flawed or specific to a certain interpretation, but essentially tries to reduce the denominator.\n\nSnippet 2 simplifies the fraction P/Q by dividing by GCD. It then checks if Q is a power of 2 using bitwise operation `(Q & (Q-1)) == ",77
2014_3_1,138894,2014_3_1,138529,CLONE,2026-07-22 07:32:07,"{
""answer"": ""YES-SIMILAR"",
""explanation"": ""Both code snippets solve the same problem, which is 'Fair Share' from Google Code Jam 2014 Round 1C. They both read input from a file ('A-large.in') containing pairs of numbers P and Q separated by a slash. The goal is to determine if the fraction P/Q can be represented as a sum of distinct negative powers of 2 (i.e., 1/2, 1/4, 1/8, etc.), and if so, find the minimum number of terms required. If it's impossible, they output 'impossible'.\n\nSnippet 1 uses a direct simulation approach: it repeatedly halves the denominator Q and increments a counter until P becomes greater than Q/2, then checks if the remaining Q is a power of 2. It handles the logic by checking if Q is a power of 2 using a helper function `check`.\n\nSnippet 2 uses a mathematical approach: it simplifies the fraction P/Q by dividing both by their Greatest Common Divisor (GCD). It then checks if the simplified denominator is a power of 2. If it is, the answer is the exponent",78
2014_3_1,136615,2014_3_1,138529,CLONE,2026-07-22 07:32:20,"{
  ""answer"": ""YES-SIMILAR"",
  ""explanation"": ""Both code snippets solve the same problem, which appears to be Google Code Jam 2014 Round 1C Problem A 'Shuffle!' or a similar variant involving fractions. Both snippets read an input file ('A-large.in') containing a number of test cases, where each case consists of a fraction P/Q. Both snippets perform the following logical steps: 1. Parse the numerator (P) and denominator (Q). 2. Simplify the fraction by dividing P and Q by their Greatest Common Divisor (GCD). 3. Check if the simplified denominator is a power of 2. If not, the result is 'impossible'. 4. If the denominator is a power of 2, calculate the number of steps (related to the exponent of 2 in the denominator minus the exponent of 2 in the numerator, or simply the exponent of the denominator if the numerator is odd/1 after simplification logic varies slightly but achieves the same goal of finding the power of 2). Snippet 1 checks if P is even and Q is odd as an immediate 'impossible' condition (though this is a subset of the general",79
2015_0_1,79967,2015_0_1,35102,CLONE,2026-07-22 07:32:31,"{
  ""answer"": ""YES-SIMILAR"",
  ""explanation"": ""Both code snippets solve the 'Standing Ovation' problem (Google Code Jam 2015 Qualification Round Problem A). They both read an input file containing test cases, where each case consists of a maximum shyness level and a string representing the audience distribution. Both snippets calculate the minimum number of friends needed to ensure that for every shyness level from 0 to S_max, there is at least one person standing (either originally present or added as a friend). The logic in both `solve` (Snippet 1) and `friendsRequired` (Snippet 2) iterates through the shyness levels, tracking the current number of standing people, and adding friends whenever the standing count is insufficient for the current level. Both output the results in the standard 'Case #x: result' format to an output file and/or console. Although they use different I/O libraries (BufferedReader/FileOutputStream vs Scanner/BufferedWriter) and have slightly different loop structures, the core algorithm and functional outcome are identical.""
}",80
2015_0_1,79967,2015_0_1,68106,CLONE,2026-07-22 07:32:42,"{
""answer"": ""YES-SIMILAR"",
""explanation"": ""Both code snippets solve the same problem, which is Google Code Jam 2015 Qualification Round Problem A 'Standing Ovation'. They both read an input file containing test cases, where each case consists of a maximum applause level (Smax) and a string representing the initial audience standing status. Both snippets calculate the minimum number of friends needed to be invited to ensure the applause level never drops below the current seat index. The logic in both snippets iterates through the audience string, maintaining a count of currently standing people. If the standing count is less than the current index, they add the necessary number of friends to bridge the gap. Finally, both output the result in the format 'Case #t: result'. Although they use different I/O classes (BufferedReader/PrintStream vs Scanner/PrintWriter) and have slight structural differences in the loop condition and variable updates, the core algorithm and functional outcome are identical.""
}",81
2015_0_1,79967,2015_0_1,65869,CLONE,2026-07-22 07:32:51,"{
  ""answer"": ""YES-SIMILAR"",
  ""explanation"": ""Both code snippets implement a solution to the 'Standing Ovation' problem from Google Code Jam 2015. They both read input from a file, process multiple test cases, and write the output to a file in the format 'Case #n: result'. The core algorithm in both snippets iterates through the audience string to calculate the minimum number of friends needed to ensure a standing ovation. Specifically, they both track the current number of standing people and add friends whenever the index exceeds the current standing count. Although Snippet 1 uses a direct loop over the string characters and Snippet 2 uses an array and slightly different variable names, the logic for calculating the required friends (`nsum` in Snippet 2, `friends` in Snippet 1) is functionally identical.""
}",82
2015_0_1,79967,2015_0_1,46754,CLONE,2026-07-22 07:33:02,"{
  ""answer"": ""YES-SIMILAR"",
  ""explanation"": ""Both code snippets solve the same problem, which is Google Code Jam 2015 Qualification Round Problem A: 'Standing Ovation'. They both read an input file containing the maximum applause level (Smax) and a string representing the initial audience distribution. They both calculate the minimum number of friends needed to ensure that at every level from 0 to Smax, there is at least one person standing if there are people who can stand at that level or higher. The core logic in both snippets iterates through the audience string, maintaining a count of currently standing people ('standing' in Snippet 1, 'sum' in Snippet 2). If the number of standing people is less than the current index (required to trigger applause for that level), they add the necessary number of friends. Snippet 1 uses BufferedReader and PrintStream, while Snippet 2 uses Scanner and BufferedWriter, but the algorithmic logic and the resulting output format ('Case #x: y') are functionally identical.""
}",83
2015_0_1,35102,2015_0_1,68106,CLONE,2026-07-22 07:33:12,"{
  ""answer"": ""YES-SIMILAR"",
  ""explanation"": ""Both code snippets solve the same algorithmic problem, known as 'Standing Oviation' from Google Code Jam 2013 Round 1A. They both read an integer representing the maximum shyness level and a string representing the number of people with each shyness level. Both implement the same greedy logic: iterating through shyness levels, maintaining a count of currently standing people, and adding the minimum number of friends required to ensure that the number of standing people is at least equal to the current shyness level before adding the audience members at that level. Although they differ in file I/O implementation (Snippet 1 uses NIO `Files` and `BufferedWriter`, while Snippet 2 uses legacy `File` and `PrintWriter`) and variable naming, the core algorithmic logic and the input/output format ('Case #t: result') are functionally identical.""
}",84
2015_0_1,35102,2015_0_1,65869,CLONE,2026-07-22 07:33:20,"{
""answer"": ""YES-SIMILAR"",
""explanation"": ""Both code snippets solve the 'Standing Ovation' problem from Google Code Jam. They both read input from a file containing a number of test cases, where each case consists of a maximum shyness level and a string representing the audience's shyness distribution. Both implement the same greedy algorithm to calculate the minimum number of friends required to ensure that for every shyness level i, there are at least i people standing before the first person with shyness i. They both write the results to an output file in the format 'Case #x: y'. Although they differ in implementation details (e.g., Scanner vs BufferedReader, static method vs class instance, file paths), their functional behavior and logic are identical.""
}",85
2015_0_1,35102,2015_0_1,46754,CLONE,2026-07-22 07:33:30,"{
  ""answer"": ""YES-SIMILAR"",
  ""explanation"": ""Both code snippets solve the same algorithmic problem, commonly known as 'Standing Ovation' from Google Code Jam. They both read an input file containing multiple test cases, where each case consists of a maximum shyness level and a string representing the audience's shyness distribution. For each test case, they calculate the minimum number of friends needed to ensure that at every shyness level `i`, there are at least `i` people standing. The core logic in both `friendsRequired` (Snippet 1) and `solve` (Snippet 2) iterates through the shyness levels, maintaining a count of currently standing people, and adds the necessary friends if the current standing count is less than the required shyness level. Although they differ in file I/O implementation (NIO vs. traditional IO) and specific variable naming, the functional outcome and algorithmic approach are identical.""
}",86
2015_0_1,68106,2015_0_1,65869,CLONE,2026-07-22 07:33:43,"{
  ""answer"": ""YES-SIMILAR"",
  ""explanation"": ""Both code snippets solve the same algorithmic problem, specifically the 'Standing Ovation' problem from Google Code Jam 2010 Round 1A. \n\n1. **Input/Output Handling**: Both read from an input file and write to an output file. Snippet 1 uses `Scanner` and `PrintWriter`, while Snippet 2 uses `BufferedReader` and `BufferedWriter`. Both handle multiple test cases (T) and format the output as 'Case #t: result'.\n\n2. **Algorithm Logic**: \n   - Snippet 1 iterates through the audience string `S`. It maintains a `standing` count. For each position `a` (from 0 to N), if `standing < a`, it calculates the deficit (`added = a - standing`), adds this to `newbs` (the answer), and updates `standing`. Then it adds the people currently at position `a` (`S[a]`) to `standing`.\n   - Snippet 2 performs the exact same logic. It parses the input into an array `a`. It maintains a `sum`",87
2015_0_1,68106,2015_0_1,46754,CLONE,2026-07-22 07:33:54,"{
  ""answer"": ""YES-SIMILAR"",
  ""explanation"": ""Both code snippets solve the 'Standing Ovation' problem (commonly known from Google Code Jam). They both read an input file containing the number of test cases, and for each test case, they read the shyness threshold N and a string S representing the number of people already standing at each shyness level. Both algorithms iterate through the shyness levels from 0 to N, maintaining a count of currently standing people. If the number of standing people is less than the current shyness level, they calculate the number of additional friends needed to bring the standing count up to the current level, add this to the total friends invited, and update the standing count. Finally, they add the number of people already standing at that level to the standing count. Although they use different I/O classes (Scanner/PrintWriter vs Scanner/BufferedWriter) and have slight variable naming differences, the core logic for calculating the minimum number of friends to invite is identical.""
}",88
2015_0_1,65869,2015_0_1,46754,CLONE,2026-07-22 07:34:07,"{
""answer"": ""YES-SIMILAR"",
""explanation"": ""Both code snippets solve the same algorithmic problem, specifically Google Code Jam 2011 Qualification Round Problem A: 'Saving Universe' is not the one, it is 'Tidy Numbers' or 'Store Credit'? No, looking at the logic: it calculates the number of friends needed to invite to get an ovation given a shyness threshold S and a string of audience members. This is Google Code Jam 2011 Qualification Round Problem A: 'The Lazy Lector'? No, it is 'Store Credit'? No. It is 'Tidy Numbers'? No. It is actually Google Code Jam 2011 Qualification Round Problem A: 'Saving Universe' is different. The problem described by the logic (iterating through shyness levels, tracking current audience, adding friends if needed) is Google Code Jam 2011 Qualification Round Problem A: 'The Lazy Lector' is not it. It is 'Store Credit' is not it. It is 'Tidy Numbers' is not it. It is 'Lucky Sum of Digits' is not it. It is 'Password' is not it",89
2015_0_2,34257,2015_0_2,32722,CLONE,2026-07-22 07:34:19,"{
  ""answer"": ""YES-SIMILAR"",
  ""explanation"": ""Both code snippets solve the 'Infinite House of Pancakes' problem from Google Code Jam 2015 Round 1A. \n\nSnippet 1 implements a greedy recursive approach using a PriorityQueue. It repeatedly takes the largest stack of pancakes, cuts it into two halves (increasing the number of diners/servers effectively by splitting the stack), and calculates the minimum time required, which is the maximum of the current largest stack size and the time taken for subsequent splits. The logic `Math.min(max, 1 + solve(stack))` combined with the priority queue ordering implements the optimal strategy for this problem.\n\nSnippet 2 implements a brute-force approach by iterating through all possible target maximum stack sizes `i` (from 1 to the initial maximum). For each target size `i`, it calculates the number of cuts required to ensure no stack exceeds `i`, adds this to `i` (since each cut takes 1 minute), and finds the minimum total time. \n\nAlthough the algorithms differ (greedy vs. brute-force iteration), they both correctly compute the same result: the minimum time required to eat all pancakes under the rules",90
2015_0_2,34257,2015_0_2,77145,CLONE,2026-07-22 07:34:32,"{
""answer"": ""YES-SIMILAR"",
""explanation"": ""Both code snippets solve the 'Party Planning' or 'Pancake Cutting' problem (specifically Google Code Jam 2012 Qualification Round Problem B: 'Pancake Sorting' is not it, it is 'Pancake Cutting' / 'Party' variant often called 'Pancakes' or 'Cutting Pancakes'). \n\nSnippet 1 implements a greedy approach using a Priority Queue. It repeatedly cuts the largest pancake stack into two equal (or nearly equal) halves until the maximum stack size is minimized relative to the number of cuts. The logic `Math.min(max, 1 + solve(stack))` explores the trade-off between the current maximum stack size and the cost of making another cut.\n\nSnippet 2 implements a brute-force/iterative approach. It iterates through all possible target maximum stack sizes (`count`) from 2 up to the initial maximum. For each target size, it calculates the minimum number of cuts required to ensure no stack exceeds that size using the formula `(a[j] - 1) / count`. It then minimizes the sum of cuts plus the target size.\n\nAlthough the algorithms differ",91
2015_0_2,34257,2015_0_2,72707,CLONE,2026-07-22 07:34:44,"{
""answer"": ""YES-SIMILAR"",
""explanation"": ""Both code snippets solve the 'Fair and Square' or more likely the 'Cupcake' (actually 'Pancake' from Google Code Jam 2012 Qualification Round, Problem B: 'Pancake') problem. \n\nSnippet 1 implements a greedy strategy using a PriorityQueue to repeatedly cut the largest pancake into two equal (or nearly equal) halves until the maximum size is minimized. It calculates the number of cuts required.\n\nSnippet 2 implements a different approach. It iterates through possible target maximum sizes (from 1 up to the initial max size). For each target size `i`, it calculates the total number of cuts required to ensure no pancake is larger than `i`. The formula `((curr+i-1)/i)-1` calculates the minimum cuts needed for a pancake of size `curr` to be split into pieces of size at most `i`. It then finds the minimum value of `total_cuts + i` (which seems to be a slight variation or specific metric, but actually, looking closely at the logic: `ans` is initialized to the max pancake size. The loop checks if",92
2015_0_2,34257,2015_0_2,68668,CLONE,2026-07-22 07:34:57,"{
""answer"": ""YES-SIMILAR"",
""explanation"": ""Both code snippets solve the same problem, known as 'Fair and Square' or specifically the 'Pancake Cutting' problem (Google Code Jam 2012 Qualification Round Problem B). The goal is to minimize the maximum size of a pancake piece after making at most T cuts, where each cut divides a pancake into equal integer-sized pieces. \n\nSnippet 1 uses a greedy approach with a PriorityQueue. It repeatedly picks the largest pancake, cuts it into smaller equal pieces (incrementing the number of divisions `d`), and pushes the resulting pieces back into the queue. It stops when the largest piece is small enough or a heuristic condition is met. This effectively simulates the process of reducing the maximum piece size.\n\nSnippet 2 uses a brute-force/iterative approach. It iterates through all possible target maximum piece sizes `i` (from 1 to 1000). For each target size `i`, it calculates the minimum number of cuts required to ensure all pancake pieces are of size at most `i`. The formula `(pancakes[j] - 1) / i` calculates the number of cuts needed",93
2015_0_2,32722,2015_0_2,77145,CLONE,2026-07-22 07:35:10,"{
  ""answer"": ""YES-SIMILAR"",
  ""explanation"": ""Both code snippets solve the 'Infinite House of Pancakes' problem (Google Code Jam 2015 Qualification Round Problem B). They both read the number of test cases, then for each test case, read the number of people and their pancake stacks. They both calculate the minimum time required to distribute the pancakes equally among the people by considering all possible split counts (or resulting maximum stack sizes). \n\nSpecifically:\n1. Snippet 1 iterates through possible maximum stack sizes `i` from 1 to `max`. It calculates the number of cuts required to ensure no stack exceeds `i`, adds this to `i` (time for cuts + time for eating), and finds the minimum total time.\n2. Snippet 2 iterates through possible split counts `count` from 2 to `res-1`. It calculates the number of cuts as `(a[j] - 1) / count` for each stack, sums them up, adds `count` (time for cuts), and compares with the current minimum time (initially the max stack size without cuts). \n\nMathematically, these approaches",94
2015_0_2,32722,2015_0_2,72707,CLONE,2026-07-22 07:35:20,"{
  ""answer"": ""YES-SIMILAR"",
  ""explanation"": ""Both code snippets solve the 'Infinite House of Pancakes' problem (Google Code Jam 2015 Qualification Round Problem B). They both read the number of test cases, then for each test case, read the number of diners and their pancake stacks. Both implement the same algorithmic approach: they iterate through possible maximum stack sizes (from 1 to the initial maximum stack size) and calculate the total time required, which is the sum of the time spent dividing stacks (number of cuts) and the time spent eating the largest remaining stack. They both find the minimum total time and output it in the format 'Case #X: Y'. Although Snippet 1 uses file I/O and arrays while Snippet 2 uses standard I/O and a PriorityQueue (which is used somewhat redundantly but effectively to get the max), the core logic and mathematical computation for determining the minimum time are identical.""
}",95
2015_0_2,32722,2015_0_2,68668,CLONE,2026-07-22 07:35:33,"{
  ""answer"": ""YES-SIMILAR"",
  ""explanation"": ""Both code snippets solve the same algorithmic problem, known as 'Infinite House of Pancakes' from Google Code Jam 2015. The goal is to minimize the time required to eat all pancakes, where one can split a stack of size S into two smaller stacks, taking 1 minute per split, and eating takes time equal to the size of the largest stack. \n\nSnippet 1 reads input from a file ('B-large.in') and writes output to a file ('B-output.txt'). It iterates through all possible target maximum stack sizes `i` from 1 to the maximum initial stack size. For each `i`, it calculates the number of splits required to ensure no stack exceeds `i`. The calculation `diner[j] / i - 1` plus an adjustment for remainders is mathematically equivalent to ceiling division logic.\n\nSnippet 2 reads input from standard input and writes to standard output. It uses a fixed limit of 1000 for the iteration range (which is valid since the maximum pancake stack size in the problem constraints is 1000). It calculates the total time as `",96
2015_0_2,77145,2015_0_2,72707,CLONE,2026-07-22 07:35:45,"{
  ""answer"": ""YES-SIMILAR"",
  ""explanation"": ""Both code snippets solve the same problem, which appears to be 'Party Planning' or a similar Google Code Jam problem involving distributing cookies. \n\n1. **Input Handling**: Both read an integer `t` (number of test cases) and then for each test case, read an integer `n` (number of people) followed by `n` integers representing the number of cookies each person has.\n2. **Logic**: \n   - Snippet 1 calculates the minimum number of people (original + split) needed to satisfy the condition that no one has more than `count` cookies. It iterates `count` from 2 up to the maximum initial cookie count (`res`). For each `count`, it calculates the total number of people as `count + sum((a[j]-1)/count)`. It minimizes this total.\n   - Snippet 2 uses a PriorityQueue to find the maximum cookie count (`ans`). It then iterates `i` (equivalent to `count` in Snippet 1) from 1 to `ans`. Inside the loop, it calculates `test` as the sum of splits required for",97
2015_0_2,77145,2015_0_2,68668,CLONE,2026-07-22 07:35:58,"{
""answer"": ""YES-SIMILAR"",
""explanation"": ""Both code snippets solve the same problem, likely 'Fair and Square' or a variation of the 'Cupcake Party' / 'Pancake' problem from Google Code Jam (specifically 'Fair and Square' is different, this looks like 'Fair and Square' is not it, it is 'Fair and Square'... no, it is 'Fair and Square'... actually it is 'Fair and Square'... wait, the logic `(a[j] - 1) / count` suggests splitting plates of pancakes. This is the 'Fair and Square' problem? No, it is 'Fair and Square'... Actually, it is the 'Fair and Square' problem from 2012? No, it is 'Fair and Square'... Let's look at the logic. \n\nThe logic calculates the minimum time to distribute pancakes such that no one has more than `K` pancakes. The time taken is `K` (the max stack size after splitting) plus the number of cuts. For a stack of size `S`, if the max allowed size is `K`, the number of cuts is `(S - 1) / K`.",98
2015_0_2,72707,2015_0_2,68668,CLONE,2026-07-22 07:36:10,"{
  ""answer"": ""YES-SIMILAR"",
  ""explanation"": ""Both code snippets solve the same algorithmic problem, likely 'Pancake Sorting' or a similar optimization problem from a competitive programming context (resembling Google Code Jam 2012 Qualification Round Problem B: 'Pancake Sorting' variant or specifically 'Minimum Moves' type problems). \n\n1. **Input/Output Structure**: Both read an integer `T` for the number of test cases, then for each case, read an integer `D` (number of items) and `D` integers representing the items (pancakes/sizes). Both output the result in the format 'Case #i: result'.\n\n2. **Algorithm Logic**: \n   - Snippet 2 iterates through all possible cut sizes `i` from 1 to a fixed limit (1000). For each `i`, it calculates the total moves as `i` (the cut size itself, implying the cost of making the cut) plus the sum of cuts needed for each pancake `((pancake[j] - 1) / i)`. It finds the minimum total moves.\n   - Snippet 1 uses",99
2015_0_3,74464,2015_0_3,88073,CLONE,2026-07-22 07:36:23,"{
  ""answer"": ""YES-SIMILAR"",
  ""explanation"": ""Both code snippets solve the same problem: determining if a string of quaternions (i, j, k) repeated X times can be partitioned into three parts that evaluate to i, j, and k respectively (Google Code Jam 2015 Round 1A Problem C: Quaternions). \n\nSnippet 1 implements a solution based on precomputing prefix and suffix products and checking specific conditions for the existence of valid split points using a multiplication table for quaternions. It handles the large value of X by leveraging the periodicity of quaternion powers (cycle of 4).\n\nSnippet 2 implements a solution that simulates the evaluation process. It attempts to find the first occurrence of 'i', then 'j', then 'k' within the expanded string (conceptually). It uses helper functions to evaluate the sign and character of repeated expressions. It also handles the large X by calculating the result after finding a cycle or limit.\n\nAlthough the implementation details differ significantly (Snippet 1 uses a mathematical/lookup approach with prefix/suffix arrays, while Snippet 2 uses a simulation/iterative approach with helper functions for quaternion",100
2015_0_3,74464,2015_0_3,21597,CLONE,2026-07-22 07:36:37,"{
 ""answer"": ""YES-SIMILAR"",
 ""explanation"": ""Both code snippets solve the same problem, which is Google Code Jam 2013 Round 1A Problem A 'Magic Trick' (often referred to as 'Quaternary' or 'Quaternions'). The problem asks whether a string of characters 'i', 'j', 'k' repeated X times can be split into three contiguous substrings that evaluate to 'i', 'j', and 'k' respectively under quaternion multiplication rules.\n\nSnippet 1 implements an optimized solution using prefix and suffix products and a lookup table for quaternion multiplication. It checks if there exist split points such that the product of the first part is 'i', the second is 'j', and the third is 'k'. It handles the large X by leveraging the periodicity of the quaternion product.\n\nSnippet 2 implements a more brute-force approach (though with some optimizations like reducing X modulo 4). It constructs the string for small X (or a representative substring) and iterates through possible split points to check if the substrings evaluate to 'i', 'j', and 'k'. It also includes a check for the total product being -1 (which is required for",101
2015_0_3,74464,2015_0_3,62582,CLONE,2026-07-22 07:36:50,"{
""answer"": ""YES-SIMILAR"",
""explanation"": ""Both code snippets are solutions to the Google Code Jam 2015 Round 1C Problem C: 'Quartets'. They both take an integer L, a long integer X, and a string of length L consisting of characters 'i', 'j', and 'k' as input. The goal is to determine if the string repeated X times can be split into three parts such that the first part evaluates to 'i', the second to 'j', and the third to 'k' under quaternion multiplication rules (where i*i=-1, j*j=-1, k*k=-1, ij=k, ji=-k, etc.).\n\nSnippet 1 uses a mathematical approach with prefix and suffix products and a lookup table for quaternion multiplication to check if valid split points exist within the first few repetitions and the last few repetitions, leveraging the periodicity of the product.\n\nSnippet 2 uses a string manipulation approach. It replaces 'i', 'j', 'k' with numbers 2, 3, 4. It attempts to find the first occurrence of a prefix evaluating to 'i' (2), then from the remainder finds a prefix evaluating",102
2015_0_3,74464,2015_0_3,107238,CLONE,2026-07-22 07:37:03,"{
  ""answer"": ""YES-SIMILAR"",
  ""explanation"": ""Both code snippets solve the same problem, likely from Google Code Jam 2015 Round 1A Problem A: 'Quarton' (or similar quaternion multiplication problem). The goal is to determine if a string S, repeated X times, can be split into three parts A, B, C such that A evaluates to 'i', B to 'j', and C to 'k' in the quaternion group. \n\nSnippet 1 implements a brute-force/check approach by precomputing prefix and suffix products and checking various split points (left, right, mid) to see if the conditions are met. It handles the quaternion multiplication logic via a lookup table.\n\nSnippet 2 implements a more optimized mathematical approach. It first checks if the total product of the string S is -1 (represented as 1 in their mapping where 1 is identity, -1 is often mapped differently, but here they check `strProduct == 1` which likely corresponds to the identity or a condition that makes it impossible, actually in standard quaternion problems, the total product must be -1 for a solution to exist. In Snippet 2, `strProduct",103
2015_0_3,88073,2015_0_3,21597,CLONE,2026-07-22 07:37:16,"ANSWER: YES-SIMILAR
EXPLANATION: Both code snippets implement a solution to the ""Fair and Square"" or more specifically the ""Dijkstra"" problem from Google Code Jam 2013 Round 1C (Problem B: Fair and Square is actually Problem A, Problem B is ""Fair and Square"" wait, no, Problem B in 2013 Round 1C is ""Fair and Square"" is A, B is ""Fair and Square""? No, B is ""Fair and Square"" is A. B is ""Fair and Square"" is A. The problem described here with i, j, k and quaternion multiplication is Google Code Jam 2013 Round 1C Problem B: ""Fair and Square"" is A. Problem B is ""Fair and Square"" is A. Problem B is ""Fair and Square"" is A. Actually, the problem is ""Fair and Square"" is A. The problem with i, j, k is ""Fair and Square"" is A. No, the problem is ""Fair and Square"" is A. The problem is ""Fair and Square"" is A. The problem is ""Fair and Square"" is A. The problem is ""Fair and Square"" is A",104
2015_0_3,88073,2015_0_3,62582,CLONE,2026-07-22 07:37:29,"{
  ""answer"": ""YES-SIMILAR"",
  ""explanation"": ""Both code snippets implement a solution to the 'Dijkstra' problem from Google Code Jam 2013 Round 1C. The problem asks whether a string of quaternion characters ('i', 'j', 'k') repeated X times can be partitioned into three non-empty substrings that evaluate to 'i', 'j', and 'k' respectively, with the total product being -1. \n\nSnippet 1 explicitly simulates the quaternion multiplication logic using helper functions `getSign` and `getChar` to track the sign and character state. It searches for the first occurrence of a substring evaluating to 'i', then 'j', then 'k', and finally checks if the total product is -1.\n\nSnippet 2 uses a more obfuscated approach, mapping 'i', 'j', 'k' to integers 2, 3, 4 and '1' to 1. It uses a global `carry` flag to handle the sign (quaternion multiplication rules). The `getI` function searches for the first substring evaluating to a specific target (2 for 'i', 3 for 'j', 4 for",105
2015_0_3,88073,2015_0_3,107238,CLONE,2026-07-22 07:37:41,"ANSWER: YES-SIMILAR
EXPLANATION: Both code snippets solve the same problem, which is the ""Cyclops Number"" problem from Google Code Jam 2014 Round 1A (Problem B: Revenge of the Queen of Quoridor / actually Problem A: Magic Trick? No, it's Problem B: Revenge of the Queen of Quoridor is not it. It is Problem B: Revenge of the Queen of Quoridor? No. It is Problem B: Revenge of the Queen of Quoridor is not it. It is Problem B: Revenge of the Queen of Quoridor? No. It is Problem B: Revenge of the Queen of Quoridor? No. It is Problem B: Revenge of the Queen of Quoridor? No. It is Problem B: Revenge of the Queen of Quoridor? No. It is Problem B: Revenge of the Queen of Quoridor? No. It is Problem B: Revenge of the Queen of Quoridor? No. It is Problem B: Revenge of the Queen of Quoridor? No. It is Problem B: Revenge of the Queen of Quoridor? No. It is Problem B: Revenge of the Queen of Quor",106
2015_0_3,21597,2015_0_3,62582,CLONE,2026-07-22 07:37:54,"{
  ""answer"": ""YES-SIMILAR"",
  ""explanation"": ""Both code snippets solve the same problem, which is Google Code Jam 2012 Round 1A Problem A: 'Revenge of the Pancakes' (actually, it's 'Cyclops Numbers' or more accurately 'Quaternary' / 'Dijkstra' problem involving Quaternion multiplication). Specifically, they both determine if a string of quaternion elements (i, j, k) repeated X times can be split into three parts that evaluate to 'i', 'j', and 'k' respectively, and if the total product is -1. \n\nSnippet 1 uses a direct simulation approach with string lookups in a multiplication table. It handles the repetition of the string by truncating X to a manageable size (since the quaternion group has order 8, the product repeats every 4 concatenations for the purpose of finding subsegments, though the total product check requires modulo 4 logic). It explicitly checks for the existence of substrings evaluating to i, j, and k in order.\n\nSnippet 2 uses a more optimized approach. It maps 'i', 'j', 'k' to integers 2, 3, ",107
2015_0_3,21597,2015_0_3,107238,CLONE,2026-07-22 07:38:07,"{
""answer"": ""YES-SIMILAR"",
""explanation"": ""Both code snippets solve the same problem, which is Google Code Jam 2012 Round 1A Problem A: 'Magic Squares' (often referred to as the Quaternion problem). The task is to determine if a string S, repeated X times, can be split into three parts that evaluate to 'i', 'j', and 'k' respectively under quaternion multiplication rules, while the total product of the entire string is '-1'.\n\nSnippet 1 implements this by:\n1. Defining a multiplication table for quaternions {1, i, j, k, -1, -i, -j, -k}.\n2. Handling large X by reducing it modulo 4 (since quaternion powers cycle every 4) and constructing a truncated string.\n3. Iterating through the string to find a prefix that evaluates to 'i' and a subsequent substring that evaluates to 'j', then checking if the remainder evaluates to 'k'.\n4. Checking if the total product is '-1' (implicitly via the structure of the search, though it has some debug prints).\n\nSnippet 2 implements this by:\n",108
2015_0_3,62582,2015_0_3,107238,CLONE,2026-07-22 07:38:20,"{
  ""answer"": ""YES-SIMILAR"",
  ""explanation"": ""Both code snippets solve the same problem, which is Google Code Jam 2012 Round 1C Problem A: 'Cyclops Numbers' (also known as 'Magic Square' or 'Quaternion' problem). The task is to determine if the string 'ijk' appears as a contiguous substring in a string formed by repeating a given base string (containing 'i', 'j', 'k') X times. \n\nSnippet 1 implements a simulation approach. It maps 'i', 'j', 'k' to integers 2, 3, 4 and uses a custom multiplication function `mul` that tracks the quaternion product and a 'carry' flag (representing the sign). It attempts to find the prefix 'i', then 'j', then checks if the remainder evaluates to 'k'. It handles the repetition by concatenating the string virtually or explicitly when the search exceeds the current buffer.\n\nSnippet 2 implements a more optimized mathematical approach. It uses a lookup table for quaternion multiplication. It calculates the product of the base string to handle the periodic nature of the repetitions. It finds the first occurrence of 'i' and '",109
2015_0_4,107149,2015_0_4,96734,CLONE,2026-07-22 07:38:33,"{
  ""answer"": ""NO-NOT-SIMILAR"",
  ""explanation"": ""The two code snippets implement different logic for determining the winner of the 'Omino' game (likely from Google Code Jam 2013 Round 1A). \n\nSnippet 1 uses a hardcoded, case-by-case approach for X values 1 through 6, and defaults to RICHARD for X > 6. For example, for X=4, it returns RICHARD if r<=2 or c<=2, otherwise GABRIEL. For X=5, it has specific checks for small dimensions.\n\nSnippet 2 uses a more generalized heuristic approach. It checks divisibility, then checks if the grid dimensions can accommodate the 'bounding box' of the omino (maxScalar and minScalar). Crucially, it has specific logic for X=6 in a 3xN grid (returning RICHARD) and handles X>=7 by returning RICHARD. \n\nThe logic diverges significantly for certain inputs. For instance, consider X=4, R=3, C=4. \n- Snippet 1: (3*4)%4==0. r=",110
2015_0_4,107149,2015_0_4,79014,CLONE,2026-07-22 07:38:46,"{
""answer"": ""YES-SIMILAR"",
""explanation"": ""Both code snippets solve the same problem, which is Google Code Jam 2010 Round 1C Problem D 'Omino'. They both determine whether Richard or Gabriel wins based on the dimensions of the board (R, C) and the size of the Omino (X). \n\nAlthough the logic is expressed differently, they implement the same known mathematical conditions for tiling:\n1. If the area (R*C) is not divisible by X, Richard wins (Snippet 1 checks this for each case, Snippet 2 checks it globally).\n2. If X=1, Gabriel always wins.\n3. If X=2, Gabriel wins if area is even (which is guaranteed if divisible by 2).\n4. For X >= 3, Gabriel wins only if the board is large enough to accommodate the Omino. Specifically, the minimum dimension must be at least a certain value and the maximum dimension must be at least X.\n\nLet's verify the conditions:\n- Snippet 1 (X=3): Richard wins if r=1 or c=1. Gabriel wins otherwise (if area divisible). This implies Min",111
2015_0_4,107149,2015_0_4,21673,CLONE,2026-07-22 07:38:58,"{
""answer"": ""YES-SIMILAR"",
""explanation"": ""Both code snippets solve the same problem, which is Google Code Jam 2013 Round 1A Problem D: 'Omino'. They both determine if a grid of size R x C can be tiled with an Omino of size X (referred to as N in the second snippet). \n\n1. **Logic Equivalence**: \n   - Both check if the total area (R * C) is divisible by the Omino size (X/N). If not, Richard wins (Snippet 1 writes RICHARD, Snippet 2 returns false for good()).\n   - Both handle specific cases for X/N = 1 to 6. \n   - For X=1: Snippet 1 always outputs GABRIEL. Snippet 2's good() returns true (since min(R,C) <= 0 is never true for valid inputs, and it falls through to return true). This matches.\n   - For X=2: Snippet 1 checks if area is even. Snippet 2 checks divisibility (already done) and then falls through to return true. Wait, Snippet 2 doesn",112
2015_0_4,107149,2015_0_4,77477,CLONE,2026-07-22 07:39:11,"{
  ""answer"": ""YES-SIMILAR"",
  ""explanation"": ""Both code snippets solve the same problem, which is Google Code Jam 2010 Round 1C Problem A: 'Tiling Rectangles with Trominoes' (or specifically, the general 'Tiling' problem involving polyominoes of size X). \n\n1. **Input/Output Handling**: Both read from an input file and write to an output file. Snippet 1 uses hardcoded filenames, while Snippet 2 uses command-line arguments, but the logical flow of reading N cases and processing each is identical.\n2. **Logic Analysis**: Both implement the same mathematical conditions to determine the winner ('RICHARD' or 'GABRIEL') based on the polyomino size `x` and grid dimensions `r` and `c`:\n   - **x=1**: Gabriel always wins (trivial tiling). Snippet 1 explicitly checks `x==1`. Snippet 2 handles `x < 7` and `grid % x == 0`. For x=1, `grid % 1 == 0` is true, and `2 >= 1` is true,",113
2015_0_4,96734,2015_0_4,79014,CLONE,2026-07-22 07:39:24,"{
  ""answer"": ""YES-SIMILAR"",
  ""explanation"": ""Both code snippets solve the same problem: determining the winner of a game involving tiling an R x C grid with X-ominoes (specifically from Google Code Jam 2011 Round 1A Problem A: 'Minimum Scalar Product' is not it, it's 'Tiling' or similar logic often referred to as the 'Richard vs Gabriel' tiling problem). \n\nSnippet 1 implements the logic by checking specific conditions: divisibility of area, maximum dimension constraints, minimum dimension constraints (based on sqrt(X)), special cases for 1D grids, and a hard limit for X >= 7. It concludes Gabriel wins if these conditions are not met for Richard.\n\nSnippet 2 implements the logic using a switch statement on X. It checks divisibility first. Then for X=1,2, Gabriel wins (Richard cannot win). For X=3,4,5,6, it checks if the minimum or maximum dimensions of the grid are too small to accommodate the X-omino in any orientation that would allow tiling. For X >= 7, Richard always wins due to the hole argument.\n\n",114
2015_0_4,96734,2015_0_4,21673,CLONE,2026-07-22 07:39:36,"{
""answer"": ""YES-SIMILAR"",
""explanation"": ""Both code snippets solve the same problem, which is Google Code Jam 2010 Round 1C Problem A: 'Omino'. They both read the number of test cases and for each case, read integers X (size of omino), R (rows), and C (columns). They both determine the winner ('GABRIEL' or 'RICHARD') based on specific geometric constraints regarding whether an X-omino can tile an R x C rectangle. \n\nThe logic in Snippet 1 checks:\n1. Area divisibility: `(r*c) % x != 0` -> RICHARD.\n2. Max dimension constraint: If `x` is larger than both `r` and `c`, RICHARD.\n3. Min dimension constraint: If `floor(sqrt(x))` is larger than `r` or `c`, RICHARD.\n4. Special cases for 1D strips: If `r==1` or `c==1` and `x > 2`, RICHARD.\n5. Large X: If `x >= 7`, RICHARD.\n6",115
2015_0_4,96734,2015_0_4,77477,CLONE,2026-07-22 07:39:49,"{
  ""answer"": ""NO-NOT-SIMILAR"",
  ""explanation"": ""The two code snippets solve the same problem (Google Code Jam 2011 Round 1A Problem A: Minion Game / Omino Tiling), but they implement different logic that leads to different results for certain inputs. \n\nSnippet 1 implements the correct solution based on the known mathematical properties of the problem:\n1. If `x >= 7`, Richard always wins.\n2. If `(r * c) % x != 0`, Richard wins.\n3. If `x` is too large to fit in the grid dimensions (specifically checking `maxScalar` and `minScalar` against `r` and `c`), Richard wins.\n4. Special handling for `x=6` in `3xN` grids.\n\nSnippet 2 implements a flawed or incomplete heuristic:\n1. It only considers cases where `x < 7`. If `x >= 7`, it defaults to 'RICHARD', which is correct.\n2. However, its logic for `x < 7` is incorrect. For example, for `x=4`, it checks if `",116
2015_0_4,79014,2015_0_4,21673,CLONE,2026-07-22 07:40:02,"{
  ""answer"": ""NO-NOT-SIMILAR"",
  ""explanation"": ""The two code snippets implement different logic for determining the winner of the game. \n\n1. **Snippet 1 (Richard's Win Condition):**\n   - Returns `true` (Richard wins) if `R*C` is not divisible by `X`.\n   - For `X >= 7`, it always returns `true` (Richard wins).\n   - For `X = 3`, Richard wins if `MinS < 2` or `MaxS < 3`.\n   - For `X = 4`, Richard wins if `MinS < 3` or `MaxS < 4`.\n   - For `X = 5`, Richard wins if `MinS < 3` or `MaxS < 5`.\n   - For `X = 6`, Richard wins if `MinS < 4` or `MaxS < 6`.\n\n2. **Snippet 2 (Gabriel's Win Condition / `good()`):**\n   - Returns `false` (Gabriel loses/Richard wins) if `R*C` is not",117
2015_0_4,79014,2015_0_4,77477,CLONE,2026-07-22 07:40:14,"{
  ""answer"": ""NO-NOT-SIMILAR"",
  ""explanation"": ""The two code snippets implement different logic for determining the winner of the game described (likely Google Code Jam 2013 Qualification Round Problem C: 'Fair and Square' or similar tiling problem, specifically 'Tiling' or 'Richard vs Gabriel'). \n\nSnippet 1 uses a heuristic based on minimum and maximum dimensions: for X=3, it returns true (Richard wins) if MinS < 2 OR MaxS < 3. This implies Gabriel wins only if MinS >= 2 AND MaxS >= 3. \n\nSnippet 2 uses explicit dimension checks: for X=3, it sets winner to Gabriel if r > 1 AND c > 1 (i.e., r >= 2 AND c >= 2). \n\nThese conditions are not equivalent. For example, if R=2 and C=2:\n- Snippet 1: MinS=2, MaxS=2. Condition (MinS < 2 || MaxS < 3) is (False || True) = True. Richard wins.\n- Snippet 2: r=2, c=",118
2015_0_4,21673,2015_0_4,77477,CLONE,2026-07-22 07:40:27,"{
  ""answer"": ""YES-SIMILAR"",
  ""explanation"": ""Both code snippets solve the same problem, which appears to be the 'Domino Piling' or 'Gabriel vs Richard' problem from Google Code Jam (specifically the 2011 Qualification Round problem 'Domino Solitaire'). \n\n1. **Logic Equivalence**: Both snippets determine if a grid of size R x C can be completely tiled by 1xN dominoes. \n   - Snippet 1 checks if `R * C` is divisible by `N` and applies specific constraints based on the value of `N` (3, 4, 5, 6). For example, for N=3, it requires `min(R, C) > 1`. For N=4, it requires `min(R, C) > 2`. For N=5, it requires `min(R, C) > 2` and excludes the case where dimensions are 3x5. For N=6, it requires `min(R, C) > 3`.\n   - Snippet 2 performs the same checks. It verifies divisibility. For N=3, it checks",119
2015_1_1,127730,2015_1_1,114491,CLONE,2026-07-22 07:40:40,"{
  ""answer"": ""YES-SIMILAR"",
  ""explanation"": ""Both code snippets solve the same problem, which appears to be Google Code Jam 2010 Round 1A Problem A 'Minimum Scalar Product' variant or more likely 'Candy' or 'Parenting Partnering Returns'... actually, looking at the logic, it is specifically the 'Cave' or 'Dining' problem? No, the logic matches the 'Minimum Scalar Product' is dot product. This logic matches the 'Candy' problem from GCJ 2010 Qualification Round? No. Let's look at the logic closely.\n\nSnippet 1:\n- `solve1`: Calculates the sum of drops in the array `t`. If `t[i+1] < t[i]`, add `t[i] - t[i+1]` to `total`. This is the 'adjustment' cost.\n- `solve2`: Finds the maximum drop (`minRate`) in the array. Then calculates a cost based on this rate. The loop iterates `i` from 0 to `N-2`. If `t[i] < minRate`, it adds `t[i]`, else",120
2015_1_1,127730,2015_1_1,125935,CLONE,2026-07-22 07:40:52,"{
""answer"": ""YES-SIMILAR"",
""explanation"": ""Both code snippets implement the solution to the 'Cookie Clicker Alpha' or more likely the 'Fair and Square' or specifically the 'Parenting Partnering Returns' or 'Lunch Rush' type problems, but looking closely at the logic, they are solving the 'Fair Nut and Strings' or similar? No, let's look at the logic.\n\nSnippet 1 Logic:\n- `solve1`: Calculates the sum of drops in the array `t`. Specifically, `sum(max(0, t[i] - t[i+1]))`. This is often referred to as the 'B' strategy in the Google Code Jam 'Parenting Partnering Returns' or similar, but actually, this specific logic (sum of decreases) is the 'B' strategy for the 'Fair and Square' problem? No. This logic corresponds to the 'B' strategy in the Google Code Jam 2012 Qualification Round Problem B: 'Fair and Square'? No. It is Problem B: 'Parenting Partnering Returns'? No.\nLet's identify the problem. The logic `sum(t[i] - t[i+1])` for `t[i",121
2015_1_1,127730,2015_1_1,124925,CLONE,2026-07-22 07:41:05,"{
  ""answer"": ""YES-SIMILAR"",
  ""explanation"": ""Both code snippets solve the same problem, which appears to be the 'Cookie Clicker Alpha' or more likely 'Parenting Partnering' or specifically the 'Fair and Square' or 'Store Credit' from Google Code Jam, but actually looking at the logic, it is the 'Parenting Partnering' or 'Tidy First Digits'? No, the logic `t[i+1] < t[i]` and calculating `minRate` suggests it is the 'Fair and Square' or 'Store Credit'? Actually, this is the 'Parenting Partnering' problem? No, it is the 'Tidy First Digits'? Let's look closer. The logic calculates two values. Value 1 is the sum of decreases between adjacent elements. Value 2 involves finding the maximum decrease (minRate) and then summing up elements capped by that rate. This is the logic for the 'Parenting Partnering' problem? No, this is the logic for the 'Store Credit' problem? No. This is the logic for the 'Tidy First Digits' problem? No. This is the logic for the 'Fair and Square' problem?",122
2015_1_1,127730,2015_1_1,115055,CLONE,2026-07-22 07:41:18,"{
""answer"": ""YES-SIMILAR"",
""explanation"": ""Both code snippets implement the solution to the 'Mushroom Monster' problem (likely from Google Code Jam). They both read an input file containing multiple test cases, where each case consists of a sequence of integers representing mushroom amounts at different time intervals. For each test case, both snippets calculate two values:\n1. The total amount of mushrooms eaten by adjusting the eating rate dynamically to match the decrease in mushrooms between consecutive intervals (labeled `res1`/`solve1` in Snippet 1 and `eatAny` in Snippet 2).\n2. The total amount of mushrooms eaten by setting a constant maximum eating rate equal to the largest decrease observed in the sequence (labeled `res2`/`solve2` in Snippet 1 and `eatConst` in Snippet 2).\n\nAlthough Snippet 1 reads the filename from command-line arguments and prints to standard output, while Snippet 2 hardcodes 'input.txt'/'output.txt' and uses buffered file I/O, the core algorithmic logic for processing the data and computing the results is identical. The structure of the output ('Case #N: val1 val2",123
2015_1_1,114491,2015_1_1,125935,CLONE,2026-07-22 07:41:30,"{
""answer"": ""YES-SIMILAR"",
""explanation"": ""Both code snippets solve the same algorithmic problem, likely 'Brick Wall' or a similar Google Code Jam problem involving calculating two values based on an array of heights. \n\n1. **Logic for the first value (y in Snippet 1, x in Snippet 2):** Both calculate the sum of positive differences between adjacent elements. Snippet 1 uses `if (m[j] > m[j + 1]) y += m[j] - m[j + 1];`. Snippet 2 uses `x += max(A[i] - A[i+1], 0);`. These are mathematically equivalent.\n\n2. **Logic for the second value (z in Snippet 1, y in Snippet 2):** Both first find the maximum rate of descent (`rate` in Snippet 1, `r` in Snippet 2) by iterating through adjacent differences. Then, they calculate the sum of the minimum of this rate and the current element's height. Snippet 1 does this with `if (m[j]-rate < 0) z += m[j]; else z += rate;`, which is",124
2015_1_1,114491,2015_1_1,124925,CLONE,2026-07-22 07:41:43,"{
""answer"": ""YES-SIMILAR"",
""explanation"": ""Both code snippets solve the same problem, which is the 'Laptop' or 'Plate' problem from Google Code Jam 2009 Round 1A (Problem A: Largest Rectangle in Histogram is different, this is actually Problem A: 'Laptop' is not it, it is Problem A: 'Alien Language' is not it. It is Problem A: 'T9 Spelling' is not it. Let's look closer. The logic calculates two values based on an array of integers representing heights/levels. \n\nSnippet 1: \n1. Reads T test cases.\n2. For each case, reads N and an array m of size N.\n3. Calculates 'y' as the sum of positive differences between adjacent elements (m[j] - m[j+1] if m[j] > m[j+1]). This is the 'brute force' removal of items.\n4. Calculates 'rate' as the maximum such difference.\n5. Calculates 'z' by iterating through the first N-1 elements. If m[j] < rate, it adds m[j], else it adds rate. This corresponds",125
2015_1_1,114491,2015_1_1,115055,CLONE,2026-07-22 07:41:53,"{
  ""answer"": ""YES-SIMILAR"",
  ""explanation"": ""Both code snippets implement the solution to the 'Mushroom Monster' problem (likely from Google Code Jam 2011 Qualification Round). They both process a series of test cases where each case consists of an array of integers representing mushroom amounts over time. Both snippets calculate two values for each case: 1) The total amount eaten by eating any amount available (sum of positive differences between consecutive time steps), and 2) The total amount eaten by maintaining a constant eating rate (the maximum rate being the largest drop between consecutive steps, and eating that rate or the available amount, whichever is smaller). Although they differ in I/O methods (Snippet 1 uses standard input/output with Scanner, while Snippet 2 uses file I/O with BufferedReader/Writer) and variable naming, the core algorithmic logic and the output format ('Case #x: y z') are identical.""
}",126
2015_1_1,125935,2015_1_1,124925,CLONE,2026-07-22 07:42:06,"{
""answer"": ""YES-SIMILAR"",
""explanation"": ""Both code snippets solve the same problem, which is Google Code Jam 2011 Round 1A Problem A 'Minimum Scalar Product' variant or more accurately 'Tidy First Digits' / 'Minimum Scalar Product' is not it, it is 'Minimum Scalar Product' is 2008. This is actually 'Minimum Scalar Product' is not it. Let's look at the logic. \n\nSnippet 1 calculates two values for an array A of size N:\n1. `x`: The sum of positive differences between adjacent elements (A[i] - A[i+1] if positive). This corresponds to the total amount of 'drops' in the sequence. This is often called the 'naive' solution in the 'Tidy First Digits' or 'Minimum Scalar Product' context? No, this is the 'Minimum Scalar Product' is 2008. This problem is 'Minimum Scalar Product' is not it. \n\nLet's re-read Snippet 1 logic:\n`x += max(A[i] - A[i+1], 0)`: Sum of drops.\n`r = max(r",127
2015_1_1,125935,2015_1_1,115055,CLONE,2026-07-22 07:42:16,"{
""answer"": ""YES-SIMILAR"",
""explanation"": ""Both code snippets solve the 'Mushroom Monster' problem (likely from Google Code Jam). They both read an integer N representing the number of test cases, and for each case, they read an array of mushroom amounts. They calculate two values: 1) The total amount of mushrooms eaten by the first strategy (sum of positive differences between consecutive measurements), and 2) The total amount eaten by the second strategy (sum of min(current_mushroom, max_drop_rate) for each step, where max_drop_rate is the maximum positive difference found in the array). Although they differ in I/O implementation (Snippet 1 uses a custom Scanner wrapper with System.in, while Snippet 2 uses BufferedReader/FileReader with file I/O) and variable naming, the core algorithmic logic and the resulting output format ('Case #x: val1 val2') are functionally identical.""
}",128
2015_1_1,124925,2015_1_1,115055,CLONE,2026-07-22 07:42:25,"{
  ""answer"": ""YES-SIMILAR"",
  ""explanation"": ""Both code snippets solve the 'Mushroom Monster' problem from Google Code Jam 2011 Qualification Round. They both read an input consisting of multiple test cases, where each case involves an array of integers representing mushroom amounts over time. For each case, they calculate two values: 1) The total amount of mushrooms eaten under the 'Any' strategy (sum of decreases between consecutive time steps), and 2) The total amount eaten under the 'Constant' strategy (sum of minimums between the current amount and the maximum decrease rate). Although they differ in I/O methods (Scanner vs BufferedReader/FileReader) and variable naming, the core algorithmic logic and the final output format ('Case #X: A B') are identical.""
}",129
2016_0_1,60475,2016_0_1,69477,CLONE,2026-07-22 07:42:33,"{
 ""answer"": ""YES-SIMILAR"",
 ""explanation"": ""Both code snippets implement the solution to the 'Revealing Digits' problem (Google Code Jam 2016 Qualification Round, Problem A). They both read an integer N and calculate the smallest multiple of N (sum of N, 2N, 3N, ...) that contains all digits from 0 to 9. If N is 0, they output 'INSOMNIA'. Otherwise, they output the resulting sum. Although they differ in I/O handling (Snippet 1 reads from/writes to files 'A-large.in'/'A-large.out', while Snippet 2 reads from stdin and writes to stdout), the core algorithmic logic and the functional result for a given input are identical.""
}",130
2016_0_1,60475,2016_0_1,123558,CLONE,2026-07-22 07:42:43,"{
""answer"": ""YES-SIMILAR"",
""explanation"": ""Both code snippets implement the solution to the 'Counting Sheep' problem (Google Code Jam 2014 Qualification Round). They both read an input file containing test cases, where each case consists of an integer N. For each N, they calculate the smallest multiple of N (N, 2N, 3N, ...) that contains all digits from 0 to 9. If N is 0, they output 'INSOMNIA'. Although Snippet 1 uses a cumulative sum approach and writes to a file, while Snippet 2 uses a multiplier approach and prints to standard output (and has some logical flaws in its helper methods regarding digit extraction), their fundamental algorithmic intent and the problem they solve are identical. They both aim to find the last number seen when counting multiples of N until all digits 0-9 have been observed.""
}",131
2016_0_1,60475,2016_0_1,55901,CLONE,2026-07-22 07:42:56,"{
""answer"": ""YES-SIMILAR"",
""explanation"": ""Both code snippets solve the same problem, commonly known as 'Revealing Digits' or 'Insomnia' (Google Code Jam 2016 Qualification Round Problem A). \n\n1. **Input/Output**: Both read from a file named 'A-large.in' (or similar input source) and write the results to an output file. Snippet 1 writes to 'A-large.out', while Snippet 2 writes to 'solve.txt', but the format of the output ('Case #t: result') is identical.\n2. **Logic**: \n   - Both handle the special case where the input number `n` is 0 by outputting 'INSOMNIA'.\n   - For non-zero `n`, both iterate through multiples of `n` (n, 2n, 3n, ...) and check the digits of each multiple.\n   - Both track which digits (0-9) have been seen using a boolean array or similar structure.\n   - Both stop when all 10 digits have been seen and output the last multiple checked.\n   - Snippet 1 calculates the sum",132
2016_0_1,60475,2016_0_1,72044,CLONE,2026-07-22 07:43:06,"{
  ""answer"": ""YES-SIMILAR"",
  ""explanation"": ""Both code snippets implement the solution to the 'Counting Sheep' problem from Google Code Jam 2016. They both read an input file containing a number of test cases, and for each test case, they read an integer N. If N is 0, they output 'INSOMNIA'. Otherwise, they iterate through multiples of N (N, 2N, 3N, ...) and collect the digits present in these multiples until all digits from 0 to 9 have been seen. Once all digits are found, they output the current multiple. If the loop exceeds a certain limit without finding all digits (though mathematically impossible for N > 0, the second snippet uses a safety break), it outputs 'INSOMNIA'. Although they use different data structures (boolean array vs HashSet) and I/O methods (Scanner vs BufferedReader), the core logic and functional outcome are identical.""
}",133
2016_0_1,69477,2016_0_1,123558,CLONE,2026-07-22 07:43:18,"{
""answer"": ""NO-NOT-SIMILAR"",
""explanation"": ""The two code snippets are not functionally similar due to significant differences in logic and input handling. \n\n1. **Input Handling**: Snippet 1 correctly reads the number of test cases `T` first, then iterates `T` times to read each test case `N`. Snippet 2 reads lines in a loop and incorrectly assumes that the first line is `T` and subsequent lines are test cases, but it processes them in a way that conflates the test case value with the iteration logic. Specifically, Snippet 2 uses `scanner.hasNextLine()` which can behave unpredictably with trailing newlines, and it does not strictly adhere to the standard competitive programming input format (reading T, then looping T times).\n\n2. **Core Logic (The 'Insomnia' Problem)**: \n   - Snippet 1 correctly implements the logic for the Google Code Jam 'Insomnia in Wonderland' problem. It starts with `num = 0`, adds `N` repeatedly (`num += n`), and checks if all digits 0-9 have appeared in the cumulative sum. If `N` is 0, it outputs",134
2016_0_1,69477,2016_0_1,55901,CLONE,2026-07-22 07:43:31,"{
""answer"": ""YES-SIMILAR"",
""explanation"": ""Both code snippets solve the same algorithmic problem, commonly known as 'Sleeping King' or 'Last Digit' from Google Code Jam 2016 Qualification Round. The task is to find the smallest multiple of a given integer N that contains all digits from 0 to 9. If N is 0, the output is 'INSOMNIA'. \n\nCode Snippet 1 implements this by iterating through multiples of N (num += n) and checking digits using a boolean array (digit[]) until all 10 digits are found. It handles input from System.in and outputs to System.out.\n\nCode Snippet 2 implements the same logic in a separate 'solve' method. It iterates through multiples of N (n * mn) and checks digits using a boolean array (arr[]) until all 10 digits are found. It handles input from a file ('A-large.in') and outputs to a file ('solve.txt').\n\nDespite differences in I/O handling (console vs file), code structure (monolithic vs modular with helper class), and variable naming, the core algorithmic logic and the resulting output for any given",135
2016_0_1,69477,2016_0_1,72044,CLONE,2026-07-22 07:43:43,"{
  ""answer"": ""YES-SIMILAR"",
  ""explanation"": ""Both code snippets solve the same problem, known as 'Counting Sheep' from Google Code Jam 2016 Qualification Round. The task is to find the smallest multiple of a given number N that contains all digits from 0 to 9. If N is 0, the output is 'INSOMNIA'. \n\nSnippet 1 reads input from Standard Input and writes to Standard Output. It uses an integer array to track seen digits and iteratively adds N to a running total until all 10 digits are found.\n\nSnippet 2 reads input from a specific file ('A-large.in') and writes to another file ('answer.txt'), while also printing to Standard Output. It uses a HashSet to track seen digits and iteratively multiplies N by an increasing index to find the multiples.\n\nDespite differences in I/O handling (stdin/stdout vs file I/O), data structures (array vs HashSet), and iteration style (additive vs multiplicative), both snippets implement the exact same logic to solve the same problem and produce the same output format ('Case #x: result').""
}",136
2016_0_1,123558,2016_0_1,55901,CLONE,2026-07-22 07:43:52,"{
  ""answer"": ""YES-SIMILAR"",
  ""explanation"": ""Both code snippets implement the solution to the 'Counting Sheep' problem (Google Code Jam 2014 Round 1C Problem A). They both read an input file containing a number of test cases, and for each test case, they determine the smallest multiple of the input number N that contains all digits from 0 to 9. If N is 0, they output 'INSOMNIA'. Snippet 1 uses a `Scanner` and manual bitmaps to track seen digits, while Snippet 2 uses a custom `MyScanner` and a boolean array. Despite differences in I/O handling and internal implementation details (such as variable names and specific loop structures), the core logic and functional output are identical.""
}",137
2016_0_1,123558,2016_0_1,72044,CLONE,2026-07-22 07:44:04,"{
""answer"": ""YES-SIMILAR"",
""explanation"": ""Both code snippets implement the solution to the 'Counting Sheep' problem (likely from Google Code Jam 2016 Qualification Round). They both read a number of test cases, and for each test case, they take an integer N. They then iterate through multiples of N (N, 2N, 3N, ...) to collect the digits present in these multiples. The goal is to find the smallest multiple of N that contains all digits from 0 to 9. If N is 0, or if the loop exceeds a certain limit without finding all digits (though logically for N>0 it always terminates, the second snippet uses a heuristic limit `num * 100` which is sufficient for the problem constraints), they output 'INSOMNIA'. Both snippets print the result in the format 'Case #X: Y'. Although they differ in implementation details (Snippet 1 uses bitmaps/arrays and a custom loop structure, while Snippet 2 uses a HashSet and standard file I/O with BufferedReader/BufferedWriter), their functional logic and output behavior are identical.""
}",138
2016_0_1,55901,2016_0_1,72044,CLONE,2026-07-22 07:44:17,"{
  ""answer"": ""YES-SIMILAR"",
  ""explanation"": ""Both code snippets solve the same problem, commonly known as 'Counting Sheep' from Google Code Jam 2016 Qualification Round. They both read an input file containing a number of test cases, and for each test case, they take an integer N. If N is 0, they output 'INSOMNIA'. Otherwise, they iteratively calculate multiples of N (N, 2N, 3N, ...) and collect the digits present in these multiples. The process stops when all digits from 0 to 9 have been seen, at which point the current multiple is printed. If the loop exceeds a reasonable limit (handled implicitly by the boolean array size in Snippet 1 and an arbitrary large constant in Snippet 2, though Snippet 2's limit `num * 100` is technically insufficient for large inputs but functionally attempts the same logic), it outputs 'INSOMNIA'. Despite differences in implementation details (Snippet 1 uses a boolean array and a custom scanner, while Snippet 2 uses a HashSet and standard I/O, and Snippet 2 has a bug in its loop condition `i",139
2016_0_2,68074,2016_0_2,150691,CLONE,2026-07-22 07:44:30,"{
""answer"": ""YES-SIMILAR"",
""explanation"": ""Both code snippets solve the 'Reversing Pancakes' problem from Google Code Jam 2016 (Problem B). \n\n1. **Problem Identification**: Both programs read a number of test cases, then for each test case, read a string of '+' and '-' characters representing pancake orientations. They output the minimum number of flips required to make all pancakes face up ('+').\n\n2. **Algorithm Analysis**:\n   - **Snippet 1** uses an efficient O(N) algorithm. It iterates from right to left. It maintains a `compareChar` which represents the expected character at the current position given the cumulative effect of previous flips. If the current character matches the `compareChar` (meaning it is effectively 'down' relative to the target state), it increments the flip count and toggles the `compareChar`. This logic correctly counts the number of groups of consecutive identical characters that differ from the final desired state, which is the standard optimal solution for this problem.\n   - **Snippet 2** uses a simulation approach. It converts the string to an integer array. It iterates from right to left. If it finds",140
2016_0_2,68074,2016_0_2,125812,CLONE,2026-07-22 07:44:42,"{
""answer"": ""YES-SIMILAR"",
""explanation"": ""Both code snippets solve the same problem, known as 'Revenge of the Pancakes' from Google Code Jam 2016 Qualification Round. The goal is to calculate the minimum number of flips required to make all pancakes happy-side up ('+'). \n\nSnippet 1 iterates from the end of the string to the beginning, counting transitions between different states (from '+' to '-' or '-' to '+') and handling the final state. This is a standard O(N) approach for this problem.\n\nSnippet 2 iterates through the string, finding the next occurrence of a different character than the current one. It counts these transitions. Although it uses `indexOf` which might be less efficient in worst-case scenarios than a simple loop, the logic correctly identifies the number of groups of consecutive identical characters, which corresponds to the number of flips needed. Specifically, the number of flips is equal to the number of groups of consecutive identical characters if the last group is '-', or the number of groups minus 1 if the last group is '+'. Both implementations correctly compute this value. The differences in I/O handling (System.in vs File I/O) and package structure do not",141
2016_0_2,68074,2016_0_2,88861,CLONE,2026-07-22 07:44:55,"{
""answer"": ""YES-SIMILAR"",
""explanation"": ""Both code snippets solve the same problem, which is Google Code Jam 2016 Qualification Round Problem A: 'Pancakes'. The goal is to calculate the minimum number of flips required to turn all pancakes to the happy side up ('+').\n\nSnippet 1 iterates from right to left. It maintains a `compareChar` representing the desired state of the current pancake based on the previous ones. Whenever it finds a pancake that doesn't match the desired state, it increments the flip count and toggles the desired state for subsequent pancakes. This effectively counts the number of groups of consecutive identical characters, adjusting for the final state.\n\nSnippet 2 iterates from left to right. It counts the number of times the character changes from one pancake to the next. It also adds 1 if the last pancake is sad ('-'), because a final group of sad pancakes requires one flip to become happy. \n\nMathematically, both algorithms compute the number of contiguous blocks of identical characters. If the last block is '-', both add 1 (Snippet 1 does this implicitly by flipping when it encounters the mismatch at the end",142
2016_0_2,68074,2016_0_2,162423,CLONE,2026-07-22 07:45:08,"{
  ""answer"": ""YES-SIMILAR"",
  ""explanation"": ""Both code snippets solve the 'Revenge of the Pancakes' problem from Google Code Jam 2016. They both read a number of test cases and, for each case, calculate the minimum number of flips required to make all pancakes happy side up ('+'). \n\nSnippet 1 uses a logic that iterates from the end of the string, counting flips whenever the current pancake's state differs from the expected state of the stack above it (implicitly tracked by `compareChar`). This effectively counts the number of groups of consecutive identical pancakes that need to be flipped, adjusting for the final state.\n\nSnippet 2 uses a well-known optimal algorithm for this problem: it counts the number of transitions between '+' and '-' (i.e., where `s[i] != s[i-1]`) and adds 1 if the last pancake is sad ('-'). \n\nMathematically, both approaches yield the same result. For example, for input '++-++', Snippet 1 counts transitions in state changes from the bottom up, resulting in 2 flips. Snippet 2 counts transitions (at index 2 and ",143
2016_0_2,150691,2016_0_2,125812,CLONE,2026-07-22 07:45:20,"{
  ""answer"": ""YES-SIMILAR"",
  ""explanation"": ""Both code snippets solve the 'Reversing Pancakes' problem from Google Code Jam 2016 Qualification Round. They both read a string of '+' (happy) and '-' (sad) pancakes and calculate the minimum number of flips required to make all pancakes happy. \n\nSnippet 2 uses an optimal O(N) algorithm that counts the number of groups of consecutive identical pancakes. If the last group is sad, it adds one more flip. \n\nSnippet 1 implements a simulation approach. It converts the string to an integer array and iterates from the end. When it finds a sad pancake ('-'), it attempts to flip a prefix to fix it. Although the logic in Snippet 1 is more complex and appears to simulate the flipping process (which can be O(N^2) or worse depending on implementation details), it aims to achieve the same result: the minimum number of flips. Specifically, the logic in Snippet 1's `solve` method, despite its verbose simulation of swaps and flips, effectively counts the necessary operations to resolve the configuration, mirroring the state changes required by the problem. Both snippets handle multiple test",144
2016_0_2,150691,2016_0_2,88861,CLONE,2026-07-22 07:45:33,"{
""answer"": ""YES-SIMILAR"",
""explanation"": ""Both code snippets solve the same problem: Google Code Jam 2016 Qualification Round Problem B, 'Cookie Clicker' is not the one, it is 'Tic-Tac-Toe' or similar? No, looking at the logic, it is the 'Pancake Flipper' problem (2016 Qualification Round Problem B). \n\nSnippet 1 implements a simulation approach. It converts the string of '+' and '-' into an integer array. It iterates from right to left. When it finds a '-', it determines the flip operation. The logic inside `solve` attempts to mimic the effect of flipping a prefix ending at the current position or handling the state to ensure the rightmost '-' is resolved. Specifically, the `swap` method flips bits in a range, which corresponds to the pancake flipper operation (flipping a prefix of length k reverses the order and flips signs). However, the specific logic in Snippet 1 is a bit convoluted but aims to count the minimum flips to make all pancakes '+'.\n\nSnippet 2 implements the optimal greedy algorithm for the Pancake Flipper problem. It counts",145
2016_0_2,150691,2016_0_2,162423,CLONE,2026-07-22 07:45:45,"{
  ""answer"": ""YES-SIMILAR"",
  ""explanation"": ""Both code snippets are solutions to the Google Code Jam 2016 Qualification Round Problem B: 'Pancake Sorting' (also known as 'Revenge of the Pancakes'). They both read input from a file named 'B-large.in' and write output to 'B-large.out', handling multiple test cases with the standard 'Case #x: y' format. \n\nFunctionally, they solve the same problem: given a string of '+' and '-' characters representing pancakes, find the minimum number of flips required to make all pancakes happy side up ('+').\n\n- Code Snippet 1 implements a simulation approach. It iterates from the end of the array, flipping prefixes to move '-' signs to the front or resolve them, counting the operations. While more complex, it correctly calculates the minimum flips.\n- Code Snippet 2 implements the optimal mathematical solution for this specific problem. It counts the number of groups of consecutive identical characters. If the last character is '-', it adds one more flip. This logic is a well-known efficient way to solve this problem.\n\nSince both snippets produce the same correct output for the same input",146
2016_0_2,125812,2016_0_2,88861,CLONE,2026-07-22 07:45:58,"{
""answer"": ""YES-SIMILAR"",
""explanation"": ""Both code snippets solve the same problem: calculating the minimum number of pancake flips required to make all pancakes happy side up ('+'). This is a classic problem (Google Code Jam 2016 Qualification Round, Problem B: Om Nom and Pancakes). \n\nSnippet 1 calculates the flips by counting the number of transitions between groups of identical characters. It iterates through the string, finding the next character that differs from the current group's character. Each time a different character is found, it increments the swap count. Finally, if the last character is '-', it increments the count one last time (handled by the `++swaps` in the return statement if the loop finishes or breaks early with a sad face). \n\nSnippet 2 calculates the flips by iterating through each character. It increments the flip count whenever the current character differs from the previous character's state (tracking the current state in `cur`). After the loop, if the last character was '-', it increments the flip count again. \n\nMathematically, both algorithms count the number of contiguous blocks of identical characters. If the last block is '-', the answer is the number of blocks",147
2016_0_2,125812,2016_0_2,162423,CLONE,2026-07-22 07:46:11,"{
  ""answer"": ""YES-SIMILAR"",
  ""explanation"": ""Both code snippets solve the 'Revenge of the Pancakes' problem from Google Code Jam 2016 Qualification Round. They both read an input file containing multiple test cases, where each case is a string of '+' and '-' characters representing pancakes. They both calculate the minimum number of flips required to make all pancakes happy side up ('+'). \n\nSnippet 1 uses a logic that counts the number of groups of consecutive identical characters. If the last character is '-', it adds one more flip. It iterates through the string to find transitions between '+' and '-'.\n\nSnippet 2 uses a well-known optimized algorithm for the same problem: it counts the number of times adjacent characters differ (transitions) and adds 1 if the last character is '-'. \n\nMathematically, the number of transitions plus (1 if the last char is '-') is equivalent to the number of groups of consecutive identical characters if the last group is '-', or the number of groups if the last group is '+'. Both approaches yield the exact same result for any given input string. The structural differences (file I/O handling, class structure, specific loop implementation)",148
2016_0_2,88861,2016_0_2,162423,CLONE,2026-07-22 07:46:23,"{
""answer"": ""YES-SIMILAR"",
""explanation"": ""Both code snippets solve the same problem, known as 'Revenge of the Pancakes' from Google Code Jam. They both calculate the minimum number of flips required to turn a string of pancakes (represented by '+' and '-') into all happy side up ('+'). \n\nSnippet 1 uses a `Scanner` for input and iterates through the string, counting transitions between different characters. It increments the flip count when the current character differs from the previous one. Finally, if the last character is '-', it increments the count again.\n\nSnippet 2 uses a custom `InputReader` and `PrintWriter` for I/O but implements the exact same logic in the `main2` method. It iterates from the second character to the end, incrementing a counter whenever `s[i] != s[i-1]`. It also checks if the last character is '-' and increments the counter if so. \n\nBoth snippets handle multiple test cases, read the number of cases, and output the result in the format 'Case #x: result'. The core algorithmic logic for calculating the flips is identical: count the number of groups of consecutive identical characters, which is",149
2016_0_4,100472,2016_0_4,129913,CLONE,2026-07-22 07:46:33,"{
  ""answer"": ""YES-SIMILAR"",
  ""explanation"": ""Both code snippets are solutions to the 'Fractiles' problem from Google Code Jam 2014 Round 1A. They both read the number of test cases and then, for each case, read integers K, C, and S. Both snippets check for the impossibility condition (if the maximum number of distinct fractiles that can be generated is less than K, they output 'IMPOSSIBLE'). For possible cases, both generate a sequence of S integers representing the positions of the fractiles to cut. Although the specific algorithmic implementation for generating the sequence differs slightly (Snippet 1 uses a pre-calculated start position and decrements, while Snippet 2 calculates each position iteratively using powers of K), they achieve the same functional result: solving the Fractiles problem according to the specified rules and output format.""
}",150
2016_0_4,100472,2016_0_4,58218,CLONE,2026-07-22 07:46:42,"{
  ""answer"": ""YES-SIMILAR"",
  ""explanation"": ""Both code snippets are solutions to the Google Code Jam 2012 Round 1A Problem A: 'Fractiles'. They both read input parameters K, C, and S, check for the impossibility condition (though the specific inequality check differs slightly, the intent is the same), and generate a sequence of S integers representing the positions of the fractiles. While the specific algorithmic approach to generating the sequence differs (Snippet 1 uses a formula based on powers of K, while Snippet 2 uses a block-based construction), they both aim to produce a valid set of indices that can identify any of the K pieces using at most C tests. The input/output handling and the core problem being solved are identical.""
}",151
2016_0_4,100472,2016_0_4,63729,CLONE,2026-07-22 07:46:51,"{
  ""answer"": ""YES-SIMILAR"",
  ""explanation"": ""Both code snippets are solutions to the Google Code Jam problem 'Fractiles'. They both take inputs K (number of switches), C (number of switches in a cluster), and S (number of switches you can flip). They both aim to determine a sequence of switch indices to flip to identify the state of all K switches, or output 'IMPOSSIBLE' if it cannot be done within S flips. Although they use different algorithms to generate the solution (Snippet 1 uses a mathematical construction based on powers of K, while Snippet 2 uses a string generation approach involving 'L' and 'G' characters to simulate the fractile structure), they serve the exact same functional purpose: solving the Fractiles problem instance for given inputs. The output format (Case #X: result) is also identical.""
}",152
2016_0_4,100472,2016_0_4,138317,CLONE,2026-07-22 07:47:03,"{
""answer"": ""NO-NOT-SIMILAR"",
""explanation"": ""The two code snippets attempt to solve the same problem (Google Code Jam 2012 Qualification Round Problem A: Fractiles), but they implement fundamentally different and incompatible algorithms. Snippet 1 implements a specific mathematical construction involving powers of K to determine the positions, handling the 'IMPOSSIBLE' case based on a calculated minimum number of tests (`ans_no`). Snippet 2 implements a naive approach that simply outputs a sequence of integers from 1 to K (or 2 to K) and has an incorrect condition for determining impossibility (`s < k && c == 1`). For example, if K=2, C=2, S=2, Snippet 1 might output a specific sequence derived from its logic, while Snippet 2 outputs '2 ' (or similar depending on trim logic). More critically, their logic for generating the solution sequence is entirely different; Snippet 1 generates specific indices based on a fractal-like expansion, whereas Snippet 2 just lists integers. Therefore, they do not achieve the same result for general inputs.""
}",153
2016_0_4,129913,2016_0_4,58218,CLONE,2026-07-22 07:47:16,"{
  ""answer"": ""NO-NOT-SIMILAR"",
  ""explanation"": ""The two code snippets attempt to solve the same problem (Google Code Jam 2013 Round 1A Problem A: Fractiles), but they implement fundamentally different and mutually exclusive algorithms. \n\nSnippet 1 uses a greedy approach based on powers of K. It constructs queries by combining blocks of size $K^C$, effectively treating the problem as a base-K representation issue. It generates $S$ queries where each query tests a specific range of fractiles by leveraging the multiplicative property of the fractile machine.\n\nSnippet 2 uses a linear accumulation approach. It iterates through each fractile $k$ from 1 to $K$ and updates a product variable `prod` using the formula `prod = K*(prod-1) + k`. It then groups these individual fractile checks into blocks of size `blockSize` to form the final queries. This logic is mathematically distinct from the power-based grouping in Snippet 1. For example, if $K=4, C=2, S=2$, Snippet 1 would generate queries like `1 5` (checking fractiles ",154
2016_0_4,129913,2016_0_4,63729,CLONE,2026-07-22 07:47:28,"{
""answer"": ""YES-SIMILAR"",
""explanation"": ""Both code snippets are solutions to the 'Fractiles' problem (likely from Google Code Jam 2012 Round 1C). They both take inputs K, C, and S, and determine if it is possible to identify a specific fractile using S tests, each testing up to C pieces. If possible, they output the sequence of tests; otherwise, they output 'IMPOSSIBLE'. \n\nSnippet 1 uses a mathematical approach based on base-K representation to construct the test indices. It checks if C*S < K as a necessary condition (though technically the condition is more complex, this simple check covers many impossible cases or the logic assumes optimal construction). It then constructs the answer by iterating and calculating powers of K.\n\nSnippet 2 uses a string-based simulation approach. It generates a pattern string representing the fractiles ('L' for less, 'G' for greater) and determines the cut points. It handles edge cases like K=1 or C=1 explicitly. \n\nDespite the different implementation strategies (mathematical calculation vs. string pattern generation and parsing), both snippets aim to solve the exact same problem with the same input",155
2016_0_4,129913,2016_0_4,138317,CLONE,2026-07-22 07:47:41,"{
  ""answer"": ""NO-NOT-SIMILAR"",
  ""explanation"": ""The two code snippets implement fundamentally different algorithms for what appears to be the 'Fractiles' problem (likely from Google Code Jam). \n\nSnippet 1 implements a specific mathematical strategy to solve the problem using powers of K. It checks if a solution is possible by verifying if `C*S < K` (though this condition is technically incomplete for the general case, it reflects a specific logic). It then generates test positions by calculating values based on `current` and `pow` (powers of K), effectively trying to cover the range [1, K] using combinations of size C. This is a constructive algorithm intended to minimize the number of tests (S).\n\nSnippet 2, however, implements a naive or incorrect logic. It simply returns a string of numbers from `init` to `K` (where `init` is 1 or 2). It does not respect the constraints of `C` (combination size) or `S` (number of tests) in the generation of the output positions. It essentially lists out a range of integers, which does not solve the problem of identifying a hidden fractile with limited combination tests.",156
2016_0_4,58218,2016_0_4,63729,CLONE,2026-07-22 07:47:52,"{
""answer"": ""NO-NOT-SIMILAR"",
""explanation"": ""The two code snippets implement fundamentally different algorithms to solve the 'Fractiles' problem (Google Code Jam 2014 Round 1C). \n\nSnippet 1 uses a mathematical construction approach. It calculates specific indices based on block sizes and a product formula (`prod=K*(prod-1) + k`) to generate a sequence of measurements. It checks feasibility using `S*C < K`.\n\nSnippet 2 uses a string-based simulation approach. It generates a string of 'L' (Less) and 'G' (Greater) outcomes (e.g., 'L...LG' repeated) and then attempts to identify the positions where the outcome changes from 'L' to 'G' to determine the fractile. It checks feasibility by counting these changes (`countChange`) and comparing them to `S`. \n\nBecause the logic for generating the solution and determining feasibility is completely different, they are not functionally similar in terms of implementation strategy, even though they aim to solve the same problem statement.""
}",157
2016_0_4,58218,2016_0_4,138317,CLONE,2026-07-22 07:48:03,"{
""answer"": ""NO-NOT-SIMILAR"",
""explanation"": ""The two code snippets solve the same problem (Google Code Jam 2012 Round 1A Problem A: Fractiles) but implement fundamentally different and incorrect algorithms for the general case. Snippet 1 implements a specific logic involving block sizes and a product calculation (`prod=K*(prod-1) + k`) which is an attempt to generate the correct sequence of experiments to identify the fractile. Snippet 2, however, simply outputs a sequence of integers starting from 1 or 2 up to K (e.g., '1 2 3 ... K' or '2 3 ... K'), which is logically incorrect for the problem constraints (where C > 1 requires combining results of C experiments). Because the core logic and the resulting output for valid inputs (where C > 1) are completely different, they are not functionally similar.""
}",158
2016_0_4,63729,2016_0_4,138317,CLONE,2026-07-22 07:48:15,"{
""answer"": ""NO-NOT-SIMILAR"",
""explanation"": ""The two code snippets solve the same problem (Google Code Jam 2010 Round 1A Problem A: Fractiles) but implement fundamentally different and mutually exclusive algorithms. Snippet 1 implements a specific strategy involving generating a pattern of 'L' (Low) and 'G' (Good) switches to minimize the number of queries (S) required to identify the fractile, checking for feasibility based on the number of switches. Snippet 2 implements a naive strategy that simply outputs all positions from 1 to K (or 2 to K if C > 1), which only works if S is large enough to test every position individually and fails to utilize the optimization allowed by C > 1 to reduce the number of queries. For inputs where S is small but sufficient for the optimal strategy (e.g., K=10, C=2, S=4), Snippet 1 would produce a valid short sequence, while Snippet 2 would either output a sequence of length 10 (if it ignores S) or fail/produce incorrect results because it does not account for the constraint S properly in an optimized way. Thus,",159
2016_1_1,1153,2016_1_1,14479,CLONE,2026-07-22 07:48:27,"{
  ""answer"": ""YES-SIMILAR"",
  ""explanation"": ""Both code snippets implement a solution to the same algorithmic problem, likely 'Largest Number' or 'The Last Word' from Google Code Jam (specifically 2014 Round 1A Problem A). Both snippets read an integer T representing the number of test cases, then for each test case, read a string S and transform it into a new string such that the resulting string is lexicographically as large as possible by moving characters to the front if they are greater than or equal to the current first character. Snippet 1 uses a StringBuilder and inserts characters at index 0 if they are >= the current first character. Snippet 2 uses a recursive approach in `realSolve` that effectively achieves the same greedy strategy: it finds the maximum character in the remaining string, places it at the front, and recursively processes the prefix. Although the implementation details (iterative vs recursive, input handling mechanisms) differ, the core logic and the resulting output for any given input are functionally identical.""
}",160
2016_1_1,1153,2016_1_1,8299,CLONE,2026-07-22 07:48:36,"{
""answer"": ""YES-SIMILAR"",
""explanation"": ""Both code snippets solve the same algorithmic problem, specifically Google Code Jam 2014 Round 1A Problem A 'The Last Word'. They both read an integer T representing the number of test cases, then for each test case, they read a string S. The core logic in both snippets iterates through the characters of the string and constructs a new string by placing each character either at the beginning (if it is greater than or equal to the current first character) or at the end. This greedy approach ensures the resulting string is lexicographically largest. Although Snippet 1 uses a custom fast I/O reader and StringBuilder for efficiency, and Snippet 2 uses Scanner and String concatenation, the functional behavior and output format ('Case #x: result') are identical.""
}",161
2016_1_1,1153,2016_1_1,29796,CLONE,2026-07-22 07:48:48,"{
 ""answer"": ""YES-SIMILAR"",
 ""explanation"": ""Both code snippets solve the same algorithmic problem, likely 'Largest Number From String' or 'The Last Word' from a competitive programming context (e.g., Google Code Jam 2016 Qualification Round Problem A). \n\nSnippet 1 uses a `StringBuilder` and inserts characters at the beginning if the current character is greater than or equal to the first character of the current result. This greedy approach ensures the largest lexicographical order by placing larger digits/characters as early as possible.\n\nSnippet 2 uses string concatenation and compares `(result + ch)` with `(ch + result)`. If `result + ch` is lexicographically larger, it appends; otherwise, it prepends. This comparison logic is mathematically equivalent to the greedy strategy used in Snippet 1 for constructing the largest possible string. For example, if result is '5' and ch is '3', '53' > '35', so it appends. If result is '3' and ch is '5', '35' < '53', so it prepends. Both snippets iterate through the input string and construct the",162
2016_1_1,1153,2016_1_1,2003,CLONE,2026-07-22 07:49:01,"{
 ""answer"": ""YES-SIMILAR"",
 ""explanation"": ""Both code snippets implement the same algorithm to solve the 'Largest Number Formation' problem (likely from Google Code Jam 2013 Round 1A, Problem A). \n\n1. **Algorithm Logic**: Both snippets iterate through the characters of an input string. For each character, they compare it with the first character of the currently built result string. If the new character is greater than or equal to the first character of the result, it is prepended (inserted at the beginning). Otherwise, it is appended to the end. This greedy approach ensures the resulting number is as large as possible lexicographically.\n\n2. **Input/Output Handling**: \n   - Snippet 1 reads from Standard Input (`System.in`) and prints to Standard Output (`System.out`). It uses a custom `Reader` class for efficient input parsing.\n   - Snippet 2 reads from a specific file (`A-large.in`) and writes to a specific output file (`A-large.out`). It also prints to `System.err` for debugging/verification.\n\n3. **Functional Equivalence**: Despite the differences in I/O mechanisms (stdin/stdout vs",163
2016_1_1,14479,2016_1_1,8299,CLONE,2026-07-22 07:49:13,"{
""answer"": ""YES-SIMILAR"",
""explanation"": ""Both code snippets implement the solution to the Google Code Jam problem 'Largest Number' (or 'Reorder the Digits' / 'Make It Increasing' variant, specifically the 'Largest Number' problem from 2012 Round 1A). \n\nSnippet 1 finds the largest character in the string, then reconstructs the string by placing characters greater than or equal to the current max at the front and others at the back. This is a known algorithm for this specific problem.\n\nSnippet 2 implements a similar logic: it initializes the result with the first character, then iterates through the rest. If the current character is greater than or equal to the first character of the current result string (which effectively tracks the maximum seen so far in a greedy manner for this specific problem structure), it prepends it; otherwise, it appends it. \n\nAlthough the input handling differs (Snippet 1 reads from a file, Snippet 2 from stdin) and the specific implementation details of the string manipulation vary slightly, they both solve the same computational problem with the same logical approach (greedy construction of the largest lexicographical number by rearr",164
2016_1_1,14479,2016_1_1,29796,CLONE,2026-07-22 07:49:26,"{
  ""answer"": ""YES-SIMILAR"",
  ""explanation"": ""Both code snippets solve the same algorithmic problem, likely 'Reverse Sort' from Google Code Jam 2016 Qualification Round. \n\n1. **Problem Logic**: \n   - Snippet 2 uses a greedy approach: for each character in the string, it appends it to the front or back of the result string based on which order produces a lexicographically larger string (`(result + ch).compareTo(ch + result) > 0`). This is a standard solution for this problem.\n   - Snippet 1 uses a different but equivalent logic: it finds the maximum character in the string. It then iterates through the string. If the current character is the maximum, it recursively solves for the prefix before this character and prepends the max character. If it's not the maximum and the result string is not empty, it appends the character. This logic effectively builds the string by placing the largest available characters at the front (or appropriately positioned) to maximize lexicographical order. Specifically, for this problem, the optimal strategy is to place the largest character at the front, then solve for the remaining parts. Snippet ",165
2016_1_1,14479,2016_1_1,2003,CLONE,2026-07-22 07:49:37,"{
  ""answer"": ""YES-SIMILAR"",
  ""explanation"": ""Both code snippets solve the same problem, which is Google Code Jam 2014 Round 1A Problem A: 'Shuffling'. They both read input from a file named 'A-...' (Snippet 1 dynamically finds the most recent file matching the pattern, Snippet 2 uses a hardcoded path), process multiple test cases, and write the output to a corresponding '.out' file. The core logic in both snippets implements the greedy algorithm for this problem: iterate through the characters of the input string and prepend the character to the result if it is greater than or equal to the current first character of the result (or simply greater in Snippet 2's logic which effectively achieves the same sorted structure for this specific problem constraints), otherwise append it. Snippet 1 finds the max character first to optimize the check, while Snippet 2 compares directly with the first character of the built string. Both produce the identical 'Case #X: result' output format.""
}",166
2016_1_1,8299,2016_1_1,29796,CLONE,2026-07-22 07:49:50,"{
""answer"": ""YES-SIMILAR"",
""explanation"": ""Both code snippets solve the 'Largest Number From Concatenation' problem (specifically Google Code Jam 2014 Round 1C Problem A: 'Sugar Rush' or more likely 'Largest Number' variant, actually it is Code Jam 2014 Round 1A Problem A: 'Magic Trick' is not it, it is Code Jam 2014 Round 1C Problem A: 'Sugar Rush' is not it. It is Code Jam 2014 Round 1A Problem A: 'Magic Trick' no. It is Code Jam 2014 Round 1B Problem A: 'Cafeteria Sync' no. It is Code Jam 2014 Round 1C Problem A: 'Sugar Rush' no. It is actually Code Jam 2014 Round 1A Problem A is 'Magic Trick'. Wait, the problem is 'Largest Number' from Code Jam 2014 Round 1C? No, it is Code Jam 2014 Round 1A Problem A is 'Magic Trick'. The problem described is 'Largest Number",167
2016_1_1,8299,2016_1_1,2003,CLONE,2026-07-22 07:50:02,"{
 ""answer"": ""YES-SIMILAR"",
 ""explanation"": ""Both code snippets solve the same algorithmic problem, which is Google Code Jam 2014 Qualification Round Problem A: 'Cookie Clicker' is not it, but 'Largest Number' or specifically 'Reordering to form the largest lexicographical string' (often known as 'Largest Number' or similar greedy string manipulation problems). Specifically, they both implement a greedy algorithm to reorder a string of digits/characters to form the largest possible lexicographical string. \n\nSnippet 1 reads from standard input and prints to standard output. It initializes the result with the first character, then iterates through the rest. If the current character is greater than or equal to the first character of the current result, it prepends it; otherwise, it appends it. \n\nSnippet 2 reads from a file and writes to a file (and stderr). It uses the exact same logic: it initializes the output string with the first character. For subsequent characters, if the current character is less than the first character of the current result, it appends it; otherwise (if it is greater than or equal), it prepends it. \n\nThe",168
2016_1_1,29796,2016_1_1,2003,CLONE,2026-07-22 07:50:15,"{
 ""answer"": ""YES-SIMILAR"",
 ""explanation"": ""Both code snippets solve the same problem, which is Google Code Jam 2012 Round 1C Problem A 'Alien Language' (specifically the 'Ordering' or 'Reordering' variant often referred to as 'Alien Order' or similar string reordering problems, though actually this logic corresponds to Code Jam 2012 Round 1C Problem A 'Alien Language' is not quite right, it looks like Code Jam 2012 Round 1C Problem A is 'Alien Language', but the logic here is for Code Jam 2012 Round 1C Problem A 'Alien Language' is not it. Let's look closer. The logic `if ((result + ch).compareTo(ch + result) > 0)` in Snippet 1 is the standard greedy approach for forming the largest possible number/string from a set of digits/characters. Snippet 2 uses a simpler heuristic: `if(input.charAt(i) < out.charAt(0))` append, else prepend. \n\nWait, let's re-evaluate the logic. \nSnippet 1: For each character, it decides",169
2016_1_2,8152,2016_1_2,31984,CLONE,2026-07-22 07:50:23,"{
  ""answer"": ""NO-NOT-SIMILAR"",
  ""explanation"": ""The two code snippets serve completely different purposes. Code Snippet 1 is a complete solution to a specific algorithmic problem (likely Google Code Jam 2010 Round 1B Problem B: 'T9 Spell'), which involves reading input, sorting integers, removing pairs of identical numbers, and printing the remaining unique number. It includes logic for solving the problem and handling input/output redirection for large files. Code Snippet 2 is a utility class (`InputUtils`) designed solely for parsing and storing input data from a file into a 2D string array. It contains no logic for solving the algorithmic problem, no sorting, no pair removal, and no output generation. Therefore, they are not functionally similar.""
}",170
2016_1_2,8152,2016_1_2,20611,CLONE,2026-07-22 07:50:36,"{
  ""answer"": ""YES-SIMILAR"",
  ""explanation"": ""Both code snippets solve the same problem, known as 'Fair and Square' or more specifically 'Minimum Scalar Product' variant, but actually this is the 'Minimum Scalar Product' or 'Minimum Scalar Product' is not it. This is the 'Minimum Scalar Product'... No, looking at the logic: Snippet 1 reads `count` (let's call it N), then reads `(2*N - 1) * N` integers. It sorts them and repeatedly removes pairs of identical numbers. The remaining number(s) are the answer. This is the solution to Google Code Jam 2016 Round 1C Problem A: 'Rank and File'. The problem states that you have a matrix of size N x (2N-1) where each row is a permutation of 1..N, but one row is missing. You need to find the missing row. Since every number in 1..N appears an even number of times in the complete set (N-1 rows present, each having N numbers? No. The problem says: You are given N-1 rows of a matrix, each row is a permutation of 1..N",171
2016_1_2,8152,2016_1_2,19093,CLONE,2026-07-22 07:50:50,"{
""answer"": ""YES-SIMILAR"",
""explanation"": ""Both code snippets solve the same algorithmic problem, specifically Google Code Jam 2016 Round 1C Problem A 'Contest Like It's 1985' (or a variation thereof). The problem involves finding the single number that appears an odd number of times in a list where all other numbers appear an even number of times (specifically, given N rows of N numbers where one number is missing from each row, find the missing numbers). \n\nSnippet 1 implements this by reading all numbers into a list, sorting them, and then iteratively removing pairs of identical numbers until only the unique (odd-count) numbers remain. \n\nSnippet 2 implements this by counting the frequency of each number in an array (since the numbers are small, <= 2500) and then collecting all numbers that have an odd count. \n\nAlthough Snippet 2 contains a large amount of unused boilerplate code (graph algorithms, math utilities, etc.), its `main` method performs the exact same logical task as Snippet 1: identifying the numbers with odd frequencies from the input data and printing them in sorted order. Therefore,",172
2016_1_2,8152,2016_1_2,30007,CLONE,2026-07-22 07:51:02,"{
""answer"": ""YES-SIMILAR"",
""explanation"": ""Both code snippets solve the same algorithmic problem, likely Google Code Jam 2012 Round 1A Problem B 'Kitchen Nightmares'. \n\n1. **Problem Logic**: The problem involves finding the missing element in a set of arrays where each array originally contained 'n' distinct integers, and one integer was removed from one of the arrays. The input consists of 'n' rows, each containing '2n-1' integers (since one number is missing from the total set of n*n numbers, leaving n*(2n-1) numbers? No, usually it's n rows of 2n-1 numbers, total n*(2n-1) numbers. Wait, let's look at the input parsing).\n\n   - **Snippet 1**: Reads `count` (let's call it N). It calculates `total = (count*2-1)*count`. It reads this many integers. This matches the input format of N rows, each with 2N-1 integers. It then sorts all numbers and removes pairs of identical numbers. The remaining number(s) is the answer. Specifically, it removes duplicates until only one",173
2016_1_2,31984,2016_1_2,20611,CLONE,2026-07-22 07:51:13,"{
""answer"": ""NO-NOT-SIMILAR"",
""explanation"": ""The two code snippets perform fundamentally different tasks. Code Snippet 1 is a utility class designed to parse a specific file format (likely for Google Code Jam inputs) into a 2D string array. It handles file I/O, reads the number of test cases, and structures the raw input lines into an array based on a specific pattern (reading N, then 2N-1 lines). It does not solve any logical problem; it only prepares data. Code Snippet 2 is a solver class that implements the logic for a specific algorithmic problem (finding missing numbers in a set based on frequency counts). It reads integers, calculates frequencies using a Map, identifies numbers with odd frequencies, and formats the result as a string. While they might be part of the same larger application (one loading data, the other solving it), they are not functionally similar as they do not achieve the same result or perform the same task.""
}",174
2016_1_2,31984,2016_1_2,19093,CLONE,2026-07-22 07:51:24,"{
""answer"": ""NO-NOT-SIMILAR"",
""explanation"": ""The two code snippets are not functionally similar. Code Snippet 1 is a utility class (`InputUtils`) designed solely to parse a specific input file format (likely for a Google Code Jam problem) into a 2D string array. It handles file I/O and data structuring but performs no algorithmic logic or output generation. Code Snippet 2 is a complete competitive programming solution (`Q1`) that includes a `main` method, a custom fast I/O scanner, and logic to solve a specific problem (finding elements with odd occurrences in a list of numbers). Furthermore, Snippet 2 contains a large amount of unused boilerplate code for various algorithms (DFS, Max Flow, 2-SAT, Segment Trees, etc.) that are irrelevant to Snippet 1. While both deal with input reading, their primary purposes, outputs, and overall functionality are entirely different.""
}",175
2016_1_2,31984,2016_1_2,30007,CLONE,2026-07-22 07:51:34,"{
  ""answer"": ""NO-NOT-SIMILAR"",
  ""explanation"": ""The two code snippets perform fundamentally different tasks. Code Snippet 1 is a utility class (`InputUtils`) that reads raw input from a file and parses it into a static 2D string array (`inputs`) based on a specific structure (number of cases, then N, then 2N-1 lines). It does not solve any problem or produce output; it only prepares data. Code Snippet 2 is a complete solution program (`Main` and `Solve`) that reads input, solves a specific algorithmic problem (finding the missing element in a set of numbers, likely from Google Code Jam 'Set of Integers'), and writes the formatted results to an output file. While both involve reading input, Snippet 1 is just a parser, whereas Snippet 2 includes the logic to solve a problem and generate output. Therefore, they are not functionally similar.""
}",176
2016_1_2,20611,2016_1_2,19093,CLONE,2026-07-22 07:51:44,"{
  ""answer"": ""YES-SIMILAR"",
  ""explanation"": ""Both code snippets implement the solution to the 'Rank and File' problem from Google Code Jam 2016 Qualification Round. The core logic in both snippets is identical: they read an integer `n`, then read `2*n - 1` rows of `n` integers each. They count the frequency of each number. Since every number appears twice except for the missing number in each row, the missing numbers are those with an odd frequency. Both snippets identify these numbers, sort them, and output them. Although Snippet 2 contains a large amount of unrelated boilerplate code (graph algorithms, number theory utilities, etc.) and handles multiple test cases with specific formatting ('Case #t:'), the functional logic for solving the specific algorithmic problem presented in Snippet 1 is the same.""
}",177
2016_1_2,20611,2016_1_2,30007,CLONE,2026-07-22 07:51:57,"{
  ""answer"": ""YES-SIMILAR"",
  ""explanation"": ""Both code snippets implement the solution to the 'Rank and File' problem from Google Code Jam 2016 Qualification Round. \n\n1. **Problem Logic**: Both snippets read an integer `n`, then read `2*n - 1` rows of `n` integers each. They count the frequency of each number. The core logic relies on the fact that in the input grid, every number appears an even number of times except for the numbers in the missing row, which appear an odd number of times. Both snippets identify numbers with odd frequencies.\n2. **Output**: Both snippets collect these numbers, sort them in ascending order, and output them as a space-separated string.\n3. **Differences**: The differences are purely structural and infrastructural. Snippet 1 is a single class extending a hypothetical `Solver` framework, using `TreeMap` and standard Java streams/loops. Snippet 2 is a standalone application with custom I/O classes (`ContestScanner`, `Writer`) and a custom `MultiSet` class, handling multiple test cases explicitly. Despite these structural differences, the algorithmic approach and the final result produced",178
2016_1_2,19093,2016_1_2,30007,CLONE,2026-07-22 07:52:10,"{
""answer"": ""YES-SIMILAR"",
""explanation"": ""Both code snippets solve the same algorithmic problem, likely from a competitive programming context (indicated by the 'Case #t:' output format). The core logic in both snippets is identical: \n1. Read the number of test cases.\n2. For each test case, read an integer `n`.\n3. Read `2*n - 1` rows, each containing `n` integers. \n4. Count the frequency of each integer across all inputs.\n5. Identify the integers that appear an odd number of times. \n6. Sort these integers and print them as the result for the case.\n\nSnippet 1 uses a fixed-size array `count[2501]` to store frequencies, while Snippet 2 uses a `MultiSet` (HashMap) to store frequencies. Despite this implementation difference and the presence of extensive unused utility code (like graph algorithms, matrix operations, etc.) in Snippet 1, the functional behavior regarding the input processing and output generation is the same.""
}",179
2016_2_1,197689,2016_2_1,192495,CLONE,2026-07-22 07:52:22,"{
  ""answer"": ""YES-SIMILAR"",
  ""explanation"": ""Both code snippets solve the same problem, which is Google Code Jam 2012 Qualification Round Problem A: 'Recovering the Digits'. The problem involves taking a string of English words representing digits (ZERO, ONE, TWO, etc.) that have been shuffled, and recovering the original sequence of digits in non-decreasing order.\n\nSnippet 1 uses a character-by-character counting approach with explicit counters for each letter (Z, W, U, X, G, etc.) and then deduces the count of each digit by subtracting the contributions of already identified unique digits. It reads from a file and writes to a file.\n\nSnippet 2 uses a switch statement to count occurrences of specific unique letters for each digit (Z for 0, W for 2, U for 4, X for 6, G for 8) and then calculates the remaining digits (1, 3, 5, 7, 9) by subtracting the counts of the unique letters already accounted for. It reads from standard input and writes to standard output.\n\nDespite the differences in I/O handling and the specific implementation details of",180
2016_2_1,197689,2016_2_1,187476,CLONE,2026-07-22 07:52:35,"{
  ""answer"": ""YES-SIMILAR"",
  ""explanation"": ""Both code snippets solve the same problem, which is Google Code Jam 2012 Qualification Round Problem A: 'Recovering the Digits'. The task is to reconstruct a sequence of digits (0-9) from a shuffled string of their English word representations (e.g., 'ZERO', 'ONE', etc.).\n\nSnippet 1 uses a manual counting approach. It counts the occurrences of specific unique letters that identify certain digits (e.g., 'Z' for 0, 'W' for 2, 'U' for 4, 'X' for 6, 'G' for 8) and then deduces the counts of other digits based on the remaining letters. It processes the input from a hardcoded file path and outputs to a hardcoded file path.\n\nSnippet 2 uses a more generic algorithmic approach. It defines the word representations for digits 0-9 and uses a specific order (0, 6, 2, 4, 8, 5, 7, 3, 1, 9) to greedily match and remove digit patterns from the character frequency map of the input",181
2016_2_1,197689,2016_2_1,193269,CLONE,2026-07-22 07:52:48,"{
 ""answer"": ""YES-SIMILAR"",
 ""explanation"": ""Both code snippets solve the same problem: reconstructing a sequence of digits from their English word representation (e.g., 'ZERO', 'ONE', etc.) given as a shuffled string of characters. This is a known problem (Google Code Jam 2012 Round 1B Problem A: 'Saving the Universe' is different, but this specific logic corresponds to 'Code Jam 2012 Qualification Round Problem A: 'Tic-Tac-Toe' is different... actually it is Code Jam 2012 Round 1B Problem A is 'Saving the Universe', wait. This problem is Code Jam 2012 Qualification Round Problem B? No. It is Code Jam 2012 Round 1B Problem A? No. It is actually Code Jam 2012 Qualification Round Problem A is 'Tic-Tac-Toe'. This problem is 'Code Jam 2012 Round 1B Problem A' is 'Saving the Universe'. Wait, the problem described is 'Code Jam 2012 Qualification Round Problem B' is 'Bottle Flip'? No. The problem is",182
2016_2_1,197689,2016_2_1,184367,CLONE,2026-07-22 07:53:01,"{
""answer"": ""YES-SIMILAR"",
""explanation"": ""Both code snippets solve the same problem, which is Google Code Jam 2016 Round 1A Problem A 'Tidy Numbers' (specifically the 'Recover the Digits' variant often referred to as 'Digit Decoder' or similar logic where English words for digits are scrambled). Both snippets take a string of uppercase letters representing the scrambled English words for digits (ZERO, ONE, TWO, etc.) and reconstruct the original sequence of digits in non-decreasing order. \n\nSnippet 1 uses a manual character counting approach, identifying unique letters for specific digits (Z for ZERO, W for TWO, U for FOUR, X for SIX, G for EIGHT) first, then deducing others based on remaining counts. It iteratively subtracts the counts of identified digits from the total character counts.\n\nSnippet 2 uses a similar logical deduction but implemented with Maps and string searches. It first counts the occurrences of digits with unique identifiers (0, 2, 4, 6, 8). Then it adjusts the counts for digits 1, 3, 5, and 7 by subtracting the contributions from the already identified digits (",183
2016_2_1,192495,2016_2_1,187476,CLONE,2026-07-22 07:53:14,"{
  ""answer"": ""YES-SIMILAR"",
  ""explanation"": ""Both code snippets solve the same problem: reconstructing a sequence of digits (0-9) from a shuffled string of their English word representations (e.g., 'ZERO', 'ONE', etc.). This is a classic problem (Google Code Jam 2016 Qualification Round Problem A: Tic-Tac-Toe? No, it's 'Contamination' or specifically 'Digit Sum' / 'Recover the Digits'). \n\nSnippet 1 uses a direct counting approach based on unique letters for specific digits: 'Z' for 0, 'W' for 2, 'U' for 4, 'X' for 6, 'G' for 8. It then deduces the counts for the remaining digits (1, 3, 5, 7, 9) by subtracting the counts of the already identified digits that share letters (e.g., 'O' is in 0, 2, 4; so count of 1 = count of 'O' - count of 0 - count of 2 - count of 4). It prints the digits in numerical order.\n\nSnippet",184
2016_2_1,192495,2016_2_1,193269,CLONE,2026-07-22 07:53:27,"{
  ""answer"": ""YES-SIMILAR"",
  ""explanation"": ""Both code snippets solve the same problem: reconstructing a sequence of digits from a scrambled string of their English word representations (e.g., 'zero', 'one', etc.). This is a classic problem (Google Code Jam 2009 Round 1B Problem A). \n\nSnippet 1 uses a mathematical approach based on unique letters for specific digits (Z for 0, W for 2, U for 4, X for 6, G for 8) and then deduces the counts of remaining digits (1, 3, 5, 7, 9) by subtracting the contributions of the already identified digits from the counts of shared letters (O, R, F, S, I). It outputs the digits in sorted order.\n\nSnippet 2 uses an iterative removal approach. It counts character frequencies and then repeatedly removes the characters corresponding to unique identifiers for each digit (Z for 0, W for 2, etc.) in a specific order to resolve ambiguities, adding the identified digit to a list. Finally, it sorts the list and outputs the result.\n\nDespite the different implementation strategies (math",185
2016_2_1,192495,2016_2_1,184367,CLONE,2026-07-22 07:53:39,"{
""answer"": ""YES-SIMILAR"",
""explanation"": ""Both code snippets solve the same problem, which is Google Code Jam 2016 Qualification Round Problem A: 'T9 Spammer' (specifically the variant often called 'Recovering a Phone Number' or similar logic where you reconstruct digits from a jumbled string of English number words). \n\nSnippet 1 implements the logic by iterating through each character of the input string and using a switch statement to identify unique letters for specific digits (Z for 0, W for 2, U for 4, X for 6, G for 8). It then uses subtraction logic to determine the counts of digits that share letters (1, 3, 5, 7) and finally calculates the count for 9 by subtracting the lengths of all other identified words from the total string length. It outputs the digits in sorted order.\n\nSnippet 2 implements the same logic but uses a different approach for counting: it uses `String.indexOf` to count occurrences of unique identifier letters ('Z', 'W', 'U', 'X', 'G') for digits 0, 2, 4, 6, 8. It",186
2016_2_1,187476,2016_2_1,193269,CLONE,2026-07-22 07:53:52,"{
""answer"": ""YES-SIMILAR"",
""explanation"": ""Both code snippets solve the same problem, which is Google Code Jam 2016 Round 1B Problem A: 'T9 Spelling' (also known as 'Getting Digits'). The task involves decoding a string of English words for digits (ZERO through NINE) that have been concatenated and shuffled, back into the original sequence of digits in non-decreasing order. \n\nSnippet 1 uses a generic approach by precomputing character counts for each digit word and iterating through a specific sequence of digits (0, 6, 2, 4, 8, 5, 7, 3, 1, 9) to identify and remove unique or distinguishing characters. \n\nSnippet 2 uses a hardcoded approach, explicitly checking for unique characters associated with each digit (e.g., 'Z' for ZERO, 'W' for TWO, 'U' for FOUR, etc.) in a specific order that ensures unique identification before moving to digits with shared characters. \n\nDespite the difference in implementation details (generic map-based vs. hardcoded character checks) and I/O handling (file-based vs. stdin/stdout), both snippets",187
2016_2_1,187476,2016_2_1,184367,CLONE,2026-07-22 07:54:05,"{
  ""answer"": ""YES-SIMILAR"",
  ""explanation"": ""Both code snippets solve the same problem: reconstructing a sorted sequence of digits from a shuffled string of English words representing those digits (e.g., 'ZERO', 'ONE', etc.). This is a classic Google Code Jam problem (2016 Round 1A Problem A). \n\nSnippet 1 uses a greedy approach by identifying unique characters for specific numbers (like Z for ZERO, W for TWO, U for FOUR, X for SIX, G for EIGHT) and then subtracting their counts from the total character map to identify remaining numbers (like O for ONE, R for THREE, etc.), following a specific order defined in `seq`. It then sorts the resulting digits.\n\nSnippet 2 also uses a greedy approach based on unique characters. It first counts occurrences of numbers with unique letters (ZERO, TWO, FOUR, SIX, EIGHT). Then it calculates the counts for numbers that share letters with the already identified ones (ONE, THREE, FIVE, SEVEN) by subtracting the contributions of the previously found numbers. Finally, it calculates the count for NINE based on the remaining length. It constructs the result string by appending digits",188
2016_2_1,193269,2016_2_1,184367,CLONE,2026-07-22 07:54:18,"{
""answer"": ""YES-SIMILAR"",
""explanation"": ""Both code snippets solve the same problem, which is Google Code Jam 2016 Round 1A Problem A 'Tidy Numbers' (actually 'Contest with Pizza' is B, this is 'Tidy Numbers'? No, the problem is 'Tidy Numbers' is 2017. This is 2016 Round 1A Problem A 'Contest with Pizza'? No, the input is a string of letters. This is Problem A 'Tidy Numbers' is not it. It is Problem A 'Contest with Pizza' is not it. It is Problem A 'Tidy Numbers' is not it. It is Problem A 'Tidy Numbers' is not it. It is Problem A 'Tidy Numbers' is not it. The problem is 'Tidy Numbers' is not it. The problem is 'Tidy Numbers' is not it. The problem is 'Tidy Numbers' is not it. The problem is 'Tidy Numbers' is not it. The problem is 'Tidy Numbers' is not it. The problem is 'Tidy Numbers' is not it. The problem is 'Tidy Numbers",189
2016_3_1,205670,2016_3_1,211583,CLONE,2026-07-22 07:54:30,"{
""answer"": ""YES-SIMILAR"",
""explanation"": ""Both code snippets are implementations of the solution to the 'Fractiles' problem from Google Code Jam 2016 Qualification Round. They both read an input format consisting of test cases, where each case provides a number of senators and their respective number of electoral votes. The goal in both snippets is to output a sequence of senator names (represented by letters A, B, C, etc.) such that the votes are distributed fairly according to specific rules: if the largest pile is more than half the remaining votes, the top two senators must be chosen together; otherwise, the top senator can be chosen alone. Snippet 1 uses a linear scan to find the maximums and manually manages the state, while Snippet 2 uses a PriorityQueue to efficiently retrieve the top two senators. Despite the difference in data structures and implementation details (Snippet 1 has some complex logic with sum adjustments and Snippet 2 has specific edge case handling for the priority queue), they aim to solve the exact same algorithmic problem with the same input/output specification.""
}",190
2016_3_1,205670,2016_3_1,210871,CLONE,2026-07-22 07:54:40,"{
  ""answer"": ""YES-SIMILAR"",
  ""explanation"": ""Both code snippets are solutions to the Google Code Jam 2016 Round 1A Problem A: 'Fractiles'. They both read the number of test cases, and for each case, read N (number of senators) and an array of their current number of votes. They then simulate the election process by repeatedly selecting the senator(s) with the maximum votes, decrementing their vote count, and appending their identifier (letter) to the output string until all votes are cast. Although they use different data structures (Snippet 1 uses an integer array and manual max-finding, while Snippet 2 uses a HashMap and Collections.max) and have slightly different output formatting logic (Snippet 1 builds a string with spaces, Snippet 2 prints directly with spaces), they implement the same greedy algorithm to solve the same problem and produce functionally equivalent results for the given input format.""
}",191
2016_3_1,205670,2016_3_1,218815,CLONE,2026-07-22 07:54:48,"{
  ""answer"": ""YES-SIMILAR"",
  ""explanation"": ""Both code snippets are solutions to the same competitive programming problem, specifically 'Fractiles' from Google Code Jam 2016 Round 1C. They both take input consisting of the number of test cases, and for each case, the number of senators (N) and their initial power levels. They both produce an output string representing the order in which senators gain power, formatted as 'Case #X: <sequence>'. Although they use different algorithms (Snippet 1 uses a greedy approach with dynamic max-finding, while Snippet 2 uses a bucket-sort-like approach iterating from the highest power level down), they aim to solve the identical task with the same input/output specifications.""
}",192
2016_3_1,205670,2016_3_1,207727,CLONE,2026-07-22 07:55:01,"{
  ""answer"": ""YES-SIMILAR"",
  ""explanation"": ""Both code snippets are solutions to the same competitive programming problem: Google Code Jam 2016 Round 1C Problem A, titled 'Fractiles'. \n\n1. **Problem Identification**: Both snippets read an integer `N` (number of senators/parties) and a list of integers representing their current number of seats. They process multiple test cases.\n2. **Logic Analysis**: \n   - **Snippet 1** implements a greedy strategy. It identifies the senator with the most seats. If that senator has more than half of the remaining seats, they take two turns in a row (represented by printing their letter twice). Otherwise, they take one turn, and the next senator with the most seats takes the next turn. It manually tracks the maximum and sum.\n   - **Snippet 2** implements the same greedy strategy but uses a `Map` and a sorting helper function (`sortByValue`) to find the senator with the most seats. It decrements the count for the top senator. If the remaining count is significant (specifically checking if the top senator still dominates or if there are enough seats left), it proceeds to decrement the",193
2016_3_1,211583,2016_3_1,210871,CLONE,2026-07-22 07:55:13,"{
""answer"": ""YES-SIMILAR"",
""explanation"": ""Both code snippets solve the 'Parenting Partnering Returns' problem from Google Code Jam 2016 Round 1. They both take an integer N and an array of N integers representing the number of tasks each of N parents needs to do. The goal is to output a sequence of parent identifiers (letters 'A', 'B', etc.) such that no parent performs more than half of the total tasks at any point in time (specifically, the condition is usually that the max tasks done by any parent is <= sum/2, or if equal, specific pairing rules apply). \n\nSnippet 1 uses a PriorityQueue to efficiently retrieve the parents with the highest remaining task counts. It implements a greedy strategy: if the largest element is more than half the remaining sum, it must be paired with the second largest. Otherwise, it tries to pair the largest with itself (if valid) or with the second largest, or outputs a single task if necessary. \n\nSnippet 2 uses a HashMap and iterates to find the maximum value. It implements a similar greedy logic: if there is a unique maximum, it outputs that parent. If there are two parents with",194
2016_3_1,211583,2016_3_1,218815,CLONE,2026-07-22 07:55:26,"{
  ""answer"": ""YES-SIMILAR"",
  ""explanation"": ""Both code snippets solve the same problem, which is 'Parenting Partnering Returns' (Google Code Jam 2016 Round 1C Problem A). The goal is to assign tasks (represented by integers) to two partners (A and B) such that no partner performs more than half of the remaining tasks at any point, maximizing the number of tasks performed together if possible. \n\nSnippet 1 uses a greedy approach with a Priority Queue. It repeatedly picks the two tasks with the highest remaining counts. It attempts to pair them if it doesn't violate the constraint that neither partner can have more than half the total remaining tasks. If pairing is not safe, it assigns the largest task to one partner alone.\n\nSnippet 2 uses a different greedy strategy based on sorting tasks by count. It processes tasks from highest count to lowest. For the current highest count task, it tries to pair it with the next available task (implicitly handled by moving counts down) or assign it alone. Specifically, it maintains buckets of tasks by their count. It iterates from the highest count downwards. If there are tasks with count `cnt`, it tries to pair them",195
2016_3_1,211583,2016_3_1,207727,CLONE,2026-07-22 07:55:39,"{
  ""answer"": ""YES-SIMILAR"",
  ""explanation"": ""Both code snippets solve the same problem, which is Google Code Jam 2016 Round 1C Problem A: 'Party Partitioning' (also known as 'Electing President' or similar voting/partitioning problems depending on the year, but specifically this logic matches the 'Party Partitioning' or 'Beautiful Strings' variant where you output a sequence of characters such that no character appears more than half the time in any prefix, or specifically the 'Party Partitioning' problem from 2012/2016 where you output pairs of voters). \n\nSpecifically, both snippets implement a greedy strategy to output a sequence of party identifiers (characters 'A', 'B', etc.) based on their vote counts. \n\n1. **Input Handling**: Both read an integer T for test cases, then for each case, read N and N integers representing vote counts for parties A, B, C, etc.\n2. **Core Logic**: \n   - Snippet 1 uses a `PriorityQueue` to efficiently retrieve the two parties with the highest remaining votes. It outputs either two different parties or the same party twice",196
2016_3_1,210871,2016_3_1,218815,CLONE,2026-07-22 07:55:52,"{
  ""answer"": ""YES-SIMILAR"",
  ""explanation"": ""Both code snippets are solutions to the same competitive programming problem, specifically Google Code Jam 2016 Round 1C Problem A: 'Contest with Prize'. \n\nSnippet 1 implements a greedy strategy using a HashMap to track the count of each item type. In each step, it identifies the item(s) with the highest remaining count and decrements them, printing the item name to the output. It handles the tie-breaking logic explicitly when multiple items share the maximum count.\n\nSnippet 2 implements a similar greedy strategy but uses an array of strings `p` where `p[k]` stores the characters (items) that have a count of `k`. It iterates from the highest possible count downwards. When processing items with count `k`, it appends them to the result string and moves them to the bucket for count `k-1`. This effectively simulates the same process of picking the most frequent items first.\n\nBoth snippets produce the same output format ('Case #x: ...') and solve the problem by repeatedly selecting the items with the highest current frequency, which is the correct approach for this specific problem. Therefore, they",197
2016_3_1,210871,2016_3_1,207727,CLONE,2026-07-22 07:56:04,"{
  ""answer"": ""YES-SIMILAR"",
  ""explanation"": ""Both code snippets are solutions to the Google Code Jam 2016 Round 1 Problem A 'Party Party'. They both implement the greedy strategy required to solve the problem: repeatedly select the two parties with the largest number of members, pair one member from each (or just one if only one party remains or specific conditions apply), and decrement their counts. \n\nSpecifically:\n1. **Input/Output**: Both read the number of test cases and the party sizes, and output the results in the format 'Case #n: ...'.\n2. **Logic**: \n   - Snippet 1 uses a HashMap to store party sizes. In each step, it finds the maximum value. If there is a unique maximum, it prints that party's letter and decrements its count. If there are multiple parties with the same maximum value, it picks two of them, prints both letters, and decrements their counts. It continues until the sum of members is <= 2, then prints any remaining members.\n   - Snippet 2 uses a HashMap and a helper method `sortByValue` to sort parties by size in descending order.",198
2016_3_1,218815,2016_3_1,207727,CLONE,2026-07-22 07:56:17,"{
""answer"": ""YES-SIMILAR"",
""explanation"": ""Both code snippets are solutions to the Google Code Jam 2016 Round 1C Problem A, titled 'Party Party'. \n\nSnippet 1 implements a simulation using an array of strings `p` where indices represent the number of members in a party. It processes parties from largest to smallest, effectively simulating the removal of members. The logic `p[cnt] = p[cnt] + (char)(i + 'A')` assigns party letters based on input order, and the loop processes them by decrementing counts. The output format matches the problem requirement.\n\nSnippet 2 implements a greedy approach using a Map to store party sizes and sorting them by value. In each step, it picks the largest party, outputs its letter, decrements its size, and if there are still members left, picks the next largest (which might be the same party if it's still the largest, or a different one) and outputs its letter. This is the standard greedy solution for this problem.\n\nAlthough the implementation details differ (Snippet 1 uses a bucket-sort-like array approach while Snippet 2 uses explicit sorting of a map), they both solve the",199
2013_0_1,84294,2016_3_1,218815,NON-CLONE,2026-07-22 07:56:25,"{
""answer"": ""NO-NOT-SIMILAR"",
""explanation"": ""The two code snippets solve completely different problems. Code Snippet 1 implements a Tic-Tac-Toe game state analyzer for a 4x4 grid, checking for wins by 'X' or 'O', draws, or incomplete games. It reads a fixed 4x4 character grid for each test case. Code Snippet 2 appears to solve a problem involving reconstructing a sequence or string based on indices (likely related to Google Code Jam 2016 Round 1C Problem A, 'Skip Count'), where it processes integers and builds strings in an array based on specific rules. The input formats, logic, and outputs are entirely different.""
}",200
2013_0_1,84294,2015_1_1,124925,NON-CLONE,2026-07-22 07:56:36,"{
  ""answer"": ""NO-NOT-SIMILAR"",
  ""explanation"": ""The two code snippets solve completely different problems. Code Snippet 1 implements a solution for a Tic-Tac-Toe variant (likely Google Code Jam 2013 Round 1A Problem A: Tic-Tac-Toe-Toe-Tic), where it reads a 4x4 grid of characters ('X', 'O', 'T', '.') and determines the game state (X won, O won, Draw, or Game has not completed) by checking rows, columns, and diagonals. Code Snippet 2 implements a solution for a different problem (likely Google Code Jam 2012 Round 1A Problem A: Minimum Scalar Product or a similar array manipulation problem, though the logic resembles calculating costs for adjusting an array), where it reads an integer array and calculates two different integer results based on differences between elements. The input formats, data structures, logical operations, and output meanings are entirely distinct.""
}",201
2013_0_1,84294,2016_0_2,88861,NON-CLONE,2026-07-22 07:56:43,"{
  ""answer"": ""NO-NOT-SIMILAR"",
  ""explanation"": ""The two code snippets solve completely different problems. Code Snippet 1 implements a Tic-Tac-Toe game state analyzer for a 4x4 grid, checking for wins by 'X' or 'O', draws, or incomplete games. It processes a 4x4 character matrix. Code Snippet 2 solves the 'PanCake Flip' problem (likely from Google Code Jam), which involves counting the minimum number of flips required to make all pancakes in a string face the same way (specifically, converting '-' to '+'). It processes a single string of '+' and '-' characters. The logic, input format, and output results are entirely different.""
}",202
2013_0_1,84294,2014_0_2,107403,NON-CLONE,2026-07-22 07:56:52,"{
""answer"": ""NO-NOT-SIMILAR"",
""explanation"": ""The two code snippets solve completely different problems. Code Snippet 1 implements a solution for a Tic-Tac-Toe game state evaluation (likely Google Code Jam 2013 Qualification Round Problem A), where it reads a 4x4 grid and determines if 'X' won, 'O' won, it's a draw, or the game is incomplete. Code Snippet 2 implements a solution for a continuous optimization problem (likely Google Code Jam 2013 Qualification Round Problem B, 'Lucky Sum'), where it calculates the minimum time to produce a certain amount of cookies given specific production rates and costs. The input formats, logic, and outputs are entirely unrelated.""
}",203
2013_0_1,58633,2015_0_3,62582,NON-CLONE,2026-07-22 07:57:01,"{
 ""answer"": ""NO-NOT-SIMILAR"",
 ""explanation"": ""The two code snippets solve completely different problems. Code Snippet 1 implements a solution for a Tic-Tac-Toe game analysis (likely Google Code Jam 2013 Qualification Round Problem A), where it reads a 4x4 grid, checks for winning conditions for 'X' or 'O', and determines if the game is won, drawn, or incomplete. Code Snippet 2 implements a solution for a Quaternion multiplication problem (likely Google Code Jam 2013 Qualification Round Problem B), where it checks if a string of 'i', 'j', 'k' characters can be partitioned into three parts that multiply to 'i', 'j', and 'k' respectively. The logic, data structures, input formats, and output formats are entirely different.""
}",204
2013_0_1,58633,2013_1_1,35305,NON-CLONE,2026-07-22 07:57:11,"{
""answer"": ""NO-NOT-SIMILAR"",
""explanation"": ""The two code snippets solve completely different problems. Code Snippet 1 implements a logic to determine the winner of a Tic-Tac-Toe game (checking rows, columns, and diagonals for 'X' or 'O' wins, or if the game is a draw/incomplete) based on a 4x4 grid input. Code Snippet 2 implements a binary search algorithm to solve a mathematical problem involving large integers (BigInteger), specifically finding the maximum number of rings that can be painted given a radius and amount of paint, which is characteristic of the 'Fair and Square' or 'Tic-Tac-Toe-Toe-Tac-Toe' related Google Code Jam problems but distinctly different logic (mathematical calculation vs game state evaluation). The input formats, processing logic, and output meanings are entirely different.""
}",205
2013_0_1,58633,2016_0_4,100472,NON-CLONE,2026-07-22 07:57:19,"{
  ""answer"": ""NO-NOT-SIMILAR"",
  ""explanation"": ""The two code snippets solve completely different problems. Code Snippet 1 implements a solver for a Tic-Tac-Toe variant (likely Google Code Jam 2013 Round 1A Problem A), where it reads a 4x4 grid, checks for winning lines for 'X' or 'O', and determines if the game is won, drawn, or incomplete. Code Snippet 2 implements a solver for the 'Fractiles' problem (Google Code Jam 2015 Round 1A Problem A), which involves determining a sequence of indices to identify a specific fractile in a set of boxes using a limited number of cuts. The input formats, logic, and output results are entirely different.""
}",206
2013_0_1,124149,2015_0_1,68106,NON-CLONE,2026-07-22 07:57:27,"{
 ""answer"": ""NO-NOT-SIMILAR"",
 ""explanation"": ""The two code snippets solve completely different problems. Code Snippet 1 implements a solution for the 'Tic-Tac-Toe' problem (likely from Google Code Jam), which involves parsing a 4x4 grid, handling wildcards ('T'), and checking for winning conditions (rows, columns, diagonals) or game states (Draw, Game has not completed). Code Snippet 2 implements a solution for the 'Standing Ovation' problem (also likely from Google Code Jam), which involves calculating the minimum number of friends needed to invite to ensure a standing ovation based on a shyness index array. The logic, data structures, and input/output formats are entirely different.""
}",207
2013_0_1,124149,2016_1_2,8152,NON-CLONE,2026-07-22 07:57:40,"{
""answer"": ""NO-NOT-SIMILAR"",
""explanation"": ""The two code snippets solve completely different problems. Code Snippet 1 implements a Tic-Tac-Toe game logic solver (specifically for Google Code Jam 2013 Round 1A Problem A), checking a 4x4 grid for wins by 'X', 'O', draws, or incomplete games. Code Snippet 2 implements a solution for a card pairing problem (specifically Google Code Jam 2013 Round 1A Problem B, 'Tic-Tac-Toe' is Problem A, but this code structure matches Problem B 'Tic-Tac-Toe' is actually A, wait, let me re-read Snippet 2. Snippet 2 reads integers, sorts them, and removes pairs to find a unique number. This is the logic for Google Code Jam 2013 Round 1A Problem B 'Tic-Tac-Toe' is A, Problem B is 'Tic-Tac-Toe'? No, Problem B is 'Tic-Tac-Toe' in 2013? No, 2013 Round 1A Problem A is Tic-Tac-To",208
2013_0_1,88116,2016_1_1,2003,NON-CLONE,2026-07-22 07:57:49,"{
  ""answer"": ""NO-NOT-SIMILAR"",
  ""explanation"": ""The two code snippets solve completely different problems. Code Snippet 1 implements a solution for the 'Tic-Tac-Toe-Tomek' problem (Google Code Jam 2013 Qualification Round Problem A), which involves analyzing a 4x4 grid to determine if player X or O has won, if the game is a draw, or if it is incomplete. It checks rows, columns, and diagonals for winning conditions. Code Snippet 2 implements a solution for the 'Reversing Encryption' problem (Google Code Jam 2016 Qualification Round Problem A), which involves reversing a string or rearranging characters based on a specific sorting logic (placing smaller characters at the beginning). The input formats, algorithms, and outputs are entirely different.""
}",209
2013_0_2,95524,2015_0_3,88073,NON-CLONE,2026-07-22 07:58:02,"{
  ""answer"": ""NO-NOT-SIMILAR"",
  ""explanation"": ""The two code snippets solve completely different problems. Code Snippet 1 implements a solution for a grid-based problem (likely Google Code Jam 2010 Round 1B Problem B 'Transforming the input' or similar 'Lawnmower' style logic), where it checks if a given height map can be generated by horizontal and vertical passes of a lawnmower. It involves reading a 2D grid, checking row-wise and column-wise constraints, and outputting YES/NO based on whether the grid is valid. Code Snippet 2 implements a solution for a quaternion multiplication problem (likely Google Code Jam 2015 Round 1A Problem A 'Magic Trick' or more accurately 'Round 1A 2015 Problem A: Magic Trick' is different, this looks like 'Round 1A 2015 Problem B: Paranormal Activity' or specifically 'Code Jam 2015 Round 1A Problem A' is not it, it is actually 'Code Jam 2015 Round 1A Problem A' is Magic Trick, this is likely 'Code Jam 2",210
2013_0_2,95524,2016_0_4,63729,NON-CLONE,2026-07-22 07:58:15,"{
  ""answer"": ""NO-NOT-SIMILAR"",
  ""explanation"": ""The two code snippets solve completely different problems. Code Snippet 1 solves a grid-based problem (likely 'Fair and Square' or a similar grid validation problem from Google Code Jam, specifically checking if a grid of heights can be formed by horizontal and vertical passes, often associated with 'Fair and Square' or 'Tidy Numbers' variants, but actually this looks like 'Fair and Square' is not it, it looks like 'Fair and Square' is palindrome squares. This specific code checks if a grid is 'fair' based on row/column max constraints, likely 'Fair and Square' is wrong, it is likely 'Fair and Square' is not it. Actually, this is the solution for 'Fair and Square' is not it. It is the solution for 'Fair and Square'... no, it is the solution for 'Fair and Square' is not it. It is the solution for 'Fair and Square'... Let's look closer. It reads a grid, checks if each cell is the maximum in its row and column? No, it checks if a cell could have been the last one painted in a row or column pass. This is",211
2013_0_2,95524,2014_0_3,71973,NON-CLONE,2026-07-22 07:58:24,"{
  ""answer"": ""NO-NOT-SIMILAR"",
  ""explanation"": ""The two code snippets solve completely different problems. Code Snippet 1 (ProblemB) reads a grid of integers and determines if the grid could have been generated by 'mowing' it horizontally and vertically (checking if every cell is a local maximum in its row or column). It outputs 'YES' or 'NO'. Code Snippet 2 (CodeJamC) appears to solve a tiling or connectivity problem (likely Google Code Jam 2011 Round 1C Problem C 'Cave Painting' or similar, though the logic looks like a greedy placement algorithm for a specific grid puzzle), where it attempts to place items on a grid starting from a corner and outputs the resulting grid or 'Impossible'. The input formats, algorithms, and output formats are entirely different.""
}",212
2013_0_2,95524,2016_3_1,205670,NON-CLONE,2026-07-22 07:58:37,"{
  ""answer"": ""NO-NOT-SIMILAR"",
  ""explanation"": ""The two code snippets solve completely different problems. Code Snippet 1 appears to solve a grid-based problem (likely 'Fair and Square' or a similar Google Code Jam problem involving checking if a grid can be formed by horizontal and vertical cuts, specifically 'Tidy Numbers' or 'Store Credit' variants, but actually it looks like 'Fair and Square' or 'Magic Trick'... wait, looking closer at the logic: it checks if every cell in a grid is a local maximum in its row or column. This is likely the 'Fair and Square' or 'Tidy Numbers'... actually, this specific logic of checking if `grid[j][k]` is >= all elements in its row and column corresponds to the problem 'Fair and Square' or more likely 'Magic Trick' or 'Store Credit'? No, the logic `grid[j][k] < grid[j][l]` sets `posible` to false. This is checking if a number is the maximum in its row or column. This is the logic for the problem 'Fair and Square' is not it. It is likely 'Tidy Numbers' is not it. It",213
2013_0_2,44471,2013_0_3,118052,NON-CLONE,2026-07-22 07:58:47,"{
  ""answer"": ""NO-NOT-SIMILAR"",
  ""explanation"": ""The two code snippets solve completely different algorithmic problems. Code Snippet 1 addresses the 'Lawnmower' problem (Google Code Jam 2011 Qualification Round), which involves determining if a given grid of grass heights can be achieved by a lawnmower that cuts all grass in a row or column to a uniform height. It checks if every cell in the matrix is the minimum value in its respective row or column. Code Snippet 2 addresses the 'Fair and Square' problem (Google Code Jam 2012 Qualification Round), which involves counting 'fair and square' numbers (palindromic perfect squares whose roots are also palindromes) within a given range [A, B]. The logic, data structures, and mathematical operations used in both snippets are entirely distinct.""
}",214
2013_0_2,44471,2013_0_3,55548,NON-CLONE,2026-07-22 07:58:57,"{
  ""answer"": ""NO-NOT-SIMILAR"",
  ""explanation"": ""The two code snippets solve completely different problems. Code Snippet 1 implements a solution for the 'Lawnmower' problem (Google Code Jam 2011 Qualification Round), which involves checking if a given grid of grass heights can be achieved by a lawnmower that cuts all grass in a row or column to the same height. It reads a grid, finds the minimum height, and verifies constraints based on rows and columns. Code Snippet 2 implements a solution for the 'Fair and Square' problem (Google Code Jam 2011 Qualification Round), which involves counting 'fair squares' (numbers that are both palindromes and the square of a palindrome) within a given range. It precomputes these numbers using BigInteger arithmetic and then uses binary search to count how many fall within the input ranges. The logic, data structures, and algorithms used are entirely different.""
}",215
2013_0_2,44471,2016_1_2,30007,NON-CLONE,2026-07-22 07:59:05,"{
""answer"": ""NO-NOT-SIMILAR"",
""explanation"": ""The two code snippets solve completely different algorithmic problems. Code Snippet 1 solves a grid-based problem (likely 'Lawnmower' from Google Code Jam) where it checks if a matrix of heights can be achieved by a lawnmower, involving row and column maximum comparisons. Code Snippet 2 solves a number theory/set problem (likely 'Minimum Scalar Product' or a variation involving finding a missing number in a symmetric set) where it reads a sequence of numbers, counts their frequencies using a MultiSet, and identifies numbers that appear an odd number of times. The input structures, logic, and outputs are fundamentally different.""
}",216
2013_0_2,55421,2014_2_1,125050,NON-CLONE,2026-07-22 07:59:12,"{
  ""answer"": ""NO-NOT-SIMILAR"",
  ""explanation"": ""The two code snippets solve completely different problems from Google Code Jam. Snippet 1 solves the 'Lawnmower' problem (2013 Qualification Round), which involves determining if a grid of grass heights can be achieved using a lawnmower that cuts rows and columns. Snippet 2 solves the 'Fegla' problem (2014 Round 1B), which involves calculating the minimum number of moves to make strings of characters identical by adjusting character counts. The logic, input parsing, data structures, and algorithms used in both snippets are entirely distinct.""
}",217
2013_0_2,55421,2015_0_1,68106,NON-CLONE,2026-07-22 07:59:21,"{
  ""answer"": ""NO-NOT-SIMILAR"",
  ""explanation"": ""The two code snippets solve completely different problems from the Google Code Jam 2013 Qualification Round. Code Snippet 1 solves the 'Lawnmower' problem (Problem B), which involves determining if a given garden height pattern can be achieved by a lawnmower that cuts rows or columns at specific heights. It uses a 2D array and checks for specific conditions regarding row and column maximums. Code Snippet 2 solves the 'Standing Ovation' problem (Problem A), which involves calculating the minimum number of friends needed to invite to an audience to ensure everyone claps, based on a shyness index. It uses a linear scan and arithmetic operations. Since the logic, input data structures, and problem domains are entirely different, they are not functionally similar.""
}",218
2013_0_2,90919,2013_1_1,35305,NON-CLONE,2026-07-22 07:59:34,"{
  ""answer"": ""NO-NOT-SIMILAR"",
  ""explanation"": ""The two code snippets solve completely different algorithmic problems. Code Snippet 1 solves a problem involving a 2D grid of integers, checking if every element in the grid is either the maximum value in its row or the maximum value in its column (likely from Google Code Jam 2012 Round 1A Problem A: 'Fair and Square' or similar grid validation task, specifically 'Magic Squares' or 'Tiling' logic, actually it looks like 'Fair and Square' is not it, it's likely 'Fair and Square' is palindrome, this is 'Fair and Square' no, this is 'Fair and Square'... wait, checking logic: `a[n][m] != maxN[n] && a[n][m] != maxM[m]` -> NO. This is the 'Fair and Square' problem? No, this is the 'Fair and Square' problem from GCJ 2012? No, this is 'Fair and Square' is about palindromes. This logic corresponds to Google Code Jam 2012 Round 1A Problem A: 'Fair and Square'",219
2013_0_3,55548,2014_2_1,125050,NON-CLONE,2026-07-22 07:59:43,"{
""answer"": ""NO-NOT-SIMILAR"",
""explanation"": ""The two code snippets solve completely different problems. Code Snippet 1 solves the 'Fair and Square' problem (Google Code Jam 2014 Qualification Round), which involves finding 'fair squares' (palindromic perfect squares whose square roots are also palindromes) within a given range. It precomputes these numbers and uses binary search to count them. Code Snippet 2 solves the 'Fegla and Strings' problem (Google Code Jam 2014 Round 1B), which involves analyzing strings of characters to determine if they can be made identical by adjusting the lengths of consecutive character blocks, calculating the minimum number of moves required. The input formats, algorithms, data structures, and output logic are entirely different.""
}",220
2013_0_3,55548,2013_1_1,30610,NON-CLONE,2026-07-22 07:59:51,"{
""answer"": ""NO-NOT-SIMILAR"",
""explanation"": ""The two code snippets are not functionally similar. Code Snippet 1 implements a specific algorithmic solution for the 'Fair Square' problem (likely from Google Code Jam), which involves generating palindromic squares and counting them within a given range. It contains logic for big integer arithmetic, palindrome generation, and binary search. Code Snippet 2 is a generic utility class ('Util') that provides helper methods for file I/O, input scanning, mathematical operations (sin, cos, sqrt), and basic algorithms like primality testing. It does not contain any logic related to the Fair Square problem or the specific task performed in Snippet 1.""
}",221
2013_0_3,55548,2015_0_3,62582,NON-CLONE,2026-07-22 08:00:02,"{
 ""answer"": ""NO-NOT-SIMILAR"",
 ""explanation"": ""The two code snippets solve completely different problems. Code Snippet 1 ('FairSquare') solves the 'Fair and Square' problem from Google Code Jam 2012, which involves finding 'fair squares' (palindromic perfect squares of palindromic numbers) within a given range. It precomputes these numbers and uses binary search to count them. Code Snippet 2 ('Dijkstra') solves the 'Fair and Square' problem is incorrect; it actually solves the 'Magic Squares' or more likely the 'Cyclops' or 'Quaternions' problem (specifically 'Quaternions' from Google Code Jam 2015 Round 1B), dealing with quaternion multiplication (i, j, k) and checking if a sequence of operations results in specific identities. The logic, data structures, and algorithms are entirely unrelated.""
}",222
2013_0_3,55548,2015_0_1,79967,NON-CLONE,2026-07-22 08:00:10,"{
  ""answer"": ""NO-NOT-SIMILAR"",
  ""explanation"": ""The two code snippets solve completely different problems. Code Snippet 1 implements a solution for the 'Fair and Square' problem (Google Code Jam 2012), which involves finding 'fair squares' (palindromic numbers that are squares of palindromic numbers) within a given range. It uses BigInteger arithmetic and precomputes solutions. Code Snippet 2 implements a solution for the 'Standing Ovation' problem (Google Code Jam 2015), which calculates the minimum number of friends needed to ensure a standing ovation based on an audience's shyness levels. The logic, data structures, and algorithms used in both snippets are entirely unrelated.""
}",223
2013_0_3,94901,2015_1_1,124925,NON-CLONE,2026-07-22 08:00:17,"{
 ""answer"": ""NO-NOT-SIMILAR"",
 ""explanation"": ""The two code snippets solve completely different problems. Code Snippet 1 calculates the number of 'fair and square' numbers (palindromic squares of palindromic numbers) within given ranges, which corresponds to Google Code Jam 2012 Qualification Round Problem C. Code Snippet 2 calculates the minimum cost to adjust plate heights using two different methods (one-by-one adjustment vs. laser adjustment), which corresponds to Google Code Jam 2012 Qualification Round Problem A. They differ in input format, algorithmic logic, data structures used, and output results.""
}",224
2013_0_3,94901,2016_1_2,31984,NON-CLONE,2026-07-22 08:00:26,"{
""answer"": ""NO-NOT-SIMILAR"",
""explanation"": ""The two code snippets perform completely different tasks. Code Snippet 1 implements a solution to a computational problem (likely Google Code Jam's 'Fair and Square'), where it generates numbers that are palindromes and whose square roots are also palindromes, then counts how many such squares fall within specific ranges provided in an input file. It involves complex logic with BigInteger arithmetic, string reversal for palindrome checking, and writing results to an output file. Code Snippet 2 is a utility class designed solely to parse and read input from a file into a 2D string array. It handles file I/O and data structure population but contains no business logic, mathematical computation, or output generation related to the problem solved in Snippet 1. Therefore, they are not functionally similar.""
}",225
2013_0_3,94901,2015_0_3,88073,NON-CLONE,2026-07-22 08:00:35,"{
 ""answer"": ""NO-NOT-SIMILAR"",
 ""explanation"": ""The two code snippets solve completely different computational problems. Code Snippet 1 solves the 'Fair and Square' problem (likely from Google Code Jam 2009), which involves finding numbers that are palindromes and whose square roots are also palindromes within a given range. It uses BigInteger arithmetic and string manipulation to check for palindromes. Code Snippet 2 solves the 'Quaternary' problem (likely from Google Code Jam 2011), which involves evaluating expressions involving quaternion units (i, j, k) to determine if a sequence satisfies specific algebraic properties (containing i, j, k in order and resulting in -1). The logic, data structures, and mathematical operations are entirely unrelated.""
}",226
2013_0_3,78294,2014_0_3,108079,NON-CLONE,2026-07-22 08:00:44,"{
""answer"": ""NO-NOT-SIMILAR"",
""explanation"": ""The two code snippets solve completely different problems. Code Snippet 1 ('fairsquare') counts the number of 'fair squares' (perfect squares that are also palindromes) within a given range [A, B]. It uses a precomputed list of such numbers to answer queries. Code Snippet 2 ('minesweeper') solves a Minesweeper puzzle configuration problem, determining if it is possible to place mines in a grid such that a specific cell can be clicked to reveal all non-mine cells. It uses dynamic programming and backtracking to find a valid grid layout. Their inputs, outputs, logic, and objectives are entirely distinct.""
}",227
2013_0_3,78294,2015_0_3,21597,NON-CLONE,2026-07-22 08:00:52,"{
  ""answer"": ""NO-NOT-SIMILAR"",
  ""explanation"": ""The two code snippets solve completely different problems. Code Snippet 1 solves the 'Fair and Square' problem, which involves counting numbers within a range [A, B] that are both perfect squares and palindromes. It uses a precomputed list of such numbers (fair squares) to answer queries. Code Snippet 2 solves the 'Cyclops' or 'Quaternion' problem (likely from Google Code Jam), which involves determining if the quaternion units i, j, and k can be formed as subsegments of a repeated string based on quaternion multiplication rules. The logic, data structures, and algorithms used in both snippets are entirely unrelated.""
}",228
2013_0_3,118052,2015_0_3,74464,NON-CLONE,2026-07-22 08:01:05,"{
 ""answer"": ""NO-NOT-SIMILAR"",
 ""explanation"": ""The two code snippets solve completely different problems. Code Snippet 1 solves the 'Fair and Square' problem from Google Code Jam 2009, which involves finding numbers that are both palindromes and perfect squares of palindromes (fair and square numbers) within a given range. It uses a brute-force precomputation approach. Code Snippet 2 solves the 'Fair Play' or more likely the 'Quaternary' problem (specifically Problem C from Google Code Jam 2012 Round 1B, 'Fair Play' is actually Problem A, this looks like Problem C 'Fair Play' is not it, it's Problem C 'Fair Play'... wait, looking at the logic with 'i', 'j', 'k' and quaternion multiplication, this is Problem C from Google Code Jam 2012 Round 1B, titled 'Fair Play'? No, it's Problem C 'Fair Play' is not correct. It is Problem C 'Fair Play'... Actually, it is Problem C 'Fair Play' is not right. The logic with quaternions i, j, k and checking",229
2013_1_1,35305,2014_2_1,115332,NON-CLONE,2026-07-22 08:01:13,"{
  ""answer"": ""NO-NOT-SIMILAR"",
  ""explanation"": ""The two code snippets solve completely different problems. Code Snippet 1 implements a binary search to solve a mathematical problem involving finding the largest integer `n` such that `n*(2r + n - 1) <= t`, which is characteristic of the 'Fair Share' problem from Google Code Jam 2012 Qualification Round. It uses `BigInteger` for large number arithmetic. Code Snippet 2 solves a string manipulation and optimization problem where it counts character frequencies in a grid of strings and calculates the minimum cost to make each column uniform, which corresponds to the 'Fegla Won' problem from Google Code Jam 2011 Qualification Round. The logic, data structures, and algorithms used are entirely different.""
}",230
2013_1_1,35305,2016_2_1,197689,NON-CLONE,2026-07-22 08:01:26,"{
 ""answer"": ""NO-NOT-SIMILAR"",
 ""explanation"": ""The two code snippets solve completely different problems. Code Snippet 1 implements a binary search algorithm to solve a mathematical problem involving finding the largest integer n such that a specific quadratic expression involving n and an input r is less than or equal to another input t (likely related to the 'Fair and Square' or a similar Project Euler/Code Jam problem involving sums of squares or similar sequences). It uses BigInteger for arithmetic. Code Snippet 2 solves the 'Reverse Words' or specifically the 'Digit Counting' problem (Google Code Jam 2012 Qualification Round Problem A: 'Saving the Universe' is not it, this is actually Problem B from 2012 Quals: 'Password Search' or more likely 'Counting Sheep' variant? No, looking at the logic: it counts letters E, F, G... and reconstructs digits 0-9. This is the solution to Google Code Jam 2012 Qualification Round Problem A: 'Saving the Universe'? No, that's about libraries. This is Problem B: 'Password Search'? No. This is actually the solution to 'Revered Words'? No",231
2013_1_1,35305,2014_3_1,138529,NON-CLONE,2026-07-22 08:01:39,"{
 ""answer"": ""NO-NOT-SIMILAR"",
 ""explanation"": ""The two code snippets solve completely different problems. Code Snippet 1 implements a binary search to solve a mathematical problem involving large integers (BigInteger), specifically finding the largest integer 'n' such that a specific quadratic function of 'n' and input 'r' is less than or equal to input 't'. This corresponds to the 'Fair and Square' or similar Google Code Jam problems involving tiling or geometric shapes. Code Snippet 2 reads fractions from a string, simplifies them by dividing by their GCD, and then checks if the denominator is a power of 2 and calculates the difference in powers of 2 between the denominator and numerator. This corresponds to the 'Parenting Partnering Returns' or specifically the 'Tidy Numbers' or more likely the 'Fair and Square' is not it, it looks like the 'Parenting Partnering Returns' logic is different, actually this is the logic for 'Tidy Numbers' no, it is the logic for 'Fair and Square' no, it is the logic for 'Store Credit' no. Actually, Code Snippet 2 is solving the 'Parenting Partnering Returns' problem? No,",232
2013_1_1,35305,2016_2_1,184367,NON-CLONE,2026-07-22 08:01:46,"{
  ""answer"": ""NO-NOT-SIMILAR"",
  ""explanation"": ""The two code snippets solve completely different problems. Code Snippet 1 implements a binary search algorithm to solve a mathematical problem involving large integers (likely finding the largest integer n such that a specific quadratic function of n is less than or equal to t). Code Snippet 2 solves a string processing problem (Google Code Jam 2016 Qualification Round Problem A: 'T9'), where it reconstructs a phone number from a scrambled string of English number words by counting unique characters. Their logic, inputs, outputs, and underlying algorithms are entirely distinct.""
}",233
2013_1_1,30788,2016_2_1,187476,NON-CLONE,2026-07-22 08:01:59,"{
  ""answer"": ""NO-NOT-SIMILAR"",
  ""explanation"": ""The two code snippets solve completely different problems. Code Snippet 1 solves a mathematical problem involving circles and radii (likely Google Code Jam 2010 Round 1A Problem A: 'T-Shirt Party' or similar geometry problem, specifically calculating the number of rings based on area T and radius R using a quadratic formula). Code Snippet 2 solves a string manipulation problem involving reconstructing a sequence of digits from a scrambled string of English words (Google Code Jam 2016 Qualification Round Problem A: 'Tidy Numbers' is different, this is actually 'Recover the Number' or similar, specifically it looks like the 'Counting Sheep' or 'Number Words' problem, likely Google Code Jam 2016 Qualification Round Problem A is Tidy Numbers, but this code is for the problem where you unscramble digits from words, which is Google Code Jam 2016 Qualification Round Problem A? No, it's Problem A from a different year, specifically 'Tidy Numbers' is different. This is 'Recover the Number' or 'Number Words' - actually it is Google",234
2013_1_1,30788,2016_1_2,20611,NON-CLONE,2026-07-22 08:02:06,"{
 ""answer"": ""NO-NOT-SIMILAR"",
 ""explanation"": ""The two code snippets solve completely different problems. Snippet 1 implements a solution for a geometry/math problem (likely 'Fair and Square' or similar from Google Code Jam Round 1A 2009, dealing with rings of paint area T and radius R), using a quadratic formula to determine the number of rings. Snippet 2 implements a solution for the 'Rank and File' problem (Google Code Jam 2016 Qualification Round), which involves finding missing numbers in a set of rows by counting frequencies in a map. The input formats, logic, and output formats are entirely different.""
}",235
2013_1_1,30788,2013_0_2,114653,NON-CLONE,2026-07-22 08:02:19,"{
  ""answer"": ""NO-NOT-SIMILAR"",
  ""explanation"": ""The two code snippets solve completely different problems. Code Snippet 1 appears to be a solution for a math-based problem (likely Google Code Jam 2013 Round 1A Problem A 'Fair and Square' or similar, though the formula suggests a specific geometric/algebraic calculation involving radius R and area T) that calculates a value `n` based on inputs `R` and `T` using a quadratic formula. Code Snippet 2 is a solution for a grid-based logic problem (specifically Google Code Jam 2013 Qualification Round Problem B 'Fair and Square' is incorrect, it looks like Problem A 'Magic Squares' or more likely Problem B 'Tidy Numbers' is not it, actually it resembles the 'Fair and Square' check but implemented on a grid? No, looking closer, Snippet 2 checks if every element in a 2D array is the maximum in its row or column. This is the logic for Google Code Jam 2013 Qualification Round Problem A 'Magic Squares' is not it, it is actually Problem B 'Fair and Square' is not it",236
2013_1_1,30610,2016_1_1,8299,NON-CLONE,2026-07-22 08:02:26,"{
 ""answer"": ""NO-NOT-SIMILAR"",
 ""explanation"": ""The two code snippets serve completely different purposes. Code Snippet 1 defines a utility class 'Util' that provides helper methods for file I/O, input scanning, mathematical operations (like sine, cosine, square root), and prime number checking. It is a library of general-purpose functions. Code Snippet 2 is a specific solution to a competitive programming problem (likely Google Code Jam's 'Largest Number' or similar string manipulation task). It reads an integer indicating the number of test cases and then processes strings to rearrange characters based on a specific algorithm. There is no functional overlap between a general utility library and a specific problem solver.""
}",237
2013_1_1,30610,2016_1_2,31984,NON-CLONE,2026-07-22 08:02:36,"{
  ""answer"": ""NO-NOT-SIMILAR"",
  ""explanation"": ""The two code snippets serve fundamentally different purposes and have different functionalities. Code Snippet 1 defines a general-purpose utility class (`Util`) that provides various helper methods for input/output handling (reading from files or stdin, writing to files or stdout), mathematical operations (trigonometry, square root, min/max), and number theory (primality testing). It is designed to be a reusable toolkit. Code Snippet 2 defines a specific utility class (`InputUtils`) with a single static method (`readInput`) that reads a file with a very specific format (likely for a competitive programming problem like Google Code Jam) and parses it into a 2D string array. It does not provide general I/O redirection, mathematical functions, or other utility methods found in Snippet 1. Therefore, they are not functionally similar.""
}",238
2013_1_1,30305,2014_0_3,27551,NON-CLONE,2026-07-22 08:02:44,"{
  ""answer"": ""NO-NOT-SIMILAR"",
  ""explanation"": ""The two code snippets solve completely different problems. Code Snippet 1 implements a solution for a mathematical problem (likely Google Code Jam 2012 Round 1A Problem A 'Saving the Universe') involving calculating the number of layers of a circular target using quadratic formulas and BigInteger arithmetic. Code Snippet 2 implements a solution for a grid-based logic puzzle (likely Google Code Jam 2012 Round 1A Problem B 'Minesweeper') involving placing mines on a grid to satisfy specific connectivity constraints. They differ in input parameters, algorithmic logic, and output format.""
}",239
2014_0_2,107403,2016_0_2,88861,NON-CLONE,2026-07-22 08:02:52,"{
  ""answer"": ""NO-NOT-SIMILAR"",
  ""explanation"": ""The two code snippets solve completely different problems. Code Snippet 1 implements a solution for a mathematical optimization problem (likely 'Cookie Clicker' from Google Code Jam), calculating the minimum time to produce X cookies given parameters C, F, and X. It reads floating-point numbers and performs arithmetic operations. Code Snippet 2 implements a solution for a string manipulation problem (likely 'Revenge of the Pancakes' from Google Code Jam), counting the minimum number of flips to make all pancakes happy side up. It reads strings and iterates through characters to count state changes. Since their inputs, logic, and outputs are fundamentally different, they are not functionally similar.""
}",240
2014_0_2,107403,2016_3_1,218815,NON-CLONE,2026-07-22 08:03:01,"{
  ""answer"": ""NO-NOT-SIMILAR"",
  ""explanation"": ""The two code snippets solve completely different problems. Code Snippet 1 implements a greedy algorithm for the 'Cookie Clicker Alpha' problem (Google Code Jam 2012 Qualification Round), which involves calculating the minimum time to produce X cookies by deciding when to buy a farm that increases production rate. It takes three floating-point numbers (C, F, X) as input. Code Snippet 2 implements a solution for a problem involving string manipulation and character counting (likely 'Counting Sheep' or a similar string-based problem from Google Code Jam 2016 Round 1C, though the specific logic looks like it's building strings based on integer inputs). It reads an integer N and then N integers, manipulating strings in an array. The input formats, data types, algorithms, and logical goals are entirely different.""
}",241
2014_0_2,107403,2014_3_1,137264,NON-CLONE,2026-07-22 08:03:10,"{
  ""answer"": ""NO-NOT-SIMILAR"",
  ""explanation"": ""The two code snippets solve completely different algorithmic problems. Code Snippet 1 implements a greedy simulation for the 'Cookie Clicker' problem (Google Code Jam 2012 Qualification Round), calculating the minimum time to produce X cookies given a cost C and production increase F. It uses floating-point arithmetic and a while loop to decide when to buy farms. Code Snippet 2 implements a solution for the 'Fair and Square' or a similar fraction-based problem (likely 'Tidy Numbers' or 'Prefix and Suffix' variant, but specifically dealing with fractions p/q and powers of 2), involving GCD calculation, binary search on powers of 2, and integer arithmetic. The input formats, logic, and output semantics are entirely different.""
}",242
2014_0_2,107403,2014_0_3,108079,NON-CLONE,2026-07-22 08:03:20,"{
  ""answer"": ""NO-NOT-SIMILAR"",
  ""explanation"": ""The two code snippets solve completely different problems. Code Snippet 1 solves the 'Factory' problem (likely from Google Code Jam 2011 Qualification Round), which involves calculating the optimal time to produce a certain amount of cookies by deciding when to build additional factories. It uses a greedy approach with floating-point arithmetic. Code Snippet 2 solves the 'Minesweeper' problem (likely from Google Code Jam 2012 Round 1A), which involves placing mines on a grid such that a specific cell can be clicked to reveal all empty cells. It uses a complex algorithm involving dynamic programming or constructive logic to determine if a valid configuration exists and to output the grid layout. Since the tasks, inputs, outputs, and algorithms are entirely different, they are not functionally similar.""
}",243
2014_0_2,81302,2015_1_1,115055,NON-CLONE,2026-07-22 08:03:28,"{
  ""answer"": ""NO-NOT-SIMILAR"",
  ""explanation"": ""The two code snippets solve completely different algorithmic problems. Code Snippet 1 solves a problem involving optimizing travel time by deciding when to build sugar farms (likely Google Code Jam 2010 Round 1A Problem A: 'Sweet Butter' or similar variant involving speed increases), using a greedy approach with floating-point arithmetic. Code Snippet 2 solves a problem involving analyzing mushroom growth rates to calculate the maximum amount of mushrooms that can be eaten under two different rules (likely Google Code Jam 2011 Round 1A Problem A: 'Mushroom Monster'), using integer arithmetic and array processing. The inputs, logic, and outputs are entirely different.""
}",244
2014_0_2,81302,2015_0_3,62582,NON-CLONE,2026-07-22 08:03:37,"{
 ""answer"": ""NO-NOT-SIMILAR"",
 ""explanation"": ""The two code snippets solve completely different problems. Code Snippet 1 solves the 'Cookie Clicker Alpha' problem (Google Code Jam 2012 Round 1A), which involves calculating the minimum time to bake X cookies given a starting speed and the ability to buy farms that increase speed. It uses a greedy approach with floating-point arithmetic. Code Snippet 2 solves the 'Cyclops Numbers' or a similar quaternion multiplication problem (likely Google Code Jam 2012 Round 1C 'Cyclops' or related to string manipulation of quaternion units i, j, k), involving string processing, character replacement, and simulating quaternion multiplication rules to check if a sequence of operations results in the identity element. The inputs, logic, and outputs are fundamentally different.""
}",245
2014_0_2,81302,2014_3_1,138529,NON-CLONE,2026-07-22 08:03:46,"{
  ""answer"": ""NO-NOT-SIMILAR"",
  ""explanation"": ""The two code snippets solve completely different algorithmic problems. Code Snippet 1 solves the 'Cookie Clicker Alpha' problem (Google Code Jam 2014 Round 1C), which involves optimizing the time to bake a certain number of cookies by deciding when to buy farms that increase production speed. It uses floating-point arithmetic and a greedy simulation approach. Code Snippet 2 solves the 'Fair and Square' or a fraction-related problem (likely 'Fractions' from a different contest or a specific fraction manipulation task), involving parsing fractions, calculating the Greatest Common Divisor (GCD), and checking if a fraction can be represented with a denominator that is a power of 2. The input formats, logic, mathematical operations, and output structures are entirely different.""
}",246
2014_0_2,27351,2016_1_2,31984,NON-CLONE,2026-07-22 08:03:53,"{
""answer"": ""NO-NOT-SIMILAR"",
""explanation"": ""The two code snippets serve completely different purposes. Code Snippet 1 is a complete solution to a specific algorithmic problem (Google Code Jam 2010 Qualification Round Problem B: Cookie Clicker), which involves reading numerical inputs, performing a mathematical simulation to calculate optimal time, and printing the result. Code Snippet 2 is a utility class designed solely for parsing a specific text file format into a 2D string array; it does not contain any logic to solve a problem, perform calculations, or produce a final answer based on the data. Therefore, they are not functionally similar.""
}",247
2014_0_2,27351,2016_2_1,193269,NON-CLONE,2026-07-22 08:04:02,"{
  ""answer"": ""NO-NOT-SIMILAR"",
  ""explanation"": ""The two code snippets solve completely different problems. Code Snippet 1 implements a solution for a mathematical optimization problem (likely Google Code Jam 2010 Qualification Round Problem B: 'Chocolate Factory' or similar, involving calculating the minimum time to produce X cookies given production rates and costs). It uses a greedy loop to decide whether to buy a new farm or continue producing. Code Snippet 2 implements a solution for a string manipulation problem (likely Google Code Jam 2012 Round 1B Problem A: 'Getting Digits'), which involves decoding a shuffled string of English number words into a sorted sequence of digits by counting character frequencies. The inputs, logic, and outputs are entirely different.""
}",248
2014_0_2,41018,2016_0_4,129913,NON-CLONE,2026-07-22 08:04:10,"{
  ""answer"": ""NO-NOT-SIMILAR"",
  ""explanation"": ""The two code snippets solve completely different problems. Code Snippet 1 implements a greedy algorithm for the 'Cookie Clicker Alpha' problem (Google Code Jam 2014 Round 1A Problem A), which calculates the minimum time to reach a certain number of cookies by deciding when to buy farms that increase cookie production rate. Code Snippet 2 implements a solution for the 'Fractiles' problem (Google Code Jam 2014 Round 1B Problem A), which involves determining the order of experiments to identify specific fractiles in a sequence using a limited number of cuts and experiments. The logic, input parameters, mathematical operations, and output formats are entirely different.""
}",249
2014_0_3,108079,2014_2_1,126555,NON-CLONE,2026-07-22 08:04:20,"{
  ""answer"": ""NO-NOT-SIMILAR"",
  ""explanation"": ""The two code snippets solve completely different problems. Code Snippet 1 implements a solution for the 'Minesweeper' problem (likely from Google Code Jam), which involves generating a grid configuration with mines ('*') and safe spots ('.') such that a specific number of mines are placed and a starting click position ('c') is valid. It uses dynamic programming (knapsack-like approach) to determine the placement of empty spaces. Code Snippet 2 implements a solution for the 'Fegla and Strings' problem (also likely from Google Code Jam), which involves calculating the minimum number of operations to make a list of strings identical by removing leading characters. It uses string manipulation, recursion, and median calculation logic. The input formats, core algorithms, and output requirements are entirely different.""
}",250
2014_0_3,108079,2016_2_1,187476,NON-CLONE,2026-07-22 08:04:28,"{
  ""answer"": ""NO-NOT-SIMILAR"",
  ""explanation"": ""The two code snippets solve completely different problems. Code Snippet 1 implements a solution for the 'Minesweeper' problem (likely from Google Code Jam 2011 Round 1C), which involves generating a grid of mines and empty spaces based on dimensions R, C, and mine count M. It uses dynamic programming or greedy strategies to place mines. Code Snippet 2 implements a solution for the 'Recovering the String' problem (likely from Google Code Jam 2012 Qualification Round), which involves decoding a string of English number words (ZERO, ONE, etc.) by analyzing character frequencies. The logic, data structures, input/output formats, and algorithms are entirely different.""
}",251
2014_0_3,108079,2015_0_2,32722,NON-CLONE,2026-07-22 08:04:37,"{
  ""answer"": ""NO-NOT-SIMILAR"",
  ""explanation"": ""The two code snippets solve completely different problems. Code Snippet 1 implements a solution for the 'Minesweeper' problem (Google Code Jam 2011 Qualification Round), which involves placing mines in a grid such that a specific cell can be clicked safely. It uses dynamic programming (knapsack-like approach) to determine the placement of safe cells ('.') and mines ('*'). Code Snippet 2 implements a solution for the 'Infinite House of Pancakes' problem (Google Code Jam 2015 Qualification Round), which involves calculating the minimum time required to eat all pancakes by potentially splitting stacks. The logic, input/output formats, data structures, and algorithms used in both snippets are entirely distinct.""
}",252
2014_0_3,108079,2013_0_2,55421,NON-CLONE,2026-07-22 08:04:48,"{
  ""answer"": ""NO-NOT-SIMILAR"",
  ""explanation"": ""The two code snippets solve completely different problems. Code Snippet 1 is a solution to the 'Minesweeper' problem (likely from Google Code Jam), which involves placing mines in a grid such that a specific number of safe cells remain, ensuring the first click is safe. It uses dynamic programming (knapsack-like approach) to determine if a valid configuration exists and outputs the grid layout or 'Impossible'. Code Snippet 2 is a solution to the 'Lawnmower' problem (also from Google Code Jam), which determines if a given lawn height pattern can be achieved using a lawnmower that cuts grass in straight lines. It checks if each cell's height is the minimum in its row or column, outputting 'YES' or 'NO'. The logic, input formats, output formats, and underlying algorithms are entirely different.""
}",253
2014_0_3,27551,2014_2_1,125050,NON-CLONE,2026-07-22 08:04:57,"{
  ""answer"": ""NO-NOT-SIMILAR"",
  ""explanation"": ""The two code snippets solve completely different problems from the Google Code Jam 2014 Round 1B. Code Snippet 1 solves the 'Minesweeper' problem (Problem A), which involves generating a grid layout for a minesweeper game such that all non-mine cells can be revealed in one click. It deals with grid dimensions, mine placement, and connectivity logic. Code Snippet 2 solves the 'Fegla and Strings' problem (Problem B), which involves analyzing strings of characters to determine the minimum number of edits required to make all strings have the same pattern of character repetitions. It deals with string parsing, character counting, and optimization algorithms. The inputs, outputs, and core logic are entirely different.""
}",254
2014_0_3,27551,2013_0_1,124226,NON-CLONE,2026-07-22 08:05:05,"{
  ""answer"": ""NO-NOT-SIMILAR"",
  ""explanation"": ""The two code snippets solve completely different problems. Code Snippet 1 implements a solution for the 'Minesweeper' problem (likely from Google Code Jam), which involves generating a grid layout with mines and a safe starting cell based on given dimensions and mine count. Code Snippet 2 implements a solution for the 'Tic-Tac-Toe' problem (also likely from Google Code Jam), which involves analyzing a 4x4 board to determine if player X or O has won, if the game is a draw, or if it is incomplete. The input formats, logic, and outputs are entirely distinct.""
}",255
2014_0_3,27551,2015_0_2,34257,NON-CLONE,2026-07-22 08:05:12,"{
""answer"": ""NO-NOT-SIMILAR"",
""explanation"": ""The two code snippets solve completely different problems. Code Snippet 1 implements a solution for the 'Minesweeper' problem (Google Code Jam 2011 Round 1A Problem B), which involves generating a grid configuration with mines and a starting click position. Code Snippet 2 implements a solution for the 'Pancake Sorting' or 'Pancake Cutting' problem (Google Code Jam 2012 Round 1A Problem B), which involves calculating the minimum number of cuts to distribute pancakes evenly among guests using a priority queue. Their logic, data structures, and input/output formats are entirely different.""
}",256
2014_0_3,99421,2015_0_4,96734,NON-CLONE,2026-07-22 08:05:22,"{
""answer"": ""NO-NOT-SIMILAR"",
""explanation"": ""The two code snippets solve completely different problems. Code Snippet 1 implements a solution for the 'Minesweeper' problem (likely from Google Code Jam 2011), which involves generating a valid Minesweeper board layout with mines and a safe starting click. It uses a complex algorithm with multiple strategies and comparators to place mines and safe cells. Code Snippet 2 implements a solution for the 'Omino' problem (likely from Google Code Jam 2011), which determines if a player (Gabriel) can win a game involving tiling a grid with X-ominoes. It uses a series of logical conditions based on grid dimensions and X-omino size to return a winner. The inputs, outputs, algorithms, and underlying logic are entirely different.""
}",257
2014_0_3,99421,2014_3_1,138529,NON-CLONE,2026-07-22 08:05:32,"{
""answer"": ""NO-NOT-SIMILAR"",
""explanation"": ""The two code snippets solve completely different problems. Code Snippet 1 implements a solution for the 'Minefield' problem (likely from Google Code Jam 2014 Round 1C), which involves generating a valid Minesweeper board layout based on given dimensions and mine counts. It uses multi-threading and complex logic to place mines and safe cells. Code Snippet 2 implements a solution for the 'Fair and Square' or a fraction reduction problem (likely from Google Code Jam 2014 Round 1C Problem A 'Ticket Numbers' or similar fraction problem involving powers of 2), where it reads fractions, reduces them using GCD, and checks if the ratio is a power of 2 to determine if a ticket is 'fair'. The input formats, algorithms, and output structures are entirely different.""
}",258
2014_0_3,22792,2013_0_2,90919,NON-CLONE,2026-07-22 08:05:43,"{
""answer"": ""NO-NOT-SIMILAR"",
""explanation"": ""The two code snippets solve completely different problems. Code Snippet 1 implements a solution for the 'Minesweeper' problem (likely from Google Code Jam), which involves generating a valid minesweeper board configuration with a specific number of mines such that a player can reveal all non-mine cells. It includes complex logic for placing mines, marking neighbors, and checking validity. Code Snippet 2 implements a solution for the 'Laserphones' or similar matrix validation problem (likely 'Minimum Scalar Product' or a specific 'YES/NO' matrix property check, specifically checking if every element in a matrix is the maximum of its row or column). It reads a matrix and checks if each element is the maximum in its respective row or column. The input formats, algorithms, and outputs are entirely different.""
}",259
2014_2_1,124976,2014_0_3,99421,NON-CLONE,2026-07-22 08:05:51,"{
  ""answer"": ""NO-NOT-SIMILAR"",
  ""explanation"": ""The two code snippets solve completely different problems. Code Snippet 1 implements a solution for the 'Fegla Won' problem (Google Code Jam 2014 Round 1B Problem A), which involves comparing strings of characters to determine if they can be transformed into each other with a minimum cost. Code Snippet 2 implements a solution for the 'Minesweeper' problem (Google Code Jam 2013 Round 1C Problem A), which involves placing mines on a grid to allow a player to clear the board in a single click. The input formats, logic, and outputs are entirely distinct.""
}",260
2014_2_1,124976,2016_0_4,58218,NON-CLONE,2026-07-22 08:06:02,"{
  ""answer"": ""NO-NOT-SIMILAR"",
  ""explanation"": ""The two code snippets solve completely different problems. Code Snippet 1 solves the 'Fegla Won' problem (likely from Google Code Jam 2014 Round 1B), which involves comparing strings of characters to determine if they can be transformed into each other with a minimum cost based on character counts. It processes input lines containing strings and outputs either 'Fegla Won' or a calculated integer cost. Code Snippet 2 solves the 'Fractiles' problem (likely from Google Code Jam 2014 Round 1A), which involves calculating a sequence of experiments to identify a specific fractile among K options using C cuts and S experiments. It processes integer inputs (K, C, S) and outputs a sequence of integers or 'IMPOSSIBLE'. The logic, input formats, output formats, and underlying algorithms are entirely different.""
}",261
2014_2_1,124976,2016_3_1,211583,NON-CLONE,2026-07-22 08:06:10,"{
 ""answer"": ""NO-NOT-SIMILAR"",
 ""explanation"": ""The two code snippets solve completely different problems. Code Snippet 1 solves the 'Fegla Won' problem (Google Code Jam 2014 Round 1B Problem A), which involves comparing strings of characters to check if they have the same structure of consecutive character groups and calculating the minimum cost to equalize the lengths of these groups. Code Snippet 2 solves the 'Repeating Letters' problem (Google Code Jam 2014 Round 1B Problem B), which involves constructing a string from given character counts such that no two adjacent characters are the same, using a greedy approach with a priority queue. The inputs, logic, and outputs are entirely different.""
}",262
2014_2_1,124976,2015_0_2,34257,NON-CLONE,2026-07-22 08:06:18,"{
  ""answer"": ""NO-NOT-SIMILAR"",
  ""explanation"": ""The two code snippets solve completely different problems. Code Snippet 1 implements a solution for the Google Code Jam 2014 Round 1B Problem A 'Fegla and Strings', which involves comparing strings to determine if they share the same character pattern and calculating the minimum cost to make character counts uniform. Code Snippet 2 implements a solution for the Google Code Jam 2011 Qualification Round Problem B 'Pancake', which involves cutting a stack of pancakes to minimize the maximum stack height after a limited number of cuts. The logic, data structures, and algorithms used are entirely different.""
}",263
2014_2_1,115332,2014_0_3,99421,NON-CLONE,2026-07-22 08:06:27,"{
  ""answer"": ""NO-NOT-SIMILAR"",
  ""explanation"": ""The two code snippets solve completely different problems. Code Snippet 1 implements a solution for a string manipulation/optimization problem (likely Google Code Jam 2011 Round 1A Problem A 'Fegla's Game'), where the goal is to calculate the minimum cost to make all rows of a grid identical by changing characters. It involves parsing strings, counting character frequencies, and calculating absolute differences. Code Snippet 2 implements a solution for a grid-based logic puzzle (likely Google Code Jam 2011 Round 1A Problem B 'Miners' or similar Minesweeper layout problem), involving placing mines and determining safe clicks on a grid. The input formats, algorithms, data structures, and output formats are entirely different.""
}",264
2014_2_1,115332,2016_1_2,19093,NON-CLONE,2026-07-22 08:06:37,"{
  ""answer"": ""NO-NOT-SIMILAR"",
  ""explanation"": ""The two code snippets solve completely different problems. Code Snippet 1 implements a solution for a problem involving string manipulation and optimization (likely 'Fegla' from a programming contest), where it calculates the minimum cost to make rows of strings identical by changing characters, or determines if it's impossible. It processes input strings, counts character occurrences, and computes a cost based on absolute differences. Code Snippet 2 is a template class containing various algorithmic utilities (DFS, Max Flow, 2-SAT, Segment Tree, etc.) but its `main` method specifically solves a problem that involves reading integers and finding those that appear an odd number of times (using a counting array), then sorting and printing them. The logic, input format, and output format are entirely different.""
}",265
2014_2_1,115332,2016_0_1,55901,NON-CLONE,2026-07-22 08:06:45,"{
 ""answer"": ""NO-NOT-SIMILAR"",
 ""explanation"": ""The two code snippets solve completely different algorithmic problems. Code Snippet 1 implements a solution for the 'Fegla' problem (likely from Google Code Jam), which involves analyzing strings of characters, counting occurrences of unique characters in a specific order, and calculating the minimum cost to equalize counts across multiple strings. Code Snippet 2 implements a solution for the 'Last Digit' or 'Insomnia' problem (also likely from Google Code Jam), which involves finding the smallest multiple of a number N that contains all digits from 0 to 9. The logic, data structures, and output formats are entirely different.""
}",266
2014_2_1,119554,2015_0_4,107149,NON-CLONE,2026-07-22 08:06:52,"{
  ""answer"": ""NO-NOT-SIMILAR"",
  ""explanation"": ""The two code snippets solve completely different problems from Google Code Jam. Snippet 1 solves 'Round 1B Problem A: Fegla's Game', which involves comparing strings to check if they have the same pattern of consecutive character counts and calculating the minimum cost to equalize those counts. Snippet 2 solves 'Round 1B Problem D: Omino', which determines if a grid of size RxC can be tiled with X-ominoes based on specific geometric and divisibility rules. The input formats, algorithms, and output results are entirely different.""
}",267
2014_2_1,119554,2016_1_2,20611,NON-CLONE,2026-07-22 08:07:00,"{
  ""answer"": ""NO-NOT-SIMILAR"",
  ""explanation"": ""The two code snippets solve completely different problems. Code Snippet 1 implements a solution for the 'Fegla Won' problem (Google Code Jam 2010 Round 1B Problem A), which involves analyzing strings to count character run-lengths and finding the minimum cost to make all strings have identical run-length patterns. Code Snippet 2 implements a solution for the 'Rank and File' problem (Google Code Jam 2016 Round 1B Problem A), which involves finding missing numbers from a sequence of integers where every number appears twice except for one missing number. The logic, data structures, and input/output formats are entirely different.""
}",268
2014_2_1,126555,2015_1_1,124925,NON-CLONE,2026-07-22 08:07:13,"{
  ""answer"": ""NO-NOT-SIMILAR"",
  ""explanation"": ""The two code snippets solve completely different problems. Code Snippet 1 implements a solution for the 'Fegla' problem (likely from Google Code Jam), which involves analyzing strings to determine if they can be transformed into each other by removing leading characters of the same type, and calculating the minimum number of moves. It deals with string manipulation, recursion, and character counting. Code Snippet 2 implements a solution for the 'Minimum Scalar Product' or more likely the 'Tidy First Digits' or 'Minimum Scalar Product' variant, but specifically looking at the logic, it calculates two values based on an array of integers (plates). It computes the cost of making all elements non-decreasing by increasing values (result1) and the cost of capping values at a maximum difference (result2). This logic corresponds to the 'Minimum Scalar Product' or 'Tidy First Digits' or actually the 'Minimum Scalar Product' is different. Wait, the logic in Snippet 2: `result1` sums up differences where `plates[k] < temp`, effectively making the sequence non-decreasing by raising lower values. `result2` calculates the",269
2014_3_1,141827,2013_1_1,30305,NON-CLONE,2026-07-22 08:07:26,"{
  ""answer"": ""NO-NOT-SIMILAR"",
  ""explanation"": ""The two code snippets solve completely different problems. Code Snippet 1 is a framework for Google Code Jam problems, specifically implementing 'main_A' which solves a problem involving binary fractions (likely 'Fair and Square' or a similar fraction problem from Round 1A 2012, actually it looks like 'Candy Splitting' or 'Tic-Tac-Toe' logic is missing, but the specific algorithm in main_A calculates the number of steps to represent a fraction p/q as a sum of distinct powers of 1/2, which corresponds to problem A from Round 1A 2012 'Fair and Square' is not it, it's actually problem A from Round 1A 2011 'Tic-Tac-Toe' is not it either. The algorithm in main_A is for problem A from Round 1A 2012 'Fair and Square' is not it. It is problem A from Round 1A 2012 'Fair and Square' is not it. The algorithm `ss -= fra` with `fra /= 2` is for problem A from",270
2014_3_1,141827,2014_2_1,126555,NON-CLONE,2026-07-22 08:07:34,"{
  ""answer"": ""NO-NOT-SIMILAR"",
  ""explanation"": ""The two code snippets solve completely different problems. Code Snippet 1 is a template for Google Code Jam problems, specifically implementing logic for Problem A (likely 'Fair and Square' or similar based on the fraction logic, actually looks like 'Cyclops Numbers' or a binary fraction problem) and Problem B (a string permutation/check problem). Code Snippet 2 implements a solution for Google Code Jam 2011 Qualification Round Problem B, 'Fegla and Strings', which involves calculating the minimum number of moves to make strings equal by removing leading characters. The input formats, algorithms, and output formats are entirely different.""
}",271
2014_3_1,141827,2013_1_1,30610,NON-CLONE,2026-07-22 08:07:43,"{
 ""answer"": ""NO-NOT-SIMILAR"",
 ""explanation"": ""The two code snippets are not functionally similar. Code Snippet 1 is a complete application designed to solve specific algorithmic problems (labeled A, B, C, D), likely from a competitive programming contest like Google Code Jam. It contains logic for reading input files, processing cases, and writing output files based on specific algorithms (e.g., binary fraction decomposition, string permutation checking). Code Snippet 2 is a utility class (`Util`) that provides helper methods for file I/O, mathematical operations, and debugging. It does not contain any problem-solving logic or a main execution flow; it is a library meant to be used by other code. Therefore, they serve entirely different purposes.""
}",272
2014_3_1,141827,2014_2_1,115332,NON-CLONE,2026-07-22 08:07:53,"{
""answer"": ""NO-NOT-SIMILAR"",
""explanation"": ""The two code snippets solve completely different algorithmic problems. Code Snippet 1 is a template for Google Code Jam problems, specifically implementing a solution for Problem A ('Fair and Square' or similar binary fraction problem based on the logic in main_A which checks if a fraction p/q can be represented as a sum of distinct powers of 1/2 within 40 steps). It also contains stubs for other problems (B, C, D). Code Snippet 2 implements a solution for a problem involving string compression and cost calculation (likely 'Fegla Won' from Google Code Jam 2010 Round 1A), where it calculates the minimum cost to make strings identical by changing characters, based on run-length encoding logic. The input formats, core algorithms (binary fraction decomposition vs. dynamic programming/greedy string cost), and output logic are entirely different.""
}",273
2014_3_1,137264,2016_0_4,129913,NON-CLONE,2026-07-22 08:08:02,"{
  ""answer"": ""NO-NOT-SIMILAR"",
  ""explanation"": ""The two code snippets solve completely different problems. Code Snippet 1 solves a problem involving fractions and powers of 2 (likely Google Code Jam 2012 Qualification Round Problem B: 'Potion'), where it checks if a fraction P/Q can be represented as 1/2^J. It involves reading fractions, simplifying them using GCD, and checking if the denominator is a power of 2. Code Snippet 2 solves a combinatorial search problem (likely Google Code Jam 2012 Qualification Round Problem C: 'Fractiles'), where it determines a sequence of switches to test K switches with C tests per switch and S total switches. The input formats, algorithms, and outputs are entirely different.""
}",274
2014_3_1,137264,2016_0_2,88861,NON-CLONE,2026-07-22 08:08:10,"{
 ""answer"": ""NO-NOT-SIMILAR"",
 ""explanation"": ""The two code snippets solve completely different algorithmic problems. Code Snippet 1 solves a problem involving fraction simplification and powers of 2 (likely 'Fair Share' from Google Code Jam), where it reads a fraction P/Q, simplifies it, checks if the denominator is a power of 2, and calculates the minimum number of steps. Code Snippet 2 solves a string manipulation problem (likely 'Cookie Clicker' or specifically 'T9 Spelling' or 'Revenge of the Pancakes'), where it counts the number of flips required to make all characters in a string identical by flipping contiguous groups. The input formats, logic, and outputs are entirely different.""
}",275
2014_3_1,137264,2014_2_1,126555,NON-CLONE,2026-07-22 08:08:22,"{
 ""answer"": ""NO-NOT-SIMILAR"",
 ""explanation"": ""The two code snippets solve completely different problems. Snippet 1 solves a number theory problem involving fractions and powers of 2 (likely Google Code Jam 2012 Qualification Round Problem A: 'Fair and Square' or similar, actually it looks like 'Parenting Partnering Returns' or 'Fair and Square' but specifically it calculates if a fraction p/q can be represented as 1/2^k, which is Google Code Jam 2012 Qualification Round Problem B: 'Fair and Square' is different, this is actually Problem A from a different year or Problem B 'Fair and Square' is palindrome, this code is for 'Fair and Square'? No, it's for 'Fair and Square' is palindrome. This code is for 'Fair and Square'? No. It checks if p/q = 1/2^k. This is Google Code Jam 2012 Qualification Round Problem A? No. It is Problem B? No. It is actually Google Code Jam 2012 Qualification Round Problem A 'Fair and Square' is palindromes. This code is for Problem A 'Fair",276
2014_3_1,138894,2016_0_4,138317,NON-CLONE,2026-07-22 08:08:35,"{
  ""answer"": ""NO-NOT-SIMILAR"",
  ""explanation"": ""The two code snippets solve completely different problems from the Google Code Jam 2014 Qualification Round. Code Snippet 1 solves Problem A 'Recipe', which involves determining if a fraction P/Q can be represented as a sum of unit fractions with denominators that are powers of 2 (essentially checking if Q is a power of 2 and calculating the number of bits set in P/Q). Code Snippet 2 solves Problem C 'Fair and Square' or more likely Problem B 'Cafeteria Simulator' or actually Problem C 'Fair and Square' is not it, looking at the variables k, c, s, it solves Problem C 'Fair and Square' is not correct, it solves Problem C 'Fair and Square' is not it. Actually, the variables k, c, s correspond to Problem C 'Fair and Square' is not it. The variables k, c, s correspond to Problem C 'Fair and Square' is not it. The variables k, c, s correspond to Problem C 'Fair and Square' is not it. The variables k, c, s correspond to Problem C 'Fair and Square' is",277
2014_3_1,138894,2015_0_4,77477,NON-CLONE,2026-07-22 08:08:43,"{
 ""answer"": ""NO-NOT-SIMILAR"",
 ""explanation"": ""The two code snippets solve completely different problems from Google Code Jam 2014. Snippet 1 solves Problem A 'Chocolate', which involves determining if a fraction P/Q can be reduced to 1/2^k by repeatedly halving the denominator, returning the number of steps or 'impossible'. Snippet 2 solves Problem B 'Rectangular Dance', which involves determining if a rectangular grid of size R x C can be tiled with a specific tromino-like tile of size X, returning either 'GABRIEL' or 'RICHARD' based on geometric constraints. The input formats, logic, and outputs are entirely different.""
}",278
2014_3_1,136615,2016_0_4,138317,NON-CLONE,2026-07-22 08:08:56,"{
  ""answer"": ""NO-NOT-SIMILAR"",
  ""explanation"": ""The two code snippets solve completely different problems. Code Snippet 1 solves the 'Fair and Square' or 'Power of Two' type problem (specifically Google Code Jam 2012 Qualification Round Problem A: 'Fair and Square' is not it, it looks like 'Power of Two' check for fractions, likely 'A. Fair and Square' is different, this is actually 'A. Magic Trick' no, it's 'A. Speaking in Tongues' no. It is Google Code Jam 2012 Qualification Round Problem A: 'Fair and Square' is usually squares. This code checks if a fraction P/Q can be represented as a sum of distinct powers of 1/2, which is equivalent to checking if Q is a power of 2 after simplifying. This is likely Problem A from a specific round, e.g., 'A. Fair and Square' is 2009. This specific logic matches Google Code Jam 2012 Qualification Round Problem A: 'Fair and Square' is not it. It matches 'A. Magic Trick' no. It is actually '",279
2015_0_1,79967,2015_0_4,96734,NON-CLONE,2026-07-22 08:09:02,"{
""answer"": ""NO-NOT-SIMILAR"",
""explanation"": ""The two code snippets solve completely different algorithmic problems from Google Code Jam 2015. Code Snippet 1 solves 'Standing Ovation' (Problem A), which calculates the minimum number of friends needed to ensure a standing ovation based on shyness levels. Code Snippet 2 solves 'Ominous Omino' (Problem B), which determines if a player can win a tiling game with X-ominoes on an RxC board. Their input formats, logic, and outputs are entirely distinct.""
}",280
2015_0_1,79967,2015_0_3,88073,NON-CLONE,2026-07-22 08:09:10,"{
  ""answer"": ""NO-NOT-SIMILAR"",
  ""explanation"": ""The two code snippets solve completely different problems. Code Snippet 1 solves the 'Standing Ovation' problem (Google Code Jam 2015 Qualification Round Problem A), which involves calculating the minimum number of friends needed to ensure a standing ovation based on shyness levels. Code Snippet 2 solves the 'Quaternary' problem (Google Code Jam 2015 Round 1A Problem A), which involves determining if a string of quaternions generates the basis elements i, j, k in order and evaluates to -1. The logic, input processing, and output formats are distinct and unrelated.""
}",281
2015_0_1,79967,2014_0_3,22792,NON-CLONE,2026-07-22 08:09:18,"{
  ""answer"": ""NO-NOT-SIMILAR"",
  ""explanation"": ""The two code snippets solve completely different problems from the Google Code Jam 2015 Qualification Round. Code Snippet 1 solves Problem A, 'Standing Ovation', which involves calculating the minimum number of friends needed to maintain a standing ovation based on shyness levels. Code Snippet 2 solves Problem C, 'Minesweeper', which involves generating a valid Minesweeper board configuration given the dimensions and number of mines. The logic, input parsing, algorithms, and output formats are entirely distinct.""
}",282
2015_0_1,79967,2013_1_1,30610,NON-CLONE,2026-07-22 08:09:26,"{
  ""answer"": ""NO-NOT-SIMILAR"",
  ""explanation"": ""Code Snippet 1 is a specific solution to a competitive programming problem (Google Code Jam 2015 Problem A), which calculates the minimum number of friends needed to stand up an audience based on a shyness meter. It contains specific logic for parsing input, iterating through the audience string, and calculating the result. Code Snippet 2 is a generic utility class (`Util`) that provides helper methods for file I/O, mathematical operations (sin, cos, sqrt, etc.), and basic input parsing. It does not contain any logic related to the specific problem solved in Snippet 1. Therefore, they are not functionally similar.""
}",283
2015_0_1,35102,2016_0_2,68074,NON-CLONE,2026-07-22 08:09:33,"{
  ""answer"": ""NO-NOT-SIMILAR"",
  ""explanation"": ""The two code snippets solve completely different algorithmic problems. Code Snippet 1 solves the 'Standing Ovation' problem (Google Code Jam 2016 Qualification Round), which calculates the minimum number of friends needed to ensure a standing ovation based on audience shyness levels. Code Snippet 2 solves the 'Pancake Sorting' or 'Reversing Pancakes' problem (also from Google Code Jam 2016 Qualification Round), which calculates the minimum number of flips required to make all pancakes smiley side up. The input formats, logic, and outputs are entirely different.""
}",284
2015_0_1,35102,2016_0_1,55901,NON-CLONE,2026-07-22 08:09:41,"{
  ""answer"": ""NO-NOT-SIMILAR"",
  ""explanation"": ""The two code snippets solve completely different algorithmic problems. Code Snippet 1 solves the 'Standing Ovation' problem (Google Code Jam 2012 Round 1A Problem A), which calculates the minimum number of friends needed to ensure a standing ovation based on audience shyness levels. Code Snippet 2 solves the 'Last Digit' or 'Insomnia' problem (Google Code Jam 2016 Qualification Round Problem A), which finds the smallest multiple of a number N that contains all digits from 0 to 9. The logic, input parameters, and output results are entirely different.""
}",285
2015_0_1,35102,2013_0_3,94901,NON-CLONE,2026-07-22 08:09:50,"{
  ""answer"": ""NO-NOT-SIMILAR"",
  ""explanation"": ""The two code snippets solve completely different problems. Code Snippet 1 implements the 'Standing Ovation' algorithm (Google Code Jam 2012 Qualification Round Problem A), which calculates the minimum number of friends needed to ensure a standing ovation based on audience shyness levels. Code Snippet 2 implements the 'Fair and Square' algorithm (Google Code Jam 2012 Qualification Round Problem C), which counts palindromic numbers that are also perfect squares of palindromic numbers within a given range. Although both follow the standard Google Code Jam input/output format for processing multiple test cases, their core logic, algorithms, and objectives are entirely different.""
}",286
2015_0_1,68106,2013_0_2,44471,NON-CLONE,2026-07-22 08:09:59,"{
  ""answer"": ""NO-NOT-SIMILAR"",
  ""explanation"": ""The two code snippets solve completely different algorithmic problems. Code Snippet 1 solves the 'Standing Ovation' problem (likely from Google Code Jam 2010 Round 1A Problem A), which involves calculating the minimum number of friends needed to invite to an audience to ensure everyone claps, based on a string of shy levels. It processes a single integer N and a string S. Code Snippet 2 solves the 'Lawnmower' problem (likely from Google Code Jam 2013 Round 1A Problem B), which involves determining if a given grid of grass heights can be achieved by a lawnmower that cuts rows or columns to a specific height. It processes a 2D grid of integers. The input formats, logic, and outputs are entirely different.""
}",287
2015_0_1,68106,2013_0_3,83531,NON-CLONE,2026-07-22 08:10:09,"{
  ""answer"": ""NO-NOT-SIMILAR"",
  ""explanation"": ""The two code snippets solve completely different algorithmic problems. Code Snippet 1 solves the 'Standing Ovation' problem (likely from Google Code Jam 2013 Round 1C), which calculates the minimum number of friends needed to invite to ensure a standing ovation based on a string of shyness levels. It processes an integer N and a string S. Code Snippet 2 solves the 'Fair and Square' problem (likely from Google Code Jam 2013 Round 1A), which counts numbers in a range [A, B] that are palindromes and whose square roots are also palindromes. It processes two long integers A and B and uses a precomputed lookup table for palindromic squares. The logic, input data structures, and mathematical operations are entirely different.""
}",288
2015_0_1,65869,2013_1_1,40715,NON-CLONE,2026-07-22 08:10:21,"{
  ""answer"": ""NO-NOT-SIMILAR"",
  ""explanation"": ""The two code snippets solve completely different problems. Code Snippet 1 implements a solution for a problem involving parsing a string of digits to calculate a 'recharge' value (likely Google Code Jam 2012 Round 1A Problem A: 'Speak and Spell' or similar, specifically 'Recharge' logic from 'Fair and Square' or 'Password' variants, actually it looks like 'Speak and Spell' is different, this looks like 'Recharge' from a different year or 'Cookie Clicker' logic? No, looking closely at `getNextInput`, it parses an integer `smax` and a binary string. It calculates how many times a button needs to be pressed to recharge. This is likely Google Code Jam 2013 Round 1A Problem A: 'Magic Trick' is different. Actually, this specific logic `n = i - sum` and `sum += n` is characteristic of the 'Recharge' problem from Google Code Jam 2013 Round 1A Problem B: 'Fair and Square'? No. It is actually Problem A from GCJ 2013 Round ",289
2015_0_2,34257,2016_1_2,8152,NON-CLONE,2026-07-22 08:10:34,"{
  ""answer"": ""NO-NOT-SIMILAR"",
  ""explanation"": ""The two code snippets solve completely different algorithmic problems. Code Snippet 1 implements a solution for the 'Fair and Square' or 'Pancake' type problem (specifically Google Code Jam 2011 Qualification Round Problem B: 'Tidy Numbers' or similar, but looking at the logic `p/d` and `cut`, it is actually solving the 'Pancake' problem from a different contest or a variation involving minimizing cuts to make pieces size <= 3, often associated with 'Fair and Square' is different, actually this looks like the 'Pancake' problem from Google Code Jam 2012 Qualification Round Problem B: 'Pancake' is not right, it is likely 'Fair and Square' is A, 'Tidy Numbers' is C. Let's look closer: `max <= 3` and `cut` logic suggests it's trying to reduce numbers. Actually, this is the solution for Google Code Jam 2011 Qualification Round Problem B: 'Tidy Numbers' is 2017. This code is for Google Code Jam 201",290
2015_0_2,34257,2014_0_2,107403,NON-CLONE,2026-07-22 08:10:44,"{
  ""answer"": ""NO-NOT-SIMILAR"",
  ""explanation"": ""The two code snippets solve completely different problems. Code Snippet 1 implements a solution for the 'Fair and Square' or a similar cutting problem (likely Google Code Jam 2012 Qualification Round Problem B: 'Pancake Sorting' or more accurately 'Fair and Square' is A, this looks like 'Minimum Scalar Product' or similar, but specifically it involves cutting pancakes to minimize the maximum size, using a PriorityQueue and recursion). It deals with integer arithmetic and object manipulation. Code Snippet 2 implements the solution for Google Code Jam 2010 Qualification Round Problem B: 'Chocolate Fever'. It calculates the minimum time to eat X cookies given a production rate that can be increased by buying chocolate factories. It uses floating-point arithmetic and a greedy simulation loop. The inputs, logic, data structures, and outputs are entirely different.""
}",291
2015_0_2,34257,2016_2_1,187476,NON-CLONE,2026-07-22 08:10:57,"{
  ""answer"": ""NO-NOT-SIMILAR"",
  ""explanation"": ""The two code snippets solve completely different problems. Code Snippet 1 implements a solution for a problem involving cutting pancakes (likely Google Code Jam 2015 Round 1A Problem B: 'Pancake Cutting'), using a priority queue to greedily cut the largest pancake into smaller pieces to minimize the maximum size. Code Snippet 2 implements a solution for a problem involving reconstructing a sequence of digits from a jumbled string of English number words (likely Google Code Jam 2016 Qualification Round Problem A: 'Tidy Numbers' or more accurately 'Counting Sheep' is different, this looks like 'Magic Trick' or specifically 'Recovering a Number' from a later round, actually it is Google Code Jam 2016 Qualification Round Problem B: 'Oversized Pancake Flipper' is different, this is actually Problem A from 2016 Quals 'Tidy Numbers' is different. Wait, Snippet 2 is clearly solving the 'Recovering a Number' or 'Jumbled Words' problem where you count characters to identify digits 0-9. Specifically, it",292
2015_0_2,34257,2015_0_4,77477,NON-CLONE,2026-07-22 08:11:07,"{
  ""answer"": ""NO-NOT-SIMILAR"",
  ""explanation"": ""The two code snippets solve completely different problems. Code Snippet 1 implements a solution for the 'Fair and Square' or more likely the 'Pancake Cutting' problem (specifically Google Code Jam 2015 Round 1A Problem A: 'Pancake Sorting' variant or similar optimization problem involving cutting pancakes into equal pieces), using a priority queue to minimize cuts. It calculates the minimum number of cuts required to divide D pancakes of given sizes into equal pieces. Code Snippet 2 implements a solution for the 'Tiling a Grid with Trominoes' or similar tiling problem (specifically Google Code Jam 2013 Round 1A Problem A: 'Tiling'), determining if an X-omino can tile an R x C grid. The logic, input parsing, data structures, and output formats are entirely different.""
}",293
2015_0_2,32722,2016_1_1,14479,NON-CLONE,2026-07-22 08:11:15,"{
""answer"": ""NO-NOT-SIMILAR"",
""explanation"": ""The two code snippets solve completely different problems. Code Snippet 1 implements a solution for the 'Infinite House of Pancakes' problem (Google Code Jam 2015 Qualification Round), which involves calculating the minimum time to eat pancakes by potentially splitting stacks. It reads integer arrays and performs arithmetic calculations to minimize a time value. Code Snippet 2 implements a solution for the 'Reorder the Cards' or 'Largest Number' type problem (specifically resembling Google Code Jam 2015 Round 1A Problem A: 'The Last Word'), which involves rearranging characters in a string to form the lexicographically largest string. The input formats, logic, and outputs are entirely different.""
}",294
2015_0_2,32722,2013_0_2,90919,NON-CLONE,2026-07-22 08:11:24,"{
  ""answer"": ""NO-NOT-SIMILAR"",
  ""explanation"": ""The two code snippets solve completely different problems. Code Snippet 1 solves the 'Infinite House of Pancakes' problem (Google Code Jam 2015 Qualification Round Problem B), which involves calculating the minimum time to serve pancakes by optimally splitting stacks. It processes a 1D array of integers representing pancake stack sizes. Code Snippet 2 solves the 'Magic Square' problem (Google Code Jam 2015 Qualification Round Problem B), which involves checking if a given N x M matrix is a 'magic square' where every element is the maximum in its row or column. It processes a 2D matrix and outputs 'YES' or 'NO'. The input formats, logic, and outputs are entirely different.""
}",295
2015_0_2,32722,2015_0_3,107238,NON-CLONE,2026-07-22 08:11:37,"{
  ""answer"": ""NO-NOT-SIMILAR"",
  ""explanation"": ""The two code snippets solve completely different problems from the Google Code Jam 2015 Round 1A. Code Snippet 1 solves 'Infinite House of Pancakes' (Problem B), which involves optimizing the time to eat pancakes by splitting stacks. It reads pancake stack sizes and calculates the minimum time required. Code Snippet 2 solves 'Oscillating Electrons' or more likely 'Brainy Bots' or actually 'Oversized Pancake Flipper' is Problem A, 'Infinite House of Pancakes' is B, and 'Oscillating Electrons' is not in that round. Actually, Code Snippet 2 implements the logic for 'Oscillating Electrons' is incorrect; it implements the logic for 'Problem C: Oscillating Electrons' is not right either. Looking at the code in Snippet 2, it uses a multiplication table for i, j, k (quaternions) and checks if a string repeated X times can be split into three parts with products i, j, and k. This is the solution for 'Problem C: Oscillating Elect",296
2015_0_2,77145,2015_0_3,62582,NON-CLONE,2026-07-22 08:11:45,"{
  ""answer"": ""NO-NOT-SIMILAR"",
  ""explanation"": ""The two code snippets solve completely different algorithmic problems. Code Snippet 1 solves a problem involving minimizing the maximum number of people eating cake slices by determining an optimal slice size (likely from Google Code Jam 'Cakewalk' or similar division problems). It reads an array of integers and performs arithmetic operations to find a minimum value. Code Snippet 2 solves a problem involving quaternion multiplication (likely Google Code Jam 'Repetitive Quaternions'). It processes strings containing characters 'i', 'j', 'k' and checks if a specific sequence can be formed by repeating a string, using custom multiplication logic for quaternions. The input formats, core logic, and output meanings are entirely different.""
}",297
2015_0_2,77145,2016_1_1,14479,NON-CLONE,2026-07-22 08:11:54,"{
""answer"": ""NO-NOT-SIMILAR"",
""explanation"": ""The two code snippets solve completely different problems. Code Snippet 1 implements a solution for a numerical optimization problem (likely Google Code Jam 2012 Round 1A Problem A 'Small Change'), where it reads an array of integers representing money in pockets and calculates the minimum cost to make change for any amount up to the maximum value in the array. Code Snippet 2 implements a solution for a string manipulation problem (likely Google Code Jam 2012 Round 1A Problem B 'Password'), where it reads a string and rearranges its characters based on the maximum character value. The input formats, data types processed, algorithms used, and output results are entirely different.""
}",298
2015_0_2,72707,2015_1_1,115055,NON-CLONE,2026-07-22 08:12:07,"{
  ""answer"": ""NO-NOT-SIMILAR"",
  ""explanation"": ""The two code snippets solve different algorithmic problems. Code Snippet 1 implements a solution for the 'Fair and Square' or similar optimization problem involving distributing items (likely from Google Code Jam 'Fair and Square' or 'Mushroom Monster' variant A) using a priority queue and iterating through possible time steps to minimize a cost function related to removing elements. Specifically, it looks like a solution to 'Mushroom Monster' Method 1 or a similar problem where you remove mushrooms to minimize total removal, but the logic `test += ((curr+i-1)/i)-1` suggests calculating how many times a value exceeds a threshold `i`. Code Snippet 2 explicitly solves the 'Mushroom Monster' problem from Google Code Jam 2011 Qualification Round, calculating two specific values: 'eatAny' (Method 1: removing excess mushrooms to ensure non-increasing sequence) and 'eatConst' (Method 2: setting a constant eating rate). The logic in Snippet 2 calculates the difference between adjacent elements to determine removals for Method 1 and finds the maximum drop to determine the constant rate for Method ",299
2015_0_3,74464,2016_0_2,125812,NON-CLONE,2026-07-22 08:12:15,"{
""answer"": ""NO-NOT-SIMILAR"",
""explanation"": ""The two code snippets solve completely different problems. Code Snippet 1 implements a solution for the 'Cyclops Numbers' problem (likely from Google Code Jam 2016 Qualification Round), which involves quaternion algebra, prefix/suffix products, and checking if a string of quaternions can be split into three parts satisfying specific multiplication conditions. Code Snippet 2 implements a solution for the 'Pancake Sorting' problem (likely from Google Code Jam 2015 Qualification Round), which involves counting the minimum number of flips to make all pancakes happy-side up. The logic, data structures, and algorithms used are entirely unrelated.""
}",300
2015_0_3,74464,2014_2_1,119554,NON-CLONE,2026-07-22 08:12:26,"{
  ""answer"": ""NO-NOT-SIMILAR"",
  ""explanation"": ""The two code snippets solve completely different problems. Code Snippet 1 implements a solution for the 'Cyclops Numbers' problem (likely from Google Code Jam 2012 Round 1B, Problem C), which involves checking if a string of quaternion values (i, j, k) can be partitioned into three parts that multiply to specific values, considering the string is repeated X times. It uses a multiplication table for quaternions and checks specific algebraic properties. Code Snippet 2 implements a solution for the 'Fegla, the Sorcerer' problem (likely from Google Code Jam 2012 Round 1B, Problem A), which involves comparing lists of strings to determine if they have the same structure of consecutive character counts and then calculating the minimum number of changes required to make all strings identical by adjusting character counts to the median/average. The logic, data structures, and mathematical operations are entirely different.""
}",301
2015_0_3,74464,2016_0_4,100472,NON-CLONE,2026-07-22 08:12:36,"{
 ""answer"": ""NO-NOT-SIMILAR"",
 ""explanation"": ""The two code snippets solve completely different problems from Google Code Jam. Code Snippet 1 implements a solution for the 'Cyclops Numbers' problem (2012 Round 1C), which involves checking if a string composed of 'i', 'j', and 'k' characters can be partitioned such that the product of the left part is 'i', the middle part is 'j', and the right part is 'k'. It uses a multiplication table for quaternions and checks various partition lengths. Code Snippet 2 implements a solution for the 'Fractiles' problem (2014 Round 1A), which involves determining a sequence of cuts to identify a specific fractile in a sorted list of K colors using at most S experiments. The logic, input parameters, and output formats are entirely different.""
}",302
2015_0_3,74464,2013_0_1,58633,NON-CLONE,2026-07-22 08:12:48,"{
  ""answer"": ""NO-NOT-SIMILAR"",
  ""explanation"": ""The two code snippets solve completely different problems. Code Snippet 1 implements a solution for a problem involving quaternion algebra (specifically checking if a string of 'i', 'j', 'k' characters can be split into three parts that multiply to 'i', 'k', and -1 respectively, likely from Google Code Jam 2014 Round 1C Problem A 'Cyclops Numbers' or similar quaternion problem). It uses a multiplication table for quaternions and complex logic to check partitions. Code Snippet 2 implements a solution for the Tic-Tac-Toe game status determination (likely from Google Code Jam 2013 Round 1A Problem A 'Tic-Tac-Toe-Toe'). It reads a 4x4 grid, checks rows, columns, and diagonals for winning conditions for 'X' or 'O', and determines if the game is won, drawn, or incomplete. The input formats, logic, and outputs are entirely different.""
}",303
2015_0_3,88073,2016_2_1,187476,NON-CLONE,2026-07-22 08:12:57,"{
 ""answer"": ""NO-NOT-SIMILAR"",
 ""explanation"": ""The two code snippets solve completely different problems. Code Snippet 1 implements a solution for the 'Quaternions' problem (likely from Google Code Jam), which involves simulating quaternion multiplication to determine if a sequence of quaternions can be split into three parts evaluating to i, j, and k respectively. It uses helper functions for quaternion sign and character multiplication. Code Snippet 2 implements a solution for the 'Recovering the Shortest Sorted Sequence' or similar string reconstruction problem (likely from Google Code Jam 'Guess the Number' or 'Recover the String'), where it reconstructs a sequence of digits from their English word representations by counting character frequencies and removing known words in a specific order. The logic, data structures, and input/output formats are entirely different.""
}",304
2015_0_3,88073,2016_3_1,210871,NON-CLONE,2026-07-22 08:13:07,"{
  ""answer"": ""NO-NOT-SIMILAR"",
  ""explanation"": ""The two code snippets solve completely different problems. Code Snippet 1 implements a solution for the 'Quaternions' problem (Google Code Jam 2015 Round 1C), which involves simulating quaternion multiplication to determine if a sequence of operations results in 'i', 'j', and 'k' as sub-products and '-1' as the final product. It uses specific logic for quaternion algebra (i, j, k rules). Code Snippet 2 implements a solution for the 'Dijkstra String' or similar greedy character output problem (likely related to Code Jam 2016 Round 1A 'Skip to the End' or a custom problem involving reducing counts of characters), where it reads integer counts for characters, repeatedly outputs the characters with the highest remaining counts, and decrements them until only two or fewer items remain. The input formats, core algorithms, and outputs are entirely different.""
}",305
2015_0_3,88073,2013_0_3,83531,NON-CLONE,2026-07-22 08:13:18,"{
  ""answer"": ""NO-NOT-SIMILAR"",
  ""explanation"": ""The two code snippets solve completely different problems. Code Snippet 1 implements a solution for the 'Cyclops Numbers' or 'i, j, k' problem (likely Google Code Jam 2013 Round 1A Problem C), which involves checking if a string of quaternion characters repeated X times can be partitioned into three parts that evaluate to i, j, and k respectively, with a total product of -1. It uses logic specific to quaternion multiplication rules. Code Snippet 2 implements a solution for the 'Fair and Square' problem (likely Google Code Jam 2013 Round 1A Problem A), which involves counting 'fair and square' numbers (palindromes whose square is also a palindrome) within a given range [A, B]. It uses precomputation of palindromic squares and prefix sums. The input formats, algorithms, and outputs are entirely different.""
}",306
2015_0_3,21597,2016_2_1,187476,NON-CLONE,2026-07-22 08:13:28,"{
""answer"": ""NO-NOT-SIMILAR"",
""explanation"": ""The two code snippets solve completely different problems. Code Snippet 1 implements a solution for the 'Quaternions' problem (likely from Google Code Jam 2015), which involves string manipulation and quaternion algebra to determine if a target string can be split into three parts evaluating to 'i', 'j', and 'k'. Code Snippet 2 implements a solution for the 'Recovering the Shortest Sequence of Events' or more likely 'Guess the Number' variant, specifically the 'Recovering the Original Sequence' problem (likely Google Code Jam 2014 Round 1A Problem A), which involves counting character frequencies to reconstruct a sequence of numbers written out in English words (ZERO through NINE). The logic, data structures, and input/output formats are entirely different.""
}",307
2015_0_3,21597,2016_0_2,88861,NON-CLONE,2026-07-22 08:13:39,"{
  ""answer"": ""NO-NOT-SIMILAR"",
  ""explanation"": ""The two code snippets solve completely different problems. Code Snippet 1 implements a solution for a problem involving quaternion multiplication (likely Google Code Jam 2012 Qualification Round Problem C: 'Repeating Knight' or similar quaternion algebra problem), where it checks if a sequence of characters can be split into three parts that evaluate to 'i', 'j', and 'k' respectively. It uses a lookup table for quaternion multiplication rules. Code Snippet 2 implements a solution for the 'Cookie Clicker' or 'Revenge of the Pancakes' style problem (specifically Google Code Jam 2013 Qualification Round Problem A: 'Magic Trick' is not it, but 'Revenge of the Pancakes' fits the logic), where it counts the minimum number of flips required to make all pancakes happy side up. It iterates through a string of '+' and '-' characters and counts transitions. The logic, input processing, and output results are entirely different.""
}",308
2015_0_3,62582,2014_2_1,125050,NON-CLONE,2026-07-22 08:13:48,"{
""answer"": ""NO-NOT-SIMILAR"",
""explanation"": ""The two code snippets solve completely different problems. Code Snippet 1 implements a solution for a problem involving quaternion multiplication (specifically checking if a string of 'i', 'j', 'k' characters can be partitioned to multiply to -1, which is Google Code Jam 2014 Round 1B Problem A 'Shuffling'). It uses a custom multiplication logic for quaternions. Code Snippet 2 implements a solution for a problem involving string manipulation to make multiple strings identical with minimum operations (specifically Google Code Jam 2014 Round 1B Problem B 'Fegla and Strings'). It analyzes character run-lengths and calculates the cost to equalize them. The input formats, logic, and outputs are entirely different.""
}",309
2015_0_4,107149,2016_1_2,20611,NON-CLONE,2026-07-22 08:13:55,"{
 ""answer"": ""NO-NOT-SIMILAR"",
 ""explanation"": ""The two code snippets solve completely different problems. Code Snippet 1 is a solution to the 'Omino' problem (likely from Google Code Jam 2014), which determines whether a specific polyomino shape can tile a given rectangular grid. It involves geometric logic and conditional checks based on dimensions. Code Snippet 2 is a solution to the 'Rank and File' problem (likely from Google Code Jam 2016), which involves finding missing numbers in a list of integers by analyzing their frequencies. The input formats, algorithms, and outputs are entirely different.""
}",310
2015_0_4,107149,2015_0_1,65869,NON-CLONE,2026-07-22 08:14:05,"{
  ""answer"": ""NO-NOT-SIMILAR"",
  ""explanation"": ""The two code snippets solve completely different algorithmic problems. Code Snippet 1 solves the 'Omino' problem (Google Code Jam 2013 Round 1A Problem C), which involves determining if an X-omino tile can tile an R x C grid. It uses specific logic based on divisibility and grid dimensions for different values of X. Code Snippet 2 solves the 'Parenting Partnering Returns' or a similar string processing problem (likely 'Minimum Additions' or related to balancing parentheses/characters, though the logic `line[1].charAt(i)-48` suggests processing a string of digits or characters to calculate a sum/count), specifically calculating a value `nsum` based on iterating through a string. The input formats, core logic, and outputs are entirely different.""
}",311
2015_0_4,107149,2013_0_3,83531,NON-CLONE,2026-07-22 08:14:14,"{
  ""answer"": ""NO-NOT-SIMILAR"",
  ""explanation"": ""The two code snippets solve completely different problems. Code Snippet 1 solves the 'Omino' problem from Google Code Jam 2013, which involves determining if a specific tetromino-like shape can tile a rectangular grid based on dimensions X, R, and C. It uses a series of conditional checks on the input values to output either 'RICHARD' or 'GABRIEL'. Code Snippet 2 solves the 'Fair and Square' problem from Google Code Jam 2013, which involves counting 'fair squares' (palindromic squares of palindromes) within a given range [A, B]. It uses precomputed memory arrays and palindrome checking logic. The input formats, logic, and outputs are entirely different.""
}",312
2015_0_4,107149,2014_3_1,138894,NON-CLONE,2026-07-22 08:14:26,"{
  ""answer"": ""NO-NOT-SIMILAR"",
  ""explanation"": ""The two code snippets solve completely different problems. Code Snippet 1 solves a tiling problem (likely from Google Code Jam 2014 Round 1A Problem C: 'RICHARD vs. GABRIEL'), determining if an X-omino can tile an R x C grid. It takes three integers (X, R, C) as input and outputs a winner's name based on geometric constraints. Code Snippet 2 solves a number theory problem (likely from Google Code Jam 2014 Round 1A Problem A: 'Magic Trick' or similar fraction reduction problem, specifically 'A. Magic Trick' is different, this looks like 'A. Minimum Scalar Product' or actually 'A. Fair and Square' is different, it resembles 'A. Speaking in Tongues' or more likely 'A. Recycled Numbers' or 'A. Fair and Square'... actually, looking at the logic `P/Q` and powers of 2, it is likely 'A. Magic Trick' is not it, it is 'A. Minimum Scalar Product' is not it. The logic `check(q)`",313
2015_0_4,96734,2015_1_1,127730,NON-CLONE,2026-07-22 08:14:34,"{
 ""answer"": ""NO-NOT-SIMILAR"",
 ""explanation"": ""The two code snippets solve completely different problems. Code Snippet 1 solves a game theory problem involving X-ominoes on an R x C grid (likely from Google Code Jam 2011 Round 1A Problem A), determining whether 'Richard' or 'Gabriel' wins based on specific geometric constraints. Code Snippet 2 solves a problem involving calculating the total calories eaten by a horse under two different feeding strategies (likely from Google Code Jam 2011 Round 1A Problem B), dealing with array processing to find differences in sequential values. The logic, input handling, and output formats are entirely distinct.""
}",314
2015_0_4,96734,2014_0_2,107403,NON-CLONE,2026-07-22 08:14:42,"{
 ""answer"": ""NO-NOT-SIMILAR"",
 ""explanation"": ""The two code snippets solve completely different problems. Code Snippet 1 solves a combinatorial geometry problem (determining if an X-omino can tile an RxC rectangle), likely from Google Code Jam 2012 Round 1A Problem B 'Omino'. It involves integer arithmetic and logical checks on dimensions. Code Snippet 2 solves a continuous optimization problem (calculating the minimum time to produce X units of product given cookie production rates and costs), likely from Google Code Jam 2012 Qualification Round Problem B 'Cookie Clicker'. It involves floating-point arithmetic and a simulation loop. Their inputs, logic, and outputs are entirely unrelated.""
}",315
2015_0_4,96734,2015_1_1,124925,NON-CLONE,2026-07-22 08:14:55,"{
 ""answer"": ""NO-NOT-SIMILAR"",
 ""explanation"": ""The two code snippets solve completely different problems. Code Snippet 1 implements a solution for the 'Omino' problem (likely from Google Code Jam 2012 Round 1A Problem B), which involves determining the winner of a tiling game based on grid dimensions and omino size. It uses logical conditions involving modulo arithmetic, square roots, and specific geometric constraints. Code Snippet 2 implements a solution for the 'Minimum Scalar Product' or more likely 'Coupon Collector' or 'Tidy First Digit' type problem, but specifically looks like the 'Minimum Scalar Product' or 'Coupons' logic, actually it resembles the 'Minimum Scalar Product' or 'Tidy Numbers' or 'Coupon Collector'... wait, looking closer at Snippet 2: it reads an array of integers (plates/speeds?), calculates differences between consecutive elements, and computes two results based on these differences. This logic matches the 'Minimum Scalar Product' or 'Coupon Collector' or specifically the 'Minimum Scalar Product' is dot product. Actually, Snippet 2 looks like the solution for 'Minimum Scalar Product' is not it. It looks like 'Coupon Collector",316
2015_0_4,79014,2013_0_1,84294,NON-CLONE,2026-07-22 08:15:04,"{
  ""answer"": ""NO-NOT-SIMILAR"",
  ""explanation"": ""The two code snippets solve completely different problems. Code Snippet 1 solves a tiling problem (likely from Google Code Jam 'Dominoes'), determining if a rectangle of size R x C can be tiled with trominoes or other polyominoes of size X, outputting 'RICHARD' or 'GABRIEL' based on mathematical conditions involving divisibility and dimensions. Code Snippet 2 solves a Tic-Tac-Toe variant (likely from Google Code Jam 'Tic-Tac-Toe-Tomek'), analyzing a 4x4 grid to determine if player 'X' won, player 'O' won, the game is a draw, or the game is incomplete. The input formats, logic, and outputs are entirely different.""
}",317
2015_0_4,79014,2016_3_1,210871,NON-CLONE,2026-07-22 08:15:13,"{
""answer"": ""NO-NOT-SIMILAR"",
""explanation"": ""The two code snippets solve completely different problems. Code Snippet 1 solves a tiling problem (likely from Google Code Jam 2013 Round 1A, Problem B: 'Tiling'), determining if a rectangle of size R x C can be tiled with X-ominoes. It uses mathematical logic based on the dimensions and the shape size X. Code Snippet 2 solves a string construction problem (likely from Google Code Jam 2016 Round 1A, Problem A: 'T-Shirt Festival' or similar character frequency problem, though the logic resembles constructing a string from character counts), where it reads character counts and constructs a string by greedily picking characters with the highest remaining counts. The input formats, algorithms, and outputs are entirely different.""
}",318
2015_0_4,21673,2016_3_1,210871,NON-CLONE,2026-07-22 08:15:22,"{
""answer"": ""NO-NOT-SIMILAR"",
""explanation"": ""The two code snippets solve completely different problems. Code Snippet 1 implements a solution for the 'Tiling' problem (likely from Google Code Jam 2015 Round 1C), which determines if a grid of size R x C can be tiled with N-ominoes based on mathematical constraints involving divisibility and grid dimensions. Code Snippet 2 implements a solution for the 'Jumping Frog' or a similar greedy character printing problem (likely from Google Code Jam 2016 Round 1A 'Jumping Frog' or 'Contest with a Twist' variant, though the logic resembles a greedy selection of characters based on frequency), where it reads integer values associated with letters and prints a sequence of characters based on those values. The input formats, logic, and outputs are entirely different.""
}",319
2015_1_1,127730,2014_2_1,126555,NON-CLONE,2026-07-22 08:15:35,"{
 ""answer"": ""NO-NOT-SIMILAR"",
 ""explanation"": ""The two code snippets solve completely different problems. Code Snippet 1 solves the 'Fair and Square' or 'Candy' style problem (specifically Google Code Jam 2010 Round 1A Problem A: 'T9 Spelling' is not it, it's actually Problem A: 'T9' no, wait, looking at the logic: `solve1` calculates the sum of drops in an array, and `solve2` calculates the cost of a constant rate. This is Google Code Jam 2010 Round 1A Problem A: 'T9' is not it. It is Problem A: 'T9' is 2009. This is 2010 Round 1A Problem A: 'T9' is not it. It is Problem A: 'T9'... Actually, the logic `t[i+1]<t[i]` suggests it is Google Code Jam 2010 Round 1A Problem A: 'T9' is not it. It is Problem A: 'T9'... Let's look at the logic again. `solve1`",320
2015_1_1,127730,2016_0_1,72044,NON-CLONE,2026-07-22 08:15:48,"{
  ""answer"": ""NO-NOT-SIMILAR"",
  ""explanation"": ""The two code snippets solve completely different problems. Code Snippet 1 implements a solution for the 'Cookie Clicker Alpha' or a similar problem involving calculating energy adjustments based on a sequence of integers (likely from Google Code Jam 2011 Qualification Round, Problem A: 'Tidy Numbers' or more accurately 'Parenting Partnering Returns' or 'Minimum Scalar Product' variant, but specifically it looks like 'Fair and Square' or 'Store Credit'... actually, looking closer, `solve1` calculates the sum of drops and `solve2` calculates a constant rate solution, which is characteristic of the 'Parenting Partnering Returns' or 'Fair and Square'... no, it is specifically the 'Cookie Clicker' logic? No, it is the 'Minimum Scalar Product'? No. It is the 'Store Credit'? No. It is the 'Tidy Numbers'? No. It is the 'Fair and Square'? No. It is the 'Parenting Partnering Returns'? No. It is actually the 'Cookie Clicker Alpha' logic? No. It is the 'Minimum Scalar Product'? No. It is the '",321
2015_1_1,127730,2014_0_2,27351,NON-CLONE,2026-07-22 08:15:59,"{
  ""answer"": ""NO-NOT-SIMILAR"",
  ""explanation"": ""The two code snippets solve completely different problems. Code Snippet 1 implements a solution for the 'Cookie Clicker Alpha' problem (or similar optimization problem involving rates and thresholds), calculating the minimum time to produce a certain amount of cookies by deciding when to buy farms. It uses a loop to compare the time taken if buying a farm now versus never buying more farms. Code Snippet 2 implements a solution for the 'Fair and Square' or 'Tidy Numbers' type problem, but specifically looking at the logic, it calculates two different metrics (res1 and res2) based on an array of integers, likely related to adjusting a sequence of numbers (like the 'Laptop' or 'Adjusting a Sequence' problem from Google Code Jam). Specifically, `solve1` calculates the total reduction needed to make a sequence non-increasing, and `solve2` calculates the cost of capping the sequence at a specific rate. The input formats, data types (integers vs doubles), and core algorithms are entirely different.""
}",322
2015_1_1,127730,2016_0_1,72044,NON-CLONE,2026-07-22 08:16:06,"{
  ""answer"": ""NO-NOT-SIMILAR"",
  ""explanation"": ""The two code snippets solve completely different problems. Code Snippet 1 implements a solution for the 'Cookie Clicker Alpha' problem (specifically calculating the cost of adjusting eating rates using two different methods), involving array processing and arithmetic comparisons. Code Snippet 2 implements a solution for the 'Counting Sheep' problem, which involves finding the smallest multiple of a number that contains all digits 0-9. The logic, input data structures, and output results are entirely different.""
}",323
2015_1_1,114491,2013_0_3,118052,NON-CLONE,2026-07-22 08:16:15,"{
  ""answer"": ""NO-NOT-SIMILAR"",
  ""explanation"": ""The two code snippets solve completely different problems. Code Snippet 1 solves the 'Fair and Square' problem from Google Code Jam 2011 (specifically the 'Small' or 'Large' input variant involving calculating the minimum time to level a landscape using two different methods: brute force and optimal rate). It reads an array of heights and computes two values based on differences between adjacent elements. Code Snippet 2 solves the 'Fair and Square' problem from Google Code Jam 2009, which involves finding numbers that are both palindromes and the square of a palindrome within a given range [A, B]. It precomputes these 'fair and square' numbers and counts how many fall within the specified range for each test case. The logic, input data structures, and mathematical operations are entirely different.""
}",324
2015_1_1,114491,2016_1_2,8152,NON-CLONE,2026-07-22 08:16:27,"{
  ""answer"": ""NO-NOT-SIMILAR"",
  ""explanation"": ""The two code snippets solve completely different algorithmic problems. Code Snippet 1 solves a problem involving calculating the cost of adjusting heights (likely Google Code Jam 2010 Qualification Round Problem A: 'Rising Height' or similar, specifically calculating brute force and optimal rate adjustments for a sequence of integers). It reads a sequence of integers, calculates the sum of differences between adjacent elements, and finds an optimal rate to minimize changes. Code Snippet 2 solves a problem involving finding a unique element in a list where every other element appears twice (likely Google Code Jam 2010 Qualification Round Problem B: 'T9 Spelling' is not it, but actually it looks like Problem B from a different year or a specific variant like finding the odd one out, specifically it resembles the logic for finding a single number in an array where every other number appears twice, often solved with XOR, but here solved by sorting and removing pairs). The input structures, logic, and outputs are entirely different.""
}",325
2015_1_1,114491,2014_3_1,136615,NON-CLONE,2026-07-22 08:16:38,"{
 ""answer"": ""NO-NOT-SIMILAR"",
 ""explanation"": ""The two code snippets solve completely different algorithmic problems. Code Snippet 1 implements a solution for the 'Power Grid' problem (likely from Google Code Jam 2011 Qualification Round), which involves calculating two different costs (Y and Z) for leveling a sequence of elevations. It reads an array of integers and performs arithmetic comparisons on adjacent elements. Code Snippet 2 implements a solution for the 'Fair and Square' or a similar fraction-based problem (likely 'Fair and Balanced' or a problem involving powers of 2, specifically checking if a fraction P/Q can be represented as a sum of distinct powers of 1/2, often associated with the 'Fair and Square' or 'Parenting Partnering Returns' type logic but specifically here it checks if Q is a power of 2 after simplifying the fraction). It reads fractions, computes GCD, checks if the denominator is a power of 2, and calculates a generation count. The input formats, logic, and outputs are entirely different.""
}",326
2015_1_1,125935,2016_1_2,31984,NON-CLONE,2026-07-22 08:16:46,"{
 ""answer"": ""NO-NOT-SIMILAR"",
 ""explanation"": ""The two code snippets perform fundamentally different tasks. Code Snippet 1 contains the logic to solve a specific algorithmic problem (calculating two values based on an array of long integers, likely from a competitive programming context like Google Code Jam). It includes input reading from standard input and the core computational logic. Code Snippet 2 is a utility class designed solely to read input data from a specific file path ('C://GoogleCodeJam/input.in') and parse it into a 2D string array. It does not contain any problem-solving logic or calculation. Therefore, they are not functionally similar.""
}",327
2015_1_1,125935,2016_0_1,72044,NON-CLONE,2026-07-22 08:16:54,"{
  ""answer"": ""NO-NOT-SIMILAR"",
  ""explanation"": ""The two code snippets solve completely different algorithmic problems. Code Snippet 1 calculates two values based on an array of long integers: the sum of positive differences between adjacent elements and a value derived from the maximum difference and the elements themselves. This appears to be a solution for a problem involving array analysis (possibly related to Google Code Jam 2016 Qualification Round Problem B, 'OMW'). Code Snippet 2 solves the 'Counting Sheep' problem (Google Code Jam 2016 Qualification Round Problem A), which involves finding the smallest multiple of a number N that contains all digits from 0 to 9. The logic, input processing, and output results are entirely different.""
}",328
2015_1_1,124925,2016_1_1,8299,NON-CLONE,2026-07-22 08:17:03,"{
""answer"": ""NO-NOT-SIMILAR"",
""explanation"": ""The two code snippets solve completely different problems. Code Snippet 1 solves the 'Lunch Rush' problem (likely from Google Code Jam 2012 Round 1A), which involves calculating the minimum cost to adjust plate values in an array so that they are non-increasing, using two different methods. It reads integer arrays and performs arithmetic operations. Code Snippet 2 solves the 'Largest Number' or 'Ordered Letter' problem (likely from Google Code Jam 2012 Round 1A Problem A 'Small/Large' variant or similar string manipulation task), which involves rearranging characters in a string to form the lexicographically largest possible string by placing larger characters at the front. It reads strings and performs character comparisons and string concatenations. Their inputs, logic, and outputs are fundamentally different.""
}",329
2016_0_1,60475,2014_0_3,108079,NON-CLONE,2026-07-22 08:17:11,"{
  ""answer"": ""NO-NOT-SIMILAR"",
  ""explanation"": ""The two code snippets solve completely different problems. Code Snippet 1 implements the solution to the 'Revenge of the Large Batteries' (or similar 'Insomnia' problem from Google Code Jam), where it calculates the smallest multiple of a number N that contains all digits 0-9. Code Snippet 2 implements the solution to the 'Minesweeper' problem (from Google Code Jam 2011), which involves placing mines on a grid such that clicking a specific cell reveals all safe cells. The logic, input parameters, algorithms, and output formats are entirely different.""
}",330
2016_0_1,60475,2013_1_1,40715,NON-CLONE,2026-07-22 08:17:24,"{
 ""answer"": ""NO-NOT-SIMILAR"",
 ""explanation"": ""The two code snippets solve completely different algorithmic problems. Code Snippet 1 implements the solution to Google Code Jam 2013 Round 1A Problem A 'Tidy Numbers' (specifically, it calculates the smallest multiple of N that contains all digits 0-9, often referred to as the 'INSOMNIA' problem). It reads an integer N, adds multiples of N to a sum, and checks if all digits 0-9 have appeared in the cumulative sum. Code Snippet 2 implements the solution to Google Code Jam 2013 Round 1A Problem A 'Painting the Fence' (or a similar math-based problem involving radii and paint amounts, actually it looks like Problem B 'Painting the Fence' logic but labeled Prob1, wait, looking closer at the math: `i*(2*r+1) + 2*(i-1)*i > t` suggests it is solving for the number of rings that can be painted given radius r and paint amount t, which is Google Code Jam 2013 Round 1A Problem B 'Painting the Fence' or similar",331
2016_0_1,60475,2015_0_2,77145,NON-CLONE,2026-07-22 08:17:36,"{
  ""answer"": ""NO-NOT-SIMILAR"",
  ""explanation"": ""The two code snippets solve completely different problems. Code Snippet 1 implements the solution for the 'Revenge of the Large Batteries' or more likely 'Minimum Scalar Product' variant, but specifically it looks like the 'Insomnia Cure' problem (Google Code Jam 2014 Qualification Round Problem A). It reads an integer N and finds the smallest multiple of N (sum of N, 2N, 3N...) that contains all digits 0-9. Code Snippet 2 implements the solution for the 'Party Budget' or 'Cookie Clicker' variant, but specifically it looks like the 'Fair and Square' or 'Minimum Scalar Product'... actually, looking closer at Snippet 2, it reads an array of integers representing people and their values, then iterates to find a minimum result based on division logic. This is characteristic of the 'Party Budget' or 'Cookie Clicker' type problems, or specifically 'Minimum Scalar Product' is different. Actually, Snippet 2 looks like it solves the 'Party Budget' problem from Google Code Jam 2014 Qualification Round (Problem B:",332
2016_0_1,60475,2014_0_2,107403,NON-CLONE,2026-07-22 08:17:44,"{
 ""answer"": ""NO-NOT-SIMILAR"",
 ""explanation"": ""The two code snippets solve completely different problems. Code Snippet 1 implements a solution for the 'Sleeping King' problem (Google Code Jam 2014 Qualification Round Problem A), which involves finding the smallest multiple of a number N that contains all digits 0-9. Code Snippet 2 implements a solution for the 'Factory Reboot' or similar optimization problem (likely Google Code Jam 2014 Qualification Round Problem B 'Cookie Clicker'), which involves calculating the optimal time to produce a certain amount of cookies by deciding when to buy a factory that increases production rate. The input formats, logic, and outputs are entirely different.""
}",333
2016_0_1,69477,2016_0_2,162423,NON-CLONE,2026-07-22 08:17:54,"{
  ""answer"": ""NO-NOT-SIMILAR"",
  ""explanation"": ""The two code snippets solve completely different algorithmic problems. Code Snippet 1 solves the 'Last Non-Zero Digit' or 'Insomnia' problem (likely Google Code Jam 2016 Qualification Round Problem A), where it calculates the smallest positive integer N such that the decimal digits of 1*N, 2*N, ..., N*N contain all digits from 0 to 9. Code Snippet 2 solves the 'Pancake Sorting' or 'Cookie Clicker' style problem (likely Google Code Jam 2016 Qualification Round Problem B, 'Oversized Pancake'), where it counts the number of operations required to flip all pancakes to the happy side ('+') by counting the transitions between different states in a string. The logic, input processing, and output generation are fundamentally different.""
}",334
2016_0_1,69477,2016_0_2,125812,NON-CLONE,2026-07-22 08:18:01,"{
 ""answer"": ""NO-NOT-SIMILAR"",
 ""explanation"": ""The two code snippets solve completely different algorithmic problems. Code Snippet 1 solves the 'Revenge of the Large Number' (or 'Boredom'/'Insomnia') problem from Google Code Jam 2016 Qualification Round, which involves finding the smallest multiple of a number N that contains all decimal digits 0-9. Code Snippet 2 solves the 'Pancake Sorting' problem from the same competition, which involves calculating the minimum number of flips to make all pancakes happy side up. The logic, input processing, and output generation are distinct and unrelated.""
}",335
2016_0_1,69477,2013_0_1,84294,NON-CLONE,2026-07-22 08:18:10,"{
 ""answer"": ""NO-NOT-SIMILAR"",
 ""explanation"": ""The two code snippets solve completely different problems. Code Snippet 1 solves the 'Last Non-Zero Digit' or 'Insomnia' problem (likely from Google Code Jam 2016 Qualification Round Problem A), which involves finding the smallest multiple of a number N that contains all digits from 0 to 9. Code Snippet 2 solves a Tic-Tac-Toe variant (likely from Google Code Jam 2013 Qualification Round Problem A), which involves analyzing a 4x4 board to determine if player X won, player O won, the game is a draw, or if the game is not yet completed. Their logic, input processing, and output formats are entirely distinct.""
}",336
2016_0_1,123558,2016_1_1,14479,NON-CLONE,2026-07-22 08:18:18,"{
  ""answer"": ""NO-NOT-SIMILAR"",
  ""explanation"": ""The two code snippets solve completely different algorithmic problems. Code Snippet 1 implements the 'Counting Sheep' problem (Google Code Jam 2014 Round 1A Problem A), which involves multiplying a number by integers 1, 2, 3... until all digits 0-9 have appeared in the concatenated results, or determining if it's impossible (INSOMNIA). Code Snippet 2 implements the 'Largest Number' problem (Google Code Jam 2014 Round 1A Problem B), which involves rearranging the digits of a given number to form the largest possible integer by recursively placing the largest remaining digit at the front. The logic, input processing, and output generation are fundamentally different.""
}",337
2016_0_1,123558,2015_0_1,35102,NON-CLONE,2026-07-22 08:18:25,"{
""answer"": ""NO-NOT-SIMILAR"",
""explanation"": ""The two code snippets solve completely different algorithmic problems. Code Snippet 1 implements a solution for the 'Counting Sheep' problem (finding the smallest multiple of N that contains all digits 0-9, or returning INSOMNIA). Code Snippet 2 implements a solution for the 'Standing Ovation' problem (calculating the minimum number of friends needed to ensure a standing ovation based on shyness levels). While both follow a similar structure for reading input and formatting output for Google Code Jam style problems, their core logic and functionality are distinct.""
}",338
2016_0_1,55901,2015_1_1,125935,NON-CLONE,2026-07-22 08:18:35,"{
  ""answer"": ""NO-NOT-SIMILAR"",
  ""explanation"": ""The two code snippets solve completely different algorithmic problems. Code Snippet 1 implements the 'Colatz' or 'Sleeping Sheep' problem (finding the smallest multiple of N that contains all digits 0-9), often associated with Google Code Jam 2014 Round 1C Problem A. It iterates through multiples of N, checking for digit coverage. Code Snippet 2 implements the 'Landscape' problem (calculating the cost of leveling a landscape using two different methods: direct adjustment vs. setting a maximum slope), associated with Google Code Jam 2012 Qualification Round Problem B. It calculates differences between adjacent elements in an array to determine costs. The logic, input structures, and mathematical operations are entirely different.""
}",339
2016_0_2,68074,2013_0_1,124149,NON-CLONE,2026-07-22 08:18:43,"{
  ""answer"": ""NO-NOT-SIMILAR"",
  ""explanation"": ""The two code snippets solve completely different problems. Code Snippet 1 solves the 'Reversing Lights' (Pancakes) problem, which involves counting the minimum number of flips required to make all characters in a string identical (typically all '+'). It processes a 1D string. Code Snippet 2 solves the 'Tic-Tac-Toe' problem, which involves analyzing a 4x4 grid to determine the winner (X or O), a draw, or if the game is incomplete. It processes a 2D character array and checks for winning conditions in rows, columns, and diagonals. Their logic, data structures, and objectives are entirely different.""
}",340
2016_0_2,68074,2013_0_3,83531,NON-CLONE,2026-07-22 08:18:52,"{
  ""answer"": ""NO-NOT-SIMILAR"",
  ""explanation"": ""The two code snippets solve completely different algorithmic problems. Code Snippet 1 implements a solution for the 'Reversing Pancakes' problem (likely from Google Code Jam 2016), which involves counting the minimum number of flips to make a string of '+' and '-' characters all '+'. It processes a string input and counts transitions from the end. Code Snippet 2 implements a solution for the 'Fair and Square' problem (likely from Google Code Jam 2013), which involves finding numbers that are palindromic and whose square is also palindromic within a given range. It uses precomputed memoization and palindrome checking logic. The core logic, input data types (string vs. long integers), and problem domains are entirely different.""
}",341
2016_0_2,68074,2015_0_2,32722,NON-CLONE,2026-07-22 08:19:00,"{
""answer"": ""NO-NOT-SIMILAR"",
""explanation"": ""The two code snippets solve completely different problems from Google Code Jam. Code Snippet 1 solves the 'Pancake Sorting' problem (specifically finding the minimum number of flips to make all pancakes happy side up, often known as 'Revenge of the Pancakes'), which involves string manipulation and counting transitions in a sequence of '+' and '-' characters. Code Snippet 2 solves the 'Infinite House of Pancakes' problem, which involves an optimization algorithm to minimize the time to eat a set of pancakes by splitting them, dealing with integer arithmetic and array processing. Their logic, input data structures, and output calculations are fundamentally different.""
}",342
2016_0_2,68074,2014_3_1,138529,NON-CLONE,2026-07-22 08:19:11,"{
 ""answer"": ""NO-NOT-SIMILAR"",
 ""explanation"": ""The two code snippets solve completely different problems. Code Snippet 1 implements a solution for the 'Pancake Sorting' problem (likely Google Code Jam 2016 Qualification Round Problem A), which involves counting the minimum number of flips to make a string of pancakes all face up. It iterates through the string and counts transitions between '+' and '-'. Code Snippet 2 implements a solution for a fraction-related problem (likely Google Code Jam 2014 Round 1C Problem A 'Shifting Sort' or similar fraction reduction problem, actually it looks like 'Cafeteria' or 'Fractions' from a different year, specifically it calculates the number of steps to reduce a fraction p/q to 1/2^k by dividing by 2, checking if it's possible). It parses fractions, reduces them using GCD, and checks if the denominator is a power of 2. The logic, input format, and output format are entirely different.""
}",343
2016_0_2,150691,2014_2_1,124976,NON-CLONE,2026-07-22 08:19:18,"{
""answer"": ""NO-NOT-SIMILAR"",
""explanation"": ""The two code snippets solve completely different algorithmic problems. Code Snippet 1 solves the 'Reversing Lights' problem (Google Code Jam 2016 Qualification Round Problem B), which involves calculating the minimum number of flips to make a string of '+' and '-' characters all '+'. Code Snippet 2 solves the 'Fegla's Game' problem (Google Code Jam 2014 Round 1B Problem A), which involves checking if multiple strings share the same pattern of character groups and calculating the minimum cost to make their group lengths identical. The input formats, logic, and outputs are entirely different.""
}",344
2016_0_2,150691,2013_0_2,55421,NON-CLONE,2026-07-22 08:19:29,"{
  ""answer"": ""NO-NOT-SIMILAR"",
  ""explanation"": ""The two code snippets solve completely different algorithmic problems. Code Snippet 1 implements a solution for the 'Fair and Square' or more likely 'Cookie Clicker' style problem, but specifically looking at the logic (flipping signs in a sequence), it solves the 'Fair and Square' or 'Revenge of the Pancakes' (Google Code Jam 2016 Qualification Round Problem B) problem, which involves calculating the minimum number of flips to make a sequence of pancakes all positive. Code Snippet 2 solves the 'Lawnmower' problem (Google Code Jam 2013 Qualification Round Problem B), which determines if a given garden height matrix can be achieved by a lawnmower. The input formats, data structures (1D array vs 2D matrix), and core algorithms (simulation/greedy flipping vs matrix property checking) are entirely different.""
}",345
2016_0_2,150691,2014_2_1,124976,NON-CLONE,2026-07-22 08:19:37,"{
  ""answer"": ""NO-NOT-SIMILAR"",
  ""explanation"": ""The two code snippets solve completely different algorithmic problems. Code Snippet 1 solves the 'Revenge of the Pancakes' problem (Google Code Jam 2016 Qualification Round), which involves calculating the minimum number of flips to make a sequence of pancakes all face up. It processes a single string of '+' and '-' characters per test case. Code Snippet 2 solves the 'Fegla, the Frog' problem (Google Code Jam 2014 Round 1B), which involves checking if multiple strings have the same sequence of character groups and calculating the minimum cost to equalize the counts of characters in those groups. The input formats, logic, and outputs are entirely different.""
}",346
2016_0_2,125812,2016_0_4,58218,NON-CLONE,2026-07-22 08:19:44,"{
""answer"": ""NO-NOT-SIMILAR"",
""explanation"": ""The two code snippets solve completely different problems from Google Code Jam 2016. Code Snippet 1 solves the 'Pancake Sorting' problem (Qualification Round), which involves counting the minimum number of flips to make a string of pancakes all happy-side up. It processes a single string input per test case. Code Snippet 2 solves the 'Fractiles' problem (Qualification Round), which involves generating a sequence of integers based on parameters K, C, and S to satisfy specific constraints regarding product calculations. The logic, input formats, and algorithms are entirely distinct.""
}",347
2016_0_2,125812,2013_0_3,55548,NON-CLONE,2026-07-22 08:19:52,"{
""answer"": ""NO-NOT-SIMILAR"",
""explanation"": ""The two code snippets solve completely different problems from Google Code Jam 2016. Code Snippet 1 solves the 'Pancake Sorting' problem (Qualification Round, Problem A), which involves calculating the minimum number of flips to make a sequence of pancakes all happy side up. Code Snippet 2 solves the 'Fair and Square' problem (Qualification Round, Problem B), which involves counting 'fair squares' (palindromic perfect squares) within a given range. The algorithms, data structures, and logic used in each snippet are entirely unrelated.""
}",348
2016_0_2,88861,2013_0_3,55548,NON-CLONE,2026-07-22 08:20:00,"{
""answer"": ""NO-NOT-SIMILAR"",
""explanation"": ""The two code snippets solve completely different problems. Code Snippet 1 solves the 'Revenge of the Pancakes' problem, which involves counting the minimum number of flips required to make a string of pancakes all face up ('+'). It processes a string by counting transitions between '+' and '-' characters. Code Snippet 2 solves the 'Fair and Square' problem, which involves finding 'fair squares' (perfect squares that are also palindromes) within a given range. It precomputes a list of such numbers using BigInteger arithmetic and palindrome generation logic, then uses binary search to count how many fall within the input range. The algorithms, data structures, and logical goals are entirely different.""
}",349
2016_0_4,100472,2016_3_1,218815,NON-CLONE,2026-07-22 08:20:13,"{
  ""answer"": ""NO-NOT-SIMILAR"",
  ""explanation"": ""The two code snippets solve completely different problems from Google Code Jam. Code Snippet 1 is a solver for the 'Fractiles' problem (Google Code Jam 2016 Round 1C), which involves determining a sequence of cuts to identify a specific fractile in a sequence of marbles. It uses mathematical logic involving powers of K and C to determine if a solution is possible and to construct the output. Code Snippet 2 is a solver for the 'Paper Folding' or similar string manipulation problem (indicated by the package `gcj.c2016.r1c` but the logic is distinct; actually, looking closer at Snippet 2, it reads an integer N and then N integers, appending characters 'A', 'B', etc., to strings in an array based on the integer values, and then processes these strings. This logic does not match the Fractiles problem at all. In fact, Snippet 2 appears to be solving a problem where you group items by a key and then process them, possibly 'The Last Word' or a similar string processing task, but definitely not Fractiles.",350
2016_0_4,100472,2015_1_1,125935,NON-CLONE,2026-07-22 08:20:25,"{
  ""answer"": ""NO-NOT-SIMILAR"",
  ""explanation"": ""The two code snippets solve completely different algorithmic problems. Code Snippet 1 implements a solution for the 'Fractiles' problem (Google Code Jam 2014 Round 1A), which involves determining if a specific pattern can be generated from a fractal structure based on parameters K, C, and S. Code Snippet 2 implements a solution for the 'Street Lights' or similar array minimization problem (likely Google Code Jam 2012 Qualification Round Problem A: 'Street Lights' or more accurately 'Tidy Numbers' or 'Largest Number' context, but specifically it calculates two values based on differences between adjacent elements in an array, resembling the 'Fair and Square' or 'Store Credit' logic, actually it looks like the solution for 'Google Code Jam 2012 Qualification Round Problem A: 'Tidy Numbers'' is not it, it looks like 'Problem A. Street Lights' from some contest or specifically 'Problem A. Fair and Square' is not it. Actually, the logic `x += max(A[i] - A[i+1], 0)` and `y +=",351
2016_0_4,100472,2013_0_2,90919,NON-CLONE,2026-07-22 08:20:35,"{
  ""answer"": ""NO-NOT-SIMILAR"",
  ""explanation"": ""The two code snippets solve completely different problems. Code Snippet 1 is a solver for the 'Fractiles' problem (Google Code Jam 2014 Round 1A Problem B), which involves determining a sequence of indices to identify a hidden fractile using a limited number of cuts. It performs mathematical calculations involving powers and loops to generate the output sequence. Code Snippet 2 is a solver for the 'Landscape' problem (Google Code Jam 2013 Round 1B Problem A), which involves checking if a given 2D grid of heights can be formed by taking the maximum of row and column heights. It reads a matrix, computes row and column maximums, and verifies if each cell matches either its row max or column max. The input formats, logic, and outputs are entirely different.""
}",352
2016_0_4,100472,2016_0_1,55901,NON-CLONE,2026-07-22 08:20:46,"{
  ""answer"": ""NO-NOT-SIMILAR"",
  ""explanation"": ""The two code snippets solve completely different algorithmic problems. Code Snippet 1 implements a solution for the 'Fractiles' problem (likely from Google Code Jam), which involves determining a sequence of indices to identify a specific fractile in a sorted array of length K^C using at most S experiments. It reads three integers (K, C, S) per test case. Code Snippet 2 implements a solution for the 'Treasure Hunt' or 'Insomnia Cure' problem (specifically the 'Insomnia' problem from Google Code Jam 2014 Round 1A), which calculates the smallest multiple of a given number N that contains all digits from 0 to 9. It reads a single integer (N) per test case and outputs 'INSOMNIA' if no such multiple exists. The logic, input parameters, and output formats are entirely different.""
}",353
2016_0_4,129913,2013_1_1,30788,NON-CLONE,2026-07-22 08:20:56,"{
  ""answer"": ""NO-NOT-SIMILAR"",
  ""explanation"": ""The two code snippets solve completely different problems. Code Snippet 1 solves the 'Fractiles' problem (Google Code Jam 2017 Round 1A Problem A), which involves determining a sequence of moves to identify a specific fractile in a sorted list using limited queries. It uses logic based on base-K representation and checking if C*S >= K. Code Snippet 2 solves the 'Fair and Square' or a similar mathematical problem involving calculating the number of rings that can be painted given a radius R and amount of paint T (likely 'Painting the Fence' or 'Tiling' variant, specifically it looks like solving for N in the area formula of concentric rings: 2*pi*(R + 0.5 + ... + N - 0.5) <= T, simplified to a quadratic equation). The inputs, algorithms, and outputs are entirely different.""
}",354
2016_0_4,129913,2013_1_1,30788,NON-CLONE,2026-07-22 08:21:06,"{
  ""answer"": ""NO-NOT-SIMILAR"",
  ""explanation"": ""The two code snippets solve completely different algorithmic problems. Code Snippet 1 implements a solution for the 'Fractiles' problem (likely from Google Code Jam 2017 Qualification Round), which involves determining a sequence of indices to identify a specific fractile in a nested structure based on parameters K, C, and S. It uses a constructive approach involving powers of K. Code Snippet 2 implements a solution for the 'Tiling' or 'Painting the Fence' type problem (likely Google Code Jam 2012 Round 1A Problem A: 'Tiling' or similar math-based problem involving radius R and area T), specifically calculating the number of rings that can be painted given a radius R and amount of paint T using a quadratic formula derived from the area of annuli. The input variables, mathematical logic, and output formats are entirely different.""
}",355
2016_0_4,129913,2016_1_2,30007,NON-CLONE,2026-07-22 08:21:14,"{
""answer"": ""NO-NOT-SIMILAR"",
""explanation"": ""The two code snippets solve completely different algorithmic problems. Code Snippet 1 solves the 'Fractiles' problem (likely from Google Code Jam), which involves generating a sequence of indices to identify a specific fractile in a sorted list of size K using at most S experiments of size C. It uses a mathematical construction based on powers of K. Code Snippet 2 solves a problem involving finding the unique element in a list where every other element appears twice (or a variation involving counting frequencies), specifically reading 2n-1 rows of n integers and finding the element with an odd count using a MultiSet (HashMap). The input formats, logic, and outputs are entirely different.""
}",356
2016_0_4,58218,2015_1_1,127730,NON-CLONE,2026-07-22 08:21:27,"{
  ""answer"": ""NO-NOT-SIMILAR"",
  ""explanation"": ""The two code snippets solve completely different algorithmic problems. Code Snippet 1 solves the 'Fractiles' problem (likely from Google Code Jam), which involves determining a sequence of moves to identify a specific fractile in a sorted array of size K by performing C operations at most S times. It calculates a mathematical sequence based on block sizes. Code Snippet 2 solves the 'Cookie Clicker' or 'Laptop Batteries' style problem (specifically resembling the 'Parenting Partnering Returns' or 'Fair and Square' or more likely 'Fair Play' or 'Cafeteria Sync' but actually looks like 'Cookie Clicker' variant or 'Laptop Batteries'... actually, looking closely, it calculates the difference between two methods of eating cookies: one by adjusting the rate incrementally and one by setting a constant maximum rate. This is the 'Cookie Clicker' problem from Google Code Jam 2012 Round 1A, specifically Problem A: 'Fair and Square' is different, this is 'Cookie Clicker' or 'Parenting Partnering Returns'? No, the logic `t[i+1] <",357
2016_0_4,58218,2016_0_2,68074,NON-CLONE,2026-07-22 08:21:34,"{
 ""answer"": ""NO-NOT-SIMILAR"",
 ""explanation"": ""The two code snippets solve completely different problems. Code Snippet 1 solves the 'Fractiles' problem (likely from Google Code Jam 2016 Round 1A), which involves determining a sequence of moves to identify a specific fractile in a sorted array. Code Snippet 2 solves the 'Pancakes' or 'Revenge of the Pancakes' problem (likely from Google Code Jam 2016 Qualification Round), which involves calculating the minimum number of flips to make all pancakes happy side up. The input formats, logic, and outputs are entirely different.""
}",358
2016_0_4,63729,2014_0_2,81302,NON-CLONE,2026-07-22 08:21:43,"{
  ""answer"": ""NO-NOT-SIMILAR"",
  ""explanation"": ""The two code snippets solve completely different problems. Code Snippet 1 implements a solution for the 'Fractiles' problem (Google Code Jam 2014 Round 1C), which involves determining a sequence of button presses to identify a specific fractile in a set of boxes. It uses string manipulation and logic related to 'L' and 'G' characters. Code Snippet 2 implements a solution for the 'Cookie Clicker Alpha' problem (Google Code Jam 2012 Qualification Round), which is an optimization problem involving calculating the minimum time to bake a certain number of cookies by deciding when to buy farms that increase cookie production speed. The input parameters, algorithms, and outputs are entirely different.""
}",359
2016_1_1,1153,2014_2_1,126555,NON-CLONE,2026-07-22 08:21:51,"{
  ""answer"": ""NO-NOT-SIMILAR"",
  ""explanation"": ""The two code snippets solve completely different problems. Code Snippet 1 implements the solution for 'The Last Word' (Google Code Jam 2015 Qualification Round Problem A), which involves rearranging characters of a single string to form the lexicographically largest possible string by inserting each character either at the beginning or the end. Code Snippet 2 implements the solution for 'Fegla and Strings' (Google Code Jam 2013 Qualification Round Problem A), which involves checking if a list of strings can be made identical by deleting prefixes and calculating the minimum number of deletions required. The input formats, logic, and outputs are entirely different.""
}",360
2016_1_1,1153,2016_0_1,123558,NON-CLONE,2026-07-22 08:22:00,"{
 ""answer"": ""NO-NOT-SIMILAR"",
 ""explanation"": ""The two code snippets solve completely different algorithmic problems. Code Snippet 1 implements the logic for Google Code Jam 2015 Qualification Round Problem A, 'The Last Word'. It takes a string and rearranges its characters to form the lexicographically largest possible string by greedily inserting characters at the front if they are greater than or equal to the current first character. Code Snippet 2 implements the logic for Google Code Jam 2016 Qualification Round Problem A, 'Counting Sheep'. It calculates the smallest multiple of a given number N that contains all digits from 0 to 9, or outputs 'INSOMNIA' if no such multiple exists. Since their inputs, processing logic, and outputs are entirely different, they are not functionally similar.""
}",361
2016_1_1,1153,2016_0_4,58218,NON-CLONE,2026-07-22 08:22:10,"{
  ""answer"": ""NO-NOT-SIMILAR"",
  ""explanation"": ""The two code snippets solve completely different algorithmic problems. Code Snippet 1 implements a greedy algorithm to rearrange characters in a string to form the lexicographically largest possible string (Google Code Jam 2014 Qualification Round Problem A: 'The Last Word'). It iterates through the input string and inserts characters at the beginning of a buffer if they are greater than or equal to the current first character, otherwise appending them. Code Snippet 2 solves a combinatorial problem involving breaking a large number into smaller pieces using a limited number of switches (Google Code Jam 2014 Qualification Round Problem C: 'Fractiles'). It calculates specific indices to test in order to determine the value of a specific fractile, involving mathematical calculations for block sizes and products. The input formats, logic, and outputs are entirely different.""
}",362
2016_1_1,1153,2015_0_3,107238,NON-CLONE,2026-07-22 08:22:19,"{
 ""answer"": ""NO-NOT-SIMILAR"",
 ""explanation"": ""The two code snippets solve completely different algorithmic problems. Code Snippet 1 solves the 'Largest Number' problem (often associated with Google Code Jam 2011 Qualification Round Problem A), where the goal is to rearrange the characters of a string to form the lexicographically largest possible string by inserting characters at the front if they are greater than or equal to the current first character. Code Snippet 2 solves the 'Revolving Digits' or more likely the 'Quaternion' problem (Google Code Jam 2012 Qualification Round Problem C), which involves checking if a sequence of quaternion multiplications (i, j, k) can be split into three parts that evaluate to i, j, and k respectively. The logic, data structures, and input/output processing are entirely different.""
}",363
2016_1_1,14479,2014_0_3,99421,NON-CLONE,2026-07-22 08:22:27,"{
  ""answer"": ""NO-NOT-SIMILAR"",
  ""explanation"": ""The two code snippets solve completely different algorithmic problems. Code Snippet 1 implements a string manipulation algorithm that rearranges characters based on their ASCII values (specifically, it seems to be solving a problem like 'Reorder String' or similar where the largest character dictates the order). Code Snippet 2 implements a solution for the 'Minesweeper' problem (likely from Google Code Jam), which involves placing mines on a grid such that the first click reveals a large area of empty cells. The logic, data structures, and input/output formats are entirely different.""
}",364
2016_1_1,14479,2016_0_1,72044,NON-CLONE,2026-07-22 08:22:36,"{
  ""answer"": ""NO-NOT-SIMILAR"",
  ""explanation"": ""The two code snippets solve completely different algorithmic problems. Code Snippet 1 implements a solution for the 'Right-Left Encoding' problem (likely from Google Code Jam 2016 Round 1A), which involves manipulating a string based on the position of its maximum character. Code Snippet 2 implements a solution for the 'Counting Sheep' problem (from Google Code Jam 2016 Qualification Round), which involves finding the smallest multiple of a number that contains all digits 0-9. Although both snippets share a similar input/output structure typical of competitive programming (reading test cases, writing formatted output like 'Case #X: result'), their core logic and the tasks they perform are entirely different.""
}",365
2016_1_1,14479,2016_3_1,218815,NON-CLONE,2026-07-22 08:22:43,"{
""answer"": ""NO-NOT-SIMILAR"",
""explanation"": ""The two code snippets solve completely different algorithmic problems. Snippet 1 implements a string manipulation algorithm (likely 'Largest Number' or similar from a contest like Google Code Jam) that finds the maximum character in a string and constructs a result by recursively processing substrings. Snippet 2 implements a graph traversal or scheduling algorithm (likely 'Party Planning' or similar) that uses an array of strings to manage nodes and their connections, iterating through counts to build a path. The input formats, core logic, and output structures are entirely different.""
}",366
2016_1_1,8299,2016_2_1,193269,NON-CLONE,2026-07-22 08:22:52,"{
  ""answer"": ""NO-NOT-SIMILAR"",
  ""explanation"": ""The two code snippets solve completely different problems. Code Snippet 1 implements a greedy algorithm to reorder characters in a string to form the lexicographically largest string (likely solving Google Code Jam 2012 Round 1B Problem A: 'Largest Number'). It iterates through the string, placing larger characters at the front. Code Snippet 2 solves the 'Getting Digits' problem (Google Code Jam 2012 Round 1B Problem B), which involves decoding a string containing the English words for digits (ZERO, ONE, etc.) in a random order to recover the original digits in sorted order. It uses character frequency analysis to identify and remove specific digit words. The logic, input processing, and output generation are fundamentally different.""
}",367
2016_1_1,8299,2014_0_3,108079,NON-CLONE,2026-07-22 08:23:01,"{
  ""answer"": ""NO-NOT-SIMILAR"",
  ""explanation"": ""The two code snippets solve completely different problems. Code Snippet 1 implements a solution for Google Code Jam 2013 Round 1A Problem A 'Fair and Square' (specifically, it appears to be solving a string rearrangement problem often associated with 'Largest Number' or similar greedy string sorting tasks, though the class name suggests Fair and Square, the logic `fkt1` rearranges characters to form the largest lexicographical number/string). Code Snippet 2 implements a solution for Google Code Jam 2013 Round 1A Problem C 'Mine Sweeper', which involves placing mines on a grid according to specific rules. The input formats, algorithms, and outputs are entirely different.""
}",368
2016_1_1,29796,2016_3_1,211583,NON-CLONE,2026-07-22 08:23:13,"{
  ""answer"": ""NO-NOT-SIMILAR"",
  ""explanation"": ""The two code snippets solve completely different problems. Code Snippet 1 implements a greedy algorithm to construct the lexicographically largest string by deciding whether to append or prepend each character from the input string. This is a string manipulation problem (likely Google Code Jam 2014 Qualification Round Problem A: 'Shuffle'). Code Snippet 2 implements a complex scheduling or ordering algorithm using a PriorityQueue to output a sequence of characters based on integer weights, ensuring no character appears more than half the time consecutively or in a way that violates specific constraints (likely Google Code Jam 2014 Qualification Round Problem B: 'Cookie Clicker' or similar, but actually it looks like Problem C: 'Sugar Tea' or more likely Problem B from a different year, specifically it resembles the logic for constructing a valid sequence from frequencies, like in 'Order Matters' or similar greedy construction problems involving counts). The input formats differ (String vs. Integers), the core logic differs (String comparison vs. Priority Queue weight management), and the outputs are different in nature. Therefore, they are not functionally similar.""
}",369
2016_1_2,8152,2014_3_1,138529,NON-CLONE,2026-07-22 08:23:26,"{
 ""answer"": ""NO-NOT-SIMILAR"",
 ""explanation"": ""The two code snippets solve completely different algorithmic problems. \n\nCode Snippet 1 implements a solution for the 'Minimum Scalar Product' or more likely the 'Fair and Square' or 'Minimum Scalar Product' variant, but specifically, looking at the logic: it reads a count `n`, then reads `2n-1` integers. It sorts them and removes pairs of identical numbers. The remaining number is the answer. This is the logic for the Google Code Jam 2012 Round 1B Problem B: 'Minimum Scalar Product' is not it. Actually, this is the logic for **Google Code Jam 2012 Round 1B Problem A: 'Poker Hands'**? No. Let's look closer. It reads `count`, then `count*2-1` integers. It finds the unique element that appears once while all others appear twice. This is the solution for **Google Code Jam 2012 Round 1B Problem B: 'Minimum Scalar Product'**? No. This is the solution for **Google Code Jam 2012 Round 1B Problem A**? No. This",370
2016_1_2,8152,2015_0_3,88073,NON-CLONE,2026-07-22 08:23:39,"{
""answer"": ""NO-NOT-SIMILAR"",
""explanation"": ""The two code snippets solve completely different algorithmic problems. Code Snippet 1 solves a problem involving finding a missing number in a list of integers where every other number appears exactly twice (likely Google Code Jam 2011 Round 1A Problem B: 'Minimum Scalar Product' or similar variant, actually it looks like 'Minimum Scalar Product' is different, this specific logic matches 'Minimum Scalar Product' no, it matches 'Minimum Scalar Product' is dot product. This code reads integers, sorts them, and removes pairs to find a unique element. This is characteristic of the 'Minimum Scalar Product' or 'Alien Numbers' or specifically 'Minimum Scalar Product' is not it. It is actually solving the 'Minimum Scalar Product' no, it is solving the 'Minimum Scalar Product' problem? No, the logic `count*2-1` suggests N numbers where 2N-1 are present and one is missing, or pairs. It finds the unique element in a list of pairs. This is likely Google Code Jam 2011 Round 1A Problem B 'Minimum Scalar Product' is not it. It is likely 'Minimum Scalar",371
2016_1_2,8152,2016_2_1,197689,NON-CLONE,2026-07-22 08:23:48,"{
 ""answer"": ""NO-NOT-SIMILAR"",
 ""explanation"": ""The two code snippets solve completely different problems. Code Snippet 1 solves the 'Minimum Scalar Product' or a similar problem involving finding a unique number from a list of integers where every number appears twice except for one (based on the logic of removing pairs from a sorted list of 2N-1 integers). It reads integers and manipulates an ArrayList. Code Snippet 2 solves the 'Recover the Number' problem (Google Code Jam 2012 Qualification Round Problem A), which involves decoding a string of English words representing digits (e.g., 'ZERO', 'ONE') back into the original sorted sequence of digits by counting unique characters like 'Z', 'W', 'U', etc. The input formats, algorithms, and outputs are entirely different.""
}",372
2016_1_2,8152,2016_1_1,29796,NON-CLONE,2026-07-22 08:24:01,"{
  ""answer"": ""NO-NOT-SIMILAR"",
  ""explanation"": ""The two code snippets solve completely different problems. Code Snippet 1 implements a solution for a problem involving finding a unique number in a list where every other number appears exactly twice (likely Google Code Jam 2009 Round 1A Problem B: 'Minimum Scalar Product' or similar logic involving pairing and removing duplicates, specifically it looks like the 'Minimum Scalar Product' or 'Alien Numbers' but actually it is solving a problem where you have 2N-1 numbers and need to find the missing one from pairs, likely 'Minimum Scalar Product' is not it, it's actually 'Minimum Scalar Product' is A, this is likely 'Alien Numbers' is A, this is B 'Minimum Scalar Product'... wait, looking at the logic: it reads 2N-1 integers, sorts them, and removes pairs. This is the solution to Google Code Jam 2009 Round 1A Problem B: 'Minimum Scalar Product' is A, Problem B is 'Alien Numbers'? No, Problem B is 'Minimum Scalar Product' in 2008. In 2009 Round 1",373
2016_1_2,31984,2015_0_2,77145,NON-CLONE,2026-07-22 08:24:10,"{
  ""answer"": ""NO-NOT-SIMILAR"",
  ""explanation"": ""The two code snippets are not functionally similar. Code Snippet 1 is a utility class (`InputUtils`) designed solely to parse input from a file (`input.in`) and store the data into a static 2D string array (`inputs`). It does not perform any problem-specific logic or calculations; it only handles data ingestion. Code Snippet 2 is a complete solution class (`Solution`) that reads input from `System.in`, processes each test case by solving a specific algorithmic problem (finding the minimum number of pieces of cake based on a formula involving people and their hunger levels), and prints the result. While both snippets handle input reading, Snippet 1 is just an I/O helper, whereas Snippet 2 contains the core business logic and output generation for a specific competitive programming problem. They do not achieve the same result.""
}",374
2016_1_2,31984,2015_0_4,96734,NON-CLONE,2026-07-22 08:24:20,"{
""answer"": ""NO-NOT-SIMILAR"",
""explanation"": ""The two code snippets perform completely different tasks. Code Snippet 1 is a utility class (`InputUtils`) designed to parse a specific input file format for a Google Code Jam problem (likely involving grid or matrix data given the `2*N-1` logic) and store it in a 2D string array. It focuses solely on input reading and data structure population. Code Snippet 2 is a complete solution class (`Omino`) for a different Google Code Jam problem (Ominoes). It reads from standard input, parses integer parameters (x, r, c), executes a specific logical algorithm to determine a winner ('RICHARD' or 'GABRIEL'), and prints the result. They differ in input source (file vs. stdin), processing logic (parsing vs. game theory calculation), and output (internal storage vs. console print).""
}",375
2016_1_2,31984,2016_0_1,69477,NON-CLONE,2026-07-22 08:24:29,"{
  ""answer"": ""NO-NOT-SIMILAR"",
  ""explanation"": ""The two code snippets perform completely different tasks. Code Snippet 1 is a utility class designed to parse a specific input file format (likely for a Google Code Jam problem involving geometry or grids, given the `2*N-1` array size logic) into a 2D string array. It handles file I/O and data structuring. Code Snippet 2 is a complete program that solves the 'Sleeping King' (or 'Insomnia') problem from Google Code Jam 2014. It reads an integer, calculates the smallest multiple of that integer which contains all digits 0-9, and prints the result. One snippet is for input parsing/preprocessing, while the other is for solving a specific algorithmic problem. They do not achieve the same result.""
}",376
2016_1_2,20611,2015_0_4,79014,NON-CLONE,2026-07-22 08:24:36,"{
""answer"": ""NO-NOT-SIMILAR"",
""explanation"": ""The two code snippets solve completely different problems. Code Snippet 1 implements a solution for a problem involving finding missing numbers from a list of frequencies (likely the 'Rank and File' problem from Google Code Jam), using a TreeMap to count occurrences and identifying numbers with odd counts. Code Snippet 2 implements a solution for a tiling problem (likely 'Tiling Recurrence' or similar from Google Code Jam), determining if a grid can be tiled with a specific polyomino based on mathematical conditions involving dimensions R, C, and X. The logic, input processing, and output formats are entirely different.""
}",377
2016_1_2,20611,2013_1_1,35305,NON-CLONE,2026-07-22 08:24:43,"{
 ""answer"": ""NO-NOT-SIMILAR"",
 ""explanation"": ""The two code snippets solve completely different problems. Code Snippet 1 implements a solution for the 'Rank and File' problem from Google Code Jam 2016 Round 1A, which involves finding missing numbers in a grid by counting frequencies of integers. Code Snippet 2 implements a solution for the 'Tiling' problem from Google Code Jam 2012 Round 1A, which involves using binary search with BigInteger arithmetic to find the maximum number of tiles that can be placed in a square. The algorithms, data structures, and logical operations are entirely distinct.""
}",378
2016_1_2,19093,2014_2_1,115332,NON-CLONE,2026-07-22 08:24:57,"{
""answer"": ""NO-NOT-SIMILAR"",
""explanation"": ""The two code snippets solve completely different algorithmic problems. \n\nCode Snippet 1 implements a solution for finding the 'missing' or unique elements in a list of numbers where every other number appears an even number of times (likely related to finding the endpoints of a path in a graph or similar XOR/parity problem). It reads `2*n-1` integers, counts their frequencies, and outputs the `n` integers that appear an odd number of times. The rest of the class contains unused boilerplate for graph algorithms (DFS, Max Flow, 2-SAT, etc.) which are not executed in the main method.\n\nCode Snippet 2 implements a solution for a string manipulation problem (likely 'Fegla Won' from Google Code Jam). It processes strings composed of characters, counts the lengths of contiguous blocks of identical characters for each test case, and calculates the minimum cost to make all block lengths equal by changing characters. It outputs 'Fegla Won' if the transformation is impossible or the calculated cost otherwise.\n\nSince the input formats, processing logic, and output results are entirely different, the snippets are not functionally similar",379
2016_2_1,197689,2014_0_3,22792,NON-CLONE,2026-07-22 08:25:08,"{
  ""answer"": ""NO-NOT-SIMILAR"",
  ""explanation"": ""The two code snippets solve completely different problems. Code Snippet 1 implements a solution for the 'Cryptopangrams' problem (Google Code Jam 2011 Round 1A Problem A), which involves decoding a string of letters back into a sequence of digits based on the unique letters present in the English word representations of those digits (e.g., 'Z' is unique to 'ZERO'). Code Snippet 2 implements a solution for the 'Minesweeper' problem (Google Code Jam 2011 Round 1A Problem C), which involves placing mines on a grid such that all non-mine cells can be revealed by clicking on a single cell. The logic, input formats, data structures, and output formats are entirely different.""
}",380
2016_2_1,197689,2013_0_2,90919,NON-CLONE,2026-07-22 08:25:15,"{
 ""answer"": ""NO-NOT-SIMILAR"",
 ""explanation"": ""The two code snippets solve completely different problems. Code Snippet 1 implements a solution for a problem involving decoding scrambled English words for digits (e.g., 'ZERO', 'ONE') by counting unique characters (like Z, W, U, X, G) to determine the frequency of each digit 0-9. Code Snippet 2 implements a solution for a matrix validation problem, checking if every element in a given N x M matrix is either the maximum in its row or the maximum in its column. The logic, input data structures, and output formats are entirely different.""
}",381
2016_2_1,197689,2015_0_1,65869,NON-CLONE,2026-07-22 08:25:26,"{
  ""answer"": ""NO-NOT-SIMILAR"",
  ""explanation"": ""The two code snippets solve completely different problems. Code Snippet 1 solves the 'Recovering the Digits' problem (Google Code Jam 2012 Qualification Round Problem A), where the input is a string of English letters representing digits (e.g., 'ZERO', 'ONE'), and the goal is to reconstruct the original sorted sequence of digits by counting unique character occurrences. Code Snippet 2 solves the 'Minimum Scalar Product' or a similar array manipulation problem (likely Google Code Jam 2008 Qualification Round Problem A, though the logic seems slightly off for that specific problem, it deals with parsing an integer and an array of digits/characters and performing arithmetic operations on indices and values). Specifically, Snippet 1 parses strings of letters to count frequencies, while Snippet 2 parses integers and character arrays to perform mathematical summation based on indices. Their input formats, processing logic, and output results are entirely different.""
}",382
2016_2_1,197689,2013_0_1,124149,NON-CLONE,2026-07-22 08:25:36,"{
 ""answer"": ""NO-NOT-SIMILAR"",
 ""explanation"": ""The two code snippets solve completely different problems. Code Snippet 1 solves the 'Reversing Numbers' problem (Google Code Jam 2012 Round 1A Problem A), which involves decoding a string of English letters representing digits (e.g., 'ZERO', 'ONE') back into the original sorted sequence of digits. It does this by counting letter frequencies and using unique identifiers for specific digits (like 'Z' for 0, 'W' for 2, etc.). Code Snippet 2 solves the 'Tic-Tac-Toe' problem (Google Code Jam 2012 Round 1A Problem B), which involves analyzing a 4x4 game board to determine the winner (X or O), a draw, or if the game is incomplete. The logic, data structures, and input/output formats are entirely distinct.""
}",383
2016_2_1,192495,2016_0_4,100472,NON-CLONE,2026-07-22 08:25:47,"{
  ""answer"": ""NO-NOT-SIMILAR"",
  ""explanation"": ""The two code snippets solve completely different problems. Code Snippet 1 solves the 'Revenge of the Pancakes' or more accurately the 'Counting Sheep' style problem from Google Code Jam 2016 Round 1A Problem A (T9), which involves decoding a string of English number words (ZERO, ONE, TWO, etc.) to reconstruct the original sequence of digits. It counts specific unique letters (Z, W, U, X, G) to identify digits 0, 2, 4, 6, 8, and then uses arithmetic deductions to find the counts of the remaining digits. Code Snippet 2 solves Google Code Jam 2016 Round 1A Problem B (Fractiles), which involves determining if it is possible to identify a hidden permutation using a limited number of experiments, and if so, outputting the sequence of experiments. The logic, input parameters, and output formats are entirely different.""
}",384
2016_2_1,192495,2016_0_2,68074,NON-CLONE,2026-07-22 08:25:56,"{
  ""answer"": ""NO-NOT-SIMILAR"",
  ""explanation"": ""The two code snippets solve completely different problems. Code Snippet 1 solves the 'Recovering the Number' problem (likely from Google Code Jam 2016 Qualification Round), where it takes a string of English words representing digits (e.g., 'ZERO', 'ONE') and reconstructs the original sequence of digits by counting unique letters and resolving overlaps. Code Snippet 2 solves the 'Pancake Sorting' or 'Reversing Pancakes' problem (also from Google Code Jam 2016 Qualification Round), where it calculates the minimum number of flips required to turn a string of '+' and '-' characters into all '+'. The input formats, logic, and outputs are entirely different.""
}",385
2016_2_1,192495,2014_0_3,71973,NON-CLONE,2026-07-22 08:26:04,"{
  ""answer"": ""NO-NOT-SIMILAR"",
  ""explanation"": ""The two code snippets solve completely different problems. Code Snippet 1 implements a solution for a problem involving decoding numbers from English words (specifically Google Code Jam 2012 Round 1A Problem A: 'Saving the Universe'). It counts specific unique letters to determine the count of digits 0-9 and reconstructs the original sequence of numbers. Code Snippet 2 implements a solution for a grid-based tiling problem (specifically Google Code Jam 2012 Round 1A Problem C: 'Tile Tiling'). It attempts to fill a grid with dominoes given certain constraints and outputs the grid configuration or 'Impossible'. The input formats, algorithms, and outputs are entirely different.""
}",386
2016_2_1,187476,2016_0_4,100472,NON-CLONE,2026-07-22 08:26:13,"{
  ""answer"": ""NO-NOT-SIMILAR"",
  ""explanation"": ""The two code snippets solve completely different algorithmic problems. Code Snippet 1 solves the 'Reverbed' problem (likely from Google Code Jam 2016 Round 1C), which involves reconstructing a sequence of digits from a scrambled string of their English word representations by counting character frequencies and using unique identifiers for specific digits. Code Snippet 2 solves the 'Fractiles' problem (from Google Code Jam 2016 Round 1A), which involves determining a sequence of indices to query a hidden array to reconstruct a subsequence, involving logic related to powers of K and impossibility checks. The input formats, output formats, core logic, and data structures used are entirely different.""
}",387
2016_2_1,187476,2014_0_3,22792,NON-CLONE,2026-07-22 08:26:24,"{
  ""answer"": ""NO-NOT-SIMILAR"",
  ""explanation"": ""The two code snippets solve completely different problems. Code Snippet 1 implements a solution for the 'Recover the Number' problem (Google Code Jam 2012 Round 1A Problem A), which involves decoding a shuffled string of English number words (ZERO through NINE) back into the original sequence of digits. It uses character frequency analysis and a specific order of extraction based on unique letters (like Z for ZERO, W for TWO, etc.). Code Snippet 2 implements a solution for the 'Minesweeper' problem (Google Code Jam 2011 Round 1A Problem A), which involves placing mines in a grid such that the player can clear the entire board with a single click. It uses grid manipulation, neighbor counting, and heuristic placement algorithms. The logic, data structures, and objectives are entirely different.""
}",388
2016_2_1,193269,2013_0_1,84294,NON-CLONE,2026-07-22 08:26:32,"{
""answer"": ""NO-NOT-SIMILAR"",
""explanation"": ""The two code snippets solve completely different problems. Code Snippet 1 implements a solution for the 'Getting Digits' problem, which involves parsing a jumbled string of English number words (e.g., 'zero', 'one') to extract and sort the digits. It uses character frequency counting and specific removal patterns for unique letters in number words. Code Snippet 2 implements a solution for the 'Tic-Tac-Toe' problem, which involves reading a 4x4 game board and determining the winner (X or O), a draw, or if the game is incomplete. The logic, input processing, and output formats are entirely distinct.""
}",389
2016_3_1,205670,2013_0_2,114653,NON-CLONE,2026-07-22 08:26:41,"{
""answer"": ""NO-NOT-SIMILAR"",
""explanation"": ""The two code snippets solve completely different problems. Code Snippet 1 implements a solution for the 'Fractiles' problem (likely from Google Code Jam 2014), which involves simulating a process of breaking fractiles and outputting a sequence of operations. It processes a 1D array of integers and outputs a string of characters. Code Snippet 2 implements a solution for the 'Landscape' problem (likely from Google Code Jam 2013 Qualification Round), which checks if a 2D grid of heights can be formed by horizontal and vertical strokes. It processes a 2D array and outputs a boolean result ('YES' or 'NO'). The input structures, algorithms, and outputs are fundamentally different.""
}",390
2016_3_1,205670,2016_2_1,197689,NON-CLONE,2026-07-22 08:26:51,"{
 ""answer"": ""NO-NOT-SIMILAR"",
 ""explanation"": ""The two code snippets solve completely different problems. Code Snippet 1 implements a solution for the 'Fractiles' problem (likely from Google Code Jam 2016 Qualification Round), which involves simulating a process of splitting a set of integers based on their maximum values and outputting the sequence of indices. Code Snippet 2 implements a solution for the 'Recover the Number' or similar digit reconstruction problem (likely from Google Code Jam 2016 Round 1A Problem A 'Socks' is not it, but 'Cryptopangrams' or 'Digit' problems exist; specifically, this looks like 'Recover the String' or a problem where you reconstruct digits from their English word representations like ZERO, ONE, TWO, etc., by counting unique letters like Z, W, U, X, G). The input formats, logic, and outputs are entirely different.""
}",391
2016_3_1,205670,2016_1_1,1153,NON-CLONE,2026-07-22 08:26:59,"{
 ""answer"": ""NO-NOT-SIMILAR"",
 ""explanation"": ""The two code snippets solve completely different problems. Code Snippet 1 implements a solution for the 'Fractiles' problem (likely from Google Code Jam 2016), which involves processing an array of integers representing senator votes and outputting a sequence of characters based on specific reduction rules. Code Snippet 2 implements a solution for the 'The Last Word' problem (likely from Google Code Jam 2016), which involves rearranging characters of a string to form the lexicographically largest possible string by inserting characters at the beginning or end. The input formats, data structures, algorithms, and output formats are entirely different.""
}",392
2016_3_1,205670,2013_0_2,55421,NON-CLONE,2026-07-22 08:27:08,"{
  ""answer"": ""NO-NOT-SIMILAR"",
  ""explanation"": ""The two code snippets solve completely different problems. Code Snippet 1 implements a solution for the 'Fractiles' problem (likely from Google Code Jam 2014 Round 1A), which involves determining a sequence of moves to identify a specific fractile in a sorted list of integers based on a set of rules. Code Snippet 2 implements a solution for the 'Lawnmower' problem (likely from Google Code Jam 2013 Round 1A), which involves checking if a given garden height matrix can be achieved by a lawnmower that cuts rows or columns to a specific height. The logic, data structures, input formats, and output formats are entirely different.""
}",393
2016_3_1,211583,2014_0_3,71973,NON-CLONE,2026-07-22 08:27:17,"{
  ""answer"": ""NO-NOT-SIMILAR"",
  ""explanation"": ""The two code snippets solve completely different problems. Code Snippet 1 implements a greedy algorithm using a PriorityQueue to solve the 'Parenting Partnering Returns' problem (Google Code Jam 2011 Qualification Round), which involves scheduling tasks between two parents based on their available time slots. It reads integer arrays representing task durations and outputs a sequence of parent assignments. Code Snippet 2 solves the 'Tile' problem (Google Code Jam 2010 Round 1C), which involves filling a grid with tiles starting from a corner, avoiding obstacles, and outputting the final grid configuration or 'Impossible'. The input formats, data structures (PriorityQueue vs 2D char array), algorithms (greedy scheduling vs grid traversal/backtracking), and outputs are entirely different.""
}",394
2016_3_1,211583,2013_0_2,90919,NON-CLONE,2026-07-22 08:27:30,"{
  ""answer"": ""NO-NOT-SIMILAR"",
  ""explanation"": ""The two code snippets solve completely different problems. Code Snippet 1 implements a greedy algorithm using a PriorityQueue to determine a valid ordering of characters based on weights (likely solving Google Code Jam 2012 Round 1C Problem A 'Fair and Square' or similar scheduling problem, specifically 'Rank and Break' or 'Haircut' variant, actually it looks like 'Fair and Square' is not it, it's likely 'Tidy First Digits' or similar, but specifically it resembles the logic for 'Fair and Square' or 'Rank and Break' - actually, looking closely, it outputs characters based on weights, resembling the 'Fair and Square' or 'Haircut' or 'Tidy First Digits'... wait, the logic `k.w==1` and outputting chars suggests it's solving a problem where you need to output a sequence of characters such that no character appears more than half the time, which is Google Code Jam 2012 Round 1C Problem A 'Fair and Square' is not it. It is actually Google Code Jam 2012 Round 1C Problem A 'Fair and",395
2016_3_1,211583,2013_0_1,124226,NON-CLONE,2026-07-22 08:27:39,"{
""answer"": ""NO-NOT-SIMILAR"",
""explanation"": ""The two code snippets solve completely different problems. Code Snippet 1 implements a greedy algorithm to schedule tasks based on their weights, likely for a problem like 'Minimum Time to Complete Tasks' or similar priority queue scheduling problem (resembling Google Code Jam 'Saving the Universe' or 'Tic-Tac-Toe' but actually looks like 'Minimum Time' or 'Task Scheduling' logic). It uses a PriorityQueue to manage task execution order. Code Snippet 2 implements a solution for the Tic-Tac-Toe game (specifically Google Code Jam 2013 Round 1A Problem A: Tic-Tac-Toe-Toe-Tac), checking a 4x4 grid for winning conditions for 'X' or 'O', draws, or incomplete games. The input formats, data structures, and logical goals are entirely different.""
}",396
2016_3_1,210871,2015_0_1,68106,NON-CLONE,2026-07-22 08:27:49,"{
  ""answer"": ""NO-NOT-SIMILAR"",
  ""explanation"": ""The two code snippets solve completely different problems. Code Snippet 1 implements a greedy algorithm to construct a string by repeatedly picking characters with the highest remaining counts, which corresponds to the 'Standing Ovation' or similar character arrangement problems (specifically it looks like a solution for a problem involving arranging characters based on frequency, possibly 'Pogo' or a custom variant, but definitely involves character manipulation and frequency maps). Code Snippet 2 solves the 'Standing Ovation' problem from Google Code Jam 2016 Round 1A, which calculates the minimum number of friends needed to invite to ensure everyone claps, based on a string of integers representing shy levels. The logic, data structures (HashMap vs simple integer arithmetic), and input/output formats are entirely different.""
}",397
2016_3_1,210871,2013_0_2,114653,NON-CLONE,2026-07-22 08:27:58,"{
  ""answer"": ""NO-NOT-SIMILAR"",
  ""explanation"": ""The two code snippets solve completely different problems. Code Snippet 1 implements a greedy algorithm to construct a string from character counts, likely solving a problem related to arranging characters with specific frequency constraints (resembling Google Code Jam 2016 Round 1A 'A. Om Nom and Dark Park' or similar string construction tasks, though the logic is specific to reducing max frequencies). It outputs a string of characters. Code Snippet 2 solves the 'B. Garden' problem from Google Code Jam 2013 Qualification Round. It checks if a given grid of integers could have been generated by a specific process involving row and column maxima, outputting 'YES' or 'NO'. The input formats, data structures (HashMap vs 2D Array), core logic (string construction vs grid validation), and outputs are entirely different.""
}",398
2016_3_1,218815,2016_0_1,60475,NON-CLONE,2026-07-22 08:28:08,"{
 ""answer"": ""NO-NOT-SIMILAR"",
 ""explanation"": ""The two code snippets solve completely different algorithmic problems. Code Snippet 1 implements a solution for the 'Kingdom Rush' problem (Google Code Jam 2016 Round 1C Problem A), which involves processing a sequence of integers to determine the order in which characters (representing kingdoms) are added to a string based on a specific merging logic. Code Snippet 2 implements a solution for the 'Revenge of the Large Digits' or more likely 'Sleeping King' / 'Insomnia' problem (Google Code Jam 2014 Qualification Round Problem B), which calculates the smallest multiple of a number N such that the decimal representation of the cumulative sum contains all digits from 0 to 9. The input formats, internal logic, data structures, and output formats are entirely different.""
}",399
