program_a,variant_a,program_b,variant_b,ground_truth,timestamp,response,pair_id
2013_0_1,103399,2013_0_1,99825,CLONE,2026-07-16 17:09:49,"{
    ""answer"": ""YES-SIMILAR"",
    ""explanation"": ""Both code snippets implement a Tic-Tac-Toe game solver. The Java code reads a file with game states, processes them, and determines the winner or draw status. The C++ code does the same but with a different input/output mechanism. Both use similar logic to check for wins in rows, columns, diagonals, and handle special cases like 'T' moves. The core functionality of determining game outcomes is identical, just implemented in different languages with different input/output methods.""
}",0
2013_0_1,99825,2013_0_1,125888,CLONE,2026-07-16 17:09:51,"{
    ""answer"": ""YES-SIMILAR"",
    ""explanation"": ""Both code snippets are implementations of a Tic-Tac-Toe game analyzer. They both read game states from input, analyze the game board to determine the winner or draw status, and output the result. The C++ code uses a more complex scoring system with arrays q and r to track game state, while the Python code uses a simpler approach with sets to track winning lines. Despite the different implementation approaches, both programs achieve the same goal of determining the game outcome from a given board state.""
}",1
2013_0_1,125888,2013_0_1,84842,CLONE,2026-07-16 17:09:54,"{
    ""answer"": ""YES-SIMILAR"",
    ""explanation"": ""Both code snippets are implementations of a Tic-Tac-Toe game state analyzer. They both take input of a 4x4 game board, check for winning conditions, and determine the game state (whether it's a draw, a win for player O or X, or an ongoing game). The main differences are in the syntax and structure, but the core functionality is the same. The Python code uses sets to check for winning conditions, while the PHP code uses regular expressions, but both achieve the same result.""
}",2
2013_0_1,84842,2013_0_1,103399,CLONE,2026-07-16 17:09:57,"{
    ""answer"": ""YES-SIMILAR"",
    ""explanation"": ""Both code snippets implement a game of Tic-Tac-Toe (O and X) where they read input data, check for winning conditions, and determine the game's outcome. They both use regular expressions to check for winning patterns in rows, columns, and diagonals. The PHP code uses a simpler approach with a single regex pattern, while the Java code uses multiple regex patterns to check different winning conditions. Both codes also handle the case where the game is not completed (when there's a dot in the board). The main difference is in the implementation",3
2013_0_1,49244,2013_0_1,98087,CLONE,2026-07-16 17:10:00,"{
    ""answer"": ""YES-SIMILAR"",
    ""explanation"": ""Both code snippets implement a Tic-Tac-Toe game solver. They both take a board input, determine the winner, and output the result. The Java code uses a Game class with a board representation and a winner() method that checks for wins in rows, columns, and diagonals. The C++ code uses a similar approach with a 4x4 board, checking for wins in rows, columns, and diagonals, and determining if the game is complete or a draw. Both implementations handle the same game logic and produce the same output for",4
2013_0_1,98087,2013_0_1,91336,CLONE,2026-07-16 17:10:03,"{
    ""answer"": ""YES-SIMILAR"",
    ""explanation"": ""Both code snippets implement a game of Tic-Tac-Toe (X and O) where they check for wins, draws, and incomplete games. They both read input from a file, process the game state, and output the result. The main differences are in the language (C++ vs Python) and implementation details, but the core functionality is the same. Both check for wins in rows, columns, and diagonals, and determine if the game is complete or if there are still empty cells.""
}",5
2013_0_1,91336,2013_0_1,102913,CLONE,2026-07-16 17:10:06,"{
    ""answer"": ""YES-SIMILAR"",
    ""explanation"": ""Both code snippets implement a Tic-Tac-Toe game checker. They both read input from a file, process game states, and determine the winner or status of each game. The Python code uses a map representation and checks for winners in rows, columns, and diagonals, while the PHP code uses a similar approach with a board representation. Both implement the same logic for checking game states and determining the winner, making them functionally similar despite the different programming languages and implementation details.""
}",6
2013_0_1,102913,2013_0_1,49244,CLONE,2026-07-16 17:10:09,"{
    ""answer"": ""YES-SIMILAR"",
    ""explanation"": ""Both code snippets implement a game board checker that determines the winner of a tic-tac-toe game. The PHP code reads input from a file, processes the board, and determines the winner based on rows, columns, and diagonals. The Java code does the same, reading input from a file, processing the board, and determining the winner. Both implementations check for 'X' and 'O' wins, draws, and incomplete games. The main difference is in the syntax and structure, but the functional logic is the same.""
}",7
2013_0_1,126886,2013_0_1,72071,CLONE,2026-07-16 17:10:12,"{
    ""answer"": ""YES-SIMILAR"",
    ""explanation"": ""Both code snippets implement a Tic-Tac-Toe game solver. They read input from a file, process the game board, and determine the winner or game status. The Java code uses a BufferedReader to read the input, while the C++ code uses cin. Both implement the same logic for checking rows, columns, and diagonals for wins, and handle cases where the game is not completed. The output format is also similar, showing the case number and the game result.""
}",8
2013_0_1,72071,2013_0_1,70537,CLONE,2026-07-16 17:10:14,"{
    ""answer"": ""YES-SIMILAR"",
    ""explanation"": ""Both code snippets implement the same game logic: they read a grid of X, O, and T characters, check for wins in rows, columns, and diagonals, and determine the game state (win, draw, or not ended). The C++ code uses a more traditional approach with nested loops, while the Python code uses more modern features like list comprehensions and itertools. Despite the different implementation approaches, both achieve the same functionality.""
}",9
2013_0_1,70537,2013_0_1,127485,CLONE,2026-07-16 17:10:17,"{
    ""answer"": ""YES-SIMILAR"",
    ""explanation"": ""Both code snippets are implementations of the same game logic, specifically a Tic-Tac-Toe variant. They both read input from a file, process game states, and determine the winner or draw status. The main differences are in syntax and structure, with the Python code using more modern features like list comprehensions and the PHP code using more traditional array operations. Both handle the same game mechanics including checking rows, columns, and diagonals for wins, and determining if the game is a draw when there are no more moves. The output format is also similar",10
2013_0_1,127485,2013_0_1,126886,CLONE,2026-07-16 17:10:20,"{
    ""answer"": ""YES-SIMILAR"",
    ""explanation"": ""Both code snippets implement a Tic-Tac-Toe game solver that reads input from a file, processes the game state, and determines the winner or draw status. The PHP code reads input from 'A-large.in' and processes the game state to determine if X or O won, or if the game is a draw. The Java code reads input from 'A-2013' and performs the same analysis. Both implementations check for wins in rows, columns, and diagonals, and determine the game status based on the presence of empty cells. The",11
2013_0_2,95524,2013_0_2,83774,CLONE,2026-07-16 17:10:23,"{
    ""answer"": ""YES-SIMILAR"",
    ""explanation"": ""Both code snippets solve the same problem: determining if a grid of numbers is valid based on the condition that in each row and column, all elements are in non-decreasing order. The Java code uses a more complex approach with a 'posible' boolean array to track valid positions, while the C++ code uses a simpler approach with a single boolean flag. Both solutions check each row and column for the non-decreasing order condition and output 'YES' or 'NO' accordingly. The main differences are in the implementation details and the specific algorithms used",12
2013_0_2,83774,2013_0_2,78034,CLONE,2026-07-16 17:10:26,"{
    ""answer"": ""YES-SIMILAR"",
    ""explanation"": ""Both code snippets implement the same algorithm to check if a matrix contains a maximum element. They both take a matrix as input and check each element against the maximum elements in its row and column. If any element is less than both the row maximum and column maximum, the function returns 'NO'. Otherwise, it returns 'YES'. The main differences are in the implementation language (C++ vs Python) and the specific details of how the maximum elements are calculated, but the core logic and purpose are the same.""
}",13
2013_0_2,78034,2013_0_2,71957,CLONE,2026-07-16 17:10:28,"{
    ""answer"": ""YES-SIMILAR"",
    ""explanation"": ""Both code snippets solve the same problem: determining if a given matrix (lawn) has any element that is smaller than both its row maximum and column maximum. The Python code uses a more concise approach with list comprehensions and lambda functions, while the PHP code uses explicit loops and array operations. Both implement the same logic: finding row and column maximums, then checking each element against these maximums to determine if the matrix is valid (all elements >= both row and column maximums). The main differences are in syntax and structure, but the functional",14
2013_0_2,71957,2013_0_2,95524,CLONE,2026-07-16 17:10:31,"{
    ""answer"": ""YES-SIMILAR"",
    ""explanation"": ""Both code snippets solve the same problem: reading input data from a file, processing a grid of numbers, and determining if it's possible to arrange the numbers in a way that satisfies certain conditions. The PHP code reads dimensions, processes the grid, and checks if it's possible to arrange the numbers in a way that satisfies the conditions. The Java code does the same thing but with different implementation details. Both codes have similar logic for checking the possibility of arranging numbers, and both output 'YES' or 'NO' based on the possibility. The main",15
2013_0_2,44471,2013_0_2,140779,CLONE,2026-07-16 17:10:34,"{
    ""answer"": ""YES-SIMILAR"",
    ""explanation"": ""Both code snippets solve the same problem: determining if a grid of numbers can be valid based on row and column constraints. The Java code uses a 2D array 'm' and checks if each row and column contains only the minimum value 'lowest'. The C++ code uses a similar approach, checking each row and column to ensure they contain only the minimum value. Both implementations follow the same logic: if any row or column contains a value higher than the minimum, the solution is invalid (NO), otherwise it's valid (YES). The main",16
2013_0_2,140779,2013_0_2,122219,CLONE,2026-07-16 17:10:37,"{
    ""answer"": ""YES-SIMILAR"",
    ""explanation"": ""Both code snippets implement the same algorithm to check if a given grid of numbers can be represented as a valid chessboard. The C++ code uses a 2D array 'g' and checks if each cell's value is greater than the maximum value in its row and column. The Python code does the same thing but with a different data structure (2D list 'board') and uses list comprehensions and max() function to achieve the same result. Both programs take input for the number of test cases and for each test case, they read the",17
2013_0_2,122219,2013_0_2,96711,CLONE,2026-07-16 17:10:39,"{
    ""answer"": ""YES-SIMILAR"",
    ""explanation"": ""Both code snippets are solving the same problem: determining if it's possible to place a queen in a chessboard-like grid where no two queens can attack each other. The Python code reads input from a file, processes test cases, and checks if it's possible to place queens in each test case. The PHP code does the same thing but reads input from standard input. Both codes use similar logic to check if a queen can be placed in a given position by comparing the current position with all other positions in the same row and column. The output format",18
2013_0_2,96711,2013_0_2,44471,CLONE,2026-07-16 17:10:42,"{
    ""answer"": ""YES-SIMILAR"",
    ""explanation"": ""Both code snippets implement the same algorithm to determine if a lawn mower can mow a lawn. The PHP code reads input from stdin, processes test cases, and checks if each row and column has the same minimum value. The Java code does the same thing but with file input/output and uses a more object-oriented approach. Both implement the same logic for checking if a lawn can be mowed, with the same conditions for success (all rows and columns having the same minimum value). The main differences are in the language and implementation details, but the core",19
2013_0_2,55421,2013_0_2,91409,CLONE,2026-07-16 17:10:45,"{
    ""answer"": ""YES-SIMILAR"",
    ""explanation"": ""Both code snippets solve the same problem: determining if a lawn can be mowed safely. They both read input data containing the dimensions of the lawn and the values at each position, then check if there are any 'bad' positions (where the value is less than 0 or greater than 100, or where the value is different from the maximum value in its row or column). If any 'bad' positions are found, they output 'NO', otherwise 'YES'. The Java code uses a more complex approach with helper methods, while the C",20
2013_0_2,91409,2013_0_2,85165,CLONE,2026-07-16 17:10:47,"{
    ""answer"": ""YES-SIMILAR"",
    ""explanation"": ""Both code snippets read input from a file, process a 2D grid of integers, and determine if a certain condition is met for each case. The C++ code reads a grid and checks if all values are between 0 and 100, while the Python code implements a similar logic with a different approach. Both output 'YES' or 'NO' based on whether the condition is met. The main differences are in the implementation details and the specific condition being checked, but the overall functionality is similar.""
}",21
2013_0_2,85165,2013_0_2,68303,CLONE,2026-07-16 17:10:50,"{
    ""answer"": ""YES-SIMILAR"",
    ""explanation"": ""Both code snippets implement the same algorithm for checking if a lawn configuration is possible. They both read input data, process it to find the minimum and maximum heights, and then check if the heights can be equalized. The Python code uses a while loop to repeatedly adjust the heights until they match, while the PHP code uses a different approach to check if the heights are possible to equalize. Despite the different implementations, both achieve the same goal of determining if the lawn configuration is valid.""
}",22
2013_0_2,68303,2013_0_2,55421,CLONE,2026-07-16 17:10:53,"{
    ""answer"": ""YES-SIMILAR"",
    ""explanation"": ""Both code snippets solve the same problem: determining if a lawn can be mowed by a lawnmower. The PHP code reads input from a file, processes the lawn dimensions and grass heights, and determines if it's possible to mow the lawn. The Java code does the same thing but with more structured code and proper error handling. Both implement the same logic: checking if there are any grass heights that are not the maximum in their row or column, which would make it impossible to mow the lawn. The main difference is in the implementation",23
2013_0_3,108834,2013_0_3,102625,CLONE,2026-07-16 17:10:56,"{
    ""answer"": ""YES-SIMILAR"",
    ""explanation"": ""Both code snippets implement the same algorithm for finding the number of perfect squares within a given range. The Java code uses a more complex approach with precomputed results and palindrome checks, while the C++ code uses a lookup table (array) to find the count of perfect squares. Both programs take input for the range (a, b) and output the count of perfect squares in that range. The core logic of finding the count of perfect squares is the same, just implemented differently in each language.""
}",24
2013_0_3,102625,2013_0_3,102207,CLONE,2026-07-16 17:10:58,"{
    ""answer"": ""YES-SIMILAR"",
    ""explanation"": ""Both code snippets solve the same problem: finding the count of perfect squares between two given numbers. The first snippet uses a precomputed array of perfect squares and binary search to find the count, while the second snippet uses a predefined list of perfect squares and a linear search approach. Although they use different methods and languages, they achieve the same result of counting perfect squares within a given range.""
}",25
2013_0_3,102207,2013_0_3,89287,CLONE,2026-07-16 17:11:01,"{
    ""answer"": ""NO-NOT-SIMILAR"",
    ""explanation"": ""The two code snippets are not functionally similar. Code Snippet 1 is a Python program that reads input from a file, processes numbers, and writes output to another file. It contains a list of numbers and a function to count how many numbers in the list are perfect squares within a given range. Code Snippet 2 is a PHP program that generates perfect squares and counts how many of them are palindromic numbers within a given range. While both programs deal with perfect squares, they have different purposes and implementations. Code Sn",26
2013_0_3,89287,2013_0_3,108834,CLONE,2026-07-16 17:11:05,"{
    ""answer"": ""NO-NOT-SIMILAR"",
    ""explanation"": ""While both code snippets appear to be solving a similar problem (counting palindromic numbers), they are implemented very differently. The PHP code uses a custom implementation of palindrome checking and number generation, while the Java code uses built-in methods and a more structured approach with classes and methods. The PHP code also has a different algorithm for generating the next number in the sequence, and the Java code includes additional features like input/output handling and file operations that are not present in the PHP code. The core logic of both programs is different, making",27
2013_0_3,59317,2013_0_3,81195,CLONE,2026-07-16 17:11:07,"{
    ""answer"": ""YES-SIMILAR"",
    ""explanation"": ""Both code snippets are solving the same problem: finding the number of fair and square numbers (numbers that are perfect squares of palindromic numbers) within a given range. They both use a recursive approach to generate palindromic numbers and then check if their squares fall within the specified range. The Java code uses BigInteger for large numbers, while the C++ code uses long long, but the logic and purpose of both programs are identical.""
}",28
2013_0_3,81195,2013_0_3,51164,CLONE,2026-07-16 17:11:10,"{
    ""answer"": ""YES-SIMILAR"",
    ""explanation"": ""Both code snippets implement the same algorithm to find and count palindromic squares within a given range. The first snippet uses C++ with a recursive approach to generate palindromic squares, while the second snippet uses Python with a different approach but achieves the same result. Both programs take input for the range and count the number of palindromic squares within that range. The main differences are in the implementation language and approach, but the functional purpose is the same.""
}",29
2013_0_3,51164,2013_0_3,92037,CLONE,2026-07-16 17:11:11,"{
    ""answer"": ""YES-SIMILAR"",
    ""explanation"": ""Both code snippets solve the same problem: they read input from a file, process a list of squares of numbers, and count how many squares fall within a given range [lower, upper] for each test case. The main differences are in the syntax and structure, but the core logic and functionality are the same. Both use similar algorithms to check for palindromic numbers and count squares within ranges.""
}",30
2013_0_3,92037,2013_0_3,59317,CLONE,2026-07-16 17:11:14,"{
    ""answer"": ""YES-SIMILAR"",
    ""explanation"": ""Both code snippets solve the same problem: finding the number of squares that are palindromes and fall within a given range. The PHP code reads input from a file, processes each case, and outputs the results. The Java code does the same but with different input handling and a more complex algorithm for counting squares. Both implement the same core logic of counting squares within a range, making them functionally similar despite their different implementations and languages.""
}",31
2013_0_3,74156,2013_0_3,53348,CLONE,2026-07-16 17:11:17,"{
    ""answer"": ""YES-SIMILAR"",
    ""explanation"": ""Both code snippets are implementations of the same algorithm to count square palindromes. The Java code reads input from a file 'test.txt' and writes output to 'out.txt', while the C++ code reads from 'input.txt' and writes to 'stdout'. Both programs use the same logic to count numbers that are both palindromes and have palindromic squares. The main difference is in the input/output handling and the specific implementation details, but the core algorithm and functionality are identical.""
}",32
2013_0_3,53348,2013_0_3,70289,CLONE,2026-07-16 17:11:20,"{
    ""answer"": ""YES-SIMILAR"",
    ""explanation"": ""Both code snippets implement the same algorithm for counting palindromic squares within a given range. The C++ code uses a precomputed array of palindromic squares (d[]), while the Python code generates the same data dynamically. Both programs take input for a range (L, R) and count how many palindromic squares fall within that range. The main difference is in the implementation approach and language, but the functional logic is identical.""
}",33
2013_0_3,70289,2013_0_3,132829,CLONE,2026-07-16 17:11:23,"{
    ""answer"": ""YES-SIMILAR"",
    ""explanation"": ""Both code snippets implement the same algorithm for a Google Code Jam problem. They both read input from a file, process squares, and count numbers between two values. The Python code uses a learn function to generate data and save it to a file, while the PHP code directly reads from pre-generated files. Both implementations follow the same logic for counting numbers between two values and checking if a number is a palindrome. The main difference is in the implementation language and file handling approach, but the core functionality is identical.""
}",34
2013_0_3,132829,2013_0_3,74156,CLONE,2026-07-16 17:11:25,"{
    ""answer"": ""NO-NOT-SIMILAR"",
    ""explanation"": ""While both code snippets involve processing numbers and squares, they are fundamentally different in their purpose and implementation. The PHP code processes a list of squares from a file and performs calculations based on the positions of numbers in that list, while the Java code counts palindromic squares within a given range. The PHP code uses a global array of squares and performs specific calculations based on the positions of numbers in that array, whereas the Java code checks for palindromic properties of numbers and their squares. The two code snippets have different input formats,",35
2013_1_1,42047,2013_1_1,28766,CLONE,2026-07-16 17:11:27,"{
    ""answer"": ""YES-SIMILAR"",
    ""explanation"": ""Both code snippets are solving the same problem: finding a value based on input parameters r and t. They both use binary search to find the value, and the mathematical formulas used in the calculations are equivalent. The main difference is in the implementation language (Java vs C++) and the specific details of the binary search implementation, but the core logic and purpose are the same.""
}",36
2013_1_1,28766,2013_1_1,37029,CLONE,2026-07-16 17:11:30,"{
    ""answer"": ""YES-SIMILAR"",
    ""explanation"": ""Both code snippets are solving the same problem: finding the number of rings that can be painted with a given amount of paint. They both use binary search to find the optimal number of rings. The C++ code uses a while loop with low and high bounds to find the answer, while the Python code uses a similar approach with a while loop and some additional logic for handling the search space. Both implementations aim to find the maximum number of rings that can be painted with the given amount of paint (t) and radius (r).""
}",37
2013_1_1,37029,2013_1_1,34507,CLONE,2026-07-16 17:11:32,"{
    ""answer"": ""YES-SIMILAR"",
    ""explanation"": ""Both code snippets solve the same problem: finding the number of rings that can be painted with a given radius and paint volume. They use similar mathematical formulas and approaches, though implemented differently. The Python code uses a more straightforward iterative approach, while the PHP code uses a binary search approach. Both handle input cases and output results in a similar way, processing multiple test cases with radius and paint volume parameters.""
}",38
2013_1_1,34507,2013_1_1,42047,CLONE,2026-07-16 17:11:34,"{
    ""answer"": ""YES-SIMILAR"",
    ""explanation"": ""Both code snippets solve the same mathematical problem, which appears to be finding a specific value based on given parameters. The PHP code uses a recursive approach with binary search to find the value, while the Java code uses a similar binary search approach but with BigInteger calculations. Both handle input/output operations to read from a file and write results to an output file. The core mathematical logic, despite being implemented differently, achieves the same result.""
}",39
2013_1_1,30835,2013_1_1,30228,CLONE,2026-07-16 17:11:37,"{
    ""answer"": ""YES-SIMILAR"",
    ""explanation"": ""Both code snippets solve the same problem: finding the maximum possible value of k in the equation 2*k*k + (2*r-1) * k - t = 0, where r and t are input values. The Java code uses a while loop to find k, while the C++ code uses binary search to find the answer. Both approaches achieve the same result, just with different algorithms. The Java code also handles edge cases where the input values might cause mathematical issues, while the C++ code uses a different approach to handle the same",40
2013_1_1,30228,2013_1_1,32497,CLONE,2026-07-16 17:11:39,"{
    ""answer"": ""YES-SIMILAR"",
    ""explanation"": ""Both code snippets solve the same problem: finding the maximum number of rings that can be formed given a radius r and a total thickness t. The C++ code uses binary search to find the answer, while the Python code uses a recursive approach with helper functions. Although they use different algorithms and have different input/output methods, they both achieve the same mathematical result.""
}",41
2013_1_1,32497,2013_1_1,39026,CLONE,2026-07-16 17:11:41,"{
    ""answer"": ""YES-SIMILAR"",
    ""explanation"": ""Both code snippets solve the same problem: finding the number of rings that can be painted with a given thickness and total paint. They both read input from a file, process it using similar mathematical formulas, and output the results. The main differences are in the implementation details (Python vs PHP) and the specific algorithms used, but the core functionality is the same.""
}",42
2013_1_1,39026,2013_1_1,30835,CLONE,2026-07-16 17:11:43,"{
    ""answer"": ""YES-SIMILAR"",
    ""explanation"": ""Both code snippets solve the same mathematical problem: finding the number of circles that can be painted with a given radius and total paint. The PHP code uses a quadratic formula approach, while the Java code uses a different mathematical approach but arrives at the same result. Both programs read input in the format 'r t' where r is the radius and t is the total paint, and output the number of circles that can be painted. The main difference is in the implementation details, but the functional outcome is the same.""
}",43
2013_1_1,32414,2013_1_1,30618,CLONE,2026-07-16 17:11:46,"{
    ""answer"": ""YES-SIMILAR"",
    ""explanation"": ""Both code snippets solve the same problem - finding the maximum value of a function f(r,t) where r and t are input parameters. The Java code uses a quadratic formula approach to find the maximum value, while the C++ code uses binary search to find the root of the function f(x). Both implementations achieve the same result, just using different mathematical approaches. The Java code's f() function is equivalent to the C++ code's f(x) function, and both use the same formula to calculate the maximum value.""
}",44
2013_1_1,30618,2013_1_1,30519,CLONE,2026-07-16 17:11:48,"{
    ""answer"": ""YES-SIMILAR"",
    ""explanation"": ""Both code snippets implement a binary search algorithm to find the largest value of 'n' such that (n+1)*(2n+2r+1) <= t, where r is the radius and t is the total length. The C++ code uses a while loop with a tolerance of 0.00001 to find the midpoint, while the Python code uses a modified binary search approach. Both implementations achieve the same result of finding the maximum value of 'n' that satisfies the given condition.""
}",45
2013_1_1,30519,2013_1_1,31779,CLONE,2026-07-16 17:11:50,"{
    ""answer"": ""YES-SIMILAR"",
    ""explanation"": ""Both code snippets implement a binary search algorithm to find the largest possible value for a given radius 'r' and target value 't'. The main functions are similar: 'binary_search_last' in Python and 'calc' in PHP both perform binary search to find the maximum possible value. The input handling and output formatting are different, but the core algorithmic logic is the same.""
}",46
2013_1_1,31779,2013_1_1,32414,CLONE,2026-07-16 17:11:53,"{
    ""answer"": ""YES-SIMILAR"",
    ""explanation"": ""Both code snippets solve the same problem: finding the maximum value of 'n' where 2*n*(2*r + 2*n - 1) <= t. The PHP code uses a binary search approach to find this value, while the Java code implements the same algorithm but with different mathematical calculations. Both codes read input cases, process each case using the same formula, and output the result. The main difference is in the implementation details and language-specific syntax, but the functional logic is identical.""
}",47
2014_2_1,115757,2014_2_1,131278,CLONE,2026-07-16 17:11:55,"{
    ""answer"": ""YES-SIMILAR"",
    ""explanation"": ""Both code snippets solve the same problem: they read input, process it to find the minimum sum of differences between consecutive elements, and output the result. The Java code uses a different approach with RLE (Run Length Encoding) arrays, while the C++ code uses sorting and counting, but both achieve the same goal. The Java code's solve method calculates the result by comparing consecutive elements and finding the minimum sum of differences, while the C++ code does the same but with a different algorithm. Both handle the same number of test cases and process the",48
2014_2_1,131278,2014_2_1,128920,CLONE,2026-07-16 17:11:57,"{
    ""answer"": ""YES-SIMILAR"",
    ""explanation"": ""Both code snippets solve the same problem: given a sequence of strings, determine if they form a valid sequence where each string is a prefix of the next. If they do, calculate the minimum cost to rearrange them. The C++ code uses a more complex approach with sorting and dynamic programming, while the Python code uses a simpler approach with sets and loops. Both achieve the same result, just with different implementations.""
}",49
2014_2_1,128920,2014_2_1,118754,CLONE,2026-07-16 17:12:01,"{
    ""answer"": ""YES-SIMILAR"",
    ""explanation"": ""Both code snippets are solutions to the same Google Code Jam problem. They both read input, process multiple test cases, and determine the minimum number of moves required to win the game. The Python code uses a while loop to read input and process each test case, while the PHP code uses a similar approach with a while loop and file handling. Both codes calculate the minimum moves required by comparing the frequency of characters in the input strings and determining the optimal moves to win the game. The main difference is in the implementation language and the specific details of how they",50
2014_2_1,118754,2014_2_1,115757,CLONE,2026-07-16 17:12:03,"{
    ""answer"": ""YES-SIMILAR"",
    ""explanation"": ""Both code snippets are solutions to the same Google Code Jam problem (Round 1B - Question A). They both read input from a file, process multiple test cases, and calculate a result based on the input strings. The main differences are in the implementation details and the specific algorithms used, but the overall functionality and purpose of the code is the same.""
}",51
2014_2_1,129296,2014_2_1,119165,CLONE,2026-07-16 17:12:06,"{
    ""answer"": ""YES-SIMILAR"",
    ""explanation"": ""Both code snippets solve the same problem: reading input lines, processing them to find character counts, and calculating a result based on these counts. The Java code uses a Token class to store character counts and processes the input lines to find matching counts across all lines. The C++ code uses a similar approach with a type class to store character counts and processes the input lines to find matching counts across all lines. Both implementations check if the counts match across all lines and if they don't, return -1 or 'Fegla Won'. If they do",52
2014_2_1,119165,2014_2_1,118416,CLONE,2026-07-16 17:12:09,"{
    ""answer"": ""YES-SIMILAR"",
    ""explanation"": ""Both code snippets solve the same problem: given a sequence of strings, they process each string to find consecutive repeated characters and their counts, then compare these counts across all strings to determine if they are all identical or not. If they are identical, the output is 'Fegla Won', otherwise the output is the sum of absolute differences between the counts of each character across all strings. The C++ code uses a more direct approach with explicit loops and conditionals, while the Python code uses more functional programming concepts like list comprehensions and lambda functions,",53
2014_2_1,118416,2014_2_1,116147,CLONE,2026-07-16 17:12:11,"{
    ""answer"": ""YES-SIMILAR"",
    ""explanation"": ""Both code snippets implement the same algorithm for solving a string matching problem. They both read input strings, process them to find matching patterns, and calculate a distance metric based on the differences between the patterns. The main logic in both snippets involves iterating through the input strings, checking for matching characters, and calculating the total distance between the patterns. The only significant differences are in the implementation details (Python vs PHP) and the specific data structures used, but the core functionality remains the same.""
}",54
2014_2_1,116147,2014_2_1,129296,CLONE,2026-07-16 17:12:14,"{
    ""answer"": ""YES-SIMILAR"",
    ""explanation"": ""Both code snippets solve the same problem: reading input from a file, processing multiple test cases, and calculating a result based on character sequences. The PHP code reads from 'inA.txt' and writes to 'outA.txt', while the Java code reads from '/home/ocozalp/Downloads/A-large.in'. Both implement the same algorithm: tracking character sequences, checking for synchronization across all test cases, and calculating a result based on median differences. The main differences are in syntax and structure, but the functional logic is identical.""
}",55
2014_2_1,131873,2014_2_1,118489,CLONE,2026-07-16 17:12:17,"{
    ""answer"": ""YES-SIMILAR"",
    ""explanation"": ""Both code snippets are implementations of the same problem, which appears to be a competitive programming task. They both read input from files, process cases, and output results. The Java code uses a BufferedReader and PrintWriter to handle file I/O, while the C++ code uses ifstream and ofstream. Both implementations have the same logic: reading input, processing cases, and calculating results based on character counts and differences. The main difference is in the syntax and structure, but the core functionality is the same.""
}",56
2014_2_1,118489,2014_2_1,121201,CLONE,2026-07-16 17:12:20,"{
    ""answer"": ""YES-SIMILAR"",
    ""explanation"": ""Both code snippets implement the same algorithm for processing input strings. The C++ code defines a 'solve' function that processes input strings and calculates a distance metric, while the Python code implements a 'transform_strings' function that does the same thing. Both functions check if the strings can be transformed into a common format, and if so, calculate the total distance between the strings. The C++ code uses vectors and templates, while the Python code uses lists and lambda functions, but the underlying logic and purpose are the same.""
}",57
2014_2_1,121201,2014_2_1,114208,CLONE,2026-07-16 17:12:23,"{
    ""answer"": ""YES-SIMILAR"",
    ""explanation"": ""Both code snippets implement the same algorithm to calculate a distance metric between sequences of strings. They both: 1) Process input strings into pairs of (character, count) tuples, 2) Check if all sequences have the same length, 3) Calculate an average length for each position, 4) Calculate the total distance between the sequences based on the differences from the average. The main differences are in syntax and structure, but the core logic and functionality are identical.""
}",58
2014_2_1,114208,2014_2_1,131873,CLONE,2026-07-16 17:12:25,"{
    ""answer"": ""YES-SIMILAR"",
    ""explanation"": ""Both code snippets implement the same algorithm for processing input strings. They both: 1) Read input strings, 2) Process them to track character counts, 3) Compare processed strings to determine if they are similar, 4) Calculate a distance metric based on character counts, and 5) Output the results. While the implementations differ in syntax and structure, the core logic and functionality are identical.""
}",59
2014_3_1,135560,2014_3_1,138308,CLONE,2026-07-16 17:12:27,"{
    ""answer"": ""YES-SIMILAR"",
    ""explanation"": ""Both code snippets solve the same problem: finding the number of steps needed to divide a number by 2 until it becomes even. The Java code uses a while loop with a counter, while the C++ code uses a similar approach with a power counter. Both handle the case where it's impossible to divide the number evenly. The main difference is in the implementation details, but the core logic and purpose are the same.""
}",60
2014_3_1,138308,2014_3_1,139209,CLONE,2026-07-16 17:12:29,"{
    ""answer"": ""YES-SIMILAR"",
    ""explanation"": ""Both code snippets solve the same problem: finding the minimum number of separators needed to divide a number into two parts where each part is a power of 2. The first snippet is in C++ and directly reads input from standard input, while the second snippet is in Python and reads from a file. Both use the same algorithm involving GCD calculation and power of 2 division to determine the minimum number of separators needed. The main difference is in the input/output handling and the programming language used, but the core logic and problem-solving approach are identical.""
",61
2014_3_1,139209,2014_3_1,142092,CLONE,2026-07-16 17:12:32,"{
    ""answer"": ""YES-SIMILAR"",
    ""explanation"": ""Both code snippets solve the same problem: finding the minimum number of times an Elveness value can be divided by 2 until it becomes 0 or impossible. The Python code uses a recursive approach with a helper function to calculate the minimum generation, while the PHP code uses a loop-based approach to find the minimum number of divisions. Both handle the case where the value is impossible to reach 0, and both output the result in a similar format. The main differences are in the implementation approach and the specific logic used, but the functional outcome is",62
2014_3_1,142092,2014_3_1,135560,CLONE,2026-07-16 17:12:34,"{
    ""answer"": ""YES-SIMILAR"",
    ""explanation"": ""Both code snippets appear to solve the same problem: calculating the number of times a fraction needs to be divided by 2 to reach a certain value. The PHP code reads input from a file, processes each case, and calculates the answer, while the Java code does the same but with different input/output handling. The core logic of both programs is the same, involving division by 2 and checking for impossible cases.""
}",63
2014_3_1,138333,2014_3_1,134611,CLONE,2026-07-16 17:12:37,"{
    ""answer"": ""YES-SIMILAR"",
    ""explanation"": ""Both code snippets solve the same problem: finding the minimum number of steps to reduce a number p to 1 using the operation of dividing by 2 (when possible) and multiplying by 2 (when necessary). They both handle the case where the input numbers are equal and where the input numbers are not equal. The Java code uses a while loop to find the minimum number of steps, while the C++ code uses a recursive approach. Both codes also handle the case where the input numbers are equal, returning 0 in that case. The main",64
2014_3_1,134611,2014_3_1,139370,CLONE,2026-07-16 17:12:40,"{
    ""answer"": ""YES-SIMILAR"",
    ""explanation"": ""Both code snippets solve the same problem: finding the minimum number of steps to reduce a pair of numbers (P, Q) to 1. The C++ code uses a recursive approach with GCD calculations, while the Python code uses a similar iterative approach. Both handle the same conditions: checking if the numbers are even, reducing them by division, and tracking the number of steps. The main difference is in the implementation details and language-specific features, but the core logic and problem-solving approach are identical.""
}",65
2014_3_1,139370,2014_3_1,134295,CLONE,2026-07-16 17:12:41,"{
    ""answer"": ""YES-SIMILAR"",
    ""explanation"": ""Both code snippets solve the same problem: finding the minimum number of operations to convert a fraction P/Q into a form where P is divisible by Q. They both use the same approach of first finding the GCD of P and Q, then repeatedly dividing both numbers by 2 until they reach a specific form. The main differences are in the implementation details (Python vs PHP, different variable names, etc.) but the core logic and purpose are identical.""
}",66
2014_3_1,134295,2014_3_1,138333,CLONE,2026-07-16 17:12:43,"{
    ""answer"": ""YES-SIMILAR"",
    ""explanation"": ""Both code snippets solve the same problem: finding the minimum number of times to multiply a fraction by 2 to get a value greater than or equal to 1. They both handle input cases, perform the necessary calculations (including GCD for the first snippet), and output the results. While they differ in syntax and structure (PHP vs Java), their functional logic is the same.""
}",67
2014_3_1,140281,2014_3_1,132142,CLONE,2026-07-16 17:12:46,"{
    ""answer"": ""YES-SIMILAR"",
    ""explanation"": ""Both code snippets solve the same problem: finding the minimum number of steps to reduce a number to 0 using the following operations: 1) multiply by 2, 2) subtract the smaller number from the larger number. The Java code reads input from the console, while the C++ code reads from a file. Both implement the same algorithm: repeatedly doubling the number and subtracting the smaller number from the larger until the number becomes 0, keeping track of the minimum number of steps required. The Java code uses a while loop with a",68
2014_3_1,132142,2014_3_1,143074,CLONE,2026-07-16 17:12:49,"{
    ""answer"": ""YES-SIMILAR"",
    ""explanation"": ""Both code snippets solve the same problem: finding the minimum number of times to divide a number by 2 until it's impossible to divide further, given a target number and a divisor. The C++ code uses GCD to find the common divisor and then repeatedly divides the target number by 2 until it's impossible to divide further. The Python code uses a similar approach, first finding the GCD of the target number and divisor, then repeatedly dividing the target number by 2 until it's impossible to divide further. Both codes handle the case where",69
2014_3_1,143074,2014_3_1,132975,CLONE,2026-07-16 17:12:51,"{
    ""answer"": ""YES-SIMILAR"",
    ""explanation"": ""Both code snippets solve the same problem: determining if a fraction can be simplified to a power of 2. They both read input in the format 'a/b', process the numbers, and determine if the simplified fraction is a power of 2. The Python code uses a while loop and division to check if the simplified fraction is a power of 2, while the PHP code uses GMP (GNU Multiple Precision Arithmetic Library) functions to achieve the same result. The core logic and functionality are identical, just implemented in different languages with different approaches.""
",70
2014_3_1,132975,2014_3_1,140281,CLONE,2026-07-16 17:12:53,"{
    ""answer"": ""YES-SIMILAR"",
    ""explanation"": ""Both code snippets are solutions to the same programming competition problem. They both read input lines containing two numbers separated by a slash, process them using a similar mathematical approach involving powers of 2 and logarithms, and output the result for each test case. The main differences are in the language (PHP vs Java) and implementation details, but the core logic and functionality are the same.""
}",71
2015_0_1,47939,2015_0_1,44230,CLONE,2026-07-16 17:12:56,"{
    ""answer"": ""YES-SIMILAR"",
    ""explanation"": ""Both code snippets solve the same problem: calculating the minimum number of people needed to stand in an ovation. The first snippet uses Java and the second uses C++, but they follow the same logic. In both cases, they read input about the maximum height (sMax) and a string representing the height of people standing (shyness), then calculate the minimum number of people needed to reach the maximum height. The Java code uses a list to store positions and iterates through them, while the C++ code uses a string and directly calculates the",72
2015_0_1,44230,2015_0_1,106809,CLONE,2026-07-16 17:12:58,"{
    ""answer"": ""YES-SIMILAR"",
    ""explanation"": ""Both code snippets implement the same algorithm for calculating the number of invitations needed based on a string of numbers. The first snippet is in C++ and uses a for loop to iterate through the string, while the second snippet is in Python and uses a similar approach with a for loop. Both snippets take a number of test cases as input, process each case by reading a string of numbers, and calculate the number of invitations needed based on the position of non-zero numbers in the string. The main difference is in the syntax and structure, but the underlying logic",73
2015_0_1,106809,2015_0_1,25955,CLONE,2026-07-16 17:13:00,"{
    ""answer"": ""YES-SIMILAR"",
    ""explanation"": ""Both code snippets are solving the same problem: they are processing test cases where each test case contains a number of people and their shy levels. The code calculates the minimum number of people needed to be borrowed from higher shy levels to reach the required level. The first snippet uses Python with raw_input() and print statements, while the second uses PHP with file operations and echo statements. Despite the different languages and implementation details, the core logic and purpose of both snippets are the same.""
}",74
2015_0_1,25955,2015_0_1,47939,CLONE,2026-07-16 17:13:03,"{
    ""answer"": ""YES-SIMILAR"",
    ""explanation"": ""Both code snippets are solving the same problem - calculating the minimum number of people needed to stand up to create a standing ovation. The PHP code reads input from a file and processes multiple test cases, while the Java code does the same but with different input/output handling. Both implement the same logic: for each test case, they calculate the minimum number of people needed to reach the required height (shy level) by borrowing from lower levels. The PHP code uses a more straightforward approach with explicit loops and calculations, while the Java code uses a more",75
2015_0_1,43660,2015_0_1,64620,CLONE,2026-07-16 17:13:06,"{
    ""answer"": ""YES-SIMILAR"",
    ""explanation"": ""Both code snippets are solving the same problem: calculating the minimum number of times a string needs to be read to ensure that all '0's in the string are covered. The Java code uses BufferedReader to read input and process the string, while the C++ code uses scanf and fgets to read input and process the string. Both implementations follow the same algorithm: reading the input string, iterating through its characters, and calculating the minimum number of times the string needs to be read to cover all '0's. The main difference is in the language-specific implementation",76
2015_0_1,64620,2015_0_1,86599,CLONE,2026-07-16 17:13:09,"{
    ""answer"": ""YES-SIMILAR"",
    ""explanation"": ""Both code snippets are solving the same problem: calculating the number of 'friends' needed in a sequence of numbers. The C++ code reads a line of numbers, processes them to find the maximum value, and then calculates the number of friends needed based on the differences between the maximum value and each number. The Python code does the same thing, reading input from a file, processing the numbers, and calculating the number of friends needed. While the implementation details differ (C++ vs Python, different input methods), the core logic and purpose of both programs",77
2015_0_1,86599,2015_0_1,28465,CLONE,2026-07-16 17:13:10,"{
    ""answer"": ""YES-SIMILAR"",
    ""explanation"": ""Both code snippets are processing input files to calculate the number of friends/invites for each case. They both read input lines, parse the data, and perform calculations based on the input values. The main logic in both snippets involves iterating through cases, processing each line, and calculating the final result for each case. While the syntax and structure are different (Python vs PHP), the functional purpose is the same.""
}",78
2015_0_1,28465,2015_0_1,43660,CLONE,2026-07-16 17:13:13,"{
    ""answer"": ""YES-SIMILAR"",
    ""explanation"": ""Both code snippets solve the same problem: calculating the number of invites needed for each case in a competition. The PHP code reads input from a file 'A-large.in', processes each line to calculate the required invites, and outputs the results. The Java code does the same but reads input from standard input. Both use similar logic to process the input data and calculate the invites needed. The main difference is in the input source and the language used, but the functional purpose is the same.""
}",79
2015_0_1,100718,2015_0_1,65110,CLONE,2026-07-16 17:13:16,"{
    ""answer"": ""YES-SIMILAR"",
    ""explanation"": ""Both code snippets solve the same problem: calculating the minimum number of friends needed to achieve a standing ovation. The Java code reads input from the user and processes each test case, while the C++ code reads from a file. Both use a similar approach where they iterate through the digits, keeping track of the running sum and the minimum friends needed. The main difference is in the input method and the way they handle the output, but the core logic and purpose are the same.""
}",80
2015_0_1,65110,2015_0_1,60803,CLONE,2026-07-16 17:13:18,"{
    ""answer"": ""YES-SIMILAR"",
    ""explanation"": ""Both code snippets solve the same problem: reading input cases, processing each case based on a string input, and calculating a value based on the input string. The main differences are in the implementation languages and details, but the core logic and purpose are the same. Both read input from a file, process multiple test cases, and write output to a file. The mathematical operations performed in both snippets are also similar, though implemented differently.""
}",81
2015_0_1,60803,2015_0_1,96593,CLONE,2026-07-16 17:13:20,"{
    ""answer"": ""NO-NOT-SIMILAR"",
    ""explanation"": ""The two code snippets are not functionally similar. Code Snippet 1 is a Python program that reads input from a file, processes a list of numbers, and calculates the maximum value based on cumulative sums. Code Snippet 2 is a PHP program that processes a list of people's shy levels, determines how many friends are needed for them to stand in a line, and outputs the results. The two programs have different purposes, use different data structures, and perform different calculations.""
}",82
2015_0_1,96593,2015_0_1,100718,CLONE,2026-07-16 17:13:23,"{
    ""answer"": ""YES-SIMILAR"",
    ""explanation"": ""Both code snippets solve the same problem: calculating the minimum number of friends needed to stand in an ovation. The PHP code reads input from a file, processes each test case, and writes the results to an output file. The Java code reads input from the console, processes each test case, and writes the results to a file. While the implementation details differ, both programs follow the same logic: for each test case, they iterate through the shy levels, keep track of the running sum of friends, and calculate the minimum number of friends needed to",83
2015_0_2,91000,2015_0_2,96440,CLONE,2026-07-16 17:13:25,"{
    ""answer"": ""YES-SIMILAR"",
    ""explanation"": ""Both code snippets solve the same problem: given a list of integers, find the minimum value that can be obtained by dividing each number by a divisor and subtracting the divisor. The Java code uses a more complex approach with sorting and temporary arrays, while the C++ code uses a simpler approach with direct calculation. Both codes process multiple test cases, read input from a file, and write output to a file. The core logic of finding the minimum value is the same, just implemented differently.""
}",84
2015_0_2,96440,2015_0_2,36519,CLONE,2026-07-16 17:13:28,"{
    ""answer"": ""NO-NOT-SIMILAR"",
    ""explanation"": ""The two code snippets are not functionally similar. Code Snippet 1 is a C++ program that reads input for test cases, processes each test case by finding the best value based on division and modulo operations, and outputs the results. Code Snippet 2 is a Python program that reads input for test cases, processes each test case by splitting piles of pancakes and calculating the total time required, and outputs the results. While both programs handle multiple test cases and perform calculations, they solve different problems with different algorithms and data structures.""
}",85
2015_0_2,36519,2015_0_2,103402,CLONE,2026-07-16 17:13:31,"{
    ""answer"": ""YES-SIMILAR"",
    ""explanation"": ""Both code snippets solve the same pancake stacking problem. They read input test cases, process each test case by splitting pancakes into piles, and calculate the minimum time required to stack all pancakes. The main difference is in the implementation details: Snippet 1 uses Python with a priority queue and calculates the minimum time by trying different limits, while Snippet 2 uses PHP with a simpler approach of trying all possible splits. However, both achieve the same goal of finding the minimum time to stack all pancakes.""
}",86
2015_0_2,103402,2015_0_2,91000,CLONE,2026-07-16 17:13:32,"{
    ""answer"": ""YES-SIMILAR"",
    ""explanation"": ""Both code snippets solve the same problem: finding the minimum number of minutes needed to serve all pancakes. They both read input from a file, process cases, and calculate the minimum time required. The main difference is in the implementation details and the specific algorithm used, but the core functionality is the same.""
}",87
2015_0_2,21812,2015_0_2,88257,CLONE,2026-07-16 17:13:34,"{
    ""answer"": ""YES-SIMILAR"",
    ""explanation"": ""Both code snippets solve the same problem: finding the minimum number of days needed to eat all pancakes. They both read input from a file, process the data, and output the minimum days required. The main differences are in the language (Java vs C++) and the specific implementation details, but the core logic and purpose are the same.""
}",88
2015_0_2,88257,2015_0_2,81081,CLONE,2026-07-16 17:13:37,"{
    ""answer"": ""NO-NOT-SIMILAR"",
    ""explanation"": ""While both code snippets appear to be solutions for competitive programming problems, they are not functionally similar. Code Snippet 1 is a C++ program that processes input data and calculates a value based on divisions and maximum values. Code Snippet 2 is a Python program that uses memoization and numpy for numerical computations, and it appears to be solving a different problem involving pancakes and maximum values. The algorithms, data structures, and problem domains are different between the two snippets.""
}",89
2015_0_2,81081,2015_0_2,102321,CLONE,2026-07-16 17:13:39,"{
    ""answer"": ""YES-SIMILAR"",
    ""explanation"": ""Both code snippets are solving the same problem: finding the minimum number of splits needed to eat all pancakes. They both use the same approach of trying different maximum values and calculating the minimum splits required. The main differences are in the implementation details (Python vs PHP, different input/output handling), but the core logic and algorithm are identical.""
}",90
2015_0_2,102321,2015_0_2,21812,CLONE,2026-07-16 17:13:41,"{
    ""answer"": ""YES-SIMILAR"",
    ""explanation"": ""Both code snippets implement the same algorithm for solving a problem related to pancakes. The PHP code reads input from a file, processes test cases, and calculates the minimum number of days needed to eat all pancakes. The Java code does the same thing but with different syntax and structure. Both use a similar approach where they find the maximum value in an array, then iterate through possible values to find the minimum result. The main difference is in the implementation details and the specific problem context, but the core logic and approach are the same.""
}",91
2015_0_2,40957,2015_0_2,38840,CLONE,2026-07-16 17:13:44,"{
    ""answer"": ""YES-SIMILAR"",
    ""explanation"": ""Both code snippets solve the same problem: finding the minimum number of operations needed to make all numbers in an array equal to their maximum value. The Java code uses a more complex multi-threaded approach with a custom solution class, while the C++ code uses a simpler sequential approach. Both implementations follow the same algorithm: finding the maximum value in the array, then for each possible maximum value, calculating the minimum number of operations needed to make all numbers equal to that value, and finally selecting the minimum result. The main differences are in the implementation details and",92
2015_0_2,38840,2015_0_2,100159,CLONE,2026-07-16 17:13:47,"{
    ""answer"": ""YES-SIMILAR"",
    ""explanation"": ""Both code snippets solve the same problem: finding the minimum number of moves needed to arrange plates in a specific order. The first snippet uses a more mathematical approach with a formula, while the second snippet uses a more iterative approach with sorting and calculating moves. Both achieve the same result, just with different algorithms. The first snippet calculates the minimum moves directly using a formula, while the second snippet iterates through possible moves and calculates the minimum. The input format and output format are also similar, both reading input from a file and writing output to a file with",93
2015_0_2,100159,2015_0_2,55775,CLONE,2026-07-16 17:13:49,"{
    ""answer"": ""YES-SIMILAR"",
    ""explanation"": ""Both code snippets solve the same problem: the Google Code Jam Qualification Round 2015 Problem B. Infinite House of Pancakes. They both take input of plates (numbers), sort them, and find the minimum number of moves needed to serve all plates. The Python code uses a more complex approach with a loop and array manipulation, while the PHP code uses a simpler approach with a function to calculate the reduction of stacks. Despite the different implementations, both achieve the same result and are functionally similar.""
}",94
2015_0_2,55775,2015_0_2,40957,CLONE,2026-07-16 17:13:52,"{
    ""answer"": ""YES-SIMILAR"",
    ""explanation"": ""Both code snippets solve the same problem: 'Infinite House of Pancakes' from Google Code Jam Qualification Round 2015. They both take input arrays, process them to find the minimum number of pancakes needed to satisfy certain conditions, and output the result. The main logic in both snippets involves iterating through possible stack sizes and calculating the minimum number of pancakes needed for each case. While the implementation details differ (PHP vs Java), the core algorithm and functionality are the same.""
}",95
2015_0_3,42051,2015_0_3,41900,CLONE,2026-07-16 17:13:54,"{
    ""answer"": ""YES-SIMILAR"",
    ""explanation"": ""Both code snippets appear to be solving the same problem, which involves processing a string of characters using quaternion multiplication rules. The Java code uses a 2D array (quaternionTable) to perform the multiplication, while the C++ code uses a function (get) to achieve the same result. Both implementations follow similar logic: they iterate through the input string, perform quaternion multiplication at each step, and check for specific patterns to determine if the input string is valid. The main difference is in the implementation details (Java vs C++), but the core",96
2015_0_3,41900,2015_0_3,103585,CLONE,2026-07-16 17:13:57,"{
    ""answer"": ""YES-SIMILAR"",
    ""explanation"": ""Both code snippets implement the same algorithm for processing a string of characters. They both use a multiplication table to determine the result of combining characters, and they both look for specific patterns ('i' and 'k') in the input string. The C++ code uses a multiset and various helper functions, while the Python code uses dictionaries and lambda functions, but the underlying logic and purpose are the same. Both codes process the input string character by character, keeping track of indices and checking for specific conditions to determine if the input string meets certain criteria.""
}",97
2015_0_3,103585,2015_0_3,19800,CLONE,2026-07-16 17:14:00,"{
    ""answer"": ""YES-SIMILAR"",
    ""explanation"": ""Both code snippets implement the same algorithm for processing strings and determining whether to accept or reject a case based on specific conditions. They both use multiplication tables and similar logic for determining the final result. The main differences are in syntax and structure (Python vs PHP), but the core functionality is the same. Both code snippets check for specific conditions involving the count of repetitions and the final product of the multiplication, and both determine whether to accept or reject a case based on these conditions.""
}",98
2015_0_3,19800,2015_0_3,42051,CLONE,2026-07-16 17:14:03,"{
    ""answer"": ""YES-SIMILAR"",
    ""explanation"": ""Both code snippets implement a quaternion multiplication system with similar logic. The PHP code uses a multiplication table and string manipulation to process input strings, while the Java code uses a similar approach with a 2D array (quaternionTable) and character multiplication. Both handle the multiplication of quaternions (represented by characters) and track the position of specific characters ('i', 'j', 'k') in the input string. The main difference is in the implementation details (PHP vs Java) and the specific logic for handling the multiplication, but the core functionality",99
2015_0_3,47513,2015_0_3,49764,CLONE,2026-07-16 17:14:06,"{
    ""answer"": ""YES-SIMILAR"",
    ""explanation"": ""Both code snippets implement the same algorithm for solving a problem involving string manipulation and character transformations. The Java code uses a more object-oriented approach with classes and methods, while the C++ code uses a more procedural approach with functions and tables. Both implement the same logic for processing strings, handling character transformations, and determining valid solutions. The core algorithm, including the use of tables for character transformations and the string processing logic, is identical in both implementations.""
}",100
2015_0_3,49764,2015_0_3,103774,CLONE,2026-07-16 17:14:09,"{
    ""answer"": ""YES-SIMILAR"",
    ""explanation"": ""Both code snippets implement the same algorithm for checking if a string can be transformed into a specific pattern. They use similar mathematical concepts and data structures to achieve this. The C++ code uses a table-based approach with character transformations, while the Python code implements the same logic using a different syntax and structure. Both handle input strings, perform character transformations, and check for specific patterns. The core functionality is the same, just implemented differently in different languages.""
}",101
2015_0_3,103774,2015_0_3,102323,CLONE,2026-07-16 17:14:12,"{
    ""answer"": ""YES-SIMILAR"",
    ""explanation"": ""Both code snippets implement a solution for a string manipulation problem where they need to find specific characters in a repeated string. The Python code uses a matrix-based approach with a Q function to determine the next character, while the PHP code uses a Num class with production rules to achieve the same result. Both solutions involve searching for characters 'i', 'j', and 'k' in a repeated string, and they both return 'YES' or 'NO' based on whether the required characters are found. The main difference is in the implementation approach, but the",102
2015_0_3,102323,2015_0_3,47513,CLONE,2026-07-16 17:14:15,"{
    ""answer"": ""YES-SIMILAR"",
    ""explanation"": ""Both code snippets implement the same algorithm to solve a string manipulation problem. They both read input, process strings according to specific rules, and determine if a string is valid based on certain conditions. The main differences are in the implementation language (PHP vs Java) and the specific details of the string processing, but the core logic and purpose of the code is the same. Both code snippets handle string manipulation with specific rules for characters 'i', 'j', and 'k', and both have similar validation logic for determining if a string is valid.""
}",103
2015_0_3,96608,2015_0_3,23036,CLONE,2026-07-16 17:14:18,"{
    ""answer"": ""YES-SIMILAR"",
    ""explanation"": ""Both code snippets implement the same algorithm for solving a mathematical problem involving string manipulation and multiplication. The Java code uses a HashMap and List to store values and positions, while the C++ code uses arrays and enums. Both implement the same logic for string multiplication, checking for specific conditions, and determining if a solution exists. The main differences are in syntax and data structures, but the core functionality is the same.""
}",104
2015_0_3,23036,2015_0_3,72742,CLONE,2026-07-16 17:14:21,"{
    ""answer"": ""YES-SIMILAR"",
    ""explanation"": ""Both code snippets implement a solution for a problem involving quaternion multiplication and checking for specific patterns. The C++ code uses a matrix multiplication approach with a predefined multiplication table, while the Python code uses a more object-oriented approach with quaternion classes. Both implement similar logic for quaternion multiplication and checking for the presence of specific quaternions ('i', 'j', 'k') in sequences. The main difference is in the implementation approach and language, but the underlying mathematical logic and problem-solving approach are similar.""
}",105
2015_0_3,72742,2015_0_3,18309,CLONE,2026-07-16 17:14:24,"{
    ""answer"": ""YES-SIMILAR"",
    ""explanation"": ""Both code snippets implement a solution to a problem involving quaternions (i, j, k) and their multiplication rules. The Python code defines classes and methods for handling input/output and quaternion operations, while the PHP code implements similar functionality with different syntax. Both solutions check for the presence of i, j, and k in a sequence and verify if the multiplication rules are followed correctly. The core logic of checking for valid sequences and ensuring proper multiplication of quaternions is the same in both implementations.""
}",106
2015_0_3,18309,2015_0_3,96608,CLONE,2026-07-16 17:14:27,"{
    ""answer"": ""YES-SIMILAR"",
    ""explanation"": ""Both code snippets implement the same algorithm for solving a mathematical problem involving multiplication of strings and checking for specific conditions. The PHP code uses functions like 't' and 'mult' to perform similar operations as the Java code's 'multiply' and 'mMultiply' methods. Both implementations check for conditions like the product being -1, handle even and odd numbers of repetitions, and use similar logic for finding solutions. The main difference is in the implementation language and specific details, but the core functionality and logic are identical.""
}",107
2015_0_4,86262,2015_0_4,63026,CLONE,2026-07-16 17:14:30,"{
    ""answer"": ""YES-SIMILAR"",
    ""explanation"": ""Both code snippets implement the same algorithm for solving a problem related to Omino tiles. They both read input from a file, process test cases, and write output to a file. The main logic in both snippets involves calculating whether to return 'GABRIEL' or 'RICHARD' based on the input parameters (X, R, C). The Java code uses ArrayList and Scanner for input processing, while the C++ code uses ifstream and getline, but the overall functionality is the same.""
}",108
2015_0_4,63026,2015_0_4,57828,CLONE,2026-07-16 17:14:32,"{
    ""answer"": ""YES-SIMILAR"",
    ""explanation"": ""Both code snippets implement the same algorithm to determine whether Gabriel or Richard wins in a game. They both read input from a file, process cases based on input values, and output the winner's name. The main logic in both snippets checks the same conditions (like whether the number is divisible by the product of R and C, and special cases for X=2, X=4, X=5, and X=6) to determine the winner. The only differences are in syntax and structure, but the functional behavior is identical.""
}",109
2015_0_4,57828,2015_0_4,68310,CLONE,2026-07-16 17:14:35,"{
    ""answer"": ""YES-SIMILAR"",
    ""explanation"": ""Both code snippets implement the same logic to determine whether a person is 'RICHARD' or 'GABRIEL' based on certain conditions. The Python code checks if X >= 7 or X>R or (X+1)//2>C or R*C % X != 0 or specific cases (X==4 and C==2, X==5 and C==3 and R==5, X==6 and C==3). If any of these conditions are met, it returns 'RICHARD', otherwise 'GABRI",110
2015_0_4,68310,2015_0_4,86262,CLONE,2026-07-16 17:14:38,"{
    ""answer"": ""YES-SIMILAR"",
    ""explanation"": ""Both code snippets are solutions to the same problem - determining whether an Omino puzzle can be solved by Richard or Gabriel. They both read input from a file, process the data to determine the winner, and output the results. The PHP code uses command-line arguments and file operations, while the Java code uses file input streams and scanners. Both implement the same logic for determining the winner based on the Omino size and the dimensions of the puzzle. The main differences are in the language and implementation details, but the core functionality is the same.""
}",111
2015_0_4,30398,2015_0_4,86932,CLONE,2026-07-16 17:14:40,"{
    ""answer"": ""YES-SIMILAR"",
    ""explanation"": ""Both code snippets solve the same problem: determining the winner (GABRIEL or RICHARD) based on input parameters (x, r, c). They both read input from a file, process the data, and write the results to an output file. The logic for determining the winner is the same, though implemented differently in Java and C++. The main differences are in syntax and structure, but the functional behavior is identical.""
}",112
2015_0_4,86932,2015_0_4,94256,CLONE,2026-07-16 17:14:43,"{
    ""answer"": ""YES-SIMILAR"",
    ""explanation"": ""Both code snippets implement the same logic to determine whether Richard wins or Gabriel wins in a game. They both take input values X, R, and C, and use the same conditions to determine the winner. The main difference is in the implementation language (C++ vs Python) and the specific details of the conditions, but the core functionality is the same. Both snippets check if X is greater than or equal to 7, if the product of R and C is divisible by X, if X is greater than both R and C, and if the",113
2015_0_4,94256,2015_0_4,19708,CLONE,2026-07-16 17:14:45,"{
    ""answer"": ""YES-SIMILAR"",
    ""explanation"": ""Both code snippets are solving the same problem: determining whether Gabriel or Richard wins in a game based on input parameters. The Python code uses a function `can_do` to determine the winner, while the PHP code uses a method `isRWin` to do the same. Both implementations check the same conditions (size of the grid, divisibility, etc.) to determine the winner. The main difference is in the implementation language and structure, but the core logic and functionality are identical.""
}",114
2015_0_4,19708,2015_0_4,30398,CLONE,2026-07-16 17:14:48,"{
    ""answer"": ""YES-SIMILAR"",
    ""explanation"": ""Both code snippets are solutions to the same problem (Google Code Jam Round 1A - Problem D: Omino). They both read input from a file, process cases, determine the winner based on the same rules, and write output to a file. The main differences are in the language used (PHP vs Java) and the specific implementation details, but the core logic and functionality are identical.""
}",115
2015_0_4,29877,2015_0_4,60776,CLONE,2026-07-16 17:14:51,"{
    ""answer"": ""YES-SIMILAR"",
    ""explanation"": ""Both code snippets implement the same algorithm to determine whether Richard or Gabriel wins in a game. They both take three integer inputs (X, R, C) and use the same logic to determine the winner. The main difference is in the implementation language (Java vs C++) and the specific conditions checked, but the core logic and purpose are the same. Both code snippets also read input from a file and write output to a file, though the file handling is implemented differently between the two languages.""
}",116
2015_0_4,60776,2015_0_4,74018,CLONE,2026-07-16 17:14:53,"{
    ""answer"": ""YES-SIMILAR"",
    ""explanation"": ""Both code snippets implement the same logic to determine whether 'GABRIEL' or 'RICHARD' should be the winner based on input values. The C++ code uses scanf to read input values and checks various conditions to determine the winner, while the Python code uses input() to read values and implements the same logic in a different structure. The main differences are in the syntax and structure, but the core logic and decision-making process is the same.""
}",117
2015_0_4,74018,2015_0_4,78114,CLONE,2026-07-16 17:14:55,"{
    ""answer"": ""YES-SIMILAR"",
    ""explanation"": ""Both code snippets implement the same logic for determining whether a person is 'RICHARD' or 'GABRIEL' based on input values X, R, and C. They both handle the same conditions and produce the same results. The main differences are in syntax and structure, but the core functionality is identical.""
}",118
2015_0_4,78114,2015_0_4,29877,CLONE,2026-07-16 17:14:57,"{
    ""answer"": ""YES-SIMILAR"",
    ""explanation"": ""Both code snippets are solving the same problem: determining whether Richard or Gabriel wins in a game based on input parameters X, R, and C. The PHP code uses a series of conditional statements to determine the winner, while the Java code uses a similar approach with boolean logic. Both handle the same test cases and produce the same output format, just in different programming languages. The main differences are in syntax and structure, but the functional logic is identical.""
}",119
2015_1_1,112276,2015_1_1,111086,CLONE,2026-07-16 17:15:00,"{
    ""answer"": ""YES-SIMILAR"",
    ""explanation"": ""Both code snippets are solving the same problem: processing multiple test cases where each case involves a sequence of integers. They both read input from a file, process each case, and output results. The Java code uses a Scanner to read input and a PrintWriter to write output, while the C++ code uses templates and functions to achieve the same result. The core logic of calculating differences between consecutive numbers and summing them up is present in both snippets, just implemented differently. The solve1 and solve2 methods in the Java code correspond to the t1 and",120
2015_1_1,111086,2015_1_1,117734,CLONE,2026-07-16 17:15:03,"{
    ""answer"": ""YES-SIMILAR"",
    ""explanation"": ""Both code snippets solve the same problem: given a sequence of numbers, calculate two values (a and b) based on the differences between consecutive numbers. The C++ code processes each case by calculating the sum of absolute differences (a) and the sum of minimum values (b) based on a threshold value (d). The Python code does the same thing, using max and min functions to compute the same values. The main logic in both codes is identical, although the implementation details differ due to the different programming languages.""
}",121
2015_1_1,117734,2015_1_1,122934,CLONE,2026-07-16 17:15:05,"{
    ""answer"": ""YES-SIMILAR"",
    ""explanation"": ""Both code snippets solve the same problem: calculating two values (a and b) based on an array of numbers. The first snippet is in Python and processes input from stdin, while the second is in PHP and processes command line arguments. Both use similar logic: first calculating a by summing the differences between consecutive elements (with a cap of 0), then calculating b by summing the minimum of each element and the maximum difference found. The only differences are in syntax and input handling, but the core algorithm is identical.""
}",122
2015_1_1,122934,2015_1_1,112276,CLONE,2026-07-16 17:15:08,"{
    ""answer"": ""YES-SIMILAR"",
    ""explanation"": ""Both code snippets read input from a file, process multiple test cases, and calculate two different values (firstMethod and secondMethod/solve1 and solve2) based on time intervals and count differences. The main logic is similar: they both iterate through time intervals, calculate differences in counts, and sum up values based on these differences. The only differences are in syntax and structure, with the Java version using more explicit error handling and file operations, while the PHP version uses simpler file operations and string manipulation.""
}",123
2015_1_1,118030,2015_1_1,122263,CLONE,2026-07-16 17:15:10,"{
    ""answer"": ""YES-SIMILAR"",
    ""explanation"": ""Both code snippets solve the same problem: calculating the number of mushrooms eaten in two different scenarios. The first Java code snippet has two methods: 'anyMushroomsAtAnyTime' and 'eatAtConstantRate', while the second C++ code snippet has two similar methods: 'solve' and 'solve2'. Both implementations process an array of mushroom counts, comparing adjacent values to determine how many mushrooms are eaten. The Java code uses a for loop to iterate through the mushroom counts, while the C++ code uses similar logic with different variable names",124
2015_1_1,122263,2015_1_1,124602,CLONE,2026-07-16 17:15:13,"{
    ""answer"": ""YES-SIMILAR"",
    ""explanation"": ""Both code snippets solve the same problem: given a sequence of numbers, calculate two values based on the differences between consecutive numbers. The first code snippet (C++) reads input, calculates the sum of differences between consecutive numbers (ans) and the sum of minimums between the maximum difference and each number (ans2), while the second code snippet (Python) does the same thing. The main differences are in syntax and structure, but the logic and purpose are identical.""
}",125
2015_1_1,124602,2015_1_1,111264,CLONE,2026-07-16 17:15:15,"{
    ""answer"": ""YES-SIMILAR"",
    ""explanation"": ""Both code snippets solve the same problem: given a sequence of numbers, they calculate two values (y and z in Python, minimum1 and minimum2 in PHP). The Python code reads input from stdin, processes each case, and calculates the differences between consecutive numbers (y) and the minimum of the largest difference or current number (z). The PHP code does the same thing, reading input, processing each case, and calculating similar values. The logic and structure of both codes are identical, just implemented in different languages.""
}",126
2015_1_1,111264,2015_1_1,118030,CLONE,2026-07-16 17:15:18,"{
    ""answer"": ""YES-SIMILAR"",
    ""explanation"": ""Both code snippets implement the same algorithm for calculating mushroom minimums. The PHP code processes input lines and calculates minimums based on differences between consecutive mushrooms, while the Java code does the same but with a different input processing structure. Both functions calculate two types of minimums: the first based on positive differences between consecutive mushrooms, and the second based on the largest difference found. The output format is also similar, with both displaying case numbers and the calculated minimums. The main difference is in the input handling and language-specific implementations, but the core algorithm and",127
2015_1_1,112898,2015_1_1,111866,CLONE,2026-07-16 17:15:21,"{
    ""answer"": ""YES-SIMILAR"",
    ""explanation"": ""Both code snippets solve the same problem: given an array of numbers, they calculate two values (minEat1 and minEat2 in Java, ans1 and ans2 in C++) based on the differences between adjacent elements in the array. The Java code reads input from a file, processes multiple test cases, and writes the results to an output file. The C++ code does the same but uses different file handling methods. The core logic of calculating the two values based on the array elements is identical in both snippets, just implemented differently in terms of",128
2015_1_1,111866,2015_1_1,111647,CLONE,2026-07-16 17:15:23,"{
    ""answer"": ""DONT-KNOW"",
    ""explanation"": ""While both code snippets are related to reading input, they appear to be for different purposes. The C++ code seems to be solving a specific problem involving arrays and calculations, while the Python code is a collection of utility functions for reading different types of data. Without more context about the specific requirements or the problem being solved, it's difficult to determine if they are functionally similar.""
}",129
2015_1_1,111647,2015_1_1,121770,CLONE,2026-07-16 17:15:24,"{
    ""answer"": ""NO-NOT-SIMILAR"",
    ""explanation"": ""The two code snippets are not functionally similar. Code Snippet 1 is a Python module containing utility functions for reading different types of data from a file, while Code Snippet 2 is a PHP script that processes test cases involving mushroom counts and calculates some values. The code structures, purposes, and implementations are completely different.""
}",130
2015_1_1,121770,2015_1_1,112898,CLONE,2026-07-16 17:15:27,"{
    ""answer"": ""YES-SIMILAR"",
    ""explanation"": ""Both code snippets solve the same problem: calculating the minimum and maximum number of mushrooms eaten in different scenarios. The PHP code reads input from STDIN, processes test cases, and calculates the eaten mushrooms using recursive function calls. The Java code reads input from a file, processes test cases, and calculates the eaten mushrooms using loops. Both implementations follow the same logic: calculating the difference between consecutive mushroom counts, summing up the minimum eaten mushrooms, and tracking the maximum eaten mushrooms. The output format is also the same, displaying the case number and the calculated",131
2016_0_1,76319,2016_0_1,65647,CLONE,2026-07-16 17:15:29,"{
    ""answer"": ""YES-SIMILAR"",
    ""explanation"": ""Both code snippets implement the same algorithm to solve the INSOMNIA problem. They both read a number of test cases, for each case read a number, and then check if the number's digits are all unique. If all digits are unique, they find the smallest number with all unique digits that is divisible by the input number. If not all digits are unique, they output 'INSOMNIA'. The main difference is in the implementation language and some minor variations in the logic, but the core functionality is the same.""
}",132
2016_0_1,65647,2016_0_1,94639,CLONE,2026-07-16 17:15:32,"{
    ""answer"": ""YES-SIMILAR"",
    ""explanation"": ""Both code snippets implement the same algorithm for finding a number that contains all digits from 0 to 9. The C++ code uses a map to track the digits, while the Python code uses a dictionary. Both iterate through multiples of the input number, check for the presence of all digits, and return the first number that contains all digits. The C++ code outputs 'INSOMNIA' if no such number is found, while the Python code returns 'INSOMNIA' for input 0. The core logic and purpose of both",133
2016_0_1,94639,2016_0_1,48618,CLONE,2026-07-16 17:15:34,"{
    ""answer"": ""YES-SIMILAR"",
    ""explanation"": ""Both code snippets implement the same algorithm to solve the 'Counting Sheep' problem. They both take a number N, multiply it by increasing values until all digits 0-9 are found, and return the first number that contains all digits. The first snippet is in Python and the second in PHP, but they follow the same logic and produce the same results. The main differences are in syntax and structure, but the core functionality is identical.""
}",134
2016_0_1,48618,2016_0_1,76319,CLONE,2026-07-16 17:15:37,"{
    ""answer"": ""YES-SIMILAR"",
    ""explanation"": ""Both code snippets solve the same problem: finding the smallest number that contains all digits from 0 to 9 when multiplied by increasing integers. The PHP code reads input cases, multiplies each case by an incrementing number, and checks if all digits 0-9 are present. When all digits are found, it prints the number and breaks. If all digits aren't found after a maximum number of iterations, it prints 'INSOMNIA'. The Java code follows the same logic, reading input cases, multiplying by an incrementing number,",135
2016_0_1,117099,2016_0_1,134225,CLONE,2026-07-16 17:15:39,"{
    ""answer"": ""YES-SIMILAR"",
    ""explanation"": ""Both code snippets solve the same problem: finding the smallest number that contains all digits from 0 to 9 at least once, given a starting number N. They both use the same approach of building a mask by checking each digit of the number and setting the corresponding bit in the mask. The Java code uses a Scanner to read input, while the C++ code uses cin. Both handle the special case where N is 0 by printing 'INSOMNIA'. The main difference is in the implementation details and the input/output handling, but the",136
2016_0_1,134225,2016_0_1,88781,CLONE,2026-07-16 17:15:42,"{
    ""answer"": ""YES-SIMILAR"",
    ""explanation"": ""Both code snippets solve the same problem: finding the smallest number that contains all digits from 0 to 9 as a substring, given a starting number N. The C++ code uses a bitmask to track seen digits, while the Python code uses a set to track seen digits. Both implementations follow the same logic: increment the number by N until all digits 0-9 are seen. The C++ code uses a loop with a mask, while the Python code uses a while loop with a set. The main difference is in the implementation details,",137
2016_0_1,88781,2016_0_1,39027,CLONE,2026-07-16 17:15:45,"{
    ""answer"": ""YES-SIMILAR"",
    ""explanation"": ""Both code snippets implement a solution to a problem involving digits and numbers. The first snippet (Python) finds the smallest number that contains all digits from 0 to 9 when repeatedly adding the input number. The second snippet (PHP) also appears to be solving a similar problem where it processes input cases and generates output based on some mathematical operations involving digits. Both solutions involve checking for the presence of all digits and generating a result based on that check. The core logic of both snippets revolves around digit manipulation and number generation, making them functionally similar despite",138
2016_0_1,39027,2016_0_1,117099,CLONE,2026-07-16 17:15:47,"{
    ""answer"": ""YES-SIMILAR"",
    ""explanation"": ""Both code snippets implement the same algorithm for solving the 'INSOMNIA' problem. The PHP code reads input, processes each test case, and recursively calculates the number of times a digit appears in a number. The Java code does the same thing but uses bitwise operations to track the digits. Both solutions follow the same logic: for each test case, they check if all digits 0-9 appear at least once, and if not, they recursively check the next number. The main difference is in the implementation approach, but the functional result is",139
2016_0_1,100898,2016_0_1,143909,CLONE,2026-07-16 17:15:50,"{
    ""answer"": ""YES-SIMILAR"",
    ""explanation"": ""Both code snippets implement the same algorithm for solving the 'INSOMNIA' problem. The Java code uses a Scanner to read input and a boolean array to track digits, while the C++ code uses a bitmask to achieve the same result. Both programs iterate through cases, process numbers, and determine if all digits 0-9 are present. The Java code uses a while loop with a counter, while the C++ code uses a for loop with a counter, but the end result is the same: finding the smallest number that contains all digits",140
2016_0_1,143909,2016_0_1,71388,CLONE,2026-07-16 17:15:53,"{
    ""answer"": ""YES-SIMILAR"",
    ""explanation"": ""Both code snippets implement the same algorithm to solve the INSOMNIA problem. They both take a number n as input and repeatedly multiply it by itself (n * n) until all digits 0-9 are used. The C++ code uses a bit mask to track used digits, while the Python code uses a list to track unused digits. Both codes output the final number that contains all digits 0-9, or 'INSOMNIA' if it's impossible to get all digits. The main logic is the same, just implemented",141
2016_0_1,71388,2016_0_1,113708,CLONE,2026-07-16 17:15:55,"{
    ""answer"": ""YES-SIMILAR"",
    ""explanation"": ""Both code snippets implement the same algorithm to find the smallest positive integer that contains all digits from 0-9. They both take an input number, multiply it by an incrementing value, and check if all digits 0-9 are present in the resulting number. If all digits are present, they return that number; otherwise, they continue multiplying by the next value. The PHP version uses a function approach with a while loop, while the Python version uses a for loop with a list to track unused digits. Both achieve the same result, just",142
2016_0_1,113708,2016_0_1,100898,CLONE,2026-07-16 17:15:57,"{
    ""answer"": ""YES-SIMILAR"",
    ""explanation"": ""Both code snippets implement the same algorithm to find the smallest number that contains all digits from 0 to 9. The PHP code uses a while loop with a base number to generate multiples, while the Java code uses a similar approach with a while loop and a Scanner for input. Both functions return the first number that contains all digits, or 'INSOMNIA' if no such number is found. The main difference is in the implementation language and structure, but the core logic and purpose are identical.""
}",143
2016_0_4,136626,2016_0_4,135114,CLONE,2026-07-16 17:16:00,"{
    ""answer"": ""YES-SIMILAR"",
    ""explanation"": ""Both code snippets solve the same problem: given a number of cases (t), each case has three parameters (branches, depth, checks), and for each case, they need to calculate the possible paths. The Java code uses a more complex mathematical approach with powers and positions, while the C++ code uses a simpler iterative approach with multiplication and addition. Both codes output the possible paths for each case, with the Java code using a more optimized approach for larger numbers. The main difference is in the implementation details, but the functional result is the same:",144
2016_0_4,135114,2016_0_4,63570,CLONE,2026-07-16 17:16:02,"{
    ""answer"": ""YES-SIMILAR"",
    ""explanation"": ""Both code snippets solve the same problem: given three integers K, C, and S, they determine if it's possible to distribute K items among C people, where each person gets at most S items. If it's possible, they calculate and print the distribution numbers. The C++ code uses a different approach with loops and multiplication, while the Python code uses a mathematical formula with powers of K, but both achieve the same result.""
}",145
2016_0_4,63570,2016_0_4,80717,CLONE,2026-07-16 17:16:05,"{
    ""answer"": ""YES-SIMILAR"",
    ""explanation"": ""Both code snippets solve the same problem: given a number K and a number C, they generate a list of numbers that represent possible choices for a given case. The Python code uses a different mathematical approach but achieves the same result as the PHP code. Both handle the case where C=1 and C>1 differently, but the end result is the same - generating a list of possible choices for each case. The main difference is in the implementation details and the mathematical formulas used, but the functional outcome is identical.""
}",146
2016_0_4,80717,2016_0_4,136626,CLONE,2026-07-16 17:16:08,"{
    ""answer"": ""YES-SIMILAR"",
    ""explanation"": ""Both code snippets solve the same problem: given a number of test cases, for each case, determine the possible positions of 'checks' based on the given parameters (k, c, s). The PHP code uses a different mathematical approach but arrives at the same solution. Both handle the special case when c=1 and the general case when c>1. The output format is also similar, with each case being numbered and the results being printed in a specific format.""
}",147
2016_0_4,125922,2016_0_4,90060,CLONE,2026-07-16 17:16:10,"{
    ""answer"": ""YES-SIMILAR"",
    ""explanation"": ""Both code snippets are solving the same problem: reading input cases and processing them according to specific rules. The Java code reads input from a file and processes each case based on parameters K, C, and S, while the C++ code reads input from standard input and processes each case similarly. Both handle the same logic for different values of K, C, and S, and produce similar output formats. The main differences are in the input method (file vs. standard input) and the programming language used, but the functional logic is the same.""
}",148
2016_0_4,90060,2016_0_4,158305,CLONE,2026-07-16 17:16:13,"{
    ""answer"": ""YES-SIMILAR"",
    ""explanation"": ""Both code snippets solve the same problem: given parameters K, C, and S, they determine a sequence of numbers based on these inputs. The C++ code uses a different approach with loops and calculations, while the Python code uses a more mathematical approach with binary search and power calculations. However, both achieve the same result of generating a sequence of numbers for each test case, with the C++ code handling the case where S > K differently than the Python code. The core functionality of generating a sequence based on K, C, and S is the",149
2016_0_4,158305,2016_0_4,139021,CLONE,2026-07-16 17:16:16,"{
    ""answer"": ""YES-SIMILAR"",
    ""explanation"": ""Both code snippets appear to be solving the same problem - generating a sequence of numbers based on given parameters K, C, and S. They both handle cases where the solution is impossible, and they both generate a sequence of numbers as output. While the implementation details differ (Python uses a recursive approach with a divide-and-conquer strategy, while PHP uses a brute-force approach with binary representations), the end result and the logic behind the solution are the same. Both code snippets also follow a similar structure where they read input, process it, and write the",150
2016_0_4,139021,2016_0_4,125922,CLONE,2026-07-16 17:16:18,"{
    ""answer"": ""YES-SIMILAR"",
    ""explanation"": ""Both code snippets implement the same algorithm for solving a fractiles problem. They both read input from a file, process test cases, and output results in the same format. The main differences are in the implementation language (PHP vs Java) and some specific details in the logic, but the core functionality and approach are identical. Both handle the same special cases (K=1, C=1, S < K) and follow the same general solution strategy.""
}",151
2016_0_4,99642,2016_0_4,45917,CLONE,2026-07-16 17:16:21,"{
    ""answer"": ""YES-SIMILAR"",
    ""explanation"": ""Both code snippets are implementations of the same problem-solving algorithm. They both read input from a file, process multiple test cases, and solve a problem involving a number k, cases c, and a sum s. The main logic in both snippets is similar: they check if the sum s is sufficient to cover the required number of cases, and if not, they output 'IMPOSSIBLE'. If the sum is sufficient, they generate the required numbers. The Java snippet uses a BufferedReader and PrintWriter for file I/O, while the C++ snippet uses",152
2016_0_4,45917,2016_0_4,142083,CLONE,2026-07-16 17:16:23,"{
    ""answer"": ""YES-SIMILAR"",
    ""explanation"": ""Both code snippets solve the same problem: given parameters k, c, and s, they determine if it's possible to generate a sequence of numbers and output it. The C++ code uses a more complex mathematical approach with modular arithmetic and number theory, while the Python code uses a simpler approach with basic arithmetic operations. Both codes handle the same input parameters and produce similar output, though the C++ code is more optimized and handles edge cases differently. The core functionality of determining if a sequence can be generated and outputting it is the same in both cases",153
2016_0_4,142083,2016_0_4,37736,CLONE,2026-07-16 17:16:26,"{
    ""answer"": ""YES-SIMILAR"",
    ""explanation"": ""Both code snippets solve the same problem: generating a sequence of numbers based on input parameters (k, c, s) and writing the results to an output file. They both handle multiple test cases, check for impossible scenarios, and generate the same mathematical sequence. The main differences are in the language used (Python vs PHP) and the specific implementation details, but the core functionality is identical.""
}",154
2016_0_4,37736,2016_0_4,99642,CLONE,2026-07-16 17:16:28,"{
    ""answer"": ""YES-SIMILAR"",
    ""explanation"": ""Both code snippets are solving the same problem - a programming competition problem where they need to calculate the position of K items in a sequence with C items per row. The PHP code uses a mathematical formula to calculate the positions, while the Java code uses a similar approach with some differences in implementation details. Both handle the same input format and produce the same output format. The main difference is in the language used (PHP vs Java) and the specific implementation details, but the core logic and functionality are the same.""
}",155
2016_1_1,15819,2016_1_1,15421,CLONE,2026-07-16 17:16:31,"{
    ""answer"": ""YES-SIMILAR"",
    ""explanation"": ""Both code snippets solve the same problem: finding the last word in a given string. They both take a string input, process it to find the last word, and output the result. The Java code uses StringBuilder to build the last word by inserting characters at the beginning if they are greater than the first character, while the C++ code uses string manipulation to achieve the same result. Both programs handle multiple test cases and follow a similar structure for processing each case.""
}",156
2016_1_1,15421,2016_1_1,3308,CLONE,2026-07-16 17:16:34,"{
    ""answer"": ""YES-SIMILAR"",
    ""explanation"": ""Both code snippets implement the same algorithm for processing a series of strings. They both take a number of test cases T as input, and for each test case, they process a string character by character to build a result string. The key differences are in the implementation details: the C++ version uses a more efficient string manipulation approach with a single string variable, while the Python version uses a list to store the intermediate result. However, the core logic of comparing characters and building the result string is the same in both implementations.""
}",157
2016_1_1,3308,2016_1_1,3735,CLONE,2026-07-16 17:16:36,"{
    ""answer"": ""YES-SIMILAR"",
    ""explanation"": ""Both code snippets implement the same algorithm: they read input text, maintain the last word seen so far, and build a new word by appending each character if it's greater than or equal to the last word's first character, or appending it at the end if it's smaller. The main differences are in the language (Python vs PHP) and the input/output handling, but the core logic and functionality are identical.""
}",158
2016_1_1,3735,2016_1_1,15819,CLONE,2026-07-16 17:16:37,"{
    ""answer"": ""YES-SIMILAR"",
    ""explanation"": ""Both code snippets solve the same problem: finding the last word in a sequence of words. They both read input cases, process each case to build the last word by comparing characters, and output the result. The main differences are in the language used (PHP vs Java) and the input/output handling methods, but the core logic and functionality are identical.""
}",159
2016_1_1,28201,2016_1_1,31768,CLONE,2026-07-16 17:16:40,"{
    ""answer"": ""YES-SIMILAR"",
    ""explanation"": ""Both code snippets read a number of test cases from input, sort each line of input, and output the sorted lines with case numbers. The Java code uses BufferedReader and StringBuffer for input/output operations, while the C++ code uses cin and cout with string manipulation. The sorting logic in both snippets is similar, inserting characters into the sorted string based on their ASCII values. The main difference is in the language-specific implementations, but the functional purpose is the same.""
}",160
2016_1_1,31768,2016_1_1,33316,CLONE,2026-07-16 17:16:43,"{
    ""answer"": ""YES-SIMILAR"",
    ""explanation"": ""Both code snippets read input strings, process them using string manipulation and sorting, and output the results in a similar format. The first snippet uses a custom sorting algorithm to arrange characters in a specific order, while the second snippet uses a more complex sorting approach with quicksort and merge sort components. Both achieve the same goal of sorting input strings according to specific rules and outputting the results with case numbers. The main differences are in the implementation details and the specific sorting algorithms used, but the functional outcome is the same.""
}",161
2016_1_1,33316,2016_1_1,18665,CLONE,2026-07-16 17:16:45,"{
    ""answer"": ""YES-SIMILAR"",
    ""explanation"": ""Both code snippets implement the same algorithm for sorting strings. The Python code uses a custom sorting algorithm with two helper functions (occ and quicksorting) to sort the input string, while the PHP code implements a similar sorting logic in the solve function. Both solutions process input strings character by character and build the sorted output string. The main difference is in the implementation details and syntax, but the core functionality of sorting strings is the same in both snippets.""
}",162
2016_1_1,18665,2016_1_1,28201,CLONE,2026-07-16 17:16:48,"{
    ""answer"": ""YES-SIMILAR"",
    ""explanation"": ""Both code snippets are solutions for the same programming problem. They both read input from a file, process multiple test cases, and output the results to a file. The main difference is in the implementation details: the PHP code uses a custom sorting function, while the Java code uses a built-in sort method. However, the core functionality of both programs is the same: they take a string input, sort it according to a specific rule, and output the sorted string for each test case. The PHP code uses a custom sorting algorithm, while the Java code",163
2016_1_1,22113,2016_1_1,20829,CLONE,2026-07-16 17:16:50,"{
    ""answer"": ""YES-SIMILAR"",
    ""explanation"": ""Both code snippets are solving the same problem: sorting characters in a string while maintaining the relative order of equal characters. The Java code splits the input string into individual characters and builds a sorted string by comparing each character with the first character of the current sorted string. The C++ code uses a similar approach, maintaining two pointers (startpos and endPos) to build the sorted string. Both implementations achieve the same result, just with different syntax and structure.""
}",164
2016_1_1,20829,2016_1_1,14703,CLONE,2026-07-16 17:16:52,"{
    ""answer"": ""YES-SIMILAR"",
    ""explanation"": ""Both code snippets implement the same algorithm for processing a string input. The C++ code uses a custom implementation with arrays and manual string manipulation, while the Python code uses a more concise approach with list operations. Both handle the input string by maintaining a sorted sequence of characters, inserting new characters at the beginning if they are greater than or equal to the current first character, and appending them otherwise. The main difference is in the language implementation details, but the core functionality is identical: processing a string input and producing a sorted sequence of characters as output.""
}",165
2016_1_1,14703,2016_1_1,4557,CLONE,2026-07-16 17:16:55,"{
    ""answer"": ""YES-SIMILAR"",
    ""explanation"": ""Both code snippets implement the same algorithm for processing input strings. They both maintain a running string of characters that are inserted at the beginning when the new character is greater than or equal to the last character in the running string, and at the end when the new character is less than the last character. The main function reads input strings, processes them using this algorithm, and outputs the result. The only differences are in the language used (Python vs PHP), the input/output handling, and the specific implementation details.""
}",166
2016_1_1,4557,2016_1_1,22113,CLONE,2026-07-16 17:16:58,"{
    ""answer"": ""YES-SIMILAR"",
    ""explanation"": ""Both code snippets implement the same algorithm for processing a string of characters. They both take a string input, split it into individual characters, and then build a new string by comparing the first character of the current string with the current character. If the current character is greater than the first character, it's appended to the end. If it's less than or equal to, it's prepended to the beginning. The main difference is in the implementation language (PHP vs Java) and the specific details of how they handle the input/output, but the core",167
2016_1_2,23627,2016_1_2,7905,CLONE,2026-07-16 17:17:01,"{
    ""answer"": ""YES-SIMILAR"",
    ""explanation"": ""Both code snippets solve the same problem: reading input, processing numbers, and outputting the odd-counted numbers in sorted order. The Java code reads from a file 'src/B-small-attempt2.in' and processes numbers in a 2D array-like structure (2*n*n - n numbers), while the C++ code reads from standard input and processes numbers in a similar structure. Both use a hash map (Java) and an array (C++) to count the occurrences of numbers and output the ones with odd counts. The main difference is",168
2016_1_2,7905,2016_1_2,30453,CLONE,2026-07-16 17:17:03,"{
    ""answer"": ""YES-SIMILAR"",
    ""explanation"": ""Both code snippets solve the same problem: they read input data and output the numbers that appear an odd number of times in the input. The C++ code uses a bit manipulation approach with a cnt array, while the Python code uses a more explicit approach with counting and set operations. Both achieve the same result of identifying numbers that appear an odd number of times in the input sequences.""
}",169
2016_1_2,30453,2016_1_2,22155,CLONE,2026-07-16 17:17:05,"{
    ""answer"": ""YES-SIMILAR"",
    ""explanation"": ""Both code snippets solve the same problem: reading a sequence of lines from input, parsing them into numbers, and then finding the odd numbers (numbers that appear an odd number of times) in the sequence. The Python code uses a custom ranking function while the PHP code uses array_count_values, but both achieve the same result of finding and sorting the odd numbers. The input format and output format are also similar, with both using case numbers and space-separated output.""
}",170
2016_1_2,22155,2016_1_2,23627,CLONE,2026-07-16 17:17:07,"{
    ""answer"": ""YES-SIMILAR"",
    ""explanation"": ""Both code snippets are solving the same problem: reading input numbers, counting their occurrences, and outputting numbers that appear an odd number of times in sorted order. The first snippet uses PHP with STDIN input, while the second uses Java with file input. Both have similar logic: reading a number of test cases, for each case reading a number N, reading N*N numbers, counting their occurrences, filtering odd counts, sorting, and outputting the result. The main differences are in the language used and the input method, but the functional logic is",171
2016_1_2,26561,2016_1_2,22827,CLONE,2026-07-16 17:17:10,"{
    ""answer"": ""YES-SIMILAR"",
    ""explanation"": ""Both code snippets implement the same algorithm to find missing numbers in a grid. They both:
    1. Take input for the size of the grid (n)
    2. Read numbers from the input and count their occurrences
    3. Identify numbers that appear an odd number of times
    4. Print these missing numbers in sorted order
    The main differences are in the language (Java vs C++) and implementation details, but the core functionality is identical.""
}",172
2016_1_2,22827,2016_1_2,14745,CLONE,2026-07-16 17:17:12,"{
    ""answer"": ""YES-SIMILAR"",
    ""explanation"": ""Both code snippets solve the same problem: they read input data, process it to find numbers that appear an odd number of times, and output the numbers in sorted order. The main differences are in the language (C++ vs Python) and the input/output methods, but the core logic and functionality are identical. Both use maps/dictionaries to count occurrences, both sort the results, and both output the numbers in the same format.""
}",173
2016_1_2,14745,2016_1_2,21265,CLONE,2026-07-16 17:17:15,"{
    ""answer"": ""YES-SIMILAR"",
    ""explanation"": ""Both code snippets solve the same problem: they read input data containing multiple test cases, where each test case contains a sequence of numbers. They count the frequency of each number in the sequence and output the numbers that appear an odd number of times, sorted in ascending order. The Python code reads from a file specified as a command-line argument, while the PHP code reads from the same file. The logic for processing the input and generating the output is identical in both snippets.""
}",174
2016_1_2,21265,2016_1_2,26561,CLONE,2026-07-16 17:17:17,"{
    ""answer"": ""YES-SIMILAR"",
    ""explanation"": ""Both code snippets implement the same algorithm for finding missing soldiers in a grid. They both: 1) Read input from a file/standard input, 2) Process rows of numbers to count occurrences of each number, 3) Identify numbers with odd counts as missing, 4) Sort the missing numbers and output them. The main differences are in syntax and structure (PHP vs Java) but the functional logic is identical.""
}",175
2016_1_2,21848,2016_1_2,26565,CLONE,2026-07-16 17:17:20,"{
    ""answer"": ""YES-SIMILAR"",
    ""explanation"": ""Both code snippets solve the same problem: they read input data, process it to find missing rows in a grid, and output the missing row numbers in sorted order. The Java code reads from a file and writes to a file, while the C++ code reads from standard input and writes to standard output. Both use similar logic to count the occurrences of each number in the grid and identify missing rows (those with odd counts). The main differences are in the language-specific implementations and I/O handling, but the core algorithm and functionality are identical.""
}",176
2016_1_2,26565,2016_1_2,7956,CLONE,2026-07-16 17:17:21,"{
    ""answer"": ""YES-SIMILAR"",
    ""explanation"": ""Both code snippets solve the same problem: they read input cases, for each case they read a sequence of numbers, count the occurrences of each number, and output the numbers that appear an odd number of times. The C++ code uses vectors and maps, while the Python code uses dictionaries and lists, but the logic and flow are identical. Both code snippets also sort the output numbers in ascending order before printing them.""
}",177
2016_1_2,7956,2016_1_2,19133,CLONE,2026-07-16 17:17:23,"{
    ""answer"": ""YES-SIMILAR"",
    ""explanation"": ""Both code snippets solve the same problem: finding numbers that appear an odd number of times in a series of input lines. They both read input, process the numbers, and output the numbers that appear an odd number of times. The main differences are in the language used (Python vs PHP) and the specific implementation details, but the core functionality is the same.""
}",178
2016_1_2,19133,2016_1_2,21848,CLONE,2026-07-16 17:17:26,"{
    ""answer"": ""YES-SIMILAR"",
    ""explanation"": ""Both code snippets read input from a file, process it to find missing numbers, and write the results to an output file. The PHP code reads input from 'B-large-input.in' and writes to 'B-large-output.out', while the Java code reads from a command-line argument and writes to 'rankAndFile.out'. Both implement the same algorithm: they read multiple lines of input, track the frequency of numbers, and output the numbers that appear an odd number of times. The main difference is in the syntax and structure, but the functional logic",179
2016_2_1,201276,2016_2_1,194349,CLONE,2026-07-16 17:17:29,"{
    ""answer"": ""YES-SIMILAR"",
    ""explanation"": ""Both code snippets implement the same algorithm for processing input strings and counting occurrences of specific characters. They both use an array of strings to represent numbers (ZERO to NINE), and process the input string to count occurrences of each character. The main difference is in the implementation language (Java vs C++) and the specific details of the counting algorithm, but the overall logic and purpose of the code is the same.""
}",180
2016_2_1,194349,2016_2_1,185295,CLONE,2026-07-16 17:17:31,"{
    ""answer"": ""YES-SIMILAR"",
    ""explanation"": ""Both code snippets are solving the same problem: counting letters in a string and determining which numbers they represent. The first snippet is in C++ and uses a more complex approach with arrays and loops, while the second snippet is in Python and uses a dictionary-based approach. Despite the different languages and implementation details, both programs are performing the same task of processing input strings to determine which numbers they represent, and both output the results in a similar format.""
}",181
2016_2_1,185295,2016_2_1,198100,CLONE,2026-07-16 17:17:34,"{
    ""answer"": ""YES-SIMILAR"",
    ""explanation"": ""Both code snippets are solving the same Google Code Jam 2016 problem (D) - Fractiles. They both read input from a file, process test cases, and write output to a file. The main logic is the same: counting letters in strings, removing certain letters based on specific rules, and then sorting the remaining letters to form numbers. The only differences are in the implementation details (Python vs PHP) and the specific class structure, but the core functionality is identical.""
}",182
2016_2_1,198100,2016_2_1,201276,CLONE,2026-07-16 17:17:37,"{
    ""answer"": ""YES-SIMILAR"",
    ""explanation"": ""Both code snippets are solving the same problem - converting a string of digits into their corresponding numbers (0-9) based on their frequency in the input string. The PHP code uses a class PhoneNumberProblem and PhoneNumberTestCase to process the input string and count the frequency of each digit, while the Java code uses a similar approach with methods to count and replace characters. Both implementations follow the same logic: counting the frequency of each digit, replacing characters to form the correct number, and outputting the result. The main difference is in the implementation language and structure",183
2016_2_1,180026,2016_2_1,186531,CLONE,2026-07-16 17:17:39,"{
    ""answer"": ""YES-SIMILAR"",
    ""explanation"": ""Both code snippets are solving the same problem: converting a string of numbers into their word representations (like 'ONE', 'TWO', etc.). They both use a similar approach where they count the frequency of each digit in the input string and then convert those counts into the corresponding words. The main difference is in the implementation details (Java vs C++, different variable names and structures), but the core logic and functionality are the same.""
}",184
2016_2_1,186531,2016_2_1,196651,CLONE,2026-07-16 17:17:42,"{
    ""answer"": ""NO-NOT-SIMILAR"",
    ""explanation"": ""While both code snippets appear to be solutions for a programming competition problem involving digit counting, they are not functionally similar. The C++ code implements a specific algorithm for counting digits in a particular way, while the Python code is a framework for handling input/output operations. The C++ code contains a complex loop structure with specific decrement operations for each digit, whereas the Python code is a higher-level wrapper that delegates the actual digit counting to another function. The two implementations have different underlying logic and are not interchangeable.""
}",185
2016_2_1,196651,2016_2_1,193717,CLONE,2026-07-16 17:17:45,"{
    ""answer"": ""YES-SIMILAR"",
    ""explanation"": ""Both code snippets are solving the same problem - they are processing input strings to generate output strings. The Python code reads input strings, processes them using a solve_case function, and outputs the results. The PHP code processes input strings to count the frequency of each character, then uses this information to generate output strings that represent numbers (0-9). Both codes are handling input strings and generating output strings based on the character frequencies, making them functionally similar.""
}",186
2016_2_1,193717,2016_2_1,180026,CLONE,2026-07-16 17:17:47,"{
    ""answer"": ""YES-SIMILAR"",
    ""explanation"": ""Both code snippets implement the same algorithm to count and print the frequency of digits in a given string. They both: 1) Read input strings, 2) Count the frequency of each character, 3) Process specific characters (like 'Z' for 'ZERO') to determine the frequency of digits, and 4) Print the digits in the correct order. The main differences are in the syntax and structure (PHP vs Java) and the specific implementation details, but the core logic and functionality are the same.""
}",187
2016_2_1,193929,2016_2_1,179503,CLONE,2026-07-16 17:17:51,"{
    ""answer"": ""YES-SIMILAR"",
    ""explanation"": ""Both code snippets solve the same problem: counting digits in a string and outputting them in the correct order. The Java code uses a more complex approach with character arrays and multiple helper methods, while the C++ code uses a simpler approach with arrays and direct calculations. However, both achieve the same result: processing a string input, counting the occurrences of digits, and outputting them in the correct order (0-9). The main logic of both programs is to count the digits and output them in the correct order, which is the same task.""
",188
2016_2_1,179503,2016_2_1,182378,CLONE,2026-07-16 17:17:54,"{
    ""answer"": ""YES-SIMILAR"",
    ""explanation"": ""Both code snippets are implementations of the same algorithm for processing a string input. They both: 1) Read a number of test cases, 2) Process each test case by reading a string, 3) Count occurrences of specific characters (like 'Z', 'X', 'G', etc.), 4) Subtract counts based on specific rules, 5) Output the results in a specific format. While they use different programming languages (C++ and Python) and have different implementation details, their core functionality is the same.""
}",189
2016_2_1,182378,2016_2_1,200006,CLONE,2026-07-16 17:17:56,"{
    ""answer"": ""YES-SIMILAR"",
    ""explanation"": ""Both code snippets are solving the same problem: processing input strings and counting the occurrences of specific letters. They both read input from a file, process each test case, and output the results. The main difference is in the implementation details and the specific logic used for counting letters, but the overall functionality is the same. The Python code uses a while loop with string replacement to count letters, while the PHP code uses a for loop with decrementing counters. Both approaches achieve the same result of counting and processing the input strings.""
}",190
2016_2_1,200006,2016_2_1,193929,CLONE,2026-07-16 17:17:59,"{
    ""answer"": ""YES-SIMILAR"",
    ""explanation"": ""Both code snippets are solutions to the same Google Code Jam problem. They both read input from a file, process the input string to count specific characters, and output the results. The main difference is in the implementation language (PHP vs Java) and the specific details of the character counting logic, but the overall functionality and purpose of the code is the same.""
}",191
2013_0_1,103399,2015_0_2,96440,NON-CLONE,2026-07-16 17:18:02,"{
    ""answer"": ""NO-NOT-SIMILAR"",
    ""explanation"": ""The two code snippets are not functionally similar. Code Snippet 1 is a Java implementation of a KnapSack algorithm that reads game board data from a file and determines the winner of a Tic-Tac-Toe game. Code Snippet 2 is a C++ implementation of a different algorithm that finds the best divisor for a given set of numbers. While both are algorithms, they solve completely different problems and have different inputs and outputs.""
}",192
2013_0_1,49244,2016_2_1,186531,NON-CLONE,2026-07-16 17:18:05,"{
    ""answer"": ""YES-SIMILAR"",
    ""explanation"": ""Both code snippets are implementations of a game (Tic-Tac-Toe) that reads input from a file, processes the game state, and determines the winner. The Java code processes a 4x4 grid of characters, while the C++ code processes a 26-element array representing a 6x6 grid. Both use similar logic to check for winners in rows, columns, and diagonals, and both output the result of each game case. The main difference is in the input format and grid size, but the core functionality of determining",193
2013_0_1,126886,2016_0_4,45917,NON-CLONE,2026-07-16 17:18:07,"{
    ""answer"": ""NO-NOT-SIMILAR"",
    ""explanation"": ""The two code snippets are not functionally similar. Code Snippet 1 is a Java program that reads input from a file and determines the winner of a Tic Tac Toe game, while Code Snippet 2 is a C++ program that solves a different problem involving calculating values based on input parameters. They have different purposes, structures, and logic, making them not functionally similar.""
}",194
2013_0_1,99825,2016_1_2,23627,NON-CLONE,2026-07-16 17:18:10,"{
    ""answer"": ""NO-NOT-SIMILAR"",
    ""explanation"": ""The two code snippets are not functionally similar. Code Snippet 1 is a C++ program that appears to be a game simulation (possibly Tic-Tac-Toe) that reads input from a file and writes output to another file. It uses arrays and has game logic for determining winners. Code Snippet 2 is a Java program that reads input from a file and processes it using a HashMap to count occurrences of numbers. The programs have different purposes, different data structures, and different logic. They are not performing the same task or",195
2013_0_1,98087,2014_3_1,135560,NON-CLONE,2026-07-16 17:18:13,"{
    ""answer"": ""NO-NOT-SIMILAR"",
    ""explanation"": ""These code snippets are not functionally similar. Code Snippet 1 is a C++ program that implements a game where two players ('X' and 'O') take turns placing their marks on a 4x4 grid. The program determines the winner based on the game state. Code Snippet 2 is a Java program that solves a different problem involving mathematical calculations and file I/O operations. The two programs have different purposes, different input/output mechanisms, and different logic implementations. They are completely unrelated in terms of functionality.""
}",196
2013_0_1,72071,2015_0_3,103774,NON-CLONE,2026-07-16 17:18:16,"{
    ""answer"": ""NO-NOT-SIMILAR"",
    ""explanation"": ""While both code snippets appear to be game-related, they are not functionally similar. The first code snippet is a Tic-Tac-Toe game in C++ where players take turns placing X's and O's on a 4x4 grid, and the game determines the winner based on rows, columns, and diagonals. The second code snippet is a completely different game in Python that seems to involve some kind of mathematical operations and game state checking, but it's not a Tic-Tac-Toe game. The two code snippets have",197
2013_0_1,125888,2014_2_1,114208,NON-CLONE,2026-07-16 17:18:18,"{
    ""answer"": ""NO-NOT-SIMILAR"",
    ""explanation"": ""The two code snippets are not functionally similar. The first snippet is a Python implementation of a Tic-Tac-Toe game state analyzer that determines the game state (draw, ongoing, or winner) based on the input game board. The second snippet is a PHP implementation of a completely different algorithm that appears to be related to string processing and pattern matching, with no apparent connection to Tic-Tac-Toe or game state analysis.""
}",198
2013_0_1,91336,2015_0_3,42051,NON-CLONE,2026-07-16 17:18:21,"{
    ""answer"": ""YES-SIMILAR"",
    ""explanation"": ""Both code snippets are solving the same problem: determining the winner of a game based on a grid of characters. The Python code reads a grid from a file, processes each case, and determines if the game has been won, is a draw, or is not completed. The Java code does the same thing but with a different input format and processing logic. Both implement similar game logic, including checking for winners in rows, columns, and diagonals, and determining if the game is a draw or not completed. The main difference is in the implementation details",199
2013_0_1,70537,2015_0_3,49764,NON-CLONE,2026-07-16 17:18:24,"{
    ""answer"": ""YES-SIMILAR"",
    ""explanation"": ""Both code snippets are implementations of the same game logic, specifically a Tic-Tac-Toe variant. They both process game states, check for wins, and determine the game outcome. The Python code uses a more straightforward approach with Counter objects and list comprehensions, while the C++ code uses a more complex matrix-based approach with power operations. Despite the different implementation details, both achieve the same functional result: determining the winner of a game state.""
}",200
2013_0_1,84842,2016_1_1,28201,NON-CLONE,2026-07-16 17:18:26,"{
    ""answer"": ""YES-SIMILAR"",
    ""explanation"": ""Both code snippets are implementations of a problem-solving system that processes input data in a specific format. They both read input from a file, process multiple test cases, and output results based on the input data. The main differences are in the programming languages used (PHP vs Java) and the specific logic for determining the outcome, but the overall structure and purpose of the code is the same.""
}",201
2013_0_1,102913,2016_0_4,135114,NON-CLONE,2026-07-16 17:18:29,"{
    ""answer"": ""NO-NOT-SIMILAR"",
    ""explanation"": ""The two code snippets are not functionally similar. Code Snippet 1 is a PHP program that reads input from a file, processes game test cases, and writes output to another file. It includes functions for checking game status, rows, columns, and diagonals. Code Snippet 2 is a C++ program that reads input from standard input, processes mathematical calculations, and writes output to standard output. The programs have completely different purposes and structures, with no overlapping functionality.""
}",202
2013_0_1,127485,2016_0_1,100898,NON-CLONE,2026-07-16 17:18:31,"{
    ""answer"": ""NO-NOT-SIMILAR"",
    ""explanation"": ""The two code snippets are not functionally similar. Code Snippet 1 is a PHP program that reads input from a file, processes a Tic-Tac-Toe game board, and determines the winner based on the board state. Code Snippet 2 is a Java program that counts the number of times a number appears in a sequence of numbers, and determines if the number appears 10 times. These programs have completely different purposes and logic.""
}",203
2013_0_2,95524,2015_0_2,38840,NON-CLONE,2026-07-16 17:18:34,"{
    ""answer"": ""NO-NOT-SIMILAR"",
    ""explanation"": ""These code snippets solve different problems. The first Java code snippet implements a solution for a grid-based problem where it checks if a grid can be sorted in a specific way (either horizontally or vertically), and outputs 'YES' or 'NO' based on whether it's possible. The second C++ code snippet implements a solution for a different problem where it calculates the minimum number of moves required to sort a sequence of numbers. The algorithms and logic used in both snippets are completely different, and they solve distinct problems.""
}",204
2013_0_2,44471,2014_2_1,114208,NON-CLONE,2026-07-16 17:18:36,"{
    ""answer"": ""YES-SIMILAR"",
    ""explanation"": ""Both code snippets are solving the same problem: determining if a pattern is possible in a grid based on the lowest value. They both read input, process cases, and check if the pattern is possible by verifying rows and columns. The main difference is in the implementation details and the specific algorithms used, but the core functionality is the same. The Java code checks if all rows and columns contain the lowest value, while the PHP code processes the input differently but achieves the same goal of determining if the pattern is possible.""
}",205
2013_0_2,55421,2016_2_1,196651,NON-CLONE,2026-07-16 17:18:39,"{
    ""answer"": ""YES-SIMILAR"",
    ""explanation"": ""Both code snippets are implementing a solution for a lawn mowing problem. The Java code reads input from a file, processes the data, and writes output to another file. The Python code does the same but in a different structure. Both handle multiple test cases, read input data, and write results. The core logic of checking if the lawn can be mowed safely is present in both, with the Java code using a more detailed implementation of the safety check algorithm.""
}",206
2013_0_2,83774,2016_2_1,201276,NON-CLONE,2026-07-16 17:18:41,"{
  ""answer"": ""NO-NOT-SIMILAR"",
  ""explanation"": ""These code snippets are not functionally similar. The first snippet is a C++ program that reads input and checks if a matrix contains a specific value in each row and column. The second snippet is a Java program that processes a string to count occurrences of specific characters and replace them with numbers. While both programs involve input processing and some form of counting or checking, their specific tasks and logic are different. The first program checks for a specific value in a matrix, while the second program processes a string to count and replace characters.""
}",207
2013_0_2,140779,2013_1_1,30519,NON-CLONE,2026-07-16 17:18:44,"{
    ""answer"": ""NO-NOT-SIMILAR"",
    ""explanation"": ""The two code snippets are not functionally similar. Code Snippet 1 is a C++ program that solves a grid problem using the solve() function, while Code Snippet 2 is a Python program that implements a binary search algorithm. They have different purposes, different input/output formats, and different programming languages. The C++ code uses a 2D array and nested loops to check conditions, while the Python code uses binary search to find a value in a sequence. They are solving completely different problems.""
}",208
2013_0_2,91409,2013_0_3,102207,NON-CLONE,2026-07-16 17:18:47,"{
    ""answer"": ""YES-SIMILAR"",
    ""explanation"": ""Both code snippets are implementations of the same problem: reading input from a file, processing data, and writing output to another file. The C++ code reads a matrix of integers from 'in.txt' and determines if it's possible to have a valid arrangement based on certain conditions. The Python code reads input from a file, processes it to count the number of perfect squares in a given range, and writes the result to an output file. While the specific logic and data structures differ, both programs achieve the same goal of processing input data and generating output",209
2013_0_2,78034,2014_2_1,129296,NON-CLONE,2026-07-16 17:18:49,"{
    ""answer"": ""NO-NOT-SIMILAR"",
    ""explanation"": ""While both code snippets appear to be solving a problem related to checking rows and columns, they are fundamentally different in their approach and purpose. The Python code checks if a board configuration is valid by comparing each cell's value with the maximum value in its row and column, while the Java code calculates a result based on counting characters in strings and computing a median-based sum. The Java code uses a more complex tokenization approach and includes a custom Token class, which is not present in the Python code. The two code snippets have different input formats,",210
2013_0_2,122219,2014_3_1,138308,NON-CLONE,2026-07-16 17:18:51,"{
    ""answer"": ""NO-NOT-SIMILAR"",
    ""explanation"": ""The two code snippets are not functionally similar. Code Snippet 1 is a Python program that reads test cases from a file, processes a board, and determines if it's possible to make certain moves based on cell values. Code Snippet 2 is a C++ program that calculates the minimum number of separators needed to divide a power of 2 into two equal parts. They have completely different purposes and logic.""
}",211
2013_0_2,85165,2014_3_1,134611,NON-CLONE,2026-07-16 17:18:54,"{
    ""answer"": ""NO-NOT-SIMILAR"",
    ""explanation"": ""The two code snippets are not functionally similar. Code Snippet 1 is a Python program that implements a lawn generation algorithm, while Code Snippet 2 is a C++ program that solves a mathematical problem involving finding the power of a number. They have different purposes, use different programming languages, and implement different algorithms. Code Snippet 1 processes input to generate lawn patterns, while Code Snippet 2 performs mathematical calculations to determine if a problem is possible to solve.""
}",212
2013_0_2,71957,2016_1_1,15819,NON-CLONE,2026-07-16 17:18:56,"{
    ""answer"": ""NO-NOT-SIMILAR"",
    ""explanation"": ""These code snippets are not functionally similar. The first snippet is a PHP program that reads a matrix from a file, evaluates it to determine if it meets certain conditions, and writes the results to an output file. The second snippet is a Java program that processes a string to find the last word and writes the result to an output file. The two programs have completely different purposes and logic, despite both reading from a file and writing to an output file.""
}",213
2013_0_2,96711,2013_0_3,51164,NON-CLONE,2026-07-16 17:18:59,"{
    ""answer"": ""NO-NOT-SIMILAR"",
    ""explanation"": ""The two code snippets have different functionalities. Code Snippet 1 is a PHP program that reads input from stdin, processes test cases, and checks if a lawn arrangement is valid based on certain conditions. Code Snippet 2 is a Python program that reads input from a file, processes squares numbers, and counts how many of them fall within a given range. While both programs involve reading input and processing data, they serve different purposes and have different logic flows.""
}",214
2013_0_2,68303,2016_0_1,71388,NON-CLONE,2026-07-16 17:19:01,"{
    ""answer"": ""NO-NOT-SIMILAR"",
    ""explanation"": ""The two code snippets are not functionally similar. Code Snippet 1 is a PHP program that reads input data and determines whether it's possible to have a valid lawn arrangement based on given dimensions and constraints. Code Snippet 2 is a Python program that generates a string of digits based on a given number and multiplier. They have completely different purposes and logic, so they are not functionally similar.""
}",215
2013_0_3,108834,2016_0_1,39027,NON-CLONE,2026-07-16 17:19:04,"{
    ""answer"": ""YES-SIMILAR"",
    ""explanation"": ""Both code snippets appear to be solutions for the same problem, likely involving input/output operations and mathematical calculations. The Java code reads input from a file, processes it, and writes output to another file, while the PHP code does similar operations. Both snippets handle test cases, process input data, and generate output. The main differences are in the implementation details (Java vs PHP) and the specific algorithms used, but the overall functionality and purpose of the code is similar.""
}",216
2013_0_3,59317,2016_1_2,26565,NON-CLONE,2026-07-16 17:19:06,"{
    ""answer"": ""NO-NOT-SIMILAR"",
    ""explanation"": ""The two code snippets are not functionally similar. Code Snippet 1 is a Java program that solves a mathematical problem involving large numbers and includes a custom power function. It reads input from the user and processes it using BigInteger objects. Code Snippet 2 is a C++ program that reads input, processes a vector of vectors, counts occurrences of numbers, and outputs a sorted list of numbers based on their occurrence count. The two programs have different purposes, different input/output formats, and different algorithms, making them not functionally similar.""
",217
2013_0_3,74156,2015_0_3,49764,NON-CLONE,2026-07-16 17:19:09,"{
    ""answer"": ""NO-NOT-SIMILAR"",
    ""explanation"": ""While both code snippets appear to be solving some kind of mathematical problem involving numbers and palindromes, they are fundamentally different in their approach and purpose. Code Snippet 1 is a Java program that reads input from a file, processes it, and outputs results to another file. It specifically deals with counting square palindromes within a given range. Code Snippet 2 is a C++ program that seems to be implementing a more complex mathematical algorithm involving power operations and string manipulation. The two programs have different structures, different input",218
2013_0_3,102625,2013_0_1,126886,NON-CLONE,2026-07-16 17:19:12,"{
    ""answer"": ""NO-NOT-SIMILAR"",
    ""explanation"": ""The two code snippets are not functionally similar. Code Snippet 1 is a C++ program that reads input for a number of cases, processes each case by finding the count of perfect squares between two numbers, and outputs the result. Code Snippet 2 is a Java program that reads input for a Tic Tac Toe game, processes the game state, and determines the winner or game status. While both programs read input and process cases, they serve completely different purposes and have different logic and functionality.""
}",219
2013_0_3,81195,2014_2_1,131873,NON-CLONE,2026-07-16 17:19:14,"{
    ""answer"": ""NO-NOT-SIMILAR"",
    ""explanation"": ""The two code snippets are not functionally similar. Code Snippet 1 is a C++ program that generates and counts palindrome numbers, while Code Snippet 2 is a Java program that checks if input strings are equal and counts character differences. They have completely different purposes and logic, despite both being programming problems.""
}",220
2013_0_3,53348,2015_0_3,72742,NON-CLONE,2026-07-16 17:19:17,"{
    ""answer"": ""NO-NOT-SIMILAR"",
    ""explanation"": ""The two code snippets are not functionally similar. Code Snippet 1 is a C++ program that reads input, processes it, and outputs results for a specific problem involving palindrome numbers. Code Snippet 2 is a Python program that implements a more complex problem involving quaternion mathematics and string processing. While both programs involve reading input and processing it, they solve completely different problems with different algorithms and data structures.""
}",221
2013_0_3,102207,2015_1_1,122934,NON-CLONE,2026-07-16 17:19:19,"{
    ""answer"": ""NO-NOT-SIMILAR"",
    ""explanation"": ""While both code snippets appear to be processing input data and producing output, they have different purposes and structures. Code Snippet 1 is a Python script that reads from a file, processes numbers, and writes output to another file. It contains functions like openAndDump(), run(), and findNoOfFnSq(). Code Snippet 2 is a PHP script that reads command line arguments, processes time intervals, and calculates two different methods. The logic and purpose of these scripts are different, making them not functionally similar.""
}",222
2013_0_3,51164,2014_2_1,129296,NON-CLONE,2026-07-16 17:19:22,"{
    ""answer"": ""NO-NOT-SIMILAR"",
    ""explanation"": ""While both code snippets involve reading input and processing data, they are fundamentally different in their purpose and implementation. The Python code appears to be solving a problem involving squares of numbers and counting occurrences within a range, while the Java code is implementing a more complex algorithm involving tokenization, counting characters, and calculating a result based on median values and absolute differences. The two code snippets have different structures, different algorithms, and different outputs, making them not functionally similar.""
}",223
2013_0_3,70289,2015_0_4,63026,NON-CLONE,2026-07-16 17:19:24,"{
    ""answer"": ""NO-NOT-SIMILAR"",
    ""explanation"": ""While both code snippets appear to be processing input data and producing output, they are solving different problems. The Python code is checking for palindromes and processing some mathematical data, while the C++ code is solving a specific problem involving Gabriel and Richard, with conditions based on mathematical calculations involving squares and divisibility. The structure, logic, and purpose of these two programs are quite different.""
}",224
2013_0_3,89287,2016_1_1,15421,NON-CLONE,2026-07-16 17:19:26,"{
    ""answer"": ""NO-NOT-SIMILAR"",
    ""explanation"": ""The two code snippets are not functionally similar. Code Snippet 1 is a PHP program that generates square numbers and checks if they are palindromes, while Code Snippet 2 is a C++ program that sorts characters in a string. They have different purposes, use different programming languages, and implement different algorithms.""
}",225
2013_0_3,92037,2014_3_1,134611,NON-CLONE,2026-07-16 17:19:28,"{
    ""answer"": ""NO-NOT-SIMILAR"",
    ""explanation"": ""The two code snippets are not functionally similar. The first PHP code snippet reads input from a file, processes numbers to find squares that are palindromes, and then uses these squares to process input lines. The second C++ code snippet solves a different problem involving finding the greatest common divisor (GCD) of two numbers and determining if it's possible to reach a certain power. While both snippets read input from files and process numbers, they serve entirely different purposes and implement different algorithms.""
}",226
2013_0_3,132829,2016_1_1,14703,NON-CLONE,2026-07-16 17:19:30,"{
    ""answer"": ""NO-NOT-SIMILAR"",
    ""explanation"": ""The two code snippets are not functionally similar. Code Snippet 1 is a PHP program that reads numbers from a file, checks if they are perfect squares, and counts the number of squares between two given numbers. Code Snippet 2 is a Python program that processes a string by maintaining a sorted list of characters and returns the processed string. While both programs involve processing input data, they have completely different purposes and logic.""
}",227
2013_1_1,42047,2013_0_1,99825,NON-CLONE,2026-07-16 17:19:33,"{
    ""answer"": ""NO-NOT-SIMILAR"",
    ""explanation"": ""The two code snippets are not functionally similar. Code Snippet 1 is a Java program that solves a mathematical problem involving binary search and calculations with BigInteger objects. It reads input from a file, processes it, and writes output to another file. Code Snippet 2 is a C++ program that implements a game logic for a tic-tac-toe variant, using arrays to track game states and making decisions based on game rules. While both programs involve file I/O and processing of input data, they serve completely different purposes and implement",228
2013_1_1,30835,2015_0_3,103774,NON-CLONE,2026-07-16 17:19:36,"{
    ""answer"": ""YES-SIMILAR"",
    ""explanation"": ""Both code snippets are solving the same mathematical problem, specifically finding the value of k in a quadratic equation. The Java code uses a different approach but arrives at the same solution. The main difference is in the input handling and the mathematical formulas used, but the core problem being solved is the same. The Java code takes input in the format 'r t' where r and t are long integers, while the Python code takes input in a different format. However, the mathematical logic and the final output format are equivalent.""
}",229
2013_1_1,32414,2016_2_1,179503,NON-CLONE,2026-07-16 17:19:37,"{
    ""answer"": ""NO-NOT-SIMILAR"",
    ""explanation"": ""These code snippets are not functionally similar. Code Snippet 1 is a Java program that solves a mathematical problem involving finding the maximum value for a given input, while Code Snippet 2 is a C++ program that processes a string input to generate a specific output pattern. They have different purposes, structures, and logic, making them functionally different.""
}",230
2013_1_1,28766,2015_0_1,47939,NON-CLONE,2026-07-16 17:19:40,"{
    ""answer"": ""YES-SIMILAR"",
    ""explanation"": ""Both code snippets solve the same problem: finding the minimum number of people needed to stand in a line to form a standing ovation. The C++ code uses binary search to find the minimum number of people needed, while the Java code uses a different approach but achieves the same result. Both programs handle multiple test cases and output the minimum number of people needed for each case. The main difference is in the implementation approach, but the functional outcome is the same.""
}",231
2013_1_1,30228,2016_2_1,185295,NON-CLONE,2026-07-16 17:19:42,"{
    ""answer"": ""NO-NOT-SIMILAR"",
    ""explanation"": ""The two code snippets are not functionally similar. Code Snippet 1 is a C++ program that solves a mathematical problem using binary search, while Code Snippet 2 is a Python program that processes input strings to generate output based on specific letter patterns. They have different purposes, use different programming languages, and implement different algorithms.""
}",232
2013_1_1,30618,2014_2_1,115757,NON-CLONE,2026-07-16 17:19:44,"{
    ""answer"": ""NO-NOT-SIMILAR"",
    ""explanation"": ""The two code snippets are not functionally similar. Code Snippet 1 is a C++ program that solves a mathematical problem using binary search to find a value that satisfies a given function. Code Snippet 2 is a Java program that processes a sequence of strings using RLE (Run-Length Encoding) compression and calculates a result based on the differences between counts. While both programs involve processing input data, they have different purposes and solve different problems.""
}",233
2013_1_1,37029,2015_0_4,86932,NON-CLONE,2026-07-16 17:19:46,"{
    ""answer"": ""NO-NOT-SIMILAR"",
    ""explanation"": ""The two code snippets are not functionally similar. Code Snippet 1 is a Python program that calculates the number of rings needed to paint a white circle, while Code Snippet 2 is a C++ program that determines whether a person is Richard based on certain conditions. They have different purposes, different logic, and different input/output handling.""
}",234
2013_1_1,32497,2016_2_1,194349,NON-CLONE,2026-07-16 17:19:48,"{
    ""answer"": ""NO-NOT-SIMILAR"",
    ""explanation"": ""The two code snippets solve different problems. The first snippet is a C++ program that processes input strings to count occurrences of specific numbers, while the second snippet is a Python program that calculates the number of rings in a mathematical problem. The algorithms, data structures, and overall logic are completely different between the two snippets.""
}",235
2013_1_1,30519,2015_0_1,65110,NON-CLONE,2026-07-16 17:19:50,"{
    ""answer"": ""NO-NOT-SIMILAR"",
    ""explanation"": ""The two code snippets are not functionally similar. Code Snippet 1 is a Python program that implements a binary search algorithm to find the last possible value for a given input, while Code Snippet 2 is a C++ program that reads input from a file, processes a string, and outputs the count of certain values. The algorithms and purposes of these two programs are completely different.""
}",236
2013_1_1,34507,2014_3_1,138308,NON-CLONE,2026-07-16 17:19:52,"{
    ""answer"": ""NO-NOT-SIMILAR"",
    ""explanation"": ""The two code snippets are not functionally similar. Code Snippet 1 is a PHP program that processes input data to calculate some mathematical values using a recursive function. Code Snippet 2 is a C++ program that calculates the greatest common divisor (GCD) of two numbers and then determines the number of times a value needs to be halved to reach a target value. While both programs involve mathematical calculations, they have different purposes and use different algorithms. Code Snippet 1 uses a recursive approach to find a value within a range",237
2013_1_1,39026,2016_0_1,143909,NON-CLONE,2026-07-16 17:19:54,"{
    ""answer"": ""YES-SIMILAR"",
    ""explanation"": ""Both code snippets implement the same algorithm to solve the INSOMNIA problem. The PHP code reads input cases, processes each case to find the smallest number that contains all digits from 0 to 9, and outputs the result. The C++ code does the same thing but with a different approach using bit manipulation. Both codes take the same input format, process the same mathematical problem, and produce the same output format. The main difference is in the implementation details and the programming language used.""
}",238
2013_1_1,31779,2014_3_1,132142,NON-CLONE,2026-07-16 17:19:57,"{
    ""answer"": ""NO-NOT-SIMILAR"",
    ""explanation"": ""The two code snippets are not functionally similar. Code Snippet 1 is a PHP program that calculates the result of a binary search algorithm for a given input, while Code Snippet 2 is a C++ program that solves a different problem involving finding the minimum number of steps to reach a target number using a specific operation. Although both programs involve some form of calculation, they are solving entirely different problems with different algorithms and logic.""
}",239
2014_2_1,115757,2013_0_1,99825,NON-CLONE,2026-07-16 17:19:59,"{
    ""answer"": ""NO-NOT-SIMILAR"",
    ""explanation"": ""These code snippets are not functionally similar. Code Snippet 1 is a Java program that reads input, processes it using RLE (Run Length Encoding) compression, and calculates a result based on the input. Code Snippet 2 is a C++ program that implements a game board with tick() function to update game state, and determines the winner based on specific game rules. While both programs read input and process it, they serve completely different purposes and have different logic implementations.""
}",240
2014_2_1,129296,2015_1_1,122263,NON-CLONE,2026-07-16 17:20:02,"{
    ""answer"": ""YES-SIMILAR"",
    ""explanation"": ""Both code snippets are solving the same problem - a programming competition problem where they need to process multiple test cases and calculate a result based on input data. The Java code reads input from a file, processes each test case, and calculates a result using token counting and median-based calculations. The C++ code does the same thing but with different implementation details. Both have similar logic flow: reading input, processing test cases, calculating results, and outputting the results. The main difference is in the implementation language and specific details of the calculation method, but the",241
2014_2_1,131873,2016_1_2,19133,NON-CLONE,2026-07-16 17:20:04,"{
    ""answer"": ""NO-NOT-SIMILAR"",
    ""explanation"": ""The two code snippets are not functionally similar. Code Snippet 1 is a Java program that reads input from files, processes character counts, and writes output to files. It uses a custom Input class to store and compare strings. Code Snippet 2 is a PHP program that reads input from files, processes lists of numbers, and writes output to files. It uses arrays and sorting to find missing numbers. The two programs have different purposes, different input/output formats, and different logic for processing the data.""
}",242
2014_2_1,131278,2013_0_1,91336,NON-CLONE,2026-07-16 17:20:07,"{
    ""answer"": ""YES-SIMILAR"",
    ""explanation"": ""Both code snippets implement a game logic system that determines the winner of a game based on a grid of characters. The C++ code processes input from files and determines the winner based on the uniqueness of characters in each row, while the Python code does the same but with a different input format and game logic implementation. Both snippets share the core functionality of checking for a winner based on character uniqueness in rows, though they implement it differently.""
}",243
2014_2_1,119165,2013_1_1,30835,NON-CLONE,2026-07-16 17:20:08,"{
    ""answer"": ""NO-NOT-SIMILAR"",
    ""explanation"": ""The two code snippets are solving completely different problems. The first snippet is a C++ program that processes a sequence of words, tracks character frequencies, and calculates a score based on character counts. The second snippet is a Java program that solves a mathematical problem involving finding the optimal value for a given range. The logic, structure, and purpose of these programs are entirely different.""
}",244
2014_2_1,118489,2016_0_1,100898,NON-CLONE,2026-07-16 17:20:12,"{
    ""answer"": ""NO-NOT-SIMILAR"",
    ""explanation"": ""The two code snippets are not functionally similar. The first snippet is a C++ program that reads input from a file, processes it, and outputs results. It includes various utility functions for string manipulation, mathematical operations, and file I/O. The second snippet is a Java program that implements a specific algorithm for counting sheep, using boolean arrays to track the presence of digits. While both programs involve input processing and output generation, they serve completely different purposes and have different functionalities.""
}",245
2014_2_1,128920,2015_0_4,68310,NON-CLONE,2026-07-16 17:20:14,"{
    ""answer"": ""NO-NOT-SIMILAR"",
    ""explanation"": ""The two code snippets are not functionally similar. Code Snippet 1 appears to be a Python program that processes input data and determines whether 'Fegla' or a specific value wins in a game scenario. Code Snippet 2 is a PHP script that processes input data from a file and determines whether 'RICHARD' or 'GABRIEL' wins in a different game scenario. While both programs involve processing input data and making decisions based on that data, they are solving different problems with different logic and structures.""
}",246
2014_2_1,118416,2015_0_2,102321,NON-CLONE,2026-07-16 17:20:17,"{
    ""answer"": ""NO-NOT-SIMILAR"",
    ""explanation"": ""While both code snippets appear to be reading input and processing test cases, they have different purposes and structures. The first snippet is a Python solution for a specific problem involving strings and distances, while the second snippet is a PHP script that seems to be testing something related to maximum values and array processing. The code structures, algorithms, and even the input/output handling are different between the two snippets.""
}",247
2014_2_1,121201,2013_0_2,91409,NON-CLONE,2026-07-16 17:20:19,"{
    ""answer"": ""NO-NOT-SIMILAR"",
    ""explanation"": ""The two code snippets have different purposes and structures. Code Snippet 1 is a Python program that reads input from a file, processes strings to calculate a distance metric, and outputs results. Code Snippet 2 is a C++ program that reads input from a file, checks for valid values in a 2D array, and outputs 'YES' or 'NO' based on certain conditions. While both programs read input from files, they perform completely different tasks and have different logic structures.""
}",248
2014_2_1,118754,2015_0_2,81081,NON-CLONE,2026-07-16 17:20:22,"{
    ""answer"": ""NO-NOT-SIMILAR"",
    ""explanation"": ""The two code snippets are not functionally similar. Code Snippet 1 is a PHP implementation of a Google Code Jam problem solver, while Code Snippet 2 is a Python implementation of a different problem (pancake flipping). Although both are code jam solutions, they solve different problems and have different structures and logic. Code Snippet 1 processes input files and outputs results for a specific problem, while Code Snippet 2 uses memoization and handles a different problem involving pancake flipping.""
}",249
2014_2_1,116147,2013_0_3,74156,NON-CLONE,2026-07-16 17:20:24,"{
    ""answer"": ""NO-NOT-SIMILAR"",
    ""explanation"": ""The two code snippets are not functionally similar. The first snippet reads input from 'inA.txt' and processes strings to calculate some kind of difference between characters, while the second snippet reads input from 'test.txt' and counts square palindromes between two numbers. They have different purposes, input formats, and output results. The first snippet appears to be processing strings character by character, while the second snippet is dealing with numbers and mathematical operations.""
}",250
2014_2_1,114208,2013_0_3,102625,NON-CLONE,2026-07-16 17:20:27,"{
    ""answer"": ""YES-SIMILAR"",
    ""explanation"": ""Both code snippets process input cases and calculate results based on the input values. The PHP code processes strings and calculates distances based on the processed values, while the C++ code processes numbers and counts the number of values within a given range. Both implementations follow a similar pattern of processing input, calculating intermediate results, and producing final outputs. The main difference is in the data types and specific algorithms used, but the overall functional purpose is the same.""
}",251
2014_3_1,135560,2016_1_2,21265,NON-CLONE,2026-07-16 17:20:29,"{
    ""answer"": ""NO-NOT-SIMILAR"",
    ""explanation"": ""While both code snippets read input from a file and process multiple cases, they solve different problems. The Java code snippet appears to be solving a mathematical problem involving division and remainder calculations, while the PHP code snippet is solving a problem involving counting soldiers in a squad and identifying missing soldiers. The logic and algorithms used in both snippets are completely different, making them functionally not similar.""
}",252
2014_3_1,138333,2013_0_2,68303,NON-CLONE,2026-07-16 17:20:32,"{
    ""answer"": ""NO-NOT-SIMILAR"",
    ""explanation"": ""These code snippets are not functionally similar. Code Snippet 1 is a Java program that reads input, processes pairs of numbers, and determines if a number can be expressed as a product of two numbers. Code Snippet 2 is a PHP program that reads input, processes a grid of numbers, and determines if a number can be expressed as a product of two numbers. While both programs perform similar tasks, they are implemented differently and have different input formats and processing logic. The first program deals with pairs of numbers, while the second",253
2014_3_1,140281,2013_1_1,30519,NON-CLONE,2026-07-16 17:20:34,"{
    ""answer"": ""NO-NOT-SIMILAR"",
    ""explanation"": ""The two code snippets are solving different problems. The Java code (PartElf.java) is solving a problem involving multiplication and division of numbers, while the Python code is solving a problem involving binary search and circle counting. The algorithms and logic used in both snippets are completely different, and they are not functionally similar.""
}",254
2014_3_1,138308,2013_1_1,30519,NON-CLONE,2026-07-16 17:20:36,"{
    ""answer"": ""NO-NOT-SIMILAR"",
    ""explanation"": ""The two code snippets have different purposes and functionalities. Code Snippet 1 is a C++ program that calculates the number of separators needed to make a number divisible by 2, using the GCD algorithm. Code Snippet 2 is a Python program that implements a binary search algorithm to find the maximum number of circles that can be drawn with a given radius and total length. While both programs involve mathematical calculations and loops, they solve different problems and have different logic flows.""
}",255
2014_3_1,134611,2016_1_2,14745,NON-CLONE,2026-07-16 17:20:38,"{
    ""answer"": ""NO-NOT-SIMILAR"",
    ""explanation"": ""The two code snippets are solving different problems. The first code snippet (C++) appears to be solving a problem involving powers of 2 and GCD calculations, while the second code snippet (Python) is solving a problem involving counting the number of odd occurrences in a 2D array. They have different input formats, logic, and output requirements, making them functionally different.""
}",256
2014_3_1,132142,2014_2_1,118754,NON-CLONE,2026-07-16 17:20:41,"{
    ""answer"": ""YES-SIMILAR"",
    ""explanation"": ""Both code snippets are solutions to the Google Code Jam 2014 Round 1B Question A problem. They both read input from a file, process cases, and write output to a file. While they use different programming languages (C++ and PHP) and have different implementations, they achieve the same task of solving the problem. The C++ code handles the GCD (Greatest Common Divisor) calculation and power of 2 checks, while the PHP code handles string processing and move calculations, but both are solving the same underlying problem.""
}",257
2014_3_1,139209,2015_0_3,49764,NON-CLONE,2026-07-16 17:20:44,"{
    ""answer"": ""NO-NOT-SIMILAR"",
    ""explanation"": ""While both code snippets appear to be solving some kind of mathematical problem, they are fundamentally different in their approach and purpose. The first snippet is a Python program that calculates the minimum number of generations for a specific mathematical problem involving fractions, while the second snippet is a C++ program that appears to be solving a different problem involving string manipulation and pattern matching. The algorithms, data structures, and overall logic are distinct between the two snippets, making them not functionally similar.""
}",258
2014_3_1,139370,2016_1_1,15819,NON-CLONE,2026-07-16 17:20:46,"{
    ""answer"": ""NO-NOT-SIMILAR"",
    ""explanation"": ""These code snippets are not functionally similar. Code Snippet 1 is a Python program that solves a mathematical problem involving prime numbers and counts something, while Code Snippet 2 is a Java program that reads input and processes strings to find the last word in a given input. They have different purposes, different algorithms, and different input/output handling. The only similarity is that both read from a file and write to another file, but their processing logic is completely different.""
}",259
2014_3_1,143074,2015_0_2,91000,NON-CLONE,2026-07-16 17:20:49,"{
    ""answer"": ""NO-NOT-SIMILAR"",
    ""explanation"": ""The two code snippets are solving different problems. Code Snippet 1 appears to be solving a problem related to calculating the number of possible divisions of a fraction, while Code Snippet 2 is a Java program that sorts pancakes and calculates some kind of special value based on the sorted order. The algorithms, data structures, and overall logic are completely different between the two snippets.""
}",260
2014_3_1,142092,2015_0_1,106809,NON-CLONE,2026-07-16 17:20:51,"{
    ""answer"": ""YES-SIMILAR"",
    ""explanation"": ""Both code snippets are solving the same problem - they are processing input data to determine the number of steps needed to reach a certain value. The PHP code is processing input from a file 'A-small-attempt1.in' where each line contains a value that needs to be processed, while the Python code is reading input from the user. Both codes have a loop structure where they process each case, calculate the required steps, and output the result. The main difference is in the implementation details and the specific mathematical operations used, but the overall functionality is the",261
2014_3_1,134295,2015_0_4,94256,NON-CLONE,2026-07-16 17:20:53,"{
    ""answer"": ""NO-NOT-SIMILAR"",
    ""explanation"": ""These code snippets are not functionally similar. Code Snippet 1 is a PHP program that calculates the greatest common divisor (GCD) of two numbers and then determines if a fraction can be simplified to a specific form. Code Snippet 2 is a Python program that determines if a player can win a game based on certain conditions. While both programs involve mathematical calculations, they solve different problems and have different logic flows.""
}",262
2014_3_1,132975,2016_0_4,135114,NON-CLONE,2026-07-16 17:20:55,"{
    ""answer"": ""NO-NOT-SIMILAR"",
    ""explanation"": ""The two code snippets are not functionally similar. Code Snippet 1 is a PHP program that reads input lines, processes them to calculate some mathematical results, and outputs the results. Code Snippet 2 is a C++ program that reads input values for K, C, and S, and then calculates and outputs a sequence of numbers based on these values. While both programs involve reading input and processing it, they have different purposes and produce different outputs. Code Snippet 1 uses GMP library for mathematical operations and handles case numbers",263
2015_0_1,47939,2016_0_1,71388,NON-CLONE,2026-07-16 17:20:58,"{
    ""answer"": ""YES-SIMILAR"",
    ""explanation"": ""Both code snippets solve the same problem: finding the smallest number that contains all digits from 0 to 9. The Java code uses a different approach by building a list of positions where each digit appears in the input string, then simulating the multiplication process to find the smallest number containing all digits. The Python code directly implements the multiplication process and tracks the unused digits. While the implementations differ, both achieve the same result of finding the smallest number containing all digits from 0 to 9.""
}",264
2015_0_1,43660,2016_1_1,33316,NON-CLONE,2026-07-16 17:21:01,"{
    ""answer"": ""YES-SIMILAR"",
    ""explanation"": ""Both code snippets are solving the same problem: sorting characters in a string. The Java code reads input, processes it, and outputs the sorted string, while the Python code does the same but with a different sorting algorithm. The main logic in both codes involves reading input, processing characters, and outputting the sorted result. The Java code uses a more straightforward approach with a loop, while the Python code uses a custom sorting algorithm with quicksort and merge sort components. Despite the different implementations and languages, the core functionality of both codes is the same:",265
2015_0_1,100718,2016_2_1,198100,NON-CLONE,2026-07-16 17:21:04,"{
    ""answer"": ""YES-SIMILAR"",
    ""explanation"": ""Both code snippets are solving the same problem - they are handling test cases for a phone number problem where the input is a string of digits. The Java code processes the input string to determine the minimum number of friends needed to achieve a standing ovation, while the PHP code processes the input string to determine the correct ordering of digits to form phone numbers. Both codes read input from a file, process each test case, and write the output to a file. The main difference is in the implementation details and the specific problem being solved, but the overall structure",266
2015_0_1,44230,2016_1_1,18665,NON-CLONE,2026-07-16 17:21:07,"{
    ""answer"": ""NO-NOT-SIMILAR"",
    ""explanation"": ""The two code snippets are not functionally similar. Code Snippet 1 is a C++ program that reads input and calculates invite counts based on a string's characters. Code Snippet 2 is a PHP program that processes strings and sorts them based on character values. While both programs involve string processing, they have different purposes and implementations. Code Snippet 1 uses a specific algorithm to calculate invite counts, while Code Snippet 2 sorts strings based on character values. The input formats, output formats, and overall logic are different between",267
2015_0_1,64620,2013_1_1,37029,NON-CLONE,2026-07-16 17:21:08,"{
    ""answer"": ""NO-NOT-SIMILAR"",
    ""explanation"": ""The two code snippets are not functionally similar. Code Snippet 1 is a C++ program that reads input from stdin, processes it, and outputs results for multiple test cases. It includes various utility functions for reading input and processing strings. Code Snippet 2 is a Python program that reads from a file, processes input to calculate the number of rings needed for a painting problem, and writes output to a file. While both programs involve reading input and processing it, they solve different problems and have different structures and purposes.""
}",268
2015_0_1,65110,2015_0_3,42051,NON-CLONE,2026-07-16 17:21:09,"{
    ""answer"": ""NO-NOT-SIMILAR"",
    ""explanation"": ""While both code snippets appear to be solving some kind of problem involving cases and processing strings, they are fundamentally different in their approach and purpose. The C++ code seems to be processing a string of numbers and performing some mathematical operations based on the values, while the Java code is implementing a quaternion multiplication system with a complex table of values and specific logic for finding patterns in strings. The Java code also includes a large table of quaternion values and complex logic for string manipulation, which is not present in the C++ code. The overall structure, purpose",269
2015_0_1,106809,2015_0_2,96440,NON-CLONE,2026-07-16 17:21:09,"{
    ""answer"": ""NO-NOT-SIMILAR"",
    ""explanation"": ""While both code snippets handle input cases and perform calculations, they are fundamentally different in their approach and purpose. Code Snippet 1 is a Python program that processes input strings to calculate a value based on the positions of non-zero elements in a sequence. Code Snippet 2 is a C++ program that finds the minimum value of a mathematical expression involving division and modulo operations. The algorithms and logic used in these programs are distinct, making them not functionally similar.""
}",270
2015_0_1,86599,2013_0_2,96711,NON-CLONE,2026-07-16 17:21:11,"{
    ""answer"": ""NO-NOT-SIMILAR"",
    ""explanation"": ""The two code snippets are not functionally similar. Code Snippet 1 is a Python program that reads input from a file and calculates the number of friends based on a given input format. Code Snippet 2 is a PHP program that checks if a lawn is valid based on certain conditions. They have different purposes, input formats, and output results. The logic and algorithms used in both snippets are completely different.""
}",271
2015_0_1,60803,2015_1_1,111866,NON-CLONE,2026-07-16 17:21:12,"{
    ""answer"": ""YES-SIMILAR"",
    ""explanation"": ""Both code snippets solve the same problem: finding the maximum value in a sequence of numbers. The Python code uses numpy's cumsum function to calculate cumulative sums and then finds the maximum difference between consecutive elements. The C++ code does the same by calculating differences between consecutive elements and finding the maximum value. While the implementation details differ, both achieve the same result.""
}",272
2015_0_1,25955,2013_0_1,72071,NON-CLONE,2026-07-16 17:21:14,"{
    ""answer"": ""NO-NOT-SIMILAR"",
    ""explanation"": ""These code snippets are not functionally similar. Code Snippet 1 appears to be a PHP program that processes test cases involving shy levels and calculates some values, while Code Snippet 2 is a C++ program that checks a 4x4 grid for a winning condition in a game. They have different purposes, structures, and logic. Code Snippet 1 processes input from a file and outputs results to another file, while Code Snippet 2 reads input from standard input and outputs results to standard output. The algorithms and data",273
2015_0_1,28465,2015_0_2,88257,NON-CLONE,2026-07-16 17:21:16,"{
    ""answer"": ""YES-SIMILAR"",
    ""explanation"": ""Both code snippets solve the same problem: calculating the minimum number of invites needed for each case in a competition. The PHP code reads input from a file, processes each case, and outputs the result. The C++ code does the same but reads input from standard input. Both use similar logic to calculate the required invites based on the audience's current standings and the required invites for each individual. The main difference is in the input method and the implementation details, but the core functionality is the same.""
}",274
2015_0_1,96593,2015_0_2,40957,NON-CLONE,2026-07-16 17:21:18,"{
    ""answer"": ""YES-SIMILAR"",
    ""explanation"": ""Both code snippets are solving the same problem - a programming competition problem where they need to find the minimum number of moves required to make all people stand. The first snippet is in PHP and uses a different approach with a loop and friend addition, while the second snippet is in Java and uses a more complex mathematical approach with arrays and threads. Despite the different implementations and languages, both achieve the same functional result of finding the minimum number of moves needed to make everyone stand.""
}",275
2015_0_2,91000,2013_0_1,98087,NON-CLONE,2026-07-16 17:21:19,"{
    ""answer"": ""NO-NOT-SIMILAR"",
    ""explanation"": ""The two code snippets are solving different problems. The first snippet (Java) is solving a problem involving pancakes and calculating some special values, while the second snippet (C++) is implementing a game of Tic-Tac-Toe. They have different input/output structures, different logic, and are solving completely different problems.""
}",276
2015_0_2,21812,2013_0_3,102625,NON-CLONE,2026-07-16 17:21:21,"{
    ""answer"": ""NO-NOT-SIMILAR"",
    ""explanation"": ""The two code snippets are solving different problems. The first snippet (Java) is solving a problem related to finding the minimum number of days needed to eat all pancakes, where each pancake has a certain number of days to eat. The second snippet (C++) is solving a problem related to counting the number of perfect squares between two given numbers, using a precomputed array of perfect squares. The algorithms and logic used in both snippets are completely different.""
}",277
2015_0_2,40957,2013_0_2,71957,NON-CLONE,2026-07-16 17:21:23,"{
    ""answer"": ""NO-NOT-SIMILAR"",
    ""explanation"": ""While both code snippets appear to be solutions for a programming competition problem, they are not functionally similar. The Java code implements a complex algorithm involving multiple threads, dynamic programming, and mathematical calculations, while the PHP code implements a simpler algorithm that just reads input and evaluates cases based on maximum values in rows and columns. The core logic and purpose of the two programs are different, making them not functionally similar.""
}",278
2015_0_2,96440,2015_0_1,86599,NON-CLONE,2026-07-16 17:21:24,"{
    ""answer"": ""NO-NOT-SIMILAR"",
    ""explanation"": ""These code snippets are not functionally similar. Code Snippet 1 is a C++ program that reads input and calculates the minimum value of 'best' based on dividing numbers by 'i' and taking the minimum of 'cur + i' across all possible divisors. Code Snippet 2 is a Python program that reads input and calculates the number of friends based on a different algorithm involving moving positions and adding friends. The logic and purpose of these programs are completely different.""
}",279
2015_0_2,88257,2013_0_2,68303,NON-CLONE,2026-07-16 17:21:26,"{
    ""answer"": ""NO-NOT-SIMILAR"",
    ""explanation"": ""The two code snippets are solving different problems. The first snippet is a C++ program that processes input data and calculates a value based on divisions and maximum values. The second snippet is a PHP program that reads input data and determines whether a lawn can be divided into rectangular sections. While both programs involve processing input data, they have different logic, structure, and purposes, making them functionally different.""
}",280
2015_0_2,38840,2013_0_1,127485,NON-CLONE,2026-07-16 17:21:28,"{
    ""answer"": ""NO-NOT-SIMILAR"",
    ""explanation"": ""The two code snippets are not functionally similar. Code Snippet 1 appears to be a C++ program that calculates something based on input values, while Code Snippet 2 is a PHP program that processes a game board and determines the winner. They have different purposes, structures, and logic. Code Snippet 1 uses a main function and loops to process input, while Code Snippet 2 uses PHP's file handling and array operations to process a game state. The algorithms and data structures used in both snippets are completely different.""
",281
2015_0_2,36519,2015_1_1,111086,NON-CLONE,2026-07-16 17:21:30,"{
    ""answer"": ""YES-SIMILAR"",
    ""explanation"": ""Both code snippets are solving the same pancake stacking problem, where the goal is to find the minimum time required to stack pancakes. The first code snippet uses a priority queue approach, while the second uses a different algorithmic approach. Both read input from a file, process multiple test cases, and calculate the minimum time required to stack the pancakes. The core functionality of finding the minimum time required to stack pancakes is the same in both snippets.""
}",282
2015_0_2,81081,2013_0_3,108834,NON-CLONE,2026-07-16 17:21:32,"{
    ""answer"": ""YES-SIMILAR"",
    ""explanation"": ""Both code snippets are solutions for competitive programming contests (Google Code Jam and Qualifier). They both follow a similar structure: reading input, processing data, and writing output. The Python code uses numpy for numerical computations and includes memoization for optimization, while the Java code uses streams and has similar functionality for processing input and generating output. Both implement the same core algorithm for solving the problem, despite using different programming languages and approaches.""
}",283
2015_0_2,100159,2016_2_1,179503,NON-CLONE,2026-07-16 17:21:33,"{
    ""answer"": ""NO-NOT-SIMILAR"",
    ""explanation"": ""The two code snippets are not functionally similar. Code Snippet 1 is a Python program that solves a problem involving plates and sorting, while Code Snippet 2 is a C++ program that appears to be solving a different problem involving counting characters in a string. The code structures, algorithms, and purposes are completely different.""
}",284
2015_0_2,103402,2015_0_1,106809,NON-CLONE,2026-07-16 17:21:35,"{
    ""answer"": ""NO-NOT-SIMILAR"",
    ""explanation"": ""While both code snippets appear to be solving a problem related to processing input data, they are fundamentally different in their approach and purpose. The first PHP snippet seems to be processing a file with specific data structures and performing calculations based on that data, while the second Python snippet appears to be processing input lines to calculate a value based on the input. The logic and algorithms used in these snippets are different, and they are solving different problems, making them not functionally similar.""
}",285
2015_0_2,102321,2015_0_3,72742,NON-CLONE,2026-07-16 17:21:37,"{
    ""answer"": ""NO-NOT-SIMILAR"",
    ""explanation"": ""While both code snippets appear to be problem-solving programs, they are quite different in structure and purpose. The PHP code is a specific implementation for a particular problem involving arrays and maximum values, while the Python code is a more general framework with abstract classes and methods for solving problems. The Python code includes quaternion-related operations and string manipulation that are not present in the PHP code. The two code snippets have different architectures, design patterns, and problem-solving approaches, making them functionally different.""
}",286
2015_0_2,55775,2016_1_2,14745,NON-CLONE,2026-07-16 17:21:38,"{
    ""answer"": ""NO-NOT-SIMILAR"",
    ""explanation"": ""The two code snippets solve different problems. The first PHP snippet solves a problem related to infinite house of pancakes, where it needs to find the minimum number of pancakes needed to reach a target height. The second Python snippet appears to be a solution for a different problem, possibly related to counting odd occurrences in a 2D array. While both snippets involve arrays and some form of counting, their overall logic and purpose are different.""
}",287
2015_0_3,42051,2015_0_1,44230,NON-CLONE,2026-07-16 17:21:40,"{
    ""answer"": ""NO-NOT-SIMILAR"",
    ""explanation"": ""The two code snippets are not functionally similar. Code Snippet 1 is a Java program that processes input data and performs quaternion multiplication operations, while Code Snippet 2 is a C++ program that calculates invite counts based on input strings. They have different purposes, data structures, and algorithms. Code Snippet 1 uses a 2D array for quaternion operations and processes input line by line, while Code Snippet 2 uses a simple string processing approach to count invites. The logic and functionality of these programs are completely different.""
",288
2015_0_3,47513,2013_1_1,34507,NON-CLONE,2026-07-16 17:21:42,"{
    ""answer"": ""NO-NOT-SIMILAR"",
    ""explanation"": ""These code snippets are not functionally similar. The first snippet is a Java program that processes a string using a custom character manipulation system, while the second snippet is a PHP program that implements a binary search algorithm to find a volume value. They have completely different purposes, logic, and structures. The Java program deals with string manipulation and character operations, while the PHP program deals with numerical calculations and binary search.""
}",289
2015_0_3,96608,2016_1_2,14745,NON-CLONE,2026-07-16 17:21:45,"{
    ""answer"": ""NO-NOT-SIMILAR"",
    ""explanation"": ""The two code snippets are not functionally similar. Code Snippet 1 is a Java implementation of the Dijkstra algorithm for solving a specific problem involving string manipulation and pattern matching. It reads input from a file, processes it using a map of string values, and outputs results to another file. Code Snippet 2 is a Python script that solves a completely different problem - it reads input from a file, counts the frequency of numbers in a 2D array, and outputs the numbers with odd frequencies in sorted order. The two programs",290
2015_0_3,41900,2015_0_1,96593,NON-CLONE,2026-07-16 17:21:46,"{
    ""answer"": ""NO-NOT-SIMILAR"",
    ""explanation"": ""The two code snippets are not functionally similar. Code Snippet 1 is a C++ program that appears to solve a mathematical problem involving sets and pairs, while Code Snippet 2 is a PHP program that implements a logic puzzle involving friends and clapping. They have different purposes, use different programming languages, and implement different algorithms. The only similarity is that both programs read input from a file and write output to a file, but their core functionalities are completely different.""
}",291
2015_0_3,49764,2016_1_2,14745,NON-CLONE,2026-07-16 17:21:48,"{
    ""answer"": ""NO-NOT-SIMILAR"",
    ""explanation"": ""The two code snippets are not functionally similar. Code Snippet 1 is a C++ program that appears to be solving a mathematical problem involving strings and character transformations, while Code Snippet 2 is a Python program that reads input and processes it to find odd counts in a 2D array. They have different purposes, different input formats, and different output formats. The C++ code uses complex character manipulation and string processing, while the Python code uses dictionary-based counting and sorting. They are completely different in terms of functionality.""
}",292
2015_0_3,23036,2016_0_4,142083,NON-CLONE,2026-07-16 17:21:50,"{
    ""answer"": ""NO-NOT-SIMILAR"",
    ""explanation"": ""The two code snippets are not functionally similar. Code Snippet 1 is a C++ program that appears to be solving some kind of mathematical problem involving matrices and powers, while Code Snippet 2 is a Python program that reads input from a file and generates a list of numbers based on certain conditions. They have different purposes, different input methods, and different output formats. The logic and algorithms used in both snippets are completely different.""
}",293
2015_0_3,103585,2014_3_1,138308,NON-CLONE,2026-07-16 17:21:52,"{
    ""answer"": ""NO-NOT-SIMILAR"",
    ""explanation"": ""The two code snippets are not functionally similar. Code Snippet 1 is a Python program that processes a sequence of characters according to specific conversion rules and multiplication tables, while Code Snippet 2 is a C++ program that calculates the greatest common divisor (GCD) of two numbers and determines whether a certain sequence can be generated. The two programs have different purposes, use different algorithms, and operate on different types of input data.""
}",294
2015_0_3,103774,2013_0_3,89287,NON-CLONE,2026-07-16 17:21:54,"{
    ""answer"": ""DONT-KNOW"",
    ""explanation"": ""While both code snippets appear to be solving mathematical problems, they seem to be implementing different algorithms. Code Snippet 1 appears to be implementing a checkerboard-like pattern with specific rules for checking conditions, while Code Snippet 2 seems to be generating and checking numbers in a specific pattern. Without a clear understanding of the problem domain and the specific requirements, it's difficult to determine if these two implementations are functionally similar.""
}",295
2015_0_3,72742,2013_0_3,89287,NON-CLONE,2026-07-16 17:21:56,"{
    ""answer"": ""NO-NOT-SIMILAR"",
    ""explanation"": ""While both code snippets are related to problem-solving and input/output operations, they are fundamentally different in their purpose and implementation. Code Snippet 1 is a Python implementation of a problem-solving framework with specific functionality for handling input/output operations and quaternion calculations. Code Snippet 2 is a PHP implementation of a number sequence problem solver. The two code snippets have different structures, syntax, and purposes, making them not functionally similar.""
}",296
2015_0_3,19800,2016_1_1,22113,NON-CLONE,2026-07-16 17:21:57,"{
    ""answer"": ""NO-NOT-SIMILAR"",
    ""explanation"": ""The two code snippets are not functionally similar. Code Snippet 1 is a PHP program that implements a complex multiplication system for strings, including handling of negative numbers and special cases. It includes a custom multiplication function and a general multiplication function that processes strings character by character. Code Snippet 2 is a Java program that sorts strings lexicographically by comparing adjacent characters and building the sorted string. While both programs process strings, they have completely different purposes and implementations.""
}",297
2015_0_3,102323,2016_0_1,76319,NON-CLONE,2026-07-16 17:21:59,"{
    ""answer"": ""YES-SIMILAR"",
    ""explanation"": ""Both code snippets are solving the same problem - they are processing input files to determine if a number is 'INSOMNIA' or not. The PHP code uses a custom Num class to process the input, while the Java code uses an array approach. Both implementations follow the same logic: they read input numbers, process them through a series of transformations, and output whether the number is 'INSOMNIA' or not. The main differences are in the implementation details and the specific algorithms used, but the functional purpose is the same.""
}",298
2015_0_3,18309,2016_1_1,15819,NON-CLONE,2026-07-16 17:22:01,"{
    ""answer"": ""NO-NOT-SIMILAR"",
    ""explanation"": ""The two code snippets are not functionally similar. Code Snippet 1 is a PHP program that implements a complex algorithm for solving a mathematical problem involving multiplication and searching for specific patterns. It reads input, processes it through multiple functions, and outputs a result based on the problem's constraints. Code Snippet 2 is a Java program that simply reads a file, processes each line as a string, and builds a new string based on the first character of the input string. The two programs have completely different purposes and logic, making them not",299
2015_0_4,86262,2016_0_4,80717,NON-CLONE,2026-07-16 17:22:03,"{
    ""answer"": ""YES-SIMILAR"",
    ""explanation"": ""Both code snippets are solving the same problem: reading test cases from an input file, processing them according to specific rules, and writing the results to an output file. The Java code reads integers X, R, and C, determines if the answer is 'LOSE' or 'WIN' based on certain conditions, and writes the results to a file. The PHP code reads similar input data, processes it with different logic but similar purpose, and writes the results to an output file. Both use file I/O and follow a similar structure of reading input,",300
2015_0_4,30398,2016_1_2,26565,NON-CLONE,2026-07-16 17:22:05,"{
    ""answer"": ""NO-NOT-SIMILAR"",
    ""explanation"": ""These code snippets are not functionally similar. The first snippet is a Java program that reads input from a file, processes it to determine a winner based on certain conditions, and writes the results to an output file. The second snippet is a C++ program that reads input from standard input, processes a 2D array, counts the occurrences of numbers, and outputs the numbers with odd counts. The logic, input/output methods, and overall purpose of these programs are different.""
}",301
2015_0_4,29877,2013_0_2,122219,NON-CLONE,2026-07-16 17:22:06,"{
    ""answer"": ""NO-NOT-SIMILAR"",
    ""explanation"": ""The two code snippets are not functionally similar. Code Snippet 1 is a Java program that determines if Richard can win in a game, reading input from a file and writing output to another file. Code Snippet 2 is a Python program that checks if a board configuration is possible, reading input from a file and printing output. While both programs involve reading input and processing data, they have different purposes and logic. The Java program uses a recursive function to determine game outcomes, while the Python program checks board configurations for validity.""
}",302
2015_0_4,63026,2013_0_3,92037,NON-CLONE,2026-07-16 17:22:09,"{
    ""answer"": ""NO-NOT-SIMILAR"",
    ""explanation"": ""The two code snippets are not functionally similar. Code Snippet 1 is a C++ program that reads input from a file, processes cases based on certain conditions, and writes output to another file. It involves string manipulation, mathematical calculations, and conditional logic. Code Snippet 2 is a PHP program that reads input from a file, processes numbers based on whether they are perfect squares, and writes output to another file. It involves array operations, file handling, and mathematical calculations. While both programs involve file I/O and processing of",303
2015_0_4,86932,2013_0_2,71957,NON-CLONE,2026-07-16 17:22:10,"{
    ""answer"": ""YES-SIMILAR"",
    ""explanation"": ""Both code snippets are solving the same problem: determining whether a given input matches a specific condition to output either 'RICHARD' or 'GABRIEL'. The first snippet is in C++ and reads input from 'D-large.in' and writes output to 'prueba.txt', while the second snippet is in PHP and reads input from 'B-large.in' and writes output to 'output.txt'. Although they use different programming languages and file handling mechanisms, their core logic and purpose are identical. Both snippets process multiple test cases, read input",304
2015_0_4,60776,2016_0_4,158305,NON-CLONE,2026-07-16 17:22:12,"{
    ""answer"": ""NO-NOT-SIMILAR"",
    ""explanation"": ""These code snippets are not functionally similar. Code Snippet 1 is a C++ program that determines whether a person is 'GABRIEL' or 'RICHARD' based on three input values (x, r, c) and specific conditions. Code Snippet 2 is a Python program that solves a different problem involving generating guesses for a large system based on parameters K, C, and S. The logic, purpose, and implementation are completely different between the two snippets.""
}",305
2015_0_4,57828,2015_1_1,111866,NON-CLONE,2026-07-16 17:22:14,"{
    ""answer"": ""NO-NOT-SIMILAR"",
    ""explanation"": ""The two code snippets are not functionally similar. Code Snippet 1 is a Python program that determines whether a person is 'RICHARD' or 'GABRIEL' based on certain conditions involving X, R, and C values. Code Snippet 2 is a C++ program that calculates two different values (ans1 and ans2) based on an array of numbers. While both programs read input and process it, they have different purposes and produce different outputs. The logic and calculations in both programs are completely different.""
",306
2015_0_4,94256,2013_1_1,42047,NON-CLONE,2026-07-16 17:22:15,"{
    ""answer"": ""NO-NOT-SIMILAR"",
    ""explanation"": ""The two code snippets are not functionally similar. Code Snippet 1 is a Python program that determines the winner of a game between 'GABRIEL' and 'RICHARD' based on input values x, r, and c. It checks if Gabriel can win by performing certain calculations and returning True or False. Code Snippet 2 is a Java program that solves a different problem involving binary numbers and finding a specific value. The two programs have different purposes, different input/output formats, and different logic. They are not",307
2015_0_4,74018,2015_0_2,91000,NON-CLONE,2026-07-16 17:22:17,"{
    ""answer"": ""NO-NOT-SIMILAR"",
    ""explanation"": ""These code snippets are not functionally similar. Code Snippet 1 is a Python program that solves a problem involving determining whether a person is 'RICHARD' or 'GABRIEL' based on input values X, R, and C. Code Snippet 2 is a Java program that solves a different problem involving calculating minimums for a sequence of numbers. The two programs have different logic, different inputs, and different outputs, making them functionally different.""
}",308
2015_0_4,68310,2014_3_1,134611,NON-CLONE,2026-07-16 17:22:19,"{
    ""answer"": ""NO-NOT-SIMILAR"",
    ""explanation"": ""These code snippets are not functionally similar. The first snippet is a PHP program that processes input files containing omino-related data and determines whether each case is 'RICHARD' or 'GABRIEL' based on specific mathematical conditions. The second snippet is a C++ program that solves a different problem involving finding the greatest common divisor (GCD) of two numbers and determining if a power can be calculated. While both programs involve mathematical calculations, they solve completely different problems and have different input/output requirements.""
}",309
2015_0_4,19708,2014_3_1,138308,NON-CLONE,2026-07-16 17:22:21,"{
    ""answer"": ""NO-NOT-SIMILAR"",
    ""explanation"": ""The two code snippets are not functionally similar. Code Snippet 1 is a PHP solution for the Google Code Jam problem 'Amino', which involves determining whether Richard or Gabriel wins in a chemical reaction scenario. Code Snippet 2 is a C++ program that calculates the greatest common divisor (GCD) and determines if it's possible to separate two numbers into two groups based on their prime factors. The two programs solve completely different problems and have different input/output requirements.""
}",310
2015_0_4,78114,2016_1_1,3308,NON-CLONE,2026-07-16 17:22:22,"{
    ""answer"": ""NO-NOT-SIMILAR"",
    ""explanation"": ""These code snippets are not functionally similar. Code Snippet 1 is a PHP program that processes input data to determine winners based on specific conditions, while Code Snippet 2 is a Python program that processes input text to build a string based on certain rules. The logic and purpose of these programs are completely different.""
}",311
2015_1_1,112276,2013_1_1,31779,NON-CLONE,2026-07-16 17:22:24,"{
    ""answer"": ""NO-NOT-SIMILAR"",
    ""explanation"": ""While both code snippets read input from a file and process it, they are solving different problems. The Java code is solving a problem involving intervals and differences between numbers, while the PHP code is solving a problem involving calculating a value based on a formula and binary search. The logic and algorithms used in both snippets are different, making them functionally not similar.""
}",312
2015_1_1,118030,2016_1_1,15421,NON-CLONE,2026-07-16 17:22:26,"{
    ""answer"": ""NO-NOT-SIMILAR"",
    ""explanation"": ""The two code snippets are not functionally similar. Code Snippet 1 is a Java program that calculates the number of mushrooms eaten in two different scenarios (anyMushroomsAtAnyTime and eatAtConstantRate) based on input arrays. Code Snippet 2 is a C++ program that processes strings and builds a new string based on certain conditions. The logic and purpose of these programs are completely different, and they do not perform the same task.""
}",313
2015_1_1,112898,2014_3_1,134611,NON-CLONE,2026-07-16 17:22:27,"{
    ""answer"": ""NO-NOT-SIMILAR"",
    ""explanation"": ""These code snippets are not functionally similar. The first snippet is a Java program that reads input from a file, processes test cases involving arrays and calculations, and writes output to a file. The second snippet is a C++ program that solves a different problem involving finding the greatest common divisor (GCD) of numbers and determining if a number can be expressed as a power of 2. The two programs have different purposes, different input/output mechanisms, and different mathematical operations.""
}",314
2015_1_1,111086,2015_0_2,55775,NON-CLONE,2026-07-16 17:22:29,"{
    ""answer"": ""YES-SIMILAR"",
    ""explanation"": ""Both code snippets are solutions to the same problem (Google Code Jam Qualification Round 2015, Problem B. Infinite House of Pancakes) and follow the same structure. They both read input, process cases, and output results. The C++ code reads from a file and processes cases, while the PHP code reads from standard input. Both implement the same logic for finding the minimum number of pancakes needed to reach a target height, considering the maximum height of pancakes in each case. The core algorithm is identical, just implemented in different languages with different",315
2015_1_1,122263,2016_1_2,26561,NON-CLONE,2026-07-16 17:22:31,"{
    ""answer"": ""YES-SIMILAR"",
    ""explanation"": ""Both code snippets are solving the same problem - they are processing input data to find missing numbers in a grid. The C++ code uses a vector to store counts and calculates two answers (ans and ans2), while the Java code uses a HashMap to store counts and finds missing numbers. Both implementations read input, process it, and output the results. The main difference is in the data structures used (vector vs HashMap) and the specific algorithms, but the overall functionality is the same.""
}",316
2015_1_1,111866,2015_0_2,91000,NON-CLONE,2026-07-16 17:22:32,"{
    ""answer"": ""NO-NOT-SIMILAR"",
    ""explanation"": ""These code snippets are solving different problems. The first snippet (C++) appears to be solving a problem involving arrays and calculating some values based on array elements, while the second snippet (Java) is solving a problem involving pancakes and calculating minimum values for each case. The logic and structure of the code are completely different, and they are not functionally similar.""
}",317
2015_1_1,117734,2013_0_3,59317,NON-CLONE,2026-07-16 17:22:34,"{
    ""answer"": ""YES-SIMILAR"",
    ""explanation"": ""Both code snippets are solutions to the Google Code Jam 2015 Round 1A Problem A. They both read input, process it according to the same algorithm, and output results in the same format. The main difference is in the implementation language (Python vs Java) and some specific details of the algorithm implementation, but the core functionality is the same.""
}",318
2015_1_1,124602,2016_1_1,20829,NON-CLONE,2026-07-16 17:22:36,"{
    ""answer"": ""YES-SIMILAR"",
    ""explanation"": ""Both code snippets are solutions to the same programming problem, likely a competitive programming problem. They both read input from stdin, process multiple test cases, and output results. The main logic in both snippets involves iterating through an array of numbers and performing calculations based on the differences between consecutive numbers. The Python code calculates 'y' as the sum of differences and 'z' as the sum of minimums, while the C++ code appears to be doing similar calculations but with a different approach to storing and processing the data. The overall structure and purpose of both",319
2015_1_1,111647,2013_0_3,92037,NON-CLONE,2026-07-16 17:22:37,"{
    ""answer"": ""NO-NOT-SIMILAR"",
    ""explanation"": ""The two code snippets are not functionally similar. Code Snippet 1 is a Python module containing utility functions for reading different types of data from a file, including integers, floats, and lists of various types. Code Snippet 2 is a PHP script that processes input data to find squares of numbers that are palindromes, and then uses these squares to process input lines and output results. The two snippets have completely different purposes and functionality.""
}",320
2015_1_1,122934,2013_0_2,83774,NON-CLONE,2026-07-16 17:22:38,"{
    ""answer"": ""NO-NOT-SIMILAR"",
    ""explanation"": ""The two code snippets are not functionally similar. Code Snippet 1 is a PHP program that reads input from a file and calculates two methods based on time intervals and counts. Code Snippet 2 is a C++ program that checks if a matrix satisfies certain row and column conditions. They have different purposes, structures, and algorithms, so they are not functionally similar.""
}",321
2015_1_1,111264,2013_0_1,99825,NON-CLONE,2026-07-16 17:22:40,"{
    ""answer"": ""NO-NOT-SIMILAR"",
    ""explanation"": ""The two code snippets are not functionally similar. Code Snippet 1 is a PHP program that processes input to calculate mushroom minimums, while Code Snippet 2 is a C++ program that implements a game logic for a Tic-Tac-Toe variant. They have completely different purposes, structures, and functionalities.""
}",322
2015_1_1,121770,2013_0_3,53348,NON-CLONE,2026-07-16 17:22:42,"{
    ""answer"": ""NO-NOT-SIMILAR"",
    ""explanation"": ""The two code snippets are not functionally similar. The first snippet is a PHP program that processes test cases involving mushroom counts and calculates some values, while the second snippet is a C++ program that checks for palindromic numbers in a predefined array. They have different purposes, use different programming languages, and implement different algorithms. The PHP code reads input from STDIN and processes test cases, while the C++ code reads input from 'input.txt' and counts palindromic numbers within a specific range.""
}",323
2016_0_1,76319,2015_0_1,25955,NON-CLONE,2026-07-16 17:22:44,"{
    ""answer"": ""YES-SIMILAR"",
    ""explanation"": ""Both code snippets are solving the same problem - processing input cases and generating output based on the input. The Java code reads input from 'input.txt' and processes each case to generate output, while the PHP code reads from a URL and processes test cases. Both use similar logic to handle the input and generate output, though the implementation details differ. The core functionality of processing input cases and generating output is the same in both snippets.""
}",324
2016_0_1,117099,2014_2_1,118754,NON-CLONE,2026-07-16 17:22:46,"{
    ""answer"": ""YES-SIMILAR"",
    ""explanation"": ""Both code snippets are solutions to the same Google Code Jam problem (2014 Round 1B Question A). They both read input from a file, process multiple test cases, and output results in a specific format. The main logic involves comparing strings and calculating moves based on certain conditions. While the implementation details differ (Java vs PHP), the overall functionality and purpose of the code is the same.""
}",325
2016_0_1,100898,2016_0_4,142083,NON-CLONE,2026-07-16 17:22:48,"{
    ""answer"": ""NO-NOT-SIMILAR"",
    ""explanation"": ""The two code snippets are not functionally similar. Code Snippet 1 is a Java program that reads input numbers and performs a series of calculations involving boolean arrays and string manipulation to determine if a number is 'INSOMNIA' or not. Code Snippet 2 is a Python program that reads input from a file, performs mathematical operations to generate a list of numbers based on certain conditions, and writes the results to an output file. The two programs have completely different purposes, input methods, and output formats.""
}",326
2016_0_1,65647,2016_1_2,21265,NON-CLONE,2026-07-16 17:22:49,"{
    ""answer"": ""NO-NOT-SIMILAR"",
    ""explanation"": ""The two code snippets are not functionally similar. Code Snippet 1 is a C++ program that processes a series of numbers to find the first number that contains all digits from 0 to 9. It uses a map to track the digits found in each number. Code Snippet 2 is a PHP program that processes input data to find missing soldiers in a squad. It counts the number of times each soldier appears and identifies those who appear an odd number of times. The two programs have different purposes, different input processing methods,",327
2016_0_1,134225,2016_1_2,22155,NON-CLONE,2026-07-16 17:22:51,"{
    ""answer"": ""NO-NOT-SIMILAR"",
    ""explanation"": ""The two code snippets are not functionally similar. Code Snippet 1 is a C++ program that solves the INSOMNIA problem, where it finds the smallest number that contains all digits from 0 to 9 at least once when multiplied by a given number. Code Snippet 2 is a PHP program that processes input data and counts the frequency of numbers, then outputs the numbers that appear an odd number of times. These programs have different purposes and solve different problems, despite both being input/output processing programs.""
}",328
2016_0_1,143909,2015_0_1,47939,NON-CLONE,2026-07-16 17:22:53,"{
    ""answer"": ""YES-SIMILAR"",
    ""explanation"": ""Both code snippets solve the same problem: finding the smallest number that is divisible by all numbers from 1 to N, where N is the input. They both use a similar approach of incrementally checking numbers until the correct one is found. The first snippet uses a bitmask to track which numbers have been found, while the second uses a counter to track the number of steps taken. Both have a main function that handles multiple test cases, and both print the result for each case. The only significant difference is in the implementation details and the programming language used",329
2016_0_1,94639,2016_0_4,135114,NON-CLONE,2026-07-16 17:22:55,"{
    ""answer"": ""NO-NOT-SIMILAR"",
    ""explanation"": ""The two code snippets are not functionally similar. Code Snippet 1 is a Python program that counts the number of times a digit appears in the factorial of a number, returning 'INSOMNIA' if the digit 0 appears. Code Snippet 2 is a C++ program that solves a different problem involving calculating combinations and permutations. They have different purposes, different inputs, and different outputs, making them functionally dissimilar.""
}",330
2016_0_1,88781,2013_0_2,71957,NON-CLONE,2026-07-16 17:22:56,"{
    ""answer"": ""NO-NOT-SIMILAR"",
    ""explanation"": ""The two code snippets are not functionally similar. Code Snippet 1 is a Python program that solves the INSOMNIA problem, where it finds the smallest number that contains all digits from 0 to 9. Code Snippet 2 is a PHP program that reads a matrix from input and checks if there exists a cell that is greater than both its row maximum and column maximum. These are two completely different problems with different inputs and outputs.""
}",331
2016_0_1,71388,2014_2_1,118754,NON-CLONE,2026-07-16 17:22:58,"{
    ""answer"": ""YES-SIMILAR"",
    ""explanation"": ""Both code snippets are solutions to the same Google Code Jam problem. They both read input, process it, and output results in a similar format. The main difference is in the implementation language (Python vs PHP) and the specific details of the processing, but the overall structure and purpose are the same. Both handle multiple test cases and perform calculations on input strings, which is a key characteristic of Code Jam problems.""
}",332
2016_0_1,48618,2015_1_1,124602,NON-CLONE,2026-07-16 17:23:00,"{
    ""answer"": ""YES-SIMILAR"",
    ""explanation"": ""Both code snippets solve the same problem: finding the first number that contains all digits 0-9 when repeatedly multiplying by the input number. The first snippet uses PHP and the second uses Python, but they follow the same logic. The first snippet reads the number of test cases, then for each case, it repeatedly multiplies the input number by increasing factors until it finds a number that contains all digits 0-9. The second snippet does the same but with a different approach to finding the maximum difference between consecutive numbers. Both snippets output the first",333
2016_0_1,39027,2013_0_1,103399,NON-CLONE,2026-07-16 17:23:02,"{
    ""answer"": ""NO-NOT-SIMILAR"",
    ""explanation"": ""The two code snippets are not functionally similar. Code Snippet 1 is a PHP program that reads messages from a file, processes them, and writes output to another file. It includes a function 'x' that appears to be calculating something based on input data. Code Snippet 2 is a Java program that implements a game board for a Tic-Tac-Toe-like game, where it reads input from a file, processes the game state, and determines the winner. The two programs have different purposes, different structures, and different",334
2016_0_1,113708,2016_0_4,136626,NON-CLONE,2026-07-16 17:23:04,"{
    ""answer"": ""YES-SIMILAR"",
    ""explanation"": ""Both code snippets are solving the same problem: finding a number that is a multiple of a given base number, where the number is formed by concatenating digits in a specific pattern. The PHP code uses a while loop to generate numbers and checks if all digits from 0-9 are present in the generated number. The Java code uses a similar approach with nested loops to generate numbers and check if they meet the required conditions. Both implementations aim to find a valid number that satisfies the given constraints.""
}",335
2016_0_4,136626,2015_0_2,81081,NON-CLONE,2026-07-16 17:23:06,"{
    ""answer"": ""YES-SIMILAR"",
    ""explanation"": ""Both code snippets are implementing the same problem-solving algorithm, despite being written in different languages (Java and Python). The Java code reads input, processes cases, and calculates solutions using a similar mathematical approach. The Python code, while structured differently, is also implementing the same problem-solving logic. Both snippets handle input processing, case iteration, and solution calculation in a similar manner, making them functionally similar.""
}",336
2016_0_4,125922,2016_1_1,4557,NON-CLONE,2026-07-16 17:23:07,"{
    ""answer"": ""NO-NOT-SIMILAR"",
    ""explanation"": ""These code snippets are not functionally similar. The Java code reads input from a file and processes test cases with parameters K, C, and S to determine if a fractile is possible or to print a sequence of numbers. The PHP code reads input from a file and processes lines to calculate a string based on the input characters, using a different algorithm. While both read from files, their purposes and algorithms are completely different.""
}",337
2016_0_4,99642,2015_0_3,49764,NON-CLONE,2026-07-16 17:23:09,"{
    ""answer"": ""YES-SIMILAR"",
    ""explanation"": ""Both code snippets are implementations of the same algorithm for solving a specific problem. They both read input from a file, process multiple test cases, and perform calculations involving powers and modular arithmetic. The main differences are in the syntax and structure, with the Java version using BufferedReader and PrintWriter classes, while the C++ version uses custom implementations with tables and power functions. However, the core logic and functionality are the same, making them functionally similar.""
}",338
2016_0_4,135114,2016_1_1,15819,NON-CLONE,2026-07-16 17:23:11,"{
    ""answer"": ""YES-SIMILAR"",
    ""explanation"": ""Both code snippets are solving the same competitive programming problem, which involves processing multiple test cases with input/output operations. The C++ code reads input values T, K, C, S and processes each test case to determine if it's possible to achieve a certain result. The Java code reads input values and processes each test case to build a string based on certain conditions. Both codes handle multiple test cases, read input from files, and write output to files. The main logic in both codes involves iterating through test cases, processing input data, and generating output",339
2016_0_4,90060,2016_1_2,21265,NON-CLONE,2026-07-16 17:23:12,"{
    ""answer"": ""NO-NOT-SIMILAR"",
    ""explanation"": ""The two code snippets are not functionally similar. Code Snippet 1 is a C++ program that reads input and processes cases involving some mathematical calculations, while Code Snippet 2 is a PHP program that reads input and processes cases involving counting soldiers. The logic, structure, and purpose of the two programs are completely different.""
}",340
2016_0_4,45917,2014_2_1,128920,NON-CLONE,2026-07-16 17:23:14,"{
    ""answer"": ""YES-SIMILAR"",
    ""explanation"": ""Both code snippets implement a solution for a problem involving multiple cases, where each case involves reading input, processing some data, and determining an outcome based on certain conditions. The C++ code processes cases with input values k, c, and s, while the Python code processes cases with input values n and strings. Both use similar logic to determine if a solution is possible and to calculate a score or outcome. The main difference is in the implementation language and specific details of the problem, but the overall functional similarity is clear.""
}",341
2016_0_4,63570,2014_3_1,138308,NON-CLONE,2026-07-16 17:23:16,"{
    ""answer"": ""YES-SIMILAR"",
    ""explanation"": ""Both code snippets solve the same problem: given a number K and a number C, find the number of ways to choose K items from C items where each item can be chosen at most once. The Python code uses a different approach with powers of 2 and modular arithmetic, while the C++ code uses a more straightforward approach with binary search and division. Both codes handle the same mathematical problem and produce the same results, just with different algorithms.""
}",342
2016_0_4,158305,2015_0_3,41900,NON-CLONE,2026-07-16 17:23:18,"{
    ""answer"": ""DONT-KNOW"",
    ""explanation"": ""While both code snippets appear to be solving a problem related to finding specific indices in a sequence, they are implemented differently and it's not clear if they are solving the same problem. The first snippet seems to be solving a problem related to guessing numbers, while the second snippet appears to be solving a problem related to finding specific indices in a sequence. Without more context about the problem being solved, it's difficult to determine if these code snippets are functionally similar.""
}",343
2016_0_4,142083,2015_0_1,43660,NON-CLONE,2026-07-16 17:23:20,"{
    ""answer"": ""YES-SIMILAR"",
    ""explanation"": ""Both code snippets are implementing the same algorithm for a problem involving cases and operations. The Python code reads input from 'inp.txt' and writes output to 'out.txt', while the Java code reads input from standard input. Both handle multiple test cases, where each case involves three integers (k, c, s) and produces an array of integers as output. The logic for generating the array based on the input parameters is the same in both snippets, although the implementation details differ due to the different programming languages.""
}",344
2016_0_4,80717,2013_0_2,91409,NON-CLONE,2026-07-16 17:23:22,"{
    ""answer"": ""NO-NOT-SIMILAR"",
    ""explanation"": ""While both code snippets read input from a file and process it in a loop, they have different purposes and logic. The PHP code solves a specific mathematical problem involving gaps between numbers, while the C++ code checks if a 2D array contains valid values. The PHP code calculates specific values based on input parameters, while the C++ code validates the presence of certain values in a grid. The logic and purpose of these two code snippets are fundamentally different.""
}",345
2016_0_4,139021,2013_0_2,78034,NON-CLONE,2026-07-16 17:23:23,"{
    ""answer"": ""NO-NOT-SIMILAR"",
    ""explanation"": ""The two code snippets are not functionally similar. Code Snippet 1 is a PHP implementation of a fractiles class that solves a specific mathematical problem involving bases and art works, while Code Snippet 2 is a Python implementation of a lawn checker program that determines if a lawn can be mowed in a specific pattern. The two programs have different purposes, different input formats, and different logic for solving their respective problems.""
}",346
2016_0_4,37736,2015_0_3,72742,NON-CLONE,2026-07-16 17:23:26,"{
    ""answer"": ""NO-NOT-SIMILAR"",
    ""explanation"": ""These code snippets are not functionally similar. Code Snippet 1 is a PHP program that solves a specific mathematical problem involving sequences and positions. Code Snippet 2 is a Python program that implements a quaternion-based system for checking the legality of strings. While both programs read input and produce output, they solve completely different problems using different mathematical concepts. The PHP program uses a specific formula for calculating positions, while the Python program uses quaternion multiplication to determine if a string is legal. The code structures, algorithms, and problem domains are entirely different",347
2016_1_1,15819,2013_0_2,85165,NON-CLONE,2026-07-16 17:23:27,"{
    ""answer"": ""NO-NOT-SIMILAR"",
    ""explanation"": ""The two code snippets are not functionally similar. The first snippet is a Java program that reads input from a file, processes strings to find the last word, and writes output to another file. The second snippet is a Python program that simulates a lawn growth scenario, where it checks if a lawn can grow to a uniform height. The two programs have completely different purposes and logic, so they are not functionally similar.""
}",348
2016_1_1,28201,2013_0_2,78034,NON-CLONE,2026-07-16 17:23:29,"{
    ""answer"": ""NO-NOT-SIMILAR"",
    ""explanation"": ""The two code snippets are not functionally similar. The first snippet is a Java program that reads input from a file, sorts strings, and writes output to another file. The second snippet is a Python program that checks if a lawn configuration is valid based on row and column maximum values. They have different purposes, input formats, and output formats. The sorting algorithm in the Java code is also different from the validation logic in the Python code.""
}",349
2016_1_1,22113,2016_1_2,7956,NON-CLONE,2026-07-16 17:23:31,"{
    ""answer"": ""YES-SIMILAR"",
    ""explanation"": ""Both code snippets solve the same problem: processing multiple test cases where each case involves a sequence of numbers, and for each case, the task is to find the numbers that appear an odd number of times. The Java code splits each input string into individual characters, sorts them, and builds the output string based on character comparison. The Python code processes the input as columns of numbers, counts their occurrences, and returns the numbers that appear an odd number of times. Both implementations follow the same logic and produce the same output for the given input, making them",350
2016_1_1,15421,2016_2_1,193929,NON-CLONE,2026-07-16 17:23:33,"{
    ""answer"": ""YES-SIMILAR"",
    ""explanation"": ""Both code snippets are solutions to the same problem from Google Code Jam 2016 Round 1B, Problem 1. They both read input strings, process them to extract digits, and output the results in the same format. The main difference is in the implementation language (C++ vs Java) and the specific details of the digit extraction logic, but the overall functionality and purpose are the same.""
}",351
2016_1_1,31768,2014_2_1,118416,NON-CLONE,2026-07-16 17:23:35,"{
    ""answer"": ""YES-SIMILAR"",
    ""explanation"": ""Both code snippets read input strings and process them to produce output strings. The C++ code snippet reads a string s and processes it by comparing characters to build a new string s1, while the Python code snippet reads a string arr and processes it to build a new string res. Both snippets use a similar approach of comparing characters to build the output string, and both use a loop structure to process the input strings. The main difference is in the implementation language and specific details of the processing, but the overall functional similarity is clear.""
}",352
2016_1_1,20829,2013_0_2,85165,NON-CLONE,2026-07-16 17:23:36,"{
    ""answer"": ""NO-NOT-SIMILAR"",
    ""explanation"": ""The two code snippets are not functionally similar. Code Snippet 1 is a C++ program that reads input from a file and processes strings, while Code Snippet 2 is a Python program that processes lawn height data and determines if a lawn is valid. They have different purposes, different input formats, and different output formats. Code Snippet 1 appears to be a string processing program, while Code Snippet 2 is a lawn validation program.""
}",353
2016_1_1,3308,2016_2_1,186531,NON-CLONE,2026-07-16 17:23:38,"{
    ""answer"": ""YES-SIMILAR"",
    ""explanation"": ""Both code snippets process input strings and output the last word of each string in a specific format. The Python code reads from a file 'A-large.in' and writes to 'A-large.txt', while the C++ code reads from standard input and writes to standard output. Both implement the same logic of processing each input string and outputting the last word with a case number. The main difference is in the implementation language and file handling, but the functional behavior is the same.""
}",354
2016_1_1,33316,2013_0_3,74156,NON-CLONE,2026-07-16 17:23:40,"{
    ""answer"": ""NO-NOT-SIMILAR"",
    ""explanation"": ""The two code snippets are not functionally similar. Code Snippet 1 is a Python program that reads input from a file, processes a list of characters, and sorts them using a custom sorting algorithm. It then writes the sorted results to an output file. Code Snippet 2 is a Java program that counts square palindromes within a given range. The two programs have completely different purposes and implementations. Code Snippet 1 deals with character sorting and string manipulation, while Code Snippet 2 deals with mathematical computations involving pal",355
2016_1_1,14703,2014_3_1,140281,NON-CLONE,2026-07-16 17:23:42,"{
    ""answer"": ""NO-NOT-SIMILAR"",
    ""explanation"": ""The two code snippets are not functionally similar. Code Snippet 1 is a Python program that processes strings using a custom sorting algorithm, while Code Snippet 2 is a Java program that solves a different problem involving multiplication and division of numbers. They have different purposes, different input/output mechanisms, and different algorithms. Code Snippet 1 sorts strings based on their characters, while Code Snippet 2 performs mathematical operations on numbers.""
}",356
2016_1_1,3735,2013_0_2,85165,NON-CLONE,2026-07-16 17:23:44,"{
    ""answer"": ""NO-NOT-SIMILAR"",
    ""explanation"": ""The two code snippets are not functionally similar. Code Snippet 1 is a PHP program that processes input strings and builds a last word by concatenating characters based on their ASCII values. Code Snippet 2 is a Python program that implements a lawn mowing simulation algorithm, where it processes input data to determine if a lawn can be mowed evenly. These are completely different algorithms and tasks, with no functional similarity between them.""
}",357
2016_1_1,18665,2013_0_2,85165,NON-CLONE,2026-07-16 17:23:45,"{
    ""answer"": ""NO-NOT-SIMILAR"",
    ""explanation"": ""The two code snippets are not functionally similar. Code Snippet 1 is a PHP program that solves a string manipulation problem, while Code Snippet 2 is a Python program that implements a lawn simulation algorithm. They have different purposes, different logic, and different input/output handling. The PHP code processes strings and builds results, while the Python code processes lawn data and determines validity based on height differences.""
}",358
2016_1_1,4557,2015_0_1,106809,NON-CLONE,2026-07-16 17:23:47,"{
    ""answer"": ""YES-SIMILAR"",
    ""explanation"": ""Both code snippets process input data and output results in a similar way. The PHP code reads input from a file, processes it line by line, and writes the result to an output file. The Python code reads input from the user, processes it similarly, and outputs the result. Both implementations use a similar algorithm to track and calculate the 'need' value based on the input data. The main difference is in the input method (file vs. user input) and the programming language, but the core logic and functionality are the same.""
}",359
2016_1_2,23627,2016_0_1,88781,NON-CLONE,2026-07-16 17:23:48,"{
    ""answer"": ""YES-SIMILAR"",
    ""explanation"": ""Both code snippets are solving the same problem: finding the smallest number that contains all digits from 0 to 9. The Java code uses a HashMap to count occurrences of numbers and sorts them, while the Python code uses a set to track seen digits and increments a number until all digits are found. Both solutions follow the same logic of checking for all digits and finding the smallest such number, just implemented differently in their respective languages.""
}",360
2016_1_2,26561,2013_1_1,37029,NON-CLONE,2026-07-16 17:23:51,"{
    ""answer"": ""NO-NOT-SIMILAR"",
    ""explanation"": ""The two code snippets are not functionally similar. Code Snippet 1 is a Java program that reads input for a grid and finds missing numbers in a specific pattern. It uses a HashMap to count occurrences of numbers and then prints the numbers that appear an odd number of times. Code Snippet 2 is a Python program that calculates the number of rings that can be painted with a given amount of paint, using mathematical formulas and binary search algorithms. The two programs have completely different purposes, data structures, and algorithms, making them functionally",361
2016_1_2,21848,2015_0_2,96440,NON-CLONE,2026-07-16 17:23:52,"{
    ""answer"": ""YES-SIMILAR"",
    ""explanation"": ""Both code snippets read input from a file, process multiple test cases, and solve the same problem of finding the best divisor for a given set of numbers. The Java code uses a HashMap to store heights and finds missing rows, while the C++ code uses a vector to store numbers and finds the best divisor. Both implementations follow the same logic and produce the same output format, making them functionally similar.""
}",362
2016_1_2,7905,2013_0_2,44471,NON-CLONE,2026-07-16 17:23:54,"{
    ""answer"": ""NO-NOT-SIMILAR"",
    ""explanation"": ""While both code snippets handle input/output operations and process multiple test cases, they serve different purposes. The first snippet (C++) appears to be a solution for a specific problem involving counting and toggling values, while the second snippet (Java) is a lawnmower simulation program that checks if a pattern is possible in a grid. The logic and structure of these programs are fundamentally different, making them not functionally similar.""
}",363
2016_1_2,22827,2013_0_3,74156,NON-CLONE,2026-07-16 17:23:55,"{
    ""answer"": ""NO-NOT-SIMILAR"",
    ""explanation"": ""The two code snippets are not functionally similar. Code Snippet 1 reads input numbers and counts the number of odd occurrences of each number in a given range, then prints the numbers with odd counts in each case. Code Snippet 2 reads input numbers from a file, counts the number of square palindromes between two given numbers, and writes the result to an output file. While both programs involve counting and processing numbers, they have different purposes and implement different algorithms.""
}",364
2016_1_2,26565,2016_0_1,113708,NON-CLONE,2026-07-16 17:23:57,"{
    ""answer"": ""YES-SIMILAR"",
    ""explanation"": ""Both code snippets read input for a number of test cases, process each case by reading a number, then perform a calculation based on that number. They both output the results in a similar format (with 'Case #X:'). The main difference is in the calculation logic: the C++ code counts the occurrences of numbers in a 2D array and outputs the odd-counted numbers, while the PHP code calculates a value based on a mathematical formula involving the input number. Despite these differences in implementation, both programs achieve the same overall task of processing",365
2016_1_2,30453,2016_2_1,193717,NON-CLONE,2026-07-16 17:23:59,"{
    ""answer"": ""YES-SIMILAR"",
    ""explanation"": ""Both code snippets are solving the same problem: ranking numbers based on their frequency in input lists. Code Snippet 1 is a Python implementation that takes input lists and outputs the ranks of numbers based on their frequency. Code Snippet 2 is a PHP implementation that does the same thing, but with a different approach using character counts. Both programs follow the same logic: count the frequency of numbers in input lists, determine the rank based on frequency, and output the ranks. The main difference is in the implementation details and the specific way they handle the",366
2016_1_2,14745,2015_0_3,18309,NON-CLONE,2026-07-16 17:24:01,"{
    ""answer"": ""DONT-KNOW"",
    ""explanation"": ""While both code snippets appear to be solving some kind of mathematical problem involving sequences and patterns, I cannot determine with certainty if they are functionally similar without more context about the specific problem they are solving and the expected inputs/outputs. The PHP code seems to be implementing a specific algorithm for a particular problem, while the Python code appears to be solving a different problem (based on the variable names and structure). Without a clear understanding of the problem domain and the expected behavior, it's not possible to determine if these two code snippets are functionally similar.""
}",367
2016_1_2,7956,2015_0_2,96440,NON-CLONE,2026-07-16 17:24:03,"{
    ""answer"": ""NO-NOT-SIMILAR"",
    ""explanation"": ""The two code snippets are not functionally similar. Code Snippet 1 is a Python program that reads input from stdin, processes a list of columns containing numbers, and outputs the numbers that appear an odd number of times. Code Snippet 2 is a C++ program that reads input, processes a list of numbers, and finds the best divisor for each number. The two programs have different input formats, different processing logic, and different output formats. They are solving different problems and are not functionally similar.""
}",368
2016_1_2,22155,2014_3_1,139370,NON-CLONE,2026-07-16 17:24:05,"{
    ""answer"": ""YES-SIMILAR"",
    ""explanation"": ""Both code snippets solve the same problem: they process input data to find the number of times a certain condition can be met. The first PHP snippet reads input numbers, processes them to find odd values, and outputs the results. The second Python snippet also processes input numbers to find a solution to a similar problem involving division and counting. While the specific algorithms and implementation details differ, both snippets achieve the same functional goal of processing input data to produce output results.""
}",369
2016_1_2,21265,2015_0_3,72742,NON-CLONE,2026-07-16 17:24:07,"{
    ""answer"": ""NO-NOT-SIMILAR"",
    ""explanation"": ""While both code snippets appear to be handling input and output for a programming problem, they are structurally and functionally different. The PHP code reads input from a command line argument, processes it to find missing soldiers in a squad, and outputs the results. The Python code is part of a larger framework with abstract classes, input/output handling, and quaternion-related calculations. The PHP code is a standalone script for a specific problem, while the Python code is a more complex, object-oriented framework designed for multiple problems. They are not functionally similar",370
2016_1_2,19133,2015_0_1,86599,NON-CLONE,2026-07-16 17:24:08,"{
    ""answer"": ""YES-SIMILAR"",
    ""explanation"": ""Both code snippets read input from a file, process multiple cases, and write output to a file. They both handle input data that appears to be related to some kind of graph or network problem, where they track missing values and calculate some kind of result. While the specific algorithms and data structures differ, the overall structure and purpose of both programs is the same: read input, process cases, and write output.""
}",371
2016_2_1,201276,2015_0_2,81081,NON-CLONE,2026-07-16 17:24:11,"{
    ""answer"": ""NO-NOT-SIMILAR"",
    ""explanation"": ""These code snippets are not functionally similar. Code Snippet 1 is a Java program that reads input, processes strings, and generates output based on specific string manipulation rules. Code Snippet 2 is a Python program that deals with pancake stacks and finding optimal solutions for eating pancakes. The two programs have completely different purposes, data structures, and algorithms. While both are programming contest-related, they solve entirely different problems.""
}",372
2016_2_1,180026,2016_0_1,143909,NON-CLONE,2026-07-16 17:24:12,"{
    ""answer"": ""YES-SIMILAR"",
    ""explanation"": ""Both code snippets solve the same problem: generating numbers based on the frequency of digits in a given input. They both use a similar approach where they count the frequency of digits and then generate the required number by reducing the count of each digit. The main difference is in the implementation details and the specific digits they handle, but the core logic and purpose are the same.""
}",373
2016_2_1,193929,2013_1_1,34507,NON-CLONE,2026-07-16 17:24:14,"{
    ""answer"": ""NO-NOT-SIMILAR"",
    ""explanation"": ""The two code snippets are not functionally similar. Code Snippet 1 is a Java program that processes input strings to count digits and solve a specific problem (likely related to counting digits in a string), while Code Snippet 2 is a PHP program that calculates volumes in a geometric context. They have completely different purposes, structures, and logic. The Java code uses a Scanner to read input, processes strings, and maintains counts of characters, while the PHP code uses file input, processes numerical data, and calculates volumes using mathematical formulas.",374
2016_2_1,194349,2015_0_3,103774,NON-CLONE,2026-07-16 17:24:16,"{
    ""answer"": ""NO-NOT-SIMILAR"",
    ""explanation"": ""While both code snippets appear to be competitive programming solutions, they are solving different problems. The first snippet is a solution for a number formation problem where numbers are formed from letters, and the second snippet is a solution for a different problem involving checking if a string can be transformed into a specific pattern. The algorithms and logic used in both snippets are quite different, making them functionally not similar.""
}",375
2016_2_1,186531,2016_1_1,15819,NON-CLONE,2026-07-16 17:24:17,"{
    ""answer"": ""NO-NOT-SIMILAR"",
    ""explanation"": ""These code snippets are not functionally similar. Code Snippet 1 is a C++ program that processes input strings and outputs a specific pattern based on character frequencies, while Code Snippet 2 is a Java program that reads input strings and outputs the last word in each string based on alphabetical order. The logic and purpose of these programs are completely different.""
}",376
2016_2_1,179503,2015_0_3,18309,NON-CLONE,2026-07-16 17:24:20,"{
    ""answer"": ""NO-NOT-SIMILAR"",
    ""explanation"": ""While both code snippets appear to be solving a problem involving strings and mathematical operations, they are fundamentally different in their approach and implementation. The C++ code seems to be processing a string to count specific characters and perform some mathematical operations, while the PHP code is implementing a more complex algorithm involving multiple functions, classes, and mathematical operations. The PHP code also includes input/output handling and debugging features that are not present in the C++ code. The core logic and purpose of the two programs are different, making them not functionally similar.""
}",377
2016_2_1,185295,2013_0_3,108834,NON-CLONE,2026-07-16 17:24:22,"{
    ""answer"": ""NO-NOT-SIMILAR"",
    ""explanation"": ""While both code snippets appear to be reading input and processing test cases, they are fundamentally different in their purpose and implementation. Code Snippet 1 is a Python program that processes a specific type of input (strings with certain letters) and outputs the results in a specific format. Code Snippet 2 is a Java program that appears to be solving a different mathematical problem involving palindromes and square roots. The algorithms, data structures, and overall logic are completely different between the two snippets.""
}",378
2016_2_1,196651,2013_0_1,126886,NON-CLONE,2026-07-16 17:24:24,"{
    ""answer"": ""NO-NOT-SIMILAR"",
    ""explanation"": ""The two code snippets are not functionally similar. Code Snippet 1 appears to be a solution for a programming competition problem involving digits, while Code Snippet 2 is a Java implementation of a Tic-Tac-Toe game checker. They have completely different purposes and solve different problems.""
}",379
2016_2_1,182378,2016_1_1,15819,NON-CLONE,2026-07-16 17:24:26,"{
    ""answer"": ""YES-SIMILAR"",
    ""explanation"": ""Both code snippets solve the same problem: reading input from a file, processing test cases, and writing the results to an output file. The main differences are in the implementation details and the specific algorithms used. The Python code uses a more complex approach with multiple while loops to process the input string, while the Java code uses a simpler approach with a StringBuilder to build the last word. However, both achieve the same goal of processing the input string and generating the correct output format. The Python code also includes timing information and handles file operations differently, but the",380
2016_2_1,198100,2013_0_3,51164,NON-CLONE,2026-07-16 17:24:28,"{
    ""answer"": ""NO-NOT-SIMILAR"",
    ""explanation"": ""The two code snippets are not functionally similar. Code Snippet 1 is a PHP program that solves a phone number problem by counting digits in a specific way, while Code Snippet 2 is a Python program that finds squares of numbers that are palindromes and counts them within a given range. The two programs have different purposes, different logic, and different input/output handling. They are completely different in their functionality.""
}",381
2016_2_1,193717,2013_0_3,108834,NON-CLONE,2026-07-16 17:24:30,"{
    ""answer"": ""NO-NOT-SIMILAR"",
    ""explanation"": ""These code snippets are not functionally similar. The first snippet is a PHP program that counts the occurrences of digits in a string and prints them in a specific format. The second snippet is a Java program that checks for palindromes in a different way. They have different purposes, different implementations, and different input/output handling. The PHP code processes strings character by character, while the Java code deals with numbers and palindromes. The core logic and functionality of these two programs are completely different.""
}",382
2016_2_1,200006,2015_0_1,47939,NON-CLONE,2026-07-16 17:24:32,"{
    ""answer"": ""YES-SIMILAR"",
    ""explanation"": ""Both code snippets are solving the same problem - they are designed to handle a standing ovation scenario where people stand up in a specific pattern. The PHP code processes input from files and outputs results, while the Java code does the same but with a different input/output mechanism. Both implement the same logic of counting the number of people standing up in a specific pattern, and both use similar mathematical concepts to solve the problem. The main difference is in the implementation language and details of the input/output handling, but the core functionality is the same.""
}",383
