program_a,variant_a,program_b,variant_b,ground_truth,timestamp,response,pair_id
2013_0_1,84294,2013_0_1,58633,CLONE,2026-07-16 12:54:40,"{
    ""answer"": ""YES-SIMILAR"",
    ""explanation"": ""Both code snippets are implementations of a Tic-Tac-Toe game solver. They both read input, process game states, and determine the winner or draw status. While they have different implementations and data structures, they serve the same functional purpose. The first snippet uses a 2D char array and boolean flags to track game state, while the second uses a 1D int array with different indices to represent the game board. Both handle the same game logic and produce similar output regarding game completion, winner, or draw status.""
}",0
2013_0_1,84294,2013_0_1,124149,CLONE,2026-07-16 12:54:41,"{
    ""answer"": ""YES-SIMILAR"",
    ""explanation"": ""Both code snippets implement a Tic-Tac-Toe game solver. They both read input, validate the game state, and determine the winner. The main differences are in the implementation details and the output handling, but the core logic and functionality are the same. Both handle the same game rules, check for wins in rows, columns, and diagonals, and determine if the game is a draw or not completed.""
}",1
2013_0_1,84294,2013_0_1,88116,CLONE,2026-07-16 12:54:42,"{
    ""answer"": ""YES-SIMILAR"",
    ""explanation"": ""Both code snippets implement the same game logic for a Tic-Tac-Toe variant. They both read input, validate game states, and determine the winner based on the same rules. The first snippet uses a Scanner to read input, while the second uses a BufferedReader and StringTokenizer. Both handle the same game conditions: checking for 'X' and 'O' wins, checking for 'Draw' states, and handling incomplete games. The main difference is in the implementation approach and data structures used, but the functional outcome is the same.""
}",2
2013_0_1,84294,2013_0_1,124226,CLONE,2026-07-16 12:54:42,"{
    ""answer"": ""YES-SIMILAR"",
    ""explanation"": ""Both code snippets implement a Tic-Tac-Toe game solver. They both read input, process game states, and determine the winner or draw status. The main differences are in the implementation details and the way they handle the game logic, but the core functionality is the same: checking for wins, draws, and incomplete games.""
}",3
2013_0_1,58633,2013_0_1,124149,CLONE,2026-07-16 12:54:43,"{
    ""answer"": ""YES-SIMILAR"",
    ""explanation"": ""Both code snippets are implementations of a game where two players (X and O) take turns placing marks on a 4x4 grid. The main differences are in the input/output handling and the specific logic for determining wins, but both programs check for wins in rows, columns, and diagonals, and both handle the case where the game is not completed. The first program writes results to a file, while the second program writes to a console, but the core game logic is the same.""
}",4
2013_0_1,58633,2013_0_1,88116,CLONE,2026-07-16 12:54:44,"{
    ""answer"": ""YES-SIMILAR"",
    ""explanation"": ""Both code snippets implement the same game logic where two players (X and O) compete on a 4x4 grid. The main differences are in the implementation approach: Code Snippet 1 uses a matrix-based approach with explicit calculations, while Code Snippet 2 uses a HashSet to track winning patterns. Both handle the same game states: X wins, O wins, Draw, and Game not completed due to dots. The input/output handling is also similar, reading input from a file and writing results to another file. The core game logic and",5
2013_0_1,58633,2013_0_1,124226,CLONE,2026-07-16 12:54:45,"{
    ""answer"": ""YES-SIMILAR"",
    ""explanation"": ""Both code snippets are implementations of a game where two players (X and O) compete on a 4x4 grid. The main differences are in the game logic implementation and the input/output handling, but both programs:

1. Read input from a file
2. Process the input to determine the game state
3. Check for winning conditions for both players
4. Output the result of the game

The core logic of determining if X or O has won, or if the game is a draw, is similar in both implementations. Both programs",6
2013_0_1,124149,2013_0_1,88116,CLONE,2026-07-16 12:54:46,"{
    ""answer"": ""YES-SIMILAR"",
    ""explanation"": ""Both code snippets are implementations of a Tic-Tac-Toe game solver. They both read input from 'input.txt' and write output to 'output.txt', and they both determine the winner of a Tic-Tac-Toe game based on the same rules. The main difference is in their implementation approach: the first snippet uses a more traditional approach with 2D arrays and loops, while the second snippet uses a HashSet to store the game state and checks for winning conditions using predefined patterns. Both achieve the same result of determining the winner of a Tic",7
2013_0_1,124149,2013_0_1,124226,CLONE,2026-07-16 12:54:47,"{
    ""answer"": ""YES-SIMILAR"",
    ""explanation"": ""Both code snippets are implementations of a Tic-Tac-Toe game solver. They read input from files, parse the game state, and determine the winner based on the same rules. The main differences are in syntax and structure, but the core logic and functionality are identical. Both check for wins in rows, columns, and diagonals, and handle cases where the game is not completed or is a draw. The output format is also similar, with both printing the result for each test case.""
}",8
2013_0_1,88116,2013_0_1,124226,CLONE,2026-07-16 12:54:48,"{
    ""answer"": ""YES-SIMILAR"",
    ""explanation"": ""Both code snippets are solutions to the same problem: determining the winner of a Tic-Tac-Toe game. They both read input, process the game state, and determine if X won, O won, the game is a draw, or if the game is incomplete. While they use different approaches and data structures, they achieve the same functional result.""
}",9
2013_0_2,95524,2013_0_2,44471,CLONE,2026-07-16 12:54:48,"{
    ""answer"": ""YES-SIMILAR"",
    ""explanation"": ""Both code snippets read input from a file, process it, and write output to another file. They both handle multiple test cases, and both have similar logic for checking if a grid is possible (one checks horizontal and vertical patterns, the other checks if all elements are the same). The main difference is in the implementation details and the specific problem being solved, but the overall structure and purpose of the code is similar.""
}",10
2013_0_2,95524,2013_0_2,55421,CLONE,2026-07-16 12:54:49,"{
    ""answer"": ""YES-SIMILAR"",
    ""explanation"": ""Both code snippets are solving the same problem - checking if a grid of numbers can be mowed in a specific pattern. They both read input from a file, process the grid, and write the result to an output file. The main difference is in the implementation details, but the core logic and purpose are the same.""
}",11
2013_0_2,95524,2013_0_2,90919,CLONE,2026-07-16 12:54:50,"{
    ""answer"": ""YES-SIMILAR"",
    ""explanation"": ""Both code snippets are solving the same problem - checking if a grid of numbers is 'podado' (valid) based on certain conditions. They both read input from a file, process the grid, and write the result to an output file. The main difference is in the implementation details and the specific conditions for checking validity, but the overall task and functionality are the same.""
}",12
2013_0_2,95524,2013_0_2,114653,CLONE,2026-07-16 12:54:51,"{
    ""answer"": ""YES-SIMILAR"",
    ""explanation"": ""Both code snippets read input from a file, process it, and write output to another file. They both handle multiple test cases, and both have a similar structure where they read dimensions (n, m), process a grid, and determine if a solution is possible. The main difference is in the specific algorithm used to determine if a solution is possible, but the overall functional purpose is the same: to determine if a grid can be made with certain conditions.""
}",13
2013_0_2,44471,2013_0_2,55421,CLONE,2026-07-16 12:54:52,"{
    ""answer"": ""YES-SIMILAR"",
    ""explanation"": ""Both code snippets are solving the same problem: determining if a lawn mower can cut a garden pattern. They both read input data, process it, and output the result. The first snippet uses a more object-oriented approach with helper methods, while the second uses a more procedural approach. However, the core logic of checking if a garden pattern can be cut is the same in both snippets. Both check if any row or column has a pattern that cannot be cut, and both determine if the pattern is valid based on the same criteria.""
}",14
2013_0_2,44471,2013_0_2,90919,CLONE,2026-07-16 12:54:52,"{
    ""answer"": ""YES-SIMILAR"",
    ""explanation"": ""Both code snippets read input from a file, process it, and write output to another file. They both handle multiple test cases, and the core logic of determining whether a pattern is possible ('YES' or 'NO') is similar. The first snippet uses a more object-oriented approach with helper methods, while the second is more procedural, but they both achieve the same task of solving a pattern matching problem.""
}",15
2013_0_2,44471,2013_0_2,114653,CLONE,2026-07-16 12:54:53,"{
    ""answer"": ""YES-SIMILAR"",
    ""explanation"": ""Both code snippets read input from a file, process it, and write output to another file. They both handle multiple test cases, and the core logic involves checking if a pattern is possible in a grid. The main difference is in the implementation details, but the overall functionality is the same: reading input, processing grid data, and determining if a pattern is possible, then writing the results to an output file.""
}",16
2013_0_2,55421,2013_0_2,90919,CLONE,2026-07-16 12:54:54,"{
    ""answer"": ""YES-SIMILAR"",
    ""explanation"": ""Both code snippets are solving the same problem - determining if a lawn mower can mow a garden. They both read input data, process it, and output the result. The main difference is in the implementation details and structure, but the core logic and purpose are the same. Both programs check if the garden pattern is valid (if it's possible to mow the garden) and output 'YES' or 'NO' based on that. The Lawnmower class in the first snippet and the B class in the second snippet are functionally equivalent in",17
2013_0_2,55421,2013_0_2,114653,CLONE,2026-07-16 12:54:55,"{
    ""answer"": ""YES-SIMILAR"",
    ""explanation"": ""Both code snippets are solutions to the same problem: determining if a lawn (or garden) can be mowed. They both read input data, process it, and output the result in the same format (YES/NO). The main difference is in the implementation details and the specific algorithm used, but the core functionality is the same. Both solutions check for the presence of 'bad' patterns in the lawn/garden and determine if it can be mowed based on those patterns.""
}",18
2013_0_2,90919,2013_0_2,114653,CLONE,2026-07-16 12:54:56,"{
    ""answer"": ""YES-SIMILAR"",
    ""explanation"": ""Both code snippets are solving the same problem: checking if a grid of numbers contains a maximum value in each row and column. They both read input from a file, process the grid, and output whether the grid contains a maximum value in each row and column. The main difference is in the implementation details and the specific way they check for the maximum values, but the core functionality is the same.""
}",19
2013_0_3,55548,2013_0_3,94901,CLONE,2026-07-16 12:54:57,"{
    ""answer"": ""YES-SIMILAR"",
    ""explanation"": ""Both code snippets are solving the same problem: finding the number of perfect squares between two given numbers. They use different approaches but achieve the same result. FairSquare uses a precalculation approach with binary search, while Program uses a direct calculation approach. Both handle input/output with files and produce the same type of output (number of perfect squares in a range). The main difference is in the implementation details rather than the functional purpose.""
}",20
2013_0_3,55548,2013_0_3,78294,CLONE,2026-07-16 12:54:57,"{
    ""answer"": ""YES-SIMILAR"",
    ""explanation"": ""Both code snippets are solutions to the same problem. They both generate and process square numbers, and their main functions are similar. The first snippet uses BigInteger to represent large numbers and has a more complex algorithm for generating solutions, while the second snippet uses a pre-calculated array of square numbers. Both handle input/output operations and process test cases in a similar way. The core logic of finding the count of square numbers within a given range is the same in both implementations, just with different approaches to solving the problem.""
}",21
2013_0_3,55548,2013_0_3,118052,CLONE,2026-07-16 12:54:58,"{
    ""answer"": ""YES-SIMILAR"",
    ""explanation"": ""Both code snippets are solving the same problem: finding the number of perfect squares in a given range. The first snippet uses a more complex algorithm involving bit manipulation and binary search, while the second snippet uses a simpler approach with a HashSet to store the squares. Both programs take input ranges and output the count of perfect squares within those ranges. The main difference is in the implementation approach, but the functional purpose is the same.""
}",22
2013_0_3,55548,2013_0_3,83531,CLONE,2026-07-16 12:54:59,"{
    ""answer"": ""YES-SIMILAR"",
    ""explanation"": ""Both code snippets are solutions to the same Google Code Jam problem. They both read input, generate solutions, and output results. The first snippet uses a more mathematical approach with BigInteger calculations, while the second snippet uses a different algorithm with arrays and mathematical operations. Despite the different approaches, they both solve the same problem and produce similar outputs.""
}",23
2013_0_3,94901,2013_0_3,78294,CLONE,2026-07-16 12:55:00,"{
    ""answer"": ""YES-SIMILAR"",
    ""explanation"": ""Both code snippets read input from a file, process test cases, and write output to another file. They both handle a series of test cases where for each case, they check if a number is a palindrome and if it falls within a given range. The main difference is in the implementation details, but the core functionality is the same: reading input, processing test cases, and writing results.""
}",24
2013_0_3,94901,2013_0_3,118052,CLONE,2026-07-16 12:55:00,"{
    ""answer"": ""YES-SIMILAR"",
    ""explanation"": ""Both code snippets read input from a file, process numbers, and output results. They both check for palindromic numbers and square numbers, and count how many numbers fall within a given range. The main difference is in the implementation details, but the core functionality is the same.""
}",25
2013_0_3,94901,2013_0_3,83531,CLONE,2026-07-16 12:55:01,"{
    ""answer"": ""YES-SIMILAR"",
    ""explanation"": ""Both code snippets are solutions to the same programming problem, which is to process test cases and output the number of successful cases. They both read input from a file, process the data, and write results to an output file. The main difference is in their implementation details and structure, but the core functionality is the same.""
}",26
2013_0_3,78294,2013_0_3,118052,CLONE,2026-07-16 12:55:02,"{
    ""answer"": ""YES-SIMILAR"",
    ""explanation"": ""Both code snippets solve the same problem: finding the number of perfect squares in a given range [A, B]. They both read input, process it, and output the count of perfect squares in each test case. The main difference is in their implementation approach, but the functional outcome is the same.""
}",27
2013_0_3,78294,2013_0_3,83531,CLONE,2026-07-16 12:55:02,"{
    ""answer"": ""YES-SIMILAR"",
    ""explanation"": ""Both code snippets are solutions to the same problem - finding the number of perfect squares between two given numbers. They both read input from a file, process it, and output the results. While they use different approaches and have different implementations, they both achieve the same task of counting perfect squares in a given range.""
}",28
2013_0_3,118052,2013_0_3,83531,CLONE,2026-07-16 12:55:03,"{
    ""answer"": ""YES-SIMILAR"",
    ""explanation"": ""Both code snippets solve the same problem: finding the number of perfect squares in a given range. They both read input, process the data, and output the count of perfect squares. The main difference is in their implementation approach and structure, but the core functionality is the same.""
}",29
2013_1_1,35305,2013_1_1,30788,CLONE,2026-07-16 12:55:04,"{
    ""answer"": ""YES-SIMILAR"",
    ""explanation"": ""Both code snippets are solutions to the same problem, which is a competitive programming problem. They both read input from a file, process test cases, and write output to a file. The main difference is in the approach to solving the problem: Code Snippet 1 uses BigInteger and iterative approach, while Code Snippet 2 uses Math library and mathematical formulas. However, both achieve the same goal of finding the correct answer for each test case and writing it to the output file.""
}",30
2013_1_1,35305,2013_1_1,30610,CLONE,2026-07-16 12:55:04,"{
    ""answer"": ""YES-SIMILAR"",
    ""explanation"": ""Both code snippets read input from a file and write output to a file, and they both contain a loop structure to process multiple test cases. The main difference is in their implementation details and the specific algorithms they use, but the overall functional purpose is the same: to read input, process it, and write results to an output file.""
}",31
2013_1_1,35305,2013_1_1,30305,CLONE,2026-07-16 12:55:05,"{
    ""answer"": ""YES-SIMILAR"",
    ""explanation"": ""Both code snippets solve the same problem: finding the largest integer n such that n^4 + 4n^3 + 6n^2 + 4n + 1 ≤ t. They use different approaches but achieve the same result. The first snippet uses a binary search approach, while the second uses a more complex algorithm involving square roots and floor/ceiling functions. Both handle multiple test cases and output the results in the same format.""
}",32
2013_1_1,35305,2013_1_1,40715,CLONE,2026-07-16 12:55:06,"{
    ""answer"": ""YES-SIMILAR"",
    ""explanation"": ""Both code snippets are solutions to the same problem, which is a programming competition problem. They both read input, process it, and write output. While they use different data types (BigInteger vs double) and different mathematical formulas, they both aim to find a specific value based on input parameters r and t. The core logic of iterating through cases and finding a value that satisfies certain conditions is present in both snippets. The main difference is in the implementation details and the specific mathematical approach used, but the functional goal is the same.""
}",33
2013_1_1,30788,2013_1_1,30610,CLONE,2026-07-16 12:55:07,"{
    ""answer"": ""YES-SIMILAR"",
    ""explanation"": ""Both code snippets are Java classes that handle input/output operations and contain similar functionality. They both read input from files, process data, and write output to files. The main differences are in the implementation details and organization, but the core functionality is the same. Both classes use Scanner and PrintWriter for I/O operations, and both handle multiple test cases. The Util class is more focused on utility methods, while the A class is more focused on solving a specific problem, but they both serve similar purposes in terms of handling input/output operations.""
}",34
2013_1_1,30788,2013_1_1,30305,CLONE,2026-07-16 12:55:08,"{
    ""answer"": ""YES-SIMILAR"",
    ""explanation"": ""Both code snippets are solving the same mathematical problem. They both read input, calculate a value based on the input using the formula (-b ± sqrt(b^2 + 8T))/4, and output the result. While they use different approaches (one uses Math.sqrt and the other uses a custom BigInteger implementation), they achieve the same mathematical result. The main differences are in the implementation details and the way they handle input/output, but the core algorithm is the same.""
}",35
2013_1_1,30788,2013_1_1,40715,CLONE,2026-07-16 12:55:09,"{
    ""answer"": ""YES-SIMILAR"",
    ""explanation"": ""Both code snippets are solutions to the same problem, which appears to be a competitive programming problem. They both read input from a file, process test cases, and write output to another file. The core mathematical calculations are similar, though implemented differently. Both solve for a value 'n' based on input parameters 'R' and 'T', and both handle multiple test cases. The main differences are in the implementation details and the specific mathematical formulas used, but the overall functionality is the same.""
}",36
2013_1_1,30610,2013_1_1,30305,CLONE,2026-07-16 12:55:10,"{
    ""answer"": ""YES-SIMILAR"",
    ""explanation"": ""Both code snippets are Java classes that handle input/output operations and perform mathematical calculations. They both read input from files, process data, and output results. The Util class has methods for file I/O, mathematical functions, and string formatting, while the A class specifically handles a mathematical problem involving square roots and calculations. Both classes use similar Java I/O streams and mathematical libraries, and their overall structure and purpose are similar, even though they implement different specific algorithms.""
}",37
2013_1_1,30610,2013_1_1,40715,CLONE,2026-07-16 12:55:11,"{
    ""answer"": ""YES-SIMILAR"",
    ""explanation"": ""Both code snippets are Java classes designed to read input and write output for a programming problem. They both handle file I/O operations, process input data, and produce output. The first snippet (Util class) provides utility methods for file operations, mathematical calculations, and input/output handling, while the second snippet (Prob1 class) is a specific implementation that solves a particular problem by reading input, performing calculations, and writing output. Both classes share similar functionality in terms of handling input/output streams and processing data, making them functionally similar.""
}",38
2013_1_1,30305,2013_1_1,40715,CLONE,2026-07-16 12:55:11,"{
    ""answer"": ""YES-SIMILAR"",
    ""explanation"": ""Both code snippets are solutions to the same competitive programming problem, where they read input, process mathematical calculations, and output results. While they use different approaches and libraries, they both solve the same underlying problem of finding a value based on input parameters r and t. The first code uses BigInteger for precise calculations, while the second uses double precision arithmetic. Both handle multiple test cases and output the results in the same format.""
}",39
2014_0_2,107403,2014_0_2,81302,CLONE,2026-07-16 12:55:12,"{
    ""answer"": ""YES-SIMILAR"",
    ""explanation"": ""Both code snippets are solutions to the same Google Code Jam problem (part B). They read input from 'input.txt', process it, and write output to 'output.txt'. The main difference is in the implementation details, but the core logic of calculating time based on given parameters (C, F, X) is the same in both snippets. The process method in the first snippet and the while loop in the second snippet both implement the same algorithm to calculate the time, just with different variable names and slightly different mathematical expressions.""
}",40
2014_0_2,107403,2014_0_2,27351,CLONE,2026-07-16 12:55:13,"{
    ""answer"": ""YES-SIMILAR"",
    ""explanation"": ""Both code snippets are solutions to the same problem (Qualification B from Google Code Jam). They both read input, process it, and write output. The main difference is in the implementation details and variable names, but the core logic is the same. Both implement a solution where they calculate a time value based on input parameters C, F, and X, and then output the result with a case number. The mathematical approach and the overall algorithm are identical, just with different variable names and some minor structural differences.""
}",41
2014_0_2,107403,2014_0_2,41018,CLONE,2026-07-16 12:55:14,"{
    ""answer"": ""YES-SIMILAR"",
    ""explanation"": ""Both code snippets are solutions to the same problem, which appears to be a competitive programming problem. They both read input from a file, process multiple test cases, and calculate a time value based on given parameters. The main differences are in the package names, input file names, and some variable names, but the core algorithm and logic are identical. Both use a similar mathematical formula to calculate the time, with the same initial rate of 2.0 and the same formula for the while loop condition.""
}",42
2014_0_2,107403,2014_0_2,110678,CLONE,2026-07-16 12:55:15,"{
    ""answer"": ""YES-SIMILAR"",
    ""explanation"": ""Both code snippets solve the same problem: calculating the time to win a game with and without a farm. They both read input from a file (first snippet) or standard input (second snippet), process the same variables (C, F, X), and use the same mathematical formula to calculate the time. The main difference is in the input/output handling and variable naming, but the core algorithm is identical.""
}",43
2014_0_2,81302,2014_0_2,27351,CLONE,2026-07-16 12:55:15,"{
    ""answer"": ""YES-SIMILAR"",
    ""explanation"": ""Both code snippets are solutions to the same problem, which is a CodeJam qualification problem. They both read input from a file, process multiple test cases, and calculate a value based on the input parameters (c, f, x). The main difference is in the implementation approach, but the core logic and functionality are the same. Both solutions use a similar algorithm to calculate the time value, and they both output the results in the same format. The only significant difference is in the file handling and input/output mechanisms, but this doesn't change the fundamental",44
2014_0_2,81302,2014_0_2,41018,CLONE,2026-07-16 12:55:16,"{
    ""answer"": ""YES-SIMILAR"",
    ""explanation"": ""Both code snippets are solutions to the same problem, which is a competitive programming problem. They both read input from a file, process multiple test cases, and calculate a time value for each case. The main differences are in the input/output file names and the specific calculations, but the core logic and purpose of the programs are the same.""
}",45
2014_0_2,81302,2014_0_2,110678,CLONE,2026-07-16 12:55:17,"{
    ""answer"": ""YES-SIMILAR"",
    ""explanation"": ""Both code snippets solve the same problem: calculating the time to win a game based on farm costs and rates. They both read input from a file (first) and standard input (second), process the input to calculate the time to win, and output the results. The core logic is similar, though implemented differently, with both using a while loop to iterate until a condition is met. The first snippet uses a Scanner to read from a file, while the second uses System.in. Both calculate the time to win by comparing scenarios with and without a farm",46
2014_0_2,27351,2014_0_2,41018,CLONE,2026-07-16 12:55:17,"{
    ""answer"": ""YES-SIMILAR"",
    ""explanation"": ""Both code snippets solve the same problem: finding the optimal time to buy a farm and reach a goal. They both use the same mathematical approach with a while loop and incrementing rates. The main differences are in the input/output handling and the specific variable names, but the core algorithm is identical.""
}",47
2014_0_2,27351,2014_0_2,110678,CLONE,2026-07-16 12:55:18,"{
    ""answer"": ""YES-SIMILAR"",
    ""explanation"": ""Both code snippets solve the same problem: finding the optimal time to buy a farm to win a cookie. They use different approaches but achieve the same result. Both calculate the time to win a cookie with and without buying a farm, and choose the better option. The main difference is in the implementation details, but the core logic and purpose are identical.""
}",48
2014_0_2,41018,2014_0_2,110678,CLONE,2026-07-16 12:55:19,"{
    ""answer"": ""YES-SIMILAR"",
    ""explanation"": ""Both code snippets are solutions to the same problem, which is a cookie cutting problem. They both read input, process cases, and calculate the time to achieve a goal. The main differences are in the syntax and structure, but the core logic is the same. Both use a while loop to repeatedly update rates and times until a condition is met, and then output the final time. The key variables and calculations are similar, with the main difference being the initial rate (2 in both cases) and the way the rates are updated. The problem is essentially",49
2014_0_3,108079,2014_0_3,27551,CLONE,2026-07-16 12:55:20,"{
    ""answer"": ""YES-SIMILAR"",
    ""explanation"": ""Both code snippets implement the same Minesweeper game logic. They both handle input parameters (R, C, M) and determine if it's possible to place mines according to specific rules. The first snippet uses a knapsack approach with backtracking, while the second uses a different algorithm, but both achieve the same goal of determining the optimal mine placement. The output format is also similar, printing the solution or 'Impossible' when it's not possible to place the mines.""
}",50
2014_0_3,108079,2014_0_3,99421,CLONE,2026-07-16 12:55:21,"{
    ""answer"": ""YES-SIMILAR"",
    ""explanation"": ""Both code snippets solve the Minesweeper problem, where the goal is to place mines in a grid such that the number of mines is exactly one less than the total number of cells. Both use a knapsack-like approach with dynamic programming to solve the problem, and both output the solution in a similar format. The main difference is in their implementation approach, but the underlying algorithm and problem being solved are the same.""
}",51
2014_0_3,108079,2014_0_3,22792,CLONE,2026-07-16 12:55:23,"{
    ""answer"": ""YES-SIMILAR"",
    ""explanation"": ""Both code snippets implement a Minesweeper game solver. They share similar logic for placing mines, marking safe cells, and determining if a solution is possible. The first code snippet uses a knapsack approach with dynamic programming, while the second code snippet uses a different algorithmic approach. However, both aim to solve the same problem of placing mines in a grid while ensuring all mines are reachable and the solution is valid. The core functionality of determining if a solution exists and generating a valid solution is present in both code snippets.""
}",52
2014_0_3,108079,2014_0_3,71973,CLONE,2026-07-16 12:55:24,"{
    ""answer"": ""YES-SIMILAR"",
    ""explanation"": ""Both code snippets solve the same problem - a minesweeper game where the task is to place mines in a grid such that the number of mines in each row is at most the number of cells in that row. The first code uses a knapsack dynamic programming approach, while the second code uses a different algorithm but achieves the same goal. Both handle input/output, process cases, and determine if a solution is possible. The main difference is in the implementation approach, but the functional outcome is the same.""
}",53
2014_0_3,27551,2014_0_3,99421,CLONE,2026-07-16 12:55:26,"{
    ""answer"": ""YES-SIMILAR"",
    ""explanation"": ""Both code snippets are solving the same Minesweeper-like problem where they need to place mines in a grid. They both read input data, process it, and generate output. The main difference is in their implementation approach: the first uses a simpler algorithm with specific cases, while the second uses a more complex multi-threaded approach with different strategies. However, the core problem they're solving is the same, and they both aim to determine if it's possible to place mines in a given grid configuration.""
}",54
2014_0_3,27551,2014_0_3,22792,CLONE,2026-07-16 12:55:27,"{
    ""answer"": ""YES-SIMILAR"",
    ""explanation"": ""Both code snippets implement a Minesweeper game solver. They read input data, process it to determine the optimal placement of mines, and output the solution. While they use different variable names and some different algorithms, they both solve the same problem of finding the best way to place mines in a grid given certain constraints.""
}",55
2014_0_3,27551,2014_0_3,71973,CLONE,2026-07-16 12:55:28,"{
    ""answer"": ""YES-SIMILAR"",
    ""explanation"": ""Both code snippets are solving the same problem: placing mines on a grid in a way that satisfies certain conditions. They both read input, process it, and generate output in a similar format. The main differences are in the implementation details and the specific logic for placing mines, but the core functionality is the same.""
}",56
2014_0_3,99421,2014_0_3,22792,CLONE,2026-07-16 12:55:30,"{
    ""answer"": ""YES-SIMILAR"",
    ""explanation"": ""Both code snippets implement a minesweeper game solver. They both take input data, process it to determine mine placement, and output the results. The first code snippet uses a more object-oriented approach with a ThreadPoolExecutor, while the second uses a simpler procedural approach. Both achieve the same goal of solving the minesweeper problem, though they use different algorithms and implementation strategies.""
}",57
2014_0_3,99421,2014_0_3,71973,CLONE,2026-07-16 12:55:31,"{
    ""answer"": ""YES-SIMILAR"",
    ""explanation"": ""Both code snippets are solving the same problem - a Minesweeper-like game where the goal is to place empty elements (marked as '.') in a grid. Both use similar strategies to place elements, including checking for impossible cases and using different comparison strategies. The main differences are in the implementation details and the specific algorithms used, but the core functionality and problem being solved are the same.""
}",58
2014_0_3,22792,2014_0_3,71973,CLONE,2026-07-16 12:55:33,"{
    ""answer"": ""YES-SIMILAR"",
    ""explanation"": ""Both code snippets implement a Minesweeper game solver. They read input from a file, process the game state, and output the solution. The main differences are in the implementation approach and specific algorithms used, but the core functionality is the same. Both handle test cases, place mines, mark possible neighbors, and generate output in a similar way.""
}",59
2014_2_1,124976,2014_2_1,115332,CLONE,2026-07-16 12:55:33,"{
    ""answer"": ""YES-SIMILAR"",
    ""explanation"": ""Both code snippets solve the same problem: they read input strings, compare them, and determine if 'Fegla Won' or calculate a result based on the input strings. The first code uses a more complex approach with matrices and character counting, while the second code uses a simpler approach with sets and absolute differences. Despite the different implementations, both achieve the same functional result.""
}",60
2014_2_1,124976,2014_2_1,119554,CLONE,2026-07-16 12:55:34,"{
    ""answer"": ""YES-SIMILAR"",
    ""explanation"": ""Both code snippets solve the same problem: reading input strings, comparing them, and determining the winner based on specific rules. They both handle multiple test cases, parse input strings, and calculate a result. The main difference is in the implementation details and the specific algorithm used, but the core functionality is the same.""
}",61
2014_2_1,124976,2014_2_1,126555,CLONE,2026-07-16 12:55:35,"{
    ""answer"": ""YES-SIMILAR"",
    ""explanation"": ""Both code snippets are solving the same problem, which involves processing a series of strings and determining the minimum moves required. They both read input, process strings, and output results. The main difference is in their implementation approaches, but the core functionality is the same.""
}",62
2014_2_1,124976,2014_2_1,125050,CLONE,2026-07-16 12:55:35,"{
    ""answer"": ""YES-SIMILAR"",
    ""explanation"": ""Both code snippets solve the same problem: determining if Fegla can win a game based on the input strings. They both process multiple test cases, analyze the characters in the strings, and calculate the minimum moves required to win. While they use different approaches and data structures, they achieve the same functional result.""
}",63
2014_2_1,115332,2014_2_1,119554,CLONE,2026-07-16 12:55:36,"{
    ""answer"": ""YES-SIMILAR"",
    ""explanation"": ""Both code snippets are solutions to the same problem. They both read input, process strings, and calculate results based on the input. The main differences are in the implementation details and the specific algorithms used, but the core functionality is the same. Both programs determine if 'Fegla Won' or calculate a numerical result based on the input strings. The TaskA class and the A class both handle multiple test cases, parse input strings, and produce output based on the same problem domain.""
}",64
2014_2_1,115332,2014_2_1,126555,CLONE,2026-07-16 12:55:37,"{
    ""answer"": ""YES-SIMILAR"",
    ""explanation"": ""Both code snippets are solving the same problem: given a list of strings, determine if they can be transformed into each other with a minimum number of moves. The first snippet uses a matrix to track character positions and movements, while the second uses stacks and string manipulation. Both approaches calculate the minimum number of moves required to transform strings, and both return 'Fegla Won' if the transformation is not possible. The core algorithm and problem being solved are identical, just implemented with different data structures and approaches.""
}",65
2014_2_1,115332,2014_2_1,125050,CLONE,2026-07-16 12:55:38,"{
    ""answer"": ""YES-SIMILAR"",
    ""explanation"": ""Both code snippets are solutions to the same problem, which is to determine if a sequence of strings can be transformed into each other by a specific rule. The first code snippet uses a matrix to track character transitions, while the second code snippet uses a different approach with arrays and loops. Both solutions calculate the minimum cost to transform one string into another, and both return 'Fegla Won' if the transformation is impossible. The main difference is in the implementation details, but the core functionality is the same.""
}",66
2014_2_1,119554,2014_2_1,126555,CLONE,2026-07-16 12:55:39,"{
    ""answer"": ""YES-SIMILAR"",
    ""explanation"": ""Both code snippets are solutions to the same problem, which involves reading input, processing strings, and calculating a result. They both have similar structures with main methods that read input, process strings, and write output. The key difference is in the implementation details, but the core functionality is the same: they both solve a problem involving string processing and calculating a result based on string lengths and characters. The first snippet uses a more object-oriented approach with custom classes, while the second uses Google Guava libraries, but the end result and problem being solved is the",67
2014_2_1,119554,2014_2_1,125050,CLONE,2026-07-16 12:55:40,"{
    ""answer"": ""YES-SIMILAR"",
    ""explanation"": ""Both code snippets are solutions to the same programming problem. They both read input from a file, process a series of strings, and determine the minimum number of moves needed to make all strings have the same character distribution. The main difference is in the implementation approach, but the core logic and functionality are the same. Both solutions also handle the same test cases and produce the same output format.""
}",68
2014_2_1,126555,2014_2_1,125050,CLONE,2026-07-16 12:55:41,"{
    ""answer"": ""YES-SIMILAR"",
    ""explanation"": ""Both code snippets solve the same problem: finding the minimum number of moves to make all strings have the same length. They use different approaches but achieve the same result. The first code uses a recursive approach with a helper method, while the second code uses an iterative approach with a stack. Both handle input validation and produce the same output format with 'Fegla Won' for impossible cases and the minimum number of moves for possible cases.""
}",69
2014_3_1,141827,2014_3_1,137264,CLONE,2026-07-16 12:55:42,"{
    ""answer"": ""YES-SIMILAR"",
    ""explanation"": ""Both code snippets are solutions to the same problem, which involves reading input, processing it, and generating output. The first snippet (Code1C) has multiple main methods (main_A, main_B, main_C, main_D) that handle different test cases, while the second snippet (Main) uses a different approach but achieves the same goal. Both handle input parsing, mathematical calculations, and output generation. The main difference is in their implementation approach, but the functional outcome is the same.""
}",70
2014_3_1,141827,2014_3_1,138894,CLONE,2026-07-16 12:55:43,"{
    ""answer"": ""YES-SIMILAR"",
    ""explanation"": ""Both code snippets are solutions to the same problem, where they read input from a file, process it, and write output to another file. The main difference is in the implementation details, but the core logic and purpose are the same. Both handle multiple test cases, process strings, and perform mathematical operations. The first snippet has more complex logic with multiple methods and different cases, while the second is more straightforward, but they both achieve the same goal of solving the problem.""
}",71
2014_3_1,141827,2014_3_1,136615,CLONE,2026-07-16 12:55:43,"{
    ""answer"": ""YES-SIMILAR"",
    ""explanation"": ""Both code snippets are solving the same problem: finding the minimum number of steps to reach a target value in a specific mathematical context. They both read input from a file, process it, and write the results to an output file. The main difference is in the implementation details and the specific mathematical approach used, but the core functionality is the same.""
}",72
2014_3_1,141827,2014_3_1,138529,CLONE,2026-07-16 12:55:44,"{
    ""answer"": ""YES-SIMILAR"",
    ""explanation"": ""Both code snippets are solutions to the same CodeJam 2014 problem (R1C). They read input in the format 'p/q' where p and q are integers, and compute the number of steps needed to reach 1.0. The main difference is in the implementation details, but the core logic and purpose are identical. Both handle the same test cases and produce the same output format.""
}",73
2014_3_1,137264,2014_3_1,138894,CLONE,2026-07-16 12:55:45,"{
    ""answer"": ""YES-SIMILAR"",
    ""explanation"": ""Both code snippets solve the same problem: finding the minimum power of 2 needed to divide a number. They read input from standard input, process it, and output the results. The first snippet uses a binary search approach to find the minimum power, while the second uses a different algorithm but achieves the same result. Both handle the same mathematical problem and produce the same type of output.""
}",74
2014_3_1,137264,2014_3_1,136615,CLONE,2026-07-16 12:55:46,"{
    ""answer"": ""YES-SIMILAR"",
    ""explanation"": ""Both code snippets solve the same problem: finding the minimum power of 2 needed to divide a number, given two numbers P and Q. They both handle input cases, calculate the greatest common divisor (GCD), and determine if the solution is possible. The main difference is in the implementation details and the way they handle the input/output, but the core logic and functionality are the same.""
}",75
2014_3_1,137264,2014_3_1,138529,CLONE,2026-07-16 12:55:46,"{
    ""answer"": ""YES-SIMILAR"",
    ""explanation"": ""Both code snippets are solutions to the same problem, which is to find the maximum possible exponent in the expression p/q where p and q are coprime numbers. They both read input, process it using the same mathematical logic, and output the result. The main difference is in the implementation details and the way they handle input/output, but the core algorithm and functionality are the same.""
}",76
2014_3_1,138894,2014_3_1,136615,CLONE,2026-07-16 12:55:47,"{
    ""answer"": ""YES-SIMILAR"",
    ""explanation"": ""Both code snippets are solutions to the same programming problem, which involves reading input from a file, processing it, and writing output to another file. They both handle cases with input in the format 'P/Q' where P and Q are long integers. Both solutions attempt to find a maximum generation number based on certain conditions, and both write the results to an output file. The main difference is in the approach and implementation details, but the core functionality is the same.""
}",77
2014_3_1,138894,2014_3_1,138529,CLONE,2026-07-16 12:55:48,"{
    ""answer"": ""YES-SIMILAR"",
    ""explanation"": ""Both code snippets are solutions to the same CodeJam 2014 problem. They read input from 'A-large.in', process pairs of numbers, and write output to 'output.txt'/'testal.out'. Both implement the same algorithm for finding the maximum number of times a number can be divided by 2, with the same logic for checking if the division is possible and calculating the count. The main differences are in syntax and structure, but the core functionality is identical.""
}",78
2014_3_1,136615,2014_3_1,138529,CLONE,2026-07-16 12:55:49,"{
    ""answer"": ""YES-SIMILAR"",
    ""explanation"": ""Both code snippets are solutions to the same problem, which is to process input data and determine if it's possible to reach a certain number of generations, and if so, output the number of generations. They both read input from 'A-large.in', process the data using GCD (Greatest Common Divisor) and binary operations, and write the results to 'A-large.out'. The main logic in both snippets is similar, although they implement it differently with different variable names and some different approaches to the same mathematical calculations.""
}",79
2015_0_1,79967,2015_0_1,35102,CLONE,2026-07-16 12:55:50,"{
    ""answer"": ""YES-SIMILAR"",
    ""explanation"": ""Both code snippets are solutions to the same problem, where they read input from a file, process it to calculate the number of friends required, and write the results to an output file. The main difference is in the implementation details and the specific approach used to solve the problem, but the core functionality is the same. Both programs handle multiple test cases, read input from a file, perform calculations, and write results to an output file. The problem being solved is about calculating the number of friends required based on the audience's shyness levels.""
}",80
2015_0_1,79967,2015_0_1,68106,CLONE,2026-07-16 12:55:50,"{
    ""answer"": ""YES-SIMILAR"",
    ""explanation"": ""Both code snippets are solutions to the same problem: calculating the number of new friends needed based on a standing position and audience size. They both read input from a file, process the data, and write the result to an output file. The main difference is in the implementation details, but the core functionality is the same.""
}",81
2015_0_1,79967,2015_0_1,65869,CLONE,2026-07-16 12:55:51,"{
    ""answer"": ""YES-SIMILAR"",
    ""explanation"": ""Both code snippets are solutions to the same Google Code Jam problem. They read input from a file, process the input to calculate a value, and write the result to an output file. The main difference is in their implementation details and structure, but the core functionality is the same. Both handle multiple test cases and follow a similar pattern of reading input, processing it, and writing output.""
}",82
2015_0_1,79967,2015_0_1,46754,CLONE,2026-07-16 12:55:52,"{
    ""answer"": ""YES-SIMILAR"",
    ""explanation"": ""Both code snippets are solutions to the same problem, where they read input, process it, and write output. They both handle multiple test cases, read input lines, process strings, and write results. The main differences are in the implementation details and the specific problem being solved, but the overall structure and purpose are the same.""
}",83
2015_0_1,35102,2015_0_1,68106,CLONE,2026-07-16 12:55:52,"{
    ""answer"": ""YES-SIMILAR"",
    ""explanation"": ""Both code snippets solve the same problem: determining the number of friends required to help people stand up based on their shyness levels. The first snippet uses a more object-oriented approach with a class and methods, while the second uses a more procedural approach. Both read input from a file, process the data, and write the results to an output file. The core logic in both snippets is identical, just implemented differently.""
}",84
2015_0_1,35102,2015_0_1,65869,CLONE,2026-07-16 12:55:53,"{
    ""answer"": ""YES-SIMILAR"",
    ""explanation"": ""Both code snippets are solutions to the same Google Code Jam problem. They both read input from a file, process it, and write output to another file. The main difference is in their implementation details, but their core functionality is the same: they calculate the number of friends required based on the input data. Both snippets handle multiple test cases and follow a similar pattern of reading input, processing it, and writing output. The first snippet uses a more object-oriented approach with a class and static methods, while the second uses a more procedural approach with instance methods",85
2015_0_1,35102,2015_0_1,46754,CLONE,2026-07-16 12:55:54,"{
    ""answer"": ""YES-SIMILAR"",
    ""explanation"": ""Both code snippets are solving the same problem of calculating the number of friends required to help people stand up based on their shyness levels. They both read input from a file, process it, and write the results to an output file. The main difference is in the implementation details and the specific algorithm used, but the core functionality is the same.""
}",86
2015_0_1,68106,2015_0_1,65869,CLONE,2026-07-16 12:55:55,"{
    ""answer"": ""YES-SIMILAR"",
    ""explanation"": ""Both code snippets read input from a file, process it, and write output to another file. They both handle multiple test cases, and the core logic involves calculating some value based on input data. While the implementation details differ, the overall functionality is similar. Code Snippet 1 uses a Scanner and PrintWriter approach, while Code Snippet 2 uses BufferedReader and BufferedWriter with more object-oriented design. The main difference is in the approach to handling input/output, but the end result (processing input and producing output) is the same.""
}",87
2015_0_1,68106,2015_0_1,46754,CLONE,2026-07-16 12:55:55,"{
    ""answer"": ""YES-SIMILAR"",
    ""explanation"": ""Both code snippets read input from a file, process it, and write output to another file. They both handle multiple test cases, and the core logic in both snippets involves a similar mathematical calculation involving sums and differences. The main difference is in the syntax and structure, but the functional purpose is the same.""
}",88
2015_0_1,65869,2015_0_1,46754,CLONE,2026-07-16 12:55:56,"{
    ""answer"": ""YES-SIMILAR"",
    ""explanation"": ""Both code snippets read input from a file, process it, and write output to another file. They both handle multiple test cases, and their core logic involves reading numbers and characters from the input file, performing calculations, and writing results to the output file. While the implementation details differ, their functional purpose is the same.""
}",89
2015_0_2,34257,2015_0_2,32722,CLONE,2026-07-16 12:55:57,"{
    ""answer"": ""YES-SIMILAR"",
    ""explanation"": ""Both code snippets are solutions to the same problem: the Infinite House of Pancakes problem from CodeJam. They both read input from a file, process it, and write output to another file. The main difference is in their implementation approaches, but they both solve the same underlying problem of finding the minimum time to flip pancakes to get them in order. The first code uses a PriorityQueue data structure to manage the pancakes, while the second code uses a different algorithmic approach, but both achieve the same goal of finding the minimum time required.""
}",90
2015_0_2,34257,2015_0_2,77145,CLONE,2026-07-16 12:55:57,"{
    ""answer"": ""NO-NOT-SIMILAR"",
    ""explanation"": ""These two code snippets are not functionally similar. Code Snippet 1 is a Java program that reads input from a file and processes pancake-related data using a PriorityQueue, while Code Snippet 2 is a Java program that reads input from standard input and processes people-related data by finding maximum values and calculating sums. They solve different problems with different algorithms and data structures.""
}",91
2015_0_2,34257,2015_0_2,72707,CLONE,2026-07-16 12:55:58,"{
    ""answer"": ""YES-SIMILAR"",
    ""explanation"": ""Both code snippets solve the same problem: they process input data and use a priority queue to find the maximum value. The first snippet uses a Pancake class with length calculation and cutting operations, while the second snippet uses integers with a similar priority queue structure. Both programs read input, process it through a priority queue, and output the maximum value. The main difference is in the implementation details, but the core functionality is the same.""
}",92
2015_0_2,34257,2015_0_2,68668,CLONE,2026-07-16 12:55:59,"{
    ""answer"": ""NO-NOT-SIMILAR"",
    ""explanation"": ""While both code snippets involve processing input and producing output, they solve different problems. The first snippet (B class) appears to be a competitive programming solution involving pancakes, using a priority queue and implementing a specific algorithm with cut operations. The second snippet (B class) is a different problem involving calculating results based on input arrays and a limit value. The core algorithms and data structures used are different, and the problem domains are distinct.""
}",93
2015_0_2,32722,2015_0_2,77145,CLONE,2026-07-16 12:56:00,"{
    ""answer"": ""YES-SIMILAR"",
    ""explanation"": ""Both code snippets solve the same problem of finding the minimum time to flip pancakes. They both take input, process it, and output the result. The first snippet reads from a file and writes to a file, while the second reads from standard input and writes to standard output. Both use similar logic to find the minimum time by iterating through possible divisors and calculating the minimum time based on the maximum number of flips needed. The core algorithm is the same, just implemented differently due to different input/output requirements.""
}",94
2015_0_2,32722,2015_0_2,72707,CLONE,2026-07-16 12:56:00,"{
    ""answer"": ""YES-SIMILAR"",
    ""explanation"": ""Both code snippets solve the same problem of finding the minimum time to flip pancakes in a stack. They both read input, process it, and output the result. The first snippet reads from a file and writes to a file, while the second reads from standard input and writes to standard output. The core logic of calculating the minimum time to flip pancakes is similar in both snippets, though they implement it differently. The first uses a more straightforward approach with a loop, while the second uses a priority queue and a more complex algorithm, but they both achieve the",95
2015_0_2,32722,2015_0_2,68668,CLONE,2026-07-16 12:56:01,"{
    ""answer"": ""YES-SIMILAR"",
    ""explanation"": ""Both code snippets solve the same problem: finding the minimum time to flip pancakes. They both read input, process it, and output the result. The first snippet reads from a file and writes to a file, while the second reads from standard input and writes to standard output. The core logic in both snippets is identical: they iterate through possible flip times and calculate the minimum time needed to flip all pancakes. The main difference is in the input/output handling, but the functional logic is the same.""
}",96
2015_0_2,77145,2015_0_2,72707,CLONE,2026-07-16 12:56:02,"{
    ""answer"": ""YES-SIMILAR"",
    ""explanation"": ""Both code snippets are solutions to the same problem, which involves reading input, processing it, and calculating results. While they use different approaches and data structures, they both solve the same underlying problem. The first snippet uses a more straightforward approach with arrays and loops, while the second uses a PriorityQueue data structure. Despite the different implementations, they both achieve the same functional result.""
}",97
2015_0_2,77145,2015_0_2,68668,CLONE,2026-07-16 12:56:02,"{
    ""answer"": ""YES-SIMILAR"",
    ""explanation"": ""Both code snippets read input from the user, process it, and print results. They both have a similar structure with a main method that reads input, processes it in a loop, and prints results. The main difference is in the implementation details, but the overall functionality is the same.""
}",98
2015_0_2,72707,2015_0_2,68668,CLONE,2026-07-16 12:56:03,"{
    ""answer"": ""YES-SIMILAR"",
    ""explanation"": ""Both code snippets are implementations of the same algorithm. They both read input, process it, and output results. The main differences are in the syntax and structure, but the core logic is the same. Both use a priority queue (in the first snippet) and a similar mathematical calculation involving division and summation. The first snippet uses a PriorityQueue while the second uses an array-based approach, but they both achieve the same mathematical result. The first snippet is more concise and uses a static method, while the second is more verbose and uses instance methods, but",99
2015_0_3,74464,2015_0_3,88073,CLONE,2026-07-16 12:56:05,"{
    ""answer"": ""YES-SIMILAR"",
    ""explanation"": ""Both code snippets are solutions to the same problem, which involves checking if a string can be transformed into a specific pattern using a series of operations. The first code snippet uses a more complex approach with arrays and prefix/suffix calculations, while the second code snippet uses a simpler approach with string manipulation and character transformations. Both solutions aim to determine if a given string can be transformed into a specific pattern, and they both use similar mathematical concepts and character transformations to achieve this. The main difference is in the implementation approach, but the underlying problem and solution are the",100
2015_0_3,74464,2015_0_3,21597,CLONE,2026-07-16 12:56:05,"{
    ""answer"": ""YES-SIMILAR"",
    ""explanation"": ""Both code snippets are solutions to the same problem, which involves processing input strings and determining if they follow certain patterns. They both use similar mathematical operations and table lookups to determine the validity of input strings. The main difference is in their implementation approach, but the core logic and purpose are the same.""
}",101
2015_0_3,74464,2015_0_3,62582,CLONE,2026-07-16 12:56:06,"{
    ""answer"": ""YES-SIMILAR"",
    ""explanation"": ""Both code snippets are solving the same problem: checking if a string can be transformed into a specific pattern. They both read input, process it, and determine if the input string can be transformed into the target pattern. The main difference is in their implementation approach, but the core functionality is the same. Both use similar mathematical operations and string manipulation techniques to achieve their goal.""
}",102
2015_0_3,74464,2015_0_3,107238,CLONE,2026-07-16 12:56:07,"{
    ""answer"": ""YES-SIMILAR"",
    ""explanation"": ""Both code snippets implement the same algorithm for processing input strings. They both handle the same task of determining whether a string can be processed based on certain conditions, and they use similar mathematical operations (multiplication and exponentiation) to calculate the results. The main differences are in the implementation details and the structure of the code, but the core logic and functionality are the same.""
}",103
2015_0_3,88073,2015_0_3,21597,CLONE,2026-07-16 12:56:08,"{
    ""answer"": ""YES-SIMILAR"",
    ""explanation"": ""Both code snippets implement a solution for a problem involving strings 'i', 'j', and 'k' with similar logic. The first snippet uses a Dijkstra-like algorithm with sign evaluation and character evaluation, while the second snippet uses a lookup table approach with similar state transitions. Both handle string manipulation and sign evaluation to determine if a solution exists, making them functionally similar despite different implementations.""
}",104
2015_0_3,88073,2015_0_3,62582,CLONE,2026-07-16 12:56:09,"{
    ""answer"": ""YES-SIMILAR"",
    ""explanation"": ""Both code snippets implement a similar algorithm for evaluating expressions involving 'i', 'j', and 'k' characters. They both handle string concatenation, character transformations, and sign evaluation. While the implementation details and variable names differ, the core logic and purpose of the code is the same. The first snippet uses a more object-oriented approach with static methods, while the second uses a more procedural approach with static variables and methods. Both code snippets appear to be solutions to the same problem, just implemented differently.""
}",105
2015_0_3,88073,2015_0_3,107238,CLONE,2026-07-16 12:56:10,"{
    ""answer"": ""YES-SIMILAR"",
    ""explanation"": ""Both code snippets implement the same algorithm for evaluating expressions with 'i', 'j', and 'k' characters. They both use similar logic to determine if a given expression is valid, with the main difference being in their implementation approach. The first code snippet uses a more object-oriented approach with static methods, while the second uses a table-based approach with multiplication and power operations. Both achieve the same result of determining whether a given expression is valid based on the presence of 'i', 'j', and 'k' characters and their positions.""
}",106
2015_0_3,21597,2015_0_3,62582,CLONE,2026-07-16 12:56:11,"{
    ""answer"": ""YES-SIMILAR"",
    ""explanation"": ""Both code snippets implement the same algorithm for processing input strings, but with different approaches. They both handle string manipulation, carry operations, and modular arithmetic to determine if a string can be transformed into '1' or 'k'. The first snippet uses a table-based approach with a result() method, while the second uses recursive methods and modular arithmetic. Despite the different implementations, they achieve the same functional result of determining whether a given string can be transformed into '1' or 'k' based on the input constraints.""
}",107
2015_0_3,21597,2015_0_3,107238,CLONE,2026-07-16 12:56:12,"{
    ""answer"": ""YES-SIMILAR"",
    ""explanation"": ""Both code snippets implement the same algorithm for processing input strings. They both use a similar mathematical approach involving multiplication and modular arithmetic with a base of 4. The first code snippet uses a table-based approach with a result() method to compute values, while the second code snippet uses a more direct mathematical approach with pow() and mul() methods. Both handle input strings with 'i', 'j', and 'k' characters and determine if a given input string can be processed based on certain conditions. The core logic and mathematical operations are equivalent, just implemented",108
2015_0_3,62582,2015_0_3,107238,CLONE,2026-07-16 12:56:13,"{
    ""answer"": ""YES-SIMILAR"",
    ""explanation"": ""Both code snippets implement the same algorithm for processing strings with 'i', 'j', and 'k' characters. They both use a multiplication table (implemented differently) to determine the next character to process. The main difference is in the implementation approach: the first snippet uses a more procedural approach with string manipulation, while the second uses a table-based approach with mathematical operations. However, both achieve the same end result of determining whether a string can be processed according to the given rules.""
}",109
2015_0_4,107149,2015_0_4,96734,CLONE,2026-07-16 12:56:14,"{
    ""answer"": ""YES-SIMILAR"",
    ""explanation"": ""Both code snippets are solving the same problem: determining the winner (RICHARD or GABRIEL) based on input values (x, r, c). They read input from a file, process the data, and write the results to an output file. The main logic in both snippets is similar, although they use different approaches to calculate the winner. The first snippet uses if-else statements with specific conditions, while the second snippet uses mathematical calculations and conditions to determine the winner. Both achieve the same result, just with different implementation approaches.""
",110
2015_0_4,107149,2015_0_4,79014,CLONE,2026-07-16 12:56:14,"{
    ""answer"": ""YES-SIMILAR"",
    ""explanation"": ""Both code snippets are solutions to the same problem, where they read input and determine whether 'RICHARD' or 'GABRIEL' wins based on the input values. The first snippet uses a more detailed approach with specific conditions for each case (1-6), while the second snippet uses a more general approach with a switch statement. Both achieve the same result, just with different implementations.""
}",111
2015_0_4,107149,2015_0_4,21673,CLONE,2026-07-16 12:56:15,"{
    ""answer"": ""YES-SIMILAR"",
    ""explanation"": ""Both code snippets read input and write output to files, process input based on a number N, and determine whether to write 'GABRIEL' or 'RICHARD' based on the same mathematical conditions. The main difference is in the implementation approach, but the functional logic and output are the same.""
}",112
2015_0_4,107149,2015_0_4,77477,CLONE,2026-07-16 12:56:16,"{
    ""answer"": ""YES-SIMILAR"",
    ""explanation"": ""Both code snippets read input from a file, process it, and write output to another file. They both handle multiple cases (x=1 to x=6 in the first snippet, and similar logic in the second snippet with different variable names) and determine a winner based on certain conditions. The first snippet uses constants 'RICHARD' and 'GABRIEL' while the second uses 'GABRIEL' and 'RICHARD' but the logic is similar. Both have error handling and close resources properly.""
}",113
2015_0_4,96734,2015_0_4,79014,CLONE,2026-07-16 12:56:17,"{
    ""answer"": ""YES-SIMILAR"",
    ""explanation"": ""Both code snippets are solving the same problem: determining whether 'RICHARD' or 'GABRIEL' can win a game based on input parameters (x, r, c). They both read test cases from input, process them, and determine the winner. While the implementation details differ, the core logic and purpose are the same.""
}",114
2015_0_4,96734,2015_0_4,21673,CLONE,2026-07-16 12:56:17,"{
    ""answer"": ""YES-SIMILAR"",
    ""explanation"": ""Both code snippets are solving the same problem: determining whether 'RICHARD' or 'GABRIEL' wins based on the input parameters N, R, and C. They use different approaches but arrive at the same conclusion. In Omino, the 'doTestCase' method determines the winner based on various conditions, while in D, the 'good' method uses a different set of conditions but ultimately determines the same outcome. The main difference is in the implementation details, but the functional result is the same.""
}",115
2015_0_4,96734,2015_0_4,77477,CLONE,2026-07-16 12:56:18,"{
    ""answer"": ""YES-SIMILAR"",
    ""explanation"": ""Both code snippets read input from standard input, parse it into integers, and determine a winner based on the same mathematical conditions. They both have a main method that reads test cases, and a helper method (doTestCase in Omino and operate in Main) that determines the winner based on the same mathematical conditions (checking if (r*c) % x == 0). The only difference is in how they format the output, but the core logic and functionality is the same.""
}",116
2015_0_4,79014,2015_0_4,21673,CLONE,2026-07-16 12:56:19,"{
    ""answer"": ""YES-SIMILAR"",
    ""explanation"": ""Both code snippets solve the same problem: determining whether Richard or Gabriel can win in a game involving rectangles and numbers. They both take input for number of cases, dimensions (R and C), and a number N. They both check if R*C is divisible by N, and have different conditions based on N's value. The main difference is in the implementation details and structure, but the core logic and purpose are the same.""
}",117
2015_0_4,79014,2015_0_4,77477,CLONE,2026-07-16 12:56:20,"{
    ""answer"": ""YES-SIMILAR"",
    ""explanation"": ""Both code snippets are solving the same problem: determining whether Richard or Gabriel wins based on input parameters (X, R, C). They both read input values, perform calculations, and output the winner. The main difference is in the implementation approach, but the core logic and functionality are the same.""
}",118
2015_0_4,21673,2015_0_4,77477,CLONE,2026-07-16 12:56:20,"{
    ""answer"": ""YES-SIMILAR"",
    ""explanation"": ""Both code snippets are solving the same problem: determining a winner between 'GABRIEL' and 'RICHARD' based on certain conditions. The first snippet uses a more straightforward approach with a 'good()' method, while the second snippet uses a more complex approach with 'operate()' and 'parse()' methods. However, both ultimately determine the winner based on the same conditions: checking if R*C is divisible by N, checking the value of N, and checking the minimum of R and C. The main difference is in the implementation approach,",119
2015_1_1,127730,2015_1_1,114491,CLONE,2026-07-16 12:56:21,"{
    ""answer"": ""YES-SIMILAR"",
    ""explanation"": ""Both code snippets read input, process arrays, and output results. They both handle multiple test cases (T), process arrays of integers, and calculate two different results (res1 and res2 in the first snippet, y and z in the second snippet). The first snippet uses a BufferedReader with FileReader, while the second uses a Scanner, but the overall logic and purpose of the code is the same.""
}",120
2015_1_1,127730,2015_1_1,125935,CLONE,2026-07-16 12:56:22,"{
    ""answer"": ""YES-SIMILAR"",
    ""explanation"": ""Both code snippets are solving the same problem, which involves processing an array of numbers and calculating two different results. In both cases, they read input from standard input, process the array elements, and output two results per test case. The first code snippet uses a BufferedReader and FileReader to read input, while the second uses a custom Scanner class. Both implement the same logic of calculating a total difference and a minimum eaten value, just with different implementations and variable names.""
}",121
2015_1_1,127730,2015_1_1,124925,CLONE,2026-07-16 12:56:23,"{
    ""answer"": ""YES-SIMILAR"",
    ""explanation"": ""Both code snippets read input from standard input, process it in a loop, and calculate two results (result1 and result2) for each case. The first snippet uses BufferedReader and FileReader, while the second uses Scanner. Both solve1 and solve2 functions in the first snippet are equivalent to the result1 and result2 calculations in the second snippet. The main difference is in the syntax and structure, but the functional logic is the same.""
}",122
2015_1_1,127730,2015_1_1,115055,CLONE,2026-07-16 12:56:24,"{
    ""answer"": ""YES-SIMILAR"",
    ""explanation"": ""Both code snippets read input from a file, process multiple test cases, and calculate two different results for each case. The first snippet has two solve methods (solve1 and solve2) while the second snippet has a single _solveCase method that performs similar calculations. Both calculate a 'total' value and a 'minEaten' value based on differences between consecutive numbers in an array. The main difference is in the syntax and structure, but the core functionality is the same.""
}",123
2015_1_1,114491,2015_1_1,125935,CLONE,2026-07-16 12:56:24,"{
    ""answer"": ""YES-SIMILAR"",
    ""explanation"": ""Both code snippets are solutions to the same problem, which involves reading input, processing arrays, and calculating differences between adjacent elements. The first snippet uses a Scanner to read input and manually process the arrays, while the second snippet uses a custom MyScanner class and more concise code to achieve the same result. Both solutions calculate the sum of differences between adjacent elements and the total sum after applying a rate, which is the maximum difference found. The main difference is in the implementation approach, but the functional outcome is the same.""
}",124
2015_1_1,114491,2015_1_1,124925,CLONE,2026-07-16 12:56:25,"{
    ""answer"": ""YES-SIMILAR"",
    ""explanation"": ""Both code snippets are solving the same problem: they read input from the user, process an array of integers, and calculate two results (y and z in the first code, result1 and result2 in the second code). They both use a similar structure with nested loops to compare adjacent elements in the array. The main difference is in the variable names and the specific logic for calculating the results, but the overall algorithm and purpose are the same.""
}",125
2015_1_1,114491,2015_1_1,115055,CLONE,2026-07-16 12:56:26,"{
    ""answer"": ""YES-SIMILAR"",
    ""explanation"": ""Both code snippets read input from standard input (Scanner in R1, BufferedReader in Solver) and process multiple test cases. They both calculate two values (y and z in R1, eatAny and eatConst in Solver) based on differences between consecutive numbers in an array. The main logic in both snippets is to find the maximum difference (rate in R1, maxRate in Solver) and use it to calculate the final values. The only significant difference is in how they handle input/output, but the core algorithm is the same.""
}",126
2015_1_1,125935,2015_1_1,124925,CLONE,2026-07-16 12:56:27,"{
    ""answer"": ""YES-SIMILAR"",
    ""explanation"": ""Both code snippets solve the same problem: given an array of numbers, calculate two values - a sum of differences between consecutive elements and a sum of minimum values between each element and the maximum difference. The first code snippet uses a more complex object-oriented approach with a custom scanner class, while the second uses a simpler procedural approach with Java's built-in Scanner class. Despite the different approaches, both code snippets produce the same results for the same input.""
}",127
2015_1_1,125935,2015_1_1,115055,CLONE,2026-07-16 12:56:28,"{
    ""answer"": ""YES-SIMILAR"",
    ""explanation"": ""Both code snippets are solving the same problem: finding the maximum difference between adjacent elements in an array and calculating the total sum and maximum difference. The first snippet uses a Scanner class for input, while the second uses BufferedReader and FileReader. Both implement the same algorithm: iterating through the array, calculating differences, and summing up values. The main difference is in the input handling and output formatting, but the core logic is identical.""
}",128
2015_1_1,124925,2015_1_1,115055,CLONE,2026-07-16 12:56:28,"{
    ""answer"": ""YES-SIMILAR"",
    ""explanation"": ""Both code snippets read input from standard input, process it in a loop, and output results for each case. They both calculate two different results (result1 and result2 in Snippet 1, eatAny and eatConst in Snippet 2) and print them with a case number. The main difference is in the input parsing and calculation logic, but the overall structure and purpose of the programs is the same.""
}",129
2016_0_1,60475,2016_0_1,69477,CLONE,2026-07-16 12:56:29,"{
    ""answer"": ""YES-SIMILAR"",
    ""explanation"": ""Both code snippets are solving the same problem - finding the smallest number that contains all digits from 1 to 9 at least once, given a number n. They both read input, process the numbers, and write output in the same format. The main differences are in the implementation details and the specific classes used, but the core logic and functionality are identical.""
}",130
2016_0_1,60475,2016_0_1,123558,CLONE,2026-07-16 12:56:30,"{
    ""answer"": ""YES-SIMILAR"",
    ""explanation"": ""Both code snippets implement the same algorithm for solving the 'Insomnia' problem. They both read input, process numbers, and determine if a number is insomnia (all digits 1-9 appear at least once). The main differences are in the implementation details and file handling, but the core logic and functionality are the same.""
}",131
2016_0_1,60475,2016_0_1,55901,CLONE,2026-07-16 12:56:30,"{
    ""answer"": ""YES-SIMILAR"",
    ""explanation"": ""Both code snippets solve the same problem: finding the smallest number of moves to make a number 'insomnia' (where all digits are used exactly once). They both read input, process numbers, and write output. The main difference is in their implementation approach, but the core functionality is the same.""
}",132
2016_0_1,60475,2016_0_1,72044,CLONE,2026-07-16 12:56:31,"{
    ""answer"": ""YES-SIMILAR"",
    ""explanation"": ""Both code snippets are solutions to the same problem, which is to count sheep and determine if a number is insomnia. They both read input from a file, process numbers, and write results to an output file. The main difference is in the implementation approach, but the core functionality is the same. Both programs handle the same cases: when the number is 0 (INSOMNIA) and when it's not, and both use similar algorithms to count sheep by checking remainders and using a set to track unique numbers.""
}",133
2016_0_1,69477,2016_0_1,123558,CLONE,2026-07-16 12:56:32,"{
    ""answer"": ""YES-SIMILAR"",
    ""explanation"": ""Both code snippets solve the same problem: finding the nth number in the Insomnia sequence. They both take input, process it to find the next number in the sequence, and output the result. The main differences are in the implementation details and the input/output handling, but the core algorithm and purpose are the same.""
}",134
2016_0_1,69477,2016_0_1,55901,CLONE,2026-07-16 12:56:33,"{
    ""answer"": ""YES-SIMILAR"",
    ""explanation"": ""Both code snippets are solving the same problem: finding the smallest number that contains all digits from 0 to 9. They use different approaches but achieve the same result. The first snippet uses a digit array to track which digits have been used, while the second snippet uses a boolean array and mathematical operations to achieve the same goal. Both programs handle input/output in a similar way, reading input, processing it, and producing output in the required format.""
}",135
2016_0_1,69477,2016_0_1,72044,CLONE,2026-07-16 12:56:33,"{
    ""answer"": ""YES-SIMILAR"",
    ""explanation"": ""Both code snippets are solutions to the same problem - they process input to determine if a number is 'insomnia' or not. They both read input, perform calculations on the numbers, and output results. The main differences are in the implementation details and the specific algorithm used, but the core functionality is the same.""
}",136
2016_0_1,123558,2016_0_1,55901,CLONE,2026-07-16 12:56:34,"{
    ""answer"": ""YES-SIMILAR"",
    ""explanation"": ""Both code snippets solve the same problem: finding the smallest number that contains all digits from 0 to 9. They use different approaches but achieve the same result. The first snippet uses a bitmap array to track set digits, while the second uses a boolean array. Both programs read input from a file, process the input, and output the result in the same format (e.g., 'Case #X: INSOMNIA' or the number itself). The core logic of finding the smallest number containing all digits is present in both snippets, making",137
2016_0_1,123558,2016_0_1,72044,CLONE,2026-07-16 12:56:35,"{
    ""answer"": ""YES-SIMILAR"",
    ""explanation"": ""Both code snippets are implementations of the same problem, which is to count the number of sheep and determine if they are in a state of 'insomnia' or not. The main logic in both snippets is similar: they read input, process numbers, check for a specific condition (all bits set), and print the result. The only differences are in the implementation details and the specific data structures used (arrays vs hash sets), but the core functionality is the same.""
}",138
2016_0_1,55901,2016_0_1,72044,CLONE,2026-07-16 12:56:36,"{
    ""answer"": ""YES-SIMILAR"",
    ""explanation"": ""Both code snippets solve the same problem: finding the smallest number that contains all digits 0-9 when multiplied by a given number. They read input from a file, process the numbers, and write the results to an output file. The main logic in both snippets is similar, although they implement it differently. The first snippet uses a boolean array to track seen digits, while the second uses a HashSet to track unique digits. Both approaches achieve the same result of finding the first number that contains all digits 0-9 when multiplied by the input number",139
2016_0_2,68074,2016_0_2,150691,CLONE,2026-07-16 12:56:37,"{
    ""answer"": ""YES-SIMILAR"",
    ""explanation"": ""Both code snippets solve the same problem - finding the number of 'maneuvers' in a string of '+' and '-' characters. The first snippet uses a simpler approach where it counts the number of times a character can be flipped, while the second snippet uses a more complex algorithm with a swap function. Both ultimately achieve the same result of counting the number of valid flips in the string.""
}",140
2016_0_2,68074,2016_0_2,125812,CLONE,2026-07-16 12:56:37,"{
    ""answer"": ""YES-SIMILAR"",
    ""explanation"": ""Both code snippets solve the same problem of counting 'maneuvers' in a string of 'P' and 'M' characters. In the first snippet, 'P' represents '+' and 'M' represents '-', and the code counts the number of times these characters can be flipped. The second snippet uses the same logic but with different variable names and file I/O operations. The core algorithm of alternating between '+' and '-' characters is the same in both snippets.""
}",141
2016_0_2,68074,2016_0_2,88861,CLONE,2026-07-16 12:56:38,"{
    ""answer"": ""YES-SIMILAR"",
    ""explanation"": ""Both code snippets solve the same problem: counting the number of 'flips' in a sequence of characters. In the first snippet, the method 'findManeuvers' counts the number of times a character needs to be flipped from '-' to '+' or vice versa, while the second snippet does the same thing but with a different approach. Both methods take a string input and return the count of necessary flips, making them functionally similar despite their different implementations.""
}",142
2016_0_2,68074,2016_0_2,162423,CLONE,2026-07-16 12:56:39,"{
    ""answer"": ""YES-SIMILAR"",
    ""explanation"": ""Both code snippets solve the same problem: counting the number of 'maneuvers' in a string of characters. In the first snippet, a 'maneuver' is defined as a change from '-' to '+' or vice versa, and the count is done by iterating through the string from right to left. In the second snippet, a 'maneuver' is defined as a change from one character to another, and the count is done by iterating through the string from left to right. Both programs take input from standard input, process multiple test",143
2016_0_2,150691,2016_0_2,125812,CLONE,2026-07-16 12:56:40,"{
    ""answer"": ""YES-SIMILAR"",
    ""explanation"": ""Both code snippets are solutions to the same problem - processing a sequence of '+' and '-' characters to determine the minimum number of swaps needed to make all characters '+' at the end. While they have different implementations and input/output handling, they both solve the same core problem of finding the optimal solution for the given sequence.""
}",144
2016_0_2,150691,2016_0_2,88861,CLONE,2026-07-16 12:56:40,"{
    ""answer"": ""YES-SIMILAR"",
    ""explanation"": ""Both code snippets solve the same problem: counting the minimum number of operations needed to make a sequence of '+' and '-' characters alternating between '+' and '-'. The first code snippet uses a more complex approach with arrays and swapping, while the second code snippet uses a simpler approach with a counter. Both achieve the same result, just with different implementations.""
}",145
2016_0_2,150691,2016_0_2,162423,CLONE,2026-07-16 12:56:41,"{
    ""answer"": ""YES-SIMILAR"",
    ""explanation"": ""Both code snippets solve the same problem: counting the number of consecutive different characters in a string. They both read input, process the string, and output the count. The main difference is in their implementation details, but the core functionality is the same.""
}",146
2016_0_2,125812,2016_0_2,88861,CLONE,2026-07-16 12:56:42,"{
    ""answer"": ""YES-SIMILAR"",
    ""explanation"": ""Both code snippets solve the same problem: counting the number of flips needed to convert a string of '+' and '-' characters to a string of alternating '+' and '-'. The first snippet uses a more complex approach with a Scanner reading from a file, while the second snippet reads from standard input. Both handle the same logic: counting flips when characters alternate, and adjusting the final count based on the last character. The main difference is in the input source and some minor variations in the implementation details.""
}",147
2016_0_2,125812,2016_0_2,162423,CLONE,2026-07-16 12:56:42,"{
    ""answer"": ""YES-SIMILAR"",
    ""explanation"": ""Both code snippets solve the same problem: counting the number of 'swaps' needed to turn a string of '+' and '-' characters into a balanced string. The first snippet uses a more complex approach with a Scanner and PrintWriter, while the second uses a simpler approach with a BufferedReader. Both achieve the same result of counting the number of swaps needed to balance the string, with the second snippet being a more optimized implementation of the same algorithm.""
}",148
2016_0_2,88861,2016_0_2,162423,CLONE,2026-07-16 12:56:43,"{
    ""answer"": ""YES-SIMILAR"",
    ""explanation"": ""Both code snippets solve the same problem: counting the number of times the character changes in a given string. They both read input, process the string character by character, and output the count of character changes. The main difference is in the implementation details and structure, but the core functionality is the same.""
}",149
2016_0_4,100472,2016_0_4,129913,CLONE,2026-07-16 12:56:44,"{
    ""answer"": ""YES-SIMILAR"",
    ""explanation"": ""Both code snippets solve a fractiles problem where they take input parameters (k, c, s) and output a solution. They both handle the same mathematical calculations and follow similar logic to determine if a solution is possible and to generate the required output. While the implementation details differ, the core functionality and purpose of the code is the same.""
}",150
2016_0_4,100472,2016_0_4,58218,CLONE,2026-07-16 12:56:44,"{
    ""answer"": ""YES-SIMILAR"",
    ""explanation"": ""Both code snippets solve the same problem (Fractiles) and have similar input/output formats. They both read input from a file, process it, and generate output. The main logic in both snippets is to calculate fractiles based on given parameters (K, C, S). While the implementation details differ, the core functionality is the same.""
}",151
2016_0_4,100472,2016_0_4,63729,CLONE,2026-07-16 12:56:45,"{
    ""answer"": ""YES-SIMILAR"",
    ""explanation"": ""Both code snippets are solutions for the same problem, with similar input parsing and problem-solving logic. They both handle input cases with parameters K, C, and S, and produce similar output formats. The main differences are in the implementation details and the specific algorithm used, but the core functionality and purpose are the same.""
}",152
2016_0_4,100472,2016_0_4,138317,CLONE,2026-07-16 12:56:45,"{
    ""answer"": ""YES-SIMILAR"",
    ""explanation"": ""Both code snippets are solutions to the same problem (Fractiles) and follow similar logic. They both read input from a file, process test cases, and generate output. The main difference is in the implementation details and the specific algorithm used, but the overall functionality and purpose are the same.""
}",153
2016_0_4,129913,2016_0_4,58218,CLONE,2026-07-16 12:56:46,"{
    ""answer"": ""YES-SIMILAR"",
    ""explanation"": ""Both code snippets implement the same algorithm for solving a problem related to fractiles. They both read input, process it, and generate output. The main differences are in the input/output handling methods (one uses System.in and Scanner, the other uses files and BufferedReader), but the core logic of calculating fractiles is the same. Both code snippets have similar control structures and mathematical calculations, just implemented with different Java libraries and file handling approaches.""
}",154
2016_0_4,129913,2016_0_4,63729,CLONE,2026-07-16 12:56:47,"{
    ""answer"": ""YES-SIMILAR"",
    ""explanation"": ""Both code snippets are solutions to the same problem, which is a Fractiles problem. They both read input, process it, and generate output in a similar way. The main differences are in the implementation details and the specific algorithms used, but the core functionality is the same. Both handle multiple test cases, process input numbers, and generate output strings. The key similarity is in the structure and purpose of the code, even though the specific implementation details differ.""
}",155
2016_0_4,129913,2016_0_4,138317,CLONE,2026-07-16 12:56:48,"{
    ""answer"": ""YES-SIMILAR"",
    ""explanation"": ""Both code snippets are implementations of the same algorithm for solving fractile problems. They both read input, process test cases, and generate output in a similar format. The main differences are in the implementation details and the input/output handling, but the core logic and purpose of the code is the same.""
}",156
2016_0_4,58218,2016_0_4,63729,CLONE,2026-07-16 12:56:49,"{
    ""answer"": ""YES-SIMILAR"",
    ""explanation"": ""Both code snippets are solutions to the same CodeJam problem. They both read input, process it, and write output. The main differences are in the implementation details and the specific algorithms used, but the core functionality is the same. Both handle cases, process parameters (K, C, S), and generate output with the same format (e.g., 'IMPOSSIBLE' or specific sequences). The key logic in both snippets revolves around generating sequences with 'L' and 'G' characters, and determining if a solution is possible based on certain",157
2016_0_4,58218,2016_0_4,138317,CLONE,2026-07-16 12:56:49,"{
    ""answer"": ""YES-SIMILAR"",
    ""explanation"": ""Both code snippets read input from a file, process data based on parameters K, C, and S, and generate output in a similar format. They both handle multiple test cases, and the core logic of determining if a solution is possible and generating the solution is similar. The main differences are in the syntax and structure, but the functional purpose is the same.""
}",158
2016_0_4,63729,2016_0_4,138317,CLONE,2026-07-16 12:56:50,"{
    ""answer"": ""YES-SIMILAR"",
    ""explanation"": ""Both code snippets are solving the same problem - a fractile problem where they need to generate and process strings based on input parameters. They both read input from a file, process test cases, and generate output based on specific rules. While the implementation details differ, the core functionality is the same.""
}",159
2016_1_1,1153,2016_1_1,14479,CLONE,2026-07-16 12:56:51,"{
    ""answer"": ""YES-SIMILAR"",
    ""explanation"": ""Both code snippets solve the same problem: reading input strings and processing them to find the last word. They both handle multiple test cases, and the core logic of finding the last word is similar. The main difference is in their implementation details and how they handle the input/output streams, but the functional purpose is the same.""
}",160
2016_1_1,1153,2016_1_1,8299,CLONE,2026-07-16 12:56:51,"{
    ""answer"": ""YES-SIMILAR"",
    ""explanation"": ""Both code snippets read input strings, process them to maintain the order of characters while preserving the relative order of equal characters, and output the result. The main difference is in the implementation details and the input/output handling, but the core functionality is the same. In Code Snippet 1, it uses a Reader class with a BufferedReader and StringTokenizer, while Code Snippet 2 uses a Scanner with a BufferedReader. Both achieve the same task of processing strings to maintain character order.""
}",161
2016_1_1,1153,2016_1_1,29796,CLONE,2026-07-16 12:56:52,"{
    ""answer"": ""YES-SIMILAR"",
    ""explanation"": ""Both code snippets solve the same problem: reading input strings and processing them to find the last word. The first snippet uses a Reader class with BufferedReader and StringTokenizer to read input, while the second uses Scanner. Both implementations process the input string to find the last word by comparing different concatenation orders of the characters. The main logic in both snippets is similar, although they use different approaches to read input and process the strings.""
}",162
2016_1_1,1153,2016_1_1,2003,CLONE,2026-07-16 12:56:53,"{
    ""answer"": ""YES-SIMILAR"",
    ""explanation"": ""Both code snippets are solutions to the same problem - reading input, processing strings, and outputting results. They both handle multiple test cases, process strings character by character, and maintain a sorted or ordered string. The main difference is in the implementation approach - one uses a Reader class with BufferedReader and StringTokenizer, while the other uses FileReader and BufferedReader with file I/O. However, the core functionality of reading input, processing strings, and outputting results is the same in both snippets.""
}",163
2016_1_1,14479,2016_1_1,8299,CLONE,2026-07-16 12:56:54,"{
    ""answer"": ""YES-SIMILAR"",
    ""explanation"": ""Both code snippets are solutions to the same problem: they process input strings and produce output strings based on the maximum character value encountered. The main difference is in their implementation details and structure, but the core logic is the same. Both solutions take a string input, find the maximum character value, and then build the output string by appending characters in a specific order based on their values. The TaskA class in the first snippet and the fkt1 method in the second snippet both implement this same logic, just with different variable names and slightly different implementation approaches",164
2016_1_1,14479,2016_1_1,29796,CLONE,2026-07-16 12:56:54,"{
    ""answer"": ""YES-SIMILAR"",
    ""explanation"": ""Both code snippets are solving the same problem - finding the maximum substring that can be rotated to give the lexicographically largest string. The first snippet uses a more complex approach with a TaskA class and FastScanner, while the second snippet uses a simpler approach with a solve method. Both achieve the same result, just with different implementations.""
}",165
2016_1_1,14479,2016_1_1,2003,CLONE,2026-07-16 12:56:55,"{
    ""answer"": ""YES-SIMILAR"",
    ""explanation"": ""Both code snippets are solutions for the same competitive programming problem, where they read input files, process strings, and write output to files. They both handle test cases, process strings to find the maximum character, and write the results to output files. While they use different approaches and have different class structures, they achieve the same functional result.""
}",166
2016_1_1,8299,2016_1_1,29796,CLONE,2026-07-16 12:56:56,"{
    ""answer"": ""YES-SIMILAR"",
    ""explanation"": ""Both code snippets are string processing programs that take a string input and produce a transformed string output. The main difference is in the input handling: Snippet 1 reads input line by line, while Snippet 2 reads input using Scanner. However, the core string processing logic in both snippets is similar. In both cases, the program processes the input string character by character, making decisions about how to append characters to the result string based on certain conditions. The specific conditions for appending characters differ slightly between the two snippets, but the overall approach of processing",167
2016_1_1,8299,2016_1_1,2003,CLONE,2026-07-16 12:56:56,"{
    ""answer"": ""YES-SIMILAR"",
    ""explanation"": ""Both code snippets are solutions to the same problem, which is to read input strings and process them to produce output strings. The main difference is in the input handling: Snippet 1 reads from standard input using Scanner, while Snippet 2 reads from a file using FileReader and BufferedReader. However, both programs perform the same string processing operation: they take a string, process it character by character, and build a new string based on the comparison of characters. The processing logic in both snippets is identical, just with different input sources.""
}",168
2016_1_1,29796,2016_1_1,2003,CLONE,2026-07-16 12:56:57,"{
    ""answer"": ""YES-SIMILAR"",
    ""explanation"": ""Both code snippets are implementing the same algorithm for a competitive programming problem. The algorithm involves reading input strings, processing them in a specific way, and outputting the results. The main difference is in the input/output method: the first snippet uses console input/output, while the second snippet reads from and writes to files. However, the core logic of processing the input strings is identical in both snippets.""
}",169
2016_1_2,8152,2016_1_2,31984,CLONE,2026-07-16 12:56:58,"{
    ""answer"": ""YES-SIMILAR"",
    ""explanation"": ""Both code snippets are solutions to competitive programming problems, specifically for the Google Code Jam. They both read input from a file, process multiple test cases, and output results. The first snippet uses System.in and System.out to read/write input, while the second uses BufferedReader and FileReader. Both handle multiple test cases and process arrays of integers. The main difference is in the implementation approach, but the functional purpose is the same.""
}",170
2016_1_2,8152,2016_1_2,20611,CLONE,2026-07-16 12:56:59,"{
    ""answer"": ""YES-SIMILAR"",
    ""explanation"": ""Both code snippets read input from a file, process a series of numbers, and output results. They both handle multiple test cases, sort numbers, and remove duplicates. The main difference is in the implementation details, but the core functionality is the same. Code Snippet 1 uses ArrayList and Collections.sort, while Code Snippet 2 uses TreeMap and TreeSet, but both achieve the same goal of processing and sorting numbers.""
}",171
2016_1_2,8152,2016_1_2,19093,CLONE,2026-07-16 12:57:00,"{
    ""answer"": ""YES-SIMILAR"",
    ""explanation"": ""Both code snippets are solving the same problem - processing input and generating output for a series of test cases. They both read input, process it, and generate output in a similar format. The main difference is in the implementation details, but the core functionality is the same.""
}",172
2016_1_2,8152,2016_1_2,30007,CLONE,2026-07-16 12:57:01,"{
    ""answer"": ""YES-SIMILAR"",
    ""explanation"": ""Both code snippets read input from a file, process it, and output results. They both handle multiple test cases, sort arrays, and maintain a count. The main difference is in implementation details and class structure, but the core functionality is the same: reading input, processing data, and generating output. Both use similar data structures like ArrayList and HashMap, and both handle file I/O for input and output.""
}",173
2016_1_2,31984,2016_1_2,20611,CLONE,2026-07-16 12:57:01,"{
    ""answer"": ""YES-SIMILAR"",
    ""explanation"": ""Both code snippets read input from a file and process it to solve a problem. InputUtils reads input from a file and stores it in a 2D array, while RankFile reads input and processes it to find missing numbers in a sequence. Both use similar file reading mechanisms and handle input parsing, though they implement different specific logic for their respective problems.""
}",174
2016_1_2,31984,2016_1_2,19093,CLONE,2026-07-16 12:57:03,"{
    ""answer"": ""NO-NOT-SIMILAR"",
    ""explanation"": ""The two code snippets are not functionally similar. Code Snippet 1 is a utility class that reads input from a file and stores it in a 2D array. Code Snippet 2 is a competitive programming solution that uses graph algorithms to solve a specific problem. They have different purposes, different structures, and different functionalities.""
}",175
2016_1_2,31984,2016_1_2,30007,CLONE,2026-07-16 12:57:04,"{
    ""answer"": ""YES-SIMILAR"",
    ""explanation"": ""Both code snippets are reading input from a file and processing it to solve a problem. InputUtils reads input from 'C://GoogleCodeJam/input.in' and processes it into a 2D array, while Main uses ContestScanner to read input from 'in.txt' and processes it into a solution. Both use similar patterns of reading input, storing it, and processing it to generate output. The main difference is in the implementation details and the specific problem being solved, but the functional similarity in terms of input processing and output generation is clear.""
}",176
2016_1_2,20611,2016_1_2,19093,CLONE,2026-07-16 12:57:05,"{
    ""answer"": ""YES-SIMILAR"",
    ""explanation"": ""Both code snippets are solving a similar problem where they need to find numbers with odd frequencies in a given range. In the first snippet, they use a TreeMap to store frequencies and then find numbers with odd counts. In the second snippet, they use an array to store frequencies and then find numbers with odd counts. Both approaches achieve the same result, just with different data structures and implementations.""
}",177
2016_1_2,20611,2016_1_2,30007,CLONE,2026-07-16 12:57:06,"{
    ""answer"": ""YES-SIMILAR"",
    ""explanation"": ""Both code snippets solve the same problem of finding numbers with odd frequencies in a sequence. They both iterate through a sequence of numbers, count their frequencies, and collect numbers that appear an odd number of times. The main difference is in the implementation details and the specific data structures used, but the core functionality is the same. In Code Snippet 1, it uses a TreeMap and TreeSet to maintain sorted keys, while in Code Snippet 2, it uses a MultiSet data structure to track frequencies. Both solutions then sort the collected numbers and output",178
2016_1_2,19093,2016_1_2,30007,CLONE,2026-07-16 12:57:08,"{
    ""answer"": ""YES-SIMILAR"",
    ""explanation"": ""Both code snippets solve the same problem: reading input, processing it, and outputting results in a specific format. The first snippet uses a custom FasterScanner class, while the second uses a ContestScanner class. Both implement similar functionality where they read integers, count them, and output the results in a specific format. The main difference is in the implementation details and the classes used, but the core functionality is the same.""
}",179
2016_2_1,197689,2016_2_1,192495,CLONE,2026-07-16 12:57:08,"{
    ""answer"": ""YES-SIMILAR"",
    ""explanation"": ""Both code snippets are solutions to the same problem. They read input strings, count the occurrences of specific characters, and then process these counts to generate output strings. The main differences are in the implementation details and the specific characters being counted, but the overall algorithm and purpose are the same.""
}",180
2016_2_1,197689,2016_2_1,187476,CLONE,2026-07-16 12:57:09,"{
    ""answer"": ""YES-SIMILAR"",
    ""explanation"": ""Both code snippets are solutions to the same problem: reading input strings and converting them into numbers based on specific rules. They both process input strings, count characters, and output the results in a similar format. The main differences are in the implementation details and variable names, but the core functionality is the same.""
}",181
2016_2_1,197689,2016_2_1,193269,CLONE,2026-07-16 12:57:10,"{
    ""answer"": ""YES-SIMILAR"",
    ""explanation"": ""Both code snippets are solutions to the same problem - reading input strings and converting them into digit strings. They both process input strings, count characters, and output digit strings. While they use different approaches (one uses a more direct character counting approach, the other uses a HashMap and more complex logic), they both achieve the same end result of converting input strings into digit strings. The main difference is in the implementation details, but the functional purpose is the same.""
}",182
2016_2_1,197689,2016_2_1,184367,CLONE,2026-07-16 12:57:10,"{
    ""answer"": ""YES-SIMILAR"",
    ""explanation"": ""Both code snippets are solutions to the same problem: reading input strings and converting them into phone numbers. They both process input strings, count occurrences of specific characters, and generate phone numbers based on those counts. The main difference is in the implementation approach, but the core functionality is the same.""
}",183
2016_2_1,192495,2016_2_1,187476,CLONE,2026-07-16 12:57:11,"{
    ""answer"": ""YES-SIMILAR"",
    ""explanation"": ""Both code snippets are solutions to the same problem, which appears to be a competitive programming problem. They both read input, process strings, and output results in a similar pattern. The first snippet uses an array-based approach, while the second uses a Map-based approach, but they both achieve the same goal of processing input strings and producing output based on specific rules. The core logic of both programs is to process strings and output results based on certain conditions, making them functionally similar despite their different implementations.""
}",184
2016_2_1,192495,2016_2_1,193269,CLONE,2026-07-16 12:57:12,"{
    ""answer"": ""YES-SIMILAR"",
    ""explanation"": ""Both code snippets are solutions to the same problem, where they read input strings and process them to generate output. They both handle multiple test cases (indicated by 't' in the input), process each string to extract certain characters, and then output the results in a specific format. While they use different approaches (one uses an array to track character frequencies and the other uses a HashMap), they both achieve the same end goal of processing input strings and generating output based on the presence of specific characters.""
}",185
2016_2_1,192495,2016_2_1,184367,CLONE,2026-07-16 12:57:13,"{
    ""answer"": ""YES-SIMILAR"",
    ""explanation"": ""Both code snippets are solutions to the same problem, where they process input strings and produce phone number-like outputs. They both handle multiple test cases, process each character in the input string, and use a similar structure with arrays to track character occurrences. The main differences are in the implementation details and the specific output format, but the core functionality is the same.""
}",186
2016_2_1,187476,2016_2_1,193269,CLONE,2026-07-16 12:57:14,"{
    ""answer"": ""YES-SIMILAR"",
    ""explanation"": ""Both code snippets are solutions to the same problem - they read input, process it, and generate output in a specific format. Both use similar data structures (Maps and Sets) to track character frequencies, and both involve removing characters from a map based on certain conditions. The main difference is in the specific implementation details and the exact problem domain, but the core functionality is the same: they take a string input, process it through a series of steps involving character frequency tracking and removal, and produce a sorted sequence of numbers as output.""
}",187
2016_2_1,187476,2016_2_1,184367,CLONE,2026-07-16 12:57:14,"{
    ""answer"": ""YES-SIMILAR"",
    ""explanation"": ""Both code snippets are solutions to the same problem: processing input strings to generate phone numbers. They both read input, process strings to count character occurrences, and generate output based on those counts. While they use different approaches and data structures, they achieve the same functional result.""
}",188
2016_2_1,193269,2016_2_1,184367,CLONE,2026-07-16 12:57:15,"{
    ""answer"": ""YES-SIMILAR"",
    ""explanation"": ""Both code snippets are solutions to the same problem - converting a string of letters into a phone number. They use different approaches but achieve the same result. The first snippet uses a HashMap to count character occurrences and then removes characters based on specific rules to determine the phone number. The second snippet uses a similar approach with different data structures but follows the same logic to convert the input string into a phone number. Both solutions handle the same input cases and produce the same output format.""
}",189
2016_3_1,205670,2016_3_1,211583,CLONE,2026-07-16 12:57:16,"{
    ""answer"": ""YES-SIMILAR"",
    ""explanation"": ""Both code snippets are solving the same problem: finding the maximum value in an array and processing it to generate a sequence of characters. They use different approaches - the first uses a custom implementation with a StringBuilder and the second uses a PriorityQueue data structure, but both achieve the same goal of finding the maximum value and generating output based on that value. The core logic of finding the maximum and processing it is present in both snippets, just implemented differently.""
}",190
2016_3_1,205670,2016_3_1,210871,CLONE,2026-07-16 12:57:17,"{
    ""answer"": ""YES-SIMILAR"",
    ""explanation"": ""Both code snippets are solutions to the CodeJam 2016 Round 1 problem 'T First'. They both read input, process it, and output the solution in a similar way. The first code snippet uses a different approach with arrays and streams, while the second uses a HashMap to store values. Both achieve the same goal of finding the maximum value and its position in the input, and then outputting the solution in the required format. The main difference is in the implementation details, but the functional purpose is the same.""
}",191
2016_3_1,205670,2016_3_1,218815,CLONE,2026-07-16 12:57:18,"{
    ""answer"": ""YES-SIMILAR"",
    ""explanation"": ""Both code snippets solve the same problem: finding the maximum value in an array and processing it to generate a string output. They both read input, process arrays, and generate output based on the maximum value found. The first snippet uses a more complex approach with StringBuilder and character manipulation, while the second uses a simpler approach with String arrays and character concatenation. Despite the different implementations, they achieve the same functional result.""
}",192
2016_3_1,205670,2016_3_1,207727,CLONE,2026-07-16 12:57:19,"{
    ""answer"": ""YES-SIMILAR"",
    ""explanation"": ""Both code snippets are solutions to competitive programming problems, and they share similar functional characteristics. Both handle input/output operations, process multiple test cases, and perform calculations to generate output. While they use different approaches and data structures, they both aim to solve the same type of problem - processing input data and generating formatted output. The first snippet uses a more traditional approach with arrays and streams, while the second uses a more modern approach with maps and linked hash maps. However, the core functionality of processing input and generating output is similar between the two snippets.""
}",193
2016_3_1,211583,2016_3_1,210871,CLONE,2026-07-16 12:57:20,"{
    ""answer"": ""YES-SIMILAR"",
    ""explanation"": ""Both code snippets are solutions to the same problem, which is a competitive programming problem. They both read input, process it using a priority queue, and output the result. The main differences are in the implementation details and the specific logic used, but the core functionality is the same. Both programs handle cases, process pairs of numbers, and use a priority queue to manage the data. The output format is also similar, with both programs printing the result in a specific format.""
}",194
2016_3_1,211583,2016_3_1,218815,CLONE,2026-07-16 12:57:20,"{
    ""answer"": ""YES-SIMILAR"",
    ""explanation"": ""Both code snippets solve the same problem: they process input numbers and output a string of letters based on those numbers. The first snippet uses a priority queue and complex logic to determine the output, while the second snippet uses a simpler approach with arrays and string manipulation. Despite their different implementations, they achieve the same result - given a sequence of numbers, they output a string of letters where the position of each letter corresponds to the input numbers.""
}",195
2016_3_1,211583,2016_3_1,207727,CLONE,2026-07-16 12:57:21,"{
    ""answer"": ""YES-SIMILAR"",
    ""explanation"": ""Both code snippets are solutions to the same problem, which is a competitive programming problem where you need to process multiple test cases and find the maximum number of pairs that can be formed. Both solutions use a priority queue to process the pairs, and they both follow a similar logic where they try to maximize the number of pairs by selecting the highest weight pairs first. The main difference is in the implementation details, but the core algorithm and functionality are the same.""
}",196
2016_3_1,210871,2016_3_1,218815,CLONE,2026-07-16 12:57:22,"{
    ""answer"": ""YES-SIMILAR"",
    ""explanation"": ""Both code snippets are solutions to the same problem in the CodeJam 2016 Round 1C competition. They both read input, process it, and output results in the same format. The main difference is in the approach to solving the problem: the first snippet uses a HashMap to track character values and find the maximum value, while the second snippet uses an array-based approach to build and process strings. Both solutions achieve the same goal of finding and outputting the maximum value in the input, but they use different data structures and algorithms to do so",197
2016_3_1,210871,2016_3_1,207727,CLONE,2026-07-16 12:57:23,"{
    ""answer"": ""YES-SIMILAR"",
    ""explanation"": ""Both code snippets are solutions to the same problem, which involves reading input, processing it, and writing output. They both use HashMaps to store character-value pairs, sort them based on values, and iterate through them to find the maximum value. The main difference is in the implementation details and the specific problem constraints, but the core logic and approach are the same. Both code snippets also handle input/output operations and follow a similar pattern of processing input data and generating output based on that data.""
}",198
2016_3_1,218815,2016_3_1,207727,CLONE,2026-07-16 12:57:24,"{
    ""answer"": ""YES-SIMILAR"",
    ""explanation"": ""Both code snippets are solutions to the same problem, which involves processing test cases and generating output based on input data. They both handle multiple test cases, process input data, and generate output in a similar format. The main difference is in the implementation details and the specific data structures used, but the core functionality is the same.""
}",199
2013_0_1,84294,2016_3_1,218815,NON-CLONE,2026-07-16 12:57:25,"{
    ""answer"": ""YES-SIMILAR"",
    ""explanation"": ""Both code snippets are solutions to competitive programming problems, but they solve different problems. The first code snippet is a Tic-Tac-Toe game solver that determines the winner or draw state of a Tic-Tac-Toe game, while the second code snippet is a solution to a problem where it processes a series of input strings and generates output based on certain rules. Despite solving different problems, both code snippets follow similar patterns in terms of input handling, processing, and output generation, which makes them functionally similar in terms of their overall structure and approach.""
",200
2013_0_1,84294,2015_1_1,124925,NON-CLONE,2026-07-16 12:57:25,"{
    ""answer"": ""NO-NOT-SIMILAR"",
    ""explanation"": ""The two code snippets are not functionally similar. Code Snippet 1 is a Tic Tac Toe game solver that determines the winner or draw based on input board configurations. Code Snippet 2 is a different program that calculates results based on input plate values. They have different purposes, structures, and logic, making them functionally different.""
}",201
2013_0_1,84294,2016_0_2,88861,NON-CLONE,2026-07-16 12:57:26,"{
    ""answer"": ""NO-NOT-SIMILAR"",
    ""explanation"": ""The two code snippets are not functionally similar. Code Snippet 1 is a Tic Tac Toe game solver that determines the winner or draw based on input board configurations, while Code Snippet 2 is a program that counts the number of flips in a string of alternating characters. They have different purposes and do not perform the same task.""
}",202
2013_0_1,84294,2014_0_2,107403,NON-CLONE,2026-07-16 12:57:27,"{
    ""answer"": ""YES-SIMILAR"",
    ""explanation"": ""Both code snippets are solving a similar problem - they are both game state evaluators. The first snippet evaluates a Tic-Tac-Toe game state, checking for wins, draws, and incomplete games, while the second snippet evaluates a different game state (likely a physics-based game) but follows a similar pattern of reading input, processing game states, and determining outcomes. Both use similar control structures (loops, conditionals) and handle multiple test cases. The main difference is in the specific game logic, but the overall functional purpose is similar.""
}",203
2013_0_1,58633,2015_0_3,62582,NON-CLONE,2026-07-16 12:57:28,"{
    ""answer"": ""DONT-KNOW"",
    ""explanation"": ""While both code snippets read input and process it, they appear to serve different purposes. The first snippet seems to be a game processing script that determines the winner of a game based on input matrices, while the second snippet appears to be a string manipulation program that processes input strings according to specific rules. Although both involve input processing, their underlying logic and purpose seem distinct, making it difficult to determine if they are functionally similar.""
}",204
2013_0_1,58633,2013_1_1,35305,NON-CLONE,2026-07-16 12:57:28,"{
    ""answer"": ""YES-SIMILAR"",
    ""explanation"": ""Both code snippets read input from a file, process it, and write output to a file. They both handle multiple test cases, and both have a similar structure with a main method that reads input, processes it, and writes results. The main difference is in the processing logic, but the overall functional purpose is the same: to read input, process it, and write output.""
}",205
2013_0_1,58633,2016_0_4,100472,NON-CLONE,2026-07-16 12:57:29,"{
    ""answer"": ""YES-SIMILAR"",
    ""explanation"": ""Both code snippets are solving competitive programming problems, specifically the Fractiles problem. They both read input, process it, and generate output. The first snippet is a more detailed implementation of the Fractiles problem solver, while the second snippet is a template-based implementation. Both achieve the same goal of solving the Fractiles problem, just with different implementation approaches.""
}",206
2013_0_1,124149,2015_0_1,68106,NON-CLONE,2026-07-16 12:57:30,"{
    ""answer"": ""YES-SIMILAR"",
    ""explanation"": ""Both code snippets read input from a file, process it, and write output to another file. They both handle multiple test cases (T) and have similar control structures with loops. The main difference is in the specific logic they implement, but the overall structure and purpose of reading/writing files and handling test cases is the same.""
}",207
2013_0_1,124149,2016_1_2,8152,NON-CLONE,2026-07-16 12:57:30,"{
    ""answer"": ""YES-SIMILAR"",
    ""explanation"": ""Both code snippets read input from a file, process it, and write output to another file. They both handle multiple test cases, and both have similar structures for reading input, processing data, and writing results. While they solve different problems, their functional similarity is clear in terms of their overall structure and purpose.""
}",208
2013_0_1,88116,2016_1_1,2003,NON-CLONE,2026-07-16 12:57:31,"{
    ""answer"": ""YES-SIMILAR"",
    ""explanation"": ""Both code snippets are solutions to the same CodeJam problem. They both read input from a file, process it, and write output to another file. They both handle multiple test cases and determine the winner based on the input. The main difference is in the implementation details, but the core functionality is the same.""
}",209
2013_0_2,95524,2015_0_3,88073,NON-CLONE,2026-07-16 12:57:32,"{
    ""answer"": ""DONT-KNOW"",
    ""explanation"": ""While both code snippets read input and process it to determine if a condition is met, they appear to solve different problems. The first snippet appears to be solving a grid-based problem involving checking if a grid can be sorted in a specific way, while the second snippet involves evaluating mathematical expressions with specific rules. The core logic and purpose of the two programs are different, making it difficult to determine if they are functionally similar.""
}",210
2013_0_2,95524,2016_0_4,63729,NON-CLONE,2026-07-16 12:57:33,"{
    ""answer"": ""YES-SIMILAR"",
    ""explanation"": ""Both code snippets are solutions to competitive programming problems, specifically CodeJam problems. They both read input from a file, process it, and write output to another file. The main difference is in the problem they're solving, but the overall structure and approach is similar: reading input, processing it, and writing results. Both use similar Java I/O mechanisms and Scanner classes to parse input. The first snippet is for a grid-based problem where you check if a grid can be sorted in a specific way, while the second is for a fractile problem where",211
2013_0_2,95524,2014_0_3,71973,NON-CLONE,2026-07-16 12:57:33,"{
    ""answer"": ""YES-SIMILAR"",
    ""explanation"": ""Both code snippets are solutions to competitive programming problems, specifically for CodeJam. They both read input from a file, process data, and write output to another file. While they solve different specific problems (Problem B and CodeJamC), they follow the same general pattern of reading input, processing data, and writing output, which indicates they are functionally similar in their overall structure and purpose.""
}",212
2013_0_2,95524,2016_3_1,205670,NON-CLONE,2026-07-16 12:57:34,"{
    ""answer"": ""NO-NOT-SIMILAR"",
    ""explanation"": ""While both code snippets are Java programs that read input and process data, they serve different purposes. The first code snippet (ProblemB) appears to be a solution for a grid-based problem where it checks if a grid can be sorted in a specific way, returning 'YES' or 'NO' for each case. The second code snippet (Main) seems to be a solution for a different problem involving a list of integers and generating a string based on certain conditions. The algorithms and data structures used in both programs are quite different, and they",213
2013_0_2,44471,2013_0_3,118052,NON-CLONE,2026-07-16 12:57:35,"{
    ""answer"": ""YES-SIMILAR"",
    ""explanation"": ""Both code snippets are solutions to competitive programming problems. They both read input from a file, process it, and write output to another file. The first snippet checks for a pattern in a 2D array and determines if it's possible to achieve a certain pattern, while the second snippet checks for palindromic numbers and counts how many numbers in a set fall within a given range. Both use similar input/output handling and processing techniques, making them functionally similar despite their different specific tasks.""
}",214
2013_0_2,44471,2013_0_3,55548,NON-CLONE,2026-07-16 12:57:36,"{
    ""answer"": ""YES-SIMILAR"",
    ""explanation"": ""Both code snippets are reading input from a file, processing it, and writing output to another file. They both handle multiple test cases, and both have a main method that orchestrates the input/output process. The first snippet processes a 2D array to find the lowest value and determine if a pattern is possible, while the second snippet processes a list of numbers to find solutions within a range, but they share the same basic structure and functionality in terms of input/output handling and test case processing.""
}",215
2013_0_2,44471,2016_1_2,30007,NON-CLONE,2026-07-16 12:57:37,"{
    ""answer"": ""YES-SIMILAR"",
    ""explanation"": ""Both code snippets read input from a file, process it, and write output to another file. They both handle multiple test cases, and both have similar data structures (arrays and lists) for storing data. The main difference is in the specific logic they implement, but the overall structure and purpose of reading input, processing, and writing output is the same.""
}",216
2013_0_2,55421,2014_2_1,125050,NON-CLONE,2026-07-16 12:57:38,"{
    ""answer"": ""YES-SIMILAR"",
    ""explanation"": ""Both code snippets are solving lawn mowing problems with similar approaches. They both read input, process data, and determine if a lawn can be mowed. The first snippet uses a more traditional approach with BufferedReader and BufferedWriter, while the second uses a more modern approach with InputReader. Both implement similar logic for checking if a lawn can be mowed, with the first using a 'bigger' check and the second using a 'moves' calculation. The core problem-solving approach is similar, even though the implementation details differ.""
}",217
2013_0_2,55421,2015_0_1,68106,NON-CLONE,2026-07-16 12:57:39,"{
    ""answer"": ""YES-SIMILAR"",
    ""explanation"": ""Both code snippets are similar in that they read input from files, process the data, and write output to files. They both handle multiple test cases, and both have a main method that orchestrates the reading and writing of data. The key difference is in the specific problem they solve: the first code snippet (Lawnmower) deals with a lawn mowing problem where it checks if a garden pattern is valid, while the second code snippet (A) deals with a standing problem where it calculates the number of new people standing. Despite solving different",218
2013_0_2,90919,2013_1_1,35305,NON-CLONE,2026-07-16 12:57:39,"{
    ""answer"": ""YES-SIMILAR"",
    ""explanation"": ""Both code snippets read input from a file, process it, and write output to another file. They both handle multiple test cases and have similar structures with main methods that orchestrate the solution. The key difference is in the algorithms they use, but the overall functional purpose (reading input, processing, and writing output) is the same.""
}",219
2013_0_3,55548,2014_2_1,125050,NON-CLONE,2026-07-16 12:57:40,"{
    ""answer"": ""YES-SIMILAR"",
    ""explanation"": ""Both code snippets are solutions to the same problem - finding the number of valid square numbers within a given range. The first snippet, FairSquare, uses a more mathematical approach with BigInteger calculations, while the second snippet, R1B_A, uses a different algorithm based on character counting and string manipulation. Both solutions produce the same result, though they take different approaches to arrive at the answer.""
}",220
2013_0_3,55548,2013_1_1,30610,NON-CLONE,2026-07-16 12:57:41,"{
    ""answer"": ""DONT-KNOW"",
    ""explanation"": ""While both code snippets are Java classes, they serve different purposes. The first snippet (FairSquare) appears to be a solution generator for some mathematical problem, while the second snippet (Util) is a utility class for input/output operations and mathematical calculations. They don't seem to be functionally similar, but without more context about their specific use cases, it's difficult to make a definitive determination.""
}",221
2013_0_3,55548,2015_0_3,62582,NON-CLONE,2026-07-16 12:57:42,"{
    ""answer"": ""YES-SIMILAR"",
    ""explanation"": ""Both code snippets are solving a similar problem related to generating and processing solutions. The first snippet (FairSquare) generates solutions using a mathematical approach involving binary numbers and their squares, while the second snippet (Dijkstra) processes strings to determine if they meet certain conditions. Both use recursive approaches and involve mathematical operations to generate and process solutions. The main difference is in their implementation details and the specific problem domain, but their core functionality of generating and processing solutions is similar.""
}",222
2013_0_3,55548,2015_0_1,79967,NON-CLONE,2026-07-16 12:57:43,"{
    ""answer"": ""YES-SIMILAR"",
    ""explanation"": ""Both code snippets are solutions to the same Google Code Jam problem. They both read input, process it, and output results. The first snippet (FairSquare) uses a more complex mathematical approach involving square numbers and binary operations, while the second snippet (ProblemA) uses a simpler approach with string manipulation and basic arithmetic. Despite their different approaches, they both solve the same underlying problem of finding the number of solutions within a given range, and they both handle input/output in a similar way.""
}",223
2013_0_3,94901,2015_1_1,124925,NON-CLONE,2026-07-16 12:57:43,"{
    ""answer"": ""YES-SIMILAR"",
    ""explanation"": ""Both code snippets are solutions to the same problem, which is to read input cases, process them, and output results. They both handle multiple test cases, process numbers, and output results in a similar format. The main difference is in the approach to the problem: the first snippet uses BigInteger and string manipulation to check properties of numbers, while the second snippet deals with plates and differences between numbers. However, both achieve the same goal of processing input and producing output based on given constraints.""
}",224
2013_0_3,94901,2016_1_2,31984,NON-CLONE,2026-07-16 12:57:44,"{
    ""answer"": ""YES-SIMILAR"",
    ""explanation"": ""Both code snippets read input from a file, parse numbers, and handle test cases. They both read input lines, process them, and write output. The main difference is in implementation details and structure, but the core functionality is the same: reading input, processing numbers, and handling test cases. The first snippet is a complete program with a main method, while the second is a utility class, but they serve the same purpose of processing input data.""
}",225
2013_0_3,94901,2015_0_3,88073,NON-CLONE,2026-07-16 12:57:45,"{
    ""answer"": ""YES-SIMILAR"",
    ""explanation"": ""Both code snippets read input from files, process data, and generate output. They both have a main method that takes input parameters, and they both have a similar structure where they read input, perform calculations, and write results. While they solve different problems (one with BigInteger operations and the other with string manipulation), their overall structure and approach to processing input and generating output is similar.""
}",226
2013_0_3,78294,2014_0_3,108079,NON-CLONE,2026-07-16 12:57:46,"{
    ""answer"": ""NO-NOT-SIMILAR"",
    ""explanation"": ""The two code snippets solve different problems. The first code snippet (fairsquare) reads input and counts how many perfect squares are in a given range, while the second code snippet (minesweeper) solves a different problem involving placing mines in a grid. They have different algorithms, data structures, and purposes.""
}",227
2013_0_3,78294,2015_0_3,21597,NON-CLONE,2026-07-16 12:57:47,"{
    ""answer"": ""YES-SIMILAR"",
    ""explanation"": ""Both code snippets are solving a problem related to finding palindromic numbers within a range. They both read input, process it, and write output. The main difference is in the approach: the first snippet uses a precomputed array of squares while the second uses a lookup table. Both achieve the same goal of finding palindromic numbers within a given range, just using different methods to do so.""
}",228
2013_0_3,118052,2015_0_3,74464,NON-CLONE,2026-07-16 12:57:48,"{
    ""answer"": ""NO-NOT-SIMILAR"",
    ""explanation"": ""While both code snippets are Java programs that read input and produce output, they solve different problems. The first snippet is a competitive programming solution that finds the number of perfect squares between two numbers, while the second snippet is a different problem involving checking if a sequence of numbers can be formed using specific operations. The two programs have different structures, different logic, and different purposes.""
}",229
2013_1_1,35305,2014_2_1,115332,NON-CLONE,2026-07-16 12:57:49,"{
    ""answer"": ""YES-SIMILAR"",
    ""explanation"": ""Both code snippets are Java programs that read input from a file, process multiple test cases, and write output to another file. They both use Scanner and PrintWriter classes for input/output operations. While the specific algorithms and data structures used are different, both programs follow a similar structure: read input, process test cases, and write results. The main difference is in the problem domain they solve, but the overall functional similarity is clear.""
}",230
2013_1_1,35305,2016_2_1,197689,NON-CLONE,2026-07-16 12:57:49,"{
    ""answer"": ""YES-SIMILAR"",
    ""explanation"": ""Both code snippets are solutions to competitive programming problems. They both read input from a file, process multiple test cases, and write output to a file. The first snippet uses BigInteger for mathematical calculations, while the second snippet counts digits in strings. Both follow a similar pattern of reading input, processing, and writing output, making them functionally similar despite their different approaches and specific problems they solve.""
}",231
2013_1_1,35305,2014_3_1,138529,NON-CLONE,2026-07-16 12:57:50,"{
    ""answer"": ""YES-SIMILAR"",
    ""explanation"": ""Both code snippets are solutions to competitive programming problems. They both read input from a file, process it, and write output to a file. While they solve different specific problems, they follow the same general pattern of reading input, performing calculations, and writing results. The first snippet uses BigInteger for calculations, while the second uses long and int types, but the overall structure and purpose are the same.""
}",232
2013_1_1,35305,2016_2_1,184367,NON-CLONE,2026-07-16 12:57:51,"{
    ""answer"": ""YES-SIMILAR"",
    ""explanation"": ""Both code snippets are solutions to competitive programming problems. They both read input, process it, and write output. The first snippet uses BigInteger for mathematical calculations, while the second snippet uses HashMaps and Maps to process strings. Both have a similar structure with a main method that reads input, processes it in a loop, and writes results. The main difference is in the specific algorithms they implement, but the overall functional similarity is clear.""
}",233
2013_1_1,30788,2016_2_1,187476,NON-CLONE,2026-07-16 12:57:52,"{
    ""answer"": ""NO-NOT-SIMILAR"",
    ""explanation"": ""While both code snippets are Java programs that read input and write output, they solve different problems. Code Snippet 1 appears to be a solution for a mathematical problem involving a circle or circle-related calculations, while Code Snippet 2 is a solution for a problem involving string manipulation and character sets. The algorithms and data structures used in both snippets are different, and they don't achieve the same result.""
}",234
2013_1_1,30788,2016_1_2,20611,NON-CLONE,2026-07-16 12:57:53,"{
    ""answer"": ""NO-NOT-SIMILAR"",
    ""explanation"": ""The two code snippets are not functionally similar. Code Snippet 1 is a Java program that reads input from a file, processes test cases, and writes output to another file. It uses a Scanner to read input and a PrintWriter to write output. The program includes a main method and several static helper methods. Code Snippet 2 is a Java class that extends a Solver class and implements a solveCase method. It uses a Map to store frequencies of numbers and a SortedSet to find missing numbers. The two programs have different purposes",235
2013_1_1,30788,2013_0_2,114653,NON-CLONE,2026-07-16 12:57:53,"{
    ""answer"": ""YES-SIMILAR"",
    ""explanation"": ""Both code snippets are solutions to competitive programming problems. They both read input from a file, process test cases, and write output to a file. The main difference is in the problem domain they solve, but the overall structure and approach are similar. Both use a Scanner to read input, process multiple test cases, and write results to a file. The core logic of reading input, processing, and writing output is the same in both snippets.""
}",236
2013_1_1,30610,2016_1_1,8299,NON-CLONE,2026-07-16 12:57:54,"{
    ""answer"": ""YES-SIMILAR"",
    ""explanation"": ""Both code snippets are Java classes that handle input/output operations and string manipulation. The first snippet (Util class) provides utility methods for file I/O, mathematical operations, and string formatting. The second snippet (problem1A class) is a solution to a specific problem that involves string manipulation. While they serve different purposes, they both achieve their tasks through similar functional approaches, using input scanning, string processing, and output handling.""
}",237
2013_1_1,30610,2016_1_2,31984,NON-CLONE,2026-07-16 12:57:55,"{
    ""answer"": ""YES-SIMILAR"",
    ""explanation"": ""Both code snippets deal with reading input from files and processing that input. Util class has methods for reading files, scanning input, and processing data, while InputUtils class reads input from a specific file and stores it in a 2D array. Both classes handle file I/O operations and input parsing, making them functionally similar in their core purpose of handling input data.""
}",238
2013_1_1,30305,2014_0_3,27551,NON-CLONE,2026-07-16 12:57:56,"{
    ""answer"": ""NO-NOT-SIMILAR"",
    ""explanation"": ""While both code snippets are Java programs that read input and process it, they serve different purposes. Code Snippet 1 appears to be a solution for a mathematical problem involving square roots and case handling, while Code Snippet 2 is a Minesweeper-like game implementation. The code structures, algorithms, and overall logic are different, making them not functionally similar.""
}",239
2014_0_2,107403,2016_0_2,88861,NON-CLONE,2026-07-16 12:57:57,"{
    ""answer"": ""YES-SIMILAR"",
    ""explanation"": ""Both code snippets are solutions to the same Google Code Jam problem (partB and Main). They both read input from a file (or stdin), process it, and write output to a file (or stdout). The main difference is in the processing logic: partB calculates a time value based on rates and time, while Main counts the number of times a character changes from '+' to '-' or vice versa in a string. Despite the different algorithms, both programs follow the same structure and achieve the same overall goal of processing input and producing output for a given",240
2014_0_2,107403,2016_3_1,218815,NON-CLONE,2026-07-16 12:57:57,"{
    ""answer"": ""YES-SIMILAR"",
    ""explanation"": ""Both code snippets are solutions to Google Code Jam problems, and they share similar functional characteristics: they both read input from a file, process it, and write output to another file. They both handle multiple test cases, and they both implement a main processing loop. The key difference is in the specific algorithms they implement, but the overall structure and purpose of both programs is functionally similar.""
}",241
2014_0_2,107403,2014_3_1,137264,NON-CLONE,2026-07-16 12:57:58,"{
    ""answer"": ""YES-SIMILAR"",
    ""explanation"": ""Both code snippets are solutions to the Google Code Jam problem set. They both read input from a file, process it, and write output to another file. While they solve different specific problems (partB deals with rates and times, Main deals with powers and GCD), they follow the same general structure of reading input, processing it, and writing output. They also both handle multiple test cases and follow similar patterns in their input/output handling.""
}",242
2014_0_2,107403,2014_0_3,108079,NON-CLONE,2026-07-16 12:57:59,"{
    ""answer"": ""NO-NOT-SIMILAR"",
    ""explanation"": ""The two code snippets are not functionally similar. Code Snippet 1 is a solution for a problem involving calculating time based on given rates and constants, while Code Snippet 2 is a solution for a minesweeper problem involving placing mines in a grid based on given constraints. They solve completely different problems with different algorithms and data structures.""
}",243
2014_0_2,81302,2015_1_1,115055,NON-CLONE,2026-07-16 12:58:00,"{
    ""answer"": ""YES-SIMILAR"",
    ""explanation"": ""Both code snippets read input from a file, process multiple test cases, and write results to an output file. They both handle numerical calculations and time-based computations, though the specific algorithms differ. The main difference is in the implementation details and the exact problem being solved, but the overall structure and purpose of the code is similar.""
}",244
2014_0_2,81302,2015_0_3,62582,NON-CLONE,2026-07-16 12:58:00,"{
    ""answer"": ""NO-NOT-SIMILAR"",
    ""explanation"": ""These code snippets are not functionally similar. Code Snippet 1 is a Java program that reads input from a file, processes it, and writes output to another file. It involves calculations with time, speed, and distances. Code Snippet 2 is a different program that appears to be a string manipulation program with a focus on character replacement and string concatenation. The two programs have different purposes, different input/output mechanisms, and different algorithmic approaches.""
}",245
2014_0_2,81302,2014_3_1,138529,NON-CLONE,2026-07-16 12:58:01,"{
    ""answer"": ""YES-SIMILAR"",
    ""explanation"": ""Both code snippets are solutions to the same CodeJam 2014 problem. They both read input from a file, process multiple test cases, and write output to a file. The main logic in both snippets involves handling cases with different inputs and producing results based on those inputs. While the specific implementation details differ, the overall structure and purpose of the code is the same.""
}",246
2014_0_2,27351,2016_1_2,31984,NON-CLONE,2026-07-16 12:58:02,"{
    ""answer"": ""YES-SIMILAR"",
    ""explanation"": ""Both code snippets are solutions to competitive programming problems, specifically CodeJam problems. They both read input, process test cases, and produce output. While they have different implementations and structures, they serve the same functional purpose of solving a programming problem. Code Snippet 1 uses a Scanner to read input and solve a mathematical problem, while Code Snippet 2 reads input from a file and processes it in a different format, but both are designed to handle multiple test cases and produce results for each case.""
}",247
2014_0_2,27351,2016_2_1,193269,NON-CLONE,2026-07-16 12:58:03,"{
    ""answer"": ""YES-SIMILAR"",
    ""explanation"": ""Both code snippets are solving competitive programming problems, specifically CodeJam problems. They both read input, process it, and output results in a similar format (Case #X: result). The main difference is in the problem domain: the first one solves a mathematical problem involving time and buying farms, while the second one solves a problem involving counting digits in a word. However, the overall structure and approach of reading input, processing it, and outputting results is the same in both snippets.""
}",248
2014_0_2,41018,2016_0_4,129913,NON-CLONE,2026-07-16 12:58:04,"{
    ""answer"": ""NO-NOT-SIMILAR"",
    ""explanation"": ""These two code snippets are not functionally similar. They solve different problems. The first snippet (CookieCutter) is a competitive programming solution for a problem involving cookie cutting, where it calculates the time needed to achieve a goal with varying rates and costs. The second snippet (DFractiles) is a solution for a fractiles problem where it determines if it's possible to achieve a certain goal with given constraints and calculates the maximum possible value. They have different input formats, different logic, and different output formats.""
}",249
2014_0_3,108079,2014_2_1,126555,NON-CLONE,2026-07-16 12:58:05,"{
    ""answer"": ""YES-SIMILAR"",
    ""explanation"": ""Both code snippets are solving a similar problem - they are both implementing a solution for a minesweeper-like problem where the goal is to determine if it's possible to arrange strings in a certain way. Both use dynamic programming approaches to solve the problem, with the first snippet using a knapsack-like approach and the second using a stack-based approach. While the implementations are different, they both achieve the same functional goal of determining if a solution exists and calculating the minimum moves required.""
}",250
2014_0_3,108079,2016_2_1,187476,NON-CLONE,2026-07-16 12:58:05,"{
    ""answer"": ""YES-SIMILAR"",
    ""explanation"": ""Both code snippets are solving a similar problem where they need to process input and generate output based on certain rules. Both use maps and character-based processing, and both have similar structures for handling input and producing output. The main difference is in the specific implementation details, but the core functionality is similar.""
}",251
2014_0_3,108079,2015_0_2,32722,NON-CLONE,2026-07-16 12:58:06,"{
    ""answer"": ""YES-SIMILAR"",
    ""explanation"": ""Both code snippets solve the same problem - a pancake flipping problem where you need to find the minimum time to flip N pancakes. The first code uses a knapsack approach with backtracking, while the second code uses a different algorithmic approach but achieves the same result. Both programs read input, process it, and output the minimum time required to flip the pancakes.""
}",252
2014_0_3,108079,2013_0_2,55421,NON-CLONE,2026-07-16 12:58:07,"{
    ""answer"": ""YES-SIMILAR"",
    ""explanation"": ""Both code snippets solve the same problem: determining if it's possible to mow a lawn with given constraints. The first snippet uses a knapsack algorithm to solve the problem, while the second snippet uses a different approach but achieves the same result. Both handle input/output for multiple test cases and determine if it's possible to mow the lawn based on the given dimensions and constraints.""
}",253
2014_0_3,27551,2014_2_1,125050,NON-CLONE,2026-07-16 12:58:08,"{
    ""answer"": ""YES-SIMILAR"",
    ""explanation"": ""Both code snippets are solutions to competitive programming problems. They both read input, process it, and generate output. The first snippet (Mines) generates a mine field based on input parameters, while the second snippet (R1B_A) processes strings to find a minimum number of moves. Both use similar patterns of reading input, processing it, and writing output. They also both handle multiple test cases and have similar control flow structures.""
}",254
2014_0_3,27551,2013_0_1,124226,NON-CLONE,2026-07-16 12:58:09,"{
    ""answer"": ""YES-SIMILAR"",
    ""explanation"": ""Both code snippets are solving a similar problem where they read input data, process it, and generate output. In Mines, it's a minesweeper game where the program determines if it's possible to place mines in a specific way, while in A, it's a Tic-Tac-Toe game where the program determines the winner or if the game is a draw. Both use similar patterns of reading input, processing it, and generating output, though they solve different specific problems.""
}",255
2014_0_3,27551,2015_0_2,34257,NON-CLONE,2026-07-16 12:58:09,"{
    ""answer"": ""YES-SIMILAR"",
    ""explanation"": ""Both code snippets read input from a file, process it, and write output to another file. They both handle multiple cases, with the first snippet using a BufferedReader and PrintWriter, and the second using a Scanner and PriorityQueue. The main difference is in the specific logic they implement, but the overall structure and purpose of reading/writing data is the same.""
}",256
2014_0_3,99421,2015_0_4,96734,NON-CLONE,2026-07-16 12:58:11,"{
    ""answer"": ""YES-SIMILAR"",
    ""explanation"": ""Both code snippets are solving a similar problem where they need to determine the winner between two players (Richard and Gabriel) based on the size of a grid (rows and columns) and the number of mines. Both use similar logic to determine if it's possible to win or if it's impossible, and they both process input cases to produce output. The main difference is in the implementation details and the specific algorithms used, but the core problem they're solving is the same.""
}",257
2014_0_3,99421,2014_3_1,138529,NON-CLONE,2026-07-16 12:58:12,"{
    ""answer"": ""YES-SIMILAR"",
    ""explanation"": ""Both code snippets are solving the same problem - a minesweeper game where the goal is to determine the location of mines. They both use similar algorithms to calculate the positions of mines and determine the optimal strategy. The first code snippet is more complex with additional features like parallel processing and multiple comparison strategies, while the second code snippet is a simpler implementation of the same core algorithm. Both code snippets output the results in a similar format and handle the same input format (cases with dimensions and mine counts). The main difference is in the implementation details and additional features",258
2014_0_3,22792,2013_0_2,90919,NON-CLONE,2026-07-16 12:58:13,"{
    ""answer"": ""YES-SIMILAR"",
    ""explanation"": ""Both code snippets are solving a Minesweeper problem where they need to place mines in a grid based on input. They both read input from a file, process the input to determine where to place mines, and then write the solution to an output file. The main difference is in the implementation details and the specific algorithms used, but the core functionality is the same.""
}",259
2014_2_1,124976,2014_0_3,99421,NON-CLONE,2026-07-16 12:58:15,"{
    ""answer"": ""YES-SIMILAR"",
    ""explanation"": ""Both code snippets read input from files, process multiple test cases, and generate output. They both handle similar types of problems where input data is processed and transformed into output. The first snippet processes strings and determines a winner based on certain conditions, while the second snippet processes grid-based data and determines optimal placement of elements. Both use similar patterns of reading input, processing multiple cases, and generating output, making them functionally similar despite their different specific implementations.""
}",260
2014_2_1,124976,2016_0_4,58218,NON-CLONE,2026-07-16 12:58:15,"{
    ""answer"": ""YES-SIMILAR"",
    ""explanation"": ""Both code snippets are solutions to the same programming problem, which involves reading input, processing it, and generating output. While they have different implementations and syntax, they both follow the same general flow: reading input, processing multiple cases, and writing output. The main differences are in the specific algorithms used for processing the input, but the overall structure and purpose of the programs are the same.""
}",261
2014_2_1,124976,2016_3_1,211583,NON-CLONE,2026-07-16 12:58:16,"{
    ""answer"": ""NO-NOT-SIMILAR"",
    ""explanation"": ""While both code snippets are competitive programming solutions, they solve different problems. The first code snippet (Solve2014R1BA) appears to be a solution for a problem involving strings and character counts, while the second code snippet (test) uses a priority queue to solve a problem involving pairs and their weights. The algorithms and approaches used in both solutions are quite different, making them functionally not similar.""
}",262
2014_2_1,124976,2015_0_2,34257,NON-CLONE,2026-07-16 12:58:17,"{
    ""answer"": ""YES-SIMILAR"",
    ""explanation"": ""Both code snippets are competitive programming solutions that read input, process data, and write output. They both handle multiple test cases, read input from files, and process strings to determine outcomes. While they have different implementations and data structures, they both solve similar problems where they need to compare and process strings to determine a winner or outcome. The first solution uses a more complex algorithm involving character counting and comparison, while the second solution uses a priority queue with a different approach, but both achieve the same goal of determining a winner based on string processing.""
}",263
2014_2_1,115332,2014_0_3,99421,NON-CLONE,2026-07-16 12:58:18,"{
    ""answer"": ""YES-SIMILAR"",
    ""explanation"": ""Both code snippets are solving similar problems with different approaches. TaskA is parsing input and solving cases to find the minimum sum, while MainThreaded is solving a mine placement problem. Both use similar patterns like parsing input, processing cases, and outputting results. The main difference is in the problem domain, but the overall structure and approach of handling input, processing, and output is similar.""
}",264
2014_2_1,115332,2016_1_2,19093,NON-CLONE,2026-07-16 12:58:19,"{
    ""answer"": ""NO-NOT-SIMILAR"",
    ""explanation"": ""These two code snippets are not functionally similar. Code Snippet 1 is a Java class that processes input cases and solves a problem involving string parsing and matrix operations. Code Snippet 2 is a different Java class that implements various algorithms including graph algorithms, prime numbers, and combinatorial calculations. While both are Java classes, they serve completely different purposes and have different functionalities.""
}",265
2014_2_1,115332,2016_0_1,55901,NON-CLONE,2026-07-16 12:58:20,"{
    ""answer"": ""YES-SIMILAR"",
    ""explanation"": ""Both code snippets are solutions to the same problem, which is a programming competition problem. They both read input, process it, and output results. The first snippet uses a more complex data structure (matrix) and has multiple methods to solve the problem, while the second snippet uses a simpler approach with a boolean array. Despite the different approaches, both solutions achieve the same goal of solving the problem, which is to determine if 'Fegla Won' or to output a result. The core functionality is the same, even though the implementation details differ.""
",266
2014_2_1,119554,2015_0_4,107149,NON-CLONE,2026-07-16 12:58:21,"{
    ""answer"": ""YES-SIMILAR"",
    ""explanation"": ""Both code snippets are competitive programming solutions that read input from a file and write output to another file. They both handle multiple test cases, process input data, and generate results. The main difference is in the specific problem they solve: the first one (A-large.in) seems to be about counting and comparing arrays, while the second one (D-large.in) appears to be about determining whether a number is 'RICHARD' or 'GABRIEL' based on certain conditions. However, they share the same basic structure and functionality in terms",267
2014_2_1,119554,2016_1_2,20611,NON-CLONE,2026-07-16 12:58:22,"{
    ""answer"": ""YES-SIMILAR"",
    ""explanation"": ""Both code snippets are solutions to competitive programming problems. They read input, process data, and generate output. The first snippet (A) reads input about entities with character and integer arrays, validates them, and solves a problem involving averages and minimum differences. The second snippet (RankFile) reads input about numbers, counts their frequencies, identifies missing numbers, and generates a sorted output. While they solve different specific problems, they follow similar patterns of reading input, processing data, and generating output, making them functionally similar in their overall approach.""
}",268
2014_2_1,126555,2015_1_1,124925,NON-CLONE,2026-07-16 12:58:23,"{
    ""answer"": ""YES-SIMILAR"",
    ""explanation"": ""Both code snippets are competitive programming solutions that read input, process it, and output results. They both handle multiple test cases, read input lines, and calculate results based on the input data. The main difference is in the specific problem they're solving, but the overall structure and approach are similar, with both using loops to process input and calculate results.""
}",269
2014_3_1,141827,2013_1_1,30305,NON-CLONE,2026-07-16 12:58:24,"{
    ""answer"": ""YES-SIMILAR"",
    ""explanation"": ""Both code snippets are solutions to the same CodeJam problem (AL2). They read input from files, process the input, and write output to files. The main difference is in the implementation approach: Code Snippet 1 uses a more traditional Java approach with Scanner and PrintWriter, while Code Snippet 2 uses BigInteger for mathematical operations. However, they both solve the same mathematical problem of finding the square root of a number, and they produce the same output format.""
}",270
2014_3_1,141827,2014_2_1,126555,NON-CLONE,2026-07-16 12:58:25,"{
    ""answer"": ""DONT-KNOW"",
    ""explanation"": ""While both code snippets are Java programs that read input and write output, they appear to solve different problems. Code Snippet 1 seems to be solving a problem involving fractions and steps, while Code Snippet 2 appears to be solving a problem involving strings and their lengths. Without more context about the specific problems they're solving, it's difficult to determine if they are functionally similar.""
}",271
2014_3_1,141827,2013_1_1,30610,NON-CLONE,2026-07-16 12:58:26,"{
    ""answer"": ""YES-SIMILAR"",
    ""explanation"": ""Both code snippets are Java classes that handle input/output operations and contain similar functionality. Code Snippet 1 is a class that reads input from files and processes it, while Code Snippet 2 is a utility class that provides input/output operations. Both classes use Scanner and BufferedReader for input processing and have similar methods for handling input/output. The main difference is in their structure and purpose, but their core functionality is similar in terms of handling input/output operations and processing data.""
}",272
2014_3_1,141827,2014_2_1,115332,NON-CLONE,2026-07-16 12:58:26,"{
    ""answer"": ""YES-SIMILAR"",
    ""explanation"": ""Both code snippets are competitive programming solutions that read input and write output. They both handle multiple test cases, process input strings, and generate output based on specific problem requirements. While they have different implementations and problem domains, they share the same functional structure of reading input, processing data, and writing results.""
}",273
2014_3_1,137264,2016_0_4,129913,NON-CLONE,2026-07-16 12:58:27,"{
    ""answer"": ""YES-SIMILAR"",
    ""explanation"": ""Both code snippets are solutions to the same problem, which is finding the maximum possible value for a given case. They both read input, process it, and output results. While they use different approaches and have different implementations, they achieve the same functional goal. The first snippet uses a more mathematical approach with binary search and GCD calculations, while the second uses a different algorithmic approach with loops and conditionals. Both handle multiple test cases and output results in a similar format.""
}",274
2014_3_1,137264,2016_0_2,88861,NON-CLONE,2026-07-16 12:58:28,"{
    ""answer"": ""YES-SIMILAR"",
    ""explanation"": ""Both code snippets are solving similar problems but in different ways. Code Snippet 1 is calculating the greatest common divisor (GCD) of two numbers and then finding the minimum power of 2 that can divide the second number, while Code Snippet 2 is counting the number of times the sign of a number changes in a string. Both programs read input, process it, and output results. They share similar structural elements like reading input, processing data, and writing output, but they serve different purposes. The key similarity is that both are competitive",275
2014_3_1,137264,2014_2_1,126555,NON-CLONE,2026-07-16 12:58:29,"{
    ""answer"": ""NO-NOT-SIMILAR"",
    ""explanation"": ""While both code snippets are Java programs that read input and process it, they solve completely different problems. The first code snippet calculates the greatest common divisor (GCD) of two numbers and determines the minimum power of 2 needed to divide a number, given a GCD. The second code snippet is a more complex problem involving strings, where it determines the minimum number of moves needed to transform one string into another based on certain rules. The algorithms, data structures, and problem domains are entirely different, making them not functionally similar.""
}",276
2014_3_1,138894,2016_0_4,138317,NON-CLONE,2026-07-16 12:58:30,"{
    ""answer"": ""YES-SIMILAR"",
    ""explanation"": ""Both code snippets are solutions to the same problem, which is to process input files and generate output based on specific rules. They both read input from files, process multiple test cases, and generate formatted output. The main difference is in the specific rules they follow, but the overall structure and purpose of the programs is the same.""
}",277
2014_3_1,138894,2015_0_4,77477,NON-CLONE,2026-07-16 12:58:30,"{
    ""answer"": ""YES-SIMILAR"",
    ""explanation"": ""Both code snippets are competitive programming solutions that read input from files, process data, and write output to files. They both handle multiple test cases, perform calculations, and determine winners based on certain conditions. While the specific algorithms and conditions differ, the overall structure and purpose of the programs are similar.""
}",278
2014_3_1,136615,2016_0_4,138317,NON-CLONE,2026-07-16 12:58:31,"{
    ""answer"": ""YES-SIMILAR"",
    ""explanation"": ""Both code snippets read input from a file, process it, and generate output. They both handle multiple test cases, and both have a main method that orchestrates the solution. The key differences are in the implementation details and the specific problem being solved, but the overall structure and purpose of the code is similar. Both use a Scanner to read input, process mathematical operations, and write results to an output file. The core logic of handling test cases and generating results is present in both snippets.""
}",279
2015_0_1,79967,2015_0_4,96734,NON-CLONE,2026-07-16 12:58:32,"{
    ""answer"": ""YES-SIMILAR"",
    ""explanation"": ""Both code snippets read input, process test cases, and output results. They both handle multiple test cases, parse input lines, and determine results based on input values. While they solve different problems (Problem A and Omino), they follow a similar structure in terms of input handling, test case processing, and output generation.""
}",280
2015_0_1,79967,2015_0_3,88073,NON-CLONE,2026-07-16 12:58:33,"{
    ""answer"": ""NO-NOT-SIMILAR"",
    ""explanation"": ""The two code snippets are not functionally similar. Code Snippet 1 is a problem-solving program that reads input from a file, processes it, and writes output to another file. It specifically solves a problem related to audience standing and friends. Code Snippet 2 is a completely different program that evaluates mathematical expressions and determines if they meet certain conditions. While both programs read input and produce output, they serve different purposes and have different algorithms.""
}",281
2015_0_1,79967,2014_0_3,22792,NON-CLONE,2026-07-16 12:58:34,"{
    ""answer"": ""YES-SIMILAR"",
    ""explanation"": ""Both code snippets are competitive programming solutions that read input from a file and process it to produce output. They both handle multiple test cases, read input from a file, and write results to an output file. The main difference is in the specific problem they solve, but the overall structure and approach is similar. Both use similar patterns for reading input, processing test cases, and writing results.""
}",282
2015_0_1,79967,2013_1_1,30610,NON-CLONE,2026-07-16 12:58:35,"{
    ""answer"": ""YES-SIMILAR"",
    ""explanation"": ""Both code snippets are Java classes that handle input/output operations and process data. They both read from input files, process the data, and write results to output files. The main difference is in their structure and implementation details, but the core functionality is similar. ProblemA class directly reads input and writes output, while Util class provides utility methods for input/output operations. Both achieve the same task of reading input, processing data, and writing output, making them functionally similar.""
}",283
2015_0_1,35102,2016_0_2,68074,NON-CLONE,2026-07-16 12:58:36,"{
    ""answer"": ""YES-SIMILAR"",
    ""explanation"": ""Both code snippets are solutions to the same problem, where they read input, process it, and write output. The main difference is in the problem domain: StandingOviation deals with calculating the number of friends required based on shyness levels, while Pancakes deals with finding the number of maneuvers in a string. However, the overall structure and approach of reading input, processing, and writing output is similar. Both also handle multiple test cases and write results to files or console. The core logic of processing input and generating output is functionally similar",284
2015_0_1,35102,2016_0_1,55901,NON-CLONE,2026-07-16 12:58:37,"{
    ""answer"": ""YES-SIMILAR"",
    ""explanation"": ""Both code snippets are solutions to the same problem - finding the minimum number of friends required to help people stand up. The first snippet calculates this by iterating through shyness levels and determining how many friends are needed at each level. The second snippet uses a different mathematical approach but arrives at the same result. Both programs read input from a file, process the data, and write the results to an output file. The main difference is in the implementation details, but the core functionality is the same.""
}",285
2015_0_1,35102,2013_0_3,94901,NON-CLONE,2026-07-16 12:58:38,"{
    ""answer"": ""NO-NOT-SIMILAR"",
    ""explanation"": ""While both code snippets read input from a file and process it to generate output, they solve different problems. The first snippet calculates the number of friends required based on audience shyness levels, while the second snippet counts the number of successful cases where a number squared is a palindrome. The logic and algorithms used in both snippets are distinct, and they serve different purposes.""
}",286
2015_0_1,68106,2013_0_2,44471,NON-CLONE,2026-07-16 12:58:38,"{
    ""answer"": ""YES-SIMILAR"",
    ""explanation"": ""Both code snippets read input from a file, process it, and write output to another file. They both handle multiple test cases and perform calculations based on input data. While they have different implementations and handle different problems (one calculates 'newbs' based on a string, the other checks for a pattern in a matrix), their overall structure and purpose are similar in terms of reading/writing files and processing input data.""
}",287
2015_0_1,68106,2013_0_3,83531,NON-CLONE,2026-07-16 12:58:39,"{
    ""answer"": ""YES-SIMILAR"",
    ""explanation"": ""Both code snippets are solutions to the same problem, which involves reading input, processing it, and writing output. They both handle multiple test cases, read input from a file, and write results to an output file. The main difference is in their implementation details and structure, but they achieve the same functional goal.""
}",288
2015_0_1,65869,2013_1_1,40715,NON-CLONE,2026-07-16 12:58:40,"{
    ""answer"": ""YES-SIMILAR"",
    ""explanation"": ""Both code snippets are solutions to the same problem - they read input from a file, process the data, and write output to another file. They both handle multiple test cases, and the core logic of processing the input data is similar. The main differences are in the specific mathematical calculations and the way they handle the input/output, but the overall structure and purpose of both programs is the same.""
}",289
2015_0_2,34257,2016_1_2,8152,NON-CLONE,2026-07-16 12:58:41,"{
    ""answer"": ""YES-SIMILAR"",
    ""explanation"": ""Both code snippets are solutions to the same problem, which is a competitive programming problem. They both read input from a file, process it, and write output to another file. The main difference is in their approach to solving the problem: the first snippet uses a PriorityQueue to manage a stack of Pancake objects, while the second snippet uses an ArrayList and sorting to manage a stack of integers. However, both solutions aim to achieve the same result: processing input data and producing output based on the problem requirements.""
}",290
2015_0_2,34257,2014_0_2,107403,NON-CLONE,2026-07-16 12:58:41,"{
    ""answer"": ""YES-SIMILAR"",
    ""explanation"": ""Both code snippets are solutions to Google Code Jam problems, specifically Part B. They both read input from a file, process it, and write output to another file. The main difference is in the specific algorithms used: the first snippet uses a PriorityQueue to solve a pancake problem, while the second snippet uses a mathematical formula to solve a rate problem. Despite the different algorithms, both achieve the same goal of processing input and producing output for a competitive programming problem.""
}",291
2015_0_2,34257,2016_2_1,187476,NON-CLONE,2026-07-16 12:58:42,"{
    ""answer"": ""YES-SIMILAR"",
    ""explanation"": ""Both code snippets are solutions to competitive programming problems. They both read input from a file, process the input, and write output to another file. The main difference is in the specific problem they solve, but the overall structure and approach are similar. Both use a Scanner to read input, a PriorityQueue to manage elements, and a PrintWriter to write output. They both follow a similar pattern of reading input, processing it, and generating output in a case-by-case manner.""
}",292
2015_0_2,34257,2015_0_4,77477,NON-CLONE,2026-07-16 12:58:43,"{
    ""answer"": ""YES-SIMILAR"",
    ""explanation"": ""Both code snippets read input from a file, process it, and write output to another file. They both handle multiple cases, with the first snippet using a PriorityQueue to manage Pancake objects and the second using an array to process data. The main logic in both snippets involves calculating results based on input data and writing formatted output to a file. While the implementation details differ, the overall structure and purpose of both programs is similar.""
}",293
2015_0_2,32722,2016_1_1,14479,NON-CLONE,2026-07-16 12:58:44,"{
    ""answer"": ""YES-SIMILAR"",
    ""explanation"": ""Both code snippets are solutions to the same problem, which is finding the minimum time to flip pancakes. They both read input from a file, process the data, and write the result to an output file. While they use different approaches and have different structures, they achieve the same functional result. The first snippet uses a more straightforward approach with a main class and direct file handling, while the second uses a more object-oriented approach with separate classes for input handling and problem solving. Both solutions correctly compute the minimum time required to flip pancakes to get the maximum panc",294
2015_0_2,32722,2013_0_2,90919,NON-CLONE,2026-07-16 12:58:45,"{
    ""answer"": ""YES-SIMILAR"",
    ""explanation"": ""Both code snippets are solutions to the same problem, which is to find the minimum time required to flip pancakes in the Infinite House of Pancakes problem. They read input from a file, process test cases, and write output to a file. While they have different implementations and variable names, they both follow the same algorithm to solve the problem.""
}",295
2015_0_2,32722,2015_0_3,107238,NON-CLONE,2026-07-16 12:58:46,"{
    ""answer"": ""YES-SIMILAR"",
    ""explanation"": ""Both code snippets are solutions to competitive programming problems. The first snippet (InfiniteHouseOfPancakes.java) reads input from a file and processes it to find the minimum time to flip pancakes, while the second snippet (C.java) processes input to determine if a string can be transformed into a specific pattern. Although they solve different problems, they both follow a similar pattern of reading input, processing it, and producing output based on the input. They also both handle multiple test cases and use similar data structures and algorithms to solve their respective problems.""
",296
2015_0_2,77145,2015_0_3,62582,NON-CLONE,2026-07-16 12:58:46,"{
    ""answer"": ""YES-SIMILAR"",
    ""explanation"": ""Both code snippets read input from the user and process it to solve a problem. While they have different structures and implement different algorithms, they both take input, perform calculations, and output results. The first snippet processes arrays and finds maximum values, while the second snippet processes strings and checks for certain conditions, but both follow a similar pattern of reading input, processing it, and producing output. The main difference is in the specific problem they solve, but the overall functional similarity is present.""
}",297
2015_0_2,77145,2016_1_1,14479,NON-CLONE,2026-07-16 12:58:47,"{
    ""answer"": ""YES-SIMILAR"",
    ""explanation"": ""Both code snippets are solutions to the same problem, which involves reading input, processing it, and producing output. They both handle multiple test cases, read input values, and produce results with the format 'Case #X: Y'. The main difference is in the implementation details and the specific problem being solved, but the overall structure and purpose of both programs is similar.""
}",298
2015_0_2,72707,2015_1_1,115055,NON-CLONE,2026-07-16 12:58:48,"{
    ""answer"": ""YES-SIMILAR"",
    ""explanation"": ""Both code snippets are solving a problem involving reading input, processing data, and generating output. They both handle multiple test cases, read input from a source (System.in in the first snippet, input.txt in the second), process that input, and produce output. While they use different approaches and libraries, they serve the same functional purpose of solving a computational problem.""
}",299
2015_0_3,74464,2016_0_2,125812,NON-CLONE,2026-07-16 12:58:49,"{
    ""answer"": ""DONT-KNOW"",
    ""explanation"": ""While both code snippets are Java programs that read input and produce output, they appear to solve different problems. The first snippet seems to be a solution for a problem involving checking conditions and processing strings, while the second snippet appears to be a solution for a problem involving processing 'pancakes' with '+' and '-' characters. Without more context about the specific problems they're solving, it's difficult to determine if they are functionally similar.""
}",300
2015_0_3,74464,2014_2_1,119554,NON-CLONE,2026-07-16 12:58:50,"{
    ""answer"": ""YES-SIMILAR"",
    ""explanation"": ""Both code snippets are solutions to competitive programming problems. They both read input from a file, process test cases, and output results. While the specific algorithms and data structures used are different, both programs solve similar types of problems where they need to process sequences of data and make decisions based on certain conditions. The main difference is in the implementation details and the specific problem domains they address, but the overall structure and purpose of both programs are functionally similar.""
}",301
2015_0_3,74464,2016_0_4,100472,NON-CLONE,2026-07-16 12:58:50,"{
    ""answer"": ""YES-SIMILAR"",
    ""explanation"": ""Both code snippets are solutions to competitive programming problems. While they solve different specific problems, they share similar functional characteristics: they both read input, process data, and produce output. The first snippet is a solution to a problem involving checking conditions and processing strings, while the second is a solution to a fractiles problem. Both use similar patterns in their input processing and output generation, making them functionally similar in their overall approach to problem-solving.""
}",302
2015_0_3,74464,2013_0_1,58633,NON-CLONE,2026-07-16 12:58:51,"{
    ""answer"": ""YES-SIMILAR"",
    ""explanation"": ""Both code snippets are implementations of a game where two players (X and O) take turns placing marks on a 4x4 grid. The main difference is in the implementation approach: Code Snippet 1 uses a more object-oriented approach with a class and methods, while Code Snippet 2 uses a more procedural approach with static methods. Both code snippets achieve the same goal of determining the winner of the game based on the input grid, with similar logic for checking winning conditions and handling different game states.""
}",303
2015_0_3,88073,2016_2_1,187476,NON-CLONE,2026-07-16 12:58:52,"{
    ""answer"": ""YES-SIMILAR"",
    ""explanation"": ""Both code snippets implement similar logic for evaluating expressions and determining if a given input matches a pattern. They both use character mapping and sign evaluation to compare strings, and both have similar main functions that process input and produce output based on these evaluations. The first code snippet uses 'i', 'j', 'k' characters while the second uses 'ZERO' through 'NINE' characters, but the underlying logic and purpose of the code is the same.""
}",304
2015_0_3,88073,2016_3_1,210871,NON-CLONE,2026-07-16 12:58:53,"{
    ""answer"": ""NO-NOT-SIMILAR"",
    ""explanation"": ""The two code snippets are not functionally similar. Code Snippet 1 is a Dijkstra algorithm implementation that evaluates expressions with specific rules for 'i', 'j', and 'k' characters. Code Snippet 2 is a solution for a different problem (TFirst) that involves finding pairs of characters with specific values. While both use character manipulation and have some similar structures, they solve different problems with different logic and purpose.""
}",305
2015_0_3,88073,2013_0_3,83531,NON-CLONE,2026-07-16 12:58:54,"{
    ""answer"": ""YES-SIMILAR"",
    ""explanation"": ""Both code snippets are solutions to competitive programming problems, specifically the Google Code Jam. They both handle input/output operations and implement algorithms to solve problems. The first snippet (Dijkstra) contains methods to evaluate expressions and determine if a solution is valid, while the second snippet (GoogleCodeJamSolution) contains input handling and algorithm implementation. Both solutions follow a similar structure with input handling, problem solving, and output generation. The core functionality of both snippets is to process input data and produce correct output for competitive programming problems.""
}",306
2015_0_3,21597,2016_2_1,187476,NON-CLONE,2026-07-16 12:58:55,"{
    ""answer"": ""YES-SIMILAR"",
    ""explanation"": ""Both code snippets are solving a similar problem involving string manipulation and map operations. They both process input strings, use character mappings, and perform operations on character frequencies. While the specific implementation details differ, the core functionality of the two programs is similar, with both programs taking input, processing it through character mappings, and producing output based on these mappings.""
}",307
2015_0_3,21597,2016_0_2,88861,NON-CLONE,2026-07-16 12:58:56,"{
    ""answer"": ""NO-NOT-SIMILAR"",
    ""explanation"": ""The two code snippets are not functionally similar. Code Snippet 1 is a Dijkstra algorithm implementation that processes input from a file and generates output, while Code Snippet 2 is a simple program that counts the number of character flips in a string. They have different purposes, different input/output mechanisms, and different logic. Code Snippet 1 uses a complex table-based approach with string manipulation, while Code Snippet 2 uses a simple loop to count character transitions.""
}",308
2015_0_3,62582,2014_2_1,125050,NON-CLONE,2026-07-16 12:58:57,"{
    ""answer"": ""YES-SIMILAR"",
    ""explanation"": ""Both code snippets implement a solution for a problem involving string manipulation and character counting. They both read input, process strings, and make decisions based on character counts. The main difference is in the implementation approach, but the core functionality is similar. Both handle multiple test cases and produce output based on whether a solution is possible or not.""
}",309
2015_0_4,107149,2016_1_2,20611,NON-CLONE,2026-07-16 12:58:57,"{
    ""answer"": ""NO-NOT-SIMILAR"",
    ""explanation"": ""These code snippets are not functionally similar. The first snippet reads input from a file and writes output to another file, making decisions based on input values. The second snippet processes input from standard input, tracks frequencies of numbers, and generates a sorted list of missing numbers. While both involve processing numbers, they serve different purposes and have different algorithms.""
}",310
2015_0_4,107149,2015_0_1,65869,NON-CLONE,2026-07-16 12:58:58,"{
    ""answer"": ""YES-SIMILAR"",
    ""explanation"": ""Both code snippets are Java programs that read input from a file and write output to another file. They both process input data and generate output based on specific conditions. While they have different implementations and handle different types of input, they serve the same basic purpose of reading input, processing it, and writing output. The main difference is in the specific logic they apply to the input data, but the overall structure and purpose of both programs is similar.""
}",311
2015_0_4,107149,2013_0_3,83531,NON-CLONE,2026-07-16 12:58:59,"{
    ""answer"": ""YES-SIMILAR"",
    ""explanation"": ""Both code snippets are solutions to the same competitive programming problem, where they read input from a file, process it, and write output to another file. While they have different implementations, they both follow the same general pattern: reading input, processing it, and writing output. The main difference is in the specific logic used for processing the input, but the overall structure and purpose of both programs is the same.""
}",312
2015_0_4,107149,2014_3_1,138894,NON-CLONE,2026-07-16 12:59:00,"{
    ""answer"": ""NO-NOT-SIMILAR"",
    ""explanation"": ""While both code snippets read input from a file and write output to a file, they solve different problems. The first code snippet (Omino) appears to be a competitive programming solution that determines whether to output 'RICHARD' or 'GABRIEL' based on input values x, r, and c. The second code snippet (A) seems to be a solution for a different problem involving long numbers P and Q, with a recursive approach to determine an answer. The logic and structure of the two programs are quite different,",313
2015_0_4,96734,2015_1_1,127730,NON-CLONE,2026-07-16 12:59:00,"{
    ""answer"": ""NO-NOT-SIMILAR"",
    ""explanation"": ""While both code snippets read input from standard input and process it in a loop, they solve different problems. Code Snippet 1 is about determining a winner between 'RICHARD' and 'GABRIEL' based on certain mathematical conditions, while Code Snippet 2 calculates two different values (solve1 and solve2) based on an array of numbers. The logic and purpose of the two programs are different.""
}",314
2015_0_4,96734,2014_0_2,107403,NON-CLONE,2026-07-16 12:59:01,"{
    ""answer"": ""YES-SIMILAR"",
    ""explanation"": ""Both code snippets are competitive programming solutions that read input, process test cases, and output results. While they solve different problems, they share similar structural patterns: reading input, processing multiple test cases, and determining winners based on specific conditions. The main difference is in the problem domain and solution logic, but the overall functional similarity is clear.""
}",315
2015_0_4,96734,2015_1_1,124925,NON-CLONE,2026-07-16 12:59:02,"{
    ""answer"": ""YES-SIMILAR"",
    ""explanation"": ""Both code snippets are competitive programming solutions that read input, process test cases, and output results. They both handle multiple test cases, parse input, and make decisions based on input values. While they solve different problems (Omino vs Plates), they follow the same general structure of reading input, processing test cases, and outputting results. The key similarities include: 1) Both use input reading mechanisms (BufferedReader vs Scanner), 2) Both handle multiple test cases, 3) Both have a main processing loop, and 4) Both",316
2015_0_4,79014,2013_0_1,84294,NON-CLONE,2026-07-16 12:59:03,"{
    ""answer"": ""YES-SIMILAR"",
    ""explanation"": ""Both code snippets are similar in that they are both competitive game simulation programs. They both read input from the user, process it, and determine the winner of a game. The first snippet simulates a game between Richard and Gabriel where they try to fill a grid with tiles, while the second snippet simulates a game of Tic-Tac-Toe between X and O players. Both programs handle multiple test cases and determine the winner or draw status for each case.""
}",317
2015_0_4,79014,2016_3_1,210871,NON-CLONE,2026-07-16 12:59:03,"{
    ""answer"": ""NO-NOT-SIMILAR"",
    ""explanation"": ""The two code snippets are not functionally similar. Code Snippet 1 is a Java program that determines whether Richard or Gabriel can win a game based on given parameters, while Code Snippet 2 is a Java program that processes input to find a solution for a different problem involving letters and their values. The two programs have different purposes, different input processing, and different output generation mechanisms.""
}",318
2015_0_4,21673,2016_3_1,210871,NON-CLONE,2026-07-16 12:59:04,"{
    ""answer"": ""DONT-KNOW"",
    ""explanation"": ""While both code snippets are Java programs that read input and process it, they appear to solve different problems. Code Snippet 1 seems to be a problem-solving program that determines whether 'GABRIEL' or 'RICHARD' is the correct answer based on some input values. Code Snippet 2 appears to be a program that processes a map of characters and their values, and seems to be focused on finding solutions involving letters and their values. The specific logic and purpose of these programs are different, making it difficult to determine if they are",319
2015_1_1,127730,2014_2_1,126555,NON-CLONE,2026-07-16 12:59:05,"{
    ""answer"": ""NO-NOT-SIMILAR"",
    ""explanation"": ""While both code snippets read input and process it, they solve different problems. Code Snippet 1 calculates the total difference between adjacent numbers in an array and finds the minimum rate of decrease, while Code Snippet 2 deals with strings, checking for zero-length strings and calculating minimum moves based on string lengths. The algorithms and logic are fundamentally different.""
}",320
2015_1_1,127730,2016_0_1,72044,NON-CLONE,2026-07-16 12:59:06,"{
    ""answer"": ""YES-SIMILAR"",
    ""explanation"": ""Both code snippets read input, process it, and output results. They both handle multiple test cases (T) and have similar structures with main processing loops. While they solve different problems (OneA solves a problem involving arrays and differences, CountingSheep solves a problem involving numbers and sets), they follow the same general pattern of reading input, processing, and outputting results. The key similarity is in their overall structure and approach to handling multiple test cases.""
}",321
2015_1_1,127730,2014_0_2,27351,NON-CLONE,2026-07-16 12:59:07,"{
    ""answer"": ""YES-SIMILAR"",
    ""explanation"": ""Both code snippets are solutions to competitive programming problems. They both read input, process it, and output results. The first snippet solves a problem involving arrays and differences between elements, while the second snippet solves a problem involving time calculations and buying decisions. Both have a main method that reads input, processes it in a loop, and outputs results. The core logic of both programs is similar in that they both take input, perform calculations, and output results, even though the specific calculations are different.""
}",322
2015_1_1,127730,2016_0_1,72044,NON-CLONE,2026-07-16 12:59:07,"{
    ""answer"": ""YES-SIMILAR"",
    ""explanation"": ""Both code snippets read input from a file, process it in a loop, and solve a problem related to counting or finding patterns. While they have different implementations, they both handle multiple test cases and produce output in a similar format. The main difference is in the specific problem they solve, but the overall structure and approach are similar.""
}",323
2015_1_1,114491,2013_0_3,118052,NON-CLONE,2026-07-16 12:59:08,"{
    ""answer"": ""NO-NOT-SIMILAR"",
    ""explanation"": ""The two code snippets are not functionally similar. Code Snippet 1 appears to be a program that calculates some values based on input arrays, while Code Snippet 2 is a program that checks for palindromes and counts numbers within a certain range. They have different purposes, different input handling, and different output formats.""
}",324
2015_1_1,114491,2016_1_2,8152,NON-CLONE,2026-07-16 12:59:09,"{
    ""answer"": ""NO-NOT-SIMILAR"",
    ""explanation"": ""The two code snippets are not functionally similar. Code Snippet 1 reads input from standard input and processes a series of arrays, calculating differences and rates. Code Snippet 2 reads from a file 'B-large.in' and writes to 'B-large.out', and processes a list of integers, removing duplicates. While both snippets involve arrays and sorting, they serve different purposes and have different input/output mechanisms.""
}",325
2015_1_1,114491,2014_3_1,136615,NON-CLONE,2026-07-16 12:59:09,"{
    ""answer"": ""YES-SIMILAR"",
    ""explanation"": ""Both code snippets are solutions to the same problem, which is to read input, process it, and output results. While they differ in implementation details, both programs handle input, perform calculations, and output results. The main difference is in the specific problem they solve, but the overall structure and approach of reading input, processing it, and outputting results is the same.""
}",326
2015_1_1,125935,2016_1_2,31984,NON-CLONE,2026-07-16 12:59:10,"{
    ""answer"": ""YES-SIMILAR"",
    ""explanation"": ""Both code snippets are input handling utilities for competitive programming. They both read input from a source (one from System.in, the other from a file) and parse it into a format that can be used for problem solving. They both handle multiple test cases and store the input data in arrays. The main difference is in their implementation approach, but the functional purpose is the same.""
}",327
2015_1_1,125935,2016_0_1,72044,NON-CLONE,2026-07-16 12:59:11,"{
    ""answer"": ""YES-SIMILAR"",
    ""explanation"": ""Both code snippets are solutions to the same problem - they process input data to find a pattern or solution. The first snippet uses a custom scanner and mathematical operations to solve a problem, while the second snippet reads from a file and uses a set to find a pattern. Both solutions involve iterating through data, using mathematical operations, and producing output based on the found patterns. The main differences are in the input method (file vs. scanner) and the specific algorithms used, but the core functionality of processing input to find a solution is the same.""
}",328
2015_1_1,124925,2016_1_1,8299,NON-CLONE,2026-07-16 12:59:12,"{
    ""answer"": ""DONT-KNOW"",
    ""explanation"": ""While both code snippets are Java programs that read input from the console, they appear to solve different problems. Code Snippet 1 seems to be calculating some kind of difference between numbers in an array, while Code Snippet 2 appears to be manipulating strings. Without more context about the specific problems they're solving, it's difficult to determine if they are functionally similar.""
}",329
2016_0_1,60475,2014_0_3,108079,NON-CLONE,2026-07-16 12:59:13,"{
    ""answer"": ""YES-SIMILAR"",
    ""explanation"": ""Both code snippets are solutions to the same problem - they read input, process it, and write output. The first snippet is a solution to the 'Insomnia' problem where you need to find a number that doesn't have any 0 digits. The second snippet is a solution to the 'Minesweeper' problem where you need to place mines in a grid. Both solutions use similar approaches with input parsing, processing, and output writing. The main difference is in the problem domain, but the overall structure and approach of reading input, processing",330
2016_0_1,60475,2013_1_1,40715,NON-CLONE,2026-07-16 12:59:13,"{
    ""answer"": ""YES-SIMILAR"",
    ""explanation"": ""Both code snippets are solutions to the same problem, which is to read input and write output for multiple test cases. They both handle input from a file, process the data, and write results to an output file. The main difference is in the mathematical calculations they perform, but the overall structure and purpose of the programs is the same.""
}",331
2016_0_1,60475,2015_0_2,77145,NON-CLONE,2026-07-16 12:59:14,"{
    ""answer"": ""YES-SIMILAR"",
    ""explanation"": ""Both code snippets read input, process numbers, and write output. They both have a similar structure with input reading, processing loops, and output writing. The main difference is in the specific algorithms they implement, but the overall flow and purpose of the programs is similar.""
}",332
2016_0_1,60475,2014_0_2,107403,NON-CLONE,2026-07-16 12:59:15,"{
    ""answer"": ""YES-SIMILAR"",
    ""explanation"": ""Both code snippets are solutions to the same Google Code Jam problem, but they implement different algorithms. The first snippet (Main class) uses a boolean array to track used numbers and finds the smallest sum that can be achieved by using each number at most once. The second snippet (partB class) uses floating-point numbers and a different mathematical approach to solve the same problem. Despite the different implementations, both code snippets achieve the same result of finding the optimal solution for the given problem.""
}",333
2016_0_1,69477,2016_0_2,162423,NON-CLONE,2026-07-16 12:59:15,"{
    ""answer"": ""YES-SIMILAR"",
    ""explanation"": ""Both code snippets are solutions to the same programming problem, which is to read input, process it, and output results. They both handle multiple test cases, read input from standard input, and process the input to produce output. The main difference is in the specific problem they solve, but the overall structure and approach of reading input, processing, and outputting results is the same.""
}",334
2016_0_1,69477,2016_0_2,125812,NON-CLONE,2026-07-16 12:59:16,"{
    ""answer"": ""YES-SIMILAR"",
    ""explanation"": ""Both code snippets are solutions to the same problem, which is to process input cases and generate output based on specific rules. While they use different approaches and libraries (Main uses System.out and BufferedReader, Second uses Scanner and PrintWriter), they both handle multiple test cases, process input, and generate output. The core logic of both programs is to process input cases and produce output based on the rules defined in the problem, making them functionally similar.""
}",335
2016_0_1,69477,2013_0_1,84294,NON-CLONE,2026-07-16 12:59:17,"{
    ""answer"": ""YES-SIMILAR"",
    ""explanation"": ""Both code snippets are solutions to the same problem - they read input, process it, and output results. While they handle different types of input and processing, they both follow a similar pattern of reading input, performing calculations, and outputting results. The first snippet processes numbers to generate a sequence, while the second processes a Tic-Tac-Toe board state, but both achieve the same goal of processing input and producing output based on that input.""
}",336
2016_0_1,123558,2016_1_1,14479,NON-CLONE,2026-07-16 12:59:18,"{
    ""answer"": ""YES-SIMILAR"",
    ""explanation"": ""Both code snippets are solutions to the same problem, which is to read input, process it, and print results. While they have different implementations, they both handle test cases, process numbers, and print results with case numbers. The main difference is in the approach: the first snippet uses a more direct approach with bitmaps, while the second uses a more object-oriented approach with a TaskA class. Both achieve the same end goal of solving the problem, making them functionally similar.""
}",337
2016_0_1,123558,2015_0_1,35102,NON-CLONE,2026-07-16 12:59:19,"{
    ""answer"": ""YES-SIMILAR"",
    ""explanation"": ""Both code snippets are solutions to the same problem - they read input from a file, process test cases, and output results. The first snippet (CountingSheep) uses a Scanner to read input and processes test cases to determine if a number is a 'case' where all bits are set. The second snippet (StandingOviation) uses a similar approach to read input and calculate the number of friends required. While they have different implementations and use different data structures, they both follow the same pattern of reading input, processing test cases, and",338
2016_0_1,55901,2015_1_1,125935,NON-CLONE,2026-07-16 12:59:19,"{
    ""answer"": ""YES-SIMILAR"",
    ""explanation"": ""Both code snippets are solving the same problem - they are processing input data and producing output based on the input. Both use custom input/output classes to read and write data, and both have a main method that processes the input and generates the output. The main difference is in the implementation details and the specific problem being solved, but the overall structure and purpose of both programs is the same.""
}",339
2016_0_2,68074,2013_0_1,124149,NON-CLONE,2026-07-16 12:59:20,"{
    ""answer"": ""YES-SIMILAR"",
    ""explanation"": ""Both code snippets are solutions to the same problem in the Google Code Jam 2016 competition. The first snippet is a solution to the 'Pancakes' problem, while the second snippet is a solution to the 'Tic Tac Toe' problem. Both solutions follow the same pattern of reading input, processing it, and outputting results. The main difference is in the specific logic and data structures used to solve each problem, but the overall structure and approach are similar.""
}",340
2016_0_2,68074,2013_0_3,83531,NON-CLONE,2026-07-16 12:59:21,"{
    ""answer"": ""YES-SIMILAR"",
    ""explanation"": ""Both code snippets are solutions to competitive programming problems, specifically for Google Code Jam. They both read input, process it, and output results. While they have different implementations, they serve the same purpose: to solve a programming problem by reading input, performing calculations, and generating output. The main difference is in their approach and implementation details, but the core functionality is the same.""
}",341
2016_0_2,68074,2015_0_2,32722,NON-CLONE,2026-07-16 12:59:22,"{
    ""answer"": ""YES-SIMILAR"",
    ""explanation"": ""Both code snippets are solutions to the same problem - they process input strings to find the maximum number of 'maneuvers' or 'flips' possible. In the first snippet, the findManeuvers method counts the number of times a character can be flipped between '+' and '-' by iterating through the string from right to left. The main method reads input strings and calls findManeuvers for each test case. The second snippet, while using a different approach, also counts the maximum number of 'flips' possible in a sequence of numbers",342
2016_0_2,68074,2014_3_1,138529,NON-CLONE,2026-07-16 12:59:23,"{
    ""answer"": ""YES-SIMILAR"",
    ""explanation"": ""Both code snippets are solutions to the CodeJam 2016/2014 problem where you need to count the number of 'maneuvers' in a string. The first code snippet (Pancakes) counts the number of times you can flip a '+' to '-' or vice versa in a string, while the second code snippet (R1c_a) does the same but with a different input format. Both solutions use similar logic to count the number of possible flips, and both handle multiple test cases. The main difference is in the input parsing",343
2016_0_2,150691,2014_2_1,124976,NON-CLONE,2026-07-16 12:59:24,"{
    ""answer"": ""YES-SIMILAR"",
    ""explanation"": ""Both code snippets are solutions to competitive programming problems. They both read input, process sequences of characters, and output results. While they have different approaches and implementations, they both solve similar types of problems where sequences of characters need to be analyzed and processed. The first snippet processes sequences of '+' and '-' characters, while the second processes sequences of characters to determine a winner. Both use similar input/output mechanisms and follow similar problem-solving patterns.""
}",344
2016_0_2,150691,2013_0_2,55421,NON-CLONE,2026-07-16 12:59:24,"{
    ""answer"": ""YES-SIMILAR"",
    ""explanation"": ""Both code snippets are solutions to competitive programming problems. They both read input, process data, and write output. While they solve different specific problems (GCJ2016B solves a problem with '+' and '-' characters, and Lawnmower solves a problem about a garden pattern), they follow the same general pattern of competitive programming solutions: reading input, processing data, and writing output. They both handle multiple test cases and have similar overall structure in terms of input/output handling.""
}",345
2016_0_2,150691,2014_2_1,124976,NON-CLONE,2026-07-16 12:59:25,"{
    ""answer"": ""YES-SIMILAR"",
    ""explanation"": ""Both code snippets are solutions to competitive programming problems, specifically for the 2014 and 2016 Google Code Jam contests. They both read input, process sequences of characters, and output results. While the specific algorithms and data structures used are different, the overall structure and purpose of the code is similar. Both code snippets handle multiple test cases, process character sequences, and determine outcomes based on the input data.""
}",346
2016_0_2,125812,2016_0_4,58218,NON-CLONE,2026-07-16 12:59:26,"{
    ""answer"": ""YES-SIMILAR"",
    ""explanation"": ""Both code snippets are solutions to competitive programming problems where they read input, process it, and write output. They both handle multiple test cases, read input from a file, and write results to an output file. The main difference is in the specific problem they solve (pancakes vs fractiles), but the overall structure and functionality are similar.""
}",347
2016_0_2,125812,2013_0_3,55548,NON-CLONE,2026-07-16 12:59:27,"{
    ""answer"": ""NO-NOT-SIMILAR"",
    ""explanation"": ""These two code snippets are not functionally similar. The first snippet is a solution for a pancake flipping problem where you need to determine the minimum number of flips to get to a target state. The second snippet is a solution for a fair square problem where you need to calculate the number of solutions between two given numbers. While both programs read input and write output, they solve completely different problems with different algorithms and data structures.""
}",348
2016_0_2,88861,2013_0_3,55548,NON-CLONE,2026-07-16 12:59:28,"{
    ""answer"": ""YES-SIMILAR"",
    ""explanation"": ""Both code snippets are reading input and processing it to calculate a value. In the first snippet, it's reading a string and counting the number of times the character changes from '+' to '-' or vice versa. In the second snippet, it's reading numbers and calculating the number of solutions between two values. While the specific algorithms and data structures are different, both are essentially counting or calculating values based on input, which makes them functionally similar.""
}",349
2016_0_4,100472,2016_3_1,218815,NON-CLONE,2026-07-16 12:59:29,"{
    ""answer"": ""YES-SIMILAR"",
    ""explanation"": ""Both code snippets are solutions to competitive programming problems, specifically for Google Code Jam. They both read input, process it, and generate output. While they solve different problems (FractilesSolver seems to solve a mathematical problem involving fractiles, and A seems to solve a problem involving string manipulation), they follow the same general structure of reading input, processing it, and generating output. They also both use similar Java patterns for handling input/output and processing data.""
}",350
2016_0_4,100472,2015_1_1,125935,NON-CLONE,2026-07-16 12:59:29,"{
    ""answer"": ""DONT-KNOW"",
    ""explanation"": ""While both code snippets are Java programs that read input and process it, they appear to solve different problems. FractilesSolver seems to be a solution for a problem involving fractiles and possibly binary patterns, while A appears to be a solution for a problem involving arrays and intervals. The specific algorithms and data structures used are different, making it difficult to determine if they are functionally similar.""
}",351
2016_0_4,100472,2013_0_2,90919,NON-CLONE,2026-07-16 12:59:30,"{
    ""answer"": ""NO-NOT-SIMILAR"",
    ""explanation"": ""While both code snippets are Java programs that read input and produce output, they solve different problems. The first snippet (FractilesSolver) appears to be a solution for a problem involving fractiles and mathematical calculations, while the second snippet (B) is a solution for a problem involving checking arrays against maximum values. The structure and logic of both programs are quite different, and they don't perform the same task.""
}",352
2016_0_4,100472,2016_0_1,55901,NON-CLONE,2026-07-16 12:59:31,"{
    ""answer"": ""YES-SIMILAR"",
    ""explanation"": ""Both code snippets are solutions to the same problem (Google Code Jam problem) and follow a similar structure. They both read input, process it, and output results. The main difference is in the implementation details, but the core functionality is the same. Both handle multiple test cases and produce the same type of output (numbers and strings). The first snippet uses a Scanner to read input, while the second uses a custom MyScanner class, but the overall flow and purpose are identical.""
}",353
2016_0_4,129913,2013_1_1,30788,NON-CLONE,2026-07-16 12:59:32,"{
    ""answer"": ""DONT-KNOW"",
    ""explanation"": ""While both code snippets are Java programs that read input and process test cases, they appear to solve different problems. Code Snippet 1 seems to be a fractile calculation program, while Code Snippet 2 appears to be a mathematical problem solver involving square roots and areas. Without more context about the specific problems they're solving, it's difficult to determine if they are functionally similar.""
}",354
2016_0_4,129913,2013_1_1,30788,NON-CLONE,2026-07-16 12:59:32,"{
    ""answer"": ""YES-SIMILAR"",
    ""explanation"": ""Both code snippets are solutions to competitive programming problems, specifically CodeJam problems. They both read input, process test cases, and output results. While they solve different mathematical problems (Fractiles vs. a geometric problem), they follow the same general structure: reading input, processing test cases, and generating output. They also both handle multiple test cases and use similar input/output formatting with 'Case #X' prefixes.""
}",355
2016_0_4,129913,2016_1_2,30007,NON-CLONE,2026-07-16 12:59:33,"{
    ""answer"": ""YES-SIMILAR"",
    ""explanation"": ""Both code snippets are Java programs that read input, process it, and produce output. They both handle multiple test cases, read input from standard input, and process that input to produce formatted output. While they have different specific implementations and purposes, they share the same basic structure and functionality of a competitive programming solution.""
}",356
2016_0_4,58218,2015_1_1,127730,NON-CLONE,2026-07-16 12:59:33,"{
    ""answer"": ""YES-SIMILAR"",
    ""explanation"": ""Both code snippets read input from a file, process multiple test cases, and generate output. While they have different implementations and solve different problems, they share the same functional structure: reading input, processing multiple cases, and producing output. The main differences are in the specific algorithms used and the input/output formats, but the overall flow and purpose are similar.""
}",357
2016_0_4,58218,2016_0_2,68074,NON-CLONE,2026-07-16 12:59:34,"{
    ""answer"": ""YES-SIMILAR"",
    ""explanation"": ""Both code snippets read input, process it, and generate output. They both have a main method that reads a number of test cases, processes each case, and generates output. The key similarities are: 1) Both read input from a file/standard input, 2) Both process multiple test cases, 3) Both have a similar output format with 'Case #X: ' followed by the result. The main difference is in the specific processing logic, but the overall structure and purpose of the code is the same.""
}",358
2016_0_4,63729,2014_0_2,81302,NON-CLONE,2026-07-16 12:59:35,"{
    ""answer"": ""YES-SIMILAR"",
    ""explanation"": ""Both code snippets read input from a file, process it, and write output to another file. They both handle multiple test cases, and both have a main method that orchestrates the processing. While they solve different problems (Fractiles deals with strings and B deals with physics calculations), their overall structure and functionality are similar in terms of input/output handling and case processing.""
}",359
2016_1_1,1153,2014_2_1,126555,NON-CLONE,2026-07-16 12:59:36,"{
    ""answer"": ""YES-SIMILAR"",
    ""explanation"": ""Both code snippets are solutions to the same problem, which is to read input, process it, and output results in a specific format. They both handle multiple test cases, read input strings, and process them to find a solution. The main difference is in the implementation details and the specific problem being solved, but the overall structure and purpose of both programs is the same.""
}",360
2016_1_1,1153,2016_0_1,123558,NON-CLONE,2026-07-16 12:59:37,"{
    ""answer"": ""YES-SIMILAR"",
    ""explanation"": ""Both code snippets are solutions to the same problem: reading input, processing multiple test cases, and generating output. They both read input, process multiple test cases, and generate output. The first snippet uses a Reader class to read input and process test cases, while the second snippet uses a Scanner to read input and process test cases. Both solutions follow a similar pattern: read input, process test cases, and generate output. The main difference is in the implementation details and the specific problem being solved, but the overall structure and functionality are similar.""
}",361
2016_1_1,1153,2016_0_4,58218,NON-CLONE,2026-07-16 12:59:37,"{
    ""answer"": ""YES-SIMILAR"",
    ""explanation"": ""Both code snippets are reading input, processing it, and generating output for multiple test cases. They both use a reader class to parse input, and both have a main method that iterates over test cases. The key difference is in the processing logic, but the overall structure and purpose of reading input, processing it, and generating output for multiple test cases is the same.""
}",362
2016_1_1,1153,2015_0_3,107238,NON-CLONE,2026-07-16 12:59:38,"{
    ""answer"": ""DONT-KNOW"",
    ""explanation"": ""While both code snippets are Java programs that read input and process it, they appear to have different purposes and structures. Code Snippet 1 seems to be a solution for a problem involving string manipulation and case processing, while Code Snippet 2 appears to be a solution for a problem involving mathematical calculations and string processing with specific conditions. Without more context about the specific problems they're solving, it's difficult to determine if they are functionally similar.""
}",363
2016_1_1,14479,2014_0_3,99421,NON-CLONE,2026-07-16 12:59:40,"{
    ""answer"": ""YES-SIMILAR"",
    ""explanation"": ""Both code snippets are solutions to the same problem - they process input data and produce output based on specific rules. The first snippet uses a TaskA class to process input strings and find the maximum character value, while the second snippet uses a MainThreaded class with a Point class to solve a minesweeper-like problem. Both solutions involve reading input, processing it according to specific rules, and producing output. The main difference is in the implementation details and the specific problem being solved, but the core functional similarity remains.""
}",364
2016_1_1,14479,2016_0_1,72044,NON-CLONE,2026-07-16 12:59:40,"{
    ""answer"": ""YES-SIMILAR"",
    ""explanation"": ""Both code snippets are solutions to the same problem: finding a number that contains all digits from 0 to 9 in a specific pattern. They both read input from a file, process the input to find the solution, and write the output to another file. The main difference is in the implementation details, but the core functionality is the same.""
}",365
2016_1_1,14479,2016_3_1,218815,NON-CLONE,2026-07-16 12:59:41,"{
    ""answer"": ""YES-SIMILAR"",
    ""explanation"": ""Both code snippets are solutions to the same programming problem, which involves processing input strings and generating output strings. They both read input, process it, and generate output, but use different approaches. The first snippet uses a TaskA class with a realSolve method that processes strings by finding the maximum character and building a new string based on that, while the second snippet implements a similar algorithm but with a different implementation approach. Both solutions achieve the same goal of processing strings and generating output, just with different implementation details.""
}",366
2016_1_1,8299,2016_2_1,193269,NON-CLONE,2026-07-16 12:59:42,"{
    ""answer"": ""NO-NOT-SIMILAR"",
    ""explanation"": ""While both code snippets process input and produce output in a similar format (multiple 'Case #X' outputs), they perform fundamentally different tasks. Code Snippet 1 sorts characters in a string based on their ASCII values, while Code Snippet 2 implements a complex algorithm to extract digits from a string based on specific rules. The algorithms and logic are distinct, making them not functionally similar.""
}",367
2016_1_1,8299,2014_0_3,108079,NON-CLONE,2026-07-16 12:59:43,"{
    ""answer"": ""NO-NOT-SIMILAR"",
    ""explanation"": ""The two code snippets are not functionally similar. Code Snippet 1 is a problem-solving class that processes input strings and returns a transformed string based on a specific algorithm. Code Snippet 2 is a minesweeper game implementation that uses a knapsack algorithm to solve a grid-based problem. While both use input processing and have algorithmic components, they solve different problems and have different purposes.""
}",368
2016_1_1,29796,2016_3_1,211583,NON-CLONE,2026-07-16 12:59:43,"{
    ""answer"": ""NO-NOT-SIMILAR"",
    ""explanation"": ""While both code snippets read input from the user and process it, they serve different purposes. Code Snippet 1 implements a string manipulation algorithm where it builds a string by comparing the concatenation of characters in different orders. Code Snippet 2 is a more complex program that uses a priority queue to process pairs of integers and output letters based on certain conditions. The core logic and purpose of these two programs are different, making them not functionally similar.""
}",369
2016_1_2,8152,2014_3_1,138529,NON-CLONE,2026-07-16 12:59:44,"{
    ""answer"": ""YES-SIMILAR"",
    ""explanation"": ""Both code snippets are Java programs that read input from a file and process it to produce output. They both handle multiple test cases, read input from a file named 'B-large.in' or 'CodeJam2014/r1c_a/A-large.in', and write output to files named 'B-large.out' or 'testal.out'. While they have different algorithms and data structures, they both solve competitive programming problems and follow a similar structure in terms of input handling and case processing.""
}",370
2016_1_2,8152,2015_0_3,88073,NON-CLONE,2026-07-16 12:59:45,"{
    ""answer"": ""DONT-KNOW"",
    ""explanation"": ""While both code snippets are Java programs that read input from standard input and process it, they appear to serve different purposes. The first snippet seems to be a problem-solving program that reads input, processes it, and outputs results. The second snippet appears to be a program that evaluates mathematical expressions and checks for specific conditions. The specific algorithms and logic used in each program are quite different, making it difficult to determine if they are functionally similar.""
}",371
2016_1_2,8152,2016_2_1,197689,NON-CLONE,2026-07-16 12:59:46,"{
    ""answer"": ""YES-SIMILAR"",
    ""explanation"": ""Both code snippets are solutions to competitive programming problems. They both read input from a file, process the input, and write output to a file. The first snippet processes a list of integers and sorts them, while the second snippet processes a string of digits and extracts them. Both have a main method that reads the number of test cases, processes each test case, and writes the results. They both use similar Java I/O operations and follow a similar structure for handling multiple test cases.""
}",372
2016_1_2,8152,2016_1_1,29796,NON-CLONE,2026-07-16 12:59:47,"{
    ""answer"": ""NO-NOT-SIMILAR"",
    ""explanation"": ""The two code snippets are not functionally similar. Code Snippet 1 is a Java program that reads input from a file, processes a large dataset, and outputs results. Code Snippet 2 is a Java program that reads input from standard input, processes strings, and outputs results. While both programs read input and process data, they solve completely different problems. Code Snippet 1 appears to be a competitive programming problem solver, while Code Snippet 2 is a string manipulation program.""
}",373
2016_1_2,31984,2015_0_2,77145,NON-CLONE,2026-07-16 12:59:48,"{
    ""answer"": ""NO-NOT-SIMILAR"",
    ""explanation"": ""These two code snippets are not functionally similar. Code Snippet 1 is a utility class that reads input from a file and stores it in a 2D array, while Code Snippet 2 is a solution class that processes input from standard input to solve a specific problem. They have different purposes, structures, and functionalities.""
}",374
2016_1_2,31984,2015_0_4,96734,NON-CLONE,2026-07-16 12:59:48,"{
    ""answer"": ""NO-NOT-SIMILAR"",
    ""explanation"": ""These code snippets are not functionally similar. The first snippet is a utility class that reads input from a file and stores it in a 2D array, while the second snippet is a class that processes test cases for a specific problem (Omino problem) by reading input from standard input and determining a winner based on certain conditions. They have different purposes, structures, and functionalities.""
}",375
2016_1_2,31984,2016_0_1,69477,NON-CLONE,2026-07-16 12:59:49,"{
    ""answer"": ""YES-SIMILAR"",
    ""explanation"": ""Both code snippets read input from a file and process it line by line. They both use BufferedReader to read input, and they both parse the input to extract numerical values. The main difference is in their purpose: InputUtils reads input for a specific purpose (likely for a competitive programming problem), while Main processes input to solve a specific problem (likely a programming competition problem). However, the core functionality of reading and processing input is similar between the two snippets.""
}",376
2016_1_2,20611,2015_0_4,79014,NON-CLONE,2026-07-16 12:59:50,"{
    ""answer"": ""NO-NOT-SIMILAR"",
    ""explanation"": ""These code snippets are not functionally similar. Code Snippet 1 is a Java class that extends Solver<String> and processes input to find missing numbers in a specific pattern. Code Snippet 2 is a different Java program that determines the winner between Richard and Gabriel based on mathematical conditions. They have different purposes, structures, and logic, making them functionally different.""
}",377
2016_1_2,20611,2013_1_1,35305,NON-CLONE,2026-07-16 12:59:50,"{
    ""answer"": ""NO-NOT-SIMILAR"",
    ""explanation"": ""These two code snippets are not functionally similar. The first snippet is a Java class that extends Solver<String> and contains a method solveCase() that processes input to find missing numbers in a sequence. The second snippet is a Java class that reads input from a file, processes it using BigInteger operations, and writes output to a file. While both snippets contain input processing logic, they serve completely different purposes and have different functionality.""
}",378
2016_1_2,19093,2014_2_1,115332,NON-CLONE,2026-07-16 12:59:52,"{
    ""answer"": ""YES-SIMILAR"",
    ""explanation"": ""Both code snippets are solutions to the same problem, which involves processing strings and finding minimum values. The first code snippet uses a more complex approach with graph algorithms and prime numbers, while the second code snippet uses a simpler approach with string manipulation and hash sets. Despite their different implementations, both code snippets achieve the same goal of solving a string processing problem, making them functionally similar.""
}",379
2016_2_1,197689,2014_0_3,22792,NON-CLONE,2026-07-16 12:59:54,"{
    ""answer"": ""NO-NOT-SIMILAR"",
    ""explanation"": ""Code Snippet 1 and Code Snippet 2 are not functionally similar. Code Snippet 1 appears to be a program that processes input strings to count occurrences of specific characters and then prints the results in a specific format. Code Snippet 2, on the other hand, is a Minesweeper game implementation that places mines on a grid and marks neighboring cells. While both programs read input from files and process data, they serve completely different purposes and have different functionalities.""
}",380
2016_2_1,197689,2013_0_2,90919,NON-CLONE,2026-07-16 12:59:55,"{
    ""answer"": ""YES-SIMILAR"",
    ""explanation"": ""Both code snippets are solutions to the same problem - they read input from a file, process it, and write output to another file. They both handle multiple test cases, and their core logic involves counting and processing characters. While they have different variable names and slightly different approaches, they both achieve the same end result of solving a problem involving character counting and processing.""
}",381
2016_2_1,197689,2015_0_1,65869,NON-CLONE,2026-07-16 12:59:55,"{
    ""answer"": ""YES-SIMILAR"",
    ""explanation"": ""Both code snippets are solutions to the same problem - they read input files, process them, and write output files. The first snippet counts occurrences of different characters in each line and writes the results in a specific format, while the second snippet does similar input/output processing but with different logic. Both use file input/output operations and follow a similar pattern of reading input, processing, and writing output, making them functionally similar despite differences in implementation details.""
}",382
2016_2_1,197689,2013_0_1,124149,NON-CLONE,2026-07-16 12:59:56,"{
    ""answer"": ""YES-SIMILAR"",
    ""explanation"": ""Both code snippets are solutions to the same problem - they read input, process it, and generate output. While they use different approaches and data structures, they both solve the problem of converting input strings into specific output formats. The first code processes strings to extract digits and format them into a specific output, while the second code processes a game state to determine a winner. Both have similar input/output patterns and use similar Java I/O operations.""
}",383
2016_2_1,192495,2016_0_4,100472,NON-CLONE,2026-07-16 12:59:57,"{
    ""answer"": ""YES-SIMILAR"",
    ""explanation"": ""Both code snippets are solutions to competitive programming problems. They both read input, process it, and generate output. While they solve different specific problems, they follow a similar pattern of reading input, performing calculations, and generating output. The first snippet processes strings and generates a specific pattern, while the second snippet solves a fractiles problem, but both use similar input/output processing patterns.""
}",384
2016_2_1,192495,2016_0_2,68074,NON-CLONE,2026-07-16 12:59:58,"{
    ""answer"": ""YES-SIMILAR"",
    ""explanation"": ""Both code snippets are solutions to competitive programming problems, where they read input strings, process them according to specific rules, and output results. While they have different implementations and handle different characters, they both follow a similar pattern: reading input strings, processing them according to specific rules, and outputting results with case numbers. The main difference is in the specific rules they apply (one processes 'Z', 'W', 'U', etc. while the other processes 'Z', 'W', 'U', etc. in a different way), but the overall",385
2016_2_1,192495,2014_0_3,71973,NON-CLONE,2026-07-16 12:59:59,"{
    ""answer"": ""YES-SIMILAR"",
    ""explanation"": ""Both code snippets are solutions to competitive programming problems. They both read input, process it, and output results in a case-based format. The main difference is in the specific problem domain they solve, but the overall structure and approach are similar: reading input, processing it, and generating output for multiple test cases. The first snippet processes a string of letters and counts occurrences, while the second processes a grid of characters, but both follow a similar pattern of input processing and case-based output generation.""
}",386
2016_2_1,187476,2016_0_4,100472,NON-CLONE,2026-07-16 12:59:59,"{
    ""answer"": ""DONT-KNOW"",
    ""explanation"": ""While both code snippets are Java programs that read input and produce output, they appear to solve different problems. Code Snippet 1 seems to be a solution for a problem involving numbers and maps, while Code Snippet 2 appears to be a solution for a problem involving fractiles and binary patterns. Without more context about the specific problems they're solving, it's difficult to determine if they are functionally similar.""
}",387
2016_2_1,187476,2014_0_3,22792,NON-CLONE,2026-07-16 13:00:01,"{
    ""answer"": ""YES-SIMILAR"",
    ""explanation"": ""Both code snippets are implementations of Minesweeper game logic. They share similar core functionality: placing mines, marking neighbors, and determining if a move is valid. The first code snippet is more concise and uses a different approach to solve the same problem, while the second code snippet is more verbose but follows the same logical flow. Both handle input parsing, mine placement, and output generation, making them functionally similar despite their different implementations.""
}",388
2016_2_1,193269,2013_0_1,84294,NON-CLONE,2026-07-16 13:00:02,"{
    ""answer"": ""YES-SIMILAR"",
    ""explanation"": ""Both code snippets are solutions to the same problem - they take input and determine the winner of a game. The first snippet (GettingDigits) counts the frequency of characters in a word and uses that to determine a result, while the second snippet (a) checks for the winner of a Tic-Tac-Toe game based on the input characters. Both programs follow a similar pattern: reading input, processing it, and determining the outcome based on specific rules.""
}",389
2016_3_1,205670,2013_0_2,114653,NON-CLONE,2026-07-16 13:00:03,"{
    ""answer"": ""NO-NOT-SIMILAR"",
    ""explanation"": ""These two code snippets are not functionally similar. Code Snippet 1 is a program that processes input to find maximum values and construct strings based on those values, while Code Snippet 2 is a program that solves a different problem involving checking visibility of cells in a grid. They have different purposes, different input/output formats, and different algorithms. The code structure, variable names, and overall logic are quite different.""
}",390
2016_3_1,205670,2016_2_1,197689,NON-CLONE,2026-07-16 13:00:04,"{
    ""answer"": ""YES-SIMILAR"",
    ""explanation"": ""Both code snippets are solving a similar problem where they process input strings and generate output strings based on certain rules. In both cases, they handle multiple test cases, process each character in the input string, and generate a specific output string. While the specific algorithms and data structures used are different, the overall functional purpose of both programs is to transform input strings into output strings according to specific rules.""
}",391
2016_3_1,205670,2016_1_1,1153,NON-CLONE,2026-07-16 13:00:05,"{
    ""answer"": ""YES-SIMILAR"",
    ""explanation"": ""Both code snippets are similar in that they handle multiple test cases and process input to generate output. While they have different implementations and purposes, they both follow a similar pattern of reading input, processing data, and generating output for each test case. The first snippet processes an array of integers and generates a string based on certain conditions, while the second snippet processes a character array and generates a string based on character comparison rules. Both use similar constructs like loops, conditionals, and string building, but for different purposes.""
}",392
2016_3_1,205670,2013_0_2,55421,NON-CLONE,2026-07-16 13:00:05,"{
    ""answer"": ""YES-SIMILAR"",
    ""explanation"": ""Both code snippets are solutions to the same problem (a lawn mowing problem) and follow a similar structure. They both read input, process it, and generate output. The main difference is in the implementation details and the specific algorithm used, but the core functionality is the same: determining whether a lawn can be mowed based on certain conditions. The first code snippet uses a more complex algorithm with arrays and loops, while the second uses a simpler approach with matrices and methods, but both achieve the same result.""
}",393
2016_3_1,211583,2014_0_3,71973,NON-CLONE,2026-07-16 13:00:06,"{
    ""answer"": ""NO-NOT-SIMILAR"",
    ""explanation"": ""These two code snippets are not functionally similar. Code Snippet 1 is a competitive programming solution that uses a priority queue to solve a problem involving pairs of numbers, while Code Snippet 2 is a solution for a different problem involving a grid of characters and tiles. They have different inputs, different algorithms, and different outputs. The first snippet uses a priority queue to process pairs of numbers, while the second snippet involves a grid-based problem with tiles and characters.""
}",394
2016_3_1,211583,2013_0_2,90919,NON-CLONE,2026-07-16 13:00:07,"{
    ""answer"": ""YES-SIMILAR"",
    ""explanation"": ""Both code snippets are competitive programming solutions that read input and process test cases. They both use priority queues to manage data and process multiple test cases. The first snippet uses a priority queue to process pairs of elements, while the second snippet uses a priority queue to process arrays. Both solutions have similar structures with input reading, test case processing, and output generation. The main difference is in the specific problem they solve, but the underlying approach of using priority queues and processing multiple test cases is similar.""
}",395
2016_3_1,211583,2013_0_1,124226,NON-CLONE,2026-07-16 13:00:08,"{
    ""answer"": ""NO-NOT-SIMILAR"",
    ""explanation"": ""The two code snippets are solving completely different problems. The first snippet is a competitive programming solution that uses a priority queue to find the best moves in a game, while the second snippet is a Tic-Tac-Toe game solver that checks for wins, draws, and impossible scenarios. They have different input formats, logic, and output structures.""
}",396
2016_3_1,210871,2015_0_1,68106,NON-CLONE,2026-07-16 13:00:08,"{
    ""answer"": ""NO-NOT-SIMILAR"",
    ""explanation"": ""While both code snippets read input and write output to files, they solve completely different problems. The first code processes a map with characters and integers, finding pairs to reduce the sum to 2, while the second code calculates standing in a queue based on binary input. The algorithms, data structures, and logic used are distinct and serve different purposes.""
}",397
2016_3_1,210871,2013_0_2,114653,NON-CLONE,2026-07-16 13:00:09,"{
    ""answer"": ""YES-SIMILAR"",
    ""explanation"": ""Both code snippets are competitive programming solutions that read input, process data, and write output. They both handle multiple test cases, read input from standard input, and write results to a file. The main difference is in the specific problem they solve, but the overall structure and approach are similar, including the use of HashMaps to store data, iterative processing of input, and writing formatted output.""
}",398
2016_3_1,218815,2016_0_1,60475,NON-CLONE,2026-07-16 13:00:10,"{
    ""answer"": ""YES-SIMILAR"",
    ""explanation"": ""Both code snippets are solutions to the same problem, where they read input, process data, and write output. They both handle multiple test cases, read integers, and write results to a file. The main difference is in the specific algorithm used: the first snippet processes strings by concatenating characters, while the second snippet processes numbers by finding a sum that contains all digits from 1 to 10. However, they both achieve the same goal of solving a problem by reading input, processing it, and writing the result to an output file.""
}",399
