program_a,variant_a,program_b,variant_b,ground_truth,timestamp,response,pair_id
2013_0_1,84294,2013_0_1,58633,CLONE,2026-07-09 01:24:22,"{
  ""answer"": ""YES-SIMILAR"",
  ""explanation"": ""Both code snippets are implementing a Tic Tac Toe game. They both read the input from a file, process the input, and print the result of the game. The main difference is in the way they handle the game logic and the output. However, the overall functionality is the same, making them functionally similar.""
}",0
2013_0_1,84294,2013_0_1,124149,CLONE,2026-07-09 01:24:25,"{
  ""answer"": ""YES-SIMILAR"",
  ""explanation"": ""Both code snippets are designed to determine the winner of a tic-tac-toe game. They both use a 4x4 grid to play the game, and they both check for wins in rows, columns, and diagonals. They also both print the result of the game, whether it's a win, a draw, or that the game has not been completed. The main difference between the two code snippets is the way they read the input and the way they print the result. However, the logic of determining the winner is the same.""
}",1
2013_0_1,84294,2013_0_1,88116,CLONE,2026-07-09 01:24:29,"{
  ""answer"": ""YES-SIMILAR"",
  ""explanation"": ""Both code snippets are designed to determine the winner of a tic-tac-toe game. They both iterate over a 4x4 grid, check for wins, and print the result. The main differences are in the implementation details, such as the use of a HashSet in the second code snippet to store the board positions and the use of a BufferedReader and PrintWriter in the second code snippet. However, the overall logic and the goal of the code is the same, which means they are functionally similar.""
}",2
2013_0_1,84294,2013_0_1,124226,CLONE,2026-07-09 01:24:32,"ANSWER: YES-SIMILAR
EXPLANATION: 
The two code snippets appear to be similar in functionality, despite some differences in syntax and structure. Both code snippets are implementing a Tic Tac Toe game logic. They both handle input from the user, parse it, and determine the winner of the game. They both check for four different types of wins (rows, columns, diagonals, and overall win). They both handle the case where the game is not completed and the case where the game is a draw. The main differences are in the way they handle the game logic and the user input, but the overall functionality is the same.",3
2013_0_1,58633,2013_0_1,124149,CLONE,2026-07-09 01:24:37,"{
  ""answer"": ""YES-SIMILAR"",
  ""explanation"": ""Both code snippets are implementing a tic-tac-toe game logic. They both read input from a file, process the input, and determine the winner of the game. They both check for rows, columns, and diagonals to determine if a player has won. The main logic is the same, even though the implementation details differ. The first code snippet uses a 2D array to represent the board, while the second code snippet uses two 2D arrays, one for X and one for O. The second code snippet also uses a PrintWriter to write the result to a file, while the first code snippet uses a BufferedWriter to write to a file. The overall functionality of the code snippets is the same, making them functionally similar.""
}",4
2013_0_1,58633,2013_0_1,88116,CLONE,2026-07-09 01:24:40,"{
  ""answer"": ""YES-SIMILAR"",
  ""explanation"": ""Both code snippets appear to be implementing a Tic Tac Toe game. They both read input from a file, process it, and output the result. The main differences are in the implementation details, such as the way the game board is represented and how the winning conditions are checked, but the overall functionality appears to be the same.""
}",5
2013_0_1,58633,2013_0_1,124226,CLONE,2026-07-09 01:24:44,"ANSWER: YES-SIMILAR
EXPLANATION: 
The two Java code snippets are functionally similar. Both code snippets are solving the same problem, which is a game of Tic-Tac Toe. The code snippets are using different approaches, but the logic and the goal of the code is the same. Both code snippets are checking for a win in the game, and they are checking for different winning conditions, such as a row, a column, a diagonal, and the game being a draw. The code snippets also have the same structure, with a for loop that iterates over the cases of the game. The code snippets also have the same function, which is to write the result of the game to a file.",6
2013_0_1,124149,2013_0_1,88116,CLONE,2026-07-09 01:24:49,"{
  ""answer"": ""YES-SIMILAR"",
  ""explanation"": ""Both code snippets are solving a similar problem of determining the winner of a tic-tac-toe game. They both read input from a file, parse it into a set of strings, and then check for wins. The main logic of the two code snippets is essentially the same, with the only difference being the way they handle the input and output. The QualA class uses a HashSet to store the strings and then checks for wins by comparing the strings in the set to predefined winning combinations. The Main class uses a 2D array to store the board and then checks for wins by iterating over the rows, columns, and diagonals. Both code snippets achieve the same result, but they use different approaches to do so.""
}",7
2013_0_1,124149,2013_0_1,124226,CLONE,2026-07-09 01:24:52,"{
  ""answer"": ""YES-SIMILAR"",
  ""explanation"": ""Both code snippets are implementing a game of Tic-Tac Toe. They both read the input from a file, fill in the grid, and then check for a win. They both check for wins in rows, columns, and diagonals. They both have a condition to check for a draw if no one has won and there are no empty spaces left on the grid. The code snippets are structured differently, but they achieve the same functionality.""
}",8
2013_0_1,88116,2013_0_1,124226,CLONE,2026-07-09 01:24:56,"{
  ""answer"": ""YES-SIMILAR"",
  ""explanation"": ""Both code snippets are solving the same problem, which is to determine the winner of a game where two players, X and O, are playing on a 4x4 grid. The code snippets are checking for a win condition in both the rows, columns, and diagonals, and then print the result. The logic and structure of the code are different, but the overall functionality is the same. The main differences are in the way the win conditions are checked and the way the grid is represented, but the core logic of determining the winner is the same.""
}",9
2013_0_2,95524,2013_0_2,44471,CLONE,2026-07-09 01:24:59,"{
  ""answer"": ""YES-SIMILAR"",
  ""explanation"": ""Both code snippets are implementing the same algorithm to determine if a grid of numbers can be filled with a single value, specifically the lowest value. They both use a similar approach to iterate over the grid, checking for rows and columns that contain the lowest value. They both use a boolean array to track whether each cell is possible or not. The main difference is in the implementation details, such as the use of Java arrays and the Scanner class, but the overall logic is the same.""
}",10
2013_0_2,95524,2013_0_2,55421,CLONE,2026-07-09 01:25:02,"{
  ""answer"": ""YES-SIMILAR"",
  ""explanation"": ""Both code snippets are solving the same problem, which is to check if a given lawn mower problem is solvable or not. The main difference between the two code snippets is in the approach they use to solve the problem. The first code snippet uses a brute-force approach by scanning all possible cases, while the second code snippet uses a more efficient approach by using a function to find if a bad pattern exists. Both code snippets achieve the same result, but they differ in the way they achieve it.""
}",11
2013_0_2,95524,2013_0_2,90919,CLONE,2026-07-09 01:25:06,"{
  ""answer"": ""YES-SIMILAR"",
  ""explanation"": ""Both code snippets are designed to read input from a file, read the dimensions of a grid, and check if a given grid meets a certain condition. The condition is related to the maximum values in each row and column. The code snippets have different approaches to solving this problem, but they achieve the same goal. They both use a similar structure to read the input, create a grid, and check the condition. The main difference lies in the way they handle the condition, but the overall functionality is similar.""
}",12
2013_0_2,95524,2013_0_2,114653,CLONE,2026-07-09 01:25:09,"{
  ""answer"": ""YES-SIMILAR"",
  ""explanation"": ""Both code snippets appear to be implementing the same algorithm to determine if a given grid is possible to fill with increasing values from left to right and top to bottom. They both iterate over the grid, checking for valid and invalid values, and then determine if the grid can be filled. The main difference is in the implementation details, such as the way the grid is initialized and how the solution is checked. However, the overall logic and purpose of the code is the same.""
}",13
2013_0_2,44471,2013_0_2,55421,CLONE,2026-07-09 01:25:13,"{
  ""answer"": ""YES-SIMILAR"",
  ""explanation"": ""Both code snippets are implementing the same problem, checking if a lawn mower can mow a lawn without mowing a row or a column. They both read input from a file, process the input to find if there are any rows or columns that the lawn mower cannot mow, and return whether or not the lawn mower can mow the lawn. They use similar algorithms to solve the problem, checking for rows and columns that are not possible to mow. The main difference is in the implementation details, such as the way they read the input file and the way they solve the problem, but the overall logic is the same.""
}",14
2013_0_2,44471,2013_0_2,90919,CLONE,2026-07-09 01:25:16,"{
  ""answer"": ""YES-SIMILAR"",
  ""explanation"": ""Both code snippets are designed to determine whether a grid of integers is possible for a given number to be the minimum value in all cells. They both iterate over the grid, checking if all cells are equal to the minimum value, and print YES or NO depending on the result. The main difference between the two snippets is in the way they handle the grid and the minimum value, but the overall logic is the same.""
}",15
2013_0_2,44471,2013_0_2,114653,CLONE,2026-07-09 01:25:22,"{
  ""answer"": ""YES-SIMILAR"",
  ""explanation"": ""Both code snippets are implementing a solution to the same problem, which is to determine if all cells in a 2D grid are the same. The problem is to find all cells that are the same as the minimum value in the grid. Both code snippets use a similar approach by iterating over the grid and checking if all cells in each row and column are equal to the minimum value. The code snippets use similar variable names and logic to solve the problem. The main difference is in the way they handle the problem, with the first code snippet using a Scanner to read the input and a PrintWriter to write the output, while the second code snippet uses a Scanner to read the input and a PrintWriter to write the output. However, the overall logic and purpose of the code is the same, indicating that the two code snippets are functionally similar.""
}",16
2013_0_2,55421,2013_0_2,90919,CLONE,2026-07-09 01:25:25,"{
  ""answer"": ""YES-SIMILAR"",
  ""explanation"": ""Both code snippets are solving the same problem, which is to find if a lawn is bad. They both read input from a file, parse it, and determine if the lawn is bad or not. The logic is very similar, with both code snippets using a similar approach to check for bad rows and columns in the lawn. The main difference is in the way they handle the input and output, but the overall logic is the same.""
}",17
2013_0_2,55421,2013_0_2,114653,CLONE,2026-07-09 01:25:28,"{
  ""answer"": ""YES-SIMILAR"",
  ""explanation"": ""Both code snippets appear to be solving the same problem, which is to determine if a given lawn or garden is safe from bad mowers. The code snippets use similar approaches, including reading input from a file, parsing the input to create a 2D array, and then checking for bad mowers. The main differences are in the implementation details, such as the use of different file I/O methods and the specific logic used to solve the problem. However, the overall structure and functionality of the two code snippets appear to be similar.""
}",18
2013_0_2,90919,2013_0_2,114653,CLONE,2026-07-09 01:25:33,"{
  ""answer"": ""YES-SIMILAR"",
  ""explanation"": ""Both code snippets are designed to solve the same problem, which is to check if a given matrix is all ones. The main functionality of both code snippets is to read a matrix from a file, check if it is all ones, and print YES or NO based on the result. The code snippets use similar structures, such as using a Scanner to read the matrix and a PrintWriter to print the result. The solve method in both code snippets is used to check if the matrix is all ones, and it uses similar logic to achieve this. The only difference between the two code snippets is the way they handle the matrix and the way they print the result.""
}",19
2013_0_3,55548,2013_0_3,94901,CLONE,2026-07-09 01:25:37,"{
  ""answer"": ""YES-SIMILAR"",
  ""explanation"": ""Both code snippets aim to generate and store a list of numbers that are the square of a string of characters. They both use a similar approach to generate these numbers. The first code snippet uses a recursive approach to generate the numbers, while the second code snippet uses a loop to generate the numbers. Both code snippets also use a similar approach to store and sort the generated numbers. The main difference between the two code snippets is in the way they handle the generation of the numbers, but they both achieve the same goal. They both aim to find the number of solutions between two given numbers in a list of generated numbers, and they both use a similar approach to do so. Therefore, they are functionally similar.""
}",20
2013_0_3,55548,2013_0_3,78294,CLONE,2026-07-09 01:25:42,"{
  ""answer"": ""YES-SIMILAR"",
  ""explanation"": ""Both code snippets appear to be implementing a solution to the same problem, which is to find the number of perfect squares between two given numbers. The code snippets use different approaches, but they both achieve the same goal. The first code snippet uses a brute-force approach by generating all possible perfect squares and checking if they are within the given range. The second code snippet uses a more efficient approach by generating palindromic numbers and checking if they are perfect squares. The similarity between the two code snippets lies in the fact that both of them are trying to find the number of perfect squares within a given range, even though they use different methods to achieve this goal.""
}",21
2013_0_3,55548,2013_0_3,118052,CLONE,2026-07-09 01:25:46,"{
  ""answer"": ""YES-SIMILAR"",
  ""explanation"": ""Both code snippets deal with finding solutions to a problem related to squares of numbers, specifically finding the number of squares between two given numbers. The code snippets use similar logic and algorithms to find these solutions. The main difference is in the way they are implemented, with the first code snippet using a more complex and involved algorithm to generate solutions, while the second code snippet uses a simpler approach based on a binary search and a hash set. However, the overall goal and the functionality of the two code snippets are the same, indicating that they are functionally similar.""
}",22
2013_0_3,55548,2013_0_3,83531,CLONE,2026-07-09 01:25:49,"{
  ""answer"": ""YES-SIMILAR"",
  ""explanation"": ""Both code snippets are designed to find the number of palindromes in a certain range. They both use a brute-force approach to find the palindromes. The first code snippet uses a binary search to find the number of palindromes in a list of pre-calculated solutions, while the second code snippet uses a naive approach to calculate the number of palindromes directly. Although the two code snippets have different approaches and structures, they both achieve the same goal of finding the number of palindromes in a certain range.""
}",23
2013_0_3,94901,2013_0_3,78294,CLONE,2026-07-09 01:25:53,"{
  ""answer"": ""YES-SIMILAR"",
  ""explanation"": ""Both code snippets are designed to find the number of perfect square numbers within a given range. The first code snippet uses a brute force approach to generate all perfect squares and then checks if they are within the given range. The second code snippet uses a more efficient approach by precomputing a list of perfect squares and then checking if they are within the given range. Both code snippets achieve the same result, but the second code snippet uses a more efficient algorithm.""
}",24
2013_0_3,94901,2013_0_3,118052,CLONE,2026-07-09 01:25:56,"{
  ""answer"": ""YES-SIMILAR"",
  ""explanation"": ""Both code snippets are implementing a solution for a problem where they are finding and counting square numbers that are palindromes within a certain range. The first code snippet is designed to read from a file and the second is designed to read from the standard input. They both iterate over numbers, check if they are palindromes, and then count the number of palindromic squares in a certain range. The main logic of the code is the same, despite some differences in the implementation details.""
}",25
2013_0_3,94901,2013_0_3,83531,CLONE,2026-07-09 01:26:00,"{
  ""answer"": ""DONT-KNOW"",
  ""explanation"": ""The two code snippets appear to be implementing different tasks and algorithms, and while they share some similarities in structure and syntax, it's not immediately clear if they achieve the same functional outcome. The first snippet appears to be solving a problem related to finding perfect squares within a certain range, while the second snippet appears to be implementing a naive algorithm for finding perfect squares. The use of similar data structures and methods suggests a possible similarity in overall approach, but without more context or a clear understanding of the specific problem being solved, it's difficult to determine if they are functionally similar.""
}",26
2013_0_3,78294,2013_0_3,118052,CLONE,2026-07-09 01:26:04,"{
  ""answer"": ""YES-SIMILAR"",
  ""explanation"": ""Both code snippets are functionally similar because they both solve the same problem: finding the number of perfect square numbers within a given range. Both code snippets use a similar approach: they both iterate over a range of numbers, check if each number is a palindrome, and count the number of palindromic numbers within the given range. The main difference between the two code snippets is in the implementation details, such as the use of a HashSet in the second code snippet and a predefined array in the first code snippet, but the overall logic is the same.""
}",27
2013_0_3,78294,2013_0_3,83531,CLONE,2026-07-09 01:26:08,"{
  ""answer"": ""YES-SIMILAR"",
  ""explanation"": ""Both code snippets are solving the same problem, which is to find the number of squares between two given numbers. They use different approaches to achieve this goal, but the end result is the same. Both code snippets calculate the number of perfect squares between two given numbers, and the output is the same for the same input. The main difference between the two code snippets is in the way they calculate the perfect squares. The first code snippet uses a predefined array of perfect squares, while the second code snippet calculates the perfect squares using a naive approach. The second code snippet also uses a memoization technique to store the results of previously calculated perfect squares, which is not present in the first code snippet.""
}",28
2013_0_3,118052,2013_0_3,83531,CLONE,2026-07-09 01:26:12,"{
  ""answer"": ""YES-SIMILAR"",
  ""explanation"": ""Both code snippets are solving the same problem, finding the number of perfect squares between two given values. They use a similar approach, using a hash set to store the perfect squares and then counting the number of elements in the set that are within the given range. The code snippets are implementing the same logic, but with different structures and syntax. The main differences are in the way the perfect squares are generated and the way the input is read from the file. However, the overall functionality is the same.""
}",29
2013_1_1,35305,2013_1_1,30788,CLONE,2026-07-09 01:26:15,"{
  ""answer"": ""YES-SIMILAR"",
  ""explanation"": ""Both code snippets are implementing the same algorithm to find the largest number that can be expressed as the sum of powers of a number r. They both use a binary search to find the maximum value of m that satisfies the condition that the sum of the powers of m is less than or equal to t. The code snippets are using different variable names and syntax, but they are structurally and logically similar. The variable names and syntax differences do not change the functionality of the code.""
}",30
2013_1_1,35305,2013_1_1,30610,CLONE,2026-07-09 01:26:18,"{
  ""answer"": ""NO-NOT-SIMILAR"",
  ""explanation"": ""The two code snippets appear to be implementing different tasks. The first snippet is solving a problem related to finding the nth term of a binary search, while the second snippet seems to be providing utility functions for input/output operations, mathematical calculations, and error handling. The code structures, syntax, and the problems being solved are quite different, suggesting that they are not functionally similar.""
}",31
2013_1_1,35305,2013_1_1,30305,CLONE,2026-07-09 01:26:21,"{
  ""answer"": ""YES-SIMILAR"",
  ""explanation"": ""Both code snippets are implementing the same algorithm to find the closest integer to a given number. The first snippet is implementing a binary search to find the closest integer, while the second snippet is implementing a square root to find the closest integer. The main goal of both code snippets is to find the closest integer to a given number, which means they are functionally similar.""
}",32
2013_1_1,35305,2013_1_1,40715,CLONE,2026-07-09 01:26:23,"ANSWER: 
{
  ""answer"": ""YES-SIMILAR"",
  ""explanation"": ""Both code snippets are solving the same problem, finding the maximum number of whole numbers between two given numbers, but with different approaches. The first snippet is using a binary search algorithm, while the second snippet is using a mathematical formula to find the answer. Both code snippets are functionally similar because they achieve the same goal, but with different methods.""
}",33
2013_1_1,30788,2013_1_1,30610,CLONE,2026-07-09 01:26:27,"{
  ""answer"": ""YES-SIMILAR"",
  ""explanation"": ""Both code snippets are functionally similar. They both appear to be implementing the same functionality, which is to read input, solve a problem, and output the solution. The code snippets have some differences in syntax and structure, but they both achieve the same goal. The main functionality of both code snippets appears to be the same, and they both use similar logic to solve the problem. However, the second code snippet has additional features such as file I/O, error handling, and utility methods for mathematical functions.""
}",34
2013_1_1,30788,2013_1_1,30305,CLONE,2026-07-09 01:26:29,"ANSWER: YES-SIMILAR
EXPLANATION: 
The two code snippets are functionally similar because they both solve the same problem, finding the square root of a number and then calculating the value of a variable 'n'. The main differences are in the implementation details, such as the way they read input numbers and the way they calculate the square root. However, the overall functionality and the end result of both code snippets are the same.",35
2013_1_1,30788,2013_1_1,40715,CLONE,2026-07-09 01:26:33,"{
  ""answer"": ""YES-SIMILAR"",
  ""explanation"": ""Both code snippets are solving the same problem, which is to find the number of throws it takes for a ball to land on the ground. They both read the input from a file, calculate the number of throws, and print the result. The two code snippets use different methods to calculate the number of throws, but the end result is the same. The first code snippet uses the quadratic equation to calculate the number of throws, while the second code snippet uses a loop to find the number of throws. Both code snippets are functionally similar.""
}",36
2013_1_1,30610,2013_1_1,30305,CLONE,2026-07-09 01:26:36,"{
  ""answer"": ""YES-SIMILAR"",
  ""explanation"": ""Both code snippets are functionally similar because they both appear to be implementing similar functionality. Both code snippets seem to be reading input from a file, performing some calculations, and printing output. They also have similar methods for reading and writing to files, as well as for performing mathematical operations such as square root and cosine. The main difference between the two code snippets is the structure and syntax, but the functionality appears to be the same.""
}",37
2013_1_1,30610,2013_1_1,40715,CLONE,2026-07-09 01:26:38,"{
  ""answer"": ""YES-SIMILAR"",
  ""explanation"": ""Both code snippets are functionally similar because they both read from a file, perform some calculations, and write to an output file. They both use similar data structures and methods to achieve their goals. The main differences are in syntax and structure, but the overall functionality is the same.""
}",38
2013_1_1,30305,2013_1_1,40715,CLONE,2026-07-09 01:26:41,"{
  ""answer"": ""YES-SIMILAR"",
  ""explanation"": ""Both code snippets are designed to solve the same problem, which is to find the minimum number of steps required to cover a certain distance. The main logic of both code snippets is similar, which involves reading input values, calculating the number of steps, and printing the result. The differences in syntax and structure are due to the use of different programming languages and libraries. However, the overall functionality of both code snippets is the same.""
}",39
2014_0_2,107403,2014_0_2,81302,CLONE,2026-07-09 01:26:49,"{
  ""answer"": ""YES-SIMILAR"",
  ""explanation"": ""Both code snippets are designed to solve the same problem. They both calculate the total time it takes for a farmer to harvest a farm. The code snippets use a similar algorithm to calculate the time it takes for the farmer to harvest the farm. The algorithm is based on the formula: time = (c / rate) + (x / rate + x / (rate + f)), where c is the distance the farmer needs to travel, rate is the speed of the farmer, f is the additional speed, and x is the distance of the farm. The code snippets use a while loop to calculate the time it takes for the farmer to harvest the farm. The loop continues until the time it takes for the farmer to harvest the farm is greater than the distance the farmer needs to travel plus the distance of the farm. The code snippets also use a PrintStream to write the result to a file. The only difference between the two code snippets is the way they handle the input and output. Code snippet 1 uses a Scanner to read the input from a file and a PrintStream to write the result to a file. Code snippet 2 uses a Scanner to read the input from a file and",40
2014_0_2,107403,2014_0_2,27351,CLONE,2026-07-09 01:26:52,"{
  ""answer"": ""YES-SIMILAR"",
  ""explanation"": ""Both code snippets are solving the same problem, which is to find the time it takes to buy a farm. They both use a while loop to calculate the time, and both are using the same logic to update the rate. The only difference is in the variable names and the file input/output. The code snippets are essentially doing the same thing, just with different variable names and file locations.""
}",41
2014_0_2,107403,2014_0_2,41018,CLONE,2026-07-09 01:26:55,"{
  ""answer"": ""YES-SIMILAR"",
  ""explanation"": ""Both code snippets are implementing a solution to a problem involving a farmer cutting a field. The code snippets are functionally similar because they both calculate the time it takes for the farmer to cut the field. They both use a loop to increment the farmer's speed and calculate the time it takes to cut the field. The only difference is the way they read the input and write the output, but the logic of the algorithm is the same.""
}",42
2014_0_2,107403,2014_0_2,110678,CLONE,2026-07-09 01:26:59,"{
  ""answer"": ""YES-SIMILAR"",
  ""explanation"": ""Both code snippets are solving the same problem, which is to find the time it takes to win a certain number of cookies. The code snippets are structurally similar, both using a while loop to calculate the time. They also both use a Scanner object to read input from the console. The logic of the while loop is the same, with the rate being increased by F in each iteration. The time is calculated in both code snippets and printed to the console. The only difference is in the variable names and the way they are used, but the overall functionality is the same.""
}",43
2014_0_2,81302,2014_0_2,27351,CLONE,2026-07-09 01:27:01,"{
  ""answer"": ""YES-SIMILAR"",
  ""explanation"": ""Both code snippets are implementing the same algorithm to calculate the time taken to buy a farm. They both use a while loop to repeatedly buy the farm and update the speed. The code snippets use different variables and data structures, but the overall logic is the same.""
}",44
2014_0_2,81302,2014_0_2,41018,CLONE,2026-07-09 01:27:04,"{
  ""answer"": ""YES-SIMILAR"",
  ""explanation"": ""Both code snippets are solving the same problem, which is to calculate the time it takes to reach a goal with a given speed and cost. Both code snippets use a while loop to increase the speed until the time it takes to reach the goal is less than or equal to the time it takes to reach the farm. The main difference is in the way they parse the input and handle the output, but the core logic is the same.""
}",45
2014_0_2,81302,2014_0_2,110678,CLONE,2026-07-09 01:27:09,"{
  ""answer"": ""YES-SIMILAR"",
  ""explanation"": ""Both code snippets are implementing a solution to the same problem. They are both designed to calculate the time taken to win a certain number of cookies based on a given rate of consumption and the cost of a farm. The main logic of both snippets is to calculate the time taken to win a certain number of cookies without a farm and with a farm, and then return the total time taken. The snippets use a while loop to calculate the time taken with and without the farm, and they both use the same mathematical formula to calculate the time taken. The main difference between the two snippets is the way they read the input values and the way they print the output values, but the core logic of both snippets is the same.""
}",46
2014_0_2,27351,2014_0_2,41018,CLONE,2026-07-09 01:27:12,"{
  ""answer"": ""YES-SIMILAR"",
  ""explanation"": ""Both code snippets are designed to solve a problem where a farmer needs to buy a certain amount of cookies. The goal is to find the minimum time it takes to buy the cookies. The code snippets use a similar approach to solve the problem, which is to use a while loop to calculate the minimum time. The code snippets use different variables and data types, but the logic and algorithm are the same. The main difference is that the code snippets are written in different ways, but the functionality is the same.""
}",47
2014_0_2,27351,2014_0_2,110678,CLONE,2026-07-09 01:27:15,"{
  ""answer"": ""YES-SIMILAR"",
  ""explanation"": ""Both code snippets are solving the same problem, which is to find the minimum time to win a certain number of cookies. They both use a loop to calculate the time it takes to win the cookies. The main difference is in the way they implement the loop and the variables used, but the overall logic is the same. The code snippets are functionally similar.""
}",48
2014_0_2,41018,2014_0_2,110678,CLONE,2026-07-09 01:27:18,"{
  ""answer"": ""YES-SIMILAR"",
  ""explanation"": ""Both code snippets are solving the same problem, which is to determine the time it takes to reach a goal given a certain rate and cost. The problem seems to be a classic example of a dynamic programming problem. Both code snippets use a while loop to increment the rate and calculate the time taken to reach the goal. The logic and algorithm used in both code snippets are identical, which suggests that they are functionally similar. The main difference between the two code snippets is the syntax and structure, but the core logic remains the same.""
}",49
2014_0_3,108079,2014_0_3,27551,CLONE,2026-07-09 01:27:23,"ANSWER: YES-SIMILAR
EXPLANATION: 
Both code snippets are solving the same problem of placing mines in a grid such that there is exactly one cell that contains a bomb and the rest of the cells are empty or contain a mine. They both have the same main goal of placing mines in a grid in a way that the number of empty cells is equal to the number of mines. They use different approaches to achieve this goal, with the first code snippet using a knapsack algorithm and the second code snippet using a more direct approach. However, the overall goal and the end result of both code snippets are the same, which is to place the mines in a way that there is exactly one cell with a bomb and the rest are empty or contain a mine.",50
2014_0_3,108079,2014_0_3,99421,CLONE,2026-07-09 01:27:29,"ANSWER: YES-SIMILAR
EXPLANATION: Both code snippets are attempting to solve the Minesweeper problem, where the goal is to find all the hidden mines in a grid. They use similar strategies to determine the location of mines, such as using a knapsack algorithm to select the optimal placement of mines. The code snippets also have similar variable names, such as ""R"", ""C"", and ""M"" for the number of rows, columns, and mines, respectively. The data structures used, such as arrays and sets, are also similar. The overall structure of the code is also similar, with both code snippets having a main method or function that takes the input parameters and returns the solution. The main difference between the two code snippets is the implementation details, such as the specific algorithms used and the way the data is structured. However, the overall functionality of the code is similar, indicating that the two code snippets are functionally similar.",51
2014_0_3,108079,2014_0_3,22792,CLONE,2026-07-09 01:27:33,"ANSWER: DONT-KNOW
EXPLANATION: The two code snippets appear to be implementing different
solutions for a minesweeper problem, but without a clear understanding of
the problem, it's difficult to determine if they are functionally similar.
The first code snippet appears to be implementing a knapsack algorithm,
while the second code snippet appears to be implementing a different
algorithm for placing mines in a grid. Without more context or a clear
understanding of the problem, it's difficult to determine if the two code
snippets are functionally similar or not.",52
2014_0_3,108079,2014_0_3,71973,CLONE,2026-07-09 01:27:36,"ANSWER: {
  ""answer"": ""YES-SIMILAR"",
  ""explanation"": ""Both code snippets appear to be solving the same problem, which is to place mines in a grid such that the number of mines is equal to the number of cells. The main differences are in the implementation, with the first code using a knapsack algorithm and the second code using a different approach. However, the overall functionality of both codes appears to be the same, and they achieve the same result.""
}",53
2014_0_3,27551,2014_0_3,99421,CLONE,2026-07-09 01:27:40,"ANSWER: YES-SIMILAR
EXPLANATION: Both code snippets are implementing the Minesweeper game, where the goal is to find all the mines in a grid with a given number of rows and columns. The code snippets are using different approaches to solve the problem, but they are achieving the same goal. Both snippets are using a similar algorithm to place the mines in the grid, with the goal of making it easier for the player to find all the mines. The main difference between the two snippets is the approach used to place the mines, with the first snippet using a more traditional approach and the second snippet using a more complex and multi-threaded approach.",54
2014_0_3,27551,2014_0_3,22792,CLONE,2026-07-09 01:27:44,"ANSWER: YES-SIMILAR
EXPLANATION: Both code snippets are implementing the Minesweeper game logic, specifically the placement of mines and the generation of the game board. The main differences are in the approach and implementation details, but the overall functionality and the purpose of the code is the same. Both code snippets aim to generate a Minesweeper game board with a given number of rows, columns, and mines, and to place the mines in a way that makes the game solvable. The placement of mines and the generation of the board are done using different algorithms, but the end result is the same. Therefore, the two code snippets are functionally similar.",55
2014_0_3,27551,2014_0_3,71973,CLONE,2026-07-09 01:27:49,"ANSWER: YES-SIMILAR
EXPLANATION: 
Both code snippets are implementing a game of minesweeper, where the goal is to clear all the minefields given certain rules and constraints. The first code snippet uses a BufferedReader to read the input from a file and a PrintWriter to write the output to another file, while the second code snippet uses a BufferedReader to read the input from a file and a PrintStream to write the output to a file. The main logic of both code snippets is the same, which is to fill in the minefields according to the rules of the game, and then print the final state of the game. The code snippets use different approaches to achieve this goal, but they are functionally similar.",56
2014_0_3,99421,2014_0_3,22792,CLONE,2026-07-09 01:27:53,"ANSWER: YES-SIMILAR
EXPLANATION: 
Both code snippets are implementing a solution to a minesweeper game, where the goal is to find all the mines on a grid with a given number of rows and columns. The code snippets are implementing different approaches to solve the problem, but they share the same overall structure and logic. They both use a similar data structure to represent the grid, and they both use a similar algorithm to place the mines and determine the possible locations of the mines. The code snippets also both use a similar approach to output the final solution. The main difference between the two code snippets is the implementation details, but the overall logic and structure is the same.",57
2014_0_3,99421,2014_0_3,71973,CLONE,2026-07-09 01:27:58,"ANSWER: YES-SIMILAR
EXPLANATION: 
Both code snippets are implementing a program to solve a minesweeper problem, where the goal is to place the fewest number of mines in a grid such that no row or column contains both a mine and a non-mine. The code snippets use a similar algorithm to solve the problem. They both start by initializing a grid and then use a combination of strategies to place mines and non-mines. The strategies include trying to place mines in the middle of the grid, trying to place non-mines in the middle of the grid, and trying to balance the number of mines and non-mines in each row and column. Both code snippets also have a similar data structure to keep track of the number of mines and non-mines in each row and column.",58
2014_0_3,22792,2014_0_3,71973,CLONE,2026-07-09 01:28:03,"ANSWER: DONT-KNOW
EXPLANATION: The two code snippets appear to be solving different problems, with different inputs and outputs. The first code snippet seems to be solving a Minesweeper problem, where the goal is to place a certain number of mines in a grid in such a way that each cell is either a mine or a safe cell. The second code snippet appears to be solving a problem where the goal is to find a path in a grid that has a certain number of ""tiles"" that are marked as either ""*"" or ""."". The two code snippets use different data structures and algorithms, and the problem domains are different. Therefore, it is not clear if they are functionally similar.",59
2014_2_1,124976,2014_2_1,115332,CLONE,2026-07-09 01:28:09,"{
  ""answer"": ""YES-SIMILAR"",
  ""explanation"": ""Both code snippets are solving the same problem, which is to determine if a string sequence is Fegla won or not. They both use a similar approach to solve this problem. The first code snippet uses a BufferedReader to read the input and a StringBuffer to store the answer. The second code snippet uses a Scanner to read the input and a PrintWriter to store the answer. Both code snippets use similar logic to determine if a string sequence is Fegla won or not, which is to count the number of occurrences of each character in the sequence and compare them with the occurrences in the previous string sequence. The second code snippet uses a HashSet to store the occurrences of each character, while the first code snippet uses an array to store the occurrences of each character. The two code snippets are similar because they both achieve the same result, which is to determine if a string sequence is Fegla won or not, even though they use different approaches.""
}",60
2014_2_1,124976,2014_2_1,119554,CLONE,2026-07-09 01:28:16,"{
  ""answer"": ""YES-SIMILAR"",
  ""explanation"": ""Both code snippets are solving the same problem, which is to determine if a given set of strings (words) has a common character sequence. They both iterate over each string, comparing the current character to the previous one, and count the occurrences of each character. The similarity can be seen in the fact that they both use a 2D array to store the counts of each character in each string, and they both use a variable to keep track of the current index of the character in the current string. The main difference is in the way they handle the comparison of the strings and the calculation of the final result. The first code snippet uses a custom loop to compare the strings, while the second code snippet uses a list of Entity objects to store the character sequences and their counts. The solve method in the second code snippet calculates the final result by summing the absolute differences between the counts of each character in each string and the average count of that character in all strings. Both code snippets achieve the same goal of determining if a given set of strings has a common character sequence, which means they are functionally similar.""
}",61
2014_2_1,124976,2014_2_1,126555,CLONE,2026-07-09 01:28:19,"{
  ""answer"": ""YES-SIMILAR"",
  ""explanation"": ""Both code snippets appear to be implementing a solution to the same problem, which is to determine the number of moves required for one string to become another. The first snippet appears to be using a brute-force approach, while the second snippet is using a more efficient approach by comparing the first string to the others and calculating the minimum number of moves required. The code snippets have different implementations, but they achieve the same goal, which is to determine the minimum number of moves required for one string to become another.""
}",62
2014_2_1,124976,2014_2_1,125050,CLONE,2026-07-09 01:28:23,"{
  ""answer"": ""YES-SIMILAR"",
  ""explanation"": ""Both code snippets are solving the same problem, which is to determine whether a given sequence of strings is consistent or not. They both use a similar approach, iterating over the strings and comparing characters at each position. They both also use a similar data structure to store the counts of each character. The main difference is in the implementation, with the first code snippet using a StringBuffer and a 2D array to store the counts, while the second code snippet uses a StringTokenizer and a 2D array to store the counts. The overall logic is the same, and the results are the same. Therefore, the two code snippets are functionally similar.""
}",63
2014_2_1,115332,2014_2_1,119554,CLONE,2026-07-09 01:28:27,"{
  ""answer"": ""DONT-KNOW"",
  ""explanation"": ""The two code snippets appear to be implementing similar logic, but the implementation is different. The first code snippet uses a matrix to keep track of character frequencies, while the second code snippet uses a List of Entities, each containing a List of characters and a List of integers. The second code snippet also appears to be using a more complex algorithm to calculate the result, involving averages and minimums. However, without a clear understanding of the problem being solved, it is difficult to determine whether the two code snippets are functionally similar or not.""
}",64
2014_2_1,115332,2014_2_1,126555,CLONE,2026-07-09 01:28:34,"ANSWER: YES-SIMILAR
EXPLANATION: 
Both code snippets are solving the same problem, which is to find the minimum number of moves needed to find a string in a list of strings. The problem involves comparing the first string to the rest of the strings in the list and calculating the minimum number of moves needed to find the first string. The code snippets use different approaches to solve this problem, but they achieve the same goal. The first code snippet uses a matrix to keep track of the occurrences of each character in the first string and then calculates the minimum number of moves by summing the absolute differences between the occurrences of each character in the first string and the rest of the strings. The second code snippet uses a stack to keep track of the characters in the first string and then calculates the minimum number of moves by comparing the first string to the rest of the strings and summing the absolute differences between the lengths of the strings. Both code snippets achieve the same result, which is to find the minimum number of moves needed to find the first string in the list of strings.",65
2014_2_1,115332,2014_2_1,125050,CLONE,2026-07-09 01:28:38,"{
  ""answer"": ""YES-SIMILAR"",
  ""explanation"": ""Both code snippets are implementing the same task: to find the minimum sum of differences between the characters of a string. The TaskA class in the first code snippet and the main method in the second code snippet both achieve this task, despite having different structures and syntax. They both use a similar approach, where they first split the input string into a matrix of characters, and then find the minimum sum of differences between each row. The main difference between the two code snippets is in the way they handle the input and store the characters, but the overall logic is the same.""
}",66
2014_2_1,119554,2014_2_1,126555,CLONE,2026-07-09 01:28:42,"ANSWER: YES-SIMILAR
EXPLANATION: 
The two code snippets appear to be solving the same problem, which is to find the minimum number of moves to transform a given list of strings into a single string. Both code snippets use a similar approach, which involves counting the occurrences of each character in each string and then calculating the minimum number of moves based on the differences in the lengths of the strings. The two code snippets also share similar variable names and comments, suggesting that they are solving the same problem. However, there are some differences in the implementation, such as the use of different data structures (e.g., Java arrays vs. Java lists) and the way the minimum number of moves is calculated.",67
2014_2_1,119554,2014_2_1,125050,CLONE,2026-07-09 01:28:45,"{
  ""answer"": ""YES-SIMILAR"",
  ""explanation"": ""Both code snippets are functionally similar as they both solve the same problem of finding the minimum number of moves required for a player to win, which is based on the number of unique characters in each word and their frequencies. The main difference is in the way they handle the problem, with the first code snippet using a more complex data structure and algorithm, while the second code snippet uses a more straightforward approach. However, the overall functionality is the same.""
}",68
2014_2_1,126555,2014_2_1,125050,CLONE,2026-07-09 01:28:49,"{
  ""answer"": ""YES-SIMILAR"",
  ""explanation"": ""Both code snippets appear to be solving the same problem, which is to find the minimum number of moves to make a list of strings into a common format. The two code snippets have some minor differences in implementation, such as one uses a stack to keep track of characters in order, while the other uses an array to keep track of character counts. However, the overall logic and purpose of the code is the same, indicating that they are functionally similar.""
}",69
2014_3_1,141827,2014_3_1,137264,CLONE,2026-07-09 01:28:53,"{
  ""answer"": ""YES-SIMILAR"",
  ""explanation"": ""Both code snippets are solving a problem related to finding the power of 2 and finding the greatest common divisor. The first code snippet is using a binary search to find the power of 2, while the second code snippet is using a binary search to find the index of the power of 2 in an array. Both code snippets are solving the same problem, which is finding the power of 2. The second code snippet is using a different approach, but it is still solving the same problem. Therefore, the two code snippets are functionally similar.""
}",70
2014_3_1,141827,2014_3_1,138894,CLONE,2026-07-09 01:28:59,"ANSWER: YES-SIMILAR
EXPLANATION: 
The two code snippets are functionally similar because they both appear to be solving the same problem, which is to divide a given number by powers of 2 until it reaches a certain threshold. Both code snippets use a loop to repeatedly divide the number by 2 until it reaches the threshold, and both use a condition to check if the number is still divisible by 2. The code snippets also both use a variable to keep track of the number of iterations it takes to reach the threshold. The code snippets also both use a try-except block to handle any potential exceptions that may occur during execution. The main differences between the two code snippets are in the implementation details, such as the use of a Scanner and PrintStream in Code Snippet 1, and the use of a File and PrintStream in Code Snippet 2. However, the overall functionality of the code snippets is the same, and they achieve the same goal.",71
2014_3_1,141827,2014_3_1,136615,CLONE,2026-07-09 01:29:04,"{
  ""answer"": ""YES-SIMILAR"",
  ""explanation"": ""Both code snippets are designed to solve a problem related to finding the greatest common divisor (GCD) of two input numbers and determining whether the result can be represented using a certain number of steps or if it is impossible. The code snippets use a recursive approach to find the GCD, and both include a check to see if the result can be represented using a certain number of steps or if it is impossible. The code snippets also handle cases where the input numbers have different parities and include a check to see if the result can be represented using a certain number of steps or if it is impossible. The code snippets also include a check to see if the result can be represented using a certain number of steps or if it is impossible.""
}",72
2014_3_1,141827,2014_3_1,138529,CLONE,2026-07-09 01:29:08,"{
  ""answer"": ""YES-SIMILAR"",
  ""explanation"": ""Both code snippets are solving the same problem, which is to find the number of steps required to convert a fraction to its decimal representation. They both use a binary search algorithm to find the number of steps. The first code snippet uses a while loop to find the number of steps, while the second code snippet uses a function to find the number of steps. Both code snippets also use a variable to keep track of the number of steps. The two code snippets are functionally similar because they achieve the same result, which is to find the number of steps required to convert a fraction to its decimal representation.""
}",73
2014_3_1,137264,2014_3_1,138894,CLONE,2026-07-09 01:29:12,"{
  ""answer"": ""YES-SIMILAR"",
  ""explanation"": ""Both code snippets are functionally similar because they achieve the same task: finding the power of 2 that is closest to a given pair of numbers p and q. They both use a loop to repeatedly divide the larger number by 2 until it is less than the smaller number, and then return the index of the power of 2 that was reached. The code snippets also have similar error handling and input/output operations. However, the second code snippet uses a different method to check if a number is a power of 2, and it uses a different way to format the output. But the overall logic and functionality of the two code snippets are the same.""
}",74
2014_3_1,137264,2014_3_1,136615,CLONE,2026-07-09 01:29:17,"{
  ""answer"": ""YES-SIMILAR"",
  ""explanation"": ""Both code snippets are designed to find the smallest power of 2 that is greater than or equal to a given fraction. The code snippets use similar algorithms, with the first snippet using a binary search on an array of powers of 2, and the second snippet using a loop to find the smallest power of 2 that is greater than or equal to the fraction. The code snippets also both handle the case where the fraction is impossible to find a power of 2 that is greater than or equal to it. The only differences between the two code snippets are in the implementation details, such as the way the input is read and processed, and the way the output is written. Overall, the two code snippets are functionally similar, despite their differences in implementation details.""
}",75
2014_3_1,137264,2014_3_1,138529,CLONE,2026-07-09 01:29:21,"{
  ""answer"": ""YES-SIMILAR"",
  ""explanation"": ""Both code snippets are designed to solve the same problem, which is to find the power of 2 that is closest to a given ratio of two numbers. Both code snippets use a similar algorithm to find the power of 2, and both use a similar method to calculate the greatest common divisor of the two numbers. The code snippets also have similar output formats, with the same variable names and print statements. The main difference between the two code snippets is the way they handle the input and the way they calculate the power of 2, but these differences do not affect the functionality of the code. Therefore, the two code snippets are functionally similar.""
}",76
2014_3_1,138894,2014_3_1,136615,CLONE,2026-07-09 01:29:26,"{
  ""answer"": ""YES-SIMILAR"",
  ""explanation"": ""Both code snippets are designed to solve the same problem, which involves finding the smallest power of 2 that can be divided by two given input values P and Q. They both use a recursive approach to find the smallest power of 2 that can be divided by Q, with some optimization to reduce the number of iterations. The main logic of the code is similar, with the first snippet using a loop to divide Q by 2 until it is a power of 2, and the second snippet using a recursive function to find the GCD of P and Q and then dividing P by the GCD to reduce the number of iterations. However, the implementation details and the specific algorithm used are slightly different, but the overall functionality is the same.""
}",77
2014_3_1,138894,2014_3_1,138529,CLONE,2026-07-09 01:29:30,"{
  ""answer"": ""YES-SIMILAR"",
  ""explanation"": ""Both code snippets appear to be implementing the same logic to determine if a binary number can be reduced to 1 using a series of halving operations. The code snippets are solving the same problem, but with slightly different syntax and implementation details. The first snippet uses a Scanner to read input from a file and a PrintStream to write output to a file, while the second snippet uses a Scanner to read input from a file and a PrintWriter to write output to a file. The logic of the code, however, is the same: it iteratively divides the input numbers by 2 until they are reduced to 1 or the reduction is impossible.""
}",78
2014_3_1,136615,2014_3_1,138529,CLONE,2026-07-09 01:29:35,"{
  ""answer"": ""YES-SIMILAR"",
  ""explanation"": ""Both code snippets are solving the same problem, which is to find the number of times the maximum power of 2 can be divided into the given fraction P/Q. The code snippets use a similar algorithm to find the GCD of P and Q, and then use a while loop to find the number of times the maximum power of 2 can be divided into the GCD. The code snippets also use a similar variable to store the result of the calculation. The only difference between the two code snippets is the way they parse the input and the way they print the output. However, the core logic of the code is the same.""
}",79
2015_0_1,79967,2015_0_1,35102,CLONE,2026-07-09 01:29:39,"{
  ""answer"": ""YES-SIMILAR"",
  ""explanation"": ""Both code snippets are implementing a solution for the same problem, which is calculating the number of friends needed for people to stand. The main goal of both snippets is to calculate the total number of friends required for people to stand, based on their shyness levels. The code snippets use a similar algorithm to calculate the required number of friends, but they differ in the way they read the input and output the results. The first snippet reads from a file and writes the results to another file, while the second snippet reads from a file and writes the results to another file. The overall logic of the code is the same, which means they are functionally similar.""
}",80
2015_0_1,79967,2015_0_1,68106,CLONE,2026-07-09 01:29:41,"{
  ""answer"": ""YES-SIMILAR"",
  ""explanation"": ""Both code snippets are solving the same problem, calculating the number of extra seats needed for a concert. They both read input from a file, parse the input, and calculate the number of seats needed. The main differences are in the syntax and structure, but the logic is the same.""
}",81
2015_0_1,79967,2015_0_1,65869,CLONE,2026-07-09 01:29:44,"{
  ""answer"": ""YES-SIMILAR"",
  ""explanation"": ""Both code snippets are implementing a solution to the same problem, which is to read a file, parse the input, and write the output to another file. They both read the input from a file, parse it, and write the result to another file. The main difference is in the implementation details, such as the way the input is parsed and the way the result is written. However, the overall functionality is the same.""
}",82
2015_0_1,79967,2015_0_1,46754,CLONE,2026-07-09 01:29:48,"{
  ""answer"": ""YES-SIMILAR"",
  ""explanation"": ""Both code snippets are implementing a solution to a problem where they read input from a file, parse it, and then calculate the number of friends needed for a person to stand in a line. They both have a main method that reads the input from a file, and a solve method that calculates the number of friends needed. The solve method uses a loop to iterate over the input string and calculate the sum of the digits in the string. The printResult method in both code snippets is used to print the result. The main difference between the two code snippets is the way they read the input and the way they write the result, but the logic of the solve method is the same in both code snippets.""
}",83
2015_0_1,35102,2015_0_1,68106,CLONE,2026-07-09 01:29:53,"{
  ""answer"": ""YES-SIMILAR"",
  ""explanation"": ""Both code snippets are designed to solve the same problem, which is to calculate the number of friends required for a group of people to stand up. The code snippets have similar structure and logic, with the main difference being the implementation details. The first snippet uses a for loop to iterate over the shyness levels, while the second snippet uses a for loop to iterate over the people in the group. Both snippets use a variable to keep track of the number of people standing and the number of friends required. The second snippet uses a priority queue, but it's not necessary for the problem at hand, and can be removed. The output of both code snippets is the same, which is the number of friends required for the group to stand up. Therefore, they are functionally similar.""
}",84
2015_0_1,35102,2015_0_1,65869,CLONE,2026-07-09 01:29:57,"ANSWER: YES-SIMILAR
EXPLANATION: 
The two code snippets are functionally similar. Both code snippets are designed to solve a problem related to calculating the number of friends required to stand up from a chair based on shyness levels. Both code snippets use a similar approach to calculate the number of friends required, which involves iterating over the shyness levels, calculating the number of people at each level, and adding them to the current standing count. The main difference between the two code snippets is in the implementation details, such as the way the input is read and written to files, and the way the output is calculated. However, the overall logic and functionality of the code is the same.",85
2015_0_1,35102,2015_0_1,46754,CLONE,2026-07-09 01:30:03,"{
  ""answer"": ""YES-SIMILAR"",
  ""explanation"": ""Both code snippets are designed to calculate the number of friends required for a given audience to stand. The first code snippet uses a for loop to iterate over the shyness levels and calculate the number of friends required, while the second code snippet uses a for loop to iterate over the audience and calculate the number of friends required. The main difference between the two code snippets is the way they calculate the number of friends required, but the overall functionality is the same. The first code snippet calculates the number of friends required by adding the difference between the current shyness level and the number of people already standing, while the second code snippet calculates the number of friends required by adding the difference between the current shyness level and the sum of the previous shyness levels. Both code snippets are functionally similar, despite their differences in implementation.""
}",86
2015_0_1,68106,2015_0_1,65869,CLONE,2026-07-09 01:30:07,"{
  ""answer"": ""YES-SIMILAR"",
  ""explanation"": ""Both code snippets read input from a file, process it, and write the output to another file. They both use a BufferedReader to read the input file, a PrintWriter to write the output file, and a Scanner to read the input. They both use a loop to process the input, and they both calculate the same result, which is the sum of the numbers in the input string. The main difference is in the way they read the input and write the output, but the overall functionality is the same.""
}",87
2015_0_1,68106,2015_0_1,46754,CLONE,2026-07-09 01:30:10,"{
  ""answer"": ""YES-SIMILAR"",
  ""explanation"": ""Both code snippets are implementing a solution to the same problem, where they both read a string of characters from an input file, calculate the sum of the differences between consecutive characters, and print the final sum for each test case. The code snippets use different approaches, but they achieve the same result. The first code snippet uses a for loop to calculate the sum, while the second code snippet uses a for loop and a separate method to calculate the sum. Both code snippets also handle the case where the sum exceeds the previous value.""
}",88
2015_0_1,65869,2015_0_1,46754,CLONE,2026-07-09 01:30:15,"ANSWER: YES-SIMILAR
EXPLANATION: 
Both code snippets are designed to read input from a file, process it, and write the output to another file. They both have a main method and a class constructor. They both read the input from a file, split it into lines, and process each line. They both have a method to write the output to a file. The main difference between the two code snippets is the way they handle the input and the output. The first code snippet uses a BufferedReader and a BufferedWriter to read and write the input and output, while the second code snippet uses a Scanner and a BufferedWriter to read and write the input and output. However, the overall functionality of both code snippets is the same, they both read input, process it, and write the output.",89
2015_0_2,34257,2015_0_2,32722,CLONE,2026-07-09 01:30:19,"{
  ""answer"": ""YES-SIMILAR"",
  ""explanation"": ""Both code snippets solve the same problem, which is to find the minimum time required to finish all pancakes in a diner. The code snippets use a similar approach, using a priority queue to keep track of the pancakes and a loop to iterate over the pancakes. The logic and algorithm used to calculate the minimum time is also similar. However, the implementation details and syntax are different. The first code snippet uses a PriorityQueue to store the pancakes and a recursive function to calculate the minimum time, while the second code snippet uses an iterative approach to calculate the minimum time.""
}",90
2015_0_2,34257,2015_0_2,77145,CLONE,2026-07-09 01:30:21,"{
  ""answer"": ""DONT-KNOW"",
  ""explanation"": ""The two code snippets seem to be solving a different problem, with different input and output, making it difficult to determine if they are functionally similar. The first code snippet appears to be a solution to a problem involving pancakes, while the second code snippet appears to be a solution to a problem involving people and their heights.""
}",91
2015_0_2,34257,2015_0_2,72707,CLONE,2026-07-09 01:30:24,"{
  ""answer"": ""YES-SIMILAR"",
  ""explanation"": ""Both code snippets are implementing the same algorithm for solving a problem related to pancakes, where the goal is to find the minimum number of cuts required to cut the pancakes. The code snippets use a priority queue to manage the pancakes, and both implement a recursive approach to find the minimum number of cuts. The main difference is in the implementation details, such as the data structures used and the way the recursive function is implemented, but the overall logic and purpose of the code is the same.""
}",92
2015_0_2,34257,2015_0_2,68668,CLONE,2026-07-09 01:30:28,"{
  ""answer"": ""YES-SIMILAR"",
  ""explanation"": ""Both code snippets are implementing a solution to a pancake cutting problem. They both use a priority queue to store pancake objects. The first code snippet uses a custom class Pancake with methods to add and remove pancakes, while the second code snippet uses an array of integers to store pancakes. The main logic of both code snippets is to find the minimum number of cuts needed to cut all pancakes. The first code snippet uses a recursive approach, while the second code snippet uses an iterative approach. Both code snippets achieve the same result, which is to find the minimum number of cuts needed to cut all pancakes.""
}",93
2015_0_2,32722,2015_0_2,77145,CLONE,2026-07-09 01:30:33,"{
  ""answer"": ""YES-SIMILAR"",
  ""explanation"": ""Both code snippets are designed to solve the same problem, which is to find the minimum time required for a group of people to eat pancakes. The code snippets use similar logic to calculate the minimum time, which involves iterating over the array of people and their pancake sizes, and using a while loop to find the minimum time. The main difference between the two code snippets is the way they handle the input and output, but the core logic is the same. The first code snippet reads from a file and writes to a file, while the second code snippet reads from the console and writes to the console. However, the overall logic and the approach to solve the problem is the same.""
}",94
2015_0_2,32722,2015_0_2,72707,CLONE,2026-07-09 01:30:36,"{
  ""answer"": ""YES-SIMILAR"",
  ""explanation"": ""Both code snippets are designed to solve a problem related to finding the minimum time required to make pancakes in an infinite house. The code snippets use a similar approach, which involves calculating the minimum time required by iterating over the array of pancake sizes and dividing the pancakes into groups of the same size. The first code snippet uses a simple iterative approach, while the second code snippet uses a priority queue to find the minimum time. Despite the differences in implementation, both code snippets achieve the same result, which is the minimum time required to make pancakes.""
}",95
2015_0_2,32722,2015_0_2,68668,CLONE,2026-07-09 01:30:42,"{
  ""answer"": ""YES-SIMILAR"",
  ""explanation"": ""Both code snippets are designed to solve the same problem, which is to find the minimum time required to serve pancakes. The main logic of both code snippets is to iterate through all possible divisors of the maximum pancake size and calculate the minimum time required. The code snippets use similar algorithms to calculate the minimum time, which is the sum of the quotient and remainder of each pancake divided by the current divisor. The code snippets also handle the same input and output requirements, which are reading the input from a file and writing the output to a file for the first code snippet, and reading from the console and printing to the console for the second code snippet. The code snippets also have similar variable names and structure, such as the use of arrays to store the pancake sizes and the loop variables. Overall, the code snippets are functionally similar, despite some minor differences in syntax and structure.""
}",96
2015_0_2,77145,2015_0_2,72707,CLONE,2026-07-09 01:30:45,"{
  ""answer"": ""YES-SIMILAR"",
  ""explanation"": ""Both code snippets are solving the same problem, which is finding the minimum cost to move n people. They both use a greedy algorithm to find the minimum cost. The first code snippet uses a for loop to iterate through each person and find the maximum value, while the second code snippet uses a priority queue to find the minimum value. Both code snippets are functionally similar because they achieve the same result, despite using different approaches.""
}",97
2015_0_2,77145,2015_0_2,68668,CLONE,2026-07-09 01:30:49,"{
  ""answer"": ""YES-SIMILAR"",
  ""explanation"": ""Both code snippets are functionally similar because they solve the same problem. They both use a loop to iterate over a list of integers, calculate the sum of each integer minus one divided by a variable, and find the minimum of these sums. The only difference is in the way they structure the code and handle the input. Code Snippet 1 uses a Scanner object to read the input, while Code Snippet 2 uses a Scanner object as well but with a more modular approach. Additionally, Code Snippet 2 has a separate method for calculating the sum, which is not present in Code Snippet 1. However, the overall functionality remains the same.""
}",98
2015_0_2,72707,2015_0_2,68668,CLONE,2026-07-09 01:30:52,"{
  ""answer"": ""YES-SIMILAR"",
  ""explanation"": ""Both code snippets are implementing a solution to the same problem, which is to find the minimum number of flips required to flip the pancakes. The logic and algorithm used in both snippets are the same, even though they are implemented differently. Both snippets use a priority queue and iterate over a range of numbers to find the minimum number of flips required. The main difference between the two snippets is the way they read the input and the way they print the results, but the core logic remains the same.""
}",99
2015_0_3,74464,2015_0_3,88073,CLONE,2026-07-09 01:30:55,"{
  ""answer"": ""YES-SIMILAR"",
  ""explanation"": ""Both code snippets are implementing a solution to a problem involving evaluating the sign and character of a given expression, repeated a certain number of times. They use similar algorithms, with the first snippet using a table-based approach and the second snippet using a recursive approach. The overall logic and purpose of the code is similar, despite the differences in implementation details.""
}",100
2015_0_3,74464,2015_0_3,21597,CLONE,2026-07-09 01:30:58,"{
  ""answer"": ""YES-SIMILAR"",
  ""explanation"": ""Both code snippets are implementing a solution to a problem where they are trying to find a path in a graph. They both use a table to store the results of previous calculations, and they both use a recursive approach to find the path. The main difference is in the way they handle the input and the way they implement the recursive function, but the overall logic is the same.""
}",101
2015_0_3,74464,2015_0_3,62582,CLONE,2026-07-09 01:31:02,"ANSWER: YES-SIMILAR
EXPLANATION: 
Both code snippets appear to be implementing a solution to the same problem, specifically a variant of the ""four color theorem"" problem. The code snippets seem to be checking whether a given string can be colored using at most four colors. The main logic appears to be similar, with both code snippets using a recursive approach to try different combinations of colors. The main differences appear to be in the implementation details, such as the use of a `Scanner` object in the second code snippet and the use of a `StringBuilder` object to build a new string in the second code snippet. However, the overall logic and structure of the code appears to be similar.",102
2015_0_3,74464,2015_0_3,107238,CLONE,2026-07-09 01:31:06,"{
  ""answer"": ""YES-SIMILAR"",
  ""explanation"": ""Both code snippets solve the same problem, which is to determine if a given string of characters is a valid permutation of the characters 'i', 'j', and 'k'. They both use a similar approach, which involves calculating the product of the characters in the string and comparing it to a certain value. They also both use a table to calculate the product of two characters. The code snippets are not identical, but they achieve the same result, which means they are functionally similar.""
}",103
2015_0_3,88073,2015_0_3,21597,CLONE,2026-07-09 01:31:11,"{
  ""answer"": ""YES-SIMILAR"",
  ""explanation"": ""Both code snippets implement the Dijkstra's algorithm for a specific problem, which involves determining the final state of a string after a certain number of iterations. Both code snippets use a similar approach, which involves iterating over the input string and applying a transformation to the current character based on the previous character. The code snippets also use a similar logic to determine the final state of the string, which involves checking for the presence of certain characters. The main difference between the two code snippets is the implementation details, such as the use of a table in the second code snippet to look up the result of the transformation, and the use of a recursive function in the first code snippet. However, the overall logic and the approach are similar, which suggests that the two code snippets are functionally similar.""
}",104
2015_0_3,88073,2015_0_3,62582,CLONE,2026-07-09 01:31:16,"{
  ""answer"": ""YES-SIMILAR"",
  ""explanation"": ""Both code snippets implement a Dijkstra's algorithm to solve a problem related to a string manipulation. The algorithm involves a series of operations on a string, including replacing characters, concatenating strings, and evaluating the result. Both code snippets use a recursive approach to achieve this, with the first code snippet using a loop and the second code snippet using a recursive function. The logic and the steps taken in both code snippets are similar, indicating that they achieve the same goal, even though they differ in syntax and structure.""
}",105
2015_0_3,88073,2015_0_3,107238,CLONE,2026-07-09 01:31:19,"{
  ""answer"": ""DONT-KNOW"",
  ""explanation"": ""The two code snippets appear to be implementing similar functionality, but they use different approaches and data structures. The first snippet uses a recursive approach with a string-based implementation, while the second snippet uses a table-based approach. The code snippets also handle the problem of determining whether a given expression is valid in a different way. While they share a similar overall structure, the specifics of the implementation and the logic used to evaluate the expression are different. Therefore, it is not clear whether they are functionally similar or not.""
}",106
2015_0_3,21597,2015_0_3,62582,CLONE,2026-07-09 01:31:22,"{
  ""answer"": ""YES-SIMILAR"",
  ""explanation"": ""Both code snippets implement the Dijkstra algorithm to find the shortest path in a grid. They both use a similar approach to iterate over the grid and find the shortest path. The main difference is in the implementation details, such as the use of different data structures and algorithms. However, the overall logic and functionality of the code is similar.""
}",107
2015_0_3,21597,2015_0_3,107238,CLONE,2026-07-09 01:31:26,"{
  ""answer"": ""YES-SIMILAR"",
  ""explanation"": ""Both code snippets implement a Dijkstra's algorithm for a specific problem. The problem involves finding the product of a given sequence of characters. Both code snippets use a table to store the multiplication of characters. The table is used to calculate the product of two characters. The code snippets also both handle cases where the product of the sequence is greater than 4 and adjust the product accordingly. The code snippets also both check whether the product of the sequence is equal to 4 and return 'YES' if it is. The code snippets also both handle cases where the product of the sequence is not equal to 4 and return 'NO'.""
}",108
2015_0_3,62582,2015_0_3,107238,CLONE,2026-07-09 01:31:30,"{
  ""answer"": ""YES-SIMILAR"",
  ""explanation"": ""Both code snippets are implementing a solution to the same problem, which is to replace characters in a string with their corresponding values. They use a similar approach of replacing 'i' with '2', 'j' with '3', and 'k' with '4'. The code snippets also share a similar structure, with a main function and several utility functions. The main function iterates over a series of cases, and the utility functions perform the actual replacement and multiplication operations. The code snippets also use similar mathematical operations to calculate the product of two numbers. Overall, the two code snippets have a similar functionality and structure, indicating that they are functionally similar.""
}",109
2015_0_4,107149,2015_0_4,96734,CLONE,2026-07-09 01:31:35,"{
  ""answer"": ""YES-SIMILAR"",
  ""explanation"": ""Both code snippets are designed to determine the winner of a game, where the winner is determined by the size of the game board and the size of the omni. The code snippets use a similar approach, with a series of conditional statements to determine the winner. The logic in both code snippets is similar, with the goal of determining the winner based on the game board and omni size. The main difference between the two code snippets is the way they handle the game logic, with the first code snippet using a loop to iterate over the test cases, while the second code snippet uses a recursive approach to determine the winner. However, the overall functionality of the code snippets is similar, and they achieve the same result.""
}",110
2015_0_4,107149,2015_0_4,79014,CLONE,2026-07-09 01:31:39,"{
  ""answer"": ""YES-SIMILAR"",
  ""explanation"": ""Both code snippets are implementing a solution to the same problem, which is to determine whether Richard or Gabriel can win in a game of n-ominoes based on the given rectangle size. The code snippets have some differences in syntax and structure, but they achieve the same result. The first code snippet is using a more traditional approach with a switch statement, while the second code snippet is using a switch statement with a more complex logic. However, the logic is the same and the final output is the same. Both code snippets are checking the divisibility of the rectangle area by the number of n-ominoes and then applying different conditions to determine the winner.""
}",111
2015_0_4,107149,2015_0_4,21673,CLONE,2026-07-09 01:31:44,"ANSWER: YES-SIMILAR
EXPLANATION: 
Both code snippets are designed to read input from a file, parse the input, and write the output to another file. They both take the number of test cases as input, then loop through each case and perform some calculations based on the input values. The logic for determining what to write to the output file is similar in both snippets, with some variations in the specific conditions. The code in both snippets is focused on determining whether to write ""GABRIEL"" or ""RICHARD"" to the output file, based on certain conditions related to the input values. The conditions are slightly different, but the overall logic is similar, indicating that the two code snippets are functionally similar.",112
2015_0_4,107149,2015_0_4,77477,CLONE,2026-07-09 01:31:47,"{
  ""answer"": ""YES-SIMILAR"",
  ""explanation"": ""Both code snippets are functionally similar. They both read input from a file, process the input, and write the output to another file. The logic of the code is similar, as both snippets use if-else statements to determine the winner based on the input values. The main difference is in the way they parse the input and the way they determine the winner, but the overall functionality is the same.""
}",113
2015_0_4,96734,2015_0_4,79014,CLONE,2026-07-09 01:31:50,"{
  ""answer"": ""YES-SIMILAR"",
  ""explanation"": ""Both code snippets are functionally similar because they both determine the winner of a game between Richard and Gabriel, given the size of a rectangle and the number of squares in a given n-omino. Both code snippets use a combination of conditions to determine the winner, including checking if the area of the rectangle divides evenly into the number of squares in the n-omino, and checking the size of the n-omino relative to the rectangle. The code snippets use different approaches to determine the winner, but the underlying logic is the same.""
}",114
2015_0_4,96734,2015_0_4,21673,CLONE,2026-07-09 01:31:53,"{
  ""answer"": ""YES-SIMILAR"",
  ""explanation"": ""Both code snippets are implementing the same logic to determine who wins in a game of Omino. They both check for various conditions to determine the winner, including the number of squares, the dimensions of the board, and the type of omino. The conditions are similar, but the implementation differs slightly due to the use of different syntax and data structures. However, the overall logic and the conditions for determining the winner are identical.""
}",115
2015_0_4,96734,2015_0_4,77477,CLONE,2026-07-09 01:31:57,"{
  ""answer"": ""YES-SIMILAR"",
  ""explanation"": ""Both code snippets are designed to determine which player, RICHARD or GABRIEL, will win a game of Omino. They both take input values for the size of the board and the number of squares on the board and return the winner of the game. The logic for determining the winner is similar, with both code snippets checking for certain conditions to determine which player will win. The code snippets also handle exceptions and errors in a similar way. The main difference between the two code snippets is in the way they parse the input and the way they handle the game logic, but the overall functionality is the same.""
}",116
2015_0_4,79014,2015_0_4,21673,CLONE,2026-07-09 01:32:00,"ANSWER: YES-SIMILAR
EXPLANATION: 
The two code snippets are functionally similar because they both determine whether Richard can win or Gabriel can win in a game, where the goal is to fill a grid with dominoes. The code snippets use similar logic to determine if Richard can win, with the main difference being in the implementation details. The code snippets also achieve the same result, which is to determine the winner of the game.",117
2015_0_4,79014,2015_0_4,77477,CLONE,2026-07-09 01:32:04,"{
  ""answer"": ""YES-SIMILAR"",
  ""explanation"": ""Both code snippets are solving the same problem, determining whether Richard can win or Gabriel can win in a game where Richard needs to fill a grid with holes. They both use a similar approach, using a combination of conditions to determine the winner. The main difference is in the implementation details, such as the use of different methods to parse the input and calculate the winner. However, the overall logic and purpose of the code is the same.""
}",118
2015_0_4,21673,2015_0_4,77477,CLONE,2026-07-09 01:32:07,"{
  ""answer"": ""YES-SIMILAR"",
  ""explanation"": ""Both code snippets are functionally similar as they both determine a winner in a game. The first code snippet is designed to check if a certain number is good or not, and the second code snippet is designed to determine a winner based on certain conditions. Both code snippets contain the same logic, although the second code snippet has additional functionality to parse the input and handle exceptions. However, the core logic of determining the winner is the same in both code snippets.""
}",119
2015_1_1,127730,2015_1_1,114491,CLONE,2026-07-09 01:32:11,"ANSWER: YES-SIMILAR
EXPLANATION: 
Both code snippets are designed to calculate the sum of the differences between
adjacent elements in an array and the sum of the minimum of the differences
between adjacent elements and the adjacent elements themselves. The two code
snippets have different implementations, but they achieve the same result. They
both use a loop to iterate over the array and calculate the differences
between adjacent elements, and then use another loop to calculate the sum of
the minimum of the differences and the elements themselves. The only
difference is in the way the code is structured and the variables used, but
the core logic is the same.",120
2015_1_1,127730,2015_1_1,125935,CLONE,2026-07-09 01:32:14,"ANSWER: YES-SIMILAR
EXPLANATION: 
The two code snippets are functionally similar. They both read an array of integers from the input, and then calculate two different values based on the differences between adjacent elements in the array. The first code snippet calculates the sum of the differences between adjacent elements, while the second code snippet calculates the sum of the minimum differences between adjacent elements and the sum of the minimum of the minimum difference and each element. The two code snippets achieve the same goal, but use different methods to do so.",121
2015_1_1,127730,2015_1_1,124925,CLONE,2026-07-09 01:32:19,"{
  ""answer"": ""YES-SIMILAR"",
  ""explanation"": ""Both code snippets are solving the same problem, which is to calculate the total difference between consecutive elements in an array. The first code snippet calculates the total difference between consecutive elements in an array and the second code snippet calculates the total difference between consecutive elements in an array and the minimum difference between consecutive elements in the array. Both code snippets are achieving the same task, even though they have different approaches and implementation details. The first code snippet uses a simple for loop to calculate the total difference, while the second code snippet uses a for loop to calculate the total difference and another for loop to calculate the minimum difference. Both code snippets have the same input and output, and they are achieving the same result. Therefore, they are functionally similar.""
}",122
2015_1_1,127730,2015_1_1,115055,CLONE,2026-07-09 01:32:23,"{
  ""answer"": ""YES-SIMILAR"",
  ""explanation"": ""Both code snippets are designed to solve the same problem, which involves reading a series of integers from a file, calculating the total decrease in value between each pair of adjacent integers, and then calculating the sum of the minimum decrease and the sum of the minimum decrease. The code snippets use different approaches to achieve this, but they both achieve the same overall goal. The main differences between the two code snippets are in the implementation details, such as the use of different file I/O operations and the way the calculations are performed. However, the core logic and the end result are the same, which means the two code snippets are functionally similar.""
}",123
2015_1_1,114491,2015_1_1,125935,CLONE,2026-07-09 01:32:26,"{
  ""answer"": ""YES-SIMILAR"",
  ""explanation"": ""Both code snippets are functionally similar because they both read input from the console and process it in a similar manner. They both read an array of integers from the console, iterate over the array, and calculate two values based on the differences between adjacent elements. The main difference is in the way they handle the iteration and the calculation of the values, but the overall functionality is the same.""
}",124
2015_1_1,114491,2015_1_1,124925,CLONE,2026-07-09 01:32:28,"{
  ""answer"": ""YES-SIMILAR"",
  ""explanation"": ""Both code snippets are designed to calculate the sum of differences between consecutive integers in an array, and the sum of the remaining elements after subtracting the maximum difference. They use similar loops and variables to achieve this, even though they have slightly different syntax and structure. The logic and purpose of the code is the same, making them functionally similar.""
}",125
2015_1_1,114491,2015_1_1,115055,CLONE,2026-07-09 01:32:32,"{
  ""answer"": ""YES-SIMILAR"",
  ""explanation"": ""Both code snippets are designed to solve a problem where the goal is to find the maximum difference and the sum of the smallest and the largest elements in a list of integers. They both iterate over the list, calculate the differences and sums, and print the results. The main differences are in the way they handle input and output, with one using a Scanner and the other using a BufferedReader. However, the logic and the algorithm used to solve the problem are the same.""
}",126
2015_1_1,125935,2015_1_1,124925,CLONE,2026-07-09 01:32:34,"{
  ""answer"": ""YES-SIMILAR"",
  ""explanation"": ""Both code snippets calculate the difference between consecutive elements in an array and the sum of the smaller values. The first snippet calculates the sum of the differences and the sum of the maximum differences, while the second snippet calculates the sum of the differences and the sum of the maximum differences. Both code snippets achieve the same result, even though they differ in syntax and structure.""
}",127
2015_1_1,125935,2015_1_1,115055,CLONE,2026-07-09 01:32:40,"{
  ""answer"": ""YES-SIMILAR"",
  ""explanation"": ""Both code snippets are designed to solve the same problem, which is to calculate the maximum number of mushrooms that can be eaten and the number of mushrooms that are eaten in a specific order. They both use a similar approach of iterating over the array of mushrooms to calculate the differences and the maximum rate. The main difference is in the way they handle the data and the output. The first code snippet uses a custom IOUtils class to read the input and write the output, while the second code snippet uses a more traditional approach with a FileReader and a BufferedReader. Additionally, the second code snippet handles the case where the input file does not exist, while the first code snippet does not. Overall, the functionality of the two code snippets is similar, despite the differences in implementation.""
}",128
2015_1_1,124925,2015_1_1,115055,CLONE,2026-07-09 01:32:43,"{
  ""answer"": ""YES-SIMILAR"",
  ""explanation"": ""Both code snippets are designed to read a sequence of integers from a file, calculate the difference between each pair of adjacent integers, and calculate the sum of all differences and the sum of all integers less than the maximum difference. The code snippets use different methods to read the input, handle the input, and write the output, but they achieve the same result. The main logic and the goal of both code snippets are the same.""
}",129
2016_0_1,60475,2016_0_1,69477,CLONE,2026-07-09 01:32:46,"{
  ""answer"": ""YES-SIMILAR"",
  ""explanation"": ""Both code snippets are implementing the same algorithm to determine whether a number is a multiple of 10. They both use a boolean array to track which digits have been seen and then calculate the sum of the digits until they have seen all 10 digits. If the sum is 0, they print 'INSOMNIA'. Otherwise, they print the sum. They also both use a loop to iterate over the digits of the number, and both use a StringBuilder/Writer to print the result.""
}",130
2016_0_1,60475,2016_0_1,123558,CLONE,2026-07-09 01:32:50,"ANSWER: YES-SIMILAR
EXPLANATION: 
The two code snippets are functionally similar. They both aim to solve the same problem, which is to determine if a given number is a ""somnium"" or not, based on a specific rule. Both code snippets use a similar algorithm to iterate through the digits of the number, and both have a condition to stop the iteration when all digits have been processed. The main difference lies in the implementation details, but the overall functionality is the same.",131
2016_0_1,60475,2016_0_1,55901,CLONE,2026-07-09 01:32:54,"ANSWER: YES-SIMILAR
EXPLANATION: 
The two Java code snippets are functionally similar. They both aim to solve the same problem, which is to find the maximum number of times the digit 0 can be removed from a given number, and then multiply the remaining number by the number of times the digit 0 can be removed. The code snippets use different approaches and structures, but they achieve the same result. The first code snippet uses an array to keep track of the digits that have been removed, while the second code snippet uses a boolean array to achieve the same functionality. The second code snippet also uses a custom MyScanner class to read input from a file, while the first code snippet uses a standard Scanner class.",132
2016_0_1,60475,2016_0_1,72044,CLONE,2026-07-09 01:32:59,"{
  ""answer"": ""YES-SIMILAR"",
  ""explanation"": ""Both code snippets are designed to determine whether a given number is a multiple of 10 or not. They use a similar algorithm to check if a number is a multiple of 10, which involves dividing the number by 10 and checking if the remainder is 0. If the remainder is 0, it means the number is a multiple of 10. The code snippets also use a similar approach to keep track of the digits in the number, using an array or a set to keep track of the digits that have been seen so far. If the number of unique digits seen so far reaches 10, it means the number is a multiple of 10. The code snippets also handle the case where the input number is 0, in which case they print 'INSOMNIA'.""
}",133
2016_0_1,69477,2016_0_1,123558,CLONE,2026-07-09 01:33:03,"{
  ""answer"": ""YES-SIMILAR"",
  ""explanation"": ""Both code snippets are designed to count the number of times a certain digit appears in a given number, with the goal of determining whether the number is an insomnia number (a number that has all digits 1-9 in it). They both use a similar approach, where they keep dividing the number by 10, setting a bit in an array for each digit encountered, and then check if all bits are set. The code snippets also both print the case number and the number itself. The only differences are in the way they read the input and how they handle the case where the input number is 0. Overall, the logic and functionality are very similar.""
}",134
2016_0_1,69477,2016_0_1,55901,CLONE,2026-07-09 01:33:06,"ANSWER: YES-SIMILAR
EXPLANATION: Both code snippets are functionally similar. They both achieve the same task of solving a problem related to a number with a certain number of digits. They both use a similar algorithm to solve the problem, which involves iterating over the digits of the number, and they both use a similar data structure to keep track of the digits. The main difference between the two code snippets is in the implementation details, but they achieve the same functional result.",135
2016_0_1,69477,2016_0_1,72044,CLONE,2026-07-09 01:33:10,"{
  ""answer"": ""YES-SIMILAR"",
  ""explanation"": ""Both code snippets are designed to solve the same problem, which is to count the number of sheep. The code snippets use a similar approach, where they iterate through a series of numbers, incrementing the number by a factor of 10, and check if the number of distinct digits in the number is 10. If the number of distinct digits is 10, the code prints the number. If the number of distinct digits is not 10, the code prints 'INSOMNIA'. The code snippets are functionally similar, as they achieve the same result, despite using different syntax and structure.""
}",136
2016_0_1,123558,2016_0_1,55901,CLONE,2026-07-09 01:33:14,"ANSWER: YES-SIMILAR
EXPLANATION: Both code snippets are solving the same problem, which is to count the number of times a number can be repeated to reach a certain threshold (insomnia) or not. They use a similar algorithm to achieve this, which involves creating a boolean array to track the presence of each digit in the number. The code snippets have different implementations, but the core logic is the same. The main difference is in the way they handle the problem, with the first code snippet using a bitmap to track the presence of each digit and the second code snippet using a boolean array.",137
2016_0_1,123558,2016_0_1,72044,CLONE,2026-07-09 01:33:18,"{
  ""answer"": ""YES-SIMILAR"",
  ""explanation"": ""Both code snippets are designed to solve the same problem: counting sheep. They both read input values from a file, and then iterate over the values to find the first value that has all 10 bits set. If they find such a value, they print it. If they do not find such a value after a certain number of iterations, they print 'INSOMNIA'. The code snippets use different methods to achieve this, but the overall logic is the same.""
}",138
2016_0_1,55901,2016_0_1,72044,CLONE,2026-07-09 01:33:22,"{
  ""answer"": ""YES-SIMILAR"",
  ""explanation"": ""Both code snippets solve the same problem, which is to find the number of times a given number can be divided by 10 without a remainder. They both use a similar algorithm to solve the problem, which involves multiplying the input number by an increasing power of 10 and checking if the resulting number contains all digits from 0 to 9. The code snippets are similar in terms of the algorithm they use, but they have some differences in implementation details, such as the use of different classes and methods. However, the overall functionality of the two code snippets is the same, which means they are functionally similar.""
}",139
2016_0_2,68074,2016_0_2,150691,CLONE,2026-07-09 01:33:26,"{
  ""answer"": ""YES-SIMILAR"",
  ""explanation"": ""Both code snippets are designed to count the number of'maneuvers' or 'up/down' in a given sequence of characters. The main goal of both snippets is to count the number of times a '+' is encountered in a sequence of characters. The approach used in both snippets is to iterate over the sequence and count the occurrences of '+' and '-' characters. The snippets also handle the swapping of '+' and '-' characters at the beginning and end of the sequence. The overall functionality of both snippets is to count the number of'maneuvers' or 'up/down' in a sequence of characters.""
}",140
2016_0_2,68074,2016_0_2,125812,CLONE,2026-07-09 01:33:29,"{
  ""answer"": ""YES-SIMILAR"",
  ""explanation"": ""Both code snippets are functionally similar because they both calculate the number of'maneuvers' or'swaps' in a given string. The first code snippet uses a loop to iterate over the string and count the number of times a character is found, while the second code snippet uses a while loop to iterate over the string and count the number of swaps. The logic is similar in both cases, but the implementation differs. The first code snippet uses a character comparison, while the second code snippet uses a method to alternate between two characters.""
}",141
2016_0_2,68074,2016_0_2,88861,CLONE,2026-07-09 01:33:32,"{
  ""answer"": ""YES-SIMILAR"",
  ""explanation"": ""Both code snippets are functionally similar because they achieve the same task: counting the number of flips of a character in a string. They both iterate over the string, comparing each character to the previous one, incrementing a counter when they find a flip. The main difference is in the syntax and structure, but the logic is the same.""
}",142
2016_0_2,68074,2016_0_2,162423,CLONE,2026-07-09 01:33:35,"{
  ""answer"": ""YES-SIMILAR"",
  ""explanation"": ""Both code snippets are designed to count the number of 'up' or 'down' movements in a sequence of characters. They both use a similar algorithm to iterate through the input string, and both return the count of such movements. The main differences are in the implementation details, such as the use of a BufferedReader and PrintWriter in the second snippet, and the use of a more complex InputReader class. However, the core logic and functionality of both snippets is the same, which means they are functionally similar.""
}",143
2016_0_2,150691,2016_0_2,125812,CLONE,2026-07-09 01:33:39,"{
  ""answer"": ""YES-SIMILAR"",
  ""explanation"": ""Both code snippets are designed to solve a problem where they need to find the number of swaps required to make all elements in a sequence equal. The first code snippet uses a 0/1 array to track the sequence, and the second code snippet uses a string to track the sequence. Both code snippets iterate through the sequence, checking for elements that are 0 or 1, and perform swaps to make all elements equal. The logic and algorithm are similar, but the implementation differs. The first code snippet uses a binary search-like approach, while the second code snippet uses a string-based approach.""
}",144
2016_0_2,150691,2016_0_2,88861,CLONE,2026-07-09 01:33:43,"ANSWER: YES-SIMILAR
EXPLANATION: 
Both code snippets are implementing a solution to the same problem. The problem involves finding the number of flips required to make all consecutive positive numbers in a given string of characters (either '+' or '-') positive. Both code snippets are using a similar approach, where they iterate through the string and count the number of flips required. The code snippets use a similar logic to determine the number of flips required, with the first code snippet using an array to keep track of the flips and the second code snippet using a variable to keep track of the flips. The overall structure and purpose of both code snippets are similar, indicating that they are functionally similar.",145
2016_0_2,150691,2016_0_2,162423,CLONE,2026-07-09 01:33:46,"{
  ""answer"": ""YES-SIMILAR"",
  ""explanation"": ""Both code snippets are functionally similar because they both solve the same problem of counting the number of changes in a sequence of characters. They both use a similar approach of iterating over the sequence and incrementing a counter when a change is found. The main difference is in the implementation details, such as the use of a Scanner for input and a PrintStream for output, but the overall logic is the same.""
}",146
2016_0_2,125812,2016_0_2,88861,CLONE,2026-07-09 01:33:49,"{
  ""answer"": ""YES-SIMILAR"",
  ""explanation"": ""Both code snippets are designed to count the number of flips or changes required to transform a string of characters from one type to another. They both read input from a file or the console, process the input character by character, and print the number of flips required. The main difference lies in the syntax and structure of the code, but the core logic remains the same.""
}",147
2016_0_2,125812,2016_0_2,162423,CLONE,2026-07-09 01:33:53,"{
  ""answer"": ""YES-SIMILAR"",
  ""explanation"": ""Both code snippets are designed to solve the same problem, which is to count the number of swaps needed to make all pancakes happy. The first code snippet uses a Scanner to read the input, while the second code snippet uses an InputReader. Both code snippets iterate over the input string to count the number of swaps needed. The main difference is in the way they read the input and handle the output, but the core logic of counting the swaps is the same. The second code snippet also uses a more complex InputReader class, which is likely a more general-purpose class for reading input, while the first code snippet uses a simpler Scanner. However, the overall functionality of both code snippets is the same.""
}",148
2016_0_2,88861,2016_0_2,162423,CLONE,2026-07-09 01:33:59,"ANSWER: YES-SIMILAR
EXPLANATION: 
Both code snippets are designed to count the number of flips in a string, where a flip occurs when two adjacent characters in the string are different. The code snippets are structured similarly, with a loop that iterates over the characters in the string and increments a counter when a flip is detected. The first code snippet uses a Scanner to read the input string and a for loop to iterate over the characters, while the second code snippet uses a BufferedReader to read the input string and a for loop to iterate over the characters. Both code snippets also include a main method and a class with a static method, and both use a similar logic to count the number of flips in the string. The main difference between the two code snippets is the way they handle the first character in the string and the way they print the result, but the core logic of the code is the same.",149
2016_0_4,100472,2016_0_4,129913,CLONE,2026-07-09 01:34:04,"{
  ""answer"": ""YES-SIMILAR"",
  ""explanation"": ""Both code snippets solve the same problem, which is to find the smallest number of tiles that can be filled with the given number of colors. They both use a similar approach, which involves calculating the number of tiles that can be filled with the given number of colors and then subtracting the number of tiles that are not filled. The code snippets use different methods to calculate the number of tiles, but the overall logic is the same. The code snippets also have similar structure and syntax, with both using a scanner to read input from the user and a for loop to iterate over the tiles. The code snippets also have similar variable names, such as `k`, `c`, and `s`, which are used to represent the number of tiles, colors, and tiles to be filled, respectively. The code snippets also have similar output, with both printing the result in the same format.""
}",150
2016_0_4,100472,2016_0_4,58218,CLONE,2026-07-09 01:34:07,"{
  ""answer"": ""YES-SIMILAR"",
  ""explanation"": ""Both code snippets are solving the same problem, the Fractiles problem, which is to find the maximum attempt of a fractile of a set of numbers. The two code snippets have some differences in the implementation details, but they achieve the same goal. The main differences are in the way the input is read and processed, the way the output is written, and the specific steps taken to solve the problem. However, the overall logic and the final result are the same.""
}",151
2016_0_4,100472,2016_0_4,63729,CLONE,2026-07-09 01:34:12,"{
  ""answer"": ""NO-NOT-SIMILAR"",
  ""explanation"": ""The two code snippets are not similar in terms of structure and syntax, but they seem to achieve the same goal. However, the second snippet uses a different approach to generate the output string. The first snippet uses a scanner to read input, while the second snippet uses a file reader and a PrintWriter to write output. The second snippet also uses a StringBuilder to build the output string, whereas the first snippet uses a String concatenation. Additionally, the second snippet uses a more complex algorithm to generate the output string. Therefore, the two code snippets are not similar in terms of structure and syntax, but they achieve the same goal.""
}",152
2016_0_4,100472,2016_0_4,138317,CLONE,2026-07-09 01:34:18,"ANSWER: YES-SIMILAR
EXPLANATION: 
The two code snippets are functionally similar. Both code snippets are designed to solve the same problem, which is to find the positions of the fractiles in a given sequence. The code snippets use similar logic to calculate the positions of the fractiles, with the only difference being the way they handle the calculation. The first code snippet uses a for loop to calculate the positions, while the second code snippet uses a recursive approach. The code snippets also use similar variable names, such as ""k"", ""c"", and ""s"", to represent the number of fractiles, the number of test cases, and the number of positions to be calculated, respectively. The output format of the code snippets is also similar, with the first code snippet using a for loop to print the positions and the second code snippet using a printf statement to print the positions. Overall, the two code snippets achieve the same result, which is to find the positions of the fractiles in a given sequence, making them functionally similar.",153
2016_0_4,129913,2016_0_4,58218,CLONE,2026-07-09 01:34:25,"{
  ""answer"": ""YES-SIMILAR"",
  ""explanation"": ""Both code snippets are designed to solve the same problem, which is to determine if it is possible to divide a number into a certain number of parts, and if so, to generate the parts. They both take input parameters (K, C, S), where K is the total number of parts, C is the number of parts in each row, and S is the maximum number of parts that can be in each row. They both have a main loop that iterates over the number of attempts, and within this loop, they both calculate the parts of each row. The logic of the two code snippets is similar, although they use different approaches to calculate the parts. The first code snippet uses a Scanner to read the input parameters and then uses a for loop to calculate the parts, while the second code snippet uses a BufferedReader and a FileWriter to read and write the input parameters and output. The two code snippets achieve the same goal, which is to determine if it is possible to divide the number and to generate the parts.""
}",154
2016_0_4,129913,2016_0_4,63729,CLONE,2026-07-09 01:34:29,"{
  ""answer"": ""YES-SIMILAR"",
  ""explanation"": ""Both code snippets appear to be implementing the same logic for solving the Fractiles problem. They both take input values for K, C, and S, and use a similar algorithm to determine if the problem is solvable. The code snippets also both print the solution to the console and to a file. The main differences between the two code snippets are in the implementation details, such as the use of a StringBuilder for string manipulation in the second code snippet. However, the overall functionality of the two code snippets appears to be the same.""
}",155
2016_0_4,129913,2016_0_4,138317,CLONE,2026-07-09 01:34:34,"ANSWER: YES-SIMILAR
EXPLANATION: 
Both code snippets are functionally similar as they achieve the same task of solving the fractile problem. The problem involves determining whether a given set of values (K, C, S) can be represented as a set of numbers (1 to K) such that each number appears S times. If it's not possible, the code prints ""IMPOSSIBLE"". If it's possible, the code prints the numbers from 1 to K. Both code snippets use a similar approach to solve the problem: they use a loop to iterate from 1 to K, and they use a variable to keep track of the current number in the set. They also both use a similar logic to determine when to stop the loop. The main difference between the two code snippets is the way they handle the input and the way they print the output. However, the core logic of the code is the same, and they achieve the same result.",156
2016_0_4,58218,2016_0_4,63729,CLONE,2026-07-09 01:34:40,"{
  ""answer"": ""YES-SIMILAR"",
  ""explanation"": ""Both code snippets are designed to solve the same problem, which is to generate a string of 'L's and 'G's. The first code snippet reads from a file and writes to another file, while the second code snippet reads from a file and writes to another file. Both code snippets use a similar algorithm to generate the string of 'L's and 'G's, which involves generating a string of 'L's up to a certain length, then appending a 'G'. The main difference between the two code snippets is the way they handle edge cases, such as when the number of 'L's is 1 or when the number of 'G's is 1. However, the overall functionality of both code snippets is the same, and they achieve the same goal.""
}",157
2016_0_4,58218,2016_0_4,138317,CLONE,2026-07-09 01:34:44,"{
  ""answer"": ""YES-SIMILAR"",
  ""explanation"": ""Both code snippets are implementing a solution for a fractile problem, where they read input from a file, process it, and generate an output file. The main logic of both code snippets is to calculate and print the positions of the fractile in each case. Both code snippets also handle the edge case where the attempt is impossible. The main differences between the two code snippets are the way they read the input, handle the file, and print the output. However, the overall logic and the purpose of the code is the same.""
}",158
2016_0_4,63729,2016_0_4,138317,CLONE,2026-07-09 01:34:48,"{
  ""answer"": ""YES-SIMILAR"",
  ""explanation"": ""Both code snippets are functionally similar because they both aim to solve the same problem, which is to generate and output the positions of 'G' in a string of 'L's and 'G's. The main difference is in the way they are structured, but they achieve the same result. The first code snippet uses a Scanner and PrintWriter to read and write to a file, while the second code snippet uses a Scanner to read from a file and System.out.println to print the result. The logic and the algorithm used to solve the problem are the same in both code snippets.""
}",159
2016_1_1,1153,2016_1_1,14479,CLONE,2026-07-09 01:34:52,"{
  ""answer"": ""YES-SIMILAR"",
  ""explanation"": ""Both code snippets are solving the same problem, which is to find the last word in a given string. They both use a similar approach, which involves iterating over the characters in the string and keeping track of the maximum character found so far. The code snippets are structurally different, but they achieve the same result. The first snippet uses a StringBuilder to build the last word, while the second snippet uses a String manipulation to achieve the same result. The second snippet also uses a more complex structure, but the core logic is the same. Therefore, they are functionally similar.""
}",160
2016_1_1,1153,2016_1_1,8299,CLONE,2026-07-09 01:34:56,"{
  ""answer"": ""YES-SIMILAR"",
  ""explanation"": ""Both code snippets are designed to find the last word in a given string. The first code snippet uses a StringBuilder to insert characters at the beginning of the string if they are greater than the first character, while the second code snippet uses a similar approach to insert characters at the beginning of the string if they are greater than the first character. Both code snippets also use a loop to iterate over the characters in the string, and both use a variable to keep track of the current character. The main difference between the two code snippets is the way they handle the first character of the string, but the overall logic and functionality are similar.""
}",161
2016_1_1,1153,2016_1_1,29796,CLONE,2026-07-09 01:35:01,"{
  ""answer"": ""YES-SIMILAR"",
  ""explanation"": ""Both code snippets are functionally similar because they both solve the same problem, which is to find the last word in a given input string. The first code snippet uses a custom Reader class to read the input, while the second code snippet uses a Scanner class. Both code snippets iterate over the input string character by character and compare each character with the current string in the result. If the character is greater than the current string, it is prepended to the result. Otherwise, it is appended to the result. The output is the final string. The main difference is in the way the input is read and processed, but the overall logic and the result are the same.""
}",162
2016_1_1,1153,2016_1_1,2003,CLONE,2026-07-09 01:35:04,"{
  ""answer"": ""YES-SIMILAR"",
  ""explanation"": ""Both code snippets are designed to solve the same problem, which is to read a string and find the last word in the string. Both code snippets use a loop to iterate through the characters in the string and compare them with the first character in the string. If the current character is less than the first character, it is prepended to the output string. If the current character is greater than or equal to the first character, it is appended to the end of the output string. The code snippets are implemented in different ways, but they achieve the same result.""
}",163
2016_1_1,14479,2016_1_1,8299,CLONE,2026-07-09 01:35:09,"ANSWER: YES-SIMILAR
EXPLANATION: 
Both code snippets are solving the same problem, which is to find the maximum character in a string and then construct a new string by appending the maximum character to the rest of the string. They are solving a problem from the Code Jam platform. The main logic of both code snippets is the same, but the implementation differs. The first code snippet uses a FastScanner class to read the input and a TaskA class to solve the problem, while the second code snippet uses a Scanner class to read the input and a main method to solve the problem. The algorithm used in both code snippets is the same, which is to find the maximum character in the string and then append it to the rest of the string. Therefore, the two code snippets are functionally similar.",164
2016_1_1,14479,2016_1_1,29796,CLONE,2026-07-09 01:35:14,"{
  ""answer"": ""YES-SIMILAR"",
  ""explanation"": ""Both code snippets are functionally similar because they both implement the same algorithm to find the lexicographically largest substring of a given string. The first code snippet uses a custom class `TaskA` to solve the problem, while the second code snippet uses a `solve` method in the `A` class. The algorithm is essentially the same in both cases: it iterates through the input string and keeps track of the maximum character encountered so far. If a character is greater than the current maximum, it is added to the result string. If the current character is not greater than the maximum, the current character is appended to the result string. The only difference between the two code snippets is the way they read the input string and print the result.""
}",165
2016_1_1,14479,2016_1_1,2003,CLONE,2026-07-09 01:35:18,"{
  ""answer"": ""YES-SIMILAR"",
  ""explanation"": ""Both code snippets are designed to solve the same problem, which involves finding the maximum character in a string and then constructing a new string by appending characters from the input string to the new string, but only if the character is greater than the maximum character found so far. The code snippets use different approaches and implementations, but they achieve the same goal. The first code snippet uses a FastScanner class to read the input and a TaskA class to solve the problem, while the second code snippet uses a FileReader and a BufferedReader to read the input and a FileWriter to write the output. The logic and the steps used in both code snippets are similar, and they produce the same output for the same input.""
}",166
2016_1_1,8299,2016_1_1,29796,CLONE,2026-07-09 01:35:23,"{
  ""answer"": ""YES-SIMILAR"",
  ""explanation"": ""Both code snippets are functionally similar because they both achieve the same result. They both take a string input and return a modified string. The first code snippet iterates over the input string, appending each character to the result string if the current character is greater than or equal to the last character in the result string. The second code snippet does the same thing, but in a slightly different way. It checks if the concatenation of the current character and the result string is greater than the current character concatenated with the result string, and if so, it appends the current character to the result string. Both code snippets essentially achieve the same functionality, despite some differences in implementation.""
}",167
2016_1_1,8299,2016_1_1,2003,CLONE,2026-07-09 01:35:25,"{
  ""answer"": ""YES-SIMILAR"",
  ""explanation"": ""Both code snippets are designed to read a string from the input and output the resulting string after a series of operations. Both snippets iterate through the input string, comparing each character to the previous one, and either append or prepend the current character to the previous one. The main logic of both code snippets is the same, regardless of the differences in syntax and structure.""
}",168
2016_1_1,29796,2016_1_1,2003,CLONE,2026-07-09 01:35:30,"{
  ""answer"": ""YES-SIMILAR"",
  ""explanation"": ""Both code snippets are implementing the same logic, which is to compare the characters of a given string and determine the lexicographically largest character. The first snippet is using a `Scanner` object to read the input string, while the second snippet is using a `BufferedReader` to read the input string from a file. The logic of the two code snippets is the same, which is to iterate through the characters of the input string and compare them. The first snippet is using a `String` object to store the result, while the second snippet is using a `String` object to store the result. Both code snippets are achieving the same goal, which is to determine the lexicographically largest character in the input string.""
}",169
2016_1_2,8152,2016_1_2,31984,CLONE,2026-07-09 01:35:34,"{
  ""answer"": ""YES-SIMILAR"",
  ""explanation"": ""Both code snippets read input from a file and sort a list of integers. The first code snippet reads the input from a file named 'B-large.in' and the second code snippet reads from a file named 'C://GoogleCodeJam/input.in'. Both code snippets sort the list of integers and print the sorted list. The main logic of both code snippets is the same, but the syntax and structure are different.""
}",170
2016_1_2,8152,2016_1_2,20611,CLONE,2026-07-09 01:35:37,"{
  ""answer"": ""YES-SIMILAR"",
  ""explanation"": ""Both code snippets are implementing a solution to the same problem: finding and printing the missing numbers in a sequence of numbers. They both iterate over a list of numbers, count the occurrences of each number, sort the numbers, and then print the numbers that appear an odd number of times. The main difference between the two code snippets is in their structure and syntax, but they achieve the same functional goal.""
}",171
2016_1_2,8152,2016_1_2,19093,CLONE,2026-07-09 01:35:39,"ANSWER: YES-SIMILAR
EXPLANATION: Both code snippets are similar in terms of their functionality. They are both solving problems related to sorting and graph algorithms, and they share many common data structures and methods, such as ArrayList, Scanner, and Collections.sort(). The code snippets are written in different programming languages, but the overall structure and logic are similar.",172
2016_1_2,8152,2016_1_2,30007,CLONE,2026-07-09 01:35:43,"ANSWER: YES-SIMILAR
EXPLANATION: Both code snippets are functionally similar because they are implementing the same algorithm. The first code snippet is sorting the input numbers and removing duplicates, while the second code snippet is also sorting the input numbers and removing duplicates. The main difference between the two code snippets is the way they handle input and output. The first code snippet reads input from a file and writes output to another file, while the second code snippet reads input from a file and writes output to a file. The algorithm itself is the same, which means that the two code snippets are functionally similar.",173
2016_1_2,31984,2016_1_2,20611,CLONE,2026-07-09 01:35:46,"{
  ""answer"": ""YES-SIMILAR"",
  ""explanation"": ""Both code snippets are designed to read input from a file, where each line of the file contains either a number or a count of how many numbers appear in the file. The numbers are then stored in an array and the count of each number is tracked. The code then finds the numbers that appear an odd number of times and returns them. Both code snippets appear to be solving the same problem, which is to find the missing numbers in a file. The code snippets use different approaches, but they both achieve the same result.""
}",174
2016_1_2,31984,2016_1_2,19093,CLONE,2026-07-09 01:35:49,"ANSWER: NO-NOT-SIMILAR
EXPLANATION: The two code snippets are not similar because they appear to be implementing different tasks. The first code snippet reads input data from a file and stores it in a 2D array, while the second code snippet appears to be implementing a variety of algorithms, including a graph-based algorithm, a prime number generator, and a segment tree. The code snippets are also written in different styles and have different structures, making them unlikely to be similar.",175
2016_1_2,31984,2016_1_2,30007,CLONE,2026-07-09 01:35:54,"{
  ""answer"": ""YES-SIMILAR"",
  ""explanation"": ""Both code snippets read input from a file and process it. The first snippet reads the input line by line and stores the values in a 2D array. The second snippet reads the input from a file and uses a ContestScanner to parse the input. Both snippets seem to be solving a problem where they need to process a series of input values and store them in some form. The second snippet seems to be solving a specific problem, but the first snippet appears to be a utility class for reading input. Both snippets have methods to handle input, but the second snippet has more functionality and seems to be more complex. Overall, the functionality of both code snippets appears to be similar, even though they have different approaches and implementations.""
}",176
2016_1_2,20611,2016_1_2,19093,CLONE,2026-07-09 01:35:58,"ANSWER: YES-SIMILAR
EXPLANATION: Both code snippets are similar in terms of functionality. They both appear to be implementing algorithms for finding missing numbers in a list, with the first snippet using a frequency map and the second snippet using a different approach. The second snippet seems to be implementing a more complex algorithm involving graph theory and dynamic programming, but both snippets aim to find missing numbers in a list. The overall structure and logic of the two snippets are similar, with both using loops to iterate over the input data and both using data structures to keep track of the frequency or count of numbers.",177
2016_1_2,20611,2016_1_2,30007,CLONE,2026-07-09 01:36:01,"{
  ""answer"": ""YES-SIMILAR"",
  ""explanation"": ""Both code snippets are designed to find and print the odd numbers in a sequence of input numbers. They use a similar approach, where they first count the occurrences of each number, then filter out the numbers with even counts, and finally sort the remaining numbers. The code snippets use different classes and methods, but the overall logic is the same.""
}",178
2016_1_2,19093,2016_1_2,30007,CLONE,2026-07-09 01:36:03,"ANSWER: YES-SIMILAR
EXPLANATION: Both code snippets are solving the same problem, which is finding the prime numbers in a given range. They are both using similar approaches, such as using a sieve to mark the multiples of prime numbers and then finding the numbers that are not marked. The code snippets are similar in terms of structure, logic, and functionality.",179
2016_2_1,197689,2016_2_1,192495,CLONE,2026-07-09 01:36:07,"{
  ""answer"": ""YES-SIMILAR"",
  ""explanation"": ""Both code snippets are designed to count the occurrences of different digits in a given input string and then print the count of each digit in a specific format. The main logic of both codes is to iterate over the input string, count the occurrences of each digit, and then subtract the counts of certain digits from others. The output is then printed in a specific format. Although the syntax and structure of the two codes are different, the overall logic and purpose are the same.""
}",180
2016_2_1,197689,2016_2_1,187476,CLONE,2026-07-09 01:36:11,"ANSWER: YES-SIMILAR
EXPLANATION: Both code snippets appear to be solving the same problem, which is to count the occurrences of each character in a string and output the remaining characters in the string. The code snippets use different approaches, but they achieve the same goal. The first code snippet uses a simple for loop to count the occurrences of each character, while the second code snippet uses a Map to store the occurrences of each character. The code snippets also use different methods to remove characters from the map, with the first code snippet using a while loop and the second code snippet using a remove method. However, the overall structure and logic of the code snippets are similar, and they both achieve the same result.",181
2016_2_1,197689,2016_2_1,193269,CLONE,2026-07-09 01:36:18,"{
  ""answer"": ""YES-SIMILAR"",
  ""explanation"": ""Both code snippets are designed to read a list of strings from an input file, count the occurrences of each character in each string, and then remove characters from the strings in a specific order to produce a final string. The order of removal is determined by the frequency of each character in the string, and the resulting string is printed to a file. The code snippets use different approaches to count and remove characters, but the overall logic is the same. The Java 1.8 code uses a HashMap to count the occurrences of each character, while the Java 1.7 code uses a for loop to iterate over the characters in the string. Additionally, the Java 1.7 code uses a PrintStream to write to a file, while the Java 1.8 code uses a try-with-resources statement to write to a file. However, the overall logic and functionality of the two code snippets are similar, and they both achieve the same goal of removing characters from a string in a specific order.""
}",182
2016_2_1,197689,2016_2_1,184367,CLONE,2026-07-09 01:36:22,"{
  ""answer"": ""YES-SIMILAR"",
  ""explanation"": ""Both code snippets are functionally similar because they both achieve the same goal of parsing a string and replacing certain characters with their corresponding digits. The main difference between the two code snippets is in the way they handle the replacement of characters. Code snippet 1 uses a for loop to iterate through the string and replace each character with the corresponding digit, while Code snippet 2 uses a HashMap to map characters to their corresponding digits and then iterates through the string to replace the characters. Despite the differences in implementation, both code snippets achieve the same result, which is to produce a phone number from a given string. Therefore, they are functionally similar.""
}",183
2016_2_1,192495,2016_2_1,187476,CLONE,2026-07-09 01:36:27,"{
  ""answer"": ""YES-SIMILAR"",
  ""explanation"": ""Both code snippets appear to be implementing a solution to a word frequency problem. They both use a map to count the frequency of letters in a string, and then use this information to determine the next number in a sequence. The code snippets differ in their implementation details, but the overall logic appears to be the same. The first code snippet uses a switch statement to increment counters for each letter, while the second code snippet uses a HashMap to increment counters for each character. Both code snippets also use a similar approach to remove the next number in the sequence when a character is found in the input string. Overall, the code snippets appear to be functionally similar.""
}",184
2016_2_1,192495,2016_2_1,193269,CLONE,2026-07-09 01:36:30,"{
  ""answer"": ""YES-SIMILAR"",
  ""explanation"": ""Both code snippets are designed to count the frequency of characters in a string and then remove certain characters from the count. The first code snippet uses an array to keep track of character frequencies, while the second code snippet uses a HashMap. The second code snippet also uses a more complex algorithm to remove characters, but the overall functionality is the same. The output of both code snippets is the same, which is a series of numbers representing the counts of certain characters in the input string.""
}",185
2016_2_1,192495,2016_2_1,184367,CLONE,2026-07-09 01:36:33,"{
  ""answer"": ""YES-SIMILAR"",
  ""explanation"": ""Both code snippets are designed to solve the same problem: taking a string input and producing a phone number. They both use a switch statement to map letters to their corresponding numbers, and then subtract certain values from the occurrences of certain numbers to produce the final phone number. The main difference is in the implementation details, such as the use of arrays and HashMaps, but the overall logic is the same.""
}",186
2016_2_1,187476,2016_2_1,193269,CLONE,2026-07-09 01:36:37,"{
  ""answer"": ""YES-SIMILAR"",
  ""explanation"": ""Both code snippets are functionally similar because they both perform a task of counting and removing characters from a string, resulting in a sequence of numbers. The main function in both code snippets is the same, with some minor variations in implementation details. The logic and overall structure of both code snippets are similar, indicating that they achieve the same goal, even though the syntax and structure may differ. The use of similar variable names, such as'map' and 'numMap', also supports this similarity. Overall, the two code snippets share a similar functional purpose, leading to a conclusion that they are functionally similar.""
}",187
2016_2_1,187476,2016_2_1,184367,CLONE,2026-07-09 01:36:41,"{
  ""answer"": ""YES-SIMILAR"",
  ""explanation"": ""Both code snippets are implementing a solution to the same problem, which is to produce a phone number from a given input string. The code snippets use a similar approach, using a map to count the occurrences of each digit in the input string and then use this information to produce the phone number. The main difference between the two code snippets is in the way they handle the counting and calculation of the phone number, but the overall logic is the same. The code snippets also use similar data structures, such as arrays and maps, to store and manipulate the data. Therefore, the two code snippets are functionally similar.""
}",188
2016_2_1,193269,2016_2_1,184367,CLONE,2026-07-09 01:36:44,"{
  ""answer"": ""YES-SIMILAR"",
  ""explanation"": ""Both code snippets are designed to solve the same problem, which is to count the occurrences of each digit in a given string and then produce the phone number based on the counts. They both use similar logic to count the occurrences of each digit and then calculate the phone number. The code snippets differ in syntax and structure, but they achieve the same result.""
}",189
2016_3_1,205670,2016_3_1,211583,CLONE,2026-07-09 01:36:48,"{
  ""answer"": ""YES-SIMILAR"",
  ""explanation"": ""Both code snippets are implementing the same algorithm, which is to find the first character that appears at least twice in a given sequence of integers. The main goal of both code snippets is to output the first character that appears at least twice in the sequence. The code snippets use different approaches, but they both achieve the same result. The first code snippet uses a simple iterative approach, while the second code snippet uses a priority queue to keep track of the characters and their frequencies. The overall functionality of both code snippets is the same, despite the differences in implementation details.""
}",190
2016_3_1,205670,2016_3_1,210871,CLONE,2026-07-09 01:36:52,"{
  ""answer"": ""DONT-KNOW"",
  ""explanation"": ""The two code snippets appear to be implementing similar functionality, but the structure, syntax, and specific steps to achieve the task differ significantly. The first code snippet appears to be focused on finding the largest value in an array and then reducing it to a certain percentage of the total sum, while the second code snippet appears to be focused on finding the largest value in a map and then reducing it to a certain value. However, the exact functionality of the code is unclear, and it's difficult to determine if they are functionally similar without more context or clarification on the requirements of the task.""
}",191
2016_3_1,205670,2016_3_1,218815,CLONE,2026-07-09 01:36:57,"{
  ""answer"": ""YES-SIMILAR"",
  ""explanation"": ""Both code snippets are functionally similar as they achieve the same task of generating a string from an array of integers. The main goal of both snippets is to extract the most frequent character in the array and append it to the string, then continue appending the remaining characters from the array. The code snippets use different approaches to achieve this, but the overall logic is the same. The first snippet uses a StringBuilder to build the string, while the second snippet uses a different approach with a loop to build the string. The similarity is due to the fact that both snippets are trying to solve the same problem, which is to find the most frequent character in an array and build a string from it.""
}",192
2016_3_1,205670,2016_3_1,207727,CLONE,2026-07-09 01:37:00,"ANSWER: DONT-KNOW
EXPLANATION: 
The two code snippets are not exactly similar. They appear to be solving different problems. Code Snippet 1 appears to be solving a problem where the goal is to find the maximum value in an array and then print the corresponding character in the alphabet. Code Snippet 2 appears to be solving a problem where the goal is to find the first two characters in a sorted map and print them. While both code snippets use sorting and comparison, they are not solving the same problem, and the solutions are not similar in structure or approach.",193
2016_3_1,211583,2016_3_1,210871,CLONE,2026-07-09 01:37:03,"{
  ""answer"": ""YES-SIMILAR"",
  ""explanation"": ""Both code snippets are implementing a solution to a problem where they iterate through a sequence of input values and output a string based on certain conditions. They both use a priority queue to manage a list of values, and both have a similar logic to remove elements from the queue based on certain conditions. The main difference is in the way they handle the output, but the overall functionality is similar.""
}",194
2016_3_1,211583,2016_3_1,218815,CLONE,2026-07-09 01:37:07,"{
  ""answer"": ""YES-SIMILAR"",
  ""explanation"": ""Both code snippets appear to be implementing a solution to the same problem, which involves reading input from a scanner, processing it, and outputting the result. The main logic of both snippets involves iterating over an array of integers, processing each integer, and outputting the result. The specific details of the processing, such as the use of a priority queue and the rules for outputting the result, are different, but the overall structure and purpose of the code is the same. The use of different syntax and structure does not necessarily preclude the two code snippets from being functionally similar.""
}",195
2016_3_1,211583,2016_3_1,207727,CLONE,2026-07-09 01:37:10,"{
  ""answer"": ""YES-SIMILAR"",
  ""explanation"": ""Both code snippets are designed to solve a problem related to sorting and printing characters based on their frequencies. They use similar data structures and algorithms to achieve the same goal. The first code snippet uses a priority queue to sort pairs of characters and their frequencies, while the second code snippet uses a HashMap and a linked list to achieve the same result. Both code snippets are implementing the same logic, with some minor variations in implementation details.""
}",196
2016_3_1,210871,2016_3_1,218815,CLONE,2026-07-09 01:37:14,"{
  ""answer"": ""YES-SIMILAR"",
  ""explanation"": ""Both code snippets appear to be solving the same problem, which is to find the maximum value in a list of numbers and remove the numbers with that value from the list. The code snippets use different approaches, but the overall goal is the same. The first code snippet uses a HashMap to store the numbers and their corresponding indices, while the second code snippet uses an array to store the numbers. The code snippets also use different methods to find the maximum value and remove the numbers with that value. However, the overall logic and the final result are the same. Therefore, they are functionally similar.""
}",197
2016_3_1,210871,2016_3_1,207727,CLONE,2026-07-09 01:37:18,"{
  ""answer"": ""DONT-KNOW"",
  ""explanation"": ""The two code snippets appear to be implementing different solutions to a problem. The first code snippet appears to be solving a problem involving sorting a map of characters and printing the top two most frequent characters. The second code snippet appears to be solving a problem involving counting the number of occurrences of each character and then printing the top two most frequent characters. While both code snippets appear to be implementing similar functionality, the implementation is different. Therefore, it is not clear if the two code snippets are functionally similar.""
}",198
2016_3_1,218815,2016_3_1,207727,CLONE,2026-07-09 01:37:23,"{
  ""answer"": ""YES-SIMILAR"",
  ""explanation"": ""Both code snippets are implementing a solution to a problem. They are both reading input from a file, and then processing that input to produce an output. The first code snippet is solving a problem involving strings, while the second code snippet is solving a problem involving characters. Both code snippets use a similar approach, involving reading input, sorting the input, and then processing the sorted input to produce an output. The code snippets use different methods to sort the input, but the overall approach is similar. The first code snippet uses a for loop to iterate over the input, while the second code snippet uses a Map to sort the input. Both code snippets also use a similar structure, with a main method that calls a solve method, and the solve method that performs the actual processing of the input.""
}",199
2013_0_1,84294,2016_3_1,218815,NON-CLONE,2026-07-09 01:37:25,"{
  ""answer"": ""DONT-KNOW"",
  ""explanation"": ""The two code snippets appear to be solving different problems. The first snippet seems to be checking the state of a Tic Tac Toe game board, while the second snippet appears to be reading and manipulating a string from a file. The logic and purpose of the code is different, making it difficult to determine if they are functionally similar.""
}",200
2013_0_1,84294,2015_1_1,124925,NON-CLONE,2026-07-09 01:37:31,"{
  ""answer"": ""YES-SIMILAR"",
  ""explanation"": ""Both code snippets are designed to determine the winner of a game. The first code snippet appears to be a Tic-Tac-toe game where two players, X and O, try to win by placing their symbols on a 4x4 grid. The second code snippet appears to be a game where players try to win by placing plates of different sizes. Both code snippets use a for loop to iterate over the game state, and both use arrays to store the game state. Both code snippets also calculate the winner of the game and print the result. The main difference is that the first code snippet checks for a win in all possible ways (rows, columns, diagonals, etc.), while the second code snippet only checks for the difference in plate sizes. However, both code snippets achieve the same goal of determining the winner of the game, making them functionally similar.""
}",201
2013_0_1,84294,2016_0_2,88861,NON-CLONE,2026-07-09 01:37:33,"{
  ""answer"": ""YES-SIMILAR"",
  ""explanation"": ""Both code snippets appear to be implementing a Tic Tac Toe game logic. They both read input from the console, parse the input to determine the state of the board, and print the result of the game. They both seem to be checking for a win or draw condition. The main difference between the two code snippets is the way they handle the game state, but the overall functionality is similar.""
}",202
2013_0_1,84294,2014_0_2,107403,NON-CLONE,2026-07-09 01:37:37,"{
  ""answer"": ""DONT-KNOW"",
  ""explanation"": ""The two code snippets appear to be written in different programming languages and have different purposes. The first code snippet appears to be a Tic Tac Toe game solver, while the second code snippet appears to be a program that calculates the time it takes for a car to travel a certain distance. The syntax, structure, and specific steps of the two code snippets are quite different, making it difficult to determine if they are functionally similar. Therefore, it is not clear if they are similar.""
}",203
2013_0_1,58633,2015_0_3,62582,NON-CLONE,2026-07-09 01:37:42,"{
  ""answer"": ""DONT-KNOW"",
  ""explanation"": ""Both code snippets appear to be implementing a game logic for a game, but they use different approaches and data structures. The first code snippet uses a Scanner and a 2D array to represent the game board, while the second code snippet uses a String to represent the game board and a recursive function to traverse the board. The logic for determining the winner is also different, with the first code snippet checking for four types of wins (horizontal, vertical, diagonal, and 4x4 sub-matrix wins) and the second code snippet checking for wins in the 4x4 sub-matrix and the entire 4x4x4 matrix. Without more context or information about the specific requirements of the game, it is difficult to determine whether the two code snippets are functionally similar or not.""
}",204
2013_0_1,58633,2013_1_1,35305,NON-CLONE,2026-07-09 01:37:45,"{
  ""answer"": ""NO-NOT-SIMILAR"",
  ""explanation"": ""The two code snippets appear to be implementing different algorithms and tasks. The first code snippet appears to be a Tic Tac Toe game, while the second code snippet appears to be a problem related to finding the sum of a series of numbers. The syntax, structure, and steps of the two code snippets are quite different, suggesting that they are not functionally similar.""
}",205
2013_0_1,58633,2016_0_4,100472,NON-CLONE,2026-07-09 01:37:48,"{
  ""answer"": ""DONT-KNOW"",
  ""explanation"": ""The two code snippets appear to be solving different problems. The first code snippet appears to be a Tic Tac Toe game solver, while the second code snippet appears to be a Fractiles problem solver. They have different structures, syntax, and specific steps, making it difficult to determine their functional similarity.""
}",206
2013_0_1,124149,2015_0_1,68106,NON-CLONE,2026-07-09 01:37:51,"{
  ""answer"": ""YES-SIMILAR"",
  ""explanation"": ""Both code snippets are designed to read input from a file, process it, and print the result to another file. The main logic is similar, with the first code snippet checking for wins in a Tic Tac Toe game, and the second code snippet is a solution to a problem about calculating the sum of a given sequence. Both code snippets use a similar structure, with a loop that iterates over the input data and a print statement that outputs the result. The differences are mainly in the specifics of the problem being solved and the data being processed, but the overall functionality is the same.""
}",207
2013_0_1,124149,2016_1_2,8152,NON-CLONE,2026-07-09 01:37:56,"{
  ""answer"": ""YES-SIMILAR"",
  ""explanation"": ""Both code snippets are implementing a solution to a problem where they both iterate over a list of numbers, sort the list, and then print out the sorted list. The code snippets are similar in that they both achieve the same task of sorting and printing the sorted list, even though they use different approaches and syntax. The first code snippet uses a BufferedReader and a PrintWriter to read from a file and write to a file, while the second code snippet uses a Scanner to read from the input and a PrintStream to write to the output file. Additionally, the first code snippet checks for a win in a game of Tic Tac Toe, while the second code snippet is sorting a list of integers. However, both code snippets share the same functional goal of sorting and printing a list, and therefore are functionally similar.""
}",208
2013_0_1,88116,2016_1_1,2003,NON-CLONE,2026-07-09 01:37:59,"{
  ""answer"": ""YES-SIMILAR"",
  ""explanation"": ""Both code snippets are attempting to solve a problem where they need to determine the winner of a game. They both read input from a file, process the input, and output the result. The main difference is in the way they handle the input and the logic used to determine the winner. However, they both achieve the same goal of determining the winner of a game. Therefore, they are functionally similar.""
}",209
2013_0_2,95524,2015_0_3,88073,NON-CLONE,2026-07-09 01:38:03,"{
  ""answer"": ""YES-SIMILAR"",
  ""explanation"": ""Both code snippets are implementing a solution to a problem related to string manipulation and evaluation of expressions. They both use similar logic to determine the sign and character of a string expression, with some differences in implementation details. The first snippet is focused on reading input data from a file and evaluating a grid of integers, while the second snippet is focused on evaluating a string expression. However, the core logic of both code snippets is similar, suggesting that they are functionally similar.""
}",210
2013_0_2,95524,2016_0_4,63729,NON-CLONE,2026-07-09 01:38:06,"{
  ""answer"": ""YES-SIMILAR"",
  ""explanation"": ""Both code snippets are solving a problem where they are checking if a grid of numbers can be traversed from left to right or top to bottom. They both use a similar approach of checking for valid and invalid paths in the grid. The main difference is that Code Snippet 1 is checking for a specific type of path (horizontal or vertical) and Code Snippet 2 is checking for any type of path. However, the overall logic and approach are similar, and the code is solving the same problem, so they are functionally similar.""
}",211
2013_0_2,95524,2014_0_3,71973,NON-CLONE,2026-07-09 01:38:11,"ANSWER: YES-SIMILAR
EXPLANATION: 
Both code snippets are solving a grid-based problem, where they need to
determine if it's possible to place a certain number of tiles on a grid
without violating certain rules. Both codes read the input from a file,
parse the input, and then perform a series of operations on the grid to
determine the solution. The operations include checking for horizontal and
vertical consistency, and determining the minimum number of tiles needed
to fill the grid. The main difference between the two codes is in the
implementation details, such as the use of different classes and methods,
but the overall logic and purpose of the codes is the same.",212
2013_0_2,95524,2016_3_1,205670,NON-CLONE,2026-07-09 01:38:14,"{
  ""answer"": ""YES-SIMILAR"",
  ""explanation"": ""Both code snippets are solving a problem related to grid validation, where they are checking if a given grid has any invalid values or not. They both use two-dimensional arrays to represent the grid and iterate over the grid to check for invalid values. The main logic of both code snippets is to check for invalid values in the grid, which is similar to each other. The main difference between the two code snippets is the approach used to check for invalid values. However, the overall functionality of both code snippets is the same, which means they are functionally similar.""
}",213
2013_0_2,44471,2013_0_3,118052,NON-CLONE,2026-07-09 01:38:20,"{
  ""answer"": ""YES-SIMILAR"",
  ""explanation"": ""Both code snippets are solving a problem related to finding a set of numbers that are palindromes, specifically in the first code snippet, finding a set of integers that are palindromes and in the second code snippet, finding a set of squares that are palindromes. They both use a similar algorithm to find these palindromes. The first code snippet uses a 2D array to store the integers and then checks each row and column to see if they are palindromes, while the second code snippet uses a set to store the squares that are palindromes. Both code snippets also have a main method that reads input from a file, processes it, and writes the results to another file.""
}",214
2013_0_2,44471,2013_0_3,55548,NON-CLONE,2026-07-09 01:38:23,"{
  ""answer"": ""DONT-KNOW"",
  ""explanation"": ""The two code snippets appear to be written in different programming languages (Java) and have different purposes, one related to lawn mowers and the other to a puzzle game. They also use different libraries and data structures. While they may share some structural similarities, such as the use of loops and conditional statements, their overall functionality and logic are distinct. Therefore, it is not possible to determine their similarity with certainty.""
}",215
2013_0_2,44471,2016_1_2,30007,NON-CLONE,2026-07-09 01:38:27,"{
  ""answer"": ""YES-SIMILAR"",
  ""explanation"": ""Both code snippets are solving the same problem of determining whether a given grid of numbers is possible or not. The main logic of both code snippets is to check if all rows and columns of the grid have the same value. Both code snippets use a similar approach to iterate over the grid, and both use a similar method to check if a row or column is possible. The only difference is in the implementation details, such as the use of different classes and methods, but the overall logic is the same. The second code snippet uses a more complex and sophisticated approach to handle the input and output, but the core logic is identical.""
}",216
2013_0_2,55421,2014_2_1,125050,NON-CLONE,2026-07-09 01:38:30,"{
  ""answer"": ""DONT-KNOW"",
  ""explanation"": ""The two code snippets appear to be solving different problems, with the first snippet checking for the presence of a 'bad' pattern in a lawn mower's garden, while the second snippet seems to be checking for the minimum number of moves required to make a string of characters unique. The code structure, syntax, and even the variable names are different, making it difficult to determine their functional similarity without more context or understanding of the problems they are trying to solve.""
}",217
2013_0_2,55421,2015_0_1,68106,NON-CLONE,2026-07-09 01:38:33,"{
  ""answer"": ""DONT-KNOW"",
  ""explanation"": ""The two code snippets appear to be solving different problems. The first snippet appears to be solving a lawn mower problem where it reads a grid of lawn and checks for bad garden patterns. The second snippet appears to be a problem where it calculates the number of standing blocks. The code snippets have different input and output handling, and the problem domains are different. It's not clear if the two code snippets are functionally similar or not.""
}",218
2013_0_2,90919,2013_1_1,35305,NON-CLONE,2026-07-09 01:38:37,"ANSWER: {
  ""answer"": ""YES-SIMILAR"",
  ""explanation"": ""Both code snippets are designed to solve a problem where the goal is to find a value within a certain range. The first code snippet reads input from a file and checks if each element in a 2D array matches the maximum value in its respective row or column. The second code snippet reads input from a file and finds a value within a certain range by iteratively dividing the range and checking if the sum of two numbers and the square of one of them is less than or equal to the target value. Both code snippets can be considered functionally similar because they both aim to solve a problem related to finding a value within a certain range.""
}",219
2013_0_3,55548,2014_2_1,125050,NON-CLONE,2026-07-09 01:38:40,"{
  ""answer"": ""YES-SIMILAR"",
  ""explanation"": ""Both code snippets are solving the same problem, finding the number of ways to flip the digits of a sequence of numbers to get a given number. They both use a similar approach of generating all possible permutations of the sequence and counting the number of ways to flip the digits to get the target number. The main difference is in the way they generate the permutations and the counting process, but the overall logic is the same.""
}",220
2013_0_3,55548,2013_1_1,30610,NON-CLONE,2026-07-09 01:38:43,"{
  ""answer"": ""DONT-KNOW"",
  ""explanation"": ""The two code snippets are written in different programming languages and have different structures, so it is difficult to directly compare them. However, they both appear to be implementing similar functionality, such as handling input, output, and mathematical operations. Without more information about the specific tasks they are intended to accomplish, it is difficult to determine their functional similarity.""
}",221
2013_0_3,55548,2015_0_3,62582,NON-CLONE,2026-07-09 01:38:47,"{
  ""answer"": ""YES-SIMILAR"",
  ""explanation"": ""Both code snippets are implementing a solution to the same problem, which is to find the number of solutions for a given problem. The first code snippet is generating all solutions and the second code snippet is checking if a given solution is valid. Both code snippets use a similar approach to solve the problem, which is to generate all possible solutions and then check if they are valid. The main difference is that the second code snippet is doing the validation in a different way, but the overall approach is the same. The code snippets are using similar mathematical operations and algorithms to solve the problem.""
}",222
2013_0_3,55548,2015_0_1,79967,NON-CLONE,2026-07-09 01:38:54,"ANSWER: YES-SIMILAR
EXPLANATION: 
The two code snippets are functionally similar. Both code snippets are written in Java and are designed to solve a problem related to counting the number of friends required for a given audience. The main differences between the two code snippets are in the approach used to calculate the number of friends. 

In the first code snippet, the code generates a list of solutions and then uses binary search to find the solution that matches the input. This is achieved through the use of a function called `prepareSolutions` that generates the list of solutions and a function called `Collections.sort` that sorts the list. The `solve` function then uses binary search to find the solution that matches the input.

In the second code snippet, the code reads input from a file and calculates the number of friends required for the audience. This is achieved through a function called `solve` that reads the input and calculates the number of friends required. The `printResult` function is then used to print the result.

Despite the differences in approach, both code snippets are functionally similar as they both aim to calculate the number of friends required for a given audience.",223
2013_0_3,94901,2015_1_1,124925,NON-CLONE,2026-07-09 01:38:57,"{
  ""answer"": ""NO-NOT-SIMILAR"",
  ""explanation"": ""The two code snippets have different purposes and functionality. The first code snippet appears to be solving a problem related to finding numbers within a certain range that are square numbers, while the second code snippet appears to be calculating the difference between the maximum and minimum values in an array. The two code snippets have different input requirements, output requirements, and algorithms, making them not functionally similar.""
}",224
2013_0_3,94901,2016_1_2,31984,NON-CLONE,2026-07-09 01:39:02,"{
  ""answer"": ""YES-SIMILAR"",
  ""explanation"": ""Both code snippets are designed to read input from a file and process it in some way. The first code snippet is a Java program that reads input from a file, parses it, and performs some operations on it. The second code snippet is a utility class that reads input from a file and stores it in a 2D array. Both code snippets are designed to read input from a file and perform some operations on it, which makes them functionally similar. However, the specific operations they perform and the way they do it is different. The first code snippet appears to be solving a specific problem, possibly a Google Code Jam problem, while the second code snippet is a utility class for reading input from a file. Despite the differences in syntax and structure, both code snippets achieve the same goal of reading input from a file, which makes them functionally similar.""
}",225
2013_0_3,94901,2015_0_3,88073,NON-CLONE,2026-07-09 01:39:06,"{
  ""answer"": ""DONT-KNOW"",
  ""explanation"": ""The two code snippets appear to be written in different programming languages and have different purposes. The first code snippet is written in Java and appears to be a solution to a problem involving generating a list of numbers and executing a certain operation on them. The second code snippet is also written in Java and appears to be a solution to a problem involving evaluating an expression and determining whether it is true or false. While both code snippets involve evaluating expressions and performing operations, the specific operations and logic are quite different, making it difficult to determine if they are functionally similar.""
}",226
2013_0_3,78294,2014_0_3,108079,NON-CLONE,2026-07-09 01:39:11,"ANSWER: YES-SIMILAR
EXPLANATION: 
Both code snippets are implementing a solution to a problem, specifically a problem related to finding a solution for a minesweeper game. The first code snippet appears to be a solution for a problem where you have to find a solution for a set of mines in a grid, and the second code snippet appears to be a solution for a similar problem, where you have to find a solution for a set of mines in a grid with a given number of rows and columns. Both code snippets use a similar approach to solve the problem, which involves using a dynamic programming approach to find a solution. The main difference between the two code snippets is the specific details of the implementation, such as the way they handle the grid and the way they calculate the solution. However, the overall approach and the logic of the code is similar.",227
2013_0_3,78294,2015_0_3,21597,NON-CLONE,2026-07-09 01:39:14,"{
  ""answer"": ""DONT-KNOW"",
  ""explanation"": ""The two code snippets appear to be from different domains and have different purposes. The first code snippet appears to be solving a problem related to finding perfect squares, while the second code snippet appears to be solving a problem related to a dijkstra's algorithm. The code structures, syntax, and syntax are also different, making it difficult to determine their functional similarity. Therefore, I am unable to determine if they are functionally similar or not.""
}",228
2013_0_3,118052,2015_0_3,74464,NON-CLONE,2026-07-09 01:39:17,"ANSWER: YES-SIMILAR
EXPLANATION: Both code snippets are implementing a solution to a problem, specifically a problem related to finding a palindrome number within a certain range. Both code snippets are using a similar approach to find the solution, which involves checking for palindromes and performing operations on numbers. The code snippets are structurally different, but they achieve the same goal.",229
2013_1_1,35305,2014_2_1,115332,NON-CLONE,2026-07-09 01:39:21,"{
  ""answer"": ""YES-SIMILAR"",
  ""explanation"": ""Both code snippets are functionally similar. They both appear to be implementing a solution to a problem, where they read input from a file, process it, and output the result. The main difference is in the approach and implementation details, but the overall functionality is the same. The first code snippet is solving a problem involving finding a minimum value in a matrix, while the second code snippet is implementing a solution to a problem involving finding the sum of the minimum values in a matrix. Both code snippets use a similar structure, with a loop to iterate over the input, and they both use a similar algorithm to find the minimum value. The only difference is in the way they handle the data and the specific problem they are trying to solve.""
}",230
2013_1_1,35305,2016_2_1,197689,NON-CLONE,2026-07-09 01:39:26,"{
  ""answer"": ""DONT-KNOW"",
  ""explanation"": ""The two code snippets appear to be solving different problems. The first code snippet is calculating the number of occurrences of a given character in a string, while the second code snippet is trying to solve a problem related to counting the occurrences of certain characters in a string. The code snippets have different structures and syntax, making it difficult to determine if they are functionally similar. However, a closer examination of the code suggests that they are both using a similar approach to solving the problem, which is to iterate over the string and count the occurrences of each character. This suggests that they may be functionally similar, but a more detailed analysis is required to confirm this.""
}",231
2013_1_1,35305,2014_3_1,138529,NON-CLONE,2026-07-09 01:39:30,"{
  ""answer"": ""YES-SIMILAR"",
  ""explanation"": ""Both code snippets are solving the same problem, which is to find the number of 1's in the binary representation of the GCD of two input numbers. The code snippets use similar logic to calculate the number of 1's in the binary representation of the GCD. The main difference between the two code snippets is the approach used to calculate the GCD. The first code snippet uses a while loop to repeatedly divide the GCD by 2 until it reaches 1, while the second code snippet uses a recursive function to calculate the GCD. However, the overall logic and purpose of the code snippets is the same, which means they are functionally similar.""
}",232
2013_1_1,35305,2016_2_1,184367,NON-CLONE,2026-07-09 01:39:33,"{
  ""answer"": ""YES-SIMILAR"",
  ""explanation"": ""Both code snippets are designed to solve a problem of counting the occurrences of digits in a string and producing a phone number based on those counts. The code snippets use similar algorithms, but with different implementations. The first snippet uses a binary search to find the digit counts, while the second snippet uses a string search to find the occurrences of digits. Both code snippets produce the same output, but with different syntax and structure.""
}",233
2013_1_1,30788,2016_2_1,187476,NON-CLONE,2026-07-09 01:39:36,"{
  ""answer"": ""DONT-KNOW"",
  ""explanation"": ""The two code snippets seem to be doing different things. The first one appears to be solving a mathematical problem, specifically finding the solution to a quadratic equation. The second code snippet appears to be reading input from a file and comparing it to a set of predefined numbers. They have different input and output, and their logic is quite different. Therefore, it's difficult to say if they are functionally similar or not.""
}",234
2013_1_1,30788,2016_1_2,20611,NON-CLONE,2026-07-09 01:39:40,"{
  ""answer"": ""YES-SIMILAR"",
  ""explanation"": ""Both code snippets are designed to solve the same problem, which is to find the missing numbers in a given range. The first code snippet reads a series of numbers from an input file, calculates the missing numbers using a formula, and writes the result to an output file. The second code snippet reads a series of numbers from an input stream, counts the occurrences of each number, finds the missing numbers, and returns them as a string. Although the code snippets use different approaches and data structures, they achieve the same goal of finding the missing numbers. Therefore, they are functionally similar.""
}",235
2013_1_1,30788,2013_0_2,114653,NON-CLONE,2026-07-09 01:39:43,"{
  ""answer"": ""NO-NOT-SIMILAR"",
  ""explanation"": ""The two code snippets are not similar. The first code snippet appears to be a solution to a geometry problem, where it calculates the number of cells in a grid that are not part of a diagonal line. The second code snippet appears to be a solution to a different problem, where it checks if all cells in a grid are part of a diagonal line. The two code snippets have different inputs, outputs, and logic, so they are not similar.""
}",236
2013_1_1,30610,2016_1_1,8299,NON-CLONE,2026-07-09 01:39:47,"{
  ""answer"": ""YES-SIMILAR"",
  ""explanation"": ""Both code snippets are designed to read input from a file or console, process it, and perform various mathematical and string operations. They both have methods for scanning input, reading from files, and performing calculations. The code snippets are written in different styles, but they achieve the same functional goals. The first code snippet is a more comprehensive utility class with various methods for reading input, writing output, and performing mathematical operations. The second code snippet is a simple class with a single method for processing input strings. Despite their differences in style and structure, the two code snippets are functionally similar.""
}",237
2013_1_1,30610,2016_1_2,31984,NON-CLONE,2026-07-09 01:39:52,"{
  ""answer"": ""DONT-KNOW"",
  ""explanation"": ""Both code snippets appear to be related to reading input from a file and performing various operations on that input. However, the two code snippets have different structures and syntax, and appear to be designed for different purposes. The first code snippet seems to be a utility class with various methods for reading input from a file, performing mathematical operations, and outputting to a file. The second code snippet appears to be designed for reading input from a file and storing it in a 2D array. While both code snippets seem to be performing similar tasks, the specifics of their implementation and the context in which they are used are different. Therefore, it is not clear whether they are functionally similar or not.""
}",238
2013_1_1,30305,2014_0_3,27551,NON-CLONE,2026-07-09 01:39:55,"{
  ""answer"": ""DONT-KNOW"",
  ""explanation"": ""The two code snippets seem to be from different domains and have different functionalities. The first code snippet appears to be solving a problem related to finding a number using a mathematical formula, while the second code snippet appears to be creating a minesweeper game board. The code snippets are written in different styles and use different libraries, making it difficult to determine their functional similarity.""
}",239
2014_0_2,107403,2016_0_2,88861,NON-CLONE,2026-07-09 01:39:59,"{
  ""answer"": ""YES-SIMILAR"",
  ""explanation"": ""Both code snippets are solving a problem that involves processing a series of inputs. The first code snippet is calculating the time it takes for a car to travel a certain distance with a given acceleration and initial velocity. The second code snippet is counting the number of times the driver needs to flip a car's direction. Both code snippets have a loop that iterates over the inputs, and both use a variable to keep track of a value that changes with each iteration. The main difference between the two code snippets is the problem they are solving, but they share the same functional structure and logic. Therefore, they are functionally similar.""
}",240
2014_0_2,107403,2016_3_1,218815,NON-CLONE,2026-07-09 01:40:03,"{
  ""answer"": ""YES-SIMILAR"",
  ""explanation"": ""Both code snippets appear to be solving a problem related to calculating the time taken for a train to travel a certain distance, with the train's speed increasing at a certain rate. Both code snippets have a loop that continues until a certain condition is met, and both use a variable to track the current speed of the train. The main difference between the two code snippets is the way in which they parse input and the way they print the output. However, the underlying mathematical calculation is the same, which suggests that they are functionally similar.""
}",241
2014_0_2,107403,2014_3_1,137264,NON-CLONE,2026-07-09 01:40:06,"{
  ""answer"": ""DONT-KNOW"",
  ""explanation"": ""The two code snippets appear to be implementing different tasks, one for a problem related to competitive programming and the other for a problem related to calculating the greatest common divisor. The syntax and structure of the code are also significantly different. While both code snippets use Java, they use different classes, methods, and variables. It's not clear whether they are functionally similar without more context about the specific problems they are trying to solve. The tasks and algorithms used in the two code snippets appear to be distinct, making it difficult to determine their functional similarity.""
}",242
2014_0_2,107403,2014_0_3,108079,NON-CLONE,2026-07-09 01:40:10,"ANSWER: NO-NOT-SIMILAR
EXPLANATION: 
The two code snippets are not functionally similar. They have different
purposes, and the code snippets are written in different styles and
structure. The first code snippet is designed to calculate the time it takes
for a car to travel a certain distance given its speed and a rate. The
second code snippet is a minesweeper program that tries to find a solution
to a problem where a number of mines are placed on a grid. The
calculations and logic are completely different, making them not
functionally similar.",243
2014_0_2,81302,2015_1_1,115055,NON-CLONE,2026-07-09 01:40:13,"{
  ""answer"": ""DONT-KNOW"",
  ""explanation"": ""The two code snippets appear to be solving different problems. The first code snippet seems to be solving a problem related to calculating the time it takes for a car to travel a certain distance, while the second code snippet appears to be solving a problem related to eating mushrooms. The code structures and syntax are different, but it's not clear if they are achieving the same functional result. Without more information about the problem being solved, it's difficult to determine the similarity between the two code snippets.""
}",244
2014_0_2,81302,2015_0_3,62582,NON-CLONE,2026-07-09 01:40:17,"{
  ""answer"": ""DONT-KNOW"",
  ""explanation"": ""The two code snippets appear to be solving different problems. Code Snippet 1 appears to be solving a problem related to time calculation, while Code Snippet 2 appears to be solving a problem related to string manipulation and mathematical operations. The code snippets have different structures, syntax, and mathematical operations, making it difficult to determine if they are functionally similar. However, a closer examination of the code snippets reveals that both code snippets involve iterative processes and conditional statements, which could be a sign of functional similarity. Without a clear understanding of the specific problem being solved, it is difficult to make a definitive conclusion about the functional similarity of the code snippets.""
}",245
2014_0_2,81302,2014_3_1,138529,NON-CLONE,2026-07-09 01:40:21,"{
  ""answer"": ""YES-SIMILAR"",
  ""explanation"": ""Both code snippets appear to be solving the same problem, which is to find the minimum time to travel a certain distance. They both use a similar algorithm to find the minimum time, which involves repeatedly dividing the time by 2 until it reaches 1. The code snippets also both use a similar format to print the result. The main difference is that the second code snippet uses a different method to find the greatest common divisor of two numbers, but this is not affecting the functionality of the code. Overall, the two code snippets are functionally similar.""
}",246
2014_0_2,27351,2016_1_2,31984,NON-CLONE,2026-07-09 01:40:24,"{
  ""answer"": ""DONT-KNOW"",
  ""explanation"": ""The two code snippets appear to be solving a different problem, with the first one trying to solve a mathematical problem involving a farm, while the second one seems to be parsing input data from a file. The syntax and structure of the two code snippets are also quite different, making it difficult to determine their functional similarity. Without more context or information about the problem being solved, it's not clear whether the two code snippets are similar or not.""
}",247
2014_0_2,27351,2016_2_1,193269,NON-CLONE,2026-07-09 01:40:28,"{
  ""answer"": ""YES-SIMILAR"",
  ""explanation"": ""Both code snippets are solving problems that involve iterating over a collection of data to achieve a certain goal. The first code snippet uses a while loop to calculate a result based on input parameters, while the second code snippet uses a series of if statements to remove characters from a map and add the corresponding digit to a list. Both code snippets also use a scanner to read input and output data. The main difference between the two code snippets is the problem they are solving, but the overall structure and logic are similar. The while loops and conditional statements in both code snippets are used to solve a problem, which makes them functionally similar.""
}",248
2014_0_2,41018,2016_0_4,129913,NON-CLONE,2026-07-09 01:40:33,"{
  ""answer"": ""YES-SIMILAR"",
  ""explanation"": ""Both code snippets are solving a problem where they calculate the time to reach a goal. The first snippet is calculating the time to reach a goal from a farm, while the second snippet is calculating the time to reach a goal from a fractile. They both have a while loop that iteratively updates the rate and time variables until a certain condition is met. The first snippet uses a BufferedReader to read from a file, while the second snippet uses a Scanner to read from the console. Both snippets also print the result to a file or the console. The problem being solved in both snippets is the same, and the logic is very similar, indicating that the two code snippets are functionally similar.""
}",249
2014_0_3,108079,2014_2_1,126555,NON-CLONE,2026-07-09 01:40:40,"ANSWER: YES-SIMILAR
EXPLANATION: 
Both code snippets are solving a problem related to a grid with some
spaces filled with stars and some empty. The first code snippet is a
minesweeper problem where the task is to find a way to cover all the
stars with the minimum number of moves. The second code snippet is a
problem where the task is to find the minimum number of moves to cover
all the strings with the same first character. The approach of both
code snippets is to use a dynamic programming approach to solve the
problem. The first code snippet uses a 2D array to keep track of the
number of moves for each cell, while the second code snippet uses a
stack to keep track of the characters in the strings. Both code snippets
use a recursive approach to solve the problem, with the first code
snippet using a knapsack algorithm and the second code snippet using a
brute-force approach. The main idea of both code snippets is to find
the minimum number of moves to cover all the stars or strings with the
same first character.",250
2014_0_3,108079,2016_2_1,187476,NON-CLONE,2026-07-09 01:40:42,"ANSWER: {
  ""answer"": ""NO-NOT-SIMILAR"",
  ""explanation"": ""The two code snippets have different purposes and do not achieve the same task. The first code snippet appears to be a solution to a minesweeper problem, while the second code snippet appears to be a solution to a sequence problem. They use different approaches and data structures, and their logic and syntax are significantly different.""
}",251
2014_0_3,108079,2015_0_2,32722,NON-CLONE,2026-07-09 01:40:45,"ANSWER: {
  ""answer"": ""YES-SIMILAR"",
  ""explanation"": ""Both code snippets are implementing the same algorithm for solving the problem of finding the minimum number of days to serve pancakes in a diner. They both use a dynamic programming approach to calculate the minimum time required to serve all customers. The code snippets are similar in terms of their overall structure and logic, even though they use different variable names and data structures.""
}",252
2014_0_3,108079,2013_0_2,55421,NON-CLONE,2026-07-09 01:40:48,"{
  ""answer"": ""YES-SIMILAR"",
  ""explanation"": ""Both code snippets are solving the same problem, which is to determine whether a lawn can be mowed in a certain way. They use similar logic and algorithms to determine if the lawn can be mowed. The main difference between the two code snippets is the implementation details, such as the use of different data structures and algorithms. However, the overall logic and purpose of the code is the same, indicating that they are functionally similar.""
}",253
2014_0_3,27551,2014_2_1,125050,NON-CLONE,2026-07-09 01:40:52,"{
  ""answer"": ""NO-NOT-SIMILAR"",
  ""explanation"": ""The two code snippets have different purposes, and they use different approaches to solve the problems they are designed to solve. The first code snippet is used to solve a minesweeper problem, while the second code snippet is used to solve a string pattern matching problem. The algorithms used in both code snippets are also different. The first code snippet uses a brute force approach to fill the minesweeper grid, while the second code snippet uses a more efficient approach to find the minimum number of moves required to solve the string pattern matching problem. Therefore, the two code snippets are not functionally similar.""
}",254
2014_0_3,27551,2013_0_1,124226,NON-CLONE,2026-07-09 01:40:57,"ANSWER: {
  ""answer"": ""NO-NOT-SIMILAR"",
  ""explanation"": ""The two code snippets appear to be solving different problems. The first snippet is a Minesweeper game solver, while the second snippet is a Tic Tac Toe game solver. The logic and structure of the two snippets are quite different, with the first snippet using a more complex algorithm to solve the Minesweeper game, while the second snippet uses a simpler algorithm to solve the Tic Tac Toe game. Additionally, the two snippets use different data structures and variables, with the first snippet using a 2D array to represent the game board, while the second snippet uses a 2D character array. Therefore, the two code snippets are not functionally similar.""
}",255
2014_0_3,27551,2015_0_2,34257,NON-CLONE,2026-07-09 01:40:59,"{
  ""answer"": ""DONT-KNOW"",
  ""explanation"": ""The two code snippets appear to be solving different problems, and the solutions are not immediately apparent. The first code snippet appears to be generating a minefield based on user input, while the second code snippet appears to be solving a puzzle involving pancakes. Without a clear understanding of the problem being solved, it's difficult to determine if the code snippets are functionally similar or not.""
}",256
2014_0_3,99421,2015_0_4,96734,NON-CLONE,2026-07-09 01:41:03,"ANSWER: YES-SIMILAR
EXPLANATION: 
Both code snippets are functionally similar as they both aim to solve the same problem - placing mines in a grid in a way that the grid is not completely filled with mines. Both code snippets use a similar approach, using a set of strategies to place the mines and calculate the best placement. The main differences are in the implementation details, such as the use of a thread pool in the first code snippet and a simple sequential execution in the second code snippet, and the way the strategies are implemented.",257
2014_0_3,99421,2014_3_1,138529,NON-CLONE,2026-07-09 01:41:07,"ANSWER: YES-SIMILAR
EXPLANATION: Both code snippets are implementing a solution to the Minesweeper problem, where the goal is to determine the location of all the mines in a grid. The first snippet uses a multi-threaded approach, while the second snippet uses a single-threaded approach. Despite the differences in implementation, the overall logic and structure of both code snippets are similar, with both using a recursive approach to solve the problem. The first snippet uses a custom comparator to determine the placement of mines, while the second snippet uses a simple comparison to determine the placement of mines. Overall, both code snippets achieve the same result, making them functionally similar.",258
2014_0_3,22792,2013_0_2,90919,NON-CLONE,2026-07-09 01:41:12,"ANSWER: DONT-KNOW
EXPLANATION: The two code snippets appear to be in different programming languages and have different structures, so it is difficult to directly compare them. The first code snippet is written in Java, while the second code snippet is also written in Java. However, the second code snippet appears to be a more traditional Java program with a main method and a solve method, while the first code snippet appears to be a more complex program with multiple classes and methods. Additionally, the first code snippet appears to be solving a minesweeper problem, while the second code snippet appears to be checking the correctness of a minesweeper grid. Without more information about the specific requirements of the problem being solved, it is difficult to determine whether the two code snippets are similar.",259
2014_2_1,124976,2014_0_3,99421,NON-CLONE,2026-07-09 01:41:15,"ANSWER: YES-SIMILAR
EXPLANATION: Both code snippets are solving the same problem, which is a minesweeper problem. They both use a similar strategy to solve the problem, which involves calculating the number of mines in each cell and then placing the empty cells. The code snippets use different approaches, such as using a thread pool and a sorted map in the second snippet, but the overall logic is the same. The first snippet is a single-threaded approach, while the second snippet uses a multi-threaded approach.",260
2014_2_1,124976,2016_0_4,58218,NON-CLONE,2026-07-09 01:41:19,"{
  ""answer"": ""DONT-KNOW"",
  ""explanation"": ""The two code snippets have different purposes, different structures, and different syntax, making it difficult to determine their similarity. They appear to be solving different problems, with the first code snippet processing input from a file and counting the frequency of each character in each string, and the second code snippet generating a sequence of numbers based on input parameters. Without more context or information about the problems they are trying to solve, it is not clear whether they are similar or not.""
}",261
2014_2_1,124976,2016_3_1,211583,NON-CLONE,2026-07-09 01:41:23,"{
  ""answer"": ""YES-SIMILAR"",
  ""explanation"": ""Both code snippets are solving the same problem, which is to find the smallest pair of characters from the input strings. They are using a priority queue to manage the pairs of characters and find the smallest pair. The first code snippet is reading from a file and the second code snippet is reading from the console. The main logic is the same, with the first code snippet using a 2D array to store the counts of characters and the second code snippet using a priority queue to store the pairs of characters. Both code snippets are also using a similar algorithm to find the smallest pair of characters. Therefore, they are functionally similar.""
}",262
2014_2_1,124976,2015_0_2,34257,NON-CLONE,2026-07-09 01:41:27,"{
  ""answer"": ""DONT-KNOW"",
  ""explanation"": ""The two code snippets are not obviously similar, but they seem to be solving a problem related to finding the minimum cost of a certain task. However, the problem statement and the solution approach appear to be different. The first code snippet appears to be a solution to a problem where the goal is to find the minimum cost of a certain task by analyzing a series of strings. The second code snippet appears to be a solution to a problem where the goal is to find the minimum cost of a certain task by cutting a pancake. The code snippets use different data structures and algorithms, which makes it difficult to determine if they are similar. Therefore, it is not clear if they are functionally similar.""
}",263
2014_2_1,115332,2014_0_3,99421,NON-CLONE,2026-07-09 01:41:33,"ANSWER: DONT-KNOW
EXPLANATION: The two code snippets appear to be implementing different
algorithms for solving a problem. The first code snippet seems to be
implementing a solution to a problem involving a matrix with mines and
the goal of placing the mines in a way that minimizes the distance
between them. The second code snippet appears to be implementing a
solution to a problem involving a grid with mines and the goal of
placing the mines in a way that minimizes the distance between them.
However, the two code snippets use different approaches and data structures,
making it difficult to determine if they are functionally similar. The
first code snippet uses a simple iterative approach, while the second
code snippet uses a more complex approach with the use of threads and
comparators. Without more information about the specific problem being
solved and the requirements of the solution, it is not clear if the two
code snippets are functionally similar.",264
2014_2_1,115332,2016_1_2,19093,NON-CLONE,2026-07-09 01:41:38,"ANSWER: YES-SIMILAR
EXPLANATION: 
The two Java code snippets appear to be implementing similar functionality, despite differences in syntax and structure. Both code snippets seem to be dealing with a problem related to graph theory, possibly graph coloring or flow problems. The TaskA class appears to be implementing a solution for a problem involving finding the minimum sum of a set of values, while the Q1 class seems to be implementing a solution for a problem involving graph coloring. Despite the differences in the specific problem being solved, both code snippets use similar data structures and algorithms, such as arrays and sets, and both have methods for parsing input, solving the problem, and returning the solution. The overall structure and approach of the two code snippets appear to be similar, suggesting that they are functionally similar.",265
2014_2_1,115332,2016_0_1,55901,NON-CLONE,2026-07-09 01:41:42,"{
  ""answer"": ""DONT-KNOW"",
  ""explanation"": ""The two code snippets appear to be from different problem domains and have different structures, but it's not clear if they achieve the same task or perform the same operation. The first code snippet appears to be a solution to a problem involving parsing a string and finding the minimum difference between two integers, while the second code snippet appears to be a solution to a problem involving a timer and a string. Without more information about the specific problem being solved, it's difficult to determine if the two code snippets are functionally similar or not.""
}",266
2014_2_1,119554,2015_0_4,107149,NON-CLONE,2026-07-09 01:41:46,"{
  ""answer"": ""DONT-KNOW"",
  ""explanation"": ""The two code snippets appear to be written in different styles and have different purposes, making it difficult to determine their functional similarity. The first code snippet appears to be a solution to a problem involving counting the number of occurrences of a character in a string, while the second code snippet appears to be a solution to a problem involving determining the winner of a game based on the product of two numbers. While both code snippets involve some form of counting and comparison, their overall logic and purpose are quite different, making it difficult to determine if they are functionally similar.""
}",267
2014_2_1,119554,2016_1_2,20611,NON-CLONE,2026-07-09 01:41:49,"{
  ""answer"": ""DONT-KNOW"",
  ""explanation"": ""The two code snippets appear to be solving different problems. The first code snippet seems to be analyzing a list of words and counting the frequency of each character, while the second code snippet is finding the missing numbers in a given list. The code structures and syntax are quite different, and it's not clear whether the two snippets are solving the same problem or achieving the same goal. Without more context or information about the problem being solved, it's difficult to determine the functional similarity between the two code snippets.""
}",268
2014_2_1,126555,2015_1_1,124925,NON-CLONE,2026-07-09 01:41:52,"{
  ""answer"": ""NO-NOT-SIMILAR"",
  ""explanation"": ""The two code snippets have different purposes and do not appear to be functionally similar. The first code snippet is designed to solve a problem related to strings, while the second code snippet is designed to calculate the difference between a series of integers. The code snippets use different approaches and data structures, and do not seem to achieve the same task.""
}",269
2014_3_1,141827,2013_1_1,30305,NON-CLONE,2026-07-09 01:41:55,"ANSWER: YES-SIMILAR
EXPLANATION: Both code snippets are solving a problem that involves finding a square root of a number, but with different approaches. The first code snippet uses a binary search approach to find the square root, while the second code snippet uses a binary search approach as well. The two code snippets are similar because they achieve the same goal of finding the square root of a number, but with different implementation details. The main functionality of both code snippets is to find the square root of a given number and return the result.",270
2014_3_1,141827,2014_2_1,126555,NON-CLONE,2026-07-09 01:41:58,"ANSWER: YES-SIMILAR
EXPLANATION: 
The two code snippets are functionally similar because they both appear to be designed to solve the same problem, which involves parsing strings and performing some sort of analysis on them. Both code snippets contain methods for reading input from a file and printing output to a file. They also both contain methods for solving the problem, which involve iterating over the input strings and performing some sort of analysis on them. The specific details of the analysis are different, but the overall structure and purpose of the code is similar.",271
2014_3_1,141827,2013_1_1,30610,NON-CLONE,2026-07-09 01:42:01,"ANSWER: {
  ""answer"": ""YES-SIMILAR"",
  ""explanation"": ""Both code snippets appear to be designed for reading input from files and writing output to files, and they both use similar methods to parse the input and output the results. The main differences are in the implementation of the parsing and output methods, but the overall structure and purpose of the code appears to be similar.""
}",272
2014_3_1,141827,2014_2_1,115332,NON-CLONE,2026-07-09 01:42:04,"{
  ""answer"": ""YES-SIMILAR"",
  ""explanation"": ""Both code snippets are for solving problems in the context of competitive programming, specifically for tasks A, B, C, and D. They both use a similar structure and logic to parse input, solve the problem, and print the solution. The main differences are in the specifics of the problem-solving algorithms and data structures used, but the overall functional similarity is clear.""
}",273
2014_3_1,137264,2016_0_4,129913,NON-CLONE,2026-07-09 01:42:07,"{
  ""answer"": ""YES-SIMILAR"",
  ""explanation"": ""Both code snippets are implementing the same task, which is to find the power of 2 that is closest to a given number K, such that the sum of C consecutive integers from 1 to K does not exceed S. They are using different approaches, but the goal is the same. The code snippets are functionally similar because they achieve the same task, even if they differ in syntax, structure, or specific steps.""
}",274
2014_3_1,137264,2016_0_2,88861,NON-CLONE,2026-07-09 01:42:11,"{
  ""answer"": ""YES-SIMILAR"",
  ""explanation"": ""Both code snippets are designed to solve the same problem: finding the minimum number of flips required to make a given string of characters a palindrome. They achieve this goal using different approaches, but the end result is the same. The first code snippet uses a binary search over a precomputed array of powers of 2 to find the minimum number of flips, while the second code snippet uses a simple loop to count the number of flips. The similarity lies in the fact that both code snippets are solving the same problem, and the output of both code snippets is the minimum number of flips required to make the string a palindrome.""
}",275
2014_3_1,137264,2014_2_1,126555,NON-CLONE,2026-07-09 01:42:14,"{
  ""answer"": ""YES-SIMILAR"",
  ""explanation"": ""Both code snippets are solving the same problem: finding the minimum number of moves to transform one string into another. The main difference between the two code snippets is the approach they use to solve the problem. Code Snippet 1 uses a brute-force approach, while Code Snippet 2 uses a more efficient approach based on the concept of the minimum number of moves required to transform one string into another. Despite the differences in approach, both code snippets achieve the same result, which means they are functionally similar.""
}",276
2014_3_1,138894,2016_0_4,138317,NON-CLONE,2026-07-09 01:42:19,"{
  ""answer"": ""YES-SIMILAR"",
  ""explanation"": ""Both code snippets are solving the same problem, which is to find the positions of the first k powers of 2 in a sequence of powers of 2, with a given power c and starting power s. The main logic of both code snippets is the same, which is to iterate from 1 to k, and for each iteration, check if the current power of 2 is within the given power c and starting power s. If it is, add it to the result string. If the current power of 2 is not within the given power c and starting power s, return 'impossible' or 'IMPOSSIBLE'. The code snippets use different methods to achieve this, but the overall logic is the same.""
}",277
2014_3_1,138894,2015_0_4,77477,NON-CLONE,2026-07-09 01:42:23,"{
  ""answer"": ""YES-SIMILAR"",
  ""explanation"": ""Both code snippets are functionally similar as they both solve the same problem, which is to find the winner of a game based on certain conditions. The main differences are in the way the code is structured and the variables used, but the logic and the end result are the same. The first code snippet is for a specific problem from the 2014 Google Code Jam, while the second code snippet is for a different problem. However, both codes achieve the same goal of determining the winner of a game, which means they are functionally similar.""
}",278
2014_3_1,136615,2016_0_4,138317,NON-CLONE,2026-07-09 01:42:28,"{
  ""answer"": ""YES-SIMILAR"",
  ""explanation"": ""Both code snippets are implementing a solution to a problem related to finding the number of steps required to generate a number in a certain format. They both use a similar approach to calculate the number of steps, which involves finding the greatest common divisor (GCD) of two numbers and then using it to determine the number of steps required. The code snippets also share similar variable names and structure, such as the use of a Scanner object to read input and a BufferedWriter object to write output. However, the code snippets differ in their syntax and structure, with the first snippet using a StringBuilder to build a string and the second snippet using a string array to store the results. Despite these differences, the overall functionality of the two code snippets is similar.""
}",279
2015_0_1,79967,2015_0_4,96734,NON-CLONE,2026-07-09 01:42:32,"{
  ""answer"": ""DONT-KNOW"",
  ""explanation"": ""The two code snippets appear to be solving different problems and have different structures and syntax, making it difficult to determine their similarity. The first snippet seems to be related to a problem involving a standing and a series of audience members, while the second snippet appears to be related to a game involving Richard and Gabriel. The logic and algorithms used in both snippets are also different. However, both snippets do appear to involve some form of problem-solving and decision-making, which could suggest a level of similarity. Without more context or information, it is difficult to determine whether the two snippets are functionally similar or not.""
}",280
2015_0_1,79967,2015_0_3,88073,NON-CLONE,2026-07-09 01:42:35,"ANSWER: {
  ""answer"": ""DONT-KNOW"",
  ""explanation"": ""The two code snippets have different approaches and structures, but they both appear to be solving a similar problem. The first snippet appears to be calculating the number of standing room spots for a concert, while the second snippet appears to be evaluating an expression and determining whether it is equal to a certain number of times. However, without more context or information about the problem being solved, it is difficult to determine whether they are functionally similar or not.""
}",281
2015_0_1,79967,2014_0_3,22792,NON-CLONE,2026-07-09 01:42:39,"ANSWER: DONT-KNOW
EXPLANATION: The two code snippets appear to be solving different problems. The first code snippet appears to be a solution to a problem where the goal is to find the number of friends standing in a queue, given a string representing the queue. The second code snippet appears to be a solution to a problem where the goal is to place mines in a grid. While both code snippets use similar data structures and methods, they are solving different problems and have different inputs and outputs. Therefore, it is not clear whether they are functionally similar.",282
2015_0_1,79967,2013_1_1,30610,NON-CLONE,2026-07-09 01:42:42,"{
  ""answer"": ""YES-SIMILAR"",
  ""explanation"": ""Both code snippets are designed to solve the same problem of reading from a file and performing some calculations. They both use similar methods to read from a file and perform calculations, such as reading lines from the file, parsing the input, and performing mathematical calculations. The main difference between the two code snippets is the way they handle the input and the specific calculations being performed. However, the overall functionality of the two code snippets is similar.""
}",283
2015_0_1,35102,2016_0_2,68074,NON-CLONE,2026-07-09 01:42:44,"{
  ""answer"": ""NO-NOT-SIMILAR"",
  ""explanation"": ""The two code snippets have different purposes and achieve different results. The first code snippet calculates the number of friends required to stand up at a party based on a given shyness level, while the second code snippet counts the number of'maneuvers' in a given string. The code structure, syntax, and logic are also different, making them not functionally similar.""
}",284
2015_0_1,35102,2016_0_1,55901,NON-CLONE,2026-07-09 01:42:48,"ANSWER: DONT-KNOW
EXPLANATION: The two code snippets appear to be implementing different
functions and handling different inputs. The first code snippet appears to be
calculating the number of friends required for a person to stand up in a
standing ovation, while the second code snippet appears to be calculating
the number of times a person would need to sleep to have 10 distinct
digits in their sleep. They use different approaches and have different
inputs, so it's not clear if they are functionally similar.",285
2015_0_1,35102,2013_0_3,94901,NON-CLONE,2026-07-09 01:42:51,"{
  ""answer"": ""DONT-KNOW"",
  ""explanation"": ""The two code snippets appear to be solving different problems and have different inputs and outputs, making it difficult to determine their functional similarity. The first code snippet appears to be calculating the number of friends required for a standing ovation, while the second code snippet appears to be finding the number of perfect squares between two given integers. Without more information about the problem being solved, it is difficult to determine their functional similarity.""
}",286
2015_0_1,68106,2013_0_2,44471,NON-CLONE,2026-07-09 01:42:55,"{
  ""answer"": ""YES-SIMILAR"",
  ""explanation"": ""Both code snippets are designed to solve the same problem, which is to read input from a file and perform a specific task based on that input. The first code snippet reads a series of integers from a file and calculates the total value of each integer, while the second code snippet reads a 2D array from a file and checks if a specific value exists in each row and column. Both code snippets use a similar structure, with a loop to iterate over the input data, and both use a similar approach to solve the problem. The main difference is in the way the input is read and processed, but the overall logic and purpose of the code is the same.""
}",287
2015_0_1,68106,2013_0_3,83531,NON-CLONE,2026-07-09 01:42:59,"{
  ""answer"": ""YES-SIMILAR"",
  ""explanation"": ""Both code snippets are reading input from a file, parsing it, and solving a problem. The problem appears to be a simple math problem involving the use of a sieve algorithm to find square numbers. Both code snippets have a similar structure, with a main method that reads input, sets up a data structure, and solves the problem. The second code snippet is more complex, with a separate class for input handling and a separate class for the algorithm, but the overall logic and purpose of the code is similar.""
}",288
2015_0_1,65869,2013_1_1,40715,NON-CLONE,2026-07-09 01:43:02,"{
  ""answer"": ""YES-SIMILAR"",
  ""explanation"": ""Both code snippets read input from a file and write output to another file. They both read an integer from the first line of the input file, and then perform a loop to read and process the rest of the lines. They both use a buffer reader to read the input and a buffer writer to write the output. The main method of both code snippets is used to initialize the buffer reader and writer, and to call the read and write methods to process the input and output. The code snippets also both have a main method where they are called.""
}",289
2015_0_2,34257,2016_1_2,8152,NON-CLONE,2026-07-09 01:43:06,"{
  ""answer"": ""YES-SIMILAR"",
  ""explanation"": ""Both code snippets are implementing the same algorithm, which is to find the minimum number of cuts needed to cut a stack of pancakes. They both use a priority queue to store the pancakes and implement a recursive function to find the minimum number of cuts. The main difference is in the way they read the input and output the result. The first code snippet reads the input from a file and writes the result to another file, while the second code snippet reads the input from the console and writes the result to the console. The logic and the algorithm used are the same, which means they are functionally similar.""
}",290
2015_0_2,34257,2014_0_2,107403,NON-CLONE,2026-07-09 01:43:10,"ANSWER: {
  ""answer"": ""YES-SIMILAR"",
  ""explanation"": ""Both code snippets are implementing a solution to a problem, where the goal is to find the minimum time to cut a cake. The code snippets are using different approaches, but they both achieve the same result. The first code snippet is implementing a priority queue to find the minimum time to cut the cake, while the second code snippet is implementing a while loop to find the minimum time to cut the cake. Both code snippets are using the same mathematical formula to calculate the time to cut the cake, which is (C / rate) + (X / rate).""
}",291
2015_0_2,34257,2016_2_1,187476,NON-CLONE,2026-07-09 01:43:15,"ANSWER: YES-SIMILAR
EXPLANATION: Both code snippets are solving a problem of finding a sequence of numbers (in this case, a sequence of numbers from 0 to 9) such that for each number, the number of occurrences of each digit in the current sequence is greater than or equal to the number of occurrences of the digit in the previous sequence. The code snippets use a priority queue to manage the numbers, and both of them have a similar approach of iterating over the numbers and trying to find a match in the queue. The main difference is in the implementation details, such as the way the priority queue is used and the way the sequences are constructed. However, the overall functionality is the same, and both code snippets achieve the same goal.",292
2015_0_2,34257,2015_0_4,77477,NON-CLONE,2026-07-09 01:43:18,"{
  ""answer"": ""YES-SIMILAR"",
  ""explanation"": ""Both code snippets are implementing a problem solution for a pancake cutting problem. They both have a main method that reads input from a file and writes the output to another file. They both have a class with a method to solve the problem, which involves a priority queue and a pancake cutting operation. The main difference is in the way they parse the input and the way they determine the winner. However, the overall logic and functionality of the two code snippets are the same.""
}",293
2015_0_2,32722,2016_1_1,14479,NON-CLONE,2026-07-09 01:43:21,"{
  ""answer"": ""DONT-KNOW"",
  ""explanation"": ""Both code snippets appear to be solving a problem related to finding the minimum time required to serve pancakes at a diner. However, the second code snippet seems to be using a different approach and data structure to solve the problem, and the problem seems to be related to finding the maximum character in a string. Without a clear understanding of the specific problem and the requirements of the task, it's difficult to determine whether the two code snippets are functionally similar or not.""
}",294
2015_0_2,32722,2013_0_2,90919,NON-CLONE,2026-07-09 01:43:24,"{
  ""answer"": ""YES-SIMILAR"",
  ""explanation"": ""Both code snippets are solving the same problem of finding the minimum time required to serve pancakes at a diner. They both read input from a file, calculate the minimum time required, and write the result to an output file. The main difference between the two code snippets is in the way they handle the input and the data structure used to store the input data. However, the core logic of both code snippets is the same, which means they are functionally similar.""
}",295
2015_0_2,32722,2015_0_3,107238,NON-CLONE,2026-07-09 01:43:27,"{
  ""answer"": ""DONT-KNOW"",
  ""explanation"": ""The two code snippets seem to be solving different problems. The first one is trying to find the minimum time it takes for a diner to serve pancakes, while the second one is checking whether a string can be divided into four equal parts, each containing only the characters 'i', 'j', 'k', or 'l'. The code snippets use different algorithms and data structures, so they are not functionally similar.""
}",296
2015_0_2,77145,2015_0_3,62582,NON-CLONE,2026-07-09 01:43:32,"{
  ""answer"": ""DONT-KNOW"",
  ""explanation"": ""Both code snippets are designed to solve a problem related to finding the maximum value in a set of numbers, and then finding the minimum value that can be obtained by subtracting a certain number from each of these values. However, the approach used in both code snippets is different. The first code snippet appears to be a brute force approach, iterating over the numbers and calculating the minimum value. The second code snippet, on the other hand, seems to be using a more complex algorithm, involving string manipulation and modular arithmetic. While both code snippets are trying to achieve the same goal, the differences in their approaches make it difficult to determine if they are functionally similar. Therefore, the similarity of the two code snippets is unclear.""
}",297
2015_0_2,77145,2016_1_1,14479,NON-CLONE,2026-07-09 01:43:36,"{
  ""answer"": ""DONT-KNOW"",
  ""explanation"": ""The two code snippets appear to be solving different problems. The first code snippet appears to be solving a problem related to finding the maximum value in an array, while the second code snippet appears to be solving a problem related to finding a string that contains the maximum character in the input string. The code snippets are written in different styles and have different structures, making it difficult to determine their similarity. The FastScanner class in the second code snippet is also a custom class that is not present in the first code snippet, which further complicates the comparison. Therefore, it is not clear if the two code snippets are functionally similar.""
}",298
2015_0_2,72707,2015_1_1,115055,NON-CLONE,2026-07-09 01:43:39,"{
  ""answer"": ""DONT-KNOW"",
  ""explanation"": ""Both code snippets appear to be solving a problem related to mushrooms, but the problem and the approach are not clear from the code. The first code snippet seems to be calculating the minimum number of mushrooms to eat to reach a certain threshold, while the second code snippet seems to be calculating the total number of mushrooms eaten and the number of mushrooms that can be eaten at a constant rate. Without more information about the problem, it is difficult to determine if they are functionally similar.""
}",299
2015_0_3,74464,2016_0_2,125812,NON-CLONE,2026-07-09 01:43:43,"{
  ""answer"": ""DONT-KNOW"",
  ""explanation"": ""The two code snippets seem to be solving different problems. The first code snippet appears to be implementing a solution to a combinatorics problem, where it tries to find the number of ways to arrange a string of 'i', 'j', 'k' characters. The second code snippet, on the other hand, appears to be implementing a solution to a problem where it needs to determine the number of swaps required to make a string of characters alternate. While both code snippets involve string manipulation and conditional logic, they seem to be solving different problems and using different approaches. Therefore, it is difficult to say whether they are functionally similar.""
}",300
2015_0_3,74464,2014_2_1,119554,NON-CLONE,2026-07-09 01:43:46,"{
  ""answer"": ""NO-NOT-SIMILAR"",
  ""explanation"": ""The two code snippets appear to be solving different problems and have different structures and syntax. The first code snippet appears to be solving a problem related to a table-based solution, while the second code snippet appears to be solving a problem related to string manipulation and counting. The code snippets have different variables, functions, and logic, indicating that they are not similar in terms of functionality.""
}",301
2015_0_3,74464,2016_0_4,100472,NON-CLONE,2026-07-09 01:43:50,"ANSWER: DONT-KNOW
EXPLANATION: The two code snippets appear to be solving different problems, with the first one being a Java program that checks if a given string is a fractile of a certain length, and the second one being a Java program that calculates the number of ways to divide a given number into fractiles of a certain size. While both programs use similar mathematical concepts, the overall structure and functionality of the two programs are quite different, making it difficult to determine if they are functionally similar.",302
2015_0_3,74464,2013_0_1,58633,NON-CLONE,2026-07-09 01:43:54,"{
  ""answer"": ""NO-NOT-SIMILAR"",
  ""explanation"": ""The two code snippets are not similar because they solve different problems. The first code snippet appears to be a solution to a combinatorics problem, while the second code snippet appears to be a solution to a game problem. The algorithms and data structures used in the two code snippets are also different. The first code snippet uses a custom table and a series of function calls, while the second code snippet uses a more traditional game board and a series of conditional statements. Therefore, despite both code snippets achieving a similar goal (determining the outcome of a game or game-like scenario), they are not functionally similar.""
}",303
2015_0_3,88073,2016_2_1,187476,NON-CLONE,2026-07-09 01:43:58,"{
  ""answer"": ""YES-SIMILAR"",
  ""explanation"": ""Both code snippets are functionally similar because they both achieve the same goal of evaluating the result of a given expression. The first code snippet uses a custom implementation to evaluate the result of an expression, while the second code snippet uses a more traditional approach with a Map to keep track of the frequency of each character. Both code snippets also share a similar structure, with a main method and several helper methods. The code snippets are not identical, but they achieve the same result and have a similar structure, which suggests that they are functionally similar.""
}",304
2015_0_3,88073,2016_3_1,210871,NON-CLONE,2026-07-09 01:44:01,"{
  ""answer"": ""DONT-KNOW"",
  ""explanation"": ""The two code snippets appear to be solving different problems, with the first code snippet evaluating the sign of a mathematical expression and the second code snippet solving a problem related to a map of characters and their frequencies. The code structures and syntax are also quite different, making it difficult to determine if they are functionally similar or not. Without more information or a clear understanding of the problems being solved, it is not possible to determine if the code snippets are similar or not.""
}",305
2015_0_3,88073,2013_0_3,83531,NON-CLONE,2026-07-09 01:44:04,"ANSWER: DONT-KNOW
EXPLANATION: 
The two code snippets are written in different programming languages (Java) and seem to be solving different problems. The first code snippet appears to be implementing a solution for a mathematical problem related to sign and character manipulation, while the second code snippet seems to be implementing a solution for a problem related to finding the closest perfect square number. The two code snippets have different structures, syntax, and logic, making it difficult to determine their functional similarity.",306
2015_0_3,21597,2016_2_1,187476,NON-CLONE,2026-07-09 01:44:08,"{
  ""answer"": ""YES-SIMILAR"",
  ""explanation"": ""Both code snippets are implementing a solution to a problem, specifically finding the shortest path in a grid. They both use a similar algorithm to solve the problem, using a combination of data structures and loops to traverse the grid and find the shortest path. The main difference between the two code snippets is the specific implementation details, such as the use of different data structures and the way the loops are structured. However, the overall logic and the end result of both code snippets are the same, indicating that they are functionally similar.""
}",307
2015_0_3,21597,2016_0_2,88861,NON-CLONE,2026-07-09 01:44:11,"ANSWER: YES-SIMILAR
EXPLANATION: 
The two code snippets appear to be functionally similar. They both seem to be solving the same problem, which is to count the number of consecutive characters that are not the same in a given string. The main differences between the two code snippets are in the implementation details, such as the use of Java versions, variable names, and data structures. However, the overall logic and purpose of the code is the same.",308
2015_0_3,62582,2014_2_1,125050,NON-CLONE,2026-07-09 01:44:15,"{
  ""answer"": ""NO-NOT-SIMILAR"",
  ""explanation"": ""The two code snippets have different structures, syntax, and algorithms, indicating they are not functionally similar. They also appear to be solving different problems. The first snippet seems to be related to a puzzle game where the goal is to find a string that is a certain number of steps away from a given string. The second snippet seems to be related to a word game where the goal is to find a string that has a certain number of unique characters. The use of different libraries and data structures in the two code snippets also suggests that they are not functionally similar.""
}",309
2015_0_4,107149,2016_1_2,20611,NON-CLONE,2026-07-09 01:44:19,"{
  ""answer"": ""DONT-KNOW"",
  ""explanation"": ""The two code snippets appear to be solving different problems and have different input and output formats. The first code snippet appears to be a solution to a problem related to checking if a rectangle's area is divisible by 1, 2, 3, 4, or 5, and writing the corresponding string 'RICHARD' or 'GABRIEL' to the output file. The second code snippet appears to be a solution to a problem related to finding missing numbers in a list. They have different syntax, structure, and specific steps, making it difficult to determine if they are functionally similar. Therefore, it is not clear if they are similar.""
}",310
2015_0_4,107149,2015_0_1,65869,NON-CLONE,2026-07-09 01:44:23,"ANSWER: YES-SIMILAR
EXPLANATION: 
The two code snippets are functionally similar. Both code snippets are designed to read from a file and write to another file. They both have a main method that reads from a file, processes the input, and writes the output to another file. The processing involves parsing the input, performing calculations, and writing the result to the output file. The main difference between the two code snippets is the way they read and write the files, and the specific logic used for processing the input. However, the overall functionality is similar.",311
2015_0_4,107149,2013_0_3,83531,NON-CLONE,2026-07-09 01:44:26,"{
  ""answer"": ""NO-NOT-SIMILAR"",
  ""explanation"": ""Both code snippets are written in Java, but they have different structures and purposes. The first code snippet appears to be a solution to a problem in the Google Code Jam competition, where it reads input from a file and writes output to another file. The second code snippet appears to be a solution to a different problem, where it uses a brute-force approach to calculate the number of palindromes within a certain range. While both code snippets use Java, they are designed to solve different problems and have different structures. Therefore, they are not functionally similar.""
}",312
2015_0_4,107149,2014_3_1,138894,NON-CLONE,2026-07-09 01:44:30,"{
  ""answer"": ""DONT-KNOW"",
  ""explanation"": ""The two code snippets appear to be solving different problems and do not have a similar structure or functionality. The first code snippet seems to be solving a problem related to reading input from a file and writing output to another file, while the second code snippet appears to be solving a problem related to binary division and checking if a number is a power of 2. The code snippets use different programming languages and have different input and output requirements, making it difficult to determine their similarity.""
}",313
2015_0_4,96734,2015_1_1,127730,NON-CLONE,2026-07-09 01:44:34,"{
  ""answer"": ""YES-SIMILAR"",
  ""explanation"": ""Both code snippets are functionally similar because they both appear to be solving a problem related to finding a winner in a game of Omino. They both take input from the user, parse it, and determine the winner. The logic in the two code snippets is similar, with both using if-else statements to determine the winner. The two code snippets are solving a similar problem, but with different approaches. The first code snippet is using a more complex algorithm, while the second code snippet is using a simpler algorithm. However, the overall functionality is the same, and the two code snippets are functionally similar.""
}",314
2015_0_4,96734,2014_0_2,107403,NON-CLONE,2026-07-09 01:44:37,"ANSWER: {
  ""answer"": ""DONT-KNOW"",
  ""explanation"": ""The two code snippets appear to be solving different problems. The first snippet appears to be determining whether a given set of dimensions for an Omino can fit into a given rectangle, while the second snippet appears to be calculating the time it takes for a vehicle to travel a certain distance. The logic and syntax of the two code snippets are quite different, making it difficult to determine if they are functionally similar without more information about the problems they are trying to solve.""
}",315
2015_0_4,96734,2015_1_1,124925,NON-CLONE,2026-07-09 01:44:40,"{
  ""answer"": ""YES-SIMILAR"",
  ""explanation"": ""Both code snippets are designed to determine which of two players, RICHARD or GABRIEL, will win a game. The code snippets read input from the user, calculate the winner based on certain conditions, and print the result. The logic used to determine the winner is similar, with both code snippets checking for certain conditions and returning the winner accordingly. The main difference between the two code snippets is the implementation details, such as the use of different classes and methods, but the overall functionality is similar.""
}",316
2015_0_4,79014,2013_0_1,84294,NON-CLONE,2026-07-09 01:44:44,"{
  ""answer"": ""DONT-KNOW"",
  ""explanation"": ""The two code snippets seem to be implementing different problems, with the first snippet checking if Richard can win a game of Gabrriel's task, and the second snippet seems to be checking if a game of Tic Tac Toe is won or not. The code structures and syntax are quite different, making it difficult to determine if they are functionally similar. The first snippet uses a switch statement, while the second snippet uses arrays and loops. Without further context or information about the specific problem being solved, it's not clear if the two snippets are similar in terms of their functional behavior.""
}",317
2015_0_4,79014,2016_3_1,210871,NON-CLONE,2026-07-09 01:44:47,"{
  ""answer"": ""DONT-KNOW"",
  ""explanation"": ""The two code snippets appear to be solving different problems, with different input and output requirements. The first code snippet appears to be determining whether Richard or Gabriel can win a game, while the second code snippet appears to be solving a puzzle involving filling holes in a grid. The algorithms used in both code snippets are also quite different. Therefore, it is not clear if they are functionally similar.""
}",318
2015_0_4,21673,2016_3_1,210871,NON-CLONE,2026-07-09 01:44:52,"{
  ""answer"": ""YES-SIMILAR"",
  ""explanation"": ""Both code snippets are checking if a given input is valid or not. They both have a main method that reads input from the console, and then perform a series of checks to determine if the input is valid. The checks involve comparing the input values against certain conditions. The code snippets use different approaches to achieve this, but they both ultimately produce the same result. The main difference is that the first code snippet uses a boolean function to perform the checks, while the second code snippet uses a loop to iterate over the input values. Despite the differences in syntax and structure, the two code snippets are functionally similar.""
}",319
2015_1_1,127730,2014_2_1,126555,NON-CLONE,2026-07-09 01:44:55,"ANSWER: YES-SIMILAR
EXPLANATION: 
Both code snippets are similar because they both calculate the minimum number of moves to make to get from one string to another. They achieve this by comparing the strings and calculating the minimum number of moves. The first snippet uses a brute force approach, while the second snippet uses a more efficient approach by first checking if all strings are zero length, and then comparing the first character of each string. If the first character is not the same, it returns -1. If the first character is the same, it calculates the minimum number of moves by comparing the lengths of the strings.",320
2015_1_1,127730,2016_0_1,72044,NON-CLONE,2026-07-09 01:44:59,"{
  ""answer"": ""YES-SIMILAR"",
  ""explanation"": ""Both code snippets are solving a problem related to finding a certain pattern or result from a given input. They both iterate through the input data, performing some operations on it, and outputting a specific value. The code snippets use different approaches, but the overall logic is similar. Both code snippets are designed to find a specific value or pattern, and both use loops and conditional statements to achieve this. The main difference lies in the specific implementation details, but the overall functionality is the same.""
}",321
2015_1_1,127730,2014_0_2,27351,NON-CLONE,2026-07-09 01:45:02,"{
  ""answer"": ""DONT-KNOW"",
  ""explanation"": ""Both code snippets appear to be implementing a solution to a problem, but the problem and the solution are different. Code Snippet 1 appears to be calculating the total difference in a sequence of numbers, while Code Snippet 2 appears to be calculating the time it takes for a farmer to buy a certain amount of goods. The code structures and syntax are also very different, making it difficult to determine if they are functionally similar without more context or information about the problem being solved.""
}",322
2015_1_1,127730,2016_0_1,72044,NON-CLONE,2026-07-09 01:45:06,"{
  ""answer"": ""YES-SIMILAR"",
  ""explanation"": ""Both code snippets are functionally similar as they both aim to calculate a value based on an input array. The first code snippet calculates the total difference between consecutive elements in the array, while the second code snippet calculates the sum of the minimum value in the array and the difference between consecutive elements. The code snippets use different approaches, but they both achieve the same result. The first code snippet uses a for loop to calculate the total difference, while the second code snippet uses a Set to find the minimum value and a while loop to calculate the sum.""
}",323
2015_1_1,114491,2013_0_3,118052,NON-CLONE,2026-07-09 01:45:09,"{
  ""answer"": ""YES-SIMILAR"",
  ""explanation"": ""Both code snippets are solving the same problem, which is to find the number of perfect squares between two given numbers. They both use a similar approach, which involves iterating through numbers and checking if they are perfect squares. The main difference is in the implementation, with the first code snippet using a for loop and the second code snippet using a HashSet to store the perfect squares. However, the overall functionality of the code snippets is the same, and they achieve the same result.""
}",324
2015_1_1,114491,2016_1_2,8152,NON-CLONE,2026-07-09 01:45:13,"ANSWER: YES-SIMILAR
EXPLANATION: 
Both code snippets appear to be solutions to a sorting problem. Both use a
scanner to read input and a loop to iterate through the input. Both use
arrays or collections to store the input values and sort them. Both
implement a similar sorting algorithm, where the values are compared and
sorted based on a certain criteria. The main difference is in the
implementation details, such as the use of different data structures and
the specific sorting algorithm used. However, the overall functionality
appears to be the same, suggesting that the two code snippets are
functionally similar.",325
2015_1_1,114491,2014_3_1,136615,NON-CLONE,2026-07-09 01:45:16,"{
  ""answer"": ""NO-NOT-SIMILAR"",
  ""explanation"": ""The two code snippets have different input handling, output handling, and mathematical operations. The first code snippet appears to be designed to find the maximum difference and the minimum value in an array, while the second code snippet appears to be designed to find the power of 2. The second code snippet uses a different algorithm for calculating the power of 2, and it also uses a different method for handling input and output. Additionally, the second code snippet has a different structure and syntax than the first code snippet.""
}",326
2015_1_1,125935,2016_1_2,31984,NON-CLONE,2026-07-09 01:45:19,"{
  ""answer"": ""DONT-KNOW"",
  ""explanation"": ""Both code snippets seem to be implementing a solution to a problem, but the problem they are trying to solve is different. The first code snippet appears to be solving a problem related to finding the sum of differences between consecutive elements in an array, while the second code snippet seems to be reading input from a file and storing it in a 2D array. The code snippets have different syntax, structure, and purpose, making it difficult to determine their functional similarity.""
}",327
2015_1_1,125935,2016_0_1,72044,NON-CLONE,2026-07-09 01:45:24,"{
  ""answer"": ""YES-SIMILAR"",
  ""explanation"": ""Both code snippets are designed to solve a problem related to counting sheep. The first code snippet uses a greedy algorithm to count the number of sheep, while the second code snippet uses a different approach. However, they both aim to find the number of sheep in a given range. The second code snippet uses a HashSet to keep track of the numbers and a while loop to iterate through the numbers. The first code snippet uses a for loop to iterate through the numbers and a max and min function to calculate the number of sheep. The overall structure and purpose of both code snippets are similar, indicating that they are functionally similar.""
}",328
2015_1_1,124925,2016_1_1,8299,NON-CLONE,2026-07-09 01:45:27,"{
  ""answer"": ""YES-SIMILAR"",
  ""explanation"": ""Both code snippets are designed to process input data and produce output based on the input. They both use a loop to iterate over the input data and perform some operations. The first code snippet reads input data from the console and calculates the difference between consecutive integers, while the second code snippet reads a string from the console and builds a new string by concatenating characters that are greater than or equal to the first character. The overall purpose of both code snippets is to solve a problem, and they both achieve this goal through similar logic and structure.""
}",329
2016_0_1,60475,2014_0_3,108079,NON-CLONE,2026-07-09 01:45:31,"ANSWER: DONT-KNOW
EXPLANATION: 
The two code snippets appear to be implementing different algorithms for solving the Minesweeper problem. The first code snippet appears to be implementing a simple algorithm for determining the number of mines in a grid based on the given information. The second code snippet, on the other hand, appears to be implementing a more complex algorithm using dynamic programming to find the optimal arrangement of mines in the grid.

While both code snippets are solving the same problem, the algorithms used are quite different. The first code snippet uses a simple iterative approach, while the second code snippet uses a more complex dynamic programming approach. Therefore, it is difficult to say whether the two code snippets are functionally similar.",330
2016_0_1,60475,2013_1_1,40715,NON-CLONE,2026-07-09 01:45:35,"{
  ""answer"": ""YES-SIMILAR"",
  ""explanation"": ""Both code snippets are solving the same problem, which is to determine whether a given number is a multiple of 2 or not. The first code snippet is checking if a number is a multiple of 10, while the second code snippet is checking if a number is a multiple of 2. Both code snippets are using a similar approach of counting the number of digits in the number and checking if all digits are unique. The second code snippet is solving a different problem, but it uses a similar algorithm to the first code snippet. Therefore, the two code snippets are functionally similar.""
}",331
2016_0_1,60475,2015_0_2,77145,NON-CLONE,2026-07-09 01:45:40,"{
  ""answer"": ""YES-SIMILAR"",
  ""explanation"": ""Both code snippets are solving the same problem, which is to calculate the maximum number of people who can be accommodated in a room with a certain capacity. The code snippets use different approaches, but the logic is the same. The first code snippet is checking if all digits of a given number are present in an array, and if so, it calculates the sum of the digits. The second code snippet is finding the maximum number of people who can be accommodated in a room with a certain capacity. Both code snippets are using loops to iterate over the digits of the given number and are using similar mathematical operations to calculate the result. Therefore, they are functionally similar.""
}",332
2016_0_1,60475,2014_0_2,107403,NON-CLONE,2026-07-09 01:45:42,"{
  ""answer"": ""DONT-KNOW"",
  ""explanation"": ""The two code snippets appear to be from different contexts and have different purposes, making it difficult to determine if they are functionally similar. The first snippet appears to be a solution to a problem from a coding competition, while the second snippet appears to be a solution to a problem in a different context. They use different classes, variables, and methods, suggesting that they are not functionally similar.""
}",333
2016_0_1,69477,2016_0_2,162423,NON-CLONE,2026-07-09 01:45:46,"{
  ""answer"": ""DONT-KNOW"",
  ""explanation"": ""The two code snippets seem to be implementing different problems, but without a clear understanding of the problem they are trying to solve, it is difficult to determine their similarity. The first code snippet appears to be reading input from a file and counting the number of unique digits in a string, while the second code snippet appears to be counting the number of different characters in a string. Without more information about the specific problem, it is difficult to determine whether they are similar or not.""
}",334
2016_0_1,69477,2016_0_2,125812,NON-CLONE,2026-07-09 01:45:49,"{
  ""answer"": ""DONT-KNOW"",
  ""explanation"": ""The two code snippets appear to be solving different problems. The first code snippet appears to be solving a problem involving counting the number of 10s in a given input number, while the second code snippet appears to be solving a problem involving swapping the characters in a string. While both code snippets involve input reading and output writing, the overall logic and purpose of the two code snippets appear to be distinct. Therefore, it is not clear if they are functionally similar.""
}",335
2016_0_1,69477,2013_0_1,84294,NON-CLONE,2026-07-09 01:45:53,"ANSWER: {
  ""answer"": ""YES-SIMILAR"",
  ""explanation"": ""Both code snippets are designed to solve a problem related to a game, specifically a 4x4 grid game where two players (X and O) can place their marks. The first code snippet is a Java program that reads input from the user and prints the result of the game. The second code snippet is also a Java program that reads input from the user and determines the winner of the game. Both programs use similar logic to determine the winner and print the result. The main difference between the two code snippets is the way they handle the game state and the way they print the result. However, the overall functionality of both code snippets is the same.""
}",336
2016_0_1,123558,2016_1_1,14479,NON-CLONE,2026-07-09 01:45:57,"{
  ""answer"": ""YES-SIMILAR"",
  ""explanation"": ""Both code snippets are solving the same problem, which is to find the maximum number in a given string and print it. The first code snippet is using a while loop to iterate over the string, while the second code snippet is using a for loop to do the same. The second code snippet is also using a FastScanner class to read the input string, while the first code snippet is using a Scanner class. The overall logic and purpose of the code is the same, even though the implementation details are slightly different.""
}",337
2016_0_1,123558,2015_0_1,35102,NON-CLONE,2026-07-09 01:46:01,"{
  ""answer"": ""DONT-KNOW"",
  ""explanation"": ""The two code snippets seem to be solving different problems, with the first one being related to counting sheep and the second one being related to calculating the number of friends required to stand in a row. While both code snippets involve loops and conditional statements, the overall logic and purpose of the code is different, making it difficult to determine if they are functionally similar. Additionally, the syntax and structure of the code are also quite different, with the first code being a single class with a main method, and the second code being a class with two methods and a main method. Therefore, I am unable to determine if the two code snippets are functionally similar.""
}",338
2016_0_1,55901,2015_1_1,125935,NON-CLONE,2026-07-09 01:46:05,"ANSWER: YES-SIMILAR
EXPLANATION: 
Both code snippets are solving the same problem, which is to find the maximum difference between consecutive elements in an array. They use similar algorithms, both iterating over the array from left to right and calculating the maximum difference between each pair of consecutive elements. The code snippets also have similar variable names and data types, which indicates that they are implementing the same logic. The only difference between the two code snippets is the way they are structured and the libraries used, but the core logic is the same.",339
2016_0_2,68074,2013_0_1,124149,NON-CLONE,2026-07-09 01:46:08,"{
  ""answer"": ""YES-SIMILAR"",
  ""explanation"": ""Both code snippets are attempting to solve a problem related to checking for'maneuvers' or 'wins' in a game. The first code snippet is designed to count the number of maneuvers in a given string, while the second code snippet is checking for wins in a tic-tac-toe game. Despite the differences in syntax and structure, the overall logic and purpose of both code snippets is the same, making them functionally similar.""
}",340
2016_0_2,68074,2013_0_3,83531,NON-CLONE,2026-07-09 01:46:11,"{
  ""answer"": ""YES-SIMILAR"",
  ""explanation"": ""Both code snippets are designed to solve the same problem, which is to find the number of maneuvers in a given input string. The first code snippet uses a simple counting algorithm to count the number of '+' and '-' characters in the input string, while the second code snippet uses a more complex algorithm to find the number of perfect squares. The overall structure of both code snippets is similar, with a main method that reads input from a file and processes it using a helper class. The two code snippets use different approaches to solve the problem, but they both achieve the same goal.""
}",341
2016_0_2,68074,2015_0_2,32722,NON-CLONE,2026-07-09 01:46:14,"{
  ""answer"": ""YES-SIMILAR"",
  ""explanation"": ""Both code snippets are similar because they both seem to be solving the same problem, which is to find the minimum time required to flip pancakes in a stack. The first code snippet uses a simple algorithm to count the number of flips required, while the second code snippet uses a more complex algorithm to find the minimum time required. Both code snippets appear to be correctly solving the same problem, even though they use different approaches.""
}",342
2016_0_2,68074,2014_3_1,138529,NON-CLONE,2026-07-09 01:46:18,"{
  ""answer"": ""NO-NOT-SIMILAR"",
  ""explanation"": ""The two code snippets are not similar because they are solving different problems and have different inputs and outputs. The first code snippet appears to be designed to count the number of occurrences of a character in a string, while the second code snippet appears to be solving a problem related to finding the number of bits to shift two numbers until they are relatively prime. The two code snippets have different syntax, structure, and specific steps to accomplish their tasks, which indicates they are not similar.""
}",343
2016_0_2,150691,2014_2_1,124976,NON-CLONE,2026-07-09 01:46:23,"{
  ""answer"": ""YES-SIMILAR"",
  ""explanation"": ""Both code snippets are implementing the same algorithm to solve the same problem, which is to determine the number of mismatches in a given sequence. The first code snippet is for the GCJ 2016 B problem, while the second code snippet is for the 2014 R1B problem. The code snippets use similar approaches, including using a scanner to read the input sequence, converting it to a character array, and then iterating through the array to count the number of mismatches. The second code snippet uses a different approach, but still achieves the same goal. Both code snippets also have a similar structure, with a main method that reads the input, processes it, and writes the result to an output file. The main difference between the two code snippets is the implementation details, but the overall logic and functionality are similar.""
}",344
2016_0_2,150691,2013_0_2,55421,NON-CLONE,2026-07-09 01:46:26,"{
  ""answer"": ""DONT-KNOW"",
  ""explanation"": ""The two code snippets appear to be implementing different problems, with the first snippet solving a problem involving a sequence of characters and the second snippet solving a problem involving a lawn mower. The code structures and syntax are also quite different, making it difficult to determine if they are functionally similar without more information about the problems they are trying to solve. Additionally, the code snippets seem to be implementing different algorithms, with the first snippet using a character sequence and the second snippet using a lawn mower simulation.""
}",345
2016_0_2,150691,2014_2_1,124976,NON-CLONE,2026-07-09 01:46:31,"{
  ""answer"": ""YES-SIMILAR"",
  ""explanation"": ""Both code snippets are implementing the same algorithm, which appears to be a problem from a programming contest. The code snippets are solving a problem related to finding the minimum number of characters that are not in the same position in all strings. They use similar data structures such as arrays and lists to store the counts of each character in each string. The code snippets also use similar logic to iterate through the strings and calculate the minimum number of characters that are not in the same position. The main difference between the two code snippets is in the way they handle the iteration and the data structures used, but the overall algorithm is the same.""
}",346
2016_0_2,125812,2016_0_4,58218,NON-CLONE,2026-07-09 01:46:35,"{
  ""answer"": ""YES-SIMILAR"",
  ""explanation"": ""Both code snippets are similar in that they both take input from a file, process it, and write the output to another file. The main task of both programs is to solve a problem related to a series of 'fractiles' or 'pancakes', where they both involve finding a pattern or rule to determine the outcome of a series of operations. The overall structure of both programs is also similar, with a main function or method that takes input, processes it, and writes the output. The code snippets differ in syntax and structure, but the core functionality is the same.""
}",347
2016_0_2,125812,2013_0_3,55548,NON-CLONE,2026-07-09 01:46:39,"{
  ""answer"": ""NO-NOT-SIMILAR"",
  ""explanation"": ""The two code snippets are not similar because they are solving two different problems. The first code snippet appears to be solving a problem related to counting the number of swaps required to make a string of 'HAPPY' and 'SAD' characters into a string of alternating 'HAPPY' and 'SAD' characters. The second code snippet appears to be solving a problem related to finding the number of solutions to a problem involving a sequence of 0s and 1s, and calculating the difference between two solutions. The two code snippets have different structures, syntax, and algorithms, and are not solving the same problem. ""
}",348
2016_0_2,88861,2013_0_3,55548,NON-CLONE,2026-07-09 01:46:43,"{
  ""answer"": ""NO-NOT-SIMILAR"",
  ""explanation"": ""The two code snippets appear to be solving different problems. The first code snippet seems to be counting the number of flips in a string of characters, while the second code snippet appears to be generating a list of solutions for a mathematical problem involving binary numbers. The structure and syntax of the two code snippets are also quite different, with the first code snippet being a simple console application and the second code snippet being a more complex program with multiple methods and a large dataset.""
}",349
2016_0_4,100472,2016_3_1,218815,NON-CLONE,2026-07-09 01:46:45,"{
  ""answer"": ""YES-SIMILAR"",
  ""explanation"": ""Both code snippets are implementing a problem solver for a Google Code Jam problem. They are using similar structures and algorithms to solve the problem. The first code snippet is using a scanner to read input and calculate a result, while the second code snippet is using a similar structure to solve a different problem. However, the core logic and the approach to solve the problem are similar, indicating that they are functionally similar.""
}",350
2016_0_4,100472,2015_1_1,125935,NON-CLONE,2026-07-09 01:46:49,"ANSWER: YES-SIMILAR
EXPLANATION: Both code snippets are designed to solve a problem related to fractiles, a concept from the Google Code Jam competition. Both snippets use a similar approach to solve the problem, involving the use of a scanner to read input, and a solver class to calculate the solution. The main difference lies in the implementation details, such as the use of Java's built-in classes and methods (e.g., Scanner, IOUtils) versus custom classes and methods. However, the overall functional logic and purpose of the code is similar.",351
2016_0_4,100472,2013_0_2,90919,NON-CLONE,2026-07-09 01:46:53,"{
  ""answer"": ""YES-SIMILAR"",
  ""explanation"": ""Both code snippets are implementing a solution to a problem related to fractiles, where they both seem to be checking if it's possible to cover a certain area with a certain number of tiles. The code snippets use a similar approach, with the first one calculating the start and end points to check if it's possible to cover the area, while the second one checks if all tiles have the maximum value. The code structure and syntax are different, but the logic and the problem being solved are the same. Both code snippets also seem to be designed to handle a multiple test cases.""
}",352
2016_0_4,100472,2016_0_1,55901,NON-CLONE,2026-07-09 01:46:56,"ANSWER: DONT-KNOW
EXPLANATION: 
The two code snippets seem to be solving different problems. Code Snippet 1 appears to be a solution for a Google Code Jam problem, which involves finding a solution for a fractile problem. Code Snippet 2 appears to be a solution for a problem related to counting the number of ways a long number can be represented in a certain base. While both code snippets use similar data structures and algorithms, they are solving different problems, making it difficult to determine if they are functionally similar.",353
2016_0_4,129913,2013_1_1,30788,NON-CLONE,2026-07-09 01:46:59,"{
  ""answer"": ""YES-SIMILAR"",
  ""explanation"": ""Both code snippets are designed to solve the same problem, which is to find the number of ways to divide a rectangle into equal rectangles. The code snippets use different approaches, but they both achieve the same result. The first code snippet uses a loop to calculate the number of ways, while the second code snippet uses a mathematical formula to calculate the number of ways. The code snippets also have different syntax and structure, but they both use the same logic to solve the problem.""
}",354
2016_0_4,129913,2013_1_1,30788,NON-CLONE,2026-07-09 01:47:03,"{
  ""answer"": ""YES-SIMILAR"",
  ""explanation"": ""Both code snippets appear to be solving a problem related to finding the number of ways to tile a rectangle with a given number of tiles, where the tiles are rectangles with a certain area. The code snippets use similar mathematical formulas to calculate the number of ways to tile the rectangle, and they both print the result to the console. The main differences between the two code snippets are in the way they handle the input and the output, but the underlying logic is the same.""
}",355
2016_0_4,129913,2016_1_2,30007,NON-CLONE,2026-07-09 01:47:07,"{
  ""answer"": ""YES-SIMILAR"",
  ""explanation"": ""Both code snippets are designed to solve the same problem, which is to find the sum of a series of numbers. The first code snippet calculates the sum of a series of numbers based on a given formula, while the second code snippet calculates the sum of a series of numbers based on a different formula. Both code snippets use a similar approach, which involves iterating over a range of numbers and calculating the sum of the numbers. The main difference between the two code snippets is the specific formula used to calculate the sum, but the overall approach is similar. Therefore, the two code snippets are functionally similar.""
}",356
2016_0_4,58218,2015_1_1,127730,NON-CLONE,2026-07-09 01:47:12,"{
  ""answer"": ""YES-SIMILAR"",
  ""explanation"": ""Both code snippets are implementing the same problem, which is to calculate the total distance traveled by a car in a given set of pairs of coordinates. The code snippets use different approaches to calculate the distance, but they achieve the same result. The first code snippet uses a brute-force approach, while the second code snippet uses a more efficient approach by only considering the pairs of coordinates where the first coordinate is less than the second. The overall structure of the code is also similar, with both code snippets having a main method, a method to generate output, and a method to solve the problem. The only difference is in the implementation of the solve method, which is where the two code snippets differ.""
}",357
2016_0_4,58218,2016_0_2,68074,NON-CLONE,2026-07-09 01:47:16,"{
  ""answer"": ""NO-NOT-SIMILAR"",
  ""explanation"": ""The two code snippets have different structures, syntax, and purposes. The first code snippet appears to be a solution to a problem in a programming competition, while the second code snippet appears to be a solution to a different problem. The first code snippet is designed to solve a problem involving the generation of fractiles, while the second code snippet is designed to count the number of maneuvers in a string. The code snippets also use different classes and methods, and the variables and data types used are different. Therefore, the two code snippets are not functionally similar.""
}",358
2016_0_4,63729,2014_0_2,81302,NON-CLONE,2026-07-09 01:47:18,"{
  ""answer"": ""DONT-KNOW"",
  ""explanation"": ""The two code snippets appear to be solving different problems, with the first code snippet generating a string of 'L' and 'G' characters and the second code snippet calculating the time it takes for two farms to meet. While both code snippets involve some form of iteration and conditional statements, they have different inputs, outputs, and overall logic, making it difficult to determine their functional similarity.""
}",359
2016_1_1,1153,2014_2_1,126555,NON-CLONE,2026-07-09 01:47:23,"{
  ""answer"": ""DONT-KNOW"",
  ""explanation"": ""Both code snippets appear to be implementing a solution to a problem related to finding the minimum number of moves required to transform one string into another. However, the approach and implementation are significantly different. The first code snippet seems to be focused on removing leading characters from a string, while the second code snippet appears to be focused on finding the minimum number of moves required to transform a list of strings into a single string. The second code snippet also appears to be using a more complex algorithm involving stacks and lists, which makes it difficult to determine the similarity between the two code snippets without a deeper understanding of the problem and the algorithms used. Therefore, it is not clear if the two code snippets are functionally similar.""
}",360
2016_1_1,1153,2016_0_1,123558,NON-CLONE,2026-07-09 01:47:27,"ANSWER: 
{
  ""answer"": ""YES-SIMILAR"",
  ""explanation"": ""Both code snippets are implementing the same algorithm to find the last word in a given input. They both read input lines from a file or standard input, and they both iterate over the lines to find the last word. The main difference is the approach used to find the last word. The first code snippet uses a StringBuilder to build a string and then inserts characters from the input at the beginning of the string if the current character is greater than the first character in the string. The second code snippet uses an array to keep track of the digits in the number and checks if all digits are set. Both code snippets are functionally similar, but the approach used to achieve the same result is different.""
}",361
2016_1_1,1153,2016_0_4,58218,NON-CLONE,2026-07-09 01:47:30,"{
  ""answer"": ""YES-SIMILAR"",
  ""explanation"": ""Both code snippets are functionally similar because they both appear to be solving the same problem: finding the last word in a given string. Both code snippets read input from a file, parse it, and then perform a series of operations to find the last word. The main difference between the two code snippets is the way they read the input and the way they process it, but the overall functionality of the two code snippets is the same.""
}",362
2016_1_1,1153,2015_0_3,107238,NON-CLONE,2026-07-09 01:47:36,"{
  ""answer"": ""YES-SIMILAR"",
  ""explanation"": ""Both code snippets are implementing the same problem, which is to find the last word in a string that can be formed by a given sequence of characters. The first code snippet is using a custom Reader class to read input, while the second code snippet is using a Scanner. Both code snippets are using a table to calculate the product of characters. The main logic of both code snippets is to find the first position where the product of characters equals 2, 3, or 4. Both code snippets also calculate the remaining count of characters and check whether the product of the remaining characters equals 4. The main difference between the two code snippets is the way they are reading the input and the way they are calculating the product of characters. However, the overall logic and the main goal of both code snippets are the same, which means they are functionally similar.""
}",363
2016_1_1,14479,2014_0_3,99421,NON-CLONE,2026-07-09 01:47:40,"ANSWER: YES-SIMILAR
EXPLANATION: 
Both code snippets are implementing the same task, which is to find a solution to a problem that involves placing mines and non-mines on a grid. The first snippet is a single-threaded solution, while the second snippet is a multi-threaded solution. Both snippets use a similar strategy to solve the problem, which involves calculating the value of each cell based on the number of mines in the surrounding cells. They also both use a similar data structure to keep track of the calculated values. The main difference between the two snippets is the implementation of the solution, with the second snippet using a multi-threaded approach. However, the overall logic and strategy of the two snippets are similar.",364
2016_1_1,14479,2016_0_1,72044,NON-CLONE,2026-07-09 01:47:46,"{
  ""answer"": ""YES-SIMILAR"",
  ""explanation"": ""Both code snippets are implementing a solution to a problem where they need to find the first occurrence of a certain character in a string. The first code snippet is searching for the maximum character in a string and then finding the first occurrence of that character. The second code snippet is searching for the first occurrence of a number that appears 10 times in a string. Both code snippets are using a similar algorithm, but with different inputs and outputs. They both have a loop that iterates over the characters in the string, and they both keep track of the maximum character found so far. The main difference is that the first code snippet is finding the first occurrence of the maximum character, while the second code snippet is finding the first occurrence of the 10th occurrence of a number. However, the overall structure and algorithm of the code is similar.""
}",365
2016_1_1,14479,2016_3_1,218815,NON-CLONE,2026-07-09 01:47:50,"ANSWER: YES-SIMILAR
EXPLANATION: Both code snippets are solving the same problem, finding the largest character in a string and then building a new string by concatenating characters from the original string. The main logic of both code snippets is to find the maximum character in the string and then iterate over the string to build the new string. The code snippets use different approaches, but the overall logic is the same. The first code snippet uses a regular expression to find the largest character in the string, while the second code snippet uses a for loop to find the largest character. The code snippets also have different implementations for reading input and output, but the core logic remains the same.",366
2016_1_1,8299,2016_2_1,193269,NON-CLONE,2026-07-09 01:47:57,"{
  ""answer"": ""YES-SIMILAR"",
  ""explanation"": ""Both code snippets are similar in the sense that they are designed to solve the same problem. Both code snippets take a string input and return a string output. They both iterate over the input string, performing some operations on it. However, the way they achieve this is different. The first code snippet appears to be designed to find the first digit in the input string, while the second code snippet appears to be designed to find the sum of the digits in the input string. Both code snippets use similar data structures (HashMap and Scanner) but the way they use them is different. The first code snippet uses a HashMap to keep track of the first digit, while the second code snippet uses a HashMap to keep track of the frequency of each digit. Both code snippets have a similar loop structure, but the first code snippet uses a for loop, while the second code snippet uses a while loop. The second code snippet also has more complex logic to handle the different cases for the digits, while the first code snippet only has a simple loop. Overall, while the two code snippets are different in many ways, they are functionally similar in the sense that they both achieve the same goal of finding a value",367
2016_1_1,8299,2014_0_3,108079,NON-CLONE,2026-07-09 01:48:03,"ANSWER: {
  ""answer"": ""YES-SIMILAR"",
  ""explanation"": ""Both code snippets are designed to solve the same problem, which is to read input from a file and print a 2D array of characters. The first code snippet appears to be designed for a specific problem, while the second code snippet appears to be a more general solution for a minesweeper problem. However, both code snippets use similar algorithms and data structures, such as using a 2D array to store the characters and using a knapsack algorithm to solve the problem. The main difference between the two code snippets is the way they handle the input and the way they print the output. The first code snippet uses a scanner to read the input, while the second code snippet uses a Reader to read the input. The second code snippet also uses a more complex algorithm to solve the problem, which is not present in the first code snippet. Overall, while the two code snippets are not identical, they share a similar functional structure and are therefore functionally similar.""
}",368
2016_1_1,29796,2016_3_1,211583,NON-CLONE,2026-07-09 01:48:05,"{
  ""answer"": ""DONT-KNOW"",
  ""explanation"": ""The code snippets seem to be solving different problems, one appears to be sorting a string while the other is sorting an array of integers. While they share some similarities, the overall functionality is different.""
}",369
2016_1_2,8152,2014_3_1,138529,NON-CLONE,2026-07-09 01:48:10,"{
  ""answer"": ""YES-SIMILAR"",
  ""explanation"": ""Both code snippets are functionally similar as they both appear to be solving the same problem, which is to find the gcd of two input values and then determine the number of bits required to represent the gcd in binary form. Both code snippets use a similar approach to calculate the gcd and both print the result in a specific format. The main difference between the two code snippets is in the way they handle the input and output. The first code snippet reads input from a file and writes output to another file, while the second code snippet reads input from a file and writes output to another file. Additionally, the second code snippet uses a different method to calculate the gcd, which is more efficient. Overall, both code snippets achieve the same goal, which is to find the gcd and print the result in a specific format.""
}",370
2016_1_2,8152,2015_0_3,88073,NON-CLONE,2026-07-09 01:48:14,"{
  ""answer"": ""YES-SIMILAR"",
  ""explanation"": ""Both code snippets are similar in that they both appear to be solving a problem related to string manipulation and iteration. The first snippet appears to be sorting a list of integers and then printing them, while the second snippet appears to be evaluating an expression and determining whether it is equal to a certain value. Both code snippets use similar structures and techniques, such as loops and conditional statements, and both use similar variable names and data types. However, the specific details of the code, such as the algorithms used and the data types used, are different. Despite these differences, the overall functionality of the code appears to be similar.""
}",371
2016_1_2,8152,2016_2_1,197689,NON-CLONE,2026-07-09 01:48:17,"{
  ""answer"": ""DONT-KNOW"",
  ""explanation"": ""Both code snippets appear to be attempting to count and remove certain characters from a string, but they have different approaches and data structures. The first snippet is sorting and removing characters from an array, while the second snippet is iterating through a string and removing characters based on certain conditions. Without more context or understanding of the problem they are trying to solve, it is difficult to determine if they are functionally similar.""
}",372
2016_1_2,8152,2016_1_1,29796,NON-CLONE,2026-07-09 01:48:21,"{
  ""answer"": ""NO-NOT-SIMILAR"",
  ""explanation"": ""The two code snippets are not similar because they have different purposes. Code Snippet 1 appears to be a solution to a problem where it reads a list of integers from a file, sorts the list, and then removes any duplicates. Code Snippet 2 appears to be a solution to a problem where it takes a string input and returns a string output by comparing characters in the input string. The code snippets use different programming languages (Java in Code Snippet 1 and Java in Code Snippet 2), and they have different structures and syntax. The logic and purpose of the code snippets are also different, so they are not functionally similar.""
}",373
2016_1_2,31984,2015_0_2,77145,NON-CLONE,2026-07-09 01:48:26,"{
  ""answer"": ""YES-SIMILAR"",
  ""explanation"": ""Both code snippets are functionally similar because they both read input from a file and perform a task that appears to be related to finding the maximum value in an array and then calculating the minimum cost to achieve that maximum value. The main task is to read the input, store it in a 2D array, and then calculate the minimum cost to achieve the maximum value. Both code snippets use a similar approach to reading the input and storing it in a 2D array, and both use a similar algorithm to calculate the minimum cost. The only difference is in the way the input is read and the way the minimum cost is calculated, but the overall task is the same.""
}",374
2016_1_2,31984,2015_0_4,96734,NON-CLONE,2026-07-09 01:48:30,"{
  ""answer"": ""YES-SIMILAR"",
  ""explanation"": ""Both code snippets are designed to read input from a file and perform a series of operations on the input. The first code snippet reads a file and stores its contents in a 2D array, while the second code snippet reads input from the console and performs a series of conditional operations to determine a winner. Both code snippets have a similar structure and logic, despite some differences in syntax and structure. The main goal of both code snippets is to process the input data and return a result. They both use a loop to iterate over the input data, and they both use conditional statements to determine the outcome of the processing. The specific details of the processing may differ, but the overall purpose and structure of the code is similar.""
}",375
2016_1_2,31984,2016_0_1,69477,NON-CLONE,2026-07-09 01:48:35,"{
  ""answer"": ""YES-SIMILAR"",
  ""explanation"": ""Both code snippets are designed to read input from a file and process it, but they use different approaches. Code Snippet 1 uses a BufferedReader and a FileReader to read the input, while Code Snippet 2 uses a FileInputStream and a BufferedReader. The main function of both code snippets is to read the input and store it in a 2D array or a StringBuilder. The code snippets achieve the same goal of reading the input and storing it in a data structure, even though they use different methods and structures to do so.""
}",376
2016_1_2,20611,2015_0_4,79014,NON-CLONE,2026-07-09 01:48:39,"{
  ""answer"": ""YES-SIMILAR"",
  ""explanation"": ""Both code snippets are designed to determine if Richard can win or not in a game. They both take input from the user, process it, and return a result. The logic behind the code is similar, with both using if-else statements and a switch statement to determine the outcome. The only difference is in the specific implementation details, such as the way the input is read and the way the game logic is applied. However, the overall function and result of the code are the same, making them functionally similar.""
}",377
2016_1_2,20611,2013_1_1,35305,NON-CLONE,2026-07-09 01:48:41,"{
  ""answer"": ""DONT-KNOW"",
  ""explanation"": ""The two code snippets appear to be doing different things. The first code snippet seems to be solving a problem related to counting the frequency of numbers in an array and then finding missing numbers, while the second code snippet appears to be finding a number in a binary search problem. The code snippets have different structures, syntax, and the specific steps they take to accomplish their tasks, making it difficult to determine their functional similarity.""
}",378
2016_1_2,19093,2014_2_1,115332,NON-CLONE,2026-07-09 01:48:46,"ANSWER: {
  ""answer"": ""YES-SIMILAR"",
  ""explanation"": ""Both code snippets appear to be solving the same problem, which is finding the minimum sum of the absolute differences between each pair of elements in a given string. The code snippets use similar logic, such as using a hash map to count the frequency of each character, and then calculating the sum of the absolute differences between each pair of characters. The main difference between the two code snippets is the way they handle the calculation of the sum, with one code snippet using a set to find the minimum sum and the other code snippet using a loop to find the minimum sum. However, the overall structure and logic of the code is similar, and the two code snippets appear to be functionally similar.""
}",379
2016_2_1,197689,2014_0_3,22792,NON-CLONE,2026-07-09 01:48:50,"{
  ""answer"": ""DONT-KNOW"",
  ""explanation"": ""The two code snippets appear to be implementing different algorithms for solving a problem related to minesweeper, but the problem is not clearly defined. The first code snippet appears to be designed to read input from a file and generate an output file, while the second code snippet appears to be designed to solve a minesweeper problem. The code snippets have different structures and syntax, and it is not clear how they are related. Therefore, it is difficult to determine whether they are functionally similar or not.""
}",380
2016_2_1,197689,2013_0_2,90919,NON-CLONE,2026-07-09 01:48:53,"{
  ""answer"": ""YES-SIMILAR"",
  ""explanation"": ""Both code snippets are similar because they both appear to be solving the same problem, which is to count the occurrences of different characters in a string. They both use a similar approach, iterating over the characters in the string, counting the occurrences of each character, and then writing the result to a file. The main differences are in the implementation details, such as the use of Java classes and methods, but the overall logic and purpose of the code is the same.""
}",381
2016_2_1,197689,2015_0_1,65869,NON-CLONE,2026-07-09 01:48:57,"{
  ""answer"": ""YES-SIMILAR"",
  ""explanation"": ""Both code snippets are designed to read input from a file and process it, but the approach and implementation differ. The first code snippet uses a Scanner to read the input and then processes it manually, while the second code snippet uses a BufferedReader to read the input and a more structured approach to process it. Both code snippets achieve the same result: they read the input from a file, count the occurrences of each character, and write the result to a file. The difference is in the way they are implemented, but the functionality is the same.""
}",382
2016_2_1,197689,2013_0_1,124149,NON-CLONE,2026-07-09 01:49:01,"ANSWER: YES-SIMILAR
EXPLANATION: 
The two code snippets are functionally similar. Both code snippets are written in Java and appear to be solving the same problem. The first code snippet is solving a problem related to reading a file and counting the occurrences of each character. The second code snippet is a game board problem where two players (X and O) play against each other. Although the problem domains are different, the code structure and the way the code is written are similar. Both code snippets use a loop to iterate over a list or an array, and both code snippets use conditional statements to make decisions.",383
2016_2_1,192495,2016_0_4,100472,NON-CLONE,2026-07-09 01:49:04,"ANSWER: DONT-KNOW
EXPLANATION: The two code snippets appear to be solving different problems, with different inputs and outputs. Code Snippet 1 appears to be solving a problem related to counting and manipulating numbers based on a string input, while Code Snippet 2 appears to be solving a problem related to fractiles. The code structure and syntax are also quite different, with Code Snippet 1 using a for loop and a switch statement, while Code Snippet 2 uses a more complex algorithm with a loop and conditional statements. Therefore, it is not clear whether the two code snippets are functionally similar or not.",384
2016_2_1,192495,2016_0_2,68074,NON-CLONE,2026-07-09 01:49:08,"{
  ""answer"": ""YES-SIMILAR"",
  ""explanation"": ""Both code snippets are designed to count the occurrences of specific characters in a string. The first snippet counts the occurrences of specific letters in a string and prints the number of occurrences of each letter. The second snippet counts the number of times a character in the string is flipped (i.e., from '-' to '+' or vice versa). Although the code snippets use different approaches, they both achieve the same goal of counting occurrences of specific characters. Therefore, they are functionally similar.""
}",385
2016_2_1,192495,2014_0_3,71973,NON-CLONE,2026-07-09 01:49:11,"ANSWER: {
  ""answer"": ""DONT-KNOW"",
  ""explanation"": ""The two code snippets appear to be solving different problems. The first code snippet appears to be solving a problem related to counting the frequency of letters in a string, while the second code snippet appears to be solving a problem related to filling a 2D grid with dots and stars. The two code snippets have different input formats, data structures, and overall logic, making it difficult to determine if they are functionally similar.""
}",386
2016_2_1,187476,2016_0_4,100472,NON-CLONE,2026-07-09 01:49:14,"{
  ""answer"": ""YES-SIMILAR"",
  ""explanation"": ""Both code snippets are implementing a solution to a problem, and they have similar functionality. The first code snippet is for a problem involving counting the occurrences of each digit in a set of numbers, while the second code snippet is for a problem involving finding a fractile. Both code snippets use similar data structures and algorithms, such as maps and sets, to achieve their goals. The overall structure and logic of the two code snippets are similar, indicating that they are functionally similar.""
}",387
2016_2_1,187476,2014_0_3,22792,NON-CLONE,2026-07-09 01:49:19,"{
  ""answer"": ""YES-SIMILAR"",
  ""explanation"": ""Both code snippets appear to be implementing a minesweeper game. The first snippet appears to be implementing a game where the goal is to find the location of all mines on a grid. The second snippet appears to be implementing a game where the goal is to find the location of all mines on a grid. Both code snippets use a similar algorithm to determine the possible locations of mines, and both use a similar data structure to represent the grid. The main differences between the two code snippets appear to be in the way the data is organized and the specific implementation details, but the overall logic and purpose of the code is similar.""
}",388
2016_2_1,193269,2013_0_1,84294,NON-CLONE,2026-07-09 01:49:24,"ANSWER: 
{
  ""answer"": ""YES-SIMILAR"",
  ""explanation"": ""Both code snippets appear to be solving the same problem, which is to determine the result of a game based on a set of input strings. The first code snippet is solving a word-based game where it counts the frequency of each character in the input string and then determines the result based on a series of conditions. The second code snippet is solving a tic-tac-toe game where it counts the number of 'X's and 'O's in each row, column, and diagonal and then determines the result. Both code snippets are using a similar approach to solve the problem, but with different inputs and outputs. The similarity lies in the fact that both code snippets are using a series of conditions to determine the result, and both are using a similar algorithm to count and process the input data.""
}",389
2016_3_1,205670,2013_0_2,114653,NON-CLONE,2026-07-09 01:49:28,"{
  ""answer"": ""NO-NOT-SIMILAR"",
  ""explanation"": ""The two code snippets are not similar in terms of their purpose, structure, and overall approach. The first code snippet appears to be solving a problem related to finding the largest value in an array and returning a string representation of the index of that value, while the second code snippet appears to be solving a problem related to checking if a 2D array has all its elements equal to a certain value. The two code snippets use different approaches and algorithms to solve their respective problems, and they do not share any obvious similarities.""
}",390
2016_3_1,205670,2016_2_1,197689,NON-CLONE,2026-07-09 01:49:33,"{
  ""answer"": ""NO-NOT-SIMILAR"",
  ""explanation"": ""The two code snippets are not functionally similar. The first code snippet appears to be a solution to a problem from a programming competition, where it reads input numbers and counts the occurrences of each digit in each number. The second code snippet appears to be a solution to a different problem, where it counts the occurrences of each character in a string. Although both code snippets are similar in that they both involve counting occurrences of elements, they are solving different problems and have different input and output requirements. The first code snippet is designed to read input numbers and print the digits, while the second code snippet is designed to read input strings and print the characters. The code snippets have different syntax, structure, and specific steps, making them not functionally similar.""
}",391
2016_3_1,205670,2016_1_1,1153,NON-CLONE,2026-07-09 01:49:38,"{
  ""answer"": ""YES-SIMILAR"",
  ""explanation"": ""Both code snippets are designed to solve the same problem: to find the last word in a given string. The first code snippet is part of a Java program that reads input from the user and outputs the last word in a string. The second code snippet is a Java program that reads input from the user and outputs the last word in a string. The code snippets use different approaches to solve the problem, but they both achieve the same result. The first code snippet uses a StringBuilder to build the last word, while the second code snippet uses a StringBuilder to build the last word and then inserts it at the beginning of the string if the current character is less than the first character. The main logic of both code snippets is to iterate over the input string and build the last word. Therefore, the two code snippets are functionally similar.""
}",392
2016_3_1,205670,2013_0_2,55421,NON-CLONE,2026-07-09 01:49:40,"{
  ""answer"": ""DONT-KNOW"",
  ""explanation"": ""The two code snippets appear to be solving different problems, with the first snippet calculating the sum of a list of integers and the second snippet checking for a lawn mower pattern in a 2D array. The code structures and syntax are also quite different, so it is not clear whether they are functionally similar or not.""
}",393
2016_3_1,211583,2014_0_3,71973,NON-CLONE,2026-07-09 01:49:44,"ANSWER: YES-SIMILAR
EXPLANATION: 
Both code snippets are implementing a solution for a problem, which is to fill a grid with a specific pattern. The first snippet is filling a grid with a letter 'A' based on some rules, while the second snippet is filling a grid with a '.' and a '*' based on some rules. The rules in both snippets involve iterating over a grid and updating the grid based on the state of neighboring cells. The code snippets have different inputs, but the overall structure and logic of the loops and conditional statements are similar.",394
2016_3_1,211583,2013_0_2,90919,NON-CLONE,2026-07-09 01:49:47,"ANSWER: YES-SIMILAR
EXPLANATION: Both code snippets appear to be implementing a solution for a problem involving a priority queue. The first code snippet seems to be implementing a solution for a problem where it needs to output the letters of the English alphabet based on the priority queue. The second code snippet seems to be implementing a solution for a problem where it needs to determine if two arrays of integers are identical. The code snippets are using similar logic and data structures, such as priority queues and arrays, to solve their respective problems. The overall structure and approach of the code snippets appear to be similar, suggesting that they are functionally similar.",395
2016_3_1,211583,2013_0_1,124226,NON-CLONE,2026-07-09 01:49:51,"{
  ""answer"": ""YES-SIMILAR"",
  ""explanation"": ""Both code snippets are designed to determine the winner of a game, specifically a 4x4 grid game. Both code snippets use a similar approach to determine if a player has won by checking the rows, columns, and diagonals for a winning combination. They also both check for a draw condition if the game is not completed. The main difference is in the implementation, with the first snippet using a priority queue to keep track of the moves, while the second snippet uses a more traditional approach with nested loops. However, the overall logic and goal of the code is the same, indicating that they are functionally similar.""
}",396
2016_3_1,210871,2015_0_1,68106,NON-CLONE,2026-07-09 01:49:55,"{
  ""answer"": ""DONT-KNOW"",
  ""explanation"": ""The two code snippets appear to be solving different problems, with the first one dealing with reading input from the console and updating a hash map, and the second one reading input from a file and calculating the sum of a sequence of numbers. While both code snippets involve reading input and performing some form of calculation, the specific problem being solved and the methods used to solve it appear to be distinct. Therefore, it is not clear whether the two code snippets are functionally similar or not.""
}",397
2016_3_1,210871,2013_0_2,114653,NON-CLONE,2026-07-09 01:49:58,"{
  ""answer"": ""NO-NOT-SIMILAR"",
  ""explanation"": ""The two code snippets appear to be solving different problems. The first snippet appears to be a solution to a problem involving finding the maximum value in a list of integers and then finding the indices of that maximum value. The second snippet appears to be a solution to a problem involving checking if a 2D array has a row or column with all elements equal to the maximum value. The code snippets have different structures and syntax, but they achieve different goals.""
}",398
2016_3_1,218815,2016_0_1,60475,NON-CLONE,2026-07-09 01:50:01,"{
  ""answer"": ""DONT-KNOW"",
  ""explanation"": ""The two code snippets appear to be implementing different algorithms for solving a problem. The first snippet appears to be solving a problem involving string manipulation and concatenation, while the second snippet appears to be solving a problem involving digit counting. The two snippets use different approaches and data structures, making it difficult to determine if they are functionally similar. Without more context or a better understanding of the problem being solved, it is not clear if the two snippets are similar.""
}",399
