program_a,variant_a,program_b,variant_b,ground_truth,timestamp,response,pair_id
2013_0_1,103399,2013_0_1,99825,CLONE,2026-07-06 09:06:05,"{
  ""answer"": ""YES-SIMILAR"",
  ""explanation"": ""Both code snippets are implementing a game of Tic-Tac-Toe. They both read input from a file, parse it, and determine the winner of the game. The Java code uses a more object-oriented approach with classes and enums, while the C++ code uses a more imperative approach with arrays and functions. However, the logic for determining the winner is the same in both codes. They both check for wins in rows, columns, and diagonals, and they both handle the case where the game is not completed. The only difference is in the",0
2013_0_1,99825,2013_0_1,125888,CLONE,2026-07-06 09:06:08,"{
  ""answer"": ""YES-SIMILAR"",
  ""explanation"": ""Both code snippets appear to be implementing a Tic-Tac-Toe game state analyzer. They both read input from a file (or standard input in the Python version), analyze the game state, and output the result. The analysis involves checking for wins, draws, and incomplete games. The main difference is in the language and implementation details, but the functional logic is the same.""
}",1
2013_0_1,125888,2013_0_1,84842,CLONE,2026-07-06 09:06:12,"{
  ""answer"": ""YES-SIMILAR"",
  ""explanation"": ""Both code snippets are functionally similar. They are both designed to analyze the state of a 4x4 Tic-Tac-Toe game. They read the game state from user input, check for a winner, a draw, or an ongoing game, and print the result. Although the syntax and structure are different, the logic and steps taken to analyze the game state are similar. The Python code snippet uses a more concise approach with sets to check for a winner, while the PHP code snippet uses regular expressions to achieve the same result.""
}",2
2013_0_1,84842,2013_0_1,103399,CLONE,2026-07-06 09:06:16,"{
  ""answer"": ""YES-SIMILAR"",
  ""explanation"": ""Both code snippets are functionally similar as they are solving the same problem: determining the winner of a tic-tac-toe game. The first code snippet is written in PHP and the second one in Java. They both read input from a file, parse it, and then determine the winner of each game. They also handle the cases where the game is a draw, not completed, or won by either player. The only difference is in the implementation details, but the logic and the steps taken to achieve the result are the same.""
}",3
2013_0_1,49244,2013_0_1,98087,CLONE,2026-07-06 09:06:19,"{
  ""answer"": ""YES-SIMILAR"",
  ""explanation"": ""Both code snippets are implementing a game of Tic-Tac-Toe. They both read a 4x4 grid from input, check for wins in rows, columns, and diagonals, and determine the winner or if the game is a draw or incomplete. The main differences are in syntax and structure, but the logic and functionality are the same.""
}",4
2013_0_1,98087,2013_0_1,91336,CLONE,2026-07-06 09:06:22,"{
  ""answer"": ""YES-SIMILAR"",
  ""explanation"": ""Both code snippets are designed to determine the winner of a game. They read input from a file, check for four possible winning conditions (horizontal, vertical, and two diagonals), and output the result. The C++ code uses a more verbose approach, while the Python code is more concise and uses functions to encapsulate the logic. The overall functionality is identical.""
}",5
2013_0_1,91336,2013_0_1,102913,CLONE,2026-07-06 09:06:26,"{
  ""answer"": ""YES-SIMILAR"",
  ""explanation"": ""Both code snippets are functionally similar. They both determine the status of a tic-tac-toe game from a given input. The input is a 4x4 grid of characters, where 'X', 'O', and '.' represent the game state. The code snippets check for a winner in the rows, columns, and diagonals, and return the status of the game ('X won', 'O won', 'Game has not completed', or 'Draw'). The main difference between the two snippets is in their implementation details, such as the",6
2013_0_1,102913,2013_0_1,49244,CLONE,2026-07-06 09:06:30,"{
  ""answer"": ""YES-SIMILAR"",
  ""explanation"": ""Both code snippets are solving a game problem, specifically a 4x4 tic-tac-toe game. They both read a board from a file, check for a winner, and output the result. The main differences are in the syntax and structure of the code, but the logic and functionality are the same. The PHP code uses a more straightforward approach, while the Java code uses a more object-oriented approach. The Java code also uses a more complex logic to check for a winner, but the end result is the same as the PHP code.""
",7
2013_0_1,126886,2013_0_1,72071,CLONE,2026-07-06 09:06:34,"{
  ""answer"": ""YES-SIMILAR"",
  ""explanation"": ""Both code snippets are designed to solve the same problem: determining the winner of a Tic Tac Toe game. They read input from a file (Java) or standard input (C++), parse the board, and check for winning conditions. The main difference is in the implementation details and syntax, but the logic and steps are identical. The Java code checks for winning conditions in a diagonal direction and then in a row/column direction, while the C++ code checks for row and column directions first, then diagonal directions. However, the overall logic and outcome are",8
2013_0_1,72071,2013_0_1,70537,CLONE,2026-07-06 09:06:37,"{
  ""answer"": ""YES-SIMILAR"",
  ""explanation"": ""Both code snippets are designed to solve a tic-tac-toe game. They read input from a file or standard input, parse the game board, and determine the winner or the state of the game. The C++ code uses a more traditional approach with nested loops and conditional statements, while the Python code uses more functional programming concepts such as generators and iterators. However, the logic and steps taken to achieve the goal are similar. Both code snippets check for rows, columns, and diagonals to determine the winner, and if no winner is found,",9
2013_0_1,70537,2013_0_1,127485,CLONE,2026-07-06 09:06:41,"{
  ""answer"": ""YES-SIMILAR"",
  ""explanation"": ""Both code snippets are functionally similar as they solve the same problem: determining the winner of a tic-tac-toe game. They read input from a file, process the input to determine the state of the board, and output the result. The main differences are in the syntax and structure of the code, with the Python code using more concise and Pythonic constructs, while the PHP code uses more verbose syntax. The logic and steps taken to determine the winner are the same in both codes.""
}",10
2013_0_1,127485,2013_0_1,126886,CLONE,2026-07-06 09:06:45,"{
  ""answer"": ""YES-SIMILAR"",
  ""explanation"": ""Both code snippets are solving the same problem, a Tic Tac Toe game. They read the input from a file, process the board to determine the winner, and print the result. Although the syntax and structure are different, the logic and steps are similar. The PHP code checks for wins in rows, columns, and diagonals, and determines the winner based on the number of wins. The Java code also checks for wins in rows, columns, and diagonals, and determines the winner based on the number of wins. The only difference is in the",11
2013_0_2,95524,2013_0_2,83774,CLONE,2026-07-06 09:06:49,"{
  ""answer"": ""YES-SIMILAR"",
  ""explanation"": ""Both code snippets are solving the same problem. They are both reading a grid of integers from a file, and for each cell in the grid, they check if there exists a cell to its left or above it that is smaller. If such a cell exists, they mark the current cell as not possible to be the maximum. After checking all cells, they output 'YES' if all cells are marked as possible to be the maximum, and 'NO' otherwise. The Java code uses a 2D boolean array to mark the possible cells, while",12
2013_0_2,83774,2013_0_2,78034,CLONE,2026-07-06 09:06:52,"{
  ""answer"": ""YES-SIMILAR"",
  ""explanation"": ""Both code snippets solve the same problem: given a 2D array (matrix) of integers, determine if all elements in each row and column are the maximum value. They both iterate through the matrix, checking each element against the maximum value in its row and column. If any element is less than its row maximum or column maximum, they print 'NO'. Otherwise, they print 'YES'. The C++ code uses a more explicit loop structure, while the Python code uses list comprehensions and the `map` function for similar operations.""
}",13
2013_0_2,78034,2013_0_2,71957,CLONE,2026-07-06 09:06:55,"{
  ""answer"": ""YES-SIMILAR"",
  ""explanation"": ""Both code snippets are functionally similar. They read input from a file, parse the input to get the number of rows and columns, and the 2D array, and then evaluate the array to determine if it's possible to place a certain number of items on the lawn without any conflicts. They use a similar approach to find the maximum values for each row and column, and then check for conflicts between the values in the array and the maximum values. The main difference is in the syntax and structure, but the logic and functionality are the same.""
",14
2013_0_2,71957,2013_0_2,95524,CLONE,2026-07-06 09:06:59,"{
  ""answer"": ""YES-SIMILAR"",
  ""explanation"": ""Both code snippets read input from a file, parse it into a grid of integers, and then evaluate the grid to determine if it is possible to move from the top left to the bottom right without going down or right. They use two different approaches to achieve this, but the end result is the same. The PHP code uses two nested loops to find the maximum value in each row and column, and then checks if the current value is less than the maximum value in its row and column. The Java code uses a boolean matrix to keep track of whether",15
2013_0_2,44471,2013_0_2,140779,CLONE,2026-07-06 09:07:03,"{
  ""answer"": ""YES-SIMILAR"",
  ""explanation"": ""Both code snippets are solving the same problem: given a matrix of integers, determine if it is possible to find a row or column where all elements are the same as the smallest element in the matrix. The Java code snippet uses a more complex approach by using a Scanner to read the input, while the C++ code snippet uses scanf to read the input. However, the logic of the problem is the same in both snippets. The Java code snippet uses a PrintWriter to write the output to a file, while the C++ code snippet uses printf to print",16
2013_0_2,140779,2013_0_2,122219,CLONE,2026-07-06 09:07:06,"{
  ""answer"": ""YES-SIMILAR"",
  ""explanation"": ""Both code snippets are solving the same problem, which is to determine if a given matrix (2D array) contains any cell that is less than both its maximum row and column values. The C++ code snippet uses a nested loop to find the maximum row and column values for each cell, while the Python code snippet uses list comprehensions to achieve the same result. The overall logic and structure of the code are similar, with the main difference being the syntax and language used.""
}",17
2013_0_2,122219,2013_0_2,96711,CLONE,2026-07-06 09:07:09,"{
  ""answer"": ""YES-SIMILAR"",
  ""explanation"": ""Both code snippets read input from a file, parse it, and determine if a condition is met. The condition is the same in both snippets: for each cell in the grid, check if the cell's value is greater than any other value in the same row or column. If the condition is met for any cell, the program prints 'Case #x: NO', otherwise it prints 'Case #x: YES'. The code snippets use different syntax and structures, but they achieve the same result.""
}",18
2013_0_2,96711,2013_0_2,44471,CLONE,2026-07-06 09:07:13,"{
  ""answer"": ""YES-SIMILAR"",
  ""explanation"": ""Both code snippets are solving the same problem, which is to determine if a lawn can be mowed by a mower that can only move in rows and columns. The PHP code reads input from standard input, while the Java code reads input from a file. However, the logic and steps to solve the problem are identical. Both code snippets use a similar approach to check if the lowest value in each row and column is present in the lawn, and if so, whether the entire row or column can be mowed. The PHP code uses a more concise",19
2013_0_2,55421,2013_0_2,91409,CLONE,2026-07-06 09:07:16,"{
  ""answer"": ""YES-SIMILAR"",
  ""explanation"": ""Both code snippets are functionally similar. They both read input from a file, solve the same problem (checking if a lawn is mowed), and write the result to an output file. The main differences are in the syntax and structure of the code, with the Java code using a more object-oriented approach and the C++ code using a more procedural approach. However, the logic of the code is the same, and they achieve the same result.""
}",20
2013_0_2,91409,2013_0_2,85165,CLONE,2026-07-06 09:07:19,"{
  ""answer"": ""YES-SIMILAR"",
  ""explanation"": ""Both code snippets are implementing a solution to a lawn watering problem. The problem seems to be that you have a lawn with a certain size, and you need to determine if it's possible to water the lawn such that no two adjacent cells have the same height. The C++ code uses a brute-force approach to check all possible configurations, while the Python code uses a more efficient approach to find the minimum height that can be achieved. Both codes read input from a file, process the data, and output the result to another file. The main logic of",21
2013_0_2,85165,2013_0_2,68303,CLONE,2026-07-06 09:07:22,"{
  ""answer"": ""YES-SIMILAR"",
  ""explanation"": ""Both code snippets appear to be solving the same problem, which is to determine whether it's possible to make all heights in a lawn equal by replacing the lowest height with the next lowest height. They both read input, parse it, and use a similar algorithm to check for the possibility of making all heights equal. The main differences are in the syntax and structure, but the logic and steps taken to achieve the goal are the same.""
}",22
2013_0_2,68303,2013_0_2,55421,CLONE,2026-07-06 09:07:26,"{
  ""answer"": ""YES-SIMILAR"",
  ""explanation"": ""Both code snippets are solving the same problem. They are reading input from a file, parsing it, and checking if it's possible to mow the lawn in a certain way. The main difference is in the syntax and structure of the code, but the logic is the same. The PHP code is using a more straightforward approach, while the Java code is using a more object-oriented approach. However, the end result is the same: they are checking if the lawn can be mowed in a way that no two adjacent cells have the same height.""
",23
2013_0_3,108834,2013_0_3,102625,CLONE,2026-07-06 09:07:30,"{
  ""answer"": ""YES-SIMILAR"",
  ""explanation"": ""Both code snippets are solving the same problem, which is to count the number of perfect squares in a given range. The Java code uses a precomputed list of squares, while the C++ code uses a hardcoded list of squares. The main logic of the code is the same, with the C++ code using a binary search to find the number of squares in the given range. Both codes also handle input/output and error handling in a similar way.""
}",24
2013_0_3,102625,2013_0_3,102207,CLONE,2026-07-06 09:07:33,"{
  ""answer"": ""YES-SIMILAR"",
  ""explanation"": ""Both code snippets are functionally similar. They both take two input numbers, a and b, and count the number of perfect squares between a and b (inclusive) from a predefined list of perfect squares. The only difference is in the implementation details, with the C++ code using a binary search approach and the Python code using a linear search approach.""
}",25
2013_0_3,102207,2013_0_3,89287,CLONE,2026-07-06 09:07:37,"{
  ""answer"": ""YES-SIMILAR"",
  ""explanation"": ""Both code snippets are solving the same problem, which is to count the number of perfect squares between a given range. The first code snippet reads input from a file, while the second code snippet reads input from standard input. The logic of the two code snippets is similar, with the second code snippet using more complex logic to handle the input. The functions 'findNoOfFnSq' in the first code snippet and'solve' in the second code snippet perform the same task, which is to count the number of perfect squares between a given range.",26
2013_0_3,89287,2013_0_3,108834,CLONE,2026-07-06 09:07:40,"{
  ""answer"": ""YES-SIMILAR"",
  ""explanation"": ""Both code snippets solve the same problem: finding the number of perfect squares between a given range that are also palindromes. They use similar algorithms and data structures to achieve this. The main differences are in the language and the implementation details, but the overall logic and functionality are the same.""
}",27
2013_0_3,59317,2013_0_3,81195,CLONE,2026-07-06 09:07:43,"{
  ""answer"": ""YES-SIMILAR"",
  ""explanation"": ""Both code snippets calculate the number of perfect squares of palindromic numbers within a given range. They use different approaches, but the overall logic is the same. The Java code uses a while loop to calculate the palindromic numbers, while the C++ code uses recursion and a helper function. However, the end result is the same: counting the number of palindromic numbers within the given range.""
}",28
2013_0_3,81195,2013_0_3,51164,CLONE,2026-07-06 09:07:46,"{
  ""answer"": ""YES-SIMILAR"",
  ""explanation"": ""Both code snippets are designed to find the number of perfect squares that are palindromes within a given range. They use a similar approach to generate palindromic numbers by recursively calculating powers of 10 and checking for palindromes. The main difference is in the programming language used (C++ vs Python) and the specific implementation details, but the overall logic and functionality are identical.""
}",29
2013_0_3,51164,2013_0_3,92037,CLONE,2026-07-06 09:07:49,"{
  ""answer"": ""YES-SIMILAR"",
  ""explanation"": ""Both code snippets generate a list of perfect squares that are palindromes, and then use this list to count the number of squares in a given range for each case. They read input from a file, process the input, and write the results to an output file. The Python code uses a more concise syntax, but the logic and functionality are identical to the PHP code.""
}",30
2013_0_3,92037,2013_0_3,59317,CLONE,2026-07-06 09:07:52,"{
  ""answer"": ""YES-SIMILAR"",
  ""explanation"": ""Both code snippets appear to be solving a problem related to counting the number of squares that satisfy certain conditions. They use similar logic to calculate the number of squares, including iterating over a range of numbers, checking if a number is a perfect square, and counting the number of squares that fall within a certain range. The main difference is in the implementation details, such as the programming language and the specific algorithms used. However, the overall functionality of the two code snippets is similar.""
}",31
2013_0_3,74156,2013_0_3,53348,CLONE,2026-07-06 09:07:55,"{
  ""answer"": ""YES-SIMILAR"",
  ""explanation"": ""Both code snippets calculate the number of squares of palindromes within a given range. They use a similar approach: reading input from a file, processing the input to find palindromes, and counting the number of palindromes that are also squares. The main difference is in the language and some minor implementation details, but the overall logic is identical.""
}",32
2013_0_3,53348,2013_0_3,70289,CLONE,2026-07-06 09:07:59,"{
  ""answer"": ""YES-SIMILAR"",
  ""explanation"": ""Both code snippets are solving the same problem. They are generating a list of perfect squares of palindromic numbers up to a certain limit, and then counting the number of palindromic numbers between two given bounds. The main differences are in the language, syntax, and approach. The C++ code uses a predefined array to store the palindromic numbers, while the Python code generates the list on the fly. The Python code also uses a more object-oriented approach with functions and classes, while the C++ code uses a more imperative",33
2013_0_3,70289,2013_0_3,132829,CLONE,2026-07-06 09:08:03,"{
  ""answer"": ""YES-SIMILAR"",
  ""explanation"": ""Both code snippets are solving the same problem, which is to find the number of squares between two given numbers, where a square is a number that is a perfect square of an integer. The Python code reads the data from a file and stores it in a list, while the PHP code reads the data from a file and stores it in an array. The Python code then uses this list to calculate the number of squares between the two given numbers, while the PHP code uses the array to calculate the same thing. The output format is also similar, with",34
2013_0_3,132829,2013_0_3,74156,CLONE,2026-07-06 09:08:06,"{
  ""answer"": ""YES-SIMILAR"",
  ""explanation"": ""Both code snippets are solving the same problem, which is to count the number of squares between two given numbers that are palindromes. The PHP code reads the squares from a file and checks if they are palindromes, while the Java code directly checks if the square of a number is a palindrome. However, the core logic of counting the number of palindromic squares between two numbers is the same in both code snippets.""
}",35
2013_1_1,42047,2013_1_1,28766,CLONE,2026-07-06 09:08:09,"{
  ""answer"": ""YES-SIMILAR"",
  ""explanation"": ""Both code snippets are solving the same problem, which is to find the minimum value that is greater than or equal to a given target value t, and is of the form (2*r-3)*n + 2*n*(n+1), where n is a non-negative integer. They both use a binary search approach to find this value. The Java code uses BigInteger to handle large numbers, while the C++ code uses long long to handle large numbers. The logic and algorithm used in both codes are the same, just with slight differences in",36
2013_1_1,28766,2013_1_1,37029,CLONE,2026-07-06 09:08:12,"{
  ""answer"": ""YES-SIMILAR"",
  ""explanation"": ""Both code snippets solve the same problem: finding the number of rings that can be painted with a given amount of paint. They use a similar binary search approach to find the answer. The main difference is in the implementation details, such as the use of different data structures and algorithms, but the overall logic and approach are the same.""
}",37
2013_1_1,37029,2013_1_1,34507,CLONE,2026-07-06 09:08:15,"{
  ""answer"": ""YES-SIMILAR"",
  ""explanation"": ""Both code snippets solve the same problem, which is to find the number of rings needed to paint a circle with a given radius and volume of paint. They use a similar algorithm, which is a variation of binary search. The main difference is in the implementation, with the Python code using a while loop and the PHP code using recursive function calls. However, the logic and the steps taken to solve the problem are identical.""
}",38
2013_1_1,34507,2013_1_1,42047,CLONE,2026-07-06 09:08:19,"{
  ""answer"": ""YES-SIMILAR"",
  ""explanation"": ""Both code snippets solve the same problem, which is to find the largest integer x such that 2x^2 + x <= t and 2(x+1)^2 + (x+1) > t, given a target value t and radius r. The PHP code uses a binary search approach, while the Java code uses a similar binary search approach with BigInteger. The main difference is in the implementation details, but the overall logic is the same.""
}",39
2013_1_1,30835,2013_1_1,30228,CLONE,2026-07-06 09:08:22,"{
  ""answer"": ""YES-SIMILAR"",
  ""explanation"": ""Both code snippets are solving the same problem. They are both finding the value of k in the equation 2*k^2 + (2*r-1) * k - t = 0, where r and t are given inputs. The Java code snippet uses a while loop to find the value of k, while the C++ code snippet uses a binary search approach. Despite the differences in syntax and structure, both code snippets achieve the same result and perform the same task.""
}",40
2013_1_1,30228,2013_1_1,32497,CLONE,2026-07-06 09:08:24,"{
  ""answer"": ""YES-SIMILAR"",
  ""explanation"": ""Both code snippets are solving the same problem, which is to find the number of rings that can be formed given the radius and total length of a ring. They use a binary search approach to find the number of rings. The main difference is in the implementation details, such as the input/output operations and the math library used. However, the logic and the steps to solve the problem are identical.""
}",41
2013_1_1,32497,2013_1_1,39026,CLONE,2026-07-06 09:08:28,"{
  ""answer"": ""YES-SIMILAR"",
  ""explanation"": ""Both code snippets solve the same problem, which is to calculate the number of rings that can be painted on a circular table with a given radius and total paint available. The main difference is in the approach used to solve the problem. The Python code uses a mathematical formula to calculate the number of rings directly, while the PHP code uses a iterative approach to check if the number of rings can be painted. However, both codes achieve the same result, and the PHP code's iterative approach is a modification of the mathematical formula used in the Python code. Therefore",42
2013_1_1,39026,2013_1_1,30835,CLONE,2026-07-06 09:08:31,"{
  ""answer"": ""YES-SIMILAR"",
  ""explanation"": ""Both code snippets are solving the same problem, which is to find the number of circles that can be drawn within a given radius (r) and time limit (t). They use the same mathematical formula to calculate the number of circles that can be drawn, and the structure of the code is similar, with a loop that reads input, processes it, and stores the result in an array/output. The main difference is in the language and syntax, but the logic and functionality are identical.""
}",43
2013_1_1,32414,2013_1_1,30618,CLONE,2026-07-06 09:08:34,"{
  ""answer"": ""YES-SIMILAR"",
  ""explanation"": ""Both code snippets solve the same problem, which is to find the maximum value of n such that 2n(2n + 2r - 1) <= t, where r and t are given inputs. The Java code snippet uses a quadratic formula to find the value of n, while the C++ code snippet uses a binary search approach to find the value of n. However, both codes achieve the same result and perform the same task, making them functionally similar.""
}",44
2013_1_1,30618,2013_1_1,30519,CLONE,2026-07-06 09:08:37,"{
  ""answer"": ""YES-SIMILAR"",
  ""explanation"": ""Both code snippets appear to be solving the same problem, which is to find the number of circles that can be formed with a given radius (r) and a total number of points (t) in a specific geometric configuration. The C++ code uses a binary search approach to find the number of circles, while the Python code uses a similar approach with a slight variation in the formula used to calculate the number of circles. The Python code also includes an additional step to count the remaining points after forming circles, but this is not necessary for the main task",45
2013_1_1,30519,2013_1_1,31779,CLONE,2026-07-06 09:08:41,"{
  ""answer"": ""YES-SIMILAR"",
  ""explanation"": ""Both code snippets are functionally similar. They both perform a binary search to find the maximum number of circles that can be drawn with a given radius and total length of string. The Python code snippet uses a custom function `up_to_n` to calculate the length of a circle, while the PHP code snippet uses a custom function `calc` to calculate the same thing. The logic of the binary search is identical in both code snippets, and they both return the same result. The only differences are in the syntax, structure, and specific steps taken to",46
2013_1_1,31779,2013_1_1,32414,CLONE,2026-07-06 09:08:44,"{
  ""answer"": ""YES-SIMILAR"",
  ""explanation"": ""Both code snippets implement the same algorithm to find the maximum number of people that can be seated in a circle with a given radius r and a given time limit t. They both use a binary search approach to find the maximum number of people that can be seated. The PHP code snippet uses a function calc() to calculate the number of people that can be seated at a given distance, while the Java code snippet uses a function f() to do the same calculation. The rest of the code is similar, with both reading input, parsing the input, and",47
2014_2_1,115757,2014_2_1,131278,CLONE,2026-07-06 09:08:48,"{
  ""answer"": ""YES-SIMILAR"",
  ""explanation"": ""Both code snippets appear to be solving the same problem, which is to find the minimum cost of transforming a list of strings into a single string. They both use the Run-Length Encoding (RLE) algorithm to compress the input strings and then calculate the minimum cost of transforming each character in the compressed string. The main difference is in the implementation details, such as the use of Java's BufferedReader and C++'s cin/cout, but the overall logic and approach are the same.""
}",48
2014_2_1,131278,2014_2_1,128920,CLONE,2026-07-06 09:08:51,"{
  ""answer"": ""YES-SIMILAR"",
  ""explanation"": ""Both code snippets are solving the same problem, which appears to be a variation of the 'Fegla and String' problem. The problem involves processing a series of strings and determining if they can be transformed into a specific pattern. The C++ code snippet uses a brute-force approach with dynamic programming to find the minimum cost of transforming the strings, while the Python code snippet uses a similar approach but with a different implementation. The core logic of the two code snippets is the same, and they achieve the same result.""
}",49
2014_2_1,128920,2014_2_1,118754,CLONE,2026-07-06 09:08:55,"{
  ""answer"": ""YES-SIMILAR"",
  ""explanation"": ""Both code snippets appear to be solving the same problem, which is a Google Code Jam problem. They both read input from a file, process it, and output the result. The main logic of the code is the same: they both iterate over the input strings, keep track of the last seen character and its count, and calculate the minimum number of moves required to make all strings have the same sequence of characters. The only differences are in the syntax and structure, which are due to the difference in programming languages used (Python and PHP).""
}",50
2014_2_1,118754,2014_2_1,115757,CLONE,2026-07-06 09:08:59,"{
  ""answer"": ""YES-SIMILAR"",
  ""explanation"": ""Both code snippets are solving the same problem, which is a code jam problem where you need to find the minimum number of moves required to make all strings in a list the same. The PHP code reads input from a file, while the Java code reads input from the console. The logic of the two code snippets is identical, with the PHP code using an array to store the strings and the Java code using a 2D array. The steps taken to solve the problem are also identical, including the use of run-length encoding and finding the minimum number",51
2014_2_1,129296,2014_2_1,119165,CLONE,2026-07-06 09:09:03,"{
  ""answer"": ""YES-SIMILAR"",
  ""explanation"": ""Both code snippets are functionally similar. They both read input from a file (or standard input), process it, and output the result. The input is a sequence of strings, and the task is to calculate a value based on the frequency of each character in the strings. The value is calculated by finding the median of the frequencies for each character across all strings and then summing the absolute differences between the median and each frequency. If the frequencies are not equal for all characters across all strings, the value is -1 (or 'Fegla",52
2014_2_1,119165,2014_2_1,118416,CLONE,2026-07-06 09:09:07,"{
  ""answer"": ""YES-SIMILAR"",
  ""explanation"": ""Both code snippets are solving the same problem, which involves reading input, processing it, and calculating a specific value for each case. The C++ code reads input from the standard input, while the Python code reads input from a file. The main logic of both codes is similar: they both process the input, calculate the median of the counts of each character, and then calculate the total distance between the median and the counts for each case. The only differences are in the implementation details, such as the way input is read and the way the median is",53
2014_2_1,118416,2014_2_1,116147,CLONE,2026-07-06 09:09:10,"{
  ""answer"": ""YES-SIMILAR"",
  ""explanation"": ""Both code snippets solve the same problem. They read input data, process it, and calculate the answer. The main difference is in the implementation details, such as the input/output handling, data structures, and algorithms used. However, the overall logic and steps are the same. The Python code uses a more object-oriented approach with functions, while the PHP code is more procedural. The PHP code also uses a more straightforward approach to calculate the median, whereas the Python code uses the `round` function with the `sum` and `map` functions.""
",54
2014_2_1,116147,2014_2_1,129296,CLONE,2026-07-06 09:09:14,"{
  ""answer"": ""YES-SIMILAR"",
  ""explanation"": ""Both code snippets are solving the same problem. They read a series of strings from input, and then for each string, they find the longest common prefix and calculate the sum of the absolute differences between the counts of each character in the prefix and the median count. If all strings have the same length and the same prefix, they are considered to have 'won'. Otherwise, they 'lost'. The Java code uses a custom Token class to store the character and its count, while the PHP code uses an array. The logic and steps are identical, making",55
2014_2_1,131873,2014_2_1,118489,CLONE,2026-07-06 09:09:18,"{
  ""answer"": ""YES-SIMILAR"",
  ""explanation"": ""Both code snippets are solving the same problem, which is to read input from a file, process it, and output the result to another file. They both use a similar approach to read the input file, process the data, and calculate the result. The main difference is in the syntax and structure of the code, but the functionality is the same.""
}",56
2014_2_1,118489,2014_2_1,121201,CLONE,2026-07-06 09:09:23,"{
  ""answer"": ""YES-SIMILAR"",
  ""explanation"": ""Both code snippets appear to be solving the same problem, which is a variation of the 'Transforming Strings' problem. They both take a list of strings as input, group consecutive equal characters together, and then calculate the total distance between the counts of each character in the strings. The main difference is in the implementation details, such as the use of templates and vectors in the C++ code, and the use of Python's built-in functions and data structures. However, the overall logic and steps are identical.""
}",57
2014_2_1,121201,2014_2_1,114208,CLONE,2026-07-06 09:09:26,"{
  ""answer"": ""YES-SIMILAR"",
  ""explanation"": ""Both code snippets are functionally similar. They both read input from a file or standard input, process it, and calculate a distance value. The processing involves splitting each string into sequences of characters and their counts, combining the sequences, and then calculating the distance. The main difference is in the implementation details, such as the use of specific libraries and functions, but the overall logic is the same.""
}",58
2014_2_1,114208,2014_2_1,131873,CLONE,2026-07-06 09:09:29,"{
  ""answer"": ""YES-SIMILAR"",
  ""explanation"": ""Both code snippets read input from a file, process each line, and calculate a result based on the processed lines. The processing involves counting the occurrences of consecutive characters in each line and then calculating a distance metric based on these counts. The result is then printed to an output file. The structure and implementation details differ, but the overall logic and functionality are the same.""
}",59
2014_3_1,135560,2014_3_1,138308,CLONE,2026-07-06 09:09:32,"{
  ""answer"": ""YES-SIMILAR"",
  ""explanation"": ""Both code snippets are solving the same problem, which is to find the minimum number of steps required to make a number N divisible by a divisor D. The Java code snippet uses a while loop to simulate the process of dividing the number by 2 until it is divisible, while the C++ code snippet uses a similar approach but with a different implementation. The main logic of both codes is the same, they both keep dividing the number by 2 until it is divisible and count the number of steps. The only difference is in the implementation details, such",60
2014_3_1,138308,2014_3_1,139209,CLONE,2026-07-06 09:09:36,"{
  ""answer"": ""YES-SIMILAR"",
  ""explanation"": ""Both code snippets solve the same problem, which is to find the minimum number of steps required to reduce a fraction to 1/1 by dividing the numerator and denominator by 2 in each step. The C++ code uses a while loop to repeatedly divide the numbers by 2 until the denominator is 1, while the Python code uses a recursive function to achieve the same result. Both codes also handle the case where the reduction is impossible (i.e., the denominator is odd). The C++ code uses a gcd function to simplify the fraction before",61
2014_3_1,139209,2014_3_1,142092,CLONE,2026-07-06 09:09:39,"{
  ""answer"": ""YES-SIMILAR"",
  ""explanation"": ""Both code snippets are implementing the same algorithm to determine the minimum number of half-blooded Elveness for a given number. The Python code uses a recursive function `min_gen` to calculate this value, while the PHP code uses a loop to achieve the same result. Both codes also handle the case where the result is impossible (i.e., when the number is not a power of 2). The main difference is in the implementation details, but the overall logic and functionality are the same.""
}",62
2014_3_1,142092,2014_3_1,135560,CLONE,2026-07-06 09:09:42,"{
  ""answer"": ""YES-SIMILAR"",
  ""explanation"": ""Both code snippets are functionally similar. They both solve the same problem, which is to determine the number of steps it takes to reach a certain number of Elveness. The PHP code snippet uses a while loop to subtract powers of 2 from the Elveness until it reaches 0, while the Java code snippet uses a while loop to repeatedly multiply the remaining number by 2 until it is divisible by the divisor. Both code snippets also handle the case where the Elveness is not a power of 2 and return 'impossible",63
2014_3_1,138333,2014_3_1,134611,CLONE,2026-07-06 09:09:46,"{
  ""answer"": ""YES-SIMILAR"",
  ""explanation"": ""Both code snippets solve the same problem: they calculate the number of steps it takes to reduce the fraction p/q to 1 by dividing both p and q by 2. They use a similar approach, first calculating the greatest common divisor of p and q, then reducing p and q by the gcd. The Java code snippet uses a while loop to divide q by 2 until it's odd, and then another while loop to divide q by 2 until it's even. The C++ code snippet uses a function getPower to calculate the number",64
2014_3_1,134611,2014_3_1,139370,CLONE,2026-07-06 09:09:50,"{
  ""answer"": ""YES-SIMILAR"",
  ""explanation"": ""Both code snippets implement the same algorithm to solve a problem. They both find the greatest common divisor (GCD) of two numbers, reduce the problem to a simpler case, and then use a while loop to find the solution. The main function in the C++ code and the solve function in the Python code both take two inputs (p and q), find the GCD, and then call a recursive function (solve in the C++ code and the main logic in the Python code) to find the solution. The recursive function in both codes performs",65
2014_3_1,139370,2014_3_1,134295,CLONE,2026-07-06 09:09:53,"{
  ""answer"": ""YES-SIMILAR"",
  ""explanation"": ""Both code snippets solve the problem of finding the minimum number of steps required to transform P into a power of 2, given a limit Q. They use a similar approach: first, they calculate the greatest common divisor of P and Q, then they repeatedly divide both numbers by 2 until they are no longer divisible by 2. They then enter a loop where they keep multiplying P by 2 and dividing Q by 2, incrementing a counter each time, until Q is 1. The main difference is in the syntax and structure,",66
2014_3_1,134295,2014_3_1,138333,CLONE,2026-07-06 09:09:56,"{
  ""answer"": ""YES-SIMILAR"",
  ""explanation"": ""Both code snippets are functionally similar. They both read input from a file, calculate the greatest common divisor (GCD) of two numbers, and then calculate the number of times 2 can be divided into the first number until it is less than half of the second number. If the first number cannot be divided by the second number, they output 'impossible', otherwise they output the number of divisions. The main difference is in the syntax and structure, but the logic and functionality are identical.""
}",67
2014_3_1,140281,2014_3_1,132142,CLONE,2026-07-06 09:09:59,"{
  ""answer"": ""YES-SIMILAR"",
  ""explanation"": ""Both code snippets solve the same problem, which is to find the minimum number of steps required to make one number (p) equal to another number (q) by repeatedly dividing p by 2 and subtracting q from p, given that p and q are initially read from input. The main difference is in the input reading and file handling, but the logic and steps taken to solve the problem are identical.""
}",68
2014_3_1,132142,2014_3_1,143074,CLONE,2026-07-06 09:10:03,"{
  ""answer"": ""YES-SIMILAR"",
  ""explanation"": ""Both code snippets solve the same problem, which is to find the number of steps required to reduce a fraction a/b to 1/2. They use the same approach: first, they calculate the greatest common divisor (GCD) of a and b, then they divide a and b by the GCD. They then check if b is a power of 2. If it is, they find the number of steps required to reduce the fraction to 1/2 by iterating over a list of powers of 2 until they find the largest",69
2014_3_1,143074,2014_3_1,132975,CLONE,2026-07-06 09:10:06,"{
  ""answer"": ""YES-SIMILAR"",
  ""explanation"": ""Both code snippets solve the same problem: they calculate the number of times a given number can be divided by 2 until it becomes odd. They then use this information to determine the position in a precomputed list of 1/2^i to find the smallest power of 2 that can divide the number. If the number cannot be divided by 2, they print 'impossible'. The main difference between the two code snippets is in the implementation details, such as the use of built-in functions (e.g. gmp_pow, g",70
2014_3_1,132975,2014_3_1,140281,CLONE,2026-07-06 09:10:10,"{
  ""answer"": ""YES-SIMILAR"",
  ""explanation"": ""Both code snippets are solving the same problem, which is to determine the minimum number of times we need to divide the numerator (p) by the denominator (q) to make it a power of 2, or determine if it's impossible. The PHP code snippet uses a different approach by calculating the power of 2 and using a while loop to find the result, whereas the Java code snippet uses a while loop to repeatedly divide the numerator by 2 until it's zero or reaches the power of 2. Both code snippets achieve the same result",71
2015_0_1,47939,2015_0_1,44230,CLONE,2026-07-06 09:10:13,"{
  ""answer"": ""YES-SIMILAR"",
  ""explanation"": ""Both code snippets solve the same problem: given a string representing a person's shyness (where each character at index i represents the number of people the person at index i can invite), calculate the minimum number of times the person needs to clap to stand up to the maximum person. They both iterate over the string, keeping track of the current position and the number of people who have not yet stood up, and add the difference between the current position and the current standing position to the total count. They also handle the case where the current position is",72
2015_0_1,44230,2015_0_1,106809,CLONE,2026-07-06 09:10:16,"{
  ""answer"": ""YES-SIMILAR"",
  ""explanation"": ""Both code snippets are solving the same problem, which is to calculate the number of people that need to be invited to a party based on their'shyness' level. The'shyness' level is represented by a string where each character's value is the number of people that can be invited. The first character's value is the maximum number of people that can be invited. The code snippets use similar logic to calculate the total number of people that need to be invited. The main difference is in the syntax and structure, but the steps",73
2015_0_1,106809,2015_0_1,25955,CLONE,2026-07-06 09:10:20,"{
  ""answer"": ""YES-SIMILAR"",
  ""explanation"": ""Both code snippets solve the same problem. They both read a series of test cases where each test case consists of a number of people and a sequence of shy levels. The goal is to calculate the total number of people that need to be borrowed from previous shy levels to reach each shy level. The code snippets use a similar algorithm to achieve this goal, with the main difference being the syntax and structure. The Python code snippet uses a for loop to iterate over the shy levels, while the PHP code snippet uses a foreach loop. Additionally, the PHP code",74
2015_0_1,25955,2015_0_1,47939,CLONE,2026-07-06 09:10:23,"{
  ""answer"": ""YES-SIMILAR"",
  ""explanation"": ""Both code snippets are solving the same problem: they are calculating the total number of people that need to be clapped to make everyone clap in unison. The PHP code reads input from a file, while the Java code reads input from a file using a Scanner. The PHP code uses a for loop to iterate over the test cases, while the Java code uses a for loop with a counter variable. Both codes use a variable to keep track of the total number of people that need to be clapped, and they both use a nested loop to calculate",75
2015_0_1,43660,2015_0_1,64620,CLONE,2026-07-06 09:10:26,"{
  ""answer"": ""YES-SIMILAR"",
  ""explanation"": ""Both code snippets are solving the same problem, which is to count the number of times a digit string needs to be incremented to make all digits 0. They achieve this by iterating over the digits of the string, incrementing a counter when a non-zero digit is found and decrementing it when a zero is found. The main difference is in the input handling and string manipulation, but the logic behind the algorithm is the same.""
}",76
2015_0_1,64620,2015_0_1,86599,CLONE,2026-07-06 09:10:30,"{
  ""answer"": ""YES-SIMILAR"",
  ""explanation"": ""Both code snippets are solving the same problem, which is to calculate the number of '0's that need to be added to a given string of digits to make it a valid sequence. They both read input from a file or standard input, process it, and output the result. The C++ code uses a more complex approach with a loop and variables, while the Python code uses a simpler approach with a for loop and string manipulation. Despite the differences in syntax and structure, the two code snippets achieve the same result.""
}",77
2015_0_1,86599,2015_0_1,28465,CLONE,2026-07-06 09:10:33,"{
  ""answer"": ""YES-SIMILAR"",
  ""explanation"": ""Both code snippets solve the same problem, which is to calculate the number of people that need to be invited to a standing to fill it with people from a given sequence. They both read input from a file, process each line, and print the result. The Python code snippet uses a for loop and string manipulation, while the PHP code snippet uses a foreach loop and array operations. The logic is the same, but the implementation is different due to the different programming languages being used.""
}",78
2015_0_1,28465,2015_0_1,43660,CLONE,2026-07-06 09:10:37,"{
  ""answer"": ""YES-SIMILAR"",
  ""explanation"": ""Both code snippets are solving the same problem, which is to calculate the number of invitations needed for each case in a standing audience problem. The PHP code reads input from a file, while the Java code reads input from the console. The logic of calculating the invitations is the same in both codes, with the main difference being the way they read the input and process it. The PHP code uses regular expressions to split the input, while the Java code uses the BufferedReader class to read the input. The steps taken in the PHP code to calculate the invitations are",79
2015_0_1,100718,2015_0_1,65110,CLONE,2026-07-06 09:10:40,"{
  ""answer"": ""YES-SIMILAR"",
  ""explanation"": ""Both code snippets are solving the same problem. They are calculating the minimum number of friends needed to make everyone stand in a standing ovation. The Java code reads input from the standard input and writes output to a file, while the C++ code reads input from a file and writes output to another file. The logic of the two codes is identical, with the main differences being in the language, syntax, and file handling. Both codes use a nested loop to iterate over the digits in the input string, keeping track of the maximum shyness level",80
2015_0_1,65110,2015_0_1,60803,CLONE,2026-07-06 09:10:43,"{
  ""answer"": ""YES-SIMILAR"",
  ""explanation"": ""Both code snippets appear to be solving the same problem. They both read input from a file, process it, and write the result to another file. The specific problem being solved is a dynamic programming problem where the goal is to find the maximum value that can be obtained by subtracting a sequence of numbers. The C++ code uses a for loop to iterate over the sequence, while the Python code uses numpy's cumsum function to achieve the same result. The overall logic and flow of the code are similar, indicating that they are functionally similar.""
",81
2015_0_1,60803,2015_0_1,96593,CLONE,2026-07-06 09:10:47,"{
  ""answer"": ""YES-SIMILAR"",
  ""explanation"": ""Both code snippets appear to be solving the same problem. They both take input from a file, process it, and print the result for each case. The problem seems to be about finding the maximum number of people that need to be added to a group so that everyone can clap hands in a sequence. The first code snippet uses NumPy to calculate the cumulative sum and then finds the maximum difference, while the second code snippet uses a more iterative approach. Although the approaches are different, the overall logic is the same, and they both achieve the same result",82
2015_0_1,96593,2015_0_1,100718,CLONE,2026-07-06 09:10:50,"{
  ""answer"": ""YES-SIMILAR"",
  ""explanation"": ""Both code snippets are functionally similar. They both appear to be solving the same problem, which involves calculating the minimum number of friends needed to make everyone stand in a standing ovation scenario. The input is read from a file or standard input, and the output is written to a file. The logic of the two code snippets is similar, with the main difference being the language and some minor differences in implementation details.""
}",83
2015_0_2,91000,2015_0_2,96440,CLONE,2026-07-06 09:10:53,"{
  ""answer"": ""YES-SIMILAR"",
  ""explanation"": ""Both code snippets are solving the same problem, which is to find the minimum number of flips required to make each pancake (or integer) a perfect multiple of the given divisor. They use a similar approach, sorting the input integers, iterating through possible divisors, and calculating the minimum number of flips required for each divisor. The Java code uses a temporary array to reverse the sorted array, while the C++ code uses a vector to store the input integers. However, the logic and the steps taken to solve the problem are identical.""
}",84
2015_0_2,96440,2015_0_2,36519,CLONE,2026-07-06 09:10:57,"{
  ""answer"": ""YES-SIMILAR"",
  ""explanation"": ""Both code snippets are solving the same problem, which is to find the minimum number of minutes needed to eat a pile of pancakes. The C++ code is using a brute-force approach to try all possible limits and find the minimum time, while the Python code is using a more efficient approach with a priority queue and dynamic programming. However, the core idea of the problem is the same in both codes: splitting the pile into sub-piles of a certain limit and calculating the time needed to eat each sub-pile. The Python code uses a priority queue",85
2015_0_2,36519,2015_0_2,103402,CLONE,2026-07-06 09:11:00,"{
  ""answer"": ""YES-SIMILAR"",
  ""explanation"": ""Both code snippets are solving the same problem, which is to find the minimum time required to eat a pile of pancakes. They both use a similar approach, where they iterate over possible limits from 1 to the maximum pancake size, and for each limit, they split the pancakes into sub-piles and calculate the time required to eat them. The main difference is in the implementation details, such as the use of a priority queue in the Python code and a simple array in the PHP code. However, the overall logic and approach are the same.""
",86
2015_0_2,103402,2015_0_2,91000,CLONE,2026-07-06 09:11:04,"{
  ""answer"": ""YES-SIMILAR"",
  ""explanation"": ""Both code snippets are functionally similar. They appear to be solving the same problem, which involves calculating the minimum number of minutes required to eat a stack of pancakes. They read input from a file, process it, and write the results to an output file. The steps involved in processing the input are similar, including sorting the pancakes, reversing the order of the pancakes, and calculating the minimum number of minutes required for each pancake size. The only differences are in the syntax and structure of the code, which are due to the differences between the PHP",87
2015_0_2,21812,2015_0_2,88257,CLONE,2026-07-06 09:11:06,"{
  ""answer"": ""YES-SIMILAR"",
  ""explanation"": ""Both code snippets solve the same problem, which is to find the minimum number of days required to eat a certain amount of pancakes. They both read input from a file, parse it, and then iterate over possible days to find the minimum days required. The main difference is in the syntax and structure of the code, but the logic and approach are the same.""
}",88
2015_0_2,88257,2015_0_2,81081,CLONE,2026-07-06 09:11:10,"{
  ""answer"": ""YES-SIMILAR"",
  ""explanation"": ""Both code snippets are solving the same problem, which is to find the minimum number of splits and maximum value to achieve a certain sum. They use a similar approach by iterating over all possible maximum values and calculating the minimum number of splits and maximum value needed to achieve the sum. The C++ code uses a brute-force approach, while the Python code uses a memoized function to optimize the calculation. The overall structure and logic of the code are similar, with the main difference being the language and some minor optimizations.""
}",89
2015_0_2,81081,2015_0_2,102321,CLONE,2026-07-06 09:11:14,"{
  ""answer"": ""YES-SIMILAR"",
  ""explanation"": ""Both code snippets are designed to solve the same problem. They both read input from a file, process it, and output the result. The Python code snippet uses a memoization decorator to optimize the calculation, while the PHP code snippet does not. However, the logic of the algorithm is the same. Both code snippets iterate over possible values of maxval, calculate the result for each value, and keep track of the minimum result found. The functions eat_all and test in the Python code snippet are equivalent to each other, and the solve_case function in",90
2015_0_2,102321,2015_0_2,21812,CLONE,2026-07-06 09:11:17,"{
  ""answer"": ""YES-SIMILAR"",
  ""explanation"": ""Both code snippets solve the same problem, which is to find the minimum number of days required to eat all pancakes. They both read input from a file, parse it, and use a similar approach to find the minimum days. The main difference is in the syntax and structure, but the logic and steps are the same. The PHP code uses a function called test() to calculate the result, while the Java code uses a method called solve(). However, the logic inside these functions is identical.""
}",91
2015_0_2,40957,2015_0_2,38840,CLONE,2026-07-06 09:11:20,"{
  ""answer"": ""YES-SIMILAR"",
  ""explanation"": ""Both code snippets are solving the same problem, which is to find the minimum number of days needed to finish all tasks. They use a similar approach, iterating over the maximum task duration and updating the minimum number of days needed. The Java code uses a more complex thread-based approach to solve multiple test cases concurrently, while the C++ code uses a simpler loop-based approach. However, the logic and steps taken to solve the problem are identical.""
}",92
2015_0_2,38840,2015_0_2,100159,CLONE,2026-07-06 09:11:24,"{
  ""answer"": ""YES-SIMILAR"",
  ""explanation"": ""Both code snippets solve the same problem, which is to find the minimum number of moves required to distribute a set of plates among a certain number of people. The C++ code uses a brute-force approach to calculate the minimum number of moves for each possible number of people, while the Python code uses a more efficient approach to calculate the minimum number of moves for each person. The main logic of both codes is the same, but the implementation and the data structures used are different. The Python code also includes some additional functionality, such as reading from a file",93
2015_0_2,100159,2015_0_2,55775,CLONE,2026-07-06 09:11:27,"{
  ""answer"": ""YES-SIMILAR"",
  ""explanation"": ""Both code snippets are solving the same problem, which is to find the minimum number of moves required to move plates of pancakes. The problem involves sorting the plates, calculating the number of moves required for each possible move, and finding the minimum total moves. The Python code snippet uses a list comprehension to convert the input string into a list of integers, sorts the list, and then iterates over a list of moves (from 0 to 999) to calculate the total moves. The PHP code snippet uses a similar approach, but with some differences in",94
2015_0_2,55775,2015_0_2,40957,CLONE,2026-07-06 09:11:31,"{
  ""answer"": ""YES-SIMILAR"",
  ""explanation"": ""Both code snippets are solving the same problem, the 'Infinite House of Pancakes' problem from Google Code Jam Qualification Round 2015. They both take an array of integers as input and calculate the minimum number of moves required to arrange the pancakes in the correct order. The PHP code uses a recursive approach to find the minimum number of moves, while the Java code uses a more iterative approach. However, the logic behind both codes is the same, and they achieve the same result. Therefore, they are functionally similar.""
}",95
2015_0_3,42051,2015_0_3,41900,CLONE,2026-07-06 09:11:35,"{
  ""answer"": ""YES-SIMILAR"",
  ""explanation"": ""Both code snippets are solving the same problem, which is to determine if a given string of quaternions can be equal to a specific value after a certain number of operations. They use a similar approach, first finding the first occurrence of 'i' and 'k', then searching for the remaining operations to find the final result. They also use a table to perform quaternion multiplication. The main difference is in the implementation details, such as the use of Java and C++ and the way they handle the input and output. However, the overall logic and",96
2015_0_3,41900,2015_0_3,103585,CLONE,2026-07-06 09:11:39,"{
  ""answer"": ""YES-SIMILAR"",
  ""explanation"": ""Both code snippets are solving the same problem, which involves multiplying a sequence of binary numbers represented as '1', 'i', 'j', 'k' and determining if there exist two positions where the product is 'i' and the product at the end is 'j'. The C++ code uses a multiset to store the product of the sequence and checks for the existence of 'i' and 'j' in the multiset, while the Python code uses a dictionary to store the multiplication table and checks for the existence of 'i' and",97
2015_0_3,103585,2015_0_3,19800,CLONE,2026-07-06 09:11:42,"{
  ""answer"": ""YES-SIMILAR"",
  ""explanation"": ""Both code snippets implement the same logic for a specific problem. They both use a multiplication table to determine the product of two characters, and then use this product to determine the final result. The Python code uses a dictionary to store the multiplication table, while the PHP code uses a function to implement the multiplication table. The logic for determining the final result is also similar, with both codes checking for specific conditions to determine whether the result is 'YES' or 'NO'.""
}",98
2015_0_3,19800,2015_0_3,42051,CLONE,2026-07-06 09:11:46,"{
  ""answer"": ""YES-SIMILAR"",
  ""explanation"": ""Both code snippets implement a quaternion multiplication algorithm and a main function to solve a specific problem. The main function reads input from a file, performs the quaternion multiplication, and checks if the result meets certain conditions. The quaternion multiplication is performed using a table or a function that maps the multiplication of two quaternions to their product. The PHP code uses a function called multiply_two to perform the quaternion multiplication, while the Java code uses a function called quaternionMultiply. Both codes also have a nested loop structure to perform the multiplication and checking. The main difference is",99
2015_0_3,47513,2015_0_3,49764,CLONE,2026-07-06 09:11:51,"{
  ""answer"": ""YES-SIMILAR"",
  ""explanation"": ""Both code snippets appear to be solving the same problem, which involves determining whether a string can be transformed into a specific pattern. They use a similar approach, where they break down the string into smaller parts and check if they can be combined to form the desired pattern. The Java code uses a more object-oriented approach, while the C++ code uses a more functional programming style. However, the logic and the steps taken to solve the problem are identical. They both use a table to represent the operations and a loop to iterate over the string. The C",100
2015_0_3,49764,2015_0_3,103774,CLONE,2026-07-06 09:11:55,"{
  ""answer"": ""YES-SIMILAR"",
  ""explanation"": ""Both code snippets appear to be solving the same problem, which involves checking if a given string can be transformed into a specific pattern within a certain number of steps. They both use a table to represent the transformation rules and a recursive function to calculate the power of a value. The main function in both code snippets takes input from the user, processes it, and prints the result. The Python code snippet uses a dictionary to map characters to their corresponding values, while the C++ code snippet uses a switch statement to achieve the same result. The overall structure and",101
2015_0_3,103774,2015_0_3,102323,CLONE,2026-07-06 09:11:59,"{
  ""answer"": ""YES-SIMILAR"",
  ""explanation"": ""Both code snippets appear to be solving the same problem, which is to determine whether a given string, repeated a certain number of times, contains the characters 'i', 'j', and 'k' in a specific order. The Python code uses a more complex approach, involving a custom function 'q' to calculate the next value in the sequence, while the PHP code uses a class 'Num' to achieve the same result. The overall logic and structure of the two code snippets are similar, indicating that they are functionally similar.""
}",102
2015_0_3,102323,2015_0_3,47513,CLONE,2026-07-06 09:12:03,"{
  ""answer"": ""YES-SIMILAR"",
  ""explanation"": ""Both code snippets appear to be solving the same problem, which involves reading input, processing it, and determining whether a certain condition is met. The main differences between the two code snippets are in their syntax and structure, with the PHP code using a custom Num class to process the input string, while the Java code uses a more traditional approach with methods like eat and isValid. However, the logic and steps taken in both code snippets are similar, with the same checks and operations performed to determine the outcome.""
}",103
2015_0_3,96608,2015_0_3,23036,CLONE,2026-07-06 09:12:07,"{
  ""answer"": ""YES-SIMILAR"",
  ""explanation"": ""Both code snippets implement the Dijkstra's algorithm to solve a problem involving a string multiplication and finding a specific pattern in the result. The Java code uses a HashMap to store the multiplication rules and a PrintWriter to output the results, while the C++ code uses an array to store the multiplication rules and printf to output the results. The logic of the two code snippets is similar, with the main difference being in the syntax and data structures used.""
}",104
2015_0_3,23036,2015_0_3,72742,CLONE,2026-07-06 09:12:11,"{
  ""answer"": ""YES-SIMILAR"",
  ""explanation"": ""Both code snippets are solving the same problem, which is to determine whether a given string of quaternions is legal or not. They use different approaches and data structures, but the overall logic is the same. The C++ code uses a multiplication table and a custom quaternion class, while the Python code uses a custom quaternion class and a more complex multiplication logic. Both codes check for the presence of 'i', 'j', and 'k' quaternions in the given string, and return 'YES' or 'NO' accordingly.""
}",105
2015_0_3,72742,2015_0_3,18309,CLONE,2026-07-06 09:12:15,"{
  ""answer"": ""YES-SIMILAR"",
  ""explanation"": ""The two code snippets are functionally similar. They both solve the same problem, which is to determine if a given string can be repeated a certain number of times to form a string that contains a specific pattern. The pattern is that the repeated string must contain the characters 'i', 'j', and 'k' in a specific order, and the total product of the characters must be -1. The two code snippets use different approaches to solve this problem, but they both achieve the same result. The Python code uses a quaternion multiplication approach, while",106
2015_0_3,18309,2015_0_3,96608,CLONE,2026-07-06 09:12:19,"{
  ""answer"": ""YES-SIMILAR"",
  ""explanation"": ""Both code snippets are implementing the same algorithm to solve a problem. They are using a similar approach to find a solution by multiplying strings and checking if the result is '-1'. The PHP code uses an array to store the multiplication results, while the Java code uses a HashMap. The logic of the two codes is identical, and they are achieving the same result.""
}",107
2015_0_4,86262,2015_0_4,63026,CLONE,2026-07-06 09:12:23,"{
  ""answer"": ""YES-SIMILAR"",
  ""explanation"": ""Both code snippets appear to be solving the same problem. They both read input from a file, process it, and write the output to another file. The main logic of the two code snippets is the same. They both determine whether it's possible to fit a certain number of objects into a rectangle, and if so, whether the rectangle can be divided into squares of a certain size. They return 'GABRIEL' if it's possible and 'RICHARD' otherwise. The only differences are in the syntax and structure, but the overall",108
2015_0_4,63026,2015_0_4,57828,CLONE,2026-07-06 09:12:25,"{
  ""answer"": ""YES-SIMILAR"",
  ""explanation"": ""Both code snippets solve the same problem. They read input from a file, process it, and write the output to another file. The main logic of both codes is to determine whether to print 'GABRIEL' or 'RICHARD' based on certain conditions. Although the syntax and structure differ, the steps taken to achieve the task are similar.""
}",109
2015_0_4,57828,2015_0_4,68310,CLONE,2026-07-06 09:12:28,"{
  ""answer"": ""YES-SIMILAR"",
  ""explanation"": ""Both code snippets are functionally similar as they solve the same problem. They both take input of the form X R C (omino size, row, column) and determine whether Gabriel or Richard wins. The logic for this determination is identical in both snippets, with the only difference being the syntax and structure. The conditions for determining the winner are also identical in both snippets.""
}",110
2015_0_4,68310,2015_0_4,86262,CLONE,2026-07-06 09:12:32,"{
  ""answer"": ""YES-SIMILAR"",
  ""explanation"": ""Both code snippets are functionally similar. They both read input from a file, process the input data, and output the result in a specific format. The main difference is in the programming language and syntax used, but the logic and steps taken to achieve the task are the same. Both code snippets determine whether 'RICHARD' or 'GABRIEL' wins based on the input values of X, R, and C, and output the result in the format 'Case #X: RICHARD' or 'Case #X: G",111
2015_0_4,30398,2015_0_4,86932,CLONE,2026-07-06 09:12:35,"{
  ""answer"": ""YES-SIMILAR"",
  ""explanation"": ""Both code snippets are solving the same problem, determining the winner between GABRIEL and RICHARD in a game based on certain conditions. They both read input from a file, process the input, and output the result to a file. The conditions for determining the winner are also identical, with some minor differences in syntax and variable names. The logic of the code is the same, with the only differences being due to the language and syntax used.""
}",112
2015_0_4,86932,2015_0_4,94256,CLONE,2026-07-06 09:12:37,"{
  ""answer"": ""YES-SIMILAR"",
  ""explanation"": ""Both code snippets appear to be solving the same problem, which is to determine whether Richard can win a game given certain conditions. The conditions are checked in the same order in both snippets, and the logic for each condition is equivalent. The main differences are due to language-specific syntax and structure, but the functionality is preserved.""
}",113
2015_0_4,94256,2015_0_4,19708,CLONE,2026-07-06 09:12:41,"{
  ""answer"": ""YES-SIMILAR"",
  ""explanation"": ""Both code snippets solve the same problem, which is to determine whether Gabriel or Richard wins in a game. They use the same logic to check the conditions for Richard's win. The main difference is in the language and syntax, but the functionality is the same. The Python code uses a function called max_lw to calculate the maximum and minimum length of the L-shaped amino, while the PHP code uses a function called isRWin to check the conditions for Richard's win. However, the conditions in both functions are the same. The Python code also",114
2015_0_4,19708,2015_0_4,30398,CLONE,2026-07-06 09:12:44,"{
  ""answer"": ""YES-SIMILAR"",
  ""explanation"": ""Both code snippets are functionally similar as they solve the same problem. They both read input, process the input, and write the output to a file. The main logic of the code is the same: check the conditions for Richard to win and determine the winner based on those conditions. The only differences are in the syntax and structure, which do not affect the functionality of the code.""
}",115
2015_0_4,29877,2015_0_4,60776,CLONE,2026-07-06 09:12:47,"{
  ""answer"": ""YES-SIMILAR"",
  ""explanation"": ""Both code snippets are solving the same problem, determining whether Richard can win a game based on the dimensions of a grid. They use the same logic to determine the winner, with the only difference being in the syntax and structure. The Java code uses a recursive function to determine the winner, while the C++ code uses a series of if-else statements to achieve the same result. The logic used in both codes is identical, making them functionally similar.""
}",116
2015_0_4,60776,2015_0_4,74018,CLONE,2026-07-06 09:12:51,"{
  ""answer"": ""YES-SIMILAR"",
  ""explanation"": ""Both code snippets appear to be solving the same problem, which is to determine whether the product of two numbers (R and C) is a multiple of a given number X. If the product is a multiple, they return 'GABRIEL', otherwise they return 'RICHARD'. The logic used in both code snippets is similar, although the Python code snippet uses a more concise and Pythonic way of writing the conditions. The main difference is in the handling of the conditions for X=5, where the Python code snippet has a more specific",117
2015_0_4,74018,2015_0_4,78114,CLONE,2026-07-06 09:12:54,"{
  ""answer"": ""YES-SIMILAR"",
  ""explanation"": ""Both code snippets are functionally similar. They both determine who wins in a game, with the winner being either 'RICHARD' or 'GABRIEL' based on the input values of X, R, and C. The logic used to determine the winner is the same in both code snippets, even though the syntax and structure are different. The Python code snippet uses if-else statements and conditional expressions, while the PHP code snippet uses a combination of if-else statements and a function to determine the winner.""
}",118
2015_0_4,78114,2015_0_4,29877,CLONE,2026-07-06 09:12:58,"{
  ""answer"": ""YES-SIMILAR"",
  ""explanation"": ""Both code snippets are solving the same problem, determining who will win in a game based on the given parameters. They use a similar approach to check different conditions and return the winner. The conditions checked are: X = 1, X > 6, X % (R*C)!= 0, X = 2, R = 1, X = 3, R = 2, X <= 5, X = 6 and C = 4. The logic is the same, just the syntax and structure differ.""
}",119
2015_1_1,112276,2015_1_1,111086,CLONE,2026-07-06 09:13:01,"{
  ""answer"": ""YES-SIMILAR"",
  ""explanation"": ""Both code snippets are solving the same problem, which involves reading input data, processing it, and outputting the result. They both read an array of integers, iterate through it, and calculate the sum of the differences between consecutive elements. They also output the result. The main difference is in the syntax and structure, but the logic and functionality are the same.""
}",120
2015_1_1,111086,2015_1_1,117734,CLONE,2026-07-06 09:13:04,"{
  ""answer"": ""YES-SIMILAR"",
  ""explanation"": ""Both code snippets solve the same problem, which is to calculate the sum of the absolute differences between consecutive elements in an array and the sum of the minimum of each element and a maximum difference. The C++ code snippet uses templates and custom functions to read input and print output, while the Python code snippet uses built-in functions and a more concise syntax. The logic of the two code snippets is identical, with the same loops and calculations, making them functionally similar.""
}",121
2015_1_1,117734,2015_1_1,122934,CLONE,2026-07-06 09:13:06,"{
  ""answer"": ""YES-SIMILAR"",
  ""explanation"": ""Both code snippets are solving the same problem, which is to find the total time spent in two different methods. The first method is the sum of the differences between consecutive time intervals where the count is decreasing, and the second method is the sum of the minimum of the count at each time interval and the maximum difference. The code snippets use different languages and structures, but they achieve the same result.""
}",122
2015_1_1,122934,2015_1_1,112276,CLONE,2026-07-06 09:13:10,"{
  ""answer"": ""YES-SIMILAR"",
  ""explanation"": ""Both code snippets are solving the same problem. They both read input data from a file, process it, and print the results. The problem appears to be a series of cases where a sequence of integers is provided, and the goal is to calculate two different values based on the sequence. The first value is the sum of the differences between consecutive elements in the sequence where the current element is greater than the next element, and the second value is the sum of the minimum of the maximum difference and the current element for all elements except the last one. Both",123
2015_1_1,118030,2015_1_1,122263,CLONE,2026-07-06 09:13:14,"{
  ""answer"": ""YES-SIMILAR"",
  ""explanation"": ""Both code snippets solve the same problem. They are given an array of integers representing the sizes of mushrooms and the number of mushrooms. They need to calculate the total number of mushrooms eaten at any time and the total number of mushrooms eaten at a constant rate. The constant rate is determined by finding the maximum difference between two consecutive mushrooms. The Java code uses two separate methods to calculate these values, while the C++ code uses a single method to calculate both values. The logic and steps are similar, indicating that the two code snippets are functionally similar.""
",124
2015_1_1,122263,2015_1_1,124602,CLONE,2026-07-06 09:13:17,"{
  ""answer"": ""YES-SIMILAR"",
  ""explanation"": ""Both code snippets solve the same problem: they take an array of integers as input, and output two values. The first value is the sum of the differences between consecutive elements in the array where the current element is smaller than the previous one. The second value is the sum of the minimum of the maximum difference between consecutive elements and the current element. The code snippets use different programming languages and data structures, but the logic and steps to solve the problem are identical.""
}",125
2015_1_1,124602,2015_1_1,111264,CLONE,2026-07-06 09:13:20,"{
  ""answer"": ""YES-SIMILAR"",
  ""explanation"": ""Both code snippets are functionally similar. They both read input from a stream (stdin), parse it, and calculate the sum of the differences between consecutive elements in the input array where the current element is greater than the next one, and the sum of the minimum of the maximum difference and each element in the array. They both print the results for each test case in the format 'Case #X: Y Z', where X is the test case number, Y is the sum of the differences, and Z is the sum of the minimum of the maximum",126
2015_1_1,111264,2015_1_1,118030,CLONE,2026-07-06 09:13:23,"{
  ""answer"": ""YES-SIMILAR"",
  ""explanation"": ""Both code snippets are solving the same problem, which is to calculate the minimum amount of mushrooms eaten in two different scenarios. The PHP code snippet is using a more complex approach with two functions, while the Java code snippet is using two separate methods to solve the same problem. The Java code snippet is also using a more object-oriented approach with a class and methods, while the PHP code snippet is using a procedural approach. Despite the differences in syntax and structure, the two code snippets are functionally similar.""
}",127
2015_1_1,112898,2015_1_1,111866,CLONE,2026-07-06 09:13:26,"{
  ""answer"": ""YES-SIMILAR"",
  ""explanation"": ""Both code snippets are implementing the same algorithm to solve a problem. They read input from a file, process it, and write the output to another file. The algorithm involves calculating two values, minEat1 and minEat2 (or ans1 and ans2 in the C++ code), based on an array of integers. The main difference is in the syntax and structure, but the logic and steps are identical.""
}",128
2015_1_1,111866,2015_1_1,111647,CLONE,2026-07-06 09:13:29,"{
  ""answer"": ""DONT-KNOW"",
  ""explanation"": ""The two code snippets appear to be implementing different tasks. The C++ code snippet seems to be solving a specific problem involving arrays and conditional statements, while the Python code snippet appears to be a collection of helper functions for reading data from a file. The tasks they are solving are not immediately apparent to be the same. Without more context or information about the problem they are trying to solve, it is difficult to determine if they are functionally similar or not.""
}",129
2015_1_1,111647,2015_1_1,121770,CLONE,2026-07-06 09:13:32,"{
  ""answer"": ""DONT-KNOW"",
  ""explanation"": ""The two code snippets appear to be doing different tasks. The first snippet is a collection of helper functions for reading data from a file, while the second snippet appears to be a solution to a specific problem involving calculating the number of mushrooms eaten in a certain scenario. The functions and logic are not similar, making it difficult to determine if they are functionally similar.""
}",130
2015_1_1,121770,2015_1_1,112898,CLONE,2026-07-06 09:13:35,"{
  ""answer"": ""YES-SIMILAR"",
  ""explanation"": ""Both code snippets are functionally similar. They both appear to be solving the same problem, which is to calculate the total number of mushrooms eaten by a person in a series of refills. The PHP code uses a recursive function to calculate the total number of mushrooms eaten, while the Java code uses a loop to achieve the same result. The output of both code snippets is the same, which is the total number of mushrooms eaten by the person in each refill, along with the total number of mushrooms eaten in all refills. The main difference between the",131
2016_0_1,76319,2016_0_1,65647,CLONE,2026-07-06 09:13:39,"{
  ""answer"": ""YES-SIMILAR"",
  ""explanation"": ""Both code snippets are functionally similar. They both take input from a file, process it, and write the output to another file. The input file contains a series of numbers, and for each number, they check if it is a multiple of a number that has all unique digits (i.e., not a multiple of a number with any repeated digits). If it is, they write the number itself to the output file; otherwise, they write 'INSOMNIA'. The Java code uses a custom array to keep track of the digits, while",132
2016_0_1,65647,2016_0_1,94639,CLONE,2026-07-06 09:13:42,"{
  ""answer"": ""YES-SIMILAR"",
  ""explanation"": ""Both code snippets are solving the same problem, which is to find the smallest number that is a multiple of the input number 'n' and all its digits are different. They use different approaches, but the logic is the same. The C++ code uses a map to keep track of the digits seen so far, while the Python code uses a dictionary. The Python code also uses a while loop to repeatedly multiply the input number by a factor until it finds a number that meets the condition. Both codes print 'INSOMNIA' if no such",133
2016_0_1,94639,2016_0_1,48618,CLONE,2026-07-06 09:13:46,"{
  ""answer"": ""YES-SIMILAR"",
  ""explanation"": ""Both code snippets solve the same problem: finding the smallest number that contains all digits from 0 to 9 when multiplied by a given number. The Python code snippet uses a dictionary to keep track of the digits, while the PHP code snippet uses an array. The logic of the code is the same: they both start with a counter, multiply the input number by the counter, check if all digits from 0 to 9 are present, and if not, increment the counter and repeat the process. If all digits are present, they return the",134
2016_0_1,48618,2016_0_1,76319,CLONE,2026-07-06 09:13:49,"{
  ""answer"": ""YES-SIMILAR"",
  ""explanation"": ""Both code snippets are functionally similar. They both read input from a file, process it, and print/output the result. The task they are solving is a classic problem of finding the smallest number that contains all digits 0-9 when multiplied by a given number. The PHP code uses a while loop to multiply the input number by an increasing counter until it contains all digits, while the Java code uses a similar approach but with a pre-initialized array to keep track of the digits. Both codes also handle the case where the input number is 0",135
2016_0_1,117099,2016_0_1,134225,CLONE,2026-07-06 09:13:52,"{
  ""answer"": ""YES-SIMILAR"",
  ""explanation"": ""Both code snippets are solving the same problem, which is to find the smallest number that is a multiple of the given number 'n' and has all its digits in the set {0, 1, 2, 3, 4, 5, 6, 7, 8, 9}. They use a similar approach to generate the mask by iterating through the digits of the number and setting the corresponding bits in the mask. The loop continues until the mask is equal to (1 << 10) - 1,",136
2016_0_1,134225,2016_0_1,88781,CLONE,2026-07-06 09:13:56,"{
  ""answer"": ""YES-SIMILAR"",
  ""explanation"": ""Both code snippets are functionally similar. They both implement a solution to a problem where they find the first number that has all possible digits from 0 to 9. The C++ code uses a bit mask to keep track of the digits seen, while the Python code uses a set to store the digits seen. The main logic of both codes is the same: they start with the input number, and keep incrementing it by the input number until they have seen all digits from 0 to 9. The C++ code checks if the bit",137
2016_0_1,88781,2016_0_1,39027,CLONE,2026-07-06 09:13:59,"{
  ""answer"": ""YES-SIMILAR"",
  ""explanation"": ""Both code snippets appear to be solving the same problem, which is to find the smallest number that contains all digits from 0 to 9. The Python code uses a while loop to generate the digits of the number, while the PHP code uses a recursive function to achieve the same result. The PHP code also handles the input/output operations and test cases, which are not present in the Python code. However, the core logic of the two code snippets is similar, and they both produce the same output for the same input.""
}",138
2016_0_1,39027,2016_0_1,117099,CLONE,2026-07-06 09:14:03,"{
  ""answer"": ""YES-SIMILAR"",
  ""explanation"": ""Both code snippets solve the same problem, which is to find the number of times the digits 0-9 appear in a given number. The PHP code uses a recursive function to achieve this, while the Java code uses a loop and bitwise operations. Despite the different approaches, the end result is the same. The PHP code also reads input from a file and writes the output to a file, while the Java code reads input from the console and prints the output to the console. However, the core logic of finding the number of times the digits ",139
2016_0_1,100898,2016_0_1,143909,CLONE,2026-07-06 09:14:06,"{
  ""answer"": ""YES-SIMILAR"",
  ""explanation"": ""Both code snippets are solving the same problem, which is to find the smallest number that is a multiple of a given number 'n' and has all digits from 0 to 9 at least once. The Java code uses a boolean array to keep track of the digits, while the C++ code uses a bitmask. The logic is similar, with the C++ code using a while loop to add the digits of the number to the bitmask, and the Java code using a for loop to add the digits to the boolean array. The condition for breaking",140
2016_0_1,143909,2016_0_1,71388,CLONE,2026-07-06 09:14:10,"{
  ""answer"": ""YES-SIMILAR"",
  ""explanation"": ""Both code snippets are designed to solve the same problem, which is to find the smallest number that contains all the digits from 0 to 9. The C++ code uses a bit mask to keep track of the digits found, while the Python code uses a list to keep track of the unused digits. Both codes use a similar approach: they start with the input number, multiply it by an increasing factor, and check if the resulting number contains all the digits from 0 to 9. If the Python code uses a while loop to remove the",141
2016_0_1,71388,2016_0_1,113708,CLONE,2026-07-06 09:14:13,"{
  ""answer"": ""YES-SIMILAR"",
  ""explanation"": ""Both code snippets are functionally similar. They take an input number, then repeatedly multiply it by the current iteration number and check if all digits from 0 to 9 are present in the resulting number. If all digits are present, they return the number. If the input number is 0, they return 'INSOMNIA'. They also print the result with a case number. The main difference is in the syntax and structure, but the logic and functionality are the same.""
}",142
2016_0_1,113708,2016_0_1,100898,CLONE,2026-07-06 09:14:16,"{
  ""answer"": ""YES-SIMILAR"",
  ""explanation"": ""Both code snippets implement the same algorithm to find the first number that is a multiple of the input base and contains all the digits from 0 to 9. They use a similar approach, using a loop to keep multiplying the number by the base and checking if all digits are present. If all digits are present, the loop breaks and the number is returned. If the loop reaches a certain limit (1000000 in the Java code and not explicitly defined in the PHP code, but implied by the use of a while loop with no condition), the",143
2016_0_4,136626,2016_0_4,135114,CLONE,2026-07-06 09:14:20,"{
  ""answer"": ""YES-SIMILAR"",
  ""explanation"": ""Both code snippets are implementing a solution to the same problem. They both take input for the number of test cases, and for each test case, they take three integers: K, C, and S. They then calculate the number of ways to reach each number from 1 to K, with a step size of C, and print the result. The Java code uses a more complex approach with a loop and calculations, while the C++ code uses a simpler approach with a for loop and arithmetic operations. However, the end result is the same:",144
2016_0_4,135114,2016_0_4,63570,CLONE,2026-07-06 09:14:23,"{
  ""answer"": ""YES-SIMILAR"",
  ""explanation"": ""Both code snippets are solving the same problem, which is to calculate and print a sequence of numbers based on the input values of K, C, and S. The C++ code is using a more complex approach with bitwise operations, while the Python code is using a more straightforward approach with loops and arithmetic operations. Despite the differences in syntax and structure, both codes achieve the same result and perform the same task, making them functionally similar.""
}",145
2016_0_4,63570,2016_0_4,80717,CLONE,2026-07-06 09:14:26,"{
  ""answer"": ""YES-SIMILAR"",
  ""explanation"": ""Both code snippets are functionally similar. They both appear to be solving the same problem, where they take input of three integers K, C, and S, and output a list of numbers based on certain conditions. The conditions involve checking if C*S is less than K, and if so, outputting 'IMPOSSIBLE'. Otherwise, they calculate a list of numbers using powers of K and C, and output the list. The Python code snippet uses a more complex approach with a while loop and list operations, while the PHP code snippet uses",146
2016_0_4,80717,2016_0_4,136626,CLONE,2026-07-06 13:46:45,"{
  ""answer"": ""YES-SIMILAR"",
  ""explanation"": ""Both code snippets solve the same problem, which is to find the possible values that can be reached by starting from 1 and moving in a binary tree where each node is labeled with the current number and the number of branches at that node. The problem is to find the values that can be reached in a given number of steps. The PHP code reads the input from a file, while the Java code reads the input from the console. The logic of the two code snippets is the same, with the only difference being in the way they handle the input",147
2016_0_4,125922,2016_0_4,90060,CLONE,2026-07-06 13:46:47,"{
  ""answer"": ""YES-SIMILAR"",
  ""explanation"": ""Both code snippets are solving the same problem, which is to read input cases and for each case, calculate and print the result based on the input values K, C, and S. The logic of the code is similar, including the handling of different cases and the calculation of the result. Although the syntax and structure of the code are different due to the language difference, the functional similarity is clear.""
}",148
2016_0_4,90060,2016_0_4,158305,CLONE,2026-07-06 13:46:50,"{
  ""answer"": ""YES-SIMILAR"",
  ""explanation"": ""Both code snippets solve the same problem, which is to find the guesses required to find a specific number in a range. The first code snippet is written in C++ and uses a different approach, where it calculates the guesses by iterating over the range and using a formula to calculate the guesses. The second code snippet is written in Python and uses a different approach, where it uses a recursive function to solve the problem. However, both code snippets achieve the same result, which is to output the guesses required to find the number. The main difference is in",149
2016_0_4,158305,2016_0_4,139021,CLONE,2026-07-06 13:46:53,"{
  ""answer"": ""YES-SIMILAR"",
  ""explanation"": ""Both code snippets appear to be solving the same problem, which is to find the possible bases for a given number of colors (K) and a given number of steps (C). The problem seems to be related to a fractile puzzle. The two code snippets use different approaches to solve the problem, but they both achieve the same result. The Python code snippet uses a recursive approach, while the PHP code snippet uses a more iterative approach. The main difference is in the way they calculate the possible bases and the way they handle the cases. However,",150
2016_0_4,139021,2016_0_4,125922,CLONE,2026-07-06 13:46:55,"{
  ""answer"": ""YES-SIMILAR"",
  ""explanation"": ""Both code snippets solve the same problem, which is to find the fractiles of a given input. They have similar logic and structure, with the main differences being in the language and syntax. The PHP code uses a class-based approach, while the Java code is a single class with a main method. The logic of the solveTestCase method is identical, with the same conditions and calculations. The output is also similar, with the same format and variables being printed. Therefore, they are functionally similar.""
}",151
2016_0_4,99642,2016_0_4,45917,CLONE,2026-07-06 13:46:58,"{
  ""answer"": ""YES-SIMILAR"",
  ""explanation"": ""Both code snippets are solving the same problem, where they read input values for k, c, and s, and then determine whether it's possible to satisfy the conditions. If it's possible, they print the solution; otherwise, they print 'IMPOSSIBLE'. The Java code uses a BufferedReader and PrintWriter to read and write to files, while the C++ code uses scanf and printf to read and write to the console. The logic and structure of the code are similar, with the C++ code using a more concise syntax. Therefore, they",152
2016_0_4,45917,2016_0_4,142083,CLONE,2026-07-06 13:47:00,"{
  ""answer"": ""YES-SIMILAR"",
  ""explanation"": ""Both code snippets solve the same problem, which is to find a sequence of numbers based on the given parameters k, c, and s. The C++ code uses a more complex approach with a while loop and modular arithmetic, while the Python code uses a more straightforward approach with a for loop and conditional statements. However, they both achieve the same result and perform the same task, making them functionally similar.""
}",153
2016_0_4,142083,2016_0_4,37736,CLONE,2026-07-06 13:47:02,"{
  ""answer"": ""YES-SIMILAR"",
  ""explanation"": ""Both code snippets are implementing the same algorithm to generate a sequence of numbers based on the input parameters k, c, and s. They both handle edge cases such as k = 1, k = 2, and when the length of the sequence exceeds s. The main logic of the code is the same, with the only differences being in the syntax and structure due to the use of different programming languages.""
}",154
2016_0_4,37736,2016_0_4,99642,CLONE,2026-07-06 13:47:05,"{
  ""answer"": ""YES-SIMILAR"",
  ""explanation"": ""Both code snippets are solving the same problem, which is to calculate the possible positions for 'K' people to sit in a circular arrangement with 'C' chairs, where 'S' is the total number of people. The problem is to find the positions where each person will sit. The PHP code and Java code have similar logic and steps to solve this problem, although the syntax and structure are different. They both handle the same edge cases and calculate the positions using similar formulas. The main difference is in the way they read input and handle the output",155
2016_1_1,15819,2016_1_1,15421,CLONE,2026-07-06 13:47:07,"{
  ""answer"": ""YES-SIMILAR"",
  ""explanation"": ""Both code snippets solve the same problem, which is to find the last word in a given string. They read input from a file, process each test case, and write the result to an output file. The Java code snippet uses Java's Files and FileWriter classes, while the C++ code snippet uses the iostream and cin/cout classes. The logic for finding the last word is identical, with the Java code snippet using a StringBuilder to build the result and the C++ code snippet using a string variable. Both code snippets iterate over the characters in",156
2016_1_1,15421,2016_1_1,3308,CLONE,2026-07-06 13:47:10,"{
  ""answer"": ""YES-SIMILAR"",
  ""explanation"": ""Both code snippets solve the same problem, which is to find the lexicographically smallest string that can be formed by removing and adding characters from the input string. They achieve this by iterating through the input string and comparing each character with the first character of the current result string. If the current character is smaller, it is prepended to the result string. Otherwise, it is appended to the end. The main function reads the input, calls the respective function (lastword in Python, main in C++), and prints the result. The two code",157
2016_1_1,3308,2016_1_1,3735,CLONE,2026-07-06 13:47:12,"{
  ""answer"": ""YES-SIMILAR"",
  ""explanation"": ""Both code snippets read input from a file, process it to find the last word of each line based on a specific condition, and write the result to an output file. They also print the result to the console. The Python code uses a more Pythonic way of handling files and input, while the PHP code uses its native functions. The logic and structure of both codes are identical, indicating they are functionally similar.""
}",158
2016_1_1,3735,2016_1_1,15819,CLONE,2026-07-06 13:47:14,"{
  ""answer"": ""YES-SIMILAR"",
  ""explanation"": ""Both code snippets are functionally similar. They read input from a file or standard input, process it by building a string from the input characters in a way that the first character of the string is always the largest character encountered so far, and then print the result for each test case. The PHP code uses a for loop and string concatenation, while the Java code uses a StringBuilder and a for-each loop. The logic of both codes is identical, making them functionally similar.""
}",159
2016_1_1,28201,2016_1_1,31768,CLONE,2026-07-06 13:47:16,"{
  ""answer"": ""YES-SIMILAR"",
  ""explanation"": ""Both code snippets sort a string lexicographically and print the sorted string for each test case. The Java code uses a StringBuffer to build the sorted string and then writes it to a file, while the C++ code uses a string to build the sorted string and prints it directly to the console. The logic for sorting the string is identical in both code snippets.""
}",160
2016_1_1,31768,2016_1_1,33316,CLONE,2026-07-06 13:47:19,"{
  ""answer"": ""YES-SIMILAR"",
  ""explanation"": ""Both code snippets are implementing a sorting algorithm for a given string. The first code snippet is sorting the characters in the string in descending order of their ASCII values, while the second code snippet is sorting the characters in the string based on their alphabetical order. The algorithm used in both snippets is a variation of the counting sort algorithm, which is a stable sorting algorithm that works by counting the number of objects having distinct key values and then building the sorted array from the counts. In both snippets, the counting is done based on the frequency of each character in the",161
2016_1_1,33316,2016_1_1,18665,CLONE,2026-07-06 13:47:21,"{
  ""answer"": ""YES-SIMILAR"",
  ""explanation"": ""Both code snippets are implementing a sorting algorithm to sort a given string of characters. The sorting algorithm used in both code snippets is a variation of the merge sort algorithm. In the Python code, the `sorting` function recursively sorts the input list, while the `quicksorting` function is used for the last segment. In the PHP code, the `solve` function uses a similar approach, but with a different implementation. The main difference is that the PHP code uses a greedy approach to build the sorted string, while the Python code uses a recursive",162
2016_1_1,18665,2016_1_1,28201,CLONE,2026-07-06 13:47:24,"{
  ""answer"": ""YES-SIMILAR"",
  ""explanation"": ""Both code snippets are functionally similar as they both take a string input, sort the characters in the string, and return the sorted string. The sorting algorithm used in both code snippets is a variation of the insertion sort algorithm. The PHP code snippet uses a for loop to iterate over the characters in the string and builds the sorted string from the beginning, while the Java code snippet uses a while loop to iterate over the characters in the string and builds the sorted string by inserting each character at the correct position. The output of both code snippets is the sorted",163
2016_1_1,22113,2016_1_1,20829,CLONE,2026-07-06 13:47:26,"{
  ""answer"": ""YES-SIMILAR"",
  ""explanation"": ""Both code snippets are implementing the same algorithm to solve a problem. They are reading input strings, splitting them into individual characters, and then sorting them in a way that maintains the lexicographical order. The Java code uses a StringBuilder to build the output string, while the C++ code uses arrays to store the characters. Both codes also print the result with the case number. The main difference is in the syntax and structure, but the logic and functionality are the same.""
}",164
2016_1_1,20829,2016_1_1,14703,CLONE,2026-07-06 13:47:29,"{
  ""answer"": ""YES-SIMILAR"",
  ""explanation"": ""Both code snippets are functionally similar. They both take a string input, sort it in non-decreasing order while maintaining the original order of equal characters, and print the sorted string. The C++ code uses a vector to store the characters, while the Python code uses a list. The C++ code uses a queue to keep track of the start position of the longest increasing subsequence, while the Python code uses the insert method to maintain the list. However, the overall logic and functionality of the two code snippets are the same.""
}",165
2016_1_1,14703,2016_1_1,4557,CLONE,2026-07-06 13:47:31,"{
  ""answer"": ""YES-SIMILAR"",
  ""explanation"": ""Both code snippets perform the same task, which is to read input strings from a file (or standard input), process each string by sorting the characters in a specific order, and print the result. The sorting order is such that if a character is greater than or equal to the first character of the current string, it is appended to the beginning of the string; otherwise, it is appended to the end. The Python code uses a loop to process each character in the string, while the PHP code uses a for loop to process each character in the string",166
2016_1_1,4557,2016_1_1,22113,CLONE,2026-07-06 13:47:34,"{
  ""answer"": ""YES-SIMILAR"",
  ""explanation"": ""Both code snippets read input from a file (or standard input in the Java code), process the input to build a string by appending characters in a specific order, and write the result to an output file (or standard output in the Java code). The processing step in both codes involves comparing the first character of the current output string with the next character from the input, and appending the next character to the front or end of the output string accordingly. The Java code uses a more object-oriented approach and a more modern programming style, but the functional logic is",167
2016_1_2,23627,2016_1_2,7905,CLONE,2026-07-06 13:47:36,"{
  ""answer"": ""YES-SIMILAR"",
  ""explanation"": ""Both code snippets are functionally similar. They both read input from a file (or standard input), process it, and print the result. The main difference is in the language and syntax, but the logic is the same. Both code snippets count the occurrences of each number in the input, identify the numbers with odd counts, sort them, and print them. The Java code uses a HashMap to count the occurrences, while the C++ code uses a static array. However, the overall functionality is the same.""
}",168
2016_1_2,7905,2016_1_2,30453,CLONE,2026-07-06 13:47:38,"{
  ""answer"": ""YES-SIMILAR"",
  ""explanation"": ""Both code snippets solve the same problem: they read a series of 2D arrays from input, count the odd numbers in each row, and print the odd numbers. The C++ code uses a bit array to count the odd numbers, while the Python code uses a list and the count method. The overall logic is the same, but the implementation differs.""
}",169
2016_1_2,30453,2016_1_2,22155,CLONE,2026-07-06 13:47:40,"{
  ""answer"": ""YES-SIMILAR"",
  ""explanation"": ""Both code snippets are designed to solve the same problem. They both read a series of lines from the input, flatten them into a single list, count the occurrences of each number, and then output the odd-numbered elements in the count list, sorted in ascending order. The Python code uses a list comprehension and the count method to achieve this, while the PHP code uses a combination of fgets, explode, array_map, and array_count_values. Despite the differences in syntax and structure, they both accomplish the same task.""
}",170
2016_1_2,22155,2016_1_2,23627,CLONE,2026-07-06 13:47:42,"{
  ""answer"": ""YES-SIMILAR"",
  ""explanation"": ""Both code snippets are functionally similar. They both read input from a file, parse the input, and output the keys from a hash map that have odd values. The PHP code uses a for loop and array functions, while the Java code uses a HashMap and arrays. The overall logic and steps are the same, just implemented in different programming languages.""
}",171
2016_1_2,26561,2016_1_2,22827,CLONE,2026-07-06 13:47:44,"{
  ""answer"": ""YES-SIMILAR"",
  ""explanation"": ""Both code snippets are functionally similar. They both read input from the console, process it, and output the result. The input is a series of integers, and the output is a list of integers that appear an odd number of times. The Java code uses a HashMap to count the occurrences of each integer, while the C++ code uses a map. Both codes also sort the output list in ascending order. The main difference is in the syntax and structure of the code, but the logic and functionality are identical.""
}",172
2016_1_2,22827,2016_1_2,14745,CLONE,2026-07-06 13:47:47,"{
  ""answer"": ""YES-SIMILAR"",
  ""explanation"": ""Both code snippets solve the same problem: given a series of 2D arrays (or matrices) read from input, they count the number of odd occurrences of each element and print the odd counts in sorted order. The C++ code uses a map to store the counts, while the Python code uses a dictionary. The Python code also reads the input from a file, while the C++ code reads the input from standard input. However, the logic of the code is the same: read the input, count the occurrences of each element, and print",173
2016_1_2,14745,2016_1_2,21265,CLONE,2026-07-06 13:47:49,"{
  ""answer"": ""YES-SIMILAR"",
  ""explanation"": ""Both code snippets are solving the same problem. They read input from a file, process it, and output the result. The input is a series of cases, where each case contains a number of lines, and each line represents a sequence of soldiers. The task is to find the soldiers that appear an odd number of times in each case. The Python code uses a dictionary to count the occurrences of each soldier, while the PHP code uses an array. The rest of the logic is similar, including sorting the output and joining the results into a string.",174
2016_1_2,21265,2016_1_2,26561,CLONE,2026-07-06 13:47:52,"{
  ""answer"": ""YES-SIMILAR"",
  ""explanation"": ""Both code snippets are designed to solve the same problem. They read input from the user, process it, and print out the missing numbers. The PHP code snippet reads the input from the command line arguments, while the Java code snippet reads the input from the console. The PHP code snippet uses a foreach loop to process the input rows, while the Java code snippet uses a for loop. However, the logic of the code is the same: they count the occurrences of each number, identify the numbers that occur an odd number of times, and print them",175
2016_1_2,21848,2016_1_2,26565,CLONE,2026-07-06 13:47:55,"{
  ""answer"": ""YES-SIMILAR"",
  ""explanation"": ""Both code snippets are solving the same problem: given a 2D grid of integers, find the odd-numbered elements in each row and print them out. The Java code uses a HashMap to count the occurrences of each number, while the C++ code uses a map. The Java code uses a while loop to read the input, while the C++ code uses a for loop. However, both codes achieve the same result by iterating over the grid, counting the occurrences of each number, and printing out the odd-numbered elements. The Java code",176
2016_1_2,26565,2016_1_2,7956,CLONE,2026-07-06 13:47:56,"```json
{
  ""answer"": ""YES-SIMILAR"",
  ""explanation"": ""Both code snippets are solving the same problem. They both read input, count the occurrence of each number in each column, find the numbers with odd counts, sort them, and print the result. The C++ code uses a map to count the occurrences, while the Python code uses a dictionary. The overall logic is the same, making them functionally similar.""
}
```",177
2016_1_2,7956,2016_1_2,19133,CLONE,2026-07-06 13:47:59,"{
  ""answer"": ""YES-SIMILAR"",
  ""explanation"": ""Both code snippets read input from a file or standard input, parse the input into a 2D list of numbers, count the occurrences of each number, and output the numbers that occur an odd number of times. The Python code uses a dictionary to count the occurrences, while the PHP code uses an array. The Python code uses a list to store the odd numbers, while the PHP code uses an array. The output is formatted in the same way, with the case number and the list of odd numbers. The overall logic and structure of the code",178
2016_1_2,19133,2016_1_2,21848,CLONE,2026-07-06 13:48:02,"{
  ""answer"": ""YES-SIMILAR"",
  ""explanation"": ""Both code snippets are functionally similar. They read input from a file, process the input to find missing numbers in a matrix, and output the missing numbers for each case. The PHP code uses a hash table to store the counts of each number, while the Java code uses a HashMap. The PHP code uses array_filter and array_keys to find the missing numbers, while the Java code uses a StringBuilder to build the result string. The overall structure and logic of the two code snippets are similar, with the main differences being in the syntax and data structures",179
2016_2_1,201276,2016_2_1,194349,CLONE,2026-07-06 13:48:04,"{
  ""answer"": ""YES-SIMILAR"",
  ""explanation"": ""Both code snippets are functionally similar. They both appear to be solving the same problem, which involves counting the occurrences of certain letters in a given string and then replacing them with their corresponding numbers. The Java code uses a more complex approach with a BufferedReader and BufferedWriter, while the C++ code uses a more straightforward approach with cin and cout. However, the logic and the steps taken to solve the problem are identical in both codes.""
}",180
2016_2_1,194349,2016_2_1,185295,CLONE,2026-07-06 13:48:07,"{
  ""answer"": ""YES-SIMILAR"",
  ""explanation"": ""Both code snippets are solving the same problem, which is to count the number of each digit in a given string and then print the digits in the correct order. The first code snippet uses C++ and the second code snippet uses Python. They both use a similar approach to solve the problem: they count the frequency of each letter in the input string, subtract the frequency of letters used in each digit's name, and then print the remaining letters in the correct order. The only differences are in the syntax and structure of the code, but the logic and",181
2016_2_1,185295,2016_2_1,198100,CLONE,2026-07-06 13:48:09,"{
  ""answer"": ""YES-SIMILAR"",
  ""explanation"": ""Both code snippets are solving the same problem, which is to convert a string of letters into a string of numbers. They both use a similar approach: first, they count the occurrences of each letter in the string, then they use this count to construct the corresponding number. The main difference is in the implementation details, such as the use of different data structures and algorithms. However, the overall logic and steps are the same.""
}",182
2016_2_1,198100,2016_2_1,201276,CLONE,2026-07-06 13:48:12,"{
  ""answer"": ""YES-SIMILAR"",
  ""explanation"": ""Both code snippets are solving the same problem, which is to read a file, process each line, and output the result. The main difference is in the approach and implementation. The PHP code uses a more object-oriented approach with classes and methods, while the Java code uses a more procedural approach with methods and loops. However, the logic and steps taken to solve the problem are similar. Both codes read the input file, process each line, and output the result. They also use a similar approach to count and replace characters in the string to form the",183
2016_2_1,180026,2016_2_1,186531,CLONE,2026-07-06 13:48:14,"{
  ""answer"": ""YES-SIMILAR"",
  ""explanation"": ""Both code snippets are implementing a solution to a problem where they take a string input, count the occurrences of each letter, and then convert it into the corresponding number. They use a similar approach, reducing the letter counts in the input string to get the numbers. The main difference is in the implementation details, such as the use of arrays and loops, but the overall logic and functionality are the same.""
}",184
2016_2_1,186531,2016_2_1,196651,CLONE,2026-07-06 13:48:17,"{
  ""answer"": ""YES-SIMILAR"",
  ""explanation"": ""Both code snippets are solving the same problem, which is to count the frequency of each digit in a given input string and print the digits in the order of their frequency. The C++ code uses an array to count the frequency of each digit, while the Python code uses a list to store the outputs of the solve_case function. The main logic of the two codes is the same, with the C++ code using a series of while loops to count the frequency of each digit, and the Python code using a for loop to iterate over the inputs and",185
2016_2_1,196651,2016_2_1,193717,CLONE,2026-07-06 13:48:19,"{
  ""answer"": ""YES-SIMILAR"",
  ""explanation"": ""Both code snippets appear to be solving a problem related to digit recognition and case generation. The Python code snippet uses a helper function `solve_case` to solve a single case, while the PHP code snippet uses a similar approach with a helper function `proc`. The PHP code snippet reads input from STDIN and generates output for each case, similar to the Python code snippet which reads input from a file and writes output to another file. The logic of the code is similar, with both using a counter array to count the occurrence of each digit and then generating",186
2016_2_1,193717,2016_2_1,180026,CLONE,2026-07-06 13:48:21,"{
  ""answer"": ""YES-SIMILAR"",
  ""explanation"": ""Both code snippets are functionally similar. They both read input strings, count the occurrences of each character, and then print out the numbers from 0 to 9 in the correct order based on the counts. The main difference is in the implementation details, such as the use of arrays in PHP and arrays and objects in Java, but the overall logic is the same.""
}",187
2016_2_1,193929,2016_2_1,179503,CLONE,2026-07-06 13:48:24,"{
  ""answer"": ""YES-SIMILAR"",
  ""explanation"": ""Both code snippets are functionally similar. They both appear to be solving the same problem, which is to count the number of occurrences of each digit in a given string and then print the digits in the correct order. The main differences are in the syntax and structure of the code, but the logic and steps taken to solve the problem are identical. The Java code uses a switch statement and a 2D array to store the counts, while the C++ code uses a single array and a series of if-else statements to achieve the same result.""
",188
2016_2_1,179503,2016_2_1,182378,CLONE,2026-07-06 13:48:27,"{
  ""answer"": ""YES-SIMILAR"",
  ""explanation"": ""Both code snippets are solving the same problem, which is to count the occurrences of digits in a string and print them in the correct order. They use different approaches and languages, but the logic is the same. The C++ code uses a 2D array to count the occurrences of digits, while the Python code uses a list to store the counts and then sorts them. The Python code also includes additional functionality to read from a file and write the results to a file, but this is not part of the main logic of the problem. The main",189
2016_2_1,182378,2016_2_1,200006,CLONE,2026-07-06 13:48:30,"{
  ""answer"": ""YES-SIMILAR"",
  ""explanation"": ""Both code snippets are solving the same problem, which is to replace a series of letters in a given string with numbers. The letters to be replaced and the corresponding numbers are: Z(0), W(2), U(4), X(6), G(8), O(1), R(3), S(7), V(5), N(9). The code snippets use different approaches to solve the problem, but the end result is the same. The Python code snippet uses a while loop to replace the letters, while the PHP",190
2016_2_1,200006,2016_2_1,193929,CLONE,2026-07-06 13:48:33,"{
  ""answer"": ""YES-SIMILAR"",
  ""explanation"": ""Both code snippets are solving the same problem, which is to convert a given string of characters into a sequence of digits. They both use a similar approach, where they count the occurrences of each character in the string and then use this information to determine the number of times each digit should be printed. The PHP code uses a more explicit approach with if-else statements, while the Java code uses a switch statement, but the logic is the same. The main difference is in the input/output handling and the way the code is structured, but the functional logic",191
2013_0_1,103399,2015_0_2,96440,NON-CLONE,2026-07-06 13:48:36,"{
  ""answer"": ""NO-NOT-SIMILAR"",
  ""explanation"": ""The two code snippets are not functionally similar. The first code snippet is a Java implementation of a game of Tic-Tac-Toe, where it reads a file with game boards and determines the status of each game (X wins, O wins, draw, or not completed). The second code snippet is a C++ program that calculates the minimum number of perfect squares that sum up to a given number. The code snippets have different inputs, logic, and outputs, and they do not perform the same task.""
}",192
2013_0_1,49244,2016_2_1,186531,NON-CLONE,2026-07-06 13:48:38,"{
  ""answer"": ""YES-SIMILAR"",
  ""explanation"": ""Both code snippets are implementing a tic-tac-toe game solver. They read a board from input, count the number of each piece, and then print out the result. The Java code uses a 2D array to represent the board, while the C++ code uses an array of 26 integers to represent the board, where each index corresponds to a piece. The C++ code uses a more complex logic to count the pieces, but the overall logic is the same as the Java code. Both codes also handle the cases where the game is",193
2013_0_1,126886,2016_0_4,45917,NON-CLONE,2026-07-06 13:48:41,"{
  ""answer"": ""YES-SIMILAR"",
  ""explanation"": ""Both code snippets are solving the same problem, which is to determine the winner of a game of Tic-Tac-Toe. The Java code is reading the game state from a file, while the C++ code is reading the game state from standard input. The logic for determining the winner is similar in both codes, with the Java code checking for a win in rows, columns, and diagonals, and the C++ code doing the same. The main difference is in the input/output handling and the game state representation.""
}",194
2013_0_1,99825,2016_1_2,23627,NON-CLONE,2026-07-06 13:48:44,"{
  ""answer"": ""YES-SIMILAR"",
  ""explanation"": ""Both code snippets appear to be solving a game of Tic-Tac-Toe, where the goal is to determine the winner or determine if the game has ended in a draw. The C++ code reads input from a file and outputs the result to another file, while the Java code reads input from a file and outputs the result to the console. The logic of the game is the same in both codes, with the main difference being the language and file input/output operations. The C++ code uses a 2D array to represent the game board,",195
2013_0_1,98087,2014_3_1,135560,NON-CLONE,2026-07-06 13:48:46,"{
  ""answer"": ""YES-SIMILAR"",
  ""explanation"": ""Both code snippets are solving the same problem. They are checking for the winner of a game of Tic-Tac-Toe. They read the board from input, check for wins in rows, columns, and diagonals, and print the result. If the game is not over, they print 'Game has not completed' or 'impossible'. The Java code uses a different approach to calculate the number of steps required to win, but the overall logic is the same.""
}",196
2013_0_1,72071,2015_0_3,103774,NON-CLONE,2026-07-06 13:48:49,"{
  ""answer"": ""YES-SIMILAR"",
  ""explanation"": ""Both code snippets appear to be solving the same problem, which is a tic-tac-toe game. They both take input from the user, process it, and output the result. The main differences are in the implementation details, such as the language used and the data structures employed. The logic of the game, including the checks for winning conditions, is similar in both codes. The Python code uses a more object-oriented approach, while the C++ code is more procedural. However, the overall functionality is the same.""
}",197
2013_0_1,125888,2014_2_1,114208,NON-CLONE,2026-07-06 13:48:52,"{
  ""answer"": ""YES-SIMILAR"",
  ""explanation"": ""Both code snippets are implementing a game state analyzer for a Tic-Tac-Toe-like game. They both read game states from input, process them, and output the result. The Python code snippet is analyzing the game state by checking rows, columns, and diagonals for a winner or a draw, while the PHP code snippet is processing the game state by counting the occurrences of each character in each row and then combining the results. However, the underlying logic is the same: both code snippets aim to determine the game state and output the result. The",198
2013_0_1,91336,2015_0_3,42051,NON-CLONE,2026-07-06 13:48:54,"{
  ""answer"": ""DONT-KNOW"",
  ""explanation"": ""The two code snippets appear to be solving different problems. The Python code snippet seems to be checking for a winner in a Tic-Tac-Toe game, while the Java code snippet appears to be solving a problem involving quaternion multiplication. The syntax and structure of the code are quite different, and it's not clear how the two problems are related. Without more information about the problem being solved, it's difficult to determine if the two code snippets are functionally similar.""
}",199
2013_0_1,70537,2015_0_3,49764,NON-CLONE,2026-07-06 13:48:57,"{
  ""answer"": ""YES-SIMILAR"",
  ""explanation"": ""Both code snippets are solving the same problem, which is to determine the outcome of a game. They both take input from a file and iterate over each case, checking the game state and printing the result. The game state is determined by checking for winning conditions, draws, and unfinished games. The main difference between the two code snippets is in the implementation details, such as the use of different data structures and algorithms. However, the overall logic and flow of the code is similar.""
}",200
2013_0_1,84842,2016_1_1,28201,NON-CLONE,2026-07-06 13:48:59,"{
  ""answer"": ""YES-SIMILAR"",
  ""explanation"": ""Both code snippets read input from a file, process it, and output the result. The PHP code reads a file specified by the first command-line argument, processes each line of the file, and outputs the result. The Java code reads a file specified by the first command-line argument, processes each line of the file, and outputs the result. The processing involves sorting the characters in each line and determining the winner of a game based on the sorted characters. The output format is also similar, with each case number and the sorted line being outputted.",201
2013_0_1,102913,2016_0_4,135114,NON-CLONE,2026-07-06 13:49:02,"{
  ""answer"": ""NO-NOT-SIMILAR"",
  ""explanation"": ""The two code snippets are not functionally similar. Code Snippet 1 appears to be a solution to a Tic-Tac-Toe game, where it checks for wins, draws, and incomplete games, and writes the results to an output file. Code Snippet 2, on the other hand, is a solution to a combinatorics problem, where it calculates the sum of a series of numbers based on input values K, C, and S. The two code snippets are solving different problems and have different logic, so they are",202
2013_0_1,127485,2016_0_1,100898,NON-CLONE,2026-07-06 13:49:04,"{
  ""answer"": ""DONT-KNOW"",
  ""explanation"": ""The two code snippets appear to be solving different problems. The PHP code snippet is checking for wins in a tic-tac-toe game, while the Java code snippet is counting the number of steps it takes for a number to become a certain value. The logic and structure of the code are significantly different, making it difficult to determine if they are functionally similar.""
}",203
2013_0_2,95524,2015_0_2,38840,NON-CLONE,2026-07-06 13:49:06,"{
  ""answer"": ""YES-SIMILAR"",
  ""explanation"": ""Both code snippets are solving the same problem, which is to determine if a grid can be divided into sub-grids of the same height, where each sub-grid has a unique maximum value. The Java code snippet is using a brute-force approach to check all possible sub-grids, while the C++ code snippet is using a more efficient approach to calculate the minimum number of sub-grids needed to cover the grid. Both code snippets are achieving the same result, but using different algorithms.""
}",204
2013_0_2,44471,2014_2_1,114208,NON-CLONE,2026-07-06 13:49:09,"{
  ""answer"": ""YES-SIMILAR"",
  ""explanation"": ""Both code snippets are functionally similar. They read input from a file, process it, and output the result. The Java code reads a 2D array from the file, finds the lowest value, and checks if each row and column contains only the lowest value. The PHP code reads a list of strings from the file, processes each string, and combines the results. However, upon closer inspection, it appears that the PHP code is actually solving the same problem as the Java code. The PHP code is processing each string in the list, counting",205
2013_0_2,55421,2016_2_1,196651,NON-CLONE,2026-07-06 13:49:12,"{
  ""answer"": ""YES-SIMILAR"",
  ""explanation"": ""Both code snippets solve the same problem, a lawn mowing problem. They read input from files, parse the input, and then determine if the lawn can be mowed. The Java code uses a more explicit approach, while the Python code uses a more concise approach. The logic and steps are similar, with the main difference being the language and syntax. The Java code checks for bad patterns in the lawn, while the Python code calls a function `solve_case` to do the same thing. The Python code also uses a more functional programming style,",206
2013_0_2,83774,2016_2_1,201276,NON-CLONE,2026-07-06 13:49:15,"{
  ""answer"": ""NO-NOT-SIMILAR"",
  ""explanation"": ""The two code snippets are not functionally similar. The first snippet is a C++ code that reads a 2D array from the input, checks if each element is the maximum in its row or column, and prints 'YES' if all elements are the maximum in either their row or column, otherwise it prints 'NO'. The second snippet is a Java code that reads a string from the input, replaces occurrences of 'S', 'I', 'X', 'W', 'Z', 'G', 'H', 'V',",207
2013_0_2,140779,2013_1_1,30519,NON-CLONE,2026-07-06 13:49:17,"{
  ""answer"": ""YES-SIMILAR"",
  ""explanation"": ""Both code snippets appear to be solving the same problem, which is to determine whether a given rectangle can be formed by arranging circles of increasing radius. The C++ code snippet uses a brute-force approach by iterating over all cells in the rectangle and checking if the maximum row and column values are greater than the current cell value. The Python code snippet uses a binary search approach to find the maximum number of circles that can fit in the rectangle. However, the Python code can be optimized further to achieve the same result as the C++ code. The key insight",208
2013_0_2,91409,2013_0_3,102207,NON-CLONE,2026-07-06 13:49:20,"{
  ""answer"": ""YES-SIMILAR"",
  ""explanation"": ""Both code snippets are designed to solve the same problem. They both read input from a file, process the data, and write the output to another file. The main difference is in the language and syntax used. The C++ code reads the input file line by line and processes it using nested loops, while the Python code reads the input file line by line and processes it using a for loop. However, the logic of the code is the same. Both code snippets check if the numbers in the input file are perfect squares and count the number of such",209
2013_0_2,78034,2014_2_1,129296,NON-CLONE,2026-07-06 13:49:22,"{
  ""answer"": ""YES-SIMILAR"",
  ""explanation"": ""Both code snippets are solving the same problem, which is to determine if a given lawn or grid is a'repeater' grid. A'repeater' grid is a grid where each row and each column contains the same set of elements, and the count of each element in each row and column is the same. The Python code snippet checks if the grid is a'repeater' grid by comparing the maximum values in each row and column, while the Java code snippet uses a more complex approach to achieve the same result. The Java code snippet",210
2013_0_2,122219,2014_3_1,138308,NON-CLONE,2026-07-06 13:49:25,"{
  ""answer"": ""YES-SIMILAR"",
  ""explanation"": ""Both code snippets are solving the same problem, which is to determine if a number can be represented as a sum of powers of 2. The first code snippet reads in a grid of numbers and checks if each cell can be represented as a sum of powers of 2. The second code snippet reads in two numbers and checks if the second number can be represented as a sum of powers of 2. Both code snippets use a similar approach to solve the problem, which is to find the greatest common divisor of the two numbers and then check if the",211
2013_0_2,85165,2014_3_1,134611,NON-CLONE,2026-07-06 13:49:27,"{
  ""answer"": ""NO-NOT-SIMILAR"",
  ""explanation"": ""The two code snippets are not functionally similar. Code Snippet 1 appears to be solving a lawn mowing problem, where the goal is to determine if it's possible to mow a lawn with a given size and height. Code Snippet 2 appears to be solving a problem involving powers of 2 and greatest common divisor, and does not seem to be related to lawn mowing. They have different inputs, outputs, and logic, and are solving different problems.""
}",212
2013_0_2,71957,2016_1_1,15819,NON-CLONE,2026-07-06 13:49:30,"{
  ""answer"": ""NO-NOT-SIMILAR"",
  ""explanation"": ""The two code snippets are not functionally similar. The first snippet reads input from a file and evaluates a matrix to determine if each element is the maximum in its row or column, while the second snippet reads input from a file and constructs the last word of each string by inserting characters in a specific order. The tasks they perform are different, and the code structures are also different. The first snippet is written in PHP, while the second is written in Java. The code does not contain any similar logic or functionality.""
}",213
2013_0_2,96711,2013_0_3,51164,NON-CLONE,2026-07-06 13:49:32,"{
  ""answer"": ""YES-SIMILAR"",
  ""explanation"": ""Both code snippets solve the same problem, which is to count the number of perfect squares within a given range. They read input from a file, parse the input to get the range, and then iterate over a list of perfect squares to count those within the range. The main difference is in the way they generate the list of perfect squares and read the input. However, the logic of the algorithms is the same.""
}",214
2013_0_2,68303,2016_0_1,71388,NON-CLONE,2026-07-06 13:49:34,"{
  ""answer"": ""YES-SIMILAR"",
  ""explanation"": ""Both code snippets appear to be solving the same problem, which is a classic problem of determining if a number is a 'Snoopy Number' or not. The PHP code reads input from a file and processes it to determine if it's possible to remove digits from a number to form the string 'Snoopy'. The Python code does the same thing, but it reads input from the standard input and uses a different approach to remove digits from the number. The functional flow of both codes is the same, even though the syntax and structure are different",215
2013_0_3,108834,2016_0_1,39027,NON-CLONE,2026-07-06 13:49:37,"{
  ""answer"": ""YES-SIMILAR"",
  ""explanation"": ""Both code snippets appear to be solving a problem where they read input from a file, process it, and write the output to another file. The Java code snippet uses a custom InputReader class to read input from a file, while the PHP code snippet uses the fgets() function. Both code snippets also have a main function that iterates over the input data, solves the problem for each case, and writes the output to a file. The problem being solved appears to be related to counting the number of times a certain pattern appears in a given string,",216
2013_0_3,59317,2016_1_2,26565,NON-CLONE,2026-07-06 13:49:39,"{
  ""answer"": ""DONT-KNOW"",
  ""explanation"": ""The two code snippets appear to be solving different problems. The first code snippet is calculating the number of palindromic squares in a given range, while the second code snippet is finding the elements of a matrix that appear an odd number of times. The code structure, variable names, and problem statements are different, making it unclear if they are functionally similar.""
}",217
2013_0_3,74156,2015_0_3,49764,NON-CLONE,2026-07-06 13:49:42,"{
  ""answer"": ""YES-SIMILAR"",
  ""explanation"": ""Both code snippets are solving the same problem, which is to count the number of squares that are palindromes within a given range. The Java code snippet counts the number of squares of numbers in the range [low, high] that are palindromes, while the C++ code snippet checks if a certain string can be obtained by concatenating the powers of the letters 'i', 'j', and 'k'. However, upon closer inspection, it can be seen that the C++ code snippet is actually solving the same problem as the",218
2013_0_3,102625,2013_0_1,126886,NON-CLONE,2026-07-06 13:49:44,"{
  ""answer"": ""NO-NOT-SIMILAR"",
  ""explanation"": ""The two code snippets are not functionally similar. Code Snippet 1 appears to be a solution to a problem where it counts the number of squares between two given numbers in a sequence of squares, while Code Snippet 2 appears to be a solution to a Tic Tac Toe game. They have different inputs, logic, and outputs, making them not functionally similar.""
}",219
2013_0_3,81195,2014_2_1,131873,NON-CLONE,2026-07-06 13:49:47,"{
  ""answer"": ""YES-SIMILAR"",
  ""explanation"": ""Both code snippets are designed to solve a similar problem. They both appear to be solving a problem related to counting or finding something within a range of numbers. However, the specific problem they are solving is different. The C++ code snippet is finding the number of perfect squares that are palindromes within a given range, while the Java code snippet is finding the total count of differences between character frequencies in a set of strings. Despite the difference in the specific problem, the overall structure and logic of the two code snippets are similar, with the use",220
2013_0_3,53348,2015_0_3,72742,NON-CLONE,2026-07-06 13:49:50,"{
  ""answer"": ""YES-SIMILAR"",
  ""explanation"": ""Both code snippets solve the same problem, which is to count the number of palindromic numbers within a given range. The C++ code uses a precomputed array of palindromic numbers up to a certain limit, while the Python code uses a more complex method involving quaternion multiplication. Despite the different approaches, both codes achieve the same goal and can be considered functionally similar.""
}",221
2013_0_3,102207,2015_1_1,122934,NON-CLONE,2026-07-06 13:49:52,"{
  ""answer"": ""DONT-KNOW"",
  ""explanation"": ""The code snippets appear to be functionally similar in that they both seem to be solving a problem involving counting the number of perfect squares in a given range. However, the input formats and the approach to solve the problem are different. The first code snippet is written in Python and uses a list of predefined perfect squares, while the second code snippet is written in PHP and appears to be reading the input from a file. Additionally, the second code snippet seems to be solving a different problem, where it's counting the number of times the count of numbers changes in",222
2013_0_3,51164,2014_2_1,129296,NON-CLONE,2026-07-06 13:49:55,"{
  ""answer"": ""YES-SIMILAR"",
  ""explanation"": ""Both code snippets are functionally similar. They both appear to be solving the same problem, which is to find the sum of the absolute differences of the median of each character count in a given set of lines. The Python code snippet reads a file 'C-large-1.in', while the Java code snippet reads a file '/home/ocozalp/Downloads/A-large.in'. The Java code snippet uses a more complex approach by splitting each line into tokens (character counts) and then calculating the median and sum of absolute differences, while the Python",223
2013_0_3,70289,2015_0_4,63026,NON-CLONE,2026-07-06 13:49:57,"{
  ""answer"": ""NO-NOT-SIMILAR"",
  ""explanation"": ""The two code snippets are not functionally similar. They appear to solve different problems. The first code snippet is solving a problem related to palindromes and finding perfect squares, while the second code snippet is solving a problem related to a string comparison. The logic and structure of the two code snippets are significantly different, and they do not achieve the same result.""
}",224
2013_0_3,89287,2016_1_1,15421,NON-CLONE,2026-07-06 13:49:59,"{
  ""answer"": ""YES-SIMILAR"",
  ""explanation"": ""Both code snippets are solving the same problem, which is to find the number of perfect squares within a given range. They achieve this by iterating through the squares of numbers starting from 1, checking if they are perfect squares, and counting them. The main difference is in the implementation details, such as the use of built-in functions and data structures, but the overall logic is the same.""
}",225
2013_0_3,92037,2014_3_1,134611,NON-CLONE,2026-07-06 13:50:01,"{
  ""answer"": ""YES-SIMILAR"",
  ""explanation"": ""Both code snippets are solving a problem that involves finding the number of perfect squares within a given range. They both read input from a file, calculate the squares, and then use these squares to solve a problem. The PHP code snippet is solving the problem by checking if a given line is a perfect square and counting the number of perfect squares within a given range, while the C++ code snippet is solving a problem involving powers of 2 and perfect squares. However, upon closer inspection, it can be seen that the C++ code snippet is actually using",226
2013_0_3,132829,2016_1_1,14703,NON-CLONE,2026-07-06 13:50:04,"{
  ""answer"": ""YES-SIMILAR"",
  ""explanation"": ""Both code snippets are functionally similar as they both take input from a file, process it, and output the result. The main difference is in the programming language (PHP vs Python) and the specific implementation details. However, the overall task they accomplish is the same: finding the number of squares from a list that are between two given numbers and adding 1 if the first number is a square. The Python code uses a different approach to find the squares, but the end result is the same as the PHP code.""
}",227
2013_1_1,42047,2013_0_1,99825,NON-CLONE,2026-07-06 13:50:06,"{
  ""answer"": ""YES-SIMILAR"",
  ""explanation"": ""Both code snippets appear to be solving a similar problem, where they are calculating the result of a game or a series of games. The Java code snippet appears to be solving a problem where a number 'r' is divided into two parts 'rrr' and 'rr', and then finding a certain number'marked' that satisfies the condition 'x = rrr + marked'. The C++ code snippet appears to be a game where a 4x4 grid is filled with 'X', 'O', 'T', and '.'. Both code",228
2013_1_1,30835,2015_0_3,103774,NON-CLONE,2026-07-06 13:50:09,"{
  ""answer"": ""YES-SIMILAR"",
  ""explanation"": ""Both code snippets are solving a problem that involves calculating a value based on input parameters 'r' and 't'. The Java code uses a mathematical formula to calculate the value, while the Python code uses a lookup table (Q) and a function q() to perform a similar calculation. The main function of both codes reads input from the user, calls the respective function to calculate the value, and prints the result. The function once() in the Python code and the solve() method in the Java code perform the core calculation and are functionally similar.",229
2013_1_1,32414,2016_2_1,179503,NON-CLONE,2026-07-06 13:50:12,"{
  ""answer"": ""YES-SIMILAR"",
  ""explanation"": ""Both code snippets appear to be solutions to a problem where they are given a series of inputs and are required to print out the correct output. In the first code snippet, it appears to be solving a problem related to finding the maximum value of an equation, while the second code snippet appears to be solving a problem related to counting the occurrences of each digit in a given string and printing them out. However, upon closer inspection, it can be seen that the second code snippet is actually solving a problem related to counting the occurrences of each digit in a given",230
2013_1_1,28766,2015_0_1,47939,NON-CLONE,2026-07-06 13:50:14,"{
  ""answer"": ""YES-SIMILAR"",
  ""explanation"": ""Both code snippets are solving the same problem, which is to find the minimum number of people that need to stand up in a standing ovation. The C++ code uses a binary search approach to find the minimum number of people that need to stand up, while the Java code uses a similar approach but with a few differences in implementation. However, both codes achieve the same result and perform the same task, making them functionally similar.""
}",231
2013_1_1,30228,2016_2_1,185295,NON-CLONE,2026-07-06 13:50:16,"{
  ""answer"": ""YES-SIMILAR"",
  ""explanation"": ""Both code snippets are solving the same problem. They are reading input from a file, processing it, and generating output for a series of test cases. The main difference is in the approach and the language used. The C++ code snippet uses a binary search approach to find the result, while the Python code snippet uses a more complex approach based on counting and mapping letters to numbers. Despite these differences, the overall functionality is the same.""
}",232
2013_1_1,30618,2014_2_1,115757,NON-CLONE,2026-07-06 13:50:18,"{
  ""answer"": ""YES-SIMILAR"",
  ""explanation"": ""Both code snippets are solving the same problem, which is finding the minimum sum of absolute differences between the count of a character in each string and a given number, for all characters in the strings. The main difference is in the approach, where the C++ code uses a binary search to find the minimum sum, while the Java code uses a brute force approach with a loop from 1 to 100. However, the overall functionality is the same, and both codes produce the same result.""
}",233
2013_1_1,37029,2015_0_4,86932,NON-CLONE,2026-07-06 13:50:21,"{
  ""answer"": ""YES-SIMILAR"",
  ""explanation"": ""Both code snippets appear to be solving the same problem, which is a painting problem. They take input from a file, process it, and output the result to another file. The main difference is in the syntax and structure, but the logic and steps taken to solve the problem are similar. The first code snippet uses a brute force approach to find the number of rings needed to paint a certain area, while the second code snippet uses a more complex logic to determine if it's possible to paint the area with a certain number of rings. The second code",234
2013_1_1,32497,2016_2_1,194349,NON-CLONE,2026-07-06 13:50:23,"{
  ""answer"": ""YES-SIMILAR"",
  ""explanation"": ""Both code snippets solve a problem where they take a string input and count the occurrences of certain characters. They then use these counts to calculate the number of rings in a specific pattern. The Python code uses a mathematical approach to calculate the number of rings, while the C++ code uses a more manual approach by subtracting the counts of certain characters from the total counts. However, the overall logic is the same: they both take a string, count the characters, and calculate the number of rings based on these counts.""
}",235
2013_1_1,30519,2015_0_1,65110,NON-CLONE,2026-07-06 13:50:26,"{
  ""answer"": ""YES-SIMILAR"",
  ""explanation"": ""Both code snippets appear to be solving the same problem, which is to find the number of circles that can be formed within a given radius and time limit. The Python code uses a binary search approach, while the C++ code uses a more traditional approach with a loop. However, both codes achieve the same result. The main differences are in the syntax and structure of the code, but the logic and functionality are similar.""
}",236
2013_1_1,34507,2014_3_1,138308,NON-CLONE,2026-07-06 13:50:28,"{
  ""answer"": ""YES-SIMILAR"",
  ""explanation"": ""Both code snippets are functionally similar. They appear to be solving the same problem, which is to find the minimum number of steps required to make a number perfect (i.e., divisible by 2) by repeatedly dividing it by 2 and adding 1 to the next number if the current number is odd. The PHP code uses a recursive function to achieve this, while the C++ code uses a while loop. The PHP code also calculates the greatest common divisor (gcd) of two numbers, but this is not necessary for the main problem and",237
2013_1_1,39026,2016_0_1,143909,NON-CLONE,2026-07-06 13:50:30,"{
  ""answer"": ""YES-SIMILAR"",
  ""explanation"": ""Both code snippets are solving the same problem, which is to find the number of circles that can be painted with a given radius and total area. They use a similar approach, where they calculate the number of circles that can be painted with the given radius and total area. The main difference is in the implementation details, with the PHP code using a more complex approach to calculate the number of circles, while the C++ code uses a simpler approach. However, both codes achieve the same result.""
}",238
2013_1_1,31779,2014_3_1,132142,NON-CLONE,2026-07-06 13:50:32,"{
  ""answer"": ""YES-SIMILAR"",
  ""explanation"": ""Both code snippets are solving the same problem, which is finding the minimum number of steps to reach a target number on a grid, where the grid is divided into squares of side length r. They both use a binary search approach to find the minimum number of steps. Although the syntax and structure are different, the logic and steps are identical.""
}",239
2014_2_1,115757,2013_0_1,99825,NON-CLONE,2026-07-06 13:50:34,"{
  ""answer"": ""DONT-KNOW"",
  ""explanation"": ""The two code snippets appear to be solving different problems. The first Java code snippet seems to be solving a problem involving run-length encoding and calculating a score based on it, while the second C++ code snippet appears to be simulating a game and checking for wins, losses, or draws. The code structure and logic are different, making it difficult to determine if they are functionally similar.""
}",240
2014_2_1,129296,2015_1_1,122263,NON-CLONE,2026-07-06 13:50:37,"{
  ""answer"": ""YES-SIMILAR"",
  ""explanation"": ""Both code snippets are solving the same problem, which is to calculate the total cost of rearranging the characters in each line of input. They both read input, calculate the counts of each character in each line, and then calculate the cost of rearranging the characters. The cost is calculated as the sum of the absolute differences between each character count and the median character count. The Java code uses a more complex approach to calculate the cost, involving sorting the character counts and finding the median, while the C++ code uses a more efficient approach to calculate the",241
2014_2_1,131873,2016_1_2,19133,NON-CLONE,2026-07-06 13:50:40,"{
  ""answer"": ""YES-SIMILAR"",
  ""explanation"": ""Both code snippets are solving the same problem: they are processing a series of input lines to find the indices of the lines that are missing a certain pattern. The Java code uses a custom Input class to create an array of Input objects, while the PHP code uses an array to store the lines. The Java code then calculates the count of each character in the minimum string of each Input object and checks if the count of each character in the input lines matches the count of each character in the minimum string. The PHP code uses a similar approach but uses an",242
2014_2_1,131278,2013_0_1,91336,NON-CLONE,2026-07-06 13:50:42,"{
  ""answer"": ""NO-NOT-SIMILAR"",
  ""explanation"": ""The two code snippets are not functionally similar. They have different inputs, outputs, and problem domains. The C++ code appears to be solving a string processing problem, while the Python code is solving a game state analysis problem. The C++ code is designed to remove consecutive duplicate characters from a string and then calculate some value based on the resulting string, while the Python code is checking the status of a game board and determining the winner or if the game is a draw. The algorithms and logic used in the two codes are also different,",243
2014_2_1,119165,2013_1_1,30835,NON-CLONE,2026-07-06 13:50:45,"{
  ""answer"": ""NO-NOT-SIMILAR"",
  ""explanation"": ""The two code snippets are not functionally similar. The first code snippet appears to be solving a problem where it takes a list of words as input and determines the minimum number of characters that need to be changed to make all words have the same frequency of each character. The second code snippet is solving a problem where it takes two integers r and t as input and calculates the value of k. The mathematical formulas and approaches used in the two code snippets are different, indicating that they are solving different problems.""
}",244
2014_2_1,118489,2016_0_1,100898,NON-CLONE,2026-07-06 13:50:47,"{
  ""answer"": ""YES-SIMILAR"",
  ""explanation"": ""Both code snippets are solving the same problem. They are reading input from a file, processing it, and outputting the result. The main difference is in the language and implementation details, but the logic is the same. The C++ code is using a more complex approach with vectors and templates, while the Java code is using a simpler approach with arrays and basic operations. However, the overall functionality is the same.""
}",245
2014_2_1,128920,2015_0_4,68310,NON-CLONE,2026-07-06 13:50:50,"{
  ""answer"": ""YES-SIMILAR"",
  ""explanation"": ""Both code snippets are functionally similar. They appear to be solving the same problem, which is to determine whether a given input is 'Fegla Won' or not. The main difference between the two code snippets is in the syntax and structure. The Python code snippet uses a while loop and a for loop to iterate over the input, while the PHP code snippet uses a foreach loop to iterate over the input. Additionally, the Python code snippet uses a more complex algorithm to calculate the minimum distance between the current position and the next position, while the",246
2014_2_1,118416,2015_0_2,102321,NON-CLONE,2026-07-06 13:50:53,"{
  ""answer"": ""YES-SIMILAR"",
  ""explanation"": ""Both code snippets are solving the same problem, which is to find the minimum cost of a sequence of numbers. The cost is calculated by finding the median of the sequence and then summing the absolute differences between each number and the median. The Python code uses a more complex approach by first splitting the sequence into sub-sequences of consecutive numbers and then finding the median of each sub-sequence. The PHP code uses a simpler approach by directly iterating over the sequence and calculating the cost for each possible median. Both codes achieve the same result, but the Python",247
2014_2_1,121201,2013_0_2,91409,NON-CLONE,2026-07-06 13:50:55,"{
  ""answer"": ""YES-SIMILAR"",
  ""explanation"": ""Both code snippets are solving the same problem. They are taking input from a file, processing it, and outputting the result. The main difference is in the syntax and structure, but the logic and steps taken to solve the problem are the same. The first code snippet is transforming strings by grouping consecutive equal characters and calculating the distance between the number of repetitions of each character in each string. The second code snippet is checking if it's possible to make all strings in a 2D grid have the same number of repetitions of each character in each row",248
2014_2_1,118754,2015_0_2,81081,NON-CLONE,2026-07-06 13:50:58,"{
  ""answer"": ""YES-SIMILAR"",
  ""explanation"": ""Both code snippets solve the same problem, which is a Google Code Jam problem. The problem involves reading input from a file, processing it, and writing the output to another file. The processing involves calculating the minimum number of moves required to make a certain sequence of strings equal. The PHP code uses a more complex approach, while the Python code uses a simpler approach with the help of the numpy library. However, the overall logic and structure of the code are similar. The PHP code uses a class to encapsulate the logic, while the Python code uses",249
2014_2_1,116147,2013_0_3,74156,NON-CLONE,2026-07-06 13:51:01,"{
  ""answer"": ""YES-SIMILAR"",
  ""explanation"": ""Both code snippets are solving the same problem, which is to count the number of 'fair squares' within a given range. A 'fair square' is a square of an integer that is a palindrome. The PHP code reads input from 'inA.txt' and writes output to 'outA.txt', while the Java code reads input from 'test.txt' and writes output to 'out.txt'. Although the syntax and structure are different, the logic of the two codes is the same. The PHP code uses a dynamic programming approach to find the longest",250
2014_2_1,114208,2013_0_3,102625,NON-CLONE,2026-07-06 13:51:03,"{
  ""answer"": ""YES-SIMILAR"",
  ""explanation"": ""Both code snippets appear to be solving the same problem, which involves counting the number of palindromic numbers within a given range. The PHP code reads input from STDIN, processes it, and calculates the result, while the C++ code uses a precomputed list of palindromic numbers to achieve the same result. Although the approaches differ, the overall functionality is similar.""
}",251
2014_3_1,135560,2016_1_2,21265,NON-CLONE,2026-07-06 13:51:06,"{
  ""answer"": ""YES-SIMILAR"",
  ""explanation"": ""Both code snippets appear to be solving the same problem, which involves reading input, parsing it, and outputting the result. The Java code reads from a file named 'A-large.in', while the PHP code reads from a file passed as a command-line argument. However, the logic of the two code snippets is the same: they both split the input into cases, process each case, and output the result. The Java code uses a StringBuilder to build the output, while the PHP code uses the echo statement to print the output directly. The PHP",252
2014_3_1,138333,2013_0_2,68303,NON-CLONE,2026-07-06 13:51:08,"{
  ""answer"": ""DONT-KNOW"",
  ""explanation"": ""The two code snippets appear to be solving different problems. The first code snippet seems to be calculating the number of times you can divide the numerator of a fraction by 2 until it is equal to the denominator, then checking if the remaining numerator can be divided by the denominator. The second code snippet appears to be checking if it's possible to find a path in a grid where all numbers are equal to either the maximum of the current row or the maximum of the current column. The problems are different and the code snippets are solving different tasks, so I cannot",253
2014_3_1,140281,2013_1_1,30519,NON-CLONE,2026-07-06 13:51:11,"{
  ""answer"": ""YES-SIMILAR"",
  ""explanation"": ""Both code snippets solve the same problem, which is to find the minimum number of operations (doubling the value of 'p' and subtracting 'q' until 'p' is 0) to reach zero with a given initial value 'p' and a limit 'q'. The Java code uses a while loop to achieve this, while the Python code uses a binary search approach. The Python code also calculates the number of circles that can be drawn with a given radius 'r' and a total length 't', but this is not directly",254
2014_3_1,138308,2013_1_1,30519,NON-CLONE,2026-07-06 13:51:13,"{
  ""answer"": ""YES-SIMILAR"",
  ""explanation"": ""Both code snippets appear to be solving the same problem, which involves finding the number of circles that can be drawn with a given radius and a total number of 'units' (represented by P and Q in the C++ code and r and t in the Python code). The C++ code uses a binary search approach to find the maximum number of circles that can be drawn, while the Python code uses a different approach to find the same result. The main difference lies in the implementation details, but the overall goal of both code snippets is the same.""
",255
2014_3_1,134611,2016_1_2,14745,NON-CLONE,2026-07-06 13:51:16,"{
  ""answer"": ""DONT-KNOW"",
  ""explanation"": ""The two code snippets appear to be solving different problems. Code Snippet 1 seems to be solving a problem involving the greatest common divisor (GCD) and powers of numbers, while Code Snippet 2 appears to be solving a problem involving counting the number of odd elements in a 2D array. The code structure and logic are different, and it's not clear if they are functionally similar. Further analysis would be required to determine the similarity between the two code snippets.""
}",256
2014_3_1,132142,2014_2_1,118754,NON-CLONE,2026-07-06 13:51:18,"{
  ""answer"": ""YES-SIMILAR"",
  ""explanation"": ""Both code snippets are solving the same problem, which is a Google Code Jam 2014 Round 1B Question A. They both read input from a file, process it, and write the output to a file. The main difference is in the language (C++ and PHP) and the implementation details. The logic of the code is similar, and they achieve the same result.""
}",257
2014_3_1,139209,2015_0_3,49764,NON-CLONE,2026-07-06 13:51:20,"{
  ""answer"": ""YES-SIMILAR"",
  ""explanation"": ""Both code snippets appear to be solving a problem related to finding the minimum number of operations to transform a given string into a specific pattern. The first code snippet is written in Python and uses a recursive approach to find the minimum number of operations. The second code snippet is written in C++ and uses a iterative approach with a table to find the minimum number of operations. Although the approaches are different, the end goal of both code snippets is the same, making them functionally similar.""
}",258
2014_3_1,139370,2016_1_1,15819,NON-CLONE,2026-07-06 13:51:23,"{
  ""answer"": ""YES-SIMILAR"",
  ""explanation"": ""Both code snippets are solving a problem where they are given two numbers P and Q and they need to determine the number of steps required to make P a multiple of Q. The algorithm used in both code snippets is similar, they both divide the numbers by 2 until they are no longer divisible by 2, then they start increasing the larger number by a factor of 2 and decreasing the smaller number by 1 until the smaller number is 1. The main difference between the two code snippets is in the syntax and structure, but the logic is",259
2014_3_1,143074,2015_0_2,91000,NON-CLONE,2026-07-06 13:51:25,"{
  ""answer"": ""YES-SIMILAR"",
  ""explanation"": ""Both code snippets solve the same problem, which is to find the minimum number of flips needed to make a sequence of pancakes of different sizes. The problem is approached differently in both code snippets, but they achieve the same result. The first code snippet uses a brute-force approach to simulate the flipping process, while the second code snippet uses a more efficient approach to calculate the minimum number of flips. The key similarity lies in the fact that both code snippets sort the pancakes in descending order, then iterate over the sorted array to calculate the minimum number of flips.",260
2014_3_1,142092,2015_0_1,106809,NON-CLONE,2026-07-06 13:51:27,"{
  ""answer"": ""YES-SIMILAR"",
  ""explanation"": ""Both code snippets are solving the same problem, which is to calculate the number of steps needed for a person to be a 'full-blooded elf'. The main logic is the same: they both use a loop to iterate over the input string, keeping track of the current number of steps and the total number of steps needed. The only differences are in the syntax and structure, but the overall flow and logic are identical.""
}",261
2014_3_1,134295,2015_0_4,94256,NON-CLONE,2026-07-06 13:51:30,"{
  ""answer"": ""YES-SIMILAR"",
  ""explanation"": ""Both code snippets appear to be solving the same problem, which is to determine the minimum number of moves required for Gabriel to win in a game. The first code snippet calculates the greatest common divisor (GCD) of two numbers and then uses it to determine the minimum number of moves required. The second code snippet uses a different approach to calculate the maximum length of a line that can be drawn, but the overall logic is the same. The main difference is in the implementation and the specific steps taken to achieve the goal, but the end result is the",262
2014_3_1,132975,2016_0_4,135114,NON-CLONE,2026-07-06 13:51:32,"{
  ""answer"": ""NO-NOT-SIMILAR"",
  ""explanation"": ""The two code snippets are not functionally similar. They are solving different problems. The PHP code is solving a problem that involves reading input, processing it, and then writing the result to a file. The C++ code is solving a problem that involves reading input and then printing the result to the console. Although both codes use mathematical operations, the tasks they are performing are distinct.""
}",263
2015_0_1,47939,2016_0_1,71388,NON-CLONE,2026-07-06 13:51:34,"{
  ""answer"": ""YES-SIMILAR"",
  ""explanation"": ""Both code snippets are solving the same problem, which is to determine the number of claps required to wake up all people in a standing ovation. They both take a string of '0's and '1's as input, where '0' represents a person who is sleeping and '1' represents a person who is awake. They both calculate the number of '1's needed to wake up all the people by iterating over the input string and counting the number of '1's required to wake up each person. The main difference between the two",264
2015_0_1,43660,2016_1_1,33316,NON-CLONE,2026-07-06 13:51:36,"{
  ""answer"": ""YES-SIMILAR"",
  ""explanation"": ""Both code snippets are solving the same problem, which appears to be a sorting problem. The Java code is sorting a string of characters, while the Python code is sorting a list of numbers representing characters. The sorting algorithm used is a variant of the quicksort algorithm. The main difference between the two code snippets is the syntax and structure, but the logic and steps taken to accomplish the task are similar.""
}",265
2015_0_1,100718,2016_2_1,198100,NON-CLONE,2026-07-06 13:51:39,"{
  ""answer"": ""YES-SIMILAR"",
  ""explanation"": ""Both code snippets are solving the same problem, which is to count the minimum number of friends (or grad students) needed to form a number from a given string of digits. The Java code is solving this problem by iterating over the digits and keeping track of the minimum number of friends needed at each step. The PHP code is doing the same thing, but with a more complex approach by counting the occurrences of each digit in the string and then creating the number from the counted digits. Both codes achieve the same result, but the approach is different. Therefore",266
2015_0_1,44230,2016_1_1,18665,NON-CLONE,2026-07-06 13:51:41,"{
  ""answer"": ""YES-SIMILAR"",
  ""explanation"": ""Both code snippets solve the same problem. They take a string of digits as input and calculate the number of times a digit is greater than its previous digit. The result is then printed out. The main difference is in the programming languages used (C++ and PHP) and the syntax, but the logic and approach are the same.""
}",267
2015_0_1,64620,2013_1_1,37029,NON-CLONE,2026-07-06 13:51:44,"{
  ""answer"": ""NO-NOT-SIMILAR"",
  ""explanation"": ""The two code snippets are not functionally similar. The first code snippet appears to be a solution to a competitive programming problem where it reads input from the standard input, calculates the number of 'need' values based on the input 'N' and a given string'mx', and prints the result. The second code snippet also appears to be a solution to a competitive programming problem where it reads input from a file, calculates the number of 'nrings' based on the input 'r' and 't', and writes the result to an",268
2015_0_1,65110,2015_0_3,42051,NON-CLONE,2026-07-06 13:51:46,"{
  ""answer"": ""NO-NOT-SIMILAR"",
  ""explanation"": ""The two code snippets are not functionally similar. The C++ code snippet appears to be solving a problem where it reads a string and checks if it can be transformed into a specific quaternion value by multiplying it with the given string. The Java code snippet, on the other hand, is also solving a problem but with a different approach and a different problem statement. The problem statement in the Java code snippet seems to be related to quaternions and finding a specific value, but the logic and approach are different from the C++ code snippet.",269
2015_0_1,106809,2015_0_2,96440,NON-CLONE,2026-07-06 13:51:49,"{
  ""answer"": ""YES-SIMILAR"",
  ""explanation"": ""Both code snippets solve the same problem, which is to find the minimum number of operations (or 'need') to reach the maximum value in an array. They both use a similar approach: they iterate over the range from 1 to the maximum value, and for each number 'i', they calculate the number of times 'i' can be divided into each element in the array, and then update the minimum number of operations if necessary. The main difference is in the syntax and structure, but the logic is the same.""
}",270
2015_0_1,86599,2013_0_2,96711,NON-CLONE,2026-07-06 13:51:51,"{
  ""answer"": ""YES-SIMILAR"",
  ""explanation"": ""Both code snippets are solving the same problem. They are both reading input from a file, parsing it, and then processing it to determine if a certain condition is met. The condition in both cases is related to finding the maximum value in a grid or matrix and determining if a given value can be reached from the starting point. The PHP code snippet uses a more complex approach with multiple loops and conditional statements, but the overall logic is similar to the Python code snippet. The Python code snippet uses a more straightforward approach with a single loop and conditional statements.",271
2015_0_1,60803,2015_1_1,111866,NON-CLONE,2026-07-06 13:51:54,"{
  ""answer"": ""YES-SIMILAR"",
  ""explanation"": ""Both code snippets appear to be solving the same problem, which involves calculating the maximum sum of subarrays in a given array. They both use a similar approach to calculate the maximum sum and the sum of subarrays with a prefix sum. The main difference is in the syntax and structure, with the Python code using NumPy for array operations and the C++ code using manual loops. However, the logic and steps taken to solve the problem are identical.""
}",272
2015_0_1,25955,2013_0_1,72071,NON-CLONE,2026-07-06 13:51:56,"{
  ""answer"": ""YES-SIMILAR"",
  ""explanation"": ""Both code snippets are solving a game problem, where four players (X, O, T, and empty spaces) are placed in a 4x4 grid. The goal is to determine the winner or the status of the game. The PHP code is reading input from a file, while the C++ code is reading input from the standard input. However, the logic of the game is identical in both codes. They both check for a win in rows, columns, and diagonals, and also check for a draw if all spaces are filled.",273
2015_0_1,28465,2015_0_2,88257,NON-CLONE,2026-07-06 13:51:59,"{
  ""answer"": ""YES-SIMILAR"",
  ""explanation"": ""Both code snippets appear to be solving the same problem, which is to calculate the minimum number of invitations needed for a group of people. The first code snippet is written in PHP and uses a file input, while the second code snippet is written in C++ and uses standard input. The logic of both code snippets is the same, iterating over each case, calculating the minimum invitations needed, and printing the result. The main difference is in the input method and the implementation details, but the overall functionality is the same.""
}",274
2015_0_1,96593,2015_0_2,40957,NON-CLONE,2026-07-06 13:52:01,"{
  ""answer"": ""YES-SIMILAR"",
  ""explanation"": ""Both code snippets solve the same problem, which is to determine the minimum number of people needed to be added to make everyone stand in a line. The input is an array of integers, where each integer represents the number of people at a certain shy level. The goal is to find the minimum number of people needed to be added to make everyone stand in a line. Both code snippets use a similar approach, where they start with an array of people and iterate through the array, adding people to the end of the line until everyone is standing in a line",275
2015_0_2,91000,2013_0_1,98087,NON-CLONE,2026-07-06 13:52:04,"{
  ""answer"": ""DONT-KNOW"",
  ""explanation"": ""The two code snippets appear to be solving different problems. The Java code snippet is sorting an array of integers and calculating some values based on the sorted array, while the C++ code snippet appears to be checking the state of a Tic-Tac-Toe board and determining the winner or outcome of the game. The logic and structure of the two code snippets are significantly different, making it difficult to determine if they are functionally similar.""
}",276
2015_0_2,21812,2013_0_3,102625,NON-CLONE,2026-07-06 13:52:06,"{
  ""answer"": ""YES-SIMILAR"",
  ""explanation"": ""Both code snippets are solving the same problem, which is to find the minimum number of days required to eat a certain number of pancakes. The first code snippet uses a brute-force approach to try all possible days, while the second code snippet uses a precomputed array to achieve the same result. The logic behind the code is the same, and they both aim to find the minimum number of days required to eat the pancakes.""
}",277
2015_0_2,40957,2013_0_2,71957,NON-CLONE,2026-07-06 13:52:09,"{
  ""answer"": ""YES-SIMILAR"",
  ""explanation"": ""Both code snippets are solving the same problem, which involves finding the minimum number of steps to make all elements in a 2D array greater than or equal to the maximum of their row and column. They achieve this by iterating through the array, swapping elements and updating the maximum values for each row and column. The Java code uses a more complex approach with threads and synchronization, while the PHP code uses a simpler iterative approach. Despite the differences in syntax and structure, the two code snippets are functionally similar.""
}",278
2015_0_2,96440,2015_0_1,86599,NON-CLONE,2026-07-06 13:52:11,"{
  ""answer"": ""YES-SIMILAR"",
  ""explanation"": ""Both code snippets are solving the same problem, which is to find the minimum number of people that a person can be friends with in a given scenario. The C++ code snippet is reading input for the number of people and their friendship status, while the Python code snippet is reading input from a file. Both codes are iterating over the friendship status and updating the number of friends for each person. The C++ code snippet is using a more complex approach with division and modulo operations, while the Python code snippet is using a more straightforward approach with string manipulation.",279
2015_0_2,88257,2013_0_2,68303,NON-CLONE,2026-07-06 13:52:13,"{
  ""answer"": ""YES-SIMILAR"",
  ""explanation"": ""Both code snippets appear to be solving a problem where they need to find the maximum sum of a number and its divisors that can be formed using the input numbers. They both use a similar approach by iterating over all possible numbers and checking their divisors. The main difference is in the input handling and the specific implementation details, but the overall logic and approach are the same.""
}",280
2015_0_2,38840,2013_0_1,127485,NON-CLONE,2026-07-06 13:52:16,"{
  ""answer"": ""NO-NOT-SIMILAR"",
  ""explanation"": ""The two code snippets are not functionally similar. Code Snippet 1 appears to be solving a problem related to finding the minimum number of moves required to win a game, where the game board is a 2D array of integers. Code Snippet 2, on the other hand, appears to be solving a problem related to checking the winner of a tic-tac-toe game, where the game board is a 2D array of characters. The logic and structure of the two code snippets are significantly different, and they are",281
2015_0_2,36519,2015_1_1,111086,NON-CLONE,2026-07-06 13:52:18,"{
  ""answer"": ""YES-SIMILAR"",
  ""explanation"": ""Both code snippets solve the same problem, which is to find the minimum time required to eat pancakes. They use a similar approach, splitting the pancakes into piles of a certain size, and then calculating the minimum time required to eat each pile. The main difference is in the implementation details, such as the use of a priority queue in the Python code and the use of a vector in the C++ code. However, the overall logic and approach are the same.""
}",282
2015_0_2,81081,2013_0_3,108834,NON-CLONE,2026-07-06 13:52:21,"{
  ""answer"": ""YES-SIMILAR"",
  ""explanation"": ""Both code snippets are implementing a solution to the same problem, where they are given a list of integers (pancakes in the Python code and A in the Java code) and a maximum value (maxval in the Python code and max in the Java code), and they need to find the minimum number of splits required to eat all the pancakes. They both use a similar approach, where they iterate over the list of integers and calculate the number of splits required for each integer, and then they use a greedy approach to find the minimum number of splits required",283
2015_0_2,100159,2016_2_1,179503,NON-CLONE,2026-07-06 13:52:23,"{
  ""answer"": ""YES-SIMILAR"",
  ""explanation"": ""Both code snippets are solving the same problem, which is to count the number of times each digit appears in a given string of digits, and then print the digits in order, with the number of times each digit appears. The first code snippet is solving this problem in a more complex way, involving plates and moves, while the second code snippet is solving it directly. Despite the different approaches, both code snippets achieve the same result.""
}",284
2015_0_2,103402,2015_0_1,106809,NON-CLONE,2026-07-06 13:52:26,"{
  ""answer"": ""YES-SIMILAR"",
  ""explanation"": ""Both code snippets appear to be solving the same problem, which is to find the minimum number of minutes needed to reach the maximum value in a given list of numbers. The first code snippet reads the input from a file, while the second one reads from standard input. The logic of the two code snippets is the same: they iterate over the list of numbers, keeping track of the maximum value and the minimum number of minutes needed to reach it. The main difference is in the syntax and structure, but the steps taken to accomplish the task are identical.""
",285
2015_0_2,102321,2015_0_3,72742,NON-CLONE,2026-07-06 13:52:28,"{
  ""answer"": ""YES-SIMILAR"",
  ""explanation"": ""Both code snippets are solving the same problem, which is to determine whether a given string can be repeated a certain number of times to form a specific pattern. They both read input from a file, process the input, and output the result. The PHP code snippet is solving this problem using a quaternion approach, while the Python code snippet is solving it using a more traditional approach. However, the overall structure and functionality of the two code snippets are similar.""
}",286
2015_0_2,55775,2016_1_2,14745,NON-CLONE,2026-07-06 13:52:31,"{
  ""answer"": ""YES-SIMILAR"",
  ""explanation"": ""Both code snippets appear to be solving the same problem, which is to find the minimum number of flips required to make all pancakes in a stack have the same size. The PHP code snippet uses a different approach, but the Python code snippet is essentially doing the same thing. The main function in the PHP code is `solve_case`, which iterates over possible stack sizes and uses the `reduce_stacks` function to calculate the number of flips required for each size. The Python code snippet uses a dictionary to count the frequency of each size in the stack",287
2015_0_3,42051,2015_0_1,44230,NON-CLONE,2026-07-06 13:52:33,"{
  ""answer"": ""YES-SIMILAR"",
  ""explanation"": ""Both code snippets are solving the same problem, which is to find the number of invitations that can be sent based on a given string. The Java code snippet uses a quaternion multiplication table to perform the operations, while the C++ code snippet uses a simpler approach to calculate the number of invitations. The overall logic and steps taken in both code snippets are similar, indicating that they are functionally similar.""
}",288
2015_0_3,47513,2013_1_1,34507,NON-CLONE,2026-07-06 13:52:36,"{
  ""answer"": ""NO-NOT-SIMILAR"",
  ""explanation"": ""The two code snippets are written in different programming languages (Java and PHP) and have different structures and syntax. The problem they are trying to solve is also different, with the Java code solving a string manipulation problem and the PHP code solving a mathematical problem. The Java code is using a complex system of character operations and string manipulation to solve the problem, while the PHP code is using a binary search algorithm to find the solution. The overall logic and approach of the two code snippets are distinct, making them functionally not similar.""
}",289
2015_0_3,96608,2016_1_2,14745,NON-CLONE,2026-07-06 13:52:39,"{
  ""answer"": ""YES-SIMILAR"",
  ""explanation"": ""Both code snippets appear to be solving the same problem, which involves checking if a given string can be multiplied to a specific length (x) by a certain number of times (n). The Java code snippet uses a HashMap to store the multiplication rules and a PrintWriter to output the results, while the Python code snippet uses a dictionary to store the frequency of each character in the input strings and prints the result directly. The logic of the two code snippets is similar, with the main difference being the implementation details and the language used.""
}",290
2015_0_3,41900,2015_0_1,96593,NON-CLONE,2026-07-06 13:52:41,"{
  ""answer"": ""YES-SIMILAR"",
  ""explanation"": ""Both code snippets appear to be solving the same problem, which is to determine if it is possible for a group of people to form a circle by clapping. The problem involves finding a pair of people who can start the clapping sequence, and then determining if the remaining people can be arranged in a way that the clapping sequence can continue indefinitely. The C++ code snippet uses a more complex approach involving bit manipulation and graph theory, while the PHP code snippet uses a simpler approach based on the number of people at each shy level. Despite the different",291
2015_0_3,49764,2016_1_2,14745,NON-CLONE,2026-07-06 13:52:44,"{
  ""answer"": ""YES-SIMILAR"",
  ""explanation"": ""Both code snippets are solving a similar problem, which is to find a certain pattern in a given input string. The C++ code is using a more complex approach involving a table and power function, while the Python code is using a dictionary to count the occurrences of each element in the input string. However, the overall goal is the same: to identify the elements that appear an odd number of times. The C++ code checks for the presence of the pattern 'IJK' or 'KJI' in the input string, while the Python code checks",292
2015_0_3,23036,2016_0_4,142083,NON-CLONE,2026-07-06 13:52:47,"{
  ""answer"": ""YES-SIMILAR"",
  ""explanation"": ""Both code snippets are solving a similar problem, where they are generating a sequence of numbers based on the given parameters k, c, and s. They use a similar approach to calculate the sequence, using a combination of multiplication and modular arithmetic. The C++ code uses a lookup table _mul and the Python code uses a custom function _operate to generate the sequence. The main logic of the code is similar, with the C++ code using a while loop and the Python code using a for loop. The output of both codes is also similar, with",293
2015_0_3,103585,2014_3_1,138308,NON-CLONE,2026-07-06 13:52:49,"{
  ""answer"": ""YES-SIMILAR"",
  ""explanation"": ""Both code snippets appear to be solving the same problem, which involves calculating the minimum number of steps required to change a given number from a certain base (2 in the C++ code, represented by 'i' and 'k' in the Python code) to a power of 2. The Python code uses a multiplication table and the C++ code uses the greatest common divisor (GCD) to simplify the problem. The overall logic and flow of the code are similar, with the main difference being the implementation details. The Python code uses a more",294
2015_0_3,103774,2013_0_3,89287,NON-CLONE,2026-07-06 13:52:52,"{
  ""answer"": ""YES-SIMILAR"",
  ""explanation"": ""Both code snippets appear to be solving the same problem, which involves checking if a given number is a palindrome and incrementing it until a palindrome is found. The Python code snippet checks for palindromes in a specific sequence generated by a function `q()`, while the PHP code snippet checks for palindromes in a sequence generated by the `nextp()` function. The main logic of both code snippets is the same, but the implementation and approach differ. They both count the number of palindromes found in the sequence and print",295
2015_0_3,72742,2013_0_3,89287,NON-CLONE,2026-07-06 13:52:55,"{
  ""answer"": ""YES-SIMILAR"",
  ""explanation"": ""Both code snippets appear to be solving the same problem, which involves determining whether a given string can be repeated a certain number of times to form a string that meets certain conditions. The main differences are in the implementation details and the specific algorithms used to solve the problem. The Python code uses a quaternion-based approach, while the PHP code uses a different approach based on string manipulation. However, the overall goal and functionality of the two code snippets are similar.""
}",296
2015_0_3,19800,2016_1_1,22113,NON-CLONE,2026-07-06 13:52:57,"{
  ""answer"": ""YES-SIMILAR"",
  ""explanation"": ""Both code snippets are solving a similar problem, where they take a string and a number as input and perform a specific operation. The PHP code snippet is implementing a multiplication operation on the string, while the Java code snippet is implementing a sorting operation on the string. However, upon closer inspection, it can be seen that the multiplication operation in the PHP code snippet is essentially sorting the characters in the string in a specific order. The Java code snippet is doing the same thing, but with a different approach. Both code snippets are trying to find the last word",297
2015_0_3,102323,2016_0_1,76319,NON-CLONE,2026-07-06 13:53:00,"{
  ""answer"": ""YES-SIMILAR"",
  ""explanation"": ""Both code snippets are solving the same problem. They are reading input from a file, processing it, and writing the output to a file. The main difference is in the implementation details, such as the programming language used and the specific steps taken to solve the problem. However, the overall functionality is the same. The PHP code is using a custom class called Num to process the input string, while the Java code is using a more traditional approach with arrays and loops. Despite these differences, the end result is the same.""
}",298
2015_0_3,18309,2016_1_1,15819,NON-CLONE,2026-07-06 13:53:03,"{
  ""answer"": ""YES-SIMILAR"",
  ""explanation"": ""Both code snippets are implementing a solution to the same problem, where they take a string input and perform operations on it to determine whether it's possible to achieve a certain result. The PHP code snippet uses a custom IO class and a function 't' to convert the input characters to integers, and a function'mult' to perform multiplication on these integers. The Java code snippet uses a similar approach, where it reads the input string and uses a StringBuilder to build a new string by inserting characters based on certain conditions. Both code snippets also use a similar",299
2015_0_4,86262,2016_0_4,80717,NON-CLONE,2026-07-06 13:53:05,"{
  ""answer"": ""YES-SIMILAR"",
  ""explanation"": ""Both code snippets are functionally similar. They both solve the same problem, which is to determine the answer to a series of cases based on the input values of X, R, and C. The Java code snippet uses a method called getAnswer() to calculate the answer, while the PHP code snippet uses a for loop to calculate the answer. Both codes use the same logic to determine the answer, including checking for impossible cases and calculating the checks array. They also both write the answers to a file in the same format. The only difference is in",300
2015_0_4,30398,2016_1_2,26565,NON-CLONE,2026-07-06 13:53:08,"{
  ""answer"": ""YES-SIMILAR"",
  ""explanation"": ""Both code snippets are solving the same problem, which is to determine the winner in a game based on certain conditions. The conditions are the same, and the logic to check these conditions is also identical. The main difference is in the language used (Java vs C++), the input/output methods (BufferedReader/BufferedWriter vs cin/cout), and the data structures used (Java arrays vs C++ vectors and maps). However, the overall functionality is the same, making them functionally similar.""
}",301
2015_0_4,29877,2013_0_2,122219,NON-CLONE,2026-07-06 13:53:10,"{
  ""answer"": ""YES-SIMILAR"",
  ""explanation"": ""Both code snippets are solving the same problem, which is to determine whether Richard can win a game based on the size of the board and the number of rows and columns. The main logic of the code is the same, although the implementation and syntax differ. The Java code uses a recursive function to determine the winning condition, while the Python code uses a more iterative approach. However, the conditions for winning are the same in both codes, and they both output the result in the same format.""
}",302
2015_0_4,63026,2013_0_3,92037,NON-CLONE,2026-07-06 13:53:13,"{
  ""answer"": ""YES-SIMILAR"",
  ""explanation"": ""Both code snippets read input from a file, process it, and write the output to another file. They both have a loop that runs for a specified number of iterations, and in each iteration, they read a line from the input file, perform some calculations, and write the result to the output file. The calculations involve finding the number of squares from a predefined list that fall within a certain range. If the number of squares is greater than half the total number of squares, they write 'GABRIEL' to the output file; otherwise,",303
2015_0_4,86932,2013_0_2,71957,NON-CLONE,2026-07-06 13:53:15,"{
  ""answer"": ""YES-SIMILAR"",
  ""explanation"": ""Both code snippets appear to be solving the same problem, which involves evaluating the validity of a grid of dimensions R x C based on certain conditions. The conditions are as follows: (1) if X is greater than or equal to 7, (2) if R*C is divisible by X, (3) if X is greater than both R and C, (4) if X is greater than the maximum of R and C, (5) if the minimum of two values (X/2 + X%2 and 1 + X",304
2015_0_4,60776,2016_0_4,158305,NON-CLONE,2026-07-06 13:53:18,"{
  ""answer"": ""YES-SIMILAR"",
  ""explanation"": ""Both code snippets appear to be solving the same problem, which is to determine whether a given number of rows and columns can be divided into a certain number of equal parts. The C++ code snippet uses a simple if-else chain to determine the result, while the Python code snippet uses a more complex approach with recursive function calls. However, the overall logic and goal of both code snippets are the same. The C++ code snippet checks for specific conditions to return 'GABRIEL', while the Python code snippet checks for the same conditions to return",305
2015_0_4,57828,2015_1_1,111866,NON-CLONE,2026-07-06 13:53:20,"{
  ""answer"": ""YES-SIMILAR"",
  ""explanation"": ""Both code snippets appear to be solving the same problem, where they take input from the user, process it, and output the result. The main logic of the code is to determine whether the result is 'GABRIEL' or 'RICHARD' based on certain conditions. The conditions are slightly different, but the overall structure and purpose of the code are the same. The Python code uses a function `solve()` to encapsulate the logic, while the C++ code does not use a separate function, but the logic is still contained within",306
2015_0_4,94256,2013_1_1,42047,NON-CLONE,2026-07-06 13:53:23,"{
  ""answer"": ""YES-SIMILAR"",
  ""explanation"": ""Both code snippets appear to be solving the same problem, which is to determine whether a given number 'x' can be divided into a rectangle with dimensions 'r' and 'c' such that the sum of the numbers in each row is 'x'. The Java code uses a binary search approach to find the smallest number that can be divided into the rectangle, while the Python code uses a different approach to find the maximum possible number that can be divided into the rectangle. However, both codes share the same logic and goal, and the Java code's",307
2015_0_4,74018,2015_0_2,91000,NON-CLONE,2026-07-06 13:53:25,"{
  ""answer"": ""DONT-KNOW"",
  ""explanation"": ""The two code snippets appear to be solving different problems. The first snippet appears to be determining whether a given number X is 'RICHARD' or 'GABRIEL' based on certain conditions, while the second snippet appears to be finding the minimum number of pancakes that can be eaten by a group of people. The logic and structure of the code are quite different, making it difficult to determine if they are functionally similar.""
}",308
2015_0_4,68310,2014_3_1,134611,NON-CLONE,2026-07-06 13:53:27,"{
  ""answer"": ""YES-SIMILAR"",
  ""explanation"": ""Both code snippets are solving the same problem, which is to determine whether a given input (represented as a rectangle with dimensions p and q) can be divided into equal-sized squares (ominoes) or not. The problem is divided into two cases: when the omino can be divided and when it cannot. The code snippets use different approaches to solve this problem, but the logic and conditions for each case are the same. The PHP code uses a simpler approach to calculate the omino size and checks for the conditions, while the C++ code",309
2015_0_4,19708,2014_3_1,138308,NON-CLONE,2026-07-06 13:53:30,"{
  ""answer"": ""YES-SIMILAR"",
  ""explanation"": ""Both code snippets appear to be solving the same problem, which is a classic problem in competitive programming. The problem involves determining whether Richard or Gabriel will win in a game, given certain conditions. The conditions for Richard to win are the same in both code snippets. The PHP code snippet uses a more complex approach, but the logic is equivalent to the C++ code snippet. The main difference is in the way the input is read and processed, but the core logic is the same.""
}",310
2015_0_4,78114,2016_1_1,3308,NON-CLONE,2026-07-06 13:53:33,"{
  ""answer"": ""YES-SIMILAR"",
  ""explanation"": ""Both code snippets are solving a problem where they read input from a file, process it, and print the result. The PHP code is solving a specific problem where it determines the winner of a game based on certain conditions, while the Python code is solving a lexicographic sorting problem. However, the structure and logic of both code snippets are similar. They both read input from a file, process it in a loop, and print the result. The conditions and logic inside the loop are different, but the overall structure and approach are similar.""
}",311
2015_1_1,112276,2013_1_1,31779,NON-CLONE,2026-07-06 13:53:35,"{
  ""answer"": ""YES-SIMILAR"",
  ""explanation"": ""Both code snippets appear to be solving the same problem, which involves reading input data, calculating a value based on that data, and printing the result. The Java code snippet has two separate methods (solve1 and solve2) that calculate the value, while the PHP code snippet uses a single function (calc) to calculate the value. However, the logic and approach used in both code snippets are similar. The Java code snippet reads input data from a file, while the PHP code snippet reads input data from a file as well. Both code snippets use",312
2015_1_1,118030,2016_1_1,15421,NON-CLONE,2026-07-06 13:53:38,"{
  ""answer"": ""DONT-KNOW"",
  ""explanation"": ""The two code snippets appear to be solving different problems. The Java code snippet is calculating the total number of mushrooms eaten in two different scenarios, where the first scenario is the maximum number of mushrooms eaten at any time and the second scenario is eating mushrooms at a constant rate. The C++ code snippet, on the other hand, seems to be finding the longest substring with unique characters in a given string. It's unclear if there's a deeper connection between the two problems, but at a surface level, they appear to be unrelated. Further analysis would be required",313
2015_1_1,112898,2014_3_1,134611,NON-CLONE,2026-07-06 13:53:40,"{
  ""answer"": ""DONT-KNOW"",
  ""explanation"": ""The two code snippets are written in different programming languages (Java and C++) and appear to solve different problems. The Java code snippet appears to calculate the minimum and maximum 'eat' values for a given array, while the C++ code snippet appears to solve a problem related to finding the number of generations to reach a certain state. The code structure and logic are quite different, making it difficult to determine if they are functionally similar. However, without a clear understanding of the problem being solved, it's hard to make a definitive conclusion.""
}",314
2015_1_1,111086,2015_0_2,55775,NON-CLONE,2026-07-06 13:53:43,"{
  ""answer"": ""YES-SIMILAR"",
  ""explanation"": ""Both code snippets solve the same problem, which is to find the minimum cost to flip pancakes to get the maximum number of pancakes in a row. The C++ code snippet reads input from a file, while the PHP code snippet reads input from the standard input. However, the logic of the two code snippets is identical. The C++ code snippet uses templates to read and print vectors, while the PHP code snippet uses built-in functions to read and process arrays. The main difference is in the implementation details, but the overall logic and the problem they are",315
2015_1_1,122263,2016_1_2,26561,NON-CLONE,2026-07-06 13:53:45,"{
  ""answer"": ""YES-SIMILAR"",
  ""explanation"": ""Both code snippets are solving the same problem, which is to find the missing numbers in a sequence of numbers where each number appears an odd number of times. The C++ code uses a vector to store the counts of each number, while the Java code uses a HashMap. Both codes read input, solve the problem, and print the missing numbers in ascending order. The main difference is in the implementation details, but the overall logic and functionality are the same.""
}",316
2015_1_1,111866,2015_0_2,91000,NON-CLONE,2026-07-06 13:53:48,"{
  ""answer"": ""YES-SIMILAR"",
  ""explanation"": ""Both code snippets are solving the same problem. They are both sorting an array of integers, and then calculating the sum of differences between consecutive elements in the array. They also have a special case where they calculate the sum of the minimum number of pancakes that can be eaten for each possible number of pancakes that can be eaten. The Java code uses a more complex approach to calculate this, but the end result is the same. The output is the minimum sum for each case, which is the same in both code snippets.""
}",317
2015_1_1,117734,2013_0_3,59317,NON-CLONE,2026-07-06 13:53:50,"{
  ""answer"": ""YES-SIMILAR"",
  ""explanation"": ""Both code snippets are solving the same problem, which is a classic problem in competitive programming. The problem is to count the number of squares that can be formed using numbers from 1 to MAX (or N in the Python code). The squares are defined as numbers that can be represented as the sum of two squares in at least one way. The code snippets use different approaches to solve this problem, but they both achieve the same result. The Python code uses a two-pointer approach to count the number of squares, while the Java code uses a more complex",318
2015_1_1,124602,2016_1_1,20829,NON-CLONE,2026-07-06 13:53:52,"{
  ""answer"": ""YES-SIMILAR"",
  ""explanation"": ""Both code snippets solve the same problem, which is to find the maximum sum of differences between adjacent elements in a list, and the minimum sum of maximum differences between adjacent elements in the list. The Python code snippet uses a more concise approach, while the C++ code snippet uses a more explicit loop-based approach. However, the logic and output of both code snippets are identical.""
}",319
2015_1_1,111647,2013_0_3,92037,NON-CLONE,2026-07-06 13:53:55,"{
  ""answer"": ""DONT-KNOW"",
  ""explanation"": ""The two code snippets are written in different programming languages (Python and PHP) and have different structures and syntax. While they appear to be solving different problems, it's not immediately clear if they achieve the same result or perform the same task. However, a closer examination of the code suggests that they may be related to reading data from a file and performing some operations on it. But without more context or a deeper understanding of the specific problem they're trying to solve, it's difficult to determine if they are functionally similar or not.""
}",320
2015_1_1,122934,2013_0_2,83774,NON-CLONE,2026-07-06 13:53:57,"{
  ""answer"": ""DONT-KNOW"",
  ""explanation"": ""The two code snippets appear to be solving different problems. Code Snippet 1 seems to be calculating the minimum and maximum number of people who have to move to the right or left to be together in a row, given a 2D array of people's heights. Code Snippet 2 appears to be checking if it's possible to make all people in a grid have the same height by swapping rows or columns. The logic and data structures used in the two code snippets are different, making it difficult to determine if they are functionally similar.""
}",321
2015_1_1,111264,2013_0_1,99825,NON-CLONE,2026-07-06 13:54:00,"{
  ""answer"": ""YES-SIMILAR"",
  ""explanation"": ""The two code snippets are functionally similar. They appear to be solving the same problem, which is a game of Tic-Tac-Toe. The PHP code snippet calculates the minimum number of moves required for each player to win, while the C++ code snippet checks for the winner of the game. However, if we look beyond the specific tasks, we can see that both code snippets are reading input from a file, processing it, and outputting the result to another file. They also both use a similar structure of reading the input, processing it",322
2015_1_1,121770,2013_0_3,53348,NON-CLONE,2026-07-06 13:54:03,"{
  ""answer"": ""YES-SIMILAR"",
  ""explanation"": ""Both code snippets are implementing a solution to the same problem. They both read input from the standard input, process it, and print the result. The main difference is in the programming language and the specific implementation details. The PHP code is solving a problem where it calculates the number of palindromic numbers within a given range, while the C++ code is solving a problem where it counts the number of palindromic numbers within a given range. However, upon closer inspection, the PHP code is actually solving a problem where it counts the number",323
2016_0_1,76319,2015_0_1,25955,NON-CLONE,2026-07-06 13:54:05,"{
  ""answer"": ""YES-SIMILAR"",
  ""explanation"": ""Both code snippets are solving the same problem, which appears to be a 'Sheep and Wolves' problem. They read input from a file, process the input, and write the output to another file. The main difference is in the language (Java vs PHP) and the syntax, but the logic and steps are similar. The Java code is using a BufferedReader and BufferedWriter to read and write files, while the PHP code is using file_get_contents and fopen to achieve the same result. The PHP code also uses explode and str_split functions to split strings",324
2016_0_1,117099,2014_2_1,118754,NON-CLONE,2026-07-06 13:54:08,"{
  ""answer"": ""YES-SIMILAR"",
  ""explanation"": ""Both code snippets are solving the same problem, which is to calculate the minimum number of moves required to make two strings identical. They both read input from a file, process the input, and output the results to a file. The main difference is in the implementation details, such as the programming language, file handling, and data structures used. However, the overall logic and approach are the same.""
}",325
2016_0_1,100898,2016_0_4,142083,NON-CLONE,2026-07-06 13:54:10,"{
  ""answer"": ""YES-SIMILAR"",
  ""explanation"": ""Both code snippets appear to be solving the same problem, which involves calculating the sum of a number 'k' repeated 'c' times until a certain condition is met. The condition is that the sum should not exceed's' (or 1,000,000 in the Java code) and the sum should be a multiple of 9 (implied by the use of the modulo operation and the boolean array in the Java code). The Python code also checks for the 'IMPOSSIBLE' case where the sum exceeds's'. The",326
2016_0_1,65647,2016_1_2,21265,NON-CLONE,2026-07-06 13:54:13,"{
  ""answer"": ""YES-SIMILAR"",
  ""explanation"": ""Both code snippets appear to be solving the same problem, which is to find the sum of all numbers from 1 to a given number 'i' (or 'row' in the PHP code) that are'missing' a digit in their decimal representation. In other words, they are checking for numbers that are not multiples of 2, 5, or 10 (i.e., numbers that are not divisible by 2 or 5). If all digits from 0 to 9 are present in the sum, the code prints '",327
2016_0_1,134225,2016_1_2,22155,NON-CLONE,2026-07-06 13:54:15,"{
  ""answer"": ""YES-SIMILAR"",
  ""explanation"": ""Both code snippets appear to be solving the same problem, which involves reading input, processing it, and producing output. The main differences are in the programming languages and syntax used. The C++ code uses a while loop to iterate and check for a condition, while the PHP code uses a for loop. However, the logic and steps taken to solve the problem are identical. The C++ code calculates a mask and checks for a condition, while the PHP code processes an array and checks for odd values. Both codes also handle the input and output in a",328
2016_0_1,143909,2015_0_1,47939,NON-CLONE,2026-07-06 13:54:17,"{
  ""answer"": ""YES-SIMILAR"",
  ""explanation"": ""Both code snippets are solving the same problem. They are simulating a scenario where people are clapping and trying to find the maximum number of people who are clapping. The C++ code is using bit manipulation to keep track of the people who are clapping, while the Java code is using an ArrayList to store the people who are clapping. The main logic of both codes is the same: they are iterating over the people who are clapping and incrementing a counter until they reach the current person who is clapping. The C++ code",329
2016_0_1,94639,2016_0_4,135114,NON-CLONE,2026-07-06 13:54:20,"{
  ""answer"": ""YES-SIMILAR"",
  ""explanation"": ""Both code snippets are solving the same problem, which is to find the smallest number that contains all digits from 0 to 9. The first code snippet does this by incrementally multiplying the input number by 1 and checking if the resulting number contains all digits from 0 to 9. The second code snippet does the same thing, but in a more efficient way by using a mathematical approach to calculate the number. Both code snippets also handle the case where the input number is 0, in which case they return 'INSOMNIA'",330
2016_0_1,88781,2013_0_2,71957,NON-CLONE,2026-07-06 13:54:22,"{
  ""answer"": ""NO-NOT-SIMILAR"",
  ""explanation"": ""The two code snippets are not functionally similar. The first code snippet is designed to solve the 'INSOMNIA' problem, where it finds the smallest number that can be represented by the digits of the input number. The second code snippet appears to be designed to solve a matrix problem, where it checks if a matrix can be divided into rectangles. The logic and functionality of the two code snippets are different, and they do not achieve the same result.""
}",331
2016_0_1,71388,2014_2_1,118754,NON-CLONE,2026-07-06 13:54:25,"{
  ""answer"": ""YES-SIMILAR"",
  ""explanation"": ""Both code snippets appear to be solving the same problem, which is a Code Jam 2014 - Round 1B - Question A problem. They both read input from a file, process the input to find the minimum number of moves required to win the game, and write the output to a file. The logic used to calculate the minimum number of moves is also similar. The main differences are in the syntax and structure of the code, which are due to the differences in the programming languages used (Python and PHP).""
}",332
2016_0_1,48618,2015_1_1,124602,NON-CLONE,2026-07-06 13:54:27,"{
  ""answer"": ""YES-SIMILAR"",
  ""explanation"": ""Both code snippets are solving the same problem, which is to find the first number that contains all digits 0-9 when multiplied by a number N. They both read input cases, iterate over each case, and check if the product of N and a counter contains all digits 0-9. If it does, they print the product, otherwise, they print 'INSOMNIA'. The steps taken to accomplish this task are different, but the end result is the same.""
}",333
2016_0_1,39027,2013_0_1,103399,NON-CLONE,2026-07-06 13:54:30,"{
  ""answer"": ""YES-SIMILAR"",
  ""explanation"": ""Both code snippets appear to be solving the same problem, which is to determine the winner of a tic-tac-toe game given a series of board configurations. The PHP code reads a file containing the board configurations, processes each configuration, and outputs the winner of each game. The Java code does the same thing, but it reads the configurations from a file and processes them in a loop. The PHP code uses a recursive function to process each board configuration, while the Java code uses a loop and a separate function to process each configuration. Despite the differences",334
2016_0_1,113708,2016_0_4,136626,NON-CLONE,2026-07-06 13:54:32,"{
  ""answer"": ""YES-SIMILAR"",
  ""explanation"": ""Both code snippets are solving the same problem, which is to find the smallest positive integer that is not a multiple of any of the given numbers. The PHP code uses a different approach, generating a list of missing numbers and finding the first missing number. The Java code uses a different approach, using a binary representation of the numbers to find the smallest number that is not a multiple of any of the given numbers. Despite the different approaches, both codes achieve the same result and perform the same task.""
}",335
2016_0_4,136626,2015_0_2,81081,NON-CLONE,2026-07-06 13:54:35,"{
  ""answer"": ""YES-SIMILAR"",
  ""explanation"": ""Both code snippets are solving the same problem. They are both reading input from a file, parsing it into a 2D array, and then calculating the solution for each case. The solution involves calculating the minimum number of splits needed to eat all pancakes of a certain size, and the minimum number of splits is achieved by trying different maximum values for the pancakes. Both code snippets use a similar approach to solve the problem, with the main differences being in the language and some minor implementation details.""
}",336
2016_0_4,125922,2016_1_1,4557,NON-CLONE,2026-07-06 13:54:38,"{
  ""answer"": ""YES-SIMILAR"",
  ""explanation"": ""Both code snippets read input from a file, process the input, and write the output to the console. The Java code reads input line by line and processes each line separately, while the PHP code reads the entire file at once and then processes each line. The PHP code also calculates the time taken to process the input and writes it to the console. The main logic of both codes is the same: they both check the values of K, C, and S in each line and write the corresponding output. The only differences are in the syntax and structure",337
2016_0_4,99642,2015_0_3,49764,NON-CLONE,2026-07-06 13:54:40,"{
  ""answer"": ""YES-SIMILAR"",
  ""explanation"": ""Both code snippets appear to be solving the same problem, which involves reading input from a file, processing it, and outputting the result to another file. They both have a similar structure, with a main function that reads input, calls a solution function, and writes the output. The solution function in both codes uses a table to perform calculations and checks for certain conditions to determine the output. Although the syntax and structure are different due to the use of different programming languages, the functional logic and steps are similar.""
}",338
2016_0_4,135114,2016_1_1,15819,NON-CLONE,2026-07-06 13:54:43,"{
  ""answer"": ""YES-SIMILAR"",
  ""explanation"": ""Both code snippets are solving the same problem, which is to read input from a file, process it, and print the result to an output file. The first code snippet is written in C++ and is solving a problem where it needs to calculate a specific value based on the input K, C, and S. The second code snippet is written in Java and is solving a problem where it needs to process a string and append characters to a StringBuilder based on certain conditions. Although the problems are different, the overall structure and approach of the two code snippets",339
2016_0_4,90060,2016_1_2,21265,NON-CLONE,2026-07-06 13:54:46,"{
  ""answer"": ""YES-SIMILAR"",
  ""explanation"": ""Both code snippets are solving the same problem. The problem appears to be a task where you have to distribute soldiers into squads of a certain size. The first code snippet is written in C++, and it reads input from the standard input, while the second code snippet is written in PHP and reads input from a file. Both codes have a similar structure and logic. They read the number of test cases, then for each test case, they read the size of the squad and the number of soldiers. They then distribute the soldiers into squads and output the soldiers",340
2016_0_4,45917,2014_2_1,128920,NON-CLONE,2026-07-06 13:54:48,"{
  ""answer"": ""YES-SIMILAR"",
  ""explanation"": ""Both code snippets are solving the same problem, which is to find the minimum cost to make all strings in a list end with the same character. The C++ code uses a more complex input/output system, but the logic is the same as the Python code. The C++ code uses a while loop to simulate the Python code's for loop, and the Python code uses a while loop to simulate the C++ code's for loop. The main difference is in the way they handle the input and output, but the overall logic is the same.""
}",341
2016_0_4,63570,2014_3_1,138308,NON-CLONE,2026-07-06 13:54:51,"{
  ""answer"": ""YES-SIMILAR"",
  ""explanation"": ""Both code snippets are solving the same problem, which is to find the number of ways to divide a number into 'K' parts of equal size, where 'K' is a multiple of 'C'. They achieve this by first calculating the greatest common divisor (GCD) of 'P' and 'Q', then dividing both by the GCD. The Python code uses a while loop to calculate the number of parts, while the C++ code uses a while loop and a for loop. The C++ code also uses a helper function to calculate",342
2016_0_4,158305,2015_0_3,41900,NON-CLONE,2026-07-06 13:54:53,"{
  ""answer"": ""YES-SIMILAR"",
  ""explanation"": ""Both code snippets are solving the same problem, which is to determine whether it's possible to find a specific sequence in a given string. They use a similar approach, iterating through the string and using a recursive or iterative approach to find the sequence. The main difference is in the implementation details, such as the use of Python and C++ languages, and the specific algorithms used. However, the overall logic and functionality of the two code snippets are similar.""
}",343
2016_0_4,142083,2015_0_1,43660,NON-CLONE,2026-07-06 13:54:56,"{
  ""answer"": ""YES-SIMILAR"",
  ""explanation"": ""Both code snippets are implementing the same algorithm to solve a problem. They both read input from a file, process it, and write the result to an output file. The specific steps and syntax may differ, but the overall functionality is the same. The Python code is solving a sequence generation problem, where it generates a sequence of numbers based on the input parameters k, c, and s. The Java code is also solving a similar problem, where it seems to be calculating the sum of the differences between the current index and the count of non-zero digits",344
2016_0_4,80717,2013_0_2,91409,NON-CLONE,2026-07-06 13:54:58,"{
  ""answer"": ""YES-SIMILAR"",
  ""explanation"": ""Both code snippets are solving the same problem, where they are checking if it's possible to fill a lawn with certain rules. The PHP code snippet is using a more complex algorithm to find the possible values, while the C++ code snippet is using a different approach. However, they both achieve the same goal of determining if it's possible to fill the lawn. The PHP code snippet is also generating a list of possible values, while the C++ code snippet is simply outputting 'YES' or 'NO'. The main difference is in the implementation details",345
2016_0_4,139021,2013_0_2,78034,NON-CLONE,2026-07-06 13:55:01,"{
  ""answer"": ""YES-SIMILAR"",
  ""explanation"": ""Both code snippets are solving a problem where they need to determine the possible positions of 'L' and 'G' in a grid. The PHP code is using a brute force approach to generate all possible combinations of 'L' and 'G' and then filtering out the ones that do not meet the given constraints. The Python code is using a more efficient approach to directly check if the given grid can be formed by 'L' and 'G' without generating all possible combinations. However, the underlying problem is the same, and the Python code can",346
2016_0_4,37736,2015_0_3,72742,NON-CLONE,2026-07-06 13:55:03,"{
  ""answer"": ""YES-SIMILAR"",
  ""explanation"": ""Both code snippets are solving the same problem, which is to determine whether it is possible to arrange a certain string in a specific way. They use different approaches and data structures, but the overall logic is the same. The PHP code uses a simple mathematical approach to calculate the position of each character in the string, while the Python code uses quaternion multiplication to achieve the same result. The Python code also includes additional functionality to handle input/output and case handling, but the core logic of the problem is the same.""
}",347
2016_1_1,15819,2013_0_2,85165,NON-CLONE,2026-07-06 13:55:06,"{
  ""answer"": ""NO-NOT-SIMILAR"",
  ""explanation"": ""The two code snippets are not functionally similar. The first snippet is a Java program that reads input from a file, processes it, and writes the result to another file. The second snippet is a Python program that reads input from a file or standard input, processes it, and writes the result to a file or standard output. The tasks they perform are different. The Java program appears to be solving a problem from the Google Code Jam 2016, while the Python program appears to be solving a lawn mowing problem. The algorithms used",348
2016_1_1,28201,2013_0_2,78034,NON-CLONE,2026-07-06 13:55:09,"{
  ""answer"": ""YES-SIMILAR"",
  ""explanation"": ""Both code snippets appear to be solving the same problem: sorting a string and checking for a specific condition. The Java code snippet sorts the input string and checks if each character is less than the maximum character in its row and column. The Python code snippet does the same thing, but with a few differences in syntax and approach. The Python code uses a 2D array (lawn) to represent the input string, and it uses a different sorting algorithm (not explicitly shown in the code). However, the overall logic of the two code snippets is",349
2016_1_1,22113,2016_1_2,7956,NON-CLONE,2026-07-06 13:55:11,"{
  ""answer"": ""YES-SIMILAR"",
  ""explanation"": ""Both code snippets are solving the same problem: sorting the characters in each line of input strings in lexicographical order. The Java code snippet reads input from a Scanner and the Python code snippet reads input from the standard input. The Java code snippet uses a for loop to process each line of input and a custom sorting logic to sort the characters, while the Python code snippet uses a dictionary to count the frequency of each character and then sorts the characters with odd frequency. However, both code snippets achieve the same result: sorting the characters in each line of",350
2016_1_1,15421,2016_2_1,193929,NON-CLONE,2026-07-06 13:55:14,"{
  ""answer"": ""YES-SIMILAR"",
  ""explanation"": ""Both code snippets are solving the same problem, which is to count the number of times each digit appears in a given string and then print out the digits in order. The main difference is in the implementation details, such as the use of different data structures (std::set in C++ and arrays in Java) and the approach to counting the digits. However, the overall logic and flow of the code are similar. The C++ code uses a set to keep track of the digits, while the Java code uses an array. The Java code also uses",351
2016_1_1,31768,2014_2_1,118416,NON-CLONE,2026-07-06 13:55:16,"{
  ""answer"": ""YES-SIMILAR"",
  ""explanation"": ""Both code snippets implement a solution to the same problem, which is to find the minimum cost of rearranging the characters in a string to make all adjacent characters equal. The C++ code uses a custom sorting approach, while the Python code uses a more complex approach involving median calculation. Despite the differences in implementation, both codes achieve the same goal and can be considered functionally similar.""
}",352
2016_1_1,20829,2013_0_2,85165,NON-CLONE,2026-07-06 13:55:18,"{
  ""answer"": ""NO-NOT-SIMILAR"",
  ""explanation"": ""The two code snippets are not functionally similar. The first code snippet appears to be a C++ program that reads input from a file, processes it, and writes output to another file. The second code snippet is a Python program that also reads input from a file or standard input and writes output to a file or standard output. However, the problem they are trying to solve is different. The first code snippet appears to be solving a problem where it reads a string and prints the string with characters in descending order, while the second code snippet",353
2016_1_1,3308,2016_2_1,186531,NON-CLONE,2026-07-06 13:55:21,"{
  ""answer"": ""YES-SIMILAR"",
  ""explanation"": ""Both code snippets solve the same problem, which is to read input from a file, process it, and print the result. The input is a series of strings, and the output is a sequence of numbers that represent the digits of the input strings. The processing involves counting the occurrences of each digit and then printing the digits in the correct order. The two code snippets use different approaches, but they achieve the same result.""
}",354
2016_1_1,33316,2013_0_3,74156,NON-CLONE,2026-07-06 13:55:23,"{
  ""answer"": ""YES-SIMILAR"",
  ""explanation"": ""Both code snippets are solving a problem of sorting a string (or in the second snippet, counting the number of squares that are both perfect squares and palindromes) and writing the result to an output file. Although the algorithms and implementation details are different, they both achieve the same goal. The first snippet sorts the characters in the input string using a custom sorting algorithm, while the second snippet counts the number of squares that are both perfect squares and palindromes in a given range. However, the underlying task is the same: processing input",355
2016_1_1,14703,2014_3_1,140281,NON-CLONE,2026-07-06 13:55:26,"{
  ""answer"": ""YES-SIMILAR"",
  ""explanation"": ""Both code snippets appear to be solving the same problem, which is to find the minimum number of times a number (p) needs to be doubled to be divisible by another number (q), or determine if it's impossible. The Python code uses a different approach, sorting the characters in the input string, while the Java code uses a while loop to repeatedly double the number p and check for divisibility. Although the approaches differ, the overall task is the same. The Python code is actually solving a different problem, it is sorting the characters in the",356
2016_1_1,3735,2013_0_2,85165,NON-CLONE,2026-07-06 13:55:28,"{
  ""answer"": ""NO-NOT-SIMILAR"",
  ""explanation"": ""The two code snippets are not functionally similar. Code Snippet 1 is designed to find the lexicographically largest string in a list of strings, while Code Snippet 2 appears to be solving a lawn mowing problem where a lawn is represented as a 2D grid and the goal is to mow the lawn in a way that minimizes the height of the lawn. The two code snippets have different inputs, logic, and outputs, making them not functionally similar.""
}",357
2016_1_1,18665,2013_0_2,85165,NON-CLONE,2026-07-06 13:55:31,"{
  ""answer"": ""NO-NOT-SIMILAR"",
  ""explanation"": ""The two code snippets are not functionally similar. The first code snippet is a PHP script that reads input from a file, processes it, and outputs the result to another file. The second code snippet is a Python script that reads input from a file or standard input, processes it, and outputs the result to a file or standard output. The tasks they perform are different, and the code structures are also different. The first code snippet is solving a problem that involves sorting a string and finding the lexicographically smallest string, while the second",358
2016_1_1,4557,2015_0_1,106809,NON-CLONE,2026-07-06 13:55:33,"{
  ""answer"": ""YES-SIMILAR"",
  ""explanation"": ""Both code snippets appear to be implementing a solution to a problem where they take input from a file, process it line by line, and output the result to another file. The processing involves iterating over the input lines, keeping track of the current position and a 'need' value, and updating the 'need' value based on the input values. The result is then printed out in a specific format. The main differences between the two snippets are in the programming language used (PHP vs Python) and the specific implementation details, but the overall logic and functionality",359
2016_1_2,23627,2016_0_1,88781,NON-CLONE,2026-07-06 13:55:36,"{
  ""answer"": ""YES-SIMILAR"",
  ""explanation"": ""Both code snippets are solving the same problem, which is to find the first number that is not a multiple of a given number N, or in other words, the first number that causes a person to have insomnia. They achieve this by reading input, counting the occurrences of each digit, and then finding the first number that has an odd count for any digit. The Java code snippet uses a HashMap to count the occurrences, while the Python code snippet uses a set to keep track of seen digits. Both code snippets then print out the first number that causes",360
2016_1_2,26561,2013_1_1,37029,NON-CLONE,2026-07-06 13:55:38,"{
  ""answer"": ""YES-SIMILAR"",
  ""explanation"": ""Both code snippets are solving a problem where they are given a grid or a list of numbers and they need to find the numbers that appear an odd number of times. The Java code snippet is using a HashMap to count the occurrences of each number, while the Python code snippet is using a more complex algorithm to solve the same problem. However, the end result is the same: finding the numbers that appear an odd number of times. The Java code snippet prints the missing numbers in ascending order, while the Python code snippet returns the missing numbers in a specific",361
2016_1_2,21848,2015_0_2,96440,NON-CLONE,2026-07-06 13:55:41,"{
  ""answer"": ""YES-SIMILAR"",
  ""explanation"": ""Both code snippets are solving the same problem. They are both reading input from a file (or standard input), processing the input, and writing the output to a file (or standard output). The problem is a classic 'Rank and File' problem, where the goal is to find the minimum number of rows that need to be added to make all the numbers in each row have the same parity (i.e., all odd or all even). The Java code uses a HashMap to store the count of each number, while the C++ code uses a vector",362
2016_1_2,7905,2013_0_2,44471,NON-CLONE,2026-07-06 13:55:43,"{
  ""answer"": ""YES-SIMILAR"",
  ""explanation"": ""Both code snippets are solving the same problem, which is to read input from a file, process it, and output the result to another file. The C++ code snippet is using a 2D array to store the input values, while the Java code snippet is using a 2D array as well. Both code snippets are checking for the lowest value in each row and column, and then outputting 'YES' if all values in each row and column are equal to the lowest value, and 'NO' otherwise. The Java code snippet also",363
2016_1_2,22827,2013_0_3,74156,NON-CLONE,2026-07-06 13:55:46,"{
  ""answer"": ""YES-SIMILAR"",
  ""explanation"": ""Both code snippets are designed to solve the same problem. They read input from a file (or standard input in the C++ code), process it, and print the results. The C++ code reads two integers N and then N lines of input, while the Java code reads two longs from a file. The C++ code counts the number of keys in a map where the value is odd, while the Java code counts the number of squares of palindromic numbers within a given range. However, if we consider the problem from a different",364
2016_1_2,26565,2016_0_1,113708,NON-CLONE,2026-07-06 13:55:48,"{
  ""answer"": ""YES-SIMILAR"",
  ""explanation"": ""Both code snippets are solving the same problem, which is to find the smallest number that contains all digits from 0 to 9 without any duplicates. The first code snippet uses C++ and the second one uses PHP. They both use a similar approach: reading input, generating numbers, and checking for the presence of all digits. The main difference is in the implementation details, but the overall logic is the same.""
}",365
2016_1_2,30453,2016_2_1,193717,NON-CLONE,2026-07-06 13:55:50,"{
  ""answer"": ""YES-SIMILAR"",
  ""explanation"": ""Both code snippets are solving the same problem, which is to count the frequency of each digit in a series of numbers, and then print the digits in the correct order. The main difference is in the approach and syntax, but the logic is the same. In the Python code, the function 'rank' counts the frequency of each digit in a 2D list, while in the PHP code, the function 'proc' counts the frequency of each digit in a string. The PHP code then uses this frequency to print the digits in the correct order",366
2016_1_2,14745,2015_0_3,18309,NON-CLONE,2026-07-06 13:55:53,"{
  ""answer"": ""YES-SIMILAR"",
  ""explanation"": ""Both code snippets appear to be solving the same problem, which is to determine if a given sequence of numbers can be transformed into -1 by multiplying three numbers together. The Python code snippet uses a dictionary to count the occurrences of each number, while the PHP code snippet uses a custom function `t($i)` to translate numbers to their corresponding values. The PHP code snippet also uses a custom function `mult($a, $b)` to multiply two numbers together. The main function in both code snippets, `solve` in Python and `do_test",367
2016_1_2,7956,2015_0_2,96440,NON-CLONE,2026-07-06 13:55:55,"{
  ""answer"": ""NO-NOT-SIMILAR"",
  ""explanation"": ""The two code snippets are not functionally similar. The first code snippet appears to be solving a problem where it counts the odd numbers in a set of columns, where each column is a list of numbers. The second code snippet, however, seems to be solving a problem where it finds the minimum number of perfect squares that sum up to a given number. The two problems are different and the code snippets are solving different tasks.""
}",368
2016_1_2,22155,2014_3_1,139370,NON-CLONE,2026-07-06 13:55:58,"{
  ""answer"": ""DONT-KNOW"",
  ""explanation"": ""The two code snippets appear to solve different problems. The first PHP code snippet appears to be solving a problem where it reads input from STDIN, processes it, and then outputs the results. The second Python code snippet appears to be solving a problem where it reads input from a file, processes it, and then writes the results to another file. The problems being solved seem to be distinct, and the code snippets have different structures and syntax. Therefore, it is unclear whether they are functionally similar.""
}",369
2016_1_2,21265,2015_0_3,72742,NON-CLONE,2026-07-06 13:56:01,"{
  ""answer"": ""YES-SIMILAR"",
  ""explanation"": ""Both code snippets appear to be solving the same problem, which is to determine whether a given string can be repeated a certain number of times to form a specific pattern. The PHP code uses a more straightforward approach, while the Python code uses a more complex quaternion-based approach. However, the overall logic and purpose of the code is the same. The PHP code reads the input, processes it, and outputs the result, while the Python code does the same. The main difference is in the implementation details, but the functional similarity is clear.""
}",370
2016_1_2,19133,2015_0_1,86599,NON-CLONE,2026-07-06 13:56:03,"{
  ""answer"": ""YES-SIMILAR"",
  ""explanation"": ""Both code snippets are solving the same problem, which is to find the maximum number of friends that can be made in a given sequence of people, where each person can make friends with people to their right who are not already friends with them. The PHP code reads input from 'B-large-input.in', processes it, and writes the result to 'B-large-output.out'. The Python code reads input from 'input', processes it, and prints the result to the console. Although the syntax and structure of the two codes differ, they achieve the same result",371
2016_2_1,201276,2015_0_2,81081,NON-CLONE,2026-07-06 13:56:06,"{
  ""answer"": ""YES-SIMILAR"",
  ""explanation"": ""Both code snippets are solving a problem where they take a list of integers (or strings, in the case of the Java code) and output the minimum number of operations required to make all integers equal. The Java code is using a brute-force approach, while the Python code is using a more efficient approach with memoization. However, the overall logic of the two code snippets is the same: they both iterate through the input list, perform operations to make the integers equal, and return the minimum number of operations required. The main differences are in the implementation",372
2016_2_1,180026,2016_0_1,143909,NON-CLONE,2026-07-06 13:56:08,"{
  ""answer"": ""YES-SIMILAR"",
  ""explanation"": ""Both code snippets are solving the same problem, which is to count the number of times each digit appears in a given number and print the digits that appear more than once. They use different approaches, but the logic is the same. The Java code uses a char array and an array of integers to count the digits, while the C++ code uses a bit mask to achieve the same result. The function calls and loop structures are different, but the overall logic and purpose of the code are the same.""
}",373
2016_2_1,193929,2013_1_1,34507,NON-CLONE,2026-07-06 13:56:11,"{
  ""answer"": ""DONT-KNOW"",
  ""explanation"": ""The two code snippets are written in different programming languages (Java and PHP) and have different syntax and structure. They also appear to be solving different problems, with the Java code snippet counting the number of digits in a string and the PHP code snippet solving a problem related to volume calculations. While the Java code snippet uses a switch statement to handle different cases, the PHP code snippet uses a recursive function to solve the problem. Without more context or information about the specific problem being solved, it is difficult to determine if the two code snippets are functionally similar.""
",374
2016_2_1,194349,2015_0_3,103774,NON-CLONE,2026-07-06 13:56:14,"{
  ""answer"": ""YES-SIMILAR"",
  ""explanation"": ""Both code snippets are solving the same problem, which is to count the number of times each digit appears in a given string and print the digits in the correct order. The C++ code snippet is solving this problem using a brute-force approach, where it counts the occurrences of each digit and then prints the digits in the correct order. The Python code snippet is also solving this problem using a similar approach, but with some optimizations and a different data structure. The main differences are in the implementation details, but the overall logic and functionality are the same.""
}",375
2016_2_1,186531,2016_1_1,15819,NON-CLONE,2026-07-06 13:56:16,"{
  ""answer"": ""YES-SIMILAR"",
  ""explanation"": ""Both code snippets are solving the same problem, which is to process multiple test cases of a string manipulation task. The first code snippet is written in C++ and it reads a string, counts the occurrences of each letter, and then prints the letters in the order they should appear in the alphabet. The second code snippet is written in Java and it reads a string, constructs a new string with the letters in the correct order, and writes the result to an output file. Both code snippets handle multiple test cases and print the result for each case. Although",376
2016_2_1,179503,2015_0_3,18309,NON-CLONE,2026-07-06 13:56:19,"{
  ""answer"": ""YES-SIMILAR"",
  ""explanation"": ""Both code snippets appear to be solving the same problem, which is to determine whether a given string can be represented as a product of three numbers (i, j, and k) such that i*j*k = -1. They use a similar approach, where they iterate through the string, calculating the product of the numbers and checking if it can be represented as -1. The C++ code uses arrays to store the counts of each digit, while the PHP code uses a more complex approach with arrays and functions. However, the logic behind the solution",377
2016_2_1,185295,2013_0_3,108834,NON-CLONE,2026-07-06 13:56:22,"{
  ""answer"": ""YES-SIMILAR"",
  ""explanation"": ""Both code snippets solve the problem of converting a number from a given string into a string of digits. The first code snippet in Python uses a dictionary to count the occurrences of each letter in the string and then maps these letters to their corresponding digits. The second code snippet in Java uses a similar approach but with more complex code structure and additional functionality. However, the core logic of both code snippets is the same, and they achieve the same result.""
}",378
2016_2_1,196651,2013_0_1,126886,NON-CLONE,2026-07-06 13:56:25,"{
  ""answer"": ""YES-SIMILAR"",
  ""explanation"": ""Both code snippets appear to be solving a game of Tic-Tac-Toe. They read input from a file, process the game board, and determine the winner or outcome of the game. The Python code snippet uses a more concise approach, while the Java code snippet is more verbose. However, the logic and steps taken to solve the problem are similar. The Python code snippet reads input, processes it, and appends the result to a list, while the Java code snippet prints the result directly. The overall functionality is the same, despite differences in",379
2016_2_1,182378,2016_1_1,15819,NON-CLONE,2026-07-06 13:56:27,"{
  ""answer"": ""YES-SIMILAR"",
  ""explanation"": ""Both code snippets are implementing the same problem solution. They are reading input from a file, processing the input to generate a result, and writing the result to an output file. The processing step in both code snippets involves a similar pattern of removing characters from a string and appending a value to a list based on the removed characters. The only differences are in the syntax and structure, but the overall functionality is the same.""
}",380
2016_2_1,198100,2013_0_3,51164,NON-CLONE,2026-07-06 13:56:29,"{
  ""answer"": ""YES-SIMILAR"",
  ""explanation"": ""Both code snippets are solving the same problem, which is to count the number of perfect squares between a given range. They read input from a file, process the data, and write the output to a file. The main difference is in the language (PHP vs Python) and the implementation details, but the overall logic and functionality are the same.""
}",381
2016_2_1,193717,2013_0_3,108834,NON-CLONE,2026-07-06 13:56:32,"{
  ""answer"": ""YES-SIMILAR"",
  ""explanation"": ""Both code snippets are solving the same problem, which is to print the digits of numbers from 1 to 9 in the correct order. The PHP code snippet is reading input from STDIN, counting the frequency of each digit, and then printing the digits based on their frequency. The Java code snippet is also reading input, counting the frequency of each digit, and then printing the digits based on their frequency. Although the syntax and structure are different, the functionality is the same.""
}",382
2016_2_1,200006,2015_0_1,47939,NON-CLONE,2026-07-06 13:56:34,"{
  ""answer"": ""YES-SIMILAR"",
  ""explanation"": ""Both code snippets are solving the same problem. They read input from a file, count the occurrences of each digit in a string, and then reconstruct the string by counting the occurrences of each digit. The main difference is in the implementation details, such as the use of arrays and loops in the PHP code and the use of ArrayList and for-each loop in the Java code. However, the overall logic and functionality are the same.""
}",383
