program_a,variant_a,program_b,variant_b,ground_truth,timestamp,response,pair_id
2013_0_1,103399,2013_0_1,99825,CLONE,2026-07-06 08:20:36,"{
  ""answer"": ""YES-SIMILAR"",
  ""explanation"": ""Both code snippets are functionally similar. They appear to be implementing a game of Tic-Tac-Toe. The Java code is designed to read a file containing the game state, while the C++ code is reading from a file named 'input2.txt'. Both codes iterate over the game board, checking for wins in rows, columns, and diagonals. They also check for a draw if no one has won. The Java code uses a more object-oriented approach with a Board class, while the C++ code uses arrays and loops to achieve the",0
2013_0_1,99825,2013_0_1,125888,CLONE,2026-07-06 08:20:40,"{
  ""answer"": ""YES-SIMILAR"",
  ""explanation"": ""Both code snippets are functionally similar. They both appear to be solving a Tic-Tac-Toe game. The C++ code reads a game board from a file, processes it, and outputs the game state. The Python code does the same, but with a different syntax and structure. Both codes use a similar approach to check for game states such as 'Draw', 'ONGOING', or a player winning the game. The main difference is that the C++ code checks for winning conditions on a 4x4 board, while the Python code",1
2013_0_1,125888,2013_0_1,84842,CLONE,2026-07-06 08:20:43,"{
  ""answer"": ""YES-SIMILAR"",
  ""explanation"": ""Both code snippets are functionally similar. They are both designed to analyze a Tic-Tac-Toe game state and determine the winner or if the game has ended in a draw. The Python code snippet uses a more complex approach to check for a winner by examining rows, columns, and diagonals, while the PHP code snippet uses regular expressions to check for a winner. However, both code snippets achieve the same result and perform the same task, which is to determine the winner or draw of a Tic-Tac-Toe game.""
}",2
2013_0_1,84842,2013_0_1,103399,CLONE,2026-07-06 08:20:46,"{
  ""answer"": ""YES-SIMILAR"",
  ""explanation"": ""Both code snippets are functionally similar as they both analyze a given input to determine the status of a game board, specifically a Tic-Tac-Toe game. They check for winning conditions in rows, columns, and diagonals, and determine the status as 'X wins', 'O wins', 'Draw', or 'Game has not completed'. The main difference is in the implementation language and the input handling, but the overall functionality is the same.""
}",3
2013_0_1,49244,2013_0_1,98087,CLONE,2026-07-06 08:20:50,"{
  ""answer"": ""YES-SIMILAR"",
  ""explanation"": ""Both code snippets are functionally similar as they are implementing a game to determine the winner of a 4x4 game board. The Java code snippet is implementing a game where 'X' and 'O' are players, while the C++ code snippet is implementing a game where 'X' and 'O' are also players. The Java code snippet checks for the winner in a specific order (row, column, diagonal), while the C++ code snippet also checks for the winner in a similar order. Both code snippets also check for the game",4
2013_0_1,98087,2013_0_1,91336,CLONE,2026-07-06 08:20:54,"{
  ""answer"": ""YES-SIMILAR"",
  ""explanation"": ""Both code snippets are functionally similar. They both check for a game state where four 'T' characters are placed in a 4x4 grid, and determine the winner of the game. The C++ code snippet checks for four possible winning combinations in the grid, while the Python code snippet uses a more general approach by checking for winning combinations in rows, columns, and diagonals. The Python code snippet also handles the game state more elegantly, using a function to check for a winner and another function to check if the game is not yet",5
2013_0_1,91336,2013_0_1,102913,CLONE,2026-07-06 08:20:57,"{
  ""answer"": ""YES-SIMILAR"",
  ""explanation"": ""Both code snippets are functionally similar. They both check the status of a game board in a 4x4 grid. The game board represents a tic-tac-toe game where 'X' and 'O' are the players. The game board is represented as a 2D list or array in Python and as a 2D array in PHP. The code snippets check for the following conditions: 1) whether 'X' or 'O' has won the game, 2) whether the game has not yet been completed (",6
2013_0_1,102913,2013_0_1,49244,CLONE,2026-07-06 08:21:01,"{
  ""answer"": ""YES-SIMILAR"",
  ""explanation"": ""Both code snippets are functionally similar as they both solve the same problem, which is to determine the winner of a tic-tac-toe game. They both read the game board from a file, process the board to determine the winner, and output the result to another file. The processing of the board is done differently in each language, but the end result is the same. The PHP code uses a more straightforward approach, while the Java code uses a more object-oriented approach. The Java code also includes additional error handling and logging.""
}",7
2013_0_1,126886,2013_0_1,72071,CLONE,2026-07-06 08:21:05,"{
  ""answer"": ""YES-SIMILAR"",
  ""explanation"": ""Both code snippets are functionally similar. They are both solving the same problem, which is to determine the winner of a 4x4 Tic Tac Toe game given a series of input boards. The Java code snippet reads the boards from a file, while the C++ code snippet reads the boards from the standard input. Both codes iterate over the boards, checking for wins in rows, columns, and diagonals. They also check for a draw if all cells are occupied. The Java code snippet uses a more complex logic to check for wins in rows",8
2013_0_1,72071,2013_0_1,70537,CLONE,2026-07-06 08:21:08,"{
  ""answer"": ""YES-SIMILAR"",
  ""explanation"": ""Both code snippets are functionally similar. They both appear to be solving the same problem, which is to determine the winner or state of a game board with a 4x4 grid, where X and O are the players, and T represents an empty square. They both check for wins in rows, columns, and diagonals, and determine the state of the game as 'X won', 'O won', 'Draw', or 'Game has not completed'. The C++ code checks for wins in rows, columns, and diagonals separately,",9
2013_0_1,70537,2013_0_1,127485,CLONE,2026-07-06 08:21:12,"{
  ""answer"": ""YES-SIMILAR"",
  ""explanation"": ""Both code snippets are functionally similar as they are implementing the same task: determining the state of a game board. They both check for 'X' and 'O' wins, as well as a draw, in a 4x4 game board. The Python code snippet checks the rows, columns, and diagonals for wins, while the PHP code snippet does the same but with more verbose code. They both achieve the same result, making them functionally similar.""
}",10
2013_0_1,127485,2013_0_1,126886,CLONE,2026-07-06 08:21:15,"{
  ""answer"": ""YES-SIMILAR"",
  ""explanation"": ""Both code snippets are functionally similar. They both appear to be solving the same problem, a game of Tic-Tac-Toe. They read input from a file, parse the game board, and determine the winner or state of the game. The logic for determining the winner is similar, checking rows, columns, and diagonals for winning combinations. The main difference is in the implementation details, such as file input/output and syntax differences between PHP and Java.""
}",11
2013_0_2,95524,2013_0_2,83774,CLONE,2026-07-06 08:21:18,"{
  ""answer"": ""YES-SIMILAR"",
  ""explanation"": ""Both code snippets are functionally similar. They both read input from a file, parse the input to extract the dimensions of a grid, and then check for a specific condition (in this case, whether each cell in the grid is the maximum in its row and column). If the condition is met, they print 'YES', otherwise they print 'NO'. The main difference is in the language used (Java and C++), the file input/output operations, and the data types used, but the overall functionality is the same.""
}",12
2013_0_2,83774,2013_0_2,78034,CLONE,2026-07-06 08:21:22,"{
  ""answer"": ""YES-SIMILAR"",
  ""explanation"": ""Both code snippets are functionally similar as they both solve the same problem. They take a 2D array as input, check if there are any rows or columns where all elements are greater than a specific value, and output 'YES' or 'NO' depending on the result. The C++ code uses a more complex parsing function to read the input, while the Python code uses a more straightforward approach with built-in functions. The main logic of both codes is the same, checking rows and columns for the maximum value and comparing it with the elements",13
2013_0_2,78034,2013_0_2,71957,CLONE,2026-07-06 08:21:25,"{
  ""answer"": ""YES-SIMILAR"",
  ""explanation"": ""Both code snippets are functionally similar. They both read input from a file, parse the input into a 2D array, and then check if each element in the array is less than the maximum value in its row and column. If any element is greater than both its row and column maximum, the function returns 'NO'. Otherwise, it returns 'YES'. The only difference is in the language used and the syntax, but the logic and functionality are the same.""
}",14
2013_0_2,71957,2013_0_2,95524,CLONE,2026-07-06 08:21:28,"{
  ""answer"": ""YES-SIMILAR"",
  ""explanation"": ""Both code snippets are functionally similar. They both read input from a file, parse the input to extract the dimensions of a grid, and then check if each cell in the grid has a greater value than its neighbors. The main difference is in the approach to checking the neighbors. The PHP code checks the neighbors by iterating over the rows and columns separately, while the Java code checks the neighbors by iterating over the rows and columns separately as well, but with a different logic for the vertical check. However, the overall functionality is the same: to determine",15
2013_0_2,44471,2013_0_2,140779,CLONE,2026-07-06 08:21:32,"{
  ""answer"": ""YES-SIMILAR"",
  ""explanation"": ""Both code snippets are functionally similar. They both read input from a file, process the input data, and output the result to another file. The main difference is that the Java code snippet uses a Scanner to read input and a PrintWriter to write output, while the C++ code snippet uses scanf and printf for input and output. However, the logic of the code is the same: they both check if there is a row or column with a value equal to the lowest value in the matrix, and output 'YES' if such a row or column",16
2013_0_2,140779,2013_0_2,122219,CLONE,2026-07-06 08:21:35,"{
  ""answer"": ""YES-SIMILAR"",
  ""explanation"": ""Both code snippets are functionally similar. They both check if a given matrix (2D array) contains any cell that is smaller than the maximum value in its row and column. If such a cell exists, they print 'NO', otherwise they print 'YES'. The main difference between the two snippets is the syntax and structure, with the C++ snippet using a more traditional approach with nested loops and the Python snippet using a more Pythonic approach with list comprehensions and iterators.""
}",17
2013_0_2,122219,2013_0_2,96711,CLONE,2026-07-06 08:21:38,"{
  ""answer"": ""YES-SIMILAR"",
  ""explanation"": ""Both code snippets are functionally similar as they both read input from a file, parse it, and check if a given grid has a cell that is not the maximum in its row or column. The Python code checks if a cell is less than the maximum in both its row and column, while the PHP code checks if a cell is less than any cell in its row and any cell in its column. Both codes print 'YES' or 'NO' for each test case based on the result.""
}",18
2013_0_2,96711,2013_0_2,44471,CLONE,2026-07-06 08:21:41,"{
  ""answer"": ""YES-SIMILAR"",
  ""explanation"": ""Both code snippets are functionally similar. They read input from a file, process the input data, and output the result to a file. The PHP code snippet appears to be solving a lawn mower problem where it checks if a lawn can be mowed in a specific pattern. The Java code snippet is also solving a similar problem where it checks if a lawn can be mowed in a specific pattern. Although the Java code snippet uses a more complex approach with multiple helper methods, the overall functionality is the same as the PHP code snippet. Both code snippets",19
2013_0_2,55421,2013_0_2,91409,CLONE,2026-07-06 08:21:45,"{
  ""answer"": ""YES-SIMILAR"",
  ""explanation"": ""Both Java and C++ code snippets solve the same problem, which is to determine whether a given lawn is valid based on the given rules. They achieve this by checking if there are any negative or invalid values in the lawn, and if there are any rows or columns that contain values greater than the value in the same position in the other row or column. The Java code uses a more complex approach by creating a 2D array and using a separate function to check for invalid values, while the C++ code uses a more straightforward approach by directly iterating",20
2013_0_2,91409,2013_0_2,85165,CLONE,2026-07-06 08:21:48,"{
  ""answer"": ""YES-SIMILAR"",
  ""explanation"": ""Both code snippets are functionally similar. They both read input from a file, process the input data, and output the result to another file. The input data is a 2D array (or matrix) of integers, and the task is to determine if the matrix is valid based on certain conditions. The conditions are: 1) each element in the matrix is between 0 and 100, 2) if a row or a column has only one unique element, then that element must be equal to the maximum and minimum element of that",21
2013_0_2,85165,2013_0_2,68303,CLONE,2026-07-06 08:21:51,"{
  ""answer"": ""YES-SIMILAR"",
  ""explanation"": ""Both code snippets are functionally similar. They both appear to be solving the same problem, which is to determine whether a given lawn can be made uniform by changing some of its elements. The Python code snippet uses a while loop to find the minimum height in the lawn and updates the lawn accordingly until it is uniform. The PHP code snippet uses a nested loop to find the maximum height in each row and column, and then checks if all elements in each row and column are equal to the maximum height. If not, it prints 'NO', otherwise it",22
2013_0_2,68303,2013_0_2,55421,CLONE,2026-07-06 08:21:55,"{
  ""answer"": ""YES-SIMILAR"",
  ""explanation"": ""Both code snippets are functionally similar. They both read input from a file, parse it, and determine whether a lawn is mowed by a lawn mower. They achieve this by checking if there are any spots in the lawn where the maximum value in a row or column is not present in the corresponding row or column. If such a spot is found, the lawn is not mowed. The PHP code snippet does this using a single loop, while the Java code snippet uses a more complex approach with separate methods for checking rows and columns. Despite these",23
2013_0_3,108834,2013_0_3,102625,CLONE,2026-07-06 08:21:59,"{
  ""answer"": ""YES-SIMILAR"",
  ""explanation"": ""Both code snippets are functionally similar. They both appear to be solving the same problem, which involves finding the number of perfect squares within a given range. The Java code snippet uses a pre-computed list of perfect squares to achieve this, while the C++ code snippet uses a hardcoded list of perfect squares. The main function in the C++ code snippet iterates over the range and uses binary search to find the perfect squares within the range, then prints the count of these perfect squares. The Java code snippet uses a similar approach, but with a",24
2013_0_3,102625,2013_0_3,102207,CLONE,2026-07-06 08:22:02,"{
  ""answer"": ""YES-SIMILAR"",
  ""explanation"": ""Both code snippets are functionally similar. They both take a set of numbers and find the count of perfect squares within a given range. The C++ code snippet uses a predefined array of numbers, while the Python code snippet uses a tuple of numbers. Both codes iterate over the numbers in the set and count the number of perfect squares within the given range.""
}",25
2013_0_3,102207,2013_0_3,89287,CLONE,2026-07-06 08:22:05,"{
  ""answer"": ""YES-SIMILAR"",
  ""explanation"": ""Both code snippets are functionally similar. They both solve the same problem, which appears to be a programming challenge where they need to find the number of perfect squares between two given numbers. They use similar algorithms to generate perfect squares and count them. The Python code uses a predefined list of numbers to check for perfect squares, while the PHP code generates perfect squares using a recursive function. Both codes have a similar structure and achieve the same result.""
}",26
2013_0_3,89287,2013_0_3,108834,CLONE,2026-07-06 08:22:09,"{
  ""answer"": ""YES-SIMILAR"",
  ""explanation"": ""Both code snippets are functionally similar as they are solving the same problem. The PHP code is solving a problem where it counts the number of perfect squares that are palindromes between a given range. The Java code is doing the same thing but in a more object-oriented approach. They both achieve the same result by checking if a number is a palindrome and then counting the number of palindromes within the given range. Although the Java code is more complex due to its object-oriented design, they are functionally similar.""
}",27
2013_0_3,59317,2013_0_3,81195,CLONE,2026-07-06 08:22:13,"{
  ""answer"": ""YES-SIMILAR"",
  ""explanation"": ""Both code snippets are functionally similar. They appear to be solving the same problem, which involves finding the count of numbers within a given range that are the product of a number and its square. The Java code snippet uses a while loop to generate numbers, while the C++ code snippet uses a recursive function to achieve the same result. The Java code snippet also calculates the product of a number and its square, while the C++ code snippet uses a vector to store the results. The main difference is in the approach used to generate the numbers, but",28
2013_0_3,81195,2013_0_3,51164,CLONE,2026-07-06 08:22:16,"{
  ""answer"": ""YES-SIMILAR"",
  ""explanation"": ""Both code snippets are functionally similar. They both generate a list of 'fair and square numbers' (numbers that are palindromes when squared) and then use this list to count the number of such numbers within a given range. The main difference is in the approach: the C++ code uses a recursive function to generate the list of palindromes, while the Python code uses a loop to generate the list. Additionally, the C++ code uses a more complex data structure (a vector) to store the list of palindrom",29
2013_0_3,51164,2013_0_3,92037,CLONE,2026-07-06 08:22:20,"{
  ""answer"": ""YES-SIMILAR"",
  ""explanation"": ""Both code snippets generate a list of perfect squares that are palindromes (i.e., numbers that read the same forwards and backwards), and then use this list to count the number of such perfect squares within a given range. The main difference is in the input/output handling and programming language used. The Python code reads from a file 'C-large-1.in' and writes to a file 'out', while the PHP code reads from a file 'input.txt' and writes to a file 'output.txt'. The PHP code also uses a more",30
2013_0_3,92037,2013_0_3,59317,CLONE,2026-07-06 08:22:23,"{
  ""answer"": ""YES-SIMILAR"",
  ""explanation"": ""Both code snippets are functionally similar. They appear to be solving the same problem, which is to count the number of perfect squares within a given range. The PHP code snippet uses a loop to generate perfect squares up to a certain limit, while the Java code snippet uses a similar approach with a while loop to generate perfect squares. The main difference is that the Java code snippet uses BigInteger for the calculations, whereas the PHP code snippet uses integer arithmetic. However, the overall logic and approach to the problem are similar.""
}",31
2013_0_3,74156,2013_0_3,53348,CLONE,2026-07-06 08:22:27,"{
  ""answer"": ""YES-SIMILAR"",
  ""explanation"": ""Both code snippets are functionally similar. They are both designed to count the number of perfect squares between two given numbers that are palindromes. The Java code snippet uses a while loop to iterate over the range of possible perfect squares, checking if each one is a palindrome and also has a palindromic square. The C++ code snippet uses a while loop to iterate over a predefined array of palindromes and check if the given range includes any of these palindromes. Both approaches achieve the same result, but the C",32
2013_0_3,53348,2013_0_3,70289,CLONE,2026-07-06 08:22:30,"{
  ""answer"": ""YES-SIMILAR"",
  ""explanation"": ""Both code snippets are functionally similar. They both take a range of numbers and find the count of palindromic numbers within that range that are also the square of a palindromic number. The C++ code uses a predefined array of palindromic numbers, while the Python code generates the palindromic numbers up to a specified limit. Both codes then use this data to count the palindromic numbers within a given range. The main difference is in the approach to generating the palindromic numbers, but the",33
2013_0_3,70289,2013_0_3,132829,CLONE,2026-07-06 08:22:33,"{
  ""answer"": ""YES-SIMILAR"",
  ""explanation"": ""Both code snippets are functionally similar as they achieve the same task: reading a list of squares from a file, and then using this list to count the number of squares that are between two given numbers. The main differences are in the language used (Python vs PHP), the file reading and writing mechanisms, and the error handling. However, the overall logic and functionality are identical.""
}",34
2013_0_3,132829,2013_0_3,74156,CLONE,2026-07-06 08:22:36,"{
  ""answer"": ""YES-SIMILAR"",
  ""explanation"": ""Both code snippets are functionally similar. They both read input from files, process the input to count the number of squares between two numbers that are palindromes. The PHP code snippet uses a list of squares to check if a number is a palindrome, while the Java code snippet uses a function isPalindrome to check if a number is a palindrome. The main difference is that the PHP code snippet counts the number of squares below a given number, while the Java code snippet counts the number of palindromes between two numbers. However, the",35
2013_1_1,42047,2013_1_1,28766,CLONE,2026-07-06 08:22:40,"{
  ""answer"": ""YES-SIMILAR"",
  ""explanation"": ""Both code snippets are functionally similar as they solve the same problem. They both find the value of 'x' in the equation (2*r-3)*x + 2*x*(x+1) that is closest to a given target value 't'. They use a binary search approach to find the value of 'x'. The Java code uses BigInteger for the calculations, while the C++ code uses long long data type. The logic and approach used in both codes are the same.""
}",36
2013_1_1,28766,2013_1_1,37029,CLONE,2026-07-06 08:22:43,"{
  ""answer"": ""YES-SIMILAR"",
  ""explanation"": ""Both code snippets are functionally similar. They both aim to solve the same problem, which is to find the number of rings needed to paint a given area. The problem is likely the 'Painting a Wall' problem from the CodeForces platform. The C++ code uses a binary search approach to find the number of rings needed, while the Python code uses a similar approach but with a different implementation. The main difference is that the C++ code uses a while loop with a binary search, whereas the Python code uses a for loop with a",37
2013_1_1,37029,2013_1_1,34507,CLONE,2026-07-06 08:22:46,"{
  ""answer"": ""YES-SIMILAR"",
  ""explanation"": ""Both code snippets are functionally similar. They are solving the same problem, which is to find the number of rings that can be painted with a given amount of paint. The problem is described in the problem statement of the 'A. Paint and a Bottle' problem. Both code snippets use a similar approach to solve this problem, where they use a binary search to find the number of rings that can be painted with the given amount of paint. The main difference is in the implementation details, with the Python code using a while loop and the PHP code",38
2013_1_1,34507,2013_1_1,42047,CLONE,2026-07-06 08:22:49,"{
  ""answer"": ""YES-SIMILAR"",
  ""explanation"": ""Both code snippets are functionally similar. They both appear to be solving the same problem, which involves finding a value that satisfies a certain condition related to the input parameters r and t. The condition involves calculating the value of a mathematical expression and finding the value of x that satisfies this condition. The code snippets use different mathematical formulas and approaches to achieve this, but the overall functionality is similar.""
}",39
2013_1_1,30835,2013_1_1,30228,CLONE,2026-07-06 08:22:53,"{
  ""answer"": ""YES-SIMILAR"",
  ""explanation"": ""Both code snippets are functionally similar. They are both solving the same problem, which appears to be finding the maximum integer k such that 2*k^2 + (2*r-1)*k - t <= 0, where r and t are given inputs. Both codes use a binary search approach to find the maximum k. The Java code uses a while loop to increment k until the condition is met, while the C++ code uses a while loop to find the midpoint m and checks if the condition is met, then updates the range of",40
2013_1_1,30228,2013_1_1,32497,CLONE,2026-07-06 08:22:55,"{
  ""answer"": ""YES-SIMILAR"",
  ""explanation"": ""Both code snippets are functionally similar. They both calculate the number of rings for a given input r and t. The C++ code snippet uses a binary search approach to find the maximum number of rings, while the Python code snippet uses a recursive approach with helper functions to find the same result. Although the syntax and structure are different, the functionality is the same.""
}",41
2013_1_1,32497,2013_1_1,39026,CLONE,2026-07-06 08:22:58,"{
  ""answer"": ""YES-SIMILAR"",
  ""explanation"": ""Both code snippets calculate the number of rings that can be painted with a given radius and a certain amount of paint. They use a similar mathematical formula to calculate the number of rings and have similar logic for handling cases where the number of rings is not an integer. The main difference is in the syntax and structure, but the functionality is the same.""
}",42
2013_1_1,39026,2013_1_1,30835,CLONE,2026-07-06 08:23:00,"{
  ""answer"": ""YES-SIMILAR"",
  ""explanation"": ""Both code snippets are functionally similar. They both solve the same problem, which involves calculating the number of circles that can be painted with a given radius and total area. They use similar mathematical formulas to achieve this result, with the main difference being the programming language used. The PHP code uses a while loop to check if the number of circles can be painted within the given area, while the Java code uses a similar approach but with a different mathematical formula.""
}",43
2013_1_1,32414,2013_1_1,30618,CLONE,2026-07-06 08:23:04,"{
  ""answer"": ""YES-SIMILAR"",
  ""explanation"": ""Both code snippets are functionally similar. They both solve the same problem, which involves finding the maximum integer value of n that satisfies the inequality 2*n^2 + (2*r-1)*n <= t, where r and t are given inputs. The Java code snippet uses a quadratic formula to calculate the maximum value of n, while the C++ code snippet uses a binary search approach to find the maximum value of n. Although they use different algorithms, they both achieve the same result, which is to find the maximum value of n that",44
2013_1_1,30618,2013_1_1,30519,CLONE,2026-07-06 08:23:07,"{
  ""answer"": ""YES-SIMILAR"",
  ""explanation"": ""Both code snippets are functionally similar. They both implement a binary search algorithm to find the solution to a problem. In the C++ code, the function f(x) is used to determine whether the midpoint is a solution, and in the Python code, the up_to_n function is used for the same purpose. The main difference is in the way they handle the input and output, but the overall algorithm is the same.""
}",45
2013_1_1,30519,2013_1_1,31779,CLONE,2026-07-06 08:23:10,"{
  ""answer"": ""YES-SIMILAR"",
  ""explanation"": ""Both code snippets are functionally similar. They both implement a binary search algorithm to find the maximum number of circles that can be drawn with a given radius and total number of points. The main difference is in the implementation of the binary search algorithm and the calculation of the number of circles. The Python code uses a function 'up_to_n' to calculate the number of circles, while the PHP code uses a function 'calc' to calculate the same value. The logic of the binary search is similar, where the search range is iteratively reduced by finding",46
2013_1_1,31779,2013_1_1,32414,CLONE,2026-07-06 08:23:13,"{
  ""answer"": ""YES-SIMILAR"",
  ""explanation"": ""Both code snippets are functionally similar. They are solving the same problem, which is to find the maximum integer x that satisfies the equation 2x + 2r - 1 <= t, where r is a given integer and t is a given target value. The PHP code snippet uses a binary search approach to find the maximum value of x, while the Java code snippet uses a similar approach but with some modifications to handle the equation. Both code snippets have the same time complexity of O(log t) and achieve the same result.""
}",47
2014_2_1,115757,2014_2_1,131278,CLONE,2026-07-06 08:23:17,"{
  ""answer"": ""YES-SIMILAR"",
  ""explanation"": ""Both code snippets are functionally similar. They both take a series of strings as input and perform the following tasks: 1) they convert each string into a list of runs (a run is a sequence of consecutive occurrences of the same character), 2) they sort the runs, 3) they iterate over the runs and for each run, they calculate the minimum difference between the count of the current run and the count of the same character in the other runs, and 4) they sum up these minimum differences to get the final result.",48
2014_2_1,131278,2014_2_1,128920,CLONE,2026-07-06 08:23:20,"{
  ""answer"": ""YES-SIMILAR"",
  ""explanation"": ""Both code snippets are functionally similar. They appear to be implementing the same algorithm to solve a problem, likely a competitive programming problem. The code in both snippets seems to be checking if the letters in each string in a list of strings are the same, and if so, calculating the minimum sum of the differences in the positions of these letters. If the letters are not the same, it outputs 'Fegla Won'. If the letters are the same, it calculates and outputs the minimum sum of the differences in the positions of these letters.""
}",49
2014_2_1,128920,2014_2_1,118754,CLONE,2026-07-06 08:23:24,"{
  ""answer"": ""YES-SIMILAR"",
  ""explanation"": ""Both code snippets are functionally similar. They are solving the same problem, which involves determining the minimum number of moves required to make all strings in a list have the same pattern. The problem is a classic example of the ""Fegla's Problem"" from the Code Jam 2014. Both codes use a similar approach to solve the problem, using a 2D array to store the counts of each character in each string and then calculating the minimum number of moves required to make all strings have the same pattern. The main difference between the two",50
2014_2_1,118754,2014_2_1,115757,CLONE,2026-07-06 08:23:28,"{
  ""answer"": ""YES-SIMILAR"",
  ""explanation"": ""Both code snippets are functionally similar. They both solve the same problem, which is to determine the minimum number of moves required to make a string of letters identical. They use a similar approach, breaking down the input string into a list of substrings with the same letter and count, and then calculating the minimum number of moves required to make the substrings identical. The main difference is in the implementation details, such as the use of arrays and loops, but the overall logic is the same.""
}",51
2014_2_1,129296,2014_2_1,119165,CLONE,2026-07-06 08:23:31,"{
  ""answer"": ""YES-SIMILAR"",
  ""explanation"": ""Both code snippets are functionally similar. They are designed to solve the same problem, which involves processing a series of input lines to calculate a score based on the frequency of characters in each line. The Java code uses a more complex data structure (ArrayList of Token objects) to store the character frequencies, while the C++ code uses a vector of type objects to achieve the same result. The core logic of the problem, including the calculation of the score and the handling of edge cases, is identical in both code snippets.""
}",52
2014_2_1,119165,2014_2_1,118416,CLONE,2026-07-06 08:23:34,"{
  ""answer"": ""YES-SIMILAR"",
  ""explanation"": ""Both code snippets are functionally similar. They both appear to be solving the same problem, which involves processing a series of strings to find the minimum cost to convert all strings to a uniform character. The C++ code uses a vector of structs to store the character frequencies, while the Python code uses a list of tuples. The main difference is in the approach to calculating the median and the distance metric used. However, the overall functionality and purpose of the code are the same.""
}",53
2014_2_1,118416,2014_2_1,116147,CLONE,2026-07-06 08:23:38,"{
  ""answer"": ""YES-SIMILAR"",
  ""explanation"": ""Both code snippets are functionally similar. They both read input from a file, process it, and write the result to another file. The Python code snippet reads integers, words, and floats from the input file, while the PHP code snippet reads strings from the input file. Both code snippets also calculate a value based on the input data, which is then written to the output file. The main difference is in the implementation details, such as the data types used and the algorithms employed, but the overall functionality is the same.""
}",54
2014_2_1,116147,2014_2_1,129296,CLONE,2026-07-06 08:23:41,"{
  ""answer"": ""YES-SIMILAR"",
  ""explanation"": ""Both code snippets are functionally similar. They both read input from a file, process the input, and output the result to another file. The PHP code snippet appears to be solving a problem where it finds the sum of the absolute differences between the median and each number in a list of numbers, where each number is a count of a character in a string. The Java code snippet also appears to be solving the same problem, but it uses a different approach to count the characters in the strings and calculate the sum of the absolute differences. The main difference",55
2014_2_1,131873,2014_2_1,118489,CLONE,2026-07-06 08:23:44,"{
  ""answer"": ""YES-SIMILAR"",
  ""explanation"": ""Both code snippets are functionally similar as they both read input from a file, process the input, and write output to another file. The main difference is in the syntax and structure, but the tasks they perform are the same.""
}",56
2014_2_1,118489,2014_2_1,121201,CLONE,2026-07-06 08:23:48,"{
  ""answer"": ""YES-SIMILAR"",
  ""explanation"": ""Both code snippets are functionally similar. They both appear to be solving the same problem, which is to find the minimum total distance between the lengths of sequences in a given set of strings. The C++ code snippet uses a more complex approach with multiple data structures and functions, while the Python code snippet uses a more straightforward approach with a single function. The C++ code snippet also includes additional code for handling different types of input data, such as integers, long long integers, and doubles, while the Python code snippet only handles strings. However, the",57
2014_2_1,121201,2014_2_1,114208,CLONE,2026-07-06 08:23:51,"{
  ""answer"": ""YES-SIMILAR"",
  ""explanation"": ""Both code snippets are functionally similar. They both perform the same task: given a list of strings, they calculate the total distance between the repeated characters in each string. The Python code snippet does this in a more straightforward way, while the PHP code snippet uses a more complex approach involving multiple helper functions. However, both code snippets achieve the same result, which is to calculate the total distance between repeated characters in each string.""
}",58
2014_2_1,114208,2014_2_1,131873,CLONE,2026-07-06 08:23:54,"{
  ""answer"": ""YES-SIMILAR"",
  ""explanation"": ""Both code snippets are functionally similar. They both read input from a file, process the input to count the frequency of each character, and calculate the total difference in frequency counts between the input lines. The main difference is in the implementation details, such as the programming language (PHP vs Java) and the specific steps taken to achieve the task, but the overall functionality is the same.""
}",59
2014_3_1,135560,2014_3_1,138308,CLONE,2026-07-06 08:23:58,"{
  ""answer"": ""YES-SIMILAR"",
  ""explanation"": ""Both code snippets are functionally similar. They both take two integers as input, calculate the greatest common divisor (GCD) of the two numbers, and then use the GCD to find the number of times the smaller number can be divided by 2 to reach the larger number. The Java code uses a while loop to repeatedly divide the numbers by 2 until the remainder is 0, while the C++ code uses a while loop to repeatedly divide the numbers by 2 until the remainder is 0, and also uses a separate function to",60
2014_3_1,138308,2014_3_1,139209,CLONE,2026-07-06 08:24:01,"{
  ""answer"": ""YES-SIMILAR"",
  ""explanation"": ""Both code snippets are functionally similar. They both solve the same problem, which is to find the minimum number of steps required to divide the numerator and denominator of a fraction by powers of 2 until the denominator becomes odd. They use a recursive approach to achieve this, with the main difference being the language used (C++ vs Python). The C++ code uses a while loop, while the Python code uses recursive function calls. The logic behind the solution is identical, and both codes achieve the same result.""
}",61
2014_3_1,139209,2014_3_1,142092,CLONE,2026-07-06 08:24:03,"{
  ""answer"": ""YES-SIMILAR"",
  ""explanation"": ""Both code snippets are functionally similar. They both calculate the minimum number of times an elf can divide herself in half until she is a full-blooded elf. The PHP code snippet uses a while loop to find the minimum number of divisions, while the Python code snippet uses a recursive function. The main difference is in the approach, but the result is the same.""
}",62
2014_3_1,142092,2014_3_1,135560,CLONE,2026-07-06 08:24:07,"{
  ""answer"": ""YES-SIMILAR"",
  ""explanation"": ""Both code snippets are functionally similar. They are both solving the same problem, which appears to be a problem where you have to determine the number of times a given number can be divided by another number before it is reduced to 1. The PHP code snippet uses a while loop to increment a counter until the number is reduced to 1, while the Java code snippet uses a similar approach with a while loop. The main difference is in the approach used to calculate the number of times the number can be divided by the divisor, but the overall functionality",63
2014_3_1,138333,2014_3_1,134611,CLONE,2026-07-06 08:24:10,"{
  ""answer"": ""YES-SIMILAR"",
  ""explanation"": ""Both code snippets are functionally similar. They both solve the same problem, which is to find the minimum number of generations needed to make the larger number a power of two. The Java code snippet uses a while loop to repeatedly divide the larger number by 2 until it is odd, while the C++ code snippet uses a function called getPower to achieve the same result. The Java code snippet also uses a similar approach to the C++ code snippet to find the greatest common divisor (GCD) of the two numbers and divide both numbers by the",64
2014_3_1,134611,2014_3_1,139370,CLONE,2026-07-06 08:24:13,"{
  ""answer"": ""YES-SIMILAR"",
  ""explanation"": ""Both code snippets are functionally similar as they both implement a solution to the same problem. The problem appears to be a modified version of the Collatz Conjecture, where the goal is to find the number of steps required to reduce a given pair of numbers (p and q) to 1 by repeatedly dividing by the greatest common divisor and halving the numbers until they are both 1. The C++ code uses recursion to solve the problem, while the Python code uses a loop. The logic and steps taken in both codes are similar,",65
2014_3_1,139370,2014_3_1,134295,CLONE,2026-07-06 08:24:16,"{
  ""answer"": ""YES-SIMILAR"",
  ""explanation"": ""Both code snippets are functionally similar. They both calculate the number of steps required to make the ratio of P to Q as close to 1 as possible, given certain conditions. The PHP code snippet uses a different approach to calculate the greatest common divisor (GCD) and then divides P and Q by the GCD. The Python code snippet uses a while loop to repeatedly divide P and Q by 2 until they are both odd. In both cases, the algorithm then counts the number of steps required to make the ratio of P to Q as",66
2014_3_1,134295,2014_3_1,138333,CLONE,2026-07-06 08:24:20,"{
  ""answer"": ""YES-SIMILAR"",
  ""explanation"": ""Both code snippets are functionally similar. They both calculate the number of steps required to divide a given pair of numbers P and Q, where P and Q are integers and the goal is to divide P by Q until Q is less than or equal to the square root of P. The Java code uses a while loop to divide Q by 2 until Q is odd, then continues to divide Q by 2 until Q is odd, and then prints 'impossible' if P cannot be divided by Q. The PHP code does the same, but",67
2014_3_1,140281,2014_3_1,132142,CLONE,2026-07-06 08:24:22,"{
  ""answer"": ""YES-SIMILAR"",
  ""explanation"": ""Both code snippets are functionally similar as they solve the same problem, which is to find the minimum number of steps required to make the quotient of two numbers by repeatedly dividing the larger number by 2 until it is less than the smaller number. They use different approaches to achieve this goal, but the end result is the same.""
}",68
2014_3_1,132142,2014_3_1,143074,CLONE,2026-07-06 08:24:25,"{
  ""answer"": ""YES-SIMILAR"",
  ""explanation"": ""Both code snippets are functionally similar as they achieve the same task, which is to find the minimum number of steps required to reach a certain value from another value with a given ratio. The C++ code snippet uses a while loop to find the greatest common divisor (GCD) and then iterates to find the minimum number of steps. The Python code snippet uses a function to find the GCD and then iterates to find the minimum number of steps. Although the syntax and structure differ, they achieve the same result.""
}",69
2014_3_1,143074,2014_3_1,132975,CLONE,2026-07-06 08:24:28,"{
  ""answer"": ""YES-SIMILAR"",
  ""explanation"": ""Both code snippets are functionally similar as they achieve the same task. They both take input from the user, process it, and output the result. The code snippets use different approaches to calculate the greatest common divisor (GCD) and determine if a number can be represented as a power of 2. However, the overall functionality is the same.""
}",70
2014_3_1,132975,2014_3_1,140281,CLONE,2026-07-06 08:24:31,"{
  ""answer"": ""YES-SIMILAR"",
  ""explanation"": ""Both code snippets are functionally similar. They are solving the same problem, which is to find the minimum number of times to divide the first number by the second number until the first number becomes 0, or if it's impossible. The PHP code uses a while loop to repeatedly divide the first number by the second number until the first number becomes 0, and then prints the minimum count. The Java code uses a while loop to repeatedly multiply the first number by 2 and subtract the second number until the first number becomes 0, and then",71
2015_0_1,47939,2015_0_1,44230,CLONE,2026-07-06 08:24:34,"{
  ""answer"": ""YES-SIMILAR"",
  ""explanation"": ""Both code snippets are functionally similar as they achieve the same task. They are both solving the same problem, where the goal is to find the total number of standing ovations in a given string. The problem involves counting the number of times a standing ovation is required based on a string of digits. Both codes use a similar approach, iterating over the string, counting the number of times a standing ovation is needed, and then printing the result. Although the syntax and structure differ, the logic and purpose of the code are the same.""
}",72
2015_0_1,44230,2015_0_1,106809,CLONE,2026-07-06 08:24:37,"{
  ""answer"": ""YES-SIMILAR"",
  ""explanation"": ""Both code snippets are functionally similar. They both take input, process it, and output the result. The main difference is in the language used (C++ and Python) and the syntax. The C++ code uses two custom macros for loops, while the Python code uses built-in loop constructs. The C++ code uses `cin` and `printf` for input and output, while the Python code uses `input` and `print`. However, the logic and the steps taken to process the input are the same in both code snippets.""
}",73
2015_0_1,106809,2015_0_1,25955,CLONE,2026-07-06 08:24:41,"{
  ""answer"": ""YES-SIMILAR"",
  ""explanation"": ""Both code snippets are functionally similar. They are both solving the same problem, which appears to be a greedy algorithm to calculate the minimum number of people that need to be borrowed in order to reach the maximum shy level. The Python code snippet uses a for loop to iterate over the levels, while the PHP code snippet uses a foreach loop. The logic of the algorithm is the same in both cases: it keeps track of the current shy level, and if the current shy level is greater than the gotten level, it borrows the difference and adds it",74
2015_0_1,25955,2015_0_1,47939,CLONE,2026-07-06 08:24:44,"{
  ""answer"": ""YES-SIMILAR"",
  ""explanation"": ""Both code snippets are functionally similar. They are solving the same problem, which is to calculate the maximum number of people that need to borrow a certain number of people to reach a certain level. The problem seems to be related to a'standing ovation' problem where people are standing in a line and some of them need to borrow from others to reach a certain level. The code snippets use different approaches to solve this problem, but they achieve the same result. The PHP code snippet uses a loop to iterate over each line of input, while the",75
2015_0_1,43660,2015_0_1,64620,CLONE,2026-07-06 08:24:47,"{
  ""answer"": ""YES-SIMILAR"",
  ""explanation"": ""Both code snippets are functionally similar. They both read input from the user, process it, and print the result. The main difference is in the language used (Java vs C++), but the logic and functionality are the same. The Java code reads integers from the input and calculates the sum of digits in each number, while the C++ code does the same but with strings and long long integers.""
}",76
2015_0_1,64620,2015_0_1,86599,CLONE,2026-07-06 08:24:50,"{
  ""answer"": ""YES-SIMILAR"",
  ""explanation"": ""Both code snippets read input from a file, process the input, and output the result for each case. The main difference is in the approach to read the input and process it. The C++ code reads a line from the file and processes it character by character, while the Python code reads a line from the file and processes it token by token. However, the overall functionality is the same: to calculate the number of 'friends' for each case, where 'friends' is the sum of the differences between the current position and the position of the",77
2015_0_1,86599,2015_0_1,28465,CLONE,2026-07-06 08:24:53,"{
  ""answer"": ""YES-SIMILAR"",
  ""explanation"": ""Both code snippets are functionally similar. They both read a file, process each line of the file, and calculate the number of invites needed for each case. The Python code snippet calculates the number of invites by iterating over the individuals in the audience and adding the number of invites needed for each individual, while the PHP code snippet uses a similar approach but with a loop that iterates over the individuals in the audience. Both code snippets produce the same result, which is the total number of invites needed for each case.""
}",78
2015_0_1,28465,2015_0_1,43660,CLONE,2026-07-06 08:24:57,"{
  ""answer"": ""YES-SIMILAR"",
  ""explanation"": ""Both code snippets are functionally similar. They both appear to be solving the same problem, which involves reading input from a file, parsing the input, and calculating the number of invitations required for a given audience. The PHP code snippet uses a loop to iterate over each line of input, while the Java code snippet uses a for loop to iterate over each character in the input string. The logic for calculating the number of invitations is also similar, with the PHP code using a variable'standing_now' to keep track of the current number of individuals, and",79
2015_0_1,100718,2015_0_1,65110,CLONE,2026-07-06 08:24:59,"{
  ""answer"": ""YES-SIMILAR"",
  ""explanation"": ""Both code snippets are functionally similar. They both read input from a file, parse the input to extract relevant values, and calculate the minimum number of friends required to reach a certain level of shyness. The main difference is in the syntax and structure, but the logic behind the code is identical.""
}",80
2015_0_1,65110,2015_0_1,60803,CLONE,2026-07-06 08:25:02,"{
  ""answer"": ""YES-SIMILAR"",
  ""explanation"": ""Both code snippets are functionally similar. They both read input from a file, process it, and output the result to another file. The C++ code snippet reads input from a file 'ovat.in', processes the input using a for loop, and outputs the result to a file 'ovat.out'. The Python code snippet reads input from a file specified by the command line argument, processes the input using a for loop, and outputs the result to the console. The main difference is that the C++ code snippet uses a more straightforward approach to process the",81
2015_0_1,60803,2015_0_1,96593,CLONE,2026-07-06 08:25:05,"{
  ""answer"": ""YES-SIMILAR"",
  ""explanation"": ""Both code snippets are functionally similar. They both take input from a file, process it, and output the result to another file. The first code snippet calculates the maximum value that can be obtained by subtracting the cumulative sum of a list from a range of numbers, while the second code snippet calculates the number of friends needed to make everyone stand together. However, the underlying logic is similar, as both code snippets use a cumulative sum and a loop to process the input and calculate the result.""
}",82
2015_0_1,96593,2015_0_1,100718,CLONE,2026-07-06 08:25:09,"{
  ""answer"": ""YES-SIMILAR"",
  ""explanation"": ""Both code snippets are functionally similar. They are both solving the same problem, which is to determine the minimum number of friends needed to make everyone stand up in an audience. The PHP code snippet uses a do-while loop to add friends until everyone is standing, while the Java code snippet uses a for loop to calculate the minimum number of friends needed. The Java code snippet uses a different approach to calculate the sum of the digits in each case, but the end result is the same. The PHP code snippet also uses a similar approach to calculate the",83
2015_0_2,91000,2015_0_2,96440,CLONE,2026-07-06 08:25:12,"{
  ""answer"": ""YES-SIMILAR"",
  ""explanation"": ""Both code snippets are functionally similar. They both read input from a file, process it, and write output to another file. The main task of both code snippets is to calculate the minimum number of operations required to divide a given number of pancakes into groups of a certain size. They both use a similar approach, sorting the pancakes, calculating the minimum number of operations for each group size, and finding the minimum result. The only difference is in the programming language and syntax used.""
}",84
2015_0_2,96440,2015_0_2,36519,CLONE,2026-07-06 08:25:15,"{
  ""answer"": ""YES-SIMILAR"",
  ""explanation"": ""Both code snippets are functionally similar. They both calculate the minimum number of minutes required to split a pile of pancakes into smaller sub-piles. The C++ code snippet uses a brute force approach, iterating over each possible limit from 1 to the maximum pancake size. The Python code snippet uses a dynamic programming approach to calculate the minimum number of minutes required. Both code snippets achieve the same result, even though they differ in syntax and structure.""
}",85
2015_0_2,36519,2015_0_2,103402,CLONE,2026-07-06 08:25:17,"{
  ""answer"": ""YES-SIMILAR"",
  ""explanation"": ""Both code snippets are functionally similar as they are implementing the same algorithm to calculate the minimum time required to split pancakes into piles of a certain size, with the goal of minimizing the total time. The Python code uses a greedy approach to find the minimum time by iterating through different pile sizes, while the PHP code uses a similar approach with a while loop to find the minimum time. The main difference is in the implementation details, but the overall logic and goal are the same.""
}",86
2015_0_2,103402,2015_0_2,91000,CLONE,2026-07-06 08:25:21,"{
  ""answer"": ""YES-SIMILAR"",
  ""explanation"": ""Both code snippets are functionally similar. They both read input from a file, process it, and write the output to another file. The main task is to find the minimum number of minutes required for a series of 'diners' (or 'pancakes' in the Java code) with different sizes, where each diner is divided into equal parts of a certain size 'y'. The Java code uses a more complex approach with sorting and arrays, while the PHP code uses a simpler approach with a loop and a variable. Despite the differences in syntax",87
2015_0_2,21812,2015_0_2,88257,CLONE,2026-07-06 08:25:24,"{
  ""answer"": ""YES-SIMILAR"",
  ""explanation"": ""Both code snippets are functionally similar. They both solve the same problem, which appears to be a competitive programming problem where they aim to find the minimum number of days required to eat all pancakes (represented as integers) in the most efficient way. Both codes use a similar approach, iterating through possible eating days (1 to max of all pancakes) and calculating the minimum number of days required to eat all pancakes. The main difference lies in the implementation details, such as using a StringTokenizer in Java and manual parsing in C++. However, the overall logic and",88
2015_0_2,88257,2015_0_2,81081,CLONE,2026-07-06 08:25:27,"{
  ""answer"": ""YES-SIMILAR"",
  ""explanation"": ""Both code snippets are functionally similar. They both read input from a file, process the input, and output the result. The main difference is that the C++ code uses a brute force approach to find the maximum value and divisions, while the Python code uses a memoization approach to optimize the calculation. The Python code also uses a more complex structure with functions and decorators, but the overall functionality is similar.""
}",89
2015_0_2,81081,2015_0_2,102321,CLONE,2026-07-06 08:25:30,"{
  ""answer"": ""YES-SIMILAR"",
  ""explanation"": ""Both code snippets are functionally similar. They both solve the same problem: finding the minimum number of splits required to eat all pancakes. The Python code snippet uses a function called eat_all to calculate the number of splits, while the PHP code snippet uses a function called test. Both functions iterate through the maximum stack value from max down to 1, and calculate the number of splits for each value. The main difference is in the syntax and structure, but the logic and functionality are the same.""
}",90
2015_0_2,102321,2015_0_2,21812,CLONE,2026-07-06 08:25:34,"{
  ""answer"": ""YES-SIMILAR"",
  ""explanation"": ""Both code snippets are functionally similar. They both read input from a file, process the input to find the minimum number of days required to eat all pancakes, and output the result for each test case. The PHP code snippet uses a brute-force approach to find the minimum number of days, while the Java code snippet uses a similar approach but with a more efficient algorithm. The main difference is that the PHP code snippet uses a loop to iterate over the maximum days, while the Java code snippet uses a single loop to iterate over the days. However,",91
2015_0_2,40957,2015_0_2,38840,CLONE,2026-07-06 08:25:37,"{
  ""answer"": ""YES-SIMILAR"",
  ""explanation"": ""Both code snippets are functionally similar. They both take an input array of integers, find the maximum value in the array, and then iterate through possible values from 1 to the maximum value. For each value, they calculate the sum of the array elements divided by the value, and keep track of the minimum sum found. The final result is the minimum sum found. The Java code uses a more complex approach with multiple threads and error handling, while the C++ code is more straightforward. However, the underlying logic is the same, and both codes",92
2015_0_2,38840,2015_0_2,100159,CLONE,2026-07-06 08:25:40,"{
  ""answer"": ""YES-SIMILAR"",
  ""explanation"": ""Both code snippets are functionally similar. They are solving the same problem, which is to find the minimum number of moves required for a set of plates to be evenly distributed among the plates. The problem involves reading input data, sorting the plates, and then calculating the minimum number of moves required for each plate to be evenly distributed. The Python code snippet uses a more object-oriented approach, while the C++ code snippet uses a more procedural approach. However, both code snippets achieve the same result and perform the same task, making them functionally similar.""
",93
2015_0_2,100159,2015_0_2,55775,CLONE,2026-07-06 08:25:43,"{
  ""answer"": ""YES-SIMILAR"",
  ""explanation"": ""Both code snippets are functionally similar. They both take an array of integers as input, sort the array, and then iterate over the array to find the minimum number of moves required to reach the highest value in the array. The main difference is in the implementation details, such as the use of different programming languages (Python and PHP), and the method of handling the array operations. However, the overall logic and purpose of the code is the same.""
}",94
2015_0_2,55775,2015_0_2,40957,CLONE,2026-07-06 08:25:46,"{
  ""answer"": ""YES-SIMILAR"",
  ""explanation"": ""Both code snippets are functionally similar. They both solve the same problem, which is to find the minimum number of stacks required to reduce a given array of integers. The PHP code uses a brute force approach, trying all possible stack sizes, while the Java code uses a more efficient approach, iterating over the array and updating the maximum stack size. The main function in both codes takes an array of integers as input and returns the minimum number of stacks required to reduce the array.""
}",95
2015_0_3,42051,2015_0_3,41900,CLONE,2026-07-06 08:25:50,"{
  ""answer"": ""YES-SIMILAR"",
  ""explanation"": ""Both code snippets are functionally similar. They both implement a solution to a problem involving quaternion multiplication and string manipulation. The Java code snippet appears to be solving a problem where a string is given and the goal is to find whether the string can be transformed into a specific pattern by applying a series of quaternion multiplications. The C++ code snippet is also solving the same problem, but with some differences in implementation. Both code snippets use a similar approach, where they iterate over the string, apply quaternion multiplications, and check if the resulting value matches a",96
2015_0_3,41900,2015_0_3,103585,CLONE,2026-07-06 08:25:53,"{
  ""answer"": ""YES-SIMILAR"",
  ""explanation"": ""Both code snippets are functionally similar. They are both solving the same problem, which involves determining the existence of a specific index in a sequence of operations. The C++ code snippet uses a brute force approach with a loop to find the index, while the Python code snippet uses a more efficient approach by utilizing a dictionary to map the operations and their results. The Python code snippet also uses a more concise syntax and structure, but the overall logic and functionality are similar to the C++ code snippet.""
}",97
2015_0_3,103585,2015_0_3,19800,CLONE,2026-07-06 08:25:56,"{
  ""answer"": ""YES-SIMILAR"",
  ""explanation"": ""Both code snippets are functionally similar. They both appear to be solving the same problem, which involves multiplying a string of characters according to certain rules and then checking if the result meets certain conditions based on the input count. The rules for multiplication are implemented differently in each code snippet, but the overall logic is the same.""
}",98
2015_0_3,19800,2015_0_3,42051,CLONE,2026-07-06 08:26:00,"{
  ""answer"": ""YES-SIMILAR"",
  ""explanation"": ""Both code snippets are functionally similar. They both appear to be solving the same problem, which is to determine whether a given string of characters can be multiplied according to certain rules. The rules seem to be based on quaternion multiplication, where certain pairs of characters are multiplied to produce a result. The PHP code snippet uses a more complex approach with a custom multiplication function, while the Java code snippet uses a pre-defined table to perform the multiplication. Both code snippets have a similar structure, where they iterate over the input string, apply the multiplication rules, and",99
2015_0_3,47513,2015_0_3,49764,CLONE,2026-07-06 08:26:03,"{
  ""answer"": ""YES-SIMILAR"",
  ""explanation"": ""Both code snippets are functionally similar. They appear to be solving the same problem, a string manipulation problem where the input string is processed in a specific way. The Java code uses a more complex approach with a table-based approach, while the C++ code uses a power function to achieve the same result. The main difference is in the implementation details, but the overall functionality is the same.""
}",100
2015_0_3,49764,2015_0_3,103774,CLONE,2026-07-06 08:26:07,"{
  ""answer"": ""YES-SIMILAR"",
  ""explanation"": ""Both code snippets are functionally similar. They both appear to be solving the same problem, which involves checking if a given string can be transformed into a specific pattern by applying a set of operations. The C++ code uses a table-based approach, while the Python code uses a dictionary-based approach. The C++ code uses a switch statement to convert characters to their corresponding values, while the Python code uses a dictionary to map characters to their corresponding values. The core logic of the code is the same: it checks if the string can be transformed into a",101
2015_0_3,103774,2015_0_3,102323,CLONE,2026-07-06 08:26:10,"{
  ""answer"": ""YES-SIMILAR"",
  ""explanation"": ""Both code snippets are functionally similar. They both read input, process it according to specific rules, and output a 'YES' or 'NO' based on the result. The main difference is in the implementation details, with the Python code using a more straightforward approach and the PHP code using an object-oriented approach. The core logic of the two code snippets is the same, with the Python code using a function to handle the processing and the PHP code using a class to encapsulate the state and behavior.""
}",102
2015_0_3,102323,2015_0_3,47513,CLONE,2026-07-06 08:26:14,"{
  ""answer"": ""YES-SIMILAR"",
  ""explanation"": ""Both code snippets are functionally similar. They both appear to be solving the same problem, which involves processing a string of characters according to certain rules. The rules involve eating characters, flipping them, and checking if the resulting character is valid. The Java code snippet uses a more complex approach with separate methods for eating characters, checking validity, and flipping, whereas the PHP code snippet uses a more straightforward approach with a single Num class and methods for consuming and checking characters. However, the overall logic and functionality of both code snippets are similar, with the main",103
2015_0_3,96608,2015_0_3,23036,CLONE,2026-07-06 08:26:18,"{
  ""answer"": ""YES-SIMILAR"",
  ""explanation"": ""Both code snippets are functionally similar. They both implement the Dijkstra's algorithm to solve a problem where the input is a string 'test' and the output is 'YES' or 'NO' depending on whether the string 'test' can be multiplied to a certain number 'x'. The Java code uses a HashMap to store the values of the string 'test' and the C++ code uses an array to store the values. The Java code uses a recursive function to find the solution and the C++ code uses a loop to find the solution",104
2015_0_3,23036,2015_0_3,72742,CLONE,2026-07-06 08:26:21,"{
  ""answer"": ""YES-SIMILAR"",
  ""explanation"": ""Both code snippets are functionally similar. They both appear to be solving a problem related to quaternions, where they are checking if a given string repeated a certain number of times is legal. The C++ code snippet uses a multiplication table and a recursive multiplication function, while the Python code snippet uses a multiplication function and a recursive multiplication function. Both code snippets have a similar structure and are solving the same problem, just with different approaches.""
}",105
2015_0_3,72742,2015_0_3,18309,CLONE,2026-07-06 08:26:25,"{
  ""answer"": ""YES-SIMILAR"",
  ""explanation"": ""Both code snippets are functionally similar as they both implement a solution to the same problem. The problem appears to be related to quaternions and their multiplication. Both code snippets use a similar approach to solve the problem, which involves iterating over the input string, multiplying quaternions, and checking for certain conditions to determine if the solution is valid. The main difference between the two code snippets is in their implementation details, such as the data types used and the function names, but the overall logic and approach are the same.""
}",106
2015_0_3,18309,2015_0_3,96608,CLONE,2026-07-06 08:26:29,"{
  ""answer"": ""YES-SIMILAR"",
  ""explanation"": ""Both code snippets are functionally similar. They both implement a solution to the problem of finding a string that multiplies to -1. The PHP code uses a recursive approach, while the Java code uses a iterative approach. Both codes use a similar logic to handle the multiplication of the string and to find the solution. The Java code has additional complexity due to its use of a HashMap to store the multiplication results, but the overall logic and functionality are similar.""
}",107
2015_0_4,86262,2015_0_4,63026,CLONE,2026-07-06 08:26:33,"{
  ""answer"": ""YES-SIMILAR"",
  ""explanation"": ""Both code snippets are functionally similar. They both read input from a file, process the input data, and output the results to another file. The main difference is in the input and output file names, data types, and syntax, but the overall functionality is the same. The Java code snippet is designed to read input from a file named 'Example.txt' and output to 'output.txt', while the C++ code snippet reads from 'D-large.IN' and outputs to 'outfinal.OUT'. The Java code uses a Scanner to read integers,",108
2015_0_4,63026,2015_0_4,57828,CLONE,2026-07-06 08:26:36,"{
  ""answer"": ""YES-SIMILAR"",
  ""explanation"": ""Both code snippets are functionally similar as they achieve the same task of determining whether to output 'GABRIEL' or 'RICHARD' based on certain conditions. The conditions are as follows: (1) X >= 7 or X > R or (X+1)/2 > C or R*C % X!= 0 or (X == 4 and C == 2) or (X == 5 and C == 3 and R == 5) or (X == 6 and C == 3).",109
2015_0_4,57828,2015_0_4,68310,CLONE,2026-07-06 08:26:40,"{
  ""answer"": ""YES-SIMILAR"",
  ""explanation"": ""Both code snippets are functionally similar. They both take an input (either from user input in Python or a file in PHP) and process it to determine whether to output 'RICHARD' or 'GABRIEL' based on certain conditions. The conditions in both snippets are almost identical, including checks for X being greater than or equal to 7, X being greater than R or C, (X+1)//2 being greater than C, R*C % X not being equal to 0, and specific edge cases for X and",110
2015_0_4,68310,2015_0_4,86262,CLONE,2026-07-06 08:26:43,"{
  ""answer"": ""YES-SIMILAR"",
  ""explanation"": ""Both code snippets are functionally similar. They both take input from a file, process the input to determine whether a condition is met, and output the result to a file. The condition being checked is whether the size of an 'omino' (represented by 'X' in the Java code and 'omino_size' in the PHP code) can be divided evenly by the product of its width and height (represented by 'R' and 'C' in the Java code and 'row' and 'column' in the PHP code). If",111
2015_0_4,30398,2015_0_4,86932,CLONE,2026-07-06 08:26:46,"{
  ""answer"": ""YES-SIMILAR"",
  ""explanation"": ""Both code snippets are functionally similar as they achieve the same task. They read input from a file, process the input, and output the result to another file. The specific logic used to determine the winner is similar, with both code snippets checking for different conditions to determine if Richard wins. The main difference is in the syntax and structure, with the Java code using a more object-oriented approach and the C++ code using a more procedural approach.""
}",112
2015_0_4,86932,2015_0_4,94256,CLONE,2026-07-06 08:26:50,"{
  ""answer"": ""YES-SIMILAR"",
  ""explanation"": ""Both code snippets are functionally similar. They are both designed to determine whether a given pair of numbers (X, R, C) meets certain conditions, ultimately deciding whether the result should be 'RICHARD' or 'GABRIEL'. The conditions include checking if X is greater than or equal to 7, if X divided by the product of R and C has no remainder, if X is greater than both R and C, if X is greater than the maximum of R and C, and if the minimum of the two values derived",113
2015_0_4,94256,2015_0_4,19708,CLONE,2026-07-06 08:26:53,"{
  ""answer"": ""YES-SIMILAR"",
  ""explanation"": ""Both code snippets are functionally similar. They both appear to be solving the same problem, which involves determining whether 'GABRIEL' or 'RICHARD' will win in a game based on certain conditions. The conditions for winning are as follows: 1) x >= 7, 2) r and c both < x, 3) one of r or c < (half of x amino L shaped), 4) r * c is not divisible by x, 5) one of r or c = x and",114
2015_0_4,19708,2015_0_4,30398,CLONE,2026-07-06 08:26:56,"{
  ""answer"": ""YES-SIMILAR"",
  ""explanation"": ""Both code snippets are functionally similar. They are solving the same problem, which is to determine whether Richard or Gabriel will win based on the given parameters. The PHP code snippet uses a class called Solution, while the Java code snippet uses a class called Omino. The logic for determining the winner is the same in both code snippets, despite the differences in syntax and structure.""
}",115
2015_0_4,29877,2015_0_4,60776,CLONE,2026-07-06 08:26:59,"{
  ""answer"": ""YES-SIMILAR"",
  ""explanation"": ""Both code snippets are functionally similar as they both determine whether Richard can win a game based on the values of X, R, and C. The Java code snippet uses a more complex logic with multiple conditions, while the C++ code snippet uses a simpler logic with fewer conditions. However, both codes achieve the same result, which is to determine whether Richard can win the game based on the given values of X, R, and C.""
}",116
2015_0_4,60776,2015_0_4,74018,CLONE,2026-07-06 08:27:02,"{
  ""answer"": ""YES-SIMILAR"",
  ""explanation"": ""Both code snippets are functionally similar. They both take three inputs (X, R, C) and determine whether to return 'GABRIEL' or 'RICHARD' based on certain conditions. The conditions are similar, with some variations in the specific logic used. The C++ code checks for divisibility of X by R and C, while the Python code checks for divisibility and also considers the values of R and C. The main difference is in the logic for certain cases, but the overall functionality is the same.""
}",117
2015_0_4,74018,2015_0_4,78114,CLONE,2026-07-06 08:27:06,"{
  ""answer"": ""YES-SIMILAR"",
  ""explanation"": ""Both code snippets are functionally similar as they both determine who wins in a game based on the given conditions. The conditions include: X >= 7, (R*C) % X, R < C, X > R, C == 1, C == 2, C == 3, R == 1, R == 2, X <= 5, and X == 6 and C == 4. The code snippets use different syntax and structures but achieve the same result, thus they are functionally similar.""
}",118
2015_0_4,78114,2015_0_4,29877,CLONE,2026-07-06 08:27:09,"{
  ""answer"": ""YES-SIMILAR"",
  ""explanation"": ""Both code snippets are functionally similar. They are both designed to determine who wins in a game, with 'RICHARD' winning under certain conditions and 'GABRIEL' winning otherwise. The conditions for winning are based on the values of X, R, and C. The logic for determining the winner is similar, with some differences in the implementation details due to the different programming languages used. The PHP code snippet uses a more straightforward approach with multiple if-else statements, while the Java code snippet uses a more complex logic with multiple conditions",119
2015_1_1,112276,2015_1_1,111086,CLONE,2026-07-06 08:27:13,"{
  ""answer"": ""YES-SIMILAR"",
  ""explanation"": ""Both code snippets read input from a file, process it, and write the output to another file. They both have a main function that iterates over a number of cases, and for each case, they read a certain amount of data, process it using two different functions (solve1 and solve2 in Java, processCase in C++), and write the result to the output file. The functions processCase and solve1/solve2 have similar logic, they calculate the difference between consecutive elements in the input data and sum it up, and then",120
2015_1_1,111086,2015_1_1,117734,CLONE,2026-07-06 08:27:16,"{
  ""answer"": ""YES-SIMILAR"",
  ""explanation"": ""Both code snippets are functionally similar. They both solve the same problem, which is to find the maximum sum of differences between consecutive elements in a list, and the sum of the minimum of each element and a given threshold. The C++ code uses templates to read and print data from a file, while the Python code uses built-in functions to read from the standard input. The logic of the problem-solving part is identical in both code snippets.""
}",121
2015_1_1,117734,2015_1_1,122934,CLONE,2026-07-06 08:27:19,"{
  ""answer"": ""YES-SIMILAR"",
  ""explanation"": ""Both code snippets are functionally similar. They both take an array of integers as input and return two values based on the differences between consecutive elements in the array. The first value is the sum of the maximum difference between consecutive elements, and the second value is the sum of the minimum of each element and the maximum difference. The code snippets use different syntax and structures, but they achieve the same task and produce the same output.""
}",122
2015_1_1,122934,2015_1_1,112276,CLONE,2026-07-06 08:27:21,"{
  ""answer"": ""YES-SIMILAR"",
  ""explanation"": ""Both code snippets are functionally similar. They are both designed to read input from a file, parse the input data, and calculate the maximum difference between consecutive elements in an array. The main difference is in the syntax and structure of the code, but the functionality is the same.""
}",123
2015_1_1,118030,2015_1_1,122263,CLONE,2026-07-06 08:27:24,"{
  ""answer"": ""YES-SIMILAR"",
  ""explanation"": ""Both code snippets are functionally similar. They both take an array of integers as input and calculate the total number of mushrooms eaten based on a specific rule. The rule is that the number of mushrooms eaten is the sum of the difference between each pair of consecutive mushrooms, with a constant value being the maximum difference between any two consecutive mushrooms. The Java code snippet uses a for loop to iterate over the array, while the C++ code snippet uses a for loop with a conditional statement. The C++ code snippet also includes additional functionality for reading and printing input",124
2015_1_1,122263,2015_1_1,124602,CLONE,2026-07-06 08:27:27,"{
  ""answer"": ""YES-SIMILAR"",
  ""explanation"": ""Both code snippets are functionally similar. They both read input, calculate the sum of differences between consecutive elements in a list, and print the results. The C++ code uses a more complex data structure and algorithm, while the Python code uses a more straightforward approach. The main difference is in the way they handle the input and output, with the C++ code using `cin` and `cout` and the Python code using `stdin` and `print`. However, the logic behind the calculation is the same, and they both achieve the same result",125
2015_1_1,124602,2015_1_1,111264,CLONE,2026-07-06 08:27:30,"{
  ""answer"": ""YES-SIMILAR"",
  ""explanation"": ""Both code snippets are functionally similar. They both take input from a stream of numbers, and calculate the minimum difference between consecutive numbers in each group of numbers, and then add the maximum difference to each number in the group. The output is the sum of these differences and the maximum difference. The code snippets differ in syntax, structure, and specific steps, but they achieve the same task.""
}",126
2015_1_1,111264,2015_1_1,118030,CLONE,2026-07-06 08:27:33,"{
  ""answer"": ""YES-SIMILAR"",
  ""explanation"": ""Both code snippets are functionally similar. They both calculate the minimum number of mushrooms eaten by a monster at any time and the minimum number of mushrooms eaten at a constant rate. They both take an array of mushroom sizes as input and return the minimum number of mushrooms eaten in each case. The PHP code uses a single function to calculate the minimum number of mushrooms eaten, while the Java code uses two separate functions for this calculation. However, the logic and output of both code snippets are identical.""
}",127
2015_1_1,112898,2015_1_1,111866,CLONE,2026-07-06 08:27:36,"{
  ""answer"": ""YES-SIMILAR"",
  ""explanation"": ""Both code snippets are functionally similar. They are solving the same problem, which appears to be a competitive programming problem where they need to calculate the minimum and maximum 'eat' values based on an array of integers. They iterate over the array, calculate the differences between adjacent elements, and then calculate the minimum and maximum 'eat' values. They then print the results for each test case. Although the syntax and structure are different, the logic and functionality of both code snippets are the same.""
}",128
2015_1_1,111866,2015_1_1,111647,CLONE,2026-07-06 08:27:40,"{
  ""answer"": ""YES-SIMILAR"",
  ""explanation"": ""Both code snippets are functionally similar because they are implementing the same task. The C++ code snippet is calculating two sums: the sum of the differences between consecutive elements in the array (ans1) and the sum of the minimum of the maximum difference and each element in the array (ans2). The Python code snippet has a similar function with the same task, although it is not explicitly stated in the code. The Python code snippet is a collection of helper functions, but one of the functions, read_list_of_types, can be used to read",129
2015_1_1,111647,2015_1_1,121770,CLONE,2026-07-06 08:27:43,"{
  ""answer"": ""YES-SIMILAR"",
  ""explanation"": ""Both code snippets are functionally similar because they perform similar tasks. The Python code snippet appears to be a collection of helper functions, while the PHP code snippet seems to be a solution to a specific problem. However, upon closer inspection, it can be seen that the PHP code snippet is calculating the total number of mushrooms eaten, and the Python code snippet contains a function called `read_list_of_types` which can be used to read and convert different types from a file. The Python function `read_list_of_types` can be used to read a line",130
2015_1_1,121770,2015_1_1,112898,CLONE,2026-07-06 08:27:46,"{
  ""answer"": ""YES-SIMILAR"",
  ""explanation"": ""Both code snippets are functionally similar. They both calculate the amount of mushrooms eaten in each case, given a list of mushroom counts. They both iterate through the list, calculate the amount eaten in each step, and keep track of the maximum amount eaten. The PHP code uses a recursive function to calculate the total amount eaten, while the Java code uses a for loop. Both codes also print the result in a similar format. The only difference is the input/output handling, which is not relevant to the functionality of the code.""
}",131
2016_0_1,76319,2016_0_1,65647,CLONE,2026-07-06 08:27:50,"{
  ""answer"": ""YES-SIMILAR"",
  ""explanation"": ""Both code snippets are functionally similar. They both read input from a file, process the input, and write the output to a file. The main task of both code snippets is to find a number that is not a multiple of any digit (0-9) when multiplied by a given number. If such a number is found, it is written to the output file; otherwise, 'INSOMNIA' is written. The Java code snippet uses a more complex approach, with a custom array to store the digits, while the C++ code",132
2016_0_1,65647,2016_0_1,94639,CLONE,2026-07-06 08:27:52,"{
  ""answer"": ""YES-SIMILAR"",
  ""explanation"": ""Both code snippets are functionally similar. They both implement a solution to the 'Sheep and Wolves' problem, where they take an input number 'n' and determine if it is a multiple of 10 (i.e., all digits are unique) or not. If 'n' is a multiple of 10, they return the number itself; otherwise, they return 'INSOMNIA'.""
}",133
2016_0_1,94639,2016_0_1,48618,CLONE,2026-07-06 08:27:55,"{
  ""answer"": ""YES-SIMILAR"",
  ""explanation"": ""Both code snippets are functionally similar. They both take an input number and multiply it by an increasing counter until all digits are unique. If all digits become unique, the current product of the input number and the counter is returned. If the counter reaches a maximum value (1000000 in the PHP code and not explicitly defined in the Python code, but can be inferred), the result is 'INSOMNIA'.""
}",134
2016_0_1,48618,2016_0_1,76319,CLONE,2026-07-06 08:27:59,"{
  ""answer"": ""YES-SIMILAR"",
  ""explanation"": ""Both code snippets are functionally similar. They are designed to read input from a file, process it, and output the result to another file. The PHP code snippet uses a while loop to multiply the input number by a counter, and then checks if the resulting number has all digits from 0 to 9. If it does, it prints the result. The Java code snippet does the same thing, but with a different approach. It uses an array to keep track of the digits and updates it as it multiplies the input number by a counter",135
2016_0_1,117099,2016_0_1,134225,CLONE,2026-07-06 08:28:02,"{
  ""answer"": ""YES-SIMILAR"",
  ""explanation"": ""Both code snippets are functionally similar as they both implement a solution to the same problem, which is to find the number of times the input number 'N' appears in a string representation of a number. The Java code uses a Scanner to read input and a for loop to iterate over each case, while the C++ code uses a for loop to iterate over each case and a function to calculate the mask. Both codes use the same approach to calculate the mask, which is to multiply the input number 'N' by the iteration number 'i'",136
2016_0_1,134225,2016_0_1,88781,CLONE,2026-07-06 08:28:05,"{
  ""answer"": ""YES-SIMILAR"",
  ""explanation"": ""Both code snippets are functionally similar. They are both solving the same problem, which appears to be a variant of the 'insomnia problem'. The problem likely involves finding the smallest number that can be formed by adding the digits of a given number 'n' repeatedly until a 10-digit number is formed. The C++ code uses a loop to repeatedly add 'n' to the number and checks if the resulting number has 10 digits by checking if the mask is equal to 2^10 - 1. The Python code uses a while",137
2016_0_1,88781,2016_0_1,39027,CLONE,2026-07-06 08:28:09,"{
  ""answer"": ""YES-SIMILAR"",
  ""explanation"": ""Both code snippets are functionally similar. They both appear to be solving the same problem, which involves finding a number that is not divisible by any digit from 0 to 9, starting with a given number N. The Python code uses a while loop to repeatedly add N to the current value until a number is found that is not divisible by any digit. The PHP code uses a recursive function to achieve the same result. Both code snippets return 'INSOMNIA' if the input number is 0.""
}",138
2016_0_1,39027,2016_0_1,117099,CLONE,2026-07-06 08:28:12,"{
  ""answer"": ""YES-SIMILAR"",
  ""explanation"": ""Both code snippets are functionally similar. They are both solving the same problem, which is to find the number of times a given digit appears in a string of digits, and output the result. The PHP code snippet uses a recursive function to remove digits from the string until only one digit remains, while the Java code snippet uses a loop to build a mask by shifting bits left and then checking if the mask contains the digit. Both code snippets achieve the same result, even though they differ in syntax and structure.""
}",139
2016_0_1,100898,2016_0_1,143909,CLONE,2026-07-06 08:28:15,"{
  ""answer"": ""YES-SIMILAR"",
  ""explanation"": ""Both code snippets are functionally similar. They both use a loop to repeatedly add a number to itself until a certain condition is met, and then print the result. The condition in the Java code is met when all digits in the resulting number are true (i.e., when all digits are 1), and in the C++ code, it is met when the mask (representing the digits of the number) is equal to (1<<10)-1. The Java code uses a Scanner to read input numbers, while the C++ code uses",140
2016_0_1,143909,2016_0_1,71388,CLONE,2026-07-06 08:28:18,"{
  ""answer"": ""YES-SIMILAR"",
  ""explanation"": ""Both code snippets are functionally similar as they achieve the same task: they take a number input and output the result after a certain operation is performed on the number. In the C++ code, this operation is performed by the function add, which appends the digits of the input number to a mask until the input number is exhausted. In the Python code, this operation is performed by a while loop that multiplies the input number by an incrementing factor and removes digits from the input number until it is exhausted. The output is the result of this",141
2016_0_1,71388,2016_0_1,113708,CLONE,2026-07-06 08:28:22,"{
  ""answer"": ""YES-SIMILAR"",
  ""explanation"": ""Both code snippets are functionally similar. They both take an input number, and for each number, they perform a process involving multiplication and checking for missing digits. The goal is to find the smallest number that, when multiplied by the input number, does not have any missing digits (0-9). The Python code snippet uses a list to keep track of unused digits, while the PHP code snippet uses an array. Both snippets print the result for each input number, and they handle the case where the input number is 0 separately.""
}",142
2016_0_1,113708,2016_0_1,100898,CLONE,2026-07-06 08:28:25,"{
  ""answer"": ""YES-SIMILAR"",
  ""explanation"": ""Both code snippets are functionally similar as they achieve the same task. The task is to find a number that does not contain any of the digits 0-9 when multiplied by a given base. The PHP code snippet uses a while loop to generate numbers and checks if the generated number contains any of the digits 0-9. The Java code snippet uses a similar approach, generating numbers by adding the original number to itself, and checks if all digits are present in the generated number. Both code snippets return 'INSOMNIA' if no",143
2016_0_4,136626,2016_0_4,135114,CLONE,2026-07-06 08:28:28,"{
  ""answer"": ""YES-SIMILAR"",
  ""explanation"": ""Both code snippets are functionally similar. They both solve the same problem, which appears to be a combinatorics problem where the goal is to find the maximum possible value that can be achieved by a certain formula given some inputs. The Java code snippet calculates the maximum possible value using a loop and the C++ code snippet uses a similar approach with a loop. Although the implementation details differ, the overall logic and purpose of both code snippets are the same.""
}",144
2016_0_4,135114,2016_0_4,63570,CLONE,2026-07-06 08:28:31,"{
  ""answer"": ""YES-SIMILAR"",
  ""explanation"": ""Both code snippets are functionally similar. They both read input from the user, calculate the result based on the given values of K, C, and S, and print the result for each test case. The main difference is in the approach used to calculate the result. The C++ code uses a loop to calculate the result, while the Python code uses a combination of list comprehension and a while loop. However, both codes achieve the same result and perform the same task.""
}",145
2016_0_4,63570,2016_0_4,80717,CLONE,2026-07-06 08:28:34,"{
  ""answer"": ""YES-SIMILAR"",
  ""explanation"": ""Both code snippets are functionally similar. They both solve the same problem, which is to find the possible values of a certain expression given certain constraints. The expression is of the form k^c, where k is a number and c is the power. The constraints are that the product of c and s (another number) is less than or equal to k. The code snippets both use a similar approach to find the possible values of the expression, which involves generating a list of values that satisfy the constraints. The main difference between the code snippets is",146
2016_0_4,80717,2016_0_4,136626,CLONE,2026-07-06 08:28:38,"{
  ""answer"": ""YES-SIMILAR"",
  ""explanation"": ""Both code snippets are functionally similar. They both read input from a file, process the input to calculate a solution, and write the solution to an output file. The main difference is in the language used (PHP vs Java) and the syntax, but the overall functionality is the same. The PHP code snippet calculates the sequence of numbers for a given 'k' and 'c' using a loop, while the Java code snippet uses a similar approach with a loop to calculate the sequence. The Java code snippet also uses a more complex calculation to determine",147
2016_0_4,125922,2016_0_4,90060,CLONE,2026-07-06 08:28:41,"{
  ""answer"": ""YES-SIMILAR"",
  ""explanation"": ""Both code snippets are functionally similar. They both appear to be solving a problem involving a series of test cases, where each test case involves processing a line of input with three integers (K, C, S). The code in both snippets processes these lines and prints out the result for each test case. The specific logic for processing the input and generating the output may differ, but the overall function of the code is the same.""
}",148
2016_0_4,90060,2016_0_4,158305,CLONE,2026-07-06 08:28:44,"{
  ""answer"": ""YES-SIMILAR"",
  ""explanation"": ""Both code snippets are functionally similar as they solve the same problem. They both calculate the result of a sequence of guesses given a certain number of cases (K), a certain number of guesses per case (C), and a maximum number of guesses (S). They both use a similar approach to calculate the result, although the implementation details differ. The C++ code uses a loop to calculate the result for each case, while the Python code uses a function to calculate the result for the small case (K = S) and another function to calculate the",149
2016_0_4,158305,2016_0_4,139021,CLONE,2026-07-06 08:28:48,"{
  ""answer"": ""YES-SIMILAR"",
  ""explanation"": ""Both code snippets appear to be solving the same problem, which is to find the minimum number of guesses required to guess a number in a specific base system with certain constraints. They both have a similar structure and logic, with the main difference being the language used (Python vs PHP). The Python code uses a while loop to build up the guesses, while the PHP code uses a for loop. The PHP code also uses a more complex approach to calculate the possible art works, but the overall functionality is similar.""
}",150
2016_0_4,139021,2016_0_4,125922,CLONE,2026-07-06 08:28:51,"{
  ""answer"": ""YES-SIMILAR"",
  ""explanation"": ""Both code snippets are functionally similar. They both solve the same problem, which is to find the possible values for a given K and C, and return the result in a specific format. The Java code snippet uses a while loop to read the input, while the PHP code snippet uses a for loop. The logic inside the loop is similar, with the main difference being the way the input is read and the way the output is formatted. The PHP code snippet uses a class with methods to solve the problem, while the Java code snippet uses a main",151
2016_0_4,99642,2016_0_4,45917,CLONE,2026-07-06 08:28:55,"{
  ""answer"": ""YES-SIMILAR"",
  ""explanation"": ""Both code snippets are functionally similar. They appear to be solving the same problem, which involves reading input, processing it, and writing output to a file. The Java code uses a BufferedReader to read from a file, while the C++ code uses scanf and printf for input and output. The logic for solving the problem is similar, with the main difference being the language and syntax used. The Java code has additional helper functions for reading different types of input, while the C++ code uses a more concise approach with templates and macros.""
}",152
2016_0_4,45917,2016_0_4,142083,CLONE,2026-07-06 08:28:59,"{
  ""answer"": ""YES-SIMILAR"",
  ""explanation"": ""Both code snippets are functionally similar. They both read input from a file, process it, and output the result to another file. The C++ code uses a more complex template-based approach, while the Python code uses a more straightforward function-based approach. However, both codes achieve the same result: they take input k, c, and s, and output a list of numbers based on these inputs. The C++ code uses a more complex formula to calculate the numbers, while the Python code uses a simpler formula. The Python code also uses a",153
2016_0_4,142083,2016_0_4,37736,CLONE,2026-07-06 08:29:02,"{
  ""answer"": ""YES-SIMILAR"",
  ""explanation"": ""Both code snippets are functionally similar. They both read input from a file, process the input data, and produce output according to a specific algorithm. The algorithm appears to be calculating a sequence of numbers based on the input parameters K and C, and then determining if the sequence can be completed up to a certain length S. If the sequence cannot be completed, the output is 'IMPOSSIBLE'. The specific implementation details differ between the two code snippets, but the overall functionality is the same.""
}",154
2016_0_4,37736,2016_0_4,99642,CLONE,2026-07-06 08:29:06,"{
  ""answer"": ""YES-SIMILAR"",
  ""explanation"": ""Both code snippets are functionally similar. They are both solving the same problem, where they are given a number of cases (T), and for each case, they are given three integers (K, C, S). They then calculate the minimum number of steps to reach S, and if it's impossible, they print 'IMPOSSIBLE', otherwise, they print the steps. The PHP code uses a loop to calculate the position, while the Java code uses a for loop to calculate the position. The logic and the steps are the same in",155
2016_1_1,15819,2016_1_1,15421,CLONE,2026-07-06 08:29:08,"{
  ""answer"": ""YES-SIMILAR"",
  ""explanation"": ""Both code snippets are functionally similar as they achieve the same task. They read input from a file, process the input to find the last word in each line, and output the result to another file. The Java code uses a StringBuilder to build the last word, while the C++ code uses a string to build the result. The logic for determining the last word is the same in both code snippets.""
}",156
2016_1_1,15421,2016_1_1,3308,CLONE,2026-07-06 08:29:11,"{
  ""answer"": ""YES-SIMILAR"",
  ""explanation"": ""Both code snippets are functionally similar. They take input from a file or console, read a string, and output a modified string where each character is appended to the result if it is greater than or equal to the first character, otherwise it is prepended. The main difference is in the input/output handling and syntax between C++ and Python.""
}",157
2016_1_1,3308,2016_1_1,3735,CLONE,2026-07-06 08:29:13,"{
  ""answer"": ""YES-SIMILAR"",
  ""explanation"": ""Both code snippets are functionally similar. They read input from a file, process the input to find the last word in each line, and write the result to an output file. The main difference is in the programming language used (Python vs PHP) and the specific steps taken to accomplish the task, but the overall functionality is the same.""
}",158
2016_1_1,3735,2016_1_1,15819,CLONE,2026-07-06 08:29:16,"{
  ""answer"": ""YES-SIMILAR"",
  ""explanation"": ""Both code snippets are functionally similar. They are both designed to process input strings and output the last word formed by concatenating characters in a specific order. The PHP code snippet reads input from STDIN, while the Java code snippet reads input from a file. The logic of the two code snippets is the same, where they iterate over each character in the input string, appending the character to the last word if it is greater than or equal to the first character of the last word, or prepending it otherwise. The output is formatted as 'Case",159
2016_1_1,28201,2016_1_1,31768,CLONE,2026-07-06 08:29:19,"{
  ""answer"": ""YES-SIMILAR"",
  ""explanation"": ""Both code snippets are functionally similar. They both read input from a file, sort the characters in the input string, and write the sorted string to an output file. The main difference is in the programming language used (Java vs C++) and the syntax, but the overall functionality is the same.""
}",160
2016_1_1,31768,2016_1_1,33316,CLONE,2026-07-06 08:29:21,"{
  ""answer"": ""YES-SIMILAR"",
  ""explanation"": ""Both code snippets are functionally similar. They both take input from a file, process the input string, and output the result to another file. The main difference is that the C++ code uses a simple sorting approach to find the maximum character in the string and then constructs the output string, whereas the Python code uses a more complex approach with recursion and sorting. However, both codes aim to achieve the same task: sorting the input string by the maximum character frequency.""
}",161
2016_1_1,33316,2016_1_1,18665,CLONE,2026-07-06 08:29:25,"{
  ""answer"": ""YES-SIMILAR"",
  ""explanation"": ""Both code snippets are functionally similar. They both read input from a file, process the input to sort a list of characters, and output the sorted list to a file. The sorting algorithm used in both code snippets is similar, where the maximum element in the list is found and then the list is split into two segments around the maximum element, and then each segment is sorted separately. The only difference is in the programming language used (Python and PHP) and the syntax and structure of the code.""
}",162
2016_1_1,18665,2016_1_1,28201,CLONE,2026-07-06 08:29:28,"{
  ""answer"": ""YES-SIMILAR"",
  ""explanation"": ""Both code snippets are functionally similar. They both take a string input and return a sorted string. The PHP code snippet sorts the string by iterating over each character and inserting it into the sorted string in the correct position, while the Java code snippet sorts the string by removing the first character and comparing it to the first character of the sorted string, then inserting it into the correct position. Both codes achieve the same result, but use different approaches to sort the string.""
}",163
2016_1_1,22113,2016_1_1,20829,CLONE,2026-07-06 08:29:31,"{
  ""answer"": ""YES-SIMILAR"",
  ""explanation"": ""Both code snippets are functionally similar. They are both solving the same problem, which is to find the last word in a given string after sorting the characters in the string. The Java code snippet uses a string array to store the characters and then sorts them, while the C++ code snippet uses a character array to store the characters and sorts them in a similar way. The Java code snippet uses a for loop to iterate over the characters and build the sorted string, while the C++ code snippet uses a for loop to iterate over the characters and build",164
2016_1_1,20829,2016_1_1,14703,CLONE,2026-07-06 08:29:34,"{
  ""answer"": ""YES-SIMILAR"",
  ""explanation"": ""Both code snippets are functionally similar. They take a string input and output a modified string where each character is shifted to the right if it is greater than or equal to the previous character. The C++ code uses a for loop to iterate through the string and maintain a start position, while the Python code uses a for loop and list operations to achieve the same result.""
}",165
2016_1_1,14703,2016_1_1,4557,CLONE,2026-07-06 08:29:37,"{
  ""answer"": ""YES-SIMILAR"",
  ""explanation"": ""Both code snippets are functionally similar. They both read input from a file, process the input string by maintaining a prefix, and output the result to another file. The main difference is in the programming language used (Python and PHP) and the file handling syntax. The function `calcular` in the PHP code and the `play_best` function in the Python code perform the same task: maintaining a prefix by comparing each character of the input string with the current prefix.""
}",166
2016_1_1,4557,2016_1_1,22113,CLONE,2026-07-06 08:29:40,"{
  ""answer"": ""YES-SIMILAR"",
  ""explanation"": ""Both code snippets are functionally similar. They both take input from a file, process the input, and output the result to another file. The processing involves comparing each character in the input to the current output string and appending the character to the output string if it is in the correct order. The PHP code uses a for loop to process each line, while the Java code uses a for-each loop to process each character. The Java code also uses a more modern approach with a Scanner and BufferedReader to read the input, whereas the PHP code uses stream",167
2016_1_2,23627,2016_1_2,7905,CLONE,2026-07-06 08:29:43,"{
  ""answer"": ""YES-SIMILAR"",
  ""explanation"": ""Both code snippets are functionally similar. They both read input from a file, process the input, and output the result. The main difference is in the implementation details: the Java code uses a HashMap to store the frequency of each number, while the C++ code uses an array to store the frequency of each number. However, the overall task they perform is the same: they count the frequency of each number in a range and output the numbers with odd frequencies.""
}",168
2016_1_2,7905,2016_1_2,30453,CLONE,2026-07-06 08:29:46,"{
  ""answer"": ""YES-SIMILAR"",
  ""explanation"": ""Both code snippets are functionally similar. They read input, process it, and output the result in a similar way. The main difference is in the language and the way they handle input/output operations. The C++ code uses `cin` and `cout` for input/output, while the Python code uses `raw_input` and `print` for input/output. However, the overall logic and task they perform is the same: they read a number of test cases, for each case, read a number N, read N-1 lists of numbers",169
2016_1_2,30453,2016_1_2,22155,CLONE,2026-07-06 08:29:49,"{
  ""answer"": ""YES-SIMILAR"",
  ""explanation"": ""Both code snippets are functionally similar as they achieve the same task. They read input from the user, process it, and output the result. The main difference is in the syntax and structure, but the steps taken to accomplish the task are the same. In the Python code, it uses list comprehension and the count method to count the occurrences of each number, while the PHP code uses array_map and array_count_values to achieve the same result. However, the overall functionality is the same.""
}",170
2016_1_2,22155,2016_1_2,23627,CLONE,2026-07-06 08:29:53,"{
  ""answer"": ""YES-SIMILAR"",
  ""explanation"": ""Both code snippets are functionally similar. They read input from a file, process the input, and output the result. The main difference is in the syntax and structure. The PHP code reads a number of test cases, processes each case separately, and outputs the result for each case. The Java code also reads a number of test cases, processes each case separately, and outputs the result for each case. The processing involves counting the occurrences of each number in the input, filtering out numbers with odd counts, and outputting the remaining numbers in order.",171
2016_1_2,26561,2016_1_2,22827,CLONE,2026-07-06 08:29:56,"{
  ""answer"": ""YES-SIMILAR"",
  ""explanation"": ""Both code snippets are functionally similar. They both read input from the user, process the input to find missing numbers, and print the missing numbers for each test case. The Java code snippet uses a HashMap to store the counts of each number, while the C++ code snippet uses a map to achieve the same result. The main difference is in the way they read input and handle the output, but the overall functionality is the same.""
}",172
2016_1_2,22827,2016_1_2,14745,CLONE,2026-07-06 08:29:59,"{
  ""answer"": ""YES-SIMILAR"",
  ""explanation"": ""Both code snippets are functionally similar. They both read input from a file, process the input data, and output the result for each case. The main difference is in the language used (C++ vs Python) and the syntax. However, the logic and functionality of both code snippets are equivalent. The C++ code snippet reads an integer N, then for each N, it reads a series of integers, counts the occurrences of each integer, and outputs the integers that appear an odd number of times. The Python code snippet does the same thing,",173
2016_1_2,14745,2016_1_2,21265,CLONE,2026-07-06 08:30:02,"{
  ""answer"": ""YES-SIMILAR"",
  ""explanation"": ""Both code snippets are functionally similar. They both read input from a file, process the input to count the occurrences of each item, and output the items that occur an odd number of times. The Python code snippet uses a dictionary to count the occurrences, while the PHP code snippet uses an array. The Python code snippet sorts the output list before joining it into a string, while the PHP code snippet sorts the output array before outputting it.""
}",174
2016_1_2,21265,2016_1_2,26561,CLONE,2026-07-06 08:30:05,"{
  ""answer"": ""YES-SIMILAR"",
  ""explanation"": ""Both code snippets are functionally similar. They both take input from a file or console, process the input to count the occurrences of certain integers, and print the missing integers with odd counts. The PHP snippet uses a manual loop to process the input, while the Java snippet uses a more object-oriented approach with a Grid class. The main difference is in the syntax and structure, but the overall functionality is the same.""
}",175
2016_1_2,21848,2016_1_2,26565,CLONE,2026-07-06 08:30:08,"{
  ""answer"": ""YES-SIMILAR"",
  ""explanation"": ""Both code snippets are functionally similar. They are both designed to read input from a file, process the input, and output the result to a file. The Java code snippet uses a HashMap to count the occurrences of each number, while the C++ code snippet uses a map. Both codes then identify the numbers with odd occurrences and sort them in ascending order before outputting them. The Java code snippet uses a StringBuilder to build the output string, while the C++ code snippet uses a vector to store the odd occurrences and then outputs them. The overall",176
2016_1_2,26565,2016_1_2,7956,CLONE,2026-07-06 08:30:12,"{
  ""answer"": ""YES-SIMILAR"",
  ""explanation"": ""Both code snippets are functionally similar. They both read input from the user, process it, and output the result. The main task is to count the occurrences of each number in the input data, and then output the numbers with an odd count. The C++ code uses a map to count the occurrences, while the Python code uses a dictionary. The C++ code sorts the result and outputs it, while the Python code also sorts the result and outputs it. The main difference is in the syntax and structure, but the functionality is the same.""
",177
2016_1_2,7956,2016_1_2,19133,CLONE,2026-07-06 08:30:15,"{
  ""answer"": ""YES-SIMILAR"",
  ""explanation"": ""Both code snippets are functionally similar. They both read input from a file, process it, and output the result to another file. The input file contains multiple lines, where each line contains a list of numbers. The task is to find the numbers that appear an odd number of times in all lists. The code snippets use different approaches to achieve this, but the result is the same: they output the numbers that appear an odd number of times, sorted and separated by spaces.""
}",178
2016_1_2,19133,2016_1_2,21848,CLONE,2026-07-06 08:30:18,"{
  ""answer"": ""YES-SIMILAR"",
  ""explanation"": ""Both code snippets are functionally similar. They read input from a file, process the data, and write the output to another file. The main difference is in the syntax and structure. The PHP code reads from 'B-large-input.in' and writes to 'B-large-output.out', while the Java code reads from the first command-line argument and writes to 'rankAndFile.out'. Both codes solve the same problem, which is to find the missing numbers in a series of rows, and print them in ascending order.""
}",179
2016_2_1,201276,2016_2_1,194349,CLONE,2026-07-06 08:30:21,"{
  ""answer"": ""YES-SIMILAR"",
  ""explanation"": ""Both code snippets are functionally similar. They both read input strings, count the occurrences of specific characters, and output the counts in a specific format. The main difference is in the approach used to count the occurrences of characters. The Java code uses a more complex method with arrays and loops, while the C++ code uses a more efficient method with arrays and indexing. However, the overall functionality is the same.""
}",180
2016_2_1,194349,2016_2_1,185295,CLONE,2026-07-06 08:30:25,"{
  ""answer"": ""YES-SIMILAR"",
  ""explanation"": ""Both code snippets are functionally similar. They take a string input, count the occurrences of specific letters, and then subtract the counts of letters that are part of a number, and finally print out the remaining letters in the correct order to form the original number. The main difference is in the syntax and structure of the code, with the C++ code using a more manual approach and the Python code using a dictionary to store letter counts and a more concise approach to subtracting letter counts.""
}",181
2016_2_1,185295,2016_2_1,198100,CLONE,2026-07-06 08:30:28,"{
  ""answer"": ""YES-SIMILAR"",
  ""explanation"": ""Both code snippets are functionally similar. They both process input files, count the occurrences of each character in a given string, and generate the corresponding digits based on the character counts. The Python code snippet uses a dictionary to count character occurrences and then generates the digits based on the counts, while the PHP code snippet uses an array to count character occurrences and then generates the digits based on the counts. The main difference is in the approach used to count character occurrences and generate the digits, but the overall functionality is the same.""
}",182
2016_2_1,198100,2016_2_1,201276,CLONE,2026-07-06 08:30:32,"{
  ""answer"": ""YES-SIMILAR"",
  ""explanation"": ""Both code snippets are functionally similar. They both appear to be solving the same problem, which is to process a given input string and output a resulting string based on the frequency of digits in the input string. The PHP code uses a different approach, using a hash to count the frequency of each digit, while the Java code uses a different approach, using a for loop to count the frequency of each digit. However, the overall functionality of both code snippets is the same, and they achieve the same result.""
}",183
2016_2_1,180026,2016_2_1,186531,CLONE,2026-07-06 08:30:36,"{
  ""answer"": ""YES-SIMILAR"",
  ""explanation"": ""Both code snippets are functionally similar. They both read a string input from the user, count the occurrences of each digit in the string, and then output the digits in decreasing order. The main difference is in the approach taken to count the occurrences of each digit. The Java code uses a character array to count the occurrences of each character, while the C++ code uses an array to count the occurrences of each digit. Additionally, the C++ code uses a while loop to decrement the counts of each digit and increment the corresponding digit in the output,",184
2016_2_1,186531,2016_2_1,196651,CLONE,2026-07-06 08:30:39,"{
  ""answer"": ""YES-SIMILAR"",
  ""explanation"": ""Both code snippets are functionally similar as they both take a string input and output a string of digits, where each digit is represented by a corresponding number. The C++ code uses an array to count the occurrences of each digit, while the Python code uses a function to solve the case. The C++ code iterates over each character in the input string and decrements the corresponding index in the array, while the Python code uses a function to solve the case. Both codes have a similar logic to output the digits in the correct order.""
}",185
2016_2_1,196651,2016_2_1,193717,CLONE,2026-07-06 08:30:43,"{
  ""answer"": ""YES-SIMILAR"",
  ""explanation"": ""Both code snippets are functionally similar. They both appear to be solving a problem related to counting the occurrences of certain characters in a string and then printing the results in a specific format. The Python code snippet uses a function'solve_case' to process each case, while the PHP code snippet uses a function 'proc' to process each character count. Both code snippets iterate over the input strings, count the occurrences of characters, and then print the results in a specific format. The main difference is in the syntax and structure of the code, but the",186
2016_2_1,193717,2016_2_1,180026,CLONE,2026-07-06 08:30:46,"{
  ""answer"": ""YES-SIMILAR"",
  ""explanation"": ""Both code snippets are functionally similar. They both read input strings, count the occurrences of each character, and then process the counts to output a string of numbers based on the counts of certain characters. The main difference is in the implementation details, such as the use of PHP's ord() function to get the ASCII value of a character and Java's charCodeAt() method, and the use of PHP's array to store counts and Java's array to store counts. The logic of the code is the same, and they achieve the same result.""
}",187
2016_2_1,193929,2016_2_1,179503,CLONE,2026-07-06 08:30:50,"{
  ""answer"": ""YES-SIMILAR"",
  ""explanation"": ""Both code snippets are functionally similar. They are both solving the same problem, which involves counting the digits in a given string. The problem appears to be from a Code Jam competition. The Java code uses a more object-oriented approach, while the C++ code uses a more procedural approach. However, both codes achieve the same result by counting the occurrences of each digit in the input string and then printing the digits in the correct order. The Java code uses a 2D array to count the occurrences of each digit, while the C++ code uses",188
2016_2_1,179503,2016_2_1,182378,CLONE,2026-07-06 08:30:53,"{
  ""answer"": ""YES-SIMILAR"",
  ""explanation"": ""Both code snippets are functionally similar. They are designed to process a string of letters and remove specific letters from the string, counting the occurrences of remaining letters and outputting them in a specific format. The main difference is that the C++ code uses an array to count letter occurrences, while the Python code uses a list. Additionally, the Python code processes the file input, whereas the C++ code takes input from the user. However, the overall functionality of both codes is the same.""
}",189
2016_2_1,182378,2016_2_1,200006,CLONE,2026-07-06 08:30:56,"{
  ""answer"": ""YES-SIMILAR"",
  ""explanation"": ""Both code snippets are functionally similar. They both read input from a file, process the input string, and produce output based on the same rules. The main difference is in the implementation details and the programming language used. The Python code uses a more iterative approach, while the PHP code uses a more object-oriented approach. The Python code also includes more comments and a more detailed structure, while the PHP code is more concise and uses a function to encapsulate the processing logic.""
}",190
2016_2_1,200006,2016_2_1,193929,CLONE,2026-07-06 08:31:00,"{
  ""answer"": ""YES-SIMILAR"",
  ""explanation"": ""Both code snippets are functionally similar. They appear to be solving the same problem, where they take a string input and output the digits of the input string in a specific format. The PHP code snippet is solving the problem by counting the occurrences of each digit in the input string and then printing the digits in a specific order. The Java code snippet is doing the same thing, but with some differences in the approach. The main difference is that the Java code snippet uses an array to count the occurrences of each digit, while the PHP code snippet uses an",191
2013_0_1,103399,2015_0_2,96440,NON-CLONE,2026-07-06 08:31:04,"{
  ""answer"": ""NO-NOT-SIMILAR"",
  ""explanation"": ""The two code snippets are not functionally similar. The first snippet is a Java program that appears to be a game of Tic-Tac-Toe, where it reads a file containing game boards and determines the winner of each board. The second snippet is a C++ program that appears to be a solution to a problem where it takes input and finds the minimum value of a given expression. The two programs have different purposes and structures, and they do not achieve the same task.""
}",192
2013_0_1,49244,2016_2_1,186531,NON-CLONE,2026-07-06 08:31:07,"{
  ""answer"": ""YES-SIMILAR"",
  ""explanation"": ""Both code snippets are functionally similar because they are solving the same problem, which is to determine the winner of a tic-tac-toe game given a board string. They use different approaches, but the end result is the same. The Java code snippet uses a more traditional approach with a board array and a function to determine the winner, while the C++ code snippet uses a more complex approach with arrays and while loops to simulate the game and determine the winner.""
}",193
2013_0_1,126886,2016_0_4,45917,NON-CLONE,2026-07-06 08:31:11,"{
  ""answer"": ""YES-SIMILAR"",
  ""explanation"": ""Both code snippets are functionally similar. They are both designed to solve a problem related to a game of Tic Tac Toe. The Java code snippet checks for a win condition in a 4x4 grid, while the C++ code snippet appears to be a solution to a problem related to a 'k-cup problem', where k cups are filled with a certain amount of water and the goal is to find the minimum amount of water that needs to be added to fill the cups. However, upon closer inspection, the C++ code snippet's '",194
2013_0_1,99825,2016_1_2,23627,NON-CLONE,2026-07-06 08:31:15,"{
  ""answer"": ""YES-SIMILAR"",
  ""explanation"": ""Both code snippets are functionally similar. They are both solving a problem involving a game where a player moves a piece (X or O) on a 4x4 grid. The goal is to find the losing position. The code in both snippets appears to be checking for winning conditions and determining the losing position. The main difference is in the input handling and output formatting. The C++ code uses file input/output, while the Java code uses a Scanner and a HashMap to read and process the input. The output in the C++ code is written",195
2013_0_1,98087,2014_3_1,135560,NON-CLONE,2026-07-06 08:31:19,"{
  ""answer"": ""YES-SIMILAR"",
  ""explanation"": ""Both code snippets are functionally similar. They both appear to be solving a problem related to a game involving a 4x4 grid, where 'X' and 'O' are placed in certain positions. The code in both snippets checks for various winning conditions and outputs the result of the game for each test case. The C++ code uses a more straightforward approach, while the Java code uses a more complex approach involving a while loop and multiple variables. However, both codes achieve the same result and perform the same task.""
}",196
2013_0_1,72071,2015_0_3,103774,NON-CLONE,2026-07-06 08:31:22,"{
  ""answer"": ""YES-SIMILAR"",
  ""explanation"": ""Both code snippets are functionally similar. They both appear to be implementing a game logic where four players (X, O, T, and another player) are competing on a 4x4 grid. The game logic involves checking for wins in rows, columns, and diagonals. The Python code snippet uses a more complex approach with a predefined matrix (Q) to calculate the scores, whereas the C++ code snippet uses a more straightforward approach with nested loops to check for wins. Both codes use the same logic to determine the winner or a draw",197
2013_0_1,125888,2014_2_1,114208,NON-CLONE,2026-07-06 08:31:26,"{
  ""answer"": ""YES-SIMILAR"",
  ""explanation"": ""Both code snippets are functionally similar. They appear to be solving the same problem, which is to analyze the state of a game. The Python code snippet is analyzing a Tic-Tac-Toe game, while the PHP code snippet is analyzing a different game. However, the core functionality of both code snippets is to determine the state of the game based on the input provided. The Python code snippet checks for a draw or a winner, while the PHP code snippet calculates a distance value based on the game state. The similarity lies in the way they process",198
2013_0_1,91336,2015_0_3,42051,NON-CLONE,2026-07-06 08:31:29,"{
  ""answer"": ""YES-SIMILAR"",
  ""explanation"": ""Both code snippets are functionally similar as they appear to be solving the same problem, a game where a string is input and the goal is to determine whether the string represents a winning combination. The Python code uses a 4x4 grid to check for winning combinations, while the Java code uses a quaternion table to achieve the same result. Although the approaches differ, the overall task is the same, and the code snippets achieve the same result.""
}",199
2013_0_1,70537,2015_0_3,49764,NON-CLONE,2026-07-06 08:31:33,"{
  ""answer"": ""YES-SIMILAR"",
  ""explanation"": ""Both code snippets are functionally similar. They appear to be solving the same problem, which involves determining the state of a game board after a series of operations. The Python code snippet is analyzing a Tic-Tac-Toe board, while the C++ code snippet is analyzing a different game. However, the approach used to analyze the game state is similar. They both check for winning conditions, draw conditions, and empty squares. The C++ code snippet uses a more complex table to represent the game state, but the logic is similar to the Python code",200
2013_0_1,84842,2016_1_1,28201,NON-CLONE,2026-07-06 08:31:36,"{
  ""answer"": ""YES-SIMILAR"",
  ""explanation"": ""Both code snippets are functionally similar. They both read input from a file, process the input, and output the result. The PHP code snippet reads a file and processes it to determine the outcome of a game of Tic-Tac-Toe, while the Java code snippet reads a file and sorts the characters in the input string. However, the core functionality of both code snippets is to process input and output the result. They use different approaches and languages, but they achieve the same result.""
}",201
2013_0_1,102913,2016_0_4,135114,NON-CLONE,2026-07-06 08:31:40,"{
  ""answer"": ""YES-SIMILAR"",
  ""explanation"": ""Both code snippets are functionally similar as they both appear to be solving a game board problem where they are checking for a win condition in a 4x4 game board. They both have a main function that takes input from a file, processes the input, and generates output to another file. The PHP code uses a more complex algorithm to check for win conditions, while the C++ code uses a simpler approach. The main function in the C++ code generates a series of numbers based on the input, while the PHP code checks for win conditions in",202
2013_0_1,127485,2016_0_1,100898,NON-CLONE,2026-07-06 08:31:43,"{
  ""answer"": ""YES-SIMILAR"",
  ""explanation"": ""Both code snippets are functionally similar. They both appear to be solving a game problem where they are checking for the outcome of a game after a series of moves. The PHP code seems to be checking for the outcome of a game of tic-tac-toe, while the Java code is checking for the outcome of a sheep-counting game. Although the specific game being solved is different, the overall functionality of checking for the outcome after a series of moves is the same. The PHP code uses a 2D array to represent the game board,",203
2013_0_2,95524,2015_0_2,38840,NON-CLONE,2026-07-06 08:31:46,"{
  ""answer"": ""YES-SIMILAR"",
  ""explanation"": ""Both code snippets are functionally similar as they are solving the same problem. The problem appears to be a competitive programming problem where the goal is to find the minimum number of intervals that can be formed in a grid. The Java code snippet is using a 2D boolean array to keep track of the possible intervals, while the C++ code snippet is using a simple loop to find the minimum number of intervals. Although the approaches are different, they both achieve the same result and perform the same task.""
}",204
2013_0_2,44471,2014_2_1,114208,NON-CLONE,2026-07-06 08:31:50,"{
  ""answer"": ""YES-SIMILAR"",
  ""explanation"": ""Both code snippets read input from a file, process it, and generate output based on the input. They both take a 2D array as input and perform a similar operation: checking if a pattern exists in the array. They also both have a similar output format, where the result is printed for each case. The main difference is in the language used (Java and PHP), the specific steps taken to process the input, and the algorithm used to check the pattern. However, the overall functionality and purpose of the code are similar.""
}",205
2013_0_2,55421,2016_2_1,196651,NON-CLONE,2026-07-06 08:31:53,"{
  ""answer"": ""YES-SIMILAR"",
  ""explanation"": ""Both code snippets are functionally similar. They appear to be solving the same problem, which involves reading input from a file, processing the input to find a solution, and writing the output to another file. The Java code snippet is more complex and handles exceptions, while the Python code snippet is more concise and uses a different approach to solve the problem. However, the overall functionality is the same.""
}",206
2013_0_2,83774,2016_2_1,201276,NON-CLONE,2026-07-06 08:31:56,"{
  ""answer"": ""YES-SIMILAR"",
  ""explanation"": ""Both code snippets are functionally similar. They both read input from a file, process the input to remove certain characters, and then output the result. The main difference is in the way they handle the characters to be removed and the output format. The C++ code uses a more complex parsing mechanism to remove the characters, while the Java code uses a more straightforward approach with a predefined array of strings. The output format is also different, with the C++ code outputting 'YES' or 'NO' for each case, and the Java code output",207
2013_0_2,140779,2013_1_1,30519,NON-CLONE,2026-07-06 08:32:00,"{
  ""answer"": ""YES-SIMILAR"",
  ""explanation"": ""Both code snippets are functionally similar. They both appear to be solving a problem related to finding the maximum value in a 2D array. The C++ code snippet checks if the maximum value in each row and each column is greater than the value at a given position, while the Python code snippet uses a different approach to find the maximum value in a 2D array. The Python code snippet uses a binary search to find the maximum value, while the C++ code snippet uses a nested loop to find the maximum value. Despite the different approaches",208
2013_0_2,91409,2013_0_3,102207,NON-CLONE,2026-07-06 08:32:03,"{
  ""answer"": ""YES-SIMILAR"",
  ""explanation"": ""Both code snippets are functionally similar. They both read input from a file, process the input to check if a value is within a certain range, and output the result to another file. The main difference is that the C++ code uses a 2D array to store the input values, while the Python code uses a list of integers. The Python code also uses a predefined list of numbers to check against, whereas the C++ code uses dynamic values from the input file. The logic behind the processing is similar, with the C++ code checking",209
2013_0_2,78034,2014_2_1,129296,NON-CLONE,2026-07-06 08:32:06,"{
  ""answer"": ""YES-SIMILAR"",
  ""explanation"": ""Both code snippets are functionally similar. They both appear to be solving the same problem, which involves checking a grid of characters for a certain condition. In the Python code, the condition is that each row and column of the grid must have a maximum value that is not present in the grid. In the Java code, the condition is that each character in the grid must have the same count across all rows. The Java code then calculates the sum of the absolute differences between each character's count and the median count across all rows. The Python code does",210
2013_0_2,122219,2014_3_1,138308,NON-CLONE,2026-07-06 08:32:10,"{
  ""answer"": ""YES-SIMILAR"",
  ""explanation"": ""Both code snippets are functionally similar. They both read input from a file/stream, process it, and print the result. The first code snippet reads a grid of integers from a file, checks if each cell's value is the maximum in its row and column, and prints 'YES' or 'NO' for each test case. The second code snippet reads two integers P and Q from a file, calculates their greatest common divisor, and finds the power of 2 that is less than or equal to Q. If Q is a power of ",211
2013_0_2,85165,2014_3_1,134611,NON-CLONE,2026-07-06 08:32:13,"{
  ""answer"": ""DONT-KNOW"",
  ""explanation"": ""The two code snippets appear to be solving different problems. The Python code snippet seems to be solving a lawn mowing problem, where it tries to find the minimum height of each row in a lawn and then adjusts the height of each row accordingly. The C++ code snippet appears to be solving a problem related to finding the number of generations for a certain condition to be met, where it uses a recursive function to find the solution. The code snippets are not functionally similar as they are solving different problems, but they do share some similarities in their use of",212
2013_0_2,71957,2016_1_1,15819,NON-CLONE,2026-07-06 08:32:15,"{
  ""answer"": ""YES-SIMILAR"",
  ""explanation"": ""Both code snippets are functionally similar as they read input from a file, process the input to find the maximum value in each row and column, and then output the result in a specific format. Although the syntax and structure are different, the core functionality is the same.""
}",213
2013_0_2,96711,2013_0_3,51164,NON-CLONE,2026-07-06 08:32:19,"{
  ""answer"": ""YES-SIMILAR"",
  ""explanation"": ""Both code snippets are functionally similar. They both read input data from a file, process it, and output the result to another file. The main difference is that the PHP code snippet appears to be solving a problem where it checks if a lawn is a square (i.e., all rows are the same), while the Python code snippet appears to be solving a problem where it counts the number of perfect squares (i.e., numbers that are the same when their digits are reversed) that are less than or equal to a given number. However, the",214
2013_0_2,68303,2016_0_1,71388,NON-CLONE,2026-07-06 08:32:22,"{
  ""answer"": ""YES-SIMILAR"",
  ""explanation"": ""Both code snippets are functionally similar. They both read input from a file, process the input to find a pattern, and print the result. In the first snippet, the task is to check if a lawn is impossible to mow, given the lawn's dimensions and the maximum values of each row and column. In the second snippet, the task is to find a string that is not a multiple of any digit (0-9). The first snippet uses a 2D array to track the maximum values of each row and column, while the",215
2013_0_3,108834,2016_0_1,39027,NON-CLONE,2026-07-06 08:32:26,"{
  ""answer"": ""YES-SIMILAR"",
  ""explanation"": ""Both code snippets are functionally similar as they both solve the same problem. The Java code snippet is a solution to a competitive programming problem where it finds the number of perfect squares from a given range that are not palindromes. The PHP code snippet is also a solution to a competitive programming problem where it finds the number of perfect squares from a given range that are not palindromes. Although the Java code snippet uses a different approach by pre-calculating the number of palindromes, both code snippets achieve the same result.",216
2013_0_3,59317,2016_1_2,26565,NON-CLONE,2026-07-06 08:32:30,"{
  ""answer"": ""YES-SIMILAR"",
  ""explanation"": ""Both code snippets are functionally similar because they appear to be solving the same problem. The Java code is solving a problem involving finding the number of times a certain condition is met for a given input number, and the C++ code is solving a problem involving finding a certain pattern in a 2D array. However, upon closer inspection, it can be seen that both codes are actually solving the same problem, albeit with different input formats and data structures. The Java code is using a BigInteger to represent the input number, while the C++ code is",217
2013_0_3,74156,2015_0_3,49764,NON-CLONE,2026-07-06 08:32:34,"{
  ""answer"": ""YES-SIMILAR"",
  ""explanation"": ""Both code snippets appear to be implementing a solution to a problem where they are checking for palindromic numbers in a range. The Java code is checking for palindromic numbers in the range of square of a number, while the C++ code is checking for palindromic numbers in a string. However, both codes have a common pattern of checking for palindromic numbers in a given range. They both have a similar structure, with a loop that iterates over the range, checks for palindromic numbers, and",218
2013_0_3,102625,2013_0_1,126886,NON-CLONE,2026-07-06 08:32:37,"{
  ""answer"": ""NO-NOT-SIMILAR"",
  ""explanation"": ""The two code snippets are not functionally similar. Code Snippet 1 appears to be a C++ program that calculates the number of perfect squares within a given range. It uses a precomputed list of perfect squares and counts the number of perfect squares within the range [a, b]. Code Snippet 2 is a Java program that checks for a tic-tac-toe game. It reads a series of board configurations from a file, checks for a winner in each configuration, and prints the result. The two programs have different purposes",219
2013_0_3,81195,2014_2_1,131873,NON-CLONE,2026-07-06 08:32:41,"{
  ""answer"": ""YES-SIMILAR"",
  ""explanation"": 
  Both code snippets are functionally similar. They both appear to be solving the same problem, which involves finding the minimum number of operations required to make a given range of numbers palindromes by squaring them. They use different approaches and languages, but they achieve the same result. The C++ code uses a recursive approach to generate palindromes by squaring numbers, while the Java code uses a different approach to find the minimum number of operations required to make a given range of numbers palindromes by squaring them. The",220
2013_0_3,53348,2015_0_3,72742,NON-CLONE,2026-07-06 08:32:45,"{
  ""answer"": ""NO-NOT-SIMILAR"",
  ""explanation"": ""The two code snippets are functionally similar because they both read input from a file and write output to a file. However, they are not structurally similar. The C++ code snippet appears to be a solution to a specific problem, where it counts the number of palindromic numbers in a list. The Python code snippet is a more general-purpose solution that checks if a given string is legal under certain conditions. The tasks they perform are not similar, so they are not functionally similar.""
}",221
2013_0_3,102207,2015_1_1,122934,NON-CLONE,2026-07-06 08:32:48,"{
  ""answer"": ""YES-SIMILAR"",
  ""explanation"": ""Both code snippets read input from a file, process the input, and output the result to another file. The first code snippet reads input from a file, processes the input by finding the number of perfect squares less than or equal to a given number, and outputs the result to another file. The second code snippet reads input from a file, processes the input by finding the sum of differences between consecutive numbers in a list, and outputs the result to another file. Although the specific steps and logic are different, both code snippets achieve the same task of processing",222
2013_0_3,51164,2014_2_1,129296,NON-CLONE,2026-07-06 08:32:52,"{
  ""answer"": ""YES-SIMILAR"",
  ""explanation"": ""Both code snippets are functionally similar. They are both solving the same problem, which is to calculate the sum of the absolute differences of the median of each character's count in a given set of strings. The Python code snippet generates a list of perfect squares (fairsquares) and then iterates over a set of input lines, counting the occurrences of each character in each line and checking if all lines have the same length and characters at the same positions have the same counts. The Java code snippet does the same thing but with a different approach.",223
2013_0_3,70289,2015_0_4,63026,NON-CLONE,2026-07-06 08:32:55,"{
  ""answer"": ""YES-SIMILAR"",
  ""explanation"": ""Both code snippets are functionally similar. They both appear to be solving the same problem, which involves reading input from a file, processing the data, and writing the output to another file. The main difference is in the syntax and structure of the code, but the overall functionality is the same. The Python code is solving a problem where it finds palindromic numbers within a certain limit and then uses the data to solve another problem, while the C++ code is solving a problem where it finds the maximum value between two numbers and writes the result",224
2013_0_3,89287,2016_1_1,15421,NON-CLONE,2026-07-06 08:32:58,"{
  ""answer"": ""YES-SIMILAR"",
  ""explanation"": ""Both code snippets are functionally similar. They both appear to be solving the same problem, which is to find the number of perfect square numbers within a given range. The PHP code snippet uses a while loop to generate square numbers and check if they are perfect squares using the isp function, while the C++ code snippet uses a for loop to generate square numbers and check if they are perfect squares by comparing the first and last characters of the string representation of the square. Both code snippets have a similar structure and achieve the same result, although they use different",225
2013_0_3,92037,2014_3_1,134611,NON-CLONE,2026-07-06 08:33:02,"{
  ""answer"": ""YES-SIMILAR"",
  ""explanation"": ""Both code snippets are functionally similar. They are both designed to solve a problem where they read input from a file, process it, and write the output to another file. The main difference is that the PHP code snippet seems to be solving a problem where it reads a list of squares and then processes each line of input to count the number of squares within a given range, while the C++ code snippet is solving a problem where it reads two numbers and then determines the number of generations needed to make the two numbers equal. However, the way they",226
2013_0_3,132829,2016_1_1,14703,NON-CLONE,2026-07-06 08:33:05,"{
  ""answer"": ""YES-SIMILAR"",
  ""explanation"": ""Both code snippets are functionally similar. They both read input from files, process the input to find the number of squares below a given number, and output the result for each case. The main difference is that the PHP code snippet uses a more complex approach to find the number of squares below a given number, while the Python code snippet uses a simpler approach. However, they both achieve the same result.""
}",227
2013_1_1,42047,2013_0_1,99825,NON-CLONE,2026-07-06 08:33:08,"{
  ""answer"": ""YES-SIMILAR"",
  ""explanation"": ""Both code snippets are functionally similar. They are both designed to solve the same problem, which involves a game where players take turns marking a 4x4 grid with X and O. The goal is to determine the winner of the game. The Java code uses a brute force approach with a binary search algorithm to find the marked number, while the C++ code uses a similar approach with a loop to update the values of q and r arrays. The main difference is in the syntax and structure, but the overall functionality is the same.""
}",228
2013_1_1,30835,2015_0_3,103774,NON-CLONE,2026-07-06 08:33:11,"{
  ""answer"": ""YES-SIMILAR"",
  ""explanation"": ""Both code snippets are functionally similar. They appear to be solving the same mathematical problem, which involves calculating a value based on input parameters and printing the result. The Java code snippet uses a while loop to calculate the value, while the Python code snippet uses a loop and a dictionary to calculate the value. The logic and mathematical operations used in both code snippets are similar, indicating that they are functionally similar.""
}",229
2013_1_1,32414,2016_2_1,179503,NON-CLONE,2026-07-06 08:33:15,"{
  ""answer"": ""YES-SIMILAR"",
  ""explanation"": ""Both code snippets are functionally similar. They are solving the same problem, which appears to be a task from a coding competition. The Java code snippet calculates the maximum value of a given range 'r' and time 't' using the function 'f', while the C++ code snippet counts the frequency of each digit in a string 'x' and prints the resulting digits in a specific order. However, upon closer inspection, it appears that the C++ code snippet is actually calculating the maximum value of a given range 'r' and time '",230
2013_1_1,28766,2015_0_1,47939,NON-CLONE,2026-07-06 08:33:17,"{
  ""answer"": ""YES-SIMILAR"",
  ""explanation"": ""Both code snippets are functionally similar. They are solving the same problem, which involves finding the minimum number of steps required to reach a certain height. The C++ code uses a binary search approach, while the Java code uses a similar approach with a loop to calculate the number of steps. Both codes achieve the same result, even though they differ in syntax, structure, and specific steps.""
}",231
2013_1_1,30228,2016_2_1,185295,NON-CLONE,2026-07-06 08:33:20,"{
  ""answer"": ""YES-SIMILAR"",
  ""explanation"": ""Both code snippets are functionally similar. They both read input from a file, process the input to generate a string, and write the output to another file. The main difference is that the C++ code uses a binary search approach to solve a problem, while the Python code uses a string manipulation approach to solve a different problem. However, the overall functionality of reading input, processing it, and writing output is the same in both codes.""
}",232
2013_1_1,30618,2014_2_1,115757,NON-CLONE,2026-07-06 08:33:24,"{
  ""answer"": ""YES-SIMILAR"",
  ""explanation"": ""Both code snippets are functionally similar. They both appear to be solving a problem where they find the minimum total difference between a given number of sequences. The first code snippet uses a binary search approach to find the minimum difference, while the second code snippet uses a different approach with RLE (Run-Length Encoding) and a loop to find the minimum difference. Although the syntax and structure are different, they both achieve the same result and perform the same task.""
}",233
2013_1_1,37029,2015_0_4,86932,NON-CLONE,2026-07-06 08:33:27,"{
  ""answer"": ""YES-SIMILAR"",
  ""explanation"": ""Both code snippets are functionally similar. They are solving the same problem, which is to determine whether a given pair of integers (R, C) is a Richard's problem or not. The problem seems to be related to a mathematical puzzle. Both code snippets have a similar logic to check if the given pair of integers (R, C) is a Richard's problem. The Python code uses a function p1nrings2 to calculate the number of rings required to cover a given area, while the C++ code uses the isRichard function to",234
2013_1_1,32497,2016_2_1,194349,NON-CLONE,2026-07-06 08:33:30,"{
  ""answer"": ""YES-SIMILAR"",
  ""explanation"": ""Both code snippets are functionally similar as they both calculate the number of times a digit appears in a given string. The Python code snippet uses a more mathematical approach to solve the problem, while the C++ code snippet uses a more straightforward approach by counting the occurrences of each digit. The main difference is in the approach, but the end result is the same: calculating the number of times each digit appears in the input string.""
}",235
2013_1_1,30519,2015_0_1,65110,NON-CLONE,2026-07-06 08:33:33,"{
  ""answer"": ""YES-SIMILAR"",
  ""explanation"": ""Both code snippets are functionally similar. They both appear to be solving the same problem, which involves finding the number of 'circles' or 'circles' count in a given range. The first code snippet uses a binary search approach to find the number of 'circles', while the second code snippet uses a different approach to achieve the same result. The main difference is in the language used (Python vs C++) and the specific steps taken to accomplish the task, but the overall functionality is the same.""
}",236
2013_1_1,34507,2014_3_1,138308,NON-CLONE,2026-07-06 08:33:36,"{
  ""answer"": ""YES-SIMILAR"",
  ""explanation"": ""Both code snippets are functionally similar. They appear to be solving the same problem, which involves finding the number of steps required to divide a number Q by a number P, where Q is a power of 2. The PHP code snippet uses a brute-force approach with a binary search, while the C++ code snippet uses a more efficient approach with a while loop to find the power of 2 that is closest to Q. Despite the differences in syntax and structure, both code snippets achieve the same result.""
}",237
2013_1_1,39026,2016_0_1,143909,NON-CLONE,2026-07-06 08:33:40,"{
  ""answer"": ""YES-SIMILAR"",
  ""explanation"": ""Both code snippets are functionally similar. They both appear to be solving the same problem, which involves calculating the number of circles that can be painted with a given radius and a given amount of paint. The PHP code snippet calculates the number of circles using the formula for the area of a circle, while the C++ code snippet uses a different approach, adding numbers to a mask until the total exceeds the given amount of paint. Both code snippets produce the same result, and the problem seems to be a classic problem in competitive programming.""
}",238
2013_1_1,31779,2014_3_1,132142,NON-CLONE,2026-07-06 08:33:43,"{
  ""answer"": ""YES-SIMILAR"",
  ""explanation"": ""Both code snippets are functionally similar as they solve the same problem, which is to find the minimum number of steps required to reach a certain number of steps given the ratio of two numbers. The PHP code snippet uses a binary search approach to find the minimum number of steps, while the C++ code snippet uses a similar approach but with a different implementation. The main difference is that the C++ code snippet uses a while loop to find the power of 2 and adjust the number of steps accordingly, whereas the PHP code snippet uses a direct calculation in",239
2014_2_1,115757,2013_0_1,99825,NON-CLONE,2026-07-06 08:33:47,"{
  ""answer"": ""YES-SIMILAR"",
  ""explanation"": ""Both code snippets are functionally similar. They both seem to be implementing a game of Tic-Tac-Toe. The Java code snippet appears to be a solution to a competitive programming problem where the input is a series of boards and the output is the result of each board. The C++ code snippet is a game of Tic-Tac-Toe where the input is a series of boards and the output is the result of each board. The Java code snippet checks if there is a winner in each board and outputs the result, while the C++ code",240
2014_2_1,129296,2015_1_1,122263,NON-CLONE,2026-07-06 08:33:50,"{
  ""answer"": ""YES-SIMILAR"",
  ""explanation"": ""Both code snippets are functionally similar. They both appear to be solving the same problem, where they are given a sequence of strings and need to calculate the result based on the counts of each character in each string. The result is calculated as the sum of the absolute differences between the median of each character's count and the median of all character counts. The Java code snippet uses a more complex approach, but the C++ code snippet uses a simpler approach. Both code snippets achieve the same result.""
}",241
2014_2_1,131873,2016_1_2,19133,NON-CLONE,2026-07-06 08:33:53,"{
  ""answer"": ""YES-SIMILAR"",
  ""explanation"": ""Both code snippets are functionally similar. They read input from a file, process it, and write the output to another file. The Java code reads input lines, counts the occurrences of each character in each line, and calculates the total absolute difference between the counts and the average count. The PHP code reads input lines, counts the occurrences of each character in each line, and finds the characters that appear an odd number of times. Both codes achieve the same task of processing input lines and calculating a value based on the character counts, despite using different syntax",242
2014_2_1,131278,2013_0_1,91336,NON-CLONE,2026-07-06 08:33:56,"{
  ""answer"": ""YES-SIMILAR"",
  ""explanation"": ""Both code snippets are functionally similar. They appear to be solving the same problem, which involves processing input strings and determining a specific outcome based on certain conditions. The C++ code snippet seems to be processing a series of strings and determining a value based on the differences between the strings, while the Python code snippet appears to be processing a game state and determining the winner. Although the syntax and structure are different, the underlying logic and task are similar.""
}",243
2014_2_1,119165,2013_1_1,30835,NON-CLONE,2026-07-06 08:34:00,"{
  ""answer"": ""NO-NOT-SIMILAR"",
  ""explanation"": ""The two code snippets are not functionally similar. The first snippet appears to be a solution to a problem where it checks for a certain pattern in a string, while the second snippet is a solution to a problem where it calculates a value based on two input values. Although both code snippets are written in different programming languages, the functionality of the two code snippets is different. The first snippet is designed to process a string and calculate a count based on certain conditions, whereas the second snippet is designed to calculate a value based on mathematical operations.""
}",244
2014_2_1,118489,2016_0_1,100898,NON-CLONE,2026-07-06 08:34:04,"{
  ""answer"": ""YES-SIMILAR"",
  ""explanation"": ""Both code snippets are functionally similar. They both read input from a file, process the input, and output the result. The C++ code snippet uses a format string to determine the type of each line, while the Java code snippet uses a loop to read integers and process them. The main difference is that the C++ code snippet uses a more complex data structure (vectors of vectors) to store the input data, while the Java code snippet uses a boolean array to store the processed data. However, the overall functionality of both code snippets is",245
2014_2_1,128920,2015_0_4,68310,NON-CLONE,2026-07-06 08:34:07,"{
  ""answer"": ""YES-SIMILAR"",
  ""explanation"": ""Both code snippets are functionally similar. They both appear to be solving a similar problem, where they take input from a file (or user in the Python snippet), process it, and output the result in a specific format. The specific problem being solved is a puzzle where a grid of numbers is given, and the goal is to determine whether the grid is a Richard or Gabriel configuration. The Python snippet uses a different approach than the PHP snippet, but both achieve the same result. The Python snippet uses a set to track unique elements, while the PHP",246
2014_2_1,118416,2015_0_2,102321,NON-CLONE,2026-07-06 08:34:11,"{
  ""answer"": ""YES-SIMILAR"",
  ""explanation"": ""Both code snippets are functionally similar. They both read input from a file, process the input, and output the result to another file. The main difference is that the Python code snippet uses a more complex algorithm to solve the problem, while the PHP code snippet uses a simpler algorithm. However, the overall functionality of the two code snippets is the same: they both read a list of integers, calculate the distance between the maximum value and the median of the list, and output the minimum distance.""
}",247
2014_2_1,121201,2013_0_2,91409,NON-CLONE,2026-07-06 08:34:14,"{
  ""answer"": ""YES-SIMILAR"",
  ""explanation"": ""Both code snippets are functionally similar. They both read input from a file, process the input to check if a condition is met, and output the result to another file. The condition in the Python code is to calculate the total distance between the repetition counts of each character in each string, while the C++ code checks if the maximum value of each row and each column is equal to the value at each position. However, the underlying logic of checking the repetition counts and calculating the total distance is similar in both codes.""
}",248
2014_2_1,118754,2015_0_2,81081,NON-CLONE,2026-07-06 08:34:18,"{
  ""answer"": ""YES-SIMILAR"",
  ""explanation"": ""Both code snippets are functionally similar. They both appear to be solutions to a problem from the Google Code Jam programming contest. They both read input from a file, perform some calculations, and output the result to a file. The main difference is that the PHP code is solving a problem involving strings, while the Python code is solving a problem involving integers. The Python code uses a memoization decorator to improve performance, while the PHP code does not. The overall structure and logic of the two codes are similar, despite some differences in syntax and details.""
",249
2014_2_1,116147,2013_0_3,74156,NON-CLONE,2026-07-06 08:34:21,"{
  ""answer"": ""YES-SIMILAR"",
  ""explanation"": ""Both code snippets are functionally similar. They are both designed to count the number of palindromic squares within a given range. The PHP code reads input from a file, while the Java code reads input from a file as well. Both codes use a similar approach to check for palindromic numbers and count them. The main difference is in the implementation details, such as the language used and the file input/output operations.""
}",250
2014_2_1,114208,2013_0_3,102625,NON-CLONE,2026-07-06 08:34:24,"{
  ""answer"": ""YES-SIMILAR"",
  ""explanation"": ""Both code snippets are functionally similar. They both appear to be solving the same problem, which is to calculate the number of perfect squares between two given numbers. The PHP code snippet uses a more complex approach involving processing the input strings, simplifying them, combining the processed strings, and then calculating the distance between the elements in each combined string. The C++ code snippet uses a more straightforward approach involving sorting the input numbers, then calculating the number of perfect squares between each pair of numbers. While the syntax and structure of the two code snippets differ,",251
2014_3_1,135560,2016_1_2,21265,NON-CLONE,2026-07-06 08:34:28,"{
  ""answer"": ""YES-SIMILAR"",
  ""explanation"": ""Both code snippets are functionally similar. They both appear to be solving the same problem, where they read input from a file, process it, and write the output to another file. The problem seems to be a series of cases, where each case involves processing a string of numbers and determining the result. The Java code snippet uses a while loop to process the string, while the PHP code snippet uses a foreach loop. The Java code snippet calculates the number of times the string can be divided by a given divisor, while the PHP code snippet checks for",252
2014_3_1,138333,2013_0_2,68303,NON-CLONE,2026-07-06 08:34:31,"{
  ""answer"": ""YES-SIMILAR"",
  ""explanation"": ""Both code snippets are functionally similar. They appear to be solving the same problem, which involves checking if a number can be represented as a sum of powers of 2. The Java code snippet uses a while loop to find the greatest power of 2 that divides the larger number, while the PHP code snippet uses a nested loop to check if the number is in the array of maximum values. Although the syntax and structure are different, the overall functionality is the same.""
}",253
2014_3_1,140281,2013_1_1,30519,NON-CLONE,2026-07-06 08:34:34,"{
  ""answer"": ""YES-SIMILAR"",
  ""explanation"": ""Both code snippets are functionally similar. They both calculate the minimum number of times a number can be doubled until it is less than or equal to another number. The Java code does this through a while loop that doubles the number until it is less than or equal to the target, while the Python code uses a binary search algorithm to achieve the same result. The main difference is that the Java code uses a while loop and the Python code uses a binary search algorithm, but they both achieve the same result.""
}",254
2014_3_1,138308,2013_1_1,30519,NON-CLONE,2026-07-06 08:34:37,"{
  ""answer"": ""YES-SIMILAR"",
  ""explanation"": ""Both code snippets are functionally similar. They both calculate the number of steps to divide a given number (P) by a given divisor (Q). The C++ code snippet uses a while loop to divide the input numbers by 2 and count the number of steps until the divisor is a power of 2, while the Python code snippet uses binary search to find the number of steps to divide the input number by a given divisor. Both code snippets achieve the same result, even though they differ in syntax and structure.""
}",255
2014_3_1,134611,2016_1_2,14745,NON-CLONE,2026-07-06 08:34:40,"{
  ""answer"": ""YES-SIMILAR"",
  ""explanation"": ""Both code snippets are functionally similar as they both solve a problem involving finding the least common multiple (LCM) of two numbers and then finding the generation number. The C++ code snippet uses a recursive function to find the LCM and the generation number, while the Python code snippet uses a different approach to find the LCM and generation number. The Python code snippet uses a dictionary to count the occurrences of each number in the input, and then finds the numbers with an odd count. The C++ code snippet uses a similar approach to find the",256
2014_3_1,132142,2014_2_1,118754,NON-CLONE,2026-07-06 08:34:44,"{
  ""answer"": ""YES-SIMILAR"",
  ""explanation"": ""Both code snippets are functionally similar as they both solve the same problem: Google Code Jam 2014 Round 1B - Question A. The C++ code snippet calculates the minimum number of moves required to make the second string the same as the first string by repeatedly removing characters from the first string. The PHP code snippet does the same thing, but with a more complex algorithm. The C++ code snippet uses a while loop to find the minimum number of moves, while the PHP code snippet uses a more complex algorithm involving array operations. However,",257
2014_3_1,139209,2015_0_3,49764,NON-CLONE,2026-07-06 08:34:48,"{
  ""answer"": ""YES-SIMILAR"",
  ""explanation"": ""Both code snippets are functionally similar. The Python code snippet appears to be solving a problem related to finding the minimum number of steps to reach a certain state, given a numerator and denominator. The C++ code snippet appears to be solving a similar problem, but with a more complex input format and a different approach. Both code snippets use a similar approach of breaking down the problem into smaller parts and using a recursive function to find the solution. The Python code snippet uses a function called min_gen to find the minimum number of steps, while the C++",258
2014_3_1,139370,2016_1_1,15819,NON-CLONE,2026-07-06 08:34:51,"{
  ""answer"": ""YES-SIMILAR"",
  ""explanation"": ""Both code snippets are functionally similar because they are solving the same problem. The first code snippet is written in Python and the second in Java. The first code snippet is solving a problem where it takes two numbers P and Q and returns the count of operations required to make Q become 1 while P becomes 0, with the condition that Q and P are reduced by a factor of 2 in each operation. The second code snippet is also solving the same problem, but with a slight modification where it takes a string S and returns the last word",259
2014_3_1,143074,2015_0_2,91000,NON-CLONE,2026-07-06 08:34:55,"{
  ""answer"": ""YES-SIMILAR"",
  ""explanation"": ""Both code snippets are functionally similar. They are solving the same problem, which is to find the minimum number of flips (or divisions) required to make all pancakes have a power of two size. The first code snippet is written in Python, while the second is written in Java. Although the syntax and structure differ, they both use a similar approach to achieve the goal. The first code snippet uses a while loop to find the power of two, and the second code snippet uses a similar approach with a for loop. Both code snippets also use an",260
2014_3_1,142092,2015_0_1,106809,NON-CLONE,2026-07-06 08:34:58,"{
  ""answer"": ""YES-SIMILAR"",
  ""explanation"": ""Both code snippets are functionally similar. They both aim to solve the same problem, which is to find the minimum number of elves needed to achieve a certain level of elveness. The PHP code calculates the elveness by summing the powers of 0.5 up to a certain point, while the Python code does the same by summing the integers in a string. The logic behind the calculation is the same, and both codes produce the same result. The only difference is in the syntax and structure, which does not affect the functionality",261
2014_3_1,134295,2015_0_4,94256,NON-CLONE,2026-07-06 08:35:01,"{
  ""answer"": ""YES-SIMILAR"",
  ""explanation"": ""Both code snippets are functionally similar. They are solving the same problem, which appears to be a variant of the 'GABRIEL and RICHARD' problem, a popular competitive programming problem. The problem requires determining whether Gabriel or Richard can win in a game where Gabriel can move in powers of 2 and Richard can move in any number of steps. The code snippets use different approaches to solve this problem, but they both achieve the same result. The PHP code snippet calculates the greatest common divisor (gcd) of two numbers, then reduces",262
2014_3_1,132975,2016_0_4,135114,NON-CLONE,2026-07-06 08:35:03,"{
  ""answer"": ""NO-NOT-SIMILAR"",
  ""explanation"": ""The two code snippets are not functionally similar. The PHP code appears to be solving a problem involving logarithmic calculations and division, whereas the C++ code is solving a problem involving integer calculations and loops. The logic and mathematical operations used in the two code snippets are different, and they are not performing the same task.""
}",263
2015_0_1,47939,2016_0_1,71388,NON-CLONE,2026-07-06 08:35:07,"{
  ""answer"": ""YES-SIMILAR"",
  ""explanation"": ""Both code snippets are functionally similar. They take a string input and output the number of steps required for a standing ovation. The Java code uses a list to store the positions to stand, while the Python code uses a list of characters to remove. Both codes iterate over the input string, counting the number of steps required to reach each position. The Java code uses a while loop to increment the current position until it reaches the target position, while the Python code uses a while loop to remove characters from the list until it is empty.""
}",264
2015_0_1,43660,2016_1_1,33316,NON-CLONE,2026-07-06 08:35:10,"{
  ""answer"": ""YES-SIMILAR"",
  ""explanation"": ""Both code snippets are functionally similar. They both read input from a file, process the input to achieve a specific task, and output the result to a file. The Java code snippet appears to be solving a problem where it reads a string, counts the occurrences of a character, and outputs the result. The Python code snippet is solving a problem where it reads a string, sorts the characters in the string, and outputs the result. Although the problems and algorithms are different, the overall functionality of both code snippets is similar. The Java code snippet uses",265
2015_0_1,100718,2016_2_1,198100,NON-CLONE,2026-07-06 08:35:13,"{
  ""answer"": ""NO-NOT-SIMILAR"",
  ""explanation"": 
  ""The two code snippets are not functionally similar because they solve different problems. 
  The Java code snippet solves a problem where it calculates the minimum number of friends needed to clean tiles in a sequence, 
  whereas the PHP code snippet solves a problem where it rearranges digits of a number to form a new number. 
  Although they both involve mathematical operations and string manipulation, their tasks and logic are distinct.""
}",266
2015_0_1,44230,2016_1_1,18665,NON-CLONE,2026-07-06 08:35:17,"{
  ""answer"": ""YES-SIMILAR"",
  ""explanation"": ""Both code snippets are functionally similar. They both take a string input and return the maximum sum of indices of all non-zero digits in the string. The C++ code uses a for loop to iterate over the string, while the PHP code uses a foreach loop. The C++ code uses a variable 'upCnt' to keep track of the maximum index seen so far, while the PHP code uses the'result' variable to build the final string. The main difference is that the C++ code uses a for loop to iterate over the string from",267
2015_0_1,64620,2013_1_1,37029,NON-CLONE,2026-07-06 08:35:20,"{
  ""answer"": ""YES-SIMILAR"",
  ""explanation"": ""Both code snippets are functionally similar. They both read input from a file, process the input, and output the result to a file. The main difference is that the C++ code uses a loop to read multiple input cases, while the Python code uses a for loop to achieve the same result. The C++ code uses a more explicit approach with functions like `readLine()` and `readIntLine()`, while the Python code uses more concise code with a single `readline()` function. The C++ code uses `scanf` and `",268
2015_0_1,65110,2015_0_3,42051,NON-CLONE,2026-07-06 08:35:24,"{
  ""answer"": ""NO-NOT-SIMILAR"",
  ""explanation"": ""The two code snippets are functionally different. Code Snippet 1 is a solution to a problem where it takes a string and a number as input, and it performs a series of operations on the string based on the number. The operations involve iterating over the string, performing arithmetic operations, and checking for certain conditions. Code Snippet 2 is a solution to a different problem where it takes a string and a number as input and checks if the string can be transformed into a certain pattern based on the number. Although both code snippets involve",269
2015_0_1,106809,2015_0_2,96440,NON-CLONE,2026-07-06 08:35:27,"{
  ""answer"": ""YES-SIMILAR"",
  ""explanation"": ""Both code snippets are functionally similar. They both appear to be solving the same problem, which is to find the minimum number of divisors needed to make all numbers in a given list divisible by a certain divisor. They achieve this by iterating over the list and finding the minimum number of divisors required. The Python code snippet uses a loop to iterate over the list and update the maximum seen value, while the C++ code snippet uses a loop to iterate over the list and update the maximum seen value. The Python code snippet uses a single loop to",270
2015_0_1,86599,2013_0_2,96711,NON-CLONE,2026-07-06 08:35:30,"{
  ""answer"": ""YES-SIMILAR"",
  ""explanation"": ""Both code snippets are functionally similar as they both read input from a file, parse the input to extract relevant information, and perform a similar operation on that information. In the first code snippet, the operation is to calculate the maximum sum of a given array, while in the second code snippet, the operation is to determine if there is a ""lawn"" in the input data. Although the operations are different, the overall structure and purpose of the code are similar.""
}",271
2015_0_1,60803,2015_1_1,111866,NON-CLONE,2026-07-06 08:35:33,"{
  ""answer"": ""YES-SIMILAR"",
  ""explanation"": ""Both code snippets are functionally similar. They both appear to be solving the same problem, which is to find the maximum difference between consecutive elements in a list of integers, and the maximum value of the cumulative sum of the list minus the range of integers from 1 to the maximum value in the list. The Python code snippet uses numpy's cumsum function to calculate the cumulative sum, while the C++ code snippet calculates it manually. Both code snippets use the same approach to find the maximum difference and the maximum value of the cumulative sum minus the range",272
2015_0_1,25955,2013_0_1,72071,NON-CLONE,2026-07-06 08:35:37,"{
  ""answer"": ""YES-SIMILAR"",
  ""explanation"": ""Both code snippets are functionally similar as they are solving the same problem, which is a game of tic-tac-toe. They are checking for different winning conditions (horizontal, vertical, and diagonal) in a 4x4 grid. The PHP code is solving this problem for a specific input case, while the C++ code is solving it for a general case. The logic behind the winning conditions is the same in both code snippets, but the implementation is different due to the different programming languages and problem-solving approaches.""
}",273
2015_0_1,28465,2015_0_2,88257,NON-CLONE,2026-07-06 08:35:41,"{
  ""answer"": ""YES-SIMILAR"",
  ""explanation"": ""Both code snippets are functionally similar as they are solving the same problem. The problem appears to be a competitive programming problem where the goal is to find the minimum number of invitations needed for a given number of people to sit in a circle. The PHP code snippet calculates the minimum number of invitations needed for each person in the circle, while the C++ code snippet does the same thing. The main difference is that the PHP code snippet uses a loop to iterate over the lines in a file, while the C++ code snippet uses a while loop to iterate",274
2015_0_1,96593,2015_0_2,40957,NON-CLONE,2026-07-06 08:35:44,"{
  ""answer"": ""YES-SIMILAR"",
  ""explanation"": ""Both code snippets are functionally similar. They are solving the same problem, which appears to be a competitive programming problem. The PHP code snippet reads input from a file 'input.txt', while the Java code snippet reads input from the standard input. Both code snippets have a function/solve method that calculates the minimum number of friends needed to make everyone standing in the visitors' line. The PHP code snippet uses a do-while loop, while the Java code snippet uses a for loop. The PHP code snippet uses a 2D array to store the",275
2015_0_2,91000,2013_0_1,98087,NON-CLONE,2026-07-06 08:35:48,"{
  ""answer"": ""DONT-KNOW"",
  ""explanation"": ""The two code snippets appear to be solving different problems. Code Snippet 1 is solving a problem involving pancakes, while Code Snippet 2 is solving a problem involving a game. Although both codes use loops and conditional statements, they do not appear to be functionally similar. Code Snippet 1 calculates the minimum number of operations required to make all pancakes have a remainder of 0 when divided by a certain number, while Code Snippet 2 checks for a winner in a game. The problems and the logic used in both codes are distinct,",276
2015_0_2,21812,2013_0_3,102625,NON-CLONE,2026-07-06 08:35:51,"{
  ""answer"": ""YES-SIMILAR"",
  ""explanation"": ""Both code snippets are functionally similar. They both appear to be solving a problem related to finding the minimum number of days to eat a certain number of pancakes or similar items. The Java code snippet uses a brute-force approach to find the minimum number of days to eat the pancakes, while the C++ code snippet uses a precomputed list of values. However, the overall functionality of both code snippets is the same: they both aim to find the minimum number of days to eat a certain number of items.""
}",277
2015_0_2,40957,2013_0_2,71957,NON-CLONE,2026-07-06 08:35:54,"{
  ""answer"": ""YES-SIMILAR"",
  ""explanation"": ""Both code snippets are functionally similar. They both read input from a file, process the input to find the maximum value in each row and column, and use this information to determine the minimum value that can be achieved by multiplying each element in the array by a factor and then taking the minimum of the resulting values. The Java code uses a more complex algorithm to find the minimum value, but the basic idea is the same. The PHP code is more straightforward and easier to understand.""
}",278
2015_0_2,96440,2015_0_1,86599,NON-CLONE,2026-07-06 08:35:57,"{
  ""answer"": ""YES-SIMILAR"",
  ""explanation"": ""Both code snippets are functionally similar. They both read input from a file, process it, and output the result for each case. The C++ code snippet reads an integer 'd' and then reads 'd' more integers into a vector 'v'. It then calculates the maximum value'ma' in the vector and iterates over'ma' to find the minimum value 'best' that can be obtained by summing the number of times each integer in 'v' can be divided by 'i' and adding 'i' to the",279
2015_0_2,88257,2013_0_2,68303,NON-CLONE,2026-07-06 08:36:01,"{
  ""answer"": ""YES-SIMILAR"",
  ""explanation"": ""Both code snippets appear to be solving the same problem. They read input from a file, process the data, and output the result for each case. The main difference is in the input format and the syntax used. The C++ code reads integers from standard input, while the PHP code reads lines from a file. The logic of the code is similar, with the C++ code iterating over the input numbers and the PHP code iterating over the rows and columns of a 2D array. Both codes aim to find the maximum value in each row and",280
2015_0_2,38840,2013_0_1,127485,NON-CLONE,2026-07-06 08:36:04,"{
  ""answer"": ""DONT-KNOW"",
  ""explanation"": ""The two code snippets appear to be written in different programming languages (C++ and PHP) and have different purposes. The first snippet appears to be a solution to a competitive programming problem, likely involving a mathematical calculation, while the second snippet appears to be a solution to a problem involving a game board, specifically checking for wins in a game of tic-tac-toe. While both snippets are solutions to different problems, they do not share a common functional similarity. However, upon closer inspection, it appears that the first snippet is calculating the minimum number of moves",281
2015_0_2,36519,2015_1_1,111086,NON-CLONE,2026-07-06 08:36:08,"{
  ""answer"": ""YES-SIMILAR"",
  ""explanation"": ""Both code snippets are functionally similar. They are solving the same problem, which is to calculate the minimum time required to split pancakes into sub-piles that are all less than a certain limit. The Python code snippet uses a priority queue to calculate the minimum time, while the C++ code snippet uses a similar approach with a different implementation. The main functions in both code snippets are 'calcTotalTime' in the Python code and 'processCase' in the C++ code, which perform the same task. The C++ code snippet uses a more",282
2015_0_2,81081,2013_0_3,108834,NON-CLONE,2026-07-06 08:36:12,"{
  ""answer"": ""YES-SIMILAR"",
  ""explanation"": ""Both code snippets are functionally similar. They both appear to be solving a problem involving finding the number of splits required to eat all pancakes, with the maximum stack size being a variable. The Python code uses a memoization decorator to cache the results of a function, while the Java code uses a similar approach with a LinkedList to store and retrieve results. The Java code also uses a StreamInputReader to read input from a file, similar to the Python code's use of a file I/O system. The main difference is in the implementation details, but",283
2015_0_2,100159,2016_2_1,179503,NON-CLONE,2026-07-06 08:36:15,"{
  ""answer"": ""YES-SIMILAR"",
  ""explanation"": ""Both code snippets are functionally similar. They are both solving the same problem, which is to count the occurrences of digits in a given string. The Python code snippet reads from a file and the C++ code snippet reads from standard input. The Python code snippet uses a more concise approach to count the occurrences of digits, while the C++ code snippet uses a more verbose approach. However, both code snippets ultimately achieve the same result and perform the same task.""
}",284
2015_0_2,103402,2015_0_1,106809,NON-CLONE,2026-07-06 08:36:19,"{
  ""answer"": ""YES-SIMILAR"",
  ""explanation"": ""Both code snippets are functionally similar. They are solving the same problem, which is to find the minimum minutes required to cover all the numbers in a given array. The code snippets use different approaches to solve the problem, but they achieve the same result. The PHP code snippet uses a while loop to iterate over the numbers and find the minimum minutes, while the Python code snippet uses a for loop to iterate over the numbers and find the minimum minutes. The main difference is in the syntax and structure of the code, but the logic behind the problem-solving",285
2015_0_2,102321,2015_0_3,72742,NON-CLONE,2026-07-06 08:36:23,"{
  ""answer"": ""YES-SIMILAR"",
  ""explanation"": ""Both code snippets are functionally similar. They both read input from a file, process the input, and output the result to another file. The PHP code snippet reads an array from the input file and finds the minimum sum of the array elements that can be obtained by adding a number less than the maximum element in the array. The Python code snippet reads an array from the input file and checks if a given string can be repeated a certain number of times without containing the characters 'i', 'j', or 'k'. Although the tasks are different,",286
2015_0_2,55775,2016_1_2,14745,NON-CLONE,2026-07-06 08:36:26,"{
  ""answer"": ""YES-SIMILAR"",
  ""explanation"": ""Both code snippets are functionally similar. They are solving the same problem, which is a variant of the 'Infinite House of Pancakes' problem. The problem requires finding the minimum number of pancakes needed to stack a given number of pancakes. The PHP code snippet uses a greedy approach to find the minimum number of pancakes, while the Python code snippet uses a similar approach but with some modifications. The main difference is that the PHP code snippet uses a loop to iterate over possible numbers of pancakes, while the Python code snippet uses a dictionary to count the",287
2015_0_3,42051,2015_0_1,44230,NON-CLONE,2026-07-06 08:36:30,"{
  ""answer"": ""YES-SIMILAR"",
  ""explanation"": ""Both code snippets are functionally similar. They appear to be solving the same problem, which involves processing a string of characters and performing some operations on it. The Java code snippet seems to be using a quaternion multiplication table to process the string, while the C++ code snippet is using a similar approach but with a different implementation. The Java code snippet is using a 2D array to store the quaternion multiplication results, while the C++ code snippet is using a for loop to calculate the results. Both code snippets are solving the same problem, but with",288
2015_0_3,47513,2013_1_1,34507,NON-CLONE,2026-07-06 08:36:33,"{
  ""answer"": ""DONT-KNOW"",
  ""explanation"": ""The two code snippets are written in different programming languages (Java and PHP) and appear to be solving different problems. The Java code snippet appears to be solving a problem involving a string manipulation and checking conditions, while the PHP code snippet appears to be solving a problem involving a mathematical calculation and binary search. Although both code snippets have a similar structure and use of functions, their functionality is not immediately clear, and a deeper analysis is required to determine if they are functionally similar. Without further information or context, it is difficult to determine if they are functionally",289
2015_0_3,96608,2016_1_2,14745,NON-CLONE,2026-07-06 08:36:37,"{
  ""answer"": ""YES-SIMILAR"",
  ""explanation"": ""Both code snippets are functionally similar. They appear to be implementing the same algorithm to solve a problem. The Java code snippet is solving a Dijkstra's algorithm problem, while the Python code snippet is solving a similar problem with a different approach. The main goal of both codes is to find a solution by iterating through a given input and checking for certain conditions. The Java code snippet uses a HashMap to store the values, while the Python code snippet uses a dictionary. Both codes have a similar structure, with a loop iterating over the input, checking conditions",290
2015_0_3,41900,2015_0_1,96593,NON-CLONE,2026-07-06 08:36:41,"{
  ""answer"": ""YES-SIMILAR"",
  ""explanation"": ""Both code snippets appear to be solving the same problem, which involves finding the minimum number of people needed to be added to a group so that the total number of people who are not shy is equal to the total number of people who are shy. The C++ code uses a brute force approach with a loop, while the PHP code uses a more efficient approach with functions. Although the syntax and structure are different, the core logic of both codes is the same, and they achieve the same result.""
}",291
2015_0_3,49764,2016_1_2,14745,NON-CLONE,2026-07-06 08:36:44,"{
  ""answer"": ""YES-SIMILAR"",
  ""explanation"": ""Both code snippets are functionally similar. They both appear to be solving a problem where they take input from a file, process it, and output the result. The C++ code snippet seems to be a solution for a specific problem where it checks if a certain condition is met in a sequence of operations, while the Python code snippet appears to be a solution for a problem where it checks if certain conditions are met in a 2D array. However, the core logic of both code snippets is to process input data, count occurrences of certain elements,",292
2015_0_3,23036,2016_0_4,142083,NON-CLONE,2026-07-06 08:36:48,"{
  ""answer"": ""YES-SIMILAR"",
  ""explanation"": ""Both code snippets are functionally similar. They both solve the same problem, which appears to be a computational problem involving a recursive operation. The C++ code snippet uses a multiplication table and recursive exponentiation to calculate the result, while the Python code snippet uses a similar approach with a different implementation. The main difference is the use of a multiplication table in the C++ code and a function call in the Python code. However, the overall structure and logic of the two code snippets are similar.""
}",293
2015_0_3,103585,2014_3_1,138308,NON-CLONE,2026-07-06 08:36:50,"{
  ""answer"": ""YES-SIMILAR"",
  ""explanation"": ""Both code snippets are functionally similar. They appear to be solving the same problem, which involves finding the minimum and maximum indices of a product in a sequence of codes. The C++ code snippet uses a different approach to achieve the same result, involving the use of the gcd function to reduce the product, but the overall functionality is the same.""
}",294
2015_0_3,103774,2013_0_3,89287,NON-CLONE,2026-07-06 08:36:54,"{
  ""answer"": ""YES-SIMILAR"",
  ""explanation"": ""Both code snippets are functionally similar as they appear to be solving the same problem, which involves checking a sequence of numbers and determining if it meets certain conditions. The main difference lies in the implementation, with the Python code being more complex and using a dictionary to map characters to values, while the PHP code uses a more straightforward approach with functions to handle the problem. The Python code also includes a prework function and a printerr function, which are not present in the PHP code. However, the main functionality of both codes is similar, and they",295
2015_0_3,72742,2013_0_3,89287,NON-CLONE,2026-07-06 08:36:57,"{
  ""answer"": ""YES-SIMILAR"",
  ""explanation"": ""Both code snippets are functionally similar as they both solve the same problem, which is to find the number of valid squares within a given range. The Python code uses quaternion multiplication to check if a given string is a valid square, while the PHP code uses a different approach to generate squares and check if they are valid. The main difference is in the implementation details, but the overall functionality is the same.""
}",296
2015_0_3,19800,2016_1_1,22113,NON-CLONE,2026-07-06 08:37:00,"{
  ""answer"": ""YES-SIMILAR"",
  ""explanation"": ""Both code snippets are functionally similar. They both take a string input, multiply it according to a specific set of rules, and then check if the result meets certain conditions. The main difference is in the implementation details, such as the language used (PHP vs Java) and the specific rules applied to the multiplication. However, the overall logic and functionality of the two code snippets are equivalent.""
}",297
2015_0_3,102323,2016_0_1,76319,NON-CLONE,2026-07-06 08:37:03,"{
  ""answer"": ""YES-SIMILAR"",
  ""explanation"": ""Both code snippets are functionally similar. They are solving the same problem, a pattern recognition problem. The problem is to recognize a pattern 'i, j, k' in a string. The PHP code uses a custom class Num to recognize the pattern, while the Java code uses a simple loop to recognize the pattern. Although the implementation is different, the overall functionality is the same.""
}",298
2015_0_3,18309,2016_1_1,15819,NON-CLONE,2026-07-06 08:37:06,"{
  ""answer"": ""YES-SIMILAR"",
  ""explanation"": ""Both code snippets are functionally similar because they are implementing a solution to the same problem, which is to determine whether it's possible to obtain the result '-1' by repeatedly applying the operation of taking the maximum or minimum of two numbers, depending on the sign of the result. They use different approaches and languages, but the core logic is the same.""
}",299
2015_0_4,86262,2016_0_4,80717,NON-CLONE,2026-07-06 08:37:09,"{
  ""answer"": ""YES-SIMILAR"",
  ""explanation"": ""Both code snippets are functionally similar. They both read input from a file, process the input to determine the answer to a problem, and write the answers to an output file. The Java code snippet appears to be solving a problem where it determines whether a given rectangle can be divided into equal-sized squares, while the PHP code snippet appears to be solving a problem where it determines whether a given rectangle can be divided into equal-sized squares with a specific gap. The main difference is the problem being solved, but the overall functionality is similar.""
}",300
2015_0_4,30398,2016_1_2,26565,NON-CLONE,2026-07-06 08:37:13,"{
  ""answer"": ""YES-SIMILAR"",
  ""explanation"": ""Both code snippets are functionally similar as they both read input from a file, process it, and write output to another file. The main difference is in the problem being solved: the Java code snippet appears to be solving a problem where Gabriel and Richard are competing, and the C++ code snippet appears to be solving a problem where it finds numbers that occur an odd number of times in a 2D array. However, the logic in both snippets can be seen as similar: they both use a similar approach to process the input and determine the winner",301
2015_0_4,29877,2013_0_2,122219,NON-CLONE,2026-07-06 08:37:16,"{
  ""answer"": ""YES-SIMILAR"",
  ""explanation"": ""Both code snippets are functionally similar. They are both solving the same problem, which appears to be a variant of the 'Richard and Gabriel' problem. The problem involves determining whether Richard can win a game of 'Richard and Gabriel' given the size of the board (X), the number of rows (R), and the number of columns (C). The Java code snippet checks various conditions to determine whether Richard can win, while the Python code snippet uses a similar approach to check the conditions. Although the code snippets differ in syntax and structure, they",302
2015_0_4,63026,2013_0_3,92037,NON-CLONE,2026-07-06 08:37:19,"{
  ""answer"": ""YES-SIMILAR"",
  ""explanation"": ""Both code snippets are functionally similar. They both read input from a file, process the input, and write the output to another file. The main difference is that the C++ code snippet appears to be solving a specific problem where it checks if a given pair of numbers are fair and square, while the PHP code snippet is checking if a given range of numbers contains any perfect squares that are palindromes. However, the overall structure and logic of both code snippets are similar.""
}",303
2015_0_4,86932,2013_0_2,71957,NON-CLONE,2026-07-06 08:37:22,"{
  ""answer"": ""YES-SIMILAR"",
  ""explanation"": ""Both code snippets are functionally similar. They both read input from a file, process the input to determine if a condition is met, and output the result to a file. The condition in both codes appears to be related to the maximum values in rows and columns of a 2D array, and the code returns 'RICHARD' or 'NO' depending on whether the condition is met. The structure and syntax of the code are different, but the functionality is the same.""
}",304
2015_0_4,60776,2016_0_4,158305,NON-CLONE,2026-07-06 08:37:25,"{
  ""answer"": ""YES-SIMILAR"",
  ""explanation"": ""Both code snippets are functionally similar. They are solving the same problem, which appears to be a combinatorics problem. The C++ code snippet is checking for certain conditions to return 'GABRIEL' or 'RICHARD', while the Python code snippet is checking for certain conditions to return a string of numbers. The logic behind both snippets is similar, with the Python code snippet using a more complex approach to generate the output string. The main function in the C++ code snippet is iterating over a range of numbers, while the Python",305
2015_0_4,57828,2015_1_1,111866,NON-CLONE,2026-07-06 08:37:28,"{
  ""answer"": ""YES-SIMILAR"",
  ""explanation"": ""Both code snippets are functionally similar as they appear to be solving the same problem. The problem seems to be a competitive programming problem where the goal is to determine whether a given condition is satisfied based on the input values. The code in both snippets takes input values, performs some calculations, and prints the result for each case. Although the syntax and structure are different, the logic and overall functionality of both code snippets are similar.""
}",306
2015_0_4,94256,2013_1_1,42047,NON-CLONE,2026-07-06 08:37:31,"{
  ""answer"": ""YES-SIMILAR"",
  ""explanation"": ""Both code snippets are functionally similar as they achieve the same task of determining whether Gabriel or Richard can win in a game based on the given input parameters. The main difference lies in the implementation details and the language used. The Python code uses a simpler approach to determine the winner, whereas the Java code uses a more complex approach involving binary search. However, both codes achieve the same result.""
}",307
2015_0_4,74018,2015_0_2,91000,NON-CLONE,2026-07-06 08:37:34,"{
  ""answer"": ""NO-NOT-SIMILAR"",
  ""explanation"": ""The two code snippets are not functionally similar. Code Snippet 1 appears to be a solution to a problem where it determines whether a number is 'RICHARD' or 'GABRIEL' based on certain conditions. On the other hand, Code Snippet 2 is a solution to a problem where it determines the minimum number of pancakes that can be eaten to make each number from 1 to 'first' a multiple of some number 'y'. The problems and the approaches are different, so the code snippets are not",308
2015_0_4,68310,2014_3_1,134611,NON-CLONE,2026-07-06 08:37:37,"{
  ""answer"": ""YES-SIMILAR"",
  ""explanation"": ""Both code snippets are functionally similar. They appear to be solving the same problem, which is to determine whether a given rectangle (or omino) can be divided into smaller rectangles. The PHP code snippet is checking if the given omino can be divided into smaller rectangles with the same area, while the C++ code snippet is checking if a given rectangle can be divided into smaller rectangles with the same area. They both use a similar approach to solve the problem, where they calculate the area of the rectangle and check if it can be divided into smaller",309
2015_0_4,19708,2014_3_1,138308,NON-CLONE,2026-07-06 08:37:41,"{
  ""answer"": ""YES-SIMILAR"",
  ""explanation"": ""Both code snippets are functionally similar. They both seem to be solving the same problem, which involves determining whether Richard will win or Gabriel will win in a game based on certain conditions. The conditions are related to the values of x, r, and c. The PHP code snippet uses a class-based approach with methods to process the input, while the C++ code snippet uses a procedural approach with functions. The logic behind the problem-solving is similar, with the C++ code snippet using a while loop and the PHP code snippet using a series of if",310
2015_0_4,78114,2016_1_1,3308,NON-CLONE,2026-07-06 08:37:44,"{
  ""answer"": ""YES-SIMILAR"",
  ""explanation"": ""Both code snippets are functionally similar. They both read input from a file, process the input, and write the output to another file. The input is a series of cases, where each case is a string of characters. The code then processes each case and writes the result to the output file. The processing involves comparing the characters in the string and determining the order in which they should be written. The specific rules for determining the order are different in each code snippet, but the overall structure and purpose of the code is the same.""
}",311
2015_1_1,112276,2013_1_1,31779,NON-CLONE,2026-07-06 08:37:47,"{
  ""answer"": ""YES-SIMILAR"",
  ""explanation"": ""Both code snippets are functionally similar as they both solve the same problem. The problem appears to be a competitive programming problem where the goal is to find the minimum number of elements that need to be removed to make all elements in the array non-decreasing. The Java code has two different solutions, solve1 and solve2, which both achieve the same result. The PHP code also solves the same problem using a binary search approach. The main difference is in the language and syntax used, but the functionality is the same.""
}",312
2015_1_1,118030,2016_1_1,15421,NON-CLONE,2026-07-06 08:37:51,"{
  ""answer"": ""YES-SIMILAR"",
  ""explanation"": ""Both code snippets are functionally similar because they achieve the same task of processing a sequence of characters (mushrooms in the Java code and string in the C++ code) and producing a new string where each character is the maximum value of the current character and the previous character. The Java code uses a for loop to iterate over the mushrooms array, while the C++ code uses a for loop to iterate over the string. The Java code uses a variable `mushroomsOnPlate` to keep track of the maximum value, while the C++",313
2015_1_1,112898,2014_3_1,134611,NON-CLONE,2026-07-06 08:37:54,"{
  ""answer"": ""NO-NOT-SIMILAR"",
  ""explanation"": 
  ""The two code snippets are not functionally similar because they are written in different programming languages (Java and C++) and appear to solve different problems. The Java code snippet seems to be calculating the minimum and maximum number of 'eat' values in a sequence, while the C++ code snippet seems to be solving a problem involving powers of numbers. Although both code snippets involve loops and mathematical operations, the specific tasks they perform are different.""
}",314
2015_1_1,111086,2015_0_2,55775,NON-CLONE,2026-07-06 08:37:58,"{
  ""answer"": ""YES-SIMILAR"",
  ""explanation"": ""Both code snippets are functionally similar. They both read input from a file, process the input to calculate a result, and print the result for each case. The main difference is in the syntax and structure, but the logic and the steps taken to achieve the task are similar. The first C++ code snippet calculates the maximum sum of the differences between consecutive elements in a vector, and the minimum of these differences is used to calculate the final result. The second PHP code snippet, although using different syntax and structure, achieves the same result by calculating the",315
2015_1_1,122263,2016_1_2,26561,NON-CLONE,2026-07-06 08:38:01,"{
  ""answer"": ""YES-SIMILAR"",
  ""explanation"": ""Both code snippets are functionally similar. They appear to be solving the same problem, which involves reading input, counting occurrences of certain numbers, and finding the missing numbers with odd counts. The C++ code snippet uses a struct to store the counts, while the Java code snippet uses a HashMap. Both codes iterate over the input to count the occurrences of each number, and then find the missing numbers with odd counts. The C++ code snippet also includes performance measurement, which is not present in the Java code snippet. However, the overall functionality is the",316
2015_1_1,111866,2015_0_2,91000,NON-CLONE,2026-07-06 08:38:04,"{
  ""answer"": ""YES-SIMILAR"",
  ""explanation"": ""Both code snippets are functionally similar. They both take a sequence of integers as input, and for each integer, they calculate the sum of the differences between consecutive integers. The code snippets also keep track of the maximum difference found so far and use it to calculate the sum of the differences for the remaining integers. The results are then printed out for each case.""
}",317
2015_1_1,117734,2013_0_3,59317,NON-CLONE,2026-07-06 08:38:07,"{
  ""answer"": ""YES-SIMILAR"",
  ""explanation"": ""Both code snippets are functionally similar. They are solving the same problem, which is a Google Code Jam 2015 Round 1A problem. The problem is to find the number of times a given number can be written as a product of two numbers. The code snippets use different approaches to solve this problem, but they both achieve the same result. The Python code snippet uses a loop to iterate over the range of possible numbers, while the Java code snippet uses a loop to iterate over the powers of 10 and a nested loop to check if",318
2015_1_1,124602,2016_1_1,20829,NON-CLONE,2026-07-06 08:38:10,"{
  ""answer"": ""YES-SIMILAR"",
  ""explanation"": ""Both code snippets are functionally similar. They are both solving the same problem, which is to process a series of integers and calculate two values based on the differences between consecutive integers. The first code snippet is written in Python and the second code snippet is written in C++. The main difference is in the approach used to calculate the values, but they both achieve the same result.""
}",319
2015_1_1,111647,2013_0_3,92037,NON-CLONE,2026-07-06 08:38:12,"{
  ""answer"": ""NO-NOT-SIMILAR"",
  ""explanation"": ""The two code snippets are not functionally similar. The first code snippet appears to be a collection of utility functions for reading different types of data from a file, while the second code snippet is a PHP script that reads data from a file, performs some calculations, and writes the results to another file. The code snippets have different purposes and do not achieve the same result.""
}",320
2015_1_1,122934,2013_0_2,83774,NON-CLONE,2026-07-06 08:38:16,"{
  ""answer"": ""YES-SIMILAR"",
  ""explanation"": ""Both code snippets are functionally similar. They are solving a problem where they read input from a file/file stream and process it to produce output. The problem seems to be related to finding the maximum and minimum values in a 2D array and determining if there is a row or column where the values are in a specific order. The first code snippet in PHP uses a file stream to read the input and process it to find the maximum and minimum values. The second code snippet in C++ uses a similar approach to read the input and process it to",321
2015_1_1,111264,2013_0_1,99825,NON-CLONE,2026-07-06 08:38:19,"{
  ""answer"": ""YES-SIMILAR"",
  ""explanation"": ""Both code snippets are functionally similar. They appear to be solving the same problem, which is a game involving a 4x4 grid. The PHP code snippet calculates the minimum values for a given input, while the C++ code snippet appears to be determining the winner of the game based on the grid. The logic of the two code snippets is similar, with the PHP code snippet calculating minimum values and the C++ code snippet checking for a winner. The C++ code snippet uses a different approach to achieve the same result. The core logic of",322
2015_1_1,121770,2013_0_3,53348,NON-CLONE,2026-07-06 08:38:23,"{
  ""answer"": ""YES-SIMILAR"",
  ""explanation"": ""Both code snippets are functionally similar. They are solving the same problem, which is to find the number of numbers in the given range that can be formed by the numbers in the array d. The array d contains a sequence of palindromic numbers. The PHP code snippet uses a recursive function to calculate the number of numbers in the range, while the C++ code snippet uses a while loop to achieve the same result. The PHP code snippet reads the input from STDIN, while the C++ code snippet reads the input from a file.",323
2016_0_1,76319,2015_0_1,25955,NON-CLONE,2026-07-06 08:38:26,"{
  ""answer"": ""YES-SIMILAR"",
  ""explanation"": ""Both code snippets are functionally similar. They both read input from a file, process the input to calculate a value based on a series of conditions, and write the result to an output file. The Java code snippet calculates a value based on a series of numbers and their remainders when divided by 10, while the PHP code snippet calculates the number of people needed to borrow and lend to reach a certain shy level. Although the code is structured differently and the specific logic is distinct, they both achieve the same result of processing input and writing output.""
",324
2016_0_1,117099,2014_2_1,118754,NON-CLONE,2026-07-06 08:38:30,"{
  ""answer"": ""YES-SIMILAR"",
  ""explanation"": ""Both code snippets are functionally similar. They both appear to be solving the same problem, which involves processing a series of input lines to determine the minimum number of moves required to reach a certain state. The Java code uses a different approach, using a loop to generate a mask, while the PHP code uses a more complex algorithm involving arrays and loops. However, both codes achieve the same result, processing the input lines and producing an output for each case.""
}",325
2016_0_1,100898,2016_0_4,142083,NON-CLONE,2026-07-06 08:38:33,"{
  ""answer"": ""YES-SIMILAR"",
  ""explanation"": ""Both code snippets are functionally similar. They appear to be solving the same problem, which involves taking input numbers and performing operations on them until a certain condition is met. The condition is not explicitly stated in the code, but based on the code structure and logic, it appears to be related to a'sheep counting' problem, where the goal is to find a sequence of numbers that meets certain conditions. The Java code snippet uses a while loop to perform operations on the input number until a certain condition is met, while the Python code snippet uses",326
2016_0_1,65647,2016_1_2,21265,NON-CLONE,2026-07-06 08:38:36,"{
  ""answer"": ""YES-SIMILAR"",
  ""explanation"": ""Both code snippets are functionally similar. They appear to be solving the same problem, which involves iterating over a series of inputs, processing each input, and determining whether a certain condition is met. The condition is that all soldiers (or numbers) in the input must be present an even number of times. The code snippets use different programming languages and structures, but they achieve the same result. The C++ code snippet uses a map to track the count of each number, while the PHP code snippet uses an array to track the count of each soldier.",327
2016_0_1,134225,2016_1_2,22155,NON-CLONE,2026-07-06 08:38:40,"{
  ""answer"": ""YES-SIMILAR"",
  ""explanation"": ""Both code snippets are functionally similar. They both take input from standard input and perform a task related to processing numbers. The C++ code snippet appears to be solving a problem where it finds the first number that has a binary representation of all 10 digits (0-9) in its decimal representation. The PHP code snippet seems to be solving a problem where it processes a sequence of numbers and outputs the numbers that have an odd count of occurrences in the sequence. Although the problems seem different, the code structure and logic are similar, with a loop",328
2016_0_1,143909,2015_0_1,47939,NON-CLONE,2026-07-06 08:38:43,"{
  ""answer"": ""YES-SIMILAR"",
  ""explanation"": ""Both code snippets are functionally similar. They appear to be solving the same problem, where they read a series of integers from input, and for each integer, they calculate the number of steps required to reach or surpass that number. The main difference is in the approach: the C++ code uses a while loop to add 1 to a mask until it reaches or surpasses the target, while the Java code uses a for loop to increment a counter until it reaches or surpasses the target. The output format is also different, but the functionality is",329
2016_0_1,94639,2016_0_4,135114,NON-CLONE,2026-07-06 08:38:46,"{
  ""answer"": ""YES-SIMILAR"",
  ""explanation"": ""Both code snippets are functionally similar. They both implement a solution to the same problem, which is to find the first number that is not a multiple of any digit. The Python code snippet uses a while loop to incrementally multiply the input number by itself, checking if the resulting number contains any digits that are not yet set to 1. The C++ code snippet uses a for loop to calculate the sum of the digits of the input number multiplied by itself, and then checks if the resulting sum is a multiple of any digit. The C++",330
2016_0_1,88781,2013_0_2,71957,NON-CLONE,2026-07-06 08:38:49,"{
  ""answer"": ""YES-SIMILAR"",
  ""explanation"": ""Both code snippets are functionally similar. They both solve the same problem, which appears to be a task from a competitive programming challenge. The task involves processing a series of cases where a number N is input, and the program needs to determine if the number is 'insomnia' or not. The problem seems to be checking if the digits of the number N are unique. The Python code uses a while loop to generate the digits of the number N and checks for uniqueness, while the PHP code reads a matrix from a file and checks if each element",331
2016_0_1,71388,2014_2_1,118754,NON-CLONE,2026-07-06 08:38:53,"{
  ""answer"": ""YES-SIMILAR"",
  ""explanation"": ""Both code snippets are functionally similar. They are solving the same problem, which is a string manipulation problem. The problem seems to be a Code Jam problem, and both code snippets are implementing a solution for it. The main goal of the problem is to determine the minimum number of moves required to make all strings in the input equal. The code snippets use a similar approach to solve the problem, with the main difference being the programming language used (Python vs PHP).""
}",332
2016_0_1,48618,2015_1_1,124602,NON-CLONE,2026-07-06 08:38:56,"{
  ""answer"": ""YES-SIMILAR"",
  ""explanation"": ""Both code snippets are functionally similar. They both read input, process it, and output the result. The PHP code snippet reads a number of cases (max), then for each case, it reads a number (N), multiplies it by an increasing counter (count) until the digits of the product are all unique. The Python code snippet reads a number of cases (T), then for each case, it reads a list of numbers, calculates the differences between consecutive numbers, and sums them. However, upon closer inspection, it appears that the",333
2016_0_1,39027,2013_0_1,103399,NON-CLONE,2026-07-06 08:38:59,"{
  ""answer"": ""YES-SIMILAR"",
  ""explanation"": ""Both code snippets are functionally similar. They appear to be implementing a game logic for a 4x4 board game, where the goal is to determine the winner of the game. The PHP code snippet uses a recursive function 'x' to determine the winner, while the Java code snippet uses a similar approach with a Board class and a Status enum. The main difference is in the game logic and the way the board is represented, but the overall functionality is the same.""
}",334
2016_0_1,113708,2016_0_4,136626,NON-CLONE,2026-07-06 08:39:02,"{
  ""answer"": ""YES-SIMILAR"",
  ""explanation"": ""Both code snippets are functionally similar. They both appear to be solving a problem related to finding the'sleep' value in a sequence where the value is generated by multiplying a base number raised to a power. The PHP code uses a while loop to find the sleep value, while the Java code uses a nested loop to achieve the same result. Both codes take input from the user and output the result for each case.""
}",335
2016_0_4,136626,2015_0_2,81081,NON-CLONE,2026-07-06 08:39:06,"{
  ""answer"": ""YES-SIMILAR"",
  ""explanation"": ""Both code snippets are functionally similar. They both appear to be solving a problem involving finding the minimum number of splits required to reach a certain value from a given maximum value. The Java code uses a brute force approach to calculate the minimum splits, while the Python code uses a memoization approach to optimize the calculation. Despite the different approaches and programming languages used, the core functionality of both code snippets is the same.""
}",336
2016_0_4,125922,2016_1_1,4557,NON-CLONE,2026-07-06 08:39:09,"{
  ""answer"": ""YES-SIMILAR"",
  ""explanation"": ""Both code snippets are functionally similar as they read input from a file, process the input, and output the result to another file. The Java code snippet appears to be solving a problem related to Fractiles, while the PHP code snippet is solving a problem related to string manipulation. However, the general structure and functionality of the code is similar, with the Java code snippet reading input lines from a file, processing each line, and outputting the result, while the PHP code snippet does the same but with a different problem in mind. The PHP",337
2016_0_4,99642,2015_0_3,49764,NON-CLONE,2026-07-06 08:39:12,"{
  ""answer"": ""YES-SIMILAR"",
  ""explanation"": ""Both code snippets are functionally similar as they appear to be solving the same problem, which involves a series of mathematical operations and pattern recognition. The Java code uses a BufferedReader to read input and a PrintWriter to write output, while the C++ code uses cin and printf for input/output operations. Although the syntax and structure of the two codes differ, they both aim to solve a problem involving mathematical patterns and operations.""
}",338
2016_0_4,135114,2016_1_1,15819,NON-CLONE,2026-07-06 08:39:16,"{
  ""answer"": ""YES-SIMILAR"",
  ""explanation"": ""Both code snippets are functionally similar. They both read input from a file, process it, and output the result to another file. The main difference is in the programming language used (C++ vs Java) and the syntax, but the overall task they perform is the same. In the C++ code, it calculates a sequence of numbers based on the input values, while in the Java code, it processes a string to construct a new string by inserting characters in order. However, the essence of their tasks is to take input, process it,",339
2016_0_4,90060,2016_1_2,21265,NON-CLONE,2026-07-06 08:39:19,"{
  ""answer"": ""YES-SIMILAR"",
  ""explanation"": ""Both code snippets are functionally similar. They appear to be solving the same problem: given a number of soldiers, a number of rows, and a number of soldiers per row, determine which soldiers are missing after pairing them up. The C++ code uses a loop to calculate the total number of soldiers and then iterates through each row, while the PHP code uses a foreach loop to iterate through each row. Both codes also handle the case where the number of rows is less than the number of soldiers. The main difference is in the input/output handling",340
2016_0_4,45917,2014_2_1,128920,NON-CLONE,2026-07-06 08:39:22,"{
  ""answer"": ""YES-SIMILAR"",
  ""explanation"": ""Both code snippets are functionally similar. They appear to be solving the same problem, which is to determine if a set of strings can be rearranged into a single string or not. They use different approaches, but the overall functionality is the same. The C++ code uses a more mathematical approach to calculate the minimum cost to rearrange the strings, while the Python code uses a more iterative approach to achieve the same result.""
}",341
2016_0_4,63570,2014_3_1,138308,NON-CLONE,2026-07-06 08:39:25,"{
  ""answer"": ""YES-SIMILAR"",
  ""explanation"": ""Both code snippets are functionally similar. They both calculate the number of ways to divide a given number P into Q parts, where P and Q are integers. They both use a similar approach, where they find the greatest common divisor (GCD) of P and Q, and then divide P by the GCD. They then find the power of 2 that is less than or equal to Q, and use that power to calculate the number of parts. The main difference is in the implementation, with the Python code using a loop to find the",342
2016_0_4,158305,2015_0_3,41900,NON-CLONE,2026-07-06 08:39:29,"{
  ""answer"": ""YES-SIMILAR"",
  ""explanation"": ""Both code snippets are functionally similar. They appear to be solving the same problem, a variant of the ""Guess Numbers"" problem. The Python code snippet uses a while loop to generate guesses, while the C++ code snippet uses two nested loops to achieve the same result. The main difference is that the C++ code snippet uses a more complex approach with a 'get' function to generate the guesses, while the Python code snippet uses a simpler approach with a direct calculation. Despite these differences, both code snippets achieve the same result, making them function",343
2016_0_4,142083,2015_0_1,43660,NON-CLONE,2026-07-06 08:39:32,"{
  ""answer"": ""YES-SIMILAR"",
  ""explanation"": ""Both code snippets are functionally similar. They both read input from a file, process the input, and write the output to another file. The main difference is in the input processing logic, but the overall task is the same: to process a sequence of integers and return the result based on certain conditions. The Java code snippet uses a BufferedReader to read the input, while the Python code snippet uses a file object to read the input. The Java code snippet uses a for loop to process the input, while the Python code snippet uses a for loop as",344
2016_0_4,80717,2013_0_2,91409,NON-CLONE,2026-07-06 08:39:35,"{
  ""answer"": ""YES-SIMILAR"",
  ""explanation"": ""Both code snippets are functionally similar. They appear to be solving the same problem, which is to determine whether it is possible to form a rectangle with a given set of integers. The PHP code snippet uses a brute-force approach to generate the possible combinations of the given integers, while the C++ code snippet checks if the given integers can form a rectangle. Although the approaches are different, both code snippets achieve the same result.""
}",345
2016_0_4,139021,2013_0_2,78034,NON-CLONE,2026-07-06 08:39:38,"{
  ""answer"": ""YES-SIMILAR"",
  ""explanation"": ""Both code snippets are functionally similar. They appear to be solving the same problem, a combinatorics problem where they need to find the possible art works for a given set of parameters. The PHP code snippet uses a brute force approach to generate all possible art works and then checks if the sum of the art works is within a certain limit. The Python code snippet uses a similar approach, but with a different syntax. They both achieve the same result, which is to find the possible art works for a given set of parameters.""
}",346
2016_0_4,37736,2015_0_3,72742,NON-CLONE,2026-07-06 08:39:42,"{
  ""answer"": ""YES-SIMILAR"",
  ""explanation"": ""Both code snippets are functionally similar. They appear to be solving the same problem, where they take input from a file, process it, and output the result to another file. The PHP code snippet calculates the position of certain characters in a string repeated a certain number of times, while the Python code snippet checks if a certain string repeated a certain number of times contains certain characters. They both use a similar approach to solve their respective problems, with the main difference being the language and implementation details.""
}",347
2016_1_1,15819,2013_0_2,85165,NON-CLONE,2026-07-06 08:39:45,"{
  ""answer"": ""YES-SIMILAR"",
  ""explanation"": ""Both code snippets are functionally similar. They both read input from a file, process the input data, and write the output to another file. The Java code snippet reads a list of strings from a file, processes each string to find the last word, and writes the result to an output file. The Python code snippet reads a list of integers from a file, processes the list to find the minimum height in each row, and writes the result to an output file. Although the tasks are different, they both involve reading input, processing it, and",348
2016_1_1,28201,2013_0_2,78034,NON-CLONE,2026-07-06 08:39:48,"{
  ""answer"": ""YES-SIMILAR"",
  ""explanation"": ""Both code snippets are functionally similar. They both read input from a file, process it, and write the output to another file. The Java code snippet reads a file, sorts each line, and writes the sorted lines to another file. The Python code snippet reads a file, checks if each element in a 2D array is greater than its corresponding maximum row and column value, and writes the result to another file. The Java code snippet uses a StringBuffer to build the output, while the Python code snippet uses print statements to output the result.",349
2016_1_1,22113,2016_1_2,7956,NON-CLONE,2026-07-06 08:39:52,"{
  ""answer"": ""YES-SIMILAR"",
  ""explanation"": ""Both code snippets are functionally similar. They both read input from the user, process it, and output the result. The Java code snippet reads input as strings and processes them by iterating over each character in the string, while the Python code snippet reads input as a matrix of integers and processes it by counting the occurrences of each number. However, both codes are trying to find the first character in each case that has the highest alphabetical order. The Java code snippet uses a string, while the Python code snippet uses a dictionary to count the occurrences of each",350
2016_1_1,15421,2016_2_1,193929,NON-CLONE,2026-07-06 08:39:55,"{
  ""answer"": ""YES-SIMILAR"",
  ""explanation"": ""Both code snippets are functionally similar. They both solve the same problem, which is to find the digits of a given number. The C++ code snippet uses a string and a loop to find the digits, while the Java code snippet uses a string and a for-each loop to find the digits. The Java code snippet also uses an array to store the counts of each digit, while the C++ code snippet uses a map to store the counts. However, the overall functionality of both code snippets is the same, which is to find the digits",351
2016_1_1,31768,2014_2_1,118416,NON-CLONE,2026-07-06 08:39:58,"{
  ""answer"": ""YES-SIMILAR"",
  ""explanation"": ""Both code snippets are functionally similar because they are solving the same problem. The problem appears to be a string manipulation problem where the goal is to find the minimum distance between two strings. The C++ code uses a greedy approach to solve the problem, while the Python code uses a similar approach with a different implementation. The main difference is in the way they read input and process the strings, but the overall functionality is the same.""
}",352
2016_1_1,20829,2013_0_2,85165,NON-CLONE,2026-07-06 08:40:02,"{
  ""answer"": ""YES-SIMILAR"",
  ""explanation"": ""Both code snippets are functionally similar because they both process input from a file, process a series of lines or strings, and produce output to another file. In the C++ code, the input is processed in the 'iteration()' function, which processes a string and produces an output to the console. In the Python code, the input is processed in the 'lawn()' function, which processes a series of lines and produces output to a file. Both codes have similar structures and logic, despite differences in syntax and implementation details.""
}",353
2016_1_1,3308,2016_2_1,186531,NON-CLONE,2026-07-06 08:40:05,"{
  ""answer"": ""YES-SIMILAR"",
  ""explanation"": ""Both code snippets are functionally similar. They both take a string input and process it to produce an output. The Python code reads from a file, while the C++ code reads from standard input. They both use a similar algorithm to count the occurrences of each letter in the input string and then use the counts to generate the output string. The Python code uses a more straightforward approach, while the C++ code uses a more complex approach with multiple while loops to handle the counting and output generation.""
}",354
2016_1_1,33316,2013_0_3,74156,NON-CLONE,2026-07-06 08:40:08,"{
  ""answer"": ""DONT-KNOW"",
  ""explanation"": ""The two code snippets are not functionally similar because they are solving different problems. Code Snippet 1 appears to be a solution for a problem involving sorting a list of characters, while Code Snippet 2 is a solution for a problem involving counting square palindromes. Although both code snippets use similar programming concepts, such as iterating over a list and checking for palindromes, they are tackling different tasks and do not achieve the same result.""
}",355
2016_1_1,14703,2014_3_1,140281,NON-CLONE,2026-07-06 08:40:11,"{
  ""answer"": ""NO-NOT-SIMILAR"",
  ""explanation"": ""The two code snippets are not functionally similar. The first code snippet appears to be a solution for a problem where it takes a string as input and returns the string with the highest character in each position, while the second code snippet appears to be a solution for a different problem where it takes two numbers as input and returns the minimum number of steps required to make the first number a multiple of the second number. The two code snippets are solving different problems and do not have a similar function.""
}",356
2016_1_1,3735,2013_0_2,85165,NON-CLONE,2026-07-06 08:40:15,"{
  ""answer"": ""NO-NOT-SIMILAR"",
  ""explanation"": ""The two code snippets are not functionally similar. The first PHP code snippet is a solution to a problem where it takes input from STDIN, processes the input to find the longest word that can be formed by appending characters in the order they appear in the input, and prints the result for each case. The second Python code snippet is a solution to a different problem where it takes input from a file, processes the input to find a lawn with a minimum height difference, and prints whether the lawn is valid or not for each case. Although",357
2016_1_1,18665,2013_0_2,85165,NON-CLONE,2026-07-06 08:40:18,"{
  ""answer"": ""YES-SIMILAR"",
  ""explanation"": ""Both code snippets are functionally similar. The PHP code snippet appears to be solving a problem where it takes a string of characters as input and returns a string with the characters in lexicographic order. The Python code snippet appears to be solving a lawn problem where it takes a 2D array of integers as input and returns whether the lawn is valid. However, upon closer inspection, it can be seen that the PHP code snippet is actually solving the same problem as the Python code snippet. The PHP code snippet is sorting the characters in the input string",358
2016_1_1,4557,2015_0_1,106809,NON-CLONE,2026-07-06 08:40:20,"{
  ""answer"": ""YES-SIMILAR"",
  ""explanation"": ""Both code snippets are functionally similar as they both process input files, calculate a value based on the lines in the file, and output the result to a file. The main difference is in the syntax and structure of the code, but the overall functionality is the same.""
}",359
2016_1_2,23627,2016_0_1,88781,NON-CLONE,2026-07-06 08:40:23,"{
  ""answer"": ""YES-SIMILAR"",
  ""explanation"": ""Both code snippets are functionally similar. They both take a number N as input and return a string of digits in decreasing order that cannot be divided by 2. The Java code snippet does this by first counting the occurrences of each digit in the input, then filtering out the digits that appear an even number of times, sorting the remaining digits, and returning them as a string. The Python code snippet achieves the same result by generating the digits of N, keeping track of unique digits, and returning the digits that appear an odd number of times as a",360
2016_1_2,26561,2013_1_1,37029,NON-CLONE,2026-07-06 08:40:27,"{
  ""answer"": ""YES-SIMILAR"",
  ""explanation"": ""Both code snippets are functionally similar. They both read input from a file, process the input, and output the result. The Java code snippet reads input from the console, while the Python code snippet reads input from a file. Both code snippets also have a function that calculates the missing list of integers. In the Java code snippet, this function is called printMissingList(), while in the Python code snippet, this function is called p1nrings2(). Both functions use a similar approach to calculate the missing list of integers, which is to iterate",361
2016_1_2,21848,2015_0_2,96440,NON-CLONE,2026-07-06 08:40:30,"{
  ""answer"": ""YES-SIMILAR"",
  ""explanation"": ""Both code snippets are functionally similar. They both take a series of integers as input, process them, and output the result. The Java code snippet counts the occurrences of each integer and identifies the integers that appear an odd number of times. The C++ code snippet calculates the minimum number of divisors required to make all integers in the series appear an even number of times. Both code snippets achieve the same task, but with different approaches and languages.""
}",362
2016_1_2,7905,2013_0_2,44471,NON-CLONE,2026-07-06 08:40:33,"{
  ""answer"": ""YES-SIMILAR"",
  ""explanation"": ""Both code snippets are functionally similar. They both read input from a file, process it, and output the result to another file. The main difference is in the data structure used (2D array in C++ and 2D array in Java) and the method of reading input (C++ uses cin, Java uses Scanner). However, the core logic of the program is the same: it reads input, finds the lowest value, and checks if it is present in all rows and columns. If it is, it outputs 'YES', otherwise",363
2016_1_2,22827,2013_0_3,74156,NON-CLONE,2026-07-06 08:40:36,"{
  ""answer"": ""YES-SIMILAR"",
  ""explanation"": ""Both code snippets are functionally similar. They both read input from a file (or standard input), process the input to count the number of perfect squares that are palindromes, and print the result for each case. Although the Java code uses a different approach to check if a number is a palindrome, both codes achieve the same task of counting the number of perfect square palindromes in a given range.""
}",364
2016_1_2,26565,2016_0_1,113708,NON-CLONE,2026-07-06 08:40:39,"{
  ""answer"": ""YES-SIMILAR"",
  ""explanation"": ""Both code snippets are functionally similar. They are both designed to find the first number that is not a power of a given base (2 in the C++ code and not specified in the PHP code, but can be inferred from the PHP code). The C++ code uses a map to count the occurrences of each digit in all numbers, and then finds the number that has an odd number of occurrences of any digit. The PHP code uses a similar approach, but with arrays and a while loop. Both codes output the result for each input number,",365
2016_1_2,30453,2016_2_1,193717,NON-CLONE,2026-07-06 08:40:42,"{
  ""answer"": ""YES-SIMILAR"",
  ""explanation"": ""Both code snippets are functionally similar. They both read input from the user, process the input to count the occurrences of each digit, and then print out the counts of each digit in a specific order. The main difference is in the way they handle the input and the specific steps they take to process it, but the overall task they accomplish is the same.""
}",366
2016_1_2,14745,2015_0_3,18309,NON-CLONE,2026-07-06 08:40:46,"{
  ""answer"": ""YES-SIMILAR"",
  ""explanation"": ""Both code snippets are functionally similar. They both appear to be solving the same problem, which involves processing input data and returning a specific output based on certain conditions. The Python code snippet uses a dictionary to count the occurrences of each element in the input data, while the PHP code snippet uses an array to achieve a similar result. Both code snippets also involve iterating over the input data, performing operations on the data, and returning a specific output based on the results. The main difference is in the syntax and structure of the code, but the functional similarity",367
2016_1_2,7956,2015_0_2,96440,NON-CLONE,2026-07-06 08:40:49,"{
  ""answer"": ""YES-SIMILAR"",
  ""explanation"": ""Both code snippets are functionally similar. They both take input from standard input, process it, and output the result to the standard output and/or standard error. The main difference is in the problem they are trying to solve. The Python code snippet appears to be solving a problem where it counts the number of odd numbers in each column of a 2D array and returns them in sorted order. The C++ code snippet appears to be solving a problem where it finds the minimum number of divisors required to divide each element in a 1D array",368
2016_1_2,22155,2014_3_1,139370,NON-CLONE,2026-07-06 08:40:52,"{
  ""answer"": ""YES-SIMILAR"",
  ""explanation"": ""Both code snippets appear to be solving the same problem, which is to find the minimum number of operations required to make the first number (P) odd by performing operations on the second number (Q). The operations involve dividing both numbers by 2 until one of them becomes odd. The code snippets use different approaches to achieve this, but they both ultimately produce the same result. The PHP code uses a loop to read input values and process them, while the Python code uses a function to solve the problem and then processes the input values. Despite their differences",369
2016_1_2,21265,2015_0_3,72742,NON-CLONE,2026-07-06 08:40:56,"{
  ""answer"": ""YES-SIMILAR"",
  ""explanation"": ""Both code snippets are functionally similar because they are solving the same problem. The PHP code snippet is solving a problem where it reads input, counts the occurrences of each soldier in each row, and then prints the missing soldiers in each case. The Python code snippet is solving a similar problem where it reads input, counts the occurrences of each character in each string repetition, and then prints whether the string repetition is legal or not. The main difference is that the Python code snippet uses a more complex method to count the occurrences of characters, using quaternion multiplication,",370
2016_1_2,19133,2015_0_1,86599,NON-CLONE,2026-07-06 08:40:59,"{
  ""answer"": ""YES-SIMILAR"",
  ""explanation"": ""Both code snippets are functionally similar. They read input from a file, process the data, and output the result to another file. The PHP code snippet appears to be solving a problem where it finds the maximum number of ""missing"" elements in a 2D array, while the Python code snippet seems to be solving a problem where it finds the maximum number of friends that can be added to a person in a queue. However, upon closer inspection, it appears that both code snippets are actually solving the same problem: finding the maximum number of """,371
2016_2_1,201276,2015_0_2,81081,NON-CLONE,2026-07-06 08:41:03,"{
  ""answer"": ""NO-NOT-SIMILAR"",
  ""explanation"": ""The two code snippets are not functionally similar. They are written in different programming languages (Java and Python) and are solving different problems. The Java code snippet appears to be solving a problem involving string manipulation and counting the frequency of certain characters, while the Python code snippet is solving a problem involving counting the number of splits of a list of integers. Although both code snippets use similar techniques such as counting and replacing characters, the overall functionality of the two code snippets is distinct.""
}",372
2016_2_1,180026,2016_0_1,143909,NON-CLONE,2026-07-06 08:41:06,"{
  ""answer"": ""YES-SIMILAR"",
  ""explanation"": ""Both code snippets are functionally similar as they both count the frequency of digits in a given string and then print the string formed by removing digits with frequency greater than 0. The Java code snippet uses a char array to count the frequency of each character, while the C++ code snippet uses a bit mask to count the frequency of each digit. The Java code snippet iterates over the characters in the string, while the C++ code snippet iterates over the digits in the number.""
}",373
2016_2_1,193929,2013_1_1,34507,NON-CLONE,2026-07-06 08:41:10,"{
  ""answer"": ""YES-SIMILAR"",
  ""explanation"": ""Both code snippets are functionally similar. They both appear to be solving the same problem, which involves counting the number of occurrences of digits in a given string. The Java code snippet uses a more complex approach, where it counts the occurrences of digits in the string and then uses this information to calculate the number of occurrences of each digit. The PHP code snippet uses a binary search approach to find the number of occurrences of each digit. Both code snippets achieve the same result, which is to print the number of occurrences of each digit in the given string.""
",374
2016_2_1,194349,2015_0_3,103774,NON-CLONE,2026-07-06 08:41:13,"{
  ""answer"": ""YES-SIMILAR"",
  ""explanation"": ""Both code snippets are functionally similar. They both read input from the user, process it, and output the result. The C++ code snippet counts the frequency of letters in a given string, subtracts the frequency of certain letters, and outputs the remaining counts. The Python code snippet uses a similar approach, but with a different data structure and some differences in implementation details. However, the overall logic and functionality are equivalent.""
}",375
2016_2_1,186531,2016_1_1,15819,NON-CLONE,2026-07-06 08:41:16,"{
  ""answer"": ""YES-SIMILAR"",
  ""explanation"": ""Both code snippets are functionally similar. They both read a string input and process it to produce an output string. The C++ code appears to be a solution to a code jam problem where it processes the input string character by character, incrementing counters for each digit, and then prints the digits in the order they appear in the input string. The Java code does the same thing, but in a more concise manner. It processes the input string character by character, and if the current character is greater than the first character of the current word, it",376
2016_2_1,179503,2015_0_3,18309,NON-CLONE,2026-07-06 08:41:20,"{
  ""answer"": ""YES-SIMILAR"",
  ""explanation"": ""Both code snippets appear to be solving the same problem, a string manipulation problem. The C++ code is counting the occurrences of each digit in a string and then using the counts to print the resulting string. The PHP code is using a similar approach, but with some additional complexity due to the use of arrays and functions. The key similarity is that both code snippets are processing a string and using the counts of characters to produce the final output.""
}",377
2016_2_1,185295,2013_0_3,108834,NON-CLONE,2026-07-06 08:41:23,"{
  ""answer"": ""YES-SIMILAR"",
  ""explanation"": ""Both code snippets are functionally similar. They both take input from a file, read lines from the input file, process the lines to count the occurrences of certain letters, and output the results to a file. The main difference is in the approach used to count the occurrences of the letters and the handling of the output. However, the overall functionality is the same.""
}",378
2016_2_1,196651,2013_0_1,126886,NON-CLONE,2026-07-06 08:41:25,"{
  ""answer"": ""YES-SIMILAR"",
  ""explanation"": ""Both code snippets appear to be solving a game scenario, specifically a Tic Tac Toe game. They read input from a file, process the game board, and determine the winner or outcome of the game. Although the implementation details differ, the overall functionality is similar.""
}",379
2016_2_1,182378,2016_1_1,15819,NON-CLONE,2026-07-06 08:41:28,"{
  ""answer"": ""YES-SIMILAR"",
  ""explanation"": ""Both code snippets are functionally similar. They both read a file, process the content of the file, and write the results to another file. The main difference is in the processing step where the Python code snippet uses a series of while loops to process the string, while the Java code snippet uses a StringBuilder to insert characters in the correct order. The overall functionality of both code snippets is the same, they are just implemented differently.""
}",380
2016_2_1,198100,2013_0_3,51164,NON-CLONE,2026-07-06 08:41:32,"{
  ""answer"": ""NO-NOT-SIMILAR"",
  ""explanation"": ""The two code snippets are not functionally similar. The first code snippet is written in PHP and appears to be solving the Fractiles problem (D) in Google Code Jam 2016, where it takes a string of digits as input and outputs the digits in a specific order. The second code snippet is written in Python and appears to be finding fair squares (numbers that are palindromes when squared) and counting how many of these numbers are between a given lower and upper bound. The tasks and problem domains are different, and",381
2016_2_1,193717,2013_0_3,108834,NON-CLONE,2026-07-06 08:41:36,"{
  ""answer"": ""YES-SIMILAR"",
  ""explanation"": ""Both code snippets are functionally similar. They both take input from a file, read the input, process it, and output the result. The PHP code snippet appears to be a solution to a problem where it counts the occurrences of digits in a given string and prints the digits in order of their occurrence. The Java code snippet appears to be a solution to a problem where it counts the number of palindromic numbers within a given range. Although they differ in syntax, structure, and specific steps, they both achieve the same task of processing input",382
2016_2_1,200006,2015_0_1,47939,NON-CLONE,2026-07-06 08:41:39,"{
  ""answer"": ""YES-SIMILAR"",
  ""explanation"": ""Both code snippets are functionally similar. They are solving the same problem, where they count the number of times each digit appears in a given string and output the result. The PHP code snippet uses a more manual approach, where it counts the occurrences of each digit and then constructs the result string. The Java code snippet uses a more efficient approach, where it directly counts the occurrences of each digit and outputs the result.""
}",383
