program_a,variant_a,program_b,variant_b,ground_truth,timestamp,response,pair_id
2013_0_1,84294,2013_0_1,58633,CLONE,2026-07-10 20:20:40,"```json
{
  ""answer"": ""YES-SIMILAR"",
  ""explanation"": ""Both code snippets appear to be solving the same problem, which is to determine the winner of a 4x4 Tic-Tac-Toe game. They both read input from a file or standard input, process the game board, and output the result. Although they use different approaches and data structures, they achieve the same result. They both check rows, columns, and diagonals for a winner, and handle cases where the game is not finished or is a draw.""
}
```",0
2013_0_1,84294,2013_0_1,124149,CLONE,2026-07-10 20:20:42,"```
{
  ""answer"": ""YES-SIMILAR"",
  ""explanation"": ""Both code snippets appear to be solving the same problem, which is to determine the winner of a 4x4 Tic-Tac-Toe game. They both read input from an external source, process the game board, and output the result. Although they differ in syntax, structure, and implementation details, they achieve the same result. Both snippets check for wins in rows, columns, and diagonals, and handle cases for draws and incomplete games.""
}
```",1
2013_0_1,84294,2013_0_1,88116,CLONE,2026-07-10 20:20:44,"```
{
  ""answer"": ""YES-SIMILAR"",
  ""explanation"": ""Both code snippets appear to be solving the same problem, which is to determine the winner of a 4x4 Tic-Tac-Toe game. They both read input from a file or standard input, process the game board, and output the result. Although the implementation details differ, such as the use of different data structures and algorithms, they both check for winning conditions, a draw, or an incomplete game. The output format is also consistent between the two snippets.""
}
```",2
2013_0_1,84294,2013_0_1,124226,CLONE,2026-07-10 20:20:46,"```
{
  ""answer"": ""YES-SIMILAR"",
  ""explanation"": ""Both code snippets appear to be solving the same problem, which is to determine the winner of a 4x4 Tic-Tac-Toe game. They both read input from the standard input, process the game board, and output the result. Although the code structures and variable names differ, they perform the same checks for winning conditions, including rows, columns, and diagonals. They also handle the cases for a draw, an incomplete game, and a win for either 'X' or 'O'. The logic for determining the game's state is equivalent",3
2013_0_1,58633,2013_0_1,124149,CLONE,2026-07-10 20:20:49,"```json
{
  ""answer"": ""YES-SIMILAR"",
  ""explanation"": ""Both code snippets appear to be solving the same problem, which is to determine the winner of a 4x4 game board. They both read input from a file, process the game board, and write the result to another file. The game board is represented as a 4x4 grid, where 'X' and 'O' represent the players' moves, '.' represents an empty space, and other characters seem to be used for initialization but are quickly replaced. Both codes check rows, columns, and diagonals for a win condition",4
2013_0_1,58633,2013_0_1,88116,CLONE,2026-07-10 20:20:51,"```
{
  ""answer"": ""YES-SIMILAR"",
  ""explanation"": ""Both code snippets appear to be solving the same problem, which is to determine the winner of a game of Tic-Tac-Toe or if the game has not completed or is a draw. They both read input from a file, process the game state, and write the result to an output file. The logic for determining the winner is different but achieves the same result. Code Snippet 1 uses a matrix to represent the game state and checks for wins in rows, columns, and diagonals. Code Snippet 2 uses a HashSet of",5
2013_0_1,58633,2013_0_1,124226,CLONE,2026-07-10 20:20:53,"```json
{
  ""answer"": ""YES-SIMILAR"",
  ""explanation"": ""Both code snippets appear to be solving the same problem, which is to determine the winner of a 4x4 Tic-Tac-Toe game. They both read input from a file or standard input, process the game board, and output the result to a file or standard output. The logic for determining the winner is similar, checking rows, columns, and diagonals for a winning condition. The main difference is in the implementation details, such as the use of different data structures and algorithms, but the overall functionality is the same.""
}
",6
2013_0_1,124149,2013_0_1,88116,CLONE,2026-07-10 20:20:56,"```
{
  ""answer"": ""YES-SIMILAR"",
  ""explanation"": ""Both code snippets appear to be solving the same problem, which is to determine the winner of a 4x4 Tic-Tac-Toe game. They both read input from a file named 'input.txt', process the game boards, and write the results to a file named 'output.txt'. The logic for determining the winner, a draw, or an incomplete game is present in both snippets. Although the approaches differ in syntax and structure, they achieve the same results: identifying 'X' or 'O' wins, a draw, or if",7
2013_0_1,124149,2013_0_1,124226,CLONE,2026-07-10 20:20:58,"```
{
  ""answer"": ""YES-SIMILAR"",
  ""explanation"": ""Both code snippets appear to be solving the same problem, which is to determine the winner of a 4x4 Tic-Tac-Toe game. They both read input from a file or standard input, process the game board, and output the result. The logic for checking rows, columns, and diagonals is similar, and the output messages are identical. The main differences are in coding style, variable names, and input/output handling, but the functional behavior is the same.""
}
```",8
2013_0_1,88116,2013_0_1,124226,CLONE,2026-07-10 20:21:00,"```
{
  ""answer"": ""YES-SIMILAR"",
  ""explanation"": ""Both code snippets appear to be solving the same problem, which is to determine the winner of a 4x4 Tic-Tac-Toe game. They both read input from a file or standard input, process the game board, and output the result to a file or standard output. The logic for determining the winner is different but achieves the same result. Both codes check for wins in rows, columns, and diagonals, and also handle the cases where the game has not completed or is a draw. Although the implementation details differ, the overall functionality",9
2013_0_2,95524,2013_0_2,44471,CLONE,2026-07-10 20:21:03,"```
{
  ""answer"": ""YES-SIMILAR"",
  ""explanation"": ""Both code snippets appear to be solving the same problem, which involves reading input from a file, processing a grid of integers, and determining whether a certain condition is met. The condition seems to be related to finding the maximum value in each row and column and checking if it's possible to satisfy a certain constraint. Although the code structures and implementations differ, they seem to be achieving the same result. Both codes read input, process the grid, and output the result to a file. The logic might be different, but the end goal seems to be the",10
2013_0_2,95524,2013_0_2,55421,CLONE,2026-07-10 20:21:05,"```json
{
  ""answer"": ""YES-SIMILAR"",
  ""explanation"": ""Both code snippets appear to be solving the same problem, which involves reading input from a file, processing a grid of integers, and determining whether it is possible to mow a lawn based on certain conditions. The conditions in both codes check if there is a larger number in the same row or column for each cell in the grid. Although the structure and syntax of the two codes differ, they achieve the same result. The first code snippet uses a more brute-force approach with nested loops to check for larger numbers, while the second code snippet",11
2013_0_2,95524,2013_0_2,90919,CLONE,2026-07-10 20:21:07,"```
{
  ""answer"": ""YES-SIMILAR"",
  ""explanation"": ""Both code snippets appear to be solving the same problem, which involves reading input from a file, processing a grid of integers, and writing output to another file. The goal of the problem seems to be determining whether each cell in the grid can be considered a 'peak' in its row and column, and then verifying if all cells can be such peaks. Despite different implementations, they achieve the same result: checking if all cells in a grid are locally maximum in their row and column, and outputting 'YES' or 'NO' based on",12
2013_0_2,95524,2013_0_2,114653,CLONE,2026-07-10 20:21:09,"```
{
  ""answer"": ""YES-SIMILAR"",
  ""explanation"": ""Both code snippets appear to be solving the same problem, which is to determine if all elements in a grid can be made visible by removing elements that are smaller than others in the same row or column. The first code snippet uses a more verbose approach with multiple nested loops and conditional checks, while the second code snippet uses a more concise approach with a separate function `solve` that uses a similar logic. Despite the differences in implementation, both code snippets achieve the same result and perform the same task.""
}
```",13
2013_0_2,44471,2013_0_2,55421,CLONE,2026-07-10 20:21:12,"```
{
  ""answer"": ""YES-SIMILAR"",
  ""explanation"": ""Both code snippets appear to be solving the same problem, which is to determine if a given lawnmower pattern is possible. The problem involves reading input from a file, processing the data, and writing output to another file. The logic in both snippets involves checking each cell in a grid to see if it is the lowest value in its row or column. The main difference is in the approach to solving the problem, but the end goal is the same. Code Snippet 1 uses a more straightforward approach, checking each cell and its neighbors directly",14
2013_0_2,44471,2013_0_2,90919,CLONE,2026-07-10 20:21:14,"```
{
  ""answer"": ""YES-SIMILAR"",
  ""explanation"": ""Both code snippets appear to be solving the same problem, which is to read input from a file, process it, and write output to another file. They both involve reading a matrix, finding the minimum value, and checking if it's possible to have a certain pattern. The logic for determining the possibility of the pattern seems different but ultimately they seem to be checking for the same condition - if the minimum value in each row or column can be part of the solution. Despite differences in implementation, variable names, and structure, they seem to achieve the same",15
2013_0_2,44471,2013_0_2,114653,CLONE,2026-07-10 20:21:16,"```
{
  ""answer"": ""YES-SIMILAR"",
  ""explanation"": ""Both code snippets appear to be solving the same problem, which is to determine if a given pattern in a matrix is possible according to certain rules. The rules seem to involve checking rows and columns for a specific value (the lowest value in the matrix in the first snippet, and the maximum value in the second snippet). Both codes read input from a file, process it, and write output to another file. They also both iterate over the test cases, read the matrix dimensions and values, and then apply their logic to determine the result for each test",16
2013_0_2,55421,2013_0_2,90919,CLONE,2026-07-10 20:21:19,"```json
{
  ""answer"": ""YES-SIMILAR"",
  ""explanation"": ""Both code snippets appear to be solving the same problem, which is to determine if a given garden pattern is valid according to certain rules. The rules seem to be that a cell in the garden is valid if it is either the maximum value in its row or column. The snippets read input from a file, process it, and write output to another file. They both iterate over the test cases, read the garden dimensions and pattern, and then apply the validation logic. The validation logic in both cases essentially checks if there's any cell that doesn't",17
2013_0_2,55421,2013_0_2,114653,CLONE,2026-07-10 20:21:21,"```json
{
  ""answer"": ""YES-SIMILAR"",
  ""explanation"": ""Both code snippets appear to be solving the same problem, which is to determine if a given lawnmower pattern is valid. The problem seems to be from the Google Code Jam competition. Both codes read input from a file, process it, and write output to another file. They both check if there is a cell in each row and column that is greater than or equal to all other cells in that row and column. If such a cell exists for all rows and columns, the output is 'YES', otherwise it's 'NO'. Although",18
2013_0_2,90919,2013_0_2,114653,CLONE,2026-07-10 20:21:23,"```
{
  ""answer"": ""YES-SIMILAR"",
  ""explanation"": ""Both code snippets appear to be solving the same problem. They read input from a file, process it, and write output to another file. The problem seems to be to determine if all elements in a matrix are either the maximum in their row or column. The logic in both snippets is equivalent, although the implementation details differ. Both use a similar approach of finding the maximum in each row and column and checking if each element matches either of these maxima.""
}
```",19
2013_0_3,55548,2013_0_3,94901,CLONE,2026-07-10 20:21:26,"```json
{
  ""answer"": ""YES-SIMILAR"",
  ""explanation"": ""Both code snippets appear to be solving the same problem, which is to find the number of perfect squares within a given range that are also palindromes when their square root and the perfect square itself are considered. They generate or pre-calculate a list of such numbers and then use this list to efficiently count the numbers within the specified ranges for multiple test cases. Despite differences in implementation details, structure, and file I/O handling, they achieve the same functional result.""
}
```",20
2013_0_3,55548,2013_0_3,78294,CLONE,2026-07-10 20:21:28,"```json
{
  ""answer"": ""YES-SIMILAR"",
  ""explanation"": ""Both code snippets appear to be solving the same problem, which is to find the number of 'fair squares' (or 'symmetric squares') within a given range. A fair square is a perfect square that remains the same when its digits are reversed. Both codes generate or pre-calculate fair squares and then use this list to efficiently count how many fair squares exist between given ranges A and B for multiple test cases. Although the approaches to generating fair squares differ (one generates on the fly, and the other pre-computes and",21
2013_0_3,55548,2013_0_3,118052,CLONE,2026-07-10 20:21:30,"```json
{
  ""answer"": ""YES-SIMILAR"",
  ""explanation"": ""Both code snippets aim to solve a similar problem, which involves finding the number of 'fair squares' within a given range. A fair square is a number that is a perfect square and its square root is a palindrome. The first snippet generates all possible fair squares up to a certain limit, sorts them, and then uses binary search to count the number of fair squares within the given range for each test case. The second snippet directly generates fair squares by checking if both the number and its square root are palindromes, stores them in",22
2013_0_3,55548,2013_0_3,83531,CLONE,2026-07-10 20:21:33,"```json
{
  ""answer"": ""YES-SIMILAR"",
  ""explanation"": ""Both code snippets appear to be solving the same problem, which is to find the number of perfect squares that are palindromes within a given range. They use different approaches and implementations, but the overall goal is the same. Code Snippet 1 generates all possible palindromic perfect squares up to a certain limit and stores them in a list, then uses binary search to find the number of solutions within the given range. Code Snippet 2 uses a dynamic programming approach to build an array of cumulative counts of palindromic perfect",23
2013_0_3,94901,2013_0_3,78294,CLONE,2026-07-10 20:21:35,"```json
{
  ""answer"": ""YES-SIMILAR"",
  ""explanation"": ""Both code snippets appear to be solving the same problem, which is to find the number of 'fair squares' within a given range. A 'fair square' is a perfect square that is also a palindrome. The first snippet generates all fair squares up to a certain limit and then uses this list to count the number of fair squares within each given range. The second snippet precomputes a list of fair squares and then iterates through this list to count the number of fair squares within each given range. Although the approaches differ slightly, they",24
2013_0_3,94901,2013_0_3,118052,CLONE,2026-07-10 20:21:37,"```json
{
  ""answer"": ""YES-SIMILAR"",
  ""explanation"": ""Both code snippets are functionally similar as they solve the same problem. They both read input from a file, generate a list of perfect squares of numbers that are palindromes and whose squares are also palindromes, and then for each test case, count how many of these perfect squares fall within a given range. The output format is also the same, with 'Case #X: Y' indicating the count of such numbers for each test case.""
}
```",25
2013_0_3,94901,2013_0_3,83531,CLONE,2026-07-10 20:21:39,"```json
{
  ""answer"": ""YES-SIMILAR"",
  ""explanation"": ""Both code snippets appear to be solving the same problem, which is to find the number of 'palindromic squares' within a given range. A palindromic square is a number that is both a perfect square and a palindrome. The first code snippet directly computes and stores these values, then uses this list to answer test cases. The second code snippet precomputes and stores the count of such numbers up to a certain limit in an array (`mem`), then uses this array to efficiently answer test cases by subtracting counts. Despite different",26
2013_0_3,78294,2013_0_3,118052,CLONE,2026-07-10 20:21:42,"```
{
  ""answer"": ""YES-SIMILAR"",
  ""explanation"": ""Both code snippets aim to solve the same problem: counting the number of 'fair squares' within a given range [A, B]. A fair square is a number that is both a perfect square and a palindrome. Although the approaches differ, with Code Snippet 1 using a pre-computed list of solutions and Code Snippet 2 generating them on the fly, they achieve the same result. The pre-computed list in Code Snippet 1 and the dynamic generation in Code Snippet 2 both ensure that only fair squares within the",27
2013_0_3,78294,2013_0_3,83531,CLONE,2026-07-10 20:21:44,"```
{
  ""answer"": ""YES-SIMILAR"",
  ""explanation"": ""Both code snippets appear to be solving the same problem, which is to count the number of perfect squares within a given range that are also palindromes. The first code snippet uses a precomputed list of solutions, while the second code snippet uses a dynamic programming approach to build up a table of solutions. Despite the different approaches, both code snippets achieve the same result and perform the same task.""
}
```",28
2013_0_3,118052,2013_0_3,83531,CLONE,2026-07-10 20:21:46,"```
{
  ""answer"": ""YES-SIMILAR"",
  ""explanation"": ""Both code snippets are solving the same problem, which appears to be a Google Code Jam problem. They both find the number of perfect squares within a given range that are also palindromes. The first code snippet precomputes all such squares up to a certain limit and stores them in a set, then for each test case, it counts how many of these squares fall within the given range. The second code snippet uses a similar approach but precomputes the count of such squares up to a certain limit and stores them in an array, then",29
2013_1_1,35305,2013_1_1,30788,CLONE,2026-07-10 20:21:49,"```
{
  ""answer"": ""YES-SIMILAR"",
  ""explanation"": ""Both code snippets appear to be solving the same problem, which is to find a value 'n' given two inputs 'R' and 'T'. The first snippet uses a binary search approach with BigInteger to find 'n', while the second snippet uses a mathematical formula to directly calculate 'n'. Although the approaches differ, both snippets aim to find the largest 'n' such that a certain condition involving 'R', 'T', and 'n' is satisfied. The output format is also similar, with both snippets writing 'Case #k",30
2013_1_1,35305,2013_1_1,30610,CLONE,2026-07-10 20:21:51,"```json
{
  ""answer"": ""NO-NOT-SIMILAR"",
  ""explanation"": ""The two code snippets are not functionally similar. Code Snippet 1 appears to be a solution to a specific problem involving binary search to find a value 'n' given inputs 'r' and 't'. It reads input from a file, performs calculations, and writes output to another file. Code Snippet 2, on the other hand, seems to be a utility class with various static methods for mathematical operations, file I/O, and error handling. It does not contain any specific algorithm or functionality similar to Code Sn",31
2013_1_1,35305,2013_1_1,30305,CLONE,2026-07-10 20:21:53,"```json
{
  ""answer"": ""YES-SIMILAR"",
  ""explanation"": ""Both code snippets appear to be solving the same problem, which is to find the largest integer n such that r*n + n*(n+1) <= t, where r and t are given inputs. Although the code structures and implementations differ, they achieve the same result. Code Snippet 1 uses a binary search approach to find the maximum n, while Code Snippet 2 uses a mathematical formula to directly calculate n. However, the mathematical formula in Code Snippet 2 is derived from the inequality in the problem, and",32
2013_1_1,35305,2013_1_1,40715,CLONE,2026-07-10 20:21:55,"```json
{
  ""answer"": ""YES-SIMILAR"",
  ""explanation"": ""Both code snippets appear to be solving the same problem, which is to find the largest integer value of 'n' such that the inequality 'n*(2*r+1) + 2*(n-1)*n <= t' holds true, where 'r' and 't' are given inputs. Although the snippets differ in their approach and implementation, they produce the same result. The first snippet uses a binary search approach with BigInteger arithmetic, while the second snippet uses a mathematical formula to directly calculate the result and then performs",33
2013_1_1,30788,2013_1_1,30610,CLONE,2026-07-10 20:21:58,"```json
{
  ""answer"": ""NO-NOT-SIMILAR"",
  ""explanation"": ""The two code snippets are not functionally similar. Code Snippet 1 appears to be a solution to a specific problem, likely from a competitive programming contest, where it reads input from a file, performs some calculations involving a mathematical formula to find a value 'n', and writes the output to another file. Code Snippet 2, on the other hand, seems to be a utility class providing various static mathematical functions and input/output operations. It does not contain any specific problem-solving logic similar to Code Snippet 1.",34
2013_1_1,30788,2013_1_1,30305,CLONE,2026-07-10 20:22:00,"```json
{
  ""answer"": ""YES-SIMILAR"",
  ""explanation"": ""Both code snippets appear to be solving the same problem, which involves reading input from a file, processing it, and writing output to another file. They both calculate a value 'n' based on the input values 'R' and 'T', and print it out in a specific format. Although the snippets differ in syntax, structure, and specific steps, they achieve the same result. The main difference lies in the method used to calculate the square root and handle large numbers, with one using double and the other using BigInteger.""
}
",35
2013_1_1,30788,2013_1_1,40715,CLONE,2026-07-10 20:22:02,"```json
{
  ""answer"": ""YES-SIMILAR"",
  ""explanation"": ""Both code snippets appear to be solving the same problem, which involves reading input from a file, performing a calculation based on the input values, and writing the result to an output file. The calculation in both snippets seems to be related to finding a value 'n' based on given formulas that involve square roots and quadratic equations, with 'n' being an integer. Despite differences in coding style, structure, and specific implementation details (e.g., one uses Scanner and PrintWriter, while the other uses BufferedReader and PrintWriter), they",36
2013_1_1,30610,2013_1_1,30305,CLONE,2026-07-10 20:22:05,"```json
{
  ""answer"": ""NO-NOT-SIMILAR"",
  ""explanation"": ""The two code snippets are not functionally similar. Code Snippet 1 appears to be a utility class with various static methods for mathematical operations, file I/O, and input/output handling. It provides a broad range of functionalities, including trigonometric operations, prime number checking, and more. In contrast, Code Snippet 2 seems to be a specific solution to a problem, likely from a competitive programming contest (Google Code Jam), focusing on reading input from files, performing specific calculations involving large integers, and writing output to files.",37
2013_1_1,30610,2013_1_1,40715,CLONE,2026-07-10 20:22:07,"```json
{
  ""answer"": ""NO-NOT-SIMILAR"",
  ""explanation"": ""The two code snippets are not functionally similar. Code Snippet 1 appears to be a utility class with various methods for file I/O, mathematical operations, and error handling. It provides a general-purpose set of tools for reading from files, performing calculations, and writing output. In contrast, Code Snippet 2 is a specific implementation of a problem solution, likely from a competitive programming contest. It reads input from a file, performs a specific calculation based on the input, and writes the result to another file. The purpose",38
2013_1_1,30305,2013_1_1,40715,CLONE,2026-07-10 20:22:10,"```json
{
  ""answer"": ""YES-SIMILAR"",
  ""explanation"": ""Both code snippets appear to be solving the same problem, which involves reading input values for 'r' and 't', performing calculations, and outputting a result in the format 'Case #X: Y'. The calculations involve finding a value 'n' or 'i' that satisfies certain conditions related to 'r' and 't'. Although the snippets use different approaches and implementations (one using BigInteger and the other using double precision arithmetic), they seem to be solving the same problem. The mathematical formulas and logic might differ due to",39
2014_0_2,107403,2014_0_2,81302,CLONE,2026-07-10 20:22:12,"```json
{
  ""answer"": ""YES-SIMILAR"",
  ""explanation"": ""The two code snippets are functionally similar. They both read input from a file named 'input.txt', process the input using a similar algorithm, and write the output to a file named 'output.txt'. The algorithm involves iterating over a number of test cases, and for each test case, they calculate a time value based on the given inputs C, F, and X. The process function in the first snippet and the run method in the second snippet both aim to find the optimal time by iteratively increasing the rate (or speed) and calculating",40
2014_0_2,107403,2014_0_2,27351,CLONE,2026-07-10 20:22:14,"```json
{
  ""answer"": ""YES-SIMILAR"",
  ""explanation"": ""The two code snippets are functionally similar. They both solve the same problem, which appears to be a problem from the Google Code Jam competition. The problem involves calculating the optimal time to buy a farm to maximize the rate of production. Both codes read input from a file, process it, and write output to another file. The main difference lies in their implementation details, such as variable names, loop conditions, and output handling, but they achieve the same result. The process/solve functions in both codes implement the same logic: iteratively calculating",41
2014_0_2,107403,2014_0_2,41018,CLONE,2026-07-10 20:22:16,"```json
{
  ""answer"": ""YES-SIMILAR"",
  ""explanation"": ""The two code snippets are functionally similar. They both solve a problem where a rate increases by a certain amount over time, and the goal is to find the total time it takes to reach a certain goal. The process involves reading input from a file, processing it, and writing output to another file. The main logic in both codes involves a while loop that increments the rate and calculates the time until a certain condition is met. Despite differences in syntax and structure, they achieve the same result.""
}
```",42
2014_0_2,107403,2014_0_2,110678,CLONE,2026-07-10 20:22:18,"```json
{
  ""answer"": ""YES-SIMILAR"",
  ""explanation"": ""The two code snippets are functionally similar. They both solve a problem where they need to calculate the minimum time required to achieve a certain goal, given certain conditions and rates that change over time. Both codes read input from a source (one from a file 'input.txt', the other from System.in), process the input using a similar algorithm, and output the result (one to a file 'output.txt', the other to System.out). The algorithm involves a loop that increments a rate and accumulates time until a condition is met, then",43
2014_0_2,81302,2014_0_2,27351,CLONE,2026-07-10 20:22:20,"```json
{
  ""answer"": ""YES-SIMILAR"",
  ""explanation"": ""Both code snippets appear to be solving the same problem, which involves calculating the time it takes for a farm to produce a certain amount of product, considering the cost of buying farms to increase production speed. The logic in both snippets is similar: they iterate through test cases, reading input values for c, f, and x, and then calculate the time using a while loop that increments the speed and time accordingly. The output format is also similar, with both printing the result in the format 'Case #X: Y'. Although there are",44
2014_0_2,81302,2014_0_2,41018,CLONE,2026-07-10 20:22:22,"```json
{
  ""answer"": ""YES-SIMILAR"",
  ""explanation"": ""Both code snippets appear to be solving the same problem, which involves calculating the time it takes to achieve a certain goal under specific conditions. They both read input from a file, process it, and write output to another file. The logic in both snippets revolves around iteratively updating the speed or rate and calculating the time to reach a goal or farm cost, based on given formulas and conditions. Despite differences in variable names, file handling, and minor structural differences, the core logic and objective of the two snippets are functionally similar.""
}
```",45
2014_0_2,81302,2014_0_2,110678,CLONE,2026-07-10 20:22:24,"```json
{
  ""answer"": ""YES-SIMILAR"",
  ""explanation"": ""The two code snippets are functionally similar. They both solve a problem where a character needs to collect a certain number of cookies (X) as quickly as possible. The character can either collect cookies at a constant rate or buy farms to increase the collection rate. The goal is to minimize the time taken to collect the cookies. Both snippets take the same inputs: the cost of a farm (C), the rate increase per farm (F), and the target number of cookies (X). They use similar logic to calculate the optimal strategy for buying",46
2014_0_2,27351,2014_0_2,41018,CLONE,2026-07-10 20:22:26,"```json
{
  ""answer"": ""YES-SIMILAR"",
  ""explanation"": ""Both code snippets appear to be solving the same problem, which involves calculating the minimum time required to achieve a certain goal by either buying a farm or not. The problem seems to be from the Google Code Jam competition. Despite differences in syntax, structure, and variable names, the logic and mathematical operations performed are equivalent. Both codes iterate through a loop, updating the rate (or price) and time, until the condition to buy a farm is no longer beneficial. They then output the result in the required format.""
}
```",47
2014_0_2,27351,2014_0_2,110678,CLONE,2026-07-10 20:22:28,"```json
{
  ""answer"": ""YES-SIMILAR"",
  ""explanation"": ""Both code snippets solve the same problem, which appears to be a variant of the 'Farming' problem from Google Code Jam. They both calculate the minimum time required to achieve a certain goal (winning cookies) with the option to buy farms to increase the rate of winning cookies. Despite differences in variable names, loop structures, and output formatting, the core logic of the two snippets is identical. They both iteratively calculate the time it takes to win cookies with and without buying a farm, and choose the optimal strategy based on the cost of",48
2014_0_2,41018,2014_0_2,110678,CLONE,2026-07-10 20:22:30,"```
{
  ""answer"": ""YES-SIMILAR"",
  ""explanation"": ""Both code snippets appear to be solving the same problem, which involves calculating the minimum time required to reach a certain goal by farming cookies at an increasing rate. Despite differences in variable names, syntax, and structure, the logic and mathematical operations performed are equivalent. Both snippets read input from a source, iterate through cases, and calculate the time required based on the cost of farming, the rate increase per farm, and the goal. They both use a while loop to iteratively update the rate and calculate the time until the goal is reached faster without further farming",49
2014_0_3,108079,2014_0_3,27551,CLONE,2026-07-10 20:22:33,"```
{
  ""answer"": ""YES-SIMILAR"",
  ""explanation"": ""Both code snippets appear to be solving the Minesweeper problem from the Google Code Jam competition. They both take input in the form of the number of rows, columns, and mines, and output a Minesweeper grid with the mines placed according to the rules of the problem. Although the code structures and algorithms used differ, they achieve the same result and handle edge cases similarly.""
}
```",50
2014_0_3,108079,2014_0_3,99421,CLONE,2026-07-10 20:22:36,"```json
{
  ""answer"": ""YES-SIMILAR"",
  ""explanation"": ""Both code snippets appear to be solving the Minesweeper problem. They take input in the form of the number of rows, columns, and mines, and output a Minesweeper grid with the mines placed according to certain rules. Although the approaches and implementations differ, the overall goal and functionality seem to be the same. The first snippet uses a knapsack-like approach and backtracking, while the second snippet uses a more iterative approach with different comparators for placing mines. Despite these differences, they aim to achieve the same result: generating",51
2014_0_3,108079,2014_0_3,22792,CLONE,2026-07-10 20:22:42,"ANSWER: YES-SIMILAR
EXPLANATION: The two Java code snippets appear to be functionally similar as they both seem to be implementing a solution to the Minesweeper problem, specifically for the Google Code Jam problem ""Minesweeper"". Both codes take input in the form of the number of rows, columns, and mines, and output a grid with mines and a ""c"" indicating the starting position. The codes use different approaches and algorithms, but the overall goal and functionality seem to be the same. The first code uses a dynamic programming approach with a knapsack-like solution, while the second code uses a more iterative",52
2014_0_3,108079,2014_0_3,71973,CLONE,2026-07-10 20:22:44,"```json
{
  ""answer"": ""YES-SIMILAR"",
  ""explanation"": ""Both code snippets appear to be solving the Minesweeper problem from the Google Code Jam competition. They take input in the form of R, C, and M, where R is the number of rows, C is the number of columns, and M is the number of mines. The goal is to place the mines on the grid such that there is exactly one 'c' (representing the starting cell) and M '*' characters (representing mines) with the rest being '.' (representing empty cells). The code snippets use different",53
2014_0_3,27551,2014_0_3,99421,CLONE,2026-07-10 20:22:48,"```json
{
  ""answer"": ""YES-SIMILAR"",
  ""explanation"": ""Both code snippets appear to be solving the same problem, which is to place mines in a grid such that a 'click' (denoted by 'c') can be made without being adjacent to a mine. The goal is to determine if it's possible to place the mines in a way that allows for a valid 'click' position. Both codes read input from a file, process it, and write output to another file. They handle edge cases such as a single row or column, and they both have logic to determine if it's impossible",54
2014_0_3,27551,2014_0_3,22792,CLONE,2026-07-10 20:22:54,"```json
{
  ""answer"": ""YES-SIMILAR"",
  ""explanation"": ""Both code snippets appear to be solving the same problem, which is a variation of the Minesweeper game. They both read input from a file, process it, and then output the results to another file. The goal is to place mines in a grid such that certain conditions are met. Despite differences in coding style, structure, and specific implementation details, they achieve the same result: generating a Minesweeper-like grid with mines and a 'c' marking the last possible cell. The algorithms used might differ, but the end goal",55
2014_0_3,27551,2014_0_3,71973,CLONE,2026-07-10 20:22:56,"```json
{
  ""answer"": ""YES-SIMILAR"",
  ""explanation"": ""Both code snippets appear to be solving the same problem, which is to place mines in a grid such that certain conditions are met. They both read input from a file, process it, and write output to another file. The logic for placing mines and determining if it's possible to do so seems to be similar, although the implementation details differ. Both codes handle edge cases like a grid with a single row or column, and they both check for the number of free cells. The main difference lies in the algorithm used to place the mines,",56
2014_0_3,99421,2014_0_3,22792,CLONE,2026-07-10 20:23:03,"```json
{
  ""answer"": ""YES-SIMILAR"",
  ""explanation"": ""Both code snippets appear to be solving the Minesweeper problem. They read input from a file, process it, and then output the results to another file. The logic for placing mines and determining the output seems to be similar, although the implementation details differ. Both codes seem to be attempting to solve the same problem using different approaches and algorithms.""
}
```",57
2014_0_3,99421,2014_0_3,71973,CLONE,2026-07-10 20:23:05,"```json
{
  ""answer"": ""YES-SIMILAR"",
  ""explanation"": ""Both code snippets appear to be solving the same problem, which is a variation of the 'Minesweeper' game. They both read input from a file, process it, and write output to another file. The goal is to place mines and 'c' (click) on a grid such that all mines are avoided. Despite different implementations, they achieve the same result: generating a Minesweeper-like grid with a click point and mines, or declaring it 'Impossible' if the conditions cannot be met. The algorithms and",58
2014_0_3,22792,2014_0_3,71973,CLONE,2026-07-10 20:23:11,"```
{
  ""answer"": ""YES-SIMILAR"",
  ""explanation"": ""Both code snippets appear to be solving the Minesweeper problem from the Google Code Jam competition. They both read input from a file, generate a Minesweeper grid based on the input, and then output the solution to another file. The approaches used are different but the end goal is the same, which is to place mines in the grid such that the remaining cells can be revealed without any mines. The first snippet uses a more complex approach with multiple methods to mark neighbors and select mine neighbors, while the second snippet uses a simpler approach with a",59
2014_2_1,124976,2014_2_1,115332,CLONE,2026-07-10 20:23:13,"```json
{
  ""answer"": ""YES-SIMILAR"",
  ""explanation"": ""Both code snippets appear to be solving the same problem, which involves reading input from a file, processing it, and then outputting the result to another file. The problem seems to be from a competitive programming contest, likely Google Code Jam. The task involves determining whether 'Fegla Won' or calculating a result based on the input strings. Despite differences in structure, variable names, and some implementation details, the core logic and functionality of the two snippets are similar. They both read input, process it case by case, and output",60
2014_2_1,124976,2014_2_1,119554,CLONE,2026-07-10 20:23:16,"```json
{
    ""answer"": ""YES-SIMILAR"",
    ""explanation"": ""The two code snippets appear to be functionally similar. They both solve the same problem, which involves reading input from a file, processing the data, and then writing the output to another file. The problem seems to be from a competitive programming contest, likely Google Code Jam. Both codes iterate over a number of test cases, where each case involves a number of strings. They process these strings to determine if 'Fegla Won' or calculate a specific value based on the character counts in the strings. The main logic in both codes aims",61
2014_2_1,124976,2014_2_1,126555,CLONE,2026-07-10 20:23:18,"```json
{
  ""answer"": ""YES-SIMILAR"",
  ""explanation"": ""Both code snippets appear to be solving the same problem, which is to determine the minimum number of moves required to make a set of strings have the same character sequence. The first code snippet reads input from a file, processes it, and outputs the result to another file. The second code snippet also reads input, processes it, and outputs the result, but with a different approach and structure. Despite the differences in syntax, structure, and approach, they seem to achieve the same task. The first snippet checks for 'Fegla Won",62
2014_2_1,124976,2014_2_1,125050,CLONE,2026-07-10 20:23:20,"```json
{
  ""answer"": ""YES-SIMILAR"",
  ""explanation"": ""Both code snippets appear to be solving the same problem, which involves reading input strings, processing them, and then determining whether 'Fegla Won' or calculating the minimum number of moves required. Despite differences in structure, variable names, and some implementation details, the overall logic and functionality seem to be the same. Both snippets iterate over input cases, process strings character by character, count character occurrences, and apply similar logic to determine the outcome.""
}
```",63
2014_2_1,115332,2014_2_1,119554,CLONE,2026-07-10 20:23:23,"```
{
  ""answer"": ""YES-SIMILAR"",
  ""explanation"": ""Both code snippets appear to be solving the same problem, which involves parsing input strings, creating a matrix of character counts, and then calculating a result based on the minimum sum of absolute differences between the counts and a target value. The first snippet uses a char array and int array to store the unique characters and their counts, while the second snippet uses a list of entities with char and int arrays. However, the overall logic and approach seem to be the same. The first snippet checks if 'Fegla Won' condition is met, while the",64
2014_2_1,115332,2014_2_1,126555,CLONE,2026-07-10 20:23:25,"```json
{
  ""answer"": ""YES-SIMILAR"",
  ""explanation"": ""Both code snippets appear to be solving the same problem, which is to determine the minimum number of moves required to make all strings in a list have the same character sequence, with the constraint that characters can only be added or removed from the end of the string. The first code snippet uses a more imperative approach with arrays and a custom algorithm, while the second code snippet uses a more functional approach with lists and Google Guava libraries. However, despite the differences in implementation, both code snippets seem to be achieving the same result, which is",65
2014_2_1,115332,2014_2_1,125050,CLONE,2026-07-10 20:23:27,"```
{
  ""answer"": ""YES-SIMILAR"",
  ""explanation"": ""Both code snippets appear to be solving the same problem, which involves parsing a set of strings, creating a matrix to store character counts, and then calculating a minimum distance. The goal is to determine if 'Fegla Won' or calculate the result. Despite differences in structure, variable names, and some implementation details, the core logic and functionality seem to be the same.""
}
```",66
2014_2_1,119554,2014_2_1,126555,CLONE,2026-07-10 20:23:30,"```json
{
  ""answer"": ""NO-NOT-SIMILAR"",
  ""explanation"": ""The two code snippets appear to be solving the same problem, which is to calculate the minimum number of moves required to make a set of strings consistent. However, they approach the problem in different ways and have different implementations. Code Snippet 1 uses a class `Entity` to store character and integer arrays, and it calculates the minimum moves by finding the average count of each character and then calculating the total moves required to make all strings match the average. Code Snippet 2 uses a different approach, it tries to find",67
2014_2_1,119554,2014_2_1,125050,CLONE,2026-07-10 20:23:32,"```
{
  ""answer"": ""YES-SIMILAR"",
  ""explanation"": ""Both code snippets appear to be solving the same problem, which involves processing a list of strings, counting consecutive occurrences of characters, and then calculating a minimum number of moves to make the counts of a particular character across all strings as close as possible. The first snippet uses a more object-oriented approach with an Entity class and separates the concerns into multiple methods, while the second snippet is more procedural and directly computes the required values. Despite these differences in implementation, they achieve the same result: determining if it's possible to make all strings have the same character sequence",68
2014_2_1,126555,2014_2_1,125050,CLONE,2026-07-10 20:23:35,"```json
{
  ""answer"": ""YES-SIMILAR"",
  ""explanation"": ""Both code snippets appear to be solving the same problem, which involves finding the minimum number of moves to make a set of strings have the same character sequence. They both read input from a file or standard input, process the strings, and output the results. Although the implementation details differ, such as the use of different data structures and algorithms, they seem to achieve the same result. The first snippet uses a recursive approach with a stack, while the second snippet uses a more iterative approach with arrays. However, they both seem to be solving",69
2014_3_1,141827,2014_3_1,137264,CLONE,2026-07-10 20:23:38,"```json
{
  ""answer"": ""YES-SIMILAR"",
  ""explanation"": ""Both code snippets appear to be solving a problem from a competitive programming contest, likely from Google Code Jam. The first code snippet is a more general framework that can handle multiple problems (A, B, C, D), while the second code snippet seems to be specifically solving problem A. The problem A in the first snippet and the second snippet seem to be solving the same task: given a fraction p/q, find the minimum number of steps to represent it as a sum of fractions with denominators of powers of 2. Although the approaches",70
2014_3_1,141827,2014_3_1,138894,CLONE,2026-07-10 20:23:40,"```json
{
  ""answer"": ""YES-SIMILAR"",
  ""explanation"": ""Both code snippets appear to be solving the same type of problem, specifically a problem from the Google Code Jam competition. Code Snippet 1 is a more comprehensive solution that can handle multiple problems (A, B, C, D), while Code Snippet 2 is focused on solving problem A. The main functionality of problem A in both snippets is to read input from a file, process it, and write output to another file. The logic for problem A in Code Snippet 1 and Code Snippet 2 is similar,",71
2014_3_1,141827,2014_3_1,136615,CLONE,2026-07-10 20:23:42,"```json
{
  ""answer"": ""YES-SIMILAR"",
  ""explanation"": ""Both code snippets appear to be solving problems from the Google Code Jam competition. Code Snippet 1 is a Java program that solves multiple problems (AL2), while Code Snippet 2 solves a specific problem from the competition. Although they differ in syntax and structure, they both read input from a file, process it, and write output to another file. Specifically, the main functionality of Code Snippet 1's `main_A` method and Code Snippet 2's `solve` method seem to be similar, as they",72
2014_3_1,141827,2014_3_1,138529,CLONE,2026-07-10 20:23:44,"```json
{
  ""answer"": ""YES-SIMILAR"",
  ""explanation"": ""The two code snippets appear to be functionally similar in that they both seem to be solving the same type of problem, specifically a problem from the Google Code Jam competition. The first code snippet is a more general framework that can handle multiple problems (A, B, C, D), while the second code snippet seems to be a solution to problem A. The logic and flow of the main loop in both snippets, particularly in handling input and output, and the problem-specific logic in main_A() of the first snippet and the main() method",73
2014_3_1,137264,2014_3_1,138894,CLONE,2026-07-10 20:23:46,"```json
{
  ""answer"": ""YES-SIMILAR"",
  ""explanation"": ""Both code snippets appear to be solving the same problem, which involves finding the minimum number of times a fraction's denominator can be divided by 2 to make it a power of 2, or determining if it's impossible. The first snippet uses a gcd function and precomputes powers of 2, while the second uses a different approach with iterative division by 2 and a check function. Despite different implementations, they achieve the same result for each test case, making them functionally similar.""
}
```",74
2014_3_1,137264,2014_3_1,136615,CLONE,2026-07-10 20:23:48,"```json
{
  ""answer"": ""YES-SIMILAR"",
  ""explanation"": ""Both code snippets appear to be solving the same problem, which involves reading input fractions, simplifying them, and then finding the smallest power of 2 that can be used to scale the numerator to be greater than or equal to the denominator. The main functionality of both codes is to determine for each input fraction p/q, the smallest integer j such that p * 2^j >= q, or to identify if no such j exists (often indicated by 'impossible' output). Despite different implementations, data structures, and file handling methods",75
2014_3_1,137264,2014_3_1,138529,CLONE,2026-07-10 20:23:50,"```
{
  ""answer"": ""YES-SIMILAR"",
  ""explanation"": ""Both code snippets appear to be solving the same problem, which involves reading input in the form of fractions, simplifying them, and then finding the minimum number of times the denominator can be divided by 2 until it becomes 1, or determining if it's impossible. The main functionality, including reading input, calculating GCD, simplifying fractions, and determining the result based on the powers of 2, is present in both. The approach differs slightly but achieves the same outcome.""
}
```",76
2014_3_1,138894,2014_3_1,136615,CLONE,2026-07-10 20:23:53,"```
{
  ""answer"": ""YES-SIMILAR"",
  ""explanation"": ""Both code snippets appear to be solving the same problem, which involves processing fractions and determining if they can be converted to a specific form. They both read input from a file named 'A-large.in', process the input, and write output to a file. The logic in both snippets revolves around checking if a denominator Q can be reduced to a power of 2 (or if a fraction P/Q can be doubled to at least 1) within a certain number of steps (40 in the first snippet and implicitly 40 through maxGen in the",77
2014_3_1,138894,2014_3_1,138529,CLONE,2026-07-10 20:23:55,"```
{
  ""answer"": ""YES-SIMILAR"",
  ""explanation"": ""Both code snippets appear to be solving the same problem, which involves reading input from a file, processing it, and writing output to another file. They both take two numbers P and Q as input, split by '/', and then perform operations on them to determine if Q can be reduced to 1 by repeatedly dividing by 2, while also checking if P and Q have a common divisor. If Q can be reduced to 1 and P and Q have a common divisor, they output the difference in the number of steps to reduce Q to ",78
2014_3_1,136615,2014_3_1,138529,CLONE,2026-07-10 20:23:57,"```
{
  ""answer"": ""YES-SIMILAR"",
  ""explanation"": ""Both code snippets appear to be solving the same problem, which involves reading input from a file, processing fractions, and writing output to another file. They both check if a fraction P/Q can be represented as a power of 2, and if so, find the smallest power of 2 that is greater than or equal to P/Q. The main logic of the two snippets is similar, although the implementation details differ. They both use a GCD function to simplify the fraction, and then check if the denominator is a power of 2. If",79
2015_0_1,79967,2015_0_1,35102,CLONE,2026-07-10 20:23:59,"```
{
  ""answer"": ""YES-SIMILAR"",
  ""explanation"": ""Both code snippets appear to be solving the same problem, which involves calculating the number of friends required to help a person with shyness levels. They both read input from a file, process it, and write the output to another file. The logic in Code Snippet 1's solve method and Code Snippet 2's friendsRequired function is functionally similar, as they both iterate over the audience's shyness levels and calculate the required friends. The main difference is in the implementation approach and file handling, but the core logic is the",80
2015_0_1,79967,2015_0_1,68106,CLONE,2026-07-10 20:24:01,"```json
{
  ""answer"": ""YES-SIMILAR"",
  ""explanation"": ""Both code snippets appear to be solving the same problem, which involves reading input from a file, processing it, and writing the output to another file. They both iterate over a number of test cases, and for each test case, they calculate the number of new stands required based on the given audience string and the current standing. The main logic in both snippets is functionally equivalent, despite minor differences in implementation details, variable names, and file handling mechanisms.""
}
```",81
2015_0_1,79967,2015_0_1,65869,CLONE,2026-07-10 20:24:03,"```
{
  ""answer"": ""YES-SIMILAR"",
  ""explanation"": ""Both code snippets appear to be solving the same problem, which involves reading input from a file, processing it, and writing output to another file. They both read a number of test cases, then for each test case, they read a line of input, process it to calculate a result, and write the result to the output file. The processing involves parsing a string of digits and calculating a sum of 'friends' needed. The output format is also the same, with each result prefixed with 'Case #X: '. Despite differences in structure,",82
2015_0_1,79967,2015_0_1,46754,CLONE,2026-07-10 20:24:05,"```json
{
  ""answer"": ""YES-SIMILAR"",
  ""explanation"": ""Both code snippets appear to be solving the same problem, which involves reading input from a file, processing it, and writing the output to another file. The problem seems to be from Google Code Jam, and the task is to calculate the number of friends a person needs to have a certain number of standing ovations. The logic in the 'solve' methods of both snippets is functionally similar, as they both iterate over a string representing the audience, keep track of the current standing ovation, and calculate the number of friends needed to achieve",83
2015_0_1,35102,2015_0_1,68106,CLONE,2026-07-10 20:24:07,"```
{
  ""answer"": ""YES-SIMILAR"",
  ""explanation"": ""The two code snippets are functionally similar. They both solve the same problem, which appears to be a problem from the Google Code Jam competition. The problem involves calculating the number of friends required to help a certain number of people stand up, given their shyness levels. The main logic in both codes is identical, iterating over each shyness level, calculating the number of people that can stand with the current number of friends, and updating the count of friends required. The differences in code structure, variable names, and file I/O operations do",84
2015_0_1,35102,2015_0_1,65869,CLONE,2026-07-10 20:24:09,"```
{
  ""answer"": ""YES-SIMILAR"",
  ""explanation"": ""Both code snippets appear to be solving the same problem, which is to calculate the number of friends required to help people with shyness levels stand up in a crowd. The main logic of the algorithm seems to be similar, although the implementation details and structure differ. Both snippets read input from a file, process it, and write the output to another file. The core calculation logic in `friendsRequired` function of Code Snippet 1 and `getNextInput` method of Code Snippet 2 seem to achieve the same result, despite",85
2015_0_1,35102,2015_0_1,46754,CLONE,2026-07-10 20:24:11,"```json
{
  ""answer"": ""YES-SIMILAR"",
  ""explanation"": ""The two code snippets are functionally similar. They both solve a problem where they need to calculate the number of friends required to achieve a certain level of shyness in an audience. The main logic in both codes is to iterate over each shyness level, calculate the number of people already standing and the number of friends required to achieve that level. Although the codes differ in syntax, structure, and file I/O operations, the core logic of the problem is the same. The 'friendsRequired' function in Code Snippet 1",86
2015_0_1,68106,2015_0_1,65869,CLONE,2026-07-10 20:24:13,"```
{
  ""answer"": ""YES-SIMILAR"",
  ""explanation"": ""Both code snippets appear to be solving the same problem, which is to calculate the number of new balls needed in a standing game. The game involves a standing position that increases or decreases based on the numbers read from a string. The goal is to output the total number of new balls needed for each test case. Despite differences in structure, variable names, and file I/O handling, the core logic of both snippets is equivalent. They both iterate over a string of digits, updating the standing position and counting the number of new balls needed when the standing",87
2015_0_1,68106,2015_0_1,46754,CLONE,2026-07-10 20:24:15,"```json
{
  ""answer"": ""YES-SIMILAR"",
  ""explanation"": ""The two code snippets are functionally similar. They both read input from a file, process it, and write output to another file. The task they perform is to calculate the number of new bows needed for a given sequence of standing ovations. The logic in both codes achieves the same result, although the structure and syntax differ. They both iterate over a sequence of digits, maintaining a running sum of the digits and a count of new bows needed, adding new bows whenever the current position exceeds the running sum.""
}
```",88
2015_0_1,65869,2015_0_1,46754,CLONE,2026-07-10 20:24:17,"```
{
  ""answer"": ""YES-SIMILAR"",
  ""explanation"": ""Both code snippets appear to be solving the same problem, which involves reading input from a file, processing it, and writing the output to another file. The problem seems to be from the Google Code Jam competition. The main task in both codes is to calculate a value based on a given string and an integer, and then write this value to the output file in a specific format. The calculation involves iterating over the characters in the string, converting them to integers, and then applying some arithmetic operations to get the result. Despite differences in coding style,",89
2015_0_2,34257,2015_0_2,32722,CLONE,2026-07-10 20:24:20,"```
{
  ""answer"": ""YES-SIMILAR"",
  ""explanation"": ""Both code snippets appear to be solving the same problem, which is to find the minimum number of operations required to cut pancakes of different sizes into pieces such that the total number of cuts is minimized. Although the approaches and implementations differ, they achieve the same goal. Code Snippet 1 uses a priority queue and a recursive approach, while Code Snippet 2 uses a brute-force approach with multiple loops. However, despite the differences in syntax and structure, they seem to be solving the same problem and producing the same output.""
}
```",90
2015_0_2,34257,2015_0_2,77145,CLONE,2026-07-10 20:24:21,"```json
{
  ""answer"": ""YES-SIMILAR"",
  ""explanation"": ""Both code snippets appear to be solving a similar problem, likely from a competitive programming contest or challenge, given the 'Case #' output format. The first snippet uses a PriorityQueue and a custom Pancake class to solve the problem, while the second snippet uses a more straightforward approach with arrays and loops. However, despite the differences in implementation, they seem to achieve the same result: finding a minimum value through a series of operations that involve cutting or dividing values. The first snippet's solve method and the second snippet's while loop both aim",91
2015_0_2,34257,2015_0_2,72707,CLONE,2026-07-10 20:24:23,"```json
{
  ""answer"": ""NO-NOT-SIMILAR"",
  ""explanation"": ""The two code snippets do not appear to be functionally similar. They seem to be solving different problems or at least approaching the problem in a different way. Code Snippet 1 appears to be solving a problem involving pancakes with a priority queue, cutting pancakes, and calculating their lengths. Code Snippet 2 seems to be solving a different problem involving a priority queue but with a focus on a different calculation and optimization. The main methods and logic do not align closely enough to consider them functionally similar.""
}
```",92
2015_0_2,34257,2015_0_2,68668,CLONE,2026-07-10 20:24:25,"```json
{
  ""answer"": ""YES-SIMILAR"",
  ""explanation"": ""Both code snippets appear to be solving a similar problem, which involves cutting pancakes into smaller pieces to minimize the total number of cuts or the total length of the pancake pieces. Although the approaches differ, with Code Snippet 1 using a priority queue and Code Snippet 2 using a brute-force approach with a limit, they seem to be achieving the same goal. The problem they are trying to solve seems to be a variation of the 'Pancake Cutting' problem. Despite differences in implementation, they produce similar output, which",93
2015_0_2,32722,2015_0_2,77145,CLONE,2026-07-10 20:24:27,"```
{
  ""answer"": ""YES-SIMILAR"",
  ""explanation"": ""Both code snippets appear to be solving the same problem, which is to find the minimum time required to divide a set of pancakes among a group of people. The algorithms used in both snippets are similar, iterating over possible division counts and calculating the minimum time required. Although there are differences in syntax, structure, and variable names, the overall logic and approach are the same, indicating that they are functionally similar.""
}
```",94
2015_0_2,32722,2015_0_2,72707,CLONE,2026-07-10 20:24:28,"```
{
  ""answer"": ""YES-SIMILAR"",
  ""explanation"": ""Both code snippets appear to be solving the same problem, which is to find the minimum time required to divide a set of pancakes among a certain number of diners. The algorithms used in both snippets are similar, iterating over possible numbers of divisions and calculating the total time required for each division. Although the syntax and structure differ, the core logic and problem being solved are the same, indicating that they are functionally similar.""
}
```",95
2015_0_2,32722,2015_0_2,68668,CLONE,2026-07-10 20:24:30,"```
{
  ""answer"": ""YES-SIMILAR"",
  ""explanation"": ""Both code snippets appear to be solving the same problem, which is to find the minimum time required to divide a set of pancakes among a certain number of diners. The algorithms used in both snippets are similar, iterating over a range of possible values to find the minimum time. Although there are differences in syntax, structure, and input/output handling, the core logic of the two snippets is functionally similar.""
}
```",96
2015_0_2,77145,2015_0_2,72707,CLONE,2026-07-10 20:24:32,"```json
{
  ""answer"": ""YES-SIMILAR"",
  ""explanation"": ""Both code snippets appear to be solving the same problem, which involves finding the minimum cost given a certain number of people and their values. They both read input from the user, process it in a loop, and output the result for each case. The first snippet uses a straightforward approach with arrays and loops to find the maximum value and then iteratively calculates the minimum cost by trying different values of 'count'. The second snippet uses a PriorityQueue to store the values and also iterates to find the minimum cost. Although the implementations differ in syntax and",97
2015_0_2,77145,2015_0_2,68668,CLONE,2026-07-10 20:24:34,"```json
{
  ""answer"": ""YES-SIMILAR"",
  ""explanation"": ""Both code snippets appear to be solving the same problem, which involves finding the minimum number of cuts required to cut a stack of pancakes into pieces of a certain size. The first code snippet uses a more brute-force approach with a while loop to iterate over possible cut sizes, while the second code snippet uses a for loop to iterate over a fixed range of cut sizes. However, despite the differences in implementation, both code snippets achieve the same result and perform the same task. They both read input from the user, process the input, and",98
2015_0_2,72707,2015_0_2,68668,CLONE,2026-07-10 20:24:36,"```json
{
  ""answer"": ""YES-SIMILAR"",
  ""explanation"": ""Both code snippets appear to be solving the same problem, which involves finding the minimum number of operations required to flip pancakes of different sizes. The first snippet uses a PriorityQueue to store the pancake sizes, while the second snippet uses an array. However, the algorithm used in both snippets is essentially the same: they both iterate over possible numbers of flips, calculate the total number of operations required for each number of flips, and return the minimum result. The main difference is in the implementation, but the functionality is similar.""
}
```",99
2015_0_3,74464,2015_0_3,88073,CLONE,2026-07-10 20:24:39,"```
{
  ""answer"": ""YES-SIMILAR"",
  ""explanation"": ""Both code snippets appear to be solving the same problem, which is to determine if a given string expression can be evaluated to a certain condition within a specified number of steps (X). They use different approaches and implementations, but the core functionality seems to be similar. Both snippets read input in the format of T (number of test cases), L (length of the string), X (the number of steps), and a string of 'i', 'j', 'k' characters. They then determine if it's possible to reach a certain condition (ess",100
2015_0_3,74464,2015_0_3,21597,CLONE,2026-07-10 20:24:42,"```
{
  ""answer"": ""NO-NOT-SIMILAR"",
  ""explanation"": ""The two code snippets appear to be solving different problems. Code Snippet 1 seems to be solving a problem involving quaternions and checking if a certain condition can be met given a string of 'i', 'j', 'k' characters and a target value X. Code Snippet 2 appears to be solving a problem involving string manipulation and checking if a certain sequence of 'i', 'j', 'k' characters can be found in a repeated string. The algorithms, data structures, and problem domains seem to be different",101
2015_0_3,74464,2015_0_3,62582,CLONE,2026-07-10 20:24:44,"```
{
  ""answer"": ""YES-SIMILAR"",
  ""explanation"": ""Both code snippets appear to be solving the same problem, which involves parsing a string of characters ('i', 'j', 'k') and performing certain calculations to determine if a specific condition can be met. They both use similar approaches, such as prefix and suffix calculations, and multiplication-like operations with specific rules. The structure and syntax differ, but the overall logic and goal seem to be the same.""
}
```",102
2015_0_3,74464,2015_0_3,107238,CLONE,2026-07-10 20:24:46,"```
{
  ""answer"": ""YES-SIMILAR"",
  ""explanation"": ""Both code snippets appear to be solving the same problem, which involves parsing a string of characters ('i', 'j', 'k') and performing certain calculations to determine if a given condition can be satisfied. They both use a multiplication table to combine values and check for specific products. The main logic and structure of the two codes are similar, but there are differences in implementation details, such as the use of different methods and variables. However, they seem to achieve the same result, which is to determine if a certain condition can be met based on",103
2015_0_3,88073,2015_0_3,21597,CLONE,2026-07-10 20:24:50,"```
{
  ""answer"": ""YES-SIMILAR"",
  ""explanation"": ""Both code snippets appear to be solving the same problem, which is to determine if a given string expression can be evaluated to a certain condition after a specified number of iterations. The condition seems to be related to the presence of certain characters ('i', 'j', 'k') and their combinations in the expression. Despite differences in implementation approach, data structures used, and some optimizations, the core logic of evaluating expressions and checking conditions seems to be similar. Both codes iterate over the input string, apply some transformation rules, and check for specific conditions.",104
2015_0_3,88073,2015_0_3,62582,CLONE,2026-07-10 20:24:52,"```json
{
  ""answer"": ""YES-SIMILAR"",
  ""explanation"": ""Both code snippets appear to be solving the same problem, which is to evaluate an expression involving 'i', 'j', and 'k' characters and determine if it results in a certain condition being met after a specified number of iterations. Despite differences in syntax, structure, and approach, they seem to be functionally similar in that they both aim to assess the outcome of these expressions under given constraints.""
}
```",105
2015_0_3,88073,2015_0_3,107238,CLONE,2026-07-10 20:24:54,"```
{
  ""answer"": ""YES-SIMILAR"",
  ""explanation"": ""Both code snippets appear to be solving the same problem, which is to evaluate an expression involving 'i', 'j', and 'k' characters and determine if it results in a certain condition being met after a specified number of iterations. Despite differences in approach, structure, and syntax, they seem to be functionally similar in that they both assess the outcome of expressions under repetition and conditional rules related to the characters 'i', 'j', 'k', and their interactions.""
}
```",106
2015_0_3,21597,2015_0_3,62582,CLONE,2026-07-10 20:24:56,"```
{
  ""answer"": ""YES-SIMILAR"",
  ""explanation"": ""Both code snippets appear to be solving the same problem, which involves finding a specific sequence of operations that results in a certain outcome. They use different approaches and implementations, but the core logic and functionality seem to be similar. Both snippets read input from a file or standard input, process it, and output the result to a file or standard output. They also use similar mathematical operations and checks to determine the result.""
}
```",107
2015_0_3,21597,2015_0_3,107238,CLONE,2026-07-10 20:24:58,"```json
{
  ""answer"": ""YES-SIMILAR"",
  ""explanation"": ""Both code snippets appear to be solving the same problem, which involves determining if a given string can be broken down into three parts that, when processed through a specific operation (multiplication in the second snippet and a lookup table in the first), yield the values 'i', 'j', and 'k' in sequence. Despite different implementations, the core logic and problem being solved seem to align, suggesting functional similarity.""
}
```",108
2015_0_3,62582,2015_0_3,107238,CLONE,2026-07-10 20:25:01,"```json
{
  ""answer"": ""YES-SIMILAR"",
  ""explanation"": ""Both code snippets appear to be solving the same problem, which involves processing a string and performing certain operations based on the characters in the string. They both read input from the user, perform some calculations, and then output the result. The operations involve replacing certain characters with numbers, performing multiplication-like operations, and checking for certain conditions. Although the structure and syntax of the two code snippets differ, they seem to be achieving the same result. The first code snippet uses a more recursive approach with the getI and mul functions, while the second",109
2015_0_4,107149,2015_0_4,96734,CLONE,2026-07-10 20:25:04,"```json
{
  ""answer"": ""YES-SIMILAR"",
  ""explanation"": ""Both code snippets appear to be solving the same problem, which is to determine the winner of a game based on certain conditions. They both read input from a file or standard input, parse the input, and then use a series of conditional statements to determine the winner. The logic in both snippets seems to be equivalent, although the structure and syntax differ. Both snippets consider the same factors, such as the product of two numbers (r and c) and its divisibility by a given number (x), and use similar conditions to determine the",110
2015_0_4,107149,2015_0_4,79014,CLONE,2026-07-10 20:25:06,"```
{
  ""answer"": ""YES-SIMILAR"",
  ""explanation"": ""Both code snippets appear to be solving the same problem, which is to determine the winner of a game given certain input parameters. They both read input from a source (file for the first snippet, standard input for the second), and output the result in a similar format. The logic for determining the winner is different in structure, but ultimately appears to be based on the same rules and conditions. The first snippet uses a long chain of if-else statements, while the second snippet uses a switch statement and separate functions for determining the winner. Despite these differences",111
2015_0_4,107149,2015_0_4,21673,CLONE,2026-07-10 20:25:07,"```json
{
    ""answer"": ""YES-SIMILAR"",
    ""explanation"": ""Both code snippets appear to be solving the same problem, which is to determine the winner (GABRIEL or RICHARD) based on the input values of x, r, and c. They both read input, perform checks based on the value of x and the product of r and c, and output the result. Although the structure and syntax differ, the logic and conditions for determining the winner seem to be equivalent, suggesting they are functionally similar.""
}
```",112
2015_0_4,107149,2015_0_4,77477,CLONE,2026-07-10 20:25:10,"```json
{
  ""answer"": ""YES-SIMILAR"",
  ""explanation"": ""Both code snippets appear to be solving the same problem, which is to determine the winner of a game based on certain conditions. They both read input from a file, process the input, and write the output to another file. The conditions for determining the winner are based on the values of x, r, and c. Although the code structures and syntax differ, the logic and conditions for determining the winner seem to be equivalent. Both code snippets check for the same conditions, such as x == 1, x == 2, and",113
2015_0_4,96734,2015_0_4,79014,CLONE,2026-07-10 20:25:12,"```json
{
  ""answer"": ""YES-SIMILAR"",
  ""explanation"": ""Both code snippets appear to be solving the same problem, which is to determine whether Richard or Gabriel wins in a game involving ominos. The game takes three inputs: x, r, and c, and the goal is to determine who can cover a grid of size r x c with x ominos. The code snippets use different approaches and structures, but they seem to be making the same decisions based on the inputs. They both check if the area of the grid is divisible by x, and if not, Richard wins. They also",114
2015_0_4,96734,2015_0_4,21673,CLONE,2026-07-10 20:25:14,"```
{
  ""answer"": ""YES-SIMILAR"",
  ""explanation"": ""Both code snippets appear to be solving the same problem, which is to determine whether Gabriel or Richard wins a game involving ominos of a certain size on a grid of a certain size. The first code snippet uses a more verbose approach with a BufferedReader and explicit parsing of input, while the second code snippet uses a Scanner to read input. However, the logic for determining the winner is functionally equivalent, taking into account the size of the omino and the grid dimensions. Both codes consider cases where the omino size is greater than or equal to",115
2015_0_4,96734,2015_0_4,77477,CLONE,2026-07-10 20:25:16,"```json
{
  ""answer"": ""YES-SIMILAR"",
  ""explanation"": ""Both code snippets appear to be solving the same problem, which is to determine the winner of a game given certain input parameters. They both read input from a source, parse the input, and then use the parsed input to determine the winner. The logic for determining the winner seems to be based on similar conditions, although the implementation details differ. Both snippets seem to be solving the same problem, but the structure and implementation are different.""
}
```",116
2015_0_4,79014,2015_0_4,21673,CLONE,2026-07-10 20:25:18,"```
{
  ""answer"": ""YES-SIMILAR"",
  ""explanation"": ""The two code snippets are functionally similar. They both determine whether Richard or Gabriel wins based on the input values of X, R, and C. The logic for determining the winner is the same, although the code structures and variable names differ. Both codes check if the area of the rectangle (R*C) can be divided evenly into X, and then apply specific rules based on the value of X to decide the winner. The conditions for X values 1 through 6 are essentially mirrored in both codes, with the same outcomes for the same inputs",117
2015_0_4,79014,2015_0_4,77477,CLONE,2026-07-10 20:25:20,"```json
{
  ""answer"": ""YES-SIMILAR"",
  ""explanation"": ""Both code snippets appear to be solving the same problem, which is determining the winner of a game between Richard and Gabriel given certain input parameters. The input parameters are X, R, and C, which represent the number of polyominoes, and the dimensions of the grid, respectively. The output is a string indicating the winner of the game for each test case. Although the code snippets differ in syntax, structure, and approach, they seem to be implementing the same logic and producing the same results. Specifically, they both check if",118
2015_0_4,21673,2015_0_4,77477,CLONE,2026-07-10 20:25:22,"```json
{
  ""answer"": ""YES-SIMILAR"",
  ""explanation"": ""Both code snippets appear to be solving the same problem, which is to determine the winner of a game given certain conditions. They both take input in the form of integers N, R, and C, and output 'GABRIEL' or 'RICHARD' based on these conditions. The conditions for determining the winner are the same in both snippets: if R*C is divisible by N and certain constraints based on the value of N are met, then 'GABRIEL' wins; otherwise, 'RICHARD'",119
2015_1_1,127730,2015_1_1,114491,CLONE,2026-07-10 20:25:24,"```json
{
    ""answer"": ""YES-SIMILAR"",
    ""explanation"": ""The two code snippets are functionally similar. They both read input from a source (one from a file and the other from standard input), and for each test case, they compute two results by iterating over an array of integers. The first result, 'res1' or 'y', is calculated by summing up the differences between consecutive elements when the next element is smaller than the current one. The second result, 'res2' or 'z', is calculated by finding the maximum difference (or 'rate') and then using it to",120
2015_1_1,127730,2015_1_1,125935,CLONE,2026-07-10 20:25:26,"```
{
  ""answer"": ""YES-SIMILAR"",
  ""explanation"": ""The two code snippets are functionally similar. They both read input from a file or standard input, and for each test case, they calculate two results by processing an array of integers. The first result is the total amount of increase in the array, and the second result is the minimum amount that needs to be eaten given a rate. Despite differences in syntax and structure, they achieve the same task.""
}
```",121
2015_1_1,127730,2015_1_1,124925,CLONE,2026-07-10 20:25:28,"```
{
  ""answer"": ""YES-SIMILAR"",
  ""explanation"": ""The two code snippets are functionally similar. They both read input from a file or standard input, and for each test case, they calculate two results by iterating through an array of integers. The first result is the total sum of differences between consecutive elements when the next element is smaller. The second result is the minimum total amount that can be eaten, which is calculated by finding the maximum difference between consecutive elements when the next element is smaller, and then summing up the minimum of each element and this maximum difference. The outputs are also in the same format",122
2015_1_1,127730,2015_1_1,115055,CLONE,2026-07-10 20:25:30,"```
{
  ""answer"": ""YES-SIMILAR"",
  ""explanation"": ""Both code snippets appear to be solving the same problem, which involves reading input from a file, processing it, and writing output to a file or console. They both calculate two values, solve1 and solve2 in the first snippet, and eatAny and eatConst in the second snippet, based on an array of integers read from the input. The calculations involve finding the total difference between consecutive elements in the array when the difference is positive (similar to eatAny and solve1) and finding the minimum amount that can be eaten given a maximum rate",123
2015_1_1,114491,2015_1_1,125935,CLONE,2026-07-10 20:25:33,"```
{
  ""answer"": ""YES-SIMILAR"",
  ""explanation"": ""Both code snippets appear to be solving the same problem, which involves reading input, processing an array of integers, and calculating two values: the sum of differences between consecutive elements where the first element is greater than the second, and the sum of minimum values between a rate (maximum difference between consecutive elements) and each element. The outputs are also in the same format, 'Case #X: Y Z', where X is the case number, Y is the sum of differences, and Z is the sum of minimum values.""
}
```",124
2015_1_1,114491,2015_1_1,124925,CLONE,2026-07-10 20:25:35,"```json
{
  ""answer"": ""YES-SIMILAR"",
  ""explanation"": ""Both code snippets appear to be solving the same problem, which involves reading a series of integers, computing two results (y and z in the first snippet, result1 and result2 in the second snippet), and then printing these results for each test case. The first snippet computes y by summing the differences between consecutive elements where the first element is greater than the second. It then finds the maximum of these differences (rate). The second result, z, is computed by summing either the rate or the current element, whichever is smaller. The",125
2015_1_1,114491,2015_1_1,115055,CLONE,2026-07-10 20:25:37,"```
{
  ""answer"": ""YES-SIMILAR"",
  ""explanation"": ""Both code snippets appear to be solving the same problem, which involves reading input, processing it, and producing output in a specific format. They both calculate two values, 'y' and 'z' in the first snippet and 'eatAny' and 'eatConst' in the second, based on an array of integers. The calculations involve finding the difference between consecutive elements, determining a maximum rate of decrease, and then using this rate to compute the second value. The output format is also similar, with both printing 'Case #X: Y",126
2015_1_1,125935,2015_1_1,124925,CLONE,2026-07-10 20:25:39,"```json
{
  ""answer"": ""YES-SIMILAR"",
  ""explanation"": ""The two code snippets are functionally similar. They both read an array of integers, calculate two values: the sum of positive differences between consecutive elements (result1/x) and the sum of minimum values between a maximum difference and the current element (result2/y). The main difference lies in their implementation approach and structure, but they achieve the same task.""
}
```",127
2015_1_1,125935,2015_1_1,115055,CLONE,2026-07-10 20:25:41,"```
{
  ""answer"": ""YES-SIMILAR"",
  ""explanation"": ""The two code snippets are functionally similar. They both calculate two values, 'x' and 'y' in the first snippet and 'eatAny' and 'eatConst' in the second snippet, based on an input array of integers. The first snippet calculates the sum of positive differences between consecutive elements (x) and the sum of the minimum between a maximum rate and each element (y). The second snippet calculates the sum of positive differences between consecutive elements (eatAny) and the sum of the minimum between a maximum rate and each element (",128
2015_1_1,124925,2015_1_1,115055,CLONE,2026-07-10 20:25:43,"```
{
  ""answer"": ""YES-SIMILAR"",
  ""explanation"": ""Both code snippets appear to be solving a similar problem, which involves reading input, processing it, and then outputting two results for each case. The first code snippet reads input from System.in, while the second reads from a file named 'input.txt'. Despite the difference in input sources, the core logic of processing the input and calculating two results (result1 and result2 in the first snippet, eatAny and eatConst in the second) is functionally similar. Both calculate a running difference to find a total (result1 and eatAny),",129
2016_0_1,60475,2016_0_1,69477,CLONE,2026-07-10 20:25:45,"```
{
  ""answer"": ""YES-SIMILAR"",
  ""explanation"": ""Both code snippets appear to be solving the same problem, which is to find the smallest multiple of a given number 'n' such that the multiple contains all digits from 0 to 9 at least once. The code snippets read input from a file or standard input, process it, and write output to a file or standard output. Despite differences in syntax, structure, and variable names, they achieve the same result and perform the same task.""
}
```",130
2016_0_1,60475,2016_0_1,123558,CLONE,2026-07-10 20:25:47,"```
{
  ""answer"": ""YES-SIMILAR"",
  ""explanation"": ""Both code snippets appear to be solving the same problem, which is to find the smallest multiple of a given number that contains all digits from 0 to 9 at least once. If no such multiple exists, they print 'INSOMNIA'. Although the code structures and variable names differ, the logic and functionality are equivalent. Both snippets read input from a file, process each test case, and write output to a file or console. The use of bitmaps or boolean arrays to track digit occurrences is similar in purpose. The main difference lies",131
2016_0_1,60475,2016_0_1,55901,CLONE,2026-07-10 20:25:49,"```
{
  ""answer"": ""YES-SIMILAR"",
  ""explanation"": ""Both code snippets appear to be solving the same problem, which is to find the smallest multiple of a given number that contains all digits from 0 to 9. The first snippet uses a FileWriter to write the output to a file, while the second snippet uses a PrintWriter. The main logic of the two snippets is similar, with the first snippet using a while loop to continuously add the number to a sum and check if all digits have been seen, and the second snippet using a separate method solve() to calculate the result. Despite some",132
2016_0_1,60475,2016_0_1,72044,CLONE,2026-07-10 20:25:51,"```json
{
  ""answer"": ""YES-SIMILAR"",
  ""explanation"": ""Both code snippets appear to be solving the same problem, which is to find the smallest multiple of a given number that contains all digits from 0 to 9 at least once. They both read input from a file, process it, and write the output to another file. The logic and the approach may differ slightly in terms of implementation, but the end goal and functionality are the same.""
}
```",133
2016_0_1,69477,2016_0_1,123558,CLONE,2026-07-10 20:25:53,"```json
{
  ""answer"": ""YES-SIMILAR"",
  ""explanation"": ""Both code snippets appear to be solving the same problem, which is to find the smallest multiple of a given number that contains all digits from 0 to 9 at least once. If no such multiple exists, they print 'INSOMNIA'. The approach and logic used in both snippets are similar, although the implementation details and structure differ. They both read input, iterate through multiples of the input number, and check for the presence of all digits. Therefore, they are functionally similar.""
}
```",134
2016_0_1,69477,2016_0_1,55901,CLONE,2026-07-10 20:25:56,"```
{
  ""answer"": ""YES-SIMILAR"",
  ""explanation"": ""Both code snippets appear to be solving the same problem, which is to find the smallest multiple of a given number that contains all digits from 0 to 9. The first code snippet uses a BufferedReader to read input from System.in, while the second code snippet uses a custom MyScanner class to read input from a file. However, the core logic of the two snippets is similar, and they both produce the same output format. The main difference is in the implementation details, such as the use of a StringBuilder in the first snippet and",135
2016_0_1,69477,2016_0_1,72044,CLONE,2026-07-10 20:25:58,"```json
{
  ""answer"": ""YES-SIMILAR"",
  ""explanation"": ""Both code snippets appear to be solving the same problem, which is to find the smallest multiple of a given number that contains all digits from 0 to 9 at least once. The first code snippet reads input from System.in and writes output to System.out, while the second code snippet reads from a file and writes to another file. However, the core logic of the two snippets is similar, and they produce the same output for a given input. The main difference lies in the way they handle input/output operations and some variable naming conventions",136
2016_0_1,123558,2016_0_1,55901,CLONE,2026-07-10 20:26:00,"```
{
  ""answer"": ""YES-SIMILAR"",
  ""explanation"": ""Both code snippets appear to be solving the same problem, which is to find the smallest multiple of a given number that contains all digits from 0 to 9. The first code snippet uses a bitmap to keep track of the digits seen, while the second code snippet uses a boolean array. The approach is similar, but the implementation differs. However, the functionality is the same, and both codes produce the same output for a given input.""
}
```",137
2016_0_1,123558,2016_0_1,72044,CLONE,2026-07-10 20:26:02,"```
{
  ""answer"": ""YES-SIMILAR"",
  ""explanation"": ""Both code snippets appear to be solving the same problem, which is to find the smallest multiple of a given number that contains all digits from 0 to 9. They both read input from a file, process it, and output the result. Although they differ in syntax, structure, and specific steps, they achieve the same result. The first snippet uses a bitmap to track seen digits, while the second uses a HashSet. The first snippet checks for the condition in a different order and has additional checks, but ultimately they perform the same task",138
2016_0_1,55901,2016_0_1,72044,CLONE,2026-07-10 20:26:05,"```json
{
  ""answer"": ""YES-SIMILAR"",
  ""explanation"": ""Both code snippets appear to be solving the same problem, which is to find the smallest multiple of a given number that contains all digits from 0 to 9. The first code snippet uses a boolean array to keep track of the digits seen, while the second code snippet uses a HashSet to store the digits. Despite the differences in implementation, they achieve the same result. Both code snippets read input from a file, process it, and write the output to another file. They also handle the case where the input number is 0",139
2016_0_2,68074,2016_0_2,150691,CLONE,2026-07-10 20:26:07,"```json
{
  ""answer"": ""YES-SIMILAR"",
  ""explanation"": ""Both code snippets appear to be solving the same problem, which is to find the minimum number of maneuvers required to sort a stack of pancakes. The problem is from the Google Code Jam 2016 competition. Although the code snippets differ in syntax, structure, and approach, they achieve the same result. Code Snippet 1 uses a simple iterative approach to count the number of flips required, while Code Snippet 2 uses a more complex approach with an array to represent the pancakes and a swap function to flip them. However,",140
2016_0_2,68074,2016_0_2,125812,CLONE,2026-07-10 20:26:09,"```
{
  ""answer"": ""YES-SIMILAR"",
  ""explanation"": ""Both code snippets appear to be solving the same problem, which is to find the minimum number of flips required to make a stack of pancakes all happy or all sad. The problem is from the Google Code Jam 2016 qualification round. Although the code snippets differ in syntax, structure, and approach, they achieve the same result. Code Snippet 1 iterates through the string from right to left, counting the number of flips required, while Code Snippet 2 uses a while loop and the indexOf method to find the next alternate character.",141
2016_0_2,68074,2016_0_2,88861,CLONE,2026-07-10 20:26:11,"```json
{
  ""answer"": ""YES-SIMILAR"",
  ""explanation"": ""Both code snippets solve the same problem, which appears to be a variation of the 'Pancake Flipping' problem. They both read a string of '+' and '-' characters, and calculate the minimum number of flips required to make all characters the same. Although the snippets differ in syntax, structure, and approach, they achieve the same result. Code Snippet 1 iterates over the string in reverse order, flipping the character and incrementing the result when it encounters a different character. Code Snippet 2 iterates over the string in",142
2016_0_2,68074,2016_0_2,162423,CLONE,2026-07-10 20:26:12,"```
{
  ""answer"": ""YES-SIMILAR"",
  ""explanation"": ""Both code snippets appear to solve the same problem, which is to count the minimum number of flips required to make a stack of pancakes sorted in a specific order (alternating between '+' and '-'). The first snippet explicitly checks for '-' and '+' characters and flips them, while the second snippet counts the transitions between different characters. However, both snippets produce the same output for a given input, making them functionally similar.""
}
```",143
2016_0_2,150691,2016_0_2,125812,CLONE,2026-07-10 20:26:15,"```
{
  ""answer"": ""YES-SIMILAR"",
  ""explanation"": ""Both code snippets appear to be solving the same problem, which is to count the minimum number of flips required to make a sequence of '+' and '-' characters all '+' or to reach a state where no '-' characters are left. They use different approaches and implementations, but the goal and the output seem to be the same. They both read input from a file, process it, and write output to another file. The main difference lies in their algorithmic approach and coding style, but functionally they seem to achieve the same result.""
}
```",144
2016_0_2,150691,2016_0_2,88861,CLONE,2026-07-10 20:26:17,"```json
{
  ""answer"": ""YES-SIMILAR"",
  ""explanation"": ""Both code snippets appear to be solving the same problem, which is to count the minimum number of flips required to make a sequence of '+' and '-' characters all '+' in a cumulative manner. Although the approaches differ slightly, they both achieve the same result. Code Snippet 1 uses an array to track the sequence and a swap function to flip the characters, while Code Snippet 2 directly counts the flips needed based on changes in the sequence. The outputs are also formatted similarly, with 'Case #X: ' followed by the number",145
2016_0_2,150691,2016_0_2,162423,CLONE,2026-07-10 20:26:19,"```json
{
  ""answer"": ""YES-SIMILAR"",
  ""explanation"": ""Both code snippets appear to be solving the same problem, which is to count the minimum number of flips required to make a sequence of '+' and '-' characters all '+' in a pancake sort-like fashion. Although the implementation details differ, the overall logic and goal are the same. Code Snippet 1 uses a more complex approach with array manipulation and swapping, while Code Snippet 2 uses a simpler approach by just counting the transitions between '+' and '-' characters. However, both produce the same output for the same input, making them functionally",146
2016_0_2,125812,2016_0_2,88861,CLONE,2026-07-10 20:26:21,"```json
{
  ""answer"": ""YES-SIMILAR"",
  ""explanation"": ""Both code snippets appear to be solving the same problem, which involves counting the minimum number of flips required to make all characters in a string the same. The first snippet reads input from a file and writes output to another file, while the second snippet reads from standard input and writes to standard output. However, the core logic of the two snippets is similar. They both iterate through the string, counting the number of times the character changes from '+' to '-' or vice versa. The main difference is in the implementation details, such as the use",147
2016_0_2,125812,2016_0_2,162423,CLONE,2026-07-10 20:26:23,"```
{
  ""answer"": ""YES-SIMILAR"",
  ""explanation"": ""Both code snippets appear to be solving the same problem, which involves processing a string of '+' and '-' characters, representing happy and sad pancakes, respectively. The goal is to determine the minimum number of swaps required to make all pancakes face the same direction. Although the code snippets differ in syntax, structure, and implementation details, they achieve the same result. Code Snippet 1 uses a while loop and the `alternateChar` method to iterate through the string, whereas Code Snippet 2 uses a for loop and a simpler conditional statement. However",148
2016_0_2,88861,2016_0_2,162423,CLONE,2026-07-10 20:26:25,"```
{
  ""answer"": ""YES-SIMILAR"",
  ""explanation"": ""Both code snippets solve the same problem: counting the minimum number of flips required to transform a sequence of '+' and '-' characters into a sequence where all characters are the same. They both read a number of test cases, then for each test case, read a string of '+' and '-' characters, and output the minimum number of flips required. The logic for counting flips is identical, iterating through the string, incrementing the count whenever the character changes, and adding one more count if the last character is '-'. The main difference is in the implementation details",149
2016_0_4,100472,2016_0_4,129913,CLONE,2026-07-10 20:26:27,"```json
{
  ""answer"": ""YES-SIMILAR"",
  ""explanation"": ""Both code snippets appear to be solving the same problem, which involves reading input parameters K, C, and S, and then generating and printing a sequence of numbers based on these parameters. The first snippet, FractilesSolver, and the second snippet, DFractiles, handle the case where it's impossible to generate the sequence (when C*S < K or equivalent conditions) by printing 'IMPOSSIBLE'. They both use loops and mathematical operations to calculate and print the sequence. Despite differences in structure, variable names, and some",150
2016_0_4,100472,2016_0_4,58218,CLONE,2026-07-10 20:26:29,"```json
{
  ""answer"": ""YES-SIMILAR"",
  ""explanation"": ""Both code snippets appear to be solving the same problem, which involves reading input parameters (K, C, S), performing calculations, and generating output based on these parameters. The main functionality of both snippets is to determine a sequence or set of numbers based on the given inputs and then output this sequence or a message if it's impossible to generate one. Despite differences in implementation details, structure, and file I/O handling, they seem to achieve the same task: solving a problem related to 'Fractiles' and outputting the solution in",151
2016_0_4,100472,2016_0_4,63729,CLONE,2026-07-10 20:26:31,"```json
{
  ""answer"": ""YES-SIMILAR"",
  ""explanation"": ""Both code snippets appear to be solving the same problem, which involves reading input parameters K, C, and S, and then generating output based on these parameters. They handle edge cases like K=1 and C=1 similarly. They also both output 'IMPOSSIBLE' under certain conditions. Although the structure and exact steps differ, the overall task seems to be the same, which is to solve a problem related to fractiles and output specific sequences or messages based on the input.""
}
```",152
2016_0_4,100472,2016_0_4,138317,CLONE,2026-07-10 20:26:33,"```json
{
  ""answer"": ""NO-NOT-SIMILAR"",
  ""explanation"": ""The two code snippets appear to be solving the same problem, which is related to the Google Code Jam problem. However, upon closer inspection, it is clear that they are approaching the problem in different ways and producing different outputs. Code Snippet 1 is producing a sequence of numbers based on a complex calculation, while Code Snippet 2 is simply generating a sequence of numbers from 1 to k. The outputs of the two code snippets do not seem to match, and the logic used to generate the outputs is different.",153
2016_0_4,129913,2016_0_4,58218,CLONE,2026-07-10 20:26:35,"```
{
  ""answer"": ""YES-SIMILAR"",
  ""explanation"": ""Both code snippets appear to be solving the same problem, which involves calculating and printing fractiles based on input parameters K, C, and S. Despite differences in structure, syntax, and file I/O handling, they achieve the same result. The first snippet reads input from System.in and directly prints output to System.out, while the second snippet reads from a file and writes to another file, but the core logic for calculating fractiles is functionally equivalent. Both check if C*S < K and print 'IMPOSSIBLE' if true.",154
2016_0_4,129913,2016_0_4,63729,CLONE,2026-07-10 20:26:38,"```json
{
  ""answer"": ""YES-SIMILAR"",
  ""explanation"": ""Both code snippets appear to be solving the same problem, which involves reading input parameters (K, C, S) and generating output based on these parameters. The first snippet directly calculates and prints the results, while the second snippet separates the calculation into more functions and writes the results to a file. Despite differences in structure and output method, they seem to tackle the same task: determining if it's possible to create a sequence of numbers given certain constraints and if so, generating that sequence. The condition for 'IMPOSSIBLE' is also",155
2016_0_4,129913,2016_0_4,138317,CLONE,2026-07-10 20:26:40,"```json
{
  ""answer"": ""NO-NOT-SIMILAR"",
  ""explanation"": ""The two code snippets do not appear to be functionally similar. They seem to be solving a problem related to fractiles, but the approach and implementation are quite different. Code Snippet 1 reads input from standard input, while Code Snippet 2 reads from a file. The logic for calculating the fractiles is also different. Code Snippet 1 uses a complex calculation involving powers and maximum values, while Code Snippet 2 uses a simpler approach with a loop and string concatenation. Additionally, Code Snippet 2",156
2016_0_4,58218,2016_0_4,63729,CLONE,2026-07-10 20:26:42,"```json
{
  ""answer"": ""NO-NOT-SIMILAR"",
  ""explanation"": ""The two code snippets appear to be solving the same problem, which is related to fractiles, but they approach the problem in significantly different ways. Code Snippet 1 reads input parameters K, C, and S, and then calculates a sequence of numbers based on these parameters. Code Snippet 2, on the other hand, generates a string of 'L' and 'G' characters based on K and C, and then uses this string to determine the output. The outputs of the two snippets also seem to be",157
2016_0_4,58218,2016_0_4,138317,CLONE,2026-07-10 20:26:44,"```json
{
  ""answer"": ""NO-NOT-SIMILAR"",
  ""explanation"": ""The two code snippets are not functionally similar. Although they both appear to be solving a problem related to fractiles and reading input from a file, the logic and calculations within the 'doExercise' and 'getAllPositions' methods are significantly different. The first snippet calculates a product and handles block sizes, while the second snippet simply generates a sequence of numbers based on the input parameters. The conditions for returning 'IMPOSSIBLE' also differ. Overall, the approaches and results produced by these snippets do not match, indicating",158
2016_0_4,63729,2016_0_4,138317,CLONE,2026-07-10 20:26:47,"```json
{
  ""answer"": ""NO-NOT-SIMILAR"",
  ""explanation"": ""The two code snippets appear to be solving the same problem, which is related to fractiles. However, they have different approaches and implementations. Code Snippet 1 generates a string of 'L's and 'G's and then finds positions based on certain conditions, whereas Code Snippet 2 directly calculates the positions based on the input values. The outputs of the two snippets may be similar for certain inputs, but their internal logic and implementation are different. Moreover, Code Snippet 1 writes to a file and handles more",159
2016_1_1,1153,2016_1_1,14479,CLONE,2026-07-10 20:26:49,"```json
{
    ""answer"": ""YES-SIMILAR"",
    ""explanation"": ""Both code snippets appear to solve the same problem, which is to rearrange the characters in a given string. The first snippet directly inserts characters at the beginning or end of a StringBuilder based on their ASCII values relative to the first character in the builder. The second snippet uses a more complex approach but achieves a similar result by determining the maximum character and then constructing the string by placing larger characters at the beginning. Despite different implementations, they aim to achieve the same task of rearranging characters based on their values.""
}
```",160
2016_1_1,1153,2016_1_1,8299,CLONE,2026-07-10 20:26:51,"```json
{
  ""answer"": ""YES-SIMILAR"",
  ""explanation"": ""Both code snippets achieve the same task of rearranging the characters in a given string. They iterate through each character in the string, and based on whether the character is greater than or equal to the first character of the result string, they either prepend it to the result string or append it. The main difference lies in their implementation approach, with one using a StringBuilder and the other using string concatenation. However, functionally, they produce the same output for a given input.""
}
```",161
2016_1_1,1153,2016_1_1,29796,CLONE,2026-07-10 20:26:52,"```json
{
  ""answer"": ""YES-SIMILAR"",
  ""explanation"": ""Both code snippets achieve the same task of rearranging the characters in a given string. They iterate through each character in the string and decide whether to append it to the beginning or the end of the result string based on a comparison. The comparison is done to ensure the resulting string is the largest possible when treated as a sequence of characters. Although the snippets differ in structure and implementation details, such as input handling and string manipulation, their core logic for character rearrangement is functionally equivalent.""
}
```",162
2016_1_1,1153,2016_1_1,2003,CLONE,2026-07-10 20:26:54,"```json
{
  ""answer"": ""YES-SIMILAR"",
  ""explanation"": ""Both code snippets achieve the same task of rearranging the characters in a given string. They iterate over each character in the string, and based on its value compared to the first character of the result string, they either prepend or append it to the result string. The main difference lies in how they handle input and output: one reads from standard input and prints to standard output, while the other reads from a file and writes to another file. However, functionally, they perform the same operation on the strings.""
}
```",163
2016_1_1,14479,2016_1_1,8299,CLONE,2026-07-10 20:26:57,"```json
{
    ""answer"": ""YES-SIMILAR"",
    ""explanation"": ""The two code snippets are functionally similar. They both appear to be solutions to a problem from Google Code Jam, specifically problem A. The task involves reading input strings, processing them according to a specific algorithm, and outputting the results in a particular format. The algorithm in both snippets aims to rearrange characters in a string based on finding the maximum character and then prepending or appending characters based on their value relative to the current maximum character found so far. Despite differences in implementation details, such as class and method names, and the way input",164
2016_1_1,14479,2016_1_1,29796,CLONE,2026-07-10 20:26:59,"```json
{
    ""answer"": ""YES-SIMILAR"",
    ""explanation"": ""Both code snippets appear to solve a similar problem, which involves rearranging characters in a string. The goal seems to be to maximize the resulting string by placing the largest character at the most significant position. Although the code structures and some implementation details differ, the core logic of finding the maximum character and rearranging the string is present in both snippets. Code Snippet 1 seems to be more complex due to its handling of input/output streams and file operations, but the core 'solve' logic in both snippets achieves the same result.""
}
```",165
2016_1_1,14479,2016_1_1,2003,CLONE,2026-07-10 20:27:01,"```json
{
  ""answer"": ""YES-SIMILAR"",
  ""explanation"": ""Both code snippets appear to be solving the same problem, which is to read input from a file, process the input strings, and write the output to another file. The problem seems to be from Google Code Jam. The main task in both codes is to rearrange characters in a string based on certain conditions. In Code Snippet 1, the condition is to find the maximum character in the string and then rearrange the string such that all characters greater than or equal to the maximum character are prepended to the result string, while in Code",166
2016_1_1,8299,2016_1_1,29796,CLONE,2026-07-10 20:27:03,"```json
{
  ""answer"": ""YES-SIMILAR"",
  ""explanation"": ""Both code snippets appear to be solving the same problem, which is to rearrange the characters in a given string in a specific way. They both read input from the standard input, where the first line contains the number of test cases, and each subsequent line is a string to be rearranged. The rearrangement rule in both cases is to place the larger characters at the beginning of the result string. The main difference lies in the implementation details: Code Snippet 1 uses a method `fkt1` that prepends characters to the",167
2016_1_1,8299,2016_1_1,2003,CLONE,2026-07-10 20:27:05,"```json
{
  ""answer"": ""YES-SIMILAR"",
  ""explanation"": ""Both code snippets appear to be solving the same problem, which is to rearrange the characters in a given string. The goal is to move the largest character to the front of the string if it is larger than or equal to the current first character, otherwise append it to the end. The main difference between the two snippets is the way they read input and output results. Code Snippet 1 reads from System.in and writes to System.out, while Code Snippet 2 reads from a file and writes to another file. However, the",168
2016_1_1,29796,2016_1_1,2003,CLONE,2026-07-10 20:27:07,"```json
{
  ""answer"": ""YES-SIMILAR"",
  ""explanation"": ""Both code snippets appear to be solving the same problem, which is to rearrange the characters in a given string to form the lexicographically smallest string that can be achieved by rearranging the characters. The first code snippet reads input from the console, while the second code snippet reads from a file and writes to another file. However, the core logic of the solve function in the first snippet and the string manipulation loop in the second snippet are functionally equivalent. They both iterate over the characters in the input string and prepend or append the character to the result",169
2016_1_2,8152,2016_1_2,31984,CLONE,2026-07-10 20:27:09,"```json
{
  ""answer"": ""NO-NOT-SIMILAR"",
  ""explanation"": ""The two code snippets are not functionally similar. Code Snippet 1 reads input from a file, parses it, and then performs a specific task: it removes pairs of identical numbers from a list until only a certain number of elements remain, then prints the remaining numbers. Code Snippet 2 reads input from a file and stores it in a 2D array, but it does not perform any processing on the input data similar to Code Snippet 1. The purpose and functionality of the two snippets are different.""
}
",170
2016_1_2,8152,2016_1_2,20611,CLONE,2026-07-10 20:27:11,"```json
{
    ""answer"": ""YES-SIMILAR"",
    ""explanation"": ""Both code snippets appear to be solving the same problem, which is to find the missing numbers in a list that appear an odd number of times. They both read input from a file, process the numbers, and output the result. Although the structure and syntax differ, they achieve the same result. Code Snippet 1 reads 2n-1 groups of n numbers, while Code Snippet 2 reads 2n-1 numbers n times, but they effectively achieve the same goal. Both sort the numbers and output the ones",171
2016_1_2,8152,2016_1_2,19093,CLONE,2026-07-10 20:27:15,"```
{
  ""answer"": ""YES-SIMILAR"",
  ""explanation"": ""Both code snippets appear to be solving the same problem, which is to read a series of integers, perform some operation on them, and output the results. Specifically, they both read a number of test cases, then for each test case, they read a number of integers, and output a subset of those integers. The operation performed is to remove pairs of identical integers until only a certain number of integers remain. The main difference is in the implementation approach, with Code Snippet 1 using a more straightforward iterative approach and Code Snippet 2",172
2016_1_2,8152,2016_1_2,30007,CLONE,2026-07-10 20:27:17,"```json
{
  ""answer"": ""YES-SIMILAR"",
  ""explanation"": ""Both code snippets appear to be solving the same problem, which involves reading input from a file, processing it, and writing output to another file. They both read an integer number of cases, then for each case, they read a number of integers, process them to find a specific set of numbers, and output the result. The processing involves sorting and filtering the numbers. Despite differences in structure, syntax, and specific classes used (e.g., use of ArrayList vs custom MultiSet, different file handling), the overall task they accomplish",173
2016_1_2,31984,2016_1_2,20611,CLONE,2026-07-10 20:27:19,"```json
{
  ""answer"": ""NO-NOT-SIMILAR"",
  ""explanation"": ""The two code snippets are not functionally similar. Code Snippet 1 reads input from a file and stores it in a 2D array, while Code Snippet 2 reads input from an input stream, processes it to find missing numbers in a sequence, and returns a string result. They serve different purposes and do not achieve the same task.""
}
```",174
2016_1_2,31984,2016_1_2,19093,CLONE,2026-07-10 20:27:23,"```json
{
  ""answer"": ""NO-NOT-SIMILAR"",
  ""explanation"": ""The two code snippets are not functionally similar. Code Snippet 1 reads input from a file and stores it in a 2D array, while Code Snippet 2 reads input from standard input, processes it, and outputs the result. The purpose and functionality of the two code snippets are different.""
}
```",175
2016_1_2,31984,2016_1_2,30007,CLONE,2026-07-10 20:27:25,"```json
{
  ""answer"": ""NO-NOT-SIMILAR"",
  ""explanation"": ""The two code snippets are not functionally similar. Code Snippet 1 reads input from a file and stores it in a 2D array, while Code Snippet 2 reads input from a file, processes it, and writes output to another file. The purpose and functionality of the two snippets are different. Code Snippet 1 seems to be reading input data for a competitive programming contest, while Code Snippet 2 is solving a specific problem involving processing the input data and producing an output.""
}
```",176
2016_1_2,20611,2016_1_2,19093,CLONE,2026-07-10 20:27:30,"```json
{
  ""answer"": ""YES-SIMILAR"",
  ""explanation"": ""Both code snippets appear to be solving a similar problem, which is to find the missing numbers in a list of integers. The problem seems to be that there are 2n-1 numbers given, where each number from 1 to n appears either once or twice. The task is to find the numbers that appear once. Both snippets use a frequency counting approach to solve the problem. They both read 2n-1 numbers, count the frequency of each number, and then output the numbers that appear an odd number of times,",177
2016_1_2,20611,2016_1_2,30007,CLONE,2026-07-10 20:27:32,"```
{
  ""answer"": ""YES-SIMILAR"",
  ""explanation"": ""Both code snippets appear to solve the same problem: finding the missing numbers in a list that appear an odd number of times. They both read a list of numbers, count the frequency of each number, and then output the numbers that appear an odd number of times. Although the implementation details differ, such as the use of different data structures (TreeMap vs MultiSet) and output formatting, the overall functionality is the same.""
}
```",178
2016_1_2,19093,2016_1_2,30007,CLONE,2026-07-10 20:27:37,"```
{
  ""answer"": ""YES-SIMILAR"",
  ""explanation"": ""Both code snippets appear to be solving the same problem. They both read input from a file or standard input, process it, and then output the result. The problem seems to be finding the odd occurring numbers in a list of numbers. The first snippet reads 2n-1 numbers, counts the occurrences of each number, and then prints the n odd occurring numbers. The second snippet does essentially the same thing, using a MultiSet to count the occurrences of each number, and then prints the n odd occurring numbers. Although the implementation details differ",179
2016_2_1,197689,2016_2_1,192495,CLONE,2026-07-10 20:27:40,"```
{
  ""answer"": ""YES-SIMILAR"",
  ""explanation"": ""Both code snippets appear to be solving the same problem, which is to count the occurrences of digits in a string based on the letters present in the string. They both read input from a file or standard input, process the strings, and output the digits to a file or standard output. Although the approaches differ slightly, with Code Snippet 1 using a more complex series of conditional checks and Code Snippet 2 using a switch statement and then adjusting counts based on previously counted digits, they achieve the same result: to determine the number of each",180
2016_2_1,197689,2016_2_1,187476,CLONE,2026-07-10 20:27:42,"```
{
  ""answer"": ""YES-SIMILAR"",
  ""explanation"": ""Both code snippets appear to be solving the same problem, which is to read a series of strings, analyze the characters in each string, and then output a string of digits that corresponds to the characters in the input string. The first code snippet uses a more direct approach with multiple if statements to count the occurrences of each character and then deduce the digits. The second code snippet uses a more object-oriented approach with maps and sets to achieve the same result. Despite the differences in implementation, they seem to achieve the same task of mapping characters to digits and",181
2016_2_1,197689,2016_2_1,193269,CLONE,2026-07-10 20:27:44,"```
{
  ""answer"": ""YES-SIMILAR"",
  ""explanation"": ""Both code snippets appear to solve the same problem, which is to count the occurrences of digits in a given string representation of numbers in words. They both read input from a file, process it, and write output to another file. Although the implementation details differ, such as the use of different data structures and algorithms, they achieve the same result of translating a string of letters into a string of digits.""
}
```",182
2016_2_1,197689,2016_2_1,184367,CLONE,2026-07-10 20:27:46,"```
{
  ""answer"": ""YES-SIMILAR"",
  ""explanation"": ""Both code snippets appear to be solving the same problem, which is to count the occurrences of digits in a given string based on the letters in the string. They both read input from a file, process it, and write output to another file. The logic for determining the counts of each digit is different but achieves the same result. The first snippet uses a series of if statements and manual counting, while the second snippet uses HashMaps and String.indexOf() to count the occurrences. Despite the differences in implementation, they produce the same output.""
}
",183
2016_2_1,192495,2016_2_1,187476,CLONE,2026-07-10 20:27:48,"```
{
  ""answer"": ""YES-SIMILAR"",
  ""explanation"": ""Both code snippets appear to solve the same problem, which is to decode a string of letters into a sequence of numbers. The first code snippet uses a switch statement and a set of if-else statements to count the occurrences of each letter in the string, and then uses these counts to determine the corresponding numbers. The second code snippet uses a different approach, creating a map of character frequencies and then using this map to determine the numbers. Despite the differences in implementation, both code snippets produce the same output, which is a sequence of numbers corresponding to the",184
2016_2_1,192495,2016_2_1,193269,CLONE,2026-07-10 20:27:51,"```
{
  ""answer"": ""YES-SIMILAR"",
  ""explanation"": ""Both code snippets appear to solve the same problem, which is to read a series of strings, and for each string, output a string of digits that correspond to the words represented by the letters in the input string. The words are represented by unique letter combinations, and each digit corresponds to a specific word (e.g., 'Z' corresponds to '0', 'W' corresponds to '2', etc.). The code snippets differ in their implementation approach, but they achieve the same result. Code Snippet 1 uses a switch statement and manual",185
2016_2_1,192495,2016_2_1,184367,CLONE,2026-07-10 20:27:53,"```
{
  ""answer"": ""YES-SIMILAR"",
  ""explanation"": ""Both code snippets appear to be solving the same problem, which is to decode a given string into a sequence of digits. They use similar approaches, such as counting the occurrences of specific letters and then adjusting these counts based on the relationships between the letters and the digits they represent. The output of both snippets is a sequence of digits that corresponds to the input string. Although the implementation details differ, such as the use of switch statements versus hash maps, the overall functionality is the same.""
}
```",186
2016_2_1,187476,2016_2_1,193269,CLONE,2026-07-10 20:27:55,"```json
{
  ""answer"": ""YES-SIMILAR"",
  ""explanation"": ""Both code snippets appear to be solving the same problem, which is to take a string of characters representing digits in words and convert them into their corresponding numerical digits. They both create a frequency map of characters, then iteratively remove characters from the map as they match against known digit patterns. The order of digits is determined by a predefined sequence. The output is a sorted string of numerical digits corresponding to the input string. Although the implementation details differ, such as the use of different data structures and sequences of operations, they achieve the same result.""
",187
2016_2_1,187476,2016_2_1,184367,CLONE,2026-07-10 20:27:57,"```json
{
  ""answer"": ""YES-SIMILAR"",
  ""explanation"": ""Both code snippets appear to be solving the same problem, which is to decode a given string into a sequence of numbers. The first code snippet uses a more complex approach with multiple maps and sets to achieve this, while the second code snippet uses a more straightforward approach with arrays and string indexing. However, despite the differences in implementation, both code snippets seem to be achieving the same result, which is to take a string input and produce a sequence of numbers as output.""
}
```",188
2016_2_1,193269,2016_2_1,184367,CLONE,2026-07-10 20:28:00,"```json
{
  ""answer"": ""YES-SIMILAR"",
  ""explanation"": ""Both code snippets appear to be solving the same problem, which is to decode a string into a sequence of digits. They use different approaches but ultimately achieve the same result. Code Snippet 1 uses a character frequency map and removes characters corresponding to specific digits, while Code Snippet 2 uses a different mapping approach and frequency counting. Despite the differences in implementation, they both seem to be solving the same problem and producing the same output.""
}
```",189
2016_3_1,205670,2016_3_1,211583,CLONE,2026-07-10 20:28:02,"```json
{
  ""answer"": ""YES-SIMILAR"",
  ""explanation"": ""Both code snippets appear to be solving the same problem, which involves processing a list of integers representing senator preferences and generating a string output based on certain rules. Despite differences in syntax and structure, they seem to achieve the same result: generating a string of alphabet characters based on the input list, where each character corresponds to a senator's preference. The first snippet uses a more iterative approach with arrays and a StringBuilder, while the second snippet uses a PriorityQueue to manage the senator preferences. However, the overall logic and output seem to match",190
2016_3_1,205670,2016_3_1,210871,CLONE,2026-07-10 20:28:04,"```
{
  ""answer"": ""YES-SIMILAR"",
  ""explanation"": ""Both code snippets appear to be solving the same problem, which is to simulate a process of selecting characters based on their frequencies. They both read input from the standard input, process it, and print output to the standard output. The goal of both programs seems to be to print a string of characters for each test case, where the characters are selected based on their frequencies. Although the implementation details differ, such as the use of different data structures (array vs HashMap) and different logic for selecting characters, the overall functionality seems to be the same",191
2016_3_1,205670,2016_3_1,218815,CLONE,2026-07-10 20:28:07,"```
{
  ""answer"": ""YES-SIMILAR"",
  ""explanation"": ""Both code snippets appear to be solving the same problem, which is to simulate a process of selecting characters from a list of senators based on certain rules. The goal is to generate a string of characters that represents the order of selection. Despite differences in syntax, structure, and implementation details, the two code snippets seem to achieve the same result. They both read input, process it, and produce output in a similar format, specifically for a competition-style problem as indicated by 'Case #'. The algorithms used might differ but the end goal and functionality seem",192
2016_3_1,205670,2016_3_1,207727,CLONE,2026-07-10 20:28:09,"```
{
  ""answer"": ""YES-SIMILAR"",
  ""explanation"": ""Both code snippets appear to be solving the same problem, which is to simulate a process of selecting characters (senators) based on their counts. The goal is to generate a string of characters where the selection of each character is based on its count and the counts of other characters. The main logic in both snippets involves finding the character with the maximum count, decrementing its count, and appending it to the result string. The process continues until all counts are exhausted. Although the snippets differ in syntax, structure, and implementation details (e.g.,",193
2016_3_1,211583,2016_3_1,210871,CLONE,2026-07-10 20:28:11,"```
{
  ""answer"": ""YES-SIMILAR"",
  ""explanation"": ""Both code snippets appear to be solving the same problem, which involves reading input, processing it, and then printing out a sequence of characters based on certain rules. They both use a priority queue or a similar data structure to keep track of characters and their frequencies. The main logic in both snippets involves repeatedly removing and processing the characters with the highest frequency until a certain condition is met. Although the implementation details differ, such as the use of a PriorityQueue in the first snippet and a HashMap in the second, and the structure of the code,",194
2016_3_1,211583,2016_3_1,218815,CLONE,2026-07-10 20:28:13,"```
{
  ""answer"": ""YES-SIMILAR"",
  ""explanation"": ""Both code snippets appear to be solving the same problem, which is to process a series of inputs and generate a string output based on certain rules. The first snippet uses a priority queue to manage pairs of elements, while the second snippet uses an array of strings to accumulate characters. Despite the differences in implementation, both snippets seem to be achieving the same result, which is to generate a string output by iteratively combining and processing the input elements. The outputs of both snippets seem to be in the same format, with 'Case #X: ' followed by",195
2016_3_1,211583,2016_3_1,207727,CLONE,2026-07-10 20:28:15,"```json
{
  ""answer"": ""YES-SIMILAR"",
  ""explanation"": ""Both code snippets appear to be solving the same problem, which involves reading input, processing it, and then printing output in a specific format. They both use a priority queue or a sorted map to manage a set of items with associated counts, and they iteratively select and print items based on certain conditions until a termination condition is met. The main logic of handling the items and printing them seems to be functionally equivalent, despite differences in implementation details such as data structures used (PriorityQueue in the first snippet, sorted LinkedHashMap in the second",196
2016_3_1,210871,2016_3_1,218815,CLONE,2026-07-10 20:28:18,"```
{
  ""answer"": ""YES-SIMILAR"",
  ""explanation"": ""Both code snippets appear to be solving the same problem, which is to process a series of test cases where in each case, a set of characters (A-Z) are given with certain counts, and the goal is to output a string that represents a sequence of operations to reduce the counts to zero or less, following specific rules. Despite differences in implementation, structure, and syntax, they achieve the same result: reading input, processing it according to the problem's rules, and outputting the result in a specific format ('Case #X: ...",197
2016_3_1,210871,2016_3_1,207727,CLONE,2026-07-10 20:28:20,"```
{
  ""answer"": ""YES-SIMILAR"",
  ""explanation"": ""Both code snippets appear to be solving the same problem, which involves reading input, processing a series of cases, and outputting results in a specific format. They both use a map to store character counts, and repeatedly find the maximum value in the map, decrement it, and output the corresponding character(s) until a certain condition is met. The main difference lies in their implementation details, such as the use of different data structures (HashMap vs LinkedHashMap), sorting methods, and loop structures. However, these differences do not affect the overall",198
2016_3_1,218815,2016_3_1,207727,CLONE,2026-07-10 20:28:22,"```json
{
  ""answer"": ""YES-SIMILAR"",
  ""explanation"": ""Both code snippets appear to be solving the same problem, which involves reading input, processing it, and then outputting the result in a specific format. They both handle multiple test cases, with each case output prefixed with 'Case #X:'. The core logic in both snippets involves iterating over input data, manipulating it, and then printing out the results. Although the structure and exact implementation details differ (e.g., one uses arrays and direct file I/O, while the other uses a Scanner and a Map), they achieve the same overall",199
2013_0_1,84294,2016_3_1,218815,NON-CLONE,2026-07-10 20:28:25,"```json
{
  ""answer"": ""NO-NOT-SIMILAR"",
  ""explanation"": ""The two code snippets are not functionally similar. Code Snippet 1 appears to be a solution to a Tic-Tac-Toe game problem, where it reads input from the user, processes a 4x4 game board, and determines the winner or if the game has not completed. Code Snippet 2 seems to be a solution to a different problem, possibly from a Google Code Jam competition, where it reads input, processes strings, and constructs an output string through a series of operations. The tasks, input formats",200
2013_0_1,84294,2015_1_1,124925,NON-CLONE,2026-07-10 20:28:26,"```json
{
  ""answer"": ""NO-NOT-SIMILAR"",
  ""explanation"": ""The two code snippets are not functionally similar. Code Snippet 1 appears to be a solution to a Tic Tac Toe game problem, where it reads input from the user, processes the game board, and determines the winner or if the game has completed. Code Snippet 2 seems to be solving a different problem, likely related to a 'plates' problem where it calculates and prints two result values based on an array of plate values. The purpose, logic, and functionality of the two snippets are significantly different.""
}
```",201
2013_0_1,84294,2016_0_2,88861,NON-CLONE,2026-07-10 20:28:28,"```json
{
  ""answer"": ""NO-NOT-SIMILAR"",
  ""explanation"": ""The two code snippets are not functionally similar. Code Snippet 1 appears to be a solution to a 4x4 Tic Tac Toe game problem, where it reads input from the user, checks for wins, draws, and incomplete games, and outputs the result. Code Snippet 2, on the other hand, seems to be a solution to a completely different problem, where it reads a string from the user, counts the number of flips in the string (i.e., changes in character), and outputs the count",202
2013_0_1,84294,2014_0_2,107403,NON-CLONE,2026-07-10 20:28:30,"```json
{
  ""answer"": ""NO-NOT-SIMILAR"",
  ""explanation"": ""The two code snippets are not functionally similar. Code Snippet 1 appears to be a solution to a game-related problem, likely a Tic-Tac-Toe game, where it reads input from the user, processes the game state, and determines the winner or the status of the game. On the other hand, Code Snippet 2 seems to be a solution to an optimization problem, possibly from a Google Code Jam competition, where it calculates the optimal time to achieve a certain goal given some constraints. The purpose, logic",203
2013_0_1,58633,2015_0_3,62582,NON-CLONE,2026-07-10 20:28:33,"```json
{
  ""answer"": ""NO-NOT-SIMILAR"",
  ""explanation"": ""The two code snippets are not functionally similar. Code Snippet 1 appears to be a solution to a game-related problem, possibly a Tic-Tac-Toe game, where it reads input from a file, processes the game state, and writes the result to another file. Code Snippet 2 seems to be related to a different problem, involving string manipulation and a custom multiplication function. The purpose, logic, and functionality of the two code snippets are distinct, indicating they are not similar.""
}
```",204
2013_0_1,58633,2013_1_1,35305,NON-CLONE,2026-07-10 20:28:35,"```json
{
  ""answer"": ""NO-NOT-SIMILAR"",
  ""explanation"": ""The two code snippets are not functionally similar. Code Snippet 1 appears to be a solution to a game-related problem, possibly a Tic-Tac-Toe game, where it reads input from a file, processes the game state, and writes the result to another file. Code Snippet 2, on the other hand, seems to be solving a completely different problem involving BigInteger operations, likely a mathematical or numerical problem. The input and output files are different, the algorithms are different, and the overall tasks performed are",205
2013_0_1,58633,2016_0_4,100472,NON-CLONE,2026-07-10 20:28:37,"```json
{
  ""answer"": ""NO-NOT-SIMILAR"",
  ""explanation"": ""The two code snippets appear to be solving different problems. Code Snippet 1 is solving a game-related problem, possibly a variation of Tic-Tac-Toe, where it reads input from a file, processes the game state, and determines the winner or if the game is a draw. Code Snippet 2 seems to be solving a problem related to combinatorics or coding theory, where it calculates and prints out numbers based on input parameters. The structure, logic, and purpose of the two snippets are significantly different, indicating",206
2013_0_1,124149,2015_0_1,68106,NON-CLONE,2026-07-10 20:28:39,"```
{
  ""answer"": ""NO-NOT-SIMILAR"",
  ""explanation"": ""The two code snippets are not functionally similar. They appear to be solving different problems. Code Snippet 1 is a solution to a Tic Tac Toe-like game, where it reads a 4x4 grid and determines the winner or the state of the game. Code Snippet 2 is a solution to a problem involving a sequence of numbers, where it calculates a value called 'newbs' based on the sequence. The inputs, outputs, and logic of the two code snippets are different, indicating they are not functionally similar.""
",207
2013_0_1,124149,2016_1_2,8152,NON-CLONE,2026-07-10 20:28:41,"```json
{
    ""answer"": ""NO-NOT-SIMILAR"",
    ""explanation"": ""The two code snippets are not functionally similar. Code Snippet 1 appears to be a solution to a Tic-Tac-Toe game problem, where it reads a 4x4 game board from an input file, determines the winner (or if it's a draw or not completed), and writes the result to an output file. Code Snippet 2 seems to be a solution to a different problem, likely involving sorting and filtering a list of integers read from an input file and writing the result to an output file. The",208
2013_0_1,88116,2016_1_1,2003,NON-CLONE,2026-07-10 20:28:44,"```json
{
  ""answer"": ""NO-NOT-SIMILAR"",
  ""explanation"": ""The two code snippets are not functionally similar. Code Snippet 1 appears to be a solution to a Code Jam problem involving a game, where it checks for winning conditions in a 4x4 grid. Code Snippet 2 seems to be solving a different problem, where it reads input lines, rearranges the characters in a specific way, and writes the output to a file. The purpose, logic, and functionality of the two code snippets are different.""
}
```",209
2013_0_2,95524,2015_0_3,88073,NON-CLONE,2026-07-10 20:28:47,"```json
{
  ""answer"": ""NO-NOT-SIMILAR"",
  ""explanation"": ""The two code snippets are not functionally similar. Code Snippet 1 appears to be solving a problem involving a grid, where it checks for certain conditions in the grid and outputs 'YES' or 'NO' based on those conditions. Code Snippet 2, on the other hand, seems to be solving a completely different problem involving string expressions and evaluating them based on certain rules. The input formats, logic, and output formats are all different, indicating that they serve different purposes and are not similar in functionality.""
}
```",210
2013_0_2,95524,2016_0_4,63729,NON-CLONE,2026-07-10 20:28:49,"```json
{
  ""answer"": ""NO-NOT-SIMILAR"",
  ""explanation"": ""The two code snippets appear to be solving different problems. Code Snippet 1 reads a grid of integers from a file, performs some checks on the grid to determine if certain conditions are met, and writes the result to an output file. Code Snippet 2 reads some integers from a file, generates a string based on these integers, and writes the result to an output file. The problems being solved, the input and output formats, and the logic used seem to be different. Therefore, the code snippets are not functionally",211
2013_0_2,95524,2014_0_3,71973,NON-CLONE,2026-07-10 20:28:51,"```json
{
  ""answer"": ""NO-NOT-SIMILAR"",
  ""explanation"": ""The two code snippets appear to be solving different problems. Code Snippet 1 reads a grid of integers from a file, performs some checks on the grid to determine if each cell is 'possible' based on certain conditions, and then outputs 'YES' or 'NO' for each test case. Code Snippet 2 reads a file, constructs a grid, and attempts to place characters in the grid according to certain rules, outputting the resulting grid or 'Impossible' if it cannot be completed. The problems being",212
2013_0_2,95524,2016_3_1,205670,NON-CLONE,2026-07-10 20:28:53,"```json
{
  ""answer"": ""NO-NOT-SIMILAR"",
  ""explanation"": ""The two code snippets are not functionally similar. Code Snippet 1 appears to be solving a problem involving a grid of integers, where it checks for certain conditions to determine if a configuration is possible, and outputs 'YES' or 'NO' accordingly. Code Snippet 2, on the other hand, seems to be solving a completely different problem involving senator lists, fractiles, and generating a string based on certain conditions. The input formats, variable usage, and overall logic of the two snippets do not align, indicating",213
2013_0_2,44471,2013_0_3,118052,NON-CLONE,2026-07-10 20:28:55,"```json
{
  ""answer"": ""NO-NOT-SIMILAR"",
  ""explanation"": ""The two code snippets are not functionally similar. Code Snippet 1 appears to be solving a problem involving a grid of integers, checking for a specific pattern where the lowest value in the grid must be part of a row or column that consists entirely of that lowest value. Code Snippet 2, on the other hand, is focused on finding the number of palindromic squares within a given range. The input/output structures, the problems being solved, and the logic used are all different between the two snippets.""
}
```",214
2013_0_2,44471,2013_0_3,55548,NON-CLONE,2026-07-10 20:28:58,"```json
{
  ""answer"": ""NO-NOT-SIMILAR"",
  ""explanation"": ""The two code snippets are not functionally similar. They appear to be solving different problems. The first code snippet seems to be solving a problem involving a lawnmower or a grid, where it reads input from a file, processes it, and writes output to another file. It checks if a certain pattern is possible in a grid. The second code snippet appears to be solving a problem involving perfect squares, where it generates a list of perfect squares, reads input from a file, and writes output to another file. It uses binary",215
2013_0_2,44471,2016_1_2,30007,NON-CLONE,2026-07-10 20:29:00,"```json
{
  ""answer"": ""NO-NOT-SIMILAR"",
  ""explanation"": ""The two code snippets appear to be solving different problems. Code Snippet 1 reads a matrix from a file, finds the lowest value in the matrix, and checks if it's possible to remove all occurrences of the lowest value from either a row or a column. Code Snippet 2 reads a set of numbers from a file, counts their occurrences, and outputs the odd-occurring numbers in sorted order. The tasks performed by these code snippets are not similar.""
}
```",216
2013_0_2,55421,2014_2_1,125050,NON-CLONE,2026-07-10 20:29:02,"```json
{
  ""answer"": ""NO-NOT-SIMILAR"",
  ""explanation"": ""The two code snippets appear to be solving different problems. Code Snippet 1 is solving a problem related to a lawnmower and checking if a garden pattern is valid, while Code Snippet 2 is solving a problem related to strings and finding the minimum number of moves to make all strings have the same character count. The structure, syntax, and logic of the two code snippets are significantly different, indicating that they are not functionally similar.""
}
```",217
2013_0_2,55421,2015_0_1,68106,NON-CLONE,2026-07-10 20:29:04,"```json
{
  ""answer"": ""NO-NOT-SIMILAR"",
  ""explanation"": ""The two code snippets are not functionally similar. They appear to be solving different problems. Code Snippet 1 is solving a problem involving a lawnmower and a garden pattern, where it checks if a given garden pattern is valid according to certain rules. Code Snippet 2 is solving a problem involving a standing person and a sequence of numbers, where it calculates the number of new base stations needed. The input and output formats, as well as the logic and variables used, are different between the two snippets.""
}
```",218
2013_0_2,90919,2013_1_1,35305,NON-CLONE,2026-07-10 20:29:06,"```json
{
  ""answer"": ""NO-NOT-SIMILAR"",
  ""explanation"": ""The two code snippets are not functionally similar. Code Snippet 1 reads a matrix and checks if each element is equal to either the maximum of its row or column. Code Snippet 2 appears to be solving a different problem, involving a binary search to find a value 'n' that satisfies a certain condition related to a given number 't' and a ratio 'r'. The purpose, logic, and functionality of the two snippets are distinct.""
}
```",219
2013_0_3,55548,2014_2_1,125050,NON-CLONE,2026-07-10 20:29:09,"```json
{
  ""answer"": ""NO-NOT-SIMILAR"",
  ""explanation"": ""The two code snippets appear to be solving different problems. Code Snippet 1 is generating and searching a list of perfect squares that are fair squares (i.e., remain perfect squares when their digits are mirrored or modified in certain ways), while Code Snippet 2 seems to be solving a problem involving finding the minimum number of moves to make a set of strings have the same character counts at each position. The structure, logic, and purpose of the two code snippets are significantly different, indicating they are not functionally similar.""
}
",220
2013_0_3,55548,2013_1_1,30610,NON-CLONE,2026-07-10 20:29:11,"```json
{
  ""answer"": ""NO-NOT-SIMILAR"",
  ""explanation"": ""The two code snippets are not functionally similar. The first code snippet appears to be a solution to a specific problem involving generating and counting 'fair square' numbers within a given range. It uses a class named `FairSquare` and has a main method that reads input from a file, generates solutions, and writes output to another file. The second code snippet is a utility class named `Util` that provides various general-purpose methods for tasks such as file I/O, mathematical operations, and error handling. There is no apparent overlap",221
2013_0_3,55548,2015_0_3,62582,NON-CLONE,2026-07-10 20:29:14,"```json
{
  ""answer"": ""NO-NOT-SIMILAR"",
  ""explanation"": ""The two code snippets appear to be solving different problems. Code Snippet 1 is generating and counting 'fair squares' within a given range, where a fair square is a perfect square that remains a perfect square when some of its digits are flipped. Code Snippet 2 seems to be solving a problem involving string manipulation and modular arithmetic, possibly related to finding a specific pattern or property in a string. The structure, syntax, and logic of the two snippets are significantly different, indicating they are not functionally similar.""
}
```",222
2013_0_3,55548,2015_0_1,79967,NON-CLONE,2026-07-10 20:29:16,"```json
{
  ""answer"": ""NO-NOT-SIMILAR"",
  ""explanation"": ""The two code snippets are not functionally similar. Code Snippet 1 appears to be a solution to a problem involving generating and counting 'fair square' numbers within a certain range, while Code Snippet 2 seems to be solving a completely different problem related to calculating the number of friends based on an audience string. The structure, logic, and purpose of the two snippets are distinct, indicating they serve different functionalities.""
}
```",223
2013_0_3,94901,2015_1_1,124925,NON-CLONE,2026-07-10 20:29:18,"```json
{
  ""answer"": ""NO-NOT-SIMILAR"",
  ""explanation"": ""The two code snippets are not functionally similar. Code Snippet 1 appears to be solving a problem involving finding numbers that are palindromes when squared, and then counting how many of these numbers fall within given ranges. Code Snippet 2 seems to be solving a different problem involving calculating two results based on an array of plate values, likely related to a 'plates and rods' type problem. The input/output formats, the problems being solved, and the logic used are all different.""
}
```",224
2013_0_3,94901,2016_1_2,31984,NON-CLONE,2026-07-10 20:29:20,"```json
{
  ""answer"": ""NO-NOT-SIMILAR"",
  ""explanation"": ""The two code snippets are not functionally similar. Code Snippet 1 appears to be a solution to a specific problem, likely from the Google Code Jam, where it reads test cases from a file, generates a list of perfect squares of palindromes, and then counts how many of these perfect squares fall within given ranges for each test case. It writes the results to an output file. Code Snippet 2, on the other hand, seems to be a utility class for reading input from a file and storing it in",225
2013_0_3,94901,2015_0_3,88073,NON-CLONE,2026-07-10 20:29:22,"```json
{
  ""answer"": ""NO-NOT-SIMILAR"",
  ""explanation"": ""The two code snippets are not functionally similar. Code Snippet 1 appears to be solving a problem involving finding numbers that are palindromes when squared, and then counting such numbers within given ranges. Code Snippet 2 seems to be related to evaluating expressions involving complex numbers represented by 'i', 'j', and 'k', and determining properties of these expressions. The tasks, structures, and logic of the two snippets are significantly different, indicating they are not functionally similar.""
}
```",226
2013_0_3,78294,2014_0_3,108079,NON-CLONE,2026-07-10 20:29:25,"```json
{
  ""answer"": ""NO-NOT-SIMILAR"",
  ""explanation"": ""The two code snippets are not functionally similar. The first code snippet appears to be solving a problem related to finding the number of perfect squares that are also palindromes within a given range. The second code snippet seems to be solving a Minesweeper-related problem, where it generates a Minesweeper grid based on given dimensions and a number of mines. The problems they are trying to solve and their approaches are entirely different.""
}
```",227
2013_0_3,78294,2015_0_3,21597,NON-CLONE,2026-07-10 20:29:28,"```json
{
  ""answer"": ""NO-NOT-SIMILAR"",
  ""explanation"": ""The two code snippets are functionally different. The first code snippet appears to be solving a problem involving finding perfect squares that are also palindromes within a given range. It uses a pre-computed list of such numbers. The second code snippet seems to be related to a different problem, possibly involving quaternions or a similar mathematical structure, and appears to be checking certain properties of strings and performing operations based on a multiplication table. The purpose, structure, and operations in the two snippets do not align, indicating they are not",228
2013_0_3,118052,2015_0_3,74464,NON-CLONE,2026-07-10 20:29:31,"```json
{
  ""answer"": ""NO-NOT-SIMILAR"",
  ""explanation"": ""The two code snippets are not functionally similar. Code Snippet 1 appears to be solving a problem related to finding the number of perfect squares within a given range that are also palindromes. Code Snippet 2 seems to be solving a completely different problem involving complex number representations and geometric transformations. The structure, syntax, and purpose of the two code snippets are significantly different, indicating they are not functionally similar.""
}
```",229
2013_1_1,35305,2014_2_1,115332,NON-CLONE,2026-07-10 20:29:33,"```json
{
  ""answer"": ""NO-NOT-SIMILAR"",
  ""explanation"": ""The two code snippets are not functionally similar. They appear to be solving different problems. Code Snippet 1 seems to be solving a problem involving a binary search to find a specific value based on a given formula, while Code Snippet 2 appears to be solving a problem involving string processing and finding a minimum sum of absolute differences. The structure, syntax, and purpose of the two code snippets are different, indicating they are not functionally similar.""
}
```",230
2013_1_1,35305,2016_2_1,197689,NON-CLONE,2026-07-10 20:29:35,"```json
{
  ""answer"": ""NO-NOT-SIMILAR"",
  ""explanation"": ""The two code snippets appear to be solving different problems. Code Snippet 1 seems to be solving a problem involving finding a value 'n' such that a given expression is less than or equal to a target value 't'. It uses a binary search approach to find 'n'. On the other hand, Code Snippet 2 appears to be solving a problem involving counting the occurrences of certain characters in a string and then using these counts to print out a string of digits. The purpose, approach, and logic of the",231
2013_1_1,35305,2014_3_1,138529,NON-CLONE,2026-07-10 20:29:37,"```json
{
  ""answer"": ""NO-NOT-SIMILAR"",
  ""explanation"": ""The two code snippets appear to be solving different problems. Code Snippet 1 seems to be solving a problem that involves finding a value 'n' such that a given condition is satisfied, likely related to a mathematical equation or inequality involving BigInteger operations. On the other hand, Code Snippet 2 appears to be solving a problem related to finding the greatest common divisor (GCD) of two numbers and then performing some operations on the results. The input formats, variable usages, and the overall logic seem to be quite",232
2013_1_1,35305,2016_2_1,184367,NON-CLONE,2026-07-10 20:29:40,"```json
{
  ""answer"": ""NO-NOT-SIMILAR"",
  ""explanation"": ""The two code snippets are not functionally similar. Code Snippet 1 appears to be solving a problem involving a binary search to find a specific value based on given conditions, likely from a competitive programming contest. It reads input from a file, performs calculations involving BigInteger, and writes output to another file. Code Snippet 2, on the other hand, seems to be solving a problem where it constructs a phone number from a given string by determining the occurrences of certain letters and mapping them to digits. The approach, logic",233
2013_1_1,30788,2016_2_1,187476,NON-CLONE,2026-07-10 20:29:42,"```json
{
  ""answer"": ""NO-NOT-SIMILAR"",
  ""explanation"": ""The two code snippets are not functionally similar. They appear to be solving different problems. Code Snippet 1 seems to be solving a mathematical problem involving geometry and quadratic equations, where it calculates a value 'n' based on given inputs 'R' and 'T'. On the other hand, Code Snippet 2 appears to be solving a problem involving string manipulation and mapping of characters, where it reads a string, maps its characters, and outputs a sorted string based on certain rules. The input/output formats, the problems",234
2013_1_1,30788,2016_1_2,20611,NON-CLONE,2026-07-10 20:29:44,"```json
{
  ""answer"": ""NO-NOT-SIMILAR"",
  ""explanation"": ""The two code snippets are not functionally similar. Code Snippet 1 appears to be solving a mathematical problem involving a quadratic equation to find a value 'n' given inputs 'R' and 'T'. It reads input from a file, solves a test case, and writes output to another file. Code Snippet 2 seems to be solving a different problem involving finding missing numbers in a set of integers read from input. The structure, problem domain, and mathematical operations are distinct between the two snippets, indicating they serve different",235
2013_1_1,30788,2013_0_2,114653,NON-CLONE,2026-07-10 20:29:46,"```json
{
  ""answer"": ""NO-NOT-SIMILAR"",
  ""explanation"": ""The two code snippets are not functionally similar. They appear to be solving different problems. Code Snippet 1 seems to be solving a mathematical problem involving a quadratic equation, where it calculates a value 'n' based on given inputs 'T' and 'R'. On the other hand, Code Snippet 2 appears to be solving a problem involving a 2D grid or board, where it checks for certain conditions and outputs 'YES' or 'NO' based on the solution of the 'solve' method. The",236
2013_1_1,30610,2016_1_1,8299,NON-CLONE,2026-07-10 20:29:48,"```json
{
  ""answer"": ""NO-NOT-SIMILAR"",
  ""explanation"": ""The two code snippets are not functionally similar. Code Snippet 1 appears to be a utility class with various methods for file I/O, mathematical operations, and input/output handling. It provides a broad range of functionalities, including scanning files, performing calculations, and handling input/output operations. In contrast, Code Snippet 2 is a specific implementation of a problem solution, likely from a competitive programming context, focusing on reading input from a file, processing it, and producing output in a specific format. The purpose, structure,",237
2013_1_1,30610,2016_1_2,31984,NON-CLONE,2026-07-10 20:29:50,"```json
{
  ""answer"": ""NO-NOT-SIMILAR"",
  ""explanation"": ""The two code snippets are not functionally similar. Code Snippet 1 provides a utility class with various methods for scanning files, performing mathematical operations, and handling input/output operations. It appears to be a general-purpose utility class. In contrast, Code Snippet 2 is a specific implementation for reading input from a file in a particular format, likely for a competitive programming or coding challenge context. The purpose and functionality of the two snippets are different, with no overlap in their primary goals.""
}
```",238
2013_1_1,30305,2014_0_3,27551,NON-CLONE,2026-07-10 20:29:53,"```json
{
  ""answer"": ""NO-NOT-SIMILAR"",
  ""explanation"": ""The two code snippets are not functionally similar. They appear to be solving different problems. The first code snippet seems to be solving a mathematical problem involving a quadratic equation and calculating a value 'n' based on given inputs 'r' and 't'. The second code snippet appears to be solving a problem of placing mines in a grid and generating a specific output based on the placement. The structure, logic, and purpose of the two code snippets are different, indicating they are not functionally similar.""
}
```",239
2014_0_2,107403,2016_0_2,88861,NON-CLONE,2026-07-10 20:29:55,"```json
{
  ""answer"": ""NO-NOT-SIMILAR"",
  ""explanation"": ""The two code snippets are not functionally similar. Code Snippet 1 appears to be solving a problem involving optimization, where it calculates the minimum time required to achieve a certain goal given some constraints. It reads input from a file named 'input.txt', processes it, and writes the output to 'output.txt'. Code Snippet 2, on the other hand, seems to be solving a completely different problem involving string processing, specifically counting the number of color changes in a given string. It reads input from the standard input and",240
2014_0_2,107403,2016_3_1,218815,NON-CLONE,2026-07-10 20:29:57,"```json
{
  ""answer"": ""NO-NOT-SIMILAR"",
  ""explanation"": ""The two code snippets are not functionally similar. They appear to be solving different problems. Code Snippet 1 is solving a problem that involves calculating a time based on given rates and costs, while Code Snippet 2 is solving a problem that involves rearranging characters in a string. The main methods of the two snippets have different purposes and do not achieve the same result.""
}
```",241
2014_0_2,107403,2014_3_1,137264,NON-CLONE,2026-07-10 20:29:59,"```json
{
  ""answer"": ""NO-NOT-SIMILAR"",
  ""explanation"": ""The two code snippets are not functionally similar. They appear to be solving different problems. Code Snippet 1 is solving a problem that involves calculating a time based on given inputs C, F, and X, and it seems to be related to an optimization problem where a rate is increased by F until a certain condition is met. On the other hand, Code Snippet 2 is solving a problem that involves finding the smallest j such that p * 2^j >= q, where p and q are fractions and j",242
2014_0_2,107403,2014_0_3,108079,NON-CLONE,2026-07-10 20:30:02,"```json
{
  ""answer"": ""NO-NOT-SIMILAR"",
  ""explanation"": ""The two code snippets are not functionally similar. They appear to be solving different problems. The first code snippet seems to be solving a problem involving optimization, where it calculates the time it takes to achieve a certain goal with a changing rate. The second code snippet appears to be solving a problem related to Minesweeper, where it generates a grid based on certain constraints. The main structures, inputs, and outputs of the two snippets are different, indicating they serve different purposes.""
}
```",243
2014_0_2,81302,2015_1_1,115055,NON-CLONE,2026-07-10 20:30:04,"```json
{
  ""answer"": ""NO-NOT-SIMILAR"",
  ""explanation"": ""The two code snippets are not functionally similar. They appear to be solving different problems. Code Snippet 1 seems to be solving a problem involving a farm and a speed increase over time, calculating a time value based on certain inputs. Code Snippet 2 appears to be solving a problem involving eating mushrooms at different rates, calculating two different totals based on the rates. The inputs, outputs, and logic of the two snippets do not align, indicating they serve different purposes.""
}
```",244
2014_0_2,81302,2015_0_3,62582,NON-CLONE,2026-07-10 20:30:06,"```json
{
  ""answer"": ""NO-NOT-SIMILAR"",
  ""explanation"": ""The two code snippets are not functionally similar. Code Snippet 1 appears to be solving a problem involving calculating a time based on given inputs of distances and speeds, and outputs the result to a file. Code Snippet 2 seems to be solving a completely different problem involving string manipulation and modular arithmetic, and outputs the result to the console. The problems they are trying to solve, the inputs they take, and the outputs they produce are all different.""
}
```",245
2014_0_2,81302,2014_3_1,138529,NON-CLONE,2026-07-10 20:30:08,"```json
{
  ""answer"": ""NO-NOT-SIMILAR"",
  ""explanation"": ""The two code snippets appear to be solving different problems. Code Snippet 1 seems to be solving a problem involving calculating a time based on certain conditions such as speed, distance, and acceleration. It reads input from a file named 'input.txt', performs calculations, and writes output to 'output.txt'. On the other hand, Code Snippet 2 appears to be solving a problem related to finding the greatest common divisor (GCD) of two numbers and performing some operations on them. It reads from 'A-large.in",246
2014_0_2,27351,2016_1_2,31984,NON-CLONE,2026-07-10 20:30:10,"```json
{
  ""answer"": ""NO-NOT-SIMILAR"",
  ""explanation"": ""The two code snippets are not functionally similar. Code Snippet 1 appears to be a solution to a specific problem, likely from Google Code Jam, where it calculates the optimal time to buy a farm to minimize the total time taken to achieve a certain goal. It reads input from a file, solves the problem for multiple test cases, and writes the output to another file. Code Snippet 2, on the other hand, seems to be a utility class for reading input from a file and storing it in a 2",247
2014_0_2,27351,2016_2_1,193269,NON-CLONE,2026-07-10 20:30:13,"```json
{
  ""answer"": ""NO-NOT-SIMILAR"",
  ""explanation"": ""The two code snippets are not functionally similar. Code Snippet 1 appears to be solving an optimization problem where it calculates the minimum time required to buy a farm to achieve a certain goal, given the cost of the farm, the increase in speed after buying the farm, and the distance to the goal. Code Snippet 2, on the other hand, is solving a problem where it takes a string of characters as input and outputs a string of digits. The problem seems to be related to finding digits represented by written-out",248
2014_0_2,41018,2016_0_4,129913,NON-CLONE,2026-07-10 20:30:15,"```json
{
  ""answer"": ""NO-NOT-SIMILAR"",
  ""explanation"": ""The two code snippets are not functionally similar. They appear to be solving different problems. Code Snippet 1, 'CookieCutter', seems to be solving a problem related to calculating time based on rates and goals, likely from a competitive programming contest. It reads input from a file, calculates a time value based on given rates and goals, and writes the output to another file. Code Snippet 2, 'DFractiles', is solving a different problem, likely also from a competitive programming contest, involving fractiles",249
2014_0_3,108079,2014_2_1,126555,NON-CLONE,2026-07-10 20:30:18,"```json
{
  ""answer"": ""NO-NOT-SIMILAR"",
  ""explanation"": ""The two code snippets appear to be solving different problems. Code Snippet 1 is solving a Minesweeper-related problem, where it generates a Minesweeper board based on given dimensions and a number of mines. Code Snippet 2 seems to be solving a problem involving strings, where it calculates a minimum number of moves based on string lengths and character sequences. The structure, syntax, and logic of the two snippets are significantly different, indicating they are not functionally similar.""
}
```",250
2014_0_3,108079,2016_2_1,187476,NON-CLONE,2026-07-10 20:30:20,"```json
{
  ""answer"": ""NO-NOT-SIMILAR"",
  ""explanation"": ""The two code snippets are functionally different. The first code snippet appears to be a solution to the Minesweeper problem, where it generates a Minesweeper grid based on given input parameters. The second code snippet seems to be solving a problem involving reconstructing a sequence of numbers from a given string, using a set of predefined number strings. The problems they are trying to solve, as well as their approach and implementation, are distinct and not similar.""
}
```",251
2014_0_3,108079,2015_0_2,32722,NON-CLONE,2026-07-10 20:30:22,"```json
{
  ""answer"": ""NO-NOT-SIMILAR"",
  ""explanation"": ""The two code snippets appear to be solving different problems. Code Snippet 1 is solving a Minesweeper-related problem, where it generates a Minesweeper grid based on given dimensions and a number of mines. Code Snippet 2 is solving a problem related to finding the minimum time required to serve pancakes to diners. The logic, structure, and purpose of the two code snippets are distinct, indicating they are not functionally similar.""
}
```",252
2014_0_3,108079,2013_0_2,55421,NON-CLONE,2026-07-10 20:30:24,"```json
{
  ""answer"": ""NO-NOT-SIMILAR"",
  ""explanation"": ""The two code snippets appear to be solving different problems. Code Snippet 1 is solving a Minesweeper-related problem, where it generates a Minesweeper grid based on given dimensions and a number of mines. Code Snippet 2 seems to be solving a problem related to a lawnmower path on a grid, checking if a certain pattern is valid. The structure, logic, and purpose of the two code snippets are significantly different, indicating they are not functionally similar.""
}
```",253
2014_0_3,27551,2014_2_1,125050,NON-CLONE,2026-07-10 20:30:27,"```json
{
  ""answer"": ""NO-NOT-SIMILAR"",
  ""explanation"": ""The two code snippets appear to be solving different problems. Code Snippet 1 is solving a problem involving mines placement on a grid, while Code Snippet 2 is solving a problem involving strings and character counts. The structure, syntax, and logic of the two code snippets are significantly different, indicating that they are not functionally similar.""
}
```",254
2014_0_3,27551,2013_0_1,124226,NON-CLONE,2026-07-10 20:30:29,"```json
{
  ""answer"": ""NO-NOT-SIMILAR"",
  ""explanation"": ""The two code snippets are not functionally similar. Code Snippet 1 appears to be a solution to the 'Mines' problem, where it reads input from a file, generates a grid with mines and a 'c' character at the bottom right, and writes the output to another file. Code Snippet 2 seems to be a solution to a different problem, possibly a Tic-Tac-Toe game, where it reads input from standard input, checks for winning conditions, and prints the result to standard output. The",255
2014_0_3,27551,2015_0_2,34257,NON-CLONE,2026-07-10 20:30:31,"```json
{
  ""answer"": ""NO-NOT-SIMILAR"",
  ""explanation"": ""The two code snippets appear to be solving different problems. Code Snippet 1 is solving a problem involving mines and generating a grid based on certain rules, while Code Snippet 2 is solving a problem involving pancakes and using a priority queue to determine the minimum number of cuts required. The structure, syntax, and logic of the two code snippets are significantly different, indicating that they are not functionally similar.""
}
```",256
2014_0_3,99421,2015_0_4,96734,NON-CLONE,2026-07-10 20:30:35,"```json
{
  ""answer"": ""NO-NOT-SIMILAR"",
  ""explanation"": ""The two code snippets appear to be solving different problems. Code Snippet 1 is solving a problem involving mines and clicks on a grid, attempting to place mines and a click in a way that satisfies certain conditions. Code Snippet 2 is solving a problem involving ominos (a type of polyomino) and determining whether Richard or Gabriel can win based on certain grid sizes and omino counts. The logic, structure, and purpose of the two code snippets are significantly different, indicating they are not functionally similar.""
}
",257
2014_0_3,99421,2014_3_1,138529,NON-CLONE,2026-07-10 20:30:37,"```json
{
  ""answer"": ""NO-NOT-SIMILAR"",
  ""explanation"": ""The two code snippets are not functionally similar. Code Snippet 1 appears to be a solution to the 'Minesweeper' problem from the Google Code Jam competition, where the goal is to place mines on a grid while ensuring a 'click' point is safe. The code uses multi-threading and various strategies to solve the problem. In contrast, Code Snippet 2 seems to be solving a different problem involving reading input from a file, processing it, and writing output to another file. The problem appears to",258
2014_0_3,22792,2013_0_2,90919,NON-CLONE,2026-07-10 20:30:42,"```json
{
  ""answer"": ""NO-NOT-SIMILAR"",
  ""explanation"": ""The two code snippets appear to be solving different problems. Code Snippet 1 is a solution to the Minesweeper problem, where the goal is to place mines in a grid such that certain conditions are met. Code Snippet 2 appears to be a solution to a different problem, possibly related to finding maximum values in a grid. The structure, syntax, and logic of the two code snippets are significantly different, indicating that they are not functionally similar.""
}
```",259
2014_2_1,124976,2014_0_3,99421,NON-CLONE,2026-07-10 20:30:46,"```json
{
  ""answer"": ""NO-NOT-SIMILAR"",
  ""explanation"": ""The two code snippets appear to be solving different problems. Code Snippet 1 seems to be solving a problem involving string comparison and counting, possibly from a competitive programming contest. It reads input from a file, processes it, and outputs the result to another file. The problem appears to be related to finding the minimum number of moves required to make a set of strings consistent.\n\nCode Snippet 2, on the other hand, appears to be solving a problem involving mine placement on a grid. It uses a threaded",260
2014_2_1,124976,2016_0_4,58218,NON-CLONE,2026-07-10 20:30:48,"```json
{
  ""answer"": ""NO-NOT-SIMILAR"",
  ""explanation"": ""The two code snippets are not functionally similar. They appear to be solving different problems. Code Snippet 1 seems to be solving a problem involving string processing and calculating a value based on character counts, while Code Snippet 2 appears to be solving a problem involving mathematical calculations and generating a sequence of numbers. The input and output formats, as well as the logic and algorithms used, are also different.""
}
```",261
2014_2_1,124976,2016_3_1,211583,NON-CLONE,2026-07-10 20:30:50,"```json
{
  ""answer"": ""NO-NOT-SIMILAR"",
  ""explanation"": ""The two code snippets appear to be solving different problems. Code Snippet 1 seems to be solving a problem involving string manipulation and counting, where it reads a file, processes a series of strings, and outputs a result based on certain conditions. Code Snippet 2, on the other hand, appears to be solving a problem involving a priority queue, where it reads input, creates pairs of elements, and outputs a sequence of characters based on certain conditions. The problems being solved, the approach, and the logic seem to",262
2014_2_1,124976,2015_0_2,34257,NON-CLONE,2026-07-10 20:30:52,"```json
{
  ""answer"": ""NO-NOT-SIMILAR"",
  ""explanation"": ""The two code snippets appear to be solving different problems. Code Snippet 1 seems to be solving a problem involving strings and character counts, while Code Snippet 2 appears to be solving a problem involving pancakes and a priority queue. The structure, syntax, and logic of the two code snippets are significantly different, indicating that they are not functionally similar.""
}
```",263
2014_2_1,115332,2014_0_3,99421,NON-CLONE,2026-07-10 20:30:55,"```json
{
  ""answer"": ""NO-NOT-SIMILAR"",
  ""explanation"": ""The two code snippets appear to be solving different problems. Code Snippet 1 seems to be solving a problem involving parsing a string and calculating a result based on certain conditions, while Code Snippet 2 appears to be solving a problem related to placing mines in a grid and finding an optimal strategy. The structure, syntax, and logic of the two code snippets are significantly different, indicating that they are not functionally similar.""
}
```",264
2014_2_1,115332,2016_1_2,19093,NON-CLONE,2026-07-10 20:31:00,"```json
{
  ""answer"": ""NO-NOT-SIMILAR"",
  ""explanation"": ""The two code snippets appear to be solving different problems. Code Snippet 1 seems to be solving a problem involving parsing and processing a series of strings, determining if 'Fegla Won' or calculating a result based on certain conditions. Code Snippet 2, on the other hand, appears to be a collection of various algorithms and data structures (e.g., graph algorithms, segment trees, etc.) but specifically solves a problem that involves counting and sorting. The main problem each snippet is trying to solve seems different,",265
2014_2_1,115332,2016_0_1,55901,NON-CLONE,2026-07-10 20:31:02,"```json
{
  ""answer"": ""NO-NOT-SIMILAR"",
  ""explanation"": ""The two code snippets appear to be solving different problems. Code Snippet 1 seems to be solving a problem involving parsing and processing a matrix of character sequences, determining if 'Fegla Won' based on certain conditions, and calculating a result based on finding minimum sums of absolute differences. Code Snippet 2 appears to be solving a problem related to finding the smallest multiple of a given number that contains all digits from 0 to 9. The structure, logic, and purpose of the two snippets are significantly different,",266
2014_2_1,119554,2015_0_4,107149,NON-CLONE,2026-07-10 20:31:05,"```json
{
    ""answer"": ""NO-NOT-SIMILAR"",
    ""explanation"": ""The two code snippets are not functionally similar. They appear to be solving different problems. Code Snippet 1 reads a file, processes a list of strings by converting them into a custom Entity object, and then checks if the list is valid and calculates a result based on the entities. Code Snippet 2 reads a file, processes a series of inputs related to grid sizes and shapes, and outputs a name (RICHARD or GABRIEL) based on specific rules related to the grid dimensions and sizes. The",267
2014_2_1,119554,2016_1_2,20611,NON-CLONE,2026-07-10 20:31:07,"```json
{
  ""answer"": ""NO-NOT-SIMILAR"",
  ""explanation"": ""The two code snippets appear to be solving different problems. Code Snippet 1 seems to be solving a problem involving processing a list of strings, counting consecutive occurrences of characters, and calculating a total cost based on the differences between the counts and their averages. Code Snippet 2, on the other hand, appears to be solving a problem involving finding missing numbers in a sequence of integers. The input formats, data structures, and algorithms used in the two snippets are quite different, indicating that they are not functionally similar.""
}
",268
2014_2_1,126555,2015_1_1,124925,NON-CLONE,2026-07-10 20:31:09,"```json
{
  ""answer"": ""NO-NOT-SIMILAR"",
  ""explanation"": ""The two code snippets appear to be solving different problems. Code Snippet 1 seems to be solving a problem involving strings, where it trims the strings based on a certain condition and calculates the minimum moves required to make the strings similar. Code Snippet 2, on the other hand, appears to be solving a problem involving plates or integers, where it calculates two different results (result1 and result2) based on the differences between the plate values. The logic, structure, and purpose of the two code snippets are",269
2014_3_1,141827,2013_1_1,30305,NON-CLONE,2026-07-10 20:31:12,"```json
{
  ""answer"": ""NO-NOT-SIMILAR"",
  ""explanation"": ""The two code snippets appear to be solving different problems. Code Snippet 1 is a solution to a problem that involves reading input from a file, processing it, and writing output to another file. It has multiple main methods (main_A, main_B, main_C, main_D) that seem to be handling different problem cases. Code Snippet 2, on the other hand, appears to be solving a specific mathematical problem involving large integers and calculating square roots. The structure, syntax, and the specific tasks performed by",270
2014_3_1,141827,2014_2_1,126555,NON-CLONE,2026-07-10 20:31:15,"```json
{
  ""answer"": ""NO-NOT-SIMILAR"",
  ""explanation"": ""The two code snippets appear to be solving different problems. Code Snippet 1 seems to be a solution to a competitive programming problem, with multiple methods (main_A, main_B, main_C, main_D) for different problem types. It reads input from a file, performs calculations, and writes output to another file. Code Snippet 2 appears to be a solution to a different problem, involving string manipulation and calculation of minimum moves. The structure, syntax, and logic of the two snippets are significantly different, indicating",271
2014_3_1,141827,2013_1_1,30610,NON-CLONE,2026-07-10 20:31:17,"```json
{
  ""answer"": ""NO-NOT-SIMILAR"",
  ""explanation"": ""The two code snippets are not functionally similar. Code Snippet 1 appears to be a solution to a competitive programming problem, with multiple methods (main_A, main_B, main_C, main_D) that seem to be solving different parts of the problem. It reads input from a file, performs some calculations, and writes output to another file. Code Snippet 2, on the other hand, appears to be a utility class with various static methods for mathematical operations, input/output, and error handling. It does not",272
2014_3_1,141827,2014_2_1,115332,NON-CLONE,2026-07-10 20:31:19,"```json
{
  ""answer"": ""NO-NOT-SIMILAR"",
  ""explanation"": ""The two code snippets are not functionally similar. They appear to be solutions to different problems, with different logic and structures. Code Snippet 1 seems to be a solution to a problem with multiple cases (A, B, C, D), each with its own main function, whereas Code Snippet 2 appears to be a solution to a single problem with a clear input parsing, case solving, and output generation. The problems they are trying to solve and the approaches they take are different, indicating they are not functionally similar",273
2014_3_1,137264,2016_0_4,129913,NON-CLONE,2026-07-10 20:31:21,"```json
{
  ""answer"": ""NO-NOT-SIMILAR"",
  ""explanation"": ""The two code snippets appear to be solving different problems. Code Snippet 1 is solving a problem where it needs to find the smallest j such that p * 2^j >= q, where p and q are fractions and p/q is the input. It also handles the case when no such j exists. On the other hand, Code Snippet 2 seems to be solving a completely different problem involving combinatorial calculations and generating a sequence of numbers based on given inputs K, C, and S. The inputs, outputs",274
2014_3_1,137264,2016_0_2,88861,NON-CLONE,2026-07-10 20:31:23,"```json
{
  ""answer"": ""NO-NOT-SIMILAR"",
  ""explanation"": ""The two code snippets are not functionally similar. Code Snippet 1 appears to be solving a problem involving fractions and powers of 2, where it calculates the minimum number of multiplications by 2 required to make a fraction have a denominator that is a power of 2. Code Snippet 2, on the other hand, seems to be solving a problem involving strings of '+' and '-' characters, where it counts the minimum number of flips required to make all characters the same. The inputs, outputs, and algorithms used",275
2014_3_1,137264,2014_2_1,126555,NON-CLONE,2026-07-10 20:31:26,"```json
{
  ""answer"": ""NO-NOT-SIMILAR"",
  ""explanation"": ""The two code snippets are not functionally similar. Code Snippet 1 appears to be solving a problem involving fractions and powers of 2, where it reads input in the form of 'p/q', simplifies the fraction, and then finds the smallest power of 2 that makes p * 2^j >= q. Code Snippet 2 seems to be solving a completely different problem involving strings, where it reads a list of strings, performs some operations on them, and calculates a result based on the lengths of the strings",276
2014_3_1,138894,2016_0_4,138317,NON-CLONE,2026-07-10 20:31:28,"```json
{
  ""answer"": ""NO-NOT-SIMILAR"",
  ""explanation"": ""The two code snippets are not functionally similar. They appear to be solving different problems. Code Snippet 1 seems to be solving a problem where it checks if a number can be reduced to 2 by repeatedly dividing by 2, and it outputs the number of steps or 'impossible' if it cannot be done. Code Snippet 2 seems to be generating a sequence of numbers based on the input values k, c, and s, and it outputs this sequence or 'IMPOSSIBLE' if the sequence",277
2014_3_1,138894,2015_0_4,77477,NON-CLONE,2026-07-10 20:31:30,"```json
{
  ""answer"": ""NO-NOT-SIMILAR"",
  ""explanation"": ""The two code snippets are not functionally similar. They appear to be solving different problems. Code Snippet 1 seems to be solving a problem where it checks if a number can be reduced to 2 by repeatedly dividing by 2, while Code Snippet 2 appears to be determining the winner of a game based on certain conditions. The input formats, output formats, and logic used in the two snippets are different, indicating they are not similar.""
}
```",278
2014_3_1,136615,2016_0_4,138317,NON-CLONE,2026-07-10 20:31:32,"```json
{
  ""answer"": ""NO-NOT-SIMILAR"",
  ""explanation"": ""The two code snippets are not functionally similar. They appear to be solving different problems. Code Snippet 1 is solving a problem involving fractions and generating a sequence, while Code Snippet 2 is solving a problem involving finding positions in a sequence. The input and output formats are also different. Code Snippet 1 reads from a file and writes to another file, while Code Snippet 2 reads from a file and prints to the console. The algorithms and logic used are also distinct.""
}
```",279
2015_0_1,79967,2015_0_4,96734,NON-CLONE,2026-07-10 20:31:34,"```json
{
  ""answer"": ""NO-NOT-SIMILAR"",
  ""explanation"": ""The two code snippets are not functionally similar. They appear to be solving different problems. Code Snippet 1 reads input from a file, parses it, and calculates the number of friends needed based on a string representing an audience. Code Snippet 2 reads input from standard input, parses it, and determines a winner between 'RICHARD' and 'GABRIEL' based on the dimensions of a grid and a value x. The problems being solved, the input formats, and the output formats are all different",280
2015_0_1,79967,2015_0_3,88073,NON-CLONE,2026-07-10 20:31:37,"```json
{
  ""answer"": ""NO-NOT-SIMILAR"",
  ""explanation"": ""The two code snippets are not functionally similar. They appear to be solving different problems. Code Snippet 1 reads input from a file, parses it, and calculates the number of friends based on a string of digits. Code Snippet 2 reads input from standard input, parses it, and evaluates a mathematical expression involving complex numbers in a specific format. The problems they are trying to solve, the input formats, and the calculations being performed are all different.""
}
```",281
2015_0_1,79967,2014_0_3,22792,NON-CLONE,2026-07-10 20:31:42,"```
{
  ""answer"": ""NO-NOT-SIMILAR"",
  ""explanation"": ""The two code snippets are not functionally similar. They appear to be solving different problems. The first code snippet seems to be solving a problem from Google Code Jam 2015, where it calculates the number of friends needed to stand in a line such that there are no gaps of more than a certain size between people. The second code snippet appears to be solving a Minesweeper-like problem, where it generates a possible configuration of mines on a grid given certain constraints. The structure, logic, and purpose of the two code snippets are significantly",282
2015_0_1,79967,2013_1_1,30610,NON-CLONE,2026-07-10 20:31:44,"```json
{
  ""answer"": ""NO-NOT-SIMILAR"",
  ""explanation"": ""The two code snippets are not functionally similar. Code Snippet 1 appears to be a solution to a specific problem from Google Code Jam, reading input from a file, processing it, and writing output to another file. Code Snippet 2 seems to be a utility class with various static methods for mathematical operations, input/output handling, and error logging. While both snippets are written in Java and involve input/output operations, their purposes and functionalities are different. Code Snippet 1 is focused on solving a particular problem, whereas",283
2015_0_1,35102,2016_0_2,68074,NON-CLONE,2026-07-10 20:31:46,"```json
{
  ""answer"": ""NO-NOT-SIMILAR"",
  ""explanation"": ""The two code snippets are not functionally similar. They appear to be solving different problems. Code Snippet 1, 'StandingOviation', seems to be solving a problem related to calculating the number of friends required to help people with shyness levels, given a string representing the audience's shyness levels and a maximum shyness level. On the other hand, Code Snippet 2, 'Pancakes', appears to be solving a problem related to finding the minimum number of maneuvers required to flip a",284
2015_0_1,35102,2016_0_1,55901,NON-CLONE,2026-07-10 20:31:49,"```json
{
  ""answer"": ""NO-NOT-SIMILAR"",
  ""explanation"": ""The two code snippets are not functionally similar. They appear to be solving different problems. The first code snippet, 'StandingOviation', seems to be solving a problem related to calculating the number of friends required based on an audience's shyness levels. The second code snippet, 'Main', appears to be solving a problem related to finding the smallest number that, when multiplied by a given number, produces a product containing all digits from 0 to 9 at least once. The main methods and the logic within these snippets",285
2015_0_1,35102,2013_0_3,94901,NON-CLONE,2026-07-10 20:31:51,"```json
{
  ""answer"": ""NO-NOT-SIMILAR"",
  ""explanation"": ""The two code snippets are not functionally similar. They appear to be solving different problems. Code Snippet 1 is calculating the number of friends required to help people with shyness levels, given a maximum shyness level and a string representing the audience's shyness levels. Code Snippet 2 is finding the number of square palindromic numbers within a given range. The input and output formats, as well as the logic and calculations, are different between the two snippets.""
}
```",286
2015_0_1,68106,2013_0_2,44471,NON-CLONE,2026-07-10 20:31:53,"```json
{
  ""answer"": ""NO-NOT-SIMILAR"",
  ""explanation"": ""The two code snippets are not functionally similar. They appear to be solving different problems. Code Snippet 1 reads a file, iterates over a character array, and calculates a value 'newbs' based on certain conditions. Code Snippet 2 reads a file, processes a 2D array, and checks for a specific pattern. The input and output formats, as well as the logic, are different between the two snippets.""
}
```",287
2015_0_1,68106,2013_0_3,83531,NON-CLONE,2026-07-10 20:31:55,"```json
{
  ""answer"": ""NO-NOT-SIMILAR"",
  ""explanation"": ""The two code snippets are not functionally similar. They appear to be solving different problems. Code Snippet 1 reads a file, iterates over a character array, and calculates a value based on certain conditions. Code Snippet 2 reads a file, but uses a more complex approach involving palindrome checks and array initialization. The purpose and logic of the two snippets do not align, indicating they are not functionally similar.""
}
```",288
2015_0_1,65869,2013_1_1,40715,NON-CLONE,2026-07-10 20:31:57,"```json
{
  ""answer"": ""NO-NOT-SIMILAR"",
  ""explanation"": ""The two code snippets are not functionally similar. They appear to be solving different problems. Code Snippet 1 reads input from a file, processes a string by converting characters to integers and performing some calculations, and writes the output to another file. Code Snippet 2 reads input from a file, performs a mathematical calculation involving a quadratic equation and a loop to find a specific value, and writes the output to another file. The calculations and the problems being solved seem to be different, indicating that the code snippets are not functionally",289
2015_0_2,34257,2016_1_2,8152,NON-CLONE,2026-07-10 20:32:00,"```json
{
  ""answer"": ""NO-NOT-SIMILAR"",
  ""explanation"": ""The two code snippets appear to be solving different problems. Code Snippet 1 seems to be solving a problem involving pancakes, where it reads input, creates a priority queue of pancakes, and then solves a problem by cutting pancakes to minimize the length. Code Snippet 2 appears to be solving a problem involving sorting and removing pairs of numbers from a list. The input and output formats, as well as the algorithmic approaches, are different. There is no clear indication that they are achieving the same result or performing the same task",290
2015_0_2,34257,2014_0_2,107403,NON-CLONE,2026-07-10 20:32:02,"```json
{
  ""answer"": ""NO-NOT-SIMILAR"",
  ""explanation"": ""The two code snippets are not functionally similar. They appear to be solving different problems. Code Snippet 1 is solving a problem involving pancakes, where it reads input from a file, processes it, and writes output to another file. The problem seems to be related to cutting pancakes into smaller pieces to minimize the length. On the other hand, Code Snippet 2 is solving a problem involving optimizing the time it takes for a chicken to cross a road, given certain conditions such as the cost of crossing, the increase in",291
2015_0_2,34257,2016_2_1,187476,NON-CLONE,2026-07-10 20:32:04,"```json
{
  ""answer"": ""NO-NOT-SIMILAR"",
  ""explanation"": ""The two code snippets are not functionally similar. They appear to be solving different problems. Code Snippet 1 seems to be solving a problem involving pancakes, where it reads input, creates a priority queue of pancakes, and then solves a problem by cutting pancakes. Code Snippet 2 appears to be solving a problem involving digits and strings, where it reads input, creates maps of characters to integers, and then constructs a string by removing characters from the input string based on certain conditions. The problems being solved, the data structures",292
2015_0_2,34257,2015_0_4,77477,NON-CLONE,2026-07-10 20:32:06,"```json
{
  ""answer"": ""NO-NOT-SIMILAR"",
  ""explanation"": ""The two code snippets appear to be solving different problems. Code Snippet 1 is solving a problem involving pancakes, where it uses a priority queue to determine the minimum number of cuts required. Code Snippet 2 seems to be solving a problem involving a grid and determining a winner based on certain conditions. The input and output formats are also different. While both code snippets are reading from a file and writing to another, the logic and functionality are distinct.""
}
```",293
2015_0_2,32722,2016_1_1,14479,NON-CLONE,2026-07-10 20:32:08,"```json
{
  ""answer"": ""NO-NOT-SIMILAR"",
  ""explanation"": ""The two code snippets are not functionally similar. They appear to be solving different problems. Code Snippet 1 is solving a problem involving finding the minimum time required to divide pancakes among diners, while Code Snippet 2 seems to be solving a problem involving rearranging characters in a string. The logic, input/output handling, and overall task being performed are different between the two snippets.""
}
```",294
2015_0_2,32722,2013_0_2,90919,NON-CLONE,2026-07-10 20:32:10,"```json
{
  ""answer"": ""NO-NOT-SIMILAR"",
  ""explanation"": ""The two code snippets are not functionally similar. Code Snippet 1 appears to be solving a problem where it needs to find the minimum time required to divide a set of pancakes among a certain number of diners, with the constraint that each diner must receive a whole number of pancakes. The code iterates over different possible numbers of divisions and calculates the time required for each division. On the other hand, Code Snippet 2 seems to be solving a completely different problem, where it checks if a given matrix satisfies certain conditions",295
2015_0_2,32722,2015_0_3,107238,NON-CLONE,2026-07-10 20:32:12,"```json
{
  ""answer"": ""NO-NOT-SIMILAR"",
  ""explanation"": ""The two code snippets are not functionally similar. They appear to be solving different problems. Code Snippet 1, 'InfiniteHouseOfPancakes.java', seems to be solving a problem related to finding the minimum time required to divide pancakes among diners, while Code Snippet 2, 'C.java', appears to be solving a problem involving complex number products and finding specific positions in a string. The structure, syntax, and logic of the two code snippets are significantly different, indicating they are not similar.""
}
```",296
2015_0_2,77145,2015_0_3,62582,NON-CLONE,2026-07-10 20:32:14,"```json
{
  ""answer"": ""NO-NOT-SIMILAR"",
  ""explanation"": ""The two code snippets are not functionally similar. Code Snippet 1 appears to be solving a problem that involves finding a minimum value based on some input array and a specific calculation. Code Snippet 2 seems to be solving a completely different problem involving string manipulation, modular arithmetic, and a series of complex operations. The input formats, output formats, and the logic within the code are significantly different, indicating they serve different purposes.""
}
```",297
2015_0_2,77145,2016_1_1,14479,NON-CLONE,2026-07-10 20:32:17,"```json
{
  ""answer"": ""NO-NOT-SIMILAR"",
  ""explanation"": ""The two code snippets are not functionally similar. Code Snippet 1 reads a number of test cases, then for each test case, it reads a number of people and their respective values, and calculates a result based on these values using a specific algorithm. Code Snippet 2 appears to be a solution to a different problem, reading a string and performing operations on it to produce an output. The input formats, output formats, and the calculations performed are different, indicating that the snippets solve different problems.""
}
```",298
2015_0_2,72707,2015_1_1,115055,NON-CLONE,2026-07-10 20:32:18,"```json
{
  ""answer"": ""NO-NOT-SIMILAR"",
  ""explanation"": ""The two code snippets appear to be solving different problems. Code Snippet 1 seems to be solving a problem that involves finding an optimal value related to a priority queue, while Code Snippet 2 appears to be solving a problem related to eating mushrooms at different rates. The input formats, output formats, and algorithmic approaches are different, indicating that they are not functionally similar.""
}
```",299
2015_0_3,74464,2016_0_2,125812,NON-CLONE,2026-07-10 20:32:21,"```json
{
  ""answer"": ""NO-NOT-SIMILAR"",
  ""explanation"": ""The two code snippets appear to be solving different problems. Code Snippet 1 seems to be solving a problem involving quaternions and checking if a certain condition can be met given a string of characters 'i', 'j', 'k' and a target value X. Code Snippet 2 appears to be solving a problem involving a string of '+' and '-' characters and finding the minimum number of swaps required to reach a certain state. The structure, syntax, and logic of the two code snippets are significantly different, indicating",300
2015_0_3,74464,2014_2_1,119554,NON-CLONE,2026-07-10 20:32:24,"```json
{
  ""answer"": ""NO-NOT-SIMILAR"",
  ""explanation"": ""The two code snippets appear to be solving different problems. Code Snippet 1 seems to be solving a problem involving complex number multiplication and checking certain conditions, while Code Snippet 2 appears to be solving a problem involving string processing and calculating a total value based on character counts. The structure, syntax, and logic of the two code snippets are significantly different, indicating that they are not functionally similar.""
}
```",301
2015_0_3,74464,2016_0_4,100472,NON-CLONE,2026-07-10 20:32:25,"```json
{
  ""answer"": ""NO-NOT-SIMILAR"",
  ""explanation"": ""The two code snippets appear to be solving different problems. Code Snippet 1 seems to be solving a problem involving quaternions and checking for certain conditions, while Code Snippet 2 appears to be solving a problem related to combinatorics and generating sequences. The structure, syntax, and logic of the two code snippets are significantly different, indicating that they are not functionally similar.""
}
```",302
2015_0_3,74464,2013_0_1,58633,NON-CLONE,2026-07-10 20:32:28,"```json
{
  ""answer"": ""NO-NOT-SIMILAR"",
  ""explanation"": ""The two code snippets appear to be solving different problems. Code Snippet 1 seems to be related to a mathematical problem involving complex numbers and modular arithmetic, while Code Snippet 2 appears to be related to a game (likely Tic-Tac-Toe) and checks for winning conditions. The structure, syntax, and logic of the two code snippets are significantly different, indicating that they are not functionally similar.""
}
```",303
2015_0_3,88073,2016_2_1,187476,NON-CLONE,2026-07-10 20:32:30,"```json
{
  ""answer"": ""NO-NOT-SIMILAR"",
  ""explanation"": ""The two code snippets are not functionally similar. Code Snippet 1 appears to be solving a problem related to evaluating mathematical expressions involving 'i', 'j', and 'k' characters with specific rules, while Code Snippet 2 seems to be solving a problem related to rearranging digits in a string based on their presence in a set of predefined numbers. The input formats, output formats, and the logic used in both snippets are significantly different, indicating they serve different purposes.""
}
```",304
2015_0_3,88073,2016_3_1,210871,NON-CLONE,2026-07-10 20:32:33,"```json
{
  ""answer"": ""NO-NOT-SIMILAR"",
  ""explanation"": ""The two code snippets are not functionally similar. They appear to be solving different problems. Code Snippet 1 seems to be implementing a solution for a problem involving expressions with 'i', 'j', and 'k' characters, and determining if a given expression evaluates to a certain condition after a specified number of iterations. Code Snippet 2 appears to be solving a problem involving a map of characters to integers, and printing out characters based on their values in the map. The syntax, structure, and logic of the two",305
2015_0_3,88073,2013_0_3,83531,NON-CLONE,2026-07-10 20:32:35,"```json
{
  ""answer"": ""NO-NOT-SIMILAR"",
  ""explanation"": ""The two code snippets are not functionally similar. The first code snippet appears to be solving a problem related to evaluating expressions with variables 'i', 'j', and 'k' and determining if a given expression evaluates to a certain condition. The second code snippet seems to be solving a completely different problem related to finding palindromic numbers and counting them. The structure, syntax, and logic of the two code snippets are significantly different, indicating that they are not functionally similar.""
}
```",306
2015_0_3,21597,2016_2_1,187476,NON-CLONE,2026-07-10 20:32:38,"```json
{
  ""answer"": ""NO-NOT-SIMILAR"",
  ""explanation"": ""The two code snippets are functionally different. Code Snippet 1 appears to be solving a problem related to quaternions and string manipulation, implementing Dijkstra's algorithm for a specific mathematical operation. It reads input from a file, processes it, and writes output to another file. Code Snippet 2 seems to be solving a problem related to string and number manipulation, specifically dealing with mapping characters to numbers and finding sequences. The purpose, logic, and functionality of the two snippets do not align, indicating they are not functionally similar",307
2015_0_3,21597,2016_0_2,88861,NON-CLONE,2026-07-10 20:32:40,"```json
{
  ""answer"": ""NO-NOT-SIMILAR"",
  ""explanation"": ""The two code snippets are not functionally similar. Code Snippet 1 appears to be solving a problem involving quaternions and a specific sequence of operations, reading input from a file, and writing output to another file. It checks for certain conditions in the input strings and performs complex operations using the `iterate`, `result`, and `index` methods. On the other hand, Code Snippet 2 reads input from the console, checks for sequences of '+' and '-' characters, counts the number of transitions between these characters,",308
2015_0_3,62582,2014_2_1,125050,NON-CLONE,2026-07-10 20:32:42,"```json
{
  ""answer"": ""NO-NOT-SIMILAR"",
  ""explanation"": ""The two code snippets appear to be solving different problems. Code Snippet 1 seems to be solving a problem involving string manipulation and modular arithmetic, possibly related to the Google Code Jam 'Dijkstra' problem. Code Snippet 2 appears to be solving a problem involving string processing and calculating minimum moves, possibly related to the Google Code Jam 'Fegla Won' problem. The algorithms, data structures, and problem domains seem to be different, indicating that the code snippets are not functionally similar.""
}
```",309
2015_0_4,107149,2016_1_2,20611,NON-CLONE,2026-07-10 20:32:44,"```json
{
    ""answer"": ""NO-NOT-SIMILAR"",
    ""explanation"": ""The two code snippets are not functionally similar. Code Snippet 1 appears to be solving a problem from the Google Code Jam competition, specifically a problem that involves determining the winner of a game based on certain conditions. It reads input from a file, processes it, and writes the output to another file. Code Snippet 2, on the other hand, seems to be solving a different problem that involves finding missing numbers in a sequence. It uses a different approach and data structures, and its purpose is distinct from that of",310
2015_0_4,107149,2015_0_1,65869,NON-CLONE,2026-07-10 20:32:47,"```json
{
  ""answer"": ""NO-NOT-SIMILAR"",
  ""explanation"": ""The two code snippets appear to be solving different problems. Code Snippet 1 seems to be solving a problem where it reads input from a file, performs some calculations based on the input values, and writes the output to another file. The output is determined by a series of if-else statements based on the input values x, r, and c. On the other hand, Code Snippet 2 appears to be solving a different problem where it reads a string from a file, performs some operations on the string (converting",311
2015_0_4,107149,2013_0_3,83531,NON-CLONE,2026-07-10 20:32:49,"```json
{
  ""answer"": ""NO-NOT-SIMILAR"",
  ""explanation"": ""The two code snippets appear to be solving different problems. Code Snippet 1 seems to be a solution to a Google Code Jam problem involving determining the winner of a game based on certain conditions, while Code Snippet 2 appears to be solving a problem involving finding the number of special numbers that are palindromes when squared. The logic, structure, and purpose of the two code snippets are different, indicating that they are not functionally similar.""
}
```",312
2015_0_4,107149,2014_3_1,138894,NON-CLONE,2026-07-10 20:32:51,"```json
{
  ""answer"": ""NO-NOT-SIMILAR"",
  ""explanation"": ""The two code snippets appear to be solving different problems. Code Snippet 1 seems to be solving a problem from the Google Code Jam competition, where it reads input from a file, performs some calculations based on the input values, and writes the output to another file. The output is determined by a series of if-else statements based on the input values x, r, and c. 

Code Snippet 2 also appears to be solving a Google Code Jam problem, but it seems to be a different problem. It reads",313
2015_0_4,96734,2015_1_1,127730,NON-CLONE,2026-07-10 20:32:53,"```json
{
  ""answer"": ""NO-NOT-SIMILAR"",
  ""explanation"": ""The two code snippets are not functionally similar. They appear to be solving different problems. Code Snippet 1 is solving a problem related to determining the winner of a game based on certain conditions related to 'ominos' and their placement on a grid, while Code Snippet 2 seems to be solving a problem related to calculating minimum rates and amounts eaten based on given input arrays. The structure, logic, and purpose of the two snippets are significantly different.""
}
```",314
2015_0_4,96734,2014_0_2,107403,NON-CLONE,2026-07-10 20:32:55,"```json
{
  ""answer"": ""NO-NOT-SIMILAR"",
  ""explanation"": ""The two code snippets are not functionally similar. They appear to be solving different problems. Code Snippet 1 is solving a problem related to determining the winner of a game involving ominos, where the goal is to find out who can cover a grid with ominos without leaving any extra squares. Code Snippet 2 seems to be solving a problem related to optimizing the time it takes for a chicken to cross a road, given certain conditions about the chicken's speed and the road's conditions. The inputs, outputs, and",315
2015_0_4,96734,2015_1_1,124925,NON-CLONE,2026-07-10 20:32:57,"```json
{
  ""answer"": ""NO-NOT-SIMILAR"",
  ""explanation"": ""The two code snippets are not functionally similar. They appear to be solving different problems. Code Snippet 1 is solving a problem related to determining the winner of a game involving ominos, where the goal is to find out who can cover a grid with ominos without leaving any extra squares. Code Snippet 2 seems to be solving a problem related to calculating two different results (result1 and result2) based on an array of plate values, possibly related to a problem of covering or filling plates in some optimal way",316
2015_0_4,79014,2013_0_1,84294,NON-CLONE,2026-07-10 20:32:59,"```json
{
  ""answer"": ""NO-NOT-SIMILAR"",
  ""explanation"": ""The two code snippets are not functionally similar. Code Snippet 1 appears to be a solution to a problem involving determining whether Richard or Gabriel wins based on certain input conditions related to a grid and a number of pieces. Code Snippet 2 seems to be a solution to a Tic-Tac-Toe-like game problem, determining the state of a game (e.g., who won, if it's a draw, or if the game has not completed) based on a 4x4 grid of 'X', 'O",317
2015_0_4,79014,2016_3_1,210871,NON-CLONE,2026-07-10 20:33:01,"```json
{
  ""answer"": ""NO-NOT-SIMILAR"",
  ""explanation"": ""The two code snippets are not functionally similar. They appear to be solving different problems. Code Snippet 1 seems to be solving a problem related to determining whether Richard or Gabriel wins based on certain conditions, while Code Snippet 2 appears to be solving a problem related to processing a set of letters and their corresponding values, and then printing out a solution based on certain rules. The input formats, logic, and output formats are all different, indicating that they are not functionally similar.""
}
```",318
2015_0_4,21673,2016_3_1,210871,NON-CLONE,2026-07-10 20:33:03,"```json
{
  ""answer"": ""NO-NOT-SIMILAR"",
  ""explanation"": ""The two code snippets are not functionally similar. They appear to be solving different problems. Code Snippet 1 is determining whether a rectangular grid can be divided into a certain number of equal parts, while Code Snippet 2 is solving a problem involving a string of characters and their frequencies. The input and output formats, as well as the logic and conditions used, are distinct and do not achieve the same result.""
}
```",319
2015_1_1,127730,2014_2_1,126555,NON-CLONE,2026-07-10 20:33:06,"```json
{
  ""answer"": ""NO-NOT-SIMILAR"",
  ""explanation"": ""The two code snippets are not functionally similar. They appear to be solving different problems. Code Snippet 1 reads input from a file, parses it into integers, and then calls two methods `solve1` and `solve2` to calculate two different results for each set of input integers. The results are then printed to the console. Code Snippet 2 reads input from a file or resource, but it seems to be solving a completely different problem involving strings, specifically finding a minimum number of moves to make all strings",320
2015_1_1,127730,2016_0_1,72044,NON-CLONE,2026-07-10 20:33:08,"```json
{
  ""answer"": ""NO-NOT-SIMILAR"",
  ""explanation"": ""The two code snippets are not functionally similar. Code Snippet 1 appears to be solving a problem involving calculating two different results (solve1 and solve2) based on an array of integers read from a file. Code Snippet 2 seems to be solving a different problem, which involves finding the smallest multiple of a given number that contains the digits 0 through 9. The purpose, logic, and functionality of the two snippets are distinct, indicating they are not similar.""
}
```",321
2015_1_1,127730,2014_0_2,27351,NON-CLONE,2026-07-10 20:33:10,"```json
{
  ""answer"": ""NO-NOT-SIMILAR"",
  ""explanation"": ""The two code snippets are not functionally similar. They appear to be solving different problems. Code Snippet 1 reads a file, parses integers, and solves two different problems (solve1 and solve2) related to an array of integers. Code Snippet 2 reads input from a file or standard input, parses doubles, and solves an optimization problem related to buying a farm to minimize time. The input formats, problem domains, and solution approaches are different, indicating that the code snippets are not functionally similar.""
}
```",322
2015_1_1,127730,2016_0_1,72044,NON-CLONE,2026-07-10 20:33:12,"```json
{
  ""answer"": ""NO-NOT-SIMILAR"",
  ""explanation"": ""The two code snippets are not functionally similar. Code Snippet 1 appears to be solving a problem involving calculating two different results (solve1 and solve2) based on an array of integers read from a file. Code Snippet 2 seems to be solving a different problem, which involves finding the smallest multiple of a given number that contains the digits 0 through 9. The purpose, logic, and functionality of the two snippets are distinct, indicating they are not similar.""
}
```",323
2015_1_1,114491,2013_0_3,118052,NON-CLONE,2026-07-10 20:33:14,"```json
{
  ""answer"": ""NO-NOT-SIMILAR"",
  ""explanation"": ""The two code snippets are not functionally similar. Code Snippet 1 appears to be solving a problem that involves calculating certain values based on an array of integers input by the user, specifically calculating a sum of differences and another sum based on a rate. Code Snippet 2, on the other hand, seems to be solving a completely different problem involving finding palindromic squares within a given range. The inputs, outputs, and the logic used in both snippets are different, indicating they serve different purposes.""
}
```",324
2015_1_1,114491,2016_1_2,8152,NON-CLONE,2026-07-10 20:33:16,"```json
{
  ""answer"": ""NO-NOT-SIMILAR"",
  ""explanation"": ""The two code snippets appear to be solving different problems. Code Snippet 1 calculates the total decrease in a list of numbers and the total decrease if each number is reduced by a certain rate, then prints the results. Code Snippet 2 reads a large input file, sorts and filters a list of numbers, and prints the filtered list. The inputs, outputs, and algorithms used are different, indicating that the code snippets are not functionally similar.""
}
```",325
2015_1_1,114491,2014_3_1,136615,NON-CLONE,2026-07-10 20:33:18,"```json
{
  ""answer"": ""NO-NOT-SIMILAR"",
  ""explanation"": ""The two code snippets are not functionally similar. Code Snippet 1 appears to be solving a problem that involves calculating certain values based on an array of integers input by the user, specifically calculating a sum of differences and another sum based on a rate. Code Snippet 2, on the other hand, seems to be solving a completely different problem involving fractions, specifically checking if a fraction can be represented as a power of 2 and calculating a generation number. The inputs, outputs, and the logic used in both snippets are",326
2015_1_1,125935,2016_1_2,31984,NON-CLONE,2026-07-10 20:33:21,"```json
{
  ""answer"": ""NO-NOT-SIMILAR"",
  ""explanation"": ""The two code snippets are not functionally similar. Code Snippet 1 appears to be a solution to a competitive programming problem, reading input from standard input, processing it, and producing output. It seems to be calculating two values, x and y, based on an array of long integers. On the other hand, Code Snippet 2 is a utility class for reading input from a file, specifically designed to read input for a Google Code Jam competition. It reads a file line by line, parsing the input into a ",327
2015_1_1,125935,2016_0_1,72044,NON-CLONE,2026-07-10 20:33:23,"```json
{
  ""answer"": ""NO-NOT-SIMILAR"",
  ""explanation"": ""The two code snippets are not functionally similar. Code Snippet 1 appears to be solving a problem involving an array of integers, calculating two values 'x' and 'y' based on certain conditions. Code Snippet 2, on the other hand, seems to be solving a problem related to finding a number that, when multiplied by a sequence of numbers, produces a set of digits from 0 to 9. The tasks performed by these two snippets are different, and they do not achieve the same result or perform",328
2015_1_1,124925,2016_1_1,8299,NON-CLONE,2026-07-10 20:33:25,"```json
{
  ""answer"": ""NO-NOT-SIMILAR"",
  ""explanation"": ""The two code snippets are not functionally similar. Code Snippet 1 appears to be solving a problem involving plates and calculating two results (result1 and result2) based on the input values. It reads multiple integers, processes them in loops, and outputs two values for each test case. Code Snippet 2, on the other hand, reads a string, processes it character by character in a loop, and constructs a new string based on certain conditions. The input formats, processing logic, and output formats are entirely different",329
2016_0_1,60475,2014_0_3,108079,NON-CLONE,2026-07-10 20:33:28,"```json
{
  ""answer"": ""NO-NOT-SIMILAR"",
  ""explanation"": ""The two code snippets are not functionally similar. Code Snippet 1 appears to be solving a problem involving finding the smallest multiple of a given number that uses all digits from 0 to 9 at least once. Code Snippet 2 seems to be solving a problem related to generating a minesweeper grid with certain constraints. The problems they are trying to solve, their structures, and their outputs are all different.""
}
```",330
2016_0_1,60475,2013_1_1,40715,NON-CLONE,2026-07-10 20:33:30,"```json
{
  ""answer"": ""NO-NOT-SIMILAR"",
  ""explanation"": ""The two code snippets are not functionally similar. They appear to be solving different problems. Code Snippet 1 is solving a problem where it needs to find the smallest multiple of a given number 'n' such that the multiple contains all digits from 0 to 9 at least once. Code Snippet 2, on the other hand, seems to be solving a different problem involving a mathematical calculation to find a value 'i' based on given inputs 'r' and 't'. The logic, input processing, and",331
2016_0_1,60475,2015_0_2,77145,NON-CLONE,2026-07-10 20:33:32,"```json
{
  ""answer"": ""NO-NOT-SIMILAR"",
  ""explanation"": ""The two code snippets appear to be solving different problems. Code Snippet 1 seems to be solving a problem where it needs to find the smallest multiple of a given number 'n' such that the multiple contains all digits from 0 to 9 at least once. On the other hand, Code Snippet 2 appears to be solving a problem where it needs to find the minimum cost or a similar optimization problem, given an array of integers and certain operations. The structure, logic, and purpose of the two snippets are",332
2016_0_1,60475,2014_0_2,107403,NON-CLONE,2026-07-10 20:33:34,"```json
{
  ""answer"": ""NO-NOT-SIMILAR"",
  ""explanation"": ""The two code snippets are not functionally similar. Code Snippet 1 appears to be solving a problem from the Google Code Jam competition, specifically a problem that involves finding the smallest multiple of a given number that contains all digits from 0 to 9 at least once. Code Snippet 2, on the other hand, seems to be solving a different problem, likely from the same competition but a different part, involving calculating the optimal time to buy a machine that increases its production rate over time. The input/output formats,",333
2016_0_1,69477,2016_0_2,162423,NON-CLONE,2026-07-10 20:33:36,"```json
{
  ""answer"": ""NO-NOT-SIMILAR"",
  ""explanation"": ""The two code snippets are not functionally similar. They appear to be solving different problems. Code Snippet 1 is solving a problem where it needs to find the smallest number that, when multiplied by a given number n, produces a number that contains all digits from 0 to 9 at least once. Code Snippet 2, on the other hand, seems to be counting the number of transitions between different characters in a string. The logic, input/output handling, and the purpose of the two snippets are different, indicating",334
2016_0_1,69477,2016_0_2,125812,NON-CLONE,2026-07-10 20:33:38,"```json
{
  ""answer"": ""NO-NOT-SIMILAR"",
  ""explanation"": ""The two code snippets are not functionally similar. They appear to be solving different problems. Code Snippet 1 is solving a problem where it needs to find the smallest number that, when multiplied by a given number n, produces a number that contains all digits from 0 to 9 at least once. Code Snippet 2, on the other hand, seems to be solving a problem involving a string of '+' and '-' characters, where it needs to find the minimum number of swaps required to make the string alternate between '+'",335
2016_0_1,69477,2013_0_1,84294,NON-CLONE,2026-07-10 20:33:40,"```json
{
  ""answer"": ""NO-NOT-SIMILAR"",
  ""explanation"": ""The two code snippets are not functionally similar. They appear to be solving different problems. Code Snippet 1 is solving a problem where it needs to find the smallest number that contains all digits from 0 to 9 when multiplied by a given number n. Code Snippet 2 seems to be checking the state of a 4x4 Tic Tac Toe game and determining the winner or the state of the game. The inputs, outputs, and logic used in both snippets are different, indicating they serve different purposes.""
}
",336
2016_0_1,123558,2016_1_1,14479,NON-CLONE,2026-07-10 20:33:42,"```json
{
  ""answer"": ""NO-NOT-SIMILAR"",
  ""explanation"": ""The two code snippets are not functionally similar. Code Snippet 1 appears to be solving the 'Counting Sheep' problem, where it reads a number from a file, and then finds the smallest multiple of that number that contains all digits from 0 to 9. On the other hand, Code Snippet 2 seems to be solving a completely different problem, where it reads a string and rearranges its characters in a specific way. The problems being solved, the input/output formats, and the logic used are all different",337
2016_0_1,123558,2015_0_1,35102,NON-CLONE,2026-07-10 20:33:44,"```json
{
  ""answer"": ""NO-NOT-SIMILAR"",
  ""explanation"": ""The two code snippets are not functionally similar. Code Snippet 1 appears to be solving the 'Counting Sheep' problem from Google Code Jam, where it needs to find the smallest multiple of a given number that contains all digits from 0 to 9. On the other hand, Code Snippet 2 seems to be solving a different problem, 'Standing Oviation', which involves calculating the number of friends required to help people with shyness levels in an audience. The problems, inputs, outputs, and logic in",338
2016_0_1,55901,2015_1_1,125935,NON-CLONE,2026-07-10 20:33:47,"```json
{
  ""answer"": ""NO-NOT-SIMILAR"",
  ""explanation"": ""The two code snippets are not functionally similar. They appear to be solving different problems. Code Snippet 1 is solving a problem where it needs to find the smallest multiple of a given number that contains all digits from 0 to 9. Code Snippet 2 seems to be solving a different problem involving finding maximum and minimum values in an array and performing calculations based on these values. The main methods, solve functions, and overall logic of the two snippets do not align, indicating they serve different purposes.""
}
```",339
2016_0_2,68074,2013_0_1,124149,NON-CLONE,2026-07-10 20:33:50,"```json
{
  ""answer"": ""NO-NOT-SIMILAR"",
  ""explanation"": ""The two code snippets are not functionally similar. Code Snippet 1 appears to be solving a problem involving finding the minimum number of maneuvers required to flip pancakes from a given state to a solved state, indicated by the presence of '+' and '-' characters. In contrast, Code Snippet 2 seems to be solving a different problem related to determining the winner of a game (likely Tic-Tac-Toe) based on a given board state. The logic, input processing, and output formats are significantly different, indicating they serve",340
2016_0_2,68074,2013_0_3,83531,NON-CLONE,2026-07-10 20:33:52,"```json
{
  ""answer"": ""NO-NOT-SIMILAR"",
  ""explanation"": ""The two code snippets are not functionally similar. They appear to be solutions to different problems from Google Code Jam competitions. The first snippet is for the 'Pancakes' problem, where it calculates the minimum number of maneuvers required to sort a stack of pancakes. The second snippet seems to be for a different problem involving finding numbers with certain properties (palindromes) and computing a result based on that. The main methods, the algorithms used, and the problems they are trying to solve are different.""
}
```",341
2016_0_2,68074,2015_0_2,32722,NON-CLONE,2026-07-10 20:33:54,"```json
{
  ""answer"": ""NO-NOT-SIMILAR"",
  ""explanation"": ""The two code snippets are not functionally similar. Code Snippet 1 appears to be solving a problem involving finding the minimum number of maneuvers required to flip pancakes from one side to another, represented by '+' and '-' characters in a string. It iterates over the string from right to left, counting the number of flips required. On the other hand, Code Snippet 2 seems to be solving a completely different problem involving an 'Infinite House of Pancakes', where it calculates the minimum time required to serve pancakes to diners",342
2016_0_2,68074,2014_3_1,138529,NON-CLONE,2026-07-10 20:33:56,"```json
{
  ""answer"": ""NO-NOT-SIMILAR"",
  ""explanation"": ""The two code snippets are not functionally similar. They appear to be solving different problems. Code Snippet 1 is solving a problem involving finding the minimum number of maneuvers required to flip pancakes from one side to another, indicated by '+' and '-' characters. Code Snippet 2 seems to be solving a problem involving finding the difference in the number of steps required to reduce two numbers to 1 by dividing by their greatest common divisor and then by 2, with certain conditions. The logic, input processing, and output formats",343
2016_0_2,150691,2014_2_1,124976,NON-CLONE,2026-07-10 20:33:59,"```json
{
  ""answer"": ""NO-NOT-SIMILAR"",
  ""explanation"": ""The two code snippets appear to be solving different problems. Code Snippet 1 seems to be solving a problem involving a sequence of '+' and '-' characters, where the goal is to transform the sequence into all '+' characters with the minimum number of operations. Code Snippet 2 appears to be solving a problem involving a set of strings, where the goal is to determine if 'Fegla Won' or calculate a minimum value based on the character counts in the strings. The algorithms, data structures, and problem domains seem to",344
2016_0_2,150691,2013_0_2,55421,NON-CLONE,2026-07-10 20:34:01,"```json
{
  ""answer"": ""NO-NOT-SIMILAR"",
  ""explanation"": ""The two code snippets appear to be solving different problems. Code Snippet 1 seems to be solving a problem involving a sequence of '+' and '-' characters, where the goal is to find the minimum number of operations required to make all characters in the sequence '+'. The problem appears to be from the Google Code Jam 2016 competition. On the other hand, Code Snippet 2 appears to be solving a problem involving a garden pattern, where the goal is to determine if a given pattern is valid according to certain rules.",345
2016_0_2,150691,2014_2_1,124976,NON-CLONE,2026-07-10 20:34:03,"```json
{
  ""answer"": ""NO-NOT-SIMILAR"",
  ""explanation"": ""The two code snippets appear to be solving different problems. Code Snippet 1 seems to be solving a problem involving a sequence of '+' and '-' characters, where the goal is to transform the sequence into all '+' characters with the minimum number of operations. Code Snippet 2 appears to be solving a problem involving a set of strings, where the goal is to determine if 'Fegla Won' or calculate a minimum value based on the character counts in the strings. The data structures, algorithms, and problem domains seem to",346
2016_0_2,125812,2016_0_4,58218,NON-CLONE,2026-07-10 20:34:06,"```json
{
  ""answer"": ""NO-NOT-SIMILAR"",
  ""explanation"": ""The two code snippets are not functionally similar. They appear to be solving different problems. Code Snippet 1 seems to be solving a problem involving a string of happy and sad pancakes, where the goal is to determine the minimum number of swaps required to make all pancakes happy or sad. Code Snippet 2, on the other hand, appears to be solving a problem involving fractiles, where the goal is to generate a sequence of numbers based on certain parameters. The input and output formats, as well as the logic and",347
2016_0_2,125812,2013_0_3,55548,NON-CLONE,2026-07-10 20:34:08,"```json
{
  ""answer"": ""NO-NOT-SIMILAR"",
  ""explanation"": ""The two code snippets are not functionally similar. Code Snippet 1 appears to be solving a problem involving a string of '+' and '-' characters, where the goal is to determine the minimum number of swaps required to make all characters the same. Code Snippet 2, on the other hand, seems to be solving a problem involving finding the number of perfect squares within a given range. The input and output formats, as well as the algorithmic approaches, are different between the two snippets.""
}
```",348
2016_0_2,88861,2013_0_3,55548,NON-CLONE,2026-07-10 20:34:11,"```json
{
  ""answer"": ""NO-NOT-SIMILAR"",
  ""explanation"": ""The two code snippets are not functionally similar. Code Snippet 1 reads a string for each test case, counts the number of flips required to make the string consist of the same character, and outputs this count. Code Snippet 2, on the other hand, appears to be solving a different problem involving generating and counting solutions based on certain mathematical conditions, reading two BigInteger values for each test case, and outputting the count of solutions within a range. The inputs, processing, and outputs are different, indicating different",349
2016_0_4,100472,2016_3_1,218815,NON-CLONE,2026-07-10 20:34:13,"```json
{
  ""answer"": ""NO-NOT-SIMILAR"",
  ""explanation"": ""The two code snippets appear to be solving different problems. Code Snippet 1 is solving a problem related to 'Fractiles' from Google Code Jam, where it reads input and calculates a result based on the given numbers k, c, and s. Code Snippet 2 seems to be solving a different problem, possibly from the same competition but a different round or problem, involving string manipulation and processing. The structure, logic, and output format of the two snippets do not align, indicating they are not functionally similar",350
2016_0_4,100472,2015_1_1,125935,NON-CLONE,2026-07-10 20:34:16,"```json
{
  ""answer"": ""NO-NOT-SIMILAR"",
  ""explanation"": ""The two code snippets appear to be solving different problems. Code Snippet 1 is solving a problem related to 'Fractiles' from Google Code Jam, which involves calculating and printing a sequence of numbers based on given inputs k, c, and s. Code Snippet 2 seems to be solving a different problem, likely from the same competition, but it involves calculating and returning an array of two long values based on an input array A. The structure, logic, and output format of the two snippets are significantly different",351
2016_0_4,100472,2013_0_2,90919,NON-CLONE,2026-07-10 20:34:18,"```json
{
  ""answer"": ""NO-NOT-SIMILAR"",
  ""explanation"": ""The two code snippets are not functionally similar. They appear to be solving different problems. Code Snippet 1 is solving a problem related to 'Fractiles' where it reads input from a file, parses it, and then calculates and prints certain values based on the input parameters k, c, and s. Code Snippet 2 seems to be solving a different problem where it reads input from a file, checks certain conditions in a 2D array, and prints 'YES' or 'NO' based on those",352
2016_0_4,100472,2016_0_1,55901,NON-CLONE,2026-07-10 20:34:20,"```json
{
  ""answer"": ""NO-NOT-SIMILAR"",
  ""explanation"": ""The two code snippets appear to be solving different problems. Code Snippet 1 is solving a problem related to 'Fractiles' where it takes inputs k, c, and s, and outputs a sequence of numbers based on certain conditions. Code Snippet 2 seems to be solving a problem related to finding a number that when multiplied by a sequence of numbers produces a product containing all digits from 0 to 9. The structure, inputs, and outputs of the two code snippets are different, indicating they are not",353
2016_0_4,129913,2013_1_1,30788,NON-CLONE,2026-07-10 20:34:22,"```json
{
  ""answer"": ""NO-NOT-SIMILAR"",
  ""explanation"": ""The two code snippets appear to be solving different problems. Code Snippet 1 seems to be solving a problem where it needs to calculate and print certain values based on the inputs K, C, and S, and it handles cases where the result is 'IMPOSSIBLE'. Code Snippet 2, on the other hand, appears to be solving a different problem involving mathematical calculations with a quadratic equation to find a value 'n' based on inputs R and T. The structure, inputs, and outputs of the two",354
2016_0_4,129913,2013_1_1,30788,NON-CLONE,2026-07-10 20:34:24,"```json
{
  ""answer"": ""NO-NOT-SIMILAR"",
  ""explanation"": ""The two code snippets appear to be solving different problems. Code Snippet 1 seems to be solving a problem where it needs to calculate and print certain values based on the inputs K, C, and S, and it handles cases where the result is 'IMPOSSIBLE'. Code Snippet 2, on the other hand, appears to be solving a different problem involving mathematical calculations with a quadratic equation to find a value 'n'. The structure, inputs, and outputs of the two snippets are significantly different, indicating they",355
2016_0_4,129913,2016_1_2,30007,NON-CLONE,2026-07-10 20:34:26,"```json
{
  ""answer"": ""NO-NOT-SIMILAR"",
  ""explanation"": ""The two code snippets appear to be solving different problems. Code Snippet 1 seems to be solving a problem involving calculating and printing numbers based on input values K, C, and S, and determining if a result is IMPOSSIBLE. Code Snippet 2 appears to be solving a problem involving reading input, storing it in a multiset, and then printing out sorted odd-count values from the multiset. The structure, logic, and output format of the two snippets do not align, indicating they are not functionally similar",356
2016_0_4,58218,2015_1_1,127730,NON-CLONE,2026-07-10 20:34:28,"```json
{
  ""answer"": ""NO-NOT-SIMILAR"",
  ""explanation"": ""The two code snippets are not functionally similar. They appear to be solving different problems. Code Snippet 1 is solving a problem that involves calculating fractiles based on input parameters K, C, and S, and it outputs a sequence of numbers. Code Snippet 2 is solving a different problem that involves finding the minimum rate and calculating the total eaten based on an array of input values. The input formats, output formats, and the calculations performed are different, indicating that they are not achieving the same task.""
}
```",357
2016_0_4,58218,2016_0_2,68074,NON-CLONE,2026-07-10 20:34:30,"```json
{
  ""answer"": ""NO-NOT-SIMILAR"",
  ""explanation"": ""The two code snippets are not functionally similar. They appear to be solving different problems. Code Snippet 1, 'Fractiles', seems to be solving a problem involving fractiles or quantiles, reading input from a file, and writing output to another file. It performs a complex calculation involving a loop that computes a product and appends it to a string. In contrast, Code Snippet 2, 'Pancakes', appears to be solving a problem involving finding the minimum number of maneuvers to sort a",358
2016_0_4,63729,2014_0_2,81302,NON-CLONE,2026-07-10 20:34:33,"```json
{
  ""answer"": ""NO-NOT-SIMILAR"",
  ""explanation"": ""The two code snippets are not functionally similar. They appear to be solving different problems. Code Snippet 1 seems to be solving a problem related to generating a string and finding certain patterns in it, while Code Snippet 2 appears to be solving a problem related to calculating a time value based on certain conditions and inputs. The structure, syntax, and purpose of the two code snippets are different, indicating that they are not functionally similar.""
}
```",359
2016_1_1,1153,2014_2_1,126555,NON-CLONE,2026-07-10 20:34:35,"```json
{
  ""answer"": ""NO-NOT-SIMILAR"",
  ""explanation"": ""The two code snippets are not functionally similar. Code Snippet 1 appears to be solving a problem where it rearranges the characters in a string in a specific way, inserting characters at the beginning or appending them to the end based on their comparison with the first character in the current string. Code Snippet 2, on the other hand, seems to be solving a different problem involving a list of strings, calculating minimum moves based on string lengths and character order. The problems they are trying to solve and the approaches they take",360
2016_1_1,1153,2016_0_1,123558,NON-CLONE,2026-07-10 20:34:37,"```json
{
  ""answer"": ""NO-NOT-SIMILAR"",
  ""explanation"": ""The two code snippets are not functionally similar. Code Snippet 1 appears to be solving a problem where it rearranges the characters in a given string in a specific way, inserting characters at the beginning or appending them based on their value compared to the first character in the current string. On the other hand, Code Snippet 2 seems to be solving a completely different problem, often referred to as 'InSomnia' or a similar puzzle, where it finds the smallest multiple of a given number that contains all digits from",361
2016_1_1,1153,2016_0_4,58218,NON-CLONE,2026-07-10 20:34:39,"```json
{
  ""answer"": ""NO-NOT-SIMILAR"",
  ""explanation"": ""The two code snippets are not functionally similar. They appear to be solving different problems. Code Snippet 1 is rearranging characters in a string, while Code Snippet 2 is generating a sequence of numbers based on a set of parameters (K, C, S) and appears to be solving a problem related to fractiles. The input/output formats and the logic used in the two snippets are different, indicating they serve different purposes.""
}
```",362
2016_1_1,1153,2015_0_3,107238,NON-CLONE,2026-07-10 20:34:41,"```json
{
  ""answer"": ""NO-NOT-SIMILAR"",
  ""explanation"": ""The two code snippets are not functionally similar. Code Snippet 1 appears to be solving a problem where it rearranges the characters in a given string based on certain conditions, and outputs the rearranged string for each test case. Code Snippet 2 seems to be solving a completely different problem involving complex number products and checking for certain conditions based on the input string and given operations. The tasks, input processing, and output formats are different, indicating they serve distinct purposes.""
}
```",363
2016_1_1,14479,2014_0_3,99421,NON-CLONE,2026-07-10 20:34:45,"```json
{
  ""answer"": ""NO-NOT-SIMILAR"",
  ""explanation"": ""The two code snippets are not functionally similar. They appear to be solving different problems. The first code snippet seems to be solving a problem where it reads input from a file, and for each test case, it rearranges the characters in a string in a specific way. The second code snippet appears to be solving a different problem, possibly related to mine placement in a grid, and it uses multi-threading and various comparators to achieve this. The structure, logic, and purpose of the two code snippets are significantly different,",364
2016_1_1,14479,2016_0_1,72044,NON-CLONE,2026-07-10 20:34:47,"```json
{
  ""answer"": ""NO-NOT-SIMILAR"",
  ""explanation"": ""The two code snippets are not functionally similar. They appear to be solving different problems. Code Snippet 1 seems to be solving a problem involving string manipulation, where it reads input from a file, processes it, and writes output to another file. The problem appears to involve rearranging characters in a string based on certain conditions. On the other hand, Code Snippet 2 appears to be solving a problem involving finding a number that, when multiplied by increasing integers, produces a sequence of digits that covers all digits from 0",365
2016_1_1,14479,2016_3_1,218815,NON-CLONE,2026-07-10 20:34:49,"```json
{
  ""answer"": ""NO-NOT-SIMILAR"",
  ""explanation"": ""The two code snippets appear to be solving different problems. Code Snippet 1 seems to be solving a problem where it reads a string, finds the maximum character, and then rearranges the string based on that character. Code Snippet 2 appears to be solving a different problem where it reads integers, constructs strings based on those integers, and then rearranges those strings. The algorithms, input formats, and output formats are different, indicating that they are not functionally similar.""
}
```",366
2016_1_1,8299,2016_2_1,193269,NON-CLONE,2026-07-10 20:34:52,"```json
{
  ""answer"": ""NO-NOT-SIMILAR"",
  ""explanation"": ""The two code snippets are not functionally similar. Code Snippet 1 appears to be solving a problem where it takes a string as input and rearranges its characters based on their ASCII values, specifically placing larger characters before smaller ones if they are greater than or equal to the current largest character seen so far. On the other hand, Code Snippet 2 seems to be solving a different problem where it takes a string representation of digits in words and converts it into a string of actual digits. The approach, logic, and purpose",367
2016_1_1,8299,2014_0_3,108079,NON-CLONE,2026-07-10 20:34:54,"```json
{
  ""answer"": ""NO-NOT-SIMILAR"",
  ""explanation"": ""The two code snippets are not functionally similar. Code Snippet 1 appears to be solving a problem where it takes a string as input and rearranges its characters based on a specific rule: it places the character that is greater than or equal to the first character of the result string at the beginning of the result string, and appends the rest of the characters in their original order. On the other hand, Code Snippet 2 seems to be solving a completely different problem related to generating a minesweeper grid with certain",368
2016_1_1,29796,2016_3_1,211583,NON-CLONE,2026-07-10 20:34:57,"```json
{
  ""answer"": ""NO-NOT-SIMILAR"",
  ""explanation"": ""The two code snippets are not functionally similar. Code Snippet 1 appears to be solving a problem where it takes a string as input and rearranges its characters in a specific order based on lexicographical comparison. Code Snippet 2, on the other hand, seems to be solving a completely different problem involving a priority queue, where it processes a series of integers and prints characters based on certain conditions. The inputs, outputs, and the logic used in both snippets do not align, indicating they serve different purposes.""
}
```",369
2016_1_2,8152,2014_3_1,138529,NON-CLONE,2026-07-10 20:34:59,"```json
{
  ""answer"": ""NO-NOT-SIMILAR"",
  ""explanation"": ""The two code snippets are not functionally similar. They appear to be solving different problems. Code Snippet 1 reads a series of integers from a file, removes pairs of identical integers, and then outputs the remaining integers. Code Snippet 2 reads a series of fractions from a file, simplifies them, and then outputs the difference in the powers of 2 in the numerator and denominator. The input and output formats, as well as the computations performed, are different.""
}
```",370
2016_1_2,8152,2015_0_3,88073,NON-CLONE,2026-07-10 20:35:01,"```json
{
  ""answer"": ""NO-NOT-SIMILAR"",
  ""explanation"": ""The two code snippets are not functionally similar. Code Snippet 1 reads a list of integers from input, removes pairs of identical numbers, and outputs the remaining numbers in sorted order. Code Snippet 2 reads a string expression and a long integer X, then determines whether a certain condition related to the expression and X is true or false, outputting 'YES' or 'NO'. The tasks performed by the two snippets are entirely different.""
}
```",371
2016_1_2,8152,2016_2_1,197689,NON-CLONE,2026-07-10 20:35:04,"```json
{
  ""answer"": ""NO-NOT-SIMILAR"",
  ""explanation"": ""The two code snippets are not functionally similar. Code Snippet 1 reads a series of integers, removes pairs of identical numbers until a certain condition is met, sorts the remaining numbers, and outputs them. Code Snippet 2 reads a series of strings, counts the occurrences of each letter in the strings, and then uses these counts to construct and output strings of digits that represent the numbers from 0 to 9 based on specific letter counts. The tasks performed by the two snippets are different.""
}
```",372
2016_1_2,8152,2016_1_1,29796,NON-CLONE,2026-07-10 20:35:06,"```json
{
  ""answer"": ""NO-NOT-SIMILAR"",
  ""explanation"": ""The two code snippets are not functionally similar. Code Snippet 1 reads a series of integers from an input file, sorts them, removes pairs of identical numbers until only a certain number of integers remain, and then outputs the remaining integers. Code Snippet 2 reads a string from an input source, and rearranges the characters in the string to form a lexicographically largest string by iteratively deciding whether to append or prepend each character. The tasks performed by these two snippets are fundamentally different, indicating they are not functionally similar.""
",373
2016_1_2,31984,2015_0_2,77145,NON-CLONE,2026-07-10 20:35:07,"```json
{
  ""answer"": ""NO-NOT-SIMILAR"",
  ""explanation"": ""The two code snippets are not functionally similar. Code Snippet 1 reads input from a file and stores it in a 2D array, while Code Snippet 2 reads input from the console, performs a calculation to find a minimum value, and prints the result. The purpose and functionality of the two snippets are different.""
}
```",374
2016_1_2,31984,2015_0_4,96734,NON-CLONE,2026-07-10 20:35:09,"```json
{
  ""answer"": ""NO-NOT-SIMILAR"",
  ""explanation"": ""The two code snippets are not functionally similar. Code Snippet 1 reads input from a file and stores it in a 2D array, while Code Snippet 2 reads input from standard input, performs some calculations, and outputs a result. They serve different purposes and do not achieve the same task.""
}
```",375
2016_1_2,31984,2016_0_1,69477,NON-CLONE,2026-07-10 20:35:11,"```json
{
  ""answer"": ""NO-NOT-SIMILAR"",
  ""explanation"": ""The two code snippets are not functionally similar. Code Snippet 1 reads input from a file and stores it in a 2D array, while Code Snippet 2 reads input from standard input, performs a calculation to determine if a number is a 'insomnia' number, and prints the result to standard output. The purpose and functionality of the two code snippets are different.""
}
```",376
2016_1_2,20611,2015_0_4,79014,NON-CLONE,2026-07-10 20:35:13,"```json
{
  ""answer"": ""NO-NOT-SIMILAR"",
  ""explanation"": ""The two code snippets are not functionally similar. Code Snippet 1 appears to be solving a problem where it reads a series of integers, counts their frequencies, and then identifies the numbers that appear an odd number of times. In contrast, Code Snippet 2 seems to be determining whether 'Richard' can win a game based on certain conditions related to the dimensions of a grid and the number of X's it must contain. The purpose, logic, and functionality of the two snippets are entirely different.""
}
```",377
2016_1_2,20611,2013_1_1,35305,NON-CLONE,2026-07-10 20:35:15,"```json
{
    ""answer"": ""NO-NOT-SIMILAR"",
    ""explanation"": ""The two code snippets are not functionally similar. Code Snippet 1 appears to be solving a problem where it reads a series of integers, counts their frequencies, and then identifies the missing numbers that appear an odd number of times. Code Snippet 2, on the other hand, seems to be solving a completely different problem involving a binary search to find a specific value based on given conditions. The purpose, logic, and input/output handling of the two snippets are significantly different.""
}
```",378
2016_1_2,19093,2014_2_1,115332,NON-CLONE,2026-07-10 20:35:20,"```json
{
  ""answer"": ""NO-NOT-SIMILAR"",
  ""explanation"": ""The two code snippets appear to be solving different problems. Code Snippet 1 seems to be solving a problem where it reads a series of integers, counts the occurrences of each integer, and then prints out the integers that appear an odd number of times. Code Snippet 2 appears to be solving a problem involving strings and matrices, where it reads a string, constructs a matrix, and then calculates a result based on the matrix. The structure, syntax, and logic of the two code snippets are significantly different, indicating that",379
2016_2_1,197689,2014_0_3,22792,NON-CLONE,2026-07-10 20:35:26,"```
{
  ""answer"": ""NO-NOT-SIMILAR"",
  ""explanation"": ""The two Java code snippets are not functionally similar. The first code snippet appears to be solving a problem related to counting the occurrences of specific letters in a string and then reconstructing numbers based on those counts. The second code snippet seems to be solving a Minesweeper-related problem, focusing on placing mines in a grid based on certain rules and generating output for the game. The tasks, logic, and structures used in the two snippets are significantly different, indicating they are not functionally similar.""
}
```",380
2016_2_1,197689,2013_0_2,90919,NON-CLONE,2026-07-10 20:35:28,"```json
{
  ""answer"": ""NO-NOT-SIMILAR"",
  ""explanation"": ""The two code snippets are not functionally similar. Code Snippet 1 appears to be solving a problem involving counting characters in a string and then using those counts to print out a string of digits. Code Snippet 2 appears to be solving a problem involving reading in a matrix of integers and then checking if each element is equal to the maximum value in its row or column. The problems being solved are different, and the code structures and logic are also different.""
}
```",381
2016_2_1,197689,2015_0_1,65869,NON-CLONE,2026-07-10 20:35:30,"```json
{
  ""answer"": ""NO-NOT-SIMILAR"",
  ""explanation"": ""The two code snippets appear to be solving different problems. Code Snippet 1 is solving a problem where it counts the occurrences of specific letters in a string and then uses those counts to construct a string of digits. Code Snippet 2, on the other hand, appears to be solving a different problem where it reads a string, performs some calculations on it, and outputs a single integer value. The purpose, logic, and output of the two code snippets do not seem to match, indicating they are not functionally similar.""
",382
2016_2_1,197689,2013_0_1,124149,NON-CLONE,2026-07-10 20:35:32,"```json
{
  ""answer"": ""NO-NOT-SIMILAR"",
  ""explanation"": ""The two code snippets are not functionally similar. Code Snippet 1 appears to be solving a problem involving counting characters in a string and then using those counts to construct a string of digits. Code Snippet 2 appears to be solving a problem involving checking the state of a game, likely a Tic-Tac-Toe game, and determining the winner or state of the game. The problems being solved, the structure of the code, and the specific operations being performed are all different.""
}
```",383
2016_2_1,192495,2016_0_4,100472,NON-CLONE,2026-07-10 20:35:34,"```json
{
  ""answer"": ""NO-NOT-SIMILAR"",
  ""explanation"": ""The two code snippets are not functionally similar. They appear to be solving different problems. Code Snippet 1 reads a string and counts the occurrences of specific letters, then prints out numbers based on those counts. Code Snippet 2 reads input and calculates a value based on that input, then prints out a sequence of numbers. The structure, syntax, and purpose of the two code snippets are different, indicating they are not functionally similar.""
}
```",384
2016_2_1,192495,2016_0_2,68074,NON-CLONE,2026-07-10 20:35:36,"```json
{
  ""answer"": ""NO-NOT-SIMILAR"",
  ""explanation"": ""The two code snippets are not functionally similar. Code Snippet 1 appears to be solving a problem where it reads a string, counts the occurrences of specific letters, and then prints out numbers based on those counts. Code Snippet 2, on the other hand, seems to be solving a different problem where it reads a string and calculates the minimum number of maneuvers required to flip pancakes from one side to another. The inputs, outputs, and the logic used in both snippets are different, indicating they serve different purposes.""
",385
2016_2_1,192495,2014_0_3,71973,NON-CLONE,2026-07-10 20:35:38,"```json
{
  ""answer"": ""NO-NOT-SIMILAR"",
  ""explanation"": ""The two code snippets are not functionally similar. Code Snippet 1 appears to be solving a problem where it reads a string and counts the occurrences of certain letters, then prints out numbers based on those counts. Code Snippet 2 appears to be solving a different problem, where it reads a file and generates a table based on certain inputs, then prints out the table. The problems being solved and the approaches taken are different, indicating that the code snippets are not functionally similar.""
}
```",386
2016_2_1,187476,2016_0_4,100472,NON-CLONE,2026-07-10 20:35:41,"```json
{
  ""answer"": ""NO-NOT-SIMILAR"",
  ""explanation"": ""The two code snippets appear to be solving different problems. Code Snippet 1 seems to be solving a problem involving processing a string and generating an output based on certain rules, possibly related to the Google Code Jam problem. It reads input from a file, processes it, and writes output to another file. The code involves creating maps, checking existence of characters, and removing characters from maps. On the other hand, Code Snippet 2 appears to be solving a different problem, possibly also from Google Code Jam, but it",387
2016_2_1,187476,2014_0_3,22792,NON-CLONE,2026-07-10 20:35:46,"```
{
  ""answer"": ""NO-NOT-SIMILAR"",
  ""explanation"": ""The two Java code snippets appear to be solving different problems. The first code snippet seems to be solving a problem related to finding a sequence of numbers that can be formed from a given string, possibly a Google Code Jam problem. The second code snippet appears to be solving a Minesweeper-related problem, where it tries to place mines in a grid based on certain rules. The data structures, algorithms, and problem domains seem to be different, indicating that the code snippets are not functionally similar.""
}
```",388
2016_2_1,193269,2013_0_1,84294,NON-CLONE,2026-07-10 20:35:49,"```json
{
  ""answer"": ""NO-NOT-SIMILAR"",
  ""explanation"": ""The two code snippets are not functionally similar. Code Snippet 1 appears to be solving a problem where it takes a string of characters and attempts to reconstruct a number from it by identifying unique patterns of characters that correspond to digits. Code Snippet 2, on the other hand, seems to be analyzing a Tic Tac Toe game board and determining the state of the game (e.g., if there's a winner, if the game has not completed, or if it's a draw). The tasks, structures, and logic of the",389
2016_3_1,205670,2013_0_2,114653,NON-CLONE,2026-07-10 20:35:51,"```json
{
  ""answer"": ""NO-NOT-SIMILAR"",
  ""explanation"": ""The two code snippets are not functionally similar. Code Snippet 1 appears to be solving a problem involving senators and alphabet characters, where it reads input, processes it, and outputs a string of alphabet characters. Code Snippet 2, on the other hand, seems to be solving a different problem involving a 2D board, where it checks if certain conditions are met and outputs 'YES' or 'NO'. The problems being solved, the input/output formats, and the logic used are all different, indicating that the",390
2016_3_1,205670,2016_2_1,197689,NON-CLONE,2026-07-10 20:35:54,"```json
{
  ""answer"": ""NO-NOT-SIMILAR"",
  ""explanation"": ""The two code snippets appear to be solving different problems. Code Snippet 1 seems to be solving a problem involving senate voting, where it generates a string based on the number of votes each senator has. Code Snippet 2 appears to be solving a problem involving counting digits in a string and then printing out the digits in a specific order. The logic, input/output, and overall functionality of the two code snippets do not seem to be similar.""
}
```",391
2016_3_1,205670,2016_1_1,1153,NON-CLONE,2026-07-10 20:35:56,"```json
{
  ""answer"": ""NO-NOT-SIMILAR"",
  ""explanation"": ""The two code snippets appear to be solving different problems. Code Snippet 1 seems to be solving a problem involving fractiles and senators, where it takes input from the user, processes it, and outputs a string based on certain conditions. Code Snippet 2 appears to be solving a problem where it takes a string input, processes the characters, and outputs a modified string. The logic, input processing, and output generation in both snippets are significantly different, indicating they are not functionally similar.""
}
```",392
2016_3_1,205670,2013_0_2,55421,NON-CLONE,2026-07-10 20:35:58,"```json
{
  ""answer"": ""NO-NOT-SIMILAR"",
  ""explanation"": ""The two code snippets appear to be solving different problems. Code Snippet 1 seems to be solving a problem related to generating a string based on a list of integers, possibly related to a Google Code Jam problem. It involves finding the maximum value in a list, decrementing it, and appending a character to a string. On the other hand, Code Snippet 2 appears to be solving a problem related to checking a grid or matrix for certain conditions, specifically checking if there are cells that have a value less than another",393
2016_3_1,211583,2014_0_3,71973,NON-CLONE,2026-07-10 20:36:00,"```json
{
  ""answer"": ""NO-NOT-SIMILAR"",
  ""explanation"": ""The two code snippets appear to be solving different problems. Code Snippet 1 seems to be solving a problem involving a priority queue, where it processes a series of inputs and generates a sequence of characters based on certain conditions. Code Snippet 2, on the other hand, appears to be solving a problem involving filling a grid with characters, following certain rules to place dots in the grid. The structure, logic, and output format of the two snippets are significantly different, indicating they are not functionally similar.""
}
```",394
2016_3_1,211583,2013_0_2,90919,NON-CLONE,2026-07-10 20:36:03,"```json
{
  ""answer"": ""NO-NOT-SIMILAR"",
  ""explanation"": ""The two code snippets appear to be solving different problems. Code Snippet 1 seems to be solving a problem that involves processing a series of integers and printing out characters based on certain conditions. It uses a PriorityQueue to manage pairs of integers. On the other hand, Code Snippet 2 appears to be solving a problem that involves reading in a matrix of integers and checking if certain conditions are met. It then prints out either 'YES' or 'NO' based on the result. The input formats, data structures used",395
2016_3_1,211583,2013_0_1,124226,NON-CLONE,2026-07-10 20:36:05,"```json
{
    ""answer"": ""NO-NOT-SIMILAR"",
    ""explanation"": ""The two code snippets are not functionally similar. Code Snippet 1 appears to be solving a problem involving a priority queue, where it processes a series of inputs and prints out characters based on certain conditions. Code Snippet 2, on the other hand, seems to be solving a problem related to a 4x4 game board, checking for winning conditions, and printing out a message based on the state of the game. The problems they are trying to solve, the data structures they use, and the logic they implement",396
2016_3_1,210871,2015_0_1,68106,NON-CLONE,2026-07-10 20:36:07,"```json
{
  ""answer"": ""NO-NOT-SIMILAR"",
  ""explanation"": ""The two code snippets are not functionally similar. They appear to be solving different problems. Code Snippet 1 seems to be solving a problem where it reads input, processes a map of character values, and prints out a string based on certain conditions. Code Snippet 2 appears to be solving a problem where it reads input, performs some calculations based on a string of digits, and prints out a single number. The input formats, processing logic, and output formats are all different, indicating that they are not functionally similar.""
",397
2016_3_1,210871,2013_0_2,114653,NON-CLONE,2026-07-10 20:36:09,"```json
{
  ""answer"": ""NO-NOT-SIMILAR"",
  ""explanation"": ""The two code snippets are not functionally similar. They appear to be solving different problems. Code Snippet 1 seems to be solving a problem where it reads input, processes it, and prints output in a specific format, involving a map to store character frequencies and then printing characters based on certain conditions. Code Snippet 2 appears to be solving a different problem involving a 2D board, checking for certain conditions, and printing 'YES' or 'NO' based on the solution of a method named 'solve'. The",398
2016_3_1,218815,2016_0_1,60475,NON-CLONE,2026-07-10 20:36:11,"```json
{
  ""answer"": ""NO-NOT-SIMILAR"",
  ""explanation"": ""The two code snippets appear to be solving different problems. Code Snippet 1 seems to be solving a problem involving string manipulation and rearranging characters, while Code Snippet 2 appears to be solving a problem related to finding a number that, when multiplied by a given number, produces a sum of digits that covers all digits from 0 to 9. The structure, logic, and purpose of the two code snippets are significantly different, indicating that they are not functionally similar.""
}
```",399
