program_a,variant_a,program_b,variant_b,ground_truth,timestamp,response,pair_id
2013_0_1,84294,2013_0_1,58633,CLONE,2026-07-10 20:36:14,"```json
{
  ""answer"": ""YES-SIMILAR"",
  ""explanation"": ""Both code snippets appear to be solving the same problem, which is to determine the winner of a 4x4 Tic-Tac-Toe game. They both read input from a file or standard input, process the game board, and output the result. Although the implementation details differ, such as the use of different data structures and algorithms, they achieve the same task of determining the winner or if the game has not completed. The output format is also similar, with both printing 'Case #X: ' followed by the result.""
}
",0
2013_0_1,84294,2013_0_1,124149,CLONE,2026-07-10 20:36:16,"```
{
  ""answer"": ""YES-SIMILAR"",
  ""explanation"": ""Both code snippets appear to be solving the same problem, which is to determine the winner of a 4x4 Tic-Tac-Toe game. They both read input from an external source, process the game board, and output the result. Although they differ in syntax, structure, and implementation details, they achieve the same result. Both snippets check for wins in rows, columns, and diagonals, and handle cases for draws and incomplete games.""
}
```",1
2013_0_1,84294,2013_0_1,88116,CLONE,2026-07-10 20:36:18,"```
{
  ""answer"": ""YES-SIMILAR"",
  ""explanation"": ""Both code snippets appear to be solving the same problem, which is to determine the winner of a 4x4 Tic-Tac-Toe game. They both read input from a file or standard input, process the game board, and output the result. Although the implementation details differ, such as the use of different data structures and algorithms, they both check for winning conditions, a draw, or an incomplete game. The output format is also consistent between the two snippets.""
}
```",2
2013_0_1,84294,2013_0_1,124226,CLONE,2026-07-10 20:36:20,"```
{
  ""answer"": ""YES-SIMILAR"",
  ""explanation"": ""Both code snippets appear to be solving the same problem, which is to determine the winner of a 4x4 Tic-Tac-Toe game. They both read input from standard input, process the game board, and output the result. Although the code structures and variable names differ, they perform the same checks for winning conditions, including rows, columns, and diagonals. They also handle the cases for a draw, an incomplete game, and a win for either 'X' or 'O'. The logic for determining the game's state is equivalent,",3
2013_0_1,58633,2013_0_1,124149,CLONE,2026-07-10 20:36:23,"```json
{
  ""answer"": ""YES-SIMILAR"",
  ""explanation"": ""Both code snippets appear to be solving the same problem, which is to determine the winner of a series of 4x4 games, likely a variation of Tic-Tac-Toe, based on input from a file. They both read input from a file, process it, and then write the results to another file. The logic for determining the winner involves checking rows, columns, and diagonals for a winning condition. Despite differences in implementation details, such as array usage and file handling, they achieve the same result: identifying the winner of",4
2013_0_1,58633,2013_0_1,88116,CLONE,2026-07-10 20:36:25,"```
{
  ""answer"": ""YES-SIMILAR"",
  ""explanation"": ""Both code snippets appear to be solving the same problem, which is to determine the winner of a game of Tic-Tac-Toe. They both read input from a file, process the game state, and write the result to another file. The logic for determining the winner is different but achieves the same result. Code Snippet 1 uses a matrix to represent the game state and checks for winning conditions explicitly, while Code Snippet 2 uses a HashSet of strings to represent the game state and checks for winning conditions using predefined string patterns.",5
2013_0_1,58633,2013_0_1,124226,CLONE,2026-07-10 20:36:28,"```json
{
  ""answer"": ""YES-SIMILAR"",
  ""explanation"": ""Both code snippets appear to be solving the same problem, which is to determine the winner of a 4x4 game board filled with 'X', 'O', and '.' characters. The game seems to be a variation of Tic-Tac-Toe. Both codes read input from a file or standard input, process the game boards, and output the result to a file or standard output. The logic for determining the winner is similar, checking rows, columns, and diagonals for a winning condition. The main difference is in the implementation details",6
2013_0_1,124149,2013_0_1,88116,CLONE,2026-07-10 20:36:30,"```
{
  ""answer"": ""YES-SIMILAR"",
  ""explanation"": ""Both code snippets appear to be solving the same problem, which is to determine the winner of a 4x4 Tic-Tac-Toe game. They both read input from a file named 'input.txt', process the game boards, and write the results to a file named 'output.txt'. The logic for determining the winner, a draw, or an incomplete game is present in both snippets. Although the approaches differ in syntax and structure, they achieve the same results: identifying 'X' or 'O' wins, a draw, or if",7
2013_0_1,124149,2013_0_1,124226,CLONE,2026-07-10 20:36:32,"```
{
  ""answer"": ""YES-SIMILAR"",
  ""explanation"": ""Both code snippets appear to be solving the same problem, which is to determine the winner of a 4x4 Tic-Tac-Toe game. They both read input from a file or standard input, process the game board, and output the result. The logic for checking rows, columns, and diagonals is similar, and the output messages are identical. The main differences are in coding style, variable names, and input/output handling, but the functional behavior is the same.""
}
```",8
2013_0_1,88116,2013_0_1,124226,CLONE,2026-07-10 20:36:35,"```
{
  ""answer"": ""YES-SIMILAR"",
  ""explanation"": ""Both code snippets appear to be solving the same problem, which is to determine the winner of a 4x4 Tic-Tac-Toe game. They both read input from a file or standard input, process the game board, and output the result to a file or standard output. The logic for determining the winner is different but achieves the same result. Both codes check for wins in rows, columns, and diagonals, and also handle the cases where the game has not completed or is a draw. Although the implementation details differ, the overall functionality",9
2013_0_2,95524,2013_0_2,44471,CLONE,2026-07-10 20:36:38,"```
{
  ""answer"": ""YES-SIMILAR"",
  ""explanation"": ""Both code snippets appear to be solving the same problem, which involves reading input from a file, processing a grid of integers, and determining whether a certain condition is met. The condition seems to be related to finding the maximum value in each row and column and checking if it's possible to satisfy a certain constraint. Although the code structures and implementations differ, they seem to be achieving the same result. Both codes read input, process the grid, and output the result to a file. The logic might be different, but the end goal seems to be the",10
2013_0_2,95524,2013_0_2,55421,CLONE,2026-07-10 20:36:40,"```json
{
  ""answer"": ""YES-SIMILAR"",
  ""explanation"": ""Both code snippets appear to be solving the same problem, which involves reading input from a file, processing a grid of integers, and determining whether it is possible to mow a lawn based on certain conditions. The conditions in both codes check if there is a larger value in the same row or column for each cell in the grid. Although the structure and syntax of the two codes differ, they achieve the same result. The first code snippet uses a more brute-force approach with nested loops to check for larger values, while the second code snippet",11
2013_0_2,95524,2013_0_2,90919,CLONE,2026-07-10 20:36:42,"```
{
  ""answer"": ""YES-SIMILAR"",
  ""explanation"": ""Both code snippets appear to be solving the same problem, which involves reading input from a file, processing a grid of integers, and writing output to another file. The goal of the problem seems to be determining whether each cell in the grid can be considered a 'peak' or not, based on certain conditions. Despite differences in coding style, structure, and optimization, both snippets achieve the same result: they check if there exists at least one cell in each row and column that is a maximum, and if that cell is also a global maximum in",12
2013_0_2,95524,2013_0_2,114653,CLONE,2026-07-10 20:36:44,"```
{
  ""answer"": ""YES-SIMILAR"",
  ""explanation"": ""Both code snippets appear to be solving the same problem, which is to determine if all elements in a grid can be made visible by removing elements that are smaller than others in the same row or column. The first code snippet uses a more verbose approach with multiple nested loops and conditional checks, while the second code snippet uses a more concise approach with a separate method and boolean array. However, despite the differences in implementation, both code snippets achieve the same result and perform the same task.""
}
```",13
2013_0_2,44471,2013_0_2,55421,CLONE,2026-07-10 20:36:47,"```
{
  ""answer"": ""YES-SIMILAR"",
  ""explanation"": ""Both code snippets appear to be solving the same problem, which is to determine if a given lawnmower pattern is possible. The problem involves reading input from a file, processing the data, and writing output to another file. The logic in both snippets involves checking each cell in a grid to see if it is the lowest value in its row or column. The main difference is in the approach and implementation, but the end goal is the same. Code Snippet 1 uses a more object-oriented approach with separate methods for checking rows and columns,",14
2013_0_2,44471,2013_0_2,90919,CLONE,2026-07-10 20:36:49,"```
{
  ""answer"": ""YES-SIMILAR"",
  ""explanation"": ""Both code snippets appear to be solving the same problem, which is to read input from a file, process it, and write output to another file. They both involve reading a matrix, finding the minimum value, and checking if it's possible to have a certain pattern. The main logic of the two snippets is similar, but they differ in syntax, structure, and implementation details. Code Snippet 1 checks if the minimum value in the matrix can be part of a row or column that only contains that minimum value, while Code Snippet 2",15
2013_0_2,44471,2013_0_2,114653,CLONE,2026-07-10 20:36:51,"```
{
  ""answer"": ""YES-SIMILAR"",
  ""explanation"": ""Both code snippets appear to be solving the same problem, which is to determine if a given pattern in a matrix is possible according to certain rules. The rules seem to be that a pattern is possible if the lowest value in the matrix is present in a row or column and all other values in that row or column are also the lowest value. Both codes read input from a file, process the matrix, and output the result to another file. Although the implementation details differ, such as variable names, file names, and some logic structures, the overall",16
2013_0_2,55421,2013_0_2,90919,CLONE,2026-07-10 20:36:53,"```json
{
  ""answer"": ""YES-SIMILAR"",
  ""explanation"": ""Both code snippets appear to be solving the same problem, which is to determine if a given garden pattern is valid according to certain rules. The rules seem to be that a cell in the garden is valid if it is the maximum value in its row or column. The snippets read input from a file, process it, and write output to another file. They both iterate over the test cases, read the garden dimensions and pattern, and then check if the pattern is valid. The main difference is in the approach to checking the validity of the",17
2013_0_2,55421,2013_0_2,114653,CLONE,2026-07-10 20:36:56,"```json
{
  ""answer"": ""YES-SIMILAR"",
  ""explanation"": ""Both code snippets appear to be solving the same problem, which is to determine if a given garden pattern is valid according to certain rules. The rules seem to be that for each cell in the garden, there should not be another cell in the same row or column with a larger value. Both codes read input from a file, process it, and write output to another file. They both use a similar approach of iterating over the garden pattern and checking for the condition. Although the implementation details and coding styles differ, the overall functionality seems to",18
2013_0_2,90919,2013_0_2,114653,CLONE,2026-07-10 20:36:58,"```
{
  ""answer"": ""YES-SIMILAR"",
  ""explanation"": ""Both code snippets appear to be solving the same problem. They read input from a file, process it, and write output to another file. The problem seems to be to check if all elements in a matrix are either the maximum in their row or column. The logic in both snippets is similar, although the implementation differs slightly. Both use a 2D array to store the input matrix and iterate over the elements to check the condition. The main difference is in the approach to find the maximum in each row and column and to verify the condition.",19
2013_0_3,55548,2013_0_3,94901,CLONE,2026-07-10 20:37:01,"```json
{
  ""answer"": ""YES-SIMILAR"",
  ""explanation"": ""Both code snippets appear to be solving the same problem, which is to find the number of perfect squares within a given range that are also palindromes when their square root and the perfect square itself are considered. The first snippet generates these palindromic perfect squares up to a certain limit and stores them in a list, then uses this list to efficiently count the number of such squares within given ranges for multiple test cases. The second snippet directly generates palindromic perfect squares and counts them within given ranges for test cases. Although the approaches",20
2013_0_3,55548,2013_0_3,78294,CLONE,2026-07-10 20:37:03,"```json
{
  ""answer"": ""YES-SIMILAR"",
  ""explanation"": ""Both code snippets appear to be solving the same problem, which is to find the number of 'fair squares' (or 'symmetric squares') within a given range. A fair square is a perfect square that remains the same when its digits are reversed. Both codes generate or pre-calculate a list of fair squares and then use this list to efficiently count the number of fair squares within the given ranges for multiple test cases. Although the approaches to generating fair squares differ (one generates on the fly, and the other pre-computes",21
2013_0_3,55548,2013_0_3,118052,CLONE,2026-07-10 20:37:05,"```json
{
  ""answer"": ""YES-SIMILAR"",
  ""explanation"": ""Both code snippets aim to solve a similar problem, which involves finding the number of 'fair squares' within a given range. A fair square is a number that is a perfect square and its square root is a palindrome. The first snippet generates all possible fair squares up to a certain limit, sorts them, and then uses binary search to count the number of fair squares within the given range for each test case. The second snippet directly generates fair squares by checking if both the number and its square root are palindromes, stores them in",22
2013_0_3,55548,2013_0_3,83531,CLONE,2026-07-10 20:37:08,"```json
{
  ""answer"": ""YES-SIMILAR"",
  ""explanation"": ""Both code snippets appear to be solving the same problem, which is to find the number of perfect squares that are palindromes within a given range. They use different approaches and implementations, but the overall goal is the same. Code Snippet 1 generates all possible palindromic perfect squares up to a certain limit and stores them in a list, then uses binary search to find the number of solutions within the given range. Code Snippet 2 uses a dynamic programming approach to build an array of cumulative counts of palindromic perfect",23
2013_0_3,94901,2013_0_3,78294,CLONE,2026-07-10 20:37:11,"```json
{
  ""answer"": ""YES-SIMILAR"",
  ""explanation"": ""Both code snippets appear to be solving the same problem: finding the number of 'fair squares' within a given range. A fair square is a perfect square that is also a palindrome. The first snippet generates all fair squares up to a certain limit and then uses this list to count the number of fair squares within each given range. The second snippet precomputes a list of fair squares and then iterates over this list to count the number of fair squares within each given range. Although the approaches differ slightly, they achieve the same result.",24
2013_0_3,94901,2013_0_3,118052,CLONE,2026-07-10 20:37:12,"```json
{
  ""answer"": ""YES-SIMILAR"",
  ""explanation"": ""Both code snippets are functionally similar as they solve the same problem. They both read input from a file, generate a list of perfect squares of numbers that are palindromes and whose squares are also palindromes, and then for each test case, count how many of these perfect squares fall within a given range. The output format is also the same, with 'Case #X: Y' indicating the count of such numbers for each test case.""
}
```",25
2013_0_3,94901,2013_0_3,83531,CLONE,2026-07-10 20:37:15,"```json
{
  ""answer"": ""YES-SIMILAR"",
  ""explanation"": ""Both code snippets appear to be solving the same problem, which is to find the number of 'palindromic squares' within a given range. A palindromic square is a number that is both a perfect square and a palindrome. The first code snippet directly computes and stores these values, then uses this list to answer test cases. The second code snippet precomputes and stores the count of such numbers up to a certain limit in an array (`mem`), then uses this array to efficiently answer test cases by subtracting counts. Despite different",26
2013_0_3,78294,2013_0_3,118052,CLONE,2026-07-10 20:37:17,"```
{
  ""answer"": ""YES-SIMILAR"",
  ""explanation"": ""Both code snippets aim to solve the same problem: counting the number of 'fair squares' within a given range [A, B]. A fair square is a number that is both a perfect square and a palindrome. Although the approaches differ, with Code Snippet 1 using a pre-computed list of solutions and Code Snippet 2 generating them on the fly, they achieve the same result. Both read input from a file, process it, and write output to another file. The core functionality of counting fair squares within a range is identical",27
2013_0_3,78294,2013_0_3,83531,CLONE,2026-07-10 20:37:19,"```
{
  ""answer"": ""YES-SIMILAR"",
  ""explanation"": ""Both code snippets appear to be solving the same problem, which is to count the number of perfect squares within a given range that are also palindromes. The first code snippet uses a precomputed list of solutions, while the second code snippet uses a dynamic programming approach to build up a table of solutions. Despite the different approaches, both code snippets achieve the same result and perform the same task.""
}
```",28
2013_0_3,118052,2013_0_3,83531,CLONE,2026-07-10 20:37:22,"```
{
  ""answer"": ""YES-SIMILAR"",
  ""explanation"": ""Both code snippets solve the same problem, which appears to be a Google Code Jam problem. They both find the number of perfect squares within a given range that are also palindromes. The first code snippet precomputes all such squares up to a certain limit and stores them in a set, then for each test case, it counts how many of these squares fall within the given range. The second code snippet uses a similar approach but precomputes a cumulative count of such squares up to a certain limit and uses this array to quickly calculate the",29
2013_1_1,35305,2013_1_1,30788,CLONE,2026-07-10 20:37:24,"```
{
  ""answer"": ""YES-SIMILAR"",
  ""explanation"": ""Both code snippets appear to be solving the same problem, which is to find a value 'n' given two inputs 'R' and 'T'. The first snippet uses a binary search approach with BigInteger to find 'n', while the second snippet uses a mathematical formula to directly calculate 'n'. Despite the difference in approach, both snippets seem to be solving the same problem and producing the same output format, which is 'Case #X: n', where X is the test case number and 'n' is the calculated value. The problem",30
2013_1_1,35305,2013_1_1,30610,CLONE,2026-07-10 20:37:27,"```json
{
  ""answer"": ""NO-NOT-SIMILAR"",
  ""explanation"": ""The two code snippets are not functionally similar. Code Snippet 1 appears to be a solution to a specific problem involving binary search to find a value 'n' given inputs 'r' and 't'. It reads input from a file, performs calculations, and writes output to another file. Code Snippet 2, on the other hand, seems to be a utility class with various static methods for mathematical operations, file I/O, and error handling. It does not contain any specific algorithm or functionality similar to Code Sn",31
2013_1_1,35305,2013_1_1,30305,CLONE,2026-07-10 20:37:29,"```json
{
  ""answer"": ""YES-SIMILAR"",
  ""explanation"": ""Both code snippets appear to be solving the same problem, which is to find the largest integer n such that r*n + n*(n+1) <= t, where r and t are given inputs. Although the code structures and implementations differ, they achieve the same result. Code Snippet 1 uses a binary search approach to find the maximum n, while Code Snippet 2 uses a mathematical formula to directly calculate n. However, the mathematical formula in Code Snippet 2 is derived from the same inequality as the binary search",32
2013_1_1,35305,2013_1_1,40715,CLONE,2026-07-10 20:37:31,"```json
{
  ""answer"": ""YES-SIMILAR"",
  ""explanation"": ""Both code snippets appear to be solving the same problem, which is to find the largest integer value of 'n' such that the inequality 'n*(2*r+1) + 2*(n-1)*n <= t' holds true, where 'r' and 't' are given inputs. Although the snippets differ in their approach and implementation, they produce the same result. The first snippet uses a binary search approach with BigInteger arithmetic, while the second snippet uses a mathematical formula to directly calculate the result and then adjusts",33
2013_1_1,30788,2013_1_1,30610,CLONE,2026-07-10 20:37:34,"```json
{
  ""answer"": ""NO-NOT-SIMILAR"",
  ""explanation"": ""The two code snippets are not functionally similar. Code Snippet 1 appears to be a solution to a specific problem, likely from a competitive programming contest, where it reads input from a file, performs some calculations involving a mathematical formula to find a value 'n', and writes the output to another file. Code Snippet 2, on the other hand, seems to be a utility class providing various static mathematical functions and input/output operations. It does not contain any specific problem-solving logic similar to Code Snippet 1.",34
2013_1_1,30788,2013_1_1,30305,CLONE,2026-07-10 20:37:36,"```json
{
  ""answer"": ""YES-SIMILAR"",
  ""explanation"": ""Both code snippets appear to be solving the same problem, which involves reading input from a file, processing it, and writing output to another file. They both calculate a value 'n' based on the input values 'R' and 'T', and print the result in the format 'Case #X: Y'. The calculations involve a quadratic equation and square root operations. Although the snippets differ in syntax, structure, and use of libraries (e.g., use of BigInteger in the second snippet), they achieve the same result. The",35
2013_1_1,30788,2013_1_1,40715,CLONE,2026-07-10 20:37:38,"```json
{
  ""answer"": ""YES-SIMILAR"",
  ""explanation"": ""Both code snippets appear to be solving the same problem, which involves reading input from a file, performing a calculation based on the input values, and writing the result to an output file. The calculation in both snippets seems to be related to finding a value 'n' based on given formulas that involve square roots and quadratic equations, with 'n' being an integer. Despite differences in coding style, structure, and specific implementation details (e.g., one uses Scanner and PrintWriter, while the other uses BufferedReader and PrintWriter), they",36
2013_1_1,30610,2013_1_1,30305,CLONE,2026-07-10 20:37:41,"```json
{
  ""answer"": ""NO-NOT-SIMILAR"",
  ""explanation"": ""The two code snippets are not functionally similar. Code Snippet 1 appears to be a utility class with various static methods for mathematical operations, file I/O, and input/output handling. It provides a broad range of functionalities, including trigonometric operations, prime number checking, and more. In contrast, Code Snippet 2 is a specific implementation for solving a problem from a competitive programming contest (Google Code Jam). It focuses on reading input from files, performing specific calculations involving large integers, and writing output to files. The purpose",37
2013_1_1,30610,2013_1_1,40715,CLONE,2026-07-10 20:37:43,"```json
{
  ""answer"": ""NO-NOT-SIMILAR"",
  ""explanation"": ""The two code snippets are not functionally similar. Code Snippet 1 appears to be a utility class with various methods for file I/O, mathematical operations, and error handling. It provides a general-purpose set of tools for reading from files, performing calculations, and writing output. In contrast, Code Snippet 2 is a specific implementation of a problem solution, likely from a competitive programming contest. It reads input from a file, performs a specific calculation based on the input, and writes the result to another file. The purpose",38
2013_1_1,30305,2013_1_1,40715,CLONE,2026-07-10 20:37:46,"```json
{
  ""answer"": ""YES-SIMILAR"",
  ""explanation"": ""Both code snippets appear to be solving the same problem, which involves reading input values for 'r' and 't', performing calculations, and outputting a result in the format 'Case #X: Y'. The calculations involve a mathematical formula that seems to be derived from a quadratic equation, and both codes use similar steps to compute the result, although they differ in exact implementation details, such as the use of BigInteger in the first snippet and direct double calculations in the second. Despite these differences, they seem to achieve the same result",39
2014_0_2,107403,2014_0_2,81302,CLONE,2026-07-10 20:37:48,"```json
{
  ""answer"": ""YES-SIMILAR"",
  ""explanation"": ""The two code snippets are functionally similar. They both read input from a file named 'input.txt', process the input using a similar algorithm, and write the output to a file named 'output.txt'. The algorithm used in both snippets appears to be solving the same problem, which involves iteratively increasing a rate by a fixed amount F until a certain condition is met, and then calculating a total time. The main difference is in the implementation details, such as variable names, loop structures, and output formatting, but the overall functionality is the same",40
2014_0_2,107403,2014_0_2,27351,CLONE,2026-07-10 20:37:50,"```json
{
  ""answer"": ""YES-SIMILAR"",
  ""explanation"": ""The two code snippets are functionally similar. They both solve the same problem, which appears to be a problem from the Google Code Jam competition. The problem involves calculating the optimal time to buy a farm to maximize the rate of production. Both codes read input from a file, process it, and write output to another file. The main difference lies in their implementation details, such as variable names, loop conditions, and output handling, but they achieve the same result. The process/solve functions in both codes implement the same logic: iteratively calculating",41
2014_0_2,107403,2014_0_2,41018,CLONE,2026-07-10 20:37:52,"```json
{
  ""answer"": ""YES-SIMILAR"",
  ""explanation"": ""The two code snippets are functionally similar. They both solve a problem where a process involves increasing a rate by a fixed amount (F or extra) until a certain condition is met, at which point they calculate a total time. The condition involves comparing times to achieve a goal (X or goal) at the current and increased rates. Despite differences in variable names, file I/O, and minor structural differences, the core logic in the process or main method is equivalent, leading to the same result.""
}
```",42
2014_0_2,107403,2014_0_2,110678,CLONE,2026-07-10 20:37:54,"```json
{
  ""answer"": ""YES-SIMILAR"",
  ""explanation"": ""The two code snippets are functionally similar. They both solve a problem where they need to calculate the minimum time required to achieve a certain goal, given certain conditions and rates that change over time. Both codes read input from a source (one from a file 'input.txt', the other from System.in), process the input using a similar algorithm, and output the result (one to a file 'output.txt', the other to System.out). The algorithm involves a loop that increments a rate and calculates time based on given formulas until a condition is",43
2014_0_2,81302,2014_0_2,27351,CLONE,2026-07-10 20:37:56,"```json
{
  ""answer"": ""YES-SIMILAR"",
  ""explanation"": ""Both code snippets appear to be solving the same problem, which involves calculating the time it takes for a farm to produce a certain amount of product, considering the cost of buying farms to increase production speed. The logic in both snippets is similar: they iterate through test cases, reading input values for c, f, and x, and then calculate the time using a while loop that increments the speed and time accordingly. The output format is also the same, with both printing 'Case #<test_case>: <time>'.""
}
```",44
2014_0_2,81302,2014_0_2,41018,CLONE,2026-07-10 20:37:58,"```json
{
  ""answer"": ""YES-SIMILAR"",
  ""explanation"": ""Both code snippets appear to be solving the same problem, which involves calculating the time it takes to achieve a certain goal under specific conditions. They both read input from a file, process it, and write output to another file. The logic in both snippets revolves around iteratively updating the speed or rate and calculating the time to reach a goal or farm cost, based on given conditions. Despite differences in variable names, file handling, and minor structural differences, the core logic and objective of the two snippets are functionally similar.""
}
```",45
2014_0_2,81302,2014_0_2,110678,CLONE,2026-07-10 20:38:00,"```json
{
  ""answer"": ""YES-SIMILAR"",
  ""explanation"": ""The two code snippets are functionally similar. They both solve a problem where a character needs to collect a certain number of cookies (X) as fast as possible. The character can either collect cookies at a initial rate (2) or buy farms to increase the rate. The cost of a farm is C and each farm increases the rate by F. Both codes use a while loop to iteratively calculate the time it takes to collect the cookies with and without buying farms, and choose the optimal strategy to minimize the time. Although the codes differ in",46
2014_0_2,27351,2014_0_2,41018,CLONE,2026-07-10 20:38:02,"```json
{
  ""answer"": ""YES-SIMILAR"",
  ""explanation"": ""Both code snippets appear to be solving the same problem, which involves determining the optimal time to buy a farm to minimize the total time it takes to achieve a certain goal. The problem seems to be from the Google Code Jam competition. Despite differences in syntax, structure, and variable names, the logic and mathematical operations performed are equivalent. Both codes iterate through a process of either buying a farm or not, based on which action results in a shorter time to achieve the goal. They both update the rate (or number of products per unit time",47
2014_0_2,27351,2014_0_2,110678,CLONE,2026-07-10 20:38:04,"```json
{
  ""answer"": ""YES-SIMILAR"",
  ""explanation"": ""Both code snippets solve the same problem, which appears to be a variant of the 'Farming' problem from Google Code Jam. They both calculate the minimum time required to achieve a certain goal (winning cookies) with the option to buy farms to increase the rate of winning cookies. Despite differences in variable names, loop structures, and output formatting, the core logic of the two snippets is identical. They both iteratively calculate the time it takes to win cookies with and without buying a farm, and choose the optimal strategy based on the cost of",48
2014_0_2,41018,2014_0_2,110678,CLONE,2026-07-10 20:38:06,"```json
{
  ""answer"": ""YES-SIMILAR"",
  ""explanation"": ""Both code snippets appear to be solving the same problem, which involves calculating the minimum time required to reach a certain goal by farming cookies at an increasing rate. Despite differences in variable names, input/output handling, and loop structures, the core logic of the two snippets is functionally equivalent. They both iteratively increase the farming rate, calculate the time to farm and reach the goal, and accumulate the total time until the goal can be reached more efficiently without further increasing the rate.""
}
```",49
2014_0_3,108079,2014_0_3,27551,CLONE,2026-07-10 20:38:09,"```
{
  ""answer"": ""YES-SIMILAR"",
  ""explanation"": ""Both code snippets appear to be solving the Minesweeper problem from the Google Code Jam competition. They both take input in the form of the number of rows, columns, and mines, and output a Minesweeper grid with the mines placed according to the rules of the problem. Although the code structures and algorithms used differ, they achieve the same result and handle edge cases similarly.""
}
```",50
2014_0_3,108079,2014_0_3,99421,CLONE,2026-07-10 20:38:13,"```json
{
  ""answer"": ""YES-SIMILAR"",
  ""explanation"": ""Both code snippets appear to be solving the Minesweeper problem. They take input in the form of the number of rows, columns, and mines, and output a Minesweeper grid with the mines placed according to certain rules. Although the approaches and implementations differ, the overall task and functionality seem to be the same. The first snippet uses a knapsack-like approach and backtracking, while the second snippet uses a more iterative approach with different comparators for placing mines. Despite these differences, they aim to achieve the same result: generating",51
2014_0_3,108079,2014_0_3,22792,CLONE,2026-07-10 20:38:18,"ANSWER: YES-SIMILAR
EXPLANATION: The two Java code snippets appear to be functionally similar as they both seem to be implementing a solution for the Minesweeper problem, specifically for the Google Code Jam problem ""Minesweeper"". Both codes take input in the form of the number of rows, columns, and mines, and output a grid with mines and a ""c"" indicating the starting point. The codes use different approaches and algorithms, but the overall goal and functionality seem to be the same. The first code uses a dynamic programming approach with a knapsack-like algorithm, while the second code uses a more iterative",52
2014_0_3,108079,2014_0_3,71973,CLONE,2026-07-10 20:38:21,"```json
{
  ""answer"": ""YES-SIMILAR"",
  ""explanation"": ""Both code snippets appear to be solving the Minesweeper problem from the Google Code Jam competition. They take input in the form of R, C, and M, where R is the number of rows, C is the number of columns, and M is the number of mines. The goal is to place the mines on the grid such that there is exactly one 'c' (representing the starting point) and M '*' characters (representing mines) with the rest being '.' (representing empty cells). The code snippets differ in",53
2014_0_3,27551,2014_0_3,99421,CLONE,2026-07-10 20:38:25,"```json
{
  ""answer"": ""YES-SIMILAR"",
  ""explanation"": ""Both code snippets appear to be solving the same problem, which is to place mines on a grid such that a click at a certain position (usually the top-left corner) does not trigger any mine. The goal is to determine if it's possible to place the mines in such a way that the click is safe, and if so, output the configuration of the grid. Both codes read input from a file, process it, and write output to another file. They handle edge cases like a single row or column, and they both have strategies",54
2014_0_3,27551,2014_0_3,22792,CLONE,2026-07-10 20:38:30,"```json
{
  ""answer"": ""YES-SIMILAR"",
  ""explanation"": ""Both code snippets appear to be solving the same problem, which is a variation of the Minesweeper game. They both read input from a file, process it, and then output the results to another file. The goal is to place mines in a grid such that certain conditions are met. Despite differences in coding style, structure, and specific steps, they achieve the same result.""
}
```",55
2014_0_3,27551,2014_0_3,71973,CLONE,2026-07-10 20:38:32,"```json
{
  ""answer"": ""YES-SIMILAR"",
  ""explanation"": ""Both code snippets appear to be solving the same problem, which is to place mines in a grid such that certain conditions are met. They both read input from a file, process it, and write output to another file. The logic for placing mines and determining if it's possible to do so seems to be similar, although the implementation details differ. Both codes handle edge cases like a grid with a single row or column, and they both check for the number of free cells. The main difference lies in the algorithm used to place the mines,",56
2014_0_3,99421,2014_0_3,22792,CLONE,2026-07-10 20:38:39,"```json
{
  ""answer"": ""YES-SIMILAR"",
  ""explanation"": ""Both code snippets appear to be solving the Minesweeper problem. They read input from a file, process it, and then output the results to another file. The logic for placing mines and determining the output seems to be similar, although the implementation details differ. Both codes seem to be attempting to solve the same problem using different approaches and algorithms.""
}
```",57
2014_0_3,99421,2014_0_3,71973,CLONE,2026-07-10 20:38:41,"```json
{
  ""answer"": ""YES-SIMILAR"",
  ""explanation"": ""Both code snippets appear to be solving the same problem, which is a variation of the 'Minesweeper' game. They both read input from a file, process it, and write output to another file. The goal is to place mines and 'c' (click) on a grid such that all mines are avoided. The approaches seem different but the end goal is the same. Both codes try to solve the problem by iterating over the grid, placing mines and 'c', and outputting the results.""
}
```",58
2014_0_3,22792,2014_0_3,71973,CLONE,2026-07-10 20:38:47,"```
{
  ""answer"": ""YES-SIMILAR"",
  ""explanation"": ""Both code snippets appear to be solving the Minesweeper problem for the Google Code Jam competition. They read input from a file, process it, and then output the results to another file. The logic for placing mines and determining the output seems to be similar, although the implementation details differ. Both codes aim to generate a Minesweeper grid based on given dimensions and a number of mines, ensuring that certain conditions are met for the 'c' (clear) cell and mine placements.""
}
```",59
2014_2_1,124976,2014_2_1,115332,CLONE,2026-07-10 20:38:50,"```json
{
  ""answer"": ""YES-SIMILAR"",
  ""explanation"": ""Both code snippets appear to be solving the same problem, which involves reading input from a file, processing it, and then outputting the result to another file. The problem seems to be from a competitive programming contest, likely Google Code Jam. The task involves determining whether 'Fegla Won' or calculating a result based on the input strings. Despite differences in structure, variable names, and some implementation details, the core logic and functionality of the two snippets are similar. They both read input, process it case by case, and output",60
2014_2_1,124976,2014_2_1,119554,CLONE,2026-07-10 20:38:52,"```json
{
  ""answer"": ""YES-SIMILAR"",
  ""explanation"": ""Both code snippets appear to be solving the same problem, which involves reading input from a file, processing it, and then writing the output to another file. They both handle multiple test cases and seem to be checking if one player, Fegla, has won based on certain conditions. The logic for determining if Fegla has won and calculating the result when Fegla has not won seems to be equivalent, despite different implementations. Both snippets iterate over input lines, process character sequences, and compute a result based on character counts and",61
2014_2_1,124976,2014_2_1,126555,CLONE,2026-07-10 20:38:54,"```json
{
  ""answer"": ""YES-SIMILAR"",
  ""explanation"": ""Both code snippets appear to be solving the same problem, which is to determine the minimum number of moves required to make all strings in a list have the same character sequence. The first code snippet reads input from a file and calculates the minimum moves required for each test case, while the second code snippet uses a more recursive approach and Guava library. Although the structure and syntax differ, they seem to achieve the same result.""
}
```",62
2014_2_1,124976,2014_2_1,125050,CLONE,2026-07-10 20:38:56,"```json
{
  ""answer"": ""YES-SIMILAR"",
  ""explanation"": ""The two code snippets appear to be functionally similar. They both solve the same problem, which seems to be from a Google Code Jam contest. The problem involves reading input lines, processing them to determine if 'Fegla Won' or calculating a minimum number of moves required. Despite differences in coding style, structure, and some implementation details, they achieve the same result. Both read input, process it in a loop, and output the results in the required format. They handle the 'Fegla Won' condition similarly and compute the",63
2014_2_1,115332,2014_2_1,119554,CLONE,2026-07-10 20:38:59,"```
{
  ""answer"": ""YES-SIMILAR"",
  ""explanation"": ""Both code snippets appear to be solving the same problem, which involves parsing input strings, creating a matrix of character counts, and then calculating a result based on the minimum sum of absolute differences between the counts and a target value. The first snippet uses a more object-oriented approach with a class and methods, while the second snippet uses a more functional approach with static methods. However, despite the differences in implementation, they seem to achieve the same result. The first snippet checks if 'Fegla Won' condition is met and returns a string accordingly,",64
2014_2_1,115332,2014_2_1,126555,CLONE,2026-07-10 20:39:02,"```json
{
  ""answer"": ""YES-SIMILAR"",
  ""explanation"": ""Both code snippets appear to be solving the same problem, which involves processing a list of strings and calculating a minimum number of moves or determining if 'Fegla Won'. They use different approaches and implementations, but the core task seems to be similar. Both snippets read input from a file, process it, and output the result to another file. The first snippet uses a more object-oriented approach with a class and methods like parseCase, solveCase, and getSolution, while the second snippet uses a more functional approach with static methods.",65
2014_2_1,115332,2014_2_1,125050,CLONE,2026-07-10 20:39:04,"```
{
  ""answer"": ""YES-SIMILAR"",
  ""explanation"": ""Both code snippets appear to be solving the same problem, which involves parsing a set of strings, creating a matrix to store character counts, and then calculating a minimum distance. The goal is to determine if 'Fegla Won' or calculate the result. Despite differences in structure and syntax, they achieve the same task: processing a series of strings to determine either 'Fegla Won' or a calculated result based on character distributions across the strings.""
}
```",66
2014_2_1,119554,2014_2_1,126555,CLONE,2026-07-10 20:39:07,"```json
{
  ""answer"": ""NO-NOT-SIMILAR"",
  ""explanation"": ""The two code snippets appear to be solving the same problem, which is to calculate the minimum number of moves required to make a set of strings consistent. However, they approach the problem in different ways and have different implementations. Code Snippet 1 uses a more straightforward approach, iterating over the characters in each string and calculating the minimum number of moves required to make the strings consistent. Code Snippet 2 uses a more complex approach, involving stacks and Guava libraries. Despite solving the same problem, the code structures, algorithms",67
2014_2_1,119554,2014_2_1,125050,CLONE,2026-07-10 20:39:09,"```
{
  ""answer"": ""YES-SIMILAR"",
  ""explanation"": ""Both code snippets appear to be solving the same problem, which involves processing a list of strings, counting consecutive occurrences of characters, and then calculating a minimum number of moves to make the counts of a particular character across all strings as close as possible to a certain value. The first snippet uses a more object-oriented approach with an Entity class and separates the concerns into multiple methods, while the second snippet uses a more procedural approach with arrays and a custom InputReader class. Despite these differences in implementation, the overall logic and goal of the two snippets seem to",68
2014_2_1,126555,2014_2_1,125050,CLONE,2026-07-10 20:39:12,"```json
{
  ""answer"": ""YES-SIMILAR"",
  ""explanation"": ""Both code snippets appear to be solving the same problem, which involves finding the minimum number of moves to make a set of strings have the same character sequence. They both read input from a file or standard input, process the strings, and output the results. Although the implementation details differ, such as the use of different libraries (Guava in the first snippet) and different algorithmic approaches, they seem to achieve the same result. The first snippet uses a recursive approach with a focus on string prefix matching and calculation of minimum moves, while the",69
2014_3_1,141827,2014_3_1,137264,CLONE,2026-07-10 20:39:15,"```json
{
  ""answer"": ""YES-SIMILAR"",
  ""explanation"": ""Both code snippets appear to be solving a problem from a competitive programming contest, likely from Google Code Jam. The first code snippet is a more general framework that can handle multiple problems (A, B, C, D), while the second code snippet seems to be specifically solving problem A. The problem A in the first snippet and the second snippet seem to be solving the same task: given a fraction p/q, find the minimum number of steps to represent it as a sum of fractions with denominators of powers of 2. Although the approaches",70
2014_3_1,141827,2014_3_1,138894,CLONE,2026-07-10 20:39:17,"```json
{
  ""answer"": ""YES-SIMILAR"",
  ""explanation"": ""Both code snippets appear to be solving the same type of problem, specifically a problem from the Google Code Jam competition. Code Snippet 1 is a more comprehensive solution that can handle multiple problems (A, B, C, D), while Code Snippet 2 focuses on problem A. The main functionality of problem A in both snippets is to read input from a file, process it, and write output to another file. The logic for problem A in Code Snippet 1 (method main_A) and Code Snippet 2",71
2014_3_1,141827,2014_3_1,136615,CLONE,2026-07-10 20:39:19,"```json
{
  ""answer"": ""YES-SIMILAR"",
  ""explanation"": ""Both code snippets appear to be solving problems from the Google Code Jam competition. Code Snippet 1 is a Java program that solves multiple problems (AL2), while Code Snippet 2 solves a specific problem (A-large). Upon closer inspection, the main functionality of Code Snippet 1 for problem 'A' (main_A method) and Code Snippet 2 are similar, as they both aim to find the number of steps to represent a fraction as a binary fraction with a limited number of steps. Although the implementation details",72
2014_3_1,141827,2014_3_1,138529,CLONE,2026-07-10 20:39:21,"```json
{
  ""answer"": ""YES-SIMILAR"",
  ""explanation"": ""The two code snippets appear to be solving the same problem, specifically the first problem in Google Code Jam 2014, 'A-large.in'. Both snippets read input from a file, process it, and write output to another file. They both handle multiple test cases and output the results in the same format, 'Case #X: Y', where X is the test case number and Y is the result. Although the code structures and variable names differ, the overall logic and functionality seem to be similar, focusing on processing fractions and determining",73
2014_3_1,137264,2014_3_1,138894,CLONE,2026-07-10 20:39:24,"```json
{
  ""answer"": ""YES-SIMILAR"",
  ""explanation"": ""Both code snippets appear to be solving the same problem, which involves finding the minimum number of times a fraction's denominator can be divided by 2 to make it a power of 2, or determining if it's impossible. The first snippet uses a gcd function and precomputes powers of 2, while the second uses a different approach with iterative division by 2 and a check function. Despite different implementations, they achieve the same result for each test case, making them functionally similar.""
}
```",74
2014_3_1,137264,2014_3_1,136615,CLONE,2026-07-10 20:39:25,"```json
{
  ""answer"": ""YES-SIMILAR"",
  ""explanation"": ""Both code snippets appear to be solving the same problem, which involves reading input fractions, simplifying them, and then finding the smallest power of 2 that can be used to scale the fraction to have a denominator that is a power of 2. If such a power exists, they output it; otherwise, they output 'impossible'. Despite different implementations, they achieve the same result.""
}
```",75
2014_3_1,137264,2014_3_1,138529,CLONE,2026-07-10 20:39:27,"```
{
  ""answer"": ""YES-SIMILAR"",
  ""explanation"": ""Both code snippets appear to be solving the same problem, which involves reading input in the form of fractions, simplifying them, and then finding the minimum number of times the denominator can be divided by 2 until it becomes 1, or determining if it's impossible. They use different approaches and implementations but achieve the same result. Both calculate GCD, simplify fractions, and then check for the power of 2 in the denominator.""
}
```",76
2014_3_1,138894,2014_3_1,136615,CLONE,2026-07-10 20:39:30,"```
{
  ""answer"": ""YES-SIMILAR"",
  ""explanation"": ""Both code snippets appear to be solving the same problem, which involves processing fractions and determining if they can be converted to a specific form. They both read input from a file named 'A-large.in', process the input, and write output to a file. The logic in both snippets revolves around checking if a denominator Q can be reduced to a power of 2 (or if a fraction P/Q can be doubled to at least 1) within a certain number of steps (40 in the first snippet and implicitly 40 through maxGen in the",77
2014_3_1,138894,2014_3_1,138529,CLONE,2026-07-10 20:39:32,"```
{
  ""answer"": ""YES-SIMILAR"",
  ""explanation"": ""Both code snippets appear to be solving the same problem, which involves reading input from a file, processing it, and writing output to another file. They both take two numbers P and Q as input, split by '/', and then perform operations on them to determine if Q can be reduced to 1 by repeatedly dividing by 2, and if so, find the difference in the number of steps between P and Q to reach 1. The first snippet uses a more straightforward approach with a loop limit of 40, while the second snippet uses bit",78
2014_3_1,136615,2014_3_1,138529,CLONE,2026-07-10 20:39:34,"```
{
  ""answer"": ""YES-SIMILAR"",
  ""explanation"": ""Both code snippets appear to be solving the same problem, which involves reading input from a file, processing fractions, and writing output to another file. They both check if a fraction P/Q can be represented as a power of 2, and if so, find the smallest power of 2 that is greater than or equal to P/Q. The main logic of the two snippets is similar, although the implementation details differ. They both use a GCD function to simplify the fraction, and then check if the denominator is a power of 2. If",79
2015_0_1,79967,2015_0_1,35102,CLONE,2026-07-10 20:39:36,"```
{
  ""answer"": ""YES-SIMILAR"",
  ""explanation"": ""Both code snippets appear to be solving the same problem, which involves calculating the number of friends required to help a person with shyness levels. They both read input from a file, process it, and write the output to another file. The logic in Code Snippet 1's solve method and Code Snippet 2's friendsRequired function is functionally similar, as they both iterate over the audience's shyness levels, calculate the required friends, and update the standing count accordingly. The main difference lies in the implementation approach and file handling",80
2015_0_1,79967,2015_0_1,68106,CLONE,2026-07-10 20:39:38,"```json
{
  ""answer"": ""YES-SIMILAR"",
  ""explanation"": ""The two code snippets are functionally similar. They both read input from a file, process it, and write the output to another file. The task they perform is to calculate the number of new stands required for a given audience. The main logic in both codes is equivalent: they iterate over the audience string, updating the standing and new stands required based on the current standing and the value of the current character in the string. The output format is also the same, with both codes printing 'Case #X: Y' to the console and",81
2015_0_1,79967,2015_0_1,65869,CLONE,2026-07-10 20:39:40,"```
{
  ""answer"": ""YES-SIMILAR"",
  ""explanation"": ""Both code snippets appear to be solving the same problem, which involves reading input from a file, processing it, and writing the output to another file. They both read a number of test cases, then for each test case, they read a line of input, process it to calculate a result, and write the result to the output file. The processing involves parsing a string of digits and calculating a sum of 'friends' needed. The output format is also the same, with each result prefixed with 'Case #X: '. Despite differences in structure",82
2015_0_1,79967,2015_0_1,46754,CLONE,2026-07-10 20:39:42,"```json
{
  ""answer"": ""YES-SIMILAR"",
  ""explanation"": ""Both code snippets appear to be solving the same problem, which involves reading input from a file, processing it, and writing the output to another file. They both iterate over a number of test cases, and for each test case, they calculate a result based on the input string and an initial value. The calculation involves iterating over the characters in the string, updating a counter, and adding to the result when necessary. The result is then written to the output file. Although the snippets differ in syntax and structure, they achieve the same task",83
2015_0_1,35102,2015_0_1,68106,CLONE,2026-07-10 20:39:45,"```json
{
  ""answer"": ""YES-SIMILAR"",
  ""explanation"": ""The two code snippets are functionally similar. They both solve the same problem, which appears to be a problem from the Google Code Jam competition. The problem involves calculating the number of friends required to help people stand up in an audience, given their shyness levels. Both codes take the maximum shyness level and a string representing the number of people at each shyness level, and they both output the number of friends required. Although the codes differ in syntax, structure, and variable names, they perform the same task and produce",84
2015_0_1,35102,2015_0_1,65869,CLONE,2026-07-10 20:39:47,"```
{
  ""answer"": ""YES-SIMILAR"",
  ""explanation"": ""Both code snippets appear to be solving the same problem, which is to calculate the number of friends required to help people with shyness levels stand up in a crowd. The problem seems to be from the Google Code Jam competition. Despite differences in coding style, structure, and syntax, both snippets achieve the same result. They both read input from a file, process it, and write the output to another file. The main logic in both snippets is equivalent, although it's implemented differently. Code Snippet 1 uses a more straightforward approach with a",85
2015_0_1,35102,2015_0_1,46754,CLONE,2026-07-10 20:39:49,"```json
{
  ""answer"": ""YES-SIMILAR"",
  ""explanation"": ""Both code snippets appear to be solving the same problem, which involves calculating the number of friends required to achieve a certain level of shyness in an audience. The main logic in both snippets iterates over a range of shyness levels, calculates the number of people already standing, and determines if additional friends are needed to reach the current shyness level. The core calculation logic is equivalent, despite differences in variable names and coding style. The input and output operations also serve the same purpose in both snippets, reading from a file and",86
2015_0_1,68106,2015_0_1,65869,CLONE,2026-07-10 20:39:51,"```
{
  ""answer"": ""YES-SIMILAR"",
  ""explanation"": ""Both code snippets appear to be solving the same problem, which is to calculate the number of new balls needed in a standing game. The game involves a standing position and a sequence of numbers represented as characters. The goal is to calculate the total number of new balls needed to maintain the standing position throughout the sequence. Although the code snippets differ in syntax, structure, and implementation details, they achieve the same result. They both read input from a file, process the data, and write the output to another file. The logic for calculating the new balls",87
2015_0_1,68106,2015_0_1,46754,CLONE,2026-07-10 20:39:53,"```json
{
  ""answer"": ""YES-SIMILAR"",
  ""explanation"": ""The two code snippets are functionally similar. They both read input from a file, process it, and write output to another file. The task they perform is to calculate the number of new bows needed for a given sequence of standing ovations. The logic in both codes achieves the same result, although the structure and syntax differ. They both iterate over a sequence of digits, maintaining a running sum of the digits and a count of new bows needed, adding new bows whenever the current position exceeds the running sum.""
}
```",88
2015_0_1,65869,2015_0_1,46754,CLONE,2026-07-10 20:39:55,"```
{
  ""answer"": ""YES-SIMILAR"",
  ""explanation"": ""Both code snippets appear to be solving the same problem, which involves reading input from a file, processing it, and writing the output to another file. The problem seems to be from the Google Code Jam (GCJ) competition. The main task in both codes is to calculate a value based on a given string and an integer, and then write this value to the output file in a specific format. The calculation involves iterating over the characters in the string, converting them to integers, and accumulating a sum based on certain conditions. Despite differences in structure",89
2015_0_2,34257,2015_0_2,32722,CLONE,2026-07-10 20:39:57,"```
{
  ""answer"": ""YES-SIMILAR"",
  ""explanation"": ""Both code snippets appear to be solving the same problem, which is to find the minimum number of operations required to cut pancakes of different sizes into pieces such that the total number of operations is minimized. Although the approaches and implementations differ, they seem to be achieving the same result. Code Snippet 1 uses a priority queue and a recursive approach, while Code Snippet 2 uses a brute-force approach with multiple loops. However, the problem they are trying to solve seems to be the same, which is to minimize the number of cuts required to",90
2015_0_2,34257,2015_0_2,77145,CLONE,2026-07-10 20:39:59,"```json
{
  ""answer"": ""YES-SIMILAR"",
  ""explanation"": ""Both code snippets appear to be solving a similar problem, likely from a competitive programming contest or challenge, given the 'Case #' output format. The first snippet uses a PriorityQueue and a custom Pancake class to solve the problem, while the second snippet uses a more straightforward approach with arrays and loops. However, despite the differences in implementation, they seem to achieve the same result: finding a minimum value related to a set of input numbers, possibly related to a pancake problem variation. The first snippet's solve method and the second snippet",91
2015_0_2,34257,2015_0_2,72707,CLONE,2026-07-10 20:40:01,"```json
{
  ""answer"": ""NO-NOT-SIMILAR"",
  ""explanation"": ""The two code snippets appear to be solving different problems. Code Snippet 1 seems to be solving a problem involving cutting pancakes of different sizes, using a priority queue to manage the pancakes and determine the minimum number of cuts required. Code Snippet 2, on the other hand, appears to be solving a problem involving finding an optimal value by iterating over a range of values and checking a condition. The algorithms, data structures, and problem domains seem to be different, indicating that the code snippets are not functionally similar.""
}
",92
2015_0_2,34257,2015_0_2,68668,CLONE,2026-07-10 20:40:03,"```json
{
  ""answer"": ""YES-SIMILAR"",
  ""explanation"": ""Both code snippets appear to be solving a similar problem, which involves cutting pancakes into smaller pieces to minimize the total number of cuts or the total length of the pancake pieces. Although the approaches differ, with Code Snippet 1 using a priority queue and Code Snippet 2 using a brute-force approach with a limit, they seem to be achieving the same goal. The problem they are trying to solve seems to be a variation of the 'Pancake Cutting' problem. Despite differences in implementation, they produce similar output formats,",93
2015_0_2,32722,2015_0_2,77145,CLONE,2026-07-10 20:40:05,"```
{
  ""answer"": ""YES-SIMILAR"",
  ""explanation"": ""The two code snippets are functionally similar. They both solve the same problem, which appears to be a variation of the 'Infinite House of Pancakes' problem. The goal is to find the minimum time required to divide a set of pancakes among a group of people. The code snippets use different approaches and implementations, but they achieve the same result. Both snippets read input from a file or standard input, process the data, and output the result in a similar format.""
}
```",94
2015_0_2,32722,2015_0_2,72707,CLONE,2026-07-10 20:40:07,"```
{
  ""answer"": ""YES-SIMILAR"",
  ""explanation"": ""Both code snippets appear to be solving the same problem, which is to find the minimum time required to divide a set of pancakes among a certain number of diners. The algorithms used in both snippets are similar, iterating over possible numbers of divisions and calculating the total time required for each division. Although the syntax and structure differ, the core logic and problem being solved are the same, indicating that they are functionally similar.""
}
```",95
2015_0_2,32722,2015_0_2,68668,CLONE,2026-07-10 20:40:08,"```
{
  ""answer"": ""YES-SIMILAR"",
  ""explanation"": ""Both code snippets appear to be solving the same problem, which is to find the minimum time required to divide a set of pancakes among a certain number of diners. The algorithms used in both snippets are similar, iterating over a range of possible values to find the minimum time. Although there are differences in syntax, structure, and input/output handling, the core logic of the two snippets is functionally similar.""
}
```",96
2015_0_2,77145,2015_0_2,72707,CLONE,2026-07-10 20:40:11,"```json
{
  ""answer"": ""YES-SIMILAR"",
  ""explanation"": ""Both code snippets appear to be solving the same problem, which involves finding the minimum cost given a certain number of people and their respective values. The first snippet iterates through each test case, reading the number of people and their values, then calculates the minimum cost by iterating through possible values of 'count' and updating the result. The second snippet uses a similar approach but encapsulates the calculation within a method 'go()' and utilizes a PriorityQueue to store the people's values. Despite differences in implementation and data structures used, both snippets aim to",97
2015_0_2,77145,2015_0_2,68668,CLONE,2026-07-10 20:40:12,"```json
{
  ""answer"": ""YES-SIMILAR"",
  ""explanation"": ""Both code snippets appear to be solving the same problem, which involves finding the minimum number of cuts required to cut a stack of pancakes into pieces of a certain size. The first code snippet uses a more brute-force approach with a while loop to iterate over possible cut sizes, while the second code snippet uses a for loop to iterate over a fixed range of cut sizes. However, despite the differences in implementation, both code snippets achieve the same result and perform the same task. They both read input from the user, process the input, and",98
2015_0_2,72707,2015_0_2,68668,CLONE,2026-07-10 20:40:15,"```json
{
  ""answer"": ""YES-SIMILAR"",
  ""explanation"": ""Both code snippets appear to be solving the same problem, which involves finding the minimum number of cuts required to cut pancakes of different sizes into pieces of a certain size. The first snippet uses a PriorityQueue to store the pancake sizes, while the second snippet uses an array. However, the algorithm used in both snippets is similar, involving iterating over possible cut sizes and calculating the total number of cuts required. The output format is also the same, with both snippets printing 'Case #X: Y' for each test case. Despite differences",99
2015_0_3,74464,2015_0_3,88073,CLONE,2026-07-10 20:40:18,"```
{
  ""answer"": ""YES-SIMILAR"",
  ""explanation"": ""Both code snippets appear to be solving the same problem, which is to determine if a given string expression can be evaluated to a certain condition within a specified number of steps (X). They use different approaches and implementations, but the overall goal seems to be similar. Both snippets involve parsing the string, evaluating expressions, and checking conditions based on the input string and the value of X.""
}
```",100
2015_0_3,74464,2015_0_3,21597,CLONE,2026-07-10 20:40:20,"```
{
  ""answer"": ""NO-NOT-SIMILAR"",
  ""explanation"": ""The two code snippets appear to be solving different problems. Code Snippet 1 seems to be solving a problem involving quaternions and checking if a certain condition can be met given a string of 'i', 'j', 'k' characters and a target value X. Code Snippet 2 appears to be solving a problem involving string manipulation and checking if a certain sequence of 'i', 'j', 'k' characters can be found in a repeated string. The algorithms, data structures, and problem domains seem to be different",101
2015_0_3,74464,2015_0_3,62582,CLONE,2026-07-10 20:40:22,"```
{
  ""answer"": ""YES-SIMILAR"",
  ""explanation"": ""Both code snippets appear to be solving the same problem, which involves parsing a string of characters ('i', 'j', 'k') and performing certain calculations to determine if a specific condition can be met. They both use similar approaches, such as prefix and suffix calculations, and multiplication-like operations. Although the implementation details and coding styles differ, the overall logic and problem-solving approach seem to be the same.""
}
```",102
2015_0_3,74464,2015_0_3,107238,CLONE,2026-07-10 20:40:25,"```
{
  ""answer"": ""YES-SIMILAR"",
  ""explanation"": ""Both code snippets appear to be solving the same problem, which involves determining whether a given string of characters 'i', 'j', and 'k' can be transformed into a specific product using certain rules. The rules involve multiplying the characters by each other and checking the results against a given table. Both snippets use similar table-based multiplication and have similar functions to calculate products and powers. They also both read input from a file and output to a file. The main difference lies in the approach to solving the problem, but the overall functionality seems to be",103
2015_0_3,88073,2015_0_3,21597,CLONE,2026-07-10 20:40:28,"```
{
  ""answer"": ""YES-SIMILAR"",
  ""explanation"": ""Both code snippets appear to be solving the same problem, which is to determine if a given string expression can be evaluated to a certain condition after a specified number of iterations. The condition seems to be related to the presence of certain characters ('i', 'j', 'k') and their combinations in the expression. Despite differences in implementation, data structures, and some algorithmic approaches, the core functionality of evaluating expressions and determining their validity under certain conditions seems to be similar. Both codes also seem to handle large inputs by optimizing the number of iterations required.""
",104
2015_0_3,88073,2015_0_3,62582,CLONE,2026-07-10 20:40:30,"```json
{
  ""answer"": ""YES-SIMILAR"",
  ""explanation"": ""Both code snippets appear to be solving the same problem, which is to evaluate an expression involving 'i', 'j', and 'k' characters and determine if it results in a certain condition being met after a specified number of iterations. Despite differences in syntax, structure, and approach, they seem to be functionally similar in that they both aim to assess the outcome of these expressions under given constraints.""
}
```",105
2015_0_3,88073,2015_0_3,107238,CLONE,2026-07-10 20:40:32,"```
{
  ""answer"": ""YES-SIMILAR"",
  ""explanation"": ""Both code snippets appear to be solving the same problem, which is to evaluate an expression involving 'i', 'j', and 'k' characters and determine if it results in a certain condition being met after a given number of iterations. Despite differences in approach, data structures, and variable names, they seem to be functionally similar, checking for the presence of 'i', 'j', and 'k' in a cyclic manner and verifying if a specific condition is satisfied. The outputs and the flow of logic, although implemented differently, aim to achieve",106
2015_0_3,21597,2015_0_3,62582,CLONE,2026-07-10 20:40:35,"```
{
  ""answer"": ""YES-SIMILAR"",
  ""explanation"": ""Both code snippets appear to be solving the same problem, which involves finding a specific sequence of operations that results in a certain outcome. They use different approaches and implementations, but the core logic and functionality seem to be similar. Both snippets involve iterating over input strings, performing operations based on certain rules, and checking for specific conditions. Although the syntax, structure, and variable names differ, the overall task and functionality seem to be equivalent.""
}
```",107
2015_0_3,21597,2015_0_3,107238,CLONE,2026-07-10 20:40:37,"```json
{
  ""answer"": ""YES-SIMILAR"",
  ""explanation"": ""Both code snippets appear to be solving the same problem, which involves determining if a given string can be broken down into three parts that, when processed through a specific operation (multiplication in Code Snippet 2 and iteration in Code Snippet 1), yield the values 'i', 'j', and 'k' in sequence. Despite different implementations, the core logic and objectives of the two snippets seem to align, suggesting they are functionally similar.""
}
```",108
2015_0_3,62582,2015_0_3,107238,CLONE,2026-07-10 20:40:40,"```json
{
  ""answer"": ""YES-SIMILAR"",
  ""explanation"": ""Both code snippets appear to be solving the same problem, which involves processing a string and performing certain operations based on the characters in the string. They both read input from the user, perform some calculations, and then output the result. The operations involve replacing certain characters with numbers, performing multiplication-like operations, and checking for certain conditions. Although the structure and syntax of the two code snippets differ, they seem to be achieving the same result. The first code snippet uses a more recursive approach with a custom multiplication function, while the second code snippet",109
2015_0_4,107149,2015_0_4,96734,CLONE,2026-07-10 20:40:43,"```json
{
  ""answer"": ""YES-SIMILAR"",
  ""explanation"": ""Both code snippets appear to be solving the same problem, which is to determine the winner of a game based on certain conditions. They both read input from a file or standard input, parse the input, and then use a series of conditional statements to determine the winner. The logic in both snippets seems to be equivalent, although the structure and syntax differ. Both snippets consider the same factors, such as the product of two numbers being divisible by a given number, and use similar rules to determine the winner. The main difference is in the organization",110
2015_0_4,107149,2015_0_4,79014,CLONE,2026-07-10 20:40:45,"```
{
  ""answer"": ""YES-SIMILAR"",
  ""explanation"": ""Both code snippets appear to be solving the same problem, which is to determine the winner of a game given certain input parameters. They both read input from a source (file for the first snippet, standard input for the second), and output the result in a similar format. The logic for determining the winner is different in structure, but ultimately appears to be based on the same rules and conditions. The first snippet uses a long series of if-else statements, while the second uses a switch statement and separate method, but both seem to evaluate the same conditions",111
2015_0_4,107149,2015_0_4,21673,CLONE,2026-07-10 20:40:46,"```json
{
    ""answer"": ""YES-SIMILAR"",
    ""explanation"": ""The two code snippets appear to be functionally similar. They both solve a problem where they read input values, perform certain checks based on those values, and output 'GABRIEL' or 'RICHARD' depending on the conditions met. Despite differences in structure, variable handling, and input/output methods, the core logic and output for given inputs seem to align, indicating they achieve the same task.""
}
```",112
2015_0_4,107149,2015_0_4,77477,CLONE,2026-07-10 20:40:48,"```json
{
  ""answer"": ""YES-SIMILAR"",
  ""explanation"": ""Both code snippets appear to be solving the same problem, which involves determining the winner of a game based on the product of two numbers (r and c) and a given value x. The game rules seem to be applied in a similar manner in both snippets, with the outcome depending on the remainder of the product of r and c divided by x, and additional conditions for certain values of x. Although the structure and some details of the code differ, the overall logic and the conditions for determining the winner (RICHARD or GAB",113
2015_0_4,96734,2015_0_4,79014,CLONE,2026-07-10 20:40:51,"```json
{
  ""answer"": ""YES-SIMILAR"",
  ""explanation"": ""Both code snippets appear to be solving the same problem, which is to determine whether Richard or Gabriel wins in a game involving ominos. The game takes three inputs: x, r, and c, and the goal is to determine who can cover a grid of size r x c with x ominos. The code snippets use different approaches and structures, but they seem to be making the same decisions based on the inputs. They both check if the area of the grid is divisible by x, and if not, Richard wins. They also",114
2015_0_4,96734,2015_0_4,21673,CLONE,2026-07-10 20:40:53,"```
{
  ""answer"": ""YES-SIMILAR"",
  ""explanation"": ""Both code snippets appear to be solving the same problem, which is to determine whether Gabriel or Richard wins a game involving ominos of a certain size on a grid of a certain size. The first code snippet uses a more verbose approach with a BufferedReader and explicit parsing, while the second code snippet uses a Scanner for input. However, the logic in the doTestCase method of the first snippet and the good method of the second snippet seem to be equivalent, as they both check for the same conditions (e.g., if the area of the",115
2015_0_4,96734,2015_0_4,77477,CLONE,2026-07-10 20:40:55,"```json
{
  ""answer"": ""YES-SIMILAR"",
  ""explanation"": ""Both code snippets appear to be solving the same problem, which is to determine the winner of a game given certain input parameters. They both read input from a source, parse the input, and then use the parsed input to determine the winner. The logic for determining the winner seems to be different in structure but ultimately appears to be checking the same conditions, just in a different order and with slightly different logic flows. However, despite the differences in code structure and syntax, they seem to be achieving the same result, which is to determine the",116
2015_0_4,79014,2015_0_4,21673,CLONE,2026-07-10 20:40:57,"```
{
  ""answer"": ""YES-SIMILAR"",
  ""explanation"": ""The two code snippets are functionally similar. They both determine whether Richard or Gabriel wins based on the input values of X, R, and C. The logic for determining the winner is the same, although the code structures and variable names differ. Both codes check if the area of the rectangle (R*C) can be divided evenly into X, and then apply specific rules based on the value of X to decide the winner. The conditions for X values 1 through 6 are essentially mirrored in both codes, with the same outcomes for the same inputs",117
2015_0_4,79014,2015_0_4,77477,CLONE,2026-07-10 20:40:59,"```json
{
  ""answer"": ""YES-SIMILAR"",
  ""explanation"": ""Both code snippets appear to be solving the same problem, which is to determine the winner of a game given certain input parameters. The input parameters are X, R, and C, which represent the number of polyominoes, and the dimensions of a grid, respectively. The goal is to determine whether Richard or Gabriel wins based on these inputs. Both code snippets use similar logic to determine the winner, including checking if the area of the grid (R*C) is divisible by X, and then applying specific rules based on the value",118
2015_0_4,21673,2015_0_4,77477,CLONE,2026-07-10 20:41:02,"```json
{
  ""answer"": ""YES-SIMILAR"",
  ""explanation"": ""Both code snippets appear to be solving the same problem, which is to determine the winner of a game based on the input values of N, R, and C. The first snippet uses a `good()` function to determine if Gabriel wins, while the second snippet uses an `operate()` function to determine the winner. Although the structures and syntax of the two snippets differ, they seem to be implementing the same logic to arrive at the result. Both check if R*C is divisible by N, and then apply specific rules based on the value",119
2015_1_1,127730,2015_1_1,114491,CLONE,2026-07-10 20:41:04,"```json
{
    ""answer"": ""YES-SIMILAR"",
    ""explanation"": ""The two code snippets are functionally similar. They both read input from a source (one from a file and the other from standard input), and for each test case, they compute two results by iterating over an array of integers. The first result, 'res1' or 'y', is calculated by summing up the differences between consecutive elements when the next element is smaller than the current one. The second result, 'res2' or 'z', is calculated by finding the maximum difference (or 'rate') and then summing up either",120
2015_1_1,127730,2015_1_1,125935,CLONE,2026-07-10 20:41:06,"```
{
  ""answer"": ""YES-SIMILAR"",
  ""explanation"": ""The two code snippets are functionally similar. They both read input from a file or standard input, and for each test case, they calculate two results, res1 and res2, which correspond to the results of the solve1 and solve2 functions in Code Snippet 1, and the x and y values in Code Snippet 2. The solve1 function in Code Snippet 1 calculates the total amount of increase in a given array, which is equivalent to the x value in Code Snippet 2. The solve2 function in",121
2015_1_1,127730,2015_1_1,124925,CLONE,2026-07-10 20:41:08,"```json
{
  ""answer"": ""YES-SIMILAR"",
  ""explanation"": ""The two code snippets are functionally similar. They both read input from a file or standard input, process it, and output the results in the same format. The processing involves calculating two results, res1 and res2 (or result1 and result2), based on an array of integers. The logic for calculating res1 and res2 in the first snippet and result1 and result2 in the second snippet is equivalent. Both calculate the total 'elevation gain' and the minimum 'eaten' given a certain rate. The differences",122
2015_1_1,127730,2015_1_1,115055,CLONE,2026-07-10 20:41:10,"```
{
  ""answer"": ""YES-SIMILAR"",
  ""explanation"": ""The two code snippets are functionally similar. They both read input from a file, process the data, and write the results to an output file. The processing involves calculating two values, solve1 and solve2 in the first snippet, and eatAny and eatConst in the second snippet, which are equivalent. Both snippets iterate over an array of integers, calculating the total amount of 'eaten' and the minimum rate of eating. The output format is also the same, with 'Case #X: Y Z' where X is the case number",123
2015_1_1,114491,2015_1_1,125935,CLONE,2026-07-10 20:41:13,"```
{
  ""answer"": ""YES-SIMILAR"",
  ""explanation"": ""Both code snippets appear to be solving the same problem, which involves reading input, processing an array of integers, and calculating two values: the sum of differences between consecutive elements where the first element is greater than the second, and the sum of minimum values between a rate (maximum difference between consecutive elements) and each element. The outputs are also in the same format, 'Case #X: Y Z', where X is the case number, Y is the sum of differences, and Z is the sum of minimum values. Despite differences in syntax and",124
2015_1_1,114491,2015_1_1,124925,CLONE,2026-07-10 20:41:15,"```json
{
  ""answer"": ""YES-SIMILAR"",
  ""explanation"": ""Both code snippets appear to be solving the same problem, which involves reading a series of integers, computing two results (y and z in the first snippet, result1 and result2 in the second snippet), and then printing these results for each test case. The first snippet computes y by summing the differences between consecutive elements where the first element is greater than the second. It then finds the maximum of these differences (rate). The second result, z, is computed by summing either the rate or the current element, whichever is smaller. The",125
2015_1_1,114491,2015_1_1,115055,CLONE,2026-07-10 20:41:17,"```
{
  ""answer"": ""YES-SIMILAR"",
  ""explanation"": ""Both code snippets appear to be solving the same problem, which involves calculating two values, 'eatAny' (or 'y') and 'eatConst' (or 'z'), based on an array of integers. The calculations involve finding the differences between consecutive elements, determining a maximum rate of decrease, and then using these values to compute 'eatAny' and 'eatConst'. Despite differences in syntax, structure, and input/output handling, the core logic of the two snippets is functionally similar.""
}
```",126
2015_1_1,125935,2015_1_1,124925,CLONE,2026-07-10 20:41:19,"```json
{
  ""answer"": ""YES-SIMILAR"",
  ""explanation"": ""The two code snippets are functionally similar. They both appear to be solving the same problem, which involves calculating two values, let's call them 'x' and 'y', based on an input array of integers. The first snippet calculates 'x' as the sum of the positive differences between consecutive elements in the array, and 'y' as the sum of the minimum between the maximum positive difference and each element in the array (excluding the last one). The second snippet calculates 'result1' (similar to 'x') and 'result",127
2015_1_1,125935,2015_1_1,115055,CLONE,2026-07-10 20:41:21,"```
{
  ""answer"": ""YES-SIMILAR"",
  ""explanation"": ""The two code snippets are functionally similar. They both calculate two values, 'x' and 'y' in the first snippet and 'eatAny' and 'eatConst' in the second snippet, based on an input array of integers. The first snippet calculates the sum of positive differences between consecutive elements (x) and the sum of the minimum between a maximum rate and each element (y). The second snippet calculates the sum of positive differences between consecutive elements (eatAny) and the sum of the minimum between a maximum rate and each element (",128
2015_1_1,124925,2015_1_1,115055,CLONE,2026-07-10 20:41:23,"```
{
  ""answer"": ""YES-SIMILAR"",
  ""explanation"": ""Both code snippets appear to be solving a similar problem, which involves reading input, processing it, and then outputting two results for each case. The first code snippet reads input from System.in, while the second reads from a file named 'input.txt'. Despite the difference in input sources, the core logic of processing the input and calculating two results (result1 and result2 in the first snippet, eatAny and eatConst in the second) is functionally similar. Both calculate a running difference to find a maximum difference and then use this to compute",129
2016_0_1,60475,2016_0_1,69477,CLONE,2026-07-10 20:41:26,"```
{
  ""answer"": ""YES-SIMILAR"",
  ""explanation"": ""Both code snippets appear to be solving the same problem, which is to find the smallest multiple of a given number 'n' such that the multiple contains all digits from 0 to 9 at least once. The code snippets read input from a file or standard input, process the input, and write output to a file or standard output. Although the code snippets differ in syntax, structure, and variable names, they achieve the same result and perform the same task.""
}
```",130
2016_0_1,60475,2016_0_1,123558,CLONE,2026-07-10 20:41:28,"```
{
  ""answer"": ""YES-SIMILAR"",
  ""explanation"": ""Both code snippets appear to be solving the same problem, which is to find the smallest multiple of a given number that contains all digits from 0 to 9 at least once. If no such multiple exists, they print 'INSOMNIA'. Although the code structures and variable names differ, the logic and functionality are equivalent. Both snippets read input from a file, process each test case, and write output to a file or console. The use of bitmaps or boolean arrays to track digit occurrences is similar in purpose. The main difference lies",131
2016_0_1,60475,2016_0_1,55901,CLONE,2026-07-10 20:41:30,"```
{
  ""answer"": ""YES-SIMILAR"",
  ""explanation"": ""Both code snippets appear to be solving the same problem, which is to find the smallest multiple of a given number that contains all digits from 0 to 9. The first code snippet uses a FileWriter to write the output to a file, while the second code snippet uses a PrintWriter. The main logic of the two snippets is similar, with the first snippet using a while loop to continuously add the number to a sum and check if all digits have been seen, and the second snippet using a separate method solve() to calculate the result.",132
2016_0_1,60475,2016_0_1,72044,CLONE,2026-07-10 20:41:32,"```json
{
  ""answer"": ""YES-SIMILAR"",
  ""explanation"": ""Both code snippets appear to be solving the same problem, which is to find the smallest multiple of a given number that contains all digits from 0 to 9 at least once. They both read input from a file, process it, and write the output to another file. The logic and the approach may differ slightly in terms of implementation, but the end goal and functionality are the same.""
}
```",133
2016_0_1,69477,2016_0_1,123558,CLONE,2026-07-10 20:41:34,"```json
{
  ""answer"": ""YES-SIMILAR"",
  ""explanation"": ""Both code snippets appear to be solving the same problem, which is to find the smallest multiple of a given number that contains all digits from 0 to 9 at least once. If no such multiple exists, they print 'INSOMNIA'. The approach and logic used in both snippets are similar, although the implementation details and structure differ. They both read input, iterate through multiples of the input number, and check for the presence of all digits. Therefore, they are functionally similar.""
}
```",134
2016_0_1,69477,2016_0_1,55901,CLONE,2026-07-10 20:41:36,"```
{
  ""answer"": ""YES-SIMILAR"",
  ""explanation"": ""Both code snippets appear to be solving the same problem, which is to find the smallest multiple of a given number that contains all digits from 0 to 9. The first code snippet uses a BufferedReader to read input from System.in, while the second code snippet uses a custom MyScanner class to read input from a file. However, the core logic of the two snippets is similar, and they produce the same output for a given input. The main difference is in the implementation details, such as the use of a StringBuilder in the first",135
2016_0_1,69477,2016_0_1,72044,CLONE,2026-07-10 20:41:38,"```json
{
  ""answer"": ""YES-SIMILAR"",
  ""explanation"": ""Both code snippets appear to be solving the same problem, which is to find the smallest multiple of a given number that contains all digits from 0 to 9 at least once. The first code snippet reads input from System.in and writes output to System.out, while the second code snippet reads from a file and writes to another file. However, the core logic of the two snippets is similar, and they produce the same output for a given input. The differences in syntax, structure, and file I/O do not affect the functional similarity",136
2016_0_1,123558,2016_0_1,55901,CLONE,2026-07-10 20:41:41,"```
{
  ""answer"": ""YES-SIMILAR"",
  ""explanation"": ""Both code snippets appear to be solving the same problem, which is to find the smallest multiple of a given number that contains all digits from 0 to 9. The first code snippet uses a bitmap to keep track of the digits seen, while the second code snippet uses a boolean array. The approach is similar, but the implementation differs. However, the functionality is the same, and both codes produce the same output for a given input.""
}
```",137
2016_0_1,123558,2016_0_1,72044,CLONE,2026-07-10 20:41:43,"```
{
  ""answer"": ""YES-SIMILAR"",
  ""explanation"": ""Both code snippets appear to be solving the same problem, which is to find the smallest multiple of a given number that contains all digits from 0 to 9. They both read input from a file, process it, and output the result. Although they differ in syntax, structure, and specific steps, they achieve the same result. The first snippet uses a bitmap to track seen digits, while the second uses a HashSet. The first snippet checks for INSOMNIA (i.e., no multiple is found) and prints it, while",138
2016_0_1,55901,2016_0_1,72044,CLONE,2026-07-10 20:41:45,"```json
{
  ""answer"": ""YES-SIMILAR"",
  ""explanation"": ""Both code snippets appear to be solving the same problem, which is to find the smallest multiple of a given number that contains all digits from 0 to 9. The first code snippet uses a boolean array to keep track of the digits seen, while the second code snippet uses a HashSet to store the digits. Despite the differences in implementation, they achieve the same result. Both code snippets read input from a file, process it, and write the output to another file. They also handle the case where the input number is 0",139
2016_0_2,68074,2016_0_2,150691,CLONE,2026-07-10 20:41:48,"```json
{
  ""answer"": ""YES-SIMILAR"",
  ""explanation"": ""Both code snippets appear to be solving the same problem, which is to find the minimum number of maneuvers required to sort a stack of pancakes. The problem is from the Google Code Jam 2016 competition. Although the code snippets differ in syntax, structure, and approach, they achieve the same result. Code Snippet 1 uses a simple iteration from the end of the string, flipping characters as needed, while Code Snippet 2 uses a more complex approach with an array and a swap function. However, both methods effectively count",140
2016_0_2,68074,2016_0_2,125812,CLONE,2026-07-10 20:41:50,"```
{
  ""answer"": ""YES-SIMILAR"",
  ""explanation"": ""Both code snippets appear to be solving the same problem, which is to find the minimum number of flips required to make a stack of pancakes all happy or all sad. The problem is from the Google Code Jam 2016 qualification round. Although the code snippets differ in syntax, structure, and approach, they achieve the same result. Code Snippet 1 iterates through the string from right to left, counting the number of flips required, while Code Snippet 2 uses a while loop and the indexOf method to find the next alternate character.",141
2016_0_2,68074,2016_0_2,88861,CLONE,2026-07-10 20:41:52,"```json
{
  ""answer"": ""YES-SIMILAR"",
  ""explanation"": ""Both code snippets solve the same problem, which appears to be a variation of the 'Pancake Flipping' problem. They both take a string of '+' and '-' characters as input and calculate the minimum number of flips required to make all characters the same. Although the snippets differ in syntax, structure, and approach, they achieve the same result. Code Snippet 1 iterates over the string from right to left, flipping characters as it encounters '-', while Code Snippet 2 iterates from left to right, counting flips as it encounters",142
2016_0_2,68074,2016_0_2,162423,CLONE,2026-07-10 20:41:54,"```
{
  ""answer"": ""YES-SIMILAR"",
  ""explanation"": ""Both code snippets appear to be solving the same problem, which is to count the minimum number of flips required to make a stack of pancakes sorted in a specific order (alternating between '+' and '-'). The first snippet explicitly checks for '-' and '+' characters and flips them, while the second snippet counts the transitions between different characters in the stack. Although the approaches differ slightly, they both effectively achieve the same result: counting the minimum maneuvers required to sort the pancakes in the desired order.""
}
```",143
2016_0_2,150691,2016_0_2,125812,CLONE,2026-07-10 20:41:56,"```
{
  ""answer"": ""YES-SIMILAR"",
  ""explanation"": ""Both code snippets appear to be solving the same problem, which is to count the minimum number of flips required to make a sequence of '+' and '-' characters all '+' or to reach a state where no '-' characters are left. They use different approaches and implementations, but the goal and the output seem to be the same. Both read input from a file, process it, and write output to another file. They handle multiple test cases and output the result in the format 'Case #X: Y', where X is the test case number and Y is",144
2016_0_2,150691,2016_0_2,88861,CLONE,2026-07-10 20:41:58,"```json
{
  ""answer"": ""YES-SIMILAR"",
  ""explanation"": ""Both code snippets appear to be solving the same problem, which is to count the minimum number of flips required to make a sequence of '+' and '-' characters all '+' in a cumulative manner. Although the approaches and implementations differ, they achieve the same result. Code Snippet 1 uses an array to track the sequence and a swap function to flip the characters, while Code Snippet 2 directly counts the flips needed based on changes in the sequence. Despite these differences, they are functionally similar as they solve the same task.""
}
```",145
2016_0_2,150691,2016_0_2,162423,CLONE,2026-07-10 20:42:00,"```json
{
  ""answer"": ""YES-SIMILAR"",
  ""explanation"": ""Both code snippets appear to be solving the same problem, which is to count the minimum number of flips required to make a sequence of '+' and '-' characters all '+' in a pancake sort-like fashion. Although the implementation details differ, the overall logic and goal of the two snippets are the same. They both read input from a file, process the sequence, and output the result to another file. The main difference lies in the approach to solving the problem: the first snippet uses a more iterative and explicit approach with a while loop and a",146
2016_0_2,125812,2016_0_2,88861,CLONE,2026-07-10 20:42:02,"```json
{
  ""answer"": ""YES-SIMILAR"",
  ""explanation"": ""Both code snippets appear to be solving the same problem, which involves counting the minimum number of flips required to make all characters in a string the same. The first snippet reads input from a file and writes output to another file, while the second snippet reads from standard input and writes to standard output. However, the core logic of the two snippets is similar. They both iterate through the string, counting the number of times the character changes from '+' to '-' or vice versa. The main difference is in the implementation details, such as the use",147
2016_0_2,125812,2016_0_2,162423,CLONE,2026-07-10 20:42:04,"```
{
  ""answer"": ""YES-SIMILAR"",
  ""explanation"": ""Both code snippets appear to be solving the same problem, which involves processing a string of '+' and '-' characters, representing happy and sad pancakes, respectively. The goal is to determine the minimum number of swaps required to make all pancakes face the same direction. Although the code snippets differ in syntax, structure, and implementation details, they achieve the same result. Code Snippet 1 uses a while loop and the `alternateChar` method to iterate through the string, whereas Code Snippet 2 uses a for loop and a simpler conditional statement. However",148
2016_0_2,88861,2016_0_2,162423,CLONE,2026-07-10 20:42:06,"```
{
  ""answer"": ""YES-SIMILAR"",
  ""explanation"": ""Both code snippets solve the same problem: counting the minimum number of flips required to transform a string of '+' and '-' characters into a string where all characters are the same. They both read a number of test cases, then for each test case, read a string, iterate over the characters, counting the number of transitions between '+' and '-', and add one more flip if the last character is '-'. The output format is also the same, with 'Case #X: ' followed by the count of flips.""
}
```",149
2016_0_4,100472,2016_0_4,129913,CLONE,2026-07-10 20:42:09,"```json
{
  ""answer"": ""YES-SIMILAR"",
  ""explanation"": ""Both code snippets appear to be solving the same problem, which involves reading input parameters K, C, and S, and then generating and printing a sequence of numbers based on these parameters. The first snippet, FractilesSolver, and the second snippet, DFractiles, handle the case where it's impossible to generate the sequence (when C*S < K or equivalent conditions) by printing 'IMPOSSIBLE'. They both use loops to calculate and print the sequence, taking into account the values of K, C, and S.",150
2016_0_4,100472,2016_0_4,58218,CLONE,2026-07-10 20:42:11,"```json
{
  ""answer"": ""YES-SIMILAR"",
  ""explanation"": ""Both code snippets appear to be solving the same problem, which involves reading input parameters (K, C, S), performing calculations, and generating output based on these parameters. The main functionality of both snippets is to determine a sequence or set of numbers based on the given inputs and then output this sequence or a message if it's impossible to generate one. Despite differences in implementation details, structure, and file I/O handling, they seem to achieve the same task: solving a problem related to 'Fractiles' and outputting the solution in",151
2016_0_4,100472,2016_0_4,63729,CLONE,2026-07-10 20:42:13,"```json
{
  ""answer"": ""YES-SIMILAR"",
  ""explanation"": ""Both code snippets appear to be solving the same problem, which involves reading input parameters K, C, and S, and then generating output based on these parameters. They handle edge cases like K == 1 and C == 1 similarly. They also both check for the condition where S is less than a calculated threshold, resulting in an 'IMPOSSIBLE' output. Although the structure and exact steps differ, the overall task and results seem to align, indicating functional similarity.""
}
```",152
2016_0_4,100472,2016_0_4,138317,CLONE,2026-07-10 20:42:15,"```json
{
  ""answer"": ""NO-NOT-SIMILAR"",
  ""explanation"": ""The two code snippets appear to be solving the same problem, which is related to the Google Code Jam problem. However, upon closer inspection, it is clear that they are approaching the problem in different ways and producing different outputs. The first code snippet is more complex and seems to be producing a sequence of numbers based on the input values of k, c, and s. The second code snippet is simpler and appears to be producing a different sequence of numbers. While both code snippets seem to be related to the same problem, their",153
2016_0_4,129913,2016_0_4,58218,CLONE,2026-07-10 20:42:17,"```
{
  ""answer"": ""YES-SIMILAR"",
  ""explanation"": ""Both code snippets appear to be solving the same problem, which involves calculating and printing fractiles based on input parameters K, C, and S. Despite differences in structure, variable names, and some calculations, they achieve the same result. The first snippet reads input from System.in, while the second reads from a file and writes to another file, but this difference is related to input/output handling rather than the core logic. The core calculation logic in both snippets is aimed at computing and printing fractiles, handling the case when it's impossible to compute them",154
2016_0_4,129913,2016_0_4,63729,CLONE,2026-07-10 20:42:19,"```json
{
  ""answer"": ""YES-SIMILAR"",
  ""explanation"": ""Both code snippets appear to be solving the same problem, which involves reading input parameters (K, C, S) and generating output based on these parameters. The first snippet directly calculates and prints the results, while the second snippet separates the calculation into different methods and writes the results to a file. Despite differences in structure and output method, they seem to achieve the same task of determining and outputting results for given inputs, handling 'IMPOSSIBLE' cases similarly.""
}
```",155
2016_0_4,129913,2016_0_4,138317,CLONE,2026-07-10 20:42:21,"```json
{
  ""answer"": ""NO-NOT-SIMILAR"",
  ""explanation"": ""The two code snippets do not appear to be functionally similar. They seem to be solving a problem related to fractiles, but the approach and implementation are quite different. Code Snippet 1 reads input from standard input, while Code Snippet 2 reads from a file. The logic for calculating the fractiles is also different. Code Snippet 1 uses a complex calculation involving powers and maximum values, while Code Snippet 2 uses a simpler approach with a loop and string concatenation. Additionally, Code Snippet 2",156
2016_0_4,58218,2016_0_4,63729,CLONE,2026-07-10 20:42:24,"```json
{
  ""answer"": ""NO-NOT-SIMILAR"",
  ""explanation"": ""The two code snippets appear to be solving the same problem, which is related to fractiles, but they approach the problem in significantly different ways. Code Snippet 1 reads input parameters K, C, and S, and then calculates a sequence of numbers based on these parameters. Code Snippet 2, on the other hand, generates a string of 'L' and 'G' characters based on K and C, and then uses this string to determine the output. The outputs of the two snippets also seem to be",157
2016_0_4,58218,2016_0_4,138317,CLONE,2026-07-10 20:42:26,"```json
{
  ""answer"": ""NO-NOT-SIMILAR"",
  ""explanation"": ""The two code snippets are not functionally similar. Although they both appear to be solving a problem related to fractiles and reading input from a file, the logic and calculations within the 'doExercise' and 'getAllPositions' methods are significantly different. The first snippet calculates a product and handles block sizes, while the second snippet simply generates a sequence of numbers based on the input parameters. The conditions for returning 'IMPOSSIBLE' also differ. Overall, the approaches and results produced by these snippets do not match, indicating",158
2016_0_4,63729,2016_0_4,138317,CLONE,2026-07-10 20:42:28,"```json
{
  ""answer"": ""NO-NOT-SIMILAR"",
  ""explanation"": ""The two code snippets appear to be solving the same problem, which is related to fractiles. However, they have different approaches and implementations. Code Snippet 1 generates a string of 'L's and 'G's and then finds positions based on certain conditions, whereas Code Snippet 2 directly calculates the positions based on the input values. The outputs of the two snippets may be similar for certain inputs, but their internal logic and implementation are different. Moreover, Code Snippet 1 writes to a file and handles more",159
2016_1_1,1153,2016_1_1,14479,CLONE,2026-07-10 20:42:31,"```json
{
    ""answer"": ""YES-SIMILAR"",
    ""explanation"": ""Both code snippets appear to solve the same problem, which is to rearrange the characters in a given string. The first snippet directly inserts characters at the beginning or end of a StringBuilder based on their ASCII values relative to the first character in the builder. The second snippet uses a more complex approach but achieves a similar result by determining the maximum character and then constructing the string by placing larger characters at the beginning. Despite different implementations, they achieve the same task of rearranging characters based on their values, making them functionally similar.""
}
```",160
2016_1_1,1153,2016_1_1,8299,CLONE,2026-07-10 20:42:33,"```json
{
  ""answer"": ""YES-SIMILAR"",
  ""explanation"": ""Both code snippets achieve the same task of rearranging the characters in a given string. They iterate through each character in the string, and based on whether the character is greater than or equal to the first character of the result string, they either prepend it to the result string or append it. The main difference lies in their implementation approach, with one using a StringBuilder and the other using string concatenation. However, functionally, they produce the same output for a given input.""
}
```",161
2016_1_1,1153,2016_1_1,29796,CLONE,2026-07-10 20:42:34,"```json
{
  ""answer"": ""YES-SIMILAR"",
  ""explanation"": ""Both code snippets achieve the same task of rearranging the characters in a given string. They iterate through each character in the string and decide whether to append it to the beginning or the end of the result string based on a comparison. The comparison is done to ensure the resulting string is the largest possible when treated as a sequence of characters. Despite differences in implementation details, such as the use of StringBuilder in the first snippet and string concatenation in the second, and differences in input handling, they produce the same output for the same input.""
}
",162
2016_1_1,1153,2016_1_1,2003,CLONE,2026-07-10 20:42:36,"```json
{
  ""answer"": ""YES-SIMILAR"",
  ""explanation"": ""Both code snippets achieve the same task of rearranging the characters in a given string. They iterate over each character in the string, and based on its value compared to the first character of the result string, they either prepend or append it to the result string. The main difference lies in how they handle input and output: one reads from standard input and prints to standard output, while the other reads from a file and writes to another file. However, functionally, they perform the same operation on the strings.""
}
```",163
2016_1_1,14479,2016_1_1,8299,CLONE,2026-07-10 20:42:39,"```json
{
    ""answer"": ""YES-SIMILAR"",
    ""explanation"": ""The two code snippets are functionally similar. They both appear to be solutions to a problem from Google Code Jam, specifically problem A. The task involves reading input strings, processing them according to a specific algorithm, and outputting the results in a particular format. The algorithm in both snippets aims to rearrange characters in a string based on finding the maximum character and then rearranging the string accordingly. Despite differences in implementation details, such as the use of different classes for input/output and variations in the logic flow, the core functionality of processing input strings and",164
2016_1_1,14479,2016_1_1,29796,CLONE,2026-07-10 20:42:41,"```json
{
    ""answer"": ""YES-SIMILAR"",
    ""explanation"": ""Both code snippets appear to solve the same problem, which is to rearrange the characters in a given string according to a specific rule. The rule seems to be that characters are prepended or appended to the result string based on their comparison. The first snippet uses a more complex class structure and input/output handling, likely for a competitive programming environment, while the second snippet is more straightforward. However, the core solving logic, `realSolve` in the first snippet and `solve` in the second, achieves the same result: rearranging the string",165
2016_1_1,14479,2016_1_1,2003,CLONE,2026-07-10 20:42:43,"```json
{
  ""answer"": ""YES-SIMILAR"",
  ""explanation"": ""Both code snippets appear to be solving the same problem, which is to read input from a file, process the input strings, and write the output to another file. The problem seems to be from Google Code Jam. The main task in both codes is to rearrange characters in input strings based on certain conditions. Despite differences in structure, variable names, and some implementation details, the core logic and functionality are similar. Both codes read input files, process the data, and write to output files, producing the same results for the same inputs.""
",166
2016_1_1,8299,2016_1_1,29796,CLONE,2026-07-10 20:42:45,"```json
{
  ""answer"": ""YES-SIMILAR"",
  ""explanation"": ""Both code snippets appear to be solving the same problem, which is to rearrange the characters in a given string in a specific way. They both read input from the standard input, where the first line contains the number of test cases, and each subsequent line is a string to be rearranged. The goal of the rearrangement is to find the lexicographically largest string that can be formed by rearranging the characters in the input string. Although the code snippets differ in syntax and structure, they achieve the same result. The first snippet uses a method",167
2016_1_1,8299,2016_1_1,2003,CLONE,2026-07-10 20:42:47,"```json
{
  ""answer"": ""YES-SIMILAR"",
  ""explanation"": ""Both code snippets appear to be solving the same problem, which is to rearrange the characters in a given string. The goal is to move the largest character to the front of the string if it is larger than or equal to the current first character, otherwise append it to the end. The main difference between the two snippets is the way they read input and output results. Code Snippet 1 reads from System.in and writes to System.out, while Code Snippet 2 reads from a file and writes to another file. However, the",168
2016_1_1,29796,2016_1_1,2003,CLONE,2026-07-10 20:42:49,"```json
{
  ""answer"": ""YES-SIMILAR"",
  ""explanation"": ""Both code snippets appear to be solving the same problem, which is to rearrange the characters in a given string to form the lexicographically smallest string that can be achieved by rearranging the characters. The first code snippet reads input from the console, while the second code snippet reads from a file and writes to another file. However, the core logic of the solve function in the first snippet and the string manipulation loop in the second snippet are functionally equivalent. They both iterate over the characters in the input string and prepend or append the character to the result",169
2016_1_2,8152,2016_1_2,31984,CLONE,2026-07-10 20:42:51,"```json
{
  ""answer"": ""NO-NOT-SIMILAR"",
  ""explanation"": ""The two code snippets are not functionally similar. Code Snippet 1 reads input from a file, parses it, and then performs a specific task: it removes pairs of identical numbers from a list until only a certain number of elements remain, then prints the remaining numbers. Code Snippet 2 reads input from a file and stores it in a 2D array, but it does not perform any processing on the input data similar to Code Snippet 1. The purpose and functionality of the two snippets are different.""
}
",170
2016_1_2,8152,2016_1_2,20611,CLONE,2026-07-10 20:42:53,"```json
{
    ""answer"": ""YES-SIMILAR"",
    ""explanation"": ""Both code snippets appear to be solving the same problem, which is to find the missing numbers in a list that appear an odd number of times. They both read input from a file, process the numbers, and output the result. Although the structure and syntax differ, they achieve the same result. Code Snippet 1 reads 2n-1 groups of n numbers, while Code Snippet 2 reads 2n-1 numbers n times, but they effectively achieve the same goal. Both sort the numbers and output the ones",171
2016_1_2,8152,2016_1_2,19093,CLONE,2026-07-10 20:42:57,"```
{
  ""answer"": ""YES-SIMILAR"",
  ""explanation"": ""Both code snippets appear to be solving the same problem, which is to read a series of integers from input, process them, and then output a specific number of integers. The first snippet reads a number of cases, then for each case, it reads a count of integers, reads that many integers, sorts them, removes pairs of identical integers until only the required number of integers remain, sorts them again, and outputs them. The second snippet also reads a number of cases, then for each case, it reads a count of integers, reads that",172
2016_1_2,8152,2016_1_2,30007,CLONE,2026-07-10 20:43:00,"```json
{
  ""answer"": ""YES-SIMILAR"",
  ""explanation"": ""Both code snippets appear to be solving the same problem, which involves reading input from a file, processing it, and writing output to another file. They both read an integer 'count', then read 'count*2-1' integers, sort them, and remove pairs of identical numbers until 'count' numbers remain. The remaining numbers are then sorted and written to the output file. Although the snippets differ in structure, variable names, and some implementation details, their overall functionality is the same.""
}
```",173
2016_1_2,31984,2016_1_2,20611,CLONE,2026-07-10 20:43:01,"```json
{
  ""answer"": ""NO-NOT-SIMILAR"",
  ""explanation"": ""The two code snippets are not functionally similar. Code Snippet 1 reads input from a file and stores it in a 2D array, while Code Snippet 2 reads input from an input stream, processes it to find missing numbers in a sequence, and returns a string result. They serve different purposes and do not achieve the same task.""
}
```",174
2016_1_2,31984,2016_1_2,19093,CLONE,2026-07-10 20:43:05,"```json
{
  ""answer"": ""NO-NOT-SIMILAR"",
  ""explanation"": ""The two code snippets are not functionally similar. Code Snippet 1 reads input from a file and stores it in a 2D array, while Code Snippet 2 reads input from standard input, processes it, and outputs the result. The purpose and functionality of the two snippets are different.""
}
```",175
2016_1_2,31984,2016_1_2,30007,CLONE,2026-07-10 20:43:07,"```json
{
  ""answer"": ""NO-NOT-SIMILAR"",
  ""explanation"": ""The two code snippets are not functionally similar. Code Snippet 1 reads input from a file and stores it in a 2D array, while Code Snippet 2 reads input from a file, processes it, and writes output to another file. The purpose and functionality of the two snippets are different. Code Snippet 1 seems to be reading input data for a competitive programming contest, while Code Snippet 2 is solving a specific problem involving processing the input data and producing an output.""
}
```",176
2016_1_2,20611,2016_1_2,19093,CLONE,2026-07-10 20:43:12,"```json
{
  ""answer"": ""YES-SIMILAR"",
  ""explanation"": ""Both code snippets appear to be solving a similar problem, which is to find the missing numbers in a list of integers. The problem seems to be that there are 2n-1 numbers given, where each number from 1 to n appears either once or twice. The task is to find the numbers that appear once. Both snippets use a frequency counting approach to solve the problem. They both read 2n-1 numbers, count the frequency of each number, and then output the numbers that appear an odd number of times,",177
2016_1_2,20611,2016_1_2,30007,CLONE,2026-07-10 20:43:14,"```
{
  ""answer"": ""YES-SIMILAR"",
  ""explanation"": ""Both code snippets appear to solve the same problem: finding the missing numbers in a list that appear an odd number of times. They both read a list of numbers, count the frequency of each number, and then output the numbers that appear an odd number of times, sorted in ascending order. Although the code structures and some implementation details differ, their functionality is similar.""
}
```",178
2016_1_2,19093,2016_1_2,30007,CLONE,2026-07-10 20:43:19,"```
{
  ""answer"": ""YES-SIMILAR"",
  ""explanation"": ""Both code snippets appear to be solving the same problem. They both read input from a file or standard input, process it, and then output the result. The problem seems to be finding the odd occurring numbers in a list of numbers. The first snippet reads 2n-1 numbers, counts the occurrences of each number, and then prints the n odd occurring numbers. The second snippet does essentially the same thing, using a MultiSet to count the occurrences of each number, and then prints the n odd occurring numbers. Although the implementation details differ",179
2016_2_1,197689,2016_2_1,192495,CLONE,2026-07-10 20:43:22,"```
{
  ""answer"": ""YES-SIMILAR"",
  ""explanation"": ""Both code snippets appear to be solving the same problem, which is to count the occurrences of digits in a string based on the letters present in the string. They both read input from a file or standard input, process the strings, and output the digits to a file or standard output. Although the approaches differ slightly, with Code Snippet 1 using a more complex series of if statements and Code Snippet 2 using a switch statement and array indexing, they achieve the same result. The output format is also consistent between the two snippets.""
}
",180
2016_2_1,197689,2016_2_1,187476,CLONE,2026-07-10 20:43:24,"```
{
  ""answer"": ""YES-SIMILAR"",
  ""explanation"": ""Both code snippets appear to be solving the same problem, which is to read a series of strings, analyze the characters in each string, and then output a string of digits that corresponds to the characters in the input string. The first code snippet uses a more direct approach with multiple if statements to count the occurrences of each character and then deduce the digits. The second code snippet uses a more object-oriented approach with maps and sets to achieve the same result. Despite the differences in implementation, they seem to achieve the same task of mapping characters to digits and",181
2016_2_1,197689,2016_2_1,193269,CLONE,2026-07-10 20:43:26,"```
{
  ""answer"": ""YES-SIMILAR"",
  ""explanation"": ""Both code snippets appear to be solving the same problem, which is to count the occurrences of digits in a given string. They both read input from a file, process the strings, and output the results to another file. Although the implementation details differ, such as the use of different data structures and algorithms, they achieve the same result. Code Snippet 1 uses a series of if statements and loops to count the occurrences of each digit, while Code Snippet 2 uses a HashMap to store character counts and a series of while loops to",182
2016_2_1,197689,2016_2_1,184367,CLONE,2026-07-10 20:43:29,"```
{
  ""answer"": ""YES-SIMILAR"",
  ""explanation"": ""Both code snippets appear to be solving the same problem, which is to count the occurrences of digits in a given string based on the letters in the string. They both read input from a file, process it, and write output to another file. The approach may differ, with Code Snippet 1 using a more direct approach with multiple if conditions and Code Snippet 2 using a more data-driven approach with HashMaps, but they achieve the same result: reconstructing phone numbers from a string of letters. The outputs are also formatted similarly,",183
2016_2_1,192495,2016_2_1,187476,CLONE,2026-07-10 20:43:31,"```
{
  ""answer"": ""YES-SIMILAR"",
  ""explanation"": ""Both code snippets appear to be solving the same problem, which is to decode a string of letters into a sequence of numbers. The first code snippet uses a switch statement and a set of if-else statements to count the occurrences of each letter in the string, and then uses these counts to determine the corresponding numbers. The second code snippet uses a map to store the counts of each letter in the string and then checks if the counts match the letter patterns of each number. Despite the differences in implementation, both code snippets produce the same output, which is",184
2016_2_1,192495,2016_2_1,193269,CLONE,2026-07-10 20:43:33,"```
{
  ""answer"": ""YES-SIMILAR"",
  ""explanation"": ""Both code snippets appear to solve the same problem, which is to read a series of strings, and for each string, output a sequence of digits that correspond to the numbers that can be formed using the letters in the string. The first code snippet uses a switch statement and an array to count the occurrences of each letter, while the second code snippet uses a HashMap to count the occurrences and a series of while loops to determine the sequence of digits. Despite the differences in implementation, both code snippets produce the same output for a given input.""
}
",185
2016_2_1,192495,2016_2_1,184367,CLONE,2026-07-10 20:43:35,"```
{
  ""answer"": ""YES-SIMILAR"",
  ""explanation"": ""Both code snippets appear to be solving the same problem, which is to decode a given string into a sequence of digits. They use similar approaches, such as counting the occurrences of specific letters and then adjusting these counts based on the relationships between the letters and the digits they represent. The output of both snippets is a sequence of digits that corresponds to the input string. Although the implementation details differ, such as the use of switch statements versus hash maps, the overall functionality is the same.""
}
```",186
2016_2_1,187476,2016_2_1,193269,CLONE,2026-07-10 20:43:38,"```json
{
  ""answer"": ""YES-SIMILAR"",
  ""explanation"": ""Both code snippets appear to be solving the same problem, which is to take a string of characters representing digits in words and convert them into their corresponding numerical digits. They both create a frequency map of characters, then iteratively remove characters from the map as they match against known digit patterns. The order of digits is determined by a predefined sequence. The output is a sorted string of numerical digits corresponding to the input string. Although the implementation details differ, such as the use of different data structures and sequences, the overall functionality is similar.""
}
```",187
2016_2_1,187476,2016_2_1,184367,CLONE,2026-07-10 20:43:40,"```json
{
  ""answer"": ""YES-SIMILAR"",
  ""explanation"": ""Both code snippets appear to be solving the same problem, which is to decode a given string into a sequence of numbers. The first code snippet uses a more complex approach with multiple maps and sets to achieve this, while the second code snippet uses a more straightforward approach with arrays and string indexing. However, despite the differences in implementation, both code snippets seem to be achieving the same result, which is to take a string input and produce a sequence of numbers as output.""
}
```",188
2016_2_1,193269,2016_2_1,184367,CLONE,2026-07-10 20:43:42,"```json
{
  ""answer"": ""YES-SIMILAR"",
  ""explanation"": ""Both code snippets appear to be solving the same problem, which is to decode a string into a sequence of digits. They use different approaches but ultimately achieve the same result. Code Snippet 1 uses a character frequency map and removes characters corresponding to specific digits, while Code Snippet 2 uses a different mapping approach and frequency counting. Despite the differences in implementation, they both seem to be solving the same problem and producing the same output.""
}
```",189
2016_3_1,205670,2016_3_1,211583,CLONE,2026-07-10 20:43:45,"```json
{
  ""answer"": ""YES-SIMILAR"",
  ""explanation"": ""Both code snippets appear to be solving the same problem, which involves processing a list of integers representing senator preferences and generating a string output based on certain rules. Despite differences in implementation approach, syntax, and structure, they achieve the same result. Code Snippet 1 uses a more iterative approach with arrays and conditional checks, while Code Snippet 2 utilizes a PriorityQueue to manage senator preferences efficiently. The outputs are generated based on similar conditions, such as comparing the value of a senator's preference and the total sum of preferences. The",190
2016_3_1,205670,2016_3_1,210871,CLONE,2026-07-10 20:43:47,"```
{
  ""answer"": ""YES-SIMILAR"",
  ""explanation"": ""Both code snippets appear to be solving the same problem, which is to simulate a process of selecting characters based on their frequencies. They both read input from the standard input, process it, and print output to the standard output. The goal of both programs seems to be to print a string of characters for each test case, where the characters are selected based on their frequencies. Although the implementations differ in syntax, structure, and specific steps, they achieve the same result. Both programs use a greedy approach to select the characters with the highest frequency and print",191
2016_3_1,205670,2016_3_1,218815,CLONE,2026-07-10 20:43:49,"```
{
  ""answer"": ""YES-SIMILAR"",
  ""explanation"": ""Both code snippets appear to be solving the same problem, which is to simulate a process of selecting characters from a list of senators based on certain rules. The goal of both codes seems to be to generate a string of characters representing the order of selection. Although the implementation details, such as data structures and loop structures, differ between the two snippets, they seem to achieve the same result. The first snippet uses an array to store the count of each senator and iteratively constructs the answer string, while the second snippet uses a similar approach but with a different",192
2016_3_1,205670,2016_3_1,207727,CLONE,2026-07-10 20:43:51,"```
{
  ""answer"": ""YES-SIMILAR"",
  ""explanation"": ""Both code snippets appear to be solving the same problem, which is to simulate a process of selecting characters (senators) based on their counts. The goal is to generate a string of characters where the selection of each character is based on its count and the counts of other characters. The main logic in both snippets involves finding the character with the maximum count, decrementing its count, and appending it to the result string. The process continues until all counts are exhausted. Although the snippets differ in syntax, structure, and some implementation details (e.g",193
2016_3_1,211583,2016_3_1,210871,CLONE,2026-07-10 20:43:54,"```
{
  ""answer"": ""YES-SIMILAR"",
  ""explanation"": ""Both code snippets appear to be solving the same problem, which involves reading input, processing it, and then printing out a sequence of characters based on certain rules. They both use a priority queue or a similar data structure to manage the input values and their corresponding characters. The main task in both codes is to iteratively select and print characters based on their associated values, decrementing these values, and repeating the process until a certain condition is met (i.e., the sum of values reaches 2 or less). The outputs are formatted similarly, with '",194
2016_3_1,211583,2016_3_1,218815,CLONE,2026-07-10 20:43:56,"```
{
  ""answer"": ""YES-SIMILAR"",
  ""explanation"": ""Both code snippets appear to be solving the same problem, which is to process a series of inputs and generate a string output based on certain rules. The first snippet uses a priority queue to manage pairs of elements, while the second snippet uses an array of strings to accumulate characters. Despite the differences in implementation, both snippets seem to be achieving the same result, which is to generate a string output by iteratively processing the input elements and applying certain rules to determine the output characters. The outputs of both snippets seem to be the same for the same inputs.""
",195
2016_3_1,211583,2016_3_1,207727,CLONE,2026-07-10 20:43:58,"```json
{
  ""answer"": ""YES-SIMILAR"",
  ""explanation"": ""Both code snippets appear to be solving the same problem, which involves reading input, processing it, and then printing output in a specific format. They both use a priority queue or a sorted map to manage a set of elements with associated weights, and they iteratively select and process elements based on their weights until a certain condition is met. The output format, including the 'Case #d:' prefix and the way elements are printed, is similar. Despite differences in implementation details, such as the use of a custom Pair class in the first snippet",196
2016_3_1,210871,2016_3_1,218815,CLONE,2026-07-10 20:44:00,"```
{
  ""answer"": ""YES-SIMILAR"",
  ""explanation"": ""Both code snippets appear to be solving the same problem, which is to process a series of test cases where in each case, a set of characters (A-Z) are given with certain counts, and the goal is to output a string that represents a sequence of operations to reduce the counts to zero or less, following specific rules. Despite differences in implementation, structure, and syntax, they achieve the same result: reading input, processing it according to the problem's rules, and outputting the result for each test case.""
}
```",197
2016_3_1,210871,2016_3_1,207727,CLONE,2026-07-10 20:44:02,"```
{
  ""answer"": ""YES-SIMILAR"",
  ""explanation"": ""Both code snippets appear to be solving the same problem, which involves reading input, processing a series of test cases, and outputting results in a specific format. They both use a map to store character counts, and repeatedly find the maximum value in the map, decrement it, and output the corresponding character(s) until a certain condition is met. The main difference lies in their implementation details, such as the use of different data structures (HashMap vs LinkedHashMap), sorting methods, and loop structures. However, these differences do not affect the",198
2016_3_1,218815,2016_3_1,207727,CLONE,2026-07-10 20:44:05,"```json
{
  ""answer"": ""YES-SIMILAR"",
  ""explanation"": ""Both code snippets appear to be solving the same problem, which involves reading input, processing it, and then outputting the result in a specific format. They both handle multiple test cases, with each case output prefixed with 'Case #X:'. The core logic in both snippets involves iterating over input data, manipulating it, and then printing out the results. Although the structure and exact implementation details differ (e.g., one uses arrays and direct file I/O, while the other uses a Scanner and a Map), they achieve the same overall",199
2013_0_1,84294,2016_3_1,218815,NON-CLONE,2026-07-10 20:44:07,"```json
{
  ""answer"": ""NO-NOT-SIMILAR"",
  ""explanation"": ""The two code snippets are not functionally similar. Code Snippet 1 appears to be a solution to a Tic-Tac-Toe game problem, where it reads input from the user, processes a 4x4 game board, and determines the winner or if the game has not completed. Code Snippet 2 seems to be a solution to a different problem, possibly from a Google Code Jam competition, which involves reconstructing a string from character sequences. The purpose, logic, and functionality of the two snippets are significantly different",200
2013_0_1,84294,2015_1_1,124925,NON-CLONE,2026-07-10 20:44:09,"```
{
  ""answer"": ""NO-NOT-SIMILAR"",
  ""explanation"": ""The two code snippets are not functionally similar. Code Snippet 1 appears to be a solution to a Tic Tac Toe game problem, where it reads input from the user, checks for wins, draws, or incomplete games, and prints out the result. Code Snippet 2, on the other hand, seems to be solving a completely different problem involving calculating results based on an array of plate values. The purpose, logic, and functionality of the two code snippets are different.""
}
```",201
2013_0_1,84294,2016_0_2,88861,NON-CLONE,2026-07-10 20:44:11,"```json
{
  ""answer"": ""NO-NOT-SIMILAR"",
  ""explanation"": ""The two code snippets are not functionally similar. Code Snippet 1 appears to be a solution to a 4x4 Tic Tac Toe game problem, where it reads input from the user, checks for wins, draws, and incomplete games, and outputs the result. Code Snippet 2, on the other hand, seems to be a solution to a completely different problem, where it reads a string from the user, counts the number of flips in the string (i.e., changes from one character to another), and",202
2013_0_1,84294,2014_0_2,107403,NON-CLONE,2026-07-10 20:44:13,"```json
{
  ""answer"": ""NO-NOT-SIMILAR"",
  ""explanation"": ""The two code snippets are not functionally similar. Code Snippet 1 appears to be a solution to a game-related problem, likely a Tic-Tac-Toe game, where it reads input from the user, processes the game state, and determines the winner or the status of the game. On the other hand, Code Snippet 2 seems to be a solution to an optimization problem, possibly from a Google Code Jam competition, where it calculates the optimal time to achieve a certain goal given some constraints. The purpose, logic",203
2013_0_1,58633,2015_0_3,62582,NON-CLONE,2026-07-10 20:44:15,"```json
{
  ""answer"": ""NO-NOT-SIMILAR"",
  ""explanation"": ""The two code snippets are not functionally similar. Code Snippet 1 appears to be a solution to a game-related problem, possibly a Tic-Tac-Toe game, where it reads input from a file, processes the game state, and writes the result to another file. Code Snippet 2 seems to be related to a different problem, possibly from a competitive programming contest, involving string manipulation and modular arithmetic. The purpose, logic, and functionality of the two code snippets are significantly different, indicating they are not functionally similar",204
2013_0_1,58633,2013_1_1,35305,NON-CLONE,2026-07-10 20:44:17,"```json
{
  ""answer"": ""NO-NOT-SIMILAR"",
  ""explanation"": ""The two code snippets are not functionally similar. Code Snippet 1 appears to be a solution to a game-related problem, possibly a Tic-Tac-Toe game, where it reads input from a file, processes the game state, and writes the result to another file. Code Snippet 2, on the other hand, seems to be solving a completely different problem involving BigInteger operations, likely a mathematical or numerical problem. The input and output files are different, the algorithms are different, and the overall tasks performed are",205
2013_0_1,58633,2016_0_4,100472,NON-CLONE,2026-07-10 20:44:20,"```json
{
  ""answer"": ""NO-NOT-SIMILAR"",
  ""explanation"": ""The two code snippets appear to be solving different problems. Code Snippet 1 seems to be solving a game-related problem, possibly a Tic-Tac-Toe game, where it reads input from a file, processes the game state, and determines the winner or if the game is a draw. On the other hand, Code Snippet 2 appears to be solving a problem related to combinatorics or coding theory, where it reads input and generates a sequence of numbers. The structure, logic, and purpose of the two code",206
2013_0_1,124149,2015_0_1,68106,NON-CLONE,2026-07-10 20:44:22,"```json
{
  ""answer"": ""NO-NOT-SIMILAR"",
  ""explanation"": ""The two code snippets are not functionally similar. They appear to be solving different problems. Code Snippet 1 is a solution to a Tic Tac Toe-like game, where it reads a 4x4 grid and determines the winner or the state of the game. Code Snippet 2 seems to be solving a problem involving a sequence of numbers and calculating a 'standing' and 'newbs' value based on certain rules. The input and output formats, as well as the logic and variables used, are significantly different,",207
2013_0_1,124149,2016_1_2,8152,NON-CLONE,2026-07-10 20:44:24,"```json
{
    ""answer"": ""NO-NOT-SIMILAR"",
    ""explanation"": ""The two code snippets are not functionally similar. Code Snippet 1 appears to be a solution to a Tic-Tac-Toe game problem, where it reads a 4x4 game board from an input file, determines the winner (X or O), or if it's a draw or an incomplete game, and writes the result to an output file. Code Snippet 2 seems to be a solution to a different problem, likely involving sorting and filtering a list of integers read from an input file and writing the result to",208
2013_0_1,88116,2016_1_1,2003,NON-CLONE,2026-07-10 20:44:26,"```json
{
  ""answer"": ""NO-NOT-SIMILAR"",
  ""explanation"": ""The two code snippets are not functionally similar. Code Snippet 1 appears to be a solution to a Code Jam problem involving a Tic-Tac-Toe-like game, where it checks for winning conditions of 'X' and 'O' in a 4x1 string input. On the other hand, Code Snippet 2 seems to be rearranging characters in a string based on their ASCII values, comparing each character with the first character of the output string and placing it accordingly. The tasks performed by these snippets are entirely",209
2013_0_2,95524,2015_0_3,88073,NON-CLONE,2026-07-10 20:44:29,"```json
{
  ""answer"": ""NO-NOT-SIMILAR"",
  ""explanation"": ""The two code snippets are not functionally similar. Code Snippet 1 appears to be solving a problem involving a grid, where it checks for certain conditions in the grid and outputs 'YES' or 'NO' based on those conditions. Code Snippet 2, on the other hand, seems to be solving a problem involving string expressions and their evaluation based on certain rules. The input formats, the logic, and the output formats are all different, indicating that they serve different purposes and are not functionally similar.""
}
```",210
2013_0_2,95524,2016_0_4,63729,NON-CLONE,2026-07-10 20:44:31,"```json
{
  ""answer"": ""NO-NOT-SIMILAR"",
  ""explanation"": ""The two code snippets appear to be solving different problems. Code Snippet 1 reads a grid of integers from a file, performs some checks on the grid to determine if certain conditions are met, and writes the result to an output file. Code Snippet 2 reads some integers from a file, generates a string based on these integers, and writes the result to an output file. The problems being solved, the input and output formats, and the logic used seem to be different. Therefore, the code snippets are not functionally",211
2013_0_2,95524,2014_0_3,71973,NON-CLONE,2026-07-10 20:44:34,"```json
{
  ""answer"": ""NO-NOT-SIMILAR"",
  ""explanation"": ""The two code snippets appear to be solving different problems. Code Snippet 1 reads a grid of integers from a file, performs some checks on the grid to determine if each cell is 'possible' based on certain conditions, and then outputs 'YES' or 'NO' for each test case. Code Snippet 2 reads a file, constructs a grid, and attempts to place characters in the grid according to certain rules, outputting the resulting grid or 'Impossible' if it cannot be completed. The problems being",212
2013_0_2,95524,2016_3_1,205670,NON-CLONE,2026-07-10 20:44:36,"```json
{
  ""answer"": ""NO-NOT-SIMILAR"",
  ""explanation"": ""The two code snippets are not functionally similar. Code Snippet 1 appears to be solving a problem involving a grid of integers, where it checks for certain conditions to determine if a configuration is possible, and outputs 'YES' or 'NO' accordingly. Code Snippet 2, on the other hand, seems to be solving a completely different problem involving senator lists, fractiles, and generating a string based on certain conditions. The input formats, variable usage, and overall logic of the two snippets do not align, indicating",213
2013_0_2,44471,2013_0_3,118052,NON-CLONE,2026-07-10 20:44:38,"```json
{
  ""answer"": ""NO-NOT-SIMILAR"",
  ""explanation"": ""The two code snippets are not functionally similar. Code Snippet 1 appears to be solving a problem involving a grid of integers, checking for a specific pattern where the lowest value in the grid must be part of a row or column that consists entirely of that lowest value. Code Snippet 2, on the other hand, seems to be solving a problem related to finding the number of perfect squares within a given range that are palindromes. The input/output structures, the problems being solved, and the logic used are all",214
2013_0_2,44471,2013_0_3,55548,NON-CLONE,2026-07-10 20:44:40,"```json
{
  ""answer"": ""NO-NOT-SIMILAR"",
  ""explanation"": ""The two code snippets are not functionally similar. They appear to be solving different problems. The first code snippet seems to be solving a problem involving a lawnmower or a grid, where it reads input from a file, processes it, and writes output to another file. It checks if a certain pattern is possible in a grid. The second code snippet appears to be solving a problem involving perfect squares, where it generates a list of perfect squares, reads input from a file, and writes output to another file. It uses binary",215
2013_0_2,44471,2016_1_2,30007,NON-CLONE,2026-07-10 20:44:43,"```json
{
  ""answer"": ""NO-NOT-SIMILAR"",
  ""explanation"": ""The two code snippets appear to be solving different problems. Code Snippet 1 reads a matrix from a file, finds the lowest value in the matrix, and checks if it's possible to remove all occurrences of the lowest value from either a row or a column. Code Snippet 2 reads a set of numbers from a file, counts their occurrences, and outputs the odd-occurring numbers in sorted order. The tasks performed by these code snippets are not similar.""
}
```",216
2013_0_2,55421,2014_2_1,125050,NON-CLONE,2026-07-10 20:44:45,"```json
{
  ""answer"": ""NO-NOT-SIMILAR"",
  ""explanation"": ""The two code snippets appear to be solving different problems. Code Snippet 1 is solving a problem related to a lawnmower and checking if a garden pattern is valid, while Code Snippet 2 is solving a problem related to strings and finding the minimum number of moves to make all strings have the same character count. The structure, syntax, and logic of the two code snippets are significantly different, indicating that they are not functionally similar.""
}
```",217
2013_0_2,55421,2015_0_1,68106,NON-CLONE,2026-07-10 20:44:47,"```json
{
  ""answer"": ""NO-NOT-SIMILAR"",
  ""explanation"": ""The two code snippets are not functionally similar. They appear to be solving different problems. Code Snippet 1 is solving a problem related to a lawnmower and checking if a garden pattern is valid, while Code Snippet 2 is solving a problem related to standing and calculating the number of new base stations needed. The input and output formats, as well as the logic and algorithms used, are different between the two snippets.""
}
```",218
2013_0_2,90919,2013_1_1,35305,NON-CLONE,2026-07-10 20:44:49,"```json
{
  ""answer"": ""NO-NOT-SIMILAR"",
  ""explanation"": ""The two code snippets are not functionally similar. They appear to be solving different problems. Code Snippet 1 reads in a matrix and checks if each element is either the maximum in its row or column, and outputs 'YES' or 'NO' accordingly. Code Snippet 2 reads in a number of test cases, and for each test case, it performs a binary search to find a specific value that satisfies a certain condition, and outputs the result. The input formats, variable usage, and logical operations are all different",219
2013_0_3,55548,2014_2_1,125050,NON-CLONE,2026-07-10 20:44:52,"```json
{
  ""answer"": ""NO-NOT-SIMILAR"",
  ""explanation"": ""The two code snippets appear to be solving different problems. Code Snippet 1 is generating and searching a list of perfect squares that are fair squares (i.e., remain perfect squares when their digits are mirrored or modified in certain ways), while Code Snippet 2 seems to be solving a problem involving strings and finding a minimum number of moves to make all strings have the same character counts. The structure, logic, and purpose of the two code snippets are significantly different, indicating they are not functionally similar.""
}
```",220
2013_0_3,55548,2013_1_1,30610,NON-CLONE,2026-07-10 20:44:54,"```json
{
  ""answer"": ""NO-NOT-SIMILAR"",
  ""explanation"": ""The two code snippets are not functionally similar. The first code snippet appears to be a solution to a specific problem involving generating and counting 'fair square' numbers within a given range. It uses a class named `FairSquare` and has a main method that reads input from a file, generates solutions, and writes output to another file. The second code snippet is a utility class named `Util` that provides various general-purpose methods for tasks such as file I/O, mathematical operations, and error handling. There is no apparent overlap",221
2013_0_3,55548,2015_0_3,62582,NON-CLONE,2026-07-10 20:44:56,"```json
{
  ""answer"": ""NO-NOT-SIMILAR"",
  ""explanation"": ""The two code snippets appear to be solving different problems. Code Snippet 1 is generating and counting 'fair squares' within a given range, where a fair square is a perfect square that remains a perfect square when some of its digits are flipped. Code Snippet 2 seems to be solving a problem involving string manipulation and modular arithmetic, possibly related to finding a specific pattern or property in a string. The structure, syntax, and logic of the two snippets are significantly different, indicating they are not functionally similar.""
}
```",222
2013_0_3,55548,2015_0_1,79967,NON-CLONE,2026-07-10 20:44:58,"```json
{
  ""answer"": ""NO-NOT-SIMILAR"",
  ""explanation"": ""The two code snippets are not functionally similar. Code Snippet 1 appears to be a solution to a problem involving generating and counting 'fair square' numbers within a certain range, while Code Snippet 2 seems to be solving a completely different problem related to calculating the number of friends based on an input string representing audience standings. The structure, logic, and purpose of the two snippets are significantly different.""
}
```",223
2013_0_3,94901,2015_1_1,124925,NON-CLONE,2026-07-10 20:45:00,"```json
{
  ""answer"": ""NO-NOT-SIMILAR"",
  ""explanation"": ""The two code snippets are not functionally similar. Code Snippet 1 appears to be solving a problem involving finding numbers that are palindromes when squared, and then counting how many of these numbers fall within given ranges. Code Snippet 2 seems to be solving a different problem involving calculating two results based on an array of plate values, likely related to a 'plates and rods' type problem. The input/output formats, the problems being solved, and the logic used are all different.""
}
```",224
2013_0_3,94901,2016_1_2,31984,NON-CLONE,2026-07-10 20:45:02,"```json
{
  ""answer"": ""NO-NOT-SIMILAR"",
  ""explanation"": ""The two code snippets are not functionally similar. Code Snippet 1 appears to be a solution to a specific problem, likely from the Google Code Jam, where it reads test cases from a file, generates a list of perfect squares of palindromes, and then for each test case, counts how many of these perfect squares fall within a given range. Code Snippet 2 seems to be a utility for reading input from a file and storing it in a 2D array, but it does not perform any specific computation",225
2013_0_3,94901,2015_0_3,88073,NON-CLONE,2026-07-10 20:45:05,"```json
{
  ""answer"": ""NO-NOT-SIMILAR"",
  ""explanation"": ""The two code snippets are not functionally similar. Code Snippet 1 appears to be solving a problem involving finding numbers that are palindromes when squared, and then counting such numbers within given ranges. Code Snippet 2 seems to be related to evaluating expressions involving complex numbers represented by 'i', 'j', and 'k', and determining properties of these expressions. The tasks, structures, and logic of the two snippets are significantly different, indicating they are not functionally similar.""
}
```",226
2013_0_3,78294,2014_0_3,108079,NON-CLONE,2026-07-10 20:45:08,"```json
{
  ""answer"": ""NO-NOT-SIMILAR"",
  ""explanation"": ""The two code snippets are functionally different. The first code snippet appears to be solving a problem related to finding the number of perfect squares within a given range that are also palindromes, while the second code snippet seems to be solving a Minesweeper-related problem, generating a grid with certain constraints. The structure, logic, and purpose of the two code snippets are distinct, indicating they are not functionally similar.""
}
```",227
2013_0_3,78294,2015_0_3,21597,NON-CLONE,2026-07-10 20:45:10,"```json
{
  ""answer"": ""NO-NOT-SIMILAR"",
  ""explanation"": ""The two code snippets are functionally different. The first code snippet appears to be solving a problem involving finding perfect squares that are also palindromes within a given range. It uses a pre-computed list of such numbers. The second code snippet seems to be related to a different problem, possibly involving quaternions or a similar mathematical structure, and appears to be checking certain properties of strings and performing operations based on a multiplication table. The purpose, structure, and operations in the two snippets do not align, indicating they are not",228
2013_0_3,118052,2015_0_3,74464,NON-CLONE,2026-07-10 20:45:13,"```json
{
  ""answer"": ""NO-NOT-SIMILAR"",
  ""explanation"": ""The two code snippets are not functionally similar. Code Snippet 1 appears to be solving a problem related to finding the number of perfect squares within a given range that are also palindromes. Code Snippet 2 seems to be solving a different problem involving complex number representations and geometric or algebraic conditions. The structure, logic, and purpose of the two snippets are significantly different, indicating they are not similar.""
}
```",229
2013_1_1,35305,2014_2_1,115332,NON-CLONE,2026-07-10 20:45:15,"```json
{
  ""answer"": ""NO-NOT-SIMILAR"",
  ""explanation"": ""The two code snippets are not functionally similar. They appear to be solving different problems. Code Snippet 1 seems to be solving a problem involving a binary search to find a specific value based on a given formula, while Code Snippet 2 appears to be solving a problem involving string processing and finding a minimum sum of absolute differences. The structure, syntax, and purpose of the two code snippets are significantly different, indicating they are not functionally similar.""
}
```",230
2013_1_1,35305,2016_2_1,197689,NON-CLONE,2026-07-10 20:45:18,"```json
{
  ""answer"": ""NO-NOT-SIMILAR"",
  ""explanation"": ""The two code snippets are not functionally similar. Code Snippet 1 appears to be solving a problem involving a binary search to find a value 'n' given two inputs 'r' and 't', where 'n' seems to be related to a mathematical condition involving 'r' and 't'. On the other hand, Code Snippet 2 seems to be solving a problem where it reads a string, counts occurrences of certain characters, and then uses these counts to construct a string of digits from 0 to ",231
2013_1_1,35305,2014_3_1,138529,NON-CLONE,2026-07-10 20:45:20,"```json
{
  ""answer"": ""NO-NOT-SIMILAR"",
  ""explanation"": ""The two code snippets appear to be solving different problems. Code Snippet 1 seems to be solving a problem that involves finding a value 'n' such that a given condition is satisfied, likely related to a mathematical equation. It uses a binary search approach to find 'n'. Code Snippet 2, on the other hand, appears to be solving a problem related to reducing fractions and checking if the denominator can be made of the form 2^k. It involves finding the GCD of two numbers and then reducing the fraction",232
2013_1_1,35305,2016_2_1,184367,NON-CLONE,2026-07-10 20:45:22,"```json
{
  ""answer"": ""NO-NOT-SIMILAR"",
  ""explanation"": ""The two code snippets are not functionally similar. Code Snippet 1 appears to be solving a problem involving a binary search to find a specific value based on given conditions, likely from a competitive programming contest. It reads input from a file, performs calculations involving BigInteger, and writes output to another file. Code Snippet 2, on the other hand, seems to be solving a different problem where it constructs a phone number from a given string by determining the occurrences of certain letters and mapping them to digits. The input and",233
2013_1_1,30788,2016_2_1,187476,NON-CLONE,2026-07-10 20:45:25,"```json
{
  ""answer"": ""NO-NOT-SIMILAR"",
  ""explanation"": ""The two code snippets are not functionally similar. They appear to be solving different problems. Code Snippet 1 seems to be solving a mathematical problem involving geometry and quadratic equations, where it calculates a value 'n' based on given inputs 'R' and 'T'. On the other hand, Code Snippet 2 appears to be solving a problem involving string manipulation and mapping of characters, where it reads a string, maps its characters, and outputs a sorted string based on certain rules. The input/output formats, the problems",234
2013_1_1,30788,2016_1_2,20611,NON-CLONE,2026-07-10 20:45:27,"```json
{
  ""answer"": ""NO-NOT-SIMILAR"",
  ""explanation"": ""The two code snippets are not functionally similar. Code Snippet 1 appears to be solving a mathematical problem involving a quadratic equation to find a value 'n' given inputs 'R' and 'T'. It reads input from a file, solves a test case, and writes output to another file. Code Snippet 2 seems to be solving a different problem involving finding missing numbers in a set of integers read from input. The structure, problem domain, and mathematical operations are distinct between the two snippets, indicating they serve different",235
2013_1_1,30788,2013_0_2,114653,NON-CLONE,2026-07-10 20:45:29,"```json
{
  ""answer"": ""NO-NOT-SIMILAR"",
  ""explanation"": ""The two code snippets are not functionally similar. They appear to be solving different problems. Code Snippet 1 seems to be solving a mathematical problem involving a quadratic equation, where it calculates a value 'n' based on given inputs 'T' and 'R'. On the other hand, Code Snippet 2 appears to be solving a problem involving a 2D grid or board, where it checks for certain conditions and outputs 'YES' or 'NO' based on the solution of the 'solve' method. The",236
2013_1_1,30610,2016_1_1,8299,NON-CLONE,2026-07-10 20:45:31,"```json
{
  ""answer"": ""NO-NOT-SIMILAR"",
  ""explanation"": ""The two code snippets are not functionally similar. Code Snippet 1 appears to be a utility class with various methods for file I/O, mathematical operations, and input/output handling. It provides a broad range of functionalities, including scanning files, performing calculations, and handling input/output operations. In contrast, Code Snippet 2 is a specific solution to a problem, likely from a competitive programming contest (Google Code Jam), focusing on rearranging characters in a string. The purpose, structure, and functionality of the two snippets are significantly",237
2013_1_1,30610,2016_1_2,31984,NON-CLONE,2026-07-10 20:45:33,"```json
{
  ""answer"": ""NO-NOT-SIMILAR"",
  ""explanation"": ""The two code snippets are not functionally similar. Code Snippet 1 provides a utility class with various methods for scanning files, performing mathematical operations, and handling input/output operations. It appears to be a general-purpose utility class. In contrast, Code Snippet 2 is a specific implementation for reading input from a file in a particular format, likely for a competitive programming or coding challenge context. The purpose and functionality of the two snippets are different, with no overlap in their primary goals.""
}
```",238
2013_1_1,30305,2014_0_3,27551,NON-CLONE,2026-07-10 20:45:36,"```json
{
  ""answer"": ""NO-NOT-SIMILAR"",
  ""explanation"": ""The two code snippets are not functionally similar. They appear to be solving different problems. The first code snippet seems to be solving a mathematical problem involving a quadratic equation and calculating a value 'n' based on given inputs 'r' and 't'. The second code snippet appears to be solving a problem of placing mines in a grid and generating a specific output based on the placement. The structure, logic, and purpose of the two code snippets are different, indicating they are not functionally similar.""
}
```",239
2014_0_2,107403,2016_0_2,88861,NON-CLONE,2026-07-10 20:45:39,"```json
{
  ""answer"": ""NO-NOT-SIMILAR"",
  ""explanation"": ""The two code snippets are not functionally similar. Code Snippet 1 appears to be solving a problem involving optimization, where it calculates the minimum time required to achieve a certain goal given some constraints. It reads input from a file named 'input.txt', processes it, and writes the output to 'output.txt'. Code Snippet 2, on the other hand, seems to be solving a completely different problem involving string processing, specifically counting the number of color changes in a given string. It reads input from the standard input and",240
2014_0_2,107403,2016_3_1,218815,NON-CLONE,2026-07-10 20:45:41,"```json
{
  ""answer"": ""NO-NOT-SIMILAR"",
  ""explanation"": ""The two code snippets are not functionally similar. They appear to be solving different problems. Code Snippet 1 is solving a problem that involves calculating a time based on given rates and costs, whereas Code Snippet 2 is solving a problem that involves rearranging characters in a string. The input and output formats are also different. Code Snippet 1 reads floats and outputs a single value, while Code Snippet 2 reads integers and outputs a string. The algorithms and problem domains are distinct, indicating they are not functionally similar",241
2014_0_2,107403,2014_3_1,137264,NON-CLONE,2026-07-10 20:45:43,"```json
{
  ""answer"": ""NO-NOT-SIMILAR"",
  ""explanation"": ""The two code snippets are not functionally similar. They appear to be solving different problems. Code Snippet 1 is solving a problem that involves calculating a time based on given inputs C, F, and X, and it seems to be related to an optimization problem where a rate is increased by F until a certain condition is met. On the other hand, Code Snippet 2 is solving a problem that involves finding the smallest j such that p * 2^j >= q, where p and q are fractions and j",242
2014_0_2,107403,2014_0_3,108079,NON-CLONE,2026-07-10 20:45:46,"```json
{
  ""answer"": ""NO-NOT-SIMILAR"",
  ""explanation"": ""The two code snippets are not functionally similar. They appear to be solving different problems. The first code snippet seems to be solving a problem involving optimization, where it calculates the minimum time required to achieve a certain goal given some constraints. The second code snippet appears to be solving a problem related to Minesweeper, where it generates a Minesweeper grid given certain parameters. The structure, syntax, and logic of the two code snippets are significantly different, indicating that they are not functionally similar.""
}
```",243
2014_0_2,81302,2015_1_1,115055,NON-CLONE,2026-07-10 20:45:48,"```json
{
  ""answer"": ""NO-NOT-SIMILAR"",
  ""explanation"": ""The two code snippets are not functionally similar. They appear to be solving different problems. Code Snippet 1 seems to be solving a problem involving a farm and a speed increase over time, calculating a time value based on certain inputs. Code Snippet 2 appears to be solving a problem involving eating mushrooms at different rates, calculating two different totals based on the rates. The inputs, outputs, and logic of the two snippets do not align, indicating they serve different purposes.""
}
```",244
2014_0_2,81302,2015_0_3,62582,NON-CLONE,2026-07-10 20:45:50,"```json
{
  ""answer"": ""NO-NOT-SIMILAR"",
  ""explanation"": ""The two code snippets are not functionally similar. Code Snippet 1 appears to be solving a problem involving calculating a time based on given inputs of distances and speeds, and outputs the result to a file. Code Snippet 2 seems to be solving a completely different problem involving string manipulation and modular arithmetic, and outputs the result to the console. The problems they are trying to solve, the inputs they take, and the outputs they produce are all different.""
}
```",245
2014_0_2,81302,2014_3_1,138529,NON-CLONE,2026-07-10 20:45:52,"```json
{
  ""answer"": ""NO-NOT-SIMILAR"",
  ""explanation"": ""The two code snippets appear to be solving different problems. Code Snippet 1 seems to be solving a problem involving calculating the time it takes for a farm to reach a certain position, taking into account the farm's speed and fuel. Code Snippet 2 appears to be solving a problem involving reducing fractions to their simplest form and determining if a certain condition is met. The input and output formats, as well as the algorithms used, are also different. Therefore, they are not functionally similar.""
}
```",246
2014_0_2,27351,2016_1_2,31984,NON-CLONE,2026-07-10 20:45:54,"```json
{
  ""answer"": ""NO-NOT-SIMILAR"",
  ""explanation"": ""The two code snippets are not functionally similar. Code Snippet 1 appears to be a solution to a specific problem, likely from Google Code Jam, where it calculates the optimal time to buy a farm to minimize the total time taken to achieve a certain goal. It reads input from a file, solves the problem for multiple test cases, and writes the output to another file. Code Snippet 2, on the other hand, seems to be a utility class for reading input from a file and storing it in a 2",247
2014_0_2,27351,2016_2_1,193269,NON-CLONE,2026-07-10 20:45:56,"```json
{
  ""answer"": ""NO-NOT-SIMILAR"",
  ""explanation"": ""The two code snippets are not functionally similar. Code Snippet 1 appears to be solving an optimization problem where it calculates the minimum time required to buy a farm to produce a certain product, given the cost of the farm, the increase in production rate per farm, and the time it takes to produce the product without a farm. Code Snippet 2, on the other hand, seems to be solving a problem where it takes a string of characters representing digits in words and converts them into their numerical equivalents. The problems being",248
2014_0_2,41018,2016_0_4,129913,NON-CLONE,2026-07-10 20:45:59,"```json
{
  ""answer"": ""NO-NOT-SIMILAR"",
  ""explanation"": ""The two code snippets are not functionally similar. They appear to be solving different problems. Code Snippet 1, 'CookieCutter', seems to be solving a problem related to calculating time based on rates and goals, likely from a competitive programming contest. It reads input from a file, calculates a time value based on given rates and goals, and writes the output to another file. Code Snippet 2, 'DFractiles', is solving a different problem involving fractiles or combinatorial calculations, reading input from standard input",249
2014_0_3,108079,2014_2_1,126555,NON-CLONE,2026-07-10 20:46:02,"```json
{
  ""answer"": ""NO-NOT-SIMILAR"",
  ""explanation"": ""The two code snippets appear to be solving different problems. The first code snippet is solving a Minesweeper-related problem, where it generates a Minesweeper grid based on given dimensions and a number of mines. The second code snippet seems to be solving a completely different problem involving string manipulation and calculating minimum moves based on string lengths and character sequences. There is no apparent functional similarity between the two code snippets.""
}
```",250
2014_0_3,108079,2016_2_1,187476,NON-CLONE,2026-07-10 20:46:04,"```json
{
  ""answer"": ""NO-NOT-SIMILAR"",
  ""explanation"": ""The two code snippets are functionally different. The first code snippet appears to be a solution to the Minesweeper problem, where it generates a Minesweeper grid based on given input parameters. The second code snippet seems to be solving a problem involving reconstructing a sequence of numbers from a given string, using a set of predefined number strings. The problems they are trying to solve, as well as their approach and implementation, are distinct and not similar.""
}
```",251
2014_0_3,108079,2015_0_2,32722,NON-CLONE,2026-07-10 20:46:06,"```json
{
  ""answer"": ""NO-NOT-SIMILAR"",
  ""explanation"": ""The two code snippets appear to be solving different problems. Code Snippet 1 is solving a Minesweeper-like problem, where it generates a grid with a specific configuration of mines and empty cells. Code Snippet 2 is solving a problem related to finding the minimum time required to serve pancakes to diners. The problem domains, input formats, and algorithmic approaches seem to be distinct, indicating that the code snippets are not functionally similar.""
}
```",252
2014_0_3,108079,2013_0_2,55421,NON-CLONE,2026-07-10 20:46:08,"```json
{
  ""answer"": ""NO-NOT-SIMILAR"",
  ""explanation"": ""The two code snippets appear to be solving different problems. Code Snippet 1 is solving a Minesweeper-related problem, where it generates a Minesweeper grid based on given dimensions and a number of mines. Code Snippet 2 seems to be solving a problem related to a lawnmower path on a grid, checking if a certain pattern is valid. The structure, logic, and purpose of the two code snippets are significantly different, indicating they are not functionally similar.""
}
```",253
2014_0_3,27551,2014_2_1,125050,NON-CLONE,2026-07-10 20:46:11,"```json
{
  ""answer"": ""NO-NOT-SIMILAR"",
  ""explanation"": ""The two code snippets appear to be solving different problems. Code Snippet 1 is solving a problem involving mines placement on a grid, while Code Snippet 2 is solving a problem involving string manipulation and calculating moves. The structure, syntax, and logic of the two code snippets are significantly different, indicating that they are not functionally similar.""
}
```",254
2014_0_3,27551,2013_0_1,124226,NON-CLONE,2026-07-10 20:46:13,"```json
{
    ""answer"": ""NO-NOT-SIMILAR"",
    ""explanation"": ""The two code snippets are not functionally similar. Code Snippet 1 appears to be a solution to the 'Mines' problem, where it reads input from a file, generates a grid with mines and a specific 'c' cell, and writes the output to another file. Code Snippet 2 seems to be a solution to a different problem, possibly a Tic-Tac-Toe game, where it reads input from the standard input, checks for winning conditions, and prints the result to the standard output. The problems",255
2014_0_3,27551,2015_0_2,34257,NON-CLONE,2026-07-10 20:46:15,"```json
{
  ""answer"": ""NO-NOT-SIMILAR"",
  ""explanation"": ""The two code snippets appear to be solving different problems. Code Snippet 1 is solving a problem involving mines and generating a grid based on certain rules, while Code Snippet 2 is solving a problem involving pancakes and using a priority queue to determine the minimum number of cuts required. The structure, syntax, and logic of the two code snippets are significantly different, indicating that they are not functionally similar.""
}
```",256
2014_0_3,99421,2015_0_4,96734,NON-CLONE,2026-07-10 20:46:19,"```json
{
  ""answer"": ""NO-NOT-SIMILAR"",
  ""explanation"": ""The two code snippets appear to be solving different problems. Code Snippet 1 is solving a problem involving mines and clicks on a grid, attempting to place mines and a click in a way that satisfies certain conditions. Code Snippet 2 is solving a problem involving ominos (a type of polyomino) and determining whether Richard or Gabriel can win based on certain grid sizes and omino counts. The logic, structure, and purpose of the two code snippets are significantly different, indicating they are not functionally similar.""
}
",257
2014_0_3,99421,2014_3_1,138529,NON-CLONE,2026-07-10 20:46:21,"```json
{
  ""answer"": ""NO-NOT-SIMILAR"",
  ""explanation"": ""The two code snippets are not functionally similar. Code Snippet 1 appears to be a solution to the 'Minesweeper' problem, where the goal is to place mines on a grid while ensuring a click location is safe. The code uses multi-threading and various strategies to solve the problem. In contrast, Code Snippet 2 seems to be solving a different problem involving reading input from a file, processing it, and writing output to another file. The problem appears to be related to finding the greatest common divisor",258
2014_0_3,22792,2013_0_2,90919,NON-CLONE,2026-07-10 20:46:26,"```json
{
  ""answer"": ""NO-NOT-SIMILAR"",
  ""explanation"": ""The two code snippets appear to be solving different problems. Code Snippet 1 is a solution to the Minesweeper problem, where the goal is to place mines in a grid such that certain conditions are met. Code Snippet 2 appears to be a solution to a different problem, possibly related to finding maximum values in a grid. The structure, syntax, and logic of the two code snippets are significantly different, indicating that they are not functionally similar.""
}
```",259
2014_2_1,124976,2014_0_3,99421,NON-CLONE,2026-07-10 20:46:30,"```json
{
  ""answer"": ""NO-NOT-SIMILAR"",
  ""explanation"": ""The two code snippets appear to be solving different problems. Code Snippet 1 seems to be solving a problem involving string comparison and counting, where it reads input from a file, processes it, and outputs the result to another file. Code Snippet 2, on the other hand, appears to be solving a problem related to placing mines in a grid, using multi-threading and various comparators to determine the optimal placement strategy. The structure, logic, and purpose of the two code snippets are significantly different, indicating that",260
2014_2_1,124976,2016_0_4,58218,NON-CLONE,2026-07-10 20:46:32,"```json
{
  ""answer"": ""NO-NOT-SIMILAR"",
  ""explanation"": ""The two code snippets are not functionally similar. They appear to be solving different problems. Code Snippet 1 seems to be solving a problem involving string processing and calculating a value based on character counts, while Code Snippet 2 appears to be solving a problem involving mathematical calculations and generating a sequence of numbers. The input and output formats are also different. Code Snippet 1 reads from a file and writes to another file, while Code Snippet 2 reads from a file and writes to another file but with a different",261
2014_2_1,124976,2016_3_1,211583,NON-CLONE,2026-07-10 20:46:34,"```json
{
  ""answer"": ""NO-NOT-SIMILAR"",
  ""explanation"": ""The two code snippets appear to be solving different problems. Code Snippet 1 seems to be solving a problem involving string manipulation and counting, where it reads input strings, counts the occurrences of characters, and determines if 'Fegla Won' or calculates a total value based on these counts. Code Snippet 2, on the other hand, appears to be solving a problem involving a priority queue, where it reads integers, creates pairs of elements and weights, and then processes these pairs based on certain conditions. The problems",262
2014_2_1,124976,2015_0_2,34257,NON-CLONE,2026-07-10 20:46:37,"```json
{
  ""answer"": ""NO-NOT-SIMILAR"",
  ""explanation"": ""The two code snippets appear to be solving different problems. Code Snippet 1 seems to be solving a problem involving strings and character counts, where the goal is to determine if 'Fegla Won' or calculate a minimum value based on certain conditions. Code Snippet 2, on the other hand, appears to be solving a problem involving pancakes and cutting them in a way that minimizes a certain value. The structure, syntax, and logic of the two snippets are significantly different, indicating they are not functionally similar.""
}
",263
2014_2_1,115332,2014_0_3,99421,NON-CLONE,2026-07-10 20:46:40,"```json
{
  ""answer"": ""NO-NOT-SIMILAR"",
  ""explanation"": ""The two code snippets appear to be solving different problems. Code Snippet 1 seems to be solving a problem involving parsing a string and calculating a result based on certain conditions, while Code Snippet 2 appears to be solving a problem involving placing mines in a grid and finding an optimal strategy. The structure, syntax, and logic of the two code snippets are significantly different, indicating that they are not functionally similar.""
}
```",264
2014_2_1,115332,2016_1_2,19093,NON-CLONE,2026-07-10 20:46:45,"```json
{
  ""answer"": ""NO-NOT-SIMILAR"",
  ""explanation"": ""The two code snippets appear to be solving different problems. Code Snippet 1 seems to be solving a problem involving parsing and processing a series of strings, determining if 'Fegla Won' or calculating a result based on certain conditions. Code Snippet 2, on the other hand, appears to be a collection of various algorithms and data structures (e.g., graph algorithms, segment trees, etc.) but specifically solves a problem that involves counting and sorting. The main problem each snippet is trying to solve seems unrelated,",265
2014_2_1,115332,2016_0_1,55901,NON-CLONE,2026-07-10 20:46:47,"```json
{
  ""answer"": ""NO-NOT-SIMILAR"",
  ""explanation"": ""The two code snippets appear to be solving different problems. Code Snippet 1 seems to be solving a problem involving parsing and processing a matrix of character sequences, determining if 'Fegla Won' based on certain conditions, and calculating a result based on finding minimum sums of absolute differences. Code Snippet 2 appears to be solving a problem related to finding a number that when multiplied by a sequence of numbers produces a product that contains all digits from 0 to 9. The structure, logic, and purpose of the",266
2014_2_1,119554,2015_0_4,107149,NON-CLONE,2026-07-10 20:46:50,"```json
{
    ""answer"": ""NO-NOT-SIMILAR"",
    ""explanation"": ""The two code snippets are not functionally similar. They appear to be solving different problems. Code Snippet 1 reads a file, processes a list of strings by converting them into a custom Entity object, and then checks if the list is valid and calculates a result based on the entities. Code Snippet 2 reads a file, processes a series of inputs related to grid sizes and shapes, and outputs a name (RICHARD or GABRIEL) based on specific rules related to the grid dimensions and sizes. The",267
2014_2_1,119554,2016_1_2,20611,NON-CLONE,2026-07-10 20:46:52,"```json
{
  ""answer"": ""NO-NOT-SIMILAR"",
  ""explanation"": ""The two code snippets appear to be solving different problems. Code Snippet 1 seems to be solving a problem involving processing a list of strings, counting consecutive occurrences of characters, and calculating a total cost based on the differences between the counts and their averages. Code Snippet 2, on the other hand, appears to be solving a problem involving finding missing numbers in a sequence of integers. The input formats, data structures, and algorithms used in the two snippets are quite different, indicating that they are not functionally similar.""
}
",268
2014_2_1,126555,2015_1_1,124925,NON-CLONE,2026-07-10 20:46:54,"```json
{
  ""answer"": ""NO-NOT-SIMILAR"",
  ""explanation"": ""The two code snippets appear to be solving different problems. Code Snippet 1 seems to be solving a problem involving strings, where it trims the strings based on a certain condition and calculates the minimum moves required to make the strings similar. Code Snippet 2, on the other hand, appears to be solving a problem involving plates or integers, where it calculates two different results (result1 and result2) based on the differences between the plate values. The logic, structure, and purpose of the two code snippets are",269
2014_3_1,141827,2013_1_1,30305,NON-CLONE,2026-07-10 20:46:58,"```json
{
  ""answer"": ""NO-NOT-SIMILAR"",
  ""explanation"": ""The two code snippets appear to be solving different problems. Code Snippet 1 is a solution to a problem that involves reading input from a file, processing it, and writing output to another file. It has multiple main methods (main_A, main_B, main_C, main_D) that seem to be handling different problem cases. Code Snippet 2, on the other hand, appears to be solving a specific mathematical problem involving large integers and calculating square roots. The structure, syntax, and the specific tasks performed by",270
2014_3_1,141827,2014_2_1,126555,NON-CLONE,2026-07-10 20:47:00,"```json
{
  ""answer"": ""NO-NOT-SIMILAR"",
  ""explanation"": ""The two code snippets appear to be solving different problems. Code Snippet 1 seems to be a solution to a competitive programming problem, with multiple methods (main_A, main_B, main_C, main_D) for different problem types. It reads input from a file, performs calculations, and writes output to another file. Code Snippet 2 appears to be solving a different problem, involving string manipulation and calculation of minimum moves. The structure, syntax, and logic of the two snippets are significantly different, indicating they are",271
2014_3_1,141827,2013_1_1,30610,NON-CLONE,2026-07-10 20:47:02,"```json
{
  ""answer"": ""NO-NOT-SIMILAR"",
  ""explanation"": ""The two code snippets are not functionally similar. Code Snippet 1 appears to be a solution to a competitive programming problem, with multiple methods (main_A, main_B, main_C, main_D) that seem to be solving different parts of the problem. It reads input from a file, performs calculations, and writes output to another file. Code Snippet 2, on the other hand, seems to be a utility class with various static methods for mathematical operations, input/output, and error handling. It does not have",272
2014_3_1,141827,2014_2_1,115332,NON-CLONE,2026-07-10 20:47:05,"```json
{
  ""answer"": ""NO-NOT-SIMILAR"",
  ""explanation"": ""The two code snippets are not functionally similar. They appear to be solving different problems, with different logic and structures. Code Snippet 1 seems to be a solution to a competitive programming problem with multiple cases (A, B, C, D) and reads input from a file, while Code Snippet 2 appears to be a solution to a different problem, involving parsing a string and calculating a result based on certain rules. The main methods, variable names, and logic are all distinct and do not overlap between the two",273
2014_3_1,137264,2016_0_4,129913,NON-CLONE,2026-07-10 20:47:07,"```json
{
  ""answer"": ""NO-NOT-SIMILAR"",
  ""explanation"": ""The two code snippets appear to be solving different problems. Code Snippet 1 is solving a problem that involves finding the greatest common divisor (GCD) of two numbers, and then finding the smallest power of 2 that is greater than or equal to the quotient of the two numbers. Code Snippet 2 is solving a problem that involves calculating a value based on given inputs K, C, and S, and printing out a result in a specific format. The inputs, outputs, and logic of the two code snippets",274
2014_3_1,137264,2016_0_2,88861,NON-CLONE,2026-07-10 20:47:09,"```json
{
  ""answer"": ""NO-NOT-SIMILAR"",
  ""explanation"": ""The two code snippets are not functionally similar. Code Snippet 1 appears to be solving a problem involving fractions and powers of 2, where it calculates the minimum number of multiplications by 2 required to make a fraction have a denominator that is a power of 2. Code Snippet 2, on the other hand, seems to be solving a problem involving strings of '+' and '-' characters, where it counts the minimum number of flips required to make all characters the same. The inputs, outputs, and algorithms used",275
2014_3_1,137264,2014_2_1,126555,NON-CLONE,2026-07-10 20:47:11,"```json
{
  ""answer"": ""NO-NOT-SIMILAR"",
  ""explanation"": ""The two code snippets are not functionally similar. They appear to be solving different problems. The first code snippet reads input in the format of a fraction p/q, then finds the smallest j such that p * 2^j >= q. The second code snippet reads a list of strings, performs some operations on them, and calculates a minimum number of moves required to make the strings 'similar' in some way. The input formats, the problems being solved, and the output formats are all different.""
}
```",276
2014_3_1,138894,2016_0_4,138317,NON-CLONE,2026-07-10 20:47:13,"```json
{
  ""answer"": ""NO-NOT-SIMILAR"",
  ""explanation"": ""The two code snippets are not functionally similar. They appear to be solving different problems. Code Snippet 1 seems to be solving a problem where it checks if a number can be reduced to 2 by repeatedly dividing by 2, and it outputs the number of steps or 'impossible' if it cannot be done. Code Snippet 2 seems to be generating a sequence of numbers from 1 to k, or from 2 to k if c is not 1, and outputs this sequence or 'IMPOS",277
2014_3_1,138894,2015_0_4,77477,NON-CLONE,2026-07-10 20:47:15,"```json
{
  ""answer"": ""NO-NOT-SIMILAR"",
  ""explanation"": ""The two code snippets are not functionally similar. They appear to be solving different problems. Code Snippet 1 seems to be solving a problem where it checks if a number can be reduced to 2 by repeatedly dividing by 2, while Code Snippet 2 appears to be determining the winner of a game based on certain conditions. The input formats, output formats, and logic used in the two snippets are different, indicating they are not similar.""
}
```",278
2014_3_1,136615,2016_0_4,138317,NON-CLONE,2026-07-10 20:47:18,"```json
{
  ""answer"": ""NO-NOT-SIMILAR"",
  ""explanation"": ""The two code snippets are not functionally similar. They appear to be solving different problems. Code Snippet 1 is solving a problem involving fractions and generating a sequence, while Code Snippet 2 is solving a problem involving finding positions in a sequence. The input and output formats are also different. Code Snippet 1 reads from a file and writes to another file, while Code Snippet 2 reads from a file and prints to the console. The algorithms and logic used are also distinct.""
}
```",279
2015_0_1,79967,2015_0_4,96734,NON-CLONE,2026-07-10 20:47:20,"```json
{
  ""answer"": ""NO-NOT-SIMILAR"",
  ""explanation"": ""The two code snippets are not functionally similar. They appear to be solving different problems. Code Snippet 1 reads input from a file, parses it, and calculates the number of friends needed based on a string representing an audience. Code Snippet 2 reads input from standard input, parses it, and determines a winner between 'RICHARD' and 'GABRIEL' based on the dimensions of a grid and a number of squares. The problems being solved, the input formats, and the output formats are all",280
2015_0_1,79967,2015_0_3,88073,NON-CLONE,2026-07-10 20:47:23,"```json
{
  ""answer"": ""NO-NOT-SIMILAR"",
  ""explanation"": ""The two code snippets are not functionally similar. They appear to be solving different problems. Code Snippet 1 reads input from a file, parses it, and calculates the number of friends based on a string of digits. Code Snippet 2 reads input from standard input, parses it, and evaluates a mathematical expression involving complex numbers in a specific format. The problems they are trying to solve, the input formats, and the calculations being performed are all different.""
}
```",281
2015_0_1,79967,2014_0_3,22792,NON-CLONE,2026-07-10 20:47:28,"ANSWER: NO-NOT-SIMILAR
EXPLANATION: The two code snippets appear to be solving different problems. Code Snippet 1 seems to be solving a problem where it needs to calculate the number of friends a person needs to reach a certain standing, while Code Snippet 2 appears to be solving a Minesweeper-like problem where it needs to place mines in a grid and generate a possible case. The structure, syntax, and logic of the two code snippets are significantly different, indicating that they are not functionally similar.",282
2015_0_1,79967,2013_1_1,30610,NON-CLONE,2026-07-10 20:47:30,"```json
{
  ""answer"": ""NO-NOT-SIMILAR"",
  ""explanation"": ""The two code snippets are not functionally similar. Code Snippet 1 appears to be a solution to a specific problem from Google Code Jam, reading input from a file, processing it, and writing output to another file. Code Snippet 2 seems to be a utility class with various static methods for mathematical operations, input/output handling, and error logging. While both snippets are written in Java and involve input/output operations, their purposes and functionalities are different. Code Snippet 1 is focused on solving a particular problem, whereas",283
2015_0_1,35102,2016_0_2,68074,NON-CLONE,2026-07-10 20:47:32,"```json
{
  ""answer"": ""NO-NOT-SIMILAR"",
  ""explanation"": ""The two code snippets are not functionally similar. They appear to be solving different problems. Code Snippet 1, 'StandingOviation', seems to be solving a problem related to calculating the number of friends required to help people with shyness levels, given a string representing the audience's shyness levels and a maximum shyness level. On the other hand, Code Snippet 2, 'Pancakes', appears to be solving a problem related to finding the minimum number of maneuvers required to flip a",284
2015_0_1,35102,2016_0_1,55901,NON-CLONE,2026-07-10 20:47:35,"```json
{
  ""answer"": ""NO-NOT-SIMILAR"",
  ""explanation"": ""The two code snippets are not functionally similar. They appear to be solving different problems. The first code snippet, 'StandingOviation', seems to be solving a problem related to calculating the number of friends required to help people with shyness levels, given a maximum shyness level and a string representing the audience's shyness levels. The second code snippet, 'Main', appears to be solving a problem related to finding the smallest number that, when multiplied by a given number, produces a product containing all digits from",285
2015_0_1,35102,2013_0_3,94901,NON-CLONE,2026-07-10 20:47:37,"```json
{
  ""answer"": ""NO-NOT-SIMILAR"",
  ""explanation"": ""The two code snippets are not functionally similar. They appear to be solving different problems. Code Snippet 1 is calculating the number of friends required to help people with shyness levels, given a maximum shyness level and a string representing the audience's shyness levels. Code Snippet 2 is finding the number of square palindromic numbers within a given range. The input and output formats, as well as the logic and calculations, are different between the two snippets.""
}
```",286
2015_0_1,68106,2013_0_2,44471,NON-CLONE,2026-07-10 20:47:39,"```json
{
  ""answer"": ""NO-NOT-SIMILAR"",
  ""explanation"": ""The two code snippets are not functionally similar. They appear to be solving different problems. Code Snippet 1 reads a file, iterates over a character array, and calculates a value 'newbs' based on certain conditions. Code Snippet 2 reads a file, processes a 2D array, and checks for a specific pattern. The input files, output files, and the logic used are all different, indicating that they are solving distinct tasks.""
}
```",287
2015_0_1,68106,2013_0_3,83531,NON-CLONE,2026-07-10 20:47:41,"```json
{
  ""answer"": ""NO-NOT-SIMILAR"",
  ""explanation"": ""The two code snippets are not functionally similar. They appear to be solving different problems. Code Snippet 1 reads a file, iterates over a character array, and calculates a value based on certain conditions. Code Snippet 2 reads a file, but uses a different approach to solve a problem that seems unrelated to the first snippet. It uses a class called Algo and InputHandler to read and process data, and seems to be checking for palindromic numbers. The structure, syntax, and purpose of the two snippets are",288
2015_0_1,65869,2013_1_1,40715,NON-CLONE,2026-07-10 20:47:43,"```json
{
  ""answer"": ""NO-NOT-SIMILAR"",
  ""explanation"": ""The two code snippets appear to be solving different problems. Code Snippet 1 seems to be solving a problem where it reads a line of input, parses it, and calculates a sum based on certain conditions. Code Snippet 2, on the other hand, appears to be solving a different problem involving a mathematical calculation to find a specific value. The logic, structure, and output format of the two snippets are distinct, indicating they are not functionally similar.""
}
```",289
2015_0_2,34257,2016_1_2,8152,NON-CLONE,2026-07-10 20:47:46,"```json
{
  ""answer"": ""NO-NOT-SIMILAR"",
  ""explanation"": ""The two code snippets appear to be solving different problems. Code Snippet 1 is solving a problem involving pancakes, where it uses a priority queue to stack pancakes and determines the minimum number of cuts required. Code Snippet 2, on the other hand, seems to be solving a problem where it reads a series of integers, removes pairs of identical integers, and then outputs the remaining integers. The purpose, logic, and output format of the two snippets are different, indicating they are not functionally similar.""
}
```",290
2015_0_2,34257,2014_0_2,107403,NON-CLONE,2026-07-10 20:47:48,"```json
{
  ""answer"": ""NO-NOT-SIMILAR"",
  ""explanation"": ""The two code snippets are not functionally similar. They appear to be solving different problems. Code Snippet 1 is solving a problem involving pancakes, where it reads input from a file, processes it, and writes output to another file. The problem seems to be related to cutting pancakes into smaller pieces to minimize the length. On the other hand, Code Snippet 2 is solving a problem involving optimizing the time it takes for a chicken to cross a road, given certain conditions such as the cost of crossing, the increase in",291
2015_0_2,34257,2016_2_1,187476,NON-CLONE,2026-07-10 20:47:50,"```json
{
  ""answer"": ""NO-NOT-SIMILAR"",
  ""explanation"": ""The two code snippets are not functionally similar. They appear to be solving different problems. Code Snippet 1 seems to be solving a problem involving pancakes and cutting them to achieve a certain length, while Code Snippet 2 appears to be solving a problem involving reconstructing a sequence of numbers from a given string. The input and output formats, as well as the algorithms used, are also different. Code Snippet 1 reads input from a file, processes it using a priority queue and a custom Pancake class, and",292
2015_0_2,34257,2015_0_4,77477,NON-CLONE,2026-07-10 20:47:52,"```json
{
  ""answer"": ""NO-NOT-SIMILAR"",
  ""explanation"": ""The two code snippets appear to be solving different problems. Code Snippet 1 is solving a problem involving pancakes, where it reads input, creates a priority queue of pancakes, and then solves a problem by cutting pancakes. Code Snippet 2 is solving a problem involving a grid and determining a winner based on certain conditions. The input and output formats are different, and the logic and algorithms used are also different. While both code snippets are written in Java and involve reading input and writing output, they do not appear to be",293
2015_0_2,32722,2016_1_1,14479,NON-CLONE,2026-07-10 20:47:54,"```json
{
  ""answer"": ""NO-NOT-SIMILAR"",
  ""explanation"": ""The two code snippets are not functionally similar. They appear to be solving different problems. Code Snippet 1, 'InfiniteHouseOfPancakes.java', seems to be solving a problem related to finding the minimum time required to serve pancakes to diners, given their pancake counts and the constraint that pancakes can be divided and served in batches. On the other hand, Code Snippet 2, 'Main.java', appears to be solving a completely different problem involving string manipulation and rearrangement, indicated by the presence of",294
2015_0_2,32722,2013_0_2,90919,NON-CLONE,2026-07-10 20:47:57,"```json
{
  ""answer"": ""NO-NOT-SIMILAR"",
  ""explanation"": ""The two code snippets are not functionally similar. Code Snippet 1 appears to be solving a problem where it needs to find the minimum time required to divide a set of pancakes among a certain number of diners, with the constraint that each diner must receive a whole number of pancakes. The code iterates over different possible numbers of divisions and calculates the time required for each division. On the other hand, Code Snippet 2 seems to be solving a completely different problem, where it checks if a given matrix satisfies certain conditions",295
2015_0_2,32722,2015_0_3,107238,NON-CLONE,2026-07-10 20:47:59,"```json
{
  ""answer"": ""NO-NOT-SIMILAR"",
  ""explanation"": ""The two code snippets are not functionally similar. They appear to be solving different problems. Code Snippet 1, 'InfiniteHouseOfPancakes.java', seems to be solving a problem related to finding the minimum time required to divide pancakes among diners, while Code Snippet 2, 'C.java', appears to be solving a problem involving complex number products and finding specific positions in a string. The structure, syntax, and logic of the two code snippets are significantly different, indicating they are not similar.""
}
```",296
2015_0_2,77145,2015_0_3,62582,NON-CLONE,2026-07-10 20:48:01,"```json
{
  ""answer"": ""NO-NOT-SIMILAR"",
  ""explanation"": ""The two code snippets are not functionally similar. Code Snippet 1 appears to be solving a problem that involves finding a minimum value based on some input array and a specific calculation. Code Snippet 2 seems to be solving a completely different problem involving string manipulation, modular arithmetic, and a custom multiplication function. The input formats, output formats, and the logic within the code are significantly different, indicating they serve different purposes.""
}
```",297
2015_0_2,77145,2016_1_1,14479,NON-CLONE,2026-07-10 20:48:03,"```json
{
  ""answer"": ""NO-NOT-SIMILAR"",
  ""explanation"": ""The two code snippets are not functionally similar. Code Snippet 1 reads a number of test cases, then for each test case, it reads a number of people and their respective values, and calculates a result based on these values. Code Snippet 2 appears to be a solution to a different problem, reading a string and performing operations on it to produce an output. The tasks performed by the two snippets are different, and they do not achieve the same result or perform the same task.""
}
```",298
2015_0_2,72707,2015_1_1,115055,NON-CLONE,2026-07-10 20:48:05,"```json
{
  ""answer"": ""NO-NOT-SIMILAR"",
  ""explanation"": ""The two code snippets appear to be solving different problems. Code Snippet 1 seems to be solving a problem that involves finding an optimal value related to a priority queue, while Code Snippet 2 appears to be solving a problem related to eating mushrooms at different rates. The input formats, variable names, and logic used in the two snippets are quite different, suggesting that they are not functionally similar.""
}
```",299
2015_0_3,74464,2016_0_2,125812,NON-CLONE,2026-07-10 20:48:08,"```json
{
  ""answer"": ""NO-NOT-SIMILAR"",
  ""explanation"": ""The two code snippets appear to be solving different problems. Code Snippet 1 seems to be solving a problem involving quaternions and checking if a certain condition can be met given a string of characters 'i', 'j', 'k' and a target value X. Code Snippet 2 appears to be solving a problem involving a string of '+' and '-' characters and finding the minimum number of swaps required to reach a certain state. The structure, syntax, and logic of the two code snippets are significantly different, indicating",300
2015_0_3,74464,2014_2_1,119554,NON-CLONE,2026-07-10 20:48:11,"```json
{
  ""answer"": ""NO-NOT-SIMILAR"",
  ""explanation"": ""The two code snippets appear to be solving different problems. Code Snippet 1 seems to be solving a problem involving complex number multiplication and checking certain conditions, while Code Snippet 2 appears to be solving a problem involving string processing and calculating a total value based on character counts. The structure, syntax, and logic of the two code snippets are significantly different, indicating that they are not functionally similar.""
}
```",301
2015_0_3,74464,2016_0_4,100472,NON-CLONE,2026-07-10 20:48:12,"```json
{
  ""answer"": ""NO-NOT-SIMILAR"",
  ""explanation"": ""The two code snippets appear to be solving different problems. Code Snippet 1 seems to be solving a problem involving quaternions and checking for certain conditions, while Code Snippet 2 appears to be solving a problem related to combinatorics and generating sequences. The structure, syntax, and logic of the two code snippets are significantly different, indicating that they are not functionally similar.""
}
```",302
2015_0_3,74464,2013_0_1,58633,NON-CLONE,2026-07-10 20:48:15,"```json
{
  ""answer"": ""NO-NOT-SIMILAR"",
  ""explanation"": ""The two code snippets appear to be solving different problems. Code Snippet 1 seems to be related to a mathematical problem involving complex numbers and modular arithmetic, while Code Snippet 2 appears to be related to a game (likely Tic-Tac-Toe) and checks for winning conditions. The structure, syntax, and logic of the two code snippets are significantly different, indicating that they are not functionally similar.""
}
```",303
2015_0_3,88073,2016_2_1,187476,NON-CLONE,2026-07-10 20:48:18,"```json
{
  ""answer"": ""NO-NOT-SIMILAR"",
  ""explanation"": ""The two code snippets appear to be solving different problems. Code Snippet 1 seems to be implementing a solution to a problem involving expressions with characters 'i', 'j', 'k', and '0', where the goal is to evaluate the expression for a given number of times X. It uses various helper functions like getSign, getChar, evaluateSign, and evaluateChar. On the other hand, Code Snippet 2 appears to be solving a problem related to finding a sequence of digits that can be formed from",304
2015_0_3,88073,2016_3_1,210871,NON-CLONE,2026-07-10 20:48:20,"```json
{
  ""answer"": ""NO-NOT-SIMILAR"",
  ""explanation"": ""The two code snippets appear to be solving different problems. Code Snippet 1 seems to be implementing a solution for a problem involving expressions with variables 'i', 'j', and 'k', and determining if a given expression evaluates to a certain condition after a specified number of iterations. On the other hand, Code Snippet 2 appears to be solving a problem involving a map of characters to integers, where it iteratively reduces the values in the map and prints out characters based on certain conditions. The structure, syntax, and",305
2015_0_3,88073,2013_0_3,83531,NON-CLONE,2026-07-10 20:48:22,"```json
{
  ""answer"": ""NO-NOT-SIMILAR"",
  ""explanation"": ""The two code snippets are functionally not similar. The first code snippet appears to be solving a problem related to evaluating expressions with variables 'i', 'j', and 'k' and determining if a given expression evaluates to a certain condition. The second code snippet seems to be solving a completely different problem related to finding palindromic numbers and counting them. The structure, syntax, and logic of the two code snippets are significantly different, indicating that they are not functionally similar.""
}
```",306
2015_0_3,21597,2016_2_1,187476,NON-CLONE,2026-07-10 20:48:25,"```json
{
  ""answer"": ""NO-NOT-SIMILAR"",
  ""explanation"": ""The two code snippets are functionally different. Code Snippet 1 appears to be solving a problem related to quaternions and string manipulation, implementing Dijkstra's algorithm for a specific task. It reads input from a file, processes it, and writes output to another file. The code involves complex string and token manipulation, and it checks for certain conditions in the input strings. On the other hand, Code Snippet 2 seems to be solving a problem related to number sequences and character mapping. It reads input from a file,",307
2015_0_3,21597,2016_0_2,88861,NON-CLONE,2026-07-10 20:48:27,"```json
{
  ""answer"": ""NO-NOT-SIMILAR"",
  ""explanation"": ""The two code snippets are not functionally similar. Code Snippet 1 appears to be solving a problem involving quaternions and a specific sequence of operations, reading input from a file, and writing output to another file. It checks for certain conditions in the input strings and performs complex operations using the `iterate`, `result`, and `index` methods. On the other hand, Code Snippet 2 is much simpler, reading an integer and a string from the input, counting the number of flips in the string (i",308
2015_0_3,62582,2014_2_1,125050,NON-CLONE,2026-07-10 20:48:30,"```json
{
  ""answer"": ""NO-NOT-SIMILAR"",
  ""explanation"": ""The two code snippets appear to be solving different problems. Code Snippet 1 seems to be solving a problem involving string manipulation and modular arithmetic, possibly related to the Google Code Jam 'Dijkstra' problem. Code Snippet 2 appears to be solving a problem involving string processing and calculating minimum moves, possibly related to the Google Code Jam 'Fegla Won' problem. The algorithms, data structures, and problem domains seem to be different, indicating that the code snippets are not functionally similar.""
}
```",309
2015_0_4,107149,2016_1_2,20611,NON-CLONE,2026-07-10 20:48:32,"```json
{
    ""answer"": ""NO-NOT-SIMILAR"",
    ""explanation"": ""The two code snippets are not functionally similar. Code Snippet 1 appears to be solving a problem from Google Code Jam, where it reads input from a file, performs some calculations based on the input values, and writes the output to another file. The output seems to be determined by a series of if-else statements based on the input values x, r, and c. On the other hand, Code Snippet 2 seems to be solving a different problem, where it reads input from an input stream, constructs a frequency",310
2015_0_4,107149,2015_0_1,65869,NON-CLONE,2026-07-10 20:48:34,"```json
{
  ""answer"": ""NO-NOT-SIMILAR"",
  ""explanation"": ""The two code snippets appear to be solving different problems. Code Snippet 1 seems to be solving a problem from the Google Code Jam (GCJ) competition, where it reads input from a file, performs some calculations based on the input values, and writes the output to another file. The output is determined by a series of if-else statements based on the input values x, r, and c. 

      Code Snippet 2, on the other hand, appears to be solving a different problem. It reads a",311
2015_0_4,107149,2013_0_3,83531,NON-CLONE,2026-07-10 20:48:36,"```json
{
  ""answer"": ""NO-NOT-SIMILAR"",
  ""explanation"": ""The two code snippets appear to be solving different problems. Code Snippet 1 seems to be a solution to a Google Code Jam problem involving determining the winner of a game based on certain conditions, such as the product of two numbers and their dimensions. On the other hand, Code Snippet 2 appears to be solving a problem involving finding the number of special numbers that are palindromes when squared. The algorithms, input handling, and output formats are also different, indicating that they are not functionally similar.""
}
```",312
2015_0_4,107149,2014_3_1,138894,NON-CLONE,2026-07-10 20:48:38,"```json
{
  ""answer"": ""NO-NOT-SIMILAR"",
  ""explanation"": ""The two code snippets appear to be solving different problems. Code Snippet 1 seems to be solving a problem from the Google Code Jam competition, where it reads input from a file, performs some calculations based on the input values, and writes the output to another file. The output is determined by a series of if-else statements based on the input values x, r, and c. 

Code Snippet 2 also appears to be solving a problem from the Google Code Jam competition, but it seems to be a different problem",313
2015_0_4,96734,2015_1_1,127730,NON-CLONE,2026-07-10 20:48:41,"```json
{
  ""answer"": ""NO-NOT-SIMILAR"",
  ""explanation"": ""The two code snippets are not functionally similar. They appear to be solving different problems. Code Snippet 1 is solving a problem related to determining the winner of a game involving ominos, given certain input parameters (x, r, c). It uses a complex set of rules and conditions to decide between two players, Richard and Gabriel. On the other hand, Code Snippet 2 seems to be solving a problem involving calculating two different values (res1 and res2) based on an array of integers read from a",314
2015_0_4,96734,2014_0_2,107403,NON-CLONE,2026-07-10 20:48:43,"```json
{
  ""answer"": ""NO-NOT-SIMILAR"",
  ""explanation"": ""The two code snippets are not functionally similar. Code Snippet 1 appears to be a solution to a problem involving determining the winner of a game based on certain parameters (x, r, c) related to ominos, while Code Snippet 2 seems to be solving a completely different problem related to optimizing the time it takes to cross a certain distance with changing speeds. The input parameters, the logic, and the output of the two snippets are different, indicating they serve different purposes and do not achieve the same task.""
",315
2015_0_4,96734,2015_1_1,124925,NON-CLONE,2026-07-10 20:48:45,"```json
{
  ""answer"": ""NO-NOT-SIMILAR"",
  ""explanation"": ""The two code snippets are not functionally similar. They appear to be solving different problems. Code Snippet 1 is solving a problem related to determining the winner of a game involving ominos, where the goal is to find out who can cover a grid with ominos without leaving any extra squares. Code Snippet 2 seems to be solving a problem related to calculating two different results (result1 and result2) based on an array of plate values, possibly related to a problem of covering or filling plates. The inputs,",316
2015_0_4,79014,2013_0_1,84294,NON-CLONE,2026-07-10 20:48:47,"```json
{
  ""answer"": ""NO-NOT-SIMILAR"",
  ""explanation"": ""The two code snippets are not functionally similar. Code Snippet 1 appears to be a solution to a problem involving determining whether Richard or Gabriel wins based on certain input conditions related to a grid or area. Code Snippet 2 seems to be a solution to a different problem, specifically a Tic-Tac-Toe game result determiner, reading a 4x4 grid and determining the winner or state of the game. The input formats, logic, and output purposes are significantly different, indicating they serve distinct functions.""
}
",317
2015_0_4,79014,2016_3_1,210871,NON-CLONE,2026-07-10 20:48:49,"```json
{
  ""answer"": ""NO-NOT-SIMILAR"",
  ""explanation"": ""The two code snippets are not functionally similar. They appear to be solving different problems. Code Snippet 1 seems to be solving a problem where Richard and Gabriel take turns doing some task, and the code determines who can win based on certain conditions. Code Snippet 2 appears to be solving a problem where it reads a set of integers, performs some operations on them, and prints out a string of characters based on those operations. The logic, input formats, and output formats are all different, indicating that they are not",318
2015_0_4,21673,2016_3_1,210871,NON-CLONE,2026-07-10 20:48:52,"```json
{
  ""answer"": ""NO-NOT-SIMILAR"",
  ""explanation"": ""The two code snippets are not functionally similar. They appear to be solving different problems. Code Snippet 1 is determining whether a rectangular grid can be divided into a certain number of equal parts, based on its dimensions and a given number N. It outputs either 'GABRIEL' or 'RICHARD' depending on the conditions met. Code Snippet 2, on the other hand, seems to be solving a different problem involving reading a number of inputs, processing them, and then outputting a string of",319
2015_1_1,127730,2014_2_1,126555,NON-CLONE,2026-07-10 20:48:54,"```json
{
  ""answer"": ""NO-NOT-SIMILAR"",
  ""explanation"": ""The two code snippets are not functionally similar. They appear to be solving different problems. Code Snippet 1 reads input from a file, parses it into integers, and then calls two methods `solve1` and `solve2` to calculate two different results for each set of input integers. The results are then printed to the console. Code Snippet 2 reads input from a file or resource, but it seems to be solving a completely different problem involving strings, specifically finding a minimum number of moves to make all strings",320
2015_1_1,127730,2016_0_1,72044,NON-CLONE,2026-07-10 20:48:56,"```json
{
  ""answer"": ""NO-NOT-SIMILAR"",
  ""explanation"": ""The two code snippets are not functionally similar. They appear to be solving different problems. Code Snippet 1 reads input from a file, parses it into integers, and then calls two methods, solve1 and solve2, which calculate two different values based on the input array. The output is a series of lines in the format 'Case #X: Y Z', where Y and Z are the results of solve1 and solve2 respectively. Code Snippet 2 reads input from a file, but it seems to be",321
2015_1_1,127730,2014_0_2,27351,NON-CLONE,2026-07-10 20:48:58,"```json
{
  ""answer"": ""NO-NOT-SIMILAR"",
  ""explanation"": ""The two code snippets are not functionally similar. They appear to be solving different problems. Code Snippet 1 reads a file, parses integers, and solves two different problems (solve1 and solve2) related to calculating totals based on given conditions. Code Snippet 2 reads input, solves a problem related to optimizing the purchase of farms to minimize time, and outputs the result. The problems they are trying to solve and their structures are different.""
}
```",322
2015_1_1,127730,2016_0_1,72044,NON-CLONE,2026-07-10 20:49:00,"```json
{
  ""answer"": ""NO-NOT-SIMILAR"",
  ""explanation"": ""The two code snippets are not functionally similar. They appear to be solving different problems. Code Snippet 1 reads input from a file, parses it into integers, and then calls two methods, solve1 and solve2, which calculate two different values based on the input array. The output is a series of lines with 'Case #X: res1 res2' where res1 and res2 are the results of solve1 and solve2 respectively. Code Snippet 2 reads input from a file, but it seems",323
2015_1_1,114491,2013_0_3,118052,NON-CLONE,2026-07-10 20:49:02,"```json
{
  ""answer"": ""NO-NOT-SIMILAR"",
  ""explanation"": ""The two code snippets are not functionally similar. Code Snippet 1 appears to be solving a problem that involves calculating certain values based on an array of integers input by the user, specifically calculating a sum of differences and another sum based on a rate. Code Snippet 2, on the other hand, seems to be solving a completely different problem involving finding palindromic squares within a given range. The inputs, outputs, and the logic used in both snippets are different, indicating they serve different purposes.""
}
```",324
2015_1_1,114491,2016_1_2,8152,NON-CLONE,2026-07-10 20:49:04,"```json
{
    ""answer"": ""NO-NOT-SIMILAR"",
    ""explanation"": ""The two code snippets appear to be solving different problems. Code Snippet 1 calculates the total decrease in a list of numbers and the total decrease if each number is reduced by a certain rate, then prints the results. Code Snippet 2 reads a large input file, sorts and filters a list of numbers, and prints the results in a specific format. The tasks performed by the two snippets do not seem to achieve the same result or perform the same task, indicating they are not functionally similar.""
}
```",325
2015_1_1,114491,2014_3_1,136615,NON-CLONE,2026-07-10 20:49:07,"```json
{
  ""answer"": ""NO-NOT-SIMILAR"",
  ""explanation"": ""The two code snippets are not functionally similar. Code Snippet 1 appears to be solving a problem that involves calculating certain values based on an array of integers input by the user, specifically calculating a sum of differences and another sum based on a rate. Code Snippet 2, on the other hand, seems to be solving a completely different problem involving fractions, specifically checking if a fraction can be represented as a power of 2 and calculating a generation number. The inputs, outputs, and the logic used in both snippets are",326
2015_1_1,125935,2016_1_2,31984,NON-CLONE,2026-07-10 20:49:09,"```json
{
  ""answer"": ""NO-NOT-SIMILAR"",
  ""explanation"": ""The two code snippets are not functionally similar. Code Snippet 1 appears to be a solution to a competitive programming problem, reading input from standard input, processing it, and producing output. It involves calculating two values, x and y, based on an array of long integers. On the other hand, Code Snippet 2 seems to be a utility class for reading input from a file, specifically designed to read input for a Google Code Jam competition. It reads a file line by line, parsing the number of cases and",327
2015_1_1,125935,2016_0_1,72044,NON-CLONE,2026-07-10 20:49:11,"```json
{
  ""answer"": ""NO-NOT-SIMILAR"",
  ""explanation"": ""The two code snippets are not functionally similar. Code Snippet 1 appears to be solving a problem involving an array of integers, calculating two values 'x' and 'y' based on certain conditions. Code Snippet 2, on the other hand, seems to be solving a problem related to finding a number that, when multiplied by a sequence of numbers, produces a set of digits from 0 to 9. The tasks, input processing, and output formats are different, indicating that the code snippets are not similar",328
2015_1_1,124925,2016_1_1,8299,NON-CLONE,2026-07-10 20:49:13,"```json
{
  ""answer"": ""NO-NOT-SIMILAR"",
  ""explanation"": ""The two code snippets are not functionally similar. Code Snippet 1 appears to be solving a problem involving plates and calculating two results (result1 and result2) based on the input values. It reads multiple integers, processes them, and prints out two results for each test case. On the other hand, Code Snippet 2 seems to be rearranging characters in a string based on certain conditions. It reads a string, processes its characters, and returns a rearranged string. The input formats, processing logic, and output",329
2016_0_1,60475,2014_0_3,108079,NON-CLONE,2026-07-10 20:49:16,"```json
{
  ""answer"": ""NO-NOT-SIMILAR"",
  ""explanation"": ""The two code snippets are not functionally similar. Code Snippet 1 appears to be solving a problem related to finding the smallest multiple of a given number that contains all digits from 0 to 9, while Code Snippet 2 seems to be solving a problem related to generating a minesweeper grid with certain constraints. The problems they are trying to solve, as well as their structures and approaches, are different.""
}
```",330
2016_0_1,60475,2013_1_1,40715,NON-CLONE,2026-07-10 20:49:18,"```json
{
  ""answer"": ""NO-NOT-SIMILAR"",
  ""explanation"": ""The two code snippets appear to be solving different problems. Code Snippet 1 seems to be solving a problem where it needs to find the smallest multiple of a given number 'n' such that the multiple contains all digits from 0 to 9 at least once. On the other hand, Code Snippet 2 appears to be solving a different problem involving a mathematical calculation to find a value 'i' based on given inputs 'r' and 't'. The algorithms, inputs, and outputs are different, indicating that",331
2016_0_1,60475,2015_0_2,77145,NON-CLONE,2026-07-10 20:49:20,"```json
{
  ""answer"": ""NO-NOT-SIMILAR"",
  ""explanation"": ""The two code snippets appear to be solving different problems. Code Snippet 1 seems to be solving a problem where it needs to find the smallest multiple of a given number 'n' such that the multiple contains all digits from 0 to 9 at least once. On the other hand, Code Snippet 2 appears to be solving a problem where it needs to find the minimum cost or sum related to an array of people's values and a count variable. The logic, input processing, and output format of the two snippets",332
2016_0_1,60475,2014_0_2,107403,NON-CLONE,2026-07-10 20:49:22,"```json
{
  ""answer"": ""NO-NOT-SIMILAR"",
  ""explanation"": ""The two code snippets are not functionally similar. Code Snippet 1 appears to be solving a problem from the Google Code Jam competition, specifically a problem that involves finding the smallest multiple of a given number that contains all digits from 0 to 9 at least once. Code Snippet 2, on the other hand, seems to be solving a different problem, likely from the same competition but a different part, involving calculating the time it takes for a chicken to cross a road given certain conditions. The purpose, logic,",333
2016_0_1,69477,2016_0_2,162423,NON-CLONE,2026-07-10 20:49:24,"```json
{
  ""answer"": ""NO-NOT-SIMILAR"",
  ""explanation"": ""The two code snippets are not functionally similar. They appear to be solving different problems. Code Snippet 1 is solving a problem where it needs to find the smallest number that, when multiplied by a given number n, produces a number that contains all digits from 0 to 9 at least once. Code Snippet 2, on the other hand, seems to be counting the number of transitions between different characters in a string. The logic, input/output handling, and the purpose of the two snippets are different, indicating",334
2016_0_1,69477,2016_0_2,125812,NON-CLONE,2026-07-10 20:49:26,"```json
{
  ""answer"": ""NO-NOT-SIMILAR"",
  ""explanation"": ""The two code snippets are not functionally similar. They appear to be solving different problems. Code Snippet 1 is solving a problem where it needs to find the smallest number that, when multiplied by a given number n, produces a number that contains all digits from 0 to 9 at least once. Code Snippet 2, on the other hand, seems to be solving a problem involving a string of '+' and '-' characters, where it needs to find the minimum number of swaps required to make the string alternate between '+'",335
2016_0_1,69477,2013_0_1,84294,NON-CLONE,2026-07-10 20:49:28,"```json
{
  ""answer"": ""NO-NOT-SIMILAR"",
  ""explanation"": ""The two code snippets are not functionally similar. They appear to be solving different problems. Code Snippet 1 is solving a problem where it needs to find the smallest number that contains all digits from 0 to 9 when multiplied by a given number n. Code Snippet 2 seems to be checking the state of a 4x4 Tic Tac Toe game and determining the winner or the state of the game. The inputs, outputs, and logic used in both snippets are different, indicating they serve different purposes.""
}
",336
2016_0_1,123558,2016_1_1,14479,NON-CLONE,2026-07-10 20:49:31,"```json
{
  ""answer"": ""NO-NOT-SIMILAR"",
  ""explanation"": ""The two code snippets are not functionally similar. Code Snippet 1 appears to be solving the 'Counting Sheep' problem, where it reads a number from a file, and then finds the smallest multiple of that number that contains all digits from 0 to 9. On the other hand, Code Snippet 2 seems to be solving a completely different problem, where it reads a string and rearranges its characters in a specific way. The problems being solved, the input/output formats, and the logic used are all different",337
2016_0_1,123558,2015_0_1,35102,NON-CLONE,2026-07-10 20:49:33,"```json
{
  ""answer"": ""NO-NOT-SIMILAR"",
  ""explanation"": ""The two code snippets are not functionally similar. Code Snippet 1 appears to be solving the 'Counting Sheep' problem from Google Code Jam, where it needs to find the smallest multiple of a given number that contains all digits from 0 to 9. On the other hand, Code Snippet 2 seems to be solving a different problem, 'Standing Oviation', which involves calculating the number of friends required to help people with shyness levels in an audience. The problems, inputs, outputs, and logic in",338
2016_0_1,55901,2015_1_1,125935,NON-CLONE,2026-07-10 20:49:36,"```json
{
  ""answer"": ""NO-NOT-SIMILAR"",
  ""explanation"": ""The two code snippets are not functionally similar. Code Snippet 1 appears to be solving a problem where it needs to find the smallest multiple of a given number 'n' such that the multiple contains all digits from 0 to 9 at least once. On the other hand, Code Snippet 2 seems to be solving a completely different problem, possibly related to array processing and calculating specific values based on the array elements. The main methods, solve functions, and overall logic of the two snippets do not align, indicating",339
2016_0_2,68074,2013_0_1,124149,NON-CLONE,2026-07-10 20:49:38,"```json
{
  ""answer"": ""NO-NOT-SIMILAR"",
  ""explanation"": ""The two code snippets are not functionally similar. Code Snippet 1 appears to be solving a problem involving finding the minimum number of maneuvers required to flip pancakes from a given state to a solved state, indicated by the presence of '+' and '-' characters. In contrast, Code Snippet 2 seems to be solving a different problem related to determining the winner of a game (likely Tic-Tac-Toe) based on a given board state. The logic, input processing, and output formats are significantly different, indicating they serve",340
2016_0_2,68074,2013_0_3,83531,NON-CLONE,2026-07-10 20:49:41,"```json
{
  ""answer"": ""NO-NOT-SIMILAR"",
  ""explanation"": ""The two code snippets are not functionally similar. They appear to be solutions to different problems from Google Code Jam competitions. The first snippet is for the 'Pancakes' problem, where it calculates the minimum number of maneuvers required to sort a stack of pancakes. The second snippet seems to be for a different problem involving finding numbers with certain properties (palindromes) and calculating a result based on that. The main methods, input handling, and algorithms used are distinct and serve different purposes.""
}
```",341
2016_0_2,68074,2015_0_2,32722,NON-CLONE,2026-07-10 20:49:43,"```json
{
  ""answer"": ""NO-NOT-SIMILAR"",
  ""explanation"": ""The two code snippets are not functionally similar. Code Snippet 1 appears to be solving a problem involving finding the minimum number of maneuvers required to flip pancakes from one side to another, represented by '+' and '-' characters in a string. On the other hand, Code Snippet 2 seems to be solving a completely different problem involving finding the minimum time required to serve diners with pancakes, where each diner has a certain number of pancakes and the goal is to divide them into stacks of similar size. The logic,",342
2016_0_2,68074,2014_3_1,138529,NON-CLONE,2026-07-10 20:49:45,"```json
{
  ""answer"": ""NO-NOT-SIMILAR"",
  ""explanation"": ""The two code snippets are not functionally similar. They appear to be solving different problems. Code Snippet 1 is solving a problem involving finding the minimum number of maneuvers required to flip pancakes from one side to another, indicated by '+' and '-' characters. Code Snippet 2 seems to be solving a problem involving finding the difference in the number of steps required to reduce two numbers to 1 by dividing by their greatest common divisor and then by 2, with certain conditions. The logic, input processing, and output formats",343
2016_0_2,150691,2014_2_1,124976,NON-CLONE,2026-07-10 20:49:47,"```json
{
  ""answer"": ""NO-NOT-SIMILAR"",
  ""explanation"": ""The two code snippets appear to be solving different problems. Code Snippet 1 seems to be solving a problem involving a sequence of '+' and '-' characters, where the goal is to transform the sequence into all '+' characters with the minimum number of operations. Code Snippet 2 appears to be solving a problem involving a set of strings, where the goal is to determine if 'Fegla Won' or calculate a minimum value based on the character counts in the strings. The algorithms, data structures, and problem domains seem to",344
2016_0_2,150691,2013_0_2,55421,NON-CLONE,2026-07-10 20:49:50,"```json
{
  ""answer"": ""NO-NOT-SIMILAR"",
  ""explanation"": ""The two code snippets appear to be solving different problems. Code Snippet 1 seems to be solving a problem involving a sequence of '+' and '-' characters, where the goal is to find the minimum number of operations required to make all characters in the sequence '+'. The problem appears to be related to the Google Code Jam 2016 competition. On the other hand, Code Snippet 2 appears to be solving a problem involving a garden pattern, where the goal is to determine if a given pattern is valid according to certain rules",345
2016_0_2,150691,2014_2_1,124976,NON-CLONE,2026-07-10 20:49:52,"```json
{
  ""answer"": ""NO-NOT-SIMILAR"",
  ""explanation"": ""The two code snippets appear to be solving different problems. Code Snippet 1 seems to be solving a problem involving a sequence of '+' and '-' characters, where the goal is to transform the sequence into all '+' characters with the minimum number of operations. Code Snippet 2 appears to be solving a problem involving a set of strings, where the goal is to determine if 'Fegla Won' or calculate a minimum value based on the character counts in the strings. The algorithms, data structures, and problem domains seem to",346
2016_0_2,125812,2016_0_4,58218,NON-CLONE,2026-07-10 20:49:54,"```json
{
  ""answer"": ""NO-NOT-SIMILAR"",
  ""explanation"": ""The two code snippets are not functionally similar. They appear to be solving different problems. Code Snippet 1 seems to be solving a problem involving a string of happy and sad pancakes, where the goal is to find the minimum number of swaps required to make all pancakes happy or sad. Code Snippet 2, on the other hand, appears to be solving a problem involving fractiles, where the goal is to generate a sequence of numbers based on certain parameters. The input and output formats, as well as the logic and",347
2016_0_2,125812,2013_0_3,55548,NON-CLONE,2026-07-10 20:49:57,"```json
{
  ""answer"": ""NO-NOT-SIMILAR"",
  ""explanation"": ""The two code snippets are not functionally similar. Code Snippet 1 appears to be solving a problem involving a string of '+' and '-' characters, where it counts the minimum number of swaps required to make all characters the same. Code Snippet 2, on the other hand, seems to be solving a problem involving finding the number of perfect squares within a given range. The problems being solved, the approach, and the code structure are all different, indicating that the code snippets are not functionally similar.""
}
```",348
2016_0_2,88861,2013_0_3,55548,NON-CLONE,2026-07-10 20:49:59,"```json
{
  ""answer"": ""NO-NOT-SIMILAR"",
  ""explanation"": ""The two code snippets are not functionally similar. Code Snippet 1 reads a string for each test case, counts the number of flips required to make the string consist of the same character, and outputs this count. Code Snippet 2, on the other hand, appears to be solving a different problem involving generating and counting solutions based on certain mathematical conditions, reading two BigInteger values for each test case, and outputting the count of solutions within a range. The inputs, processing, and outputs are different, indicating different",349
2016_0_4,100472,2016_3_1,218815,NON-CLONE,2026-07-10 20:50:02,"```json
{
  ""answer"": ""NO-NOT-SIMILAR"",
  ""explanation"": ""The two code snippets appear to be solving different problems. Code Snippet 1 is solving a problem related to 'Fractiles' from Google Code Jam, where it reads input and calculates a result based on the given numbers k, c, and s. Code Snippet 2 seems to be solving a different problem, possibly from the same competition but a different round or problem, involving string manipulation and processing. The structure, logic, and output format of the two snippets do not align, indicating they are not functionally similar",350
2016_0_4,100472,2015_1_1,125935,NON-CLONE,2026-07-10 20:50:04,"```json
{
  ""answer"": ""NO-NOT-SIMILAR"",
  ""explanation"": ""The two code snippets appear to be solving different problems. Code Snippet 1 is solving a problem related to 'Fractiles' from Google Code Jam, which involves calculating and printing a sequence of numbers based on given inputs k, c, and s. Code Snippet 2 seems to be solving a different problem, likely from the same competition, but it involves calculating and returning an array of two long values based on an input array A. The structure, logic, and output format of the two snippets are significantly different",351
2016_0_4,100472,2013_0_2,90919,NON-CLONE,2026-07-10 20:50:06,"```json
{
  ""answer"": ""NO-NOT-SIMILAR"",
  ""explanation"": ""The two code snippets are not functionally similar. They appear to be solving different problems. Code Snippet 1 is solving a problem related to 'Fractiles' where it reads input from a file, parses it, and then calculates and prints certain values based on the input parameters k, c, and s. Code Snippet 2 seems to be solving a different problem, likely from a competitive programming contest, where it reads input from a file, checks certain conditions in a 2D array, and prints 'YES",352
2016_0_4,100472,2016_0_1,55901,NON-CLONE,2026-07-10 20:50:09,"```json
{
  ""answer"": ""NO-NOT-SIMILAR"",
  ""explanation"": ""The two code snippets appear to be solving different problems. Code Snippet 1 is solving a problem related to 'Fractiles' where it takes inputs k, c, and s, and outputs a sequence of numbers based on certain conditions. Code Snippet 2 seems to be solving a problem related to finding a number that when multiplied by a sequence of numbers produces a product containing all digits from 0 to 9. The structure, inputs, and outputs of the two code snippets are different, indicating they are not",353
2016_0_4,129913,2013_1_1,30788,NON-CLONE,2026-07-10 20:50:11,"```json
{
  ""answer"": ""NO-NOT-SIMILAR"",
  ""explanation"": ""The two code snippets appear to be solving different problems. Code Snippet 1 seems to be solving a problem involving calculating and printing a series of numbers based on input values K, C, and S, while Code Snippet 2 appears to be solving a problem involving finding a value 'n' based on input values R and T, using a mathematical formula. The structure, syntax, and output format of the two snippets are also different, indicating they are not functionally similar.""
}
```",354
2016_0_4,129913,2013_1_1,30788,NON-CLONE,2026-07-10 20:50:13,"```json
{
  ""answer"": ""NO-NOT-SIMILAR"",
  ""explanation"": ""The two code snippets appear to be solving different problems. Code Snippet 1 seems to be solving a problem where it needs to calculate and print certain values based on the inputs K, C, and S, and it handles cases where the result is 'IMPOSSIBLE'. Code Snippet 2, on the other hand, appears to be solving a different problem involving mathematical calculations with a quadratic equation to find a value 'n'. The structure, inputs, and outputs of the two snippets are significantly different, indicating they",355
2016_0_4,129913,2016_1_2,30007,NON-CLONE,2026-07-10 20:50:15,"```json
{
  ""answer"": ""NO-NOT-SIMILAR"",
  ""explanation"": ""The two code snippets appear to be solving different problems. Code Snippet 1 seems to be solving a problem involving calculating and printing numbers based on input values K, C, and S, with a focus on handling cases where certain conditions are met (e.g., C*S < K). It uses a loop structure to compute and print values. In contrast, Code Snippet 2 appears to be solving a problem involving reading input, storing it in a multiset, and then printing out sorted unique values from the mult",356
2016_0_4,58218,2015_1_1,127730,NON-CLONE,2026-07-10 20:50:17,"```json
{
  ""answer"": ""NO-NOT-SIMILAR"",
  ""explanation"": ""The two code snippets are not functionally similar. They appear to be solving different problems. Code Snippet 1 is solving a problem that involves calculating fractiles based on input parameters K, C, and S, and it outputs a sequence of numbers. Code Snippet 2 is solving a different problem that involves finding the minimum rate and calculating the total eaten based on an array of input values. The input formats, output formats, and the calculations performed are different, indicating that they are not achieving the same task.""
}
```",357
2016_0_4,58218,2016_0_2,68074,NON-CLONE,2026-07-10 20:50:19,"```json
{
  ""answer"": ""NO-NOT-SIMILAR"",
  ""explanation"": ""The two code snippets are not functionally similar. They appear to be solving different problems. Code Snippet 1, 'Fractiles', seems to be solving a problem involving fractiles or quantiles, reading input from a file, and writing output to another file. It performs a complex calculation involving a loop that computes a product and appends it to a string. On the other hand, Code Snippet 2, 'Pancakes', appears to be solving a problem involving finding the minimum number of maneuvers to",358
2016_0_4,63729,2014_0_2,81302,NON-CLONE,2026-07-10 20:50:21,"```json
{
  ""answer"": ""NO-NOT-SIMILAR"",
  ""explanation"": ""The two code snippets are not functionally similar. They appear to be solving different problems. Code Snippet 1 seems to be solving a problem related to generating a string and finding certain patterns in it, while Code Snippet 2 appears to be solving a problem related to calculating a time value based on certain conditions and inputs. The structure, syntax, and purpose of the two code snippets are different, indicating that they are not functionally similar.""
}
```",359
2016_1_1,1153,2014_2_1,126555,NON-CLONE,2026-07-10 20:50:24,"```json
{
  ""answer"": ""NO-NOT-SIMILAR"",
  ""explanation"": ""The two code snippets are not functionally similar. Code Snippet 1 appears to be solving a problem where it rearranges the characters in a string in a specific way, inserting characters at the beginning of a StringBuilder if they are greater than or equal to the first character, and appending them otherwise. Code Snippet 2, on the other hand, seems to be solving a different problem, calculating the minimum number of moves required to make a set of strings have the same character sequence. The problems being solved and the approaches",360
2016_1_1,1153,2016_0_1,123558,NON-CLONE,2026-07-10 20:50:26,"```json
{
  ""answer"": ""NO-NOT-SIMILAR"",
  ""explanation"": ""The two code snippets are not functionally similar. Code Snippet 1 appears to be solving a problem where it rearranges the characters in a given string in a specific way, inserting characters at the beginning or appending them based on their value compared to the first character in the current string. On the other hand, Code Snippet 2 seems to be solving a completely different problem, often referred to as 'InSomnia' or a similar puzzle, where it finds the smallest multiple of a given number that contains all digits from",361
2016_1_1,1153,2016_0_4,58218,NON-CLONE,2026-07-10 20:50:28,"```json
{
  ""answer"": ""NO-NOT-SIMILAR"",
  ""explanation"": ""The two code snippets are not functionally similar. They appear to be solving different problems. Code Snippet 1 is rearranging characters in a string, while Code Snippet 2 is generating a sequence of numbers based on a set of parameters (K, C, S) and appears to be solving a problem related to fractiles. The input/output formats and the logic used in the two snippets are different, indicating they serve different purposes.""
}
```",362
2016_1_1,1153,2015_0_3,107238,NON-CLONE,2026-07-10 20:50:30,"```json
{
  ""answer"": ""NO-NOT-SIMILAR"",
  ""explanation"": ""The two code snippets are not functionally similar. Code Snippet 1 appears to be solving a problem where it rearranges the characters in a given string based on certain conditions, and outputs the rearranged string for each test case. Code Snippet 2 seems to be solving a completely different problem involving complex number products and checking for certain conditions based on the input string and given operations. The tasks performed, the logic used, and the output generated by the two snippets are different, indicating they are not functionally similar.""
}
```",363
2016_1_1,14479,2014_0_3,99421,NON-CLONE,2026-07-10 20:50:34,"```json
{
  ""answer"": ""NO-NOT-SIMILAR"",
  ""explanation"": ""The two code snippets are not functionally similar. They appear to be solving different problems. The first code snippet seems to be solving a problem where it reads input from a file, and for each test case, it rearranges the characters in a string in a specific way. The second code snippet appears to be solving a different problem, possibly related to mine placement in a grid, and it uses multi-threading and various comparators to achieve this. The structure, logic, and purpose of the two code snippets are significantly different,",364
2016_1_1,14479,2016_0_1,72044,NON-CLONE,2026-07-10 20:50:36,"```json
{
  ""answer"": ""NO-NOT-SIMILAR"",
  ""explanation"": ""The two code snippets are not functionally similar. They appear to be solving different problems. Code Snippet 1 seems to be solving a problem involving string manipulation, where it reads input from a file, processes it, and writes output to another file. The problem appears to involve rearranging characters in a string based on certain conditions. On the other hand, Code Snippet 2 appears to be solving a problem involving finding a number that, when multiplied by increasing integers, produces a sequence of digits that covers all digits from 0",365
2016_1_1,14479,2016_3_1,218815,NON-CLONE,2026-07-10 20:50:39,"```json
{
    ""answer"": ""NO-NOT-SIMILAR"",
    ""explanation"": ""The two code snippets appear to be solving different problems. Code Snippet 1 seems to be solving a problem where it reads a string, finds the maximum character in it, and then rearranges the string in a specific way. Code Snippet 2 appears to be solving a different problem where it reads a series of integers, constructs strings based on those integers, and then combines those strings in a specific order. The algorithms, input formats, and output formats are different, indicating that they are not functionally similar.""
}
```",366
2016_1_1,8299,2016_2_1,193269,NON-CLONE,2026-07-10 20:50:41,"```json
{
  ""answer"": ""NO-NOT-SIMILAR"",
  ""explanation"": ""The two code snippets are not functionally similar. Code Snippet 1 appears to be solving a problem where it takes a string as input and rearranges its characters based on their ASCII values, specifically placing larger characters before smaller ones if they are greater than or equal to the current largest character seen so far. On the other hand, Code Snippet 2 seems to be solving a different problem where it takes a string as input and attempts to reconstruct a number from written-out digits in English, using a mapping of characters to digits",367
2016_1_1,8299,2014_0_3,108079,NON-CLONE,2026-07-10 20:50:43,"```json
{
  ""answer"": ""NO-NOT-SIMILAR"",
  ""explanation"": ""The two code snippets are not functionally similar. Code Snippet 1 appears to be solving a problem where it takes a string as input and rearranges its characters based on a specific rule, whereas Code Snippet 2 seems to be solving a completely different problem related to generating a minesweeper grid with certain constraints. The main methods, input processing, and output generation are all distinct and serve different purposes.""
}
```",368
2016_1_1,29796,2016_3_1,211583,NON-CLONE,2026-07-10 20:50:46,"```json
{
  ""answer"": ""NO-NOT-SIMILAR"",
  ""explanation"": ""The two code snippets are not functionally similar. Code Snippet 1 appears to be solving a problem where it takes a string as input and rearranges its characters to form a lexicographically larger string by iteratively adding characters to the result string. On the other hand, Code Snippet 2 seems to be solving a completely different problem involving a priority queue, where it processes a series of integers and prints characters based on certain conditions. The inputs, outputs, and the logic used in both snippets do not align, indicating they serve",369
2016_1_2,8152,2014_3_1,138529,NON-CLONE,2026-07-10 20:50:48,"```json
{
  ""answer"": ""NO-NOT-SIMILAR"",
  ""explanation"": ""The two code snippets are not functionally similar. They appear to be solving different problems. Code Snippet 1 reads a series of integers from a file, removes pairs of identical integers, and then outputs the remaining integers. Code Snippet 2 reads a series of fractions from a file, simplifies them, and then outputs the difference in the powers of 2 in the numerator and denominator. The input and output formats, as well as the computations performed, are different.""
}
```",370
2016_1_2,8152,2015_0_3,88073,NON-CLONE,2026-07-10 20:50:50,"```json
{
  ""answer"": ""NO-NOT-SIMILAR"",
  ""explanation"": ""The two code snippets are not functionally similar. Code Snippet 1 reads a list of integers from input, removes pairs of identical numbers, and outputs the remaining numbers in sorted order. Code Snippet 2 reads a string expression and a long integer X, then determines whether a certain condition is met based on the expression and X, outputting 'YES' or 'NO'. The tasks performed by the two snippets are entirely different.""
}
```",371
2016_1_2,8152,2016_2_1,197689,NON-CLONE,2026-07-10 20:50:53,"```json
{
  ""answer"": ""NO-NOT-SIMILAR"",
  ""explanation"": ""The two code snippets are not functionally similar. Code Snippet 1 reads a series of integers, sorts them, and then removes pairs of identical integers until only a certain number of integers remain, which are then printed out. Code Snippet 2 reads a series of strings, counts the occurrences of certain characters in each string, and then uses these counts to construct a string of digits, which is then printed out. The tasks performed by the two code snippets are different, and they do not achieve the same result.""
}
",372
2016_1_2,8152,2016_1_1,29796,NON-CLONE,2026-07-10 20:50:55,"```json
{
  ""answer"": ""NO-NOT-SIMILAR"",
  ""explanation"": ""The two code snippets are not functionally similar. Code Snippet 1 reads a large number of integers from a file, sorts them, removes pairs of identical numbers until only a certain number of integers remain, and then outputs the remaining integers. Code Snippet 2 reads a string, and rearranges its characters to form a lexicographically largest string by iteratively adding characters to the beginning or end of the result string. The tasks performed by these code snippets are different, and they do not achieve the same result.""
}
```",373
2016_1_2,31984,2015_0_2,77145,NON-CLONE,2026-07-10 20:50:56,"```json
{
  ""answer"": ""NO-NOT-SIMILAR"",
  ""explanation"": ""The two code snippets are not functionally similar. Code Snippet 1 reads input from a file and stores it in a 2D array, while Code Snippet 2 reads input from the console, performs a calculation to find a minimum value, and prints the result. The purpose and functionality of the two snippets are different.""
}
```",374
2016_1_2,31984,2015_0_4,96734,NON-CLONE,2026-07-10 20:50:58,"```json
{
  ""answer"": ""NO-NOT-SIMILAR"",
  ""explanation"": ""The two code snippets are not functionally similar. Code Snippet 1 reads input from a file and stores it in a 2D array, while Code Snippet 2 reads input from standard input, performs some calculations, and outputs a result. They serve different purposes and do not achieve the same task.""
}
```",375
2016_1_2,31984,2016_0_1,69477,NON-CLONE,2026-07-10 20:51:00,"```json
{
  ""answer"": ""NO-NOT-SIMILAR"",
  ""explanation"": ""The two code snippets are not functionally similar. Code Snippet 1 reads input from a file and stores it in a 2D array, while Code Snippet 2 reads input from standard input, performs a calculation to determine if a number is a 'insomnia' number, and prints the result to standard output. The purpose and functionality of the two code snippets are different.""
}
```",376
2016_1_2,20611,2015_0_4,79014,NON-CLONE,2026-07-10 20:51:02,"```json
{
  ""answer"": ""NO-NOT-SIMILAR"",
  ""explanation"": ""The two code snippets are not functionally similar. Code Snippet 1 appears to be solving a problem where it reads a series of integers, counts their frequencies, and then identifies the numbers that appear an odd number of times. In contrast, Code Snippet 2 seems to be determining whether 'Richard' can win a game based on certain conditions related to the dimensions of a grid and the number of cells it must be divided into. The purpose, logic, and functionality of the two snippets are entirely different.""
}
```",377
2016_1_2,20611,2013_1_1,35305,NON-CLONE,2026-07-10 20:51:04,"```json
{
    ""answer"": ""NO-NOT-SIMILAR"",
    ""explanation"": ""The two code snippets are not functionally similar. Code Snippet 1 appears to be solving a problem where it reads a series of integers, counts their frequencies, and then identifies the missing numbers that appear an odd number of times. Code Snippet 2, on the other hand, seems to be solving a completely different problem involving a binary search to find a specific value based on given conditions. The purpose, logic, and input/output handling of the two snippets are significantly different.""
}
```",378
2016_1_2,19093,2014_2_1,115332,NON-CLONE,2026-07-10 20:51:09,"```json
{
  ""answer"": ""NO-NOT-SIMILAR"",
  ""explanation"": ""The two code snippets appear to be solving different problems. Code Snippet 1 seems to be solving a problem where it reads a series of integers, counts the occurrences of each integer, and then prints out the integers that appear an odd number of times. Code Snippet 2 appears to be solving a problem involving strings and matrices, where it reads a string, constructs a matrix, and then calculates a result based on the matrix. The structure, syntax, and logic of the two code snippets are significantly different, indicating that",379
2016_2_1,197689,2014_0_3,22792,NON-CLONE,2026-07-10 20:51:15,"ANSWER: NO-NOT-SIMILAR
EXPLANATION: The two Java code snippets appear to be solving different problems. The first code snippet seems to be solving a problem where it takes a string input and tries to construct numbers from it by counting the occurrences of certain letters and then constructing digits from those counts. The second code snippet appears to be solving a Minesweeper-like problem where it tries to place mines in a grid based on certain rules. The logic, structure, and purpose of the two code snippets are different, indicating that they are not functionally similar.",380
2016_2_1,197689,2013_0_2,90919,NON-CLONE,2026-07-10 20:51:17,"```json
{
  ""answer"": ""NO-NOT-SIMILAR"",
  ""explanation"": ""The two code snippets are not functionally similar. Code Snippet 1 appears to be solving a problem involving counting characters in a string and then using those counts to print out a string of digits. Code Snippet 2 appears to be solving a problem involving reading in a matrix of integers and checking if each element is equal to the maximum value in its row or column. The problems being solved are different, and the code structures and logic are also different.""
}
```",381
2016_2_1,197689,2015_0_1,65869,NON-CLONE,2026-07-10 20:51:19,"```json
{
  ""answer"": ""NO-NOT-SIMILAR"",
  ""explanation"": ""The two code snippets appear to be solving different problems. Code Snippet 1 is solving a problem where it reads a string, counts the occurrences of certain characters, and then uses these counts to construct a string of digits. Code Snippet 2, on the other hand, appears to be solving a different problem where it reads a string, performs some calculations on the characters, and outputs a single integer value. The purpose, logic, and output of the two code snippets do not seem to match, indicating they are not",382
2016_2_1,197689,2013_0_1,124149,NON-CLONE,2026-07-10 20:51:21,"```json
{
  ""answer"": ""NO-NOT-SIMILAR"",
  ""explanation"": ""The two code snippets are not functionally similar. Code Snippet 1 appears to be solving a problem involving counting characters in a string and then using those counts to construct a string of digits. Code Snippet 2 appears to be solving a problem involving checking the state of a game, likely a Tic-Tac-Toe game, and determining the winner or state of the game. The problems being solved, the input and output formats, and the logic used are all different.""
}
```",383
2016_2_1,192495,2016_0_4,100472,NON-CLONE,2026-07-10 20:51:23,"```json
{
  ""answer"": ""NO-NOT-SIMILAR"",
  ""explanation"": ""The two code snippets are not functionally similar. They appear to be solving different problems. Code Snippet 1 reads a string and counts the occurrences of certain letters, then prints out numbers based on those counts. Code Snippet 2 reads input and calculates a value based on that input, then prints out a sequence of numbers. The structure, syntax, and purpose of the two code snippets are different, indicating they are not functionally similar.""
}
```",384
2016_2_1,192495,2016_0_2,68074,NON-CLONE,2026-07-10 20:51:25,"```json
{
  ""answer"": ""NO-NOT-SIMILAR"",
  ""explanation"": ""The two code snippets are not functionally similar. Code Snippet 1 appears to be solving a problem where it reads a string, counts the occurrences of specific letters, and then prints out numbers based on those counts. Code Snippet 2, on the other hand, seems to be solving a different problem where it reads a string and calculates the minimum number of maneuvers required to flip pancakes from one side to another. The inputs, outputs, and the logic used in both snippets are different, indicating they serve different purposes.""
",385
2016_2_1,192495,2014_0_3,71973,NON-CLONE,2026-07-10 20:51:27,"```json
{
  ""answer"": ""NO-NOT-SIMILAR"",
  ""explanation"": ""The two code snippets are not functionally similar. Code Snippet 1 appears to be solving a problem where it reads a string and counts the occurrences of specific letters, then prints out numbers based on those counts. Code Snippet 2, on the other hand, seems to be solving a completely different problem involving filling in tiles in a grid according to certain rules and printing out the resulting grid or 'Impossible' if it cannot be filled. The inputs, outputs, and logic of the two snippets are significantly different, indicating",386
2016_2_1,187476,2016_0_4,100472,NON-CLONE,2026-07-10 20:51:30,"```json
{
  ""answer"": ""NO-NOT-SIMILAR"",
  ""explanation"": ""The two code snippets appear to be solving different problems. Code Snippet 1 seems to be solving a problem involving processing a string and generating an output based on certain rules, possibly related to the Google Code Jam problem. It reads input from a file, processes it, and writes output to another file. The code involves creating maps, checking existence of characters, and removing characters from maps. On the other hand, Code Snippet 2 appears to be solving a different problem, possibly also from Google Code Jam, but it",387
2016_2_1,187476,2014_0_3,22792,NON-CLONE,2026-07-10 20:51:35,"```json
{
  ""answer"": ""NO-NOT-SIMILAR"",
  ""explanation"": ""The two Java code snippets appear to be solving different problems. The first code snippet seems to be solving a problem related to reconstructing a sequence of numbers from a given string, possibly from a Google Code Jam competition. It involves creating maps of characters to integers, checking for the existence of certain character patterns, and reconstructing a sequence. The second code snippet appears to be solving a Minesweeper-related problem, involving placing mines in a grid, marking neighbors, and generating possible cases. The data structures, algorithms, and problem",388
2016_2_1,193269,2013_0_1,84294,NON-CLONE,2026-07-10 20:51:38,"```json
{
  ""answer"": ""NO-NOT-SIMILAR"",
  ""explanation"": ""The two code snippets are not functionally similar. Code Snippet 1 appears to be solving a problem where it takes a string input and outputs a string of digits based on the presence of certain letters in the string, likely related to the spelling of numbers in English. Code Snippet 2, on the other hand, seems to be implementing a Tic-Tac-Toe game simulator, reading input strings representing game boards and determining the state of the game (e.g., 'X won', 'O won', 'Draw',",389
2016_3_1,205670,2013_0_2,114653,NON-CLONE,2026-07-10 20:51:40,"```json
{
  ""answer"": ""NO-NOT-SIMILAR"",
  ""explanation"": ""The two code snippets are not functionally similar. Code Snippet 1 appears to be solving a problem involving senators and alphabet characters, where it reads input, processes it, and outputs a string of alphabet characters. Code Snippet 2, on the other hand, seems to be solving a different problem involving a 2D board, where it checks if certain conditions are met and outputs 'YES' or 'NO'. The problems being solved, the input/output formats, and the logic used are all different, indicating that the",390
2016_3_1,205670,2016_2_1,197689,NON-CLONE,2026-07-10 20:51:43,"```json
{
  ""answer"": ""NO-NOT-SIMILAR"",
  ""explanation"": ""The two code snippets appear to be solving different problems. Code Snippet 1 seems to be solving a problem involving senate voting, where it generates a string based on the number of votes each senator has. Code Snippet 2 appears to be solving a problem involving counting digits in a string and then printing out the digits in a specific order. The logic, structure, and purpose of the two code snippets are different, indicating they are not functionally similar.""
}
```",391
2016_3_1,205670,2016_1_1,1153,NON-CLONE,2026-07-10 20:51:45,"```json
{
  ""answer"": ""NO-NOT-SIMILAR"",
  ""explanation"": ""The two code snippets appear to be solving different problems. Code Snippet 1 seems to be solving a problem involving fractiles and senators, where it takes input from the user, processes it, and outputs a string based on certain conditions. Code Snippet 2 appears to be solving a problem where it takes a string input, processes the characters, and outputs a modified string. The logic, input processing, and output generation in both snippets are significantly different, indicating they are not functionally similar.""
}
```",392
2016_3_1,205670,2013_0_2,55421,NON-CLONE,2026-07-10 20:51:47,"```json
{
  ""answer"": ""NO-NOT-SIMILAR"",
  ""explanation"": ""The two code snippets appear to be solving different problems. Code Snippet 1 seems to be solving a problem involving senators and alphabet characters, where it reads input, processes it, and outputs a string of alphabet characters. Code Snippet 2 appears to be solving a problem related to a lawnmower and garden patterns, where it reads input, checks for certain conditions, and outputs 'YES' or 'NO'. The problems being solved, the input and output formats, and the logic used are all different, indicating that",393
2016_3_1,211583,2014_0_3,71973,NON-CLONE,2026-07-10 20:51:50,"```json
{
  ""answer"": ""NO-NOT-SIMILAR"",
  ""explanation"": ""The two code snippets appear to be solving different problems. Code Snippet 1 seems to be solving a problem involving a priority queue, where it processes a series of inputs and generates a sequence of characters based on certain conditions. Code Snippet 2, on the other hand, appears to be solving a problem involving filling a grid with characters, following certain rules to place dots in the grid. The structure, logic, and output format of the two snippets are significantly different, indicating they are not functionally similar.""
}
```",394
2016_3_1,211583,2013_0_2,90919,NON-CLONE,2026-07-10 20:51:52,"```json
{
  ""answer"": ""NO-NOT-SIMILAR"",
  ""explanation"": ""The two code snippets appear to be solving different problems. Code Snippet 1 seems to be solving a problem that involves processing a series of integers, using a priority queue to manage pairs of elements, and printing out characters based on certain conditions. Code Snippet 2, on the other hand, appears to be solving a problem that involves reading in a matrix of integers, checking certain conditions about the matrix, and printing out either 'YES' or 'NO'. The input formats, data structures used, and output formats are",395
2016_3_1,211583,2013_0_1,124226,NON-CLONE,2026-07-10 20:51:54,"```json
{
  ""answer"": ""NO-NOT-SIMILAR"",
  ""explanation"": ""The two code snippets are not functionally similar. Code Snippet 1 appears to be solving a problem involving a priority queue, where it processes a series of inputs and prints out characters based on certain conditions. Code Snippet 2, on the other hand, seems to be solving a problem related to a 4x4 game board, checking for winning conditions, and printing out a message based on the state of the game. The problems being solved, the data structures used, and the logic employed are all different, indicating",396
2016_3_1,210871,2015_0_1,68106,NON-CLONE,2026-07-10 20:51:56,"```json
{
  ""answer"": ""NO-NOT-SIMILAR"",
  ""explanation"": ""The two code snippets are not functionally similar. They appear to be solving different problems. Code Snippet 1 seems to be solving a problem where it reads input, processes a map of characters to integers, and prints output based on certain conditions. It involves finding the maximum value in a map, decrementing it, and printing characters based on specific rules. On the other hand, Code Snippet 2 appears to be solving a completely different problem involving reading input from a file, processing an array of characters (representing digits",397
2016_3_1,210871,2013_0_2,114653,NON-CLONE,2026-07-10 20:51:58,"```json
{
  ""answer"": ""NO-NOT-SIMILAR"",
  ""explanation"": ""The two code snippets are not functionally similar. They appear to be solving different problems. Code Snippet 1 seems to be solving a problem where it reads input, processes it, and prints output in a specific format, involving a map to store character frequencies and then printing characters based on certain conditions. Code Snippet 2 appears to be solving a different problem involving a 2D board, checking for certain conditions, and printing 'YES' or 'NO' based on the solution of a method named 'solve'. The",398
2016_3_1,218815,2016_0_1,60475,NON-CLONE,2026-07-10 20:52:01,"```json
{
    ""answer"": ""NO-NOT-SIMILAR"",
    ""explanation"": ""The two code snippets appear to be solving different problems. Code Snippet 1 seems to be solving a problem involving string manipulation and rearranging characters, while Code Snippet 2 appears to be solving a problem related to finding a number that, when multiplied by a given number, produces a sum of digits that covers all digits from 0 to 9. The structure, logic, and purpose of the two code snippets are significantly different, indicating they are not functionally similar.""
}
```",399
