program_a,variant_a,program_b,variant_b,ground_truth,timestamp,response,pair_id
2013_0_1,103399,2013_0_1,99825,CLONE,2026-07-16 12:00:56,"```json
{
 ""answer"": ""YES-SIMILAR"",
 ""explanation"": ""Both code snippets implement a solution to the 4x4 Knapsack problem, where the goal is to determine the winner of a game based on a 4x4 grid of characters (X and O). They read input from a file, process the grid, and output the winner (X, O, or Draw) for each case. The core logic for determining the winner, including checking rows, columns, diagonals, and special cases for the 'T' character, is identical in both languages.""
}
```",0
2013_0_1,99825,2013_0_1,125888,CLONE,2026-07-16 12:00:59,"```json
{
 ""answer"": ""YES-SIMILAR"",
 ""explanation"": ""Both code snippets implement a function to determine the winner of a 4x4 Tic-Tac-Toe game. They use similar logic to track the number of X's and O's in each row, column, and diagonal, and output the result (win, draw, or game in progress) for each game case. Although the syntax and structure differ due to language differences (C++ vs Python), the overall algorithm and logic are the same.""
}
```",1
2013_0_1,125888,2013_0_1,84842,CLONE,2026-07-16 12:01:02,"```json
{
 ""answer"": ""YES-SIMILAR"",
 ""explanation"": ""Both code snippets implement a function to determine the state of a Tic-Tac-Toe game. They both read a grid of characters (either from a file or user input) and check for a win, draw, or ongoing game state. The core logic for checking win conditions (rows, columns, diagonals) and handling each case (draw, win, ongoing) is similar, despite the difference in programming languages and syntax.""
}
```",2
2013_0_1,84842,2013_0_1,103399,CLONE,2026-07-16 12:01:05,"```json
{
 ""answer"": ""NO-NOT-SIMILAR"",
 ""explanation"": ""The two code snippets solve different problems. The PHP code reads a file, processes each line to determine the outcome of a game (based on the arrangement of 'X' and 'O' characters), and prints the result. The Java code implements a Knapsack problem solver, which is a completely different algorithm that optimizes for selecting items to fit within a given capacity.""
}
```",3
2013_0_1,49244,2013_0_1,98087,CLONE,2026-07-16 12:01:09,"```json
{
  ""answer"": ""YES-SIMILAR"",
  ""explanation"": ""Both code snippets implement a Tic-Tac-Toe game, including the logic to check for a winner, handle draws, and determine the state of an incomplete game. They use similar data structures (2D arrays to represent the game board) and follow the same overall algorithm to traverse and check the board for winning conditions. Although the syntax and specific implementation details differ, the overall functionality and logic are the same.""
}
```",4
2013_0_1,98087,2013_0_1,91336,CLONE,2026-07-16 12:01:12,"```json
{
 ""answer"": ""YES-SIMILAR"",
 ""explanation"": ""Both code snippets implement a program to determine the winner of a game played on a 4x4 grid, where 'X' and 'O' are placed in the grid and 'T' represents a special winning position. They use similar logic to check for winners by iterating through rows, columns, and diagonals to see if a player has won. They also have similar functions to check for an unfinished game (still containing '.' characters) and to output the result for each test case.""
}
```",5
2013_0_1,91336,2013_0_1,102913,CLONE,2026-07-16 12:01:16,"```json
{
 ""answer"": ""YES-SIMILAR"",
 ""explanation"": ""Both code snippets implement a function to determine the winner of a 4x4 Tic-Tac-Toe game. They read input from a file, process each game case, and output the result (win, loss, or draw) for each case. The core logic for checking rows, columns, and diagonals for a win is nearly identical, with only slight syntax differences between Python and PHP.""
}
```",6
2013_0_1,102913,2013_0_1,49244,CLONE,2026-07-16 12:01:19,"```json
{
 ""answer"": ""YES-SIMILAR"",
 ""explanation"": ""Both code snippets implement a Tic-Tac-Toe game logic, including reading input from a file, parsing the board state, and determining the winner. They use similar data structures to represent the board (2D arrays), and employ similar algorithms to check for winning conditions (rows, columns, and diagonals). The overall structure and control flow of both programs are nearly identical.""
}
```",7
2013_0_1,126886,2013_0_1,72071,CLONE,2026-07-16 12:01:22,"```json
{
  ""answer"": ""YES-SIMILAR"",
  ""explanation"": ""Both code snippets implement a program to determine the winner of a 2D Tic-Tac-Toe game. They read input cases, iterate through each case, check for winning conditions (rows, columns, and diagonals), and print the result (win, loss, or draw) for each case.""
}
```",8
2013_0_1,72071,2013_0_1,70537,CLONE,2026-07-16 12:01:24,"```json
{
 ""answer"": ""YES-SIMILAR"",
 ""explanation"": ""Both code snippets solve the same problem: determining the winner of a 4x4 Tic-Tac-Toe game. They both read input representing the game board, check for winning conditions (rows, columns, and diagonals), and output the result (X win, O win, draw, or game not ended).""
}
```",9
2013_0_1,70537,2013_0_1,127485,CLONE,2026-07-16 12:01:27,"```json
{
 ""answer"": ""YES-SIMILAR"",
 ""explanation"": ""Both code snippets implement a program to determine the winner of a 4x4 Tic-Tac-Toe game. They both read input from a file, process each game case, and output the result (X win, O win, Draw, or Game has not completed) based on checking rows, columns, and diagonals for a win or draw condition.""
}
```",10
2013_0_1,127485,2013_0_1,126886,CLONE,2026-07-16 12:01:29,"```json
{
 ""answer"": ""YES-SIMILAR"",
 ""explanation"": ""Both code snippets implement a program to play Tic-Tac-Toe. They read input from a file, parse the board state, determine the winner, and print the result (win, loss, or draw) for each case.""
}
```",11
2013_0_2,95524,2013_0_2,83774,CLONE,2026-07-16 12:01:32,"```json
{
  ""answer"": ""YES-SIMILAR"",
  ""explanation"": ""Both code snippets solve the same problem: determining if a 2D grid of numbers can be rearranged in a way that each row and column contains unique values. They achieve this by iterating through the grid, checking for out-of-order elements in rows and columns, and outputting 'YES' if the grid meets the criteria and 'NO' otherwise.""
}
```",12
2013_0_2,83774,2013_0_2,78034,CLONE,2026-07-16 12:01:35,"```json
{
 ""answer"": ""YES-SIMILAR"",
 ""explanation"": ""Both code snippets solve the same problem: determining if a given grid (matrix) of numbers is a valid arrangement where every row and every column has a maximum value. They achieve this by scanning through the matrix, comparing each cell's value to the row and column maximums, and returning 'YES' if all cells meet the criteria, or 'NO' otherwise.""
}
```",13
2013_0_2,78034,2013_0_2,71957,CLONE,2026-07-16 12:01:38,"```json
{
  ""answer"": ""YES-SIMILAR"",
  ""explanation"": ""Both code snippets solve the same problem: given a grid (board) of numbers, determine if there is a cell that violates the condition of being smaller than both its row maximum and its column maximum. They achieve this by first calculating the maximum value in each row and column, then iterating through the grid to check if any cell fails the condition. The logic and overall algorithm are identical, despite the difference in programming languages.""
}
```",14
2013_0_2,71957,2013_0_2,95524,CLONE,2026-07-16 12:01:42,"```json
{
  ""answer"": ""YES-SIMILAR"",
  ""explanation"": ""Both code snippets solve the same problem: they read a grid of numbers from a file, check if the grid satisfies certain conditions (all numbers in each row and column are equal to or greater than their neighbors), and output 'YES' if the conditions are met and 'NO' otherwise. They achieve this using similar logic: reading input, processing rows and columns, and performing comparisons within the grid. Although the syntax and specific implementation details differ, the overall algorithm and purpose are the same.""
}
```",15
2013_0_2,44471,2013_0_2,140779,CLONE,2026-07-16 12:01:45,"```json
{
  ""answer"": ""YES-SIMILAR"",
  ""explanation"": ""Both code snippets solve the same problem: determining if a 2D array (grid) can be filled with a specific value (the minimum value in the grid) such that every row and every column has that value. They achieve this by iterating through the grid and checking if the maximum value in each row and column is equal to the current value. The overall structure, logic, and goal of both programs are identical.""
}
```",16
2013_0_2,140779,2013_0_2,122219,CLONE,2026-07-16 12:01:47,"```json
{
 ""answer"": ""YES-SIMILAR"",
 ""explanation"": ""Both code snippets implement the same logic to determine if a 2D grid of numbers is valid according to a specific rule: each cell must be less than or equal to the maximum value in its row and column. They both read input, iterate through the grid, and print 'YES' or 'NO' based on the validity of each case.""
}
```",17
2013_0_2,122219,2013_0_2,96711,CLONE,2026-07-16 12:01:50,"```json
{
 ""answer"": ""YES-SIMILAR"",
 ""explanation"": ""Both code snippets solve the same problem: they check if a given grid (board) of numbers adheres to a specific rule (no number in a cell can be smaller than the largest number in its row or column). They both read input from a file, process each test case, and print 'YES' or 'NO' based on the rule's validity.""
}
```",18
2013_0_2,96711,2013_0_2,44471,CLONE,2026-07-16 12:01:53,"```json
{
  ""answer"": ""YES-SIMILAR"",
  ""explanation"": ""Both code snippets solve the same problem: determining if a 2D array of numbers represents a valid lawnmower pattern where each row and column has the same minimum value. They achieve this by reading input, parsing it into 2D arrays, finding the minimum value, and then checking if all rows and columns contain that minimum value. The overall logic, input/output handling, and core validation steps are identical, despite the difference in syntax and language.""
}
```",19
2013_0_2,55421,2013_0_2,91409,CLONE,2026-07-16 12:01:57,"```json
{
  ""answer"": ""YES-SIMILAR"",
  ""explanation"": ""Both code snippets solve the same problem: determining if a 2D array (representing a lawnmower's path) represents a valid pattern. They read input from files, process the data, and write the result to another file. The core logic involves checking if there are any two adjacent cells with different values in the same row or column, which is implemented using nested loops and comparison logic. Despite the difference in syntax and structure (Java vs C++), the overall algorithm and functionality are identical.""
}
```",20
2013_0_2,91409,2013_0_2,85165,CLONE,2026-07-16 12:02:00,"```json
{
 ""answer"": ""YES-SIMILAR"",
 ""explanation"": ""Both code snippets solve the same problem: determining if a 2D array of integers represents a valid lawn configuration where every row and column has the same minimum and maximum height. They achieve this by reading input, processing the 2D array, and printing 'YES' or 'NO' based on the validity of the lawn.""
}
```",21
2013_0_2,85165,2013_0_2,68303,CLONE,2026-07-16 12:02:03,"```json
{
  ""answer"": ""YES-SIMILAR"",
  ""explanation"": ""Both code snippets solve the same problem: determining if a given 2D array (representing a lawn with heights) can be made uniform by replacing each cell with one of two specified heights, while maintaining the minimum and maximum heights across all rows and columns. They achieve this by iterating through the input, calculating the minimum and maximum heights in each row and column, and then checking if it's possible to uniformize the lawn without violating these constraints. The core logic and overall flow of both snippets are nearly identical, despite the difference in syntax and",22
2013_0_2,68303,2013_0_2,55421,CLONE,2026-07-16 12:02:07,"```json
{
  ""answer"": ""YES-SIMILAR"",
  ""explanation"": ""Both code snippets solve the same problem: determining if a given 2D grid (representing a lawnmower's path) contains an impossible pattern (where a cell's height is greater than its neighbors').\n\n\nThey achieve this by:\n\n1. Reading input data (a 2D grid) from a file.\n2. Calculating the maximum height in each row and column for comparison.\n3. Iterating through the grid to check if any cell violates the 'no taller than neighbors'",23
2013_0_3,108834,2013_0_3,102625,CLONE,2026-07-16 12:02:10,"```json
{
  ""answer"": ""NO-NOT-SIMILAR"",
  ""explanation"": ""The two code snippets solve different problems. The Java code snippet calculates the number of perfect squares between two given numbers, while the C++ code snippet finds the sum of numbers that are between two given numbers and are palindromes (numbers that read the same forwards and backwards).""
}
```",24
2013_0_3,102625,2013_0_3,102207,CLONE,2026-07-16 12:02:13,"```json
{
 ""answer"": ""NO-NOT-SIMILAR"",
 ""explanation"": ""The two code snippets have different languages (C++ and Python), different purposes (one finds the count of numbers within a range in a predefined list, the other appears to process lines from a file), and different internal logic (one uses `lower_bound` for binary search, the other iterates through a list of numbers). They are not functionally similar.""
}
```",25
2013_0_3,102207,2013_0_3,89287,CLONE,2026-07-16 12:02:15,"```json
{
 ""answer"": ""NO-NOT-SIMILAR"",
 ""explanation"": ""The two code snippets have different languages (Python and PHP), different purposes (one reads from a file and writes to another, the other reads input from STDIN and performs a specific mathematical operation), and different internal logic for solving the problem.""
}
```",26
2013_0_3,89287,2013_0_3,108834,CLONE,2026-07-16 12:02:18,"```json
{
  ""answer"": ""YES-SIMILAR"",
  ""explanation"": ""Both code snippets solve the same problem: finding the number of palindromic squares within a given range. They use similar logic to identify palindromic numbers and calculate their squares. They also share a similar structure for reading input, processing it, and printing the results for each test case.""
}
```",27
2013_0_3,59317,2013_0_3,81195,CLONE,2026-07-16 12:02:20,"```json
{
  ""answer"": ""NO-NOT-SIMILAR"",
  ""explanation"": ""The two code snippets have different objectives. The first code snippet calculates the number of numbers between 1 and a given upper limit that are the sum of two squares. The second code snippet finds and counts palindromic numbers that are within a given range. The algorithms, data structures, and logic used in each snippet are also vastly different.""
}
```",28
2013_0_3,81195,2013_0_3,51164,CLONE,2026-07-16 12:02:23,"```json
{
 ""answer"": ""NO-NOT-SIMILAR"",
 ""explanation"": ""The two code snippets have different objectives. The first snippet generates a list of palindromic squares within a given range and then solves a specific input-output problem related to counting these squares within a given range. The second snippet reads a list of pre-generated palindromic squares from a file and writes out the count of squares within a given range from a different input file.""
}
```",29
2013_0_3,51164,2013_0_3,92037,CLONE,2026-07-16 12:02:26,"```json
{
 ""answer"": ""YES-SIMILAR"",
 ""explanation"": ""Both code snippets solve the same problem: finding the number of perfect squares within a given range. They achieve this by first generating a list of perfect squares up to a certain limit, then reading input ranges, and finally iterating through the list of squares to count how many fall within each input range. The core logic and overall purpose of both snippets are identical.""
}
```",30
2013_0_3,92037,2013_0_3,59317,CLONE,2026-07-16 12:02:29,"```json
{
  ""answer"": ""YES-SIMILAR"",
  ""explanation"": ""Both code snippets solve the problem of counting the number of perfect squares within a given range. They achieve this by first generating a list of perfect squares up to a certain limit (in PHP, it's `pow(10, 14)`, and in Java, it's calculated dynamically). They then iterate through input ranges and check if the range contains any perfect squares using the generated list. The main logic and overall structure of both codes are nearly identical, despite the differences in syntax and language.""
}
```",31
2013_0_3,74156,2013_0_3,53348,CLONE,2026-07-16 12:02:32,"```json
{
  ""answer"": ""YES-SIMILAR"",
  ""explanation"": ""Both code snippets solve the same problem: counting the number of perfect square palindromes within a given range. They use similar logic: iterate through potential square roots, check if the number and its square are palindromes, and accumulate the count. Although the syntax and specific implementation details differ, the overall algorithm and purpose are the same.""
}
```",32
2013_0_3,53348,2013_0_3,70289,CLONE,2026-07-16 12:02:35,"```json
{
 ""answer"": ""NO-NOT-SIMILAR"",
 ""explanation"": ""The two code snippets have different languages (C++ and Python), purposes (one generates a list of palindromic squares and the other solves a problem using that list), structures, and core algorithms. They perform fundamentally different tasks.""
}
```",33
2013_0_3,70289,2013_0_3,132829,CLONE,2026-07-16 12:02:37,"```json
{
 ""answer"": ""YES-SIMILAR"",
 ""explanation"": ""Both code snippets solve the same problem: given a pair of numbers, count the number of perfect squares between them (inclusive). They achieve this by pre-computing a list of perfect squares and then iterating through it to count the occurrences within the given range. The core logic and overall functionality are identical, despite the difference in programming languages.""
}
```",34
2013_0_3,132829,2013_0_3,74156,CLONE,2026-07-16 12:02:41,"```json
{
 ""answer"": ""NO-NOT-SIMILAR"",
 ""explanation"": ""The two code snippets have different objectives. The PHP code reads a file containing a list of squares, defines functions to check if a number is in the list and if it's a palindromic square, and then iterates through a second input file to count the number of palindromic squares between pairs of numbers. The Java code reads a file, iterates through pairs of numbers, and counts the palindromic squares directly using a separate function to check for palindromes.""
}
```",35
2013_1_1,42047,2013_1_1,28766,CLONE,2026-07-16 12:02:44,"```json
{
 ""answer"": ""YES-SIMILAR"",
 ""explanation"": ""Both code snippets solve the same problem: finding the smallest value of 'x' such that (2*r - 3)*x + 2*x*(x+1) > or equal to t. They use a binary search approach to find this value. The core logic, including the calculation of the upper and lower bounds, and the check for the condition, is identical.""
}
```",36
2013_1_1,28766,2013_1_1,37029,CLONE,2026-07-16 12:02:47,"```json
{
 ""answer"": ""YES-SIMILAR"",
 ""explanation"": ""Both code snippets solve the same problem: finding the  number of rings (n) required to paint a circle with a given radius (r) and volume of paint (t) while minimizing the number of rings used. They use a binary search approach to find the optimal n by iteratively checking if the paint required for a given n exceeds the given t. The core logic and overall algorithm are identical, despite the difference in syntax and language.""
}
```",37
2013_1_1,37029,2013_1_1,34507,CLONE,2026-07-16 12:02:49,"```json
{
 ""answer"": ""YES-SIMILAR"",
 ""explanation"": ""Both code snippets solve the same problem: finding the smallest number of rings (n) required to paint a circular area (given by radius and volume) with paint. They use a binary search approach to find the optimal value of n. Although the syntax and specific implementation details differ, the overall logic and algorithm are the same.""
}
```",38
2013_1_1,34507,2013_1_1,42047,CLONE,2026-07-16 12:02:52,"```json
{
 ""answer"": ""YES-SIMILAR"",
 ""explanation"": ""Both code snippets solve the same problem: finding the smallest value of 'x' such that the sum of the series 2*x^2 - x + 2*x*r is less than or equal to a given target value 't'. They use a binary search-like approach to find this value, adjusting the search range based on whether the current midpoint satisfies the condition or not.""
}
```",39
2013_1_1,30835,2013_1_1,30228,CLONE,2026-07-16 12:02:56,"```json
{
 ""answer"": ""YES-SIMILAR"",
 ""explanation"": ""Both code snippets solve the same problem: finding the smallest integer \( k \) such that \( 2rk - t \leq k \), where \( r \) is a given radius and \( t \) is a given time. They use similar steps to achieve this, including: \n\n1. Setting up an inequality based on the relationship between \( k \), \( r \), and \( t \).\n2. Using a binary search or similar approach to find the smallest integer \( k \) that",40
2013_1_1,30228,2013_1_1,32497,CLONE,2026-07-16 12:02:58,"```json
{
 ""answer"": ""YES-SIMILAR"",
 ""explanation"": ""Both code snippets solve the same problem: finding the number of rings (n) that can be made with a given radius (r) and thickness (t) such that the total material used is less than or equal to a given total thickness. They use a binary search approach to find the optimal ring radius that satisfies the constraint.""
}
```",41
2013_1_1,32497,2013_1_1,39026,CLONE,2026-07-16 12:03:02,"```json
{
 ""answer"": ""YES-SIMILAR"",
 ""explanation"": ""Both code snippets solve the same problem: calculating the number of rings (or circles) that can be painted on a ring of a given radius and area constraint. They use similar steps: read input, parse it, calculate a value based on the radius and area, and then iteratively refine the number of rings until a valid solution is found. The core logic and end result are the same, despite the difference in syntax and language.""
}
```",42
2013_1_1,39026,2013_1_1,30835,CLONE,2026-07-16 12:03:04,"```json
{
 ""answer"": ""YES-SIMILAR"",
 ""explanation"": ""Both code snippets solve the same problem: finding the minimum number of circles required to cover a set of points on a number line, given the radius and total area to be covered. They use similar logic to calculate the number of circles needed based on the relationship between the radius (r), total area (t), and the mathematical formula for the area of a circle.""
}
```",43
2013_1_1,32414,2013_1_1,30618,CLONE,2026-07-16 12:03:07,"```json
{
 ""answer"": ""YES-SIMILAR"",
 ""explanation"": ""Both code snippets implement a solution to the same problem: finding the maximum value of x in the quadratic equation 2x² + 2rx - t = 0, given r and t as input. They use a similar binary search approach to find the root of the quadratic equation, and output the maximum value of x rounded down.""
}
```",44
2013_1_1,30618,2013_1_1,30519,CLONE,2026-07-16 12:03:10,"```json
{
 ""answer"": ""YES-SIMILAR"",
 ""explanation"": ""Both code snippets solve the same problem: finding the number of circles (or intervals) that can be inscribed within a given area with a given radius and area constraint. They use a binary search-like approach to find the optimal radius for the circles. The core logic, including the use of a function to calculate the area of a circle in relation to its radius and the input constraints, is identical in both languages.""
}
```",45
2013_1_1,30519,2013_1_1,31779,CLONE,2026-07-16 12:03:13,"```json
{
 ""answer"": ""YES-SIMILAR"",
 ""explanation"": ""Both code snippets implement a binary search algorithm to find the smallest integer \( n \) such that \( 2r + 1 \leq t \leq 2n + 2r + 1 \), which is equivalent to finding the last circle count for a given radius \( r \) and area constraint \( t \). They both use a similar loop structure to narrow down the search range by half in each iteration, and return the final value of \( n \) (or an approximation) as the result.""
",46
2013_1_1,31779,2013_1_1,32414,CLONE,2026-07-16 12:03:16,"```json
{
 ""answer"": ""YES-SIMILAR"",
 ""explanation"": ""Both code snippets implement a binary search algorithm to find the maximum value of 'n' such that (2 * n + 2 * r - 1) * n <= t. They read input, process each case, and print the result. The core logic, including the binary search and calculation of n, is identical in both languages.""
}
```",47
2014_2_1,115757,2014_2_1,131278,CLONE,2026-07-16 12:03:20,"```json
{
  ""answer"": ""YES-SIMILAR"",
  ""explanation"": ""Both code snippets solve the same problem: they process a series of strings and calculate a cost based on the frequency of characters in those strings. They both read input from a file, process multiple test cases, and output the result for each case. The core logic involves: 1) converting strings into a run-length encoded (RLE) format, 2) comparing the RLE representations, and 3) calculating a cost based on the differences in character frequencies. Although the syntax and specific implementation details differ, the overall algorithm and",48
2014_2_1,131278,2014_2_1,128920,CLONE,2026-07-16 12:03:23,"```json
{
 ""answer"": ""YES-SIMILAR"",
 ""explanation"": ""Both code snippets solve the same problem: they process a 
sequence of strings, transforming them in a specific way and then calculating 
the total cost of the transformations. The core logic involves:

1. Reading input strings.
2. Identifying and transforming substrings based on specific criteria.
3. Calculating the total cost of the transformations.
4. Outputting the result.""
}
```",49
2014_2_1,128920,2014_2_1,118754,CLONE,2026-07-16 12:03:25,"```json
{
 ""answer"": ""YES-SIMILAR"",
 ""explanation"": ""Both code snippets solve the same problem: given a set of strings, determine the minimum number of moves required to make all strings identical. They achieve this by breaking down each string into characters, tracking their positions, and calculating the difference in positions of matching characters across all strings. The main logic, including the calculation of moves and output formatting, is nearly identical.""
}
```",50
2014_2_1,118754,2014_2_1,115757,CLONE,2026-07-16 12:03:29,"```json
{
 ""answer"": ""YES-SIMILAR"",
 ""explanation"": ""Both code snippets solve the same problem: determining the minimum number of moves required to achieve a specific string manipulation task. They both read input from a file, process it, and output the result for each test case. The core logic involves analyzing strings represented as run-length encoded (RLE) sequences and comparing them to find the minimum moves needed for Fegla to win (or not) based on the differences in the RLE representations.""
}
```",51
2014_2_1,129296,2014_2_1,119165,CLONE,2026-07-16 12:03:31,"```json
{
  ""answer"": ""YES-SIMILAR"",
  ""explanation"": ""Both code snippets solve the same problem: given a set of lines, calculate a certain metric based on the character frequencies in each line. They achieve this by tokenizing the lines, counting character occurrences, and then processing these counts to determine a result. Although the syntax and specific implementation details differ, the overall algorithm and purpose are the same.""
}
```",52
2014_2_1,119165,2014_2_1,118416,CLONE,2026-07-16 12:03:34,"```json
{
 ""answer"": ""YES-SIMILAR"",
 ""explanation"": ""Both code snippets solve the same problem: given a set of strings, find the total distance between each string and a median string. They achieve this by first breaking each string into character counts, then calculating a median character count for each string, and finally computing the sum of distances between each string's character counts and the median.""
}
```",53
2014_2_1,118416,2014_2_1,116147,CLONE,2026-07-16 12:03:36,"```json
{
 ""answer"": ""YES-SIMILAR"",
 ""explanation"": ""Both code snippets solve the same problem: given an array of strings, find the total distance between the median of each string's character frequencies and the actual character frequency distribution. They achieve this by reading input from a file, processing each case, calculating the median character frequency, and then computing and summing the distances for each case.""
}
```",54
2014_2_1,116147,2014_2_1,129296,CLONE,2026-07-16 12:03:39,"```json
{
 ""answer"": ""YES-SIMILAR"",
 ""explanation"": ""Both code snippets solve the same problem: they read a file containing multiple lines of text, identify the character that appears most frequently in each line, and calculate the total deviation from the median frequency of that character across all lines. They use similar data structures (arrays and lists) to store character counts and perform similar operations to process the input, calculate deviations, and print the results.""
}
```",55
2014_2_1,131873,2014_2_1,118489,CLONE,2026-07-16 12:03:42,"```json
{
 ""answer"": ""YES-SIMILAR"",
 ""explanation"": ""Both code snippets solve the same problem: they read a set of strings from a file, process them to calculate a total based on their character frequency, and print the result. The core logic, including reading input, processing strings to count character frequencies, and calculating a total, is nearly identical.""
}
```",56
2014_2_1,118489,2014_2_1,121201,CLONE,2026-07-16 12:03:45,"```json
{
  ""answer"": ""NO-NOT-SIMILAR"",
  ""explanation"": ""The two code snippets have different languages (C++ and Python), structures, and purposes. The first snippet is a complex C++ program that reads input, performs a specific string manipulation task, and writes output to a file. The second snippet is a Python function that reads input, performs a different string manipulation task, and prints the result to the console. The algorithms and logic used in each snippet are also distinct.""
}
```",57
2014_2_1,121201,2014_2_1,114208,CLONE,2026-07-16 12:03:49,"```json
{
 ""answer"": ""YES-SIMILAR"",
 ""explanation"": ""Both code snippets implement a function to analyze a list of strings and calculate the total distance between them based on the frequency of characters. They share the same overall logic:

1. **Input Handling:** They both read input from a file (in Python, from `sys.argv`, in PHP, from `php://stdin`).
2. **String Processing:** They both process each string in the input, breaking it down into sequences of identical characters and their lengths.
3. **Distance Calculation:** They both calculate the average length",58
2014_2_1,114208,2014_2_1,131873,CLONE,2026-07-16 12:03:51,"```json
{
 ""answer"": ""NO-NOT-SIMILAR"",
 ""explanation"": ""The two code snippets solve fundamentally different problems. The PHP code reads input from stdin, processes it, and calculates the distance between character frequencies in each line. The Java code reads input from a file, checks for equality between lines, and calculates the total absolute difference in character counts between each line and the first line.""
}
```",59
2014_3_1,135560,2014_3_1,138308,CLONE,2026-07-16 12:03:55,"```json
{
 ""answer"": ""YES-SIMILAR"",
 ""explanation"": ""Both code snippets solve the problem of determining the minimum number of divisions required to reduce a number to 1 using repeated division by another number. They use similar logic: they first find the greatest common divisor (GCD) of the input numbers, then perform a series of divisions and checks to count the steps required to reach 1. The specific implementation details differ (e.g., using loops, conditional statements, and data structures) but the overall algorithm and goal are the same.""
}
```",60
2014_3_1,138308,2014_3_1,139209,CLONE,2026-07-16 12:03:57,"```json
{
 ""answer"": ""YES-SIMILAR"",
 ""explanation"": ""Both code snippets implement an algorithm to find the minimum number of steps required to reduce a fraction to its greatest common divisor (GCD). They use a recursive approach to divide the numerator and denominator by the GCD until the numerator is less than the denominator. The final answer is the number of steps required.""
}
```",61
2014_3_1,139209,2014_3_1,142092,CLONE,2026-07-16 12:04:00,"```json
{
 ""answer"": ""NO-NOT-SIMILAR"",
 ""explanation"": ""The two code snippets solve different problems. The Python code calculates the minimum number of steps required to reduce a fraction to its simplest form, while the PHP code appears to determine if a given fraction represents an 'Elveness' value (a concept not defined in the Python code) and if it can be expressed as a fraction of 1/2 raised to a power.""
}
```",62
2014_3_1,142092,2014_3_1,135560,CLONE,2026-07-16 12:04:03,"```json
{
 ""answer"": ""YES-SIMILAR"",
 ""explanation"": ""Both code snippets solve the same problem: determining the minimum number of times a number must be halved to reach 1 modulo a given divisor. They use similar logic: they read input, iterate through potential halving steps, and output the result. Although the syntax and specific implementation details differ, the overall algorithm and intended outcome are the same.""
}
```",63
2014_3_1,138333,2014_3_1,134611,CLONE,2026-07-16 12:04:06,"```json
{
 ""answer"": ""YES-SIMILAR"",
 ""explanation"": ""Both code snippets implement an algorithm to determine the number of divisions required to reduce a given fraction (p/q) to its lowest terms using a Euclidean algorithm. They follow the same logic for dividing by 2 until one number becomes 1, and then recursively simplify the remaining fraction. The output format and input parsing differ, but the core logic and end result are identical.""
}
```",64
2014_3_1,134611,2014_3_1,139370,CLONE,2026-07-16 12:04:08,"```json
{
 ""answer"": ""YES-SIMILAR"",
 ""explanation"": ""Both code snippets implement an algorithm to solve the problem of finding the number of generations required to reduce a number `p` to 1 using repeated division by another number `q`. They use the Euclidean algorithm to find the greatest common divisor (GCD) and then manipulate the numbers based on the GCD to determine if a solution exists and return the number of generations.""
}
```",65
2014_3_1,139370,2014_3_1,134295,CLONE,2026-07-16 12:04:11,"```json
{
 ""answer"": ""YES-SIMILAR"",
 ""explanation"": ""Both code snippets implement an algorithm to determine the minimum number of divisions required to reduce two numbers, `P` and `Q`, to their greatest common divisor (GCD). They achieve this by iteratively dividing the larger number by the smaller one, accounting for potential common factors, and counting the number of divisions until the smaller number becomes 1. The overall structure, logic, and final output format are nearly identical, indicating functional similarity.""
}
```",66
2014_3_1,134295,2014_3_1,138333,CLONE,2026-07-16 12:04:14,"```json
{
 ""answer"": ""YES-SIMILAR"",
 ""explanation"": ""Both code snippets solve the problem of finding the number of divisions required to reduce two numbers to their greatest common divisor (GCD) to at least half of the smaller number. They achieve this by iteratively dividing the larger number by the smaller one, accounting for even factors of the smaller number, and determining if the result is an integer (indicating a valid GCD).""
}
```",67
2014_3_1,140281,2014_3_1,132142,CLONE,2026-07-16 12:04:18,"```json
{
  ""answer"": ""YES-SIMILAR"",
  ""explanation"": ""Both code snippets solve the same problem: finding the minimum number of steps required to reduce one number to zero by repeatedly doubling it and subtracting the other number. They use similar logic: they first calculate the greatest common divisor (GCD) of the two numbers, then use a loop to attempt to reduce the larger number to the smaller one by doubling it and subtracting the smaller number. If successful, they print the number of steps; otherwise, they print 'impossible'.""
}
```",68
2014_3_1,132142,2014_3_1,143074,CLONE,2026-07-16 12:04:20,"```json
{
 ""answer"": ""YES-SIMILAR"",
 ""explanation"": ""Both code snippets solve the same problem: finding the minimum number of divisions required to reduce one number to another, given that the result must be a power of 2. They achieve this by first calculating the greatest common divisor (GCD) of the two numbers, then determining if the remaining number is a power of 2, and finally counting the divisions needed to reduce it to 1.""
}
```",69
2014_3_1,143074,2014_3_1,132975,CLONE,2026-07-16 12:04:23,"```json
{
 ""answer"": ""YES-SIMILAR"",
 ""explanation"": ""Both code snippets solve the problem of determining the number of decimal places needed to represent a fraction as a power of 2. They achieve this by first calculating the ratio of two numbers, then determining if that ratio can be expressed as a power of 2. If it can, they calculate and print the number of decimal places required. The core logic and end result are identical, despite the difference in syntax and language.""
}
```",70
2014_3_1,132975,2014_3_1,140281,CLONE,2026-07-16 12:04:26,"```json
{
 ""answer"": ""YES-SIMILAR"",
 ""explanation"": ""Both code snippets solve the same problem: given two numbers p and q, determine the minimum number of times p must be divided by q to reach 0, or if it's impossible. They achieve this by repeatedly doubling p and checking if it's less than or equal to q. The final result is printed for each test case.""
}
```",71
2015_0_1,47939,2015_0_1,44230,CLONE,2026-07-16 12:04:29,"```json
{
 ""answer"": ""YES-SIMILAR"",
 ""explanation"": ""Both code snippets solve the same problem: counting the number of times a person needs to stand up in response to a series of invitations (represented as a string). The core logic is the same: they iterate through the string, keeping track of the current count of invitations, and incrementing the total count when the person needs to stand up (based on the current character in the string). The syntax and specific implementation details differ, but the overall algorithm is identical.""
}
```",72
2015_0_1,44230,2015_0_1,106809,CLONE,2026-07-16 12:04:32,"```json
{
 ""answer"": ""YES-SIMILAR"",
 ""explanation"": ""Both code snippets solve the same problem: given a string representing the shyness levels of people at a party (where '0' means no shyness and higher numbers mean more shyness), they calculate and print the total number of invitations required to ensure everyone with some shyness is included at least once. The algorithms used in both snippets are nearly identical, with only syntax differences between C++ and Python.""
}
```",73
2015_0_1,106809,2015_0_1,25955,CLONE,2026-07-16 12:04:34,"```json
{
 ""answer"": ""YES-SIMILAR"",
 ""explanation"": ""Both code snippets solve the same problem: they calculate the minimum number of people needed to reach a certain level in a scenario where people at different levels can borrow from each other. They both use a loop to iterate through input data, process it, and output the result for each case.""
}
```",74
2015_0_1,25955,2015_0_1,47939,CLONE,2026-07-16 12:04:37,"```json
{
 ""answer"": ""NO-NOT-SIMILAR"",
 ""explanation"": ""The two code snippets solve fundamentally different problems. The PHP code processes input data representing shy levels for people in a line and calculates the number of people who need to move forward to reach a certain level. The Java code reads an input string, converts it into an array of integers, and then calculates the total number of moves required for each person to reach their desired position.""
}
```",75
2015_0_1,43660,2015_0_1,64620,CLONE,2026-07-16 12:04:39,"```json
{
  ""answer"": ""YES-SIMILAR"",
  ""explanation"": ""Both code snippets solve the same problem: they read a line of input representing a binary string, calculate the number of operations required to turn all digits to zero, and print the result for each test case. The core logic, including the loop structure and calculation method, is identical.""
}
```",76
2015_0_1,64620,2015_0_1,86599,CLONE,2026-07-16 12:04:42,"```json
{
 ""answer"": ""YES-SIMILAR"",
 ""explanation"": ""Both code snippets solve the same problem: given a string representing a binary number, they calculate and output the minimum number of operations required to make the string all zeros. They achieve this by iterating through the string, keeping track of a running sum, and incrementing the count of operations when the sum falls below the current position in the string.""
}
```",77
2015_0_1,86599,2015_0_1,28465,CLONE,2026-07-16 12:04:44,"```json
{
 ""answer"": ""YES-SIMILAR"",
 ""explanation"": ""Both code snippets solve the same problem: they read input data about audience standing and invitations, and calculate the total number of invitations required for each case. The core logic, including looping through data, updating standing, and calculating invitations, is identical in both languages despite differences in syntax and structure.""
}
```",78
2015_0_1,28465,2015_0_1,43660,CLONE,2026-07-16 12:04:47,"```json
{
 ""answer"": ""YES-SIMILAR"",
 ""explanation"": ""Both code snippets solve the same problem: calculating the number of invitations required to seat a group of people. They read input data (a line containing the number of cases and the seating arrangement of individuals), process it, and output the result for each case.""
}
```",79
2015_0_1,100718,2015_0_1,65110,CLONE,2026-07-16 12:04:49,"```json
{
 ""answer"": ""YES-SIMILAR"",
 ""explanation"": ""Both code snippets solve the same problem: calculating the minimum number of friends needed to achieve a certain level of shyness, represented by a string of digits, and outputting the result for each test case. They use similar logic: iterating through the digits, keeping track of a running sum, and incrementing the count of friends when the running sum falls behind the current digit.""
}
```",80
2015_0_1,65110,2015_0_1,60803,CLONE,2026-07-16 12:04:53,"```json
{
 ""answer"": ""NO-NOT-SIMILAR"",
 ""explanation"": ""The two code snippets solve different problems. Code Snippet 1 reads input, manipulates a string to find the maximum value in a substring, and writes the result to a file. Code Snippet 2 reads input, parses an array of numbers, and calculates the maximum value in a cumulative sum, also writing the result to a file. The algorithms and data structures used are distinct, indicating different approaches to the same general problem.""
}
```",81
2015_0_1,60803,2015_0_1,96593,CLONE,2026-07-16 12:04:55,"```json
{
 ""answer"": ""NO-NOT-SIMILAR"",
 ""explanation"": ""The two code snippets solve fundamentally different problems. Code Snippet 1 calculates the maximum value in a cumulative sum of an array, while Code Snippet 2 determines the minimum number of friends needed to ensure everyone is standing in a room based on their shy levels.""
}
```",82
2015_0_1,96593,2015_0_1,100718,CLONE,2026-07-16 12:04:58,"```json
{
  ""answer"": ""YES-SIMILAR"",
  ""explanation"": ""Both code snippets solve the problem of determining the minimum number of additional friends needed for everyone to be standing (clapping) in a given scenario. They achieve this by iterating through a string or array of numbers, calculating a running sum, and adjusting for shy visitors. The core logic and outcome are identical, despite the difference in syntax and programming languages.""
}
```",83
2015_0_2,91000,2015_0_2,96440,CLONE,2026-07-16 12:05:00,"```json
{
  ""answer"": ""YES-SIMILAR"",
  ""explanation"": ""Both code snippets solve the same problem: given an array of integers representing the sizes of pancakes, they find the minimum number of flips needed to make all pancakes the same size. They achieve this by iterating through each possible divisor of the largest pancake size and calculating the minimum number of flips required to reduce each pancake to that size. The output is the minimum number of flips for each case.""
}
```",84
2015_0_2,96440,2015_0_2,36519,CLONE,2026-07-16 12:05:03,"```json
{
 ""answer"": ""YES-SIMILAR"",
 ""explanation"": ""Both code snippets solve the problem of minimizing the total time to serve a set of pancakes by dividing them into groups of equal size. They both read input cases, process each case, and output the minimum time for serving all pancakes in that case. The core logic, including the use of priority queues and the concept of splitting piles and calculating time based on the largest pile size, is identical.""
}
```",85
2015_0_2,36519,2015_0_2,103402,CLONE,2026-07-16 12:05:07,"```json
{
 ""answer"": ""YES-SIMILAR"",
 ""explanation"": ""Both code snippets solve the same problem: finding the minimum number of minutes required to flip a set of pancakes, where each pancake has a different size and must be flipped in a specific order. They both read input from a file, process each case, and write the result to another file. The core logic involves: 1) reading the number of test cases, 2) for each case, reading the number of pancakes and their sizes, 3) using a priority queue to keep track of the pancakes, 4) iterating through",86
2015_0_2,103402,2015_0_2,91000,CLONE,2026-07-16 12:05:10,"```json
{
 ""answer"": ""NO-NOT-SIMILAR"",
 ""explanation"": ""The two code snippets solve different problems. The PHP code reads input, processes it, and writes output for a specific task (finding the minimum number of minutes to cook a set of pancakes with given sizes). The Java code reads input, sorts an array, and calculates and outputs the minimum time to make a stack of pancakes with given sizes, which is a different problem with a different approach.""
}
```",87
2015_0_2,21812,2015_0_2,88257,CLONE,2026-07-16 12:05:13,"```json
{
 ""answer"": ""YES-SIMILAR"",
 ""explanation"": ""Both code snippets solve the same problem: finding the minimum number of days required to eat all pancakes (items) given their respective durations (in days). They achieve this by iterating through the input array, finding the maximum duration, and then testing each possible divisor of the maximum duration to calculate the total number of days required to consume all pancakes with that divisor. The output is the minimum number of days found.""
}
```",88
2015_0_2,88257,2015_0_2,81081,CLONE,2026-07-16 12:05:16,"```json
{
 ""answer"": ""YES-SIMILAR"",
 ""explanation"": ""Both code snippets solve the same problem: given an array of integers, find the minimum number of divisions needed to eat all the pancakes (elements) in the array by dividing them into piles of equal size (a 'pancake').\n\nThey both use a similar approach: \n1. Read input: They both read the number of pancakes and their values from input.\n2. Calculate the maximum value: They both find the maximum value in the array.\n3. Iterate through potential divisor values: They both iterate",89
2015_0_2,81081,2015_0_2,102321,CLONE,2026-07-16 12:05:19,"```json
{
 ""answer"": ""YES-SIMILAR"",
 ""explanation"": ""Both code snippets solve the same problem: finding the minimum number of 'eats' (represented as 'splits' in the Python code) to eat all pancakes (array elements) with a given maximum value. They both achieve this by iteratively testing different maximum values and calculating the total 'eats' for each, keeping track of the minimum number of 'eats' found.""
}
```",90
2015_0_2,102321,2015_0_2,21812,CLONE,2026-07-16 12:05:23,"```json
{
 ""answer"": ""YES-SIMILAR"",
 ""explanation"": ""Both code snippets solve the same problem: finding the minimum number of days required to eat all pancakes (or items) in a list, where each item has a different consumption rate. They both read input from a file, process each test case, and output the result. The core logic involves iterating through the input array, testing different eating days, and calculating the total days required to eat all pancakes. Although the syntax and implementation details differ, the overall algorithm and purpose are identical.""
}
```",91
2015_0_2,40957,2015_0_2,38840,CLONE,2026-07-16 12:05:25,"```json
{
 ""answer"": ""YES-SIMILAR"",
 ""explanation"": ""Both code snippets solve the same problem: finding the minimum number of operations needed to increase a set of numbers to their maximum common multiple. They achieve this by first finding the maximum element in the input array, then iteratively increasing each element to its maximum possible value while tracking the minimum number of operations required.""
}
```",92
2015_0_2,38840,2015_0_2,100159,CLONE,2026-07-16 12:05:27,"```json
{
 ""answer"": ""YES-SIMILAR"",
 ""explanation"": ""Both code snippets solve the same problem: they calculate the minimum number of moves required to serve a set of plates to diners, where each plate takes a number of moves proportional to its size. They both read input data, process it, and output the result for each test case.""
}
```",93
2015_0_2,100159,2015_0_2,55775,CLONE,2026-07-16 12:05:31,"```json
{
 ""answer"": ""YES-SIMILAR"",
 ""explanation"": ""Both code snippets implement an algorithm to solve the same problem: finding the minimum number of moves required to serve all customers in a restaurant with limited stack size (represented by 'plates' or 'a' in the arrays). The core logic involves sorting the stack sizes, iterating through them, and calculating the minimum moves needed to serve each customer using a target stack size. Although the syntax and specific implementation details differ (Python vs. PHP), the overall algorithm and goal are identical.""
}
```",94
2015_0_2,55775,2015_0_2,40957,CLONE,2026-07-16 12:05:34,"```json
{
 ""answer"": ""YES-SIMILAR"",
 ""explanation"": ""Both code snippets solve the same problem, the Google Code Jam Qualification Round 2015 Problem B. 'Infinite House of Pancakes'. They both take an array of pancakes (numbers) as input and output the minimum number of stacks required to serve all pancakes. The algorithms are similar in that they both use a greedy approach, iteratively finding the optimal stack size by trying different values and calculating the total number of pancakes that can be served with each.""
}
```",95
2015_0_3,42051,2015_0_3,41900,CLONE,2026-07-16 12:05:36,"```json
{
  ""answer"": ""NO-NOT-SIMILAR"",
  ""explanation"": ""The two code snippets solve different problems. The first snippet performs quaternion multiplication on a string, while the second snippet searches for specific subsequences in a string to determine if they form a valid sequence of quaternion multiplications.""
}
```",96
2015_0_3,41900,2015_0_3,103585,CLONE,2026-07-16 12:05:39,"```json
{
  ""answer"": ""NO-NOT-SIMILAR"",
  ""explanation"": ""The two code snippets solve different problems. The first snippet is designed to find a specific index in a string based on a series of transformations, while the second snippet appears to check if a given string of characters can be transformed into a specific product (represented by a sequence of numbers) through a series of multiplications and inversions, with specific conditions for the final result.""
}
```",97
2015_0_3,103585,2015_0_3,19800,CLONE,2026-07-16 12:05:42,"```json
{
 ""answer"": ""YES-SIMILAR"",
 ""explanation"": ""Both code snippets implement a function that takes a string of characters (representing binary operations) and an integer \(x\) as input and determines if the result of the operations, when repeated \(x\) times, is \(1\) or \(-1\). They use a lookup table to perform the multiplications of the individual characters and share similar logic for handling negative numbers and identifying specific patterns in the string.""
}
```",98
2015_0_3,19800,2015_0_3,42051,CLONE,2026-07-16 12:05:45,"```json
{
 ""answer"": ""NO-NOT-SIMILAR"",
 ""explanation"": ""While both code snippets appear to solve a similar problem (multiplying a string of characters based on a specific rule set), they achieve this in fundamentally different ways. The PHP code uses a series of string manipulation and conditional checks, while the Java code uses a table-lookup approach with a custom `quaternionMultiply` function. The core logic and overall structure of the algorithms differ significantly.""
}
```",99
2015_0_3,47513,2015_0_3,49764,CLONE,2026-07-16 12:05:48,"```json
{
  ""answer"": ""NO-NOT-SIMILAR"",
  ""explanation"": ""The two code snippets solve different problems. The first snippet implements a specific logic to check if a given string, after certain operations, results in a specific sequence ('YES' or 'NO'). The second snippet appears to solve a different problem, involving string manipulation and power operations with a specific set of characters, to determine if a given string can be transformed into a certain pattern within a specified number of iterations.""
}
```",100
2015_0_3,49764,2015_0_3,103774,CLONE,2026-07-16 12:05:52,"```json
{
  ""answer"": ""YES-SIMILAR"",
  ""explanation"": ""Both code snippets solve the same problem: determining if a given string, after a specific transformation, contains a specific sub-sequence (in this case, a specific sequence of 'i', 'j', and 'k' characters) that appears at least twice. They achieve this by using a table to represent the transformation and checking for the presence of the desired sub-sequence after applying the transformation to the input string and its powers.""
}
```",101
2015_0_3,103774,2015_0_3,102323,CLONE,2026-07-16 12:05:55,"```json
{
  ""answer"": ""NO-NOT-SIMILAR"",
  ""explanation"": ""The two code snippets have different programming languages (Python and PHP) and perform fundamentally different tasks. The Python code reads input, processes it based on a set of rules, and outputs 'YES' or 'NO' based on the result. The PHP code reads input, defines a custom data structure (Num) to process a string, and checks for specific characters ('i', 'j', 'k') in a specific order. The logic and structure of the two codes are quite distinct, indicating they are not functionally similar.""
",102
2015_0_3,102323,2015_0_3,47513,CLONE,2026-07-16 12:05:59,"```json
{
  ""answer"": ""YES-SIMILAR"",
  ""explanation"": ""Both code snippets solve the same problem: given a string, determine if it can be transformed into a specific sequence (i, j, k) with certain repetition constraints. They achieve this by parsing the input string, applying rules to 'i', 'j', and 'k', and checking if the final state matches the expected outcome ('YES' or 'NO'). The core logic, including the parsing, transformation rules, and final validation, is functionally identical.""
}
```",103
2015_0_3,96608,2015_0_3,23036,CLONE,2026-07-16 12:06:02,"```json
{
 ""answer"": ""YES-SIMILAR"",
 ""explanation"": ""Both code snippets implement a solution to the same problem: finding a solution to a specific mathematical problem involving string manipulation and exponentiation. They use similar data structures (maps and arrays) and algorithms (looping, string manipulation, and matrix exponentiation) to achieve the same overall goal: to determine if a given string raised to a certain power results in a specific value (-1 or 1) that indicates a valid solution.""
}
```",104
2015_0_3,23036,2015_0_3,72742,CLONE,2026-07-16 12:06:05,"```json
{
 ""answer"": ""NO-NOT-SIMILAR"",
 ""explanation"": ""The two code snippets implement fundamentally different approaches to solving the same problem. The first snippet uses a hardcoded matrix multiplication and exponentiation approach to calculate the result of a specific mathematical operation on a given string. The second snippet defines classes and methods for file input/output and problem solving abstraction, focusing on a more general framework for solving problems that involve string manipulation and pattern matching.""
}
```",105
2015_0_3,72742,2015_0_3,18309,CLONE,2026-07-16 12:06:08,"```json
{
  ""answer"": ""NO-NOT-SIMILAR"",
  ""explanation"": ""The two code snippets implement different algorithms. The Python code defines a system for manipulating quaternions to determine if a given string, repeated a certain number of times, can be transformed into a specific state (represented by a single character). The PHP code, on the other hand, appears to be solving a different problem, involving string manipulation and array operations, with no apparent quaternion-related logic.""
}
```",106
2015_0_3,18309,2015_0_3,96608,CLONE,2026-07-16 12:06:12,"```json
{
  ""answer"": ""NO-NOT-SIMILAR"",
  ""explanation"": ""The two code snippets implement different algorithms to solve a similar problem: determining if a given string, when iteratively multiplied by itself, results in a specific target value (-1).\n\nThe PHP code uses a hashmap to store precomputed results of string multiplications and iteratively checks for the target value. It also includes additional logic to handle edge cases like even multiplicands and specific combinations of characters.\n\nThe Java code, on the other hand, uses a more brute-force approach, recursively multiplying the",107
2015_0_4,86262,2015_0_4,63026,CLONE,2026-07-16 12:06:15,"```json
{
 ""answer"": ""YES-SIMILAR"",
 ""explanation"": ""Both code snippets solve the same problem: determining if a given set of dimensions (X, R, C) allows for arranging objects (represented as 'GABRIEL' and 'RICHARD') in a grid. They use similar logic to calculate the minimum side length required for a square grid based on the dimensions and check if it meets specific conditions to determine the winner ('GABRIEL' if possible, 'RICHARD' otherwise).""
}
```",108
2015_0_4,63026,2015_0_4,57828,CLONE,2026-07-16 12:06:18,"```json
{
 ""answer"": ""YES-SIMILAR"",
 ""explanation"": ""Both code snippets solve the same problem: determining the winner (GABRIEL or RICHARD) based on the dimensions of a rectangle (X, R, C) given a constraint that the product of R and C must be divisible by X. They achieve this by using different approaches: one uses C++ and file I/O, while the other Python and input/output functions. The core logic and outcome are identical.""
}
```",109
2015_0_4,57828,2015_0_4,68310,CLONE,2026-07-16 12:06:22,"```json
{
 ""answer"": ""YES-SIMILAR"",
 ""explanation"": ""Both code snippets solve the same problem: determining if a given set of dimensions (X, R, C) can be covered by a 'richard' omino (7x1, 4x2, 5x3, or 6x3) or a 'gabriel' omino (any other size). They achieve this by checking a set of conditions related to the dimensions and the omino size. Although the syntax and structure differ, the overall logic and outcome are the same.""
}
```",110
2015_0_4,68310,2015_0_4,86262,CLONE,2026-07-16 12:06:25,"```json
{
 ""answer"": ""NO-NOT-SIMILAR"",
 ""explanation"": ""The two code snippets have different languages (PHP and Java), structures, and algorithms. The PHP code reads input from the command line, processes each line, and outputs the result for each test case. The Java code reads input from a file, processes test cases sequentially, and writes the results to another file. The core logic for determining the winner ('RICHARD' or 'GABRIEL') also differs significantly between the two languages and their respective implementations.""
}
```",111
2015_0_4,30398,2015_0_4,86932,CLONE,2026-07-16 12:06:28,"```json
{
  ""answer"": ""YES-SIMILAR"",
  ""explanation"": ""Both code snippets solve the same problem: determining the winner ('GABRIEL' or 'RICHARD') in a game based on dimensions (r, c) and a number x. They use similar logic to check conditions related to x, r, and c to decide the winner. The main differences are in syntax and the specific implementation details, but the overall logic and outcome are the same.""
}
```",112
2015_0_4,86932,2015_0_4,94256,CLONE,2026-07-16 12:06:32,"```json
{
 ""answer"": ""YES-SIMILAR"",
 ""explanation"": ""Both code snippets solve the same problem: determining if a given set of dimensions (X, R, C) meets specific conditions to be classified as 'RICHARD' or 'GABRIEL'. The core logic, including the conditions checked and the output format, are nearly identical. The primary differences are in syntax (C++ vs Python) and the specific implementation details (e.g., using `min` and `max` functions vs. list comprehensions and dictionary lookups).""
}
```",113
2015_0_4,94256,2015_0_4,19708,CLONE,2026-07-16 12:06:35,"```json
{
  ""answer"": ""YES-SIMILAR"",
  ""explanation"": ""Both code snippets solve the same problem: determining if a given set of dimensions (x, r, c) allows a specific player (Richard or Gabriel) to win a game. They use similar logic to check for conditions that would give one player an advantage, such as ensuring the product of r and c is divisible by x, checking for specific dimension values that would guarantee a win, and using a maximum length-finding algorithm (though the algorithms themselves differ in implementation).""
}
```",114
2015_0_4,19708,2015_0_4,30398,CLONE,2026-07-16 12:06:38,"```json
{
 ""answer"": ""YES-SIMILAR"",
 ""explanation"": ""Both code snippets solve the same problem: determining the winner of a game based on the dimensions of a grid and a target number. They use similar logic to check conditions related to the dimensions and the target number to decide between 'RICHARD' and 'GABRIEL' as the winner. The core logic and overall structure of both programs are nearly identical.""
}
```",115
2015_0_4,29877,2015_0_4,60776,CLONE,2026-07-16 12:06:41,"```json
{
 ""answer"": ""YES-SIMILAR"",
 ""explanation"": ""Both code snippets implement a function that determines if Richard or Gabriel can win a game based on the dimensions (X, R, C) of a grid. The core logic is the same: they check for specific conditions related to X, R, and C (like divisibility rules and minimum values) to decide who wins. Although the syntax and structure differ, the overall algorithm is identical.""
}
```",116
2015_0_4,60776,2015_0_4,74018,CLONE,2026-07-16 12:06:44,"```json
{
 ""answer"": ""YES-SIMILAR"",
 ""explanation"": ""Both code snippets solve the same problem: determining if a given set of dimensions (r, c) and a number (x) meet a specific condition to return 'GABRIEL' or 'RICHARD'. The logic for checking the conditions, including modulo operations and comparisons, is nearly identical. The primary differences are in syntax and language (C++ vs Python) and the specific implementation details, which do not change the overall functionality.""
}
```",117
2015_0_4,74018,2015_0_4,78114,CLONE,2026-07-16 12:06:46,"```json
{
 ""answer"": ""YES-SIMILAR"",
 ""explanation"": ""Both code snippets implement the same logic to determine if a given set of inputs (X, R, C) results in 'RICHARD' or 'GABRIEL'. They use similar conditions to check for specific scenarios based on X, R, and C values, ultimately returning the appropriate string based on the conditions met.""
}
```",118
2015_0_4,78114,2015_0_4,29877,CLONE,2026-07-16 12:06:49,"```json
{
 ""answer"": ""YES-SIMILAR"",
 ""explanation"": ""Both code snippets solve the same problem: determining if a given rectangle (defined by X, R, and C) can be won by Richard or Gabriel based on certain conditions. The logic and overall structure of both codes are nearly identical, with the main difference being the programming languages used. The core algorithm and conditional checks are the same, leading to the same outcome.""
}
```",119
2015_1_1,112276,2015_1_1,111086,CLONE,2026-07-16 12:06:52,"```json
{
 ""answer"": ""YES-SIMILAR"",
 ""explanation"": ""Both code snippets solve the same problem: calculating the total number of intervals in a set of integers, considering the difference between consecutive elements. They achieve this by reading input, processing the data, and printing the result. Although the syntax and structure differ due to language differences (Java vs C++), the overall logic and steps taken to solve the problem are identical.""
}
```",120
2015_1_1,111086,2015_1_1,117734,CLONE,2026-07-16 12:06:55,"```json
{
 ""answer"": ""YES-SIMILAR"",
 ""explanation"": ""Both code snippets solve the same problem: given an array of integers, calculate the sum of two values: the total number of times a larger element follows a smaller element, and the sum of the smaller elements multiplied by the maximum difference between elements. They achieve this by reading input, iterating through the array, and performing the same basic calculations. Although the syntax and language are different, the overall logic and algorithm are identical.""
}
```",121
2015_1_1,117734,2015_1_1,122934,CLONE,2026-07-16 12:06:58,"```json
{
 ""answer"": ""YES-SIMILAR"",
 ""explanation"": ""Both code snippets solve the same problem: given an array of integers representing time intervals and the number of people at each interval, they calculate the total time spent in the first method (sum of positive differences between consecutive intervals) and the second method (sum of minimum values in each interval and the maximum difference). The logic, algorithms, and final output format are identical, despite the difference in programming languages.""
}
```",122
2015_1_1,122934,2015_1_1,112276,CLONE,2026-07-16 12:07:01,"```json
{
 ""answer"": ""YES-SIMILAR"",
 ""explanation"": ""Both code snippets solve the same problem: they read a file containing time intervals and counts, and then calculate and output two values based on those data. The core logic is nearly identical: they both iterate through the data, track changes in count between intervals, and use those changes to calculate two results. Although the syntax and structure differ, the overall algorithm and purpose are the same.""
}
```",123
2015_1_1,118030,2015_1_1,122263,CLONE,2026-07-16 12:07:03,"```json
{
 ""answer"": ""NO-NOT-SIMILAR"",
 ""explanation"": ""The two code snippets solve fundamentally different problems. The first snippet calculates the total number of mushrooms eaten when they are eaten at varying rates throughout a meal, while the second snippet calculates the total number of mushrooms eaten when the rate of consumption decreases by a fixed amount between each mushroom.""
}
```",124
2015_1_1,122263,2015_1_1,124602,CLONE,2026-07-16 12:07:06,"```json
{
 ""answer"": ""YES-SIMILAR"",
 ""explanation"": ""Both code snippets solve the same problem: given an array of integers, they calculate and output two values: the total number of elements decreased by one when going from left to right (representing the sum of differences where the current element is smaller than the previous one) and the sum of the minimum of the maximum difference and each element (representing the optimal way to 'fill' the gaps left by the differences).""
}
```",125
2015_1_1,124602,2015_1_1,111264,CLONE,2026-07-16 12:07:09,"```json
{
 ""answer"": ""YES-SIMILAR"",
 ""explanation"": ""Both code snippets solve the same problem: they calculate the minimum number of mushrooms that can be collected from a sequence of mushroom plate sizes, with a specific rule for handling the difference between consecutive plates. They achieve this by iterating through the input array, tracking the maximum difference between consecutive plates, and then using that difference to calculate two separate sums: one for the minimum number of mushrooms collected, and another for the total number of mushrooms collected.""
}
```",126
2015_1_1,111264,2015_1_1,118030,CLONE,2026-07-16 12:07:11,"```json
{
 ""answer"": ""YES-SIMILAR"",
 ""explanation"": ""Both code snippets solve the same problem: calculating the total number of mushrooms eaten when there are multiple plates with varying numbers of mushrooms, with a specific logic for handling the case where the difference between consecutive plate sizes is the maximum difference throughout.""
}
```",127
2015_1_1,112898,2015_1_1,111866,CLONE,2026-07-16 12:07:15,"```json
{
  ""answer"": ""YES-SIMILAR"",
  ""explanation"": ""Both code snippets are solving the same problem: given an array of integers, calculate the minimum number of 'eats' (differences between consecutive elements) to make all elements equal. They achieve this by iterating through the array, finding the maximum difference between consecutive elements, and then summing up the differences in two separate variables, `minEat1` and `minEat2`, which are then printed for each test case.""
}
```",128
2015_1_1,111866,2015_1_1,111647,CLONE,2026-07-16 12:07:17,"```json
{
 ""answer"": ""NO-NOT-SIMILAR"",
 ""explanation"": ""The code snippets perform fundamentally different tasks. The C++ code reads input from a file, processes an array of integers, and calculates two different sums based on the array elements. The Python code defines a set of utility functions for reading data from a file and performing basic arithmetic operations. The two snippets have no shared logic or output.""
}
```",129
2015_1_1,111647,2015_1_1,121770,CLONE,2026-07-16 12:07:19,"```json
{
 ""answer"": ""NO-NOT-SIMILAR"",
 ""explanation"": ""The two code snippets serve completely different purposes. The first is a Python collection of utility functions for reading data from a file, while the second is a PHP script that solves a specific problem related to mushroom counting and refilling, involving complex logic for calculating eaten amounts and iterating through arrays.""
}
```",130
2015_1_1,121770,2015_1_1,112898,CLONE,2026-07-16 12:07:23,"```json
{
 ""answer"": ""YES-SIMILAR"",
 ""explanation"": ""Both code snippets solve the same problem: calculating the minimum number of mushrooms eaten in a sequence where each element is replaced by the difference between itself and the next element. They achieve this by iterating through the sequence, tracking the maximum difference seen so far and accumulating the minimum of that difference and the current element. The output format is also identical, printing the results for each test case in the format 'Case #n: a b', where a is the minimum number of mushrooms eaten in the first step and b is the minimum number eaten in the",131
2016_0_1,76319,2016_0_1,65647,CLONE,2026-07-16 12:07:26,"```json
{
 ""answer"": ""YES-SIMILAR"",
 ""explanation"": ""Both code snippets solve the same problem: given a number, they aim to determine if it is a palindrome (a number that reads the same forwards and backwards). They do this by breaking down the number into its digits, checking for each digit's frequency, and determining if all digits appear only once (a palindrome has all unique digits).""
}
```",132
2016_0_1,65647,2016_0_1,94639,CLONE,2026-07-16 12:07:29,"```json
{
 ""answer"": ""YES-SIMILAR"",
 ""explanation"": ""Both code snippets implement an algorithm that takes a number as input and determines if it can be represented using only the digits 0-9 exactly once. They achieve this by iteratively breaking down the number into its digits, marking them as used, and checking if all digits have been used (i.e., if there's no zero in the remaining marked digits). The output is 'INSOMNIA' if the number cannot be represented, and the number itself if it can.""
}
```",133
2016_0_1,94639,2016_0_1,48618,CLONE,2026-07-16 12:07:32,"```json
{
 ""answer"": ""YES-SIMILAR"",
 ""explanation"": ""Both code snippets implement a algorithm that iteratively multiplies a number by increasing values and checks if all digits of the resulting number are unique. They both return 'INSOMNIA' if the task cannot be completed within a certain limit (implicit in the PHP code, explicit in the Python code as a hardcoded value). The core logic, variable names, and overall structure are nearly identical, indicating they achieve the same functionality.""
}
```",134
2016_0_1,48618,2016_0_1,76319,CLONE,2026-07-16 12:07:35,"```json
{
 ""answer"": ""YES-SIMILAR"",
 ""explanation"": ""Both code snippets solve the same problem: finding the largest number less than or equal to a given input `N` that has a unique digit set. They achieve this by iteratively multiplying the input by a counter and analyzing the resulting number's digits. Although the syntax and specific implementation details differ, the overall logic and goal are identical.""
}
```",135
2016_0_1,117099,2016_0_1,134225,CLONE,2026-07-16 12:07:38,"```json
{
 ""answer"": ""YES-SIMILAR"",
 ""explanation"": ""Both code snippets solve the same problem: finding the smallest number \( x \) such that \( x \) and all its divisors by \( n \) (where \( n \) is input) contribute to a bitmask of a specific size (10 bits in this case). They achieve this through a loop that iteratively increases \( x \) by \( n \) and constructs a bitmask by shifting and OR'ing in bits from the least significant digits of \( x \).""
}
```",136
2016_0_1,134225,2016_0_1,88781,CLONE,2026-07-16 12:07:41,"```json
{
 ""answer"": ""YES-SIMILAR"",
 ""explanation"": ""Both code snippets implement an algorithm that converts a positive integer `n` into a number where each digit is replaced by its corresponding bit in a binary representation. They achieve this by iteratively dividing `n` by 10, extracting the remainder (the last digit), and building a set of these remainders. The function returns when the set contains all 10 unique digits (0-9).""
}
```",137
2016_0_1,88781,2016_0_1,39027,CLONE,2026-07-16 12:07:45,"```json
{
 ""answer"": ""YES-SIMILAR"",
 ""explanation"": ""Both code snippets solve the problem of determining if a given number is a palindrome (or, more specifically, if it can be expressed as the sum of a series of numbers where each digit is taken a certain number of times). They achieve this by breaking down the input number into its digits, checking for each digit's presence in a set, and incrementing the number while updating the set until a certain condition is met (in this case, when the set contains exactly 10 unique digits).""
}
```",138
2016_0_1,39027,2016_0_1,117099,CLONE,2026-07-16 12:07:48,"```json
{
 ""answer"": ""NO-NOT-SIMILAR"",
 ""explanation"": ""The two code snippets have completely different functionalities and programming languages. Code Snippet 1 is a PHP script that reads data from a file, processes it, and writes the results to another file. Code Snippet 2 is a Java class that calculates a bitmask based on a given number and prints the result. They do not share any common logic or algorithm.""
}
```",139
2016_0_1,100898,2016_0_1,143909,CLONE,2026-07-16 12:07:51,"```json
{
 ""answer"": ""YES-SIMILAR"",
 ""explanation"": ""Both code snippets solve the same problem: finding the smallest number divisible by a given number `n` (represented as `k` in the first snippet and `t` in the second) after a certain number of iterations (1 million in the first snippet, not explicitly defined in the second). They use a similar approach: repeatedly multiplying the number by itself and updating a bitmask to track the digits of the result. The final result is printed based on whether a certain condition is met (all bits in the mask set or not).""
",140
2016_0_1,143909,2016_0_1,71388,CLONE,2026-07-16 12:07:54,"```json
{
 ""answer"": ""YES-SIMILAR"",
 ""explanation"": ""Both code snippets solve the same problem: finding the smallest number that can be constructed by repeatedly multiplying a given number `n` by itself and taking the binary representation. They both use a loop to iterate through potential candidates, checking if the binary representation of `n` multiplied by the candidate contains all digits from 0 to 9. The output format and language difference do not change the underlying logic or functionality.""
}
```",141
2016_0_1,71388,2016_0_1,113708,CLONE,2026-07-16 12:07:57,"```json
{
 ""answer"": ""YES-SIMILAR"",
 ""explanation"": ""Both code snippets implement a function that takes a base number as input and iteratively multiplies it by the base, checking if all digits of the resulting number are present in the set of available digits ('0'-'9'). If all digits are present, it returns the resulting number as a string prefixed with 'Case #'. The overall structure, logic, and final output are identical.""
}
```",142
2016_0_1,113708,2016_0_1,100898,CLONE,2026-07-16 12:08:00,"```json
{
 ""answer"": ""YES-SIMILAR"",
 ""explanation"": ""Both code snippets solve the same problem: finding the smallest positive integer that, when expressed in base $b$ (where $b$ is input), contains all digits from $0$ to $9$ exactly once. They achieve this by iteratively increasing the number in base $b$ and checking if it includes all digits. The logic, input/output structure, and overall goal are identical, despite the differences in syntax and implementation details.""
}
```",143
2016_0_4,136626,2016_0_4,135114,CLONE,2026-07-16 12:08:03,"```json
{
 ""answer"": ""YES-SIMILAR"",
 ""explanation"": ""Both code snippets solve the same problem: calculating the number of possible paths in a tree-like structure given parameters for branches, depth, and checks. They use similar logic to compute the path values iteratively, with nested loops to account for different levels of depth. The output format is also nearly identical, printing the case number and the calculated path(s) or 'IMPOSSIBLE' if the parameters don't allow for a solution.""
}
```",144
2016_0_4,135114,2016_0_4,63570,CLONE,2026-07-16 12:08:06,"```json
{
 ""answer"": ""YES-SIMILAR"",
 ""explanation"": ""Both code snippets solve the same problem: given K, C, and S, they generate a list of numbers that satisfy the condition C*S >= K. They use similar logic to calculate and print the required numbers, specifically by breaking down K into chunks of size C and constructing numbers by multiplying and summing specific powers of K.""
}
```",145
2016_0_4,63570,2016_0_4,80717,CLONE,2026-07-16 12:08:09,"```json
{
 ""answer"": ""YES-SIMILAR"",
 ""explanation"": ""Both code snippets solve the same problem: given K, C, and S, they aim to find a valid distribution of C items into S groups, each of size at least 1, such that the sum of items in each group is as close to a power of K as possible. They achieve this by calculating a gap between powers of K and distributing items accordingly.""
}
```",146
2016_0_4,80717,2016_0_4,136626,CLONE,2026-07-16 12:08:12,"```json
{
 ""answer"": ""YES-SIMILAR"",
 ""explanation"": ""Both code snippets solve the same problem: given a number of branches, a depth, and a number of checks, they determine if it's possible to create a sequence of positions that satisfy the constraints. They use similar logic to calculate the possible positions, considering the power of the branches and the depth. The main differences are in the syntax and language-specific details, but the overall algorithm and logic are the same.""
}
```",147
2016_0_4,125922,2016_0_4,90060,CLONE,2026-07-16 12:08:15,"```json
{
  ""answer"": ""YES-SIMILAR"",
  ""explanation"": ""Both code snippets solve the same problem: generating
a specific sequence of numbers for a given set of parameters (K, C, S).

They both:

1. Read input parameters (K, C, S) from a file.
2. Iterate through test cases.
3. For each case, they calculate and print a sequence of numbers based on the formula (modulo K and C) and the value of S.

The core logic and overall behavior are identical, despite the difference in syntax and language",148
2016_0_4,90060,2016_0_4,158305,CLONE,2026-07-16 12:08:18,"```json
{
  ""answer"": ""YES-SIMILAR"",
  ""explanation"": ""Both code snippets solve the same problem: given \(K\), \(C\), and \(S\), find a sequence of numbers that satisfies the condition. They achieve this by calculating the required number of guesses and generating a sequence of numbers based on the given parameters. The core logic and overall approach to solving the problem are identical, despite the difference in syntax and language.""
}
```",149
2016_0_4,158305,2016_0_4,139021,CLONE,2026-07-16 12:08:21,"```json
{
 ""answer"": ""YES-SIMILAR"",
 ""explanation"": ""Both code snippets solve the same problem: finding a set of numbers that sum up to a given target (S) using a specific base (K) and a number of colors (C). They achieve this by recursively constructing potential solutions, considering the constraints of the problem. The core logic, such as checking if the target is achievable, calculating the number of required guesses, and generating the final output, is similar in both languages.""
}
```",150
2016_0_4,139021,2016_0_4,125922,CLONE,2026-07-16 12:08:25,"```json
{
 ""answer"": ""NO-NOT-SIMILAR"",
 ""explanation"": ""The two code snippets solve the same problem (finding a set of numbers with a specific sum from a set of possible bases), but they do so with fundamentally different approaches. \n\n* **PHP Code:** Uses a brute-force method to generate all possible combinations of bases and then filters based on the given sum. It involves complex logic for converting between binary and decimal numbers and uses file I/O for input and output. \n\n* **Java Code:**  Takes a simpler approach, directly constructing solutions based",151
2016_0_4,99642,2016_0_4,45917,CLONE,2026-07-16 12:08:28,"```json
{
  ""answer"": ""YES-SIMILAR"",
  ""explanation"": ""Both code snippets solve the same problem: given an integer \(k\), a number of cases \(c\), and a sum \(s\), they generate a sequence of numbers based on these inputs. The main logic and overall structure of both codes are identical: they read input, process it, and print a specific output based on the given conditions. The only differences are in the syntax and specific implementation details, which do not change the functional behavior.""
}
```",152
2016_0_4,45917,2016_0_4,142083,CLONE,2026-07-16 12:08:32,"```json
{
 ""answer"": ""YES-SIMILAR"",
 ""explanation"": ""Both code snippets solve the same problem: given k, c, and s, determine if it's possible to distribute c items into groups of size k, with each group assigned a unique number, such that the sum of the assigned numbers is at most s. They achieve this by calculating the required number of groups and then generating a list of unique numbers that satisfy the constraints. The core logic and overall structure of both programs are nearly identical, despite the difference in syntax and language.""
}
```",153
2016_0_4,142083,2016_0_4,37736,CLONE,2026-07-16 12:08:35,"```json
{
 ""answer"": ""YES-SIMILAR"",
 ""explanation"": ""Both code snippets solve the same problem: given k, c, and s, they aim to generate a list of numbers based on specific rules. The core logic is the same: they both calculate positions in a sequence, handle cases where k=1, and use exponentiation for certain values of k and c. Although the syntax and implementation details differ, the overall algorithm and intended outcome are identical.""
}
```",154
2016_0_4,37736,2016_0_4,99642,CLONE,2026-07-16 12:08:38,"```json
{
  ""answer"": ""YES-SIMILAR"",
  ""explanation"": ""Both code snippets solve the same problem: given three integers \n`K`, `C`, and `S`, determine if it's possible to arrange `K` elements in a\ncircle with `C` seats and `S` spaces between each element, and if so, print the\narrangement. They use similar logic to calculate the minimum number of seats required\nfor each arrangement and check if it's feasible based on the given `S`. The\nmain differences are the syntax and language-specific details,",155
2016_1_1,15819,2016_1_1,15421,CLONE,2026-07-16 12:08:42,"```json
{
  ""answer"": ""YES-SIMILAR"",
  ""explanation"": ""Both code snippets solve the same problem: they read a file containing multiple strings, process each string to extract the last word, and write the result to another file. The core logic is the same: iterate through the string, build a new string containing the last word (handling cases where the first character of the last word is greater than or equal to the current character), and output the result. Although the syntax and specific implementation details differ, the overall functionality is identical.""
}
```",156
2016_1_1,15421,2016_1_1,3308,CLONE,2026-07-16 12:08:44,"```json
{
 ""answer"": ""NO-NOT-SIMILAR"",
 ""explanation"": ""The two code snippets have completely different functionalities. The first snippet reads strings, processes them based on specific criteria, and prints the result. The second snippet reads input from a file, processes it (extracting the last word), and writes the result to another file, also printing it. The algorithms and overall tasks are distinct.""
}
```",157
2016_1_1,3308,2016_1_1,3735,CLONE,2026-07-16 12:08:46,"```json
{
 ""answer"": ""YES-SIMILAR"",
 ""explanation"": ""Both code snippets implement the same algorithm to extract the last word from a line of text. They read input, iterate over each character, compare it to the current last word, and construct a new string based on the comparison, outputting the result for each case.""
}
```",158
2016_1_1,3735,2016_1_1,15819,CLONE,2026-07-16 12:08:49,"```json
{
 ""answer"": ""YES-SIMILAR"",
 ""explanation"": ""Both code snippets implement the same algorithm to find the last word in a line of text, regardless of the input order of characters. They read input, iterate through each character, and construct a 'lastWord' string by appending characters based on their order relative to the first character of the current 'lastWord'.""
}
```",159
2016_1_1,28201,2016_1_1,31768,CLONE,2026-07-16 12:08:51,"```json
{
 ""answer"": ""YES-SIMILAR"",
 ""explanation"": ""Both code snippets implement a program that reads a line of text, sorts the characters in the line lexicographically, and writes the sorted line to a file or standard output, prefixing it with 'Case #'. The core logic of sorting the characters in the line is identical, even though the syntax and language are different.""
}
```",160
2016_1_1,31768,2016_1_1,33316,CLONE,2026-07-16 12:08:54,"```json
{
 ""answer"": ""NO-NOT-SIMILAR"",
 ""explanation"": ""The two code snippets have different purposes and programming languages. Code Snippet 1 is a C++ program that reads a string, manipulates it, and prints a modified version. Code Snippet 2 is a Python script that reads from a file, performs sorting and indexing operations on a list of characters, and writes to another file. The algorithms and data structures used in each snippet are also different, indicating distinct approaches to solving unrelated problems.""
}
```",161
2016_1_1,33316,2016_1_1,18665,CLONE,2026-07-16 12:08:58,"```json
{
 ""answer"": ""YES-SIMILAR"",
 ""explanation"": ""Both code snippets solve the same problem: sorting a string of characters to form the lexicographically smallest possible string. They achieve this by using a custom sorting algorithm that considers the order of characters in the string. The Python code uses a combination of list comprehension, a custom `occ` function to track character occurrences, and recursion to perform the sorting. The PHP code uses a loop-based approach with string concatenation to achieve the same result. Despite the difference in syntax and implementation details, the overall logic and end goal are identical.""
}
",162
2016_1_1,18665,2016_1_1,28201,CLONE,2026-07-16 12:09:00,"```json
{
 ""answer"": ""YES-SIMILAR"",
 ""explanation"": ""Both code snippets implement a solution to the same problem: sorting a string of characters to form the lexicographically largest possible string. They achieve this by iteratively building a sorted string by comparing each character with the current end of the sorted string and appending the character in the correct order.""
}
```",163
2016_1_1,22113,2016_1_1,20829,CLONE,2026-07-16 12:09:03,"```json
{
  ""answer"": ""YES-SIMILAR"",
  ""explanation"": ""Both code snippets solve the same problem: they take a line of text as input, process it to rearrange words based on their first characters, and output the result. The core logic is identical: they split the input string, iterate through the words, and construct a new string by appending or prepending characters based on their comparison. Although the syntax and language differ, the overall algorithm and functionality are the same.""
}
```",164
2016_1_1,20829,2016_1_1,14703,CLONE,2026-07-16 12:09:07,"```json
{
 ""answer"": ""YES-SIMILAR"",
 ""explanation"": ""Both code snippets implement an algorithm that takes a string as input and produces a new string by rearranging the characters in a specific manner. The goal is to place characters in the new string such that characters greater than or equal to the previous one are placed to the left, and others to the right. The algorithms use different languages (C++ and Python) and different data structures (C++ uses arrays and a for loop, Python uses a list), but the overall logic and functionality are identical.""
}
```",165
2016_1_1,14703,2016_1_1,4557,CLONE,2026-07-16 12:09:10,"```json
{
 ""answer"": ""YES-SIMILAR"",
 ""explanation"": ""Both code snippets implement an algorithm that takes a string as input and returns the lexicographically smallest string that can be formed by rearranging its characters. The core logic is the same: they maintain a list or array to track the current best string and update it based on the current character, depending on whether it comes before or after the first element of the list.""
}
```",166
2016_1_1,4557,2016_1_1,22113,CLONE,2026-07-16 12:09:13,"```json
{
 ""answer"": ""NO-NOT-SIMILAR"",
 ""explanation"": ""The two code snippets have fundamentally different purposes and approaches. The PHP code reads input files, processes lines of text, and writes to another file, using a custom sorting algorithm. The Java code reads input from standard input, splits it into words, and concatenates them in a specific order based on lexicographical comparison of their first characters. The algorithms, input/output methods, and programming languages used are distinct.""
}
```",167
2016_1_2,23627,2016_1_2,7905,CLONE,2026-07-16 12:09:15,"```json
{
 ""answer"": ""YES-SIMILAR"",
 ""explanation"": ""Both code snippets solve the same problem: counting and printing the unique numbers from a set of input integers, with a specific constraint on how they are printed (in sorted order with duplicates removed). They use similar data structures (a hashmap/dictionary to count occurrences) and a similar algorithm (reading input, counting occurrences, sorting and printing unique values).""
}
```",168
2016_1_2,7905,2016_1_2,30453,CLONE,2026-07-16 12:09:19,"```json
{
 ""answer"": ""YES-SIMILAR"",
 ""explanation"": ""Both code snippets solve the same problem: processing a list of numbers and printing a specific subset based on their parity. The core logic is the same: they both read a series of numbers, count their occurrences, and then print out a list of numbers that appear an odd number of times. Although the syntax and implementation details differ (C++ vs Python, array vs list, different input/output methods), the overall algorithm and intended outcome are identical.""
}
```",169
2016_1_2,30453,2016_1_2,22155,CLONE,2026-07-16 12:09:21,"```json
{
 ""answer"": ""YES-SIMILAR"",
 ""explanation"": ""Both code snippets solve the same problem: given a list of lists of numbers, they extract and sort the odd numbers from each sublist. They achieve this through similar steps: extracting all numbers from the sublists, counting their occurrences, identifying odd numbers, and sorting them.""
}
```",170
2016_1_2,22155,2016_1_2,23627,CLONE,2026-07-16 12:09:24,"```json
{
 ""answer"": ""YES-SIMILAR"",
 ""explanation"": ""Both code snippets solve the same problem: they read input, process it to count the frequency of each number, identify numbers with odd frequency, and print the result in a specific format. The core logic, including reading input, using a hashmap for counting, filtering for odd counts, and printing the result, is identical in both languages despite the differences in syntax.""
}
```",171
2016_1_2,26561,2016_1_2,22827,CLONE,2026-07-16 12:09:27,"```json
{
 ""answer"": ""YES-SIMILAR"",
 ""explanation"": ""Both code snippets solve the same problem: given a list of numbers, find and print the numbers that appear an odd number of times in the list. They achieve this by reading input, counting the occurrences of each number, and then printing the numbers that have odd counts. Although the syntax and structure differ due to language differences (Java vs C++), the overall logic and steps taken to solve the problem are identical.""
}
```",172
2016_1_2,22827,2016_1_2,14745,CLONE,2026-07-16 12:09:29,"```json
{
 ""answer"": ""YES-SIMILAR"",
 ""explanation"": ""Both code snippets solve the same problem: given a list of unique integers, find and print all integers that appear an odd number of times. They achieve this by using a hashmap to count the occurrences of each integer and then iterating through the map to identify and print integers with odd counts.""
}
```",173
2016_1_2,14745,2016_1_2,21265,CLONE,2026-07-16 12:09:32,"```json
{
 ""answer"": ""YES-SIMILAR"",
 ""explanation"": ""Both code snippets solve the same problem: given an array of arrays representing soldier positions, find and print the names of any soldiers who are not paired up (i.e., have an odd count). They achieve this by tracking the frequency of each soldier's presence in the input data and identifying those with odd counts. The overall logic, data structures used (hashmap/dictionary), and output format are nearly identical.""
}
```",174
2016_1_2,21265,2016_1_2,26561,CLONE,2026-07-16 12:09:35,"```json
{
 ""answer"": ""YES-SIMILAR"",
 ""explanation"": ""Both code snippets solve the same problem: given an array of integers, identify and print the soldiers (unique numbers) that have an odd count in their respective 'cases' (groups). They achieve this by reading input, processing the data, and then printing the result. Although the syntax and structure differ due to language differences (PHP vs Java), the overall logic and steps taken to solve the problem are identical.""
}
```",175
2016_1_2,21848,2016_1_2,26565,CLONE,2026-07-16 12:09:38,"```json
{
 ""answer"": ""YES-SIMILAR"",
 ""explanation"": ""Both code snippets solve the same problem: given an array of integers representing heights, find and print the heights of people who would be in the middle of the array if the array was sorted. They achieve this by reading input, processing the data, and printing the result in a specific format. Despite the difference in syntax and structure (Java vs C++), the overall logic and steps to achieve the task are identical.""
}
```",176
2016_1_2,26565,2016_1_2,7956,CLONE,2026-07-16 12:09:40,"```json
{
 ""answer"": ""YES-SIMILAR"",
 ""explanation"": ""Both code snippets solve the same problem: given a 2D array of integers, count the number of unique integers that appear an odd number of times, and print them in sorted order for each case.""
}
```",177
2016_1_2,7956,2016_1_2,19133,CLONE,2026-07-16 12:09:41,"```json
{
 ""answer"": ""YES-SIMILAR"",
 ""explanation"": ""Both code snippets solve the same problem: given a set of columns of numbers, find and print the numbers that appear an odd number of times in all columns.""
}
```",178
2016_1_2,19133,2016_1_2,21848,CLONE,2026-07-16 12:09:44,"```json
{
 ""answer"": ""YES-SIMILAR"",
 ""explanation"": ""Both code snippets solve the same problem: given an array of integers representing heights, they identify and print the heights of individuals who have an odd count (appear an odd number of times) in the array. They use similar data structures (maps/hash tables) to count the occurrences of each height and then filter out and sort the odd counts to produce the final output.""
}
```",179
2016_2_1,201276,2016_2_1,194349,CLONE,2026-07-16 12:09:47,"```json
{
  ""answer"": ""YES-SIMILAR"",
  ""explanation"": ""Both code snippets perform the same task: they read a string, manipulate it to replace specific characters with digits, and then print the resulting string. The core logic, including the character replacements and the final printing of the result, is nearly identical. The only differences are in the syntax and specific implementation details, which do not change the overall functionality.""
}
```",180
2016_2_1,194349,2016_2_1,185295,CLONE,2026-07-16 12:09:49,"```json
{
 ""answer"": ""YES-SIMILAR"",
 ""explanation"": ""Both code snippets solve the same problem: they take a string input, process it to count the occurrences of each letter, and then construct a string containing the numbers (0-9) repeated according to the count of each letter. The specific steps and data structures used differ, but the overall logic and end result are the same.""
}
```",181
2016_2_1,185295,2016_2_1,198100,CLONE,2026-07-16 12:09:53,"```json
{
 ""answer"": ""YES-SIMILAR"",
 ""explanation"": ""Both code snippets solve the same problem, which involves processing a string of numbers and generating a new string based on specific rules. They both read input from a file, process each line, and write the output to a separate file. The core logic involves counting the occurrences of each digit, grouping them into sets of numbers based on their frequency, and then generating a string that follows the rules outlined in the problem statement.""
}
```",182
2016_2_1,198100,2016_2_1,201276,CLONE,2026-07-16 12:09:57,"```json
{
  ""answer"": ""YES-SIMILAR"",
  ""explanation"": ""Both code snippets solve the same problem, which is a variation of the Fractiles problem from Google Code Jam 2016. They both read an input file, process each test case, and write the output to a file. The core logic involves counting the occurrences of each digit in the input string and replacing them with the corresponding digit (0-9) based on specific rules, until a certain condition is met. The final output is a string containing the digits in the correct order.""
}
```",183
2016_2_1,180026,2016_2_1,186531,CLONE,2026-07-16 12:10:01,"```json
{
  ""answer"": ""YES-SIMILAR"",
  ""explanation"": ""Both code snippets solve the same problem: they take a string input, count the occurrences of each character, and then construct a number from the characters that represent the counts of specific letters. The core logic, including the reduction function and the character counting, is identical. Although the syntax and specific variable names differ, the overall algorithm and purpose are the same.""
}
```",184
2016_2_1,186531,2016_2_1,196651,CLONE,2026-07-16 12:10:05,"```json
{
 ""answer"": ""NO-NOT-SIMILAR"",
 ""explanation"": ""The two code snippets serve different purposes. Code Snippet 1 is a C++ program that processes a string of characters to count and manipulate their occurrences, converting them into a numerical array and then performing a series of operations on that array to increment specific elements based on certain conditions. Code Snippet 2 is a Python script that reads input from a file, processes each line as a string, and calls a `solve_case` function to process it. The output is then written to another file. The logic and functionality of",185
2016_2_1,196651,2016_2_1,193717,CLONE,2026-07-16 12:10:10,"```json
{
 ""answer"": ""NO-NOT-SIMILAR"",
 ""explanation"": ""The two code snippets have fundamentally different purposes and structures. The Python code reads input from a file, processes it, and writes the output to a file. It iterates through a list of strings and performs some basic string manipulation. The PHP code, on the other hand, reads input from STDIN, performs a specific character counting and updating operation on a global array, and constructs an output string based on the results. The algorithms and logic used in each code are entirely different.""
}
```",186
2016_2_1,193717,2016_2_1,180026,CLONE,2026-07-16 12:10:14,"```json
{
 ""answer"": ""YES-SIMILAR"",
 ""explanation"": ""Both code snippets solve the same problem: they process a string of characters, count the occurrences of each character, and then print a specific string based on those counts. They use a similar approach to build a result string by iterating through the input string, updating character counts, and incrementing a result counter for each character based on a predefined mapping. The core logic, including the character counting, mapping, and string construction, is identical.""
}
```",187
2016_2_1,193929,2016_2_1,179503,CLONE,2026-07-16 12:10:19,"```json
{
 ""answer"": ""YES-SIMILAR"",
 ""explanation"": ""Both code snippets solve the same problem: counting and printing the frequency of each letter in a given string, with a specific rule for each case (1-9) based on the letter count. They use similar data structures (arrays) to track letter counts and follow the same overall logic: read input, process the string, and print the result. Although the syntax and specific variable names differ, the core functionality is identical.""
}
```",188
2016_2_1,179503,2016_2_1,182378,CLONE,2026-07-16 12:10:23,"```json
{
 ""answer"": ""NO-NOT-SIMILAR"",
 ""explanation"": ""The two code snippets have different languages (C++ and Python), syntax, structures, and purposes. The C++ code reads input, manipulates a string by replacing specific characters, and prints the result for each test case. The Python code reads input from a file, performs similar string manipulation, and writes the results to another file. The overall logic and step-by-step operations are not the same.""
}
```",189
2016_2_1,182378,2016_2_1,200006,CLONE,2026-07-16 12:10:26,"```json
{
 ""answer"": ""YES-SIMILAR"",
 ""explanation"": ""Both code snippets solve the same problem: they process a string of characters, count the occurrences of each letter, and output a list of the processed characters based on specific rules. The core logic, including the character transformations and output formatting, is nearly identical.""
}
```",190
2016_2_1,200006,2016_2_1,193929,CLONE,2026-07-16 12:10:30,"```json
{
  ""answer"": ""YES-SIMILAR"",
  ""explanation"": ""Both code snippets solve the same problem: they take a string as input, count the occurrences of each character, and then generate a string containing the characters '0' repeated as many times as the count of each character in the input string, while ensuring that all characters are used up. The algorithms and logic used to achieve this are nearly identical, with only slight syntax and naming differences.""
}
```",191
2013_0_1,103399,2015_0_2,96440,NON-CLONE,2026-07-16 12:10:33,"```json
{
 ""answer"": ""NO-NOT-SIMILAR"",
 ""explanation"": ""The two code snippets solve fundamentally different problems. The first code snippet implements a solution to the 8 Queens puzzle, where the goal is to place eight queens on a chessboard so that no two queens threaten each other. The second code snippet finds the minimum number of items to take from an array to maximize the average value of the remaining items.""
}
```",192
2013_0_1,49244,2016_2_1,186531,NON-CLONE,2026-07-16 12:10:38,"```json
{
  ""answer"": ""NO-NOT-SIMILAR"",
  ""explanation"": ""The two code snippets have different languages (Java vs C++) and perform fundamentally different tasks. The Java code defines a class for a game board with methods for initializing the board and determining the winner, while the C++ code defines a function to check if a given string contains any of 26 different characters (represented as numbers) and prints a result based on the frequency of these characters. They have different structures, data types, and algorithms, and achieve different goals.""
}
```",193
2013_0_1,126886,2016_0_4,45917,NON-CLONE,2026-07-16 12:10:42,"```json
{
  ""answer"": ""YES-SIMILAR"",
  ""explanation"": ""Both code snippets implement a program to determine the winner of a Tic-Tac-Toe game. They read input cases, process each case, and output the result (win, loss, or draw) for each case. The core logic, including reading board input, checking for wins, draws, and empty cells, and printing the result, is identical in both languages.""
}
```",194
2013_0_1,99825,2016_1_2,23627,NON-CLONE,2026-07-16 12:10:46,"```json
{
 ""answer"": ""NO-NOT-SIMILAR"",
 ""explanation"": ""The two code snippets have completely different purposes and structures. The first snippet appears to be a C++ program that solves a specific board game (possibly Tic-Tac-Toe) by tracking wins based on specific rules for a 4x4 grid. The second snippet is a Java program that reads integer data from a file, stores it in a hashmap, and then determines and outputs a result based on the frequency of each number in the map.""
}
```",195
2013_0_1,98087,2014_3_1,135560,NON-CLONE,2026-07-16 12:10:49,"```json
{
  ""answer"": ""NO-NOT-SIMILAR"",
  ""explanation"": ""The two code snippets solve fundamentally different problems. The first snippet appears to be determining the winner of a game where a grid of 'X', 'O', and '.' (empty) characters is read, and the second snippet calculates the number of operations required to reduce a number to 0 through a specific operation that involves division and modulo operations.""
}
```",196
2013_0_1,72071,2015_0_3,103774,NON-CLONE,2026-07-16 12:10:52,"```json
{
 ""answer"": ""YES-SIMILAR"",
 ""explanation"": ""Both code snippets implement a program that determines the winner of a game played on a 4x4 grid, represented as a string of 'X', 'O', and 'T'. They use similar logic to iterate through the grid, calculate the sum of certain characters (X, O, and T) in rows, columns, and diagonals to check for a win condition, and output the result (winner or draw) for each test case.""
}
```",197
2013_0_1,125888,2014_2_1,114208,NON-CLONE,2026-07-16 12:10:54,"```json
{
 ""answer"": ""NO-NOT-SIMILAR"",
 ""explanation"": ""The two code snippets have completely different syntax, languages (Python vs PHP), and overall structures. They appear to solve the same problem (analyzing a Tic-Tac-Toe game state), but the logic and implementation details differ significantly.""
}
```",198
2013_0_1,91336,2015_0_3,42051,NON-CLONE,2026-07-16 12:10:58,"```json
{
 ""answer"": ""NO-NOT-SIMILAR"",
 ""explanation"": ""The two code snippets have different languages (Python and Java), structures, and algorithms. The Python code reads input from a file, processes it, and prints the result for each test case. The Java code does the opposite: it writes to files and reads from an input file. The core logic for determining the winner of a game (using quaternions) is present in both, but the implementation details, including the data structures and specific operations, differ significantly.""
}
```",199
2013_0_1,70537,2015_0_3,49764,NON-CLONE,2026-07-16 12:11:02,"```json
{
  ""answer"": ""NO-NOT-SIMILAR"",
  ""explanation"": ""The two code snippets have different programming languages (Python and C++) and perform fundamentally different tasks. The Python code reads a specific input format, processes it to determine the state of a game (win, loss, or draw) based on the arrangement of 'X', 'O', and '.' characters, and prints the result. The C++ code appears to solve a different problem, involving a specific string manipulation and pattern matching logic with a focus on '1', 'i', 'j', 'k' characters and their powers.",200
2013_0_1,84842,2016_1_1,28201,NON-CLONE,2026-07-16 12:11:05,"```json
{
 ""answer"": ""NO-NOT-SIMILAR"",
 ""explanation"": ""The two code snippets have different languages (PHP and Java), structures, and purposes. The PHP code reads input from a file, processes each line based on specific patterns, and outputs the result of a game (O, X, or Draw). The Java code reads input from a file, sorts a line of characters, and writes the sorted line to another file. The logic and functionality of the two codes are fundamentally different.""
}
```",201
2013_0_1,102913,2016_0_4,135114,NON-CLONE,2026-07-16 12:11:08,"```json
{
  ""answer"": ""NO-NOT-SIMILAR"",
  ""explanation"": ""The two code snippets have completely different functionalities. The first snippet reads an input file, processes it to determine the winner of a game (by checking rows, columns, and diagonals), and writes the results to an output file. The second snippet reads input parameters, calculates a specific number based on those parameters, and writes it to the output. They do not share any common logic or algorithm.""
}
```",202
2013_0_1,127485,2016_0_1,100898,NON-CLONE,2026-07-16 12:11:11,"```json
{
 ""answer"": ""NO-NOT-SIMILAR"",
 ""explanation"": ""The two code snippets have completely different purposes and programming paradigms. The first snippet is written in PHP and reads data from a file, processes it, and determines the winner of a game (likely Tic-Tac-Toe). The second snippet is written in Java and appears to be a solution for a problem related to finding a specific number sequence.""
}
```",203
2013_0_2,95524,2015_0_2,38840,NON-CLONE,2026-07-16 12:11:14,"```json
{
  ""answer"": ""NO-NOT-SIMILAR"",
  ""explanation"": ""The two code snippets solve fundamentally different problems. The first snippet is designed to determine if a 2D grid of numbers can be rearranged such that each row and column contains a unique value. The second snippet calculates the minimum number of operations needed to sort a list of numbers.""
}
```",204
2013_0_2,44471,2014_2_1,114208,NON-CLONE,2026-07-16 12:11:17,"```json
{
  ""answer"": ""NO-NOT-SIMILAR"",
  ""explanation"": ""The two code snippets have completely different syntax, languages (Java vs PHP), and overall structures. The Java code reads input from a file, processes it, and writes results to another file. The PHP code reads input from stdin, processes it in-memory, and calculates and outputs the results. The algorithms and logic for processing the input data also differ significantly.""
}
```",205
2013_0_2,55421,2016_2_1,196651,NON-CLONE,2026-07-16 12:11:19,"```json
{
 ""answer"": ""NO-NOT-SIMILAR"",
 ""explanation"": ""The two code snippets have completely different structures and languages (Java vs Python). The first snippet is a complete Java program with a specific implementation for a problem, while the second snippet is a Python function that uses external modules and a different approach to process input/output and solve a problem.""
}
```",206
2013_0_2,83774,2016_2_1,201276,NON-CLONE,2026-07-16 12:11:22,"```json
{
  ""answer"": ""YES-SIMILAR"",
  ""explanation"": ""Both code snippets solve the same problem: they read a grid of numbers, check if it satisfies a specific condition (all rows and columns have the same maximum value), and print 'YES' or 'NO' accordingly. The algorithms and logic used to achieve this are similar, despite the differences in syntax and language.""
}
```",207
2013_0_2,140779,2013_1_1,30519,NON-CLONE,2026-07-16 12:11:24,"```json
{
 ""answer"": ""NO-NOT-SIMILAR"",
 ""explanation"": ""The two code snippets solve different problems. The first snippet checks if a 2D grid can fit within a given rectangular boundary without any overlap between cells. The second snippet calculates the minimum number of circles needed to cover a given area represented by a number 't'.""
}
```",208
2013_0_2,91409,2013_0_3,102207,NON-CLONE,2026-07-16 12:11:26,"```json
{
 ""answer"": ""NO-NOT-SIMILAR"",
 ""explanation"": ""The two code snippets have different objectives. The first snippet reads input from a file, processes it, and writes output to another file, checking for a specific pattern in a 2D array. The second snippet defines a function to count the number of perfect squares within a given range. They do not perform the same task and have different internal logic.""
}
```",209
2013_0_2,78034,2014_2_1,129296,NON-CLONE,2026-07-16 12:11:29,"```json
{
 ""answer"": ""NO-NOT-SIMILAR"",
 ""explanation"": ""The two code snippets solve fundamentally different problems. The Python code checks if a lawn described by a 2D array has a consistent maximum value in each row and column, while the Java code processes a series of lines of text to identify the length of a repeating character sequence and calculates a result based on the frequency distribution of that character.""
}
```",210
2013_0_2,122219,2014_3_1,138308,NON-CLONE,2026-07-16 12:11:32,"```json
{
 ""answer"": ""NO-NOT-SIMILAR"",
 ""explanation"": ""The two code snippets have different functionalities. The first snippet appears to solve a problem related to checking the validity of a board configuration (likely a chessboard or similar) based on certain cell values. The second snippet implements a function to find the number of times a number can be divided by 2 before reaching 1, which is a different mathematical problem entirely.""
}
```",211
2013_0_2,85165,2014_3_1,134611,NON-CLONE,2026-07-16 12:11:34,"```json
{
 ""answer"": ""NO-NOT-SIMILAR"",
 ""explanation"": ""The two code snippets solve fundamentally different problems. The Python code appears to be solving a problem related to finding a valid 'lawn' configuration where all rows have the same minimum height, while the C++ code is solving a problem about finding the generation it takes to reduce a fraction to 1 through repeated division by another fraction.""
}
```",212
2013_0_2,71957,2016_1_1,15819,NON-CLONE,2026-07-16 12:11:38,"```json
{
  ""answer"": ""NO-NOT-SIMILAR"",
  ""explanation"": ""The two code snippets serve different purposes. The first snippet reads a grid of numbers from a file, calculates the maximum value in each row and column, and checks if any element in the grid violates a certain condition. The second snippet reads input from a file, processes each line to find the last word, and writes the result to an output file. The algorithms, input/output formats, and logic are completely different.""
}
```",213
2013_0_2,96711,2013_0_3,51164,NON-CLONE,2026-07-16 12:11:41,"```json
{
 ""answer"": ""NO-NOT-SIMILAR"",
 ""explanation"": ""The two code snippets have different purposes and programming languages. Code Snippet 1 is a PHP script that reads input from standard input, processes it to find fair squares (squares with symmetrical digits), and outputs 'YES' or 'NO' for each test case. Code Snippet 2 is a Python script that generates a list of fair squares and reads input from a file to count how many fair squares fall within a given range.""
}
```",214
2013_0_2,68303,2016_0_1,71388,NON-CLONE,2026-07-16 12:11:43,"```json
{
 ""answer"": ""NO-NOT-SIMILAR"",
 ""explanation"": ""The two code snippets have completely different functionalities. The first snippet reads input, processes it, and determines if a given lawn configuration is possible based on maximum values in each row and column. The second snippet reads input, processes it, and generates a string based on a specific mathematical operation involving factorials and the input number.""
}
```",215
2013_0_3,108834,2016_0_1,39027,NON-CLONE,2026-07-16 12:11:46,"```json
{
  ""answer"": ""NO-NOT-SIMILAR"",
  ""explanation"": ""The two code snippets solve different problems. The first snippet implements a Java program that calculates the number of palindromic numbers within a given range, while the second snippet is a PHP script that reads input from a file, processes it, and writes output to another file. They have distinct functionalities and structures, indicating they are not functionally similar.""
}
```",216
2013_0_3,59317,2016_1_2,26565,NON-CLONE,2026-07-16 12:11:49,"```json
{
 ""answer"": ""NO-NOT-SIMILAR"",
 ""explanation"": ""The two code snippets have completely different functionalities. The first code snippet calculates the number of perfect squares less than or equal to a given BigInteger. The second code snippet reads a set of integers, counts the occurrences of each, and prints the unique integers with odd counts.""
}
```",217
2013_0_3,74156,2015_0_3,49764,NON-CLONE,2026-07-16 12:11:52,"```json
{
  ""answer"": ""NO-NOT-SIMILAR"",
  ""explanation"": ""The two code snippets have different programming languages (Java and C++) and different approaches to solving the problem. The Java code reads input from a file, performs calculations, and writes output to another file, while the C++ code reads input from standard input, processes it in-memory, and writes output to standard output. The core logic of counting fair squares and checking palindromes is different in both languages, indicating they are not functionally similar.""
}
```",218
2013_0_3,102625,2013_0_1,126886,NON-CLONE,2026-07-16 12:11:55,"```json
{
  ""answer"": ""NO-NOT-SIMILAR"",
  ""explanation"": ""The two code snippets have different languages (C++ and Java), structures, and functionalities. The first snippet is a C++ program that calculates the sum of elements within a predefined array for a given input, while the second snippet is a Java program that simulates a Tic-Tac-Toe game, checking for winning conditions and printing the result for each case.""
}
```",219
2013_0_3,81195,2014_2_1,131873,NON-CLONE,2026-07-16 12:11:58,"```json
{
  ""answer"": ""NO-NOT-SIMILAR"",
  ""explanation"": ""The two code snippets have different languages (C++ and Java), different problem statements, and different algorithms. The C++ code calculates palindrome squares within a given range, while the Java code processes and compares strings from multiple input files. The logic, data structures, and overall approach are also not the same.""
}
```",220
2013_0_3,53348,2015_0_3,72742,NON-CLONE,2026-07-16 12:12:01,"```json
{
  ""answer"": ""NO-NOT-SIMILAR"",
  ""explanation"": ""The two code snippets implement fundamentally different problems and use completely different structures and algorithms. The first snippet reads input, processes it (checking a specific property of numbers), and writes the results to the output. The second snippet defines classes and methods for reading input, processing it (checking the legality of a string based on quaternion rules), and writing the results, with a focus on abstracting the input/output and processing logic.""
}
```",221
2013_0_3,102207,2015_1_1,122934,NON-CLONE,2026-07-16 12:12:05,"```json
{
 ""answer"": ""NO-NOT-SIMILAR"",
 ""explanation"": ""The two code snippets have fundamentally different purposes and approaches. The Python code reads a file, processes each line, and writes output to another file, focusing on calculating the number of unique values within a range for each line. The PHP code reads input from a file, processes it to count the difference in values between consecutive time intervals, and calculates two different metrics based on those differences. The logic, input/output formats, and programming languages used are distinct.""
}
```",222
2013_0_3,51164,2014_2_1,129296,NON-CLONE,2026-07-16 12:12:08,"```json
{
 ""answer"": ""NO-NOT-SIMILAR"",
 ""explanation"": ""The two code snippets have different objectives and use different approaches. The Python code generates a list of fair squares (squares of integers that are read in reverse also look the same) and then processes a file to count how many fair squares fall within a given range for each test case. The Java code, on the other hand, reads a file, tokenizes each line, and calculates a result based on the frequency of characters in each line, focusing on finding a consistent character count across all lines. The algorithms, data structures,",223
2013_0_3,70289,2015_0_4,63026,NON-CLONE,2026-07-16 12:12:11,"```json
{
 ""answer"": ""NO-NOT-SIMILAR"",
 ""explanation"": ""The two code snippets have completely different syntax and programming languages (Python and C++). They also perform different tasks: the Python code generates a list of palindromic squares and writes them to a file, while the C++ code reads input from a file, processes it, and writes results to another file, focusing on specific conditions related to numbers and their relationships.""
}
```",224
2013_0_3,89287,2016_1_1,15421,NON-CLONE,2026-07-16 12:12:13,"```json
{
  ""answer"": ""NO-NOT-SIMILAR"",
  ""explanation"": ""The two code snippets have different objectives. The first snippet is designed to find and count perfect squares within a given range, while the second snippet appears to process and manipulate a string input in a different manner.""
}
```",225
2013_0_3,92037,2014_3_1,134611,NON-CLONE,2026-07-16 12:12:15,"```json
{
 ""answer"": ""NO-NOT-SIMILAR"",
 ""explanation"": ""The two code snippets solve fundamentally different problems. The first code snippet finds perfect squares within a given range, while the second snippet determines if two numbers have a common divisor greater than 1.""
}
```",226
2013_0_3,132829,2016_1_1,14703,NON-CLONE,2026-07-16 12:12:18,"```json
{
 ""answer"": ""YES-SIMILAR"",
 ""explanation"": ""Both code snippets solve the same problem: given a pair of strings, determine the number of strings in a list that are between them lexicographically. They achieve this by reading input from a file, processing the strings, and printing the result for each case. Although the syntax and implementation details differ (PHP vs. Python, array manipulation vs. string manipulation), the overall logic and purpose of the code are identical.""
}
```",227
2013_1_1,42047,2013_0_1,99825,NON-CLONE,2026-07-16 12:12:21,"```json
{
 ""answer"": ""NO-NOT-SIMILAR"",
 ""explanation"": ""The two code snippets solve fundamentally different problems. The Java code calculates the sum of a series of numbers based on a given input to find a specific value, while the C++ code simulates a game board with rules for 'X', 'O', and 'T' and determines the winner of a game played on that board. The logic, data structures, and output formats are completely different.""
}
```",228
2013_1_1,30835,2015_0_3,103774,NON-CLONE,2026-07-16 12:12:23,"```json
{
 ""answer"": ""NO-NOT-SIMILAR"",
 ""explanation"": ""The two code snippets have different languages (Java vs Python), different problem domains (one appears to solve a mathematical problem involving quadratic equations, while the other appears to check a string for a specific pattern), and different overall structures and algorithms.""
}
```",229
2013_1_1,32414,2016_2_1,179503,NON-CLONE,2026-07-16 12:12:25,"```json
{
 ""answer"": ""NO-NOT-SIMILAR"",
 ""explanation"": ""The two code snippets have completely different functionalities. The first code snippet implements a quadratic formula solver, while the second snippet appears to count and print the frequency of each digit in a string input.""
}
```",230
2013_1_1,28766,2015_0_1,47939,NON-CLONE,2026-07-16 12:12:28,"```json
{
  ""answer"": ""NO-NOT-SIMILAR"",
  ""explanation"": ""The two code snippets solve fundamentally different problems. The first snippet implements a binary search algorithm to find the maximum value of 'r' such that (2*r - 3)*n + 2*n*(n+1) <= t, where n is an integer. The second snippet counts the number of times a person needs to stand up from their seat in a theater to see every digit in a given string 's' once.""
}
```",231
2013_1_1,30228,2016_2_1,185295,NON-CLONE,2026-07-16 12:12:31,"```json
{
 ""answer"": ""NO-NOT-SIMILAR"",
 ""explanation"": ""The two code snippets have completely different objectives. The first is a C++ program that solves a specific mathematical problem (finding the smallest number that can be represented by a given range and a specific increment), while the second is a Python script that processes a text file, counts the occurrences of specific letters, and constructs a string based on those counts. They perform entirely distinct tasks and have no code overlap or similarity.""
}
```",232
2013_1_1,30618,2014_2_1,115757,NON-CLONE,2026-07-16 12:12:33,"```json
{
  ""answer"": ""NO-NOT-SIMILAR"",
  ""explanation"": ""The two code snippets solve fundamentally different problems. The first snippet implements a binary search to find the root of a quadratic equation, while the second snippet processes and compresses strings using a Run-Length Encoding (RLE) algorithm.""
}
```",233
2013_1_1,37029,2015_0_4,86932,NON-CLONE,2026-07-16 12:12:36,"```json
{
 ""answer"": ""NO-NOT-SIMILAR"",
 ""explanation"": ""The two code snippets have completely different functionalities. The first snippet calculates the number of rings needed to paint a circle given its radius and volume of paint, while the second snippet checks if a set of dimensions (X, R, C) satisfy a specific condition related to Richard's problem (a mathematical puzzle).""
}
```",234
2013_1_1,32497,2016_2_1,194349,NON-CLONE,2026-07-16 12:12:38,"```json
{
 ""answer"": ""NO-NOT-SIMILAR"",
 ""explanation"": ""The two code snippets have different languages (Python and C++) and perform fundamentally different tasks. The first snippet calculates the number of rings in a geometric context, while the second snippet processes a string of characters to produce a numerical output based on their frequency.""
}
```",235
2013_1_1,30519,2015_0_1,65110,NON-CLONE,2026-07-16 12:12:41,"```json
{
 ""answer"": ""NO-NOT-SIMILAR"",
 ""explanation"": ""The two code snippets solve fundamentally different problems. The Python code implements a binary search algorithm to find the last index where a sum up to a given value `t` can be achieved with a radius `r`. The C++ code processes a string representing a sequence of digits, incrementing a counter and updating a variable `v` based on the position of each digit, aiming to find the maximum value achievable with the digits in the string.""
}
```",236
2013_1_1,34507,2014_3_1,138308,NON-CLONE,2026-07-16 12:12:44,"```json
{
 ""answer"": ""NO-NOT-SIMILAR"",
 ""explanation"": ""The two code snippets have different purposes and use different algorithms. The PHP code appears to be solving a specific mathematical problem related to finding a value that satisfies certain conditions using a binary search-like approach. The C++ code implements a Euclidean algorithm for finding the greatest common divisor (GCD) of two numbers.""
}
```",237
2013_1_1,39026,2016_0_1,143909,NON-CLONE,2026-07-16 12:12:47,"```json
{
 ""answer"": ""YES-SIMILAR"",
 ""explanation"": ""Both code snippets solve the same problem: finding the smallest number of circles needed to cover a set of points on a number line. The first snippet does this by iterating through input cases, parsing each input, and calculating the number of circles using a formula. The second snippet uses a bitwise operation to efficiently track the covered points and find the smallest n such that the sum of the painted region exceeds the given area (t).""
}
```",238
2013_1_1,31779,2014_3_1,132142,NON-CLONE,2026-07-16 12:12:50,"```json
{
 ""answer"": ""YES-SIMILAR"",
 ""explanation"": ""Both code snippets solve the same problem: finding the minimum number of times a number 'r' must be divided by another number 't' (with potential optimization for when 't' is a power of 2). They use similar logic: reading input, calculating the GCD, and iteratively dividing 'r' by 't' (with adjustments for powers of 2).""
}
```",239
2014_2_1,115757,2013_0_1,99825,NON-CLONE,2026-07-16 12:12:53,"```json
{
  ""answer"": ""NO-NOT-SIMILAR"",
  ""explanation"": ""The two code snippets have different languages (Java vs C++) and perform fundamentally different tasks. The Java code reads input, processes it, and calculates a result based on specific rules related to strings, while the C++ code reads a grid from a file, updates it based on certain rules, and determines a winner based on the final state of the grid. The logic and overall approach are not the same.""
}
```",240
2014_2_1,129296,2015_1_1,122263,NON-CLONE,2026-07-16 12:12:56,"```json
{
  ""answer"": ""YES-SIMILAR"",
  ""explanation"": ""Both code snippets solve the same problem: they read a series of lines, analyze the character frequencies, and calculate a specific metric based on those frequencies. The core logic involves: (1) splitting the input into lines, (2) counting character occurrences in each line, (3) aggregating the counts across lines, (4) checking for consistency in character frequencies, (5) calculating a sum involving the median of the character counts and the differences between counts. Despite differences in syntax and language, the overall algorithm and logic are identical.""",241
2014_2_1,131873,2016_1_2,19133,NON-CLONE,2026-07-16 12:12:59,"```json
{
 ""answer"": ""NO-NOT-SIMILAR"",
 ""explanation"": ""The two code snippets have completely different syntax and programming languages (Java vs PHP) and achieve different tasks. The Java code reads input from files, processes it, and writes output to files, while the PHP code reads input from a single stream, processes it in memory, and writes output to another stream. The logic and algorithms used in each code are also distinct.""
}
```",242
2014_2_1,131278,2013_0_1,91336,NON-CLONE,2026-07-16 12:13:01,"```json
{
 ""answer"": ""NO-NOT-SIMILAR"",
 ""explanation"": ""The two code snippets have different objectives. The C++ code processes a string, removing consecutive duplicate characters, while the Python code implements a game of Tic-Tac-Toe. They perform entirely different tasks and have no functional similarity.""
}
```",243
2014_2_1,119165,2013_1_1,30835,NON-CLONE,2026-07-16 12:13:04,"```json
{
 ""answer"": ""NO-NOT-SIMILAR"",
 ""explanation"": ""The two code snippets solve fundamentally different problems. The first snippet appears to be analyzing a string array, grouping characters together based on their frequency, and then calculating an average and deviation to determine a 'cut' value. The second snippet appears to be solving a mathematical problem related to a circle and a target area, using quadratic equations to find the optimal radius.""
}
```",244
2014_2_1,118489,2016_0_1,100898,NON-CLONE,2026-07-16 12:13:08,"```json
{
  ""answer"": ""NO-NOT-SIMILAR"",
  ""explanation"": ""The two code snippets have different languages (C++ and Java), structures, and purposes. The first snippet is a complex problem-solving program in C++ that reads input, performs string and mathematical operations, and outputs a result based on a specific algorithm. The second snippet is a simple Java program that reads an integer input, performs a specific mathematical operation on it, and outputs the result. They do not share any common logic or functionality.""
}
```",245
2014_2_1,128920,2015_0_4,68310,NON-CLONE,2026-07-16 12:13:11,"```json
{
 ""answer"": ""NO-NOT-SIMILAR"",
 ""explanation"": ""The two code snippets solve fundamentally different problems. The Python code appears to be solving a puzzle involving arranging tiles (possibly Omino tiles) in a specific manner, aiming to minimize movement. The PHP code, on the other hand, reads input from a file, processes it, and outputs 'RICHARD' or 'GABRIEL' based on certain conditions related to matrix dimensions and a 'richard_omino' size. The logic, input/output formats, and overall purpose of the two codes are distinct.""
}",246
2014_2_1,118416,2015_0_2,102321,NON-CLONE,2026-07-16 12:13:15,"```json
{
 ""answer"": ""YES-SIMILAR"",
 ""explanation"": ""Both code snippets solve the same problem: finding the minimum total distance between elements in an array after replacing consecutive equal elements with a single element, based on a maximum value. They achieve this by first finding the maximum value in the array, then iterating through the array and calculating the distance between the current element and the maximum value, adjusted for elements greater than the maximum. The main difference is the syntax and language, but the overall logic and steps to solve the problem are identical.""
}
```",247
2014_2_1,121201,2013_0_2,91409,NON-CLONE,2026-07-16 12:13:18,"```json
{
 ""answer"": ""NO-NOT-SIMILAR"",
 ""explanation"": ""The two code snippets have fundamentally different purposes and approaches. The Python code is designed to calculate the total distance between a set of strings after transforming them to have consistent lengths, while the C++ code checks if a 2D array of integers represents a valid 'lawn' where each cell contains a value between 0 and 100, and determines if it's possible for all rows and columns to have the same maximum and minimum values.""
}
```",248
2014_2_1,118754,2015_0_2,81081,NON-CLONE,2026-07-16 12:13:21,"```json
{
 ""answer"": ""YES-SIMILAR"",
 ""explanation"": ""Both code snippets solve the same problem, which is to determine the minimum number of moves required to sort a list of integers (representing pancakes) by eating them in increasing order. They achieve this by first finding the maximum value in the list and then iteratively eating pancakes in groups, counting the number of splits required to reach the maximum value. The main differences are in syntax and the specific implementation details, but the overall logic and algorithm are identical.""
}
```",249
2014_2_1,116147,2013_0_3,74156,NON-CLONE,2026-07-16 12:13:24,"```json
{
 ""answer"": ""NO-NOT-SIMILAR"",
 ""explanation"": ""The two code snippets have fundamentally different purposes and approaches. The PHP code reads input from a file, processes text data to find palindromic substrings, and writes results to another file. The Java code reads input from a file, calculates and outputs the count of fair squares within a given range.""
}
```",250
2014_2_1,114208,2013_0_3,102625,NON-CLONE,2026-07-16 12:13:27,"```json
{
 ""answer"": ""NO-NOT-SIMILAR"",
 ""explanation"": ""The two code snippets perform fundamentally different tasks. The PHP code reads input from stdin, processes it, and calculates the distance between consecutive numbers in a sequence. The C++ code generates a list of specific numbers, sorts them, and then performs a different calculation based on ranges within that sorted list. The algorithms, input/output, and overall logic are not the same.""
}
```",251
2014_3_1,135560,2016_1_2,21265,NON-CLONE,2026-07-16 12:13:30,"```json
{
 ""answer"": ""NO-NOT-SIMILAR"",
 ""explanation"": ""The two code snippets have fundamentally different purposes and approaches. The Java code reads input from a file, processes it through a complex algorithm to determine the minimum number of operations to reduce a number down to zero using a specific rule, and writes the result to another file. The PHP code reads input from a file, parses it into cases, counts the number of soldiers with odd counts in each case, and prints the names of any soldiers left over after pairing them up. They do not share a common functionality or logic.""
}
",252
2014_3_1,138333,2013_0_2,68303,NON-CLONE,2026-07-16 12:13:33,"```json
{
 ""answer"": ""NO-NOT-SIMILAR"",
 ""explanation"": ""The two code snippets solve fundamentally different problems. The Java code appears to be calculating the number of steps required to reduce a fraction to its lowest terms, while the PHP code is determining if a given grid of numbers can form a valid 'lawn' where every number is either the maximum in its row or column. The algorithms, logic, and data structures used in each snippet are quite distinct.""
}
```",253
2014_3_1,140281,2013_1_1,30519,NON-CLONE,2026-07-16 12:13:35,"```json
{
 ""answer"": ""YES-SIMILAR"",
 ""explanation"": ""Both code snippets solve the same problem: determining the minimum number of operations required to reduce a given sum of two numbers to zero using only multiplication and subtraction. They use similar logic: repeatedly doubling one number and subtracting the other, while keeping track of the number of operations.""
}
```",254
2014_3_1,138308,2013_1_1,30519,NON-CLONE,2026-07-16 12:13:38,"```json
{
 ""answer"": ""YES-SIMILAR"",
 ""explanation"": ""Both code snippets solve the same problem: determining the minimum number of circles (or divisions) required to reduce two numbers to 1 using repeated division by 2. They use similar logic: repeatedly dividing the larger number by 2 and adding the remainder to the next number until both numbers are equal. The main differences are in syntax and the specific implementation details, but the overall algorithm is the same.""
}
```",255
2014_3_1,134611,2016_1_2,14745,NON-CLONE,2026-07-16 12:13:41,"```json
{
 ""answer"": ""NO-NOT-SIMILAR"",
 ""explanation"": ""The two code snippets have different languages (C++ and Python) and solve different problems. The C++ code calculates the greatest common divisor (GCD) of two numbers and determines if it's possible to reach 1 through a series of divisions and bit shifts. The Python code appears to count and output unique elements in a 2D array after some preprocessing, likely related to a different mathematical problem.""
}
```",256
2014_3_1,132142,2014_2_1,118754,NON-CLONE,2026-07-16 12:13:45,"```json
{
  ""answer"": ""YES-SIMILAR"",
  ""explanation"": ""Both code snippets solve the same problem, which is to determine the minimum number of moves required to transform one number into another by dividing them by their greatest common divisor (GCD). They achieve this by first calculating the GCD, then performing a series of divisions and tracking the number of moves required to reach a specific condition (e.g., if the remaining number is less than or equal to the other number). The logic, algorithm, and overall structure of both snippets are nearly identical, despite the difference in programming languages.""
}
",257
2014_3_1,139209,2015_0_3,49764,NON-CLONE,2026-07-16 12:13:49,"```json
{
  ""answer"": ""NO-NOT-SIMILAR"",
  ""explanation"": ""The two code snippets solve the same problem (finding the minimum value that can be expressed as the product of two integers with a given greatest common divisor), but they do so with fundamentally different approaches and structures. The Python code uses a recursive and backtracking-like approach, while the C++ code uses a more direct mathematical approach with string manipulation and bitwise operations. The algorithms, data structures, and overall logic differ significantly, making them not functionally similar.""
}
```",258
2014_3_1,139370,2016_1_1,15819,NON-CLONE,2026-07-16 12:13:51,"```json
{
 ""answer"": ""NO-NOT-SIMILAR"",
 ""explanation"": ""The two code snippets have completely different functionalities. The first snippet implements an algorithm to determine the number of divisions required to reduce a number to its simplest form, while the second snippet reads input lines from a file, processes each line to extract the first word, and writes the result to another file.""
}
```",259
2014_3_1,143074,2015_0_2,91000,NON-CLONE,2026-07-16 12:13:54,"```json
{
 ""answer"": ""NO-NOT-SIMILAR"",
 ""explanation"": ""The two code snippets have completely different functionalities. The first snippet implements a function to calculate the number of divisions needed to reduce a number to its simplest form, while the second snippet sorts an array of integers and calculates the minimum number of flips needed to make all pancakes the same size.""
}
```",260
2014_3_1,142092,2015_0_1,106809,NON-CLONE,2026-07-16 12:13:56,"```json
{
 ""answer"": ""NO-NOT-SIMILAR"",
 ""explanation"": ""The two code snippets solve fundamentally different problems. Code Snippet 1 calculates the number of half-lives required for a substance to reach a certain Elveness level, while Code Snippet 2 calculates the required additional input based on a sequence of 0s and 1s.""
}
```",261
2014_3_1,134295,2015_0_4,94256,NON-CLONE,2026-07-16 12:13:59,"```json
{
 ""answer"": ""NO-NOT-SIMILAR"",
 ""explanation"": ""The two code snippets have different objectives and use distinct algorithms. The first snippet calculates the greatest common divisor (GCD) of two numbers, while the second snippet determines if a given set of dimensions (x, r, c) allows for a fair game between two players (GABRIEL and RICHARD) based on certain conditions related to the dimensions and the GCD.""
}
```",262
2014_3_1,132975,2016_0_4,135114,NON-CLONE,2026-07-16 12:14:02,"```json
{
 ""answer"": ""NO-NOT-SIMILAR"",
 ""explanation"": ""The two code snippets have fundamentally different purposes and approaches. The PHP code reads input from stdin, performs a specific mathematical operation on pairs of numbers, and outputs results to a file. The C++ code reads input through scanf, generates a specific output format based on given parameters, and outputs directly to stdout. The algorithms and logic used in each code are also different.""
}
```",263
2015_0_1,47939,2016_0_1,71388,NON-CLONE,2026-07-16 12:14:04,"```json
{
 ""answer"": ""NO-NOT-SIMILAR"",
 ""explanation"": ""The two code snippets have fundamentally different goals. The first snippet is designed to count the number of standing ovations in a string, while the second snippet appears to be solving a problem related to finding a specific string by manipulating a list of unused characters.""
}
```",264
2015_0_1,43660,2016_1_1,33316,NON-CLONE,2026-07-16 12:14:06,"```json
{
 ""answer"": ""NO-NOT-SIMILAR"",
 ""explanation"": ""The two code snippets have different languages (Java vs Python), different problem domains (reading from stdin vs file I/O), and different algorithms (simple loop vs complex sorting algorithm).""
}
```",265
2015_0_1,100718,2016_2_1,198100,NON-CLONE,2026-07-16 12:14:09,"```json
{
  ""answer"": ""YES-SIMILAR"",
  ""explanation"": ""Both code snippets solve the same problem: calculating the minimum number of friends needed to clean a phone number based on its digits. They achieve this by counting the occurrences of each digit and then determining the minimum sum of consecutive digits that equals or exceeds the given shyness level. Despite the difference in syntax and programming languages, the overall logic and steps taken to solve the problem are identical.""
}
```",266
2015_0_1,44230,2016_1_1,18665,NON-CLONE,2026-07-16 12:14:11,"```json
{
 ""answer"": ""NO-NOT-SIMILAR"",
 ""explanation"": ""The two code snippets solve fundamentally different problems. The C++ code reads input, processes it based on a specific logic (counting the number of 'up' movements in a string), and prints an output. The PHP code reads input strings, sorts the characters, and concatenates them in a specific order to form an output string. The algorithms and logic used in each code are entirely distinct.""
}
```",267
2015_0_1,64620,2013_1_1,37029,NON-CLONE,2026-07-16 12:14:14,"```json
{
 ""answer"": ""NO-NOT-SIMILAR"",
 ""explanation"": ""The two code snippets have different languages (C++ vs Python), different problem domains (one deals with string manipulation and another with calculating paint volume), and different algorithms (one uses a simple loop and arithmetic, the other uses a binary search-like approach).""
}
```",268
2015_0_1,65110,2015_0_3,42051,NON-CLONE,2026-07-16 12:14:17,"```json
{
  ""answer"": ""NO-NOT-SIMILAR"",
  ""explanation"": ""The two code snippets have different languages (C++ and Java), syntax, and overall structure. Despite both seemingly solving a similar problem (processing a string to perform some mathematical operation), the specific logic, variable names, and implementation details differ significantly. For example, one uses a `quaternionTable` for multiplication, while the other does not, and the string manipulation and conditional checks are not identical.""
}
```",269
2015_0_1,106809,2015_0_2,96440,NON-CLONE,2026-07-16 12:14:19,"```json
{
 ""answer"": ""YES-SIMILAR"",
 ""explanation"": ""Both code snippets solve the same problem: finding the minimum number of items needed to cover all elements in a list, where each element has a weight or value. They achieve this by iterating through the input list, calculating the maximum element and then iterating again to find the optimal divisor (in C++, a 'best' value) that minimizes the total number of items needed.""
}
```",270
2015_0_1,86599,2013_0_2,96711,NON-CLONE,2026-07-16 12:14:22,"```json
{
 ""answer"": ""NO-NOT-SIMILAR"",
 ""explanation"": ""The two code snippets solve different problems. The Python code reads input, processes it, and calculates the number of friends based on a specific rule. The PHP code reads input, checks if a lawn is 'valid' based on row and column comparisons, and outputs 'YES' or 'NO' accordingly. The logic, input/output formats, and overall purpose of the code differ significantly.""
}
```",271
2015_0_1,60803,2015_1_1,111866,NON-CLONE,2026-07-16 12:14:25,"```json
{
 ""answer"": ""YES-SIMILAR"",
 ""explanation"": ""Both code snippets solve the same problem: given an array of integers, they calculate and print the sum of two sub-arrays: one containing the positive differences between consecutive elements, and another containing the maximum possible sum up to each element (by using the previous element or a specified maximum if none is available).""
}
```",272
2015_0_1,25955,2013_0_1,72071,NON-CLONE,2026-07-16 12:14:28,"```json
{
 ""answer"": ""NO-NOT-SIMILAR"",
 ""explanation"": ""The two code snippets have different languages (PHP and C++) and solve fundamentally different problems. The first snippet calculates the number of 'shy levels' (a specific data structure and concept) from a given input, while the second snippet determines the winner of a Tic-Tac-Toe game based on a 2D array of 'X', 'O', and 'T' characters.""
}
```",273
2015_0_1,28465,2015_0_2,88257,NON-CLONE,2026-07-16 12:14:31,"```json
{
 ""answer"": ""YES-SIMILAR"",
 ""explanation"": ""Both code snippets solve the same problem: calculating the minimum number of invitations required to invite all individuals from a group with given audience sizes. They achieve this by iterating through the input array, considering each possible division of the audience into groups of a certain size, and keeping track of the maximum audience size encountered and the total number of invitations required for each division. The final result is printed for each case.""
}
```",274
2015_0_1,96593,2015_0_2,40957,NON-CLONE,2026-07-16 12:14:34,"```json
{
  ""answer"": ""NO-NOT-SIMILAR"",
  ""explanation"": ""The two code snippets solve fundamentally different problems. The PHP code processes a specific input format (a text file with numbers) and calculates the minimum number of friends needed to get everyone standing (clapping) in a certain scenario. The Java code, on the other hand, reads an input array, finds the maximum element, and then iteratively adds friends to ensure that each element in the array is at least as large as the current maximum divided by the number of friends already added. The logic, input/output formats, and overall",275
2015_0_2,91000,2013_0_1,98087,NON-CLONE,2026-07-16 12:14:38,"```json
{
  ""answer"": ""NO-NOT-SIMILAR"",
  ""explanation"": ""The two code snippets have different programming languages (Java and C++) and perform fundamentally different tasks. The Java code solves a problem related to sorting and calculating the minimums of a list of integers, while the C++ code appears to be a game of Tic-Tac-Toe, determining the winner based on a specific set of conditions. The algorithms, data structures, and logic used in each snippet are not similar.""
}
```",276
2015_0_2,21812,2013_0_3,102625,NON-CLONE,2026-07-16 12:14:41,"```json
{
 ""answer"": ""YES-SIMILAR"",
 ""explanation"": ""Both code snippets solve the same problem: given an array of integers representing pancake flip times, find the minimum number of days (flips) required to eat all pancakes. They achieve this by iterating through the array, calculating the maximum flip time, and then iterating through possible flip days, adjusting the required days based on the array elements. The core logic and overall goal of both programs are identical.""
}
```",277
2015_0_2,40957,2013_0_2,71957,NON-CLONE,2026-07-16 12:14:44,"```json
{
  ""answer"": ""YES-SIMILAR"",
  ""explanation"": ""Both code snippets solve the same problem: finding the minimum number of operations needed to transform a 2D array of integers into a matrix where each element is at most its row and column index. They achieve this by first finding the maximum element in each row and column, and then checking if the array elements respect these maximums. The overall logic, variable names, and steps taken are nearly identical, indicating functional similarity.""
}
```",278
2015_0_2,96440,2015_0_1,86599,NON-CLONE,2026-07-16 12:14:47,"```json
{
 ""answer"": ""YES-SIMILAR"",
 ""explanation"": ""Both code snippets solve the same problem: finding the minimum number of friends needed to achieve a certain standing in a social scenario. They both read input cases, process each case, and output the result for each case. The core logic involves iterating through input data, calculating the required friends based on the standing and existing friends, and updating the standing. Although the syntax and language differ, the overall algorithm and problem-solving approach are identical.""
}
```",279
2015_0_2,88257,2013_0_2,68303,NON-CLONE,2026-07-16 12:14:50,"```json
{
 ""answer"": ""NO-NOT-SIMILAR"",
 ""explanation"": ""The two code snippets solve fundamentally different problems. The C++ code calculates the sum of divisions for each number up to a given limit, while the PHP code checks if a lawn grid can be covered by a single shape without gaps or overlaps. Their algorithms, data structures, and output formats are also distinct.""
}
```",280
2015_0_2,38840,2013_0_1,127485,NON-CLONE,2026-07-16 12:14:53,"```json
{
 ""answer"": ""NO-NOT-SIMILAR"",
 ""explanation"": ""The two code snippets solve fundamentally different problems. The C++ code reads input integers and calculates the minimum number of operations needed to reach a certain value using an array of integers. The PHP code reads a grid of characters representing an 'X' and 'O' game board and determines the winner or if the game is a draw. The algorithms, input/output, and data structures used are completely different.""
}
```",281
2015_0_2,36519,2015_1_1,111086,NON-CLONE,2026-07-16 12:14:56,"```json
{
  ""answer"": ""YES-SIMILAR"",
  ""explanation"": ""Both code snippets implement a solution to the same problem: calculating the total time to serve a set of pancakes, where each pancake has a size, and the goal is to minimize the total time by splitting pancakes into piles of equal or nearly equal sizes. They use similar data structures (priority queue) and algorithms (iterating through the input, processing pancakes, and calculating time costs) to achieve the same outcome.""
}
```",282
2015_0_2,81081,2013_0_3,108834,NON-CLONE,2026-07-16 12:15:00,"```json
{
  ""answer"": ""YES-SIMILAR"",
  ""explanation"": ""Both code snippets solve the same problem: finding the minimum number of splits of a list of pancakes (numbers) into groups with a sum not exceeding a given maximum value. They achieve this by calculating and comparing the number of splits for different maximum values, starting from the largest possible split (the size of the input array) down to a certain threshold (the square root of the largest number in the input array). The algorithms share a similar structure, including the use of memoization, reading input, and calculating the number of splits for a given",283
2015_0_2,100159,2016_2_1,179503,NON-CLONE,2026-07-16 12:15:03,"```json
{
 ""answer"": ""NO-NOT-SIMILAR"",
 ""explanation"": ""The two code snippets have different purposes and use different algorithms. The Python code reads a line of text, splits it into integers, sorts them, and calculates the minimum number of moves for each diner to get their plates, based on a specific set of rules. The C++ code reads a string, counts the occurrences of each character, and then prints a specific pattern based on those counts. The algorithms, input, and output formats are completely different.""
}
```",284
2015_0_2,103402,2015_0_1,106809,NON-CLONE,2026-07-16 12:15:06,"```json
{
 ""answer"": ""YES-SIMILAR"",
 ""explanation"": ""Both code snippets appear to solve the same problem: finding the minimum number of operations needed to sum a sequence of numbers to a given target. The algorithms used are similar in logic: they both read input, iterate through a sequence of numbers, and calculate the minimum number of operations required to reach a certain target. Although the syntax and specific implementation details differ, the overall functionality is the same.""
}
```",285
2015_0_2,102321,2015_0_3,72742,NON-CLONE,2026-07-16 12:15:09,"```json
{
 ""answer"": ""NO-NOT-SIMILAR"",
 ""explanation"": ""The two code snippets have different programming languages (PHP and Python), structures, and algorithms. The PHP code reads input from a file, processes it, and writes the results to another file. The Python code defines classes and methods for file input/output and problem solving, but the core logic for solving the problem (checking the validity of a given string based on quaternion rules) is different.""
}
```",286
2015_0_2,55775,2016_1_2,14745,NON-CLONE,2026-07-16 12:15:12,"```json
{
 ""answer"": ""YES-SIMILAR"",
 ""explanation"": ""Both code snippets solve the same problem: finding the minimum number of pancakes needed to be flipped such that all pancakes are in their correct final position. The algorithms used are similar: they both involve iterating through the input array and keeping track of counts or sums related to the positions of each unique value. Although the syntax and specific implementation details differ, the overall logic and goal are the same.""
}
```",287
2015_0_3,42051,2015_0_1,44230,NON-CLONE,2026-07-16 12:15:14,"```json
{
 ""answer"": ""NO-NOT-SIMILAR"",
 ""explanation"": ""The two code snippets solve fundamentally different problems. The first snippet appears to implement a quaternion multiplication algorithm and solve a specific string manipulation problem, while the second snippet reads input, processes it based on the number of '1's and calculates the count of 'invites' in a string based on those '1's.""
}
```",288
2015_0_3,47513,2013_1_1,34507,NON-CLONE,2026-07-16 12:15:17,"```json
{
  ""answer"": ""NO-NOT-SIMILAR"",
  ""explanation"": ""The two code snippets solve different problems. The first snippet appears to be solving a string manipulation problem involving specific characters ('i', 'j', 'k') and their effects on a string to determine if a given operation results in a specific outcome ('YES' or 'NO'). The second snippet appears to be solving a binary search problem related to finding the optimal value within a range that satisfies a given condition based on a mathematical volume formula.""
}
```",289
2015_0_3,96608,2016_1_2,14745,NON-CLONE,2026-07-16 12:15:20,"```json
{
 ""answer"": ""NO-NOT-SIMILAR"",
 ""explanation"": ""The two code snippets solve fundamentally different problems. The first code snippet implements a specific algorithm (Dijkstra's algorithm) for finding shortest paths in a graph, while the second snippet reads input, counts the occurrences of each element, and prints out elements with odd counts. They have different input/output, data structures, and logic.""
}
```",290
2015_0_3,41900,2015_0_1,96593,NON-CLONE,2026-07-16 12:15:23,"```json
{
  ""answer"": ""NO-NOT-SIMILAR"",
  ""explanation"": ""The two code snippets solve fundamentally different problems. The first snippet is designed to process a string and determine if there exists a sequence of operations to transform it into a specific form, involving complex logic around matrix multiplication and vector operations. The second snippet, written in PHP, calculates the minimum number of friends needed to be added to a group of visitors to ensure everyone is standing and clapping at the same time, based on their shy levels.""
}
```",291
2015_0_3,49764,2016_1_2,14745,NON-CLONE,2026-07-16 12:15:26,"```json
{
 ""answer"": ""NO-NOT-SIMILAR"",
 ""explanation"": ""The two code snippets solve fundamentally different problems. The C++ code appears to be solving a specific problem involving string manipulation and pattern matching with a set input format (a sequence of 'i', 'j', 'k' characters), while the Python code is solving a problem related to counting and outputting unique elements from a list of lists after applying some transformation.""
}
```",292
2015_0_3,23036,2016_0_4,142083,NON-CLONE,2026-07-16 12:15:29,"```json
{
 ""answer"": ""NO-NOT-SIMILAR"",
 ""explanation"": ""The two code snippets solve fundamentally different problems. Code Snippet 1 implements a specific matrix multiplication and exponentiation algorithm with a focus on handling negative numbers and a predefined matrix. Code Snippet 2 reads input from files, defines a function `_operate` that generates a list based on input parameters, and writes the result to another file. The logic and purpose of the two codes are distinct.""
}
```",293
2015_0_3,103585,2014_3_1,138308,NON-CLONE,2026-07-16 12:15:32,"```json
{
 ""answer"": ""NO-NOT-SIMILAR"",
 ""explanation"": ""The two code snippets solve fundamentally different problems. The Python code snippet appears to be designed for a specific task involving the manipulation of strings and numbers based on a predefined table, with a focus on bitwise operations and conditional logic. The C++ code snippet, on the other hand, implements a Euclidean algorithm for finding the greatest common divisor (GCD) of two numbers.""
}
```",294
2015_0_3,103774,2013_0_3,89287,NON-CLONE,2026-07-16 12:15:35,"```json
{
 ""answer"": ""NO-NOT-SIMILAR"",
 ""explanation"": ""The two code snippets have completely different functionalities. The first snippet appears to be solving a problem related to matrix operations and element-wise calculations using a specific set of rules. The second snippet is solving a problem about generating and counting palindromic squares within a given range. The algorithms, data structures, and logic used in each snippet are distinct.""
}
```",295
2015_0_3,72742,2013_0_3,89287,NON-CLONE,2026-07-16 12:15:38,"```json
{
 ""answer"": ""NO-NOT-SIMILAR"",
 ""explanation"": ""The two code snippets solve fundamentally different problems. The first snippet implements a system for reading and writing data from/to files, parsing strings, and performing quaternion operations to check the legality of a given string based on specific rules. The second snippet reads input, generates a sequence of numbers based on a specific algorithm, and checks if those numbers are palindromes within a given range. The algorithms, input/output methods, and problem domains are completely distinct.""
}
```",296
2015_0_3,19800,2016_1_1,22113,NON-CLONE,2026-07-16 12:15:41,"```json
{
 ""answer"": ""NO-NOT-SIMILAR"",
 ""explanation"": ""The two code snippets have completely different functionalities. The PHP code snippet implements an algorithm to multiply strings based on specific rules, while the Java code snippet reads input lines, processes them to form a new string, and prints the result based on certain conditions. They do not share any common logic or algorithm.""
}
```",297
2015_0_3,102323,2016_0_1,76319,NON-CLONE,2026-07-16 12:15:44,"```json
{
 ""answer"": ""NO-NOT-SIMILAR"",
 ""explanation"": ""The two code snippets have completely different syntax, languages (PHP vs Java), and overall structures. The PHP code processes a specific input format (a text file with numerical data) and manipulates strings based on certain rules, while the Java code reads from a file, processes the data, and writes results to another file. The logic and algorithms used in each code are also distinct.""
}
```",298
2015_0_3,18309,2016_1_1,15819,NON-CLONE,2026-07-16 12:15:47,"```json
{
  ""answer"": ""NO-NOT-SIMILAR"",
  ""explanation"": ""The two code snippets serve different purposes. The first snippet is a PHP script that performs a specific mathematical operation on a string to determine if it can reach the value -1 through a series of multiplications. The second snippet is a Java class that reads input lines, processes each line to extract the last word, and writes the result to an output file. They have entirely different functionalities and do not share any common logic or algorithm.""
}
```",299
2015_0_4,86262,2016_0_4,80717,NON-CLONE,2026-07-16 12:15:50,"```json
{
  ""answer"": ""NO-NOT-SIMILAR"",
  ""explanation"": ""The two code snippets solve different problems. The first snippet determines if it is possible to arrange objects in a grid given dimensions X, R, and C, while the second snippet generates a specific output for each test case based on input dimensions, focusing on creating a list of positions for objects within a grid. Their algorithms, logic, and output formats differ significantly.""
}
```",300
2015_0_4,30398,2016_1_2,26565,NON-CLONE,2026-07-16 12:15:53,"```json
{
 ""answer"": ""NO-NOT-SIMILAR"",
 ""explanation"": ""The two code snippets have fundamentally different purposes and approaches. The first code snippet determines the winner of a game based on dimensions of a grid and various conditions related to the size of the grid and the player's score. The second code snippet reads a set of numbers, counts their occurrences, and prints the unique numbers with odd counts. The logic, algorithms, and output formats are completely different.""
}
```",301
2015_0_4,29877,2013_0_2,122219,NON-CLONE,2026-07-16 12:15:56,"```json
{
 ""answer"": ""YES-SIMILAR"",
 ""explanation"": ""Both code snippets solve the same problem: determining if a
 given board configuration allows a player (Richard or Gabriel) to win. They
 achieve this by checking if a specific condition is met based on the
 dimensions of the board and the values of its cells. The core logic and
 overall flow of both programs are nearly identical, despite the
 differences in syntax and language.""
}
```",302
2015_0_4,63026,2013_0_3,92037,NON-CLONE,2026-07-16 12:15:59,"```json
{
 ""answer"": ""NO-NOT-SIMILAR"",
 ""explanation"": ""The two code snippets have different purposes and programming languages, which makes them not functionally similar. The C++ code reads input from a file, processes it, and writes results to another file, focusing on finding specific cases based on conditions related to numbers and their properties. The PHP code, on the other hand, generates a list of perfect squares up to a certain limit, reads input lines, and uses these squares to count how many fall within a given interval. Their logic, input/output sources, and target outcomes are distinct.""",303
2015_0_4,86932,2013_0_2,71957,NON-CLONE,2026-07-16 12:16:02,"```json
{
  ""answer"": ""NO-NOT-SIMILAR"",
  ""explanation"": ""The two code snippets solve different problems. The first snippet checks if a given set of dimensions (X, R, C) meets a specific condition related to the Richard matrix problem. The second snippet reads a grid of numbers, finds the maximum value in each row and column, and checks if the maximum values in rows and columns adhere to certain constraints.""
}
```",304
2015_0_4,60776,2016_0_4,158305,NON-CLONE,2026-07-16 12:16:05,"```json
{
 ""answer"": ""NO-NOT-SIMILAR"",
 ""explanation"": ""The two code snippets solve fundamentally different problems. Code Snippet 1 determines if a given product of row and column dimensions (r*c) meets certain conditions to return 'GABRIEL' or 'RICHARD'. Code Snippet 2 calculates a set of guesses required to find a specific value (K) within a given number of attempts (S) and prints them out.""
}
```",305
2015_0_4,57828,2015_1_1,111866,NON-CLONE,2026-07-16 12:16:08,"```json
{
 ""answer"": ""NO-NOT-SIMILAR"",
 ""explanation"": ""The two code snippets solve fundamentally different problems. The Python code determines if a given set of coordinates (X, R, C) meets certain conditions and returns 'RICHARD' or 'GABRIEL' based on those conditions. The C++ code calculates the sum of consecutive differences in an array of numbers and outputs two values: one for the sum of positive differences and one for the sum of non-negative differences.""
}
```",306
2015_0_4,94256,2013_1_1,42047,NON-CLONE,2026-07-16 12:16:11,"```json
{
 ""answer"": ""NO-NOT-SIMILAR"",
 ""explanation"": ""The two code snippets solve different problems. The Python code determines if a given `x`, `r`, and `c` form a valid arrangement in a grid, while the Java code appears to find a specific number `marked` that satisfies a different mathematical condition involving `r` and `t`. The logic, algorithms, and output formats are also different.""
}
```",307
2015_0_4,74018,2015_0_2,91000,NON-CLONE,2026-07-16 12:16:14,"```json
{
 ""answer"": ""NO-NOT-SIMILAR"",
 ""explanation"": ""The two code snippets have completely different functionalities. The first snippet implements a problem where it checks if a given set of dimensions (X, R, C) meets specific criteria to return 'RICHARD' or 'GABRIEL'. The second snippet solves a different problem: it reads a list of integers (representing the number of pancakes each diner ordered), sorts them, and calculates the minimum number of flips required to make all pancakes the same size for each possible stack size.""
}
```",308
2015_0_4,68310,2014_3_1,134611,NON-CLONE,2026-07-16 12:16:17,"```json
{
 ""answer"": ""NO-NOT-SIMILAR"",
 ""explanation"": ""The two code snippets have completely different functionalities. The first code snippet appears to be solving a specific puzzle involving 'Richard' and 'Gabriel' omino shapes, while the second snippet implements a mathematical function to solve a problem related to the greatest common divisor (GCD) and powers of two.""
}
```",309
2015_0_4,19708,2014_3_1,138308,NON-CLONE,2026-07-16 12:16:20,"```json
{
  ""answer"": ""NO-NOT-SIMILAR"",
  ""explanation"": ""The two code snippets solve fundamentally different problems. The first snippet implements a solution to the Google Code Jam problem, determining if Richard or Gabriel will win based on specific conditions related to the dimensions and properties of a grid. The second snippet calculates the number of divisions required to reduce two numbers to their greatest common divisor (GCD) by successive division by 2, a mathematical algorithm unrelated to the first snippet's logic.""
}
```",310
2015_0_4,78114,2016_1_1,3308,NON-CLONE,2026-07-16 12:16:23,"```json
{
 ""answer"": ""NO-NOT-SIMILAR"",
 ""explanation"": ""The two code snippets serve different purposes. The first snippet is a PHP script that reads input cases, performs calculations based on the input, and outputs the winner of a game based on certain conditions. The second snippet is a Python script that reads text from a file, processes each line to find the last word, and writes the result to another file. Their logic, input/output formats, and programming languages differ significantly.""
}
```",311
2015_1_1,112276,2013_1_1,31779,NON-CLONE,2026-07-16 12:16:27,"```json
{
 ""answer"": ""YES-SIMILAR"",
 ""explanation"": ""Both code snippets solve a problem related to finding the maximum number of intervals that can be covered by a given sum constraint. They both take input in the form of interval data and output the count of intervals that satisfy the constraint. The core logic involves: 1. Reading input, 2. Calculating a sum based on the intervals, 3. Using a binary search-like approach to find the maximum number of intervals that meet the sum constraint, 4. Printing the result.""
}
```",312
2015_1_1,118030,2016_1_1,15421,NON-CLONE,2026-07-16 12:16:30,"```json
{
  ""answer"": ""NO-NOT-SIMILAR"",
  ""explanation"": ""The two code snippets have completely different functionalities. The first snippet is written in Java and calculates the total number of mushrooms eaten in two different scenarios: one where mushrooms are eaten at varying rates throughout, and another where they are eaten at a constant rate between each iteration. The second snippet, written in C++, reads a string and constructs a new string by keeping the smallest character from each previous character, ensuring the resulting string is lexicographically smallest.""
}
```",313
2015_1_1,112898,2014_3_1,134611,NON-CLONE,2026-07-16 12:16:32,"```json
{
 ""answer"": ""NO-NOT-SIMILAR"",
 ""explanation"": ""The two code snippets solve fundamentally different problems. The first code snippet calculates the sum of the differences between consecutive elements in an array, while the second snippet determines if it's possible to reach a given number of divisions of two numbers using only powers of 2.""
}
```",314
2015_1_1,111086,2015_0_2,55775,NON-CLONE,2026-07-16 12:16:35,"```json
{
 ""answer"": ""NO-NOT-SIMILAR"",
 ""explanation"": ""The two code snippets solve different problems. The C++ code implements an algorithm to calculate the total number of pancakes that can be flipped in a stack of pancakes with alternating size differences, while the PHP code implements a different algorithm to find the minimum number of flips needed to reach a target height for a stack of pancakes.""
}
```",315
2015_1_1,122263,2016_1_2,26561,NON-CLONE,2026-07-16 12:16:38,"```json
{
  ""answer"": ""YES-SIMILAR"",
  ""explanation"": ""Both code snippets solve the same problem: they read an array of numbers, count the occurrences of each number, and then calculate and print two values: the sum of the absolute differences between consecutive counts and the sum of the minimum of these differences and the current count. The overall structure, data structures used, and logic for counting and processing the numbers are nearly identical, indicating functional similarity.""
}
```",316
2015_1_1,111866,2015_0_2,91000,NON-CLONE,2026-07-16 12:16:40,"```json
{
  ""answer"": ""NO-NOT-SIMILAR"",
  ""explanation"": ""The two code snippets solve different problems. The first snippet calculates the sum of differences between adjacent elements in an array, with a specific condition for the maximum difference. The second snippet calculates the minimum number of pancakes a diner has to eat to ensure they get a whole number of each size, sorted in descending order.""
}
```",317
2015_1_1,117734,2013_0_3,59317,NON-CLONE,2026-07-16 12:16:43,"```json
{
  ""answer"": ""YES-SIMILAR"",
  ""explanation"": ""Both code snippets solve the same problem: given an array of numbers, calculate the sum of the maximum differences between consecutive elements and the sum of the minimum of the current element and the maximum difference seen so far. They achieve this using different approaches (Python iterates through the array once, while Java uses a more complex loop structure), but the overall logic and outcome are identical.""
}
```",318
2015_1_1,124602,2016_1_1,20829,NON-CLONE,2026-07-16 12:16:46,"```json
{
 ""answer"": ""NO-NOT-SIMILAR"",
 ""explanation"": ""The two code snippets solve fundamentally different problems. The Python code reads an array of numbers, identifies the maximum difference between adjacent elements, and calculates two sums: one considering all negative differences and another considering only the maximum difference. The C++ code, on the other hand, reads a string and rearranges its characters based on their frequency, forming a new string. The algorithms, input/output formats, and logic of the two codes are completely distinct.""
}
```",319
2015_1_1,111647,2013_0_3,92037,NON-CLONE,2026-07-16 12:16:49,"```json
{
 ""answer"": ""NO-NOT-SIMILAR"",
 ""explanation"": ""The two code snippets serve different purposes and use completely different programming languages (Python vs PHP). The Python code snippet provides utility functions for reading data from a file and performing simple operations, while the PHP code snippet generates a list of perfect squares and processes input lines to count them within a given range. Their logic, data structures, and output formats are also distinct.""
}
```",320
2015_1_1,122934,2013_0_2,83774,NON-CLONE,2026-07-16 12:16:52,"```json
{
 ""answer"": ""NO-NOT-SIMILAR"",
 ""explanation"": ""The two code snippets have completely different functionalities. The first snippet reads data from a file, processes it to calculate the sum of differences in consecutive counts and outputs the results for each case. The second snippet reads a 2D array of numbers, checks if the array represents a valid matrix (where each row and column contains only non-decreasing elements) and outputs 'YES' or 'NO' accordingly.""
}
```",321
2015_1_1,111264,2013_0_1,99825,NON-CLONE,2026-07-16 12:16:55,"```json
{
 ""answer"": ""NO-NOT-SIMILAR"",
 ""explanation"": ""The two code snippets have different languages (PHP and C++) and perform fundamentally different tasks. The PHP code reads input from stdin, processes it, and outputs the result of a specific function, while the C++ code reads from a file, processes a 4x4 grid of characters, and determines the winner of a game based on the grid state. The algorithms and data structures used in each code are also quite different.""
}
```",322
2015_1_1,121770,2013_0_3,53348,NON-CLONE,2026-07-16 12:16:58,"```json
{
 ""answer"": ""YES-SIMILAR"",
 ""explanation"": ""Both code snippets solve the same problem: calculating the number of palindromic integers within a given range. They use similar logic to iterate through a list of mushroom counts, track eaten mushrooms, and output the results in a specific format. The core algorithm and overall structure are nearly identical.""
}
```",323
2016_0_1,76319,2015_0_1,25955,NON-CLONE,2026-07-16 12:17:01,"```json
{
 ""answer"": ""NO-NOT-SIMILAR"",
 ""explanation"": ""The two code snippets have completely different purposes and programming languages. The first snippet is a Java program that reads input from a file, performs a specific mathematical operation on a number, and writes the result to another file. The second snippet is a PHP script that reads input data from a file, parses it, and calculates a 'shy level' based on the data, then outputs the results to a file. The algorithms, data structures, and overall logic are fundamentally different.""
}
```",324
2016_0_1,117099,2014_2_1,118754,NON-CLONE,2026-07-16 12:17:04,"```json
{
 ""answer"": ""YES-SIMILAR"",
 ""explanation"": ""Both code snippets solve the same problem: given a series of strings, determine the minimum number of moves required to make all strings unique. The algorithms used in both snippets are similar: they read input, process it to build a data structure (a map in Java, an array in PHP) that tracks character frequencies, and then use this structure to calculate and output the minimum number of moves needed to make the strings unique.""
}
```",325
2016_0_1,100898,2016_0_4,142083,NON-CLONE,2026-07-16 12:17:07,"```json
{
 ""answer"": ""NO-NOT-SIMILAR"",
 ""explanation"": ""The two code snippets have different objectives. The first Java code snippet appears to be solving a specific problem involving a loop and bitwise operations on a number, printing 'INSOMNIA' or the difference between two numbers based on whether a certain condition is met. The second Python code snippet is reading input from files, performing a different algorithm (_operate) on the input, and writing the results to another file. The algorithms and overall logic are distinct.""
}
```",326
2016_0_1,65647,2016_1_2,21265,NON-CLONE,2026-07-16 12:17:11,"```json
{
 ""answer"": ""NO-NOT-SIMILAR"",
 ""explanation"": ""The two code snippets solve fundamentally different problems. The C++ code processes a single number `i` by breaking it down into its digits, counting the number of unique digits, and checking if the sum of the digits reaches or exceeds 100. The PHP code reads an input file containing lines with soldier names and their counts, forming 'squads' where each soldier appears an odd number of times, and then outputs the names of soldiers who are missing from each squad.""
}
```",327
2016_0_1,134225,2016_1_2,22155,NON-CLONE,2026-07-16 12:17:13,"```json
{
  ""answer"": ""NO-NOT-SIMILAR"",
  ""explanation"": ""The two code snippets have different programming languages (C++ and PHP) and perform different tasks. The first snippet is designed to calculate a specific bitmask from a given number, while the second snippet reads input, processes it, and outputs a list of unique odd numbers from an array.""
}
```",328
2016_0_1,143909,2015_0_1,47939,NON-CLONE,2026-07-16 12:17:16,"```json
{
 ""answer"": ""NO-NOT-SIMILAR"",
 ""explanation"": ""The two code snippets solve fundamentally different problems. The C++ code snippet calculates the minimum number of steps required to set a bitmask to all ones using a specific algorithm. The Java code snippet counts the number of times a character appears in a string and uses that to determine a standing ovation score.""
}
```",329
2016_0_1,94639,2016_0_4,135114,NON-CLONE,2026-07-16 12:17:18,"```json
{
 ""answer"": ""NO-NOT-SIMILAR"",
 ""explanation"": ""The two code snippets have fundamentally different purposes and approaches. The first snippet appears to be solving a specific problem related to counting sheep positions in a number based on its digits, while the second snippet is solving a different problem, which is generating all possible combinations of a number N using three parameters K, C, and S. They do not share a common functionality or logic flow.""
}
```",330
2016_0_1,88781,2013_0_2,71957,NON-CLONE,2026-07-16 12:17:21,"```json
{
  ""answer"": ""NO-NOT-SIMILAR"",
  ""explanation"": ""The two code snippets solve fundamentally different problems. The first snippet is designed to find a number that, when iteratively added to itself, eventually results in a number with all digits unique (as determined by a set). The second snippet checks if a given matrix of numbers adheres to specific conditions related to maximum values in rows and columns. The logic, algorithms, and output formats are distinct, indicating they are not functionally similar.""
}
```",331
2016_0_1,71388,2014_2_1,118754,NON-CLONE,2026-07-16 12:17:24,"```json
{
 ""answer"": ""YES-SIMILAR"",
 ""explanation"": ""Both code snippets solve the same problem: given a string representing a number, they aim to find the minimum number of moves required to transform it into a string consisting of unique digits. They achieve this by breaking down the input string into its constituent digits, analyzing their frequency, and determining the minimum number of moves needed to ensure uniqueness.""
}
```",332
2016_0_1,48618,2015_1_1,124602,NON-CLONE,2026-07-16 12:17:27,"```json
{
 ""answer"": ""YES-SIMILAR"",
 ""explanation"": ""Both code snippets solve the same problem: finding the sum of a specific type of series generated by repeatedly multiplying a number by itself a certain number of times (up to a maximum). They both read input cases, process each case, and print the result. Although the syntax and specific implementation details differ, the overall logic and goal are identical.""
}
```",333
2016_0_1,39027,2013_0_1,103399,NON-CLONE,2026-07-16 12:17:29,"```json
{
 ""answer"": ""NO-NOT-SIMILAR"",
 ""explanation"": ""The two code snippets have completely different syntax and programming languages (PHP and Java). They also appear to solve different problems. The PHP code reads data from a file, processes it based on specific logic, and writes the results to another file. The Java code implements a Knapsack problem solver, making decisions based on board configurations and winning conditions.""
}
```",334
2016_0_1,113708,2016_0_4,136626,NON-CLONE,2026-07-16 12:17:32,"```json
{
 ""answer"": ""NO-NOT-SIMILAR"",
 ""explanation"": ""The two code snippets solve fundamentally different problems. The first PHP code snippet appears to be solving a problem related to generating unique numbers based on a base value by iteratively removing digits from a number until a specific condition is met. The second Java code snippet appears to be solving a problem about finding possible paths in a tree or graph structure based on given parameters (branches, depth, and checks).""
}
```",335
2016_0_4,136626,2015_0_2,81081,NON-CLONE,2026-07-16 12:17:36,"```json
{
 ""answer"": ""YES-SIMILAR"",
 ""explanation"": ""Both code snippets solve the same problem: calculating the minimum number of moves required to eat all pancakes in a stack, given a maximum stack size. They achieve this by considering the maximum stack size and breaking down the problem into smaller subproblems based on possible splits of the stack. The algorithms used in both snippets are similar: they read input, calculate the maximum stack size, and then iteratively try different maximum stack sizes, counting the required moves for each, until they find the minimum.""
}
```",336
2016_0_4,125922,2016_1_1,4557,NON-CLONE,2026-07-16 12:17:39,"```json
{
 ""answer"": ""NO-NOT-SIMILAR"",
 ""explanation"": ""The two code snippets have fundamentally different purposes and structures. The Java code reads input from a file, processes it based on specific conditions, and prints output in a specific format. The PHP code appears to be a script for processing a file, possibly for text manipulation or sorting, and logs the processing time. They do not share the same logic or overall flow.""
}
```",337
2016_0_4,99642,2015_0_3,49764,NON-CLONE,2026-07-16 12:17:42,"```json
{
  ""answer"": ""YES-SIMILAR"",
  ""explanation"": ""Both code snippets solve the same problem: given an input consisting of a line count (`t`), a base number (`k`), and a power (`c`), they generate an output string representing a sequence of numbers based on these inputs. The core logic involves calculating and printing a specific pattern based on `k` and `c`, with additional conditions based on `c` and the minimum of `k` and `c`.""
}
```",338
2016_0_4,135114,2016_1_1,15819,NON-CLONE,2026-07-16 12:17:45,"```json
{
 ""answer"": ""NO-NOT-SIMILAR"",
 ""explanation"": ""The two code snippets have fundamentally different purposes. The first snippet generates a series of numbers based on given parameters K, C, and S. The second snippet reads input lines from a file, processes each line to extract the last word, and writes the result to another file. They do not share any common logic or output.""
}
```",339
2016_0_4,90060,2016_1_2,21265,NON-CLONE,2026-07-16 12:17:47,"```json
{
 ""answer"": ""NO-NOT-SIMILAR"",
 ""explanation"": ""The two code snippets have fundamentally different purposes and approaches. The C++ code snippet solves a specific problem related to distributing soldiers into teams of a fixed size (`c`) while minimizing movement, while the PHP code snippet reads input, processes it, and outputs the number of soldiers with odd counts in each team after a series of operations. They do not share a common functionality or logic flow.""
}
```",340
2016_0_4,45917,2014_2_1,128920,NON-CLONE,2026-07-16 12:17:50,"```json
{
 ""answer"": ""NO-NOT-SIMILAR"",
 ""explanation"": ""The two code snippets solve fundamentally different problems. The first snippet appears to be solving a problem related to distributing items (represented by 'k', 'c', and 's') among groups, while the second snippet appears to be solving a problem related to minimizing the sum of absolute differences between the frequency of characters in a set of strings.""
}
```",341
2016_0_4,63570,2014_3_1,138308,NON-CLONE,2026-07-16 12:17:53,"```json
{
 ""answer"": ""NO-NOT-SIMILAR"",
 ""explanation"": ""The two code snippets solve fundamentally different problems. The first snippet appears to be solving a problem related to distributing items (represented as 'K') into groups (represented by 'C' and 'S') while the second snippet is finding the number of divisions required to reduce two numbers ('P' and 'Q') to their greatest common divisor (GCD).""
}
```",342
2016_0_4,158305,2015_0_3,41900,NON-CLONE,2026-07-16 12:17:56,"```json
{
  ""answer"": ""NO-NOT-SIMILAR"",
  ""explanation"": ""The two code snippets solve different problems. The Python code calculates a sequence of numbers based on a given set of parameters (K, C, S) and checks for a specific pattern ('ij' or 'ji' in the sequence). The C++ code, on the other hand, appears to be designed for a different task, involving string manipulation and set operations, with no apparent relation to the Python code's logic.""
}
```",343
2016_0_4,142083,2015_0_1,43660,NON-CLONE,2026-07-16 12:17:59,"```json
{
 ""answer"": ""NO-NOT-SIMILAR"",
 ""explanation"": ""The two code snippets have fundamentally different structures and languages (Python vs Java), and achieve different goals. The Python code reads input, performs a specific mathematical operation based on the input, and writes the result to a file. The Java code reads input, performs a different mathematical operation based on the input, and prints the result to the console. The algorithms and logic used in each code are not the same.""
}
```",344
2016_0_4,80717,2013_0_2,91409,NON-CLONE,2026-07-16 12:18:02,"```json
{
  ""answer"": ""NO-NOT-SIMILAR"",
  ""explanation"": ""The two code snippets solve different problems. Code Snippet 1 reads an input file, processes it to generate a list of valid 'checks' for each test case based on specific mathematical rules, and writes the results to an output file. Code Snippet 2 reads an input file containing a grid of numbers, checks each cell's value against its row and column maxima, and outputs 'YES' or 'NO' based on whether the grid satisfies certain conditions. The logic, input/output formats, and core algorithms differ significantly",345
2016_0_4,139021,2013_0_2,78034,NON-CLONE,2026-07-16 12:18:06,"```json
{
 ""answer"": ""NO-NOT-SIMILAR"",
 ""explanation"": ""The two code snippets solve fundamentally different problems. The first snippet implements an algorithm to find a set of base numbers that, when combined according to specific rules, produce a given sum \(S\) in a limited number of steps. The second snippet checks if a given 2D array (representing a lawn with cells that can be either empty or contain a value) satisfies certain conditions (all cells in a row and column have the same or higher value than the maximum value in that row or column) to determine if it's a valid",346
2016_0_4,37736,2015_0_3,72742,NON-CLONE,2026-07-16 12:18:10,"```json
{
 ""answer"": ""NO-NOT-SIMILAR"",
 ""explanation"": ""The two code snippets have different programming languages (PHP and Python), structures, and algorithms. The PHP code reads input from a file, performs calculations, and writes output to a file. The Python code defines classes and functions for file input/output and problem solving, but does not directly perform the same calculation as the PHP code. The core logic for solving the problem (determining if a given string and repetition are valid according to quaternion rules) is different in both languages.""
}
```",347
2016_1_1,15819,2013_0_2,85165,NON-CLONE,2026-07-16 12:18:13,"```json
{
 ""answer"": ""NO-NOT-SIMILAR"",
 ""explanation"": ""The two code snippets have different languages (Java vs Python), different input/output methods, and different algorithms.  The Java code reads from a file, writes to a file, and processes lines of text to find the last word, while the Python code reads from stdin or a file, processes grid-like data, and attempts to find a valid 'lawn' with uniform height.  The algorithms and overall approaches are fundamentally different.""
}
```",348
2016_1_1,28201,2013_0_2,78034,NON-CLONE,2026-07-16 12:18:16,"```json
{
 ""answer"": ""YES-SIMILAR"",
 ""explanation"": ""Both code snippets solve the same problem: determining if a given grid of numbers (representing a lawn) satisfies a specific condition (all numbers in each row and column are in non-decreasing order). They achieve this by reading input, sorting the numbers in each row and column, and checking if any number violates the non-decreasing order. The overall structure, logic, and final output format are nearly identical, despite the difference in programming languages.""
}
```",349
2016_1_1,22113,2016_1_2,7956,NON-CLONE,2026-07-16 12:18:18,"```json
{
 ""answer"": ""YES-SIMILAR"",
 ""explanation"": ""Both code snippets solve the same problem: given a series of columns of numbers, find and print the numbers that appear an odd number of times. They achieve this by first counting the occurrences of each number across all columns, then identifying and sorting the numbers that appear an odd number of times, and finally printing the result.""
}
```",350
2016_1_1,15421,2016_2_1,193929,NON-CLONE,2026-07-16 12:18:21,"```json
{
  ""answer"": ""YES-SIMILAR"",
  ""explanation"": ""Both code snippets solve the same problem: given a string, they count and output the frequency of each character in the string, with a specific rule for sorting the characters based on their frequency and the order in which they appear in the string. The algorithms and logic used to achieve this are nearly identical, with only slight syntax and namespace differences between the C++ and Java implementations.""
}
```",351
2016_1_1,31768,2014_2_1,118416,NON-CLONE,2026-07-16 12:18:24,"```json
{
 ""answer"": ""NO-NOT-SIMILAR"",
 ""explanation"": ""The two code snippets have different languages (C++ and Python), syntax, data structures used, and algorithms. The first code snippet reads input strings, manipulates them, and prints the result, while the second code snippet reads input data, processes it through a complex function, and calculates a distance metric. The core logic and functionality of the two snippets are fundamentally different.""
}
```",352
2016_1_1,20829,2013_0_2,85165,NON-CLONE,2026-07-16 12:18:28,"```json
{
  ""answer"": ""NO-NOT-SIMILAR"",
  ""explanation"": ""The two code snippets have different languages (C++ and Python), different problem statements, and different algorithms. The C++ code reads input from a file, processes a string by iterating through it and rearranging characters, and writes output to a file. The Python code reads input from standard input, processes a 2D array of integers, and determines if a specific 'lawn' configuration is valid. The algorithms and overall tasks are not the same, hence they are not functionally similar.""
}
```",353
2016_1_1,3308,2016_2_1,186531,NON-CLONE,2026-07-16 12:18:31,"```json
{
 ""answer"": ""NO-NOT-SIMILAR"",
 ""explanation"": ""The two code snippets have fundamentally different structures and languages (Python vs C++), and achieve different goals. The Python code reads a file, processes each line, and writes the result to another file. The C++ code reads input from stdin, processes it in-memory, and writes the result to stdout. The logic for manipulating the input strings and determining the output is also different.""
}
```",354
2016_1_1,33316,2013_0_3,74156,NON-CLONE,2026-07-16 12:18:33,"```json
{
 ""answer"": ""NO-NOT-SIMILAR"",
 ""explanation"": ""The two code snippets have completely different functionalities. The first snippet is sorting a list of characters based on their index and then reconstructing a string, while the second snippet calculates the number of fair squares (squares of palindromes) within a given range.""
}
```",355
2016_1_1,14703,2014_3_1,140281,NON-CLONE,2026-07-16 12:18:36,"```json
{
 ""answer"": ""NO-NOT-SIMILAR"",
 ""explanation"": ""The two code snippets have completely different functionalities. The Python code implements a algorithm to find the lexicographically best string by inserting or appending characters based on their comparison. The Java code implements an algorithm to find the minimum number of multiplications of a number by 2 needed to equal a given number.""
}
```",356
2016_1_1,3735,2013_0_2,85165,NON-CLONE,2026-07-16 12:18:39,"```json
{
 ""answer"": ""NO-NOT-SIMILAR"",
 ""explanation"": ""While both code snippets appear to solve a problem related to processing input data, they do so in fundamentally different ways. The PHP code processes text input line by line, manipulating strings to find the minimum and maximum values in each line and adjusting all values to match the minimum. The Python code reads input differently, processes it in a grid-like structure (represented as a 2D list), and uses a different algorithm to check for a valid arrangement where all cells have the same minimum height.""
}
```",357
2016_1_1,18665,2013_0_2,85165,NON-CLONE,2026-07-16 12:18:42,"```json
{
 ""answer"": ""YES-SIMILAR"",
 ""explanation"": ""Both code snippets implement an algorithm that reads input data (a grid of numbers), iterates through it, and modifies the grid such that each cell contains the minimum value from its current value and the minimum value from its neighbours. The overall goal is to make all cells in the grid equal. The algorithms use similar logic for finding and updating the minimum value, even though the syntax and specific implementation details differ due to the language difference.""
}
```",358
2016_1_1,4557,2015_0_1,106809,NON-CLONE,2026-07-16 12:18:46,"```json
{
 ""answer"": ""NO-NOT-SIMILAR"",
 ""explanation"": ""The two code snippets have completely different functionalities. Code Snippet 1 reads input from two files, processes each line, and writes the processed output to another file, involving string manipulation and file I/O operations. Code Snippet 2 reads input as a single string, parses it into parts, and calculates a 'need' value based on specific conditions within a loop, without any file handling or string manipulation similar to the first snippet.""
}
```",359
2016_1_2,23627,2016_0_1,88781,NON-CLONE,2026-07-16 12:18:48,"```json
{
 ""answer"": ""NO-NOT-SIMILAR"",
 ""explanation"": ""The two code snippets have different languages (Java vs Python), different problem domains (counting file occurrences vs finding unique digits of a number), and different algorithms.  Despite these differences, they both read input, process it, and print a result for each test case.""
}
```",360
2016_1_2,26561,2013_1_1,37029,NON-CLONE,2026-07-16 12:18:51,"```json
{
 ""answer"": ""NO-NOT-SIMILAR"",
 ""explanation"": ""The two code snippets have completely different purposes and structures. The first snippet is a Java program that reads input, processes it, and prints a list of missing numbers based on their frequency. The second snippet is a Python script that solves a specific mathematical problem (finding the number of rings needed to paint a circle) by iterating through a range of values and checking if a given amount of paint can cover a circle of a given radius.""
}
```",361
2016_1_2,21848,2015_0_2,96440,NON-CLONE,2026-07-16 12:18:54,"```json
{
 ""answer"": ""NO-NOT-SIMILAR"",
 ""explanation"": ""The two code snippets solve different problems. The first code snippet reads input data, identifies unique heights, and outputs the heights of people who are taller than the average height in each case. The second code snippet reads a list of integers, finds the best division of the list into groups such that the sum of elements in each group is minimized.""
}
```",362
2016_1_2,7905,2013_0_2,44471,NON-CLONE,2026-07-16 12:18:57,"```json
{
  ""answer"": ""NO-NOT-SIMILAR"",
  ""explanation"": ""The two code snippets have different functionalities. The first snippet reads an array of integers, performs a bitwise XOR operation on them, and prints the result. The second snippet reads a 2D array of integers, checks if a specific value appears in each row and column, and determines if it's possible to arrange the array in a specific pattern. The algorithms, input formats, and output generation are completely different.""
}
```",363
2016_1_2,22827,2013_0_3,74156,NON-CLONE,2026-07-16 12:19:00,"```json
{
 ""answer"": ""NO-NOT-SIMILAR"",
 ""explanation"": ""The two code snippets have different objectives. The first snippet reads a series of numbers, groups them, counts the odd occurrences of specific numbers, and prints the results. The second snippet reads a range of numbers from a file, calculates the count of fair squares within that range, and writes the result to another file. The algorithms, data structures, and output formats are also different.""
}
```",364
2016_1_2,26565,2016_0_1,113708,NON-CLONE,2026-07-16 12:19:02,"```json
{
 ""answer"": ""NO-NOT-SIMILAR"",
 ""explanation"": ""The two code snippets have completely different functionalities. The C++ code reads a series of numbers, counts their occurrences, and identifies and prints unique odd numbers. The PHP code generates numbers based on a base input and iterates through them, printing each case result. Their algorithms, data structures, and overall logic differ significantly.""
}
```",365
2016_1_2,30453,2016_2_1,193717,NON-CLONE,2026-07-16 12:19:05,"```json
{
 ""answer"": ""NO-NOT-SIMILAR"",
 ""explanation"": ""The two code snippets serve different purposes. The first is a Python function that sorts a list of lists of integers, finding and returning the odd numbers from each inner list. The second is a PHP script that processes a string, counting the occurrences of each character and then printing out a specific string based on the counts of certain characters.  The algorithms, input types, and output formats are completely different.""
}
```",366
2016_1_2,14745,2015_0_3,18309,NON-CLONE,2026-07-16 12:19:09,"```json
{
 ""answer"": ""NO-NOT-SIMILAR"",
 ""explanation"": ""The two code snippets solve different problems. The Python code reads input, processes it to count the frequency of each element in a list of lists, and then prints the result as a string. The PHP code defines a set of functions to manipulate and transform a single string, aiming to reach a specific outcome (-1) through a series of multiplications of specific values. The logic, input/output, and overall purpose of the two snippets are fundamentally different.""
}
```",367
2016_1_2,7956,2015_0_2,96440,NON-CLONE,2026-07-16 12:19:11,"```json
{
 ""answer"": ""NO-NOT-SIMILAR"",
 ""explanation"": ""The two code snippets solve different problems. The Python code counts the number of odd occurrences of each number in a set of 2D arrays and prints the result. The C++ code finds the minimum number of operations required to reduce a set of numbers to zero using division and remainder operations.""
}
```",368
2016_1_2,22155,2014_3_1,139370,NON-CLONE,2026-07-16 12:19:14,"```json
{
 ""answer"": ""NO-NOT-SIMILAR"",
 ""explanation"": ""The two code snippets solve different problems. Code Snippet 1 reads input from STDIN, processes it to count the number of unique odd numbers within pairs of numbers, and outputs those odd numbers. Code Snippet 2 appears to solve a different problem related to finding the minimum number of divisions required to reduce a number P to 1 using another number Q, with specific constraints on the form of P and Q.""
}
```",369
2016_1_2,21265,2015_0_3,72742,NON-CLONE,2026-07-16 12:19:17,"```json
{
 ""answer"": ""NO-NOT-SIMILAR"",
 ""explanation"": ""The two code snippets have different programming languages (PHP and Python), syntax, data structures, and algorithms. The PHP code reads input from a file, processes it, and writes output to a file. The Python code defines classes and uses object-oriented programming to solve a different problem: determining if a given string and repetition are valid according to specific quaternion rules.""
}
```",370
2016_1_2,19133,2015_0_1,86599,NON-CLONE,2026-07-16 12:19:20,"```json
{
 ""answer"": ""YES-SIMILAR"",
 ""explanation"": ""Both code snippets solve the same problem: they process a line-by-line input of numbers and identify elements that appear an odd number of times. They use similar data structures (arrays/lists) to track the count of elements and output the results for each case.""
}
```",371
2016_2_1,201276,2015_0_2,81081,NON-CLONE,2026-07-16 12:19:23,"```json
{
 ""answer"": ""NO-NOT-SIMILAR"",
 ""explanation"": ""The two code snippets solve different problems. The Java code appears to be solving a problem related to manipulating strings and numbers (possibly a coding challenge), while the Python code is designed for efficient problem solving using memoization and numerical analysis techniques, as indicated by the use of NumPy and the `@memoize` decorator. The algorithms and logic in each code snippet are fundamentally different.""
}
```",372
2016_2_1,180026,2016_0_1,143909,NON-CLONE,2026-07-16 12:19:26,"```json
{
 ""answer"": ""NO-NOT-SIMILAR"",
 ""explanation"": ""The two code snippets solve fundamentally different problems. The first code snippet reads a string, counts the frequency of each character, and then constructs a number from those counts, printing the result. The second code snippet reads an integer, iteratively adds 10 to it until a specific condition is met, and prints the result. The logic and overall approach of the two snippets are completely different.""
}
```",373
2016_2_1,193929,2013_1_1,34507,NON-CLONE,2026-07-16 12:19:29,"```json
{
 ""answer"": ""NO-NOT-SIMILAR"",
 ""explanation"": ""The two code snippets solve the same problem (counting the number of occurrences of each letter in a string, and then printing the result in a specific order), but they do so with fundamentally different algorithms and approaches. \n\n* **Snippet 1** uses a hashmap to count the occurrences of each letter and then iterates through the string multiple times, processing each character based on its count and updating the hashmap accordingly. \n\n* **Snippet 2** uses a recursive binary search-like approach to",374
2016_2_1,194349,2015_0_3,103774,NON-CLONE,2026-07-16 12:19:33,"```json
{
 ""answer"": ""NO-NOT-SIMILAR"",
 ""explanation"": ""The two code snippets have different languages (C++ and Python), structures, and functionalities. The C++ code reads input, performs string manipulation, and outputs a result based on specific logic involving letter counts and mathematical operations. The Python code appears to be a more general problem-solving framework with functions for input/output, pre-processing, and logic operations, but lacks the specific string manipulation and output logic of the C++ code.""
}
```",375
2016_2_1,186531,2016_1_1,15819,NON-CLONE,2026-07-16 12:19:36,"```json
{
  ""answer"": ""NO-NOT-SIMILAR"",
  ""explanation"": ""The two code snippets serve different purposes. The first snippet is designed to process a string of characters and count the occurrences of each letter (A-Z) and then print the resulting counts for each letter based on specific rules. The second snippet reads a list of strings from a file, processes each string to extract the last word, and writes the result to another file. The algorithms, data structures, and overall logic of the two snippets are completely different.""
}
```",376
2016_2_1,179503,2015_0_3,18309,NON-CLONE,2026-07-16 12:19:40,"```json
{
  ""answer"": ""NO-NOT-SIMILAR"",
  ""explanation"": ""The two code snippets have different programming languages (C++ and PHP), syntax, and overall approach to solving the problem. The C++ code uses a loop to count the frequency of characters in a string and performs specific operations on them, while the PHP code uses an array-based approach with custom functions for multiplication and state tracking. The logic and steps taken to process the input and produce the output are fundamentally different, indicating that the code snippets are not functionally similar.""
}
```",377
2016_2_1,185295,2013_0_3,108834,NON-CLONE,2026-07-16 12:19:43,"```json
{
  ""answer"": ""YES-SIMILAR"",
  ""explanation"": ""Both code snippets solve the same problem: given a range of numbers, find the count of unique permutations of letters in the strings representing those numbers that can be formed within that range. They achieve this by first counting the occurrences of each letter in the input strings, then using these counts to construct the output strings. The main differences are in the syntax and specific implementation details, but the overall logic and steps taken to accomplish the task are identical.""
}
```",378
2016_2_1,196651,2013_0_1,126886,NON-CLONE,2026-07-16 12:19:46,"```json
{
 ""answer"": ""YES-SIMILAR"",
 ""explanation"": ""Both code snippets implement a program that reads a series of Tic-Tac-Toe boards from input, determines the winner (X or O) or if the game is a draw, and prints the result for each case.""
}
```",379
2016_2_1,182378,2016_1_1,15819,NON-CLONE,2026-07-16 12:19:48,"```json
{
 ""answer"": ""YES-SIMILAR"",
 ""explanation"": ""Both code snippets solve the same problem: they read a file containing multiple test cases, process each test case to extract the 'last word' of a given string, and write the results to a new file. The core logic for processing the string (removing specific characters based on their order) is nearly identical, albeit implemented in different languages and with some syntax differences.""
}
```",380
2016_2_1,198100,2013_0_3,51164,NON-CLONE,2026-07-16 12:19:52,"```json
{
 ""answer"": ""NO-NOT-SIMILAR"",
 ""explanation"": ""The two code snippets have completely different purposes and structures. The first snippet implements a solution to the 'Fractiles' problem from Google Code Jam 2016, reading input from a file, processing each test case, and writing the output to another file. The second snippet generates a list of perfect squares that are palindromes within a given range and then reads input from a file containing test cases, iterating through the list to count how many perfect squares fall within each test case's range.""
}
```",381
2016_2_1,193717,2013_0_3,108834,NON-CLONE,2026-07-16 12:19:55,"```json
{
  ""answer"": ""YES-SIMILAR"",
  ""explanation"": ""Both code snippets solve the same problem: given a range of numbers, find the number of palindromic numbers within that range that are the square of another number. They achieve this by iterating through the range, checking if each number is a palindrome and a perfect square, and accumulating the count. The main differences are in syntax and the specific implementation details, but the overall algorithm and purpose remain the same.""
}
```",382
2016_2_1,200006,2015_0_1,47939,NON-CLONE,2026-07-16 12:19:58,"```json
{
  ""answer"": ""NO-NOT-SIMILAR"",
  ""explanation"": ""The two code snippets have fundamentally different approaches to solving the same problem. The PHP code processes input strings, counts character occurrences, and constructs an output string based on specific rules for each character. The Java code reads input, iterates through it, and counts the number of times it needs to increment a counter to reach each position in the input, printing the total count.""
}
```",383
